graph_index,Graph,Adjacency_list,a,d,APG_label_availability,Vertex_labels,Edge_labels,Gurobi_runtime
0.0,Graph with 14 nodes and 44 edges,"[[0, 0, 1, 0, 1, 0, 0, 0, 1, 0, 1, 0, 1, 0], [0, 0, 0, 0, 1, 1, 0, 0, 1, 1, 0, 1, 0, 1], [1, 0, 0, 1, 0, 1, 1, 0, 0, 1, 0, 1, 1, 1], [0, 0, 1, 0, 0, 1, 0, 0, 0, 1, 1, 0, 0, 1], [1, 1, 0, 0, 0, 1, 0, 0, 1, 0, 1, 1, 0, 1], [0, 1, 1, 1, 1, 0, 1, 1, 1, 0, 0, 0, 1, 1], [0, 0, 1, 0, 0, 1, 0, 0, 0, 0, 1, 1, 0, 1], [0, 0, 0, 0, 0, 1, 0, 0, 0, 1, 0, 0, 1, 0], [1, 1, 0, 0, 1, 1, 0, 0, 0, 0, 1, 0, 1, 0], [0, 1, 1, 1, 0, 0, 0, 1, 0, 0, 0, 1, 0, 0], [1, 0, 0, 1, 1, 0, 1, 0, 1, 0, 0, 1, 0, 1], [0, 1, 1, 0, 1, 0, 1, 0, 0, 1, 1, 0, 1, 1], [1, 0, 1, 0, 0, 1, 0, 1, 1, 0, 0, 1, 0, 0], [0, 1, 1, 1, 1, 1, 1, 0, 0, 0, 1, 1, 0, 0]]",4.0,4.0,Y,"{0: 8, 1: 56, 2: 52, 3: 48, 4: 44, 5: 12, 6: 40, 7: 4, 8: 36, 9: 32, 10: 28, 11: 24, 12: 20, 13: 16}","{(0, 2): 1, (0, 4): 1, (0, 8): 4, (0, 10): 1, (0, 12): 1, (1, 4): 18, (1, 5): 1, (1, 8): 10, (1, 9): 25, (1, 11): 1, (1, 13): 1, (2, 3): 10, (2, 5): 1, (2, 6): 36, (2, 9): 1, (2, 11): 1, (2, 12): 1, (2, 13): 1, (3, 5): 3, (3, 9): 4, (3, 10): 22, (3, 13): 9, (4, 5): 1, (4, 8): 5, (4, 10): 1, (4, 11): 17, (4, 13): 1, (5, 6): 1, (5, 7): 2, (5, 8): 1, (5, 12): 1, (5, 13): 1, (6, 10): 1, (6, 11): 1, (6, 13): 1, (7, 9): 1, (7, 12): 1, (8, 10): 1, (8, 12): 15, (9, 11): 1, (10, 11): 1, (10, 13): 1, (11, 12): 1, (11, 13): 1}",2600.0000000294676
3.0,Graph with 14 nodes and 48 edges,"[[0, 1, 0, 0, 1, 1, 0, 0, 1, 1, 1, 0, 1, 1], [1, 0, 0, 0, 1, 1, 0, 0, 0, 0, 0, 0, 1, 0], [0, 0, 0, 1, 0, 1, 1, 0, 1, 1, 0, 0, 1, 0], [0, 0, 1, 0, 0, 1, 0, 1, 0, 0, 0, 0, 1, 1], [1, 1, 0, 0, 0, 0, 1, 0, 0, 1, 1, 1, 1, 0], [1, 1, 1, 1, 0, 0, 0, 1, 1, 0, 1, 1, 0, 0], [0, 0, 1, 0, 1, 0, 0, 1, 0, 1, 1, 1, 1, 0], [0, 0, 0, 1, 0, 1, 1, 0, 1, 1, 1, 0, 1, 1], [1, 0, 1, 0, 0, 1, 0, 1, 0, 1, 1, 1, 0, 1], [1, 0, 1, 0, 1, 0, 1, 1, 1, 0, 1, 0, 1, 0], [1, 0, 0, 0, 1, 1, 1, 1, 1, 1, 0, 0, 1, 0], [0, 0, 0, 0, 1, 1, 1, 0, 1, 0, 0, 0, 0, 0], [1, 1, 1, 1, 1, 0, 1, 1, 0, 1, 1, 0, 0, 1], [1, 0, 0, 1, 0, 0, 0, 1, 1, 0, 0, 0, 1, 0]]",4.0,5.0,Y,"{0: 9, 1: 4, 2: 69, 3: 64, 4: 59, 5: 54, 6: 49, 7: 44, 8: 39, 9: 34, 10: 29, 11: 24, 12: 19, 13: 14}","{(0, 1): 1, (0, 4): 1, (0, 5): 1, (0, 8): 1, (0, 9): 1, (0, 10): 1, (0, 12): 2, (0, 13): 1, (1, 4): 1, (1, 5): 1, (1, 12): 1, (2, 3): 24, (2, 5): 1, (2, 6): 33, (2, 8): 1, (2, 9): 1, (2, 12): 8, (3, 5): 1, (3, 7): 37, (3, 12): 1, (3, 13): 1, (4, 6): 10, (4, 9): 27, (4, 10): 1, (4, 11): 18, (4, 12): 1, (5, 7): 1, (5, 8): 23, (5, 10): 22, (5, 11): 4, (6, 7): 1, (6, 9): 1, (6, 10): 1, (6, 11): 1, (6, 12): 1, (7, 8): 1, (7, 9): 1, (7, 10): 1, (7, 12): 1, (7, 13): 1, (8, 9): 1, (8, 10): 1, (8, 11): 1, (8, 13): 10, (9, 10): 1, (9, 12): 1, (10, 12): 1, (12, 13): 1}",2379.000000019005
3.0,Graph with 14 nodes and 48 edges,"[[0, 1, 0, 0, 1, 1, 0, 0, 1, 1, 1, 0, 1, 1], [1, 0, 0, 0, 1, 1, 0, 0, 0, 0, 0, 0, 1, 0], [0, 0, 0, 1, 0, 1, 1, 0, 1, 1, 0, 0, 1, 0], [0, 0, 1, 0, 0, 1, 0, 1, 0, 0, 0, 0, 1, 1], [1, 1, 0, 0, 0, 0, 1, 0, 0, 1, 1, 1, 1, 0], [1, 1, 1, 1, 0, 0, 0, 1, 1, 0, 1, 1, 0, 0], [0, 0, 1, 0, 1, 0, 0, 1, 0, 1, 1, 1, 1, 0], [0, 0, 0, 1, 0, 1, 1, 0, 1, 1, 1, 0, 1, 1], [1, 0, 1, 0, 0, 1, 0, 1, 0, 1, 1, 1, 0, 1], [1, 0, 1, 0, 1, 0, 1, 1, 1, 0, 1, 0, 1, 0], [1, 0, 0, 0, 1, 1, 1, 1, 1, 1, 0, 0, 1, 0], [0, 0, 0, 0, 1, 1, 1, 0, 1, 0, 0, 0, 0, 0], [1, 1, 1, 1, 1, 0, 1, 1, 0, 1, 1, 0, 0, 1], [1, 0, 0, 1, 0, 0, 0, 1, 1, 0, 0, 0, 1, 0]]",4.0,6.0,Y,"{0: 10, 1: 4, 2: 82, 3: 76, 4: 70, 5: 64, 6: 58, 7: 52, 8: 46, 9: 40, 10: 34, 11: 28, 12: 22, 13: 16}","{(0, 1): 1, (0, 4): 1, (0, 5): 3, (0, 8): 1, (0, 9): 1, (0, 10): 1, (0, 12): 1, (0, 13): 1, (1, 4): 1, (1, 5): 1, (1, 12): 1, (2, 3): 68, (2, 5): 1, (2, 6): 1, (2, 8): 1, (2, 9): 9, (2, 12): 1, (3, 5): 4, (3, 7): 1, (3, 12): 1, (3, 13): 1, (4, 6): 52, (4, 9): 13, (4, 10): 1, (4, 11): 1, (4, 12): 1, (5, 7): 1, (5, 8): 1, (5, 10): 27, (5, 11): 25, (6, 7): 1, (6, 9): 1, (6, 10): 1, (6, 11): 1, (6, 12): 1, (7, 8): 36, (7, 9): 1, (7, 10): 1, (7, 12): 1, (7, 13): 9, (8, 9): 1, (8, 10): 1, (8, 11): 1, (8, 13): 3, (9, 10): 1, (9, 12): 13, (10, 12): 1, (12, 13): 1}",2394.000000037977
4.0,Graph with 14 nodes and 38 edges,"[[0, 0, 1, 1, 1, 0, 1, 0, 1, 1, 0, 1, 0, 1], [0, 0, 0, 0, 1, 0, 0, 0, 1, 0, 0, 1, 0, 1], [1, 0, 0, 1, 0, 0, 1, 1, 0, 0, 1, 1, 0, 0], [1, 0, 1, 0, 1, 1, 0, 1, 1, 0, 0, 1, 0, 0], [1, 1, 0, 1, 0, 0, 1, 0, 0, 0, 0, 0, 0, 0], [0, 0, 0, 1, 0, 0, 1, 1, 1, 1, 1, 0, 0, 0], [1, 0, 1, 0, 1, 1, 0, 0, 0, 1, 1, 0, 1, 0], [0, 0, 1, 1, 0, 1, 0, 0, 0, 0, 0, 0, 0, 0], [1, 1, 0, 1, 0, 1, 0, 0, 0, 0, 0, 0, 0, 1], [1, 0, 0, 0, 0, 1, 1, 0, 0, 0, 1, 1, 0, 0], [0, 0, 1, 0, 0, 1, 1, 0, 0, 1, 0, 0, 1, 1], [1, 1, 1, 1, 0, 0, 0, 0, 0, 1, 0, 0, 1, 1], [0, 0, 0, 0, 0, 0, 1, 0, 0, 0, 1, 1, 0, 0], [1, 1, 0, 0, 0, 0, 0, 0, 1, 0, 1, 1, 0, 0]]",3.0,6.0,Y,"{0: 9, 1: 81, 2: 75, 3: 69, 4: 63, 5: 57, 6: 51, 7: 3, 8: 45, 9: 39, 10: 33, 11: 27, 12: 21, 13: 15}","{(0, 2): 2, (0, 3): 1, (0, 4): 1, (0, 6): 1, (0, 8): 1, (0, 9): 1, (0, 11): 1, (0, 13): 1, (1, 4): 60, (1, 8): 19, (1, 11): 1, (1, 13): 1, (2, 3): 15, (2, 6): 27, (2, 7): 1, (2, 10): 28, (2, 11): 2, (3, 4): 1, (3, 5): 37, (3, 7): 1, (3, 8): 13, (3, 11): 1, (4, 6): 1, (5, 6): 1, (5, 7): 1, (5, 8): 1, (5, 9): 16, (5, 10): 1, (6, 9): 1, (6, 10): 1, (6, 12): 19, (8, 13): 11, (9, 10): 1, (9, 11): 20, (10, 12): 1, (10, 13): 1, (11, 12): 1, (11, 13): 1}",2292.000000011285
4.0,Graph with 14 nodes and 38 edges,"[[0, 0, 1, 1, 1, 0, 1, 0, 1, 1, 0, 1, 0, 1], [0, 0, 0, 0, 1, 0, 0, 0, 1, 0, 0, 1, 0, 1], [1, 0, 0, 1, 0, 0, 1, 1, 0, 0, 1, 1, 0, 0], [1, 0, 1, 0, 1, 1, 0, 1, 1, 0, 0, 1, 0, 0], [1, 1, 0, 1, 0, 0, 1, 0, 0, 0, 0, 0, 0, 0], [0, 0, 0, 1, 0, 0, 1, 1, 1, 1, 1, 0, 0, 0], [1, 0, 1, 0, 1, 1, 0, 0, 0, 1, 1, 0, 1, 0], [0, 0, 1, 1, 0, 1, 0, 0, 0, 0, 0, 0, 0, 0], [1, 1, 0, 1, 0, 1, 0, 0, 0, 0, 0, 0, 0, 1], [1, 0, 0, 0, 0, 1, 1, 0, 0, 0, 1, 1, 0, 0], [0, 0, 1, 0, 0, 1, 1, 0, 0, 1, 0, 0, 1, 1], [1, 1, 1, 1, 0, 0, 0, 0, 0, 1, 0, 0, 1, 1], [0, 0, 0, 0, 0, 0, 1, 0, 0, 0, 1, 1, 0, 0], [1, 1, 0, 0, 0, 0, 0, 0, 1, 0, 1, 1, 0, 0]]",3.0,8.0,Y,"{0: 11, 1: 107, 2: 99, 3: 91, 4: 83, 5: 75, 6: 67, 7: 3, 8: 59, 9: 51, 10: 43, 11: 35, 12: 27, 13: 19}","{(0, 2): 1, (0, 3): 1, (0, 4): 1, (0, 6): 1, (0, 8): 4, (0, 9): 1, (0, 11): 1, (0, 13): 1, (1, 4): 80, (1, 8): 25, (1, 11): 1, (1, 13): 1, (2, 3): 21, (2, 6): 37, (2, 7): 1, (2, 10): 38, (2, 11): 1, (3, 4): 1, (3, 5): 52, (3, 7): 1, (3, 8): 14, (3, 11): 1, (4, 6): 1, (5, 6): 1, (5, 7): 1, (5, 8): 1, (5, 9): 19, (5, 10): 1, (6, 9): 1, (6, 10): 1, (6, 12): 25, (8, 13): 15, (9, 10): 1, (9, 11): 29, (10, 12): 1, (10, 13): 1, (11, 12): 1, (11, 13): 1}",2319.999999997435
7.0,Graph with 14 nodes and 49 edges,"[[0, 0, 0, 0, 1, 1, 1, 1, 1, 0, 0, 1, 0, 1], [0, 0, 0, 0, 1, 0, 1, 1, 1, 1, 0, 1, 0, 1], [0, 0, 0, 1, 0, 0, 1, 1, 1, 0, 0, 0, 0, 0], [0, 0, 1, 0, 0, 1, 1, 1, 0, 0, 0, 1, 0, 0], [1, 1, 0, 0, 0, 1, 1, 0, 1, 1, 1, 0, 1, 0], [1, 0, 0, 1, 1, 0, 1, 1, 1, 0, 1, 0, 0, 0], [1, 1, 1, 1, 1, 1, 0, 1, 1, 1, 0, 1, 0, 1], [1, 1, 1, 1, 0, 1, 1, 0, 1, 0, 1, 0, 1, 0], [1, 1, 1, 0, 1, 1, 1, 1, 0, 1, 1, 1, 0, 0], [0, 1, 0, 0, 1, 0, 1, 0, 1, 0, 0, 1, 0, 1], [0, 0, 0, 0, 1, 1, 0, 1, 1, 0, 0, 1, 1, 1], [1, 1, 0, 1, 0, 0, 1, 0, 1, 1, 1, 0, 0, 1], [0, 0, 0, 0, 1, 0, 0, 1, 0, 0, 1, 0, 0, 0], [1, 1, 0, 0, 0, 0, 1, 0, 0, 1, 1, 1, 0, 0]]",3.0,2.0,Y,"{0: 7, 1: 29, 2: 5, 3: 27, 4: 9, 5: 25, 6: 11, 7: 23, 8: 21, 9: 19, 10: 17, 11: 15, 12: 3, 13: 13}","{(0, 4): 1, (0, 5): 1, (0, 6): 1, (0, 7): 1, (0, 8): 1, (0, 11): 1, (0, 13): 1, (1, 4): 1, (1, 6): 1, (1, 7): 2, (1, 8): 3, (1, 9): 13, (1, 11): 1, (1, 13): 8, (2, 3): 2, (2, 6): 1, (2, 7): 1, (2, 8): 1, (3, 5): 9, (3, 6): 1, (3, 7): 14, (3, 11): 1, (4, 5): 1, (4, 6): 1, (4, 8): 2, (4, 9): 1, (4, 10): 1, (4, 12): 1, (5, 6): 1, (5, 7): 1, (5, 8): 1, (5, 10): 11, (6, 7): 1, (6, 8): 1, (6, 9): 1, (6, 11): 1, (6, 13): 1, (7, 8): 1, (7, 10): 1, (7, 12): 1, (8, 9): 2, (8, 10): 1, (8, 11): 8, (9, 11): 1, (9, 13): 1, (10, 11): 1, (10, 12): 1, (10, 13): 1, (11, 13): 1}",2232.9999999897154
7.0,Graph with 14 nodes and 49 edges,"[[0, 0, 0, 0, 1, 1, 1, 1, 1, 0, 0, 1, 0, 1], [0, 0, 0, 0, 1, 0, 1, 1, 1, 1, 0, 1, 0, 1], [0, 0, 0, 1, 0, 0, 1, 1, 1, 0, 0, 0, 0, 0], [0, 0, 1, 0, 0, 1, 1, 1, 0, 0, 0, 1, 0, 0], [1, 1, 0, 0, 0, 1, 1, 0, 1, 1, 1, 0, 1, 0], [1, 0, 0, 1, 1, 0, 1, 1, 1, 0, 1, 0, 0, 0], [1, 1, 1, 1, 1, 1, 0, 1, 1, 1, 0, 1, 0, 1], [1, 1, 1, 1, 0, 1, 1, 0, 1, 0, 1, 0, 1, 0], [1, 1, 1, 0, 1, 1, 1, 1, 0, 1, 1, 1, 0, 0], [0, 1, 0, 0, 1, 0, 1, 0, 1, 0, 0, 1, 0, 1], [0, 0, 0, 0, 1, 1, 0, 1, 1, 0, 0, 1, 1, 1], [1, 1, 0, 1, 0, 0, 1, 0, 1, 1, 1, 0, 0, 1], [0, 0, 0, 0, 1, 0, 0, 1, 0, 0, 1, 0, 0, 0], [1, 1, 0, 0, 0, 0, 1, 0, 0, 1, 1, 1, 0, 0]]",3.0,3.0,Y,"{0: 9, 1: 42, 2: 6, 3: 39, 4: 36, 5: 33, 6: 12, 7: 30, 8: 27, 9: 24, 10: 21, 11: 18, 12: 3, 13: 15}","{(0, 4): 1, (0, 5): 1, (0, 6): 1, (0, 7): 1, (0, 8): 3, (0, 11): 1, (0, 13): 1, (1, 4): 29, (1, 6): 1, (1, 7): 1, (1, 8): 1, (1, 9): 7, (1, 11): 1, (1, 13): 1, (2, 3): 1, (2, 6): 1, (2, 7): 1, (2, 8): 3, (3, 5): 4, (3, 6): 1, (3, 7): 22, (3, 11): 11, (4, 5): 1, (4, 6): 1, (4, 8): 1, (4, 9): 1, (4, 10): 1, (4, 12): 1, (5, 6): 1, (5, 7): 1, (5, 8): 10, (5, 10): 15, (6, 7): 1, (6, 8): 2, (6, 9): 1, (6, 11): 1, (6, 13): 1, (7, 8): 1, (7, 10): 1, (7, 12): 1, (8, 9): 3, (8, 10): 1, (8, 11): 1, (9, 11): 1, (9, 13): 10, (10, 11): 1, (10, 12): 1, (10, 13): 1, (11, 13): 1}",2359.0000000126565
7.0,Graph with 14 nodes and 49 edges,"[[0, 0, 0, 0, 1, 1, 1, 1, 1, 0, 0, 1, 0, 1], [0, 0, 0, 0, 1, 0, 1, 1, 1, 1, 0, 1, 0, 1], [0, 0, 0, 1, 0, 0, 1, 1, 1, 0, 0, 0, 0, 0], [0, 0, 1, 0, 0, 1, 1, 1, 0, 0, 0, 1, 0, 0], [1, 1, 0, 0, 0, 1, 1, 0, 1, 1, 1, 0, 1, 0], [1, 0, 0, 1, 1, 0, 1, 1, 1, 0, 1, 0, 0, 0], [1, 1, 1, 1, 1, 1, 0, 1, 1, 1, 0, 1, 0, 1], [1, 1, 1, 1, 0, 1, 1, 0, 1, 0, 1, 0, 1, 0], [1, 1, 1, 0, 1, 1, 1, 1, 0, 1, 1, 1, 0, 0], [0, 1, 0, 0, 1, 0, 1, 0, 1, 0, 0, 1, 0, 1], [0, 0, 0, 0, 1, 1, 0, 1, 1, 0, 0, 1, 1, 1], [1, 1, 0, 1, 0, 0, 1, 0, 1, 1, 1, 0, 0, 1], [0, 0, 0, 0, 1, 0, 0, 1, 0, 0, 1, 0, 0, 0], [1, 1, 0, 0, 0, 0, 1, 0, 0, 1, 1, 1, 0, 0]]",3.0,9.0,Y,"{0: 12, 1: 120, 2: 111, 3: 102, 4: 93, 5: 84, 6: 75, 7: 66, 8: 57, 9: 48, 10: 39, 11: 30, 12: 3, 13: 21}","{(0, 4): 1, (0, 5): 6, (0, 6): 1, (0, 7): 1, (0, 8): 1, (0, 11): 1, (0, 13): 1, (1, 4): 57, (1, 6): 1, (1, 7): 1, (1, 8): 1, (1, 9): 43, (1, 11): 1, (1, 13): 16, (2, 3): 98, (2, 6): 1, (2, 7): 1, (2, 8): 11, (3, 5): 1, (3, 6): 1, (3, 7): 1, (3, 11): 1, (4, 5): 1, (4, 6): 1, (4, 8): 1, (4, 9): 1, (4, 10): 30, (4, 12): 1, (5, 6): 9, (5, 7): 58, (5, 8): 4, (5, 10): 4, (6, 7): 1, (6, 8): 34, (6, 9): 1, (6, 11): 23, (6, 13): 1, (7, 8): 1, (7, 10): 1, (7, 12): 1, (8, 9): 1, (8, 10): 1, (8, 11): 1, (9, 11): 1, (9, 13): 1, (10, 11): 1, (10, 12): 1, (10, 13): 1, (11, 13): 1}",2431.0000000014043
7.0,Graph with 14 nodes and 49 edges,"[[0, 0, 0, 0, 1, 1, 1, 1, 1, 0, 0, 1, 0, 1], [0, 0, 0, 0, 1, 0, 1, 1, 1, 1, 0, 1, 0, 1], [0, 0, 0, 1, 0, 0, 1, 1, 1, 0, 0, 0, 0, 0], [0, 0, 1, 0, 0, 1, 1, 1, 0, 0, 0, 1, 0, 0], [1, 1, 0, 0, 0, 1, 1, 0, 1, 1, 1, 0, 1, 0], [1, 0, 0, 1, 1, 0, 1, 1, 1, 0, 1, 0, 0, 0], [1, 1, 1, 1, 1, 1, 0, 1, 1, 1, 0, 1, 0, 1], [1, 1, 1, 1, 0, 1, 1, 0, 1, 0, 1, 0, 1, 0], [1, 1, 1, 0, 1, 1, 1, 1, 0, 1, 1, 1, 0, 0], [0, 1, 0, 0, 1, 0, 1, 0, 1, 0, 0, 1, 0, 1], [0, 0, 0, 0, 1, 1, 0, 1, 1, 0, 0, 1, 1, 1], [1, 1, 0, 1, 0, 0, 1, 0, 1, 1, 1, 0, 0, 1], [0, 0, 0, 0, 1, 0, 0, 1, 0, 0, 1, 0, 0, 0], [1, 1, 0, 0, 0, 0, 1, 0, 0, 1, 1, 1, 0, 0]]",4.0,6.0,Y,"{0: 10, 1: 82, 2: 4, 3: 76, 4: 70, 5: 64, 6: 16, 7: 58, 8: 52, 9: 46, 10: 40, 11: 34, 12: 28, 13: 22}","{(0, 4): 1, (0, 5): 1, (0, 6): 4, (0, 7): 1, (0, 8): 1, (0, 11): 1, (0, 13): 1, (1, 4): 1, (1, 6): 1, (1, 7): 1, (1, 8): 2, (1, 9): 41, (1, 11): 19, (1, 13): 17, (2, 3): 1, (2, 6): 1, (2, 7): 1, (2, 8): 1, (3, 5): 13, (3, 6): 3, (3, 7): 50, (3, 11): 9, (4, 5): 5, (4, 6): 1, (4, 8): 1, (4, 9): 1, (4, 10): 34, (4, 12): 26, (5, 6): 1, (5, 7): 1, (5, 8): 42, (5, 10): 1, (6, 7): 1, (6, 8): 1, (6, 9): 1, (6, 11): 1, (6, 13): 1, (7, 8): 1, (7, 10): 1, (7, 12): 1, (8, 9): 1, (8, 10): 1, (8, 11): 1, (9, 11): 1, (9, 13): 1, (10, 11): 1, (10, 12): 1, (10, 13): 1, (11, 13): 1}",2420.9999999698084
8.0,Graph with 14 nodes and 46 edges,"[[0, 1, 0, 1, 1, 1, 1, 0, 0, 1, 0, 1, 1, 1], [1, 0, 0, 1, 1, 0, 0, 1, 1, 0, 0, 1, 0, 1], [0, 0, 0, 0, 0, 0, 0, 1, 1, 0, 0, 0, 0, 0], [1, 1, 0, 0, 1, 0, 1, 1, 1, 0, 0, 1, 1, 1], [1, 1, 0, 1, 0, 0, 1, 1, 1, 0, 0, 0, 0, 0], [1, 0, 0, 0, 0, 0, 0, 0, 1, 0, 0, 0, 1, 1], [1, 0, 0, 1, 1, 0, 0, 0, 1, 0, 0, 1, 0, 1], [0, 1, 1, 1, 1, 0, 0, 0, 1, 1, 0, 1, 0, 1], [0, 1, 1, 1, 1, 1, 1, 1, 0, 1, 0, 1, 1, 1], [1, 0, 0, 0, 0, 0, 0, 1, 1, 0, 0, 1, 1, 1], [0, 0, 0, 0, 0, 0, 0, 0, 0, 0, 0, 1, 1, 0], [1, 1, 0, 1, 0, 0, 1, 1, 1, 1, 1, 0, 0, 0], [1, 0, 0, 1, 0, 1, 0, 0, 1, 1, 1, 0, 0, 0], [1, 1, 0, 1, 0, 1, 1, 1, 1, 1, 0, 0, 0, 0]]",2.0,9.0,Y,"{0: 110, 1: 65, 2: 11, 3: 74, 4: 83, 5: 92, 6: 101, 7: 29, 8: 56, 9: 38, 10: 2, 11: 119, 12: 47, 13: 20}","{(0, 1): 1, (0, 3): 1, (0, 4): 55, (0, 5): 48, (0, 6): 1, (0, 9): 1, (0, 11): 1, (0, 12): 1, (0, 13): 1, (1, 3): 48, (1, 4): 1, (1, 7): 1, (1, 8): 11, (1, 11): 1, (1, 13): 1, (2, 7): 10, (2, 8): 1, (3, 4): 1, (3, 6): 1, (3, 7): 1, (3, 8): 18, (3, 11): 1, (3, 12): 1, (3, 13): 1, (4, 6): 24, (4, 7): 1, (4, 8): 1, (5, 8): 1, (5, 12): 42, (5, 13): 1, (6, 8): 1, (6, 11): 73, (6, 13): 1, (7, 8): 1, (7, 9): 1, (7, 11): 13, (7, 13): 1, (8, 9): 6, (8, 11): 1, (8, 12): 1, (8, 13): 13, (9, 11): 28, (9, 12): 1, (9, 13): 1, (10, 11): 1, (10, 12): 1}",2625.999999963824
8.0,Graph with 14 nodes and 46 edges,"[[0, 1, 0, 1, 1, 1, 1, 0, 0, 1, 0, 1, 1, 1], [1, 0, 0, 1, 1, 0, 0, 1, 1, 0, 0, 1, 0, 1], [0, 0, 0, 0, 0, 0, 0, 1, 1, 0, 0, 0, 0, 0], [1, 1, 0, 0, 1, 0, 1, 1, 1, 0, 0, 1, 1, 1], [1, 1, 0, 1, 0, 0, 1, 1, 1, 0, 0, 0, 0, 0], [1, 0, 0, 0, 0, 0, 0, 0, 1, 0, 0, 0, 1, 1], [1, 0, 0, 1, 1, 0, 0, 0, 1, 0, 0, 1, 0, 1], [0, 1, 1, 1, 1, 0, 0, 0, 1, 1, 0, 1, 0, 1], [0, 1, 1, 1, 1, 1, 1, 1, 0, 1, 0, 1, 1, 1], [1, 0, 0, 0, 0, 0, 0, 1, 1, 0, 0, 1, 1, 1], [0, 0, 0, 0, 0, 0, 0, 0, 0, 0, 0, 1, 1, 0], [1, 1, 0, 1, 0, 0, 1, 1, 1, 1, 1, 0, 0, 0], [1, 0, 0, 1, 0, 1, 0, 0, 1, 1, 1, 0, 0, 0], [1, 1, 0, 1, 0, 1, 1, 1, 1, 1, 0, 0, 0, 0]]",3.0,8.0,Y,"{0: 99, 1: 59, 2: 11, 3: 67, 4: 75, 5: 83, 6: 91, 7: 27, 8: 51, 9: 35, 10: 3, 11: 107, 12: 43, 13: 19}","{(0, 1): 1, (0, 3): 1, (0, 4): 7, (0, 5): 43, (0, 6): 23, (0, 9): 1, (0, 11): 20, (0, 12): 1, (0, 13): 1, (1, 3): 50, (1, 4): 1, (1, 7): 1, (1, 8): 1, (1, 11): 1, (1, 13): 3, (2, 7): 10, (2, 8): 1, (3, 4): 1, (3, 6): 1, (3, 7): 1, (3, 8): 1, (3, 11): 1, (3, 12): 1, (3, 13): 9, (4, 6): 63, (4, 7): 1, (4, 8): 1, (5, 8): 1, (5, 12): 38, (5, 13): 1, (6, 8): 1, (6, 11): 1, (6, 13): 1, (7, 8): 1, (7, 9): 1, (7, 11): 11, (7, 13): 1, (8, 9): 1, (8, 11): 41, (8, 12): 1, (8, 13): 1, (9, 11): 30, (9, 12): 1, (9, 13): 1, (10, 11): 2, (10, 12): 1}",2435.9999999887805
8.0,Graph with 14 nodes and 46 edges,"[[0, 1, 0, 1, 1, 1, 1, 0, 0, 1, 0, 1, 1, 1], [1, 0, 0, 1, 1, 0, 0, 1, 1, 0, 0, 1, 0, 1], [0, 0, 0, 0, 0, 0, 0, 1, 1, 0, 0, 0, 0, 0], [1, 1, 0, 0, 1, 0, 1, 1, 1, 0, 0, 1, 1, 1], [1, 1, 0, 1, 0, 0, 1, 1, 1, 0, 0, 0, 0, 0], [1, 0, 0, 0, 0, 0, 0, 0, 1, 0, 0, 0, 1, 1], [1, 0, 0, 1, 1, 0, 0, 0, 1, 0, 0, 1, 0, 1], [0, 1, 1, 1, 1, 0, 0, 0, 1, 1, 0, 1, 0, 1], [0, 1, 1, 1, 1, 1, 1, 1, 0, 1, 0, 1, 1, 1], [1, 0, 0, 0, 0, 0, 0, 1, 1, 0, 0, 1, 1, 1], [0, 0, 0, 0, 0, 0, 0, 0, 0, 0, 0, 1, 1, 0], [1, 1, 0, 1, 0, 0, 1, 1, 1, 1, 1, 0, 0, 0], [1, 0, 0, 1, 0, 1, 0, 0, 1, 1, 1, 0, 0, 0], [1, 1, 0, 1, 0, 1, 1, 1, 1, 1, 0, 0, 0, 0]]",4.0,7.0,Y,"{0: 11, 1: 95, 2: 4, 3: 88, 4: 81, 5: 74, 6: 67, 7: 60, 8: 53, 9: 46, 10: 32, 11: 39, 12: 25, 13: 18}","{(0, 1): 1, (0, 3): 1, (0, 4): 1, (0, 5): 3, (0, 6): 1, (0, 9): 1, (0, 11): 1, (0, 12): 1, (0, 13): 1, (1, 3): 10, (1, 4): 76, (1, 7): 4, (1, 8): 1, (1, 11): 1, (1, 13): 1, (2, 7): 3, (2, 8): 1, (3, 4): 1, (3, 6): 61, (3, 7): 7, (3, 8): 4, (3, 11): 1, (3, 12): 1, (3, 13): 1, (4, 6): 1, (4, 7): 1, (4, 8): 1, (5, 8): 40, (5, 12): 20, (5, 13): 11, (6, 8): 1, (6, 11): 2, (6, 13): 1, (7, 8): 1, (7, 9): 41, (7, 11): 1, (7, 13): 1, (8, 9): 1, (8, 11): 1, (8, 12): 1, (8, 13): 1, (9, 11): 1, (9, 12): 1, (9, 13): 1, (10, 11): 31, (10, 12): 1}",2405.0000000102045
9.0,Graph with 14 nodes and 42 edges,"[[0, 0, 0, 1, 1, 0, 0, 0, 1, 0, 0, 0, 0, 0], [0, 0, 0, 1, 0, 0, 1, 0, 1, 0, 0, 0, 0, 0], [0, 0, 0, 1, 1, 0, 1, 1, 0, 0, 1, 0, 1, 1], [1, 1, 1, 0, 1, 0, 1, 1, 1, 1, 0, 1, 1, 0], [1, 0, 1, 1, 0, 0, 0, 1, 1, 0, 1, 0, 0, 0], [0, 0, 0, 0, 0, 0, 0, 1, 0, 0, 1, 0, 1, 0], [0, 1, 1, 1, 0, 0, 0, 0, 0, 1, 0, 0, 0, 0], [0, 0, 1, 1, 1, 1, 0, 0, 0, 0, 0, 1, 1, 0], [1, 1, 0, 1, 1, 0, 0, 0, 0, 1, 1, 1, 1, 0], [0, 0, 0, 1, 0, 0, 1, 0, 1, 0, 1, 1, 1, 1], [0, 0, 1, 0, 1, 1, 0, 0, 1, 1, 0, 1, 0, 1], [0, 0, 0, 1, 0, 0, 0, 1, 1, 1, 1, 0, 1, 1], [0, 0, 1, 1, 0, 1, 0, 1, 1, 1, 0, 1, 0, 1], [0, 0, 1, 0, 0, 0, 0, 0, 0, 1, 1, 1, 1, 0]]",3.0,2.0,Y,"{0: 7, 1: 3, 2: 13, 3: 29, 4: 21, 5: 5, 6: 9, 7: 15, 8: 27, 9: 23, 10: 19, 11: 17, 12: 25, 13: 11}","{(0, 3): 5, (0, 4): 1, (0, 8): 1, (1, 3): 1, (1, 6): 1, (1, 8): 1, (2, 3): 7, (2, 4): 1, (2, 6): 1, (2, 7): 1, (2, 10): 1, (2, 12): 1, (2, 13): 1, (3, 4): 1, (3, 6): 6, (3, 7): 1, (3, 8): 1, (3, 9): 1, (3, 11): 5, (3, 12): 1, (4, 7): 10, (4, 8): 7, (4, 10): 1, (5, 7): 1, (5, 10): 1, (5, 12): 3, (6, 9): 1, (7, 11): 1, (7, 12): 1, (8, 9): 1, (8, 10): 1, (8, 11): 1, (8, 12): 14, (9, 10): 13, (9, 11): 4, (9, 12): 1, (9, 13): 2, (10, 11): 1, (10, 13): 1, (11, 12): 1, (11, 13): 4, (12, 13): 3}",2402.000000017779
9.0,Graph with 14 nodes and 42 edges,"[[0, 0, 0, 1, 1, 0, 0, 0, 1, 0, 0, 0, 0, 0], [0, 0, 0, 1, 0, 0, 1, 0, 1, 0, 0, 0, 0, 0], [0, 0, 0, 1, 1, 0, 1, 1, 0, 0, 1, 0, 1, 1], [1, 1, 1, 0, 1, 0, 1, 1, 1, 1, 0, 1, 1, 0], [1, 0, 1, 1, 0, 0, 0, 1, 1, 0, 1, 0, 0, 0], [0, 0, 0, 0, 0, 0, 0, 1, 0, 0, 1, 0, 1, 0], [0, 1, 1, 1, 0, 0, 0, 0, 0, 1, 0, 0, 0, 0], [0, 0, 1, 1, 1, 1, 0, 0, 0, 0, 0, 1, 1, 0], [1, 1, 0, 1, 1, 0, 0, 0, 0, 1, 1, 1, 1, 0], [0, 0, 0, 1, 0, 0, 1, 0, 1, 0, 1, 1, 1, 1], [0, 0, 1, 0, 1, 1, 0, 0, 1, 1, 0, 1, 0, 1], [0, 0, 0, 1, 0, 0, 0, 1, 1, 1, 1, 0, 1, 1], [0, 0, 1, 1, 0, 1, 0, 1, 1, 1, 0, 1, 0, 1], [0, 0, 1, 0, 0, 0, 0, 0, 0, 1, 1, 1, 1, 0]]",3.0,6.0,Y,"{0: 15, 1: 3, 2: 69, 3: 81, 4: 21, 5: 9, 6: 27, 7: 45, 8: 39, 9: 75, 10: 51, 11: 63, 12: 57, 13: 33}","{(0, 3): 13, (0, 4): 1, (0, 8): 1, (1, 3): 1, (1, 6): 1, (1, 8): 1, (2, 3): 3, (2, 4): 1, (2, 6): 1, (2, 7): 1, (2, 10): 22, (2, 12): 40, (2, 13): 1, (3, 4): 16, (3, 6): 24, (3, 7): 1, (3, 8): 1, (3, 9): 20, (3, 11): 1, (3, 12): 1, (4, 7): 1, (4, 8): 1, (4, 10): 1, (5, 7): 7, (5, 10): 1, (5, 12): 1, (6, 9): 1, (7, 11): 34, (7, 12): 1, (8, 9): 22, (8, 10): 1, (8, 11): 1, (8, 12): 11, (9, 10): 1, (9, 11): 1, (9, 12): 1, (9, 13): 29, (10, 11): 24, (10, 13): 1, (11, 12): 1, (11, 13): 1, (12, 13): 1}",3305.0000000116597
9.0,Graph with 14 nodes and 42 edges,"[[0, 0, 0, 1, 1, 0, 0, 0, 1, 0, 0, 0, 0, 0], [0, 0, 0, 1, 0, 0, 1, 0, 1, 0, 0, 0, 0, 0], [0, 0, 0, 1, 1, 0, 1, 1, 0, 0, 1, 0, 1, 1], [1, 1, 1, 0, 1, 0, 1, 1, 1, 1, 0, 1, 1, 0], [1, 0, 1, 1, 0, 0, 0, 1, 1, 0, 1, 0, 0, 0], [0, 0, 0, 0, 0, 0, 0, 1, 0, 0, 1, 0, 1, 0], [0, 1, 1, 1, 0, 0, 0, 0, 0, 1, 0, 0, 0, 0], [0, 0, 1, 1, 1, 1, 0, 0, 0, 0, 0, 1, 1, 0], [1, 1, 0, 1, 1, 0, 0, 0, 0, 1, 1, 1, 1, 0], [0, 0, 0, 1, 0, 0, 1, 0, 1, 0, 1, 1, 1, 1], [0, 0, 1, 0, 1, 1, 0, 0, 1, 1, 0, 1, 0, 1], [0, 0, 0, 1, 0, 0, 0, 1, 1, 1, 1, 0, 1, 1], [0, 0, 1, 1, 0, 1, 0, 1, 1, 1, 0, 1, 0, 1], [0, 0, 1, 0, 0, 0, 0, 0, 0, 1, 1, 1, 1, 0]]",4.0,5.0,Y,"{0: 9, 1: 4, 2: 54, 3: 69, 4: 39, 5: 19, 6: 14, 7: 29, 8: 64, 9: 59, 10: 44, 11: 24, 12: 49, 13: 34}","{(0, 3): 7, (0, 4): 1, (0, 8): 1, (1, 3): 2, (1, 6): 1, (1, 8): 1, (2, 3): 1, (2, 4): 1, (2, 6): 1, (2, 7): 1, (2, 10): 15, (2, 12): 30, (2, 13): 4, (3, 4): 34, (3, 6): 1, (3, 7): 8, (3, 8): 1, (3, 9): 1, (3, 11): 1, (3, 12): 13, (4, 7): 1, (4, 8): 1, (4, 10): 1, (5, 7): 17, (5, 10): 1, (5, 12): 1, (6, 9): 11, (7, 11): 1, (7, 12): 1, (8, 9): 40, (8, 10): 1, (8, 11): 18, (8, 12): 1, (9, 10): 1, (9, 11): 1, (9, 12): 1, (9, 13): 4, (10, 11): 1, (10, 13): 23, (11, 12): 1, (11, 13): 1, (12, 13): 1}",2515.0000000166983
12.0,Graph with 14 nodes and 49 edges,"[[0, 1, 1, 1, 0, 0, 1, 1, 1, 0, 0, 1, 0, 0], [1, 0, 1, 1, 0, 1, 1, 1, 0, 0, 1, 1, 1, 1], [1, 1, 0, 0, 0, 0, 1, 0, 0, 0, 1, 0, 1, 0], [1, 1, 0, 0, 1, 1, 1, 1, 1, 0, 0, 0, 1, 0], [0, 0, 0, 1, 0, 0, 1, 0, 1, 0, 0, 1, 1, 1], [0, 1, 0, 1, 0, 0, 0, 0, 1, 1, 0, 0, 0, 0], [1, 1, 1, 1, 1, 0, 0, 0, 1, 0, 0, 1, 1, 1], [1, 1, 0, 1, 0, 0, 0, 0, 1, 0, 1, 0, 0, 0], [1, 0, 0, 1, 1, 1, 1, 1, 0, 0, 1, 1, 1, 1], [0, 0, 0, 0, 0, 1, 0, 0, 0, 0, 1, 0, 1, 1], [0, 1, 1, 0, 0, 0, 0, 1, 1, 1, 0, 0, 1, 1], [1, 1, 0, 0, 1, 0, 1, 0, 1, 0, 0, 0, 1, 1], [0, 1, 1, 1, 1, 0, 1, 0, 1, 1, 1, 1, 0, 0], [0, 1, 0, 0, 1, 0, 1, 0, 1, 1, 1, 1, 0, 0]]",4.0,4.0,Y,"{0: 8, 1: 12, 2: 56, 3: 52, 4: 48, 5: 4, 6: 44, 7: 40, 8: 36, 9: 32, 10: 28, 11: 24, 12: 20, 13: 16}","{(0, 1): 1, (0, 2): 2, (0, 3): 1, (0, 6): 1, (0, 7): 1, (0, 8): 1, (0, 11): 1, (1, 2): 3, (1, 3): 1, (1, 5): 1, (1, 6): 1, (1, 7): 1, (1, 10): 1, (1, 11): 1, (1, 12): 1, (1, 13): 1, (2, 6): 36, (2, 10): 3, (2, 12): 12, (3, 4): 31, (3, 5): 1, (3, 6): 1, (3, 7): 15, (3, 8): 1, (3, 12): 1, (4, 6): 1, (4, 8): 1, (4, 11): 13, (4, 12): 1, (4, 13): 1, (5, 8): 1, (5, 9): 1, (6, 8): 1, (6, 11): 1, (6, 12): 1, (6, 13): 1, (7, 8): 22, (7, 10): 1, (8, 10): 1, (8, 11): 6, (8, 12): 1, (8, 13): 1, (9, 10): 20, (9, 12): 1, (9, 13): 10, (10, 12): 1, (10, 13): 1, (11, 12): 1, (11, 13): 1}",2318.0000000024847
12.0,Graph with 14 nodes and 49 edges,"[[0, 1, 1, 1, 0, 0, 1, 1, 1, 0, 0, 1, 0, 0], [1, 0, 1, 1, 0, 1, 1, 1, 0, 0, 1, 1, 1, 1], [1, 1, 0, 0, 0, 0, 1, 0, 0, 0, 1, 0, 1, 0], [1, 1, 0, 0, 1, 1, 1, 1, 1, 0, 0, 0, 1, 0], [0, 0, 0, 1, 0, 0, 1, 0, 1, 0, 0, 1, 1, 1], [0, 1, 0, 1, 0, 0, 0, 0, 1, 1, 0, 0, 0, 0], [1, 1, 1, 1, 1, 0, 0, 0, 1, 0, 0, 1, 1, 1], [1, 1, 0, 1, 0, 0, 0, 0, 1, 0, 1, 0, 0, 0], [1, 0, 0, 1, 1, 1, 1, 1, 0, 0, 1, 1, 1, 1], [0, 0, 0, 0, 0, 1, 0, 0, 0, 0, 1, 0, 1, 1], [0, 1, 1, 0, 0, 0, 0, 1, 1, 1, 0, 0, 1, 1], [1, 1, 0, 0, 1, 0, 1, 0, 1, 0, 0, 0, 1, 1], [0, 1, 1, 1, 1, 0, 1, 0, 1, 1, 1, 1, 0, 0], [0, 1, 0, 0, 1, 0, 1, 0, 1, 1, 1, 1, 0, 0]]",4.0,5.0,Y,"{0: 9, 1: 14, 2: 69, 3: 64, 4: 59, 5: 4, 6: 54, 7: 49, 8: 44, 9: 39, 10: 34, 11: 29, 12: 24, 13: 19}","{(0, 1): 1, (0, 2): 1, (0, 3): 1, (0, 6): 1, (0, 7): 1, (0, 8): 3, (0, 11): 1, (1, 2): 1, (1, 3): 1, (1, 5): 1, (1, 6): 1, (1, 7): 1, (1, 10): 1, (1, 11): 5, (1, 12): 1, (1, 13): 1, (2, 6): 46, (2, 10): 5, (2, 12): 16, (3, 4): 13, (3, 5): 1, (3, 6): 1, (3, 7): 45, (3, 8): 1, (3, 12): 1, (4, 6): 1, (4, 8): 28, (4, 11): 14, (4, 12): 1, (4, 13): 1, (5, 8): 1, (5, 9): 1, (6, 8): 1, (6, 11): 1, (6, 12): 1, (6, 13): 1, (7, 8): 1, (7, 10): 1, (8, 10): 1, (8, 11): 5, (8, 12): 1, (8, 13): 1, (9, 10): 24, (9, 12): 1, (9, 13): 13, (10, 12): 1, (10, 13): 1, (11, 12): 1, (11, 13): 1}",2676.999999948748
12.0,Graph with 14 nodes and 49 edges,"[[0, 1, 1, 1, 0, 0, 1, 1, 1, 0, 0, 1, 0, 0], [1, 0, 1, 1, 0, 1, 1, 1, 0, 0, 1, 1, 1, 1], [1, 1, 0, 0, 0, 0, 1, 0, 0, 0, 1, 0, 1, 0], [1, 1, 0, 0, 1, 1, 1, 1, 1, 0, 0, 0, 1, 0], [0, 0, 0, 1, 0, 0, 1, 0, 1, 0, 0, 1, 1, 1], [0, 1, 0, 1, 0, 0, 0, 0, 1, 1, 0, 0, 0, 0], [1, 1, 1, 1, 1, 0, 0, 0, 1, 0, 0, 1, 1, 1], [1, 1, 0, 1, 0, 0, 0, 0, 1, 0, 1, 0, 0, 0], [1, 0, 0, 1, 1, 1, 1, 1, 0, 0, 1, 1, 1, 1], [0, 0, 0, 0, 0, 1, 0, 0, 0, 0, 1, 0, 1, 1], [0, 1, 1, 0, 0, 0, 0, 1, 1, 1, 0, 0, 1, 1], [1, 1, 0, 0, 1, 0, 1, 0, 1, 0, 0, 0, 1, 1], [0, 1, 1, 1, 1, 0, 1, 0, 1, 1, 1, 1, 0, 0], [0, 1, 0, 0, 1, 0, 1, 0, 1, 1, 1, 1, 0, 0]]",4.0,9.0,Y,"{0: 13, 1: 121, 2: 112, 3: 103, 4: 94, 5: 4, 6: 85, 7: 76, 8: 67, 9: 58, 10: 49, 11: 40, 12: 31, 13: 22}","{(0, 1): 1, (0, 2): 1, (0, 3): 1, (0, 6): 1, (0, 7): 1, (0, 8): 7, (0, 11): 1, (1, 2): 32, (1, 3): 1, (1, 5): 1, (1, 6): 1, (1, 7): 64, (1, 10): 18, (1, 11): 1, (1, 12): 1, (1, 13): 1, (2, 6): 77, (2, 10): 1, (2, 12): 1, (3, 4): 83, (3, 5): 1, (3, 6): 1, (3, 7): 1, (3, 8): 13, (3, 12): 1, (4, 6): 1, (4, 8): 6, (4, 11): 1, (4, 12): 1, (4, 13): 1, (5, 8): 1, (5, 9): 1, (6, 8): 1, (6, 11): 1, (6, 12): 1, (6, 13): 1, (7, 8): 1, (7, 10): 9, (8, 10): 1, (8, 11): 34, (8, 12): 1, (8, 13): 1, (9, 10): 18, (9, 12): 23, (9, 13): 16, (10, 12): 1, (10, 13): 1, (11, 12): 1, (11, 13): 1}",2348.9999999810607
13.0,Graph with 14 nodes and 49 edges,"[[0, 1, 0, 1, 0, 1, 0, 0, 1, 1, 0, 1, 1, 1], [1, 0, 1, 1, 1, 1, 1, 1, 0, 1, 1, 0, 0, 0], [0, 1, 0, 1, 1, 0, 1, 0, 0, 0, 1, 0, 1, 0], [1, 1, 1, 0, 1, 0, 1, 0, 1, 1, 1, 0, 1, 1], [0, 1, 1, 1, 0, 1, 0, 0, 1, 1, 0, 0, 0, 1], [1, 1, 0, 0, 1, 0, 1, 0, 0, 0, 1, 1, 1, 0], [0, 1, 1, 1, 0, 1, 0, 0, 1, 0, 1, 1, 1, 0], [0, 1, 0, 0, 0, 0, 0, 0, 0, 0, 0, 1, 0, 0], [1, 0, 0, 1, 1, 0, 1, 0, 0, 1, 1, 0, 0, 0], [1, 1, 0, 1, 1, 0, 0, 0, 1, 0, 1, 0, 1, 1], [0, 1, 1, 1, 0, 1, 1, 0, 1, 1, 0, 0, 0, 1], [1, 0, 0, 0, 0, 1, 1, 1, 0, 0, 0, 0, 0, 1], [1, 0, 1, 1, 0, 1, 1, 0, 0, 1, 0, 0, 0, 1], [1, 0, 0, 1, 1, 0, 0, 0, 0, 1, 1, 1, 1, 0]]",2.0,3.0,Y,"{0: 8, 1: 11, 2: 41, 3: 38, 4: 35, 5: 32, 6: 29, 7: 2, 8: 26, 9: 23, 10: 20, 11: 5, 12: 17, 13: 14}","{(0, 1): 1, (0, 3): 1, (0, 5): 1, (0, 8): 1, (0, 9): 1, (0, 11): 1, (0, 12): 1, (0, 13): 1, (1, 2): 1, (1, 3): 3, (1, 4): 1, (1, 5): 1, (1, 6): 1, (1, 7): 1, (1, 9): 1, (1, 10): 1, (2, 3): 7, (2, 4): 26, (2, 6): 4, (2, 10): 1, (2, 12): 1, (3, 4): 3, (3, 6): 1, (3, 8): 1, (3, 9): 1, (3, 10): 1, (3, 12): 11, (3, 13): 8, (4, 5): 1, (4, 8): 1, (4, 9): 1, (4, 13): 1, (5, 6): 14, (5, 10): 13, (5, 11): 1, (5, 12): 1, (6, 8): 6, (6, 10): 1, (6, 11): 1, (6, 12): 1, (7, 11): 1, (8, 9): 16, (8, 10): 1, (9, 10): 1, (9, 12): 1, (9, 13): 1, (10, 13): 1, (11, 13): 1, (12, 13): 1}",1866.0000000068067
13.0,Graph with 14 nodes and 49 edges,"[[0, 1, 0, 1, 0, 1, 0, 0, 1, 1, 0, 1, 1, 1], [1, 0, 1, 1, 1, 1, 1, 1, 0, 1, 1, 0, 0, 0], [0, 1, 0, 1, 1, 0, 1, 0, 0, 0, 1, 0, 1, 0], [1, 1, 1, 0, 1, 0, 1, 0, 1, 1, 1, 0, 1, 1], [0, 1, 1, 1, 0, 1, 0, 0, 1, 1, 0, 0, 0, 1], [1, 1, 0, 0, 1, 0, 1, 0, 0, 0, 1, 1, 1, 0], [0, 1, 1, 1, 0, 1, 0, 0, 1, 0, 1, 1, 1, 0], [0, 1, 0, 0, 0, 0, 0, 0, 0, 0, 0, 1, 0, 0], [1, 0, 0, 1, 1, 0, 1, 0, 0, 1, 1, 0, 0, 0], [1, 1, 0, 1, 1, 0, 0, 0, 1, 0, 1, 0, 1, 1], [0, 1, 1, 1, 0, 1, 1, 0, 1, 1, 0, 0, 0, 1], [1, 0, 0, 0, 0, 1, 1, 1, 0, 0, 0, 0, 0, 1], [1, 0, 1, 1, 0, 1, 1, 0, 0, 1, 0, 0, 0, 1], [1, 0, 0, 1, 1, 0, 0, 0, 0, 1, 1, 1, 1, 0]]",2.0,5.0,Y,"{0: 12, 1: 67, 2: 7, 3: 62, 4: 57, 5: 52, 6: 47, 7: 2, 8: 42, 9: 37, 10: 32, 11: 27, 12: 22, 13: 17}","{(0, 1): 1, (0, 3): 5, (0, 5): 1, (0, 8): 1, (0, 9): 1, (0, 11): 1, (0, 12): 1, (0, 13): 1, (1, 2): 1, (1, 3): 23, (1, 4): 1, (1, 5): 1, (1, 6): 7, (1, 7): 1, (1, 9): 30, (1, 10): 1, (2, 3): 2, (2, 4): 1, (2, 6): 1, (2, 10): 1, (2, 12): 1, (3, 4): 1, (3, 6): 1, (3, 8): 1, (3, 9): 1, (3, 10): 1, (3, 12): 16, (3, 13): 11, (4, 5): 24, (4, 8): 28, (4, 9): 1, (4, 13): 1, (5, 6): 1, (5, 10): 1, (5, 11): 23, (5, 12): 1, (6, 8): 10, (6, 10): 24, (6, 11): 1, (6, 12): 1, (7, 11): 1, (8, 9): 1, (8, 10): 1, (9, 10): 1, (9, 12): 1, (9, 13): 1, (10, 13): 1, (11, 13): 1, (12, 13): 1}",2440.000000035525
13.0,Graph with 14 nodes and 49 edges,"[[0, 1, 0, 1, 0, 1, 0, 0, 1, 1, 0, 1, 1, 1], [1, 0, 1, 1, 1, 1, 1, 1, 0, 1, 1, 0, 0, 0], [0, 1, 0, 1, 1, 0, 1, 0, 0, 0, 1, 0, 1, 0], [1, 1, 1, 0, 1, 0, 1, 0, 1, 1, 1, 0, 1, 1], [0, 1, 1, 1, 0, 1, 0, 0, 1, 1, 0, 0, 0, 1], [1, 1, 0, 0, 1, 0, 1, 0, 0, 0, 1, 1, 1, 0], [0, 1, 1, 1, 0, 1, 0, 0, 1, 0, 1, 1, 1, 0], [0, 1, 0, 0, 0, 0, 0, 0, 0, 0, 0, 1, 0, 0], [1, 0, 0, 1, 1, 0, 1, 0, 0, 1, 1, 0, 0, 0], [1, 1, 0, 1, 1, 0, 0, 0, 1, 0, 1, 0, 1, 1], [0, 1, 1, 1, 0, 1, 1, 0, 1, 1, 0, 0, 0, 1], [1, 0, 0, 0, 0, 1, 1, 1, 0, 0, 0, 0, 0, 1], [1, 0, 1, 1, 0, 1, 1, 0, 0, 1, 0, 0, 0, 1], [1, 0, 0, 1, 1, 0, 0, 0, 0, 1, 1, 1, 1, 0]]",2.0,8.0,Y,"{0: 10, 1: 106, 2: 98, 3: 90, 4: 82, 5: 74, 6: 66, 7: 2, 8: 58, 9: 50, 10: 42, 11: 34, 12: 26, 13: 18}","{(0, 1): 1, (0, 3): 3, (0, 5): 1, (0, 8): 1, (0, 9): 1, (0, 11): 1, (0, 12): 1, (0, 13): 1, (1, 2): 35, (1, 3): 1, (1, 4): 24, (1, 5): 39, (1, 6): 1, (1, 7): 1, (1, 9): 3, (1, 10): 1, (2, 3): 1, (2, 4): 1, (2, 6): 59, (2, 10): 1, (2, 12): 1, (3, 4): 1, (3, 6): 1, (3, 8): 1, (3, 9): 28, (3, 10): 22, (3, 12): 20, (3, 13): 12, (4, 5): 1, (4, 8): 53, (4, 9): 1, (4, 13): 1, (5, 6): 1, (5, 10): 1, (5, 11): 30, (5, 12): 1, (6, 8): 1, (6, 10): 1, (6, 11): 1, (6, 12): 1, (7, 11): 1, (8, 9): 1, (8, 10): 1, (9, 10): 14, (9, 12): 1, (9, 13): 1, (10, 13): 1, (11, 13): 1, (12, 13): 1}",2346.99999998611
13.0,Graph with 14 nodes and 49 edges,"[[0, 1, 0, 1, 0, 1, 0, 0, 1, 1, 0, 1, 1, 1], [1, 0, 1, 1, 1, 1, 1, 1, 0, 1, 1, 0, 0, 0], [0, 1, 0, 1, 1, 0, 1, 0, 0, 0, 1, 0, 1, 0], [1, 1, 1, 0, 1, 0, 1, 0, 1, 1, 1, 0, 1, 1], [0, 1, 1, 1, 0, 1, 0, 0, 1, 1, 0, 0, 0, 1], [1, 1, 0, 0, 1, 0, 1, 0, 0, 0, 1, 1, 1, 0], [0, 1, 1, 1, 0, 1, 0, 0, 1, 0, 1, 1, 1, 0], [0, 1, 0, 0, 0, 0, 0, 0, 0, 0, 0, 1, 0, 0], [1, 0, 0, 1, 1, 0, 1, 0, 0, 1, 1, 0, 0, 0], [1, 1, 0, 1, 1, 0, 0, 0, 1, 0, 1, 0, 1, 1], [0, 1, 1, 1, 0, 1, 1, 0, 1, 1, 0, 0, 0, 1], [1, 0, 0, 0, 0, 1, 1, 1, 0, 0, 0, 0, 0, 1], [1, 0, 1, 1, 0, 1, 1, 0, 0, 1, 0, 0, 0, 1], [1, 0, 0, 1, 1, 0, 0, 0, 0, 1, 1, 1, 1, 0]]",3.0,3.0,Y,"{0: 9, 1: 42, 2: 6, 3: 12, 4: 39, 5: 36, 6: 33, 7: 3, 8: 30, 9: 27, 10: 24, 11: 21, 12: 18, 13: 15}","{(0, 1): 1, (0, 3): 2, (0, 5): 1, (0, 8): 1, (0, 9): 1, (0, 11): 1, (0, 12): 1, (0, 13): 1, (1, 2): 1, (1, 3): 1, (1, 4): 10, (1, 5): 1, (1, 6): 24, (1, 7): 1, (1, 9): 1, (1, 10): 1, (2, 3): 1, (2, 4): 1, (2, 6): 1, (2, 10): 1, (2, 12): 1, (3, 4): 1, (3, 6): 2, (3, 8): 1, (3, 9): 1, (3, 10): 1, (3, 12): 1, (3, 13): 1, (4, 5): 1, (4, 8): 23, (4, 9): 1, (4, 13): 1, (5, 6): 1, (5, 10): 15, (5, 11): 16, (5, 12): 1, (6, 8): 1, (6, 10): 1, (6, 11): 1, (6, 12): 1, (7, 11): 2, (8, 9): 1, (8, 10): 2, (9, 10): 1, (9, 12): 12, (9, 13): 9, (10, 13): 1, (11, 13): 1, (12, 13): 1}",2310.000000022683
13.0,Graph with 14 nodes and 49 edges,"[[0, 1, 0, 1, 0, 1, 0, 0, 1, 1, 0, 1, 1, 1], [1, 0, 1, 1, 1, 1, 1, 1, 0, 1, 1, 0, 0, 0], [0, 1, 0, 1, 1, 0, 1, 0, 0, 0, 1, 0, 1, 0], [1, 1, 1, 0, 1, 0, 1, 0, 1, 1, 1, 0, 1, 1], [0, 1, 1, 1, 0, 1, 0, 0, 1, 1, 0, 0, 0, 1], [1, 1, 0, 0, 1, 0, 1, 0, 0, 0, 1, 1, 1, 0], [0, 1, 1, 1, 0, 1, 0, 0, 1, 0, 1, 1, 1, 0], [0, 1, 0, 0, 0, 0, 0, 0, 0, 0, 0, 1, 0, 0], [1, 0, 0, 1, 1, 0, 1, 0, 0, 1, 1, 0, 0, 0], [1, 1, 0, 1, 1, 0, 0, 0, 1, 0, 1, 0, 1, 1], [0, 1, 1, 1, 0, 1, 1, 0, 1, 1, 0, 0, 0, 1], [1, 0, 0, 0, 0, 1, 1, 1, 0, 0, 0, 0, 0, 1], [1, 0, 1, 1, 0, 1, 1, 0, 0, 1, 0, 0, 0, 1], [1, 0, 0, 1, 1, 0, 0, 0, 0, 1, 1, 1, 1, 0]]",3.0,5.0,Y,"{0: 8, 1: 13, 2: 68, 3: 63, 4: 58, 5: 53, 6: 48, 7: 3, 8: 43, 9: 38, 10: 33, 11: 28, 12: 23, 13: 18}","{(0, 1): 1, (0, 3): 1, (0, 5): 1, (0, 8): 1, (0, 9): 1, (0, 11): 1, (0, 12): 1, (0, 13): 1, (1, 2): 1, (1, 3): 5, (1, 4): 1, (1, 5): 1, (1, 6): 1, (1, 7): 1, (1, 9): 1, (1, 10): 1, (2, 3): 23, (2, 4): 5, (2, 6): 36, (2, 10): 1, (2, 12): 1, (3, 4): 1, (3, 6): 1, (3, 8): 1, (3, 9): 1, (3, 10): 1, (3, 12): 17, (3, 13): 12, (4, 5): 29, (4, 8): 1, (4, 9): 19, (4, 13): 1, (5, 6): 1, (5, 10): 1, (5, 11): 18, (5, 12): 1, (6, 8): 1, (6, 10): 1, (6, 11): 5, (6, 12): 1, (7, 11): 2, (8, 9): 13, (8, 10): 26, (9, 10): 1, (9, 12): 1, (9, 13): 1, (10, 13): 1, (11, 13): 1, (12, 13): 1}",2249.0000000061627
13.0,Graph with 14 nodes and 49 edges,"[[0, 1, 0, 1, 0, 1, 0, 0, 1, 1, 0, 1, 1, 1], [1, 0, 1, 1, 1, 1, 1, 1, 0, 1, 1, 0, 0, 0], [0, 1, 0, 1, 1, 0, 1, 0, 0, 0, 1, 0, 1, 0], [1, 1, 1, 0, 1, 0, 1, 0, 1, 1, 1, 0, 1, 1], [0, 1, 1, 1, 0, 1, 0, 0, 1, 1, 0, 0, 0, 1], [1, 1, 0, 0, 1, 0, 1, 0, 0, 0, 1, 1, 1, 0], [0, 1, 1, 1, 0, 1, 0, 0, 1, 0, 1, 1, 1, 0], [0, 1, 0, 0, 0, 0, 0, 0, 0, 0, 0, 1, 0, 0], [1, 0, 0, 1, 1, 0, 1, 0, 0, 1, 1, 0, 0, 0], [1, 1, 0, 1, 1, 0, 0, 0, 1, 0, 1, 0, 1, 1], [0, 1, 1, 1, 0, 1, 1, 0, 1, 1, 0, 0, 0, 1], [1, 0, 0, 0, 0, 1, 1, 1, 0, 0, 0, 0, 0, 1], [1, 0, 1, 1, 0, 1, 1, 0, 0, 1, 0, 0, 0, 1], [1, 0, 0, 1, 1, 0, 0, 0, 0, 1, 1, 1, 1, 0]]",4.0,4.0,Y,"{0: 8, 1: 12, 2: 56, 3: 52, 4: 48, 5: 44, 6: 40, 7: 4, 8: 36, 9: 32, 10: 28, 11: 24, 12: 20, 13: 16}","{(0, 1): 1, (0, 3): 1, (0, 5): 1, (0, 8): 1, (0, 9): 1, (0, 11): 1, (0, 12): 1, (0, 13): 1, (1, 2): 1, (1, 3): 4, (1, 4): 1, (1, 5): 1, (1, 6): 1, (1, 7): 1, (1, 9): 1, (1, 10): 1, (2, 3): 18, (2, 4): 5, (2, 6): 30, (2, 10): 1, (2, 12): 1, (3, 4): 1, (3, 6): 1, (3, 8): 1, (3, 9): 1, (3, 10): 1, (3, 12): 14, (3, 13): 10, (4, 5): 24, (4, 8): 1, (4, 9): 15, (4, 13): 1, (5, 6): 1, (5, 10): 1, (5, 11): 15, (5, 12): 1, (6, 8): 1, (6, 10): 1, (6, 11): 4, (6, 12): 1, (7, 11): 3, (8, 9): 11, (8, 10): 21, (9, 10): 1, (9, 12): 1, (9, 13): 1, (10, 13): 1, (11, 13): 1, (12, 13): 1}",2296.000000001186
13.0,Graph with 14 nodes and 49 edges,"[[0, 1, 0, 1, 0, 1, 0, 0, 1, 1, 0, 1, 1, 1], [1, 0, 1, 1, 1, 1, 1, 1, 0, 1, 1, 0, 0, 0], [0, 1, 0, 1, 1, 0, 1, 0, 0, 0, 1, 0, 1, 0], [1, 1, 1, 0, 1, 0, 1, 0, 1, 1, 1, 0, 1, 1], [0, 1, 1, 1, 0, 1, 0, 0, 1, 1, 0, 0, 0, 1], [1, 1, 0, 0, 1, 0, 1, 0, 0, 0, 1, 1, 1, 0], [0, 1, 1, 1, 0, 1, 0, 0, 1, 0, 1, 1, 1, 0], [0, 1, 0, 0, 0, 0, 0, 0, 0, 0, 0, 1, 0, 0], [1, 0, 0, 1, 1, 0, 1, 0, 0, 1, 1, 0, 0, 0], [1, 1, 0, 1, 1, 0, 0, 0, 1, 0, 1, 0, 1, 1], [0, 1, 1, 1, 0, 1, 1, 0, 1, 1, 0, 0, 0, 1], [1, 0, 0, 0, 0, 1, 1, 1, 0, 0, 0, 0, 0, 1], [1, 0, 1, 1, 0, 1, 1, 0, 0, 1, 0, 0, 0, 1], [1, 0, 0, 1, 1, 0, 0, 0, 0, 1, 1, 1, 1, 0]]",4.0,9.0,Y,"{0: 13, 1: 121, 2: 112, 3: 103, 4: 94, 5: 85, 6: 76, 7: 4, 8: 67, 9: 58, 10: 49, 11: 40, 12: 31, 13: 22}","{(0, 1): 1, (0, 3): 6, (0, 5): 1, (0, 8): 1, (0, 9): 1, (0, 11): 1, (0, 12): 1, (0, 13): 1, (1, 2): 40, (1, 3): 1, (1, 4): 1, (1, 5): 44, (1, 6): 28, (1, 7): 3, (1, 9): 1, (1, 10): 1, (2, 3): 1, (2, 4): 67, (2, 6): 1, (2, 10): 1, (2, 12): 1, (3, 4): 1, (3, 6): 1, (3, 8): 1, (3, 9): 30, (3, 10): 21, (3, 12): 25, (3, 13): 16, (4, 5): 1, (4, 8): 21, (4, 9): 1, (4, 13): 1, (5, 6): 1, (5, 10): 1, (5, 11): 36, (5, 12): 1, (6, 8): 41, (6, 10): 1, (6, 11): 1, (6, 12): 1, (7, 11): 1, (8, 9): 1, (8, 10): 1, (9, 10): 22, (9, 12): 1, (9, 13): 1, (10, 13): 1, (11, 13): 1, (12, 13): 1}",2225.0000000099135
14.0,Graph with 14 nodes and 50 edges,"[[0, 1, 0, 0, 0, 0, 1, 1, 0, 0, 1, 0, 1, 0], [1, 0, 0, 1, 0, 0, 1, 0, 1, 1, 0, 1, 1, 0], [0, 0, 0, 0, 1, 1, 0, 1, 1, 0, 1, 1, 1, 0], [0, 1, 0, 0, 1, 0, 1, 0, 1, 1, 0, 1, 1, 1], [0, 0, 1, 1, 0, 1, 1, 0, 0, 1, 0, 1, 0, 0], [0, 0, 1, 0, 1, 0, 1, 1, 0, 1, 0, 0, 1, 1], [1, 1, 0, 1, 1, 1, 0, 0, 1, 0, 1, 1, 0, 1], [1, 0, 1, 0, 0, 1, 0, 0, 1, 0, 0, 0, 0, 0], [0, 1, 1, 1, 0, 0, 1, 1, 0, 1, 0, 0, 1, 1], [0, 1, 0, 1, 1, 1, 0, 0, 1, 0, 0, 1, 1, 1], [1, 0, 1, 0, 0, 0, 1, 0, 0, 0, 0, 1, 1, 1], [0, 1, 1, 1, 1, 0, 1, 0, 0, 1, 1, 0, 1, 0], [1, 1, 1, 1, 0, 1, 0, 0, 1, 1, 1, 1, 0, 1], [0, 0, 0, 1, 0, 1, 1, 0, 1, 1, 1, 0, 1, 0]]",4.0,8.0,Y,"{0: 12, 1: 108, 2: 100, 3: 92, 4: 84, 5: 76, 6: 68, 7: 4, 8: 60, 9: 52, 10: 44, 11: 36, 12: 28, 13: 20}","{(0, 1): 1, (0, 6): 1, (0, 7): 1, (0, 10): 8, (0, 12): 1, (1, 3): 26, (1, 6): 1, (1, 8): 53, (1, 9): 21, (1, 11): 5, (1, 12): 1, (2, 4): 52, (2, 5): 43, (2, 7): 1, (2, 8): 1, (2, 10): 1, (2, 11): 1, (2, 12): 1, (3, 4): 1, (3, 6): 60, (3, 8): 1, (3, 9): 1, (3, 11): 1, (3, 12): 1, (3, 13): 1, (4, 5): 28, (4, 6): 1, (4, 9): 1, (4, 11): 1, (5, 6): 1, (5, 7): 1, (5, 9): 1, (5, 12): 1, (5, 13): 1, (6, 8): 1, (6, 10): 1, (6, 11): 1, (6, 13): 1, (7, 8): 1, (8, 9): 1, (8, 12): 1, (8, 13): 1, (9, 11): 25, (9, 12): 1, (9, 13): 1, (10, 11): 1, (10, 12): 19, (10, 13): 14, (11, 12): 1, (12, 13): 1}",2518.000000009124
15.0,Graph with 14 nodes and 49 edges,"[[0, 1, 1, 0, 1, 1, 1, 0, 0, 1, 1, 0, 0, 1], [1, 0, 1, 1, 1, 0, 1, 1, 0, 1, 0, 0, 0, 1], [1, 1, 0, 1, 1, 1, 1, 0, 0, 0, 1, 1, 0, 0], [0, 1, 1, 0, 1, 1, 0, 1, 0, 1, 0, 1, 0, 1], [1, 1, 1, 1, 0, 1, 0, 1, 0, 0, 1, 1, 1, 1], [1, 0, 1, 1, 1, 0, 0, 0, 0, 1, 0, 1, 0, 1], [1, 1, 1, 0, 0, 0, 0, 1, 1, 0, 1, 1, 1, 0], [0, 1, 0, 1, 1, 0, 1, 0, 0, 1, 1, 0, 0, 1], [0, 0, 0, 0, 0, 0, 1, 0, 0, 0, 0, 0, 1, 0], [1, 1, 0, 1, 0, 1, 0, 1, 0, 0, 0, 1, 1, 0], [1, 0, 1, 0, 1, 0, 1, 1, 0, 0, 0, 0, 1, 0], [0, 0, 1, 1, 1, 1, 1, 0, 0, 1, 0, 0, 1, 0], [0, 0, 0, 0, 1, 0, 1, 0, 1, 1, 1, 1, 0, 0], [1, 1, 0, 1, 1, 1, 0, 1, 0, 0, 0, 0, 0, 0]]",2.0,9.0,Y,"{0: 11, 1: 119, 2: 110, 3: 101, 4: 92, 5: 83, 6: 74, 7: 65, 8: 2, 9: 56, 10: 47, 11: 38, 12: 29, 13: 20}","{(0, 1): 1, (0, 2): 1, (0, 4): 4, (0, 5): 1, (0, 6): 1, (0, 9): 1, (0, 10): 1, (0, 13): 1, (1, 2): 1, (1, 3): 62, (1, 4): 1, (1, 6): 1, (1, 7): 34, (1, 9): 18, (1, 13): 1, (2, 3): 1, (2, 4): 19, (2, 5): 77, (2, 6): 1, (2, 10): 1, (2, 11): 8, (3, 4): 1, (3, 5): 1, (3, 7): 1, (3, 9): 33, (3, 11): 1, (3, 13): 1, (4, 5): 1, (4, 7): 1, (4, 10): 1, (4, 11): 24, (4, 12): 24, (4, 13): 15, (5, 9): 1, (5, 11): 1, (5, 13): 1, (6, 7): 26, (6, 8): 1, (6, 10): 42, (6, 11): 1, (6, 12): 1, (7, 9): 1, (7, 10): 1, (7, 13): 1, (8, 12): 1, (9, 11): 1, (9, 12): 1, (10, 12): 1, (11, 12): 1}",2331.999999967138
15.0,Graph with 14 nodes and 49 edges,"[[0, 1, 1, 0, 1, 1, 1, 0, 0, 1, 1, 0, 0, 1], [1, 0, 1, 1, 1, 0, 1, 1, 0, 1, 0, 0, 0, 1], [1, 1, 0, 1, 1, 1, 1, 0, 0, 0, 1, 1, 0, 0], [0, 1, 1, 0, 1, 1, 0, 1, 0, 1, 0, 1, 0, 1], [1, 1, 1, 1, 0, 1, 0, 1, 0, 0, 1, 1, 1, 1], [1, 0, 1, 1, 1, 0, 0, 0, 0, 1, 0, 1, 0, 1], [1, 1, 1, 0, 0, 0, 0, 1, 1, 0, 1, 1, 1, 0], [0, 1, 0, 1, 1, 0, 1, 0, 0, 1, 1, 0, 0, 1], [0, 0, 0, 0, 0, 0, 1, 0, 0, 0, 0, 0, 1, 0], [1, 1, 0, 1, 0, 1, 0, 1, 0, 0, 0, 1, 1, 0], [1, 0, 1, 0, 1, 0, 1, 1, 0, 0, 0, 0, 1, 0], [0, 0, 1, 1, 1, 1, 1, 0, 0, 1, 0, 0, 1, 0], [0, 0, 0, 0, 1, 0, 1, 0, 1, 1, 1, 1, 0, 0], [1, 1, 0, 1, 1, 1, 0, 1, 0, 0, 0, 0, 0, 0]]",4.0,2.0,Y,"{0: 8, 1: 30, 2: 28, 3: 26, 4: 10, 5: 24, 6: 22, 7: 20, 8: 4, 9: 18, 10: 16, 11: 14, 12: 12, 13: 6}","{(0, 1): 1, (0, 2): 1, (0, 4): 1, (0, 5): 1, (0, 6): 1, (0, 9): 1, (0, 10): 1, (0, 13): 1, (1, 2): 1, (1, 3): 11, (1, 4): 1, (1, 6): 3, (1, 7): 6, (1, 9): 6, (1, 13): 1, (2, 3): 1, (2, 4): 1, (2, 5): 16, (2, 6): 1, (2, 10): 1, (2, 11): 6, (3, 4): 1, (3, 5): 1, (3, 7): 9, (3, 9): 1, (3, 11): 1, (3, 13): 1, (4, 5): 1, (4, 7): 1, (4, 10): 1, (4, 11): 1, (4, 12): 1, (4, 13): 1, (5, 9): 1, (5, 11): 3, (5, 13): 1, (6, 7): 1, (6, 8): 3, (6, 10): 11, (6, 11): 1, (6, 12): 1, (7, 9): 1, (7, 10): 1, (7, 13): 1, (8, 12): 1, (9, 11): 1, (9, 12): 7, (10, 12): 1, (11, 12): 1}",1955.000000009477
15.0,Graph with 14 nodes and 49 edges,"[[0, 1, 1, 0, 1, 1, 1, 0, 0, 1, 1, 0, 0, 1], [1, 0, 1, 1, 1, 0, 1, 1, 0, 1, 0, 0, 0, 1], [1, 1, 0, 1, 1, 1, 1, 0, 0, 0, 1, 1, 0, 0], [0, 1, 1, 0, 1, 1, 0, 1, 0, 1, 0, 1, 0, 1], [1, 1, 1, 1, 0, 1, 0, 1, 0, 0, 1, 1, 1, 1], [1, 0, 1, 1, 1, 0, 0, 0, 0, 1, 0, 1, 0, 1], [1, 1, 1, 0, 0, 0, 0, 1, 1, 0, 1, 1, 1, 0], [0, 1, 0, 1, 1, 0, 1, 0, 0, 1, 1, 0, 0, 1], [0, 0, 0, 0, 0, 0, 1, 0, 0, 0, 0, 0, 1, 0], [1, 1, 0, 1, 0, 1, 0, 1, 0, 0, 0, 1, 1, 0], [1, 0, 1, 0, 1, 0, 1, 1, 0, 0, 0, 0, 1, 0], [0, 0, 1, 1, 1, 1, 1, 0, 0, 1, 0, 0, 1, 0], [0, 0, 0, 0, 1, 0, 1, 0, 1, 1, 1, 1, 0, 0], [1, 1, 0, 1, 1, 1, 0, 1, 0, 0, 0, 0, 0, 0]]",4.0,3.0,Y,"{0: 10, 1: 43, 2: 40, 3: 37, 4: 34, 5: 7, 6: 31, 7: 28, 8: 4, 9: 25, 10: 22, 11: 19, 12: 16, 13: 13}","{(0, 1): 1, (0, 2): 3, (0, 4): 1, (0, 5): 1, (0, 6): 1, (0, 9): 1, (0, 10): 1, (0, 13): 1, (1, 2): 4, (1, 3): 25, (1, 4): 8, (1, 6): 1, (1, 7): 1, (1, 9): 1, (1, 13): 1, (2, 3): 5, (2, 4): 1, (2, 5): 1, (2, 6): 22, (2, 10): 2, (2, 11): 1, (3, 4): 1, (3, 5): 1, (3, 7): 1, (3, 9): 1, (3, 11): 1, (3, 13): 1, (4, 5): 1, (4, 7): 1, (4, 10): 1, (4, 11): 1, (4, 12): 11, (4, 13): 8, (5, 9): 1, (5, 11): 1, (5, 13): 1, (6, 7): 1, (6, 8): 3, (6, 10): 1, (6, 11): 1, (6, 12): 1, (7, 9): 7, (7, 10): 16, (7, 13): 1, (8, 12): 1, (9, 11): 13, (9, 12): 1, (10, 12): 1, (11, 12): 1}",2336.9999999545144
15.0,Graph with 14 nodes and 49 edges,"[[0, 1, 1, 0, 1, 1, 1, 0, 0, 1, 1, 0, 0, 1], [1, 0, 1, 1, 1, 0, 1, 1, 0, 1, 0, 0, 0, 1], [1, 1, 0, 1, 1, 1, 1, 0, 0, 0, 1, 1, 0, 0], [0, 1, 1, 0, 1, 1, 0, 1, 0, 1, 0, 1, 0, 1], [1, 1, 1, 1, 0, 1, 0, 1, 0, 0, 1, 1, 1, 1], [1, 0, 1, 1, 1, 0, 0, 0, 0, 1, 0, 1, 0, 1], [1, 1, 1, 0, 0, 0, 0, 1, 1, 0, 1, 1, 1, 0], [0, 1, 0, 1, 1, 0, 1, 0, 0, 1, 1, 0, 0, 1], [0, 0, 0, 0, 0, 0, 1, 0, 0, 0, 0, 0, 1, 0], [1, 1, 0, 1, 0, 1, 0, 1, 0, 0, 0, 1, 1, 0], [1, 0, 1, 0, 1, 0, 1, 1, 0, 0, 0, 0, 1, 0], [0, 0, 1, 1, 1, 1, 1, 0, 0, 1, 0, 0, 1, 0], [0, 0, 0, 0, 1, 0, 1, 0, 1, 1, 1, 1, 0, 0], [1, 1, 0, 1, 1, 1, 0, 1, 0, 0, 0, 0, 0, 0]]",4.0,5.0,Y,"{0: 9, 1: 69, 2: 64, 3: 59, 4: 14, 5: 54, 6: 49, 7: 44, 8: 4, 9: 39, 10: 34, 11: 29, 12: 24, 13: 19}","{(0, 1): 1, (0, 2): 1, (0, 4): 1, (0, 5): 1, (0, 6): 1, (0, 9): 2, (0, 10): 1, (0, 13): 1, (1, 2): 1, (1, 3): 24, (1, 4): 5, (1, 6): 1, (1, 7): 21, (1, 9): 14, (1, 13): 1, (2, 3): 12, (2, 4): 1, (2, 5): 35, (2, 6): 1, (2, 10): 1, (2, 11): 12, (3, 4): 1, (3, 5): 1, (3, 7): 17, (3, 9): 1, (3, 11): 1, (3, 13): 1, (4, 5): 1, (4, 7): 1, (4, 10): 1, (4, 11): 1, (4, 12): 1, (4, 13): 1, (5, 9): 1, (5, 11): 1, (5, 13): 14, (6, 7): 1, (6, 8): 3, (6, 10): 29, (6, 11): 12, (6, 12): 1, (7, 9): 1, (7, 10): 1, (7, 13): 1, (8, 12): 1, (9, 11): 1, (9, 12): 19, (10, 12): 1, (11, 12): 1}",2367.9999999899337
16.0,Graph with 14 nodes and 46 edges,"[[0, 0, 1, 1, 1, 0, 0, 1, 1, 1, 1, 0, 1, 1], [0, 0, 1, 1, 1, 1, 1, 0, 0, 1, 0, 0, 0, 0], [1, 1, 0, 0, 0, 0, 0, 1, 1, 0, 0, 0, 0, 1], [1, 1, 0, 0, 0, 1, 1, 1, 1, 0, 1, 0, 1, 1], [1, 1, 0, 0, 0, 1, 1, 1, 1, 0, 0, 0, 1, 1], [0, 1, 0, 1, 1, 0, 1, 1, 0, 0, 0, 1, 1, 0], [0, 1, 0, 1, 1, 1, 0, 1, 0, 0, 1, 0, 0, 1], [1, 0, 1, 1, 1, 1, 1, 0, 1, 0, 1, 0, 0, 0], [1, 0, 1, 1, 1, 0, 0, 1, 0, 0, 1, 0, 0, 0], [1, 1, 0, 0, 0, 0, 0, 0, 0, 0, 0, 1, 1, 0], [1, 0, 0, 1, 0, 0, 1, 1, 1, 0, 0, 1, 0, 1], [0, 0, 0, 0, 0, 1, 0, 0, 0, 1, 1, 0, 0, 0], [1, 0, 0, 1, 1, 1, 0, 0, 0, 1, 0, 0, 0, 1], [1, 0, 1, 1, 1, 0, 1, 0, 0, 0, 1, 0, 1, 0]]",3.0,6.0,Y,"{0: 9, 1: 81, 2: 75, 3: 69, 4: 63, 5: 57, 6: 51, 7: 45, 8: 39, 9: 33, 10: 27, 11: 3, 12: 21, 13: 15}","{(0, 2): 1, (0, 3): 1, (0, 4): 1, (0, 7): 1, (0, 8): 1, (0, 9): 1, (0, 10): 1, (0, 12): 1, (0, 13): 1, (1, 2): 30, (1, 3): 1, (1, 4): 1, (1, 5): 14, (1, 6): 5, (1, 9): 30, (2, 7): 1, (2, 8): 34, (2, 13): 9, (3, 5): 38, (3, 6): 1, (3, 7): 21, (3, 8): 1, (3, 10): 4, (3, 12): 1, (3, 13): 1, (4, 5): 1, (4, 6): 41, (4, 7): 1, (4, 8): 1, (4, 12): 16, (4, 13): 1, (5, 6): 1, (5, 7): 1, (5, 11): 1, (5, 12): 1, (6, 7): 1, (6, 10): 1, (6, 13): 1, (7, 8): 1, (7, 10): 18, (8, 10): 1, (9, 11): 1, (9, 12): 1, (10, 11): 1, (10, 13): 1, (12, 13): 1}",2196.99999996692
17.0,Graph with 14 nodes and 46 edges,"[[0, 0, 0, 1, 1, 0, 1, 1, 1, 1, 1, 1, 0, 1], [0, 0, 1, 0, 0, 1, 1, 0, 0, 0, 1, 1, 0, 0], [0, 1, 0, 0, 0, 1, 0, 1, 1, 1, 0, 1, 1, 1], [1, 0, 0, 0, 0, 1, 0, 0, 1, 0, 1, 1, 0, 0], [1, 0, 0, 0, 0, 1, 1, 0, 0, 1, 0, 0, 0, 0], [0, 1, 1, 1, 1, 0, 0, 0, 1, 1, 0, 0, 0, 1], [1, 1, 0, 0, 1, 0, 0, 1, 1, 1, 0, 0, 1, 1], [1, 0, 1, 0, 0, 0, 1, 0, 0, 0, 0, 1, 0, 1], [1, 0, 1, 1, 0, 1, 1, 0, 0, 1, 0, 1, 1, 1], [1, 0, 1, 0, 1, 1, 1, 0, 1, 0, 0, 1, 1, 0], [1, 1, 0, 1, 0, 0, 0, 0, 0, 0, 0, 0, 1, 0], [1, 1, 1, 1, 0, 0, 0, 1, 1, 1, 0, 0, 0, 0], [0, 0, 1, 0, 0, 0, 1, 0, 1, 1, 1, 0, 0, 1], [1, 0, 1, 0, 0, 1, 1, 1, 1, 0, 0, 0, 1, 0]]",4.0,5.0,Y,"{0: 9, 1: 69, 2: 64, 3: 59, 4: 4, 5: 54, 6: 49, 7: 44, 8: 39, 9: 34, 10: 29, 11: 24, 12: 19, 13: 14}","{(0, 3): 1, (0, 4): 1, (0, 6): 1, (0, 7): 1, (0, 8): 1, (0, 9): 1, (0, 10): 1, (0, 11): 1, (0, 13): 1, (1, 2): 28, (1, 5): 37, (1, 6): 1, (1, 10): 1, (1, 11): 1, (2, 5): 7, (2, 7): 23, (2, 8): 1, (2, 9): 1, (2, 11): 1, (2, 12): 1, (2, 13): 1, (3, 5): 5, (3, 8): 31, (3, 10): 21, (3, 11): 1, (4, 5): 1, (4, 6): 1, (4, 9): 1, (5, 8): 1, (5, 9): 1, (5, 13): 1, (6, 7): 1, (6, 8): 1, (6, 9): 27, (6, 12): 9, (6, 13): 8, (7, 11): 18, (7, 13): 1, (8, 9): 1, (8, 11): 1, (8, 12): 1, (8, 13): 1, (9, 11): 1, (9, 12): 1, (10, 12): 6, (12, 13): 1}",2350.999999976011
18.0,Graph with 14 nodes and 39 edges,"[[0, 0, 0, 1, 0, 1, 1, 0, 0, 0, 0, 1, 1, 0], [0, 0, 1, 0, 1, 1, 1, 1, 0, 0, 0, 0, 0, 1], [0, 1, 0, 0, 0, 0, 1, 0, 1, 0, 0, 1, 1, 1], [1, 0, 0, 0, 0, 0, 1, 0, 1, 0, 1, 1, 0, 0], [0, 1, 0, 0, 0, 0, 0, 0, 1, 0, 0, 1, 0, 0], [1, 1, 0, 0, 0, 0, 0, 1, 1, 0, 1, 1, 1, 0], [1, 1, 1, 1, 0, 0, 0, 1, 1, 0, 1, 0, 0, 0], [0, 1, 0, 0, 0, 1, 1, 0, 1, 1, 1, 0, 1, 1], [0, 0, 1, 1, 1, 1, 1, 1, 0, 0, 0, 0, 1, 0], [0, 0, 0, 0, 0, 0, 0, 1, 0, 0, 0, 0, 0, 1], [0, 0, 0, 1, 0, 1, 1, 1, 0, 0, 0, 0, 0, 0], [1, 0, 1, 1, 1, 1, 0, 0, 0, 0, 0, 0, 1, 1], [1, 0, 1, 0, 0, 1, 0, 1, 1, 0, 0, 1, 0, 0], [0, 1, 1, 0, 0, 0, 0, 1, 0, 1, 0, 1, 0, 0]]",2.0,5.0,Y,"{0: 7, 1: 67, 2: 62, 3: 57, 4: 52, 5: 47, 6: 42, 7: 12, 8: 37, 9: 2, 10: 32, 11: 27, 12: 22, 13: 17}","{(0, 3): 1, (0, 5): 3, (0, 6): 1, (0, 11): 1, (0, 12): 1, (1, 2): 13, (1, 4): 50, (1, 5): 1, (1, 6): 1, (1, 7): 1, (1, 13): 1, (2, 6): 1, (2, 8): 31, (2, 11): 3, (2, 12): 1, (2, 13): 13, (3, 6): 30, (3, 8): 1, (3, 10): 23, (3, 11): 1, (4, 8): 1, (4, 11): 1, (5, 7): 5, (5, 8): 1, (5, 10): 1, (5, 11): 19, (5, 12): 17, (6, 7): 1, (6, 8): 1, (6, 10): 6, (7, 8): 1, (7, 9): 1, (7, 10): 1, (7, 12): 1, (7, 13): 1, (8, 12): 1, (9, 13): 1, (11, 12): 1, (11, 13): 1}",2668.999999968946
18.0,Graph with 14 nodes and 39 edges,"[[0, 0, 0, 1, 0, 1, 1, 0, 0, 0, 0, 1, 1, 0], [0, 0, 1, 0, 1, 1, 1, 1, 0, 0, 0, 0, 0, 1], [0, 1, 0, 0, 0, 0, 1, 0, 1, 0, 0, 1, 1, 1], [1, 0, 0, 0, 0, 0, 1, 0, 1, 0, 1, 1, 0, 0], [0, 1, 0, 0, 0, 0, 0, 0, 1, 0, 0, 1, 0, 0], [1, 1, 0, 0, 0, 0, 0, 1, 1, 0, 1, 1, 1, 0], [1, 1, 1, 1, 0, 0, 0, 1, 1, 0, 1, 0, 0, 0], [0, 1, 0, 0, 0, 1, 1, 0, 1, 1, 1, 0, 1, 1], [0, 0, 1, 1, 1, 1, 1, 1, 0, 0, 0, 0, 1, 0], [0, 0, 0, 0, 0, 0, 0, 1, 0, 0, 0, 0, 0, 1], [0, 0, 0, 1, 0, 1, 1, 1, 0, 0, 0, 0, 0, 0], [1, 0, 1, 1, 1, 1, 0, 0, 0, 0, 0, 0, 1, 1], [1, 0, 1, 0, 0, 1, 0, 1, 1, 0, 0, 1, 0, 0], [0, 1, 1, 0, 0, 0, 0, 1, 0, 1, 0, 1, 0, 0]]",3.0,5.0,Y,"{0: 8, 1: 68, 2: 63, 3: 58, 4: 3, 5: 53, 6: 48, 7: 43, 8: 38, 9: 33, 10: 28, 11: 23, 12: 18, 13: 13}","{(0, 3): 1, (0, 5): 4, (0, 6): 1, (0, 11): 1, (0, 12): 1, (1, 2): 58, (1, 4): 1, (1, 5): 6, (1, 6): 1, (1, 7): 1, (1, 13): 1, (2, 6): 1, (2, 8): 1, (2, 11): 1, (2, 12): 1, (2, 13): 1, (3, 6): 19, (3, 8): 1, (3, 10): 19, (3, 11): 17, (4, 8): 1, (4, 11): 1, (5, 7): 13, (5, 8): 15, (5, 10): 1, (5, 11): 1, (5, 12): 13, (6, 7): 1, (6, 8): 18, (6, 10): 6, (7, 8): 1, (7, 9): 24, (7, 10): 1, (7, 12): 1, (7, 13): 1, (8, 12): 1, (9, 13): 9, (11, 12): 1, (11, 13): 1}",2643.00000003459
18.0,Graph with 14 nodes and 39 edges,"[[0, 0, 0, 1, 0, 1, 1, 0, 0, 0, 0, 1, 1, 0], [0, 0, 1, 0, 1, 1, 1, 1, 0, 0, 0, 0, 0, 1], [0, 1, 0, 0, 0, 0, 1, 0, 1, 0, 0, 1, 1, 1], [1, 0, 0, 0, 0, 0, 1, 0, 1, 0, 1, 1, 0, 0], [0, 1, 0, 0, 0, 0, 0, 0, 1, 0, 0, 1, 0, 0], [1, 1, 0, 0, 0, 0, 0, 1, 1, 0, 1, 1, 1, 0], [1, 1, 1, 1, 0, 0, 0, 1, 1, 0, 1, 0, 0, 0], [0, 1, 0, 0, 0, 1, 1, 0, 1, 1, 1, 0, 1, 1], [0, 0, 1, 1, 1, 1, 1, 1, 0, 0, 0, 0, 1, 0], [0, 0, 0, 0, 0, 0, 0, 1, 0, 0, 0, 0, 0, 1], [0, 0, 0, 1, 0, 1, 1, 1, 0, 0, 0, 0, 0, 0], [1, 0, 1, 1, 1, 1, 0, 0, 0, 0, 0, 0, 1, 1], [1, 0, 1, 0, 0, 1, 0, 1, 1, 0, 0, 1, 0, 0], [0, 1, 1, 0, 0, 0, 0, 1, 0, 1, 0, 1, 0, 0]]",4.0,2.0,Y,"{0: 6, 1: 30, 2: 28, 3: 26, 4: 4, 5: 8, 6: 24, 7: 22, 8: 20, 9: 18, 10: 16, 11: 14, 12: 12, 13: 10}","{(0, 3): 1, (0, 5): 1, (0, 6): 2, (0, 11): 1, (0, 12): 1, (1, 2): 23, (1, 4): 2, (1, 5): 2, (1, 6): 1, (1, 7): 1, (1, 13): 1, (2, 6): 1, (2, 8): 1, (2, 11): 1, (2, 12): 1, (2, 13): 1, (3, 6): 5, (3, 8): 14, (3, 10): 4, (3, 11): 2, (4, 8): 1, (4, 11): 1, (5, 7): 1, (5, 8): 1, (5, 10): 1, (5, 11): 1, (5, 12): 1, (6, 7): 4, (6, 8): 1, (6, 10): 10, (7, 8): 1, (7, 9): 12, (7, 10): 1, (7, 12): 1, (7, 13): 1, (8, 12): 1, (9, 13): 6, (11, 12): 7, (11, 13): 1}",2406.00000000768
18.0,Graph with 14 nodes and 39 edges,"[[0, 0, 0, 1, 0, 1, 1, 0, 0, 0, 0, 1, 1, 0], [0, 0, 1, 0, 1, 1, 1, 1, 0, 0, 0, 0, 0, 1], [0, 1, 0, 0, 0, 0, 1, 0, 1, 0, 0, 1, 1, 1], [1, 0, 0, 0, 0, 0, 1, 0, 1, 0, 1, 1, 0, 0], [0, 1, 0, 0, 0, 0, 0, 0, 1, 0, 0, 1, 0, 0], [1, 1, 0, 0, 0, 0, 0, 1, 1, 0, 1, 1, 1, 0], [1, 1, 1, 1, 0, 0, 0, 1, 1, 0, 1, 0, 0, 0], [0, 1, 0, 0, 0, 1, 1, 0, 1, 1, 1, 0, 1, 1], [0, 0, 1, 1, 1, 1, 1, 1, 0, 0, 0, 0, 1, 0], [0, 0, 0, 0, 0, 0, 0, 1, 0, 0, 0, 0, 0, 1], [0, 0, 0, 1, 0, 1, 1, 1, 0, 0, 0, 0, 0, 0], [1, 0, 1, 1, 1, 1, 0, 0, 0, 0, 0, 0, 1, 1], [1, 0, 1, 0, 0, 1, 0, 1, 1, 0, 0, 1, 0, 0], [0, 1, 1, 0, 0, 0, 0, 1, 0, 1, 0, 1, 0, 0]]",4.0,4.0,Y,"{0: 8, 1: 56, 2: 52, 3: 48, 4: 4, 5: 44, 6: 40, 7: 36, 8: 32, 9: 28, 10: 24, 11: 20, 12: 16, 13: 12}","{(0, 3): 1, (0, 5): 1, (0, 6): 4, (0, 11): 1, (0, 12): 1, (1, 2): 44, (1, 4): 2, (1, 5): 1, (1, 6): 7, (1, 7): 1, (1, 13): 1, (2, 6): 1, (2, 8): 4, (2, 11): 1, (2, 12): 1, (2, 13): 1, (3, 6): 16, (3, 8): 1, (3, 10): 21, (3, 11): 9, (4, 8): 1, (4, 11): 1, (5, 7): 1, (5, 8): 23, (5, 10): 1, (5, 11): 6, (5, 12): 11, (6, 7): 10, (6, 8): 1, (6, 10): 1, (7, 8): 1, (7, 9): 20, (7, 10): 1, (7, 12): 1, (7, 13): 1, (8, 12): 1, (9, 13): 8, (11, 12): 1, (11, 13): 1}",2226.0000000073887
18.0,Graph with 14 nodes and 39 edges,"[[0, 0, 0, 1, 0, 1, 1, 0, 0, 0, 0, 1, 1, 0], [0, 0, 1, 0, 1, 1, 1, 1, 0, 0, 0, 0, 0, 1], [0, 1, 0, 0, 0, 0, 1, 0, 1, 0, 0, 1, 1, 1], [1, 0, 0, 0, 0, 0, 1, 0, 1, 0, 1, 1, 0, 0], [0, 1, 0, 0, 0, 0, 0, 0, 1, 0, 0, 1, 0, 0], [1, 1, 0, 0, 0, 0, 0, 1, 1, 0, 1, 1, 1, 0], [1, 1, 1, 1, 0, 0, 0, 1, 1, 0, 1, 0, 0, 0], [0, 1, 0, 0, 0, 1, 1, 0, 1, 1, 1, 0, 1, 1], [0, 0, 1, 1, 1, 1, 1, 1, 0, 0, 0, 0, 1, 0], [0, 0, 0, 0, 0, 0, 0, 1, 0, 0, 0, 0, 0, 1], [0, 0, 0, 1, 0, 1, 1, 1, 0, 0, 0, 0, 0, 0], [1, 0, 1, 1, 1, 1, 0, 0, 0, 0, 0, 0, 1, 1], [1, 0, 1, 0, 0, 1, 0, 1, 1, 0, 0, 1, 0, 0], [0, 1, 1, 0, 0, 0, 0, 1, 0, 1, 0, 1, 0, 0]]",4.0,6.0,Y,"{0: 10, 1: 82, 2: 76, 3: 70, 4: 4, 5: 64, 6: 58, 7: 52, 8: 46, 9: 40, 10: 34, 11: 28, 12: 22, 13: 16}","{(0, 3): 1, (0, 5): 1, (0, 6): 6, (0, 11): 1, (0, 12): 1, (1, 2): 32, (1, 4): 2, (1, 5): 19, (1, 6): 27, (1, 7): 1, (1, 13): 1, (2, 6): 1, (2, 8): 40, (2, 11): 1, (2, 12): 1, (2, 13): 1, (3, 6): 21, (3, 8): 1, (3, 10): 25, (3, 11): 22, (4, 8): 1, (4, 11): 1, (5, 7): 18, (5, 8): 1, (5, 10): 7, (5, 11): 1, (5, 12): 17, (6, 7): 1, (6, 8): 1, (6, 10): 1, (7, 8): 1, (7, 9): 28, (7, 10): 1, (7, 12): 1, (7, 13): 1, (8, 12): 1, (9, 13): 12, (11, 12): 1, (11, 13): 1}",2380.999999957112
19.0,Graph with 14 nodes and 41 edges,"[[0, 1, 0, 0, 0, 0, 0, 1, 1, 1, 0, 1, 1, 1], [1, 0, 0, 0, 0, 0, 0, 1, 0, 0, 0, 0, 0, 0], [0, 0, 0, 0, 1, 0, 1, 1, 1, 1, 0, 1, 0, 1], [0, 0, 0, 0, 0, 0, 0, 1, 0, 1, 1, 0, 1, 1], [0, 0, 1, 0, 0, 0, 1, 0, 1, 0, 1, 0, 1, 0], [0, 0, 0, 0, 0, 0, 1, 0, 1, 0, 0, 1, 1, 1], [0, 0, 1, 0, 1, 1, 0, 0, 0, 0, 1, 0, 0, 0], [1, 1, 1, 1, 0, 0, 0, 0, 1, 0, 0, 1, 1, 0], [1, 0, 1, 0, 1, 1, 0, 1, 0, 0, 0, 1, 1, 0], [1, 0, 1, 1, 0, 0, 0, 0, 0, 0, 0, 1, 1, 1], [0, 0, 0, 1, 1, 0, 1, 0, 0, 0, 0, 0, 0, 1], [1, 0, 1, 0, 0, 1, 0, 1, 1, 1, 0, 0, 1, 1], [1, 0, 0, 1, 1, 1, 0, 1, 1, 1, 0, 1, 0, 0], [1, 0, 1, 1, 0, 1, 0, 0, 0, 1, 1, 1, 0, 0]]",3.0,1.0,Y,"{0: 7, 1: 3, 2: 16, 3: 5, 4: 15, 5: 14, 6: 4, 7: 13, 8: 12, 9: 6, 10: 10, 11: 11, 12: 9, 13: 8}","{(0, 1): 1, (0, 7): 1, (0, 8): 1, (0, 9): 1, (0, 11): 1, (0, 12): 1, (0, 13): 1, (1, 7): 2, (2, 4): 5, (2, 6): 1, (2, 7): 6, (2, 8): 1, (2, 9): 1, (2, 11): 1, (2, 13): 1, (3, 7): 1, (3, 9): 1, (3, 10): 1, (3, 12): 1, (3, 13): 1, (4, 6): 1, (4, 8): 1, (4, 10): 7, (4, 12): 1, (5, 6): 1, (5, 8): 6, (5, 11): 3, (5, 12): 1, (5, 13): 2, (6, 10): 1, (7, 8): 1, (7, 11): 1, (7, 12): 1, (8, 11): 1, (8, 12): 1, (9, 11): 1, (9, 12): 1, (9, 13): 1, (10, 13): 1, (11, 12): 1, (11, 13): 1}",2263.0000000276596
20.0,Graph with 14 nodes and 53 edges,"[[0, 0, 0, 1, 0, 0, 1, 1, 0, 1, 1, 1, 0, 0], [0, 0, 1, 1, 0, 1, 1, 1, 1, 0, 0, 0, 1, 0], [0, 1, 0, 1, 0, 1, 1, 1, 1, 0, 1, 1, 1, 1], [1, 1, 1, 0, 0, 1, 0, 0, 0, 1, 1, 1, 0, 1], [0, 0, 0, 0, 0, 0, 1, 1, 0, 0, 0, 1, 1, 0], [0, 1, 1, 1, 0, 0, 1, 0, 0, 1, 1, 1, 1, 1], [1, 1, 1, 0, 1, 1, 0, 1, 0, 1, 0, 1, 1, 1], [1, 1, 1, 0, 1, 0, 1, 0, 0, 1, 0, 0, 0, 1], [0, 1, 1, 0, 0, 0, 0, 0, 0, 1, 0, 1, 0, 0], [1, 0, 0, 1, 0, 1, 1, 1, 1, 0, 1, 0, 1, 1], [1, 0, 1, 1, 0, 1, 0, 0, 0, 1, 0, 0, 1, 1], [1, 0, 1, 1, 1, 1, 1, 0, 1, 0, 0, 0, 0, 1], [0, 1, 1, 0, 1, 1, 1, 0, 0, 1, 1, 0, 0, 1], [0, 0, 1, 1, 0, 1, 1, 1, 0, 1, 1, 1, 1, 0]]",4.0,2.0,Y,"{0: 6, 1: 8, 2: 10, 3: 30, 4: 4, 5: 28, 6: 26, 7: 24, 8: 22, 9: 20, 10: 18, 11: 16, 12: 14, 13: 12}","{(0, 3): 1, (0, 6): 1, (0, 7): 1, (0, 9): 1, (0, 10): 1, (0, 11): 1, (1, 2): 1, (1, 3): 2, (1, 5): 1, (1, 6): 1, (1, 7): 1, (1, 8): 1, (1, 12): 1, (2, 3): 1, (2, 5): 1, (2, 6): 1, (2, 7): 1, (2, 8): 1, (2, 10): 1, (2, 11): 1, (2, 12): 1, (2, 13): 1, (3, 5): 11, (3, 9): 1, (3, 10): 12, (3, 11): 1, (3, 13): 1, (4, 6): 1, (4, 7): 1, (4, 11): 1, (4, 12): 1, (5, 6): 1, (5, 9): 2, (5, 10): 1, (5, 11): 1, (5, 12): 7, (5, 13): 3, (6, 7): 17, (6, 9): 1, (6, 11): 1, (6, 12): 1, (6, 13): 1, (7, 9): 1, (7, 13): 2, (8, 9): 11, (8, 11): 9, (9, 10): 1, (9, 12): 1, (9, 13): 1, (10, 12): 1, (10, 13): 1, (11, 13): 1, (12, 13): 1}",3018.999999994776
20.0,Graph with 14 nodes and 53 edges,"[[0, 0, 0, 1, 0, 0, 1, 1, 0, 1, 1, 1, 0, 0], [0, 0, 1, 1, 0, 1, 1, 1, 1, 0, 0, 0, 1, 0], [0, 1, 0, 1, 0, 1, 1, 1, 1, 0, 1, 1, 1, 1], [1, 1, 1, 0, 0, 1, 0, 0, 0, 1, 1, 1, 0, 1], [0, 0, 0, 0, 0, 0, 1, 1, 0, 0, 0, 1, 1, 0], [0, 1, 1, 1, 0, 0, 1, 0, 0, 1, 1, 1, 1, 1], [1, 1, 1, 0, 1, 1, 0, 1, 0, 1, 0, 1, 1, 1], [1, 1, 1, 0, 1, 0, 1, 0, 0, 1, 0, 0, 0, 1], [0, 1, 1, 0, 0, 0, 0, 0, 0, 1, 0, 1, 0, 0], [1, 0, 0, 1, 0, 1, 1, 1, 1, 0, 1, 0, 1, 1], [1, 0, 1, 1, 0, 1, 0, 0, 0, 1, 0, 0, 1, 1], [1, 0, 1, 1, 1, 1, 1, 0, 1, 0, 0, 0, 0, 1], [0, 1, 1, 0, 1, 1, 1, 0, 0, 1, 1, 0, 0, 1], [0, 0, 1, 1, 0, 1, 1, 1, 0, 1, 1, 1, 1, 0]]",4.0,6.0,Y,"{0: 10, 1: 82, 2: 76, 3: 70, 4: 4, 5: 64, 6: 58, 7: 52, 8: 46, 9: 40, 10: 34, 11: 28, 12: 22, 13: 16}","{(0, 3): 1, (0, 6): 5, (0, 7): 1, (0, 9): 1, (0, 10): 1, (0, 11): 1, (1, 2): 1, (1, 3): 1, (1, 5): 46, (1, 6): 1, (1, 7): 1, (1, 8): 30, (1, 12): 1, (2, 3): 44, (2, 5): 1, (2, 6): 1, (2, 7): 1, (2, 8): 1, (2, 10): 1, (2, 11): 2, (2, 12): 15, (2, 13): 8, (3, 5): 1, (3, 9): 1, (3, 10): 1, (3, 11): 19, (3, 13): 1, (4, 6): 1, (4, 7): 1, (4, 11): 1, (4, 12): 1, (5, 6): 1, (5, 9): 1, (5, 10): 10, (5, 11): 1, (5, 12): 1, (5, 13): 1, (6, 7): 45, (6, 9): 1, (6, 11): 1, (6, 12): 1, (6, 13): 1, (7, 9): 2, (7, 13): 1, (8, 9): 13, (8, 11): 1, (9, 10): 18, (9, 12): 1, (9, 13): 1, (10, 12): 1, (10, 13): 1, (11, 13): 1, (12, 13): 1}",2564.000000006672
21.0,Graph with 14 nodes and 47 edges,"[[0, 1, 1, 0, 0, 0, 1, 0, 0, 1, 0, 0, 0, 1], [1, 0, 0, 0, 1, 1, 1, 0, 1, 0, 1, 0, 1, 0], [1, 0, 0, 0, 1, 1, 1, 0, 0, 1, 1, 0, 0, 1], [0, 0, 0, 0, 1, 0, 0, 0, 0, 0, 1, 1, 0, 0], [0, 1, 1, 1, 0, 1, 1, 0, 0, 0, 1, 0, 1, 1], [0, 1, 1, 0, 1, 0, 1, 1, 1, 1, 1, 1, 1, 0], [1, 1, 1, 0, 1, 1, 0, 0, 0, 1, 0, 1, 0, 1], [0, 0, 0, 0, 0, 1, 0, 0, 1, 0, 1, 1, 0, 1], [0, 1, 0, 0, 0, 1, 0, 1, 0, 0, 1, 0, 0, 1], [1, 0, 1, 0, 0, 1, 1, 0, 0, 0, 1, 1, 1, 0], [0, 1, 1, 1, 1, 1, 0, 1, 1, 1, 0, 1, 0, 1], [0, 0, 0, 1, 0, 1, 1, 1, 0, 1, 1, 0, 1, 0], [0, 1, 0, 0, 1, 1, 0, 0, 0, 1, 0, 1, 0, 0], [1, 0, 1, 0, 1, 0, 1, 1, 1, 0, 1, 0, 0, 0]]",3.0,5.0,Y,"{0: 8, 1: 68, 2: 63, 3: 3, 4: 58, 5: 13, 6: 53, 7: 48, 8: 43, 9: 38, 10: 33, 11: 28, 12: 23, 13: 18}","{(0, 1): 1, (0, 2): 1, (0, 6): 4, (0, 9): 1, (0, 13): 1, (1, 4): 34, (1, 5): 4, (1, 6): 1, (1, 8): 1, (1, 10): 24, (1, 12): 2, (2, 4): 1, (2, 5): 1, (2, 6): 21, (2, 9): 32, (2, 10): 1, (2, 13): 6, (3, 4): 1, (3, 10): 1, (3, 11): 1, (4, 5): 1, (4, 6): 1, (4, 10): 1, (4, 12): 17, (4, 13): 1, (5, 6): 1, (5, 7): 1, (5, 8): 1, (5, 9): 1, (5, 10): 1, (5, 11): 1, (5, 12): 1, (6, 9): 1, (6, 11): 17, (6, 13): 7, (7, 8): 39, (7, 10): 1, (7, 11): 6, (7, 13): 1, (8, 10): 1, (8, 13): 1, (9, 10): 1, (9, 11): 1, (9, 12): 1, (10, 11): 1, (10, 13): 1, (11, 12): 1}",2364.999999997508
21.0,Graph with 14 nodes and 47 edges,"[[0, 1, 1, 0, 0, 0, 1, 0, 0, 1, 0, 0, 0, 1], [1, 0, 0, 0, 1, 1, 1, 0, 1, 0, 1, 0, 1, 0], [1, 0, 0, 0, 1, 1, 1, 0, 0, 1, 1, 0, 0, 1], [0, 0, 0, 0, 1, 0, 0, 0, 0, 0, 1, 1, 0, 0], [0, 1, 1, 1, 0, 1, 1, 0, 0, 0, 1, 0, 1, 1], [0, 1, 1, 0, 1, 0, 1, 1, 1, 1, 1, 1, 1, 0], [1, 1, 1, 0, 1, 1, 0, 0, 0, 1, 0, 1, 0, 1], [0, 0, 0, 0, 0, 1, 0, 0, 1, 0, 1, 1, 0, 1], [0, 1, 0, 0, 0, 1, 0, 1, 0, 0, 1, 0, 0, 1], [1, 0, 1, 0, 0, 1, 1, 0, 0, 0, 1, 1, 1, 0], [0, 1, 1, 1, 1, 1, 0, 1, 1, 1, 0, 1, 0, 1], [0, 0, 0, 1, 0, 1, 1, 1, 0, 1, 1, 0, 1, 0], [0, 1, 0, 0, 1, 1, 0, 0, 0, 1, 0, 1, 0, 0], [1, 0, 1, 0, 1, 0, 1, 1, 1, 0, 1, 0, 0, 0]]",4.0,5.0,Y,"{0: 9, 1: 69, 2: 64, 3: 4, 4: 59, 5: 14, 6: 54, 7: 49, 8: 44, 9: 39, 10: 34, 11: 29, 12: 24, 13: 19}","{(0, 1): 5, (0, 2): 1, (0, 6): 1, (0, 9): 1, (0, 13): 1, (1, 4): 12, (1, 5): 5, (1, 6): 1, (1, 8): 1, (1, 10): 25, (1, 12): 20, (2, 4): 40, (2, 5): 1, (2, 6): 7, (2, 9): 1, (2, 10): 1, (2, 13): 13, (3, 4): 2, (3, 10): 1, (3, 11): 1, (4, 5): 1, (4, 6): 1, (4, 10): 1, (4, 12): 1, (4, 13): 1, (5, 6): 1, (5, 7): 1, (5, 8): 1, (5, 9): 1, (5, 10): 1, (5, 11): 1, (5, 12): 1, (6, 9): 28, (6, 11): 13, (6, 13): 1, (7, 8): 40, (7, 10): 1, (7, 11): 6, (7, 13): 1, (8, 10): 1, (8, 13): 1, (9, 10): 1, (9, 11): 5, (9, 12): 1, (10, 11): 1, (10, 13): 1, (11, 12): 1}",2546.9999999927495
22.0,Graph with 14 nodes and 48 edges,"[[0, 0, 0, 1, 1, 0, 0, 1, 0, 0, 1, 0, 0, 1], [0, 0, 1, 0, 0, 0, 0, 1, 0, 1, 0, 0, 1, 0], [0, 1, 0, 1, 1, 0, 1, 1, 0, 1, 1, 1, 0, 0], [1, 0, 1, 0, 0, 0, 1, 0, 0, 0, 1, 1, 0, 1], [1, 0, 1, 0, 0, 0, 0, 1, 0, 1, 1, 1, 0, 0], [0, 0, 0, 0, 0, 0, 1, 1, 1, 0, 0, 1, 1, 0], [0, 0, 1, 1, 0, 1, 0, 1, 1, 1, 0, 0, 0, 1], [1, 1, 1, 0, 1, 1, 1, 0, 1, 1, 0, 1, 1, 1], [0, 0, 0, 0, 0, 1, 1, 1, 0, 1, 0, 1, 1, 1], [0, 1, 1, 0, 1, 0, 1, 1, 1, 0, 0, 0, 1, 0], [1, 0, 1, 1, 1, 0, 0, 0, 0, 0, 0, 0, 1, 1], [0, 0, 1, 1, 1, 1, 0, 1, 1, 0, 0, 0, 1, 1], [0, 1, 0, 0, 0, 1, 0, 1, 1, 1, 1, 1, 0, 1], [1, 0, 0, 1, 0, 0, 1, 1, 1, 0, 1, 1, 1, 0]]",4.0,5.0,Y,"{0: 9, 1: 4, 2: 69, 3: 64, 4: 59, 5: 54, 6: 49, 7: 14, 8: 44, 9: 39, 10: 34, 11: 29, 12: 24, 13: 19}","{(0, 3): 1, (0, 4): 2, (0, 7): 4, (0, 10): 1, (0, 13): 1, (1, 2): 1, (1, 7): 1, (1, 9): 1, (1, 12): 1, (2, 3): 1, (2, 4): 40, (2, 6): 1, (2, 7): 1, (2, 9): 22, (2, 10): 1, (2, 11): 1, (3, 6): 1, (3, 10): 29, (3, 11): 20, (3, 13): 12, (4, 7): 1, (4, 9): 11, (4, 10): 1, (4, 11): 3, (5, 6): 36, (5, 7): 1, (5, 8): 15, (5, 11): 1, (5, 12): 1, (6, 7): 1, (6, 8): 8, (6, 9): 1, (6, 13): 1, (7, 8): 1, (7, 9): 1, (7, 11): 1, (7, 12): 1, (7, 13): 1, (8, 9): 1, (8, 11): 1, (8, 12): 17, (8, 13): 1, (9, 12): 1, (10, 12): 1, (10, 13): 1, (11, 12): 1, (11, 13): 1, (12, 13): 1}",2541.99999994853
22.0,Graph with 14 nodes and 48 edges,"[[0, 0, 0, 1, 1, 0, 0, 1, 0, 0, 1, 0, 0, 1], [0, 0, 1, 0, 0, 0, 0, 1, 0, 1, 0, 0, 1, 0], [0, 1, 0, 1, 1, 0, 1, 1, 0, 1, 1, 1, 0, 0], [1, 0, 1, 0, 0, 0, 1, 0, 0, 0, 1, 1, 0, 1], [1, 0, 1, 0, 0, 0, 0, 1, 0, 1, 1, 1, 0, 0], [0, 0, 0, 0, 0, 0, 1, 1, 1, 0, 0, 1, 1, 0], [0, 0, 1, 1, 0, 1, 0, 1, 1, 1, 0, 0, 0, 1], [1, 1, 1, 0, 1, 1, 1, 0, 1, 1, 0, 1, 1, 1], [0, 0, 0, 0, 0, 1, 1, 1, 0, 1, 0, 1, 1, 1], [0, 1, 1, 0, 1, 0, 1, 1, 1, 0, 0, 0, 1, 0], [1, 0, 1, 1, 1, 0, 0, 0, 0, 0, 0, 0, 1, 1], [0, 0, 1, 1, 1, 1, 0, 1, 1, 0, 0, 0, 1, 1], [0, 1, 0, 0, 0, 1, 0, 1, 1, 1, 1, 1, 0, 1], [1, 0, 0, 1, 0, 0, 1, 1, 1, 0, 1, 1, 1, 0]]",4.0,9.0,Y,"{0: 13, 1: 4, 2: 121, 3: 112, 4: 103, 5: 94, 6: 85, 7: 76, 8: 67, 9: 58, 10: 49, 11: 40, 12: 31, 13: 22}","{(0, 3): 1, (0, 4): 1, (0, 7): 9, (0, 10): 1, (0, 13): 1, (1, 2): 1, (1, 7): 1, (1, 9): 1, (1, 12): 1, (2, 3): 1, (2, 4): 66, (2, 6): 1, (2, 7): 1, (2, 9): 49, (2, 10): 1, (2, 11): 1, (3, 6): 50, (3, 10): 44, (3, 11): 1, (3, 13): 15, (4, 7): 1, (4, 9): 1, (4, 10): 1, (4, 11): 33, (5, 6): 11, (5, 7): 19, (5, 8): 61, (5, 11): 1, (5, 12): 1, (6, 7): 19, (6, 8): 1, (6, 9): 1, (6, 13): 1, (7, 8): 1, (7, 9): 1, (7, 11): 1, (7, 12): 21, (7, 13): 1, (8, 9): 1, (8, 11): 1, (8, 12): 1, (8, 13): 1, (9, 12): 4, (10, 12): 1, (10, 13): 1, (11, 12): 1, (11, 13): 1, (12, 13): 1}",2544.999999997799
23.0,Graph with 14 nodes and 37 edges,"[[0, 1, 1, 0, 0, 0, 0, 1, 1, 1, 0, 0, 1, 1], [1, 0, 0, 0, 0, 0, 1, 1, 0, 0, 1, 1, 0, 1], [1, 0, 0, 1, 1, 0, 0, 0, 1, 1, 0, 1, 0, 0], [0, 0, 1, 0, 0, 0, 1, 1, 0, 1, 0, 0, 0, 0], [0, 0, 1, 0, 0, 1, 0, 0, 1, 1, 0, 0, 0, 1], [0, 0, 0, 0, 1, 0, 0, 0, 0, 1, 1, 1, 0, 0], [0, 1, 0, 1, 0, 0, 0, 0, 0, 0, 0, 1, 0, 0], [1, 1, 0, 1, 0, 0, 0, 0, 1, 1, 0, 1, 1, 0], [1, 0, 1, 0, 1, 0, 0, 1, 0, 0, 1, 0, 0, 0], [1, 0, 1, 1, 1, 1, 0, 1, 0, 0, 1, 1, 0, 0], [0, 1, 0, 0, 0, 1, 0, 0, 1, 1, 0, 0, 1, 0], [0, 1, 1, 0, 0, 1, 1, 1, 0, 1, 0, 0, 0, 0], [1, 0, 0, 0, 0, 0, 0, 1, 0, 0, 1, 0, 0, 1], [1, 1, 0, 0, 1, 0, 0, 0, 0, 0, 0, 0, 1, 0]]",3.0,4.0,Y,"{0: 23, 1: 15, 2: 43, 3: 19, 4: 51, 5: 31, 6: 3, 7: 11, 8: 39, 9: 55, 10: 7, 11: 47, 12: 35, 13: 27}","{(0, 1): 1, (0, 2): 1, (0, 7): 1, (0, 8): 1, (0, 9): 15, (0, 12): 3, (0, 13): 1, (1, 6): 1, (1, 7): 1, (1, 10): 1, (1, 11): 10, (1, 13): 1, (2, 3): 1, (2, 4): 5, (2, 8): 20, (2, 9): 1, (2, 11): 15, (3, 6): 1, (3, 7): 1, (3, 9): 16, (4, 5): 28, (4, 8): 16, (4, 9): 1, (4, 13): 1, (5, 9): 1, (5, 10): 1, (5, 11): 1, (6, 11): 1, (7, 8): 1, (7, 9): 1, (7, 11): 1, (7, 12): 5, (8, 10): 1, (9, 10): 1, (9, 11): 19, (10, 12): 3, (12, 13): 24}",86181.0000000105
23.0,Graph with 14 nodes and 37 edges,"[[0, 1, 1, 0, 0, 0, 0, 1, 1, 1, 0, 0, 1, 1], [1, 0, 0, 0, 0, 0, 1, 1, 0, 0, 1, 1, 0, 1], [1, 0, 0, 1, 1, 0, 0, 0, 1, 1, 0, 1, 0, 0], [0, 0, 1, 0, 0, 0, 1, 1, 0, 1, 0, 0, 0, 0], [0, 0, 1, 0, 0, 1, 0, 0, 1, 1, 0, 0, 0, 1], [0, 0, 0, 0, 1, 0, 0, 0, 0, 1, 1, 1, 0, 0], [0, 1, 0, 1, 0, 0, 0, 0, 0, 0, 0, 1, 0, 0], [1, 1, 0, 1, 0, 0, 0, 0, 1, 1, 0, 1, 1, 0], [1, 0, 1, 0, 1, 0, 0, 1, 0, 0, 1, 0, 0, 0], [1, 0, 1, 1, 1, 1, 0, 1, 0, 0, 1, 1, 0, 0], [0, 1, 0, 0, 0, 1, 0, 0, 1, 1, 0, 0, 1, 0], [0, 1, 1, 0, 0, 1, 1, 1, 0, 1, 0, 0, 0, 0], [1, 0, 0, 0, 0, 0, 0, 1, 0, 0, 1, 0, 0, 1], [1, 1, 0, 0, 1, 0, 0, 0, 0, 0, 0, 0, 1, 0]]",3.0,8.0,Y,"{0: 11, 1: 107, 2: 99, 3: 91, 4: 83, 5: 75, 6: 3, 7: 67, 8: 59, 9: 51, 10: 43, 11: 35, 12: 27, 13: 19}","{(0, 1): 5, (0, 2): 1, (0, 7): 1, (0, 8): 1, (0, 9): 1, (0, 12): 1, (0, 13): 1, (1, 6): 1, (1, 7): 32, (1, 10): 23, (1, 11): 30, (1, 13): 16, (2, 3): 88, (2, 4): 7, (2, 8): 1, (2, 9): 1, (2, 11): 1, (3, 6): 1, (3, 7): 1, (3, 9): 1, (4, 5): 35, (4, 8): 39, (4, 9): 1, (4, 13): 1, (5, 9): 38, (5, 10): 1, (5, 11): 1, (6, 11): 1, (7, 8): 1, (7, 9): 7, (7, 11): 1, (7, 12): 24, (8, 10): 17, (9, 10): 1, (9, 11): 1, (10, 12): 1, (12, 13): 1}",2228.9999999998145
23.0,Graph with 14 nodes and 37 edges,"[[0, 1, 1, 0, 0, 0, 0, 1, 1, 1, 0, 0, 1, 1], [1, 0, 0, 0, 0, 0, 1, 1, 0, 0, 1, 1, 0, 1], [1, 0, 0, 1, 1, 0, 0, 0, 1, 1, 0, 1, 0, 0], [0, 0, 1, 0, 0, 0, 1, 1, 0, 1, 0, 0, 0, 0], [0, 0, 1, 0, 0, 1, 0, 0, 1, 1, 0, 0, 0, 1], [0, 0, 0, 0, 1, 0, 0, 0, 0, 1, 1, 1, 0, 0], [0, 1, 0, 1, 0, 0, 0, 0, 0, 0, 0, 1, 0, 0], [1, 1, 0, 1, 0, 0, 0, 0, 1, 1, 0, 1, 1, 0], [1, 0, 1, 0, 1, 0, 0, 1, 0, 0, 1, 0, 0, 0], [1, 0, 1, 1, 1, 1, 0, 1, 0, 0, 1, 1, 0, 0], [0, 1, 0, 0, 0, 1, 0, 0, 1, 1, 0, 0, 1, 0], [0, 1, 1, 0, 0, 1, 1, 1, 0, 1, 0, 0, 0, 0], [1, 0, 0, 0, 0, 0, 0, 1, 0, 0, 1, 0, 0, 1], [1, 1, 0, 0, 1, 0, 0, 0, 0, 0, 0, 0, 1, 0]]",4.0,2.0,Y,"{0: 26, 1: 18, 2: 22, 3: 6, 4: 20, 5: 4, 6: 8, 7: 28, 8: 16, 9: 30, 10: 24, 11: 14, 12: 12, 13: 10}","{(0, 1): 1, (0, 2): 1, (0, 7): 10, (0, 8): 1, (0, 9): 11, (0, 12): 1, (0, 13): 1, (1, 6): 1, (1, 7): 1, (1, 10): 12, (1, 11): 2, (1, 13): 1, (2, 3): 3, (2, 4): 6, (2, 8): 8, (2, 9): 1, (2, 11): 3, (3, 6): 1, (3, 7): 1, (3, 9): 1, (4, 5): 1, (4, 8): 5, (4, 9): 1, (4, 13): 7, (5, 9): 1, (5, 10): 1, (5, 11): 1, (6, 11): 6, (7, 8): 1, (7, 9): 13, (7, 11): 1, (7, 12): 1, (8, 10): 1, (9, 10): 1, (9, 11): 1, (10, 12): 9, (12, 13): 1}",2689.000000032138
28.0,Graph with 14 nodes and 44 edges,"[[0, 0, 1, 0, 1, 0, 0, 0, 1, 1, 0, 1, 0, 0], [0, 0, 1, 1, 0, 0, 0, 1, 0, 1, 1, 1, 0, 0], [1, 1, 0, 0, 1, 1, 1, 1, 0, 0, 0, 1, 1, 0], [0, 1, 0, 0, 0, 1, 0, 0, 1, 0, 0, 1, 0, 1], [1, 0, 1, 0, 0, 0, 1, 0, 1, 0, 1, 0, 0, 0], [0, 0, 1, 1, 0, 0, 1, 1, 1, 1, 1, 0, 1, 1], [0, 0, 1, 0, 1, 1, 0, 1, 0, 1, 0, 1, 0, 1], [0, 1, 1, 0, 0, 1, 1, 0, 0, 1, 0, 1, 0, 1], [1, 0, 0, 1, 1, 1, 0, 0, 0, 0, 1, 0, 0, 0], [1, 1, 0, 0, 0, 1, 1, 1, 0, 0, 1, 0, 0, 1], [0, 1, 0, 0, 1, 1, 0, 0, 1, 1, 0, 1, 0, 0], [1, 1, 1, 1, 0, 0, 1, 1, 0, 0, 1, 0, 1, 1], [0, 0, 1, 0, 0, 1, 0, 0, 0, 0, 0, 1, 0, 0], [0, 0, 0, 1, 0, 1, 1, 1, 0, 1, 0, 1, 0, 0]]",3.0,2.0,Y,"{0: 5, 1: 7, 2: 9, 3: 29, 4: 27, 5: 25, 6: 23, 7: 21, 8: 19, 9: 17, 10: 15, 11: 13, 12: 3, 13: 11}","{(0, 2): 1, (0, 4): 1, (0, 8): 1, (0, 9): 1, (0, 11): 1, (1, 2): 1, (1, 3): 2, (1, 7): 1, (1, 9): 1, (1, 10): 1, (1, 11): 1, (2, 4): 1, (2, 5): 2, (2, 6): 1, (2, 7): 1, (2, 11): 1, (2, 12): 1, (3, 5): 1, (3, 8): 15, (3, 11): 5, (3, 13): 6, (4, 6): 17, (4, 8): 1, (4, 10): 7, (5, 6): 1, (5, 7): 9, (5, 8): 1, (5, 9): 5, (5, 10): 4, (5, 12): 1, (5, 13): 1, (6, 7): 1, (6, 9): 1, (6, 11): 1, (6, 13): 1, (7, 9): 7, (7, 11): 1, (7, 13): 1, (8, 10): 1, (9, 10): 1, (9, 13): 1, (10, 11): 1, (11, 12): 1, (11, 13): 1}",1966.000000038548
28.0,Graph with 14 nodes and 44 edges,"[[0, 0, 1, 0, 1, 0, 0, 0, 1, 1, 0, 1, 0, 0], [0, 0, 1, 1, 0, 0, 0, 1, 0, 1, 1, 1, 0, 0], [1, 1, 0, 0, 1, 1, 1, 1, 0, 0, 0, 1, 1, 0], [0, 1, 0, 0, 0, 1, 0, 0, 1, 0, 0, 1, 0, 1], [1, 0, 1, 0, 0, 0, 1, 0, 1, 0, 1, 0, 0, 0], [0, 0, 1, 1, 0, 0, 1, 1, 1, 1, 1, 0, 1, 1], [0, 0, 1, 0, 1, 1, 0, 1, 0, 1, 0, 1, 0, 1], [0, 1, 1, 0, 0, 1, 1, 0, 0, 1, 0, 1, 0, 1], [1, 0, 0, 1, 1, 1, 0, 0, 0, 0, 1, 0, 0, 0], [1, 1, 0, 0, 0, 1, 1, 1, 0, 0, 1, 0, 0, 1], [0, 1, 0, 0, 1, 1, 0, 0, 1, 1, 0, 1, 0, 0], [1, 1, 1, 1, 0, 0, 1, 1, 0, 0, 1, 0, 1, 1], [0, 0, 1, 0, 0, 1, 0, 0, 0, 0, 0, 1, 0, 0], [0, 0, 0, 1, 0, 1, 1, 1, 0, 1, 0, 1, 0, 0]]",3.0,4.0,Y,"{0: 7, 1: 55, 2: 11, 3: 51, 4: 47, 5: 43, 6: 39, 7: 35, 8: 31, 9: 27, 10: 23, 11: 19, 12: 3, 13: 15}","{(0, 2): 1, (0, 4): 1, (0, 8): 1, (0, 9): 1, (0, 11): 3, (1, 2): 1, (1, 3): 37, (1, 7): 9, (1, 9): 1, (1, 10): 1, (1, 11): 6, (2, 4): 1, (2, 5): 1, (2, 6): 1, (2, 7): 1, (2, 11): 4, (2, 12): 1, (3, 5): 11, (3, 8): 1, (3, 11): 1, (3, 13): 1, (4, 6): 33, (4, 8): 11, (4, 10): 1, (5, 6): 1, (5, 7): 1, (5, 8): 8, (5, 9): 1, (5, 10): 9, (5, 12): 1, (5, 13): 10, (6, 7): 1, (6, 9): 1, (6, 11): 1, (6, 13): 1, (7, 9): 21, (7, 11): 1, (7, 13): 1, (8, 10): 10, (9, 10): 1, (9, 13): 1, (10, 11): 1, (11, 12): 1, (11, 13): 1}",82099.0000000279
28.0,Graph with 14 nodes and 44 edges,"[[0, 0, 1, 0, 1, 0, 0, 0, 1, 1, 0, 1, 0, 0], [0, 0, 1, 1, 0, 0, 0, 1, 0, 1, 1, 1, 0, 0], [1, 1, 0, 0, 1, 1, 1, 1, 0, 0, 0, 1, 1, 0], [0, 1, 0, 0, 0, 1, 0, 0, 1, 0, 0, 1, 0, 1], [1, 0, 1, 0, 0, 0, 1, 0, 1, 0, 1, 0, 0, 0], [0, 0, 1, 1, 0, 0, 1, 1, 1, 1, 1, 0, 1, 1], [0, 0, 1, 0, 1, 1, 0, 1, 0, 1, 0, 1, 0, 1], [0, 1, 1, 0, 0, 1, 1, 0, 0, 1, 0, 1, 0, 1], [1, 0, 0, 1, 1, 1, 0, 0, 0, 0, 1, 0, 0, 0], [1, 1, 0, 0, 0, 1, 1, 1, 0, 0, 1, 0, 0, 1], [0, 1, 0, 0, 1, 1, 0, 0, 1, 1, 0, 1, 0, 0], [1, 1, 1, 1, 0, 0, 1, 1, 0, 0, 1, 0, 1, 1], [0, 0, 1, 0, 0, 1, 0, 0, 0, 0, 0, 1, 0, 0], [0, 0, 0, 1, 0, 1, 1, 1, 0, 1, 0, 1, 0, 0]]",4.0,4.0,Y,"{0: 8, 1: 56, 2: 52, 3: 48, 4: 44, 5: 12, 6: 40, 7: 36, 8: 32, 9: 28, 10: 24, 11: 20, 12: 4, 13: 16}","{(0, 2): 1, (0, 4): 1, (0, 8): 1, (0, 9): 1, (0, 11): 4, (1, 2): 1, (1, 3): 33, (1, 7): 19, (1, 9): 1, (1, 10): 1, (1, 11): 1, (2, 4): 11, (2, 5): 4, (2, 6): 31, (2, 7): 1, (2, 11): 1, (2, 12): 2, (3, 5): 1, (3, 8): 2, (3, 11): 1, (3, 13): 11, (4, 6): 4, (4, 8): 27, (4, 10): 1, (5, 6): 1, (5, 7): 1, (5, 8): 1, (5, 9): 1, (5, 10): 1, (5, 12): 1, (5, 13): 1, (6, 7): 1, (6, 9): 1, (6, 11): 1, (6, 13): 1, (7, 9): 12, (7, 11): 1, (7, 13): 1, (8, 10): 1, (9, 10): 11, (9, 13): 1, (10, 11): 9, (11, 12): 1, (11, 13): 1}",2589.0000000003965
28.0,Graph with 14 nodes and 44 edges,"[[0, 0, 1, 0, 1, 0, 0, 0, 1, 1, 0, 1, 0, 0], [0, 0, 1, 1, 0, 0, 0, 1, 0, 1, 1, 1, 0, 0], [1, 1, 0, 0, 1, 1, 1, 1, 0, 0, 0, 1, 1, 0], [0, 1, 0, 0, 0, 1, 0, 0, 1, 0, 0, 1, 0, 1], [1, 0, 1, 0, 0, 0, 1, 0, 1, 0, 1, 0, 0, 0], [0, 0, 1, 1, 0, 0, 1, 1, 1, 1, 1, 0, 1, 1], [0, 0, 1, 0, 1, 1, 0, 1, 0, 1, 0, 1, 0, 1], [0, 1, 1, 0, 0, 1, 1, 0, 0, 1, 0, 1, 0, 1], [1, 0, 0, 1, 1, 1, 0, 0, 0, 0, 1, 0, 0, 0], [1, 1, 0, 0, 0, 1, 1, 1, 0, 0, 1, 0, 0, 1], [0, 1, 0, 0, 1, 1, 0, 0, 1, 1, 0, 1, 0, 0], [1, 1, 1, 1, 0, 0, 1, 1, 0, 0, 1, 0, 1, 1], [0, 0, 1, 0, 0, 1, 0, 0, 0, 0, 0, 1, 0, 0], [0, 0, 0, 1, 0, 1, 1, 1, 0, 1, 0, 1, 0, 0]]",4.0,7.0,Y,"{0: 11, 1: 95, 2: 88, 3: 81, 4: 74, 5: 67, 6: 60, 7: 53, 8: 46, 9: 39, 10: 32, 11: 25, 12: 4, 13: 18}","{(0, 2): 1, (0, 4): 3, (0, 8): 1, (0, 9): 5, (0, 11): 1, (1, 2): 1, (1, 3): 76, (1, 7): 14, (1, 9): 1, (1, 10): 1, (1, 11): 1, (2, 4): 1, (2, 5): 43, (2, 6): 38, (2, 7): 1, (2, 11): 1, (2, 12): 2, (3, 5): 1, (3, 8): 1, (3, 11): 1, (3, 13): 1, (4, 6): 1, (4, 8): 42, (4, 10): 27, (5, 6): 17, (5, 7): 1, (5, 8): 1, (5, 9): 1, (5, 10): 1, (5, 12): 1, (5, 13): 1, (6, 7): 1, (6, 9): 1, (6, 11): 1, (6, 13): 1, (7, 9): 17, (7, 11): 17, (7, 13): 1, (8, 10): 1, (9, 10): 1, (9, 13): 12, (10, 11): 1, (11, 12): 1, (11, 13): 1}",2329.000000031556
29.0,Graph with 14 nodes and 48 edges,"[[0, 1, 0, 1, 0, 1, 0, 1, 1, 1, 0, 0, 1, 0], [1, 0, 0, 1, 0, 0, 1, 0, 1, 0, 0, 1, 1, 1], [0, 0, 0, 0, 1, 0, 1, 1, 1, 1, 0, 1, 0, 0], [1, 1, 0, 0, 1, 0, 1, 1, 1, 0, 0, 1, 0, 1], [0, 0, 1, 1, 0, 0, 0, 0, 1, 1, 1, 0, 1, 0], [1, 0, 0, 0, 0, 0, 1, 1, 0, 1, 0, 1, 1, 1], [0, 1, 1, 1, 0, 1, 0, 0, 1, 1, 0, 1, 0, 0], [1, 0, 1, 1, 0, 1, 0, 0, 0, 1, 1, 0, 0, 1], [1, 1, 1, 1, 1, 0, 1, 0, 0, 1, 1, 1, 1, 0], [1, 0, 1, 0, 1, 1, 1, 1, 1, 0, 1, 1, 0, 0], [0, 0, 0, 0, 1, 0, 0, 1, 1, 1, 0, 0, 0, 0], [0, 1, 1, 1, 0, 1, 1, 0, 1, 1, 0, 0, 0, 0], [1, 1, 0, 0, 1, 1, 0, 0, 1, 0, 0, 0, 0, 1], [0, 1, 0, 1, 0, 1, 0, 1, 0, 0, 0, 0, 1, 0]]",4.0,1.0,Y,"{0: 12, 1: 14, 2: 8, 3: 15, 4: 7, 5: 9, 6: 13, 7: 11, 8: 17, 9: 16, 10: 4, 11: 10, 12: 6, 13: 5}","{(0, 1): 1, (0, 3): 1, (0, 5): 1, (0, 7): 1, (0, 8): 4, (0, 9): 3, (0, 12): 1, (1, 3): 3, (1, 6): 5, (1, 8): 1, (1, 11): 1, (1, 12): 1, (1, 13): 1, (2, 4): 1, (2, 6): 1, (2, 7): 3, (2, 8): 1, (2, 9): 1, (2, 11): 1, (3, 4): 1, (3, 6): 2, (3, 7): 1, (3, 8): 1, (3, 11): 4, (3, 13): 1, (4, 8): 1, (4, 9): 2, (4, 10): 1, (4, 12): 1, (5, 6): 1, (5, 7): 3, (5, 9): 1, (5, 11): 1, (5, 12): 1, (5, 13): 1, (6, 8): 1, (6, 9): 1, (6, 11): 1, (7, 9): 1, (7, 10): 1, (7, 13): 1, (8, 9): 5, (8, 10): 1, (8, 11): 1, (8, 12): 1, (9, 10): 1, (9, 11): 1, (12, 13): 1}",1920.9999999816318
29.0,Graph with 14 nodes and 48 edges,"[[0, 1, 0, 1, 0, 1, 0, 1, 1, 1, 0, 0, 1, 0], [1, 0, 0, 1, 0, 0, 1, 0, 1, 0, 0, 1, 1, 1], [0, 0, 0, 0, 1, 0, 1, 1, 1, 1, 0, 1, 0, 0], [1, 1, 0, 0, 1, 0, 1, 1, 1, 0, 0, 1, 0, 1], [0, 0, 1, 1, 0, 0, 0, 0, 1, 1, 1, 0, 1, 0], [1, 0, 0, 0, 0, 0, 1, 1, 0, 1, 0, 1, 1, 1], [0, 1, 1, 1, 0, 1, 0, 0, 1, 1, 0, 1, 0, 0], [1, 0, 1, 1, 0, 1, 0, 0, 0, 1, 1, 0, 0, 1], [1, 1, 1, 1, 1, 0, 1, 0, 0, 1, 1, 1, 1, 0], [1, 0, 1, 0, 1, 1, 1, 1, 1, 0, 1, 1, 0, 0], [0, 0, 0, 0, 1, 0, 0, 1, 1, 1, 0, 0, 0, 0], [0, 1, 1, 1, 0, 1, 1, 0, 1, 1, 0, 0, 0, 0], [1, 1, 0, 0, 1, 1, 0, 0, 1, 0, 0, 0, 0, 1], [0, 1, 0, 1, 0, 1, 0, 1, 0, 0, 0, 0, 1, 0]]",4.0,6.0,Y,"{0: 10, 1: 82, 2: 76, 3: 70, 4: 64, 5: 58, 6: 52, 7: 46, 8: 40, 9: 34, 10: 4, 11: 28, 12: 22, 13: 16}","{(0, 1): 1, (0, 3): 1, (0, 5): 1, (0, 7): 1, (0, 8): 4, (0, 9): 1, (0, 12): 1, (1, 3): 9, (1, 6): 46, (1, 8): 1, (1, 11): 22, (1, 12): 2, (1, 13): 1, (2, 4): 59, (2, 6): 1, (2, 7): 13, (2, 8): 1, (2, 9): 1, (2, 11): 1, (3, 4): 1, (3, 6): 1, (3, 7): 28, (3, 8): 28, (3, 11): 1, (3, 13): 1, (4, 8): 1, (4, 9): 1, (4, 10): 1, (4, 12): 1, (5, 6): 1, (5, 7): 1, (5, 9): 26, (5, 11): 1, (5, 12): 16, (5, 13): 12, (6, 8): 1, (6, 9): 1, (6, 11): 1, (7, 9): 1, (7, 10): 1, (7, 13): 1, (8, 9): 1, (8, 10): 1, (8, 11): 1, (8, 12): 1, (9, 10): 1, (9, 11): 1, (12, 13): 1}",2302.9999999835127
29.0,Graph with 14 nodes and 48 edges,"[[0, 1, 0, 1, 0, 1, 0, 1, 1, 1, 0, 0, 1, 0], [1, 0, 0, 1, 0, 0, 1, 0, 1, 0, 0, 1, 1, 1], [0, 0, 0, 0, 1, 0, 1, 1, 1, 1, 0, 1, 0, 0], [1, 1, 0, 0, 1, 0, 1, 1, 1, 0, 0, 1, 0, 1], [0, 0, 1, 1, 0, 0, 0, 0, 1, 1, 1, 0, 1, 0], [1, 0, 0, 0, 0, 0, 1, 1, 0, 1, 0, 1, 1, 1], [0, 1, 1, 1, 0, 1, 0, 0, 1, 1, 0, 1, 0, 0], [1, 0, 1, 1, 0, 1, 0, 0, 0, 1, 1, 0, 0, 1], [1, 1, 1, 1, 1, 0, 1, 0, 0, 1, 1, 1, 1, 0], [1, 0, 1, 0, 1, 1, 1, 1, 1, 0, 1, 1, 0, 0], [0, 0, 0, 0, 1, 0, 0, 1, 1, 1, 0, 0, 0, 0], [0, 1, 1, 1, 0, 1, 1, 0, 1, 1, 0, 0, 0, 0], [1, 1, 0, 0, 1, 1, 0, 0, 1, 0, 0, 0, 0, 1], [0, 1, 0, 1, 0, 1, 0, 1, 0, 0, 0, 0, 1, 0]]",4.0,7.0,Y,"{0: 11, 1: 95, 2: 88, 3: 81, 4: 74, 5: 67, 6: 60, 7: 53, 8: 46, 9: 39, 10: 4, 11: 32, 12: 25, 13: 18}","{(0, 1): 1, (0, 3): 1, (0, 5): 5, (0, 7): 1, (0, 8): 1, (0, 9): 1, (0, 12): 1, (1, 3): 5, (1, 6): 40, (1, 8): 14, (1, 11): 26, (1, 12): 1, (1, 13): 7, (2, 4): 69, (2, 6): 15, (2, 7): 1, (2, 8): 1, (2, 9): 1, (2, 11): 1, (3, 4): 1, (3, 6): 1, (3, 7): 47, (3, 8): 23, (3, 11): 1, (3, 13): 1, (4, 8): 1, (4, 9): 1, (4, 10): 1, (4, 12): 1, (5, 6): 1, (5, 7): 1, (5, 9): 31, (5, 11): 1, (5, 12): 20, (5, 13): 8, (6, 8): 1, (6, 9): 1, (6, 11): 1, (7, 9): 1, (7, 10): 1, (7, 13): 1, (8, 9): 1, (8, 10): 1, (8, 11): 1, (8, 12): 1, (9, 10): 1, (9, 11): 1, (12, 13): 1}",2324.9999999848114
29.0,Graph with 14 nodes and 48 edges,"[[0, 1, 0, 1, 0, 1, 0, 1, 1, 1, 0, 0, 1, 0], [1, 0, 0, 1, 0, 0, 1, 0, 1, 0, 0, 1, 1, 1], [0, 0, 0, 0, 1, 0, 1, 1, 1, 1, 0, 1, 0, 0], [1, 1, 0, 0, 1, 0, 1, 1, 1, 0, 0, 1, 0, 1], [0, 0, 1, 1, 0, 0, 0, 0, 1, 1, 1, 0, 1, 0], [1, 0, 0, 0, 0, 0, 1, 1, 0, 1, 0, 1, 1, 1], [0, 1, 1, 1, 0, 1, 0, 0, 1, 1, 0, 1, 0, 0], [1, 0, 1, 1, 0, 1, 0, 0, 0, 1, 1, 0, 0, 1], [1, 1, 1, 1, 1, 0, 1, 0, 0, 1, 1, 1, 1, 0], [1, 0, 1, 0, 1, 1, 1, 1, 1, 0, 1, 1, 0, 0], [0, 0, 0, 0, 1, 0, 0, 1, 1, 1, 0, 0, 0, 0], [0, 1, 1, 1, 0, 1, 1, 0, 1, 1, 0, 0, 0, 0], [1, 1, 0, 0, 1, 1, 0, 0, 1, 0, 0, 0, 0, 1], [0, 1, 0, 1, 0, 1, 0, 1, 0, 0, 0, 0, 1, 0]]",4.0,8.0,Y,"{0: 12, 1: 108, 2: 100, 3: 92, 4: 84, 5: 76, 6: 68, 7: 60, 8: 52, 9: 44, 10: 4, 11: 36, 12: 28, 13: 20}","{(0, 1): 1, (0, 3): 1, (0, 5): 1, (0, 7): 1, (0, 8): 1, (0, 9): 6, (0, 12): 1, (1, 3): 62, (1, 6): 20, (1, 8): 1, (1, 11): 22, (1, 12): 1, (1, 13): 1, (2, 4): 79, (2, 6): 17, (2, 7): 1, (2, 8): 1, (2, 9): 1, (2, 11): 1, (3, 4): 1, (3, 6): 1, (3, 7): 1, (3, 8): 1, (3, 11): 9, (3, 13): 16, (4, 8): 1, (4, 9): 1, (4, 10): 1, (4, 12): 1, (5, 6): 27, (5, 7): 44, (5, 9): 1, (5, 11): 1, (5, 12): 1, (5, 13): 1, (6, 8): 1, (6, 9): 1, (6, 11): 1, (7, 9): 11, (7, 10): 1, (7, 13): 1, (8, 9): 21, (8, 10): 1, (8, 11): 1, (8, 12): 23, (9, 10): 1, (9, 11): 1, (12, 13): 1}",2349.000000037904
30.0,Graph with 14 nodes and 42 edges,"[[0, 0, 1, 1, 1, 0, 0, 1, 1, 1, 1, 1, 1, 0], [0, 0, 1, 1, 1, 0, 0, 0, 1, 0, 0, 0, 1, 0], [1, 1, 0, 0, 1, 0, 0, 1, 1, 0, 0, 0, 1, 0], [1, 1, 0, 0, 0, 1, 0, 0, 0, 0, 1, 0, 0, 1], [1, 1, 1, 0, 0, 0, 1, 1, 0, 0, 1, 1, 0, 0], [0, 0, 0, 1, 0, 0, 1, 1, 1, 0, 1, 0, 0, 0], [0, 0, 0, 0, 1, 1, 0, 1, 0, 0, 0, 0, 1, 0], [1, 0, 1, 0, 1, 1, 1, 0, 0, 1, 1, 1, 1, 1], [1, 1, 1, 0, 0, 1, 0, 0, 0, 0, 0, 1, 1, 0], [1, 0, 0, 0, 0, 0, 0, 1, 0, 0, 1, 0, 0, 1], [1, 0, 0, 1, 1, 1, 0, 1, 0, 1, 0, 1, 0, 0], [1, 0, 0, 0, 1, 0, 0, 1, 1, 0, 1, 0, 0, 1], [1, 1, 1, 0, 0, 0, 1, 1, 1, 0, 0, 0, 0, 0], [0, 0, 0, 1, 0, 0, 0, 1, 0, 1, 0, 1, 0, 0]]",4.0,5.0,Y,"{0: 9, 1: 69, 2: 64, 3: 59, 4: 54, 5: 49, 6: 4, 7: 14, 8: 44, 9: 39, 10: 34, 11: 29, 12: 24, 13: 19}","{(0, 2): 1, (0, 3): 1, (0, 4): 1, (0, 7): 1, (0, 8): 1, (0, 9): 1, (0, 10): 1, (0, 11): 1, (0, 12): 1, (1, 2): 36, (1, 3): 11, (1, 4): 1, (1, 8): 19, (1, 12): 1, (2, 4): 18, (2, 7): 5, (2, 8): 2, (2, 12): 1, (3, 5): 45, (3, 10): 1, (3, 13): 1, (4, 6): 1, (4, 7): 1, (4, 10): 8, (4, 11): 24, (5, 6): 1, (5, 7): 1, (5, 8): 1, (5, 10): 1, (6, 7): 1, (6, 12): 1, (7, 9): 1, (7, 10): 1, (7, 11): 1, (7, 12): 1, (7, 13): 1, (8, 11): 1, (8, 12): 19, (9, 10): 21, (9, 13): 16, (10, 11): 1, (11, 13): 1}",2638.9999999878455
30.0,Graph with 14 nodes and 42 edges,"[[0, 0, 1, 1, 1, 0, 0, 1, 1, 1, 1, 1, 1, 0], [0, 0, 1, 1, 1, 0, 0, 0, 1, 0, 0, 0, 1, 0], [1, 1, 0, 0, 1, 0, 0, 1, 1, 0, 0, 0, 1, 0], [1, 1, 0, 0, 0, 1, 0, 0, 0, 0, 1, 0, 0, 1], [1, 1, 1, 0, 0, 0, 1, 1, 0, 0, 1, 1, 0, 0], [0, 0, 0, 1, 0, 0, 1, 1, 1, 0, 1, 0, 0, 0], [0, 0, 0, 0, 1, 1, 0, 1, 0, 0, 0, 0, 1, 0], [1, 0, 1, 0, 1, 1, 1, 0, 0, 1, 1, 1, 1, 1], [1, 1, 1, 0, 0, 1, 0, 0, 0, 0, 0, 1, 1, 0], [1, 0, 0, 0, 0, 0, 0, 1, 0, 0, 1, 0, 0, 1], [1, 0, 0, 1, 1, 1, 0, 1, 0, 1, 0, 1, 0, 0], [1, 0, 0, 0, 1, 0, 0, 1, 1, 0, 1, 0, 0, 1], [1, 1, 1, 0, 0, 0, 1, 1, 1, 0, 0, 0, 0, 0], [0, 0, 0, 1, 0, 0, 0, 1, 0, 1, 0, 1, 0, 0]]",4.0,7.0,Y,"{0: 11, 1: 95, 2: 88, 3: 81, 4: 74, 5: 67, 6: 4, 7: 60, 8: 53, 9: 46, 10: 39, 11: 32, 12: 25, 13: 18}","{(0, 2): 1, (0, 3): 1, (0, 4): 3, (0, 7): 1, (0, 8): 1, (0, 9): 1, (0, 10): 1, (0, 11): 1, (0, 12): 1, (1, 2): 51, (1, 3): 15, (1, 4): 1, (1, 8): 26, (1, 12): 1, (2, 4): 10, (2, 7): 23, (2, 8): 1, (2, 12): 1, (3, 5): 63, (3, 10): 1, (3, 13): 1, (4, 6): 1, (4, 7): 1, (4, 10): 33, (4, 11): 24, (5, 6): 1, (5, 7): 1, (5, 8): 1, (5, 10): 1, (6, 7): 1, (6, 12): 1, (7, 9): 29, (7, 10): 1, (7, 11): 1, (7, 12): 1, (7, 13): 1, (8, 11): 3, (8, 12): 20, (9, 10): 1, (9, 13): 15, (10, 11): 1, (11, 13): 1}",2508.0000000343716
30.0,Graph with 14 nodes and 42 edges,"[[0, 0, 1, 1, 1, 0, 0, 1, 1, 1, 1, 1, 1, 0], [0, 0, 1, 1, 1, 0, 0, 0, 1, 0, 0, 0, 1, 0], [1, 1, 0, 0, 1, 0, 0, 1, 1, 0, 0, 0, 1, 0], [1, 1, 0, 0, 0, 1, 0, 0, 0, 0, 1, 0, 0, 1], [1, 1, 1, 0, 0, 0, 1, 1, 0, 0, 1, 1, 0, 0], [0, 0, 0, 1, 0, 0, 1, 1, 1, 0, 1, 0, 0, 0], [0, 0, 0, 0, 1, 1, 0, 1, 0, 0, 0, 0, 1, 0], [1, 0, 1, 0, 1, 1, 1, 0, 0, 1, 1, 1, 1, 1], [1, 1, 1, 0, 0, 1, 0, 0, 0, 0, 0, 1, 1, 0], [1, 0, 0, 0, 0, 0, 0, 1, 0, 0, 1, 0, 0, 1], [1, 0, 0, 1, 1, 1, 0, 1, 0, 1, 0, 1, 0, 0], [1, 0, 0, 0, 1, 0, 0, 1, 1, 0, 1, 0, 0, 1], [1, 1, 1, 0, 0, 0, 1, 1, 1, 0, 0, 0, 0, 0], [0, 0, 0, 1, 0, 0, 0, 1, 0, 1, 0, 1, 0, 0]]",4.0,8.0,Y,"{0: 12, 1: 108, 2: 100, 3: 92, 4: 84, 5: 76, 6: 4, 7: 68, 8: 60, 9: 52, 10: 44, 11: 36, 12: 28, 13: 20}","{(0, 2): 1, (0, 3): 1, (0, 4): 4, (0, 7): 1, (0, 8): 1, (0, 9): 1, (0, 10): 1, (0, 11): 1, (0, 12): 1, (1, 2): 72, (1, 3): 17, (1, 4): 8, (1, 8): 10, (1, 12): 1, (2, 4): 1, (2, 7): 1, (2, 8): 24, (2, 12): 1, (3, 5): 72, (3, 10): 1, (3, 13): 1, (4, 6): 1, (4, 7): 1, (4, 10): 38, (4, 11): 31, (5, 6): 1, (5, 7): 1, (5, 8): 1, (5, 10): 1, (6, 7): 1, (6, 12): 1, (7, 9): 46, (7, 10): 1, (7, 11): 1, (7, 12): 1, (7, 13): 14, (8, 11): 1, (8, 12): 23, (9, 10): 1, (9, 13): 4, (10, 11): 1, (11, 13): 1}",3475.0000000371983
33.0,Graph with 14 nodes and 44 edges,"[[0, 1, 0, 0, 0, 0, 1, 0, 0, 1, 1, 1, 0, 1], [1, 0, 1, 0, 1, 0, 1, 1, 0, 0, 0, 1, 1, 1], [0, 1, 0, 0, 1, 0, 0, 0, 0, 0, 0, 0, 0, 0], [0, 0, 0, 0, 0, 1, 1, 0, 0, 0, 0, 0, 1, 0], [0, 1, 1, 0, 0, 1, 0, 1, 1, 0, 0, 1, 0, 1], [0, 0, 0, 1, 1, 0, 0, 0, 1, 1, 0, 1, 1, 1], [1, 1, 0, 1, 0, 0, 0, 0, 1, 0, 1, 1, 0, 1], [0, 1, 0, 0, 1, 0, 0, 0, 0, 1, 1, 1, 1, 1], [0, 0, 0, 0, 1, 1, 1, 0, 0, 0, 0, 1, 0, 0], [1, 0, 0, 0, 0, 1, 0, 1, 0, 0, 1, 0, 1, 0], [1, 0, 0, 0, 0, 0, 1, 1, 0, 1, 0, 1, 0, 1], [1, 1, 0, 0, 1, 1, 1, 1, 1, 0, 1, 0, 1, 1], [0, 1, 0, 1, 0, 1, 0, 1, 0, 1, 0, 1, 0, 1], [1, 1, 0, 0, 1, 1, 1, 1, 0, 0, 1, 1, 1, 0]]",3.0,2.0,Y,"{0: 7, 1: 9, 2: 3, 3: 29, 4: 27, 5: 25, 6: 23, 7: 21, 8: 5, 9: 19, 10: 17, 11: 15, 12: 13, 13: 11}","{(0, 1): 1, (0, 6): 1, (0, 9): 1, (0, 10): 1, (0, 11): 2, (0, 13): 1, (1, 2): 1, (1, 4): 2, (1, 6): 1, (1, 7): 1, (1, 11): 1, (1, 12): 1, (1, 13): 1, (2, 4): 2, (3, 5): 18, (3, 6): 10, (3, 12): 1, (4, 5): 2, (4, 7): 15, (4, 8): 2, (4, 11): 1, (4, 13): 3, (5, 8): 1, (5, 9): 1, (5, 11): 1, (5, 12): 1, (5, 13): 1, (6, 8): 1, (6, 10): 4, (6, 11): 5, (6, 13): 1, (7, 9): 1, (7, 10): 1, (7, 11): 1, (7, 12): 1, (7, 13): 1, (8, 11): 1, (9, 10): 9, (9, 12): 7, (10, 11): 1, (10, 13): 1, (11, 12): 1, (11, 13): 1, (12, 13): 1}",2245.0000000162618
33.0,Graph with 14 nodes and 44 edges,"[[0, 1, 0, 0, 0, 0, 1, 0, 0, 1, 1, 1, 0, 1], [1, 0, 1, 0, 1, 0, 1, 1, 0, 0, 0, 1, 1, 1], [0, 1, 0, 0, 1, 0, 0, 0, 0, 0, 0, 0, 0, 0], [0, 0, 0, 0, 0, 1, 1, 0, 0, 0, 0, 0, 1, 0], [0, 1, 1, 0, 0, 1, 0, 1, 1, 0, 0, 1, 0, 1], [0, 0, 0, 1, 1, 0, 0, 0, 1, 1, 0, 1, 1, 1], [1, 1, 0, 1, 0, 0, 0, 0, 1, 0, 1, 1, 0, 1], [0, 1, 0, 0, 1, 0, 0, 0, 0, 1, 1, 1, 1, 1], [0, 0, 0, 0, 1, 1, 1, 0, 0, 0, 0, 1, 0, 0], [1, 0, 0, 0, 0, 1, 0, 1, 0, 0, 1, 0, 1, 0], [1, 0, 0, 0, 0, 0, 1, 1, 0, 1, 0, 1, 0, 1], [1, 1, 0, 0, 1, 1, 1, 1, 1, 0, 1, 0, 1, 1], [0, 1, 0, 1, 0, 1, 0, 1, 0, 1, 0, 1, 0, 1], [1, 1, 0, 0, 1, 1, 1, 1, 0, 0, 1, 1, 1, 0]]",3.0,8.0,Y,"{0: 11, 1: 107, 2: 3, 3: 99, 4: 91, 5: 83, 6: 75, 7: 67, 8: 59, 9: 51, 10: 43, 11: 35, 12: 27, 13: 19}","{(0, 1): 1, (0, 6): 1, (0, 9): 1, (0, 10): 6, (0, 11): 1, (0, 13): 1, (1, 2): 2, (1, 4): 47, (1, 6): 1, (1, 7): 53, (1, 11): 1, (1, 12): 1, (1, 13): 1, (2, 4): 1, (3, 5): 59, (3, 6): 39, (3, 12): 1, (4, 5): 1, (4, 7): 1, (4, 8): 39, (4, 11): 1, (4, 13): 1, (5, 8): 1, (5, 9): 19, (5, 11): 1, (5, 12): 1, (5, 13): 1, (6, 8): 1, (6, 10): 31, (6, 11): 1, (6, 13): 1, (7, 9): 9, (7, 10): 1, (7, 11): 1, (7, 12): 1, (7, 13): 1, (8, 11): 18, (9, 10): 1, (9, 12): 21, (10, 11): 1, (10, 13): 3, (11, 12): 1, (11, 13): 9, (12, 13): 1}",2546.9999999927495
33.0,Graph with 14 nodes and 44 edges,"[[0, 1, 0, 0, 0, 0, 1, 0, 0, 1, 1, 1, 0, 1], [1, 0, 1, 0, 1, 0, 1, 1, 0, 0, 0, 1, 1, 1], [0, 1, 0, 0, 1, 0, 0, 0, 0, 0, 0, 0, 0, 0], [0, 0, 0, 0, 0, 1, 1, 0, 0, 0, 0, 0, 1, 0], [0, 1, 1, 0, 0, 1, 0, 1, 1, 0, 0, 1, 0, 1], [0, 0, 0, 1, 1, 0, 0, 0, 1, 1, 0, 1, 1, 1], [1, 1, 0, 1, 0, 0, 0, 0, 1, 0, 1, 1, 0, 1], [0, 1, 0, 0, 1, 0, 0, 0, 0, 1, 1, 1, 1, 1], [0, 0, 0, 0, 1, 1, 1, 0, 0, 0, 0, 1, 0, 0], [1, 0, 0, 0, 0, 1, 0, 1, 0, 0, 1, 0, 1, 0], [1, 0, 0, 0, 0, 0, 1, 1, 0, 1, 0, 1, 0, 1], [1, 1, 0, 0, 1, 1, 1, 1, 1, 0, 1, 0, 1, 1], [0, 1, 0, 1, 0, 1, 0, 1, 0, 1, 0, 1, 0, 1], [1, 1, 0, 0, 1, 1, 1, 1, 0, 0, 1, 1, 1, 0]]",4.0,9.0,Y,"{0: 13, 1: 121, 2: 4, 3: 112, 4: 103, 5: 94, 6: 85, 7: 76, 8: 67, 9: 58, 10: 49, 11: 40, 12: 31, 13: 22}","{(0, 1): 1, (0, 6): 1, (0, 9): 8, (0, 10): 1, (0, 11): 1, (0, 13): 1, (1, 2): 3, (1, 4): 34, (1, 6): 10, (1, 7): 70, (1, 11): 1, (1, 12): 1, (1, 13): 1, (2, 4): 1, (3, 5): 66, (3, 6): 44, (3, 12): 1, (4, 5): 1, (4, 7): 1, (4, 8): 64, (4, 11): 1, (4, 13): 1, (5, 8): 1, (5, 9): 22, (5, 11): 1, (5, 12): 1, (5, 13): 1, (6, 8): 1, (6, 10): 26, (6, 11): 1, (6, 13): 1, (7, 9): 1, (7, 10): 1, (7, 11): 1, (7, 12): 1, (7, 13): 1, (8, 11): 1, (9, 10): 1, (9, 12): 25, (10, 11): 18, (10, 13): 1, (11, 12): 1, (11, 13): 14, (12, 13): 1}",2431.9999999988795
34.0,Graph with 14 nodes and 47 edges,"[[0, 0, 1, 1, 1, 0, 0, 1, 0, 1, 0, 0, 1, 0], [0, 0, 0, 0, 1, 1, 1, 1, 0, 1, 1, 1, 1, 0], [1, 0, 0, 1, 0, 0, 1, 0, 0, 1, 0, 1, 1, 1], [1, 0, 1, 0, 1, 1, 1, 1, 0, 0, 1, 0, 0, 0], [1, 1, 0, 1, 0, 1, 1, 0, 0, 1, 0, 1, 1, 0], [0, 1, 0, 1, 1, 0, 0, 1, 1, 0, 1, 0, 0, 0], [0, 1, 1, 1, 1, 0, 0, 1, 0, 1, 0, 1, 0, 0], [1, 1, 0, 1, 0, 1, 1, 0, 0, 0, 1, 0, 1, 1], [0, 0, 0, 0, 0, 1, 0, 0, 0, 0, 1, 1, 0, 1], [1, 1, 1, 0, 1, 0, 1, 0, 0, 0, 1, 0, 1, 0], [0, 1, 0, 1, 0, 1, 0, 1, 1, 1, 0, 0, 1, 0], [0, 1, 1, 0, 1, 0, 1, 0, 1, 0, 0, 0, 1, 0], [1, 1, 1, 0, 1, 0, 0, 1, 0, 1, 1, 1, 0, 1], [0, 0, 1, 0, 0, 0, 0, 1, 1, 0, 0, 0, 1, 0]]",4.0,7.0,Y,"{0: 11, 1: 95, 2: 88, 3: 81, 4: 74, 5: 67, 6: 60, 7: 53, 8: 4, 9: 46, 10: 39, 11: 32, 12: 25, 13: 18}","{(0, 2): 1, (0, 3): 1, (0, 4): 1, (0, 7): 6, (0, 9): 1, (0, 12): 1, (1, 4): 12, (1, 5): 46, (1, 6): 14, (1, 7): 1, (1, 9): 1, (1, 10): 1, (1, 11): 18, (1, 12): 1, (2, 3): 43, (2, 6): 1, (2, 9): 1, (2, 11): 10, (2, 12): 17, (2, 13): 15, (3, 4): 1, (3, 5): 1, (3, 6): 1, (3, 7): 1, (3, 10): 33, (4, 5): 16, (4, 6): 1, (4, 9): 40, (4, 11): 1, (4, 12): 1, (5, 7): 1, (5, 8): 1, (5, 10): 1, (6, 7): 41, (6, 9): 1, (6, 11): 1, (7, 10): 1, (7, 12): 1, (7, 13): 1, (8, 10): 1, (8, 11): 1, (8, 13): 1, (9, 10): 1, (9, 12): 1, (10, 12): 1, (11, 12): 1, (12, 13): 1}",2291.0000000138098
35.0,Graph with 14 nodes and 35 edges,"[[0, 1, 0, 0, 0, 1, 1, 0, 1, 1, 0, 1, 1, 0], [1, 0, 0, 1, 1, 0, 1, 0, 0, 0, 0, 1, 0, 0], [0, 0, 0, 0, 0, 0, 0, 1, 0, 0, 1, 0, 0, 0], [0, 1, 0, 0, 0, 0, 1, 0, 0, 1, 0, 0, 0, 0], [0, 1, 0, 0, 0, 0, 0, 1, 1, 1, 0, 1, 1, 0], [1, 0, 0, 0, 0, 0, 1, 1, 0, 1, 0, 1, 1, 0], [1, 1, 0, 1, 0, 1, 0, 0, 0, 1, 0, 1, 0, 1], [0, 0, 1, 0, 1, 1, 0, 0, 1, 1, 0, 1, 0, 0], [1, 0, 0, 0, 1, 0, 0, 1, 0, 0, 0, 0, 0, 1], [1, 0, 0, 1, 1, 1, 1, 1, 0, 0, 0, 1, 0, 0], [0, 0, 1, 0, 0, 0, 0, 0, 0, 0, 0, 0, 0, 1], [1, 1, 0, 0, 1, 1, 1, 1, 0, 1, 0, 0, 1, 0], [1, 0, 0, 0, 1, 1, 0, 0, 0, 0, 0, 1, 0, 0], [0, 0, 0, 0, 0, 0, 1, 0, 1, 0, 1, 0, 0, 0]]",2.0,3.0,Y,"{0: 8, 1: 5, 2: 2, 3: 41, 4: 38, 5: 35, 6: 32, 7: 29, 8: 26, 9: 23, 10: 11, 11: 20, 12: 17, 13: 14}","{(0, 1): 1, (0, 5): 1, (0, 6): 1, (0, 8): 2, (0, 9): 1, (0, 11): 1, (0, 12): 1, (1, 3): 1, (1, 4): 1, (1, 6): 1, (1, 11): 1, (2, 7): 1, (2, 10): 1, (3, 6): 26, (3, 9): 14, (4, 7): 1, (4, 8): 15, (4, 9): 1, (4, 11): 5, (4, 12): 14, (5, 6): 1, (5, 7): 19, (5, 9): 4, (5, 11): 8, (5, 12): 1, (6, 9): 1, (6, 11): 1, (6, 13): 1, (7, 8): 5, (7, 9): 1, (7, 11): 1, (8, 13): 3, (9, 11): 1, (10, 13): 10, (11, 12): 1}",3637.9999999667234
35.0,Graph with 14 nodes and 35 edges,"[[0, 1, 0, 0, 0, 1, 1, 0, 1, 1, 0, 1, 1, 0], [1, 0, 0, 1, 1, 0, 1, 0, 0, 0, 0, 1, 0, 0], [0, 0, 0, 0, 0, 0, 0, 1, 0, 0, 1, 0, 0, 0], [0, 1, 0, 0, 0, 0, 1, 0, 0, 1, 0, 0, 0, 0], [0, 1, 0, 0, 0, 0, 0, 1, 1, 1, 0, 1, 1, 0], [1, 0, 0, 0, 0, 0, 1, 1, 0, 1, 0, 1, 1, 0], [1, 1, 0, 1, 0, 1, 0, 0, 0, 1, 0, 1, 0, 1], [0, 0, 1, 0, 1, 1, 0, 0, 1, 1, 0, 1, 0, 0], [1, 0, 0, 0, 1, 0, 0, 1, 0, 0, 0, 0, 0, 1], [1, 0, 0, 1, 1, 1, 1, 1, 0, 0, 0, 1, 0, 0], [0, 0, 1, 0, 0, 0, 0, 0, 0, 0, 0, 0, 0, 1], [1, 1, 0, 0, 1, 1, 1, 1, 0, 1, 0, 0, 1, 0], [1, 0, 0, 0, 1, 1, 0, 0, 0, 0, 0, 1, 0, 0], [0, 0, 0, 0, 0, 0, 1, 0, 1, 0, 1, 0, 0, 0]]",2.0,6.0,Y,"{0: 8, 1: 80, 2: 2, 3: 74, 4: 68, 5: 62, 6: 56, 7: 50, 8: 44, 9: 38, 10: 26, 11: 20, 12: 14, 13: 32}","{(0, 1): 1, (0, 5): 2, (0, 6): 1, (0, 8): 1, (0, 9): 1, (0, 11): 1, (0, 12): 1, (1, 3): 15, (1, 4): 62, (1, 6): 1, (1, 11): 1, (2, 7): 1, (2, 10): 1, (3, 6): 50, (3, 9): 9, (4, 7): 1, (4, 8): 2, (4, 9): 1, (4, 11): 1, (4, 12): 1, (5, 6): 1, (5, 7): 11, (5, 9): 24, (5, 11): 13, (5, 12): 11, (6, 9): 1, (6, 11): 1, (6, 13): 1, (7, 8): 35, (7, 9): 1, (7, 11): 1, (8, 13): 6, (9, 11): 1, (10, 13): 25, (11, 12): 1}",2578.000000028169
35.0,Graph with 14 nodes and 35 edges,"[[0, 1, 0, 0, 0, 1, 1, 0, 1, 1, 0, 1, 1, 0], [1, 0, 0, 1, 1, 0, 1, 0, 0, 0, 0, 1, 0, 0], [0, 0, 0, 0, 0, 0, 0, 1, 0, 0, 1, 0, 0, 0], [0, 1, 0, 0, 0, 0, 1, 0, 0, 1, 0, 0, 0, 0], [0, 1, 0, 0, 0, 0, 0, 1, 1, 1, 0, 1, 1, 0], [1, 0, 0, 0, 0, 0, 1, 1, 0, 1, 0, 1, 1, 0], [1, 1, 0, 1, 0, 1, 0, 0, 0, 1, 0, 1, 0, 1], [0, 0, 1, 0, 1, 1, 0, 0, 1, 1, 0, 1, 0, 0], [1, 0, 0, 0, 1, 0, 0, 1, 0, 0, 0, 0, 0, 1], [1, 0, 0, 1, 1, 1, 1, 1, 0, 0, 0, 1, 0, 0], [0, 0, 1, 0, 0, 0, 0, 0, 0, 0, 0, 0, 0, 1], [1, 1, 0, 0, 1, 1, 1, 1, 0, 1, 0, 0, 1, 0], [1, 0, 0, 0, 1, 1, 0, 0, 0, 0, 0, 1, 0, 0], [0, 0, 0, 0, 0, 0, 1, 0, 1, 0, 1, 0, 0, 0]]",2.0,9.0,Y,"{0: 11, 1: 119, 2: 2, 3: 110, 4: 101, 5: 92, 6: 83, 7: 74, 8: 65, 9: 56, 10: 38, 11: 29, 12: 20, 13: 47}","{(0, 1): 1, (0, 5): 5, (0, 6): 1, (0, 8): 1, (0, 9): 1, (0, 11): 1, (0, 12): 1, (1, 3): 20, (1, 4): 96, (1, 6): 1, (1, 11): 1, (2, 7): 1, (2, 10): 1, (3, 6): 40, (3, 9): 50, (4, 7): 1, (4, 8): 1, (4, 9): 1, (4, 11): 1, (4, 12): 1, (5, 6): 34, (5, 7): 12, (5, 9): 1, (5, 11): 22, (5, 12): 17, (6, 9): 1, (6, 11): 1, (6, 13): 4, (7, 8): 57, (7, 9): 1, (7, 11): 1, (8, 13): 5, (9, 11): 1, (10, 13): 37, (11, 12): 1}",2730.9999999829415
35.0,Graph with 14 nodes and 35 edges,"[[0, 1, 0, 0, 0, 1, 1, 0, 1, 1, 0, 1, 1, 0], [1, 0, 0, 1, 1, 0, 1, 0, 0, 0, 0, 1, 0, 0], [0, 0, 0, 0, 0, 0, 0, 1, 0, 0, 1, 0, 0, 0], [0, 1, 0, 0, 0, 0, 1, 0, 0, 1, 0, 0, 0, 0], [0, 1, 0, 0, 0, 0, 0, 1, 1, 1, 0, 1, 1, 0], [1, 0, 0, 0, 0, 0, 1, 1, 0, 1, 0, 1, 1, 0], [1, 1, 0, 1, 0, 1, 0, 0, 0, 1, 0, 1, 0, 1], [0, 0, 1, 0, 1, 1, 0, 0, 1, 1, 0, 1, 0, 0], [1, 0, 0, 0, 1, 0, 0, 1, 0, 0, 0, 0, 0, 1], [1, 0, 0, 1, 1, 1, 1, 1, 0, 0, 0, 1, 0, 0], [0, 0, 1, 0, 0, 0, 0, 0, 0, 0, 0, 0, 0, 1], [1, 1, 0, 0, 1, 1, 1, 1, 0, 1, 0, 0, 1, 0], [1, 0, 0, 0, 1, 1, 0, 0, 0, 0, 0, 1, 0, 0], [0, 0, 0, 0, 0, 0, 1, 0, 1, 0, 1, 0, 0, 0]]",3.0,1.0,Y,"{0: 15, 1: 9, 2: 6, 3: 4, 4: 12, 5: 11, 6: 14, 7: 10, 8: 8, 9: 13, 10: 3, 11: 16, 12: 7, 13: 5}","{(0, 1): 1, (0, 5): 1, (0, 6): 1, (0, 8): 1, (0, 9): 1, (0, 11): 9, (0, 12): 1, (1, 3): 2, (1, 4): 4, (1, 6): 1, (1, 11): 1, (2, 7): 4, (2, 10): 2, (3, 6): 1, (3, 9): 1, (4, 7): 2, (4, 8): 3, (4, 9): 1, (4, 11): 1, (4, 12): 1, (5, 6): 2, (5, 7): 1, (5, 9): 1, (5, 11): 1, (5, 12): 4, (6, 9): 6, (6, 11): 1, (6, 13): 1, (7, 8): 1, (7, 9): 1, (7, 11): 1, (8, 13): 3, (9, 11): 1, (10, 13): 1, (11, 12): 1}",2487.99999997118
35.0,Graph with 14 nodes and 35 edges,"[[0, 1, 0, 0, 0, 1, 1, 0, 1, 1, 0, 1, 1, 0], [1, 0, 0, 1, 1, 0, 1, 0, 0, 0, 0, 1, 0, 0], [0, 0, 0, 0, 0, 0, 0, 1, 0, 0, 1, 0, 0, 0], [0, 1, 0, 0, 0, 0, 1, 0, 0, 1, 0, 0, 0, 0], [0, 1, 0, 0, 0, 0, 0, 1, 1, 1, 0, 1, 1, 0], [1, 0, 0, 0, 0, 0, 1, 1, 0, 1, 0, 1, 1, 0], [1, 1, 0, 1, 0, 1, 0, 0, 0, 1, 0, 1, 0, 1], [0, 0, 1, 0, 1, 1, 0, 0, 1, 1, 0, 1, 0, 0], [1, 0, 0, 0, 1, 0, 0, 1, 0, 0, 0, 0, 0, 1], [1, 0, 0, 1, 1, 1, 1, 1, 0, 0, 0, 1, 0, 0], [0, 0, 1, 0, 0, 0, 0, 0, 0, 0, 0, 0, 0, 1], [1, 1, 0, 0, 1, 1, 1, 1, 0, 1, 0, 0, 1, 0], [1, 0, 0, 0, 1, 1, 0, 0, 0, 0, 0, 1, 0, 0], [0, 0, 0, 0, 0, 0, 1, 0, 1, 0, 1, 0, 0, 0]]",3.0,2.0,Y,"{0: 27, 1: 13, 2: 7, 3: 3, 4: 23, 5: 25, 6: 19, 7: 17, 8: 11, 9: 21, 10: 9, 11: 29, 12: 15, 13: 5}","{(0, 1): 1, (0, 5): 1, (0, 6): 1, (0, 8): 1, (0, 9): 1, (0, 11): 21, (0, 12): 1, (1, 3): 1, (1, 4): 1, (1, 6): 8, (1, 11): 2, (2, 7): 1, (2, 10): 6, (3, 6): 1, (3, 9): 1, (4, 7): 6, (4, 8): 2, (4, 9): 1, (4, 11): 1, (4, 12): 12, (5, 6): 6, (5, 7): 1, (5, 9): 15, (5, 11): 1, (5, 12): 1, (6, 9): 1, (6, 11): 1, (6, 13): 1, (7, 8): 7, (7, 9): 1, (7, 11): 1, (8, 13): 1, (9, 11): 1, (10, 13): 3, (11, 12): 1}",3026.000000033946
35.0,Graph with 14 nodes and 35 edges,"[[0, 1, 0, 0, 0, 1, 1, 0, 1, 1, 0, 1, 1, 0], [1, 0, 0, 1, 1, 0, 1, 0, 0, 0, 0, 1, 0, 0], [0, 0, 0, 0, 0, 0, 0, 1, 0, 0, 1, 0, 0, 0], [0, 1, 0, 0, 0, 0, 1, 0, 0, 1, 0, 0, 0, 0], [0, 1, 0, 0, 0, 0, 0, 1, 1, 1, 0, 1, 1, 0], [1, 0, 0, 0, 0, 0, 1, 1, 0, 1, 0, 1, 1, 0], [1, 1, 0, 1, 0, 1, 0, 0, 0, 1, 0, 1, 0, 1], [0, 0, 1, 0, 1, 1, 0, 0, 1, 1, 0, 1, 0, 0], [1, 0, 0, 0, 1, 0, 0, 1, 0, 0, 0, 0, 0, 1], [1, 0, 0, 1, 1, 1, 1, 1, 0, 0, 0, 1, 0, 0], [0, 0, 1, 0, 0, 0, 0, 0, 0, 0, 0, 0, 0, 1], [1, 1, 0, 0, 1, 1, 1, 1, 0, 1, 0, 0, 1, 0], [1, 0, 0, 0, 1, 1, 0, 0, 0, 0, 0, 1, 0, 0], [0, 0, 0, 0, 0, 0, 1, 0, 1, 0, 1, 0, 0, 0]]",3.0,6.0,Y,"{0: 81, 1: 57, 2: 15, 3: 3, 4: 75, 5: 51, 6: 45, 7: 39, 8: 33, 9: 27, 10: 21, 11: 63, 12: 69, 13: 9}","{(0, 1): 1, (0, 5): 46, (0, 6): 1, (0, 8): 1, (0, 9): 1, (0, 11): 1, (0, 12): 29, (1, 3): 1, (1, 4): 53, (1, 6): 1, (1, 11): 1, (2, 7): 1, (2, 10): 14, (3, 6): 1, (3, 9): 1, (4, 7): 11, (4, 8): 7, (4, 9): 1, (4, 11): 1, (4, 12): 1, (5, 6): 1, (5, 7): 1, (5, 9): 1, (5, 11): 1, (5, 12): 1, (6, 9): 21, (6, 11): 19, (6, 13): 1, (7, 8): 23, (7, 9): 1, (7, 11): 1, (8, 13): 1, (9, 11): 1, (10, 13): 7, (11, 12): 37}",3170.0000000114414
35.0,Graph with 14 nodes and 35 edges,"[[0, 1, 0, 0, 0, 1, 1, 0, 1, 1, 0, 1, 1, 0], [1, 0, 0, 1, 1, 0, 1, 0, 0, 0, 0, 1, 0, 0], [0, 0, 0, 0, 0, 0, 0, 1, 0, 0, 1, 0, 0, 0], [0, 1, 0, 0, 0, 0, 1, 0, 0, 1, 0, 0, 0, 0], [0, 1, 0, 0, 0, 0, 0, 1, 1, 1, 0, 1, 1, 0], [1, 0, 0, 0, 0, 0, 1, 1, 0, 1, 0, 1, 1, 0], [1, 1, 0, 1, 0, 1, 0, 0, 0, 1, 0, 1, 0, 1], [0, 0, 1, 0, 1, 1, 0, 0, 1, 1, 0, 1, 0, 0], [1, 0, 0, 0, 1, 0, 0, 1, 0, 0, 0, 0, 0, 1], [1, 0, 0, 1, 1, 1, 1, 1, 0, 0, 0, 1, 0, 0], [0, 0, 1, 0, 0, 0, 0, 0, 0, 0, 0, 0, 0, 1], [1, 1, 0, 0, 1, 1, 1, 1, 0, 1, 0, 0, 1, 0], [1, 0, 0, 0, 1, 1, 0, 0, 0, 0, 0, 1, 0, 0], [0, 0, 0, 0, 0, 0, 1, 0, 1, 0, 1, 0, 0, 0]]",4.0,1.0,Y,"{0: 15, 1: 10, 2: 7, 3: 5, 4: 12, 5: 11, 6: 14, 7: 13, 8: 4, 9: 16, 10: 9, 11: 17, 12: 8, 13: 6}","{(0, 1): 1, (0, 5): 1, (0, 6): 1, (0, 8): 1, (0, 9): 1, (0, 11): 9, (0, 12): 1, (1, 3): 2, (1, 4): 3, (1, 6): 1, (1, 11): 2, (2, 7): 2, (2, 10): 5, (3, 6): 1, (3, 9): 1, (4, 7): 1, (4, 8): 1, (4, 9): 1, (4, 11): 1, (4, 12): 4, (5, 6): 1, (5, 7): 5, (5, 9): 1, (5, 11): 1, (5, 12): 1, (6, 9): 8, (6, 11): 1, (6, 13): 1, (7, 8): 1, (7, 9): 2, (7, 11): 1, (8, 13): 1, (9, 11): 1, (10, 13): 4, (11, 12): 1}",3179.999999986194
36.0,Graph with 14 nodes and 44 edges,"[[0, 0, 0, 1, 1, 1, 1, 0, 1, 0, 1, 0, 0, 0], [0, 0, 0, 0, 0, 1, 0, 1, 0, 0, 1, 1, 0, 1], [0, 0, 0, 0, 1, 0, 1, 0, 1, 1, 1, 0, 1, 0], [1, 0, 0, 0, 0, 0, 0, 0, 1, 0, 0, 1, 0, 0], [1, 0, 1, 0, 0, 1, 0, 1, 0, 1, 1, 1, 0, 1], [1, 1, 0, 0, 1, 0, 1, 0, 0, 1, 0, 0, 1, 0], [1, 0, 1, 0, 0, 1, 0, 1, 1, 1, 0, 0, 1, 0], [0, 1, 0, 0, 1, 0, 1, 0, 1, 0, 0, 1, 1, 0], [1, 0, 1, 1, 0, 0, 1, 1, 0, 1, 1, 0, 0, 0], [0, 0, 1, 0, 1, 1, 1, 0, 1, 0, 1, 0, 1, 1], [1, 1, 1, 0, 1, 0, 0, 0, 1, 1, 0, 1, 1, 0], [0, 1, 0, 1, 1, 0, 0, 1, 0, 0, 1, 0, 0, 1], [0, 0, 1, 0, 0, 1, 1, 1, 0, 1, 1, 0, 0, 1], [0, 1, 0, 0, 1, 0, 0, 0, 0, 1, 0, 1, 1, 0]]",3.0,6.0,Y,"{0: 9, 1: 81, 2: 75, 3: 3, 4: 69, 5: 63, 6: 57, 7: 51, 8: 45, 9: 39, 10: 33, 11: 27, 12: 21, 13: 15}","{(0, 3): 1, (0, 4): 1, (0, 5): 1, (0, 6): 1, (0, 8): 4, (0, 10): 1, (1, 5): 58, (1, 7): 20, (1, 10): 1, (1, 11): 1, (1, 13): 1, (2, 4): 62, (2, 6): 1, (2, 8): 9, (2, 9): 1, (2, 10): 1, (2, 12): 1, (3, 8): 1, (3, 11): 1, (4, 5): 1, (4, 7): 1, (4, 9): 1, (4, 10): 1, (4, 11): 1, (4, 13): 1, (5, 6): 1, (5, 9): 1, (5, 12): 1, (6, 7): 10, (6, 8): 3, (6, 9): 26, (6, 12): 15, (7, 8): 1, (7, 11): 18, (7, 12): 1, (8, 9): 1, (8, 10): 26, (9, 10): 1, (9, 12): 1, (9, 13): 7, (10, 11): 1, (10, 12): 1, (11, 13): 5, (12, 13): 1}",2269.000000012511
36.0,Graph with 14 nodes and 44 edges,"[[0, 0, 0, 1, 1, 1, 1, 0, 1, 0, 1, 0, 0, 0], [0, 0, 0, 0, 0, 1, 0, 1, 0, 0, 1, 1, 0, 1], [0, 0, 0, 0, 1, 0, 1, 0, 1, 1, 1, 0, 1, 0], [1, 0, 0, 0, 0, 0, 0, 0, 1, 0, 0, 1, 0, 0], [1, 0, 1, 0, 0, 1, 0, 1, 0, 1, 1, 1, 0, 1], [1, 1, 0, 0, 1, 0, 1, 0, 0, 1, 0, 0, 1, 0], [1, 0, 1, 0, 0, 1, 0, 1, 1, 1, 0, 0, 1, 0], [0, 1, 0, 0, 1, 0, 1, 0, 1, 0, 0, 1, 1, 0], [1, 0, 1, 1, 0, 0, 1, 1, 0, 1, 1, 0, 0, 0], [0, 0, 1, 0, 1, 1, 1, 0, 1, 0, 1, 0, 1, 1], [1, 1, 1, 0, 1, 0, 0, 0, 1, 1, 0, 1, 1, 0], [0, 1, 0, 1, 1, 0, 0, 1, 0, 0, 1, 0, 0, 1], [0, 0, 1, 0, 0, 1, 1, 1, 0, 1, 1, 0, 0, 1], [0, 1, 0, 0, 1, 0, 0, 0, 0, 1, 0, 1, 1, 0]]",3.0,8.0,Y,"{0: 11, 1: 107, 2: 99, 3: 3, 4: 91, 5: 83, 6: 75, 7: 67, 8: 59, 9: 51, 10: 43, 11: 35, 12: 27, 13: 19}","{(0, 3): 1, (0, 4): 1, (0, 5): 1, (0, 6): 6, (0, 8): 1, (0, 10): 1, (1, 5): 59, (1, 7): 39, (1, 10): 1, (1, 11): 7, (1, 13): 1, (2, 4): 51, (2, 6): 44, (2, 8): 1, (2, 9): 1, (2, 10): 1, (2, 12): 1, (3, 8): 1, (3, 11): 1, (4, 5): 20, (4, 7): 1, (4, 9): 1, (4, 10): 1, (4, 11): 1, (4, 13): 15, (5, 6): 1, (5, 9): 1, (5, 12): 1, (6, 7): 1, (6, 8): 1, (6, 9): 1, (6, 12): 21, (7, 8): 1, (7, 11): 24, (7, 12): 1, (8, 9): 31, (8, 10): 23, (9, 10): 14, (9, 12): 1, (9, 13): 1, (10, 11): 1, (10, 12): 1, (11, 13): 1, (12, 13): 1}",2458.9999999875545
36.0,Graph with 14 nodes and 44 edges,"[[0, 0, 0, 1, 1, 1, 1, 0, 1, 0, 1, 0, 0, 0], [0, 0, 0, 0, 0, 1, 0, 1, 0, 0, 1, 1, 0, 1], [0, 0, 0, 0, 1, 0, 1, 0, 1, 1, 1, 0, 1, 0], [1, 0, 0, 0, 0, 0, 0, 0, 1, 0, 0, 1, 0, 0], [1, 0, 1, 0, 0, 1, 0, 1, 0, 1, 1, 1, 0, 1], [1, 1, 0, 0, 1, 0, 1, 0, 0, 1, 0, 0, 1, 0], [1, 0, 1, 0, 0, 1, 0, 1, 1, 1, 0, 0, 1, 0], [0, 1, 0, 0, 1, 0, 1, 0, 1, 0, 0, 1, 1, 0], [1, 0, 1, 1, 0, 0, 1, 1, 0, 1, 1, 0, 0, 0], [0, 0, 1, 0, 1, 1, 1, 0, 1, 0, 1, 0, 1, 1], [1, 1, 1, 0, 1, 0, 0, 0, 1, 1, 0, 1, 1, 0], [0, 1, 0, 1, 1, 0, 0, 1, 0, 0, 1, 0, 0, 1], [0, 0, 1, 0, 0, 1, 1, 1, 0, 1, 1, 0, 0, 1], [0, 1, 0, 0, 1, 0, 0, 0, 0, 1, 0, 1, 1, 0]]",3.0,9.0,Y,"{0: 12, 1: 120, 2: 111, 3: 3, 4: 102, 5: 93, 6: 84, 7: 75, 8: 66, 9: 57, 10: 48, 11: 39, 12: 30, 13: 21}","{(0, 3): 1, (0, 4): 1, (0, 5): 1, (0, 6): 7, (0, 8): 1, (0, 10): 1, (1, 5): 67, (1, 7): 43, (1, 10): 1, (1, 11): 7, (1, 13): 1, (2, 4): 58, (2, 6): 49, (2, 8): 1, (2, 9): 1, (2, 10): 1, (2, 12): 1, (3, 8): 1, (3, 11): 1, (4, 5): 22, (4, 7): 1, (4, 9): 1, (4, 10): 1, (4, 11): 1, (4, 13): 17, (5, 6): 1, (5, 9): 1, (5, 12): 1, (6, 7): 1, (6, 8): 1, (6, 9): 1, (6, 12): 24, (7, 8): 1, (7, 11): 27, (7, 12): 1, (8, 9): 35, (8, 10): 26, (9, 10): 16, (9, 12): 1, (9, 13): 1, (10, 11): 1, (10, 12): 1, (11, 13): 1, (12, 13): 1}",2380.999999957112
38.0,Graph with 14 nodes and 43 edges,"[[0, 1, 1, 1, 1, 0, 0, 1, 1, 1, 0, 0, 1, 0], [1, 0, 1, 0, 0, 1, 0, 0, 1, 0, 0, 1, 0, 0], [1, 1, 0, 0, 0, 0, 1, 1, 1, 1, 0, 0, 1, 0], [1, 0, 0, 0, 0, 1, 1, 0, 1, 0, 1, 0, 0, 1], [1, 0, 0, 0, 0, 0, 0, 1, 1, 0, 1, 1, 1, 1], [0, 1, 0, 1, 0, 0, 1, 1, 1, 0, 0, 0, 1, 1], [0, 0, 1, 1, 0, 1, 0, 0, 1, 0, 0, 1, 0, 0], [1, 0, 1, 0, 1, 1, 0, 0, 0, 0, 1, 1, 1, 0], [1, 1, 1, 1, 1, 1, 1, 0, 0, 1, 0, 1, 1, 1], [1, 0, 1, 0, 0, 0, 0, 0, 1, 0, 0, 0, 0, 0], [0, 0, 0, 1, 1, 0, 0, 1, 0, 0, 0, 1, 0, 0], [0, 1, 0, 0, 1, 0, 1, 1, 1, 0, 1, 0, 0, 0], [1, 0, 1, 0, 1, 1, 0, 1, 1, 0, 0, 0, 0, 0], [0, 0, 0, 1, 1, 1, 0, 0, 1, 0, 0, 0, 0, 0]]",3.0,4.0,Y,"{0: 11, 1: 7, 2: 55, 3: 51, 4: 47, 5: 43, 6: 39, 7: 35, 8: 31, 9: 3, 10: 27, 11: 23, 12: 19, 13: 15}","{(0, 1): 1, (0, 2): 1, (0, 3): 1, (0, 4): 1, (0, 7): 1, (0, 8): 4, (0, 9): 1, (0, 12): 1, (1, 2): 3, (1, 5): 1, (1, 8): 1, (1, 11): 1, (2, 6): 35, (2, 7): 7, (2, 8): 7, (2, 9): 1, (2, 12): 1, (3, 5): 24, (3, 6): 1, (3, 8): 1, (3, 10): 23, (3, 13): 1, (4, 7): 23, (4, 8): 1, (4, 10): 2, (4, 11): 18, (4, 12): 1, (4, 13): 1, (5, 6): 1, (5, 7): 1, (5, 8): 1, (5, 12): 14, (5, 13): 1, (6, 8): 1, (6, 11): 1, (7, 10): 1, (7, 11): 1, (7, 12): 1, (8, 9): 1, (8, 11): 1, (8, 12): 1, (8, 13): 12, (10, 11): 1}",2332.0000000239816
38.0,Graph with 14 nodes and 43 edges,"[[0, 1, 1, 1, 1, 0, 0, 1, 1, 1, 0, 0, 1, 0], [1, 0, 1, 0, 0, 1, 0, 0, 1, 0, 0, 1, 0, 0], [1, 1, 0, 0, 0, 0, 1, 1, 1, 1, 0, 0, 1, 0], [1, 0, 0, 0, 0, 1, 1, 0, 1, 0, 1, 0, 0, 1], [1, 0, 0, 0, 0, 0, 0, 1, 1, 0, 1, 1, 1, 1], [0, 1, 0, 1, 0, 0, 1, 1, 1, 0, 0, 0, 1, 1], [0, 0, 1, 1, 0, 1, 0, 0, 1, 0, 0, 1, 0, 0], [1, 0, 1, 0, 1, 1, 0, 0, 0, 0, 1, 1, 1, 0], [1, 1, 1, 1, 1, 1, 1, 0, 0, 1, 0, 1, 1, 1], [1, 0, 1, 0, 0, 0, 0, 0, 1, 0, 0, 0, 0, 0], [0, 0, 0, 1, 1, 0, 0, 1, 0, 0, 0, 1, 0, 0], [0, 1, 0, 0, 1, 0, 1, 1, 1, 0, 1, 0, 0, 0], [1, 0, 1, 0, 1, 1, 0, 1, 1, 0, 0, 0, 0, 0], [0, 0, 0, 1, 1, 1, 0, 0, 1, 0, 0, 0, 0, 0]]",3.0,7.0,Y,"{0: 10, 1: 94, 2: 87, 3: 80, 4: 73, 5: 66, 6: 59, 7: 52, 8: 17, 9: 3, 10: 45, 11: 38, 12: 31, 13: 24}","{(0, 1): 1, (0, 2): 1, (0, 3): 1, (0, 4): 1, (0, 7): 1, (0, 8): 3, (0, 9): 1, (0, 12): 1, (1, 2): 15, (1, 5): 47, (1, 8): 5, (1, 11): 25, (2, 6): 55, (2, 7): 12, (2, 8): 1, (2, 9): 1, (2, 12): 1, (3, 5): 14, (3, 6): 1, (3, 8): 1, (3, 10): 42, (3, 13): 21, (4, 7): 34, (4, 8): 1, (4, 10): 1, (4, 11): 8, (4, 12): 26, (4, 13): 1, (5, 6): 1, (5, 7): 1, (5, 8): 1, (5, 12): 1, (5, 13): 1, (6, 8): 1, (6, 11): 1, (7, 10): 1, (7, 11): 1, (7, 12): 1, (8, 9): 1, (8, 11): 1, (8, 12): 1, (8, 13): 1, (10, 11): 1}",2196.000000026288
39.0,Graph with 14 nodes and 42 edges,"[[0, 1, 0, 1, 1, 1, 1, 1, 1, 0, 0, 1, 0, 1], [1, 0, 1, 0, 1, 1, 1, 0, 0, 0, 1, 1, 1, 0], [0, 1, 0, 0, 0, 0, 1, 0, 0, 0, 0, 0, 1, 0], [1, 0, 0, 0, 1, 0, 1, 0, 1, 1, 0, 0, 1, 1], [1, 1, 0, 1, 0, 1, 0, 1, 0, 0, 0, 1, 0, 1], [1, 1, 0, 0, 1, 0, 1, 1, 0, 0, 0, 1, 0, 0], [1, 1, 1, 1, 0, 1, 0, 1, 1, 0, 0, 0, 1, 1], [1, 0, 0, 0, 1, 1, 1, 0, 1, 0, 0, 0, 1, 0], [1, 0, 0, 1, 0, 0, 1, 1, 0, 0, 0, 1, 0, 0], [0, 0, 0, 1, 0, 0, 0, 0, 0, 0, 1, 0, 1, 0], [0, 1, 0, 0, 0, 0, 0, 0, 0, 1, 0, 0, 1, 1], [1, 1, 0, 0, 1, 1, 0, 0, 1, 0, 0, 0, 0, 0], [0, 1, 1, 1, 0, 0, 1, 1, 0, 1, 1, 0, 0, 0], [1, 0, 0, 1, 1, 0, 1, 0, 0, 0, 1, 0, 0, 0]]",3.0,1.0,Y,"{0: 15, 1: 14, 2: 4, 3: 11, 4: 12, 5: 9, 6: 16, 7: 10, 8: 8, 9: 3, 10: 5, 11: 6, 12: 13, 13: 7}","{(0, 1): 3, (0, 3): 1, (0, 4): 1, (0, 5): 1, (0, 6): 4, (0, 7): 1, (0, 8): 1, (0, 11): 1, (0, 13): 1, (1, 2): 1, (1, 4): 1, (1, 5): 1, (1, 6): 4, (1, 10): 1, (1, 11): 1, (1, 12): 1, (2, 6): 1, (2, 12): 2, (3, 4): 1, (3, 6): 1, (3, 8): 1, (3, 9): 1, (3, 12): 5, (3, 13): 1, (4, 5): 3, (4, 7): 2, (4, 11): 1, (4, 13): 3, (5, 6): 1, (5, 7): 1, (5, 11): 2, (6, 7): 1, (6, 8): 1, (6, 12): 1, (6, 13): 1, (7, 8): 4, (7, 12): 1, (8, 11): 1, (9, 10): 1, (9, 12): 1, (10, 12): 2, (10, 13): 1}",2148.0000000337895
39.0,Graph with 14 nodes and 42 edges,"[[0, 1, 0, 1, 1, 1, 1, 1, 1, 0, 0, 1, 0, 1], [1, 0, 1, 0, 1, 1, 1, 0, 0, 0, 1, 1, 1, 0], [0, 1, 0, 0, 0, 0, 1, 0, 0, 0, 0, 0, 1, 0], [1, 0, 0, 0, 1, 0, 1, 0, 1, 1, 0, 0, 1, 1], [1, 1, 0, 1, 0, 1, 0, 1, 0, 0, 0, 1, 0, 1], [1, 1, 0, 0, 1, 0, 1, 1, 0, 0, 0, 1, 0, 0], [1, 1, 1, 1, 0, 1, 0, 1, 1, 0, 0, 0, 1, 1], [1, 0, 0, 0, 1, 1, 1, 0, 1, 0, 0, 0, 1, 0], [1, 0, 0, 1, 0, 0, 1, 1, 0, 0, 0, 1, 0, 0], [0, 0, 0, 1, 0, 0, 0, 0, 0, 0, 1, 0, 1, 0], [0, 1, 0, 0, 0, 0, 0, 0, 0, 1, 0, 0, 1, 1], [1, 1, 0, 0, 1, 1, 0, 0, 1, 0, 0, 0, 0, 0], [0, 1, 1, 1, 0, 0, 1, 1, 0, 1, 1, 0, 0, 0], [1, 0, 0, 1, 1, 0, 1, 0, 0, 0, 1, 0, 0, 0]]",4.0,3.0,Y,"{0: 10, 1: 43, 2: 4, 3: 7, 4: 40, 5: 37, 6: 34, 7: 31, 8: 28, 9: 25, 10: 22, 11: 19, 12: 16, 13: 13}","{(0, 1): 2, (0, 3): 1, (0, 4): 1, (0, 5): 1, (0, 6): 1, (0, 7): 1, (0, 8): 1, (0, 11): 1, (0, 13): 1, (1, 2): 2, (1, 4): 1, (1, 5): 1, (1, 6): 26, (1, 10): 1, (1, 11): 4, (1, 12): 6, (2, 6): 1, (2, 12): 1, (3, 4): 1, (3, 6): 1, (3, 8): 1, (3, 9): 1, (3, 12): 1, (3, 13): 1, (4, 5): 22, (4, 7): 4, (4, 11): 1, (4, 13): 9, (5, 6): 1, (5, 7): 1, (5, 11): 10, (6, 7): 1, (6, 8): 1, (6, 12): 1, (6, 13): 1, (7, 8): 22, (7, 12): 1, (8, 11): 2, (9, 10): 19, (9, 12): 5, (10, 12): 1, (10, 13): 1}",2368.999999987409
39.0,Graph with 14 nodes and 42 edges,"[[0, 1, 0, 1, 1, 1, 1, 1, 1, 0, 0, 1, 0, 1], [1, 0, 1, 0, 1, 1, 1, 0, 0, 0, 1, 1, 1, 0], [0, 1, 0, 0, 0, 0, 1, 0, 0, 0, 0, 0, 1, 0], [1, 0, 0, 0, 1, 0, 1, 0, 1, 1, 0, 0, 1, 1], [1, 1, 0, 1, 0, 1, 0, 1, 0, 0, 0, 1, 0, 1], [1, 1, 0, 0, 1, 0, 1, 1, 0, 0, 0, 1, 0, 0], [1, 1, 1, 1, 0, 1, 0, 1, 1, 0, 0, 0, 1, 1], [1, 0, 0, 0, 1, 1, 1, 0, 1, 0, 0, 0, 1, 0], [1, 0, 0, 1, 0, 0, 1, 1, 0, 0, 0, 1, 0, 0], [0, 0, 0, 1, 0, 0, 0, 0, 0, 0, 1, 0, 1, 0], [0, 1, 0, 0, 0, 0, 0, 0, 0, 1, 0, 0, 1, 1], [1, 1, 0, 0, 1, 1, 0, 0, 1, 0, 0, 0, 0, 0], [0, 1, 1, 1, 0, 0, 1, 1, 0, 1, 1, 0, 0, 0], [1, 0, 0, 1, 1, 0, 1, 0, 0, 0, 1, 0, 0, 0]]",4.0,9.0,Y,"{0: 13, 1: 121, 2: 4, 3: 112, 4: 103, 5: 94, 6: 85, 7: 76, 8: 67, 9: 58, 10: 49, 11: 40, 12: 31, 13: 22}","{(0, 1): 5, (0, 3): 1, (0, 4): 1, (0, 5): 1, (0, 6): 1, (0, 7): 1, (0, 8): 1, (0, 11): 1, (0, 13): 1, (1, 2): 2, (1, 4): 1, (1, 5): 19, (1, 6): 31, (1, 10): 1, (1, 11): 36, (1, 12): 25, (2, 6): 1, (2, 12): 1, (3, 4): 80, (3, 6): 1, (3, 8): 17, (3, 9): 11, (3, 12): 1, (3, 13): 1, (4, 5): 1, (4, 7): 1, (4, 11): 1, (4, 13): 18, (5, 6): 1, (5, 7): 70, (5, 11): 1, (6, 7): 1, (6, 8): 46, (6, 12): 1, (6, 13): 1, (7, 8): 1, (7, 12): 1, (8, 11): 1, (9, 10): 46, (9, 12): 1, (10, 12): 1, (10, 13): 1}",2256.000000045333
40.0,Graph with 14 nodes and 42 edges,"[[0, 0, 0, 0, 1, 1, 1, 0, 1, 0, 1, 0, 0, 0], [0, 0, 1, 1, 0, 0, 0, 0, 0, 1, 1, 0, 1, 1], [0, 1, 0, 1, 1, 1, 0, 0, 0, 0, 1, 1, 1, 0], [0, 1, 1, 0, 0, 1, 0, 1, 0, 0, 0, 0, 1, 1], [1, 0, 1, 0, 0, 0, 1, 0, 0, 1, 0, 0, 1, 1], [1, 0, 1, 1, 0, 0, 1, 0, 0, 1, 0, 0, 0, 1], [1, 0, 0, 0, 1, 1, 0, 0, 1, 0, 1, 0, 1, 1], [0, 0, 0, 1, 0, 0, 0, 0, 0, 1, 0, 1, 0, 0], [1, 0, 0, 0, 0, 0, 1, 0, 0, 1, 1, 1, 1, 1], [0, 1, 0, 0, 1, 1, 0, 1, 1, 0, 1, 0, 0, 0], [1, 1, 1, 0, 0, 0, 1, 0, 1, 1, 0, 0, 0, 1], [0, 0, 1, 0, 0, 0, 0, 1, 1, 0, 0, 0, 1, 0], [0, 1, 1, 1, 1, 0, 1, 0, 1, 0, 0, 1, 0, 0], [0, 1, 0, 1, 1, 1, 1, 0, 1, 0, 1, 0, 0, 0]]",3.0,2.0,Y,"{0: 5, 1: 7, 2: 29, 3: 27, 4: 25, 5: 23, 6: 21, 7: 3, 8: 19, 9: 17, 10: 15, 11: 13, 12: 11, 13: 9}","{(0, 4): 1, (0, 5): 1, (0, 6): 1, (0, 8): 1, (0, 10): 1, (1, 2): 1, (1, 3): 2, (1, 9): 1, (1, 10): 1, (1, 12): 1, (1, 13): 1, (2, 3): 17, (2, 4): 2, (2, 5): 1, (2, 10): 1, (2, 11): 6, (2, 12): 1, (3, 5): 5, (3, 7): 1, (3, 12): 1, (3, 13): 1, (4, 6): 2, (4, 9): 12, (4, 12): 5, (4, 13): 3, (5, 6): 14, (5, 9): 1, (5, 13): 1, (6, 8): 1, (6, 10): 1, (6, 12): 1, (6, 13): 1, (7, 9): 1, (7, 11): 1, (8, 9): 1, (8, 10): 9, (8, 11): 5, (8, 12): 1, (8, 13): 1, (9, 10): 1, (10, 13): 1, (11, 12): 1}",2374.0000000316286
40.0,Graph with 14 nodes and 42 edges,"[[0, 0, 0, 0, 1, 1, 1, 0, 1, 0, 1, 0, 0, 0], [0, 0, 1, 1, 0, 0, 0, 0, 0, 1, 1, 0, 1, 1], [0, 1, 0, 1, 1, 1, 0, 0, 0, 0, 1, 1, 1, 0], [0, 1, 1, 0, 0, 1, 0, 1, 0, 0, 0, 0, 1, 1], [1, 0, 1, 0, 0, 0, 1, 0, 0, 1, 0, 0, 1, 1], [1, 0, 1, 1, 0, 0, 1, 0, 0, 1, 0, 0, 0, 1], [1, 0, 0, 0, 1, 1, 0, 0, 1, 0, 1, 0, 1, 1], [0, 0, 0, 1, 0, 0, 0, 0, 0, 1, 0, 1, 0, 0], [1, 0, 0, 0, 0, 0, 1, 0, 0, 1, 1, 1, 1, 1], [0, 1, 0, 0, 1, 1, 0, 1, 1, 0, 1, 0, 0, 0], [1, 1, 1, 0, 0, 0, 1, 0, 1, 1, 0, 0, 0, 1], [0, 0, 1, 0, 0, 0, 0, 1, 1, 0, 0, 0, 1, 0], [0, 1, 1, 1, 1, 0, 1, 0, 1, 0, 0, 1, 0, 0], [0, 1, 0, 1, 1, 1, 1, 0, 1, 0, 1, 0, 0, 0]]",4.0,8.0,Y,"{0: 12, 1: 108, 2: 100, 3: 92, 4: 84, 5: 76, 6: 68, 7: 4, 8: 60, 9: 52, 10: 44, 11: 36, 12: 28, 13: 20}","{(0, 4): 1, (0, 5): 1, (0, 6): 8, (0, 8): 1, (0, 10): 1, (1, 2): 1, (1, 3): 57, (1, 9): 47, (1, 10): 1, (1, 12): 1, (1, 13): 1, (2, 3): 1, (2, 4): 68, (2, 5): 1, (2, 10): 1, (2, 11): 27, (2, 12): 1, (3, 5): 17, (3, 7): 2, (3, 12): 1, (3, 13): 14, (4, 6): 1, (4, 9): 1, (4, 12): 12, (4, 13): 1, (5, 6): 55, (5, 9): 1, (5, 13): 1, (6, 8): 1, (6, 10): 1, (6, 12): 1, (6, 13): 1, (7, 9): 1, (7, 11): 1, (8, 9): 1, (8, 10): 38, (8, 11): 7, (8, 12): 11, (8, 13): 1, (9, 10): 1, (10, 13): 1, (11, 12): 1}",2462.0000000368236
42.0,Graph with 14 nodes and 42 edges,"[[0, 1, 1, 1, 1, 1, 0, 0, 0, 0, 0, 1, 0, 1], [1, 0, 1, 1, 1, 0, 1, 1, 1, 0, 1, 0, 1, 1], [1, 1, 0, 1, 1, 1, 0, 1, 1, 0, 1, 0, 1, 0], [1, 1, 1, 0, 0, 0, 1, 0, 0, 1, 0, 0, 0, 0], [1, 1, 1, 0, 0, 0, 1, 0, 1, 1, 0, 0, 0, 0], [1, 0, 1, 0, 0, 0, 0, 0, 1, 0, 0, 1, 0, 0], [0, 1, 0, 1, 1, 0, 0, 0, 1, 0, 1, 0, 0, 0], [0, 1, 1, 0, 0, 0, 0, 0, 1, 1, 1, 1, 0, 1], [0, 1, 1, 0, 1, 1, 1, 1, 0, 0, 0, 0, 1, 0], [0, 0, 0, 1, 1, 0, 0, 1, 0, 0, 1, 0, 0, 0], [0, 1, 1, 0, 0, 0, 1, 1, 0, 1, 0, 0, 0, 1], [1, 0, 0, 0, 0, 1, 0, 1, 0, 0, 0, 0, 1, 0], [0, 1, 1, 0, 0, 0, 0, 0, 1, 0, 0, 1, 0, 1], [1, 1, 0, 0, 0, 0, 0, 1, 0, 0, 1, 0, 1, 0]]",4.0,1.0,Y,"{0: 13, 1: 17, 2: 16, 3: 10, 4: 12, 5: 5, 6: 8, 7: 15, 8: 14, 9: 4, 10: 11, 11: 6, 12: 7, 13: 9}","{(0, 1): 1, (0, 2): 4, (0, 3): 1, (0, 4): 1, (0, 5): 1, (0, 11): 1, (0, 13): 3, (1, 2): 4, (1, 3): 3, (1, 4): 1, (1, 6): 1, (1, 7): 2, (1, 8): 1, (1, 10): 1, (1, 12): 1, (1, 13): 1, (2, 3): 1, (2, 4): 1, (2, 5): 1, (2, 7): 1, (2, 8): 1, (2, 10): 1, (2, 12): 1, (3, 6): 4, (3, 9): 1, (4, 6): 1, (4, 8): 7, (4, 9): 1, (5, 8): 1, (5, 11): 2, (6, 8): 1, (6, 10): 1, (7, 8): 2, (7, 9): 1, (7, 10): 6, (7, 11): 2, (7, 13): 1, (8, 12): 1, (9, 10): 1, (10, 13): 1, (11, 12): 1, (12, 13): 3}",2135.9999999504
42.0,Graph with 14 nodes and 42 edges,"[[0, 1, 1, 1, 1, 1, 0, 0, 0, 0, 0, 1, 0, 1], [1, 0, 1, 1, 1, 0, 1, 1, 1, 0, 1, 0, 1, 1], [1, 1, 0, 1, 1, 1, 0, 1, 1, 0, 1, 0, 1, 0], [1, 1, 1, 0, 0, 0, 1, 0, 0, 1, 0, 0, 0, 0], [1, 1, 1, 0, 0, 0, 1, 0, 1, 1, 0, 0, 0, 0], [1, 0, 1, 0, 0, 0, 0, 0, 1, 0, 0, 1, 0, 0], [0, 1, 0, 1, 1, 0, 0, 0, 1, 0, 1, 0, 0, 0], [0, 1, 1, 0, 0, 0, 0, 0, 1, 1, 1, 1, 0, 1], [0, 1, 1, 0, 1, 1, 1, 1, 0, 0, 0, 0, 1, 0], [0, 0, 0, 1, 1, 0, 0, 1, 0, 0, 1, 0, 0, 0], [0, 1, 1, 0, 0, 0, 1, 1, 0, 1, 0, 0, 0, 1], [1, 0, 0, 0, 0, 1, 0, 1, 0, 0, 0, 0, 1, 0], [0, 1, 1, 0, 0, 0, 0, 0, 1, 0, 0, 1, 0, 1], [1, 1, 0, 0, 0, 0, 0, 1, 0, 0, 1, 0, 1, 0]]",4.0,2.0,Y,"{0: 8, 1: 10, 2: 30, 3: 6, 4: 28, 5: 4, 6: 26, 7: 24, 8: 22, 9: 20, 10: 18, 11: 16, 12: 14, 13: 12}","{(0, 1): 1, (0, 2): 2, (0, 3): 1, (0, 4): 1, (0, 5): 1, (0, 11): 1, (0, 13): 1, (1, 2): 1, (1, 3): 1, (1, 4): 1, (1, 6): 1, (1, 7): 1, (1, 8): 1, (1, 10): 1, (1, 12): 1, (1, 13): 1, (2, 3): 2, (2, 4): 13, (2, 5): 1, (2, 7): 1, (2, 8): 1, (2, 10): 1, (2, 12): 8, (3, 6): 1, (3, 9): 1, (4, 6): 1, (4, 8): 1, (4, 9): 11, (5, 8): 1, (5, 11): 1, (6, 8): 16, (6, 10): 7, (7, 8): 1, (7, 9): 1, (7, 10): 1, (7, 11): 11, (7, 13): 8, (8, 12): 1, (9, 10): 7, (10, 13): 1, (11, 12): 3, (12, 13): 1}",2376.999999967211
42.0,Graph with 14 nodes and 42 edges,"[[0, 1, 1, 1, 1, 1, 0, 0, 0, 0, 0, 1, 0, 1], [1, 0, 1, 1, 1, 0, 1, 1, 1, 0, 1, 0, 1, 1], [1, 1, 0, 1, 1, 1, 0, 1, 1, 0, 1, 0, 1, 0], [1, 1, 1, 0, 0, 0, 1, 0, 0, 1, 0, 0, 0, 0], [1, 1, 1, 0, 0, 0, 1, 0, 1, 1, 0, 0, 0, 0], [1, 0, 1, 0, 0, 0, 0, 0, 1, 0, 0, 1, 0, 0], [0, 1, 0, 1, 1, 0, 0, 0, 1, 0, 1, 0, 0, 0], [0, 1, 1, 0, 0, 0, 0, 0, 1, 1, 1, 1, 0, 1], [0, 1, 1, 0, 1, 1, 1, 1, 0, 0, 0, 0, 1, 0], [0, 0, 0, 1, 1, 0, 0, 1, 0, 0, 1, 0, 0, 0], [0, 1, 1, 0, 0, 0, 1, 1, 0, 1, 0, 0, 0, 1], [1, 0, 0, 0, 0, 1, 0, 1, 0, 0, 0, 0, 1, 0], [0, 1, 1, 0, 0, 0, 0, 0, 1, 0, 0, 1, 0, 1], [1, 1, 0, 0, 0, 0, 0, 1, 0, 0, 1, 0, 1, 0]]",4.0,6.0,Y,"{0: 10, 1: 82, 2: 76, 3: 70, 4: 64, 5: 4, 6: 58, 7: 52, 8: 46, 9: 40, 10: 34, 11: 28, 12: 22, 13: 16}","{(0, 1): 1, (0, 2): 1, (0, 3): 4, (0, 4): 1, (0, 5): 1, (0, 11): 1, (0, 13): 1, (1, 2): 1, (1, 3): 1, (1, 4): 11, (1, 6): 8, (1, 7): 28, (1, 8): 1, (1, 10): 29, (1, 12): 1, (1, 13): 1, (2, 3): 20, (2, 4): 49, (2, 5): 1, (2, 7): 1, (2, 8): 1, (2, 10): 1, (2, 12): 1, (3, 6): 8, (3, 9): 37, (4, 6): 1, (4, 8): 1, (4, 9): 1, (5, 8): 1, (5, 11): 1, (6, 8): 40, (6, 10): 1, (7, 8): 1, (7, 9): 1, (7, 10): 1, (7, 11): 8, (7, 13): 12, (8, 12): 1, (9, 10): 1, (10, 13): 1, (11, 12): 18, (12, 13): 1}",2565.0000000041473
43.0,Graph with 14 nodes and 43 edges,"[[0, 0, 1, 0, 1, 0, 1, 1, 1, 0, 1, 0, 1, 0], [0, 0, 1, 1, 0, 0, 0, 0, 0, 0, 0, 0, 1, 0], [1, 1, 0, 0, 0, 1, 1, 0, 0, 1, 1, 1, 1, 1], [0, 1, 0, 0, 0, 1, 1, 1, 1, 0, 1, 0, 0, 0], [1, 0, 0, 0, 0, 1, 0, 1, 0, 0, 1, 1, 0, 1], [0, 0, 1, 1, 1, 0, 1, 0, 0, 0, 0, 1, 0, 0], [1, 0, 1, 1, 0, 1, 0, 1, 1, 1, 0, 1, 0, 0], [1, 0, 0, 1, 1, 0, 1, 0, 0, 0, 0, 1, 0, 1], [1, 0, 0, 1, 0, 0, 1, 0, 0, 0, 0, 0, 1, 1], [0, 0, 1, 0, 0, 0, 1, 0, 0, 0, 1, 0, 1, 1], [1, 0, 1, 1, 1, 0, 0, 0, 0, 1, 0, 0, 1, 0], [0, 0, 1, 0, 1, 1, 1, 1, 0, 0, 0, 0, 1, 1], [1, 1, 1, 0, 0, 0, 0, 0, 1, 1, 1, 1, 0, 0], [0, 0, 1, 0, 1, 0, 0, 1, 1, 1, 0, 1, 0, 0]]",3.0,8.0,Y,"{0: 11, 1: 3, 2: 107, 3: 99, 4: 91, 5: 83, 6: 75, 7: 67, 8: 59, 9: 51, 10: 43, 11: 35, 12: 27, 13: 19}","{(0, 2): 1, (0, 4): 1, (0, 6): 5, (0, 7): 1, (0, 8): 1, (0, 10): 1, (0, 12): 1, (1, 2): 1, (1, 3): 1, (1, 12): 1, (2, 5): 53, (2, 6): 1, (2, 9): 47, (2, 10): 1, (2, 11): 1, (2, 12): 1, (2, 13): 1, (3, 5): 20, (3, 6): 22, (3, 7): 20, (3, 8): 35, (3, 10): 1, (4, 5): 8, (4, 7): 1, (4, 10): 38, (4, 11): 29, (4, 13): 14, (5, 6): 1, (5, 11): 1, (6, 7): 43, (6, 8): 1, (6, 9): 1, (6, 11): 1, (7, 11): 1, (7, 13): 1, (8, 12): 21, (8, 13): 1, (9, 10): 1, (9, 12): 1, (9, 13): 1, (10, 12): 1, (11, 12): 1, (11, 13): 1}",2174.999999965621
43.0,Graph with 14 nodes and 43 edges,"[[0, 0, 1, 0, 1, 0, 1, 1, 1, 0, 1, 0, 1, 0], [0, 0, 1, 1, 0, 0, 0, 0, 0, 0, 0, 0, 1, 0], [1, 1, 0, 0, 0, 1, 1, 0, 0, 1, 1, 1, 1, 1], [0, 1, 0, 0, 0, 1, 1, 1, 1, 0, 1, 0, 0, 0], [1, 0, 0, 0, 0, 1, 0, 1, 0, 0, 1, 1, 0, 1], [0, 0, 1, 1, 1, 0, 1, 0, 0, 0, 0, 1, 0, 0], [1, 0, 1, 1, 0, 1, 0, 1, 1, 1, 0, 1, 0, 0], [1, 0, 0, 1, 1, 0, 1, 0, 0, 0, 0, 1, 0, 1], [1, 0, 0, 1, 0, 0, 1, 0, 0, 0, 0, 0, 1, 1], [0, 0, 1, 0, 0, 0, 1, 0, 0, 0, 1, 0, 1, 1], [1, 0, 1, 1, 1, 0, 0, 0, 0, 1, 0, 0, 1, 0], [0, 0, 1, 0, 1, 1, 1, 1, 0, 0, 0, 0, 1, 1], [1, 1, 1, 0, 0, 0, 0, 0, 1, 1, 1, 1, 0, 0], [0, 0, 1, 0, 1, 0, 0, 1, 1, 1, 0, 1, 0, 0]]",4.0,2.0,Y,"{0: 8, 1: 4, 2: 10, 3: 6, 4: 30, 5: 28, 6: 26, 7: 24, 8: 22, 9: 20, 10: 18, 11: 16, 12: 14, 13: 12}","{(0, 2): 1, (0, 4): 1, (0, 6): 1, (0, 7): 1, (0, 8): 2, (0, 10): 1, (0, 12): 1, (1, 2): 2, (1, 3): 1, (1, 12): 1, (2, 5): 1, (2, 6): 1, (2, 9): 1, (2, 10): 1, (2, 11): 1, (2, 12): 1, (2, 13): 1, (3, 5): 1, (3, 6): 1, (3, 7): 1, (3, 8): 1, (3, 10): 1, (4, 5): 5, (4, 7): 19, (4, 10): 3, (4, 11): 1, (4, 13): 1, (5, 6): 11, (5, 11): 10, (6, 7): 1, (6, 8): 4, (6, 9): 6, (6, 11): 1, (7, 11): 1, (7, 13): 1, (8, 12): 8, (8, 13): 7, (9, 10): 11, (9, 12): 1, (9, 13): 1, (10, 12): 1, (11, 12): 1, (11, 13): 1}",84806.0000000146
44.0,Graph with 14 nodes and 47 edges,"[[0, 1, 1, 0, 0, 1, 1, 1, 1, 0, 1, 0, 1, 1], [1, 0, 0, 1, 0, 1, 1, 1, 0, 1, 1, 1, 0, 0], [1, 0, 0, 1, 1, 1, 0, 0, 1, 0, 0, 1, 0, 1], [0, 1, 1, 0, 0, 0, 1, 1, 1, 1, 1, 0, 0, 0], [0, 0, 1, 0, 0, 1, 0, 1, 1, 0, 0, 0, 0, 0], [1, 1, 1, 0, 1, 0, 1, 0, 1, 0, 0, 1, 1, 0], [1, 1, 0, 1, 0, 1, 0, 0, 1, 1, 1, 1, 0, 0], [1, 1, 0, 1, 1, 0, 0, 0, 0, 1, 0, 0, 0, 0], [1, 0, 1, 1, 1, 1, 1, 0, 0, 1, 1, 1, 1, 1], [0, 1, 0, 1, 0, 0, 1, 1, 1, 0, 0, 0, 0, 0], [1, 1, 0, 1, 0, 0, 1, 0, 1, 0, 0, 1, 0, 0], [0, 1, 1, 0, 0, 1, 1, 0, 1, 0, 1, 0, 1, 1], [1, 0, 0, 0, 0, 1, 0, 0, 1, 0, 0, 1, 0, 0], [1, 0, 1, 0, 0, 0, 0, 0, 1, 0, 0, 1, 0, 0]]",4.0,9.0,Y,"{0: 13, 1: 121, 2: 112, 3: 103, 4: 4, 5: 94, 6: 85, 7: 76, 8: 67, 9: 58, 10: 49, 11: 40, 12: 31, 13: 22}","{(0, 1): 1, (0, 2): 1, (0, 5): 1, (0, 6): 1, (0, 7): 5, (0, 8): 1, (0, 10): 1, (0, 12): 1, (0, 13): 1, (1, 3): 85, (1, 5): 1, (1, 6): 1, (1, 7): 15, (1, 9): 1, (1, 10): 15, (1, 11): 1, (2, 3): 1, (2, 4): 1, (2, 5): 1, (2, 8): 56, (2, 11): 33, (2, 13): 19, (3, 6): 1, (3, 7): 1, (3, 8): 1, (3, 9): 1, (3, 10): 12, (4, 5): 1, (4, 7): 1, (4, 8): 1, (5, 6): 61, (5, 8): 1, (5, 11): 1, (5, 12): 27, (6, 8): 1, (6, 9): 1, (6, 10): 18, (6, 11): 1, (7, 9): 54, (8, 9): 1, (8, 10): 1, (8, 11): 1, (8, 12): 2, (8, 13): 1, (10, 11): 1, (11, 12): 1, (11, 13): 1}",2449.000000012802
45.0,Graph with 14 nodes and 41 edges,"[[0, 1, 0, 1, 1, 1, 0, 1, 1, 0, 1, 0, 0, 0], [1, 0, 1, 0, 0, 1, 0, 1, 0, 0, 1, 1, 0, 0], [0, 1, 0, 0, 0, 0, 0, 0, 0, 1, 0, 0, 1, 1], [1, 0, 0, 0, 1, 1, 0, 1, 0, 1, 0, 0, 0, 0], [1, 0, 0, 1, 0, 1, 1, 1, 0, 0, 0, 0, 1, 1], [1, 1, 0, 1, 1, 0, 1, 0, 0, 0, 1, 1, 1, 0], [0, 0, 0, 0, 1, 1, 0, 0, 1, 1, 1, 1, 0, 1], [1, 1, 0, 1, 1, 0, 0, 0, 1, 1, 0, 0, 0, 0], [1, 0, 0, 0, 0, 0, 1, 1, 0, 1, 1, 1, 0, 0], [0, 0, 1, 1, 0, 0, 1, 1, 1, 0, 1, 0, 0, 0], [1, 1, 0, 0, 0, 1, 1, 0, 1, 1, 0, 0, 0, 1], [0, 1, 0, 0, 0, 1, 1, 0, 1, 0, 0, 0, 0, 1], [0, 0, 1, 0, 1, 1, 0, 0, 0, 0, 0, 0, 0, 0], [0, 0, 1, 0, 1, 0, 1, 0, 0, 0, 1, 1, 0, 0]]",3.0,1.0,Y,"{0: 7, 1: 6, 2: 4, 3: 5, 4: 16, 5: 8, 6: 15, 7: 14, 8: 13, 9: 12, 10: 11, 11: 10, 12: 3, 13: 9}","{(0, 1): 1, (0, 3): 1, (0, 4): 1, (0, 5): 1, (0, 7): 1, (0, 8): 1, (0, 10): 1, (1, 2): 1, (1, 5): 1, (1, 7): 1, (1, 10): 1, (1, 11): 1, (2, 9): 1, (2, 12): 1, (2, 13): 1, (3, 4): 1, (3, 5): 1, (3, 7): 1, (3, 9): 1, (4, 5): 1, (4, 6): 7, (4, 7): 3, (4, 12): 1, (4, 13): 1, (5, 6): 1, (5, 10): 1, (5, 11): 1, (5, 12): 1, (6, 8): 2, (6, 9): 1, (6, 10): 1, (6, 11): 1, (6, 13): 1, (7, 8): 1, (7, 9): 7, (8, 9): 1, (8, 10): 5, (8, 11): 2, (9, 10): 1, (10, 13): 1, (11, 13): 4}",1939.9999999905049
45.0,Graph with 14 nodes and 41 edges,"[[0, 1, 0, 1, 1, 1, 0, 1, 1, 0, 1, 0, 0, 0], [1, 0, 1, 0, 0, 1, 0, 1, 0, 0, 1, 1, 0, 0], [0, 1, 0, 0, 0, 0, 0, 0, 0, 1, 0, 0, 1, 1], [1, 0, 0, 0, 1, 1, 0, 1, 0, 1, 0, 0, 0, 0], [1, 0, 0, 1, 0, 1, 1, 1, 0, 0, 0, 0, 1, 1], [1, 1, 0, 1, 1, 0, 1, 0, 0, 0, 1, 1, 1, 0], [0, 0, 0, 0, 1, 1, 0, 0, 1, 1, 1, 1, 0, 1], [1, 1, 0, 1, 1, 0, 0, 0, 1, 1, 0, 0, 0, 0], [1, 0, 0, 0, 0, 0, 1, 1, 0, 1, 1, 1, 0, 0], [0, 0, 1, 1, 0, 0, 1, 1, 1, 0, 1, 0, 0, 0], [1, 1, 0, 0, 0, 1, 1, 0, 1, 1, 0, 0, 0, 1], [0, 1, 0, 0, 0, 1, 1, 0, 1, 0, 0, 0, 0, 1], [0, 0, 1, 0, 1, 1, 0, 0, 0, 0, 0, 0, 0, 0], [0, 0, 1, 0, 1, 0, 1, 0, 0, 0, 1, 1, 0, 0]]",3.0,6.0,Y,"{0: 9, 1: 81, 2: 75, 3: 69, 4: 63, 5: 57, 6: 51, 7: 45, 8: 39, 9: 33, 10: 27, 11: 21, 12: 3, 13: 15}","{(0, 1): 1, (0, 3): 1, (0, 4): 1, (0, 5): 3, (0, 7): 1, (0, 8): 1, (0, 10): 1, (1, 2): 62, (1, 5): 1, (1, 7): 1, (1, 10): 1, (1, 11): 15, (2, 9): 1, (2, 12): 1, (2, 13): 11, (3, 4): 1, (3, 5): 1, (3, 7): 39, (3, 9): 27, (4, 5): 36, (4, 6): 22, (4, 7): 1, (4, 12): 1, (4, 13): 1, (5, 6): 11, (5, 10): 1, (5, 11): 3, (5, 12): 1, (6, 8): 14, (6, 9): 1, (6, 10): 1, (6, 11): 1, (6, 13): 1, (7, 8): 1, (7, 9): 2, (8, 9): 1, (8, 10): 21, (8, 11): 1, (9, 10): 1, (10, 13): 1, (11, 13): 1}",2457.0000000494474
45.0,Graph with 14 nodes and 41 edges,"[[0, 1, 0, 1, 1, 1, 0, 1, 1, 0, 1, 0, 0, 0], [1, 0, 1, 0, 0, 1, 0, 1, 0, 0, 1, 1, 0, 0], [0, 1, 0, 0, 0, 0, 0, 0, 0, 1, 0, 0, 1, 1], [1, 0, 0, 0, 1, 1, 0, 1, 0, 1, 0, 0, 0, 0], [1, 0, 0, 1, 0, 1, 1, 1, 0, 0, 0, 0, 1, 1], [1, 1, 0, 1, 1, 0, 1, 0, 0, 0, 1, 1, 1, 0], [0, 0, 0, 0, 1, 1, 0, 0, 1, 1, 1, 1, 0, 1], [1, 1, 0, 1, 1, 0, 0, 0, 1, 1, 0, 0, 0, 0], [1, 0, 0, 0, 0, 0, 1, 1, 0, 1, 1, 1, 0, 0], [0, 0, 1, 1, 0, 0, 1, 1, 1, 0, 1, 0, 0, 0], [1, 1, 0, 0, 0, 1, 1, 0, 1, 1, 0, 0, 0, 1], [0, 1, 0, 0, 0, 1, 1, 0, 1, 0, 0, 0, 0, 1], [0, 0, 1, 0, 1, 1, 0, 0, 0, 0, 0, 0, 0, 0], [0, 0, 1, 0, 1, 0, 1, 0, 0, 0, 1, 1, 0, 0]]",4.0,1.0,Y,"{0: 7, 1: 6, 2: 4, 3: 5, 4: 17, 5: 8, 6: 16, 7: 15, 8: 14, 9: 13, 10: 12, 11: 11, 12: 10, 13: 9}","{(0, 1): 1, (0, 3): 1, (0, 4): 1, (0, 5): 1, (0, 7): 1, (0, 8): 1, (0, 10): 1, (1, 2): 1, (1, 5): 1, (1, 7): 1, (1, 10): 1, (1, 11): 1, (2, 9): 1, (2, 12): 1, (2, 13): 1, (3, 4): 1, (3, 5): 1, (3, 7): 1, (3, 9): 1, (4, 5): 1, (4, 6): 1, (4, 7): 4, (4, 12): 8, (4, 13): 1, (5, 6): 1, (5, 10): 1, (5, 11): 1, (5, 12): 1, (6, 8): 1, (6, 9): 1, (6, 10): 1, (6, 11): 6, (6, 13): 4, (7, 8): 2, (7, 9): 6, (8, 9): 3, (8, 10): 6, (8, 11): 1, (9, 10): 1, (10, 13): 1, (11, 13): 1}",2479.999999991378
45.0,Graph with 14 nodes and 41 edges,"[[0, 1, 0, 1, 1, 1, 0, 1, 1, 0, 1, 0, 0, 0], [1, 0, 1, 0, 0, 1, 0, 1, 0, 0, 1, 1, 0, 0], [0, 1, 0, 0, 0, 0, 0, 0, 0, 1, 0, 0, 1, 1], [1, 0, 0, 0, 1, 1, 0, 1, 0, 1, 0, 0, 0, 0], [1, 0, 0, 1, 0, 1, 1, 1, 0, 0, 0, 0, 1, 1], [1, 1, 0, 1, 1, 0, 1, 0, 0, 0, 1, 1, 1, 0], [0, 0, 0, 0, 1, 1, 0, 0, 1, 1, 1, 1, 0, 1], [1, 1, 0, 1, 1, 0, 0, 0, 1, 1, 0, 0, 0, 0], [1, 0, 0, 0, 0, 0, 1, 1, 0, 1, 1, 1, 0, 0], [0, 0, 1, 1, 0, 0, 1, 1, 1, 0, 1, 0, 0, 0], [1, 1, 0, 0, 0, 1, 1, 0, 1, 1, 0, 0, 0, 1], [0, 1, 0, 0, 0, 1, 1, 0, 1, 0, 0, 0, 0, 1], [0, 0, 1, 0, 1, 1, 0, 0, 0, 0, 0, 0, 0, 0], [0, 0, 1, 0, 1, 0, 1, 0, 0, 0, 1, 1, 0, 0]]",4.0,6.0,Y,"{0: 10, 1: 82, 2: 4, 3: 76, 4: 70, 5: 64, 6: 58, 7: 52, 8: 46, 9: 40, 10: 34, 11: 28, 12: 22, 13: 16}","{(0, 1): 4, (0, 3): 1, (0, 4): 1, (0, 5): 1, (0, 7): 1, (0, 8): 1, (0, 10): 1, (1, 2): 1, (1, 5): 38, (1, 7): 14, (1, 10): 1, (1, 11): 24, (2, 9): 1, (2, 12): 1, (2, 13): 1, (3, 4): 10, (3, 5): 1, (3, 7): 34, (3, 9): 30, (4, 5): 1, (4, 6): 44, (4, 7): 1, (4, 12): 1, (4, 13): 12, (5, 6): 1, (5, 10): 1, (5, 11): 1, (5, 12): 20, (6, 8): 9, (6, 9): 1, (6, 10): 1, (6, 11): 1, (6, 13): 1, (7, 8): 1, (7, 9): 1, (8, 9): 6, (8, 10): 28, (8, 11): 1, (9, 10): 1, (10, 13): 1, (11, 13): 1}",3334.9999999927604
46.0,Graph with 14 nodes and 43 edges,"[[0, 1, 1, 0, 0, 0, 0, 0, 1, 1, 0, 0, 1, 1], [1, 0, 0, 1, 0, 0, 1, 0, 1, 1, 1, 0, 0, 1], [1, 0, 0, 0, 0, 0, 1, 0, 0, 1, 0, 1, 1, 0], [0, 1, 0, 0, 1, 1, 0, 1, 1, 0, 1, 1, 1, 1], [0, 0, 0, 1, 0, 1, 1, 1, 0, 1, 0, 0, 1, 0], [0, 0, 0, 1, 1, 0, 0, 1, 0, 1, 0, 0, 0, 0], [0, 1, 1, 0, 1, 0, 0, 0, 0, 0, 0, 1, 0, 1], [0, 0, 0, 1, 1, 1, 0, 0, 0, 0, 1, 0, 1, 1], [1, 1, 0, 1, 0, 0, 0, 0, 0, 0, 0, 1, 1, 0], [1, 1, 1, 0, 1, 1, 0, 0, 0, 0, 0, 1, 0, 0], [0, 1, 0, 1, 0, 0, 0, 1, 0, 0, 0, 0, 1, 0], [0, 0, 1, 1, 0, 0, 1, 0, 1, 1, 0, 0, 1, 1], [1, 0, 1, 1, 1, 0, 0, 1, 1, 0, 1, 1, 0, 1], [1, 1, 0, 1, 0, 0, 1, 1, 0, 0, 0, 1, 1, 0]]",4.0,1.0,Y,"{0: 10, 1: 15, 2: 8, 3: 16, 4: 12, 5: 5, 6: 7, 7: 9, 8: 6, 9: 11, 10: 4, 11: 13, 12: 17, 13: 14}","{(0, 1): 1, (0, 2): 1, (0, 8): 1, (0, 9): 1, (0, 12): 2, (0, 13): 3, (1, 3): 7, (1, 6): 1, (1, 8): 1, (1, 9): 1, (1, 10): 1, (1, 13): 3, (2, 6): 1, (2, 9): 1, (2, 11): 1, (2, 12): 4, (3, 4): 1, (3, 5): 1, (3, 7): 1, (3, 8): 1, (3, 10): 1, (3, 11): 2, (3, 12): 1, (3, 13): 1, (4, 5): 2, (4, 6): 1, (4, 7): 4, (4, 9): 3, (4, 12): 1, (5, 7): 1, (5, 9): 1, (6, 11): 3, (6, 13): 1, (7, 10): 1, (7, 12): 1, (7, 13): 1, (8, 11): 1, (8, 12): 2, (9, 11): 4, (10, 12): 1, (11, 12): 1, (11, 13): 1, (12, 13): 3}",2002.999999945132
47.0,Graph with 14 nodes and 46 edges,"[[0, 0, 1, 1, 1, 0, 1, 0, 0, 1, 0, 0, 1, 1], [0, 0, 0, 0, 1, 1, 0, 1, 0, 0, 0, 0, 0, 1], [1, 0, 0, 0, 1, 0, 1, 1, 0, 0, 1, 1, 0, 1], [1, 0, 0, 0, 1, 0, 0, 1, 0, 0, 0, 1, 1, 1], [1, 1, 1, 1, 0, 0, 1, 1, 0, 0, 1, 1, 1, 0], [0, 1, 0, 0, 0, 0, 0, 0, 0, 0, 0, 1, 1, 0], [1, 0, 1, 0, 1, 0, 0, 1, 1, 1, 1, 0, 1, 1], [0, 1, 1, 1, 1, 0, 1, 0, 1, 1, 1, 0, 1, 1], [0, 0, 0, 0, 0, 0, 1, 1, 0, 0, 1, 0, 0, 1], [1, 0, 0, 0, 0, 0, 1, 1, 0, 0, 0, 1, 0, 1], [0, 0, 1, 0, 1, 0, 1, 1, 1, 0, 0, 1, 0, 0], [0, 0, 1, 1, 1, 1, 0, 0, 0, 1, 1, 0, 1, 0], [1, 0, 0, 1, 1, 1, 1, 1, 0, 0, 0, 1, 0, 0], [1, 1, 1, 1, 0, 0, 1, 1, 1, 1, 0, 0, 0, 0]]",3.0,1.0,Y,"{0: 9, 1: 5, 2: 10, 3: 8, 4: 14, 5: 3, 6: 15, 7: 16, 8: 4, 9: 6, 10: 7, 11: 12, 12: 11, 13: 13}","{(0, 2): 1, (0, 3): 1, (0, 4): 1, (0, 6): 1, (0, 9): 1, (0, 12): 1, (0, 13): 3, (1, 4): 2, (1, 5): 1, (1, 7): 1, (1, 13): 1, (2, 4): 1, (2, 6): 1, (2, 7): 1, (2, 10): 1, (2, 11): 4, (2, 13): 1, (3, 4): 1, (3, 7): 1, (3, 11): 1, (3, 12): 2, (3, 13): 1, (4, 6): 1, (4, 7): 5, (4, 10): 1, (4, 11): 1, (4, 12): 1, (5, 11): 1, (5, 12): 1, (6, 7): 2, (6, 8): 1, (6, 9): 1, (6, 10): 2, (6, 12): 2, (6, 13): 4, (7, 8): 1, (7, 9): 2, (7, 10): 1, (7, 12): 1, (7, 13): 1, (8, 10): 1, (8, 13): 1, (9, 11): 1, (9, 13): 1, (10, 11): 1, (11, 12): 2}",2207.999999995991
47.0,Graph with 14 nodes and 46 edges,"[[0, 0, 1, 1, 1, 0, 1, 0, 0, 1, 0, 0, 1, 1], [0, 0, 0, 0, 1, 1, 0, 1, 0, 0, 0, 0, 0, 1], [1, 0, 0, 0, 1, 0, 1, 1, 0, 0, 1, 1, 0, 1], [1, 0, 0, 0, 1, 0, 0, 1, 0, 0, 0, 1, 1, 1], [1, 1, 1, 1, 0, 0, 1, 1, 0, 0, 1, 1, 1, 0], [0, 1, 0, 0, 0, 0, 0, 0, 0, 0, 0, 1, 1, 0], [1, 0, 1, 0, 1, 0, 0, 1, 1, 1, 1, 0, 1, 1], [0, 1, 1, 1, 1, 0, 1, 0, 1, 1, 1, 0, 1, 1], [0, 0, 0, 0, 0, 0, 1, 1, 0, 0, 1, 0, 0, 1], [1, 0, 0, 0, 0, 0, 1, 1, 0, 0, 0, 1, 0, 1], [0, 0, 1, 0, 1, 0, 1, 1, 1, 0, 0, 1, 0, 0], [0, 0, 1, 1, 1, 1, 0, 0, 0, 1, 1, 0, 1, 0], [1, 0, 0, 1, 1, 1, 1, 1, 0, 0, 0, 1, 0, 0], [1, 1, 1, 1, 0, 0, 1, 1, 1, 1, 0, 0, 0, 0]]",3.0,3.0,Y,"{0: 33, 1: 6, 2: 36, 3: 15, 4: 24, 5: 3, 6: 39, 7: 42, 8: 9, 9: 12, 10: 18, 11: 21, 12: 30, 13: 27}","{(0, 2): 1, (0, 3): 1, (0, 4): 1, (0, 6): 1, (0, 9): 1, (0, 12): 8, (0, 13): 20, (1, 4): 1, (1, 5): 1, (1, 7): 3, (1, 13): 1, (2, 4): 1, (2, 6): 1, (2, 7): 16, (2, 10): 1, (2, 11): 15, (2, 13): 1, (3, 4): 1, (3, 7): 10, (3, 11): 1, (3, 12): 1, (3, 13): 1, (4, 6): 5, (4, 7): 1, (4, 10): 1, (4, 11): 1, (4, 12): 11, (5, 11): 1, (5, 12): 1, (6, 7): 2, (6, 8): 1, (6, 9): 8, (6, 10): 13, (6, 12): 6, (6, 13): 1, (7, 8): 6, (7, 9): 1, (7, 10): 1, (7, 12): 1, (7, 13): 1, (8, 10): 1, (8, 13): 1, (9, 11): 1, (9, 13): 1, (10, 11): 1, (11, 12): 1}",3252.999999972417
47.0,Graph with 14 nodes and 46 edges,"[[0, 0, 1, 1, 1, 0, 1, 0, 0, 1, 0, 0, 1, 1], [0, 0, 0, 0, 1, 1, 0, 1, 0, 0, 0, 0, 0, 1], [1, 0, 0, 0, 1, 0, 1, 1, 0, 0, 1, 1, 0, 1], [1, 0, 0, 0, 1, 0, 0, 1, 0, 0, 0, 1, 1, 1], [1, 1, 1, 1, 0, 0, 1, 1, 0, 0, 1, 1, 1, 0], [0, 1, 0, 0, 0, 0, 0, 0, 0, 0, 0, 1, 1, 0], [1, 0, 1, 0, 1, 0, 0, 1, 1, 1, 1, 0, 1, 1], [0, 1, 1, 1, 1, 0, 1, 0, 1, 1, 1, 0, 1, 1], [0, 0, 0, 0, 0, 0, 1, 1, 0, 0, 1, 0, 0, 1], [1, 0, 0, 0, 0, 0, 1, 1, 0, 0, 0, 1, 0, 1], [0, 0, 1, 0, 1, 0, 1, 1, 1, 0, 0, 1, 0, 0], [0, 0, 1, 1, 1, 1, 0, 0, 0, 1, 1, 0, 1, 0], [1, 0, 0, 1, 1, 1, 1, 1, 0, 0, 0, 1, 0, 0], [1, 1, 1, 1, 0, 0, 1, 1, 1, 1, 0, 0, 0, 0]]",3.0,4.0,Y,"{0: 23, 1: 7, 2: 15, 3: 35, 4: 55, 5: 3, 6: 43, 7: 47, 8: 11, 9: 27, 10: 39, 11: 31, 12: 19, 13: 51}","{(0, 2): 1, (0, 3): 1, (0, 4): 1, (0, 6): 17, (0, 9): 1, (0, 12): 1, (0, 13): 1, (1, 4): 1, (1, 5): 1, (1, 7): 4, (1, 13): 1, (2, 4): 1, (2, 6): 6, (2, 7): 4, (2, 10): 1, (2, 11): 1, (2, 13): 1, (3, 4): 26, (3, 7): 5, (3, 11): 1, (3, 12): 1, (3, 13): 1, (4, 6): 1, (4, 7): 1, (4, 10): 10, (4, 11): 1, (4, 12): 13, (5, 11): 1, (5, 12): 1, (6, 7): 1, (6, 8): 8, (6, 9): 7, (6, 10): 1, (6, 12): 1, (6, 13): 1, (7, 8): 1, (7, 9): 1, (7, 10): 1, (7, 12): 1, (7, 13): 28, (8, 10): 1, (8, 13): 1, (9, 11): 1, (9, 13): 17, (10, 11): 25, (11, 12): 1}",2428.0000000089785
47.0,Graph with 14 nodes and 46 edges,"[[0, 0, 1, 1, 1, 0, 1, 0, 0, 1, 0, 0, 1, 1], [0, 0, 0, 0, 1, 1, 0, 1, 0, 0, 0, 0, 0, 1], [1, 0, 0, 0, 1, 0, 1, 1, 0, 0, 1, 1, 0, 1], [1, 0, 0, 0, 1, 0, 0, 1, 0, 0, 0, 1, 1, 1], [1, 1, 1, 1, 0, 0, 1, 1, 0, 0, 1, 1, 1, 0], [0, 1, 0, 0, 0, 0, 0, 0, 0, 0, 0, 1, 1, 0], [1, 0, 1, 0, 1, 0, 0, 1, 1, 1, 1, 0, 1, 1], [0, 1, 1, 1, 1, 0, 1, 0, 1, 1, 1, 0, 1, 1], [0, 0, 0, 0, 0, 0, 1, 1, 0, 0, 1, 0, 0, 1], [1, 0, 0, 0, 0, 0, 1, 1, 0, 0, 0, 1, 0, 1], [0, 0, 1, 0, 1, 0, 1, 1, 1, 0, 0, 1, 0, 0], [0, 0, 1, 1, 1, 1, 0, 0, 0, 1, 1, 0, 1, 0], [1, 0, 0, 1, 1, 1, 1, 1, 0, 0, 0, 1, 0, 0], [1, 1, 1, 1, 0, 0, 1, 1, 1, 1, 0, 0, 0, 0]]",3.0,6.0,Y,"{0: 15, 1: 57, 2: 9, 3: 21, 4: 75, 5: 3, 6: 63, 7: 81, 8: 51, 9: 45, 10: 27, 11: 69, 12: 39, 13: 33}","{(0, 2): 1, (0, 3): 1, (0, 4): 1, (0, 6): 1, (0, 9): 9, (0, 12): 1, (0, 13): 1, (1, 4): 1, (1, 5): 1, (1, 7): 54, (1, 13): 1, (2, 4): 1, (2, 6): 1, (2, 7): 3, (2, 10): 1, (2, 11): 1, (2, 13): 1, (3, 4): 1, (3, 7): 1, (3, 11): 16, (3, 12): 1, (3, 13): 1, (4, 6): 1, (4, 7): 1, (4, 10): 13, (4, 11): 39, (4, 12): 17, (5, 11): 1, (5, 12): 1, (6, 7): 1, (6, 8): 48, (6, 9): 8, (6, 10): 1, (6, 12): 1, (6, 13): 1, (7, 8): 1, (7, 9): 1, (7, 10): 1, (7, 12): 17, (7, 13): 1, (8, 10): 1, (8, 13): 1, (9, 11): 1, (9, 13): 26, (10, 11): 10, (11, 12): 1}",2505.9999999825777
47.0,Graph with 14 nodes and 46 edges,"[[0, 0, 1, 1, 1, 0, 1, 0, 0, 1, 0, 0, 1, 1], [0, 0, 0, 0, 1, 1, 0, 1, 0, 0, 0, 0, 0, 1], [1, 0, 0, 0, 1, 0, 1, 1, 0, 0, 1, 1, 0, 1], [1, 0, 0, 0, 1, 0, 0, 1, 0, 0, 0, 1, 1, 1], [1, 1, 1, 1, 0, 0, 1, 1, 0, 0, 1, 1, 1, 0], [0, 1, 0, 0, 0, 0, 0, 0, 0, 0, 0, 1, 1, 0], [1, 0, 1, 0, 1, 0, 0, 1, 1, 1, 1, 0, 1, 1], [0, 1, 1, 1, 1, 0, 1, 0, 1, 1, 1, 0, 1, 1], [0, 0, 0, 0, 0, 0, 1, 1, 0, 0, 1, 0, 0, 1], [1, 0, 0, 0, 0, 0, 1, 1, 0, 0, 0, 1, 0, 1], [0, 0, 1, 0, 1, 0, 1, 1, 1, 0, 0, 1, 0, 0], [0, 0, 1, 1, 1, 1, 0, 0, 0, 1, 1, 0, 1, 0], [1, 0, 0, 1, 1, 1, 1, 1, 0, 0, 0, 1, 0, 0], [1, 1, 1, 1, 0, 0, 1, 1, 1, 1, 0, 0, 0, 0]]",4.0,3.0,Y,"{0: 31, 1: 4, 2: 13, 3: 25, 4: 43, 5: 7, 6: 34, 7: 40, 8: 10, 9: 16, 10: 22, 11: 28, 12: 19, 13: 37}","{(0, 2): 1, (0, 3): 1, (0, 4): 25, (0, 6): 1, (0, 9): 1, (0, 12): 1, (0, 13): 1, (1, 4): 1, (1, 5): 1, (1, 7): 1, (1, 13): 1, (2, 4): 7, (2, 6): 1, (2, 7): 1, (2, 10): 1, (2, 11): 1, (2, 13): 1, (3, 4): 5, (3, 7): 1, (3, 11): 4, (3, 12): 13, (3, 13): 1, (4, 6): 1, (4, 7): 1, (4, 10): 1, (4, 11): 1, (4, 12): 1, (5, 11): 5, (5, 12): 1, (6, 7): 6, (6, 8): 1, (6, 9): 1, (6, 10): 1, (6, 12): 1, (6, 13): 20, (7, 8): 5, (7, 9): 12, (7, 10): 1, (7, 12): 1, (7, 13): 10, (8, 10): 3, (8, 13): 1, (9, 11): 1, (9, 13): 1, (10, 11): 15, (11, 12): 1}",2294.0000000062355
48.0,Graph with 14 nodes and 45 edges,"[[0, 0, 0, 1, 1, 1, 0, 1, 1, 0, 1, 1, 0, 0], [0, 0, 0, 1, 0, 0, 1, 1, 1, 1, 1, 0, 1, 0], [0, 0, 0, 0, 0, 1, 0, 0, 1, 0, 0, 0, 1, 0], [1, 1, 0, 0, 1, 0, 0, 1, 0, 0, 1, 1, 0, 1], [1, 0, 0, 1, 0, 1, 1, 1, 0, 1, 0, 1, 0, 0], [1, 0, 1, 0, 1, 0, 0, 0, 0, 1, 1, 1, 1, 0], [0, 1, 0, 0, 1, 0, 0, 1, 0, 0, 0, 1, 1, 0], [1, 1, 0, 1, 1, 0, 1, 0, 1, 1, 0, 1, 0, 0], [1, 1, 1, 0, 0, 0, 0, 1, 0, 1, 1, 1, 0, 0], [0, 1, 0, 0, 1, 1, 0, 1, 1, 0, 1, 0, 0, 0], [1, 1, 0, 1, 0, 1, 0, 0, 1, 1, 0, 1, 0, 1], [1, 0, 0, 1, 1, 1, 1, 1, 1, 0, 1, 0, 0, 1], [0, 1, 1, 0, 0, 1, 1, 0, 0, 0, 0, 0, 0, 1], [0, 0, 0, 1, 0, 0, 0, 0, 0, 0, 1, 1, 1, 0]]",3.0,1.0,Y,"{0: 7, 1: 16, 2: 3, 3: 15, 4: 14, 5: 13, 6: 5, 7: 8, 8: 12, 9: 11, 10: 10, 11: 9, 12: 6, 13: 4}","{(0, 3): 1, (0, 4): 1, (0, 5): 1, (0, 7): 1, (0, 8): 1, (0, 10): 1, (0, 11): 1, (1, 3): 2, (1, 6): 1, (1, 7): 1, (1, 8): 6, (1, 9): 1, (1, 10): 3, (1, 12): 1, (2, 5): 1, (2, 8): 1, (2, 12): 1, (3, 4): 7, (3, 7): 1, (3, 10): 1, (3, 11): 1, (3, 13): 1, (4, 5): 1, (4, 6): 1, (4, 7): 1, (4, 9): 1, (4, 11): 1, (5, 9): 5, (5, 10): 1, (5, 11): 1, (5, 12): 2, (6, 7): 1, (6, 11): 1, (6, 12): 1, (7, 8): 1, (7, 9): 1, (7, 11): 1, (8, 9): 1, (8, 10): 1, (8, 11): 1, (9, 10): 1, (10, 11): 1, (10, 13): 1, (11, 13): 1, (12, 13): 1}",2199.0000000187138
48.0,Graph with 14 nodes and 45 edges,"[[0, 0, 0, 1, 1, 1, 0, 1, 1, 0, 1, 1, 0, 0], [0, 0, 0, 1, 0, 0, 1, 1, 1, 1, 1, 0, 1, 0], [0, 0, 0, 0, 0, 1, 0, 0, 1, 0, 0, 0, 1, 0], [1, 1, 0, 0, 1, 0, 0, 1, 0, 0, 1, 1, 0, 1], [1, 0, 0, 1, 0, 1, 1, 1, 0, 1, 0, 1, 0, 0], [1, 0, 1, 0, 1, 0, 0, 0, 0, 1, 1, 1, 1, 0], [0, 1, 0, 0, 1, 0, 0, 1, 0, 0, 0, 1, 1, 0], [1, 1, 0, 1, 1, 0, 1, 0, 1, 1, 0, 1, 0, 0], [1, 1, 1, 0, 0, 0, 0, 1, 0, 1, 1, 1, 0, 0], [0, 1, 0, 0, 1, 1, 0, 1, 1, 0, 1, 0, 0, 0], [1, 1, 0, 1, 0, 1, 0, 0, 1, 1, 0, 1, 0, 1], [1, 0, 0, 1, 1, 1, 1, 1, 1, 0, 1, 0, 0, 1], [0, 1, 1, 0, 0, 1, 1, 0, 0, 0, 0, 0, 0, 1], [0, 0, 0, 1, 0, 0, 0, 0, 0, 0, 1, 1, 1, 0]]",3.0,5.0,Y,"{0: 8, 1: 68, 2: 3, 3: 63, 4: 58, 5: 53, 6: 48, 7: 43, 8: 38, 9: 33, 10: 28, 11: 23, 12: 18, 13: 13}","{(0, 3): 1, (0, 4): 1, (0, 5): 2, (0, 7): 1, (0, 8): 1, (0, 10): 1, (0, 11): 1, (1, 3): 30, (1, 6): 32, (1, 7): 1, (1, 8): 1, (1, 9): 1, (1, 10): 1, (1, 12): 1, (2, 5): 1, (2, 8): 1, (2, 12): 1, (3, 4): 1, (3, 7): 1, (3, 10): 21, (3, 11): 1, (3, 13): 7, (4, 5): 27, (4, 6): 1, (4, 7): 26, (4, 9): 1, (4, 11): 1, (5, 9): 7, (5, 10): 1, (5, 11): 1, (5, 12): 14, (6, 7): 1, (6, 11): 12, (6, 12): 1, (7, 8): 11, (7, 9): 1, (7, 11): 1, (8, 9): 22, (8, 10): 1, (8, 11): 1, (9, 10): 1, (10, 11): 1, (10, 13): 1, (11, 13): 3, (12, 13): 1}",3258.9999999572683
48.0,Graph with 14 nodes and 45 edges,"[[0, 0, 0, 1, 1, 1, 0, 1, 1, 0, 1, 1, 0, 0], [0, 0, 0, 1, 0, 0, 1, 1, 1, 1, 1, 0, 1, 0], [0, 0, 0, 0, 0, 1, 0, 0, 1, 0, 0, 0, 1, 0], [1, 1, 0, 0, 1, 0, 0, 1, 0, 0, 1, 1, 0, 1], [1, 0, 0, 1, 0, 1, 1, 1, 0, 1, 0, 1, 0, 0], [1, 0, 1, 0, 1, 0, 0, 0, 0, 1, 1, 1, 1, 0], [0, 1, 0, 0, 1, 0, 0, 1, 0, 0, 0, 1, 1, 0], [1, 1, 0, 1, 1, 0, 1, 0, 1, 1, 0, 1, 0, 0], [1, 1, 1, 0, 0, 0, 0, 1, 0, 1, 1, 1, 0, 0], [0, 1, 0, 0, 1, 1, 0, 1, 1, 0, 1, 0, 0, 0], [1, 1, 0, 1, 0, 1, 0, 0, 1, 1, 0, 1, 0, 1], [1, 0, 0, 1, 1, 1, 1, 1, 1, 0, 1, 0, 0, 1], [0, 1, 1, 0, 0, 1, 1, 0, 0, 0, 0, 0, 0, 1], [0, 0, 0, 1, 0, 0, 0, 0, 0, 0, 1, 1, 1, 0]]",3.0,8.0,Y,"{0: 11, 1: 107, 2: 3, 3: 99, 4: 91, 5: 83, 6: 75, 7: 67, 8: 59, 9: 51, 10: 43, 11: 35, 12: 27, 13: 19}","{(0, 3): 1, (0, 4): 1, (0, 5): 5, (0, 7): 1, (0, 8): 1, (0, 10): 1, (0, 11): 1, (1, 3): 1, (1, 6): 71, (1, 7): 1, (1, 8): 14, (1, 9): 18, (1, 10): 1, (1, 12): 1, (2, 5): 1, (2, 8): 1, (2, 12): 1, (3, 4): 52, (3, 7): 27, (3, 10): 1, (3, 11): 1, (3, 13): 16, (4, 5): 1, (4, 6): 1, (4, 7): 34, (4, 9): 1, (4, 11): 1, (5, 9): 25, (5, 10): 1, (5, 11): 27, (5, 12): 23, (6, 7): 1, (6, 11): 1, (6, 12): 1, (7, 8): 1, (7, 9): 1, (7, 11): 1, (8, 9): 5, (8, 10): 36, (8, 11): 1, (9, 10): 1, (10, 11): 1, (10, 13): 1, (11, 13): 1, (12, 13): 1}",2415.999999982432
48.0,Graph with 14 nodes and 45 edges,"[[0, 0, 0, 1, 1, 1, 0, 1, 1, 0, 1, 1, 0, 0], [0, 0, 0, 1, 0, 0, 1, 1, 1, 1, 1, 0, 1, 0], [0, 0, 0, 0, 0, 1, 0, 0, 1, 0, 0, 0, 1, 0], [1, 1, 0, 0, 1, 0, 0, 1, 0, 0, 1, 1, 0, 1], [1, 0, 0, 1, 0, 1, 1, 1, 0, 1, 0, 1, 0, 0], [1, 0, 1, 0, 1, 0, 0, 0, 0, 1, 1, 1, 1, 0], [0, 1, 0, 0, 1, 0, 0, 1, 0, 0, 0, 1, 1, 0], [1, 1, 0, 1, 1, 0, 1, 0, 1, 1, 0, 1, 0, 0], [1, 1, 1, 0, 0, 0, 0, 1, 0, 1, 1, 1, 0, 0], [0, 1, 0, 0, 1, 1, 0, 1, 1, 0, 1, 0, 0, 0], [1, 1, 0, 1, 0, 1, 0, 0, 1, 1, 0, 1, 0, 1], [1, 0, 0, 1, 1, 1, 1, 1, 1, 0, 1, 0, 0, 1], [0, 1, 1, 0, 0, 1, 1, 0, 0, 0, 0, 0, 0, 1], [0, 0, 0, 1, 0, 0, 0, 0, 0, 0, 1, 1, 1, 0]]",4.0,2.0,Y,"{0: 8, 1: 30, 2: 4, 3: 28, 4: 26, 5: 24, 6: 6, 7: 22, 8: 20, 9: 18, 10: 16, 11: 10, 12: 14, 13: 12}","{(0, 3): 1, (0, 4): 2, (0, 5): 1, (0, 7): 1, (0, 8): 1, (0, 10): 1, (0, 11): 1, (1, 3): 8, (1, 6): 1, (1, 7): 1, (1, 8): 14, (1, 9): 4, (1, 10): 1, (1, 12): 1, (2, 5): 2, (2, 8): 1, (2, 12): 1, (3, 4): 1, (3, 7): 1, (3, 10): 8, (3, 11): 1, (3, 13): 8, (4, 5): 1, (4, 6): 2, (4, 7): 15, (4, 9): 4, (4, 11): 1, (5, 9): 7, (5, 10): 1, (5, 11): 2, (5, 12): 10, (6, 7): 1, (6, 11): 1, (6, 12): 1, (7, 8): 1, (7, 9): 1, (7, 11): 1, (8, 9): 1, (8, 10): 1, (8, 11): 1, (9, 10): 1, (10, 11): 1, (10, 13): 2, (11, 13): 1, (12, 13): 1}",2283.9999999746396
48.0,Graph with 14 nodes and 45 edges,"[[0, 0, 0, 1, 1, 1, 0, 1, 1, 0, 1, 1, 0, 0], [0, 0, 0, 1, 0, 0, 1, 1, 1, 1, 1, 0, 1, 0], [0, 0, 0, 0, 0, 1, 0, 0, 1, 0, 0, 0, 1, 0], [1, 1, 0, 0, 1, 0, 0, 1, 0, 0, 1, 1, 0, 1], [1, 0, 0, 1, 0, 1, 1, 1, 0, 1, 0, 1, 0, 0], [1, 0, 1, 0, 1, 0, 0, 0, 0, 1, 1, 1, 1, 0], [0, 1, 0, 0, 1, 0, 0, 1, 0, 0, 0, 1, 1, 0], [1, 1, 0, 1, 1, 0, 1, 0, 1, 1, 0, 1, 0, 0], [1, 1, 1, 0, 0, 0, 0, 1, 0, 1, 1, 1, 0, 0], [0, 1, 0, 0, 1, 1, 0, 1, 1, 0, 1, 0, 0, 0], [1, 1, 0, 1, 0, 1, 0, 0, 1, 1, 0, 1, 0, 1], [1, 0, 0, 1, 1, 1, 1, 1, 1, 0, 1, 0, 0, 1], [0, 1, 1, 0, 0, 1, 1, 0, 0, 0, 0, 0, 0, 1], [0, 0, 0, 1, 0, 0, 0, 0, 0, 0, 1, 1, 1, 0]]",4.0,8.0,Y,"{0: 12, 1: 108, 2: 4, 3: 100, 4: 92, 5: 84, 6: 76, 7: 68, 8: 60, 9: 52, 10: 44, 11: 36, 12: 28, 13: 20}","{(0, 3): 1, (0, 4): 1, (0, 5): 1, (0, 7): 1, (0, 8): 6, (0, 10): 1, (0, 11): 1, (1, 3): 2, (1, 6): 48, (1, 7): 1, (1, 8): 1, (1, 9): 47, (1, 10): 1, (1, 12): 8, (2, 5): 1, (2, 8): 2, (2, 12): 1, (3, 4): 1, (3, 7): 61, (3, 10): 17, (3, 11): 1, (3, 13): 17, (4, 5): 78, (4, 6): 9, (4, 7): 1, (4, 9): 1, (4, 11): 1, (5, 9): 1, (5, 10): 1, (5, 11): 1, (5, 12): 1, (6, 7): 1, (6, 11): 1, (6, 12): 17, (7, 8): 1, (7, 9): 1, (7, 11): 1, (8, 9): 1, (8, 10): 21, (8, 11): 28, (9, 10): 1, (10, 11): 1, (10, 13): 1, (11, 13): 1, (12, 13): 1}",3130.99999999622
