graph_index,Graph,Adjacency_list,a,d,APG_label_availability,Vertex_labels,Edge_labels,Gurobi_runtime
0.0,Graph with 17 nodes and 63 edges,"[[0, 1, 1, 1, 0, 0, 0, 0, 0, 0, 1, 0, 1, 1, 1, 0, 0], [1, 0, 0, 0, 1, 0, 0, 1, 1, 1, 1, 0, 0, 0, 1, 1, 1], [1, 0, 0, 0, 1, 0, 0, 0, 0, 1, 0, 0, 1, 0, 0, 1, 1], [1, 0, 0, 0, 1, 0, 1, 0, 0, 0, 1, 0, 1, 0, 0, 0, 0], [0, 1, 1, 1, 0, 1, 0, 0, 1, 1, 1, 0, 0, 1, 1, 0, 1], [0, 0, 0, 0, 1, 0, 1, 0, 1, 1, 1, 1, 1, 0, 0, 0, 0], [0, 0, 0, 1, 0, 1, 0, 0, 0, 0, 0, 1, 1, 1, 1, 0, 0], [0, 1, 0, 0, 0, 0, 0, 0, 0, 1, 0, 1, 0, 1, 0, 0, 1], [0, 1, 0, 0, 1, 1, 0, 0, 0, 0, 0, 1, 1, 0, 0, 1, 1], [0, 1, 1, 0, 1, 1, 0, 1, 0, 0, 0, 1, 0, 1, 0, 0, 1], [1, 1, 0, 1, 1, 1, 0, 0, 0, 0, 0, 1, 0, 1, 1, 0, 1], [0, 0, 0, 0, 0, 1, 1, 1, 1, 1, 1, 0, 1, 0, 0, 0, 1], [1, 0, 1, 1, 0, 1, 1, 0, 1, 0, 0, 1, 0, 1, 1, 0, 1], [1, 0, 0, 0, 1, 0, 1, 1, 0, 1, 1, 0, 1, 0, 1, 1, 0], [1, 1, 0, 0, 1, 0, 1, 0, 0, 0, 1, 0, 1, 1, 0, 0, 0], [0, 1, 1, 0, 0, 0, 0, 0, 1, 0, 0, 0, 0, 1, 0, 0, 0], [0, 1, 1, 0, 1, 0, 0, 1, 1, 1, 1, 1, 1, 0, 0, 0, 0]]",4.0,1.0,Y,"{0: 11, 1: 15, 2: 7, 3: 6, 4: 20, 5: 10, 6: 8, 7: 5, 8: 9, 9: 13, 10: 18, 11: 14, 12: 19, 13: 17, 14: 12, 15: 4, 16: 16}","{(0, 1): 1, (0, 2): 1, (0, 3): 1, (0, 10): 5, (0, 12): 1, (0, 13): 1, (0, 14): 1, (1, 4): 7, (1, 7): 1, (1, 8): 1, (1, 9): 1, (1, 10): 1, (1, 14): 1, (1, 15): 1, (1, 16): 1, (2, 4): 1, (2, 9): 1, (2, 12): 2, (2, 15): 1, (2, 16): 1, (3, 4): 1, (3, 6): 1, (3, 10): 1, (3, 12): 2, (4, 5): 1, (4, 8): 1, (4, 9): 1, (4, 10): 5, (4, 13): 1, (4, 14): 1, (4, 16): 1, (5, 6): 1, (5, 8): 1, (5, 9): 1, (5, 10): 1, (5, 11): 2, (5, 12): 3, (6, 11): 3, (6, 12): 1, (6, 13): 1, (6, 14): 1, (7, 9): 1, (7, 11): 1, (7, 13): 1, (7, 16): 1, (8, 11): 1, (8, 12): 3, (8, 15): 1, (8, 16): 1, (9, 11): 1, (9, 13): 1, (9, 16): 6, (10, 11): 1, (10, 13): 2, (10, 14): 1, (10, 16): 1, (11, 12): 2, (11, 16): 3, (12, 13): 3, (12, 14): 1, (12, 16): 1, (13, 14): 6, (13, 15): 1}",3480.9999999652064
0.0,Graph with 17 nodes and 63 edges,"[[0, 1, 1, 1, 0, 0, 0, 0, 0, 0, 1, 0, 1, 1, 1, 0, 0], [1, 0, 0, 0, 1, 0, 0, 1, 1, 1, 1, 0, 0, 0, 1, 1, 1], [1, 0, 0, 0, 1, 0, 0, 0, 0, 1, 0, 0, 1, 0, 0, 1, 1], [1, 0, 0, 0, 1, 0, 1, 0, 0, 0, 1, 0, 1, 0, 0, 0, 0], [0, 1, 1, 1, 0, 1, 0, 0, 1, 1, 1, 0, 0, 1, 1, 0, 1], [0, 0, 0, 0, 1, 0, 1, 0, 1, 1, 1, 1, 1, 0, 0, 0, 0], [0, 0, 0, 1, 0, 1, 0, 0, 0, 0, 0, 1, 1, 1, 1, 0, 0], [0, 1, 0, 0, 0, 0, 0, 0, 0, 1, 0, 1, 0, 1, 0, 0, 1], [0, 1, 0, 0, 1, 1, 0, 0, 0, 0, 0, 1, 1, 0, 0, 1, 1], [0, 1, 1, 0, 1, 1, 0, 1, 0, 0, 0, 1, 0, 1, 0, 0, 1], [1, 1, 0, 1, 1, 1, 0, 0, 0, 0, 0, 1, 0, 1, 1, 0, 1], [0, 0, 0, 0, 0, 1, 1, 1, 1, 1, 1, 0, 1, 0, 0, 0, 1], [1, 0, 1, 1, 0, 1, 1, 0, 1, 0, 0, 1, 0, 1, 1, 0, 1], [1, 0, 0, 0, 1, 0, 1, 1, 0, 1, 1, 0, 1, 0, 1, 1, 0], [1, 1, 0, 0, 1, 0, 1, 0, 0, 0, 1, 0, 1, 1, 0, 0, 0], [0, 1, 1, 0, 0, 0, 0, 0, 1, 0, 0, 0, 0, 1, 0, 0, 0], [0, 1, 1, 0, 1, 0, 0, 1, 1, 1, 1, 1, 1, 0, 0, 0, 0]]",4.0,2.0,Y,"{0: 8, 1: 10, 2: 6, 3: 36, 4: 34, 5: 32, 6: 30, 7: 28, 8: 26, 9: 24, 10: 22, 11: 20, 12: 18, 13: 16, 14: 14, 15: 4, 16: 12}","{(0, 1): 1, (0, 2): 1, (0, 3): 1, (0, 10): 2, (0, 12): 1, (0, 13): 1, (0, 14): 1, (1, 4): 2, (1, 7): 1, (1, 8): 1, (1, 9): 1, (1, 10): 1, (1, 14): 1, (1, 15): 1, (1, 16): 1, (2, 4): 1, (2, 9): 1, (2, 12): 1, (2, 15): 1, (2, 16): 1, (3, 4): 1, (3, 6): 24, (3, 10): 4, (3, 12): 6, (4, 5): 1, (4, 8): 1, (4, 9): 1, (4, 10): 10, (4, 13): 8, (4, 14): 8, (4, 16): 1, (5, 6): 2, (5, 8): 20, (5, 9): 1, (5, 10): 1, (5, 11): 6, (5, 12): 1, (6, 11): 1, (6, 12): 1, (6, 13): 1, (6, 14): 1, (7, 9): 17, (7, 11): 8, (7, 13): 1, (7, 16): 1, (8, 11): 1, (8, 12): 1, (8, 15): 1, (8, 16): 1, (9, 11): 1, (9, 13): 1, (9, 16): 1, (10, 11): 1, (10, 13): 1, (10, 14): 1, (10, 16): 1, (11, 12): 1, (11, 16): 1, (12, 13): 1, (12, 14): 1, (12, 16): 4, (13, 14): 1, (13, 15): 1}",3788.000000042757
0.0,Graph with 17 nodes and 63 edges,"[[0, 1, 1, 1, 0, 0, 0, 0, 0, 0, 1, 0, 1, 1, 1, 0, 0], [1, 0, 0, 0, 1, 0, 0, 1, 1, 1, 1, 0, 0, 0, 1, 1, 1], [1, 0, 0, 0, 1, 0, 0, 0, 0, 1, 0, 0, 1, 0, 0, 1, 1], [1, 0, 0, 0, 1, 0, 1, 0, 0, 0, 1, 0, 1, 0, 0, 0, 0], [0, 1, 1, 1, 0, 1, 0, 0, 1, 1, 1, 0, 0, 1, 1, 0, 1], [0, 0, 0, 0, 1, 0, 1, 0, 1, 1, 1, 1, 1, 0, 0, 0, 0], [0, 0, 0, 1, 0, 1, 0, 0, 0, 0, 0, 1, 1, 1, 1, 0, 0], [0, 1, 0, 0, 0, 0, 0, 0, 0, 1, 0, 1, 0, 1, 0, 0, 1], [0, 1, 0, 0, 1, 1, 0, 0, 0, 0, 0, 1, 1, 0, 0, 1, 1], [0, 1, 1, 0, 1, 1, 0, 1, 0, 0, 0, 1, 0, 1, 0, 0, 1], [1, 1, 0, 1, 1, 1, 0, 0, 0, 0, 0, 1, 0, 1, 1, 0, 1], [0, 0, 0, 0, 0, 1, 1, 1, 1, 1, 1, 0, 1, 0, 0, 0, 1], [1, 0, 1, 1, 0, 1, 1, 0, 1, 0, 0, 1, 0, 1, 1, 0, 1], [1, 0, 0, 0, 1, 0, 1, 1, 0, 1, 1, 0, 1, 0, 1, 1, 0], [1, 1, 0, 0, 1, 0, 1, 0, 0, 0, 1, 0, 1, 1, 0, 0, 0], [0, 1, 1, 0, 0, 0, 0, 0, 1, 0, 0, 0, 0, 1, 0, 0, 0], [0, 1, 1, 0, 1, 0, 0, 1, 1, 1, 1, 1, 1, 0, 0, 0, 0]]",4.0,3.0,Y,"{0: 7, 1: 10, 2: 52, 3: 49, 4: 46, 5: 43, 6: 40, 7: 37, 8: 34, 9: 31, 10: 28, 11: 25, 12: 22, 13: 19, 14: 16, 15: 4, 16: 13}","{(0, 1): 1, (0, 2): 1, (0, 3): 1, (0, 10): 1, (0, 12): 1, (0, 13): 1, (0, 14): 1, (1, 4): 1, (1, 7): 2, (1, 8): 1, (1, 9): 1, (1, 10): 1, (1, 14): 1, (1, 15): 1, (1, 16): 1, (2, 4): 24, (2, 9): 24, (2, 12): 1, (2, 15): 1, (2, 16): 1, (3, 4): 1, (3, 6): 35, (3, 10): 3, (3, 12): 9, (4, 5): 1, (4, 8): 1, (4, 9): 1, (4, 10): 9, (4, 13): 1, (4, 14): 6, (4, 16): 1, (5, 6): 1, (5, 8): 28, (5, 9): 1, (5, 10): 10, (5, 11): 1, (5, 12): 1, (6, 11): 1, (6, 12): 1, (6, 13): 1, (6, 14): 1, (7, 9): 1, (7, 11): 18, (7, 13): 11, (7, 16): 5, (8, 11): 1, (8, 12): 1, (8, 15): 1, (8, 16): 1, (9, 11): 1, (9, 13): 1, (9, 16): 1, (10, 11): 1, (10, 13): 1, (10, 14): 1, (10, 16): 1, (11, 12): 1, (11, 16): 1, (12, 13): 1, (12, 14): 5, (12, 16): 1, (13, 14): 1, (13, 15): 1}",3410.0000000307773
0.0,Graph with 17 nodes and 63 edges,"[[0, 1, 1, 1, 0, 0, 0, 0, 0, 0, 1, 0, 1, 1, 1, 0, 0], [1, 0, 0, 0, 1, 0, 0, 1, 1, 1, 1, 0, 0, 0, 1, 1, 1], [1, 0, 0, 0, 1, 0, 0, 0, 0, 1, 0, 0, 1, 0, 0, 1, 1], [1, 0, 0, 0, 1, 0, 1, 0, 0, 0, 1, 0, 1, 0, 0, 0, 0], [0, 1, 1, 1, 0, 1, 0, 0, 1, 1, 1, 0, 0, 1, 1, 0, 1], [0, 0, 0, 0, 1, 0, 1, 0, 1, 1, 1, 1, 1, 0, 0, 0, 0], [0, 0, 0, 1, 0, 1, 0, 0, 0, 0, 0, 1, 1, 1, 1, 0, 0], [0, 1, 0, 0, 0, 0, 0, 0, 0, 1, 0, 1, 0, 1, 0, 0, 1], [0, 1, 0, 0, 1, 1, 0, 0, 0, 0, 0, 1, 1, 0, 0, 1, 1], [0, 1, 1, 0, 1, 1, 0, 1, 0, 0, 0, 1, 0, 1, 0, 0, 1], [1, 1, 0, 1, 1, 1, 0, 0, 0, 0, 0, 1, 0, 1, 1, 0, 1], [0, 0, 0, 0, 0, 1, 1, 1, 1, 1, 1, 0, 1, 0, 0, 0, 1], [1, 0, 1, 1, 0, 1, 1, 0, 1, 0, 0, 1, 0, 1, 1, 0, 1], [1, 0, 0, 0, 1, 0, 1, 1, 0, 1, 1, 0, 1, 0, 1, 1, 0], [1, 1, 0, 0, 1, 0, 1, 0, 0, 0, 1, 0, 1, 1, 0, 0, 0], [0, 1, 1, 0, 0, 0, 0, 0, 1, 0, 0, 0, 0, 1, 0, 0, 0], [0, 1, 1, 0, 1, 0, 0, 1, 1, 1, 1, 1, 1, 0, 0, 0, 0]]",4.0,4.0,Y,"{0: 8, 1: 12, 2: 68, 3: 64, 4: 60, 5: 56, 6: 52, 7: 48, 8: 44, 9: 40, 10: 36, 11: 32, 12: 28, 13: 24, 14: 20, 15: 4, 16: 16}","{(0, 1): 1, (0, 2): 1, (0, 3): 1, (0, 10): 2, (0, 12): 1, (0, 13): 1, (0, 14): 1, (1, 4): 1, (1, 7): 1, (1, 8): 1, (1, 9): 1, (1, 10): 4, (1, 14): 1, (1, 15): 1, (1, 16): 1, (2, 4): 17, (2, 9): 29, (2, 12): 19, (2, 15): 1, (2, 16): 1, (3, 4): 29, (3, 6): 32, (3, 10): 1, (3, 12): 1, (4, 5): 1, (4, 8): 1, (4, 9): 1, (4, 10): 7, (4, 13): 1, (4, 14): 1, (4, 16): 1, (5, 6): 3, (5, 8): 38, (5, 9): 1, (5, 10): 11, (5, 11): 1, (5, 12): 1, (6, 11): 1, (6, 12): 1, (6, 13): 1, (6, 14): 14, (7, 9): 5, (7, 11): 25, (7, 13): 16, (7, 16): 1, (8, 11): 1, (8, 12): 1, (8, 15): 1, (8, 16): 1, (9, 11): 1, (9, 13): 1, (9, 16): 1, (10, 11): 1, (10, 13): 1, (10, 14): 1, (10, 16): 8, (11, 12): 1, (11, 16): 1, (12, 13): 1, (12, 14): 1, (12, 16): 1, (13, 14): 1, (13, 15): 1}",3390.000000024429
0.0,Graph with 17 nodes and 63 edges,"[[0, 1, 1, 1, 0, 0, 0, 0, 0, 0, 1, 0, 1, 1, 1, 0, 0], [1, 0, 0, 0, 1, 0, 0, 1, 1, 1, 1, 0, 0, 0, 1, 1, 1], [1, 0, 0, 0, 1, 0, 0, 0, 0, 1, 0, 0, 1, 0, 0, 1, 1], [1, 0, 0, 0, 1, 0, 1, 0, 0, 0, 1, 0, 1, 0, 0, 0, 0], [0, 1, 1, 1, 0, 1, 0, 0, 1, 1, 1, 0, 0, 1, 1, 0, 1], [0, 0, 0, 0, 1, 0, 1, 0, 1, 1, 1, 1, 1, 0, 0, 0, 0], [0, 0, 0, 1, 0, 1, 0, 0, 0, 0, 0, 1, 1, 1, 1, 0, 0], [0, 1, 0, 0, 0, 0, 0, 0, 0, 1, 0, 1, 0, 1, 0, 0, 1], [0, 1, 0, 0, 1, 1, 0, 0, 0, 0, 0, 1, 1, 0, 0, 1, 1], [0, 1, 1, 0, 1, 1, 0, 1, 0, 0, 0, 1, 0, 1, 0, 0, 1], [1, 1, 0, 1, 1, 1, 0, 0, 0, 0, 0, 1, 0, 1, 1, 0, 1], [0, 0, 0, 0, 0, 1, 1, 1, 1, 1, 1, 0, 1, 0, 0, 0, 1], [1, 0, 1, 1, 0, 1, 1, 0, 1, 0, 0, 1, 0, 1, 1, 0, 1], [1, 0, 0, 0, 1, 0, 1, 1, 0, 1, 1, 0, 1, 0, 1, 1, 0], [1, 1, 0, 0, 1, 0, 1, 0, 0, 0, 1, 0, 1, 1, 0, 0, 0], [0, 1, 1, 0, 0, 0, 0, 0, 1, 0, 0, 0, 0, 1, 0, 0, 0], [0, 1, 1, 0, 1, 0, 0, 1, 1, 1, 1, 1, 1, 0, 0, 0, 0]]",4.0,5.0,Y,"{0: 9, 1: 84, 2: 79, 3: 74, 4: 14, 5: 69, 6: 64, 7: 59, 8: 54, 9: 49, 10: 44, 11: 39, 12: 34, 13: 29, 14: 24, 15: 4, 16: 19}","{(0, 1): 1, (0, 2): 3, (0, 3): 1, (0, 10): 1, (0, 12): 1, (0, 13): 1, (0, 14): 1, (1, 4): 1, (1, 7): 40, (1, 8): 37, (1, 9): 1, (1, 10): 1, (1, 14): 1, (1, 15): 1, (1, 16): 1, (2, 4): 5, (2, 9): 34, (2, 12): 25, (2, 15): 1, (2, 16): 11, (3, 4): 1, (3, 6): 39, (3, 10): 32, (3, 12): 1, (4, 5): 1, (4, 8): 1, (4, 9): 1, (4, 10): 1, (4, 13): 1, (4, 14): 1, (4, 16): 1, (5, 6): 21, (5, 8): 12, (5, 9): 1, (5, 10): 1, (5, 11): 32, (5, 12): 1, (6, 11): 1, (6, 12): 1, (6, 13): 1, (6, 14): 1, (7, 9): 9, (7, 11): 1, (7, 13): 8, (7, 16): 1, (8, 11): 1, (8, 12): 1, (8, 15): 1, (8, 16): 1, (9, 11): 1, (9, 13): 1, (9, 16): 1, (10, 11): 1, (10, 13): 1, (10, 14): 5, (10, 16): 1, (11, 12): 1, (11, 16): 1, (12, 13): 1, (12, 14): 1, (12, 16): 1, (13, 14): 14, (13, 15): 1}",3498.999999976604
1.0,Graph with 17 nodes and 71 edges,"[[0, 0, 1, 1, 0, 0, 1, 1, 0, 1, 1, 0, 1, 1, 1, 0, 1], [0, 0, 1, 1, 1, 1, 0, 0, 0, 1, 0, 1, 0, 0, 0, 0, 1], [1, 1, 0, 0, 1, 0, 0, 0, 0, 0, 1, 1, 1, 0, 1, 0, 1], [1, 1, 0, 0, 1, 0, 0, 0, 0, 1, 0, 1, 1, 0, 0, 1, 1], [0, 1, 1, 1, 0, 1, 0, 1, 0, 0, 0, 1, 0, 1, 0, 0, 1], [0, 1, 0, 0, 1, 0, 0, 1, 1, 0, 0, 0, 0, 0, 1, 1, 0], [1, 0, 0, 0, 0, 0, 0, 1, 1, 0, 0, 1, 0, 0, 1, 0, 1], [1, 0, 0, 0, 1, 1, 1, 0, 0, 0, 1, 1, 1, 0, 1, 0, 0], [0, 0, 0, 0, 0, 1, 1, 0, 0, 0, 0, 0, 0, 0, 0, 1, 1], [1, 1, 0, 1, 0, 0, 0, 0, 0, 0, 1, 1, 1, 1, 1, 1, 1], [1, 0, 1, 0, 0, 0, 0, 1, 0, 1, 0, 1, 1, 1, 0, 1, 1], [0, 1, 1, 1, 1, 0, 1, 1, 0, 1, 1, 0, 0, 0, 1, 1, 1], [1, 0, 1, 1, 0, 0, 0, 1, 0, 1, 1, 0, 0, 1, 0, 1, 0], [1, 0, 0, 0, 1, 0, 0, 0, 0, 1, 1, 0, 1, 0, 1, 1, 1], [1, 0, 1, 0, 0, 1, 1, 1, 0, 1, 0, 1, 0, 1, 0, 0, 1], [0, 0, 0, 1, 0, 1, 0, 0, 1, 1, 1, 1, 1, 1, 0, 0, 1], [1, 1, 1, 1, 1, 0, 1, 0, 1, 1, 1, 1, 0, 1, 1, 1, 0]]",4.0,4.0,Y,"{0: 12, 1: 8, 2: 68, 3: 64, 4: 60, 5: 56, 6: 52, 7: 48, 8: 4, 9: 44, 10: 40, 11: 36, 12: 32, 13: 28, 14: 24, 15: 20, 16: 16}","{(0, 2): 3, (0, 3): 1, (0, 6): 1, (0, 7): 1, (0, 9): 1, (0, 10): 1, (0, 12): 1, (0, 13): 1, (0, 14): 1, (0, 16): 1, (1, 2): 1, (1, 3): 2, (1, 4): 1, (1, 5): 1, (1, 9): 1, (1, 11): 1, (1, 16): 1, (2, 4): 34, (2, 10): 9, (2, 11): 1, (2, 12): 18, (2, 14): 1, (2, 16): 1, (3, 4): 1, (3, 9): 35, (3, 11): 1, (3, 12): 8, (3, 15): 12, (3, 16): 4, (4, 5): 20, (4, 7): 1, (4, 11): 1, (4, 13): 1, (4, 16): 1, (5, 7): 17, (5, 8): 1, (5, 14): 16, (5, 15): 1, (6, 7): 22, (6, 8): 1, (6, 11): 26, (6, 14): 1, (6, 16): 1, (7, 10): 4, (7, 11): 1, (7, 12): 1, (7, 14): 1, (8, 15): 1, (8, 16): 1, (9, 10): 1, (9, 11): 1, (9, 12): 1, (9, 13): 1, (9, 14): 1, (9, 15): 1, (9, 16): 1, (10, 11): 1, (10, 12): 1, (10, 13): 21, (10, 15): 1, (10, 16): 1, (11, 14): 1, (11, 15): 1, (11, 16): 1, (12, 13): 1, (12, 15): 1, (13, 14): 1, (13, 15): 1, (13, 16): 1, (14, 16): 1, (15, 16): 1}",3115.999999977248
1.0,Graph with 17 nodes and 71 edges,"[[0, 0, 1, 1, 0, 0, 1, 1, 0, 1, 1, 0, 1, 1, 1, 0, 1], [0, 0, 1, 1, 1, 1, 0, 0, 0, 1, 0, 1, 0, 0, 0, 0, 1], [1, 1, 0, 0, 1, 0, 0, 0, 0, 0, 1, 1, 1, 0, 1, 0, 1], [1, 1, 0, 0, 1, 0, 0, 0, 0, 1, 0, 1, 1, 0, 0, 1, 1], [0, 1, 1, 1, 0, 1, 0, 1, 0, 0, 0, 1, 0, 1, 0, 0, 1], [0, 1, 0, 0, 1, 0, 0, 1, 1, 0, 0, 0, 0, 0, 1, 1, 0], [1, 0, 0, 0, 0, 0, 0, 1, 1, 0, 0, 1, 0, 0, 1, 0, 1], [1, 0, 0, 0, 1, 1, 1, 0, 0, 0, 1, 1, 1, 0, 1, 0, 0], [0, 0, 0, 0, 0, 1, 1, 0, 0, 0, 0, 0, 0, 0, 0, 1, 1], [1, 1, 0, 1, 0, 0, 0, 0, 0, 0, 1, 1, 1, 1, 1, 1, 1], [1, 0, 1, 0, 0, 0, 0, 1, 0, 1, 0, 1, 1, 1, 0, 1, 1], [0, 1, 1, 1, 1, 0, 1, 1, 0, 1, 1, 0, 0, 0, 1, 1, 1], [1, 0, 1, 1, 0, 0, 0, 1, 0, 1, 1, 0, 0, 1, 0, 1, 0], [1, 0, 0, 0, 1, 0, 0, 0, 0, 1, 1, 0, 1, 0, 1, 1, 1], [1, 0, 1, 0, 0, 1, 1, 1, 0, 1, 0, 1, 0, 1, 0, 0, 1], [0, 0, 0, 1, 0, 1, 0, 0, 1, 1, 1, 1, 1, 1, 0, 0, 1], [1, 1, 1, 1, 1, 0, 1, 0, 1, 1, 1, 1, 0, 1, 1, 1, 0]]",4.0,5.0,Y,"{0: 14, 1: 9, 2: 84, 3: 79, 4: 74, 5: 69, 6: 64, 7: 59, 8: 4, 9: 54, 10: 49, 11: 44, 12: 39, 13: 34, 14: 29, 15: 24, 16: 19}","{(0, 2): 5, (0, 3): 1, (0, 6): 1, (0, 7): 1, (0, 9): 1, (0, 10): 1, (0, 12): 1, (0, 13): 1, (0, 14): 1, (0, 16): 1, (1, 2): 1, (1, 3): 1, (1, 4): 1, (1, 5): 3, (1, 9): 1, (1, 11): 1, (1, 16): 1, (2, 4): 2, (2, 10): 41, (2, 11): 1, (2, 12): 32, (2, 14): 1, (2, 16): 1, (3, 4): 31, (3, 9): 42, (3, 11): 1, (3, 12): 1, (3, 15): 1, (3, 16): 1, (4, 5): 10, (4, 7): 1, (4, 11): 1, (4, 13): 27, (4, 16): 1, (5, 7): 18, (5, 8): 1, (5, 14): 21, (5, 15): 16, (6, 7): 35, (6, 8): 1, (6, 11): 25, (6, 14): 1, (6, 16): 1, (7, 10): 1, (7, 11): 1, (7, 12): 1, (7, 14): 1, (8, 15): 1, (8, 16): 1, (9, 10): 1, (9, 11): 4, (9, 12): 1, (9, 13): 1, (9, 14): 1, (9, 15): 1, (9, 16): 1, (10, 11): 1, (10, 12): 1, (10, 13): 1, (10, 15): 1, (10, 16): 1, (11, 14): 1, (11, 15): 1, (11, 16): 7, (12, 13): 1, (12, 15): 1, (13, 14): 1, (13, 15): 1, (13, 16): 1, (14, 16): 1, (15, 16): 1}",3133.999999988646
4.0,Graph with 17 nodes and 72 edges,"[[0, 1, 1, 1, 1, 0, 1, 0, 0, 1, 1, 1, 1, 0, 0, 1, 0], [1, 0, 0, 1, 1, 1, 1, 0, 1, 0, 0, 1, 1, 1, 1, 0, 0], [1, 0, 0, 1, 1, 0, 1, 1, 1, 0, 1, 0, 0, 1, 0, 0, 1], [1, 1, 1, 0, 1, 1, 1, 0, 0, 1, 0, 0, 0, 0, 1, 1, 1], [1, 1, 1, 1, 0, 0, 0, 0, 1, 0, 0, 0, 0, 1, 1, 0, 0], [0, 1, 0, 1, 0, 0, 0, 1, 1, 0, 0, 1, 0, 1, 0, 1, 0], [1, 1, 1, 1, 0, 0, 0, 1, 1, 1, 0, 1, 1, 0, 1, 0, 1], [0, 0, 1, 0, 0, 1, 1, 0, 1, 1, 0, 0, 0, 1, 0, 0, 1], [0, 1, 1, 0, 1, 1, 1, 1, 0, 0, 0, 0, 0, 1, 1, 1, 0], [1, 0, 0, 1, 0, 0, 1, 1, 0, 0, 1, 1, 1, 1, 0, 1, 0], [1, 0, 1, 0, 0, 0, 0, 0, 0, 1, 0, 0, 0, 0, 0, 1, 0], [1, 1, 0, 0, 0, 1, 1, 0, 0, 1, 0, 0, 1, 1, 1, 1, 1], [1, 1, 0, 0, 0, 0, 1, 0, 0, 1, 0, 1, 0, 0, 1, 1, 1], [0, 1, 1, 0, 1, 1, 0, 1, 1, 1, 0, 1, 0, 0, 1, 0, 0], [0, 1, 0, 1, 1, 0, 1, 0, 1, 0, 0, 1, 1, 1, 0, 1, 0], [1, 0, 0, 1, 0, 1, 0, 0, 1, 1, 1, 1, 1, 0, 1, 0, 0], [0, 0, 1, 1, 0, 0, 1, 1, 0, 0, 0, 1, 1, 0, 0, 0, 0]]",4.0,2.0,Y,"{0: 10, 1: 36, 2: 34, 3: 32, 4: 8, 5: 30, 6: 12, 7: 28, 8: 26, 9: 24, 10: 4, 11: 22, 12: 20, 13: 18, 14: 16, 15: 14, 16: 6}","{(0, 1): 1, (0, 2): 1, (0, 3): 1, (0, 4): 1, (0, 6): 1, (0, 9): 1, (0, 10): 1, (0, 11): 1, (0, 12): 1, (0, 15): 1, (1, 3): 1, (1, 4): 1, (1, 5): 18, (1, 6): 1, (1, 8): 10, (1, 11): 1, (1, 12): 1, (1, 13): 1, (1, 14): 1, (2, 3): 17, (2, 4): 1, (2, 6): 1, (2, 7): 9, (2, 8): 2, (2, 10): 1, (2, 13): 1, (2, 16): 1, (3, 4): 2, (3, 5): 1, (3, 6): 1, (3, 9): 1, (3, 14): 1, (3, 15): 6, (3, 16): 1, (4, 8): 1, (4, 13): 1, (4, 14): 1, (5, 7): 7, (5, 8): 1, (5, 11): 1, (5, 13): 1, (5, 15): 1, (6, 7): 2, (6, 8): 1, (6, 9): 1, (6, 11): 1, (6, 12): 1, (6, 14): 1, (6, 16): 1, (7, 8): 1, (7, 9): 7, (7, 13): 1, (7, 16): 1, (8, 13): 1, (8, 14): 8, (8, 15): 1, (9, 10): 1, (9, 11): 1, (9, 12): 1, (9, 13): 10, (9, 15): 1, (10, 15): 1, (11, 12): 13, (11, 13): 1, (11, 14): 1, (11, 15): 1, (11, 16): 1, (12, 14): 1, (12, 15): 1, (12, 16): 1, (13, 14): 1, (14, 15): 1}",2559.9999999599277
4.0,Graph with 17 nodes and 72 edges,"[[0, 1, 1, 1, 1, 0, 1, 0, 0, 1, 1, 1, 1, 0, 0, 1, 0], [1, 0, 0, 1, 1, 1, 1, 0, 1, 0, 0, 1, 1, 1, 1, 0, 0], [1, 0, 0, 1, 1, 0, 1, 1, 1, 0, 1, 0, 0, 1, 0, 0, 1], [1, 1, 1, 0, 1, 1, 1, 0, 0, 1, 0, 0, 0, 0, 1, 1, 1], [1, 1, 1, 1, 0, 0, 0, 0, 1, 0, 0, 0, 0, 1, 1, 0, 0], [0, 1, 0, 1, 0, 0, 0, 1, 1, 0, 0, 1, 0, 1, 0, 1, 0], [1, 1, 1, 1, 0, 0, 0, 1, 1, 1, 0, 1, 1, 0, 1, 0, 1], [0, 0, 1, 0, 0, 1, 1, 0, 1, 1, 0, 0, 0, 1, 0, 0, 1], [0, 1, 1, 0, 1, 1, 1, 1, 0, 0, 0, 0, 0, 1, 1, 1, 0], [1, 0, 0, 1, 0, 0, 1, 1, 0, 0, 1, 1, 1, 1, 0, 1, 0], [1, 0, 1, 0, 0, 0, 0, 0, 0, 1, 0, 0, 0, 0, 0, 1, 0], [1, 1, 0, 0, 0, 1, 1, 0, 0, 1, 0, 0, 1, 1, 1, 1, 1], [1, 1, 0, 0, 0, 0, 1, 0, 0, 1, 0, 1, 0, 0, 1, 1, 1], [0, 1, 1, 0, 1, 1, 0, 1, 1, 1, 0, 1, 0, 0, 1, 0, 0], [0, 1, 0, 1, 1, 0, 1, 0, 1, 0, 0, 1, 1, 1, 0, 1, 0], [1, 0, 0, 1, 0, 1, 0, 0, 1, 1, 1, 1, 1, 0, 1, 0, 0], [0, 0, 1, 1, 0, 0, 1, 1, 0, 0, 0, 1, 1, 0, 0, 0, 0]]",4.0,4.0,Y,"{0: 12, 1: 68, 2: 64, 3: 60, 4: 8, 5: 56, 6: 52, 7: 48, 8: 44, 9: 40, 10: 4, 11: 36, 12: 32, 13: 28, 14: 24, 15: 20, 16: 16}","{(0, 1): 1, (0, 2): 3, (0, 3): 1, (0, 4): 1, (0, 6): 1, (0, 9): 1, (0, 10): 1, (0, 11): 1, (0, 12): 1, (0, 15): 1, (1, 3): 1, (1, 4): 1, (1, 5): 1, (1, 6): 8, (1, 8): 36, (1, 11): 2, (1, 12): 1, (1, 13): 1, (1, 14): 16, (2, 3): 24, (2, 4): 2, (2, 6): 1, (2, 7): 1, (2, 8): 1, (2, 10): 1, (2, 13): 20, (2, 16): 11, (3, 4): 1, (3, 5): 1, (3, 6): 1, (3, 9): 28, (3, 14): 1, (3, 15): 1, (3, 16): 1, (4, 8): 1, (4, 13): 1, (4, 14): 1, (5, 7): 42, (5, 8): 1, (5, 11): 9, (5, 13): 1, (5, 15): 1, (6, 7): 1, (6, 8): 1, (6, 9): 1, (6, 11): 11, (6, 12): 25, (6, 14): 1, (6, 16): 1, (7, 8): 1, (7, 9): 1, (7, 13): 1, (7, 16): 1, (8, 13): 1, (8, 14): 1, (8, 15): 1, (9, 10): 1, (9, 11): 1, (9, 12): 1, (9, 13): 1, (9, 15): 5, (10, 15): 1, (11, 12): 1, (11, 13): 1, (11, 14): 1, (11, 15): 8, (11, 16): 1, (12, 14): 1, (12, 15): 1, (12, 16): 1, (13, 14): 1, (14, 15): 1}",3709.0000000148393
5.0,Graph with 17 nodes and 62 edges,"[[0, 0, 1, 1, 0, 0, 1, 0, 1, 0, 1, 1, 1, 1, 1, 1, 0], [0, 0, 0, 0, 0, 0, 0, 0, 0, 0, 0, 1, 0, 0, 0, 1, 0], [1, 0, 0, 1, 1, 1, 0, 1, 1, 0, 1, 0, 0, 0, 1, 1, 1], [1, 0, 1, 0, 0, 1, 1, 1, 0, 0, 0, 1, 1, 1, 0, 1, 1], [0, 0, 1, 0, 0, 0, 0, 0, 1, 0, 1, 0, 0, 0, 0, 1, 1], [0, 0, 1, 1, 0, 0, 0, 0, 1, 0, 1, 0, 0, 0, 0, 0, 0], [1, 0, 0, 1, 0, 0, 0, 1, 0, 1, 1, 0, 0, 0, 1, 1, 0], [0, 0, 1, 1, 0, 0, 1, 0, 1, 1, 1, 1, 1, 1, 0, 0, 1], [1, 0, 1, 0, 1, 1, 0, 1, 0, 1, 0, 0, 0, 1, 0, 1, 0], [0, 0, 0, 0, 0, 0, 1, 1, 1, 0, 1, 1, 1, 0, 0, 1, 0], [1, 0, 1, 0, 1, 1, 1, 1, 0, 1, 0, 1, 1, 1, 0, 0, 1], [1, 1, 0, 1, 0, 0, 0, 1, 0, 1, 1, 0, 1, 1, 0, 0, 0], [1, 0, 0, 1, 0, 0, 0, 1, 0, 1, 1, 1, 0, 0, 0, 1, 0], [1, 0, 0, 1, 0, 0, 0, 1, 1, 0, 1, 1, 0, 0, 0, 1, 0], [1, 0, 1, 0, 0, 0, 1, 0, 0, 0, 0, 0, 0, 0, 0, 0, 0], [1, 1, 1, 1, 1, 0, 1, 0, 1, 1, 0, 0, 1, 1, 0, 0, 0], [0, 0, 1, 1, 1, 0, 0, 1, 0, 0, 1, 0, 0, 0, 0, 0, 0]]",2.0,1.0,Y,"{0: 10, 1: 2, 2: 18, 3: 17, 4: 6, 5: 4, 6: 7, 7: 16, 8: 8, 9: 15, 10: 11, 11: 14, 12: 13, 13: 9, 14: 3, 15: 12, 16: 5}","{(0, 2): 1, (0, 3): 1, (0, 6): 1, (0, 8): 1, (0, 10): 1, (0, 11): 1, (0, 12): 1, (0, 13): 1, (0, 14): 1, (0, 15): 1, (1, 11): 1, (1, 15): 1, (2, 3): 3, (2, 4): 2, (2, 5): 1, (2, 7): 6, (2, 8): 1, (2, 10): 1, (2, 14): 1, (2, 15): 1, (2, 16): 1, (3, 5): 1, (3, 6): 1, (3, 7): 2, (3, 11): 1, (3, 12): 1, (3, 13): 3, (3, 15): 3, (3, 16): 1, (4, 8): 1, (4, 10): 1, (4, 15): 1, (4, 16): 1, (5, 8): 1, (5, 10): 1, (6, 7): 1, (6, 9): 1, (6, 10): 1, (6, 14): 1, (6, 15): 1, (7, 8): 1, (7, 9): 1, (7, 10): 1, (7, 11): 1, (7, 12): 1, (7, 13): 1, (7, 16): 1, (8, 9): 1, (8, 13): 1, (8, 15): 1, (9, 10): 1, (9, 11): 5, (9, 12): 5, (9, 15): 1, (10, 11): 1, (10, 12): 1, (10, 13): 1, (10, 16): 1, (11, 12): 3, (11, 13): 1, (12, 15): 1, (13, 15): 1}",2890.9999999768843
5.0,Graph with 17 nodes and 62 edges,"[[0, 0, 1, 1, 0, 0, 1, 0, 1, 0, 1, 1, 1, 1, 1, 1, 0], [0, 0, 0, 0, 0, 0, 0, 0, 0, 0, 0, 1, 0, 0, 0, 1, 0], [1, 0, 0, 1, 1, 1, 0, 1, 1, 0, 1, 0, 0, 0, 1, 1, 1], [1, 0, 1, 0, 0, 1, 1, 1, 0, 0, 0, 1, 1, 1, 0, 1, 1], [0, 0, 1, 0, 0, 0, 0, 0, 1, 0, 1, 0, 0, 0, 0, 1, 1], [0, 0, 1, 1, 0, 0, 0, 0, 1, 0, 1, 0, 0, 0, 0, 0, 0], [1, 0, 0, 1, 0, 0, 0, 1, 0, 1, 1, 0, 0, 0, 1, 1, 0], [0, 0, 1, 1, 0, 0, 1, 0, 1, 1, 1, 1, 1, 1, 0, 0, 1], [1, 0, 1, 0, 1, 1, 0, 1, 0, 1, 0, 0, 0, 1, 0, 1, 0], [0, 0, 0, 0, 0, 0, 1, 1, 1, 0, 1, 1, 1, 0, 0, 1, 0], [1, 0, 1, 0, 1, 1, 1, 1, 0, 1, 0, 1, 1, 1, 0, 0, 1], [1, 1, 0, 1, 0, 0, 0, 1, 0, 1, 1, 0, 1, 1, 0, 0, 0], [1, 0, 0, 1, 0, 0, 0, 1, 0, 1, 1, 1, 0, 0, 0, 1, 0], [1, 0, 0, 1, 0, 0, 0, 1, 1, 0, 1, 1, 0, 0, 0, 1, 0], [1, 0, 1, 0, 0, 0, 1, 0, 0, 0, 0, 0, 0, 0, 0, 0, 0], [1, 1, 1, 1, 1, 0, 1, 0, 1, 1, 0, 0, 1, 1, 0, 0, 0], [0, 0, 1, 1, 1, 0, 0, 1, 0, 0, 1, 0, 0, 0, 0, 0, 0]]",2.0,6.0,Y,"{0: 14, 1: 2, 2: 98, 3: 92, 4: 8, 5: 86, 6: 80, 7: 74, 8: 68, 9: 62, 10: 56, 11: 50, 12: 44, 13: 38, 14: 32, 15: 26, 16: 20}","{(0, 2): 1, (0, 3): 1, (0, 6): 1, (0, 8): 1, (0, 10): 5, (0, 11): 1, (0, 12): 1, (0, 13): 1, (0, 14): 1, (0, 15): 1, (1, 11): 1, (1, 15): 1, (2, 3): 39, (2, 4): 1, (2, 5): 10, (2, 7): 42, (2, 8): 1, (2, 10): 1, (2, 14): 1, (2, 15): 1, (2, 16): 1, (3, 5): 29, (3, 6): 1, (3, 7): 1, (3, 11): 1, (3, 12): 1, (3, 13): 1, (3, 15): 17, (3, 16): 1, (4, 8): 1, (4, 10): 4, (4, 15): 1, (4, 16): 1, (5, 8): 46, (5, 10): 1, (6, 7): 1, (6, 9): 45, (6, 10): 1, (6, 14): 30, (6, 15): 1, (7, 8): 1, (7, 9): 1, (7, 10): 24, (7, 11): 1, (7, 12): 1, (7, 13): 1, (7, 16): 1, (8, 9): 1, (8, 13): 16, (8, 15): 1, (9, 10): 1, (9, 11): 1, (9, 12): 12, (9, 15): 1, (10, 11): 1, (10, 12): 1, (10, 13): 1, (10, 16): 16, (11, 12): 27, (11, 13): 17, (12, 15): 1, (13, 15): 1}",3087.999999991098
5.0,Graph with 17 nodes and 62 edges,"[[0, 0, 1, 1, 0, 0, 1, 0, 1, 0, 1, 1, 1, 1, 1, 1, 0], [0, 0, 0, 0, 0, 0, 0, 0, 0, 0, 0, 1, 0, 0, 0, 1, 0], [1, 0, 0, 1, 1, 1, 0, 1, 1, 0, 1, 0, 0, 0, 1, 1, 1], [1, 0, 1, 0, 0, 1, 1, 1, 0, 0, 0, 1, 1, 1, 0, 1, 1], [0, 0, 1, 0, 0, 0, 0, 0, 1, 0, 1, 0, 0, 0, 0, 1, 1], [0, 0, 1, 1, 0, 0, 0, 0, 1, 0, 1, 0, 0, 0, 0, 0, 0], [1, 0, 0, 1, 0, 0, 0, 1, 0, 1, 1, 0, 0, 0, 1, 1, 0], [0, 0, 1, 1, 0, 0, 1, 0, 1, 1, 1, 1, 1, 1, 0, 0, 1], [1, 0, 1, 0, 1, 1, 0, 1, 0, 1, 0, 0, 0, 1, 0, 1, 0], [0, 0, 0, 0, 0, 0, 1, 1, 1, 0, 1, 1, 1, 0, 0, 1, 0], [1, 0, 1, 0, 1, 1, 1, 1, 0, 1, 0, 1, 1, 1, 0, 0, 1], [1, 1, 0, 1, 0, 0, 0, 1, 0, 1, 1, 0, 1, 1, 0, 0, 0], [1, 0, 0, 1, 0, 0, 0, 1, 0, 1, 1, 1, 0, 0, 0, 1, 0], [1, 0, 0, 1, 0, 0, 0, 1, 1, 0, 1, 1, 0, 0, 0, 1, 0], [1, 0, 1, 0, 0, 0, 1, 0, 0, 0, 0, 0, 0, 0, 0, 0, 0], [1, 1, 1, 1, 1, 0, 1, 0, 1, 1, 0, 0, 1, 1, 0, 0, 0], [0, 0, 1, 1, 1, 0, 0, 1, 0, 0, 1, 0, 0, 0, 0, 0, 0]]",3.0,4.0,Y,"{0: 11, 1: 3, 2: 67, 3: 63, 4: 7, 5: 59, 6: 55, 7: 51, 8: 47, 9: 43, 10: 39, 11: 35, 12: 31, 13: 27, 14: 23, 15: 19, 16: 15}","{(0, 2): 1, (0, 3): 2, (0, 6): 1, (0, 8): 1, (0, 10): 1, (0, 11): 1, (0, 12): 1, (0, 13): 1, (0, 14): 1, (0, 15): 1, (1, 11): 2, (1, 15): 1, (2, 3): 11, (2, 4): 1, (2, 5): 47, (2, 7): 1, (2, 8): 1, (2, 10): 1, (2, 14): 1, (2, 15): 1, (2, 16): 1, (3, 5): 9, (3, 6): 1, (3, 7): 22, (3, 11): 3, (3, 12): 1, (3, 13): 1, (3, 15): 1, (3, 16): 11, (4, 8): 3, (4, 10): 1, (4, 15): 1, (4, 16): 1, (5, 8): 1, (5, 10): 1, (6, 7): 21, (6, 9): 9, (6, 10): 1, (6, 14): 21, (6, 15): 1, (7, 8): 1, (7, 9): 1, (7, 10): 1, (7, 11): 1, (7, 12): 1, (7, 13): 1, (7, 16): 1, (8, 9): 29, (8, 13): 1, (8, 15): 10, (9, 10): 1, (9, 11): 1, (9, 12): 1, (9, 15): 1, (10, 11): 5, (10, 12): 25, (10, 13): 1, (10, 16): 1, (11, 12): 1, (11, 13): 21, (12, 15): 1, (13, 15): 1}",3336.999999987711
5.0,Graph with 17 nodes and 62 edges,"[[0, 0, 1, 1, 0, 0, 1, 0, 1, 0, 1, 1, 1, 1, 1, 1, 0], [0, 0, 0, 0, 0, 0, 0, 0, 0, 0, 0, 1, 0, 0, 0, 1, 0], [1, 0, 0, 1, 1, 1, 0, 1, 1, 0, 1, 0, 0, 0, 1, 1, 1], [1, 0, 1, 0, 0, 1, 1, 1, 0, 0, 0, 1, 1, 1, 0, 1, 1], [0, 0, 1, 0, 0, 0, 0, 0, 1, 0, 1, 0, 0, 0, 0, 1, 1], [0, 0, 1, 1, 0, 0, 0, 0, 1, 0, 1, 0, 0, 0, 0, 0, 0], [1, 0, 0, 1, 0, 0, 0, 1, 0, 1, 1, 0, 0, 0, 1, 1, 0], [0, 0, 1, 1, 0, 0, 1, 0, 1, 1, 1, 1, 1, 1, 0, 0, 1], [1, 0, 1, 0, 1, 1, 0, 1, 0, 1, 0, 0, 0, 1, 0, 1, 0], [0, 0, 0, 0, 0, 0, 1, 1, 1, 0, 1, 1, 1, 0, 0, 1, 0], [1, 0, 1, 0, 1, 1, 1, 1, 0, 1, 0, 1, 1, 1, 0, 0, 1], [1, 1, 0, 1, 0, 0, 0, 1, 0, 1, 1, 0, 1, 1, 0, 0, 0], [1, 0, 0, 1, 0, 0, 0, 1, 0, 1, 1, 1, 0, 0, 0, 1, 0], [1, 0, 0, 1, 0, 0, 0, 1, 1, 0, 1, 1, 0, 0, 0, 1, 0], [1, 0, 1, 0, 0, 0, 1, 0, 0, 0, 0, 0, 0, 0, 0, 0, 0], [1, 1, 1, 1, 1, 0, 1, 0, 1, 1, 0, 0, 1, 1, 0, 0, 0], [0, 0, 1, 1, 1, 0, 0, 1, 0, 0, 1, 0, 0, 0, 0, 0, 0]]",3.0,5.0,Y,"{0: 13, 1: 3, 2: 83, 3: 78, 4: 8, 5: 73, 6: 68, 7: 63, 8: 58, 9: 53, 10: 48, 11: 43, 12: 38, 13: 33, 14: 28, 15: 23, 16: 18}","{(0, 2): 1, (0, 3): 3, (0, 6): 1, (0, 8): 1, (0, 10): 1, (0, 11): 1, (0, 12): 1, (0, 13): 1, (0, 14): 1, (0, 15): 1, (1, 11): 2, (1, 15): 1, (2, 3): 1, (2, 4): 1, (2, 5): 1, (2, 7): 53, (2, 8): 1, (2, 10): 21, (2, 14): 1, (2, 15): 1, (2, 16): 1, (3, 5): 30, (3, 6): 1, (3, 7): 1, (3, 11): 1, (3, 12): 1, (3, 13): 24, (3, 15): 14, (3, 16): 1, (4, 8): 1, (4, 10): 4, (4, 15): 1, (4, 16): 1, (5, 8): 41, (5, 10): 1, (6, 7): 1, (6, 9): 37, (6, 10): 1, (6, 14): 26, (6, 15): 1, (7, 8): 1, (7, 9): 1, (7, 10): 1, (7, 11): 1, (7, 12): 1, (7, 13): 1, (7, 16): 1, (8, 9): 11, (8, 13): 1, (8, 15): 1, (9, 10): 1, (9, 11): 1, (9, 12): 1, (9, 15): 1, (10, 11): 1, (10, 12): 1, (10, 13): 1, (10, 16): 14, (11, 12): 32, (11, 13): 4, (12, 15): 1, (13, 15): 1}",3093.9999999759493
5.0,Graph with 17 nodes and 62 edges,"[[0, 0, 1, 1, 0, 0, 1, 0, 1, 0, 1, 1, 1, 1, 1, 1, 0], [0, 0, 0, 0, 0, 0, 0, 0, 0, 0, 0, 1, 0, 0, 0, 1, 0], [1, 0, 0, 1, 1, 1, 0, 1, 1, 0, 1, 0, 0, 0, 1, 1, 1], [1, 0, 1, 0, 0, 1, 1, 1, 0, 0, 0, 1, 1, 1, 0, 1, 1], [0, 0, 1, 0, 0, 0, 0, 0, 1, 0, 1, 0, 0, 0, 0, 1, 1], [0, 0, 1, 1, 0, 0, 0, 0, 1, 0, 1, 0, 0, 0, 0, 0, 0], [1, 0, 0, 1, 0, 0, 0, 1, 0, 1, 1, 0, 0, 0, 1, 1, 0], [0, 0, 1, 1, 0, 0, 1, 0, 1, 1, 1, 1, 1, 1, 0, 0, 1], [1, 0, 1, 0, 1, 1, 0, 1, 0, 1, 0, 0, 0, 1, 0, 1, 0], [0, 0, 0, 0, 0, 0, 1, 1, 1, 0, 1, 1, 1, 0, 0, 1, 0], [1, 0, 1, 0, 1, 1, 1, 1, 0, 1, 0, 1, 1, 1, 0, 0, 1], [1, 1, 0, 1, 0, 0, 0, 1, 0, 1, 1, 0, 1, 1, 0, 0, 0], [1, 0, 0, 1, 0, 0, 0, 1, 0, 1, 1, 1, 0, 0, 0, 1, 0], [1, 0, 0, 1, 0, 0, 0, 1, 1, 0, 1, 1, 0, 0, 0, 1, 0], [1, 0, 1, 0, 0, 0, 1, 0, 0, 0, 0, 0, 0, 0, 0, 0, 0], [1, 1, 1, 1, 1, 0, 1, 0, 1, 1, 0, 0, 1, 1, 0, 0, 0], [0, 0, 1, 1, 1, 0, 0, 1, 0, 0, 1, 0, 0, 0, 0, 0, 0]]",3.0,6.0,Y,"{0: 15, 1: 3, 2: 99, 3: 93, 4: 9, 5: 87, 6: 81, 7: 75, 8: 69, 9: 63, 10: 57, 11: 51, 12: 45, 13: 39, 14: 33, 15: 27, 16: 21}","{(0, 2): 1, (0, 3): 1, (0, 6): 1, (0, 8): 1, (0, 10): 6, (0, 11): 1, (0, 12): 1, (0, 13): 1, (0, 14): 1, (0, 15): 1, (1, 11): 2, (1, 15): 1, (2, 3): 4, (2, 4): 1, (2, 5): 1, (2, 7): 66, (2, 8): 1, (2, 10): 22, (2, 14): 1, (2, 15): 1, (2, 16): 1, (3, 5): 25, (3, 6): 29, (3, 7): 1, (3, 11): 11, (3, 12): 1, (3, 13): 1, (3, 15): 18, (3, 16): 1, (4, 8): 1, (4, 10): 5, (4, 15): 1, (4, 16): 1, (5, 8): 59, (5, 10): 1, (6, 7): 1, (6, 9): 16, (6, 10): 1, (6, 14): 31, (6, 15): 1, (7, 8): 1, (7, 9): 1, (7, 10): 1, (7, 11): 1, (7, 12): 1, (7, 13): 1, (7, 16): 1, (8, 9): 3, (8, 13): 1, (8, 15): 1, (9, 10): 1, (9, 11): 1, (9, 12): 39, (9, 15): 1, (10, 11): 1, (10, 12): 1, (10, 13): 1, (10, 16): 17, (11, 12): 1, (11, 13): 33, (12, 15): 1, (13, 15): 1}",83049.99999995744
5.0,Graph with 17 nodes and 62 edges,"[[0, 0, 1, 1, 0, 0, 1, 0, 1, 0, 1, 1, 1, 1, 1, 1, 0], [0, 0, 0, 0, 0, 0, 0, 0, 0, 0, 0, 1, 0, 0, 0, 1, 0], [1, 0, 0, 1, 1, 1, 0, 1, 1, 0, 1, 0, 0, 0, 1, 1, 1], [1, 0, 1, 0, 0, 1, 1, 1, 0, 0, 0, 1, 1, 1, 0, 1, 1], [0, 0, 1, 0, 0, 0, 0, 0, 1, 0, 1, 0, 0, 0, 0, 1, 1], [0, 0, 1, 1, 0, 0, 0, 0, 1, 0, 1, 0, 0, 0, 0, 0, 0], [1, 0, 0, 1, 0, 0, 0, 1, 0, 1, 1, 0, 0, 0, 1, 1, 0], [0, 0, 1, 1, 0, 0, 1, 0, 1, 1, 1, 1, 1, 1, 0, 0, 1], [1, 0, 1, 0, 1, 1, 0, 1, 0, 1, 0, 0, 0, 1, 0, 1, 0], [0, 0, 0, 0, 0, 0, 1, 1, 1, 0, 1, 1, 1, 0, 0, 1, 0], [1, 0, 1, 0, 1, 1, 1, 1, 0, 1, 0, 1, 1, 1, 0, 0, 1], [1, 1, 0, 1, 0, 0, 0, 1, 0, 1, 1, 0, 1, 1, 0, 0, 0], [1, 0, 0, 1, 0, 0, 0, 1, 0, 1, 1, 1, 0, 0, 0, 1, 0], [1, 0, 0, 1, 0, 0, 0, 1, 1, 0, 1, 1, 0, 0, 0, 1, 0], [1, 0, 1, 0, 0, 0, 1, 0, 0, 0, 0, 0, 0, 0, 0, 0, 0], [1, 1, 1, 1, 1, 0, 1, 0, 1, 1, 0, 0, 1, 1, 0, 0, 0], [0, 0, 1, 1, 1, 0, 0, 1, 0, 0, 1, 0, 0, 0, 0, 0, 0]]",3.0,7.0,Y,"{0: 10, 1: 3, 2: 115, 3: 108, 4: 101, 5: 94, 6: 87, 7: 80, 8: 73, 9: 66, 10: 17, 11: 59, 12: 52, 13: 45, 14: 38, 15: 31, 16: 24}","{(0, 2): 1, (0, 3): 1, (0, 6): 1, (0, 8): 1, (0, 10): 1, (0, 11): 1, (0, 12): 1, (0, 13): 1, (0, 14): 1, (0, 15): 1, (1, 11): 2, (1, 15): 1, (2, 3): 1, (2, 4): 71, (2, 5): 1, (2, 7): 1, (2, 8): 1, (2, 10): 1, (2, 14): 36, (2, 15): 1, (2, 16): 1, (3, 5): 50, (3, 6): 1, (3, 7): 28, (3, 11): 1, (3, 12): 1, (3, 13): 1, (3, 15): 22, (3, 16): 1, (4, 8): 8, (4, 10): 1, (4, 15): 1, (4, 16): 20, (5, 8): 41, (5, 10): 1, (6, 7): 22, (6, 9): 60, (6, 10): 1, (6, 14): 1, (6, 15): 1, (7, 8): 1, (7, 9): 1, (7, 10): 7, (7, 11): 1, (7, 12): 16, (7, 13): 1, (7, 16): 1, (8, 9): 1, (8, 13): 18, (8, 15): 1, (9, 10): 1, (9, 11): 1, (9, 12): 1, (9, 15): 1, (10, 11): 1, (10, 12): 1, (10, 13): 1, (10, 16): 1, (11, 12): 30, (11, 13): 21, (12, 15): 1, (13, 15): 1}",3303.0000000167092
5.0,Graph with 17 nodes and 62 edges,"[[0, 0, 1, 1, 0, 0, 1, 0, 1, 0, 1, 1, 1, 1, 1, 1, 0], [0, 0, 0, 0, 0, 0, 0, 0, 0, 0, 0, 1, 0, 0, 0, 1, 0], [1, 0, 0, 1, 1, 1, 0, 1, 1, 0, 1, 0, 0, 0, 1, 1, 1], [1, 0, 1, 0, 0, 1, 1, 1, 0, 0, 0, 1, 1, 1, 0, 1, 1], [0, 0, 1, 0, 0, 0, 0, 0, 1, 0, 1, 0, 0, 0, 0, 1, 1], [0, 0, 1, 1, 0, 0, 0, 0, 1, 0, 1, 0, 0, 0, 0, 0, 0], [1, 0, 0, 1, 0, 0, 0, 1, 0, 1, 1, 0, 0, 0, 1, 1, 0], [0, 0, 1, 1, 0, 0, 1, 0, 1, 1, 1, 1, 1, 1, 0, 0, 1], [1, 0, 1, 0, 1, 1, 0, 1, 0, 1, 0, 0, 0, 1, 0, 1, 0], [0, 0, 0, 0, 0, 0, 1, 1, 1, 0, 1, 1, 1, 0, 0, 1, 0], [1, 0, 1, 0, 1, 1, 1, 1, 0, 1, 0, 1, 1, 1, 0, 0, 1], [1, 1, 0, 1, 0, 0, 0, 1, 0, 1, 1, 0, 1, 1, 0, 0, 0], [1, 0, 0, 1, 0, 0, 0, 1, 0, 1, 1, 1, 0, 0, 0, 1, 0], [1, 0, 0, 1, 0, 0, 0, 1, 1, 0, 1, 1, 0, 0, 0, 1, 0], [1, 0, 1, 0, 0, 0, 1, 0, 0, 0, 0, 0, 0, 0, 0, 0, 0], [1, 1, 1, 1, 1, 0, 1, 0, 1, 1, 0, 0, 1, 1, 0, 0, 0], [0, 0, 1, 1, 1, 0, 0, 1, 0, 0, 1, 0, 0, 0, 0, 0, 0]]",3.0,9.0,Y,"{0: 12, 1: 3, 2: 147, 3: 138, 4: 129, 5: 120, 6: 111, 7: 102, 8: 93, 9: 84, 10: 75, 11: 66, 12: 57, 13: 48, 14: 39, 15: 30, 16: 21}","{(0, 2): 1, (0, 3): 1, (0, 6): 1, (0, 8): 3, (0, 10): 1, (0, 11): 1, (0, 12): 1, (0, 13): 1, (0, 14): 1, (0, 15): 1, (1, 11): 2, (1, 15): 1, (2, 3): 1, (2, 4): 125, (2, 5): 14, (2, 7): 1, (2, 8): 1, (2, 10): 1, (2, 14): 1, (2, 15): 1, (2, 16): 1, (3, 5): 53, (3, 6): 1, (3, 7): 1, (3, 11): 10, (3, 12): 51, (3, 13): 1, (3, 15): 1, (3, 16): 17, (4, 8): 1, (4, 10): 1, (4, 15): 1, (4, 16): 1, (5, 8): 23, (5, 10): 29, (6, 7): 1, (6, 9): 69, (6, 10): 1, (6, 14): 37, (6, 15): 1, (7, 8): 1, (7, 9): 10, (7, 10): 36, (7, 11): 48, (7, 12): 1, (7, 13): 1, (7, 16): 1, (8, 9): 1, (8, 13): 42, (8, 15): 21, (9, 10): 1, (9, 11): 1, (9, 12): 1, (9, 15): 1, (10, 11): 1, (10, 12): 1, (10, 13): 1, (10, 16): 1, (11, 12): 1, (11, 13): 1, (12, 15): 1, (13, 15): 1}",3204.9999999799184
5.0,Graph with 17 nodes and 62 edges,"[[0, 0, 1, 1, 0, 0, 1, 0, 1, 0, 1, 1, 1, 1, 1, 1, 0], [0, 0, 0, 0, 0, 0, 0, 0, 0, 0, 0, 1, 0, 0, 0, 1, 0], [1, 0, 0, 1, 1, 1, 0, 1, 1, 0, 1, 0, 0, 0, 1, 1, 1], [1, 0, 1, 0, 0, 1, 1, 1, 0, 0, 0, 1, 1, 1, 0, 1, 1], [0, 0, 1, 0, 0, 0, 0, 0, 1, 0, 1, 0, 0, 0, 0, 1, 1], [0, 0, 1, 1, 0, 0, 0, 0, 1, 0, 1, 0, 0, 0, 0, 0, 0], [1, 0, 0, 1, 0, 0, 0, 1, 0, 1, 1, 0, 0, 0, 1, 1, 0], [0, 0, 1, 1, 0, 0, 1, 0, 1, 1, 1, 1, 1, 1, 0, 0, 1], [1, 0, 1, 0, 1, 1, 0, 1, 0, 1, 0, 0, 0, 1, 0, 1, 0], [0, 0, 0, 0, 0, 0, 1, 1, 1, 0, 1, 1, 1, 0, 0, 1, 0], [1, 0, 1, 0, 1, 1, 1, 1, 0, 1, 0, 1, 1, 1, 0, 0, 1], [1, 1, 0, 1, 0, 0, 0, 1, 0, 1, 1, 0, 1, 1, 0, 0, 0], [1, 0, 0, 1, 0, 0, 0, 1, 0, 1, 1, 1, 0, 0, 0, 1, 0], [1, 0, 0, 1, 0, 0, 0, 1, 1, 0, 1, 1, 0, 0, 0, 1, 0], [1, 0, 1, 0, 0, 0, 1, 0, 0, 0, 0, 0, 0, 0, 0, 0, 0], [1, 1, 1, 1, 1, 0, 1, 0, 1, 1, 0, 0, 1, 1, 0, 0, 0], [0, 0, 1, 1, 1, 0, 0, 1, 0, 0, 1, 0, 0, 0, 0, 0, 0]]",4.0,3.0,Y,"{0: 10, 1: 4, 2: 52, 3: 49, 4: 7, 5: 46, 6: 43, 7: 40, 8: 37, 9: 34, 10: 13, 11: 31, 12: 28, 13: 25, 14: 22, 15: 19, 16: 16}","{(0, 2): 1, (0, 3): 1, (0, 6): 1, (0, 8): 1, (0, 10): 1, (0, 11): 1, (0, 12): 1, (0, 13): 1, (0, 14): 1, (0, 15): 1, (1, 11): 3, (1, 15): 1, (2, 3): 1, (2, 4): 1, (2, 5): 3, (2, 7): 22, (2, 8): 1, (2, 10): 1, (2, 14): 20, (2, 15): 1, (2, 16): 1, (3, 5): 12, (3, 6): 1, (3, 7): 1, (3, 11): 1, (3, 12): 14, (3, 13): 1, (3, 15): 7, (3, 16): 10, (4, 8): 1, (4, 10): 1, (4, 15): 1, (4, 16): 3, (5, 8): 30, (5, 10): 1, (6, 7): 10, (6, 9): 28, (6, 10): 1, (6, 14): 1, (6, 15): 1, (7, 8): 1, (7, 9): 1, (7, 10): 1, (7, 11): 1, (7, 12): 1, (7, 13): 1, (7, 16): 1, (8, 9): 1, (8, 13): 1, (8, 15): 1, (9, 10): 1, (9, 11): 1, (9, 12): 1, (9, 15): 1, (10, 11): 1, (10, 12): 3, (10, 13): 1, (10, 16): 1, (11, 12): 4, (11, 13): 19, (12, 15): 4, (13, 15): 1}",3220.9999999963657
5.0,Graph with 17 nodes and 62 edges,"[[0, 0, 1, 1, 0, 0, 1, 0, 1, 0, 1, 1, 1, 1, 1, 1, 0], [0, 0, 0, 0, 0, 0, 0, 0, 0, 0, 0, 1, 0, 0, 0, 1, 0], [1, 0, 0, 1, 1, 1, 0, 1, 1, 0, 1, 0, 0, 0, 1, 1, 1], [1, 0, 1, 0, 0, 1, 1, 1, 0, 0, 0, 1, 1, 1, 0, 1, 1], [0, 0, 1, 0, 0, 0, 0, 0, 1, 0, 1, 0, 0, 0, 0, 1, 1], [0, 0, 1, 1, 0, 0, 0, 0, 1, 0, 1, 0, 0, 0, 0, 0, 0], [1, 0, 0, 1, 0, 0, 0, 1, 0, 1, 1, 0, 0, 0, 1, 1, 0], [0, 0, 1, 1, 0, 0, 1, 0, 1, 1, 1, 1, 1, 1, 0, 0, 1], [1, 0, 1, 0, 1, 1, 0, 1, 0, 1, 0, 0, 0, 1, 0, 1, 0], [0, 0, 0, 0, 0, 0, 1, 1, 1, 0, 1, 1, 1, 0, 0, 1, 0], [1, 0, 1, 0, 1, 1, 1, 1, 0, 1, 0, 1, 1, 1, 0, 0, 1], [1, 1, 0, 1, 0, 0, 0, 1, 0, 1, 1, 0, 1, 1, 0, 0, 0], [1, 0, 0, 1, 0, 0, 0, 1, 0, 1, 1, 1, 0, 0, 0, 1, 0], [1, 0, 0, 1, 0, 0, 0, 1, 1, 0, 1, 1, 0, 0, 0, 1, 0], [1, 0, 1, 0, 0, 0, 1, 0, 0, 0, 0, 0, 0, 0, 0, 0, 0], [1, 1, 1, 1, 1, 0, 1, 0, 1, 1, 0, 0, 1, 1, 0, 0, 0], [0, 0, 1, 1, 1, 0, 0, 1, 0, 0, 1, 0, 0, 0, 0, 0, 0]]",4.0,4.0,Y,"{0: 12, 1: 4, 2: 68, 3: 64, 4: 8, 5: 60, 6: 56, 7: 52, 8: 48, 9: 44, 10: 40, 11: 36, 12: 32, 13: 28, 14: 24, 15: 20, 16: 16}","{(0, 2): 1, (0, 3): 3, (0, 6): 1, (0, 8): 1, (0, 10): 1, (0, 11): 1, (0, 12): 1, (0, 13): 1, (0, 14): 1, (0, 15): 1, (1, 11): 3, (1, 15): 1, (2, 3): 1, (2, 4): 1, (2, 5): 17, (2, 7): 30, (2, 8): 1, (2, 10): 14, (2, 14): 1, (2, 15): 1, (2, 16): 1, (3, 5): 1, (3, 6): 1, (3, 7): 1, (3, 11): 11, (3, 12): 1, (3, 13): 22, (3, 15): 11, (3, 16): 12, (4, 8): 1, (4, 10): 4, (4, 15): 1, (4, 16): 1, (5, 8): 41, (5, 10): 1, (6, 7): 1, (6, 9): 29, (6, 10): 1, (6, 14): 22, (6, 15): 1, (7, 8): 1, (7, 9): 1, (7, 10): 14, (7, 11): 1, (7, 12): 1, (7, 13): 1, (7, 16): 1, (8, 9): 1, (8, 13): 1, (8, 15): 1, (9, 10): 1, (9, 11): 1, (9, 12): 10, (9, 15): 1, (10, 11): 1, (10, 12): 1, (10, 13): 1, (10, 16): 1, (11, 12): 17, (11, 13): 1, (12, 15): 1, (13, 15): 1}",3276.0000000280343
5.0,Graph with 17 nodes and 62 edges,"[[0, 0, 1, 1, 0, 0, 1, 0, 1, 0, 1, 1, 1, 1, 1, 1, 0], [0, 0, 0, 0, 0, 0, 0, 0, 0, 0, 0, 1, 0, 0, 0, 1, 0], [1, 0, 0, 1, 1, 1, 0, 1, 1, 0, 1, 0, 0, 0, 1, 1, 1], [1, 0, 1, 0, 0, 1, 1, 1, 0, 0, 0, 1, 1, 1, 0, 1, 1], [0, 0, 1, 0, 0, 0, 0, 0, 1, 0, 1, 0, 0, 0, 0, 1, 1], [0, 0, 1, 1, 0, 0, 0, 0, 1, 0, 1, 0, 0, 0, 0, 0, 0], [1, 0, 0, 1, 0, 0, 0, 1, 0, 1, 1, 0, 0, 0, 1, 1, 0], [0, 0, 1, 1, 0, 0, 1, 0, 1, 1, 1, 1, 1, 1, 0, 0, 1], [1, 0, 1, 0, 1, 1, 0, 1, 0, 1, 0, 0, 0, 1, 0, 1, 0], [0, 0, 0, 0, 0, 0, 1, 1, 1, 0, 1, 1, 1, 0, 0, 1, 0], [1, 0, 1, 0, 1, 1, 1, 1, 0, 1, 0, 1, 1, 1, 0, 0, 1], [1, 1, 0, 1, 0, 0, 0, 1, 0, 1, 1, 0, 1, 1, 0, 0, 0], [1, 0, 0, 1, 0, 0, 0, 1, 0, 1, 1, 1, 0, 0, 0, 1, 0], [1, 0, 0, 1, 0, 0, 0, 1, 1, 0, 1, 1, 0, 0, 0, 1, 0], [1, 0, 1, 0, 0, 0, 1, 0, 0, 0, 0, 0, 0, 0, 0, 0, 0], [1, 1, 1, 1, 1, 0, 1, 0, 1, 1, 0, 0, 1, 1, 0, 0, 0], [0, 0, 1, 1, 1, 0, 0, 1, 0, 0, 1, 0, 0, 0, 0, 0, 0]]",4.0,5.0,Y,"{0: 14, 1: 4, 2: 84, 3: 79, 4: 9, 5: 74, 6: 69, 7: 64, 8: 59, 9: 54, 10: 49, 11: 44, 12: 39, 13: 34, 14: 29, 15: 24, 16: 19}","{(0, 2): 1, (0, 3): 5, (0, 6): 1, (0, 8): 1, (0, 10): 1, (0, 11): 1, (0, 12): 1, (0, 13): 1, (0, 14): 1, (0, 15): 1, (1, 11): 3, (1, 15): 1, (2, 3): 1, (2, 4): 1, (2, 5): 20, (2, 7): 38, (2, 8): 1, (2, 10): 18, (2, 14): 1, (2, 15): 1, (2, 16): 1, (3, 5): 1, (3, 6): 1, (3, 7): 1, (3, 11): 12, (3, 12): 1, (3, 13): 26, (3, 15): 15, (3, 16): 15, (4, 8): 1, (4, 10): 5, (4, 15): 1, (4, 16): 1, (5, 8): 52, (5, 10): 1, (6, 7): 1, (6, 9): 37, (6, 10): 1, (6, 14): 27, (6, 15): 1, (7, 8): 1, (7, 9): 1, (7, 10): 17, (7, 11): 1, (7, 12): 1, (7, 13): 1, (7, 16): 1, (8, 9): 1, (8, 13): 1, (8, 15): 1, (9, 10): 1, (9, 11): 1, (9, 12): 12, (9, 15): 1, (10, 11): 1, (10, 12): 1, (10, 13): 1, (10, 16): 1, (11, 12): 22, (11, 13): 2, (12, 15): 1, (13, 15): 1}",3119.0000000265172
5.0,Graph with 17 nodes and 62 edges,"[[0, 0, 1, 1, 0, 0, 1, 0, 1, 0, 1, 1, 1, 1, 1, 1, 0], [0, 0, 0, 0, 0, 0, 0, 0, 0, 0, 0, 1, 0, 0, 0, 1, 0], [1, 0, 0, 1, 1, 1, 0, 1, 1, 0, 1, 0, 0, 0, 1, 1, 1], [1, 0, 1, 0, 0, 1, 1, 1, 0, 0, 0, 1, 1, 1, 0, 1, 1], [0, 0, 1, 0, 0, 0, 0, 0, 1, 0, 1, 0, 0, 0, 0, 1, 1], [0, 0, 1, 1, 0, 0, 0, 0, 1, 0, 1, 0, 0, 0, 0, 0, 0], [1, 0, 0, 1, 0, 0, 0, 1, 0, 1, 1, 0, 0, 0, 1, 1, 0], [0, 0, 1, 1, 0, 0, 1, 0, 1, 1, 1, 1, 1, 1, 0, 0, 1], [1, 0, 1, 0, 1, 1, 0, 1, 0, 1, 0, 0, 0, 1, 0, 1, 0], [0, 0, 0, 0, 0, 0, 1, 1, 1, 0, 1, 1, 1, 0, 0, 1, 0], [1, 0, 1, 0, 1, 1, 1, 1, 0, 1, 0, 1, 1, 1, 0, 0, 1], [1, 1, 0, 1, 0, 0, 0, 1, 0, 1, 1, 0, 1, 1, 0, 0, 0], [1, 0, 0, 1, 0, 0, 0, 1, 0, 1, 1, 1, 0, 0, 0, 1, 0], [1, 0, 0, 1, 0, 0, 0, 1, 1, 0, 1, 1, 0, 0, 0, 1, 0], [1, 0, 1, 0, 0, 0, 1, 0, 0, 0, 0, 0, 0, 0, 0, 0, 0], [1, 1, 1, 1, 1, 0, 1, 0, 1, 1, 0, 0, 1, 1, 0, 0, 0], [0, 0, 1, 1, 1, 0, 0, 1, 0, 0, 1, 0, 0, 0, 0, 0, 0]]",4.0,7.0,Y,"{0: 11, 1: 4, 2: 116, 3: 109, 4: 102, 5: 95, 6: 88, 7: 81, 8: 74, 9: 67, 10: 60, 11: 53, 12: 46, 13: 39, 14: 32, 15: 25, 16: 18}","{(0, 2): 1, (0, 3): 1, (0, 6): 1, (0, 8): 1, (0, 10): 1, (0, 11): 2, (0, 12): 1, (0, 13): 1, (0, 14): 1, (0, 15): 1, (1, 11): 3, (1, 15): 1, (2, 3): 1, (2, 4): 85, (2, 5): 15, (2, 7): 1, (2, 8): 1, (2, 10): 1, (2, 14): 9, (2, 15): 1, (2, 16): 1, (3, 5): 34, (3, 6): 1, (3, 7): 1, (3, 11): 27, (3, 12): 25, (3, 13): 17, (3, 15): 1, (3, 16): 1, (4, 8): 1, (4, 10): 1, (4, 15): 1, (4, 16): 14, (5, 8): 1, (5, 10): 45, (6, 7): 1, (6, 9): 61, (6, 10): 1, (6, 14): 22, (6, 15): 1, (7, 8): 67, (7, 9): 1, (7, 10): 6, (7, 11): 1, (7, 12): 1, (7, 13): 1, (7, 16): 1, (8, 9): 1, (8, 13): 1, (8, 15): 1, (9, 10): 1, (9, 11): 1, (9, 12): 1, (9, 15): 1, (10, 11): 1, (10, 12): 1, (10, 13): 1, (10, 16): 1, (11, 12): 1, (11, 13): 17, (12, 15): 16, (13, 15): 1}",3106.999999999971
7.0,Graph with 17 nodes and 72 edges,"[[0, 1, 0, 0, 0, 1, 1, 0, 1, 0, 1, 1, 0, 0, 0, 1, 1], [1, 0, 0, 0, 0, 1, 1, 0, 0, 1, 1, 1, 1, 1, 0, 0, 1], [0, 0, 0, 1, 1, 0, 1, 0, 1, 0, 0, 0, 1, 1, 0, 1, 1], [0, 0, 1, 0, 1, 1, 1, 1, 0, 0, 1, 1, 1, 1, 0, 1, 0], [0, 0, 1, 1, 0, 0, 1, 1, 1, 0, 0, 0, 1, 0, 0, 0, 1], [1, 1, 0, 1, 0, 0, 1, 0, 1, 1, 1, 1, 1, 1, 1, 1, 1], [1, 1, 1, 1, 1, 1, 0, 1, 1, 0, 0, 1, 0, 0, 1, 1, 0], [0, 0, 0, 1, 1, 0, 1, 0, 1, 0, 1, 0, 0, 0, 0, 1, 1], [1, 0, 1, 0, 1, 1, 1, 1, 0, 0, 1, 0, 1, 0, 0, 0, 0], [0, 1, 0, 0, 0, 1, 0, 0, 0, 0, 1, 1, 1, 1, 0, 1, 1], [1, 1, 0, 1, 0, 1, 0, 1, 1, 1, 0, 0, 0, 1, 0, 0, 0], [1, 1, 0, 1, 0, 1, 1, 0, 0, 1, 0, 0, 1, 0, 1, 0, 1], [0, 1, 1, 1, 1, 1, 0, 0, 1, 1, 0, 1, 0, 0, 0, 1, 0], [0, 1, 1, 1, 0, 1, 0, 0, 0, 1, 1, 0, 0, 0, 1, 0, 0], [0, 0, 0, 0, 0, 1, 1, 0, 0, 0, 0, 1, 0, 1, 0, 0, 0], [1, 0, 1, 1, 0, 1, 1, 1, 0, 1, 0, 0, 1, 0, 0, 0, 1], [1, 1, 1, 0, 1, 1, 0, 1, 0, 1, 0, 1, 0, 0, 0, 1, 0]]",4.0,3.0,Y,"{0: 10, 1: 52, 2: 49, 3: 46, 4: 7, 5: 13, 6: 43, 7: 40, 8: 37, 9: 34, 10: 31, 11: 28, 12: 25, 13: 22, 14: 4, 15: 19, 16: 16}","{(0, 1): 1, (0, 5): 1, (0, 6): 3, (0, 8): 1, (0, 10): 1, (0, 11): 1, (0, 15): 1, (0, 16): 1, (1, 5): 1, (1, 6): 1, (1, 9): 27, (1, 10): 4, (1, 11): 1, (1, 12): 1, (1, 13): 15, (1, 16): 1, (2, 3): 37, (2, 4): 1, (2, 6): 1, (2, 8): 6, (2, 12): 1, (2, 13): 1, (2, 15): 1, (2, 16): 1, (3, 4): 1, (3, 5): 1, (3, 6): 1, (3, 7): 1, (3, 10): 1, (3, 11): 1, (3, 12): 1, (3, 13): 1, (3, 15): 1, (4, 6): 1, (4, 7): 1, (4, 8): 1, (4, 12): 1, (4, 16): 1, (5, 6): 1, (5, 8): 1, (5, 9): 1, (5, 10): 1, (5, 11): 1, (5, 12): 1, (5, 13): 1, (5, 14): 1, (5, 15): 1, (5, 16): 1, (6, 7): 1, (6, 8): 2, (6, 11): 20, (6, 14): 1, (6, 15): 11, (7, 8): 8, (7, 10): 20, (7, 15): 1, (7, 16): 8, (8, 10): 1, (8, 12): 17, (9, 10): 1, (9, 11): 1, (9, 12): 1, (9, 13): 1, (9, 15): 1, (9, 16): 1, (10, 13): 2, (11, 12): 1, (11, 14): 1, (11, 16): 1, (12, 15): 1, (13, 14): 1, (15, 16): 1}",2739.9999999602187
7.0,Graph with 17 nodes and 72 edges,"[[0, 1, 0, 0, 0, 1, 1, 0, 1, 0, 1, 1, 0, 0, 0, 1, 1], [1, 0, 0, 0, 0, 1, 1, 0, 0, 1, 1, 1, 1, 1, 0, 0, 1], [0, 0, 0, 1, 1, 0, 1, 0, 1, 0, 0, 0, 1, 1, 0, 1, 1], [0, 0, 1, 0, 1, 1, 1, 1, 0, 0, 1, 1, 1, 1, 0, 1, 0], [0, 0, 1, 1, 0, 0, 1, 1, 1, 0, 0, 0, 1, 0, 0, 0, 1], [1, 1, 0, 1, 0, 0, 1, 0, 1, 1, 1, 1, 1, 1, 1, 1, 1], [1, 1, 1, 1, 1, 1, 0, 1, 1, 0, 0, 1, 0, 0, 1, 1, 0], [0, 0, 0, 1, 1, 0, 1, 0, 1, 0, 1, 0, 0, 0, 0, 1, 1], [1, 0, 1, 0, 1, 1, 1, 1, 0, 0, 1, 0, 1, 0, 0, 0, 0], [0, 1, 0, 0, 0, 1, 0, 0, 0, 0, 1, 1, 1, 1, 0, 1, 1], [1, 1, 0, 1, 0, 1, 0, 1, 1, 1, 0, 0, 0, 1, 0, 0, 0], [1, 1, 0, 1, 0, 1, 1, 0, 0, 1, 0, 0, 1, 0, 1, 0, 1], [0, 1, 1, 1, 1, 1, 0, 0, 1, 1, 0, 1, 0, 0, 0, 1, 0], [0, 1, 1, 1, 0, 1, 0, 0, 0, 1, 1, 0, 0, 0, 1, 0, 0], [0, 0, 0, 0, 0, 1, 1, 0, 0, 0, 0, 1, 0, 1, 0, 0, 0], [1, 0, 1, 1, 0, 1, 1, 1, 0, 1, 0, 0, 1, 0, 0, 0, 1], [1, 1, 1, 0, 1, 1, 0, 1, 0, 1, 0, 1, 0, 0, 0, 1, 0]]",4.0,4.0,Y,"{0: 8, 1: 12, 2: 68, 3: 64, 4: 60, 5: 16, 6: 56, 7: 52, 8: 48, 9: 44, 10: 40, 11: 36, 12: 32, 13: 28, 14: 4, 15: 24, 16: 20}","{(0, 1): 1, (0, 5): 1, (0, 6): 1, (0, 8): 1, (0, 10): 1, (0, 11): 1, (0, 15): 1, (0, 16): 1, (1, 5): 1, (1, 6): 4, (1, 9): 1, (1, 10): 1, (1, 11): 1, (1, 12): 1, (1, 13): 1, (1, 16): 1, (2, 3): 1, (2, 4): 54, (2, 6): 1, (2, 8): 1, (2, 12): 1, (2, 13): 8, (2, 15): 1, (2, 16): 1, (3, 4): 1, (3, 5): 1, (3, 6): 4, (3, 7): 46, (3, 10): 1, (3, 11): 7, (3, 12): 1, (3, 13): 1, (3, 15): 1, (4, 6): 1, (4, 7): 1, (4, 8): 1, (4, 12): 1, (4, 16): 1, (5, 6): 4, (5, 8): 1, (5, 9): 1, (5, 10): 1, (5, 11): 1, (5, 12): 1, (5, 13): 1, (5, 14): 1, (5, 15): 1, (5, 16): 1, (6, 7): 1, (6, 8): 1, (6, 11): 22, (6, 14): 1, (6, 15): 16, (7, 8): 1, (7, 10): 1, (7, 15): 1, (7, 16): 1, (8, 10): 18, (8, 12): 24, (9, 10): 14, (9, 11): 1, (9, 12): 1, (9, 13): 13, (9, 15): 1, (9, 16): 12, (10, 13): 3, (11, 12): 1, (11, 14): 1, (11, 16): 1, (12, 15): 1, (13, 14): 1, (15, 16): 1}",3354.0000000016335
7.0,Graph with 17 nodes and 72 edges,"[[0, 1, 0, 0, 0, 1, 1, 0, 1, 0, 1, 1, 0, 0, 0, 1, 1], [1, 0, 0, 0, 0, 1, 1, 0, 0, 1, 1, 1, 1, 1, 0, 0, 1], [0, 0, 0, 1, 1, 0, 1, 0, 1, 0, 0, 0, 1, 1, 0, 1, 1], [0, 0, 1, 0, 1, 1, 1, 1, 0, 0, 1, 1, 1, 1, 0, 1, 0], [0, 0, 1, 1, 0, 0, 1, 1, 1, 0, 0, 0, 1, 0, 0, 0, 1], [1, 1, 0, 1, 0, 0, 1, 0, 1, 1, 1, 1, 1, 1, 1, 1, 1], [1, 1, 1, 1, 1, 1, 0, 1, 1, 0, 0, 1, 0, 0, 1, 1, 0], [0, 0, 0, 1, 1, 0, 1, 0, 1, 0, 1, 0, 0, 0, 0, 1, 1], [1, 0, 1, 0, 1, 1, 1, 1, 0, 0, 1, 0, 1, 0, 0, 0, 0], [0, 1, 0, 0, 0, 1, 0, 0, 0, 0, 1, 1, 1, 1, 0, 1, 1], [1, 1, 0, 1, 0, 1, 0, 1, 1, 1, 0, 0, 0, 1, 0, 0, 0], [1, 1, 0, 1, 0, 1, 1, 0, 0, 1, 0, 0, 1, 0, 1, 0, 1], [0, 1, 1, 1, 1, 1, 0, 0, 1, 1, 0, 1, 0, 0, 0, 1, 0], [0, 1, 1, 1, 0, 1, 0, 0, 0, 1, 1, 0, 0, 0, 1, 0, 0], [0, 0, 0, 0, 0, 1, 1, 0, 0, 0, 0, 1, 0, 1, 0, 0, 0], [1, 0, 1, 1, 0, 1, 1, 1, 0, 1, 0, 0, 1, 0, 0, 0, 1], [1, 1, 1, 0, 1, 1, 0, 1, 0, 1, 0, 1, 0, 0, 0, 1, 0]]",4.0,6.0,Y,"{0: 10, 1: 100, 2: 94, 3: 88, 4: 82, 5: 16, 6: 76, 7: 70, 8: 64, 9: 58, 10: 52, 11: 46, 12: 40, 13: 34, 14: 4, 15: 28, 16: 22}","{(0, 1): 1, (0, 5): 1, (0, 6): 3, (0, 8): 1, (0, 10): 1, (0, 11): 1, (0, 15): 1, (0, 16): 1, (1, 5): 1, (1, 6): 5, (1, 9): 42, (1, 10): 1, (1, 11): 1, (1, 12): 20, (1, 13): 28, (1, 16): 1, (2, 3): 16, (2, 4): 72, (2, 6): 1, (2, 8): 1, (2, 12): 1, (2, 13): 1, (2, 15): 1, (2, 16): 1, (3, 4): 1, (3, 5): 1, (3, 6): 1, (3, 7): 64, (3, 10): 1, (3, 11): 1, (3, 12): 1, (3, 13): 1, (3, 15): 1, (4, 6): 1, (4, 7): 1, (4, 8): 1, (4, 12): 1, (4, 16): 5, (5, 6): 4, (5, 8): 1, (5, 9): 1, (5, 10): 1, (5, 11): 1, (5, 12): 1, (5, 13): 1, (5, 14): 1, (5, 15): 1, (5, 16): 1, (6, 7): 1, (6, 8): 1, (6, 11): 38, (6, 14): 1, (6, 15): 20, (7, 8): 1, (7, 10): 1, (7, 15): 1, (7, 16): 1, (8, 10): 45, (8, 12): 13, (9, 10): 1, (9, 11): 1, (9, 12): 1, (9, 13): 1, (9, 15): 1, (9, 16): 10, (10, 13): 1, (11, 12): 1, (11, 14): 1, (11, 16): 1, (12, 15): 1, (13, 14): 1, (15, 16): 1}",3034.000000013748
7.0,Graph with 17 nodes and 72 edges,"[[0, 1, 0, 0, 0, 1, 1, 0, 1, 0, 1, 1, 0, 0, 0, 1, 1], [1, 0, 0, 0, 0, 1, 1, 0, 0, 1, 1, 1, 1, 1, 0, 0, 1], [0, 0, 0, 1, 1, 0, 1, 0, 1, 0, 0, 0, 1, 1, 0, 1, 1], [0, 0, 1, 0, 1, 1, 1, 1, 0, 0, 1, 1, 1, 1, 0, 1, 0], [0, 0, 1, 1, 0, 0, 1, 1, 1, 0, 0, 0, 1, 0, 0, 0, 1], [1, 1, 0, 1, 0, 0, 1, 0, 1, 1, 1, 1, 1, 1, 1, 1, 1], [1, 1, 1, 1, 1, 1, 0, 1, 1, 0, 0, 1, 0, 0, 1, 1, 0], [0, 0, 0, 1, 1, 0, 1, 0, 1, 0, 1, 0, 0, 0, 0, 1, 1], [1, 0, 1, 0, 1, 1, 1, 1, 0, 0, 1, 0, 1, 0, 0, 0, 0], [0, 1, 0, 0, 0, 1, 0, 0, 0, 0, 1, 1, 1, 1, 0, 1, 1], [1, 1, 0, 1, 0, 1, 0, 1, 1, 1, 0, 0, 0, 1, 0, 0, 0], [1, 1, 0, 1, 0, 1, 1, 0, 0, 1, 0, 0, 1, 0, 1, 0, 1], [0, 1, 1, 1, 1, 1, 0, 0, 1, 1, 0, 1, 0, 0, 0, 1, 0], [0, 1, 1, 1, 0, 1, 0, 0, 0, 1, 1, 0, 0, 0, 1, 0, 0], [0, 0, 0, 0, 0, 1, 1, 0, 0, 0, 0, 1, 0, 1, 0, 0, 0], [1, 0, 1, 1, 0, 1, 1, 1, 0, 1, 0, 0, 1, 0, 0, 0, 1], [1, 1, 1, 0, 1, 1, 0, 1, 0, 1, 0, 1, 0, 0, 0, 1, 0]]",4.0,8.0,Y,"{0: 12, 1: 132, 2: 124, 3: 116, 4: 108, 5: 20, 6: 100, 7: 92, 8: 84, 9: 76, 10: 68, 11: 60, 12: 52, 13: 44, 14: 4, 15: 36, 16: 28}","{(0, 1): 1, (0, 5): 1, (0, 6): 1, (0, 8): 1, (0, 10): 5, (0, 11): 1, (0, 15): 1, (0, 16): 1, (1, 5): 1, (1, 6): 1, (1, 9): 50, (1, 10): 1, (1, 11): 32, (1, 12): 44, (1, 13): 1, (1, 16): 1, (2, 3): 8, (2, 4): 102, (2, 6): 1, (2, 8): 9, (2, 12): 1, (2, 13): 1, (2, 15): 1, (2, 16): 1, (3, 4): 1, (3, 5): 1, (3, 6): 1, (3, 7): 86, (3, 10): 1, (3, 11): 2, (3, 12): 1, (3, 13): 1, (3, 15): 14, (4, 6): 1, (4, 7): 1, (4, 8): 1, (4, 12): 1, (4, 16): 1, (5, 6): 8, (5, 8): 1, (5, 9): 1, (5, 10): 1, (5, 11): 1, (5, 12): 1, (5, 13): 1, (5, 14): 1, (5, 15): 1, (5, 16): 1, (6, 7): 1, (6, 8): 69, (6, 11): 1, (6, 14): 1, (6, 15): 15, (7, 8): 1, (7, 10): 1, (7, 15): 1, (7, 16): 1, (8, 10): 1, (8, 12): 1, (9, 10): 20, (9, 11): 1, (9, 12): 1, (9, 13): 1, (9, 15): 1, (9, 16): 1, (10, 13): 38, (11, 12): 1, (11, 14): 1, (11, 16): 20, (12, 15): 1, (13, 14): 1, (15, 16): 1}",3286.0000000027867
12.0,Graph with 17 nodes and 64 edges,"[[0, 0, 1, 0, 1, 1, 0, 0, 0, 1, 0, 1, 0, 1, 1, 1, 0], [0, 0, 0, 0, 1, 1, 0, 1, 0, 0, 0, 1, 1, 1, 0, 0, 0], [1, 0, 0, 1, 0, 1, 0, 1, 0, 0, 1, 0, 0, 0, 1, 0, 1], [0, 0, 1, 0, 0, 0, 1, 1, 1, 1, 1, 1, 0, 0, 0, 1, 0], [1, 1, 0, 0, 0, 1, 0, 0, 1, 1, 1, 1, 1, 0, 1, 0, 1], [1, 1, 1, 0, 1, 0, 0, 1, 0, 1, 1, 1, 0, 1, 0, 1, 1], [0, 0, 0, 1, 0, 0, 0, 0, 0, 0, 1, 0, 1, 1, 0, 0, 0], [0, 1, 1, 1, 0, 1, 0, 0, 1, 0, 1, 0, 1, 0, 0, 0, 0], [0, 0, 0, 1, 1, 0, 0, 1, 0, 1, 0, 0, 0, 0, 1, 0, 0], [1, 0, 0, 1, 1, 1, 0, 0, 1, 0, 1, 1, 0, 1, 1, 1, 1], [0, 0, 1, 1, 1, 1, 1, 1, 0, 1, 0, 0, 0, 0, 1, 0, 1], [1, 1, 0, 1, 1, 1, 0, 0, 0, 1, 0, 0, 0, 0, 1, 0, 0], [0, 1, 0, 0, 1, 0, 1, 1, 0, 0, 0, 0, 0, 0, 1, 1, 1], [1, 1, 0, 0, 0, 1, 1, 0, 0, 1, 0, 0, 0, 0, 0, 0, 1], [1, 0, 1, 0, 1, 0, 0, 0, 1, 1, 1, 1, 1, 0, 0, 0, 1], [1, 0, 0, 1, 0, 1, 0, 0, 0, 1, 0, 0, 1, 0, 0, 0, 0], [0, 0, 1, 0, 1, 1, 0, 0, 0, 1, 1, 0, 1, 1, 1, 0, 0]]",4.0,1.0,Y,"{0: 13, 1: 7, 2: 9, 3: 15, 4: 18, 5: 19, 6: 4, 7: 10, 8: 6, 9: 20, 10: 17, 11: 11, 12: 12, 13: 8, 14: 16, 15: 5, 16: 14}","{(0, 2): 1, (0, 4): 1, (0, 5): 3, (0, 9): 4, (0, 11): 1, (0, 13): 1, (0, 14): 1, (0, 15): 1, (1, 4): 1, (1, 5): 1, (1, 7): 1, (1, 11): 1, (1, 12): 2, (1, 13): 1, (2, 3): 1, (2, 5): 3, (2, 7): 1, (2, 10): 1, (2, 14): 1, (2, 16): 1, (3, 6): 1, (3, 7): 1, (3, 8): 2, (3, 9): 5, (3, 10): 1, (3, 11): 3, (3, 15): 1, (4, 5): 3, (4, 8): 1, (4, 9): 1, (4, 10): 1, (4, 11): 1, (4, 12): 2, (4, 14): 6, (4, 16): 1, (5, 7): 1, (5, 9): 1, (5, 10): 3, (5, 11): 1, (5, 13): 1, (5, 15): 1, (5, 16): 1, (6, 10): 1, (6, 12): 1, (6, 13): 1, (7, 8): 1, (7, 10): 1, (7, 12): 4, (8, 9): 1, (8, 14): 1, (9, 10): 1, (9, 11): 1, (9, 13): 3, (9, 14): 1, (9, 15): 1, (9, 16): 1, (10, 14): 1, (10, 16): 7, (11, 14): 3, (12, 14): 1, (12, 15): 1, (12, 16): 1, (13, 16): 1, (14, 16): 1}",2970.999999945434
12.0,Graph with 17 nodes and 64 edges,"[[0, 0, 1, 0, 1, 1, 0, 0, 0, 1, 0, 1, 0, 1, 1, 1, 0], [0, 0, 0, 0, 1, 1, 0, 1, 0, 0, 0, 1, 1, 1, 0, 0, 0], [1, 0, 0, 1, 0, 1, 0, 1, 0, 0, 1, 0, 0, 0, 1, 0, 1], [0, 0, 1, 0, 0, 0, 1, 1, 1, 1, 1, 1, 0, 0, 0, 1, 0], [1, 1, 0, 0, 0, 1, 0, 0, 1, 1, 1, 1, 1, 0, 1, 0, 1], [1, 1, 1, 0, 1, 0, 0, 1, 0, 1, 1, 1, 0, 1, 0, 1, 1], [0, 0, 0, 1, 0, 0, 0, 0, 0, 0, 1, 0, 1, 1, 0, 0, 0], [0, 1, 1, 1, 0, 1, 0, 0, 1, 0, 1, 0, 1, 0, 0, 0, 0], [0, 0, 0, 1, 1, 0, 0, 1, 0, 1, 0, 0, 0, 0, 1, 0, 0], [1, 0, 0, 1, 1, 1, 0, 0, 1, 0, 1, 1, 0, 1, 1, 1, 1], [0, 0, 1, 1, 1, 1, 1, 1, 0, 1, 0, 0, 0, 0, 1, 0, 1], [1, 1, 0, 1, 1, 1, 0, 0, 0, 1, 0, 0, 0, 0, 1, 0, 0], [0, 1, 0, 0, 1, 0, 1, 1, 0, 0, 0, 0, 0, 0, 1, 1, 1], [1, 1, 0, 0, 0, 1, 1, 0, 0, 1, 0, 0, 0, 0, 0, 0, 1], [1, 0, 1, 0, 1, 0, 0, 0, 1, 1, 1, 1, 1, 0, 0, 0, 1], [1, 0, 0, 1, 0, 1, 0, 0, 0, 1, 0, 0, 1, 0, 0, 0, 0], [0, 0, 1, 0, 1, 1, 0, 0, 0, 1, 1, 0, 1, 1, 1, 0, 0]]",4.0,4.0,Y,"{0: 8, 1: 68, 2: 64, 3: 60, 4: 12, 5: 56, 6: 4, 7: 52, 8: 48, 9: 44, 10: 40, 11: 36, 12: 32, 13: 28, 14: 24, 15: 20, 16: 16}","{(0, 2): 1, (0, 4): 1, (0, 5): 1, (0, 9): 1, (0, 11): 1, (0, 13): 1, (0, 14): 1, (0, 15): 1, (1, 4): 1, (1, 5): 1, (1, 7): 35, (1, 11): 4, (1, 12): 26, (1, 13): 1, (2, 3): 1, (2, 5): 16, (2, 7): 12, (2, 10): 32, (2, 14): 1, (2, 16): 1, (3, 6): 1, (3, 7): 1, (3, 8): 44, (3, 9): 1, (3, 10): 1, (3, 11): 10, (3, 15): 1, (4, 5): 2, (4, 8): 1, (4, 9): 2, (4, 10): 1, (4, 11): 1, (4, 12): 1, (4, 14): 1, (4, 16): 1, (5, 7): 1, (5, 9): 1, (5, 10): 1, (5, 11): 1, (5, 13): 15, (5, 15): 16, (5, 16): 1, (6, 10): 1, (6, 12): 1, (6, 13): 1, (7, 8): 1, (7, 10): 1, (7, 12): 1, (8, 9): 1, (8, 14): 1, (9, 10): 1, (9, 11): 18, (9, 13): 1, (9, 14): 16, (9, 15): 1, (9, 16): 1, (10, 14): 1, (10, 16): 1, (11, 14): 1, (12, 14): 1, (12, 15): 1, (12, 16): 1, (13, 16): 9, (14, 16): 1}",3057.000000012522
12.0,Graph with 17 nodes and 64 edges,"[[0, 0, 1, 0, 1, 1, 0, 0, 0, 1, 0, 1, 0, 1, 1, 1, 0], [0, 0, 0, 0, 1, 1, 0, 1, 0, 0, 0, 1, 1, 1, 0, 0, 0], [1, 0, 0, 1, 0, 1, 0, 1, 0, 0, 1, 0, 0, 0, 1, 0, 1], [0, 0, 1, 0, 0, 0, 1, 1, 1, 1, 1, 1, 0, 0, 0, 1, 0], [1, 1, 0, 0, 0, 1, 0, 0, 1, 1, 1, 1, 1, 0, 1, 0, 1], [1, 1, 1, 0, 1, 0, 0, 1, 0, 1, 1, 1, 0, 1, 0, 1, 1], [0, 0, 0, 1, 0, 0, 0, 0, 0, 0, 1, 0, 1, 1, 0, 0, 0], [0, 1, 1, 1, 0, 1, 0, 0, 1, 0, 1, 0, 1, 0, 0, 0, 0], [0, 0, 0, 1, 1, 0, 0, 1, 0, 1, 0, 0, 0, 0, 1, 0, 0], [1, 0, 0, 1, 1, 1, 0, 0, 1, 0, 1, 1, 0, 1, 1, 1, 1], [0, 0, 1, 1, 1, 1, 1, 1, 0, 1, 0, 0, 0, 0, 1, 0, 1], [1, 1, 0, 1, 1, 1, 0, 0, 0, 1, 0, 0, 0, 0, 1, 0, 0], [0, 1, 0, 0, 1, 0, 1, 1, 0, 0, 0, 0, 0, 0, 1, 1, 1], [1, 1, 0, 0, 0, 1, 1, 0, 0, 1, 0, 0, 0, 0, 0, 0, 1], [1, 0, 1, 0, 1, 0, 0, 0, 1, 1, 1, 1, 1, 0, 0, 0, 1], [1, 0, 0, 1, 0, 1, 0, 0, 0, 1, 0, 0, 1, 0, 0, 0, 0], [0, 0, 1, 0, 1, 1, 0, 0, 0, 1, 1, 0, 1, 1, 1, 0, 0]]",4.0,9.0,Y,"{0: 13, 1: 148, 2: 139, 3: 130, 4: 121, 5: 112, 6: 4, 7: 103, 8: 94, 9: 85, 10: 76, 11: 67, 12: 58, 13: 49, 14: 40, 15: 31, 16: 22}","{(0, 2): 1, (0, 4): 1, (0, 5): 1, (0, 9): 6, (0, 11): 1, (0, 13): 1, (0, 14): 1, (0, 15): 1, (1, 4): 81, (1, 5): 1, (1, 7): 34, (1, 11): 30, (1, 12): 1, (1, 13): 1, (2, 3): 66, (2, 5): 1, (2, 7): 1, (2, 10): 68, (2, 14): 1, (2, 16): 1, (3, 6): 1, (3, 7): 1, (3, 8): 58, (3, 9): 1, (3, 10): 1, (3, 11): 1, (3, 15): 1, (4, 5): 1, (4, 8): 1, (4, 9): 32, (4, 10): 1, (4, 11): 1, (4, 12): 1, (4, 14): 1, (4, 16): 1, (5, 7): 13, (5, 9): 7, (5, 10): 1, (5, 11): 1, (5, 13): 44, (5, 15): 27, (5, 16): 15, (6, 10): 1, (6, 12): 1, (6, 13): 1, (7, 8): 1, (7, 10): 1, (7, 12): 52, (8, 9): 33, (8, 14): 1, (9, 10): 1, (9, 11): 1, (9, 13): 1, (9, 14): 1, (9, 15): 1, (9, 16): 1, (10, 14): 1, (10, 16): 1, (11, 14): 32, (12, 14): 1, (12, 15): 1, (12, 16): 1, (13, 16): 1, (14, 16): 1}",2948.0000000035034
14.0,Graph with 17 nodes and 63 edges,"[[0, 0, 0, 0, 0, 0, 0, 1, 1, 1, 1, 1, 1, 1, 1, 1, 0], [0, 0, 1, 0, 0, 0, 1, 1, 1, 1, 0, 0, 1, 0, 0, 0, 0], [0, 1, 0, 0, 1, 1, 0, 0, 0, 0, 1, 0, 1, 0, 1, 1, 1], [0, 0, 0, 0, 0, 1, 1, 1, 0, 0, 1, 0, 0, 0, 1, 0, 0], [0, 0, 1, 0, 0, 1, 1, 0, 1, 1, 1, 1, 0, 1, 1, 0, 1], [0, 0, 1, 1, 1, 0, 0, 0, 1, 1, 1, 0, 1, 1, 1, 0, 1], [0, 1, 0, 1, 1, 0, 0, 0, 0, 0, 0, 0, 1, 0, 0, 1, 1], [1, 1, 0, 1, 0, 0, 0, 0, 0, 1, 0, 0, 0, 0, 0, 1, 1], [1, 1, 0, 0, 1, 1, 0, 0, 0, 0, 1, 0, 0, 0, 0, 0, 0], [1, 1, 0, 0, 1, 1, 0, 1, 0, 0, 1, 0, 1, 0, 0, 0, 0], [1, 0, 1, 1, 1, 1, 0, 0, 1, 1, 0, 1, 0, 0, 0, 0, 1], [1, 0, 0, 0, 1, 0, 0, 0, 0, 0, 1, 0, 0, 0, 1, 0, 0], [1, 1, 1, 0, 0, 1, 1, 0, 0, 1, 0, 0, 0, 1, 1, 1, 1], [1, 0, 0, 0, 1, 1, 0, 0, 0, 0, 0, 0, 1, 0, 1, 1, 0], [1, 0, 1, 1, 1, 1, 0, 0, 0, 0, 0, 1, 1, 1, 0, 1, 0], [1, 0, 1, 0, 0, 0, 1, 1, 0, 0, 0, 0, 1, 1, 1, 0, 1], [0, 0, 1, 0, 1, 1, 1, 1, 0, 0, 1, 0, 1, 0, 0, 1, 0]]",4.0,1.0,Y,"{0: 15, 1: 9, 2: 13, 3: 6, 4: 18, 5: 20, 6: 10, 7: 7, 8: 5, 9: 11, 10: 16, 11: 4, 12: 19, 13: 8, 14: 17, 15: 12, 16: 14}","{(0, 7): 1, (0, 8): 1, (0, 9): 1, (0, 10): 1, (0, 11): 1, (0, 12): 3, (0, 13): 1, (0, 14): 5, (0, 15): 1, (1, 2): 1, (1, 6): 4, (1, 7): 1, (1, 8): 1, (1, 9): 1, (1, 12): 1, (2, 4): 6, (2, 5): 1, (2, 10): 1, (2, 12): 1, (2, 14): 1, (2, 15): 1, (2, 16): 1, (3, 5): 2, (3, 6): 1, (3, 7): 1, (3, 10): 1, (3, 14): 1, (4, 5): 1, (4, 6): 1, (4, 8): 1, (4, 9): 1, (4, 10): 1, (4, 11): 1, (4, 13): 1, (4, 14): 4, (4, 16): 1, (5, 8): 1, (5, 9): 1, (5, 10): 1, (5, 12): 8, (5, 13): 3, (5, 14): 1, (5, 16): 1, (6, 12): 1, (6, 15): 1, (6, 16): 2, (7, 9): 1, (7, 15): 2, (7, 16): 1, (8, 10): 1, (9, 10): 5, (9, 12): 1, (10, 11): 1, (10, 16): 4, (11, 14): 1, (12, 13): 1, (12, 14): 1, (12, 15): 1, (12, 16): 1, (13, 14): 1, (13, 15): 1, (14, 15): 2, (15, 16): 3}",2672.0000000182154
14.0,Graph with 17 nodes and 63 edges,"[[0, 0, 0, 0, 0, 0, 0, 1, 1, 1, 1, 1, 1, 1, 1, 1, 0], [0, 0, 1, 0, 0, 0, 1, 1, 1, 1, 0, 0, 1, 0, 0, 0, 0], [0, 1, 0, 0, 1, 1, 0, 0, 0, 0, 1, 0, 1, 0, 1, 1, 1], [0, 0, 0, 0, 0, 1, 1, 1, 0, 0, 1, 0, 0, 0, 1, 0, 0], [0, 0, 1, 0, 0, 1, 1, 0, 1, 1, 1, 1, 0, 1, 1, 0, 1], [0, 0, 1, 1, 1, 0, 0, 0, 1, 1, 1, 0, 1, 1, 1, 0, 1], [0, 1, 0, 1, 1, 0, 0, 0, 0, 0, 0, 0, 1, 0, 0, 1, 1], [1, 1, 0, 1, 0, 0, 0, 0, 0, 1, 0, 0, 0, 0, 0, 1, 1], [1, 1, 0, 0, 1, 1, 0, 0, 0, 0, 1, 0, 0, 0, 0, 0, 0], [1, 1, 0, 0, 1, 1, 0, 1, 0, 0, 1, 0, 1, 0, 0, 0, 0], [1, 0, 1, 1, 1, 1, 0, 0, 1, 1, 0, 1, 0, 0, 0, 0, 1], [1, 0, 0, 0, 1, 0, 0, 0, 0, 0, 1, 0, 0, 0, 1, 0, 0], [1, 1, 1, 0, 0, 1, 1, 0, 0, 1, 0, 0, 0, 1, 1, 1, 1], [1, 0, 0, 0, 1, 1, 0, 0, 0, 0, 0, 0, 1, 0, 1, 1, 0], [1, 0, 1, 1, 1, 1, 0, 0, 0, 0, 0, 1, 1, 1, 0, 1, 0], [1, 0, 1, 0, 0, 0, 1, 1, 0, 0, 0, 0, 1, 1, 1, 0, 1], [0, 0, 1, 0, 1, 1, 1, 1, 0, 0, 1, 0, 1, 0, 0, 1, 0]]",4.0,4.0,Y,"{0: 12, 1: 8, 2: 68, 3: 64, 4: 60, 5: 56, 6: 52, 7: 48, 8: 44, 9: 40, 10: 36, 11: 4, 12: 32, 13: 28, 14: 24, 15: 20, 16: 16}","{(0, 7): 1, (0, 8): 4, (0, 9): 1, (0, 10): 1, (0, 11): 1, (0, 12): 1, (0, 13): 1, (0, 14): 1, (0, 15): 1, (1, 2): 1, (1, 6): 1, (1, 7): 1, (1, 8): 3, (1, 9): 1, (1, 12): 1, (2, 4): 32, (2, 5): 22, (2, 10): 1, (2, 12): 1, (2, 14): 1, (2, 15): 1, (2, 16): 9, (3, 5): 1, (3, 6): 47, (3, 7): 14, (3, 10): 1, (3, 14): 1, (4, 5): 9, (4, 6): 1, (4, 8): 8, (4, 9): 5, (4, 10): 1, (4, 11): 1, (4, 13): 1, (4, 14): 1, (4, 16): 1, (5, 8): 1, (5, 9): 1, (5, 10): 1, (5, 12): 8, (5, 13): 11, (5, 14): 1, (5, 16): 1, (6, 12): 1, (6, 15): 1, (6, 16): 1, (7, 9): 30, (7, 15): 1, (7, 16): 1, (8, 10): 28, (9, 10): 1, (9, 12): 1, (10, 11): 1, (10, 16): 1, (11, 14): 1, (12, 13): 1, (12, 14): 16, (12, 15): 1, (12, 16): 1, (13, 14): 1, (13, 15): 13, (14, 15): 1, (15, 16): 1}",3740.9999999908905
14.0,Graph with 17 nodes and 63 edges,"[[0, 0, 0, 0, 0, 0, 0, 1, 1, 1, 1, 1, 1, 1, 1, 1, 0], [0, 0, 1, 0, 0, 0, 1, 1, 1, 1, 0, 0, 1, 0, 0, 0, 0], [0, 1, 0, 0, 1, 1, 0, 0, 0, 0, 1, 0, 1, 0, 1, 1, 1], [0, 0, 0, 0, 0, 1, 1, 1, 0, 0, 1, 0, 0, 0, 1, 0, 0], [0, 0, 1, 0, 0, 1, 1, 0, 1, 1, 1, 1, 0, 1, 1, 0, 1], [0, 0, 1, 1, 1, 0, 0, 0, 1, 1, 1, 0, 1, 1, 1, 0, 1], [0, 1, 0, 1, 1, 0, 0, 0, 0, 0, 0, 0, 1, 0, 0, 1, 1], [1, 1, 0, 1, 0, 0, 0, 0, 0, 1, 0, 0, 0, 0, 0, 1, 1], [1, 1, 0, 0, 1, 1, 0, 0, 0, 0, 1, 0, 0, 0, 0, 0, 0], [1, 1, 0, 0, 1, 1, 0, 1, 0, 0, 1, 0, 1, 0, 0, 0, 0], [1, 0, 1, 1, 1, 1, 0, 0, 1, 1, 0, 1, 0, 0, 0, 0, 1], [1, 0, 0, 0, 1, 0, 0, 0, 0, 0, 1, 0, 0, 0, 1, 0, 0], [1, 1, 1, 0, 0, 1, 1, 0, 0, 1, 0, 0, 0, 1, 1, 1, 1], [1, 0, 0, 0, 1, 1, 0, 0, 0, 0, 0, 0, 1, 0, 1, 1, 0], [1, 0, 1, 1, 1, 1, 0, 0, 0, 0, 0, 1, 1, 1, 0, 1, 0], [1, 0, 1, 0, 0, 0, 1, 1, 0, 0, 0, 0, 1, 1, 1, 0, 1], [0, 0, 1, 0, 1, 1, 1, 1, 0, 0, 1, 0, 1, 0, 0, 1, 0]]",4.0,8.0,Y,"{0: 12, 1: 132, 2: 124, 3: 116, 4: 108, 5: 100, 6: 92, 7: 84, 8: 76, 9: 68, 10: 60, 11: 4, 12: 52, 13: 44, 14: 36, 15: 28, 16: 20}","{(0, 7): 1, (0, 8): 1, (0, 9): 1, (0, 10): 1, (0, 11): 1, (0, 12): 1, (0, 13): 4, (0, 14): 1, (0, 15): 1, (1, 2): 19, (1, 6): 66, (1, 7): 22, (1, 8): 21, (1, 9): 3, (1, 12): 1, (2, 4): 99, (2, 5): 1, (2, 10): 1, (2, 12): 1, (2, 14): 1, (2, 15): 1, (2, 16): 1, (3, 5): 91, (3, 6): 22, (3, 7): 1, (3, 10): 1, (3, 14): 1, (4, 5): 1, (4, 6): 1, (4, 8): 1, (4, 9): 1, (4, 10): 1, (4, 11): 1, (4, 13): 1, (4, 14): 1, (4, 16): 1, (5, 8): 1, (5, 9): 1, (5, 10): 1, (5, 12): 1, (5, 13): 1, (5, 14): 1, (5, 16): 1, (6, 12): 1, (6, 15): 1, (6, 16): 1, (7, 9): 26, (7, 15): 21, (7, 16): 13, (8, 10): 52, (9, 10): 1, (9, 12): 35, (10, 11): 1, (10, 16): 1, (11, 14): 1, (12, 13): 9, (12, 14): 1, (12, 15): 1, (12, 16): 1, (13, 14): 28, (13, 15): 1, (14, 15): 1, (15, 16): 1}",3012.000000012449
15.0,Graph with 17 nodes and 59 edges,"[[0, 0, 1, 1, 1, 0, 0, 1, 0, 0, 1, 1, 0, 1, 0, 0, 1], [0, 0, 0, 1, 1, 0, 0, 1, 0, 0, 1, 0, 0, 0, 0, 1, 0], [1, 0, 0, 1, 0, 0, 1, 1, 1, 0, 0, 0, 0, 0, 0, 1, 1], [1, 1, 1, 0, 0, 0, 1, 1, 1, 0, 0, 1, 0, 0, 0, 0, 0], [1, 1, 0, 0, 0, 1, 0, 0, 1, 0, 1, 1, 1, 1, 0, 0, 1], [0, 0, 0, 0, 1, 0, 1, 0, 0, 0, 0, 1, 1, 0, 0, 0, 1], [0, 0, 1, 1, 0, 1, 0, 1, 1, 0, 1, 0, 1, 0, 1, 1, 1], [1, 1, 1, 1, 0, 0, 1, 0, 1, 0, 1, 0, 1, 0, 1, 1, 0], [0, 0, 1, 1, 1, 0, 1, 1, 0, 0, 0, 1, 0, 0, 0, 1, 0], [0, 0, 0, 0, 0, 0, 0, 0, 0, 0, 0, 1, 0, 0, 1, 0, 1], [1, 1, 0, 0, 1, 0, 1, 1, 0, 0, 0, 1, 0, 0, 1, 0, 1], [1, 0, 0, 1, 1, 1, 0, 0, 1, 1, 1, 0, 1, 0, 1, 0, 0], [0, 0, 0, 0, 1, 1, 1, 1, 0, 0, 0, 1, 0, 0, 0, 0, 0], [1, 0, 0, 0, 1, 0, 0, 0, 0, 0, 0, 0, 0, 0, 0, 0, 1], [0, 0, 0, 0, 0, 0, 1, 1, 0, 1, 1, 1, 0, 0, 0, 1, 1], [0, 1, 1, 0, 0, 0, 1, 1, 1, 0, 0, 0, 0, 0, 1, 0, 0], [1, 0, 1, 0, 1, 1, 1, 0, 0, 1, 1, 0, 0, 1, 1, 0, 0]]",3.0,4.0,Y,"{0: 11, 1: 7, 2: 67, 3: 63, 4: 59, 5: 55, 6: 51, 7: 47, 8: 43, 9: 3, 10: 39, 11: 35, 12: 31, 13: 27, 14: 23, 15: 19, 16: 15}","{(0, 2): 1, (0, 3): 1, (0, 4): 4, (0, 7): 1, (0, 10): 1, (0, 11): 1, (0, 13): 1, (0, 16): 1, (1, 3): 1, (1, 4): 3, (1, 7): 1, (1, 10): 1, (1, 15): 1, (2, 3): 17, (2, 6): 39, (2, 7): 1, (2, 8): 5, (2, 15): 1, (2, 16): 2, (3, 6): 1, (3, 7): 9, (3, 8): 32, (3, 11): 1, (4, 5): 22, (4, 8): 1, (4, 10): 1, (4, 11): 1, (4, 12): 1, (4, 13): 25, (4, 16): 1, (5, 6): 4, (5, 11): 1, (5, 12): 27, (5, 16): 1, (6, 7): 1, (6, 8): 1, (6, 10): 1, (6, 12): 1, (6, 14): 1, (6, 15): 1, (6, 16): 1, (7, 8): 1, (7, 10): 1, (7, 12): 1, (7, 14): 17, (7, 15): 14, (8, 11): 1, (8, 15): 1, (9, 11): 1, (9, 14): 1, (9, 16): 1, (10, 11): 27, (10, 14): 1, (10, 16): 6, (11, 12): 1, (11, 14): 1, (13, 16): 1, (14, 15): 1, (14, 16): 1}",3422.9999999979555
15.0,Graph with 17 nodes and 59 edges,"[[0, 0, 1, 1, 1, 0, 0, 1, 0, 0, 1, 1, 0, 1, 0, 0, 1], [0, 0, 0, 1, 1, 0, 0, 1, 0, 0, 1, 0, 0, 0, 0, 1, 0], [1, 0, 0, 1, 0, 0, 1, 1, 1, 0, 0, 0, 0, 0, 0, 1, 1], [1, 1, 1, 0, 0, 0, 1, 1, 1, 0, 0, 1, 0, 0, 0, 0, 0], [1, 1, 0, 0, 0, 1, 0, 0, 1, 0, 1, 1, 1, 1, 0, 0, 1], [0, 0, 0, 0, 1, 0, 1, 0, 0, 0, 0, 1, 1, 0, 0, 0, 1], [0, 0, 1, 1, 0, 1, 0, 1, 1, 0, 1, 0, 1, 0, 1, 1, 1], [1, 1, 1, 1, 0, 0, 1, 0, 1, 0, 1, 0, 1, 0, 1, 1, 0], [0, 0, 1, 1, 1, 0, 1, 1, 0, 0, 0, 1, 0, 0, 0, 1, 0], [0, 0, 0, 0, 0, 0, 0, 0, 0, 0, 0, 1, 0, 0, 1, 0, 1], [1, 1, 0, 0, 1, 0, 1, 1, 0, 0, 0, 1, 0, 0, 1, 0, 1], [1, 0, 0, 1, 1, 1, 0, 0, 1, 1, 1, 0, 1, 0, 1, 0, 0], [0, 0, 0, 0, 1, 1, 1, 1, 0, 0, 0, 1, 0, 0, 0, 0, 0], [1, 0, 0, 0, 1, 0, 0, 0, 0, 0, 0, 0, 0, 0, 0, 0, 1], [0, 0, 0, 0, 0, 0, 1, 1, 0, 1, 1, 1, 0, 0, 0, 1, 1], [0, 1, 1, 0, 0, 0, 1, 1, 1, 0, 0, 0, 0, 0, 1, 0, 0], [1, 0, 1, 0, 1, 1, 1, 0, 0, 1, 1, 0, 0, 1, 1, 0, 0]]",3.0,8.0,Y,"{0: 11, 1: 131, 2: 123, 3: 115, 4: 107, 5: 99, 6: 91, 7: 83, 8: 75, 9: 3, 10: 67, 11: 59, 12: 51, 13: 43, 14: 35, 15: 27, 16: 19}","{(0, 2): 1, (0, 3): 1, (0, 4): 1, (0, 7): 3, (0, 10): 1, (0, 11): 1, (0, 13): 1, (0, 16): 1, (1, 3): 107, (1, 4): 21, (1, 7): 1, (1, 10): 1, (1, 15): 1, (2, 3): 1, (2, 6): 70, (2, 7): 1, (2, 8): 47, (2, 15): 1, (2, 16): 1, (3, 6): 3, (3, 7): 1, (3, 8): 1, (3, 11): 1, (4, 5): 49, (4, 8): 1, (4, 10): 1, (4, 11): 1, (4, 12): 1, (4, 13): 31, (4, 16): 1, (5, 6): 1, (5, 11): 1, (5, 12): 47, (5, 16): 1, (6, 7): 1, (6, 8): 1, (6, 10): 10, (6, 12): 1, (6, 14): 1, (6, 15): 1, (6, 16): 1, (7, 8): 1, (7, 10): 50, (7, 12): 1, (7, 14): 1, (7, 15): 22, (8, 11): 22, (8, 15): 1, (9, 11): 1, (9, 14): 1, (9, 16): 1, (10, 11): 1, (10, 14): 1, (10, 16): 1, (11, 12): 1, (11, 14): 29, (13, 16): 11, (14, 15): 1, (14, 16): 1}",3105.0000000050204
15.0,Graph with 17 nodes and 59 edges,"[[0, 0, 1, 1, 1, 0, 0, 1, 0, 0, 1, 1, 0, 1, 0, 0, 1], [0, 0, 0, 1, 1, 0, 0, 1, 0, 0, 1, 0, 0, 0, 0, 1, 0], [1, 0, 0, 1, 0, 0, 1, 1, 1, 0, 0, 0, 0, 0, 0, 1, 1], [1, 1, 1, 0, 0, 0, 1, 1, 1, 0, 0, 1, 0, 0, 0, 0, 0], [1, 1, 0, 0, 0, 1, 0, 0, 1, 0, 1, 1, 1, 1, 0, 0, 1], [0, 0, 0, 0, 1, 0, 1, 0, 0, 0, 0, 1, 1, 0, 0, 0, 1], [0, 0, 1, 1, 0, 1, 0, 1, 1, 0, 1, 0, 1, 0, 1, 1, 1], [1, 1, 1, 1, 0, 0, 1, 0, 1, 0, 1, 0, 1, 0, 1, 1, 0], [0, 0, 1, 1, 1, 0, 1, 1, 0, 0, 0, 1, 0, 0, 0, 1, 0], [0, 0, 0, 0, 0, 0, 0, 0, 0, 0, 0, 1, 0, 0, 1, 0, 1], [1, 1, 0, 0, 1, 0, 1, 1, 0, 0, 0, 1, 0, 0, 1, 0, 1], [1, 0, 0, 1, 1, 1, 0, 0, 1, 1, 1, 0, 1, 0, 1, 0, 0], [0, 0, 0, 0, 1, 1, 1, 1, 0, 0, 0, 1, 0, 0, 0, 0, 0], [1, 0, 0, 0, 1, 0, 0, 0, 0, 0, 0, 0, 0, 0, 0, 0, 1], [0, 0, 0, 0, 0, 0, 1, 1, 0, 1, 1, 1, 0, 0, 0, 1, 1], [0, 1, 1, 0, 0, 0, 1, 1, 1, 0, 0, 0, 0, 0, 1, 0, 0], [1, 0, 1, 0, 1, 1, 1, 0, 0, 1, 1, 0, 0, 1, 1, 0, 0]]",4.0,1.0,Y,"{0: 14, 1: 7, 2: 11, 3: 10, 4: 16, 5: 6, 6: 20, 7: 19, 8: 12, 9: 4, 10: 15, 11: 18, 12: 8, 13: 5, 14: 13, 15: 9, 16: 17}","{(0, 2): 1, (0, 3): 1, (0, 4): 1, (0, 7): 7, (0, 10): 1, (0, 11): 1, (0, 13): 1, (0, 16): 1, (1, 3): 1, (1, 4): 1, (1, 7): 1, (1, 10): 1, (1, 15): 3, (2, 3): 1, (2, 6): 5, (2, 7): 1, (2, 8): 1, (2, 15): 1, (2, 16): 1, (3, 6): 4, (3, 7): 1, (3, 8): 1, (3, 11): 1, (4, 5): 2, (4, 8): 4, (4, 10): 1, (4, 11): 1, (4, 12): 4, (4, 13): 1, (4, 16): 1, (5, 6): 1, (5, 11): 1, (5, 12): 1, (5, 16): 1, (6, 7): 3, (6, 8): 1, (6, 10): 1, (6, 12): 1, (6, 14): 1, (6, 15): 2, (6, 16): 1, (7, 8): 2, (7, 10): 1, (7, 12): 1, (7, 14): 1, (7, 15): 1, (8, 11): 2, (8, 15): 1, (9, 11): 2, (9, 14): 1, (9, 16): 1, (10, 11): 2, (10, 14): 1, (10, 16): 7, (11, 12): 1, (11, 14): 7, (13, 16): 3, (14, 15): 1, (14, 16): 1}",3248.999999982516
15.0,Graph with 17 nodes and 59 edges,"[[0, 0, 1, 1, 1, 0, 0, 1, 0, 0, 1, 1, 0, 1, 0, 0, 1], [0, 0, 0, 1, 1, 0, 0, 1, 0, 0, 1, 0, 0, 0, 0, 1, 0], [1, 0, 0, 1, 0, 0, 1, 1, 1, 0, 0, 0, 0, 0, 0, 1, 1], [1, 1, 1, 0, 0, 0, 1, 1, 1, 0, 0, 1, 0, 0, 0, 0, 0], [1, 1, 0, 0, 0, 1, 0, 0, 1, 0, 1, 1, 1, 1, 0, 0, 1], [0, 0, 0, 0, 1, 0, 1, 0, 0, 0, 0, 1, 1, 0, 0, 0, 1], [0, 0, 1, 1, 0, 1, 0, 1, 1, 0, 1, 0, 1, 0, 1, 1, 1], [1, 1, 1, 1, 0, 0, 1, 0, 1, 0, 1, 0, 1, 0, 1, 1, 0], [0, 0, 1, 1, 1, 0, 1, 1, 0, 0, 0, 1, 0, 0, 0, 1, 0], [0, 0, 0, 0, 0, 0, 0, 0, 0, 0, 0, 1, 0, 0, 1, 0, 1], [1, 1, 0, 0, 1, 0, 1, 1, 0, 0, 0, 1, 0, 0, 1, 0, 1], [1, 0, 0, 1, 1, 1, 0, 0, 1, 1, 1, 0, 1, 0, 1, 0, 0], [0, 0, 0, 0, 1, 1, 1, 1, 0, 0, 0, 1, 0, 0, 0, 0, 0], [1, 0, 0, 0, 1, 0, 0, 0, 0, 0, 0, 0, 0, 0, 0, 0, 1], [0, 0, 0, 0, 0, 0, 1, 1, 0, 1, 1, 1, 0, 0, 0, 1, 1], [0, 1, 1, 0, 0, 0, 1, 1, 1, 0, 0, 0, 0, 0, 1, 0, 0], [1, 0, 1, 0, 1, 1, 1, 0, 0, 1, 1, 0, 0, 1, 1, 0, 0]]",4.0,3.0,Y,"{0: 10, 1: 7, 2: 52, 3: 49, 4: 46, 5: 43, 6: 40, 7: 37, 8: 34, 9: 4, 10: 31, 11: 28, 12: 25, 13: 22, 14: 19, 15: 16, 16: 13}","{(0, 2): 1, (0, 3): 1, (0, 4): 3, (0, 7): 1, (0, 10): 1, (0, 11): 1, (0, 13): 1, (0, 16): 1, (1, 3): 1, (1, 4): 3, (1, 7): 1, (1, 10): 1, (1, 15): 1, (2, 3): 15, (2, 6): 27, (2, 7): 1, (2, 8): 6, (2, 15): 1, (2, 16): 1, (3, 6): 1, (3, 7): 7, (3, 8): 23, (3, 11): 1, (4, 5): 15, (4, 8): 1, (4, 10): 1, (4, 11): 1, (4, 12): 1, (4, 13): 20, (4, 16): 1, (5, 6): 5, (5, 11): 1, (5, 12): 21, (5, 16): 1, (6, 7): 1, (6, 8): 1, (6, 10): 1, (6, 12): 1, (6, 14): 1, (6, 15): 1, (6, 16): 1, (7, 8): 1, (7, 10): 1, (7, 12): 1, (7, 14): 12, (7, 15): 11, (8, 11): 1, (8, 15): 1, (9, 11): 1, (9, 14): 2, (9, 16): 1, (10, 11): 20, (10, 14): 1, (10, 16): 5, (11, 12): 1, (11, 14): 1, (13, 16): 1, (14, 15): 1, (14, 16): 1}",3057.000000012522
15.0,Graph with 17 nodes and 59 edges,"[[0, 0, 1, 1, 1, 0, 0, 1, 0, 0, 1, 1, 0, 1, 0, 0, 1], [0, 0, 0, 1, 1, 0, 0, 1, 0, 0, 1, 0, 0, 0, 0, 1, 0], [1, 0, 0, 1, 0, 0, 1, 1, 1, 0, 0, 0, 0, 0, 0, 1, 1], [1, 1, 1, 0, 0, 0, 1, 1, 1, 0, 0, 1, 0, 0, 0, 0, 0], [1, 1, 0, 0, 0, 1, 0, 0, 1, 0, 1, 1, 1, 1, 0, 0, 1], [0, 0, 0, 0, 1, 0, 1, 0, 0, 0, 0, 1, 1, 0, 0, 0, 1], [0, 0, 1, 1, 0, 1, 0, 1, 1, 0, 1, 0, 1, 0, 1, 1, 1], [1, 1, 1, 1, 0, 0, 1, 0, 1, 0, 1, 0, 1, 0, 1, 1, 0], [0, 0, 1, 1, 1, 0, 1, 1, 0, 0, 0, 1, 0, 0, 0, 1, 0], [0, 0, 0, 0, 0, 0, 0, 0, 0, 0, 0, 1, 0, 0, 1, 0, 1], [1, 1, 0, 0, 1, 0, 1, 1, 0, 0, 0, 1, 0, 0, 1, 0, 1], [1, 0, 0, 1, 1, 1, 0, 0, 1, 1, 1, 0, 1, 0, 1, 0, 0], [0, 0, 0, 0, 1, 1, 1, 1, 0, 0, 0, 1, 0, 0, 0, 0, 0], [1, 0, 0, 0, 1, 0, 0, 0, 0, 0, 0, 0, 0, 0, 0, 0, 1], [0, 0, 0, 0, 0, 0, 1, 1, 0, 1, 1, 1, 0, 0, 0, 1, 1], [0, 1, 1, 0, 0, 0, 1, 1, 1, 0, 0, 0, 0, 0, 1, 0, 0], [1, 0, 1, 0, 1, 1, 1, 0, 0, 1, 1, 0, 0, 1, 1, 0, 0]]",4.0,6.0,Y,"{0: 10, 1: 100, 2: 94, 3: 88, 4: 82, 5: 76, 6: 70, 7: 64, 8: 58, 9: 4, 10: 52, 11: 46, 12: 40, 13: 34, 14: 28, 15: 22, 16: 16}","{(0, 2): 1, (0, 3): 1, (0, 4): 1, (0, 7): 2, (0, 10): 1, (0, 11): 1, (0, 13): 2, (0, 16): 1, (1, 3): 82, (1, 4): 15, (1, 7): 1, (1, 10): 1, (1, 15): 1, (2, 3): 1, (2, 6): 53, (2, 7): 1, (2, 8): 36, (2, 15): 1, (2, 16): 1, (3, 6): 1, (3, 7): 1, (3, 8): 1, (3, 11): 1, (4, 5): 37, (4, 8): 1, (4, 10): 1, (4, 11): 1, (4, 12): 1, (4, 13): 24, (4, 16): 1, (5, 6): 1, (5, 11): 1, (5, 12): 36, (5, 16): 1, (6, 7): 1, (6, 8): 2, (6, 10): 8, (6, 12): 1, (6, 14): 1, (6, 15): 1, (6, 16): 1, (7, 8): 1, (7, 10): 38, (7, 12): 1, (7, 14): 1, (7, 15): 17, (8, 11): 16, (8, 15): 1, (9, 11): 2, (9, 14): 1, (9, 16): 1, (10, 11): 1, (10, 14): 1, (10, 16): 1, (11, 12): 1, (11, 14): 22, (13, 16): 8, (14, 15): 1, (14, 16): 1}",3338.0000000420296
15.0,Graph with 17 nodes and 59 edges,"[[0, 0, 1, 1, 1, 0, 0, 1, 0, 0, 1, 1, 0, 1, 0, 0, 1], [0, 0, 0, 1, 1, 0, 0, 1, 0, 0, 1, 0, 0, 0, 0, 1, 0], [1, 0, 0, 1, 0, 0, 1, 1, 1, 0, 0, 0, 0, 0, 0, 1, 1], [1, 1, 1, 0, 0, 0, 1, 1, 1, 0, 0, 1, 0, 0, 0, 0, 0], [1, 1, 0, 0, 0, 1, 0, 0, 1, 0, 1, 1, 1, 1, 0, 0, 1], [0, 0, 0, 0, 1, 0, 1, 0, 0, 0, 0, 1, 1, 0, 0, 0, 1], [0, 0, 1, 1, 0, 1, 0, 1, 1, 0, 1, 0, 1, 0, 1, 1, 1], [1, 1, 1, 1, 0, 0, 1, 0, 1, 0, 1, 0, 1, 0, 1, 1, 0], [0, 0, 1, 1, 1, 0, 1, 1, 0, 0, 0, 1, 0, 0, 0, 1, 0], [0, 0, 0, 0, 0, 0, 0, 0, 0, 0, 0, 1, 0, 0, 1, 0, 1], [1, 1, 0, 0, 1, 0, 1, 1, 0, 0, 0, 1, 0, 0, 1, 0, 1], [1, 0, 0, 1, 1, 1, 0, 0, 1, 1, 1, 0, 1, 0, 1, 0, 0], [0, 0, 0, 0, 1, 1, 1, 1, 0, 0, 0, 1, 0, 0, 0, 0, 0], [1, 0, 0, 0, 1, 0, 0, 0, 0, 0, 0, 0, 0, 0, 0, 0, 1], [0, 0, 0, 0, 0, 0, 1, 1, 0, 1, 1, 1, 0, 0, 0, 1, 1], [0, 1, 1, 0, 0, 0, 1, 1, 1, 0, 0, 0, 0, 0, 1, 0, 0], [1, 0, 1, 0, 1, 1, 1, 0, 0, 1, 1, 0, 0, 1, 1, 0, 0]]",4.0,7.0,Y,"{0: 11, 1: 116, 2: 109, 3: 102, 4: 95, 5: 88, 6: 81, 7: 74, 8: 67, 9: 4, 10: 60, 11: 53, 12: 46, 13: 39, 14: 32, 15: 25, 16: 18}","{(0, 2): 1, (0, 3): 1, (0, 4): 1, (0, 7): 4, (0, 10): 1, (0, 11): 1, (0, 13): 1, (0, 16): 1, (1, 3): 95, (1, 4): 18, (1, 7): 1, (1, 10): 1, (1, 15): 1, (2, 3): 1, (2, 6): 61, (2, 7): 1, (2, 8): 43, (2, 15): 1, (2, 16): 1, (3, 6): 2, (3, 7): 1, (3, 8): 1, (3, 11): 1, (4, 5): 43, (4, 8): 1, (4, 10): 1, (4, 11): 1, (4, 12): 1, (4, 13): 28, (4, 16): 1, (5, 6): 1, (5, 11): 1, (5, 12): 42, (5, 16): 1, (6, 7): 1, (6, 8): 1, (6, 10): 11, (6, 12): 1, (6, 14): 1, (6, 15): 1, (6, 16): 1, (7, 8): 1, (7, 10): 43, (7, 12): 1, (7, 14): 1, (7, 15): 20, (8, 11): 19, (8, 15): 1, (9, 11): 2, (9, 14): 1, (9, 16): 1, (10, 11): 1, (10, 14): 1, (10, 16): 1, (11, 12): 1, (11, 14): 26, (13, 16): 10, (14, 15): 1, (14, 16): 1}",3240.0000000052387
15.0,Graph with 17 nodes and 59 edges,"[[0, 0, 1, 1, 1, 0, 0, 1, 0, 0, 1, 1, 0, 1, 0, 0, 1], [0, 0, 0, 1, 1, 0, 0, 1, 0, 0, 1, 0, 0, 0, 0, 1, 0], [1, 0, 0, 1, 0, 0, 1, 1, 1, 0, 0, 0, 0, 0, 0, 1, 1], [1, 1, 1, 0, 0, 0, 1, 1, 1, 0, 0, 1, 0, 0, 0, 0, 0], [1, 1, 0, 0, 0, 1, 0, 0, 1, 0, 1, 1, 1, 1, 0, 0, 1], [0, 0, 0, 0, 1, 0, 1, 0, 0, 0, 0, 1, 1, 0, 0, 0, 1], [0, 0, 1, 1, 0, 1, 0, 1, 1, 0, 1, 0, 1, 0, 1, 1, 1], [1, 1, 1, 1, 0, 0, 1, 0, 1, 0, 1, 0, 1, 0, 1, 1, 0], [0, 0, 1, 1, 1, 0, 1, 1, 0, 0, 0, 1, 0, 0, 0, 1, 0], [0, 0, 0, 0, 0, 0, 0, 0, 0, 0, 0, 1, 0, 0, 1, 0, 1], [1, 1, 0, 0, 1, 0, 1, 1, 0, 0, 0, 1, 0, 0, 1, 0, 1], [1, 0, 0, 1, 1, 1, 0, 0, 1, 1, 1, 0, 1, 0, 1, 0, 0], [0, 0, 0, 0, 1, 1, 1, 1, 0, 0, 0, 1, 0, 0, 0, 0, 0], [1, 0, 0, 0, 1, 0, 0, 0, 0, 0, 0, 0, 0, 0, 0, 0, 1], [0, 0, 0, 0, 0, 0, 1, 1, 0, 1, 1, 1, 0, 0, 0, 1, 1], [0, 1, 1, 0, 0, 0, 1, 1, 1, 0, 0, 0, 0, 0, 1, 0, 0], [1, 0, 1, 0, 1, 1, 1, 0, 0, 1, 1, 0, 0, 1, 1, 0, 0]]",4.0,8.0,Y,"{0: 12, 1: 132, 2: 124, 3: 116, 4: 108, 5: 100, 6: 92, 7: 84, 8: 76, 9: 4, 10: 68, 11: 60, 12: 52, 13: 44, 14: 36, 15: 28, 16: 20}","{(0, 2): 1, (0, 3): 1, (0, 4): 1, (0, 7): 1, (0, 10): 1, (0, 11): 1, (0, 13): 5, (0, 16): 1, (1, 3): 82, (1, 4): 1, (1, 7): 21, (1, 10): 27, (1, 15): 1, (2, 3): 1, (2, 6): 49, (2, 7): 1, (2, 8): 70, (2, 15): 1, (2, 16): 1, (3, 6): 1, (3, 7): 29, (3, 8): 1, (3, 11): 1, (4, 5): 74, (4, 8): 1, (4, 10): 1, (4, 11): 1, (4, 12): 1, (4, 13): 27, (4, 16): 1, (5, 6): 1, (5, 11): 1, (5, 12): 23, (5, 16): 1, (6, 7): 1, (6, 8): 1, (6, 10): 35, (6, 12): 1, (6, 14): 1, (6, 15): 1, (6, 16): 1, (7, 8): 1, (7, 10): 1, (7, 12): 1, (7, 14): 5, (7, 15): 23, (8, 11): 1, (8, 15): 1, (9, 11): 2, (9, 14): 1, (9, 16): 1, (10, 11): 1, (10, 14): 1, (10, 16): 1, (11, 12): 26, (11, 14): 26, (13, 16): 12, (14, 15): 1, (14, 16): 1}",3391.0000000219043
16.0,Graph with 17 nodes and 61 edges,"[[0, 1, 1, 0, 0, 0, 0, 1, 0, 0, 0, 0, 1, 0, 0, 0, 0], [1, 0, 0, 0, 1, 0, 0, 0, 0, 1, 0, 1, 0, 0, 0, 0, 0], [1, 0, 0, 1, 1, 0, 1, 0, 1, 1, 0, 1, 1, 0, 0, 0, 1], [0, 0, 1, 0, 1, 0, 1, 0, 1, 1, 1, 0, 0, 1, 1, 0, 0], [0, 1, 1, 1, 0, 1, 0, 1, 1, 0, 1, 1, 0, 1, 1, 1, 0], [0, 0, 0, 0, 1, 0, 1, 0, 0, 0, 0, 1, 0, 0, 0, 0, 1], [0, 0, 1, 1, 0, 1, 0, 0, 1, 0, 1, 0, 0, 0, 1, 0, 1], [1, 0, 0, 0, 1, 0, 0, 0, 0, 1, 0, 0, 1, 1, 1, 1, 0], [0, 0, 1, 1, 1, 0, 1, 0, 0, 1, 1, 1, 1, 1, 0, 0, 1], [0, 1, 1, 1, 0, 0, 0, 1, 1, 0, 1, 1, 1, 0, 1, 1, 0], [0, 0, 0, 1, 1, 0, 1, 0, 1, 1, 0, 0, 1, 0, 1, 0, 0], [0, 1, 1, 0, 1, 1, 0, 0, 1, 1, 0, 0, 1, 1, 0, 0, 0], [1, 0, 1, 0, 0, 0, 0, 1, 1, 1, 1, 1, 0, 1, 0, 0, 0], [0, 0, 0, 1, 1, 0, 0, 1, 1, 0, 0, 1, 1, 0, 1, 0, 1], [0, 0, 0, 1, 1, 0, 1, 1, 0, 1, 1, 0, 0, 1, 0, 0, 1], [0, 0, 0, 0, 1, 0, 0, 1, 0, 1, 0, 0, 0, 0, 0, 0, 0], [0, 0, 1, 0, 0, 1, 1, 0, 1, 0, 0, 0, 0, 1, 1, 0, 0]]",3.0,6.0,Y,"{0: 63, 1: 75, 2: 9, 3: 33, 4: 99, 5: 69, 6: 39, 7: 51, 8: 93, 9: 87, 10: 57, 11: 15, 12: 45, 13: 21, 14: 27, 15: 3, 16: 81}","{(0, 1): 1, (0, 2): 1, (0, 7): 23, (0, 12): 38, (1, 4): 72, (1, 9): 1, (1, 11): 1, (2, 3): 1, (2, 4): 1, (2, 6): 1, (2, 8): 1, (2, 9): 1, (2, 11): 1, (2, 12): 1, (2, 16): 1, (3, 4): 1, (3, 6): 1, (3, 8): 1, (3, 9): 1, (3, 10): 26, (3, 13): 1, (3, 14): 1, (4, 5): 1, (4, 7): 1, (4, 8): 1, (4, 10): 14, (4, 11): 1, (4, 13): 4, (4, 14): 1, (4, 15): 1, (5, 6): 21, (5, 11): 1, (5, 16): 45, (6, 8): 1, (6, 10): 12, (6, 14): 1, (6, 16): 1, (7, 9): 23, (7, 12): 1, (7, 13): 1, (7, 14): 1, (7, 15): 1, (8, 9): 56, (8, 10): 1, (8, 11): 8, (8, 12): 1, (8, 13): 10, (8, 16): 12, (9, 10): 1, (9, 11): 1, (9, 12): 1, (9, 14): 1, (9, 15): 1, (10, 12): 1, (10, 14): 1, (11, 12): 1, (11, 13): 1, (12, 13): 1, (13, 14): 1, (13, 16): 1, (14, 16): 20}",3574.000000014621
16.0,Graph with 17 nodes and 61 edges,"[[0, 1, 1, 0, 0, 0, 0, 1, 0, 0, 0, 0, 1, 0, 0, 0, 0], [1, 0, 0, 0, 1, 0, 0, 0, 0, 1, 0, 1, 0, 0, 0, 0, 0], [1, 0, 0, 1, 1, 0, 1, 0, 1, 1, 0, 1, 1, 0, 0, 0, 1], [0, 0, 1, 0, 1, 0, 1, 0, 1, 1, 1, 0, 0, 1, 1, 0, 0], [0, 1, 1, 1, 0, 1, 0, 1, 1, 0, 1, 1, 0, 1, 1, 1, 0], [0, 0, 0, 0, 1, 0, 1, 0, 0, 0, 0, 1, 0, 0, 0, 0, 1], [0, 0, 1, 1, 0, 1, 0, 0, 1, 0, 1, 0, 0, 0, 1, 0, 1], [1, 0, 0, 0, 1, 0, 0, 0, 0, 1, 0, 0, 1, 1, 1, 1, 0], [0, 0, 1, 1, 1, 0, 1, 0, 0, 1, 1, 1, 1, 1, 0, 0, 1], [0, 1, 1, 1, 0, 0, 0, 1, 1, 0, 1, 1, 1, 0, 1, 1, 0], [0, 0, 0, 1, 1, 0, 1, 0, 1, 1, 0, 0, 1, 0, 1, 0, 0], [0, 1, 1, 0, 1, 1, 0, 0, 1, 1, 0, 0, 1, 1, 0, 0, 0], [1, 0, 1, 0, 0, 0, 0, 1, 1, 1, 1, 1, 0, 1, 0, 0, 0], [0, 0, 0, 1, 1, 0, 0, 1, 1, 0, 0, 1, 1, 0, 1, 0, 1], [0, 0, 0, 1, 1, 0, 1, 1, 0, 1, 1, 0, 0, 1, 0, 0, 1], [0, 0, 0, 0, 1, 0, 0, 1, 0, 1, 0, 0, 0, 0, 0, 0, 0], [0, 0, 1, 0, 0, 1, 1, 0, 1, 0, 0, 0, 0, 1, 1, 0, 0]]",3.0,8.0,Y,"{0: 11, 1: 131, 2: 123, 3: 115, 4: 107, 5: 99, 6: 91, 7: 83, 8: 75, 9: 67, 10: 59, 11: 51, 12: 43, 13: 35, 14: 27, 15: 3, 16: 19}","{(0, 1): 1, (0, 2): 1, (0, 7): 8, (0, 12): 1, (1, 4): 28, (1, 9): 58, (1, 11): 44, (2, 3): 44, (2, 4): 1, (2, 6): 39, (2, 8): 33, (2, 9): 1, (2, 11): 1, (2, 12): 1, (2, 16): 1, (3, 4): 1, (3, 6): 1, (3, 8): 1, (3, 9): 1, (3, 10): 53, (3, 13): 13, (3, 14): 1, (4, 5): 70, (4, 7): 1, (4, 8): 1, (4, 10): 1, (4, 11): 1, (4, 13): 1, (4, 14): 1, (4, 15): 1, (5, 6): 27, (5, 11): 1, (5, 16): 1, (6, 8): 20, (6, 10): 1, (6, 14): 1, (6, 16): 1, (7, 9): 1, (7, 12): 36, (7, 13): 16, (7, 14): 20, (7, 15): 1, (8, 9): 1, (8, 10): 1, (8, 11): 1, (8, 12): 1, (8, 13): 1, (8, 16): 14, (9, 10): 1, (9, 11): 1, (9, 12): 1, (9, 14): 1, (9, 15): 1, (10, 12): 1, (10, 14): 1, (11, 12): 1, (11, 13): 1, (12, 13): 1, (13, 14): 1, (13, 16): 1, (14, 16): 1}",3204.9999999799184
16.0,Graph with 17 nodes and 61 edges,"[[0, 1, 1, 0, 0, 0, 0, 1, 0, 0, 0, 0, 1, 0, 0, 0, 0], [1, 0, 0, 0, 1, 0, 0, 0, 0, 1, 0, 1, 0, 0, 0, 0, 0], [1, 0, 0, 1, 1, 0, 1, 0, 1, 1, 0, 1, 1, 0, 0, 0, 1], [0, 0, 1, 0, 1, 0, 1, 0, 1, 1, 1, 0, 0, 1, 1, 0, 0], [0, 1, 1, 1, 0, 1, 0, 1, 1, 0, 1, 1, 0, 1, 1, 1, 0], [0, 0, 0, 0, 1, 0, 1, 0, 0, 0, 0, 1, 0, 0, 0, 0, 1], [0, 0, 1, 1, 0, 1, 0, 0, 1, 0, 1, 0, 0, 0, 1, 0, 1], [1, 0, 0, 0, 1, 0, 0, 0, 0, 1, 0, 0, 1, 1, 1, 1, 0], [0, 0, 1, 1, 1, 0, 1, 0, 0, 1, 1, 1, 1, 1, 0, 0, 1], [0, 1, 1, 1, 0, 0, 0, 1, 1, 0, 1, 1, 1, 0, 1, 1, 0], [0, 0, 0, 1, 1, 0, 1, 0, 1, 1, 0, 0, 1, 0, 1, 0, 0], [0, 1, 1, 0, 1, 1, 0, 0, 1, 1, 0, 0, 1, 1, 0, 0, 0], [1, 0, 1, 0, 0, 0, 0, 1, 1, 1, 1, 1, 0, 1, 0, 0, 0], [0, 0, 0, 1, 1, 0, 0, 1, 1, 0, 0, 1, 1, 0, 1, 0, 1], [0, 0, 0, 1, 1, 0, 1, 1, 0, 1, 1, 0, 0, 1, 0, 0, 1], [0, 0, 0, 0, 1, 0, 0, 1, 0, 1, 0, 0, 0, 0, 0, 0, 0], [0, 0, 1, 0, 0, 1, 1, 0, 1, 0, 0, 0, 0, 1, 1, 0, 0]]",4.0,8.0,Y,"{0: 4, 1: 132, 2: 12, 3: 124, 4: 116, 5: 108, 6: 100, 7: 92, 8: 84, 9: 76, 10: 68, 11: 60, 12: 52, 13: 44, 14: 36, 15: 28, 16: 20}","{(0, 1): 1, (0, 2): 1, (0, 7): 1, (0, 12): 1, (1, 4): 11, (1, 9): 67, (1, 11): 53, (2, 3): 1, (2, 4): 1, (2, 6): 4, (2, 8): 1, (2, 9): 1, (2, 11): 1, (2, 12): 1, (2, 16): 1, (3, 4): 1, (3, 6): 8, (3, 8): 1, (3, 9): 1, (3, 10): 62, (3, 13): 37, (3, 14): 13, (4, 5): 96, (4, 7): 1, (4, 8): 1, (4, 10): 1, (4, 11): 1, (4, 13): 1, (4, 14): 1, (4, 15): 1, (5, 6): 10, (5, 11): 1, (5, 16): 1, (6, 8): 68, (6, 10): 1, (6, 14): 1, (6, 16): 8, (7, 9): 1, (7, 12): 45, (7, 13): 1, (7, 14): 17, (7, 15): 26, (8, 9): 1, (8, 10): 1, (8, 11): 1, (8, 12): 1, (8, 13): 1, (8, 16): 8, (9, 10): 1, (9, 11): 1, (9, 12): 1, (9, 14): 1, (9, 15): 1, (10, 12): 1, (10, 14): 1, (11, 12): 1, (11, 13): 1, (12, 13): 1, (13, 14): 1, (13, 16): 1, (14, 16): 1}",3136.0000000404398
17.0,Graph with 17 nodes and 63 edges,"[[0, 0, 0, 0, 1, 1, 0, 0, 0, 1, 0, 1, 0, 0, 0, 0, 0], [0, 0, 1, 0, 1, 1, 1, 0, 0, 1, 0, 0, 1, 1, 0, 1, 1], [0, 1, 0, 0, 1, 0, 1, 1, 0, 1, 1, 0, 1, 1, 0, 1, 1], [0, 0, 0, 0, 0, 0, 0, 1, 1, 0, 0, 1, 0, 0, 1, 0, 0], [1, 1, 1, 0, 0, 1, 0, 0, 1, 1, 1, 1, 1, 0, 1, 1, 0], [1, 1, 0, 0, 1, 0, 0, 0, 0, 0, 0, 0, 1, 1, 1, 1, 1], [0, 1, 1, 0, 0, 0, 0, 0, 0, 1, 0, 1, 0, 0, 1, 0, 0], [0, 0, 1, 1, 0, 0, 0, 0, 0, 0, 0, 0, 1, 0, 0, 0, 0], [0, 0, 0, 1, 1, 0, 0, 0, 0, 0, 1, 1, 1, 1, 0, 0, 0], [1, 1, 1, 0, 1, 0, 1, 0, 0, 0, 0, 0, 1, 1, 0, 1, 0], [0, 0, 1, 0, 1, 0, 0, 0, 1, 0, 0, 0, 1, 1, 0, 1, 1], [1, 0, 0, 1, 1, 0, 1, 0, 1, 0, 0, 0, 1, 1, 0, 1, 0], [0, 1, 1, 0, 1, 1, 0, 1, 1, 1, 1, 1, 0, 1, 1, 1, 0], [0, 1, 1, 0, 0, 1, 0, 0, 1, 1, 1, 1, 1, 0, 1, 0, 1], [0, 0, 0, 1, 1, 1, 1, 0, 0, 0, 0, 0, 1, 1, 0, 0, 0], [0, 1, 1, 0, 1, 1, 0, 0, 0, 1, 1, 1, 1, 0, 0, 0, 1], [0, 1, 1, 0, 0, 1, 0, 0, 0, 0, 1, 0, 0, 1, 0, 1, 0]]",3.0,1.0,Y,"{0: 5, 1: 15, 2: 16, 3: 4, 4: 18, 5: 13, 6: 6, 7: 3, 8: 8, 9: 12, 10: 10, 11: 11, 12: 19, 13: 17, 14: 9, 15: 14, 16: 7}","{(0, 4): 2, (0, 5): 1, (0, 9): 1, (0, 11): 1, (1, 2): 1, (1, 4): 1, (1, 5): 1, (1, 6): 1, (1, 9): 1, (1, 12): 7, (1, 13): 1, (1, 15): 1, (1, 16): 1, (2, 4): 1, (2, 6): 2, (2, 7): 1, (2, 9): 1, (2, 10): 4, (2, 12): 2, (2, 13): 2, (2, 15): 1, (2, 16): 1, (3, 7): 1, (3, 8): 1, (3, 11): 1, (3, 14): 1, (4, 5): 1, (4, 8): 3, (4, 9): 1, (4, 10): 1, (4, 11): 4, (4, 12): 1, (4, 14): 1, (4, 15): 1, (5, 12): 1, (5, 13): 1, (5, 14): 1, (5, 15): 5, (5, 16): 2, (6, 9): 1, (6, 11): 1, (6, 14): 1, (7, 12): 1, (8, 10): 1, (8, 11): 1, (8, 12): 1, (8, 13): 1, (9, 12): 1, (9, 13): 4, (9, 15): 1, (10, 12): 1, (10, 13): 1, (10, 15): 1, (10, 16): 1, (11, 12): 1, (11, 13): 1, (11, 15): 1, (12, 13): 1, (12, 14): 1, (12, 15): 1, (13, 14): 3, (13, 16): 1, (15, 16): 1}",3056.0000000150467
17.0,Graph with 17 nodes and 63 edges,"[[0, 0, 0, 0, 1, 1, 0, 0, 0, 1, 0, 1, 0, 0, 0, 0, 0], [0, 0, 1, 0, 1, 1, 1, 0, 0, 1, 0, 0, 1, 1, 0, 1, 1], [0, 1, 0, 0, 1, 0, 1, 1, 0, 1, 1, 0, 1, 1, 0, 1, 1], [0, 0, 0, 0, 0, 0, 0, 1, 1, 0, 0, 1, 0, 0, 1, 0, 0], [1, 1, 1, 0, 0, 1, 0, 0, 1, 1, 1, 1, 1, 0, 1, 1, 0], [1, 1, 0, 0, 1, 0, 0, 0, 0, 0, 0, 0, 1, 1, 1, 1, 1], [0, 1, 1, 0, 0, 0, 0, 0, 0, 1, 0, 1, 0, 0, 1, 0, 0], [0, 0, 1, 1, 0, 0, 0, 0, 0, 0, 0, 0, 1, 0, 0, 0, 0], [0, 0, 0, 1, 1, 0, 0, 0, 0, 0, 1, 1, 1, 1, 0, 0, 0], [1, 1, 1, 0, 1, 0, 1, 0, 0, 0, 0, 0, 1, 1, 0, 1, 0], [0, 0, 1, 0, 1, 0, 0, 0, 1, 0, 0, 0, 1, 1, 0, 1, 1], [1, 0, 0, 1, 1, 0, 1, 0, 1, 0, 0, 0, 1, 1, 0, 1, 0], [0, 1, 1, 0, 1, 1, 0, 1, 1, 1, 1, 1, 0, 1, 1, 1, 0], [0, 1, 1, 0, 0, 1, 0, 0, 1, 1, 1, 1, 1, 0, 1, 0, 1], [0, 0, 0, 1, 1, 1, 1, 0, 0, 0, 0, 0, 1, 1, 0, 0, 0], [0, 1, 1, 0, 1, 1, 0, 0, 0, 1, 1, 1, 1, 0, 0, 0, 1], [0, 1, 1, 0, 0, 1, 0, 0, 0, 0, 1, 0, 0, 1, 0, 1, 0]]",3.0,6.0,Y,"{0: 9, 1: 99, 2: 15, 3: 93, 4: 87, 5: 81, 6: 75, 7: 3, 8: 69, 9: 63, 10: 57, 11: 51, 12: 45, 13: 39, 14: 33, 15: 27, 16: 21}","{(0, 4): 1, (0, 5): 6, (0, 9): 1, (0, 11): 1, (1, 2): 1, (1, 4): 1, (1, 5): 34, (1, 6): 16, (1, 9): 1, (1, 12): 14, (1, 13): 30, (1, 15): 1, (1, 16): 1, (2, 4): 6, (2, 6): 1, (2, 7): 1, (2, 9): 1, (2, 10): 1, (2, 12): 1, (2, 13): 1, (2, 15): 1, (2, 16): 1, (3, 7): 1, (3, 8): 47, (3, 11): 44, (3, 14): 1, (4, 5): 1, (4, 8): 1, (4, 9): 1, (4, 10): 30, (4, 11): 1, (4, 12): 1, (4, 14): 28, (4, 15): 15, (5, 12): 21, (5, 13): 1, (5, 14): 1, (5, 15): 1, (5, 16): 16, (6, 9): 56, (6, 11): 1, (6, 14): 1, (7, 12): 1, (8, 10): 18, (8, 11): 1, (8, 12): 1, (8, 13): 1, (9, 12): 1, (9, 13): 1, (9, 15): 1, (10, 12): 1, (10, 13): 1, (10, 15): 4, (10, 16): 1, (11, 12): 1, (11, 13): 1, (11, 15): 1, (12, 13): 1, (12, 14): 1, (12, 15): 1, (13, 14): 1, (13, 16): 1, (15, 16): 1}",3293.9999999825886
17.0,Graph with 17 nodes and 63 edges,"[[0, 0, 0, 0, 1, 1, 0, 0, 0, 1, 0, 1, 0, 0, 0, 0, 0], [0, 0, 1, 0, 1, 1, 1, 0, 0, 1, 0, 0, 1, 1, 0, 1, 1], [0, 1, 0, 0, 1, 0, 1, 1, 0, 1, 1, 0, 1, 1, 0, 1, 1], [0, 0, 0, 0, 0, 0, 0, 1, 1, 0, 0, 1, 0, 0, 1, 0, 0], [1, 1, 1, 0, 0, 1, 0, 0, 1, 1, 1, 1, 1, 0, 1, 1, 0], [1, 1, 0, 0, 1, 0, 0, 0, 0, 0, 0, 0, 1, 1, 1, 1, 1], [0, 1, 1, 0, 0, 0, 0, 0, 0, 1, 0, 1, 0, 0, 1, 0, 0], [0, 0, 1, 1, 0, 0, 0, 0, 0, 0, 0, 0, 1, 0, 0, 0, 0], [0, 0, 0, 1, 1, 0, 0, 0, 0, 0, 1, 1, 1, 1, 0, 0, 0], [1, 1, 1, 0, 1, 0, 1, 0, 0, 0, 0, 0, 1, 1, 0, 1, 0], [0, 0, 1, 0, 1, 0, 0, 0, 1, 0, 0, 0, 1, 1, 0, 1, 1], [1, 0, 0, 1, 1, 0, 1, 0, 1, 0, 0, 0, 1, 1, 0, 1, 0], [0, 1, 1, 0, 1, 1, 0, 1, 1, 1, 1, 1, 0, 1, 1, 1, 0], [0, 1, 1, 0, 0, 1, 0, 0, 1, 1, 1, 1, 1, 0, 1, 0, 1], [0, 0, 0, 1, 1, 1, 1, 0, 0, 0, 0, 0, 1, 1, 0, 0, 0], [0, 1, 1, 0, 1, 1, 0, 0, 0, 1, 1, 1, 1, 0, 0, 0, 1], [0, 1, 1, 0, 0, 1, 0, 0, 0, 0, 1, 0, 0, 1, 0, 1, 0]]",4.0,4.0,Y,"{0: 4, 1: 12, 2: 68, 3: 64, 4: 60, 5: 8, 6: 56, 7: 52, 8: 48, 9: 44, 10: 40, 11: 36, 12: 32, 13: 28, 14: 24, 15: 20, 16: 16}","{(0, 4): 1, (0, 5): 1, (0, 9): 1, (0, 11): 1, (1, 2): 4, (1, 4): 1, (1, 5): 1, (1, 6): 1, (1, 9): 1, (1, 12): 1, (1, 13): 1, (1, 15): 1, (1, 16): 1, (2, 4): 9, (2, 6): 1, (2, 7): 1, (2, 9): 1, (2, 10): 1, (2, 12): 20, (2, 13): 19, (2, 15): 1, (2, 16): 11, (3, 7): 50, (3, 8): 9, (3, 11): 1, (3, 14): 4, (4, 5): 1, (4, 8): 2, (4, 9): 1, (4, 10): 1, (4, 11): 29, (4, 12): 2, (4, 14): 1, (4, 15): 12, (5, 12): 1, (5, 13): 1, (5, 14): 1, (5, 15): 1, (5, 16): 1, (6, 9): 37, (6, 11): 1, (6, 14): 16, (7, 12): 1, (8, 10): 34, (8, 11): 1, (8, 12): 1, (8, 13): 1, (9, 12): 1, (9, 13): 1, (9, 15): 1, (10, 12): 1, (10, 13): 1, (10, 15): 1, (10, 16): 1, (11, 12): 1, (11, 13): 1, (11, 15): 1, (12, 13): 1, (12, 14): 1, (12, 15): 1, (13, 14): 1, (13, 16): 1, (15, 16): 1}",3159.9999999798456
17.0,Graph with 17 nodes and 63 edges,"[[0, 0, 0, 0, 1, 1, 0, 0, 0, 1, 0, 1, 0, 0, 0, 0, 0], [0, 0, 1, 0, 1, 1, 1, 0, 0, 1, 0, 0, 1, 1, 0, 1, 1], [0, 1, 0, 0, 1, 0, 1, 1, 0, 1, 1, 0, 1, 1, 0, 1, 1], [0, 0, 0, 0, 0, 0, 0, 1, 1, 0, 0, 1, 0, 0, 1, 0, 0], [1, 1, 1, 0, 0, 1, 0, 0, 1, 1, 1, 1, 1, 0, 1, 1, 0], [1, 1, 0, 0, 1, 0, 0, 0, 0, 0, 0, 0, 1, 1, 1, 1, 1], [0, 1, 1, 0, 0, 0, 0, 0, 0, 1, 0, 1, 0, 0, 1, 0, 0], [0, 0, 1, 1, 0, 0, 0, 0, 0, 0, 0, 0, 1, 0, 0, 0, 0], [0, 0, 0, 1, 1, 0, 0, 0, 0, 0, 1, 1, 1, 1, 0, 0, 0], [1, 1, 1, 0, 1, 0, 1, 0, 0, 0, 0, 0, 1, 1, 0, 1, 0], [0, 0, 1, 0, 1, 0, 0, 0, 1, 0, 0, 0, 1, 1, 0, 1, 1], [1, 0, 0, 1, 1, 0, 1, 0, 1, 0, 0, 0, 1, 1, 0, 1, 0], [0, 1, 1, 0, 1, 1, 0, 1, 1, 1, 1, 1, 0, 1, 1, 1, 0], [0, 1, 1, 0, 0, 1, 0, 0, 1, 1, 1, 1, 1, 0, 1, 0, 1], [0, 0, 0, 1, 1, 1, 1, 0, 0, 0, 0, 0, 1, 1, 0, 0, 0], [0, 1, 1, 0, 1, 1, 0, 0, 0, 1, 1, 1, 1, 0, 0, 0, 1], [0, 1, 1, 0, 0, 1, 0, 0, 0, 0, 1, 0, 0, 1, 0, 1, 0]]",4.0,5.0,Y,"{0: 4, 1: 9, 2: 14, 3: 84, 4: 79, 5: 74, 6: 69, 7: 64, 8: 59, 9: 54, 10: 49, 11: 44, 12: 39, 13: 34, 14: 29, 15: 24, 16: 19}","{(0, 4): 1, (0, 5): 1, (0, 9): 1, (0, 11): 1, (1, 2): 1, (1, 4): 1, (1, 5): 1, (1, 6): 1, (1, 9): 1, (1, 12): 1, (1, 13): 1, (1, 15): 1, (1, 16): 1, (2, 4): 1, (2, 6): 1, (2, 7): 1, (2, 9): 1, (2, 10): 1, (2, 12): 4, (2, 13): 1, (2, 15): 1, (2, 16): 1, (3, 7): 62, (3, 8): 10, (3, 11): 10, (3, 14): 1, (4, 5): 46, (4, 8): 1, (4, 9): 1, (4, 10): 1, (4, 11): 1, (4, 12): 1, (4, 14): 24, (4, 15): 1, (5, 12): 1, (5, 13): 1, (5, 14): 1, (5, 15): 9, (5, 16): 14, (6, 9): 40, (6, 11): 26, (6, 14): 1, (7, 12): 1, (8, 10): 43, (8, 11): 2, (8, 12): 1, (8, 13): 1, (9, 12): 1, (9, 13): 1, (9, 15): 8, (10, 12): 1, (10, 13): 1, (10, 15): 1, (10, 16): 1, (11, 12): 1, (11, 13): 1, (11, 15): 1, (12, 13): 24, (12, 14): 1, (12, 15): 1, (13, 14): 1, (13, 16): 1, (15, 16): 1}",3217.0000000064647
17.0,Graph with 17 nodes and 63 edges,"[[0, 0, 0, 0, 1, 1, 0, 0, 0, 1, 0, 1, 0, 0, 0, 0, 0], [0, 0, 1, 0, 1, 1, 1, 0, 0, 1, 0, 0, 1, 1, 0, 1, 1], [0, 1, 0, 0, 1, 0, 1, 1, 0, 1, 1, 0, 1, 1, 0, 1, 1], [0, 0, 0, 0, 0, 0, 0, 1, 1, 0, 0, 1, 0, 0, 1, 0, 0], [1, 1, 1, 0, 0, 1, 0, 0, 1, 1, 1, 1, 1, 0, 1, 1, 0], [1, 1, 0, 0, 1, 0, 0, 0, 0, 0, 0, 0, 1, 1, 1, 1, 1], [0, 1, 1, 0, 0, 0, 0, 0, 0, 1, 0, 1, 0, 0, 1, 0, 0], [0, 0, 1, 1, 0, 0, 0, 0, 0, 0, 0, 0, 1, 0, 0, 0, 0], [0, 0, 0, 1, 1, 0, 0, 0, 0, 0, 1, 1, 1, 1, 0, 0, 0], [1, 1, 1, 0, 1, 0, 1, 0, 0, 0, 0, 0, 1, 1, 0, 1, 0], [0, 0, 1, 0, 1, 0, 0, 0, 1, 0, 0, 0, 1, 1, 0, 1, 1], [1, 0, 0, 1, 1, 0, 1, 0, 1, 0, 0, 0, 1, 1, 0, 1, 0], [0, 1, 1, 0, 1, 1, 0, 1, 1, 1, 1, 1, 0, 1, 1, 1, 0], [0, 1, 1, 0, 0, 1, 0, 0, 1, 1, 1, 1, 1, 0, 1, 0, 1], [0, 0, 0, 1, 1, 1, 1, 0, 0, 0, 0, 0, 1, 1, 0, 0, 0], [0, 1, 1, 0, 1, 1, 0, 0, 0, 1, 1, 1, 1, 0, 0, 0, 1], [0, 1, 1, 0, 0, 1, 0, 0, 0, 0, 1, 0, 0, 1, 0, 1, 0]]",4.0,7.0,Y,"{0: 4, 1: 11, 2: 116, 3: 109, 4: 102, 5: 95, 6: 88, 7: 81, 8: 74, 9: 67, 10: 60, 11: 53, 12: 18, 13: 46, 14: 39, 15: 32, 16: 25}","{(0, 4): 1, (0, 5): 1, (0, 9): 1, (0, 11): 1, (1, 2): 1, (1, 4): 1, (1, 5): 3, (1, 6): 1, (1, 9): 1, (1, 12): 1, (1, 13): 1, (1, 15): 1, (1, 16): 1, (2, 4): 1, (2, 6): 1, (2, 7): 42, (2, 9): 1, (2, 10): 24, (2, 12): 7, (2, 13): 37, (2, 15): 1, (2, 16): 1, (3, 7): 38, (3, 8): 69, (3, 11): 1, (3, 14): 1, (4, 5): 26, (4, 8): 1, (4, 9): 1, (4, 10): 31, (4, 11): 37, (4, 12): 1, (4, 14): 1, (4, 15): 1, (5, 12): 1, (5, 13): 1, (5, 14): 19, (5, 15): 24, (5, 16): 20, (6, 9): 60, (6, 11): 10, (6, 14): 16, (7, 12): 1, (8, 10): 1, (8, 11): 1, (8, 12): 1, (8, 13): 1, (9, 12): 1, (9, 13): 1, (9, 15): 1, (10, 12): 1, (10, 13): 1, (10, 15): 1, (10, 16): 1, (11, 12): 1, (11, 13): 1, (11, 15): 1, (12, 13): 1, (12, 14): 1, (12, 15): 1, (13, 14): 1, (13, 16): 1, (15, 16): 1}",2999.999999985903
17.0,Graph with 17 nodes and 63 edges,"[[0, 0, 0, 0, 1, 1, 0, 0, 0, 1, 0, 1, 0, 0, 0, 0, 0], [0, 0, 1, 0, 1, 1, 1, 0, 0, 1, 0, 0, 1, 1, 0, 1, 1], [0, 1, 0, 0, 1, 0, 1, 1, 0, 1, 1, 0, 1, 1, 0, 1, 1], [0, 0, 0, 0, 0, 0, 0, 1, 1, 0, 0, 1, 0, 0, 1, 0, 0], [1, 1, 1, 0, 0, 1, 0, 0, 1, 1, 1, 1, 1, 0, 1, 1, 0], [1, 1, 0, 0, 1, 0, 0, 0, 0, 0, 0, 0, 1, 1, 1, 1, 1], [0, 1, 1, 0, 0, 0, 0, 0, 0, 1, 0, 1, 0, 0, 1, 0, 0], [0, 0, 1, 1, 0, 0, 0, 0, 0, 0, 0, 0, 1, 0, 0, 0, 0], [0, 0, 0, 1, 1, 0, 0, 0, 0, 0, 1, 1, 1, 1, 0, 0, 0], [1, 1, 1, 0, 1, 0, 1, 0, 0, 0, 0, 0, 1, 1, 0, 1, 0], [0, 0, 1, 0, 1, 0, 0, 0, 1, 0, 0, 0, 1, 1, 0, 1, 1], [1, 0, 0, 1, 1, 0, 1, 0, 1, 0, 0, 0, 1, 1, 0, 1, 0], [0, 1, 1, 0, 1, 1, 0, 1, 1, 1, 1, 1, 0, 1, 1, 1, 0], [0, 1, 1, 0, 0, 1, 0, 0, 1, 1, 1, 1, 1, 0, 1, 0, 1], [0, 0, 0, 1, 1, 1, 1, 0, 0, 0, 0, 0, 1, 1, 0, 0, 0], [0, 1, 1, 0, 1, 1, 0, 0, 0, 1, 1, 1, 1, 0, 0, 0, 1], [0, 1, 1, 0, 0, 1, 0, 0, 0, 0, 1, 0, 0, 1, 0, 1, 0]]",4.0,8.0,Y,"{0: 4, 1: 12, 2: 132, 3: 124, 4: 116, 5: 108, 6: 100, 7: 92, 8: 84, 9: 76, 10: 68, 11: 60, 12: 52, 13: 44, 14: 36, 15: 28, 16: 20}","{(0, 4): 1, (0, 5): 1, (0, 9): 1, (0, 11): 1, (1, 2): 1, (1, 4): 1, (1, 5): 1, (1, 6): 1, (1, 9): 1, (1, 12): 4, (1, 13): 1, (1, 15): 1, (1, 16): 1, (2, 4): 15, (2, 6): 1, (2, 7): 48, (2, 9): 1, (2, 10): 62, (2, 12): 1, (2, 13): 1, (2, 15): 1, (2, 16): 1, (3, 7): 43, (3, 8): 79, (3, 11): 1, (3, 14): 1, (4, 5): 36, (4, 8): 1, (4, 9): 56, (4, 10): 1, (4, 11): 1, (4, 12): 2, (4, 14): 1, (4, 15): 1, (5, 12): 18, (5, 13): 35, (5, 14): 1, (5, 15): 1, (5, 16): 15, (6, 9): 14, (6, 11): 53, (6, 14): 31, (7, 12): 1, (8, 10): 1, (8, 11): 1, (8, 12): 1, (8, 13): 1, (9, 12): 1, (9, 13): 1, (9, 15): 1, (10, 12): 1, (10, 13): 1, (10, 15): 1, (10, 16): 1, (11, 12): 1, (11, 13): 1, (11, 15): 1, (12, 13): 1, (12, 14): 1, (12, 15): 20, (13, 14): 1, (13, 16): 1, (15, 16): 1}",3492.000000051121
18.0,Graph with 17 nodes and 62 edges,"[[0, 0, 1, 1, 0, 1, 1, 0, 1, 0, 0, 1, 1, 1, 0, 1, 0], [0, 0, 1, 0, 0, 1, 0, 1, 0, 0, 0, 0, 1, 0, 0, 1, 0], [1, 1, 0, 0, 1, 0, 0, 0, 0, 0, 0, 0, 0, 1, 0, 0, 1], [1, 0, 0, 0, 1, 0, 0, 1, 0, 0, 0, 0, 0, 1, 1, 1, 0], [0, 0, 1, 1, 0, 1, 1, 1, 0, 1, 0, 1, 0, 1, 1, 1, 1], [1, 1, 0, 0, 1, 0, 0, 1, 0, 0, 0, 0, 1, 1, 0, 1, 1], [1, 0, 0, 0, 1, 0, 0, 0, 0, 0, 1, 1, 1, 0, 1, 0, 1], [0, 1, 0, 1, 1, 1, 0, 0, 1, 1, 0, 0, 0, 0, 1, 1, 0], [1, 0, 0, 0, 0, 0, 0, 1, 0, 0, 0, 1, 0, 0, 1, 1, 1], [0, 0, 0, 0, 1, 0, 0, 1, 0, 0, 0, 1, 0, 0, 1, 0, 0], [0, 0, 0, 0, 0, 0, 1, 0, 0, 0, 0, 0, 1, 0, 0, 1, 1], [1, 0, 0, 0, 1, 0, 1, 0, 1, 1, 0, 0, 1, 0, 0, 0, 1], [1, 1, 0, 0, 0, 1, 1, 0, 0, 0, 1, 1, 0, 1, 0, 1, 1], [1, 0, 1, 1, 1, 1, 0, 0, 0, 0, 0, 0, 1, 0, 0, 1, 1], [0, 0, 0, 1, 1, 0, 1, 1, 1, 1, 0, 0, 0, 0, 0, 0, 1], [1, 1, 0, 1, 1, 1, 0, 1, 1, 0, 1, 0, 1, 1, 0, 0, 0], [0, 0, 1, 0, 1, 1, 1, 0, 1, 0, 1, 1, 1, 1, 1, 0, 0]]",4.0,1.0,Y,"{0: 17, 1: 7, 2: 6, 3: 8, 4: 20, 5: 15, 6: 11, 7: 13, 8: 9, 9: 4, 10: 5, 11: 10, 12: 16, 13: 14, 14: 12, 15: 19, 16: 18}","{(0, 2): 1, (0, 3): 1, (0, 5): 1, (0, 6): 1, (0, 8): 1, (0, 11): 1, (0, 12): 1, (0, 13): 3, (0, 15): 7, (1, 2): 1, (1, 5): 1, (1, 7): 1, (1, 12): 3, (1, 15): 1, (2, 4): 2, (2, 13): 1, (2, 16): 1, (3, 4): 3, (3, 7): 1, (3, 13): 1, (3, 14): 1, (3, 15): 1, (4, 5): 3, (4, 6): 1, (4, 7): 1, (4, 9): 1, (4, 11): 4, (4, 13): 1, (4, 14): 2, (4, 15): 1, (4, 16): 1, (5, 7): 6, (5, 12): 1, (5, 13): 1, (5, 15): 1, (5, 16): 1, (6, 10): 1, (6, 11): 1, (6, 12): 5, (6, 14): 1, (6, 16): 1, (7, 8): 1, (7, 9): 1, (7, 14): 1, (7, 15): 1, (8, 11): 1, (8, 14): 1, (8, 15): 1, (8, 16): 4, (9, 11): 1, (9, 14): 1, (10, 12): 1, (10, 15): 1, (10, 16): 2, (11, 12): 1, (11, 16): 1, (12, 13): 2, (12, 15): 1, (12, 16): 1, (13, 15): 4, (13, 16): 1, (14, 16): 5}",2810.0000000108594
18.0,Graph with 17 nodes and 62 edges,"[[0, 0, 1, 1, 0, 1, 1, 0, 1, 0, 0, 1, 1, 1, 0, 1, 0], [0, 0, 1, 0, 0, 1, 0, 1, 0, 0, 0, 0, 1, 0, 0, 1, 0], [1, 1, 0, 0, 1, 0, 0, 0, 0, 0, 0, 0, 0, 1, 0, 0, 1], [1, 0, 0, 0, 1, 0, 0, 1, 0, 0, 0, 0, 0, 1, 1, 1, 0], [0, 0, 1, 1, 0, 1, 1, 1, 0, 1, 0, 1, 0, 1, 1, 1, 1], [1, 1, 0, 0, 1, 0, 0, 1, 0, 0, 0, 0, 1, 1, 0, 1, 1], [1, 0, 0, 0, 1, 0, 0, 0, 0, 0, 1, 1, 1, 0, 1, 0, 1], [0, 1, 0, 1, 1, 1, 0, 0, 1, 1, 0, 0, 0, 0, 1, 1, 0], [1, 0, 0, 0, 0, 0, 0, 1, 0, 0, 0, 1, 0, 0, 1, 1, 1], [0, 0, 0, 0, 1, 0, 0, 1, 0, 0, 0, 1, 0, 0, 1, 0, 0], [0, 0, 0, 0, 0, 0, 1, 0, 0, 0, 0, 0, 1, 0, 0, 1, 1], [1, 0, 0, 0, 1, 0, 1, 0, 1, 1, 0, 0, 1, 0, 0, 0, 1], [1, 1, 0, 0, 0, 1, 1, 0, 0, 0, 1, 1, 0, 1, 0, 1, 1], [1, 0, 1, 1, 1, 1, 0, 0, 0, 0, 0, 0, 1, 0, 0, 1, 1], [0, 0, 0, 1, 1, 0, 1, 1, 1, 1, 0, 0, 0, 0, 0, 0, 1], [1, 1, 0, 1, 1, 1, 0, 1, 1, 0, 1, 0, 1, 1, 0, 0, 0], [0, 0, 1, 0, 1, 1, 1, 0, 1, 0, 1, 1, 1, 1, 1, 0, 0]]",4.0,2.0,Y,"{0: 30, 1: 12, 2: 10, 3: 8, 4: 36, 5: 18, 6: 20, 7: 26, 8: 14, 9: 6, 10: 4, 11: 22, 12: 34, 13: 24, 14: 16, 15: 28, 16: 32}","{(0, 2): 1, (0, 3): 1, (0, 5): 1, (0, 6): 1, (0, 8): 1, (0, 11): 1, (0, 12): 22, (0, 13): 1, (0, 15): 1, (1, 2): 1, (1, 5): 1, (1, 7): 4, (1, 12): 5, (1, 15): 1, (2, 4): 5, (2, 13): 1, (2, 16): 1, (3, 4): 1, (3, 7): 3, (3, 13): 1, (3, 14): 1, (3, 15): 1, (4, 5): 1, (4, 6): 12, (4, 7): 1, (4, 9): 1, (4, 11): 1, (4, 13): 1, (4, 14): 10, (4, 15): 1, (4, 16): 1, (5, 7): 10, (5, 12): 1, (5, 13): 1, (5, 15): 1, (5, 16): 1, (6, 10): 1, (6, 11): 2, (6, 12): 1, (6, 14): 1, (6, 16): 1, (7, 8): 1, (7, 9): 3, (7, 14): 1, (7, 15): 2, (8, 11): 1, (8, 14): 1, (8, 15): 1, (8, 16): 9, (9, 11): 1, (9, 14): 1, (10, 12): 1, (10, 15): 1, (10, 16): 1, (11, 12): 1, (11, 16): 14, (12, 13): 1, (12, 15): 1, (12, 16): 1, (13, 15): 17, (13, 16): 1, (14, 16): 1}",3126.000000008844
18.0,Graph with 17 nodes and 62 edges,"[[0, 0, 1, 1, 0, 1, 1, 0, 1, 0, 0, 1, 1, 1, 0, 1, 0], [0, 0, 1, 0, 0, 1, 0, 1, 0, 0, 0, 0, 1, 0, 0, 1, 0], [1, 1, 0, 0, 1, 0, 0, 0, 0, 0, 0, 0, 0, 1, 0, 0, 1], [1, 0, 0, 0, 1, 0, 0, 1, 0, 0, 0, 0, 0, 1, 1, 1, 0], [0, 0, 1, 1, 0, 1, 1, 1, 0, 1, 0, 1, 0, 1, 1, 1, 1], [1, 1, 0, 0, 1, 0, 0, 1, 0, 0, 0, 0, 1, 1, 0, 1, 1], [1, 0, 0, 0, 1, 0, 0, 0, 0, 0, 1, 1, 1, 0, 1, 0, 1], [0, 1, 0, 1, 1, 1, 0, 0, 1, 1, 0, 0, 0, 0, 1, 1, 0], [1, 0, 0, 0, 0, 0, 0, 1, 0, 0, 0, 1, 0, 0, 1, 1, 1], [0, 0, 0, 0, 1, 0, 0, 1, 0, 0, 0, 1, 0, 0, 1, 0, 0], [0, 0, 0, 0, 0, 0, 1, 0, 0, 0, 0, 0, 1, 0, 0, 1, 1], [1, 0, 0, 0, 1, 0, 1, 0, 1, 1, 0, 0, 1, 0, 0, 0, 1], [1, 1, 0, 0, 0, 1, 1, 0, 0, 0, 1, 1, 0, 1, 0, 1, 1], [1, 0, 1, 1, 1, 1, 0, 0, 0, 0, 0, 0, 1, 0, 0, 1, 1], [0, 0, 0, 1, 1, 0, 1, 1, 1, 1, 0, 0, 0, 0, 0, 0, 1], [1, 1, 0, 1, 1, 1, 0, 1, 1, 0, 1, 0, 1, 1, 0, 0, 0], [0, 0, 1, 0, 1, 1, 1, 0, 1, 0, 1, 1, 1, 1, 1, 0, 0]]",4.0,3.0,Y,"{0: 46, 1: 28, 2: 13, 3: 25, 4: 52, 5: 37, 6: 22, 7: 40, 8: 19, 9: 4, 10: 7, 11: 10, 12: 49, 13: 31, 14: 16, 15: 34, 16: 43}","{(0, 2): 1, (0, 3): 1, (0, 5): 1, (0, 6): 1, (0, 8): 1, (0, 11): 1, (0, 12): 38, (0, 13): 1, (0, 15): 1, (1, 2): 1, (1, 5): 1, (1, 7): 24, (1, 12): 1, (1, 15): 1, (2, 4): 9, (2, 13): 1, (2, 16): 1, (3, 4): 7, (3, 7): 1, (3, 13): 1, (3, 14): 1, (3, 15): 13, (4, 5): 1, (4, 6): 16, (4, 7): 1, (4, 9): 1, (4, 11): 1, (4, 13): 1, (4, 14): 10, (4, 15): 3, (4, 16): 1, (5, 7): 1, (5, 12): 1, (5, 13): 21, (5, 15): 1, (5, 16): 9, (6, 10): 1, (6, 11): 1, (6, 12): 1, (6, 14): 1, (6, 16): 1, (7, 8): 1, (7, 9): 1, (7, 14): 1, (7, 15): 10, (8, 11): 1, (8, 14): 1, (8, 15): 1, (8, 16): 14, (9, 11): 1, (9, 14): 1, (10, 12): 1, (10, 15): 1, (10, 16): 4, (11, 12): 1, (11, 16): 4, (12, 13): 1, (12, 15): 1, (12, 16): 4, (13, 15): 1, (13, 16): 3, (14, 16): 1}",3410.0000000307773
18.0,Graph with 17 nodes and 62 edges,"[[0, 0, 1, 1, 0, 1, 1, 0, 1, 0, 0, 1, 1, 1, 0, 1, 0], [0, 0, 1, 0, 0, 1, 0, 1, 0, 0, 0, 0, 1, 0, 0, 1, 0], [1, 1, 0, 0, 1, 0, 0, 0, 0, 0, 0, 0, 0, 1, 0, 0, 1], [1, 0, 0, 0, 1, 0, 0, 1, 0, 0, 0, 0, 0, 1, 1, 1, 0], [0, 0, 1, 1, 0, 1, 1, 1, 0, 1, 0, 1, 0, 1, 1, 1, 1], [1, 1, 0, 0, 1, 0, 0, 1, 0, 0, 0, 0, 1, 1, 0, 1, 1], [1, 0, 0, 0, 1, 0, 0, 0, 0, 0, 1, 1, 1, 0, 1, 0, 1], [0, 1, 0, 1, 1, 1, 0, 0, 1, 1, 0, 0, 0, 0, 1, 1, 0], [1, 0, 0, 0, 0, 0, 0, 1, 0, 0, 0, 1, 0, 0, 1, 1, 1], [0, 0, 0, 0, 1, 0, 0, 1, 0, 0, 0, 1, 0, 0, 1, 0, 0], [0, 0, 0, 0, 0, 0, 1, 0, 0, 0, 0, 0, 1, 0, 0, 1, 1], [1, 0, 0, 0, 1, 0, 1, 0, 1, 1, 0, 0, 1, 0, 0, 0, 1], [1, 1, 0, 0, 0, 1, 1, 0, 0, 0, 1, 1, 0, 1, 0, 1, 1], [1, 0, 1, 1, 1, 1, 0, 0, 0, 0, 0, 0, 1, 0, 0, 1, 1], [0, 0, 0, 1, 1, 0, 1, 1, 1, 1, 0, 0, 0, 0, 0, 0, 1], [1, 1, 0, 1, 1, 1, 0, 1, 1, 0, 1, 0, 1, 1, 0, 0, 0], [0, 0, 1, 0, 1, 1, 1, 0, 1, 0, 1, 1, 1, 1, 1, 0, 0]]",4.0,8.0,Y,"{0: 12, 1: 132, 2: 124, 3: 116, 4: 108, 5: 100, 6: 92, 7: 84, 8: 76, 9: 4, 10: 68, 11: 60, 12: 52, 13: 44, 14: 36, 15: 28, 16: 20}","{(0, 2): 1, (0, 3): 1, (0, 5): 1, (0, 6): 1, (0, 8): 1, (0, 11): 4, (0, 12): 1, (0, 13): 1, (0, 15): 1, (1, 2): 119, (1, 5): 1, (1, 7): 10, (1, 12): 1, (1, 15): 1, (2, 4): 1, (2, 13): 2, (2, 16): 1, (3, 4): 70, (3, 7): 1, (3, 13): 13, (3, 14): 30, (3, 15): 1, (4, 5): 1, (4, 6): 1, (4, 7): 1, (4, 9): 1, (4, 11): 1, (4, 13): 1, (4, 14): 1, (4, 15): 19, (4, 16): 11, (5, 7): 48, (5, 12): 23, (5, 13): 24, (5, 15): 1, (5, 16): 1, (6, 10): 65, (6, 11): 1, (6, 12): 22, (6, 14): 1, (6, 16): 1, (7, 8): 21, (7, 9): 1, (7, 14): 1, (7, 15): 1, (8, 11): 51, (8, 14): 1, (8, 15): 1, (8, 16): 1, (9, 11): 1, (9, 14): 1, (10, 12): 1, (10, 15): 1, (10, 16): 1, (11, 12): 1, (11, 16): 1, (12, 13): 1, (12, 15): 1, (12, 16): 1, (13, 15): 1, (13, 16): 1, (14, 16): 1}",3118.999999969674
18.0,Graph with 17 nodes and 62 edges,"[[0, 0, 1, 1, 0, 1, 1, 0, 1, 0, 0, 1, 1, 1, 0, 1, 0], [0, 0, 1, 0, 0, 1, 0, 1, 0, 0, 0, 0, 1, 0, 0, 1, 0], [1, 1, 0, 0, 1, 0, 0, 0, 0, 0, 0, 0, 0, 1, 0, 0, 1], [1, 0, 0, 0, 1, 0, 0, 1, 0, 0, 0, 0, 0, 1, 1, 1, 0], [0, 0, 1, 1, 0, 1, 1, 1, 0, 1, 0, 1, 0, 1, 1, 1, 1], [1, 1, 0, 0, 1, 0, 0, 1, 0, 0, 0, 0, 1, 1, 0, 1, 1], [1, 0, 0, 0, 1, 0, 0, 0, 0, 0, 1, 1, 1, 0, 1, 0, 1], [0, 1, 0, 1, 1, 1, 0, 0, 1, 1, 0, 0, 0, 0, 1, 1, 0], [1, 0, 0, 0, 0, 0, 0, 1, 0, 0, 0, 1, 0, 0, 1, 1, 1], [0, 0, 0, 0, 1, 0, 0, 1, 0, 0, 0, 1, 0, 0, 1, 0, 0], [0, 0, 0, 0, 0, 0, 1, 0, 0, 0, 0, 0, 1, 0, 0, 1, 1], [1, 0, 0, 0, 1, 0, 1, 0, 1, 1, 0, 0, 1, 0, 0, 0, 1], [1, 1, 0, 0, 0, 1, 1, 0, 0, 0, 1, 1, 0, 1, 0, 1, 1], [1, 0, 1, 1, 1, 1, 0, 0, 0, 0, 0, 0, 1, 0, 0, 1, 1], [0, 0, 0, 1, 1, 0, 1, 1, 1, 1, 0, 0, 0, 0, 0, 0, 1], [1, 1, 0, 1, 1, 1, 0, 1, 1, 0, 1, 0, 1, 1, 0, 0, 0], [0, 0, 1, 0, 1, 1, 1, 0, 1, 0, 1, 1, 1, 1, 1, 0, 0]]",4.0,9.0,Y,"{0: 13, 1: 148, 2: 139, 3: 130, 4: 121, 5: 112, 6: 103, 7: 94, 8: 85, 9: 4, 10: 76, 11: 67, 12: 58, 13: 49, 14: 40, 15: 31, 16: 22}","{(0, 2): 1, (0, 3): 1, (0, 5): 1, (0, 6): 1, (0, 8): 1, (0, 11): 5, (0, 12): 1, (0, 13): 1, (0, 15): 1, (1, 2): 134, (1, 5): 1, (1, 7): 11, (1, 12): 1, (1, 15): 1, (2, 4): 1, (2, 13): 2, (2, 16): 1, (3, 4): 78, (3, 7): 1, (3, 13): 15, (3, 14): 34, (3, 15): 1, (4, 5): 1, (4, 6): 1, (4, 7): 1, (4, 9): 1, (4, 11): 1, (4, 13): 1, (4, 14): 1, (4, 15): 22, (4, 16): 13, (5, 7): 54, (5, 12): 26, (5, 13): 27, (5, 15): 1, (5, 16): 1, (6, 10): 73, (6, 11): 1, (6, 12): 25, (6, 14): 1, (6, 16): 1, (7, 8): 24, (7, 9): 1, (7, 14): 1, (7, 15): 1, (8, 11): 57, (8, 14): 1, (8, 15): 1, (8, 16): 1, (9, 11): 1, (9, 14): 1, (10, 12): 1, (10, 15): 1, (10, 16): 1, (11, 12): 1, (11, 16): 1, (12, 13): 1, (12, 15): 1, (12, 16): 1, (13, 15): 1, (13, 16): 1, (14, 16): 1}",3224.9999999862666
19.0,Graph with 17 nodes and 71 edges,"[[0, 1, 0, 1, 0, 1, 0, 1, 1, 1, 1, 1, 1, 0, 1, 1, 0], [1, 0, 0, 0, 1, 1, 0, 0, 1, 1, 0, 0, 0, 0, 1, 0, 0], [0, 0, 0, 1, 1, 1, 1, 1, 1, 1, 1, 1, 1, 1, 1, 0, 0], [1, 0, 1, 0, 0, 0, 1, 1, 1, 1, 0, 1, 0, 1, 0, 0, 0], [0, 1, 1, 0, 0, 0, 1, 1, 1, 0, 1, 0, 0, 1, 1, 0, 0], [1, 1, 1, 0, 0, 0, 0, 0, 1, 1, 1, 1, 0, 0, 1, 1, 0], [0, 0, 1, 1, 1, 0, 0, 0, 0, 0, 0, 1, 0, 1, 1, 1, 1], [1, 0, 1, 1, 1, 0, 0, 0, 0, 1, 0, 0, 1, 1, 1, 1, 0], [1, 1, 1, 1, 1, 1, 0, 0, 0, 0, 0, 0, 0, 0, 1, 1, 1], [1, 1, 1, 1, 0, 1, 0, 1, 0, 0, 1, 1, 0, 1, 1, 1, 0], [1, 0, 1, 0, 1, 1, 0, 0, 0, 1, 0, 0, 0, 1, 0, 0, 0], [1, 0, 1, 1, 0, 1, 1, 0, 0, 1, 0, 0, 0, 0, 1, 0, 1], [1, 0, 1, 0, 0, 0, 0, 1, 0, 0, 0, 0, 0, 0, 0, 0, 0], [0, 0, 1, 1, 1, 0, 1, 1, 0, 1, 1, 0, 0, 0, 0, 1, 1], [1, 1, 1, 0, 1, 1, 1, 1, 1, 1, 0, 1, 0, 0, 0, 1, 0], [1, 0, 0, 0, 0, 1, 1, 1, 1, 1, 0, 0, 0, 1, 1, 0, 1], [0, 0, 0, 0, 0, 0, 1, 0, 1, 0, 0, 1, 0, 1, 0, 1, 0]]",4.0,4.0,Y,"{0: 12, 1: 8, 2: 68, 3: 64, 4: 60, 5: 56, 6: 52, 7: 48, 8: 44, 9: 40, 10: 36, 11: 32, 12: 4, 13: 28, 14: 24, 15: 20, 16: 16}","{(0, 1): 1, (0, 3): 1, (0, 5): 1, (0, 7): 1, (0, 8): 1, (0, 9): 1, (0, 10): 1, (0, 11): 1, (0, 12): 2, (0, 14): 1, (0, 15): 1, (1, 4): 1, (1, 5): 1, (1, 8): 3, (1, 9): 1, (1, 14): 1, (2, 3): 1, (2, 4): 1, (2, 5): 2, (2, 6): 1, (2, 7): 29, (2, 8): 1, (2, 9): 1, (2, 10): 1, (2, 11): 9, (2, 12): 1, (2, 13): 20, (2, 14): 1, (3, 6): 12, (3, 7): 1, (3, 8): 30, (3, 9): 1, (3, 11): 17, (3, 13): 1, (4, 6): 23, (4, 7): 1, (4, 8): 1, (4, 10): 31, (4, 13): 1, (4, 14): 1, (5, 8): 5, (5, 9): 30, (5, 10): 1, (5, 11): 1, (5, 14): 14, (5, 15): 1, (6, 11): 1, (6, 13): 1, (6, 14): 1, (6, 15): 1, (6, 16): 12, (7, 9): 1, (7, 12): 1, (7, 13): 1, (7, 14): 1, (7, 15): 12, (8, 14): 1, (8, 15): 1, (8, 16): 1, (9, 10): 1, (9, 11): 1, (9, 13): 1, (9, 14): 1, (9, 15): 1, (10, 13): 1, (11, 14): 1, (11, 16): 1, (13, 15): 1, (13, 16): 1, (14, 15): 1, (15, 16): 1}",3136.9999999810716
19.0,Graph with 17 nodes and 71 edges,"[[0, 1, 0, 1, 0, 1, 0, 1, 1, 1, 1, 1, 1, 0, 1, 1, 0], [1, 0, 0, 0, 1, 1, 0, 0, 1, 1, 0, 0, 0, 0, 1, 0, 0], [0, 0, 0, 1, 1, 1, 1, 1, 1, 1, 1, 1, 1, 1, 1, 0, 0], [1, 0, 1, 0, 0, 0, 1, 1, 1, 1, 0, 1, 0, 1, 0, 0, 0], [0, 1, 1, 0, 0, 0, 1, 1, 1, 0, 1, 0, 0, 1, 1, 0, 0], [1, 1, 1, 0, 0, 0, 0, 0, 1, 1, 1, 1, 0, 0, 1, 1, 0], [0, 0, 1, 1, 1, 0, 0, 0, 0, 0, 0, 1, 0, 1, 1, 1, 1], [1, 0, 1, 1, 1, 0, 0, 0, 0, 1, 0, 0, 1, 1, 1, 1, 0], [1, 1, 1, 1, 1, 1, 0, 0, 0, 0, 0, 0, 0, 0, 1, 1, 1], [1, 1, 1, 1, 0, 1, 0, 1, 0, 0, 1, 1, 0, 1, 1, 1, 0], [1, 0, 1, 0, 1, 1, 0, 0, 0, 1, 0, 0, 0, 1, 0, 0, 0], [1, 0, 1, 1, 0, 1, 1, 0, 0, 1, 0, 0, 0, 0, 1, 0, 1], [1, 0, 1, 0, 0, 0, 0, 1, 0, 0, 0, 0, 0, 0, 0, 0, 0], [0, 0, 1, 1, 1, 0, 1, 1, 0, 1, 1, 0, 0, 0, 0, 1, 1], [1, 1, 1, 0, 1, 1, 1, 1, 1, 1, 0, 1, 0, 0, 0, 1, 0], [1, 0, 0, 0, 0, 1, 1, 1, 1, 1, 0, 0, 0, 1, 1, 0, 1], [0, 0, 0, 0, 0, 0, 1, 0, 1, 0, 0, 1, 0, 1, 0, 1, 0]]",4.0,5.0,Y,"{0: 14, 1: 9, 2: 84, 3: 79, 4: 74, 5: 69, 6: 64, 7: 59, 8: 54, 9: 49, 10: 44, 11: 39, 12: 4, 13: 34, 14: 29, 15: 24, 16: 19}","{(0, 1): 1, (0, 3): 1, (0, 5): 1, (0, 7): 1, (0, 8): 1, (0, 9): 1, (0, 10): 1, (0, 11): 1, (0, 12): 2, (0, 14): 3, (0, 15): 1, (1, 4): 1, (1, 5): 1, (1, 8): 1, (1, 9): 4, (1, 14): 1, (2, 3): 43, (2, 4): 1, (2, 5): 1, (2, 6): 1, (2, 7): 1, (2, 8): 1, (2, 9): 21, (2, 10): 11, (2, 11): 1, (2, 12): 1, (2, 13): 1, (2, 14): 1, (3, 6): 1, (3, 7): 30, (3, 8): 1, (3, 9): 1, (3, 11): 1, (3, 13): 1, (4, 6): 18, (4, 7): 22, (4, 8): 1, (4, 10): 29, (4, 13): 1, (4, 14): 1, (5, 8): 30, (5, 9): 1, (5, 10): 1, (5, 11): 32, (5, 14): 1, (5, 15): 1, (6, 11): 1, (6, 13): 26, (6, 14): 1, (6, 15): 1, (6, 16): 15, (7, 9): 1, (7, 12): 1, (7, 13): 1, (7, 14): 1, (7, 15): 1, (8, 14): 17, (8, 15): 1, (8, 16): 1, (9, 10): 1, (9, 11): 1, (9, 13): 1, (9, 14): 1, (9, 15): 16, (10, 13): 1, (11, 14): 1, (11, 16): 1, (13, 15): 1, (13, 16): 1, (14, 15): 1, (15, 16): 1}",2985.999999964406
19.0,Graph with 17 nodes and 71 edges,"[[0, 1, 0, 1, 0, 1, 0, 1, 1, 1, 1, 1, 1, 0, 1, 1, 0], [1, 0, 0, 0, 1, 1, 0, 0, 1, 1, 0, 0, 0, 0, 1, 0, 0], [0, 0, 0, 1, 1, 1, 1, 1, 1, 1, 1, 1, 1, 1, 1, 0, 0], [1, 0, 1, 0, 0, 0, 1, 1, 1, 1, 0, 1, 0, 1, 0, 0, 0], [0, 1, 1, 0, 0, 0, 1, 1, 1, 0, 1, 0, 0, 1, 1, 0, 0], [1, 1, 1, 0, 0, 0, 0, 0, 1, 1, 1, 1, 0, 0, 1, 1, 0], [0, 0, 1, 1, 1, 0, 0, 0, 0, 0, 0, 1, 0, 1, 1, 1, 1], [1, 0, 1, 1, 1, 0, 0, 0, 0, 1, 0, 0, 1, 1, 1, 1, 0], [1, 1, 1, 1, 1, 1, 0, 0, 0, 0, 0, 0, 0, 0, 1, 1, 1], [1, 1, 1, 1, 0, 1, 0, 1, 0, 0, 1, 1, 0, 1, 1, 1, 0], [1, 0, 1, 0, 1, 1, 0, 0, 0, 1, 0, 0, 0, 1, 0, 0, 0], [1, 0, 1, 1, 0, 1, 1, 0, 0, 1, 0, 0, 0, 0, 1, 0, 1], [1, 0, 1, 0, 0, 0, 0, 1, 0, 0, 0, 0, 0, 0, 0, 0, 0], [0, 0, 1, 1, 1, 0, 1, 1, 0, 1, 1, 0, 0, 0, 0, 1, 1], [1, 1, 1, 0, 1, 1, 1, 1, 1, 1, 0, 1, 0, 0, 0, 1, 0], [1, 0, 0, 0, 0, 1, 1, 1, 1, 1, 0, 0, 0, 1, 1, 0, 1], [0, 0, 0, 0, 0, 0, 1, 0, 1, 0, 0, 1, 0, 1, 0, 1, 0]]",4.0,7.0,Y,"{0: 11, 1: 116, 2: 18, 3: 109, 4: 102, 5: 95, 6: 88, 7: 81, 8: 74, 9: 67, 10: 60, 11: 53, 12: 4, 13: 46, 14: 39, 15: 32, 16: 25}","{(0, 1): 1, (0, 3): 1, (0, 5): 1, (0, 7): 1, (0, 8): 1, (0, 9): 1, (0, 10): 1, (0, 11): 1, (0, 12): 1, (0, 14): 1, (0, 15): 1, (1, 4): 95, (1, 5): 1, (1, 8): 1, (1, 9): 1, (1, 14): 17, (2, 3): 1, (2, 4): 1, (2, 5): 1, (2, 6): 1, (2, 7): 7, (2, 8): 1, (2, 9): 1, (2, 10): 1, (2, 11): 1, (2, 12): 1, (2, 13): 1, (2, 14): 1, (3, 6): 57, (3, 7): 1, (3, 8): 1, (3, 9): 1, (3, 11): 46, (3, 13): 1, (4, 6): 1, (4, 7): 1, (4, 8): 1, (4, 10): 1, (4, 13): 1, (4, 14): 1, (5, 8): 66, (5, 9): 1, (5, 10): 9, (5, 11): 1, (5, 14): 1, (5, 15): 14, (6, 11): 1, (6, 13): 1, (6, 14): 5, (6, 15): 1, (6, 16): 21, (7, 9): 48, (7, 12): 2, (7, 13): 1, (7, 14): 9, (7, 15): 11, (8, 14): 1, (8, 15): 1, (8, 16): 1, (9, 10): 10, (9, 11): 1, (9, 13): 1, (9, 14): 1, (9, 15): 1, (10, 13): 38, (11, 14): 1, (11, 16): 1, (13, 15): 1, (13, 16): 1, (14, 15): 1, (15, 16): 1}",3287.999999997737
19.0,Graph with 17 nodes and 71 edges,"[[0, 1, 0, 1, 0, 1, 0, 1, 1, 1, 1, 1, 1, 0, 1, 1, 0], [1, 0, 0, 0, 1, 1, 0, 0, 1, 1, 0, 0, 0, 0, 1, 0, 0], [0, 0, 0, 1, 1, 1, 1, 1, 1, 1, 1, 1, 1, 1, 1, 0, 0], [1, 0, 1, 0, 0, 0, 1, 1, 1, 1, 0, 1, 0, 1, 0, 0, 0], [0, 1, 1, 0, 0, 0, 1, 1, 1, 0, 1, 0, 0, 1, 1, 0, 0], [1, 1, 1, 0, 0, 0, 0, 0, 1, 1, 1, 1, 0, 0, 1, 1, 0], [0, 0, 1, 1, 1, 0, 0, 0, 0, 0, 0, 1, 0, 1, 1, 1, 1], [1, 0, 1, 1, 1, 0, 0, 0, 0, 1, 0, 0, 1, 1, 1, 1, 0], [1, 1, 1, 1, 1, 1, 0, 0, 0, 0, 0, 0, 0, 0, 1, 1, 1], [1, 1, 1, 1, 0, 1, 0, 1, 0, 0, 1, 1, 0, 1, 1, 1, 0], [1, 0, 1, 0, 1, 1, 0, 0, 0, 1, 0, 0, 0, 1, 0, 0, 0], [1, 0, 1, 1, 0, 1, 1, 0, 0, 1, 0, 0, 0, 0, 1, 0, 1], [1, 0, 1, 0, 0, 0, 0, 1, 0, 0, 0, 0, 0, 0, 0, 0, 0], [0, 0, 1, 1, 1, 0, 1, 1, 0, 1, 1, 0, 0, 0, 0, 1, 1], [1, 1, 1, 0, 1, 1, 1, 1, 1, 1, 0, 1, 0, 0, 0, 1, 0], [1, 0, 0, 0, 0, 1, 1, 1, 1, 1, 0, 0, 0, 1, 1, 0, 1], [0, 0, 0, 0, 0, 0, 1, 0, 1, 0, 0, 1, 0, 1, 0, 1, 0]]",4.0,8.0,Y,"{0: 12, 1: 132, 2: 124, 3: 116, 4: 108, 5: 100, 6: 92, 7: 84, 8: 76, 9: 68, 10: 60, 11: 52, 12: 4, 13: 44, 14: 36, 15: 28, 16: 20}","{(0, 1): 1, (0, 3): 1, (0, 5): 1, (0, 7): 1, (0, 8): 1, (0, 9): 1, (0, 10): 1, (0, 11): 1, (0, 12): 2, (0, 14): 1, (0, 15): 1, (1, 4): 79, (1, 5): 1, (1, 8): 1, (1, 9): 24, (1, 14): 26, (2, 3): 72, (2, 4): 1, (2, 5): 1, (2, 6): 1, (2, 7): 42, (2, 8): 1, (2, 9): 1, (2, 10): 1, (2, 11): 1, (2, 12): 1, (2, 13): 1, (2, 14): 1, (3, 6): 1, (3, 7): 1, (3, 8): 9, (3, 9): 1, (3, 11): 1, (3, 13): 30, (4, 6): 1, (4, 7): 1, (4, 8): 1, (4, 10): 23, (4, 13): 1, (4, 14): 1, (5, 8): 60, (5, 9): 1, (5, 10): 33, (5, 11): 1, (5, 14): 1, (5, 15): 1, (6, 11): 45, (6, 13): 7, (6, 14): 1, (6, 15): 20, (6, 16): 16, (7, 9): 35, (7, 12): 1, (7, 13): 1, (7, 14): 1, (7, 15): 1, (8, 14): 1, (8, 15): 1, (8, 16): 1, (9, 10): 1, (9, 11): 1, (9, 13): 1, (9, 14): 1, (9, 15): 1, (10, 13): 1, (11, 14): 1, (11, 16): 1, (13, 15): 1, (13, 16): 1, (14, 15): 1, (15, 16): 1}",3057.000000012522
23.0,Graph with 17 nodes and 64 edges,"[[0, 0, 0, 0, 1, 0, 1, 0, 1, 1, 0, 0, 1, 1, 1, 0, 0], [0, 0, 0, 1, 1, 0, 1, 1, 0, 0, 0, 0, 1, 1, 0, 0, 0], [0, 0, 0, 1, 1, 1, 1, 1, 0, 0, 1, 0, 1, 0, 1, 0, 1], [0, 1, 1, 0, 0, 1, 0, 0, 0, 0, 0, 0, 1, 1, 0, 1, 1], [1, 1, 1, 0, 0, 1, 0, 1, 0, 0, 1, 0, 1, 0, 1, 0, 0], [0, 0, 1, 1, 1, 0, 0, 0, 0, 1, 0, 0, 1, 1, 0, 1, 0], [1, 1, 1, 0, 0, 0, 0, 1, 1, 1, 0, 0, 1, 1, 0, 0, 0], [0, 1, 1, 0, 1, 0, 1, 0, 1, 1, 0, 1, 1, 0, 1, 1, 1], [1, 0, 0, 0, 0, 0, 1, 1, 0, 0, 1, 1, 0, 1, 0, 0, 0], [1, 0, 0, 0, 0, 1, 1, 1, 0, 0, 1, 0, 1, 0, 1, 1, 0], [0, 0, 1, 0, 1, 0, 0, 0, 1, 1, 0, 0, 0, 1, 0, 1, 1], [0, 0, 0, 0, 0, 0, 0, 1, 1, 0, 0, 0, 0, 0, 0, 0, 1], [1, 1, 1, 1, 1, 1, 1, 1, 0, 1, 0, 0, 0, 0, 0, 0, 1], [1, 1, 0, 1, 0, 1, 1, 0, 1, 0, 1, 0, 0, 0, 1, 0, 1], [1, 0, 1, 0, 1, 0, 0, 1, 0, 1, 0, 0, 0, 1, 0, 1, 0], [0, 0, 0, 1, 0, 1, 0, 1, 0, 1, 1, 0, 0, 0, 1, 0, 1], [0, 0, 1, 1, 0, 0, 0, 1, 0, 0, 1, 1, 1, 1, 0, 1, 0]]",3.0,4.0,Y,"{0: 7, 1: 67, 2: 11, 3: 63, 4: 59, 5: 55, 6: 51, 7: 47, 8: 43, 9: 39, 10: 35, 11: 3, 12: 31, 13: 27, 14: 23, 15: 19, 16: 15}","{(0, 4): 1, (0, 6): 1, (0, 8): 1, (0, 9): 1, (0, 12): 1, (0, 13): 1, (0, 14): 1, (1, 3): 11, (1, 4): 15, (1, 6): 1, (1, 7): 37, (1, 12): 1, (1, 13): 1, (2, 3): 1, (2, 4): 3, (2, 5): 1, (2, 6): 1, (2, 7): 1, (2, 10): 1, (2, 12): 1, (2, 14): 1, (2, 16): 1, (3, 5): 46, (3, 12): 1, (3, 13): 1, (3, 15): 1, (3, 16): 1, (4, 5): 1, (4, 7): 1, (4, 10): 1, (4, 12): 19, (4, 14): 17, (5, 9): 1, (5, 12): 3, (5, 13): 1, (5, 15): 1, (6, 7): 1, (6, 8): 33, (6, 9): 1, (6, 12): 1, (6, 13): 12, (7, 8): 1, (7, 9): 1, (7, 11): 1, (7, 12): 1, (7, 14): 1, (7, 15): 1, (7, 16): 1, (8, 10): 6, (8, 11): 1, (8, 13): 1, (9, 10): 22, (9, 12): 1, (9, 14): 1, (9, 15): 11, (10, 13): 1, (10, 15): 3, (10, 16): 1, (11, 16): 1, (12, 16): 1, (13, 14): 1, (13, 16): 8, (14, 15): 1, (15, 16): 1}",2994.9999999985266
23.0,Graph with 17 nodes and 64 edges,"[[0, 0, 0, 0, 1, 0, 1, 0, 1, 1, 0, 0, 1, 1, 1, 0, 0], [0, 0, 0, 1, 1, 0, 1, 1, 0, 0, 0, 0, 1, 1, 0, 0, 0], [0, 0, 0, 1, 1, 1, 1, 1, 0, 0, 1, 0, 1, 0, 1, 0, 1], [0, 1, 1, 0, 0, 1, 0, 0, 0, 0, 0, 0, 1, 1, 0, 1, 1], [1, 1, 1, 0, 0, 1, 0, 1, 0, 0, 1, 0, 1, 0, 1, 0, 0], [0, 0, 1, 1, 1, 0, 0, 0, 0, 1, 0, 0, 1, 1, 0, 1, 0], [1, 1, 1, 0, 0, 0, 0, 1, 1, 1, 0, 0, 1, 1, 0, 0, 0], [0, 1, 1, 0, 1, 0, 1, 0, 1, 1, 0, 1, 1, 0, 1, 1, 1], [1, 0, 0, 0, 0, 0, 1, 1, 0, 0, 1, 1, 0, 1, 0, 0, 0], [1, 0, 0, 0, 0, 1, 1, 1, 0, 0, 1, 0, 1, 0, 1, 1, 0], [0, 0, 1, 0, 1, 0, 0, 0, 1, 1, 0, 0, 0, 1, 0, 1, 1], [0, 0, 0, 0, 0, 0, 0, 1, 1, 0, 0, 0, 0, 0, 0, 0, 1], [1, 1, 1, 1, 1, 1, 1, 1, 0, 1, 0, 0, 0, 0, 0, 0, 1], [1, 1, 0, 1, 0, 1, 1, 0, 1, 0, 1, 0, 0, 0, 1, 0, 1], [1, 0, 1, 0, 1, 0, 0, 1, 0, 1, 0, 0, 0, 1, 0, 1, 0], [0, 0, 0, 1, 0, 1, 0, 1, 0, 1, 1, 0, 0, 0, 1, 0, 1], [0, 0, 1, 1, 0, 0, 0, 1, 0, 0, 1, 1, 1, 1, 0, 1, 0]]",3.0,8.0,Y,"{0: 11, 1: 131, 2: 123, 3: 115, 4: 107, 5: 99, 6: 91, 7: 83, 8: 75, 9: 67, 10: 59, 11: 3, 12: 51, 13: 43, 14: 35, 15: 27, 16: 19}","{(0, 4): 1, (0, 6): 5, (0, 8): 1, (0, 9): 1, (0, 12): 1, (0, 13): 1, (0, 14): 1, (1, 3): 84, (1, 4): 1, (1, 6): 1, (1, 7): 42, (1, 12): 1, (1, 13): 1, (2, 3): 1, (2, 4): 1, (2, 5): 74, (2, 6): 1, (2, 7): 1, (2, 10): 42, (2, 12): 1, (2, 14): 1, (2, 16): 1, (3, 5): 5, (3, 12): 1, (3, 13): 1, (3, 15): 21, (3, 16): 1, (4, 5): 1, (4, 7): 31, (4, 10): 1, (4, 12): 42, (4, 14): 29, (5, 9): 15, (5, 12): 1, (5, 13): 1, (5, 15): 1, (6, 7): 1, (6, 8): 36, (6, 9): 45, (6, 12): 1, (6, 13): 1, (7, 8): 1, (7, 9): 1, (7, 11): 1, (7, 12): 1, (7, 14): 1, (7, 15): 1, (7, 16): 1, (8, 10): 1, (8, 11): 1, (8, 13): 35, (9, 10): 1, (9, 12): 1, (9, 14): 1, (9, 15): 1, (10, 13): 1, (10, 15): 1, (10, 16): 12, (11, 16): 1, (12, 16): 1, (13, 14): 1, (13, 16): 1, (14, 15): 1, (15, 16): 1}",3495.9999999841784
23.0,Graph with 17 nodes and 64 edges,"[[0, 0, 0, 0, 1, 0, 1, 0, 1, 1, 0, 0, 1, 1, 1, 0, 0], [0, 0, 0, 1, 1, 0, 1, 1, 0, 0, 0, 0, 1, 1, 0, 0, 0], [0, 0, 0, 1, 1, 1, 1, 1, 0, 0, 1, 0, 1, 0, 1, 0, 1], [0, 1, 1, 0, 0, 1, 0, 0, 0, 0, 0, 0, 1, 1, 0, 1, 1], [1, 1, 1, 0, 0, 1, 0, 1, 0, 0, 1, 0, 1, 0, 1, 0, 0], [0, 0, 1, 1, 1, 0, 0, 0, 0, 1, 0, 0, 1, 1, 0, 1, 0], [1, 1, 1, 0, 0, 0, 0, 1, 1, 1, 0, 0, 1, 1, 0, 0, 0], [0, 1, 1, 0, 1, 0, 1, 0, 1, 1, 0, 1, 1, 0, 1, 1, 1], [1, 0, 0, 0, 0, 0, 1, 1, 0, 0, 1, 1, 0, 1, 0, 0, 0], [1, 0, 0, 0, 0, 1, 1, 1, 0, 0, 1, 0, 1, 0, 1, 1, 0], [0, 0, 1, 0, 1, 0, 0, 0, 1, 1, 0, 0, 0, 1, 0, 1, 1], [0, 0, 0, 0, 0, 0, 0, 1, 1, 0, 0, 0, 0, 0, 0, 0, 1], [1, 1, 1, 1, 1, 1, 1, 1, 0, 1, 0, 0, 0, 0, 0, 0, 1], [1, 1, 0, 1, 0, 1, 1, 0, 1, 0, 1, 0, 0, 0, 1, 0, 1], [1, 0, 1, 0, 1, 0, 0, 1, 0, 1, 0, 0, 0, 1, 0, 1, 0], [0, 0, 0, 1, 0, 1, 0, 1, 0, 1, 1, 0, 0, 0, 1, 0, 1], [0, 0, 1, 1, 0, 0, 0, 1, 0, 0, 1, 1, 1, 1, 0, 1, 0]]",4.0,2.0,Y,"{0: 8, 1: 6, 2: 10, 3: 36, 4: 34, 5: 32, 6: 30, 7: 12, 8: 28, 9: 26, 10: 24, 11: 4, 12: 22, 13: 20, 14: 18, 15: 16, 16: 14}","{(0, 4): 1, (0, 6): 1, (0, 8): 2, (0, 9): 1, (0, 12): 1, (0, 13): 1, (0, 14): 1, (1, 3): 1, (1, 4): 1, (1, 6): 1, (1, 7): 1, (1, 12): 1, (1, 13): 1, (2, 3): 1, (2, 4): 2, (2, 5): 1, (2, 6): 1, (2, 7): 1, (2, 10): 1, (2, 12): 1, (2, 14): 1, (2, 16): 1, (3, 5): 18, (3, 12): 1, (3, 13): 1, (3, 15): 7, (3, 16): 7, (4, 5): 9, (4, 7): 1, (4, 10): 18, (4, 12): 1, (4, 14): 1, (5, 9): 1, (5, 12): 1, (5, 13): 1, (5, 15): 1, (6, 7): 1, (6, 8): 21, (6, 9): 3, (6, 12): 1, (6, 13): 1, (7, 8): 1, (7, 9): 1, (7, 11): 2, (7, 12): 1, (7, 14): 1, (7, 15): 1, (7, 16): 1, (8, 10): 1, (8, 11): 1, (8, 13): 2, (9, 10): 1, (9, 12): 13, (9, 14): 2, (9, 15): 4, (10, 13): 1, (10, 15): 1, (10, 16): 1, (11, 16): 1, (12, 16): 1, (13, 14): 11, (13, 16): 1, (14, 15): 1, (15, 16): 1}",3168.000000016491
27.0,Graph with 17 nodes and 60 edges,"[[0, 0, 0, 0, 0, 0, 0, 0, 1, 1, 0, 0, 1, 0, 0, 1, 1], [0, 0, 1, 0, 1, 0, 1, 0, 0, 0, 0, 1, 0, 0, 0, 0, 0], [0, 1, 0, 0, 1, 0, 0, 0, 1, 0, 1, 0, 1, 1, 0, 1, 0], [0, 0, 0, 0, 0, 1, 1, 0, 1, 0, 0, 1, 1, 1, 0, 0, 0], [0, 1, 1, 0, 0, 1, 0, 0, 0, 0, 0, 1, 1, 1, 1, 0, 1], [0, 0, 0, 1, 1, 0, 1, 0, 0, 0, 1, 0, 1, 1, 0, 1, 1], [0, 1, 0, 1, 0, 1, 0, 0, 1, 1, 0, 0, 1, 1, 1, 0, 1], [0, 0, 0, 0, 0, 0, 0, 0, 0, 0, 0, 0, 1, 1, 0, 1, 1], [1, 0, 1, 1, 0, 0, 1, 0, 0, 1, 1, 0, 1, 0, 0, 0, 0], [1, 0, 0, 0, 0, 0, 1, 0, 1, 0, 1, 0, 1, 1, 1, 1, 0], [0, 0, 1, 0, 0, 1, 0, 0, 1, 1, 0, 1, 0, 1, 0, 0, 1], [0, 1, 0, 1, 1, 0, 0, 0, 0, 0, 1, 0, 0, 0, 0, 1, 1], [1, 0, 1, 1, 1, 1, 1, 1, 1, 1, 0, 0, 0, 0, 1, 0, 0], [0, 0, 1, 1, 1, 1, 1, 1, 0, 1, 1, 0, 0, 0, 0, 1, 0], [0, 0, 0, 0, 1, 0, 1, 0, 0, 1, 0, 0, 1, 0, 0, 1, 1], [1, 0, 1, 0, 0, 1, 0, 1, 0, 1, 0, 1, 0, 1, 1, 0, 0], [1, 0, 0, 0, 1, 1, 1, 1, 0, 0, 1, 1, 0, 0, 1, 0, 0]]",4.0,7.0,Y,"{0: 11, 1: 4, 2: 116, 3: 109, 4: 102, 5: 95, 6: 88, 7: 81, 8: 74, 9: 67, 10: 60, 11: 53, 12: 46, 13: 39, 14: 32, 15: 25, 16: 18}","{(0, 8): 7, (0, 9): 1, (0, 12): 1, (0, 15): 1, (0, 16): 1, (1, 2): 1, (1, 4): 1, (1, 6): 1, (1, 11): 1, (2, 4): 48, (2, 8): 10, (2, 10): 54, (2, 12): 1, (2, 13): 1, (2, 15): 1, (3, 5): 88, (3, 6): 17, (3, 8): 1, (3, 11): 1, (3, 12): 1, (3, 13): 1, (4, 5): 1, (4, 11): 48, (4, 12): 1, (4, 13): 1, (4, 14): 1, (4, 16): 1, (5, 6): 1, (5, 10): 1, (5, 12): 1, (5, 13): 1, (5, 15): 1, (5, 16): 1, (6, 8): 8, (6, 9): 15, (6, 12): 1, (6, 13): 7, (6, 14): 27, (6, 16): 11, (7, 12): 37, (7, 13): 25, (7, 15): 18, (7, 16): 1, (8, 9): 46, (8, 10): 1, (8, 12): 1, (9, 10): 1, (9, 12): 1, (9, 13): 1, (9, 14): 1, (9, 15): 1, (10, 11): 1, (10, 13): 1, (10, 16): 1, (11, 15): 1, (11, 16): 1, (12, 14): 1, (13, 15): 1, (14, 15): 1, (14, 16): 1}",3308.0000000040855
27.0,Graph with 17 nodes and 60 edges,"[[0, 0, 0, 0, 0, 0, 0, 0, 1, 1, 0, 0, 1, 0, 0, 1, 1], [0, 0, 1, 0, 1, 0, 1, 0, 0, 0, 0, 1, 0, 0, 0, 0, 0], [0, 1, 0, 0, 1, 0, 0, 0, 1, 0, 1, 0, 1, 1, 0, 1, 0], [0, 0, 0, 0, 0, 1, 1, 0, 1, 0, 0, 1, 1, 1, 0, 0, 0], [0, 1, 1, 0, 0, 1, 0, 0, 0, 0, 0, 1, 1, 1, 1, 0, 1], [0, 0, 0, 1, 1, 0, 1, 0, 0, 0, 1, 0, 1, 1, 0, 1, 1], [0, 1, 0, 1, 0, 1, 0, 0, 1, 1, 0, 0, 1, 1, 1, 0, 1], [0, 0, 0, 0, 0, 0, 0, 0, 0, 0, 0, 0, 1, 1, 0, 1, 1], [1, 0, 1, 1, 0, 0, 1, 0, 0, 1, 1, 0, 1, 0, 0, 0, 0], [1, 0, 0, 0, 0, 0, 1, 0, 1, 0, 1, 0, 1, 1, 1, 1, 0], [0, 0, 1, 0, 0, 1, 0, 0, 1, 1, 0, 1, 0, 1, 0, 0, 1], [0, 1, 0, 1, 1, 0, 0, 0, 0, 0, 1, 0, 0, 0, 0, 1, 1], [1, 0, 1, 1, 1, 1, 1, 1, 1, 1, 0, 0, 0, 0, 1, 0, 0], [0, 0, 1, 1, 1, 1, 1, 1, 0, 1, 1, 0, 0, 0, 0, 1, 0], [0, 0, 0, 0, 1, 0, 1, 0, 0, 1, 0, 0, 1, 0, 0, 1, 1], [1, 0, 1, 0, 0, 1, 0, 1, 0, 1, 0, 1, 0, 1, 1, 0, 0], [1, 0, 0, 0, 1, 1, 1, 1, 0, 0, 1, 1, 0, 0, 1, 0, 0]]",4.0,9.0,Y,"{0: 13, 1: 4, 2: 148, 3: 139, 4: 130, 5: 121, 6: 112, 7: 103, 8: 94, 9: 85, 10: 76, 11: 67, 12: 58, 13: 49, 14: 40, 15: 31, 16: 22}","{(0, 8): 9, (0, 9): 1, (0, 12): 1, (0, 15): 1, (0, 16): 1, (1, 2): 1, (1, 4): 1, (1, 6): 1, (1, 11): 1, (2, 4): 28, (2, 8): 46, (2, 10): 70, (2, 12): 1, (2, 13): 1, (2, 15): 1, (3, 5): 107, (3, 6): 1, (3, 8): 28, (3, 11): 1, (3, 12): 1, (3, 13): 1, (4, 5): 1, (4, 11): 62, (4, 12): 1, (4, 13): 1, (4, 14): 35, (4, 16): 1, (5, 6): 1, (5, 10): 1, (5, 12): 1, (5, 13): 8, (5, 15): 1, (5, 16): 1, (6, 8): 8, (6, 9): 78, (6, 12): 1, (6, 13): 20, (6, 14): 1, (6, 16): 1, (7, 12): 49, (7, 13): 15, (7, 15): 24, (7, 16): 15, (8, 9): 1, (8, 10): 1, (8, 12): 1, (9, 10): 1, (9, 12): 1, (9, 13): 1, (9, 14): 1, (9, 15): 1, (10, 11): 1, (10, 13): 1, (10, 16): 1, (11, 15): 1, (11, 16): 1, (12, 14): 1, (13, 15): 1, (14, 15): 1, (14, 16): 1}",3664.0000000147666
32.0,Graph with 17 nodes and 63 edges,"[[0, 0, 1, 0, 0, 1, 0, 1, 1, 0, 0, 0, 1, 0, 0, 1, 0], [0, 0, 0, 0, 0, 0, 0, 0, 0, 0, 1, 1, 0, 0, 0, 0, 0], [1, 0, 0, 0, 0, 1, 0, 1, 1, 1, 1, 0, 0, 0, 0, 0, 1], [0, 0, 0, 0, 0, 0, 1, 1, 1, 0, 1, 1, 0, 0, 0, 1, 0], [0, 0, 0, 0, 0, 0, 1, 0, 1, 1, 0, 1, 1, 1, 1, 1, 1], [1, 0, 1, 0, 0, 0, 1, 0, 0, 1, 0, 1, 1, 1, 0, 1, 1], [0, 0, 0, 1, 1, 1, 0, 0, 1, 0, 0, 1, 1, 1, 1, 0, 1], [1, 0, 1, 1, 0, 0, 0, 0, 0, 0, 0, 1, 1, 1, 0, 0, 0], [1, 0, 1, 1, 1, 0, 1, 0, 0, 1, 1, 0, 1, 1, 0, 0, 1], [0, 0, 1, 0, 1, 1, 0, 0, 1, 0, 0, 1, 1, 0, 0, 1, 1], [0, 1, 1, 1, 0, 0, 0, 0, 1, 0, 0, 0, 1, 0, 1, 0, 0], [0, 1, 0, 1, 1, 1, 1, 1, 0, 1, 0, 0, 1, 0, 1, 0, 1], [1, 0, 0, 0, 1, 1, 1, 1, 1, 1, 1, 1, 0, 1, 1, 0, 0], [0, 0, 0, 0, 1, 1, 1, 1, 1, 0, 0, 0, 1, 0, 0, 1, 0], [0, 0, 0, 0, 1, 0, 1, 0, 0, 0, 1, 1, 1, 0, 0, 0, 1], [1, 0, 0, 1, 1, 1, 0, 0, 0, 1, 0, 0, 0, 1, 0, 0, 0], [0, 0, 1, 0, 1, 1, 1, 0, 1, 1, 0, 1, 0, 0, 1, 0, 0]]",2.0,4.0,Y,"{0: 6, 1: 2, 2: 10, 3: 66, 4: 62, 5: 58, 6: 54, 7: 50, 8: 46, 9: 42, 10: 38, 11: 34, 12: 14, 13: 30, 14: 26, 15: 22, 16: 18}","{(0, 2): 1, (0, 5): 1, (0, 7): 1, (0, 8): 1, (0, 12): 1, (0, 15): 1, (1, 10): 1, (1, 11): 1, (2, 5): 1, (2, 7): 4, (2, 8): 1, (2, 9): 1, (2, 10): 1, (2, 16): 1, (3, 6): 44, (3, 7): 17, (3, 8): 2, (3, 10): 1, (3, 11): 1, (3, 15): 1, (4, 6): 3, (4, 8): 1, (4, 9): 1, (4, 11): 1, (4, 12): 1, (4, 13): 23, (4, 14): 21, (4, 15): 1, (4, 16): 10, (5, 6): 1, (5, 9): 34, (5, 11): 1, (5, 12): 1, (5, 13): 1, (5, 15): 17, (5, 16): 1, (6, 8): 1, (6, 11): 1, (6, 12): 1, (6, 13): 1, (6, 14): 1, (6, 16): 1, (7, 11): 25, (7, 12): 1, (7, 13): 2, (8, 9): 1, (8, 10): 33, (8, 12): 4, (8, 13): 1, (8, 16): 1, (9, 11): 1, (9, 12): 1, (9, 15): 1, (9, 16): 2, (10, 12): 1, (10, 14): 1, (11, 12): 1, (11, 14): 1, (11, 16): 1, (12, 13): 1, (12, 14): 1, (13, 15): 1, (14, 16): 1}",2824.000000032356
32.0,Graph with 17 nodes and 63 edges,"[[0, 0, 1, 0, 0, 1, 0, 1, 1, 0, 0, 0, 1, 0, 0, 1, 0], [0, 0, 0, 0, 0, 0, 0, 0, 0, 0, 1, 1, 0, 0, 0, 0, 0], [1, 0, 0, 0, 0, 1, 0, 1, 1, 1, 1, 0, 0, 0, 0, 0, 1], [0, 0, 0, 0, 0, 0, 1, 1, 1, 0, 1, 1, 0, 0, 0, 1, 0], [0, 0, 0, 0, 0, 0, 1, 0, 1, 1, 0, 1, 1, 1, 1, 1, 1], [1, 0, 1, 0, 0, 0, 1, 0, 0, 1, 0, 1, 1, 1, 0, 1, 1], [0, 0, 0, 1, 1, 1, 0, 0, 1, 0, 0, 1, 1, 1, 1, 0, 1], [1, 0, 1, 1, 0, 0, 0, 0, 0, 0, 0, 1, 1, 1, 0, 0, 0], [1, 0, 1, 1, 1, 0, 1, 0, 0, 1, 1, 0, 1, 1, 0, 0, 1], [0, 0, 1, 0, 1, 1, 0, 0, 1, 0, 0, 1, 1, 0, 0, 1, 1], [0, 1, 1, 1, 0, 0, 0, 0, 1, 0, 0, 0, 1, 0, 1, 0, 0], [0, 1, 0, 1, 1, 1, 1, 1, 0, 1, 0, 0, 1, 0, 1, 0, 1], [1, 0, 0, 0, 1, 1, 1, 1, 1, 1, 1, 1, 0, 1, 1, 0, 0], [0, 0, 0, 0, 1, 1, 1, 1, 1, 0, 0, 0, 1, 0, 0, 1, 0], [0, 0, 0, 0, 1, 0, 1, 0, 0, 0, 1, 1, 1, 0, 0, 0, 1], [1, 0, 0, 1, 1, 1, 0, 0, 0, 1, 0, 0, 0, 1, 0, 0, 0], [0, 0, 1, 0, 1, 1, 1, 0, 1, 1, 0, 1, 0, 0, 1, 0, 0]]",2.0,7.0,Y,"{0: 9, 1: 2, 2: 114, 3: 107, 4: 100, 5: 93, 6: 86, 7: 79, 8: 16, 9: 72, 10: 65, 11: 58, 12: 51, 13: 44, 14: 37, 15: 30, 16: 23}","{(0, 2): 1, (0, 5): 4, (0, 7): 1, (0, 8): 1, (0, 12): 1, (0, 15): 1, (1, 10): 1, (1, 11): 1, (2, 5): 1, (2, 7): 33, (2, 8): 1, (2, 9): 23, (2, 10): 54, (2, 16): 1, (3, 6): 52, (3, 7): 1, (3, 8): 1, (3, 10): 7, (3, 11): 45, (3, 15): 1, (4, 6): 27, (4, 8): 1, (4, 9): 1, (4, 11): 1, (4, 12): 35, (4, 13): 1, (4, 14): 32, (4, 15): 1, (4, 16): 1, (5, 6): 1, (5, 9): 43, (5, 11): 1, (5, 12): 1, (5, 13): 1, (5, 15): 25, (5, 16): 16, (6, 8): 1, (6, 11): 1, (6, 12): 1, (6, 13): 1, (6, 14): 1, (6, 16): 1, (7, 11): 5, (7, 12): 1, (7, 13): 38, (8, 9): 1, (8, 10): 1, (8, 12): 7, (8, 13): 1, (8, 16): 1, (9, 11): 1, (9, 12): 1, (9, 15): 1, (9, 16): 1, (10, 12): 1, (10, 14): 1, (11, 12): 1, (11, 14): 1, (11, 16): 1, (12, 13): 1, (12, 14): 1, (13, 15): 1, (14, 16): 1}",2913.9999999756583
32.0,Graph with 17 nodes and 63 edges,"[[0, 0, 1, 0, 0, 1, 0, 1, 1, 0, 0, 0, 1, 0, 0, 1, 0], [0, 0, 0, 0, 0, 0, 0, 0, 0, 0, 1, 1, 0, 0, 0, 0, 0], [1, 0, 0, 0, 0, 1, 0, 1, 1, 1, 1, 0, 0, 0, 0, 0, 1], [0, 0, 0, 0, 0, 0, 1, 1, 1, 0, 1, 1, 0, 0, 0, 1, 0], [0, 0, 0, 0, 0, 0, 1, 0, 1, 1, 0, 1, 1, 1, 1, 1, 1], [1, 0, 1, 0, 0, 0, 1, 0, 0, 1, 0, 1, 1, 1, 0, 1, 1], [0, 0, 0, 1, 1, 1, 0, 0, 1, 0, 0, 1, 1, 1, 1, 0, 1], [1, 0, 1, 1, 0, 0, 0, 0, 0, 0, 0, 1, 1, 1, 0, 0, 0], [1, 0, 1, 1, 1, 0, 1, 0, 0, 1, 1, 0, 1, 1, 0, 0, 1], [0, 0, 1, 0, 1, 1, 0, 0, 1, 0, 0, 1, 1, 0, 0, 1, 1], [0, 1, 1, 1, 0, 0, 0, 0, 1, 0, 0, 0, 1, 0, 1, 0, 0], [0, 1, 0, 1, 1, 1, 1, 1, 0, 1, 0, 0, 1, 0, 1, 0, 1], [1, 0, 0, 0, 1, 1, 1, 1, 1, 1, 1, 1, 0, 1, 1, 0, 0], [0, 0, 0, 0, 1, 1, 1, 1, 1, 0, 0, 0, 1, 0, 0, 1, 0], [0, 0, 0, 0, 1, 0, 1, 0, 0, 0, 1, 1, 1, 0, 0, 0, 1], [1, 0, 0, 1, 1, 1, 0, 0, 0, 1, 0, 0, 0, 1, 0, 0, 0], [0, 0, 1, 0, 1, 1, 1, 0, 1, 1, 0, 1, 0, 0, 1, 0, 0]]",4.0,6.0,Y,"{0: 10, 1: 4, 2: 100, 3: 94, 4: 88, 5: 82, 6: 76, 7: 70, 8: 64, 9: 58, 10: 52, 11: 46, 12: 16, 13: 40, 14: 34, 15: 28, 16: 22}","{(0, 2): 1, (0, 5): 5, (0, 7): 1, (0, 8): 1, (0, 12): 1, (0, 15): 1, (1, 10): 3, (1, 11): 1, (2, 5): 54, (2, 7): 1, (2, 8): 1, (2, 9): 31, (2, 10): 1, (2, 16): 11, (3, 6): 68, (3, 7): 1, (3, 8): 1, (3, 10): 12, (3, 11): 1, (3, 15): 11, (4, 6): 1, (4, 8): 55, (4, 9): 21, (4, 11): 1, (4, 12): 1, (4, 13): 6, (4, 14): 1, (4, 15): 1, (4, 16): 1, (5, 6): 1, (5, 9): 1, (5, 11): 1, (5, 12): 1, (5, 13): 1, (5, 15): 13, (5, 16): 5, (6, 8): 1, (6, 11): 1, (6, 12): 1, (6, 13): 1, (6, 14): 1, (6, 16): 1, (7, 11): 37, (7, 12): 1, (7, 13): 29, (8, 9): 1, (8, 10): 1, (8, 12): 1, (8, 13): 1, (8, 16): 1, (9, 11): 1, (9, 12): 1, (9, 15): 1, (9, 16): 1, (10, 12): 6, (10, 14): 29, (11, 12): 1, (11, 14): 1, (11, 16): 1, (12, 13): 1, (12, 14): 1, (13, 15): 1, (14, 16): 1}",3239.0000000077634
34.0,Graph with 17 nodes and 62 edges,"[[0, 1, 1, 1, 0, 1, 0, 0, 0, 0, 1, 0, 0, 0, 1, 1, 1], [1, 0, 0, 1, 1, 1, 1, 0, 1, 1, 1, 1, 1, 0, 0, 0, 0], [1, 0, 0, 1, 1, 1, 1, 1, 1, 0, 0, 0, 0, 1, 0, 1, 0], [1, 1, 1, 0, 0, 1, 0, 1, 1, 1, 0, 1, 0, 0, 0, 0, 1], [0, 1, 1, 0, 0, 0, 1, 0, 0, 1, 1, 0, 0, 1, 1, 1, 0], [1, 1, 1, 1, 0, 0, 0, 0, 0, 0, 1, 1, 1, 0, 0, 0, 0], [0, 1, 1, 0, 1, 0, 0, 0, 0, 0, 1, 0, 1, 1, 1, 1, 1], [0, 0, 1, 1, 0, 0, 0, 0, 0, 1, 0, 0, 1, 0, 0, 0, 0], [0, 1, 1, 1, 0, 0, 0, 0, 0, 1, 0, 1, 1, 1, 0, 0, 0], [0, 1, 0, 1, 1, 0, 0, 1, 1, 0, 0, 0, 1, 0, 0, 1, 1], [1, 1, 0, 0, 1, 1, 1, 0, 0, 0, 0, 0, 0, 0, 0, 0, 0], [0, 1, 0, 1, 0, 1, 0, 0, 1, 0, 0, 0, 0, 0, 0, 1, 1], [0, 1, 0, 0, 0, 1, 1, 1, 1, 1, 0, 0, 0, 1, 0, 0, 1], [0, 0, 1, 0, 1, 0, 1, 0, 1, 0, 0, 0, 1, 0, 0, 1, 0], [1, 0, 0, 0, 1, 0, 1, 0, 0, 0, 0, 0, 0, 0, 0, 0, 1], [1, 0, 1, 0, 1, 0, 1, 0, 0, 1, 0, 1, 0, 1, 0, 0, 1], [1, 0, 0, 1, 0, 0, 1, 0, 0, 1, 0, 1, 1, 0, 1, 1, 0]]",4.0,7.0,Y,"{0: 11, 1: 116, 2: 109, 3: 102, 4: 95, 5: 88, 6: 81, 7: 4, 8: 74, 9: 67, 10: 60, 11: 53, 12: 46, 13: 39, 14: 32, 15: 25, 16: 18}","{(0, 1): 1, (0, 2): 1, (0, 3): 1, (0, 5): 4, (0, 10): 1, (0, 14): 1, (0, 15): 1, (0, 16): 1, (1, 3): 1, (1, 4): 8, (1, 5): 1, (1, 6): 64, (1, 8): 30, (1, 9): 8, (1, 10): 1, (1, 11): 1, (1, 12): 1, (2, 3): 37, (2, 4): 1, (2, 5): 24, (2, 6): 1, (2, 7): 1, (2, 8): 1, (2, 13): 25, (2, 15): 18, (3, 5): 1, (3, 7): 1, (3, 8): 1, (3, 9): 1, (3, 11): 48, (3, 16): 11, (4, 6): 1, (4, 9): 53, (4, 10): 1, (4, 13): 1, (4, 14): 29, (4, 15): 1, (5, 10): 56, (5, 11): 1, (5, 12): 1, (6, 10): 1, (6, 12): 1, (6, 13): 10, (6, 14): 1, (6, 15): 1, (6, 16): 1, (7, 9): 1, (7, 12): 1, (8, 9): 1, (8, 11): 1, (8, 12): 39, (8, 13): 1, (9, 12): 1, (9, 15): 1, (9, 16): 1, (11, 15): 1, (11, 16): 1, (12, 13): 1, (12, 16): 1, (13, 15): 1, (14, 16): 1, (15, 16): 1}",2865.000000042528
34.0,Graph with 17 nodes and 62 edges,"[[0, 1, 1, 1, 0, 1, 0, 0, 0, 0, 1, 0, 0, 0, 1, 1, 1], [1, 0, 0, 1, 1, 1, 1, 0, 1, 1, 1, 1, 1, 0, 0, 0, 0], [1, 0, 0, 1, 1, 1, 1, 1, 1, 0, 0, 0, 0, 1, 0, 1, 0], [1, 1, 1, 0, 0, 1, 0, 1, 1, 1, 0, 1, 0, 0, 0, 0, 1], [0, 1, 1, 0, 0, 0, 1, 0, 0, 1, 1, 0, 0, 1, 1, 1, 0], [1, 1, 1, 1, 0, 0, 0, 0, 0, 0, 1, 1, 1, 0, 0, 0, 0], [0, 1, 1, 0, 1, 0, 0, 0, 0, 0, 1, 0, 1, 1, 1, 1, 1], [0, 0, 1, 1, 0, 0, 0, 0, 0, 1, 0, 0, 1, 0, 0, 0, 0], [0, 1, 1, 1, 0, 0, 0, 0, 0, 1, 0, 1, 1, 1, 0, 0, 0], [0, 1, 0, 1, 1, 0, 0, 1, 1, 0, 0, 0, 1, 0, 0, 1, 1], [1, 1, 0, 0, 1, 1, 1, 0, 0, 0, 0, 0, 0, 0, 0, 0, 0], [0, 1, 0, 1, 0, 1, 0, 0, 1, 0, 0, 0, 0, 0, 0, 1, 1], [0, 1, 0, 0, 0, 1, 1, 1, 1, 1, 0, 0, 0, 1, 0, 0, 1], [0, 0, 1, 0, 1, 0, 1, 0, 1, 0, 0, 0, 1, 0, 0, 1, 0], [1, 0, 0, 0, 1, 0, 1, 0, 0, 0, 0, 0, 0, 0, 0, 0, 1], [1, 0, 1, 0, 1, 0, 1, 0, 0, 1, 0, 1, 0, 1, 0, 0, 1], [1, 0, 0, 1, 0, 0, 1, 0, 0, 1, 0, 1, 1, 0, 1, 1, 0]]",4.0,9.0,Y,"{0: 13, 1: 148, 2: 139, 3: 130, 4: 121, 5: 112, 6: 103, 7: 4, 8: 94, 9: 85, 10: 76, 11: 67, 12: 58, 13: 49, 14: 40, 15: 31, 16: 22}","{(0, 1): 1, (0, 2): 1, (0, 3): 6, (0, 5): 1, (0, 10): 1, (0, 14): 1, (0, 15): 1, (0, 16): 1, (1, 3): 1, (1, 4): 70, (1, 5): 1, (1, 6): 64, (1, 8): 1, (1, 9): 1, (1, 10): 7, (1, 11): 1, (1, 12): 1, (2, 3): 42, (2, 4): 1, (2, 5): 1, (2, 6): 24, (2, 7): 1, (2, 8): 1, (2, 13): 44, (2, 15): 24, (3, 5): 1, (3, 7): 1, (3, 8): 1, (3, 9): 1, (3, 11): 62, (3, 16): 15, (4, 6): 9, (4, 9): 1, (4, 10): 1, (4, 13): 1, (4, 14): 37, (4, 15): 1, (5, 10): 66, (5, 11): 1, (5, 12): 41, (6, 10): 1, (6, 12): 1, (6, 13): 1, (6, 14): 1, (6, 15): 1, (6, 16): 1, (7, 9): 1, (7, 12): 1, (8, 9): 78, (8, 11): 1, (8, 12): 11, (8, 13): 1, (9, 12): 1, (9, 15): 1, (9, 16): 1, (11, 15): 1, (11, 16): 1, (12, 13): 1, (12, 16): 1, (13, 15): 1, (14, 16): 1, (15, 16): 1}",3183.000000035463
35.0,Graph with 17 nodes and 63 edges,"[[0, 0, 0, 1, 0, 0, 1, 0, 1, 1, 0, 1, 1, 1, 1, 0, 1], [0, 0, 1, 0, 0, 1, 0, 0, 1, 1, 0, 1, 0, 0, 0, 1, 0], [0, 1, 0, 0, 1, 1, 0, 0, 0, 0, 1, 0, 0, 1, 1, 0, 0], [1, 0, 0, 0, 1, 1, 0, 1, 0, 1, 0, 0, 0, 1, 0, 0, 0], [0, 0, 1, 1, 0, 1, 0, 1, 0, 1, 0, 0, 0, 0, 0, 1, 1], [0, 1, 1, 1, 1, 0, 1, 0, 0, 1, 0, 1, 1, 0, 1, 0, 1], [1, 0, 0, 0, 0, 1, 0, 1, 0, 1, 0, 1, 0, 1, 1, 0, 1], [0, 0, 0, 1, 1, 0, 1, 0, 1, 0, 1, 1, 1, 0, 0, 1, 1], [1, 1, 0, 0, 0, 0, 0, 1, 0, 1, 0, 1, 1, 0, 0, 0, 1], [1, 1, 0, 1, 1, 1, 1, 0, 1, 0, 0, 1, 0, 0, 0, 1, 0], [0, 0, 1, 0, 0, 0, 0, 1, 0, 0, 0, 0, 1, 0, 0, 0, 1], [1, 1, 0, 0, 0, 1, 1, 1, 1, 1, 0, 0, 1, 0, 0, 1, 0], [1, 0, 0, 0, 0, 1, 0, 1, 1, 0, 1, 1, 0, 1, 0, 1, 0], [1, 0, 1, 1, 0, 0, 1, 0, 0, 0, 0, 0, 1, 0, 1, 1, 0], [1, 0, 1, 0, 0, 1, 1, 0, 0, 0, 0, 0, 0, 1, 0, 0, 1], [0, 1, 0, 0, 1, 0, 0, 1, 0, 1, 0, 1, 1, 1, 0, 0, 0], [1, 0, 0, 0, 1, 1, 1, 1, 1, 0, 1, 0, 0, 0, 1, 0, 0]]",4.0,7.0,Y,"{0: 11, 1: 116, 2: 109, 3: 102, 4: 95, 5: 88, 6: 81, 7: 74, 8: 67, 9: 60, 10: 4, 11: 53, 12: 46, 13: 39, 14: 32, 15: 25, 16: 18}","{(0, 3): 1, (0, 6): 1, (0, 8): 3, (0, 9): 1, (0, 11): 1, (0, 12): 1, (0, 13): 1, (0, 14): 1, (0, 16): 1, (1, 2): 47, (1, 5): 65, (1, 8): 1, (1, 9): 1, (1, 11): 1, (1, 15): 1, (2, 4): 58, (2, 5): 1, (2, 10): 1, (2, 13): 1, (2, 14): 1, (3, 4): 32, (3, 5): 1, (3, 7): 66, (3, 9): 1, (3, 13): 1, (4, 5): 1, (4, 7): 1, (4, 9): 1, (4, 15): 1, (4, 16): 1, (5, 6): 15, (5, 9): 1, (5, 11): 1, (5, 12): 1, (5, 14): 1, (5, 16): 1, (6, 7): 1, (6, 9): 1, (6, 11): 1, (6, 13): 33, (6, 14): 27, (6, 16): 2, (7, 8): 1, (7, 10): 1, (7, 11): 1, (7, 12): 1, (7, 15): 1, (7, 16): 1, (8, 9): 1, (8, 11): 12, (8, 12): 39, (8, 16): 10, (9, 11): 34, (9, 15): 19, (10, 12): 1, (10, 16): 1, (11, 12): 1, (11, 15): 1, (12, 13): 1, (12, 15): 1, (13, 14): 1, (13, 15): 1, (14, 16): 1}",3110.999999989872
38.0,Graph with 17 nodes and 62 edges,"[[0, 1, 1, 0, 1, 1, 1, 1, 1, 0, 0, 0, 0, 1, 0, 1, 1], [1, 0, 1, 0, 0, 1, 0, 0, 0, 1, 1, 0, 1, 1, 1, 1, 0], [1, 1, 0, 1, 1, 0, 1, 1, 1, 1, 1, 0, 0, 0, 0, 1, 0], [0, 0, 1, 0, 0, 1, 0, 0, 0, 1, 0, 0, 1, 1, 1, 1, 1], [1, 0, 1, 0, 0, 0, 1, 0, 0, 0, 0, 1, 1, 1, 0, 1, 1], [1, 1, 0, 1, 0, 0, 0, 1, 0, 0, 0, 0, 0, 1, 1, 1, 0], [1, 0, 1, 0, 1, 0, 0, 1, 0, 0, 0, 0, 0, 0, 1, 0, 1], [1, 0, 1, 0, 0, 1, 1, 0, 1, 0, 0, 0, 0, 0, 1, 1, 0], [1, 0, 1, 0, 0, 0, 0, 1, 0, 0, 0, 0, 0, 1, 0, 0, 1], [0, 1, 1, 1, 0, 0, 0, 0, 0, 0, 1, 1, 0, 1, 0, 0, 0], [0, 1, 1, 0, 0, 0, 0, 0, 0, 1, 0, 1, 0, 0, 0, 1, 0], [0, 0, 0, 0, 1, 0, 0, 0, 0, 1, 1, 0, 0, 1, 0, 0, 1], [0, 1, 0, 1, 1, 0, 0, 0, 0, 0, 0, 0, 0, 1, 0, 0, 0], [1, 1, 0, 1, 1, 1, 0, 0, 1, 1, 0, 1, 1, 0, 0, 1, 0], [0, 1, 0, 1, 0, 1, 1, 1, 0, 0, 0, 0, 0, 0, 0, 1, 1], [1, 1, 1, 1, 1, 1, 0, 1, 0, 0, 1, 0, 0, 1, 1, 0, 0], [1, 0, 0, 1, 1, 0, 1, 0, 1, 0, 0, 1, 0, 0, 1, 0, 0]]",4.0,4.0,Y,"{0: 12, 1: 68, 2: 64, 3: 8, 4: 60, 5: 56, 6: 52, 7: 48, 8: 44, 9: 40, 10: 36, 11: 32, 12: 4, 13: 28, 14: 24, 15: 20, 16: 16}","{(0, 1): 3, (0, 2): 1, (0, 4): 1, (0, 5): 1, (0, 6): 1, (0, 7): 1, (0, 8): 1, (0, 13): 1, (0, 15): 1, (0, 16): 1, (1, 2): 35, (1, 5): 1, (1, 9): 1, (1, 10): 6, (1, 12): 1, (1, 13): 19, (1, 14): 1, (1, 15): 1, (2, 3): 1, (2, 4): 1, (2, 6): 1, (2, 7): 1, (2, 8): 21, (2, 9): 1, (2, 10): 1, (2, 15): 1, (3, 5): 1, (3, 9): 1, (3, 12): 1, (3, 13): 1, (3, 14): 1, (3, 15): 1, (3, 16): 1, (4, 6): 47, (4, 11): 7, (4, 12): 1, (4, 13): 1, (4, 15): 1, (4, 16): 1, (5, 7): 23, (5, 13): 1, (5, 14): 18, (5, 15): 11, (6, 7): 1, (6, 14): 1, (6, 16): 1, (7, 8): 20, (7, 14): 1, (7, 15): 1, (8, 13): 1, (8, 16): 1, (9, 10): 25, (9, 11): 11, (9, 13): 1, (10, 11): 3, (10, 15): 1, (11, 13): 1, (11, 16): 10, (12, 13): 1, (13, 15): 1, (14, 15): 1, (14, 16): 1}",3726.000000028762
38.0,Graph with 17 nodes and 62 edges,"[[0, 1, 1, 0, 1, 1, 1, 1, 1, 0, 0, 0, 0, 1, 0, 1, 1], [1, 0, 1, 0, 0, 1, 0, 0, 0, 1, 1, 0, 1, 1, 1, 1, 0], [1, 1, 0, 1, 1, 0, 1, 1, 1, 1, 1, 0, 0, 0, 0, 1, 0], [0, 0, 1, 0, 0, 1, 0, 0, 0, 1, 0, 0, 1, 1, 1, 1, 1], [1, 0, 1, 0, 0, 0, 1, 0, 0, 0, 0, 1, 1, 1, 0, 1, 1], [1, 1, 0, 1, 0, 0, 0, 1, 0, 0, 0, 0, 0, 1, 1, 1, 0], [1, 0, 1, 0, 1, 0, 0, 1, 0, 0, 0, 0, 0, 0, 1, 0, 1], [1, 0, 1, 0, 0, 1, 1, 0, 1, 0, 0, 0, 0, 0, 1, 1, 0], [1, 0, 1, 0, 0, 0, 0, 1, 0, 0, 0, 0, 0, 1, 0, 0, 1], [0, 1, 1, 1, 0, 0, 0, 0, 0, 0, 1, 1, 0, 1, 0, 0, 0], [0, 1, 1, 0, 0, 0, 0, 0, 0, 1, 0, 1, 0, 0, 0, 1, 0], [0, 0, 0, 0, 1, 0, 0, 0, 0, 1, 1, 0, 0, 1, 0, 0, 1], [0, 1, 0, 1, 1, 0, 0, 0, 0, 0, 0, 0, 0, 1, 0, 0, 0], [1, 1, 0, 1, 1, 1, 0, 0, 1, 1, 0, 1, 1, 0, 0, 1, 0], [0, 1, 0, 1, 0, 1, 1, 1, 0, 0, 0, 0, 0, 0, 0, 1, 1], [1, 1, 1, 1, 1, 1, 0, 1, 0, 0, 1, 0, 0, 1, 1, 0, 0], [1, 0, 0, 1, 1, 0, 1, 0, 1, 0, 0, 1, 0, 0, 1, 0, 0]]",4.0,5.0,Y,"{0: 14, 1: 9, 2: 84, 3: 79, 4: 74, 5: 69, 6: 64, 7: 59, 8: 54, 9: 49, 10: 44, 11: 39, 12: 4, 13: 34, 14: 29, 15: 24, 16: 19}","{(0, 1): 1, (0, 2): 1, (0, 4): 1, (0, 5): 1, (0, 6): 1, (0, 7): 1, (0, 8): 1, (0, 13): 5, (0, 15): 1, (0, 16): 1, (1, 2): 1, (1, 5): 1, (1, 9): 1, (1, 10): 1, (1, 12): 1, (1, 13): 1, (1, 14): 1, (1, 15): 1, (2, 3): 24, (2, 4): 9, (2, 6): 1, (2, 7): 1, (2, 8): 1, (2, 9): 5, (2, 10): 40, (2, 15): 1, (3, 5): 44, (3, 9): 6, (3, 12): 1, (3, 13): 1, (3, 14): 1, (3, 15): 1, (3, 16): 1, (4, 6): 59, (4, 11): 1, (4, 12): 1, (4, 13): 1, (4, 15): 1, (4, 16): 1, (5, 7): 4, (5, 13): 7, (5, 14): 11, (5, 15): 1, (6, 7): 1, (6, 14): 1, (6, 16): 1, (7, 8): 50, (7, 14): 1, (7, 15): 1, (8, 13): 1, (8, 16): 1, (9, 10): 1, (9, 11): 35, (9, 13): 1, (10, 11): 1, (10, 15): 1, (11, 13): 1, (11, 16): 1, (12, 13): 1, (13, 15): 15, (14, 15): 1, (14, 16): 13}",3270.9999999838146
38.0,Graph with 17 nodes and 62 edges,"[[0, 1, 1, 0, 1, 1, 1, 1, 1, 0, 0, 0, 0, 1, 0, 1, 1], [1, 0, 1, 0, 0, 1, 0, 0, 0, 1, 1, 0, 1, 1, 1, 1, 0], [1, 1, 0, 1, 1, 0, 1, 1, 1, 1, 1, 0, 0, 0, 0, 1, 0], [0, 0, 1, 0, 0, 1, 0, 0, 0, 1, 0, 0, 1, 1, 1, 1, 1], [1, 0, 1, 0, 0, 0, 1, 0, 0, 0, 0, 1, 1, 1, 0, 1, 1], [1, 1, 0, 1, 0, 0, 0, 1, 0, 0, 0, 0, 0, 1, 1, 1, 0], [1, 0, 1, 0, 1, 0, 0, 1, 0, 0, 0, 0, 0, 0, 1, 0, 1], [1, 0, 1, 0, 0, 1, 1, 0, 1, 0, 0, 0, 0, 0, 1, 1, 0], [1, 0, 1, 0, 0, 0, 0, 1, 0, 0, 0, 0, 0, 1, 0, 0, 1], [0, 1, 1, 1, 0, 0, 0, 0, 0, 0, 1, 1, 0, 1, 0, 0, 0], [0, 1, 1, 0, 0, 0, 0, 0, 0, 1, 0, 1, 0, 0, 0, 1, 0], [0, 0, 0, 0, 1, 0, 0, 0, 0, 1, 1, 0, 0, 1, 0, 0, 1], [0, 1, 0, 1, 1, 0, 0, 0, 0, 0, 0, 0, 0, 1, 0, 0, 0], [1, 1, 0, 1, 1, 1, 0, 0, 1, 1, 0, 1, 1, 0, 0, 1, 0], [0, 1, 0, 1, 0, 1, 1, 1, 0, 0, 0, 0, 0, 0, 0, 1, 1], [1, 1, 1, 1, 1, 1, 0, 1, 0, 0, 1, 0, 0, 1, 1, 0, 0], [1, 0, 0, 1, 1, 0, 1, 0, 1, 0, 0, 1, 0, 0, 1, 0, 0]]",4.0,6.0,Y,"{0: 10, 1: 100, 2: 94, 3: 88, 4: 82, 5: 76, 6: 70, 7: 64, 8: 58, 9: 52, 10: 46, 11: 40, 12: 4, 13: 34, 14: 28, 15: 22, 16: 16}","{(0, 1): 1, (0, 2): 1, (0, 4): 1, (0, 5): 1, (0, 6): 1, (0, 7): 1, (0, 8): 1, (0, 13): 1, (0, 15): 1, (0, 16): 1, (1, 2): 1, (1, 5): 5, (1, 9): 47, (1, 10): 42, (1, 12): 1, (1, 13): 1, (1, 14): 1, (1, 15): 1, (2, 3): 56, (2, 4): 18, (2, 6): 13, (2, 7): 1, (2, 8): 1, (2, 9): 1, (2, 10): 1, (2, 15): 1, (3, 5): 26, (3, 9): 1, (3, 12): 1, (3, 13): 1, (3, 14): 1, (3, 15): 1, (3, 16): 1, (4, 6): 23, (4, 11): 36, (4, 12): 1, (4, 13): 1, (4, 15): 1, (4, 16): 1, (5, 7): 29, (5, 13): 1, (5, 14): 1, (5, 15): 13, (6, 7): 1, (6, 14): 22, (6, 16): 10, (7, 8): 30, (7, 14): 1, (7, 15): 1, (8, 13): 25, (8, 16): 1, (9, 10): 1, (9, 11): 1, (9, 13): 1, (10, 11): 1, (10, 15): 1, (11, 13): 1, (11, 16): 1, (12, 13): 1, (13, 15): 1, (14, 15): 1, (14, 16): 1}",3210.000000024138
38.0,Graph with 17 nodes and 62 edges,"[[0, 1, 1, 0, 1, 1, 1, 1, 1, 0, 0, 0, 0, 1, 0, 1, 1], [1, 0, 1, 0, 0, 1, 0, 0, 0, 1, 1, 0, 1, 1, 1, 1, 0], [1, 1, 0, 1, 1, 0, 1, 1, 1, 1, 1, 0, 0, 0, 0, 1, 0], [0, 0, 1, 0, 0, 1, 0, 0, 0, 1, 0, 0, 1, 1, 1, 1, 1], [1, 0, 1, 0, 0, 0, 1, 0, 0, 0, 0, 1, 1, 1, 0, 1, 1], [1, 1, 0, 1, 0, 0, 0, 1, 0, 0, 0, 0, 0, 1, 1, 1, 0], [1, 0, 1, 0, 1, 0, 0, 1, 0, 0, 0, 0, 0, 0, 1, 0, 1], [1, 0, 1, 0, 0, 1, 1, 0, 1, 0, 0, 0, 0, 0, 1, 1, 0], [1, 0, 1, 0, 0, 0, 0, 1, 0, 0, 0, 0, 0, 1, 0, 0, 1], [0, 1, 1, 1, 0, 0, 0, 0, 0, 0, 1, 1, 0, 1, 0, 0, 0], [0, 1, 1, 0, 0, 0, 0, 0, 0, 1, 0, 1, 0, 0, 0, 1, 0], [0, 0, 0, 0, 1, 0, 0, 0, 0, 1, 1, 0, 0, 1, 0, 0, 1], [0, 1, 0, 1, 1, 0, 0, 0, 0, 0, 0, 0, 0, 1, 0, 0, 0], [1, 1, 0, 1, 1, 1, 0, 0, 1, 1, 0, 1, 1, 0, 0, 1, 0], [0, 1, 0, 1, 0, 1, 1, 1, 0, 0, 0, 0, 0, 0, 0, 1, 1], [1, 1, 1, 1, 1, 1, 0, 1, 0, 0, 1, 0, 0, 1, 1, 0, 0], [1, 0, 0, 1, 1, 0, 1, 0, 1, 0, 0, 1, 0, 0, 1, 0, 0]]",4.0,9.0,Y,"{0: 13, 1: 148, 2: 139, 3: 130, 4: 121, 5: 112, 6: 103, 7: 94, 8: 85, 9: 76, 10: 67, 11: 58, 12: 4, 13: 49, 14: 40, 15: 31, 16: 22}","{(0, 1): 1, (0, 2): 1, (0, 4): 4, (0, 5): 1, (0, 6): 1, (0, 7): 1, (0, 8): 1, (0, 13): 1, (0, 15): 1, (0, 16): 1, (1, 2): 1, (1, 5): 8, (1, 9): 71, (1, 10): 63, (1, 12): 1, (1, 13): 1, (1, 14): 1, (1, 15): 1, (2, 3): 92, (2, 4): 24, (2, 6): 16, (2, 7): 1, (2, 8): 1, (2, 9): 1, (2, 10): 1, (2, 15): 1, (3, 5): 32, (3, 9): 1, (3, 12): 1, (3, 13): 1, (3, 14): 1, (3, 15): 1, (3, 16): 1, (4, 6): 35, (4, 11): 54, (4, 12): 1, (4, 13): 1, (4, 15): 1, (4, 16): 1, (5, 7): 8, (5, 13): 40, (5, 14): 1, (5, 15): 22, (6, 7): 1, (6, 14): 34, (6, 16): 16, (7, 8): 81, (7, 14): 1, (7, 15): 1, (8, 13): 1, (8, 16): 1, (9, 10): 1, (9, 11): 1, (9, 13): 1, (10, 11): 1, (10, 15): 1, (11, 13): 1, (11, 16): 1, (12, 13): 1, (13, 15): 1, (14, 15): 1, (14, 16): 1}",2929.9999999921056
41.0,Graph with 17 nodes and 66 edges,"[[0, 1, 0, 1, 0, 1, 1, 0, 0, 1, 1, 0, 1, 1, 0, 0, 1], [1, 0, 1, 1, 0, 0, 1, 0, 1, 1, 1, 0, 1, 0, 0, 0, 0], [0, 1, 0, 1, 0, 0, 0, 0, 1, 1, 1, 1, 0, 0, 0, 1, 1], [1, 1, 1, 0, 0, 1, 1, 0, 0, 1, 0, 1, 1, 0, 1, 0, 0], [0, 0, 0, 0, 0, 0, 0, 1, 1, 0, 0, 1, 1, 1, 0, 1, 0], [1, 0, 0, 1, 0, 0, 1, 1, 1, 1, 0, 1, 1, 0, 1, 0, 0], [1, 1, 0, 1, 0, 1, 0, 0, 1, 0, 0, 1, 1, 0, 0, 0, 0], [0, 0, 0, 0, 1, 1, 0, 0, 1, 1, 0, 0, 1, 1, 0, 0, 0], [0, 1, 1, 0, 1, 1, 1, 1, 0, 1, 0, 1, 1, 0, 1, 1, 0], [1, 1, 1, 1, 0, 1, 0, 1, 1, 0, 1, 1, 1, 1, 0, 1, 0], [1, 1, 1, 0, 0, 0, 0, 0, 0, 1, 0, 1, 0, 0, 1, 0, 0], [0, 0, 1, 1, 1, 1, 1, 0, 1, 1, 1, 0, 0, 0, 1, 0, 1], [1, 1, 0, 1, 1, 1, 1, 1, 1, 1, 0, 0, 0, 0, 1, 0, 0], [1, 0, 0, 0, 1, 0, 0, 1, 0, 1, 0, 0, 0, 0, 0, 0, 1], [0, 0, 0, 1, 0, 1, 0, 0, 1, 0, 1, 1, 1, 0, 0, 0, 1], [0, 0, 1, 0, 1, 0, 0, 0, 1, 1, 0, 0, 0, 0, 0, 0, 0], [1, 0, 1, 0, 0, 0, 0, 0, 0, 0, 0, 1, 0, 1, 1, 0, 0]]",4.0,4.0,Y,"{0: 12, 1: 8, 2: 68, 3: 64, 4: 60, 5: 56, 6: 52, 7: 48, 8: 44, 9: 40, 10: 36, 11: 32, 12: 28, 13: 24, 14: 20, 15: 4, 16: 16}","{(0, 1): 1, (0, 3): 1, (0, 5): 1, (0, 6): 4, (0, 9): 1, (0, 10): 1, (0, 12): 1, (0, 13): 1, (0, 16): 1, (1, 2): 1, (1, 3): 1, (1, 6): 1, (1, 8): 1, (1, 9): 1, (1, 10): 1, (1, 12): 1, (2, 3): 1, (2, 8): 1, (2, 9): 1, (2, 10): 31, (2, 11): 20, (2, 15): 1, (2, 16): 12, (3, 5): 28, (3, 6): 1, (3, 9): 29, (3, 11): 1, (3, 12): 1, (3, 14): 1, (4, 7): 39, (4, 8): 1, (4, 11): 1, (4, 12): 1, (4, 13): 16, (4, 15): 1, (5, 6): 1, (5, 7): 1, (5, 8): 1, (5, 9): 1, (5, 11): 4, (5, 12): 7, (5, 14): 11, (6, 8): 31, (6, 11): 1, (6, 12): 12, (7, 8): 1, (7, 9): 1, (7, 12): 1, (7, 13): 4, (8, 9): 1, (8, 11): 1, (8, 12): 1, (8, 14): 3, (8, 15): 1, (9, 10): 1, (9, 11): 1, (9, 12): 1, (9, 13): 1, (9, 15): 1, (10, 11): 1, (10, 14): 1, (11, 14): 1, (11, 16): 1, (12, 14): 1, (13, 16): 1, (14, 16): 1}",2988.9999999568317
41.0,Graph with 17 nodes and 66 edges,"[[0, 1, 0, 1, 0, 1, 1, 0, 0, 1, 1, 0, 1, 1, 0, 0, 1], [1, 0, 1, 1, 0, 0, 1, 0, 1, 1, 1, 0, 1, 0, 0, 0, 0], [0, 1, 0, 1, 0, 0, 0, 0, 1, 1, 1, 1, 0, 0, 0, 1, 1], [1, 1, 1, 0, 0, 1, 1, 0, 0, 1, 0, 1, 1, 0, 1, 0, 0], [0, 0, 0, 0, 0, 0, 0, 1, 1, 0, 0, 1, 1, 1, 0, 1, 0], [1, 0, 0, 1, 0, 0, 1, 1, 1, 1, 0, 1, 1, 0, 1, 0, 0], [1, 1, 0, 1, 0, 1, 0, 0, 1, 0, 0, 1, 1, 0, 0, 0, 0], [0, 0, 0, 0, 1, 1, 0, 0, 1, 1, 0, 0, 1, 1, 0, 0, 0], [0, 1, 1, 0, 1, 1, 1, 1, 0, 1, 0, 1, 1, 0, 1, 1, 0], [1, 1, 1, 1, 0, 1, 0, 1, 1, 0, 1, 1, 1, 1, 0, 1, 0], [1, 1, 1, 0, 0, 0, 0, 0, 0, 1, 0, 1, 0, 0, 1, 0, 0], [0, 0, 1, 1, 1, 1, 1, 0, 1, 1, 1, 0, 0, 0, 1, 0, 1], [1, 1, 0, 1, 1, 1, 1, 1, 1, 1, 0, 0, 0, 0, 1, 0, 0], [1, 0, 0, 0, 1, 0, 0, 1, 0, 1, 0, 0, 0, 0, 0, 0, 1], [0, 0, 0, 1, 0, 1, 0, 0, 1, 0, 1, 1, 1, 0, 0, 0, 1], [0, 0, 1, 0, 1, 0, 0, 0, 1, 1, 0, 0, 0, 0, 0, 0, 0], [1, 0, 1, 0, 0, 0, 0, 0, 0, 0, 0, 1, 0, 1, 1, 0, 0]]",4.0,6.0,Y,"{0: 10, 1: 100, 2: 94, 3: 88, 4: 82, 5: 76, 6: 70, 7: 64, 8: 16, 9: 58, 10: 52, 11: 46, 12: 40, 13: 34, 14: 28, 15: 4, 16: 22}","{(0, 1): 1, (0, 3): 1, (0, 5): 1, (0, 6): 1, (0, 9): 1, (0, 10): 2, (0, 12): 1, (0, 13): 1, (0, 16): 1, (1, 2): 65, (1, 3): 1, (1, 6): 1, (1, 8): 1, (1, 9): 5, (1, 10): 25, (1, 12): 1, (2, 3): 1, (2, 8): 1, (2, 9): 6, (2, 10): 1, (2, 11): 1, (2, 15): 1, (2, 16): 18, (3, 5): 65, (3, 6): 16, (3, 9): 1, (3, 11): 1, (3, 12): 1, (3, 14): 1, (4, 7): 59, (4, 8): 1, (4, 11): 1, (4, 12): 19, (4, 13): 1, (4, 15): 1, (5, 6): 1, (5, 7): 1, (5, 8): 1, (5, 9): 4, (5, 11): 1, (5, 12): 1, (5, 14): 1, (6, 8): 1, (6, 11): 37, (6, 12): 13, (7, 8): 1, (7, 9): 1, (7, 12): 1, (7, 13): 1, (8, 9): 6, (8, 11): 1, (8, 12): 1, (8, 14): 1, (8, 15): 1, (9, 10): 1, (9, 11): 1, (9, 12): 1, (9, 13): 30, (9, 15): 1, (10, 11): 1, (10, 14): 22, (11, 14): 1, (11, 16): 1, (12, 14): 1, (13, 16): 1, (14, 16): 1}",3191.000000015265
41.0,Graph with 17 nodes and 66 edges,"[[0, 1, 0, 1, 0, 1, 1, 0, 0, 1, 1, 0, 1, 1, 0, 0, 1], [1, 0, 1, 1, 0, 0, 1, 0, 1, 1, 1, 0, 1, 0, 0, 0, 0], [0, 1, 0, 1, 0, 0, 0, 0, 1, 1, 1, 1, 0, 0, 0, 1, 1], [1, 1, 1, 0, 0, 1, 1, 0, 0, 1, 0, 1, 1, 0, 1, 0, 0], [0, 0, 0, 0, 0, 0, 0, 1, 1, 0, 0, 1, 1, 1, 0, 1, 0], [1, 0, 0, 1, 0, 0, 1, 1, 1, 1, 0, 1, 1, 0, 1, 0, 0], [1, 1, 0, 1, 0, 1, 0, 0, 1, 0, 0, 1, 1, 0, 0, 0, 0], [0, 0, 0, 0, 1, 1, 0, 0, 1, 1, 0, 0, 1, 1, 0, 0, 0], [0, 1, 1, 0, 1, 1, 1, 1, 0, 1, 0, 1, 1, 0, 1, 1, 0], [1, 1, 1, 1, 0, 1, 0, 1, 1, 0, 1, 1, 1, 1, 0, 1, 0], [1, 1, 1, 0, 0, 0, 0, 0, 0, 1, 0, 1, 0, 0, 1, 0, 0], [0, 0, 1, 1, 1, 1, 1, 0, 1, 1, 1, 0, 0, 0, 1, 0, 1], [1, 1, 0, 1, 1, 1, 1, 1, 1, 1, 0, 0, 0, 0, 1, 0, 0], [1, 0, 0, 0, 1, 0, 0, 1, 0, 1, 0, 0, 0, 0, 0, 0, 1], [0, 0, 0, 1, 0, 1, 0, 0, 1, 0, 1, 1, 1, 0, 0, 0, 1], [0, 0, 1, 0, 1, 0, 0, 0, 1, 1, 0, 0, 0, 0, 0, 0, 0], [1, 0, 1, 0, 0, 0, 0, 0, 0, 0, 0, 1, 0, 1, 1, 0, 0]]",4.0,7.0,Y,"{0: 11, 1: 116, 2: 109, 3: 102, 4: 95, 5: 88, 6: 81, 7: 74, 8: 67, 9: 18, 10: 60, 11: 53, 12: 46, 13: 39, 14: 32, 15: 4, 16: 25}","{(0, 1): 1, (0, 3): 1, (0, 5): 1, (0, 6): 1, (0, 9): 1, (0, 10): 3, (0, 12): 1, (0, 13): 1, (0, 16): 1, (1, 2): 32, (1, 3): 1, (1, 6): 25, (1, 8): 49, (1, 9): 6, (1, 10): 1, (1, 12): 1, (2, 3): 1, (2, 8): 1, (2, 9): 1, (2, 10): 28, (2, 11): 44, (2, 15): 1, (2, 16): 1, (3, 5): 80, (3, 6): 15, (3, 9): 1, (3, 11): 1, (3, 12): 1, (3, 14): 1, (4, 7): 69, (4, 8): 9, (4, 11): 1, (4, 12): 1, (4, 13): 14, (4, 15): 1, (5, 6): 1, (5, 7): 1, (5, 8): 1, (5, 9): 1, (5, 11): 1, (5, 12): 1, (5, 14): 1, (6, 8): 1, (6, 11): 1, (6, 12): 37, (7, 8): 1, (7, 9): 1, (7, 12): 1, (7, 13): 1, (8, 9): 1, (8, 11): 1, (8, 12): 1, (8, 14): 1, (8, 15): 1, (9, 10): 1, (9, 11): 1, (9, 12): 1, (9, 13): 2, (9, 15): 1, (10, 11): 1, (10, 14): 26, (11, 14): 1, (11, 16): 1, (12, 14): 1, (13, 16): 21, (14, 16): 1}",2971.9999999997526
42.0,Graph with 17 nodes and 68 edges,"[[0, 1, 0, 0, 0, 0, 0, 1, 0, 1, 0, 0, 0, 0, 0, 0, 1], [1, 0, 1, 1, 0, 1, 0, 0, 0, 1, 1, 1, 1, 1, 1, 1, 1], [0, 1, 0, 0, 0, 1, 0, 1, 0, 1, 1, 1, 0, 0, 1, 1, 0], [0, 1, 0, 0, 0, 1, 1, 1, 0, 0, 1, 0, 0, 0, 0, 0, 1], [0, 0, 0, 0, 0, 1, 1, 1, 0, 1, 1, 1, 1, 0, 1, 0, 1], [0, 1, 1, 1, 1, 0, 0, 0, 0, 0, 1, 1, 1, 0, 0, 1, 1], [0, 0, 0, 1, 1, 0, 0, 0, 0, 0, 0, 0, 0, 0, 1, 0, 0], [1, 0, 1, 1, 1, 0, 0, 0, 0, 1, 0, 1, 1, 0, 0, 0, 1], [0, 0, 0, 0, 0, 0, 0, 0, 0, 0, 0, 1, 1, 1, 0, 1, 0], [1, 1, 1, 0, 1, 0, 0, 1, 0, 0, 0, 1, 1, 1, 1, 0, 1], [0, 1, 1, 1, 1, 1, 0, 0, 0, 0, 0, 0, 1, 1, 1, 0, 0], [0, 1, 1, 0, 1, 1, 0, 1, 1, 1, 0, 0, 1, 1, 0, 1, 1], [0, 1, 0, 0, 1, 1, 0, 1, 1, 1, 1, 1, 0, 1, 1, 1, 1], [0, 1, 0, 0, 0, 0, 0, 0, 1, 1, 1, 1, 1, 0, 0, 0, 1], [0, 1, 1, 0, 1, 0, 1, 0, 0, 1, 1, 0, 1, 0, 0, 1, 0], [0, 1, 1, 0, 0, 1, 0, 0, 1, 0, 0, 1, 1, 0, 1, 0, 0], [1, 1, 0, 1, 1, 1, 0, 1, 0, 1, 0, 1, 1, 1, 0, 0, 0]]",3.0,1.0,Y,"{0: 4, 1: 19, 2: 12, 3: 6, 4: 13, 5: 14, 6: 3, 7: 10, 8: 5, 9: 15, 10: 11, 11: 17, 12: 18, 13: 7, 14: 9, 15: 8, 16: 16}","{(0, 1): 1, (0, 7): 1, (0, 9): 1, (0, 16): 1, (1, 2): 1, (1, 3): 1, (1, 5): 1, (1, 9): 1, (1, 10): 1, (1, 11): 2, (1, 12): 6, (1, 13): 1, (1, 14): 1, (1, 15): 1, (1, 16): 1, (2, 5): 1, (2, 7): 1, (2, 9): 5, (2, 10): 1, (2, 11): 1, (2, 14): 1, (2, 15): 1, (3, 5): 1, (3, 6): 1, (3, 7): 1, (3, 10): 1, (3, 16): 1, (4, 5): 1, (4, 6): 1, (4, 7): 1, (4, 9): 2, (4, 10): 3, (4, 11): 1, (4, 12): 1, (4, 14): 1, (4, 16): 2, (5, 10): 1, (5, 11): 1, (5, 12): 1, (5, 15): 1, (5, 16): 6, (6, 14): 1, (7, 9): 1, (7, 11): 3, (7, 12): 1, (7, 16): 1, (8, 11): 2, (8, 12): 1, (8, 13): 1, (8, 15): 1, (9, 11): 1, (9, 12): 1, (9, 13): 1, (9, 14): 1, (9, 16): 1, (10, 12): 1, (10, 13): 1, (10, 14): 2, (11, 12): 1, (11, 13): 1, (11, 15): 2, (11, 16): 1, (12, 13): 1, (12, 14): 1, (12, 15): 1, (12, 16): 1, (13, 16): 1, (14, 15): 1}",2589.999999997872
42.0,Graph with 17 nodes and 68 edges,"[[0, 1, 0, 0, 0, 0, 0, 1, 0, 1, 0, 0, 0, 0, 0, 0, 1], [1, 0, 1, 1, 0, 1, 0, 0, 0, 1, 1, 1, 1, 1, 1, 1, 1], [0, 1, 0, 0, 0, 1, 0, 1, 0, 1, 1, 1, 0, 0, 1, 1, 0], [0, 1, 0, 0, 0, 1, 1, 1, 0, 0, 1, 0, 0, 0, 0, 0, 1], [0, 0, 0, 0, 0, 1, 1, 1, 0, 1, 1, 1, 1, 0, 1, 0, 1], [0, 1, 1, 1, 1, 0, 0, 0, 0, 0, 1, 1, 1, 0, 0, 1, 1], [0, 0, 0, 1, 1, 0, 0, 0, 0, 0, 0, 0, 0, 0, 1, 0, 0], [1, 0, 1, 1, 1, 0, 0, 0, 0, 1, 0, 1, 1, 0, 0, 0, 1], [0, 0, 0, 0, 0, 0, 0, 0, 0, 0, 0, 1, 1, 1, 0, 1, 0], [1, 1, 1, 0, 1, 0, 0, 1, 0, 0, 0, 1, 1, 1, 1, 0, 1], [0, 1, 1, 1, 1, 1, 0, 0, 0, 0, 0, 0, 1, 1, 1, 0, 0], [0, 1, 1, 0, 1, 1, 0, 1, 1, 1, 0, 0, 1, 1, 0, 1, 1], [0, 1, 0, 0, 1, 1, 0, 1, 1, 1, 1, 1, 0, 1, 1, 1, 1], [0, 1, 0, 0, 0, 0, 0, 0, 1, 1, 1, 1, 1, 0, 0, 0, 1], [0, 1, 1, 0, 1, 0, 1, 0, 0, 1, 1, 0, 1, 0, 0, 1, 0], [0, 1, 1, 0, 0, 1, 0, 0, 1, 0, 0, 1, 1, 0, 1, 0, 0], [1, 1, 0, 1, 1, 1, 0, 1, 0, 1, 0, 1, 1, 1, 0, 0, 0]]",3.0,5.0,Y,"{0: 8, 1: 13, 2: 83, 3: 78, 4: 73, 5: 68, 6: 3, 7: 63, 8: 58, 9: 53, 10: 48, 11: 43, 12: 38, 13: 33, 14: 28, 15: 23, 16: 18}","{(0, 1): 1, (0, 7): 1, (0, 9): 5, (0, 16): 1, (1, 2): 1, (1, 3): 1, (1, 5): 1, (1, 9): 1, (1, 10): 1, (1, 11): 1, (1, 12): 1, (1, 13): 1, (1, 14): 1, (1, 15): 1, (1, 16): 1, (2, 5): 1, (2, 7): 1, (2, 9): 33, (2, 10): 24, (2, 11): 1, (2, 14): 21, (2, 15): 1, (3, 5): 1, (3, 6): 1, (3, 7): 56, (3, 10): 18, (3, 16): 1, (4, 5): 60, (4, 6): 1, (4, 7): 1, (4, 9): 6, (4, 10): 1, (4, 11): 1, (4, 12): 1, (4, 14): 1, (4, 16): 1, (5, 10): 1, (5, 11): 1, (5, 12): 1, (5, 15): 1, (5, 16): 1, (6, 14): 1, (7, 9): 1, (7, 11): 1, (7, 12): 1, (7, 16): 1, (8, 11): 13, (8, 12): 1, (8, 13): 27, (8, 15): 17, (9, 11): 1, (9, 12): 1, (9, 13): 1, (9, 14): 1, (9, 16): 3, (10, 12): 1, (10, 13): 1, (10, 14): 1, (11, 12): 20, (11, 13): 1, (11, 15): 1, (11, 16): 1, (12, 13): 1, (12, 14): 1, (12, 15): 1, (12, 16): 7, (13, 16): 1, (14, 15): 1}",3038.000000003649
42.0,Graph with 17 nodes and 68 edges,"[[0, 1, 0, 0, 0, 0, 0, 1, 0, 1, 0, 0, 0, 0, 0, 0, 1], [1, 0, 1, 1, 0, 1, 0, 0, 0, 1, 1, 1, 1, 1, 1, 1, 1], [0, 1, 0, 0, 0, 1, 0, 1, 0, 1, 1, 1, 0, 0, 1, 1, 0], [0, 1, 0, 0, 0, 1, 1, 1, 0, 0, 1, 0, 0, 0, 0, 0, 1], [0, 0, 0, 0, 0, 1, 1, 1, 0, 1, 1, 1, 1, 0, 1, 0, 1], [0, 1, 1, 1, 1, 0, 0, 0, 0, 0, 1, 1, 1, 0, 0, 1, 1], [0, 0, 0, 1, 1, 0, 0, 0, 0, 0, 0, 0, 0, 0, 1, 0, 0], [1, 0, 1, 1, 1, 0, 0, 0, 0, 1, 0, 1, 1, 0, 0, 0, 1], [0, 0, 0, 0, 0, 0, 0, 0, 0, 0, 0, 1, 1, 1, 0, 1, 0], [1, 1, 1, 0, 1, 0, 0, 1, 0, 0, 0, 1, 1, 1, 1, 0, 1], [0, 1, 1, 1, 1, 1, 0, 0, 0, 0, 0, 0, 1, 1, 1, 0, 0], [0, 1, 1, 0, 1, 1, 0, 1, 1, 1, 0, 0, 1, 1, 0, 1, 1], [0, 1, 0, 0, 1, 1, 0, 1, 1, 1, 1, 1, 0, 1, 1, 1, 1], [0, 1, 0, 0, 0, 0, 0, 0, 1, 1, 1, 1, 1, 0, 0, 0, 1], [0, 1, 1, 0, 1, 0, 1, 0, 0, 1, 1, 0, 1, 0, 0, 1, 0], [0, 1, 1, 0, 0, 1, 0, 0, 1, 0, 0, 1, 1, 0, 1, 0, 0], [1, 1, 0, 1, 1, 1, 0, 1, 0, 1, 0, 1, 1, 1, 0, 0, 0]]",3.0,9.0,Y,"{0: 12, 1: 147, 2: 138, 3: 129, 4: 120, 5: 111, 6: 3, 7: 102, 8: 93, 9: 84, 10: 75, 11: 66, 12: 57, 13: 48, 14: 39, 15: 30, 16: 21}","{(0, 1): 1, (0, 7): 1, (0, 9): 9, (0, 16): 1, (1, 2): 13, (1, 3): 124, (1, 5): 1, (1, 9): 1, (1, 10): 1, (1, 11): 1, (1, 12): 1, (1, 13): 1, (1, 14): 1, (1, 15): 1, (1, 16): 1, (2, 5): 1, (2, 7): 83, (2, 9): 1, (2, 10): 37, (2, 11): 1, (2, 14): 1, (2, 15): 1, (3, 5): 1, (3, 6): 1, (3, 7): 1, (3, 10): 1, (3, 16): 1, (4, 5): 103, (4, 6): 1, (4, 7): 1, (4, 9): 10, (4, 10): 1, (4, 11): 1, (4, 12): 1, (4, 14): 1, (4, 16): 1, (5, 10): 1, (5, 11): 1, (5, 12): 1, (5, 15): 1, (5, 16): 1, (6, 14): 1, (7, 9): 2, (7, 11): 1, (7, 12): 1, (7, 16): 12, (8, 11): 56, (8, 12): 21, (8, 13): 1, (8, 15): 14, (9, 11): 1, (9, 12): 16, (9, 13): 42, (9, 14): 1, (9, 16): 1, (10, 12): 1, (10, 13): 1, (10, 14): 32, (11, 12): 1, (11, 13): 1, (11, 15): 1, (11, 16): 1, (12, 13): 1, (12, 14): 1, (12, 15): 10, (12, 16): 1, (13, 16): 1, (14, 15): 1}",3012.000000012449
42.0,Graph with 17 nodes and 68 edges,"[[0, 1, 0, 0, 0, 0, 0, 1, 0, 1, 0, 0, 0, 0, 0, 0, 1], [1, 0, 1, 1, 0, 1, 0, 0, 0, 1, 1, 1, 1, 1, 1, 1, 1], [0, 1, 0, 0, 0, 1, 0, 1, 0, 1, 1, 1, 0, 0, 1, 1, 0], [0, 1, 0, 0, 0, 1, 1, 1, 0, 0, 1, 0, 0, 0, 0, 0, 1], [0, 0, 0, 0, 0, 1, 1, 1, 0, 1, 1, 1, 1, 0, 1, 0, 1], [0, 1, 1, 1, 1, 0, 0, 0, 0, 0, 1, 1, 1, 0, 0, 1, 1], [0, 0, 0, 1, 1, 0, 0, 0, 0, 0, 0, 0, 0, 0, 1, 0, 0], [1, 0, 1, 1, 1, 0, 0, 0, 0, 1, 0, 1, 1, 0, 0, 0, 1], [0, 0, 0, 0, 0, 0, 0, 0, 0, 0, 0, 1, 1, 1, 0, 1, 0], [1, 1, 1, 0, 1, 0, 0, 1, 0, 0, 0, 1, 1, 1, 1, 0, 1], [0, 1, 1, 1, 1, 1, 0, 0, 0, 0, 0, 0, 1, 1, 1, 0, 0], [0, 1, 1, 0, 1, 1, 0, 1, 1, 1, 0, 0, 1, 1, 0, 1, 1], [0, 1, 0, 0, 1, 1, 0, 1, 1, 1, 1, 1, 0, 1, 1, 1, 1], [0, 1, 0, 0, 0, 0, 0, 0, 1, 1, 1, 1, 1, 0, 0, 0, 1], [0, 1, 1, 0, 1, 0, 1, 0, 0, 1, 1, 0, 1, 0, 0, 1, 0], [0, 1, 1, 0, 0, 1, 0, 0, 1, 0, 0, 1, 1, 0, 1, 0, 0], [1, 1, 0, 1, 1, 1, 0, 1, 0, 1, 0, 1, 1, 1, 0, 0, 0]]",4.0,2.0,Y,"{0: 8, 1: 36, 2: 12, 3: 10, 4: 26, 5: 24, 6: 4, 7: 22, 8: 6, 9: 30, 10: 18, 11: 34, 12: 32, 13: 14, 14: 16, 15: 20, 16: 28}","{(0, 1): 1, (0, 7): 5, (0, 9): 1, (0, 16): 1, (1, 2): 1, (1, 3): 1, (1, 5): 1, (1, 9): 1, (1, 10): 1, (1, 11): 14, (1, 12): 12, (1, 13): 1, (1, 14): 1, (1, 15): 1, (1, 16): 1, (2, 5): 1, (2, 7): 1, (2, 9): 1, (2, 10): 1, (2, 11): 1, (2, 14): 1, (2, 15): 5, (3, 5): 1, (3, 6): 1, (3, 7): 5, (3, 10): 1, (3, 16): 1, (4, 5): 11, (4, 6): 2, (4, 7): 7, (4, 9): 1, (4, 10): 1, (4, 11): 1, (4, 12): 1, (4, 14): 1, (4, 16): 1, (5, 10): 1, (5, 11): 1, (5, 12): 1, (5, 15): 6, (5, 16): 1, (6, 14): 1, (7, 9): 1, (7, 11): 1, (7, 12): 1, (7, 16): 1, (8, 11): 1, (8, 12): 1, (8, 13): 1, (8, 15): 3, (9, 11): 1, (9, 12): 1, (9, 13): 3, (9, 14): 1, (9, 16): 19, (10, 12): 1, (10, 13): 5, (10, 14): 7, (11, 12): 10, (11, 13): 2, (11, 15): 1, (11, 16): 1, (12, 13): 1, (12, 14): 1, (12, 15): 1, (12, 16): 1, (13, 16): 1, (14, 15): 3}",2984.000000026299
42.0,Graph with 17 nodes and 68 edges,"[[0, 1, 0, 0, 0, 0, 0, 1, 0, 1, 0, 0, 0, 0, 0, 0, 1], [1, 0, 1, 1, 0, 1, 0, 0, 0, 1, 1, 1, 1, 1, 1, 1, 1], [0, 1, 0, 0, 0, 1, 0, 1, 0, 1, 1, 1, 0, 0, 1, 1, 0], [0, 1, 0, 0, 0, 1, 1, 1, 0, 0, 1, 0, 0, 0, 0, 0, 1], [0, 0, 0, 0, 0, 1, 1, 1, 0, 1, 1, 1, 1, 0, 1, 0, 1], [0, 1, 1, 1, 1, 0, 0, 0, 0, 0, 1, 1, 1, 0, 0, 1, 1], [0, 0, 0, 1, 1, 0, 0, 0, 0, 0, 0, 0, 0, 0, 1, 0, 0], [1, 0, 1, 1, 1, 0, 0, 0, 0, 1, 0, 1, 1, 0, 0, 0, 1], [0, 0, 0, 0, 0, 0, 0, 0, 0, 0, 0, 1, 1, 1, 0, 1, 0], [1, 1, 1, 0, 1, 0, 0, 1, 0, 0, 0, 1, 1, 1, 1, 0, 1], [0, 1, 1, 1, 1, 1, 0, 0, 0, 0, 0, 0, 1, 1, 1, 0, 0], [0, 1, 1, 0, 1, 1, 0, 1, 1, 1, 0, 0, 1, 1, 0, 1, 1], [0, 1, 0, 0, 1, 1, 0, 1, 1, 1, 1, 1, 0, 1, 1, 1, 1], [0, 1, 0, 0, 0, 0, 0, 0, 1, 1, 1, 1, 1, 0, 0, 0, 1], [0, 1, 1, 0, 1, 0, 1, 0, 0, 1, 1, 0, 1, 0, 0, 1, 0], [0, 1, 1, 0, 0, 1, 0, 0, 1, 0, 0, 1, 1, 0, 1, 0, 0], [1, 1, 0, 1, 1, 1, 0, 1, 0, 1, 0, 1, 1, 1, 0, 0, 0]]",4.0,4.0,Y,"{0: 4, 1: 12, 2: 8, 3: 68, 4: 64, 5: 60, 6: 56, 7: 52, 8: 48, 9: 44, 10: 40, 11: 36, 12: 32, 13: 28, 14: 24, 15: 20, 16: 16}","{(0, 1): 1, (0, 7): 1, (0, 9): 1, (0, 16): 1, (1, 2): 1, (1, 3): 1, (1, 5): 1, (1, 9): 1, (1, 10): 1, (1, 11): 1, (1, 12): 1, (1, 13): 1, (1, 14): 1, (1, 15): 1, (1, 16): 1, (2, 5): 1, (2, 7): 1, (2, 9): 1, (2, 10): 1, (2, 11): 1, (2, 14): 1, (2, 15): 1, (3, 5): 1, (3, 6): 38, (3, 7): 22, (3, 10): 5, (3, 16): 1, (4, 5): 40, (4, 6): 17, (4, 7): 1, (4, 9): 1, (4, 10): 1, (4, 11): 1, (4, 12): 1, (4, 14): 1, (4, 16): 1, (5, 10): 13, (5, 11): 1, (5, 12): 1, (5, 15): 1, (5, 16): 1, (6, 14): 1, (7, 9): 24, (7, 11): 1, (7, 12): 1, (7, 16): 1, (8, 11): 11, (8, 12): 1, (8, 13): 22, (8, 15): 14, (9, 11): 1, (9, 12): 6, (9, 13): 1, (9, 14): 1, (9, 16): 7, (10, 12): 1, (10, 13): 1, (10, 14): 17, (11, 12): 16, (11, 13): 1, (11, 15): 1, (11, 16): 1, (12, 13): 1, (12, 14): 1, (12, 15): 1, (12, 16): 1, (13, 16): 1, (14, 15): 1}",3006.0000000275977
42.0,Graph with 17 nodes and 68 edges,"[[0, 1, 0, 0, 0, 0, 0, 1, 0, 1, 0, 0, 0, 0, 0, 0, 1], [1, 0, 1, 1, 0, 1, 0, 0, 0, 1, 1, 1, 1, 1, 1, 1, 1], [0, 1, 0, 0, 0, 1, 0, 1, 0, 1, 1, 1, 0, 0, 1, 1, 0], [0, 1, 0, 0, 0, 1, 1, 1, 0, 0, 1, 0, 0, 0, 0, 0, 1], [0, 0, 0, 0, 0, 1, 1, 1, 0, 1, 1, 1, 1, 0, 1, 0, 1], [0, 1, 1, 1, 1, 0, 0, 0, 0, 0, 1, 1, 1, 0, 0, 1, 1], [0, 0, 0, 1, 1, 0, 0, 0, 0, 0, 0, 0, 0, 0, 1, 0, 0], [1, 0, 1, 1, 1, 0, 0, 0, 0, 1, 0, 1, 1, 0, 0, 0, 1], [0, 0, 0, 0, 0, 0, 0, 0, 0, 0, 0, 1, 1, 1, 0, 1, 0], [1, 1, 1, 0, 1, 0, 0, 1, 0, 0, 0, 1, 1, 1, 1, 0, 1], [0, 1, 1, 1, 1, 1, 0, 0, 0, 0, 0, 0, 1, 1, 1, 0, 0], [0, 1, 1, 0, 1, 1, 0, 1, 1, 1, 0, 0, 1, 1, 0, 1, 1], [0, 1, 0, 0, 1, 1, 0, 1, 1, 1, 1, 1, 0, 1, 1, 1, 1], [0, 1, 0, 0, 0, 0, 0, 0, 1, 1, 1, 1, 1, 0, 0, 0, 1], [0, 1, 1, 0, 1, 0, 1, 0, 0, 1, 1, 0, 1, 0, 0, 1, 0], [0, 1, 1, 0, 0, 1, 0, 0, 1, 0, 0, 1, 1, 0, 1, 0, 0], [1, 1, 0, 1, 1, 1, 0, 1, 0, 1, 0, 1, 1, 1, 0, 0, 0]]",4.0,9.0,Y,"{0: 4, 1: 13, 2: 148, 3: 139, 4: 130, 5: 121, 6: 112, 7: 103, 8: 94, 9: 85, 10: 76, 11: 67, 12: 58, 13: 49, 14: 40, 15: 31, 16: 22}","{(0, 1): 1, (0, 7): 1, (0, 9): 1, (0, 16): 1, (1, 2): 1, (1, 3): 1, (1, 5): 1, (1, 9): 2, (1, 10): 1, (1, 11): 1, (1, 12): 1, (1, 13): 1, (1, 14): 1, (1, 15): 1, (1, 16): 1, (2, 5): 1, (2, 7): 14, (2, 9): 43, (2, 10): 66, (2, 11): 1, (2, 14): 21, (2, 15): 1, (3, 5): 1, (3, 6): 110, (3, 7): 25, (3, 10): 1, (3, 16): 1, (4, 5): 113, (4, 6): 1, (4, 7): 1, (4, 9): 1, (4, 10): 1, (4, 11): 1, (4, 12): 1, (4, 14): 10, (4, 16): 1, (5, 10): 1, (5, 11): 1, (5, 12): 1, (5, 15): 1, (5, 16): 1, (6, 14): 1, (7, 9): 1, (7, 11): 1, (7, 12): 47, (7, 16): 13, (8, 11): 57, (8, 12): 1, (8, 13): 11, (8, 15): 25, (9, 11): 1, (9, 12): 1, (9, 13): 33, (9, 14): 1, (9, 16): 1, (10, 12): 1, (10, 13): 1, (10, 14): 4, (11, 12): 1, (11, 13): 1, (11, 15): 1, (11, 16): 1, (12, 13): 1, (12, 14): 1, (12, 15): 1, (12, 16): 1, (13, 16): 1, (14, 15): 1}",3364.0000000332293
45.0,Graph with 17 nodes and 58 edges,"[[0, 0, 0, 0, 1, 1, 1, 0, 1, 0, 1, 0, 0, 1, 0, 1, 0], [0, 0, 0, 0, 0, 0, 0, 1, 1, 0, 0, 1, 0, 1, 0, 0, 0], [0, 0, 0, 1, 1, 0, 0, 0, 1, 0, 0, 0, 1, 1, 0, 1, 0], [0, 0, 1, 0, 0, 1, 0, 0, 0, 0, 0, 0, 0, 0, 0, 0, 1], [1, 0, 1, 0, 0, 0, 1, 0, 1, 1, 0, 0, 0, 0, 1, 0, 0], [1, 0, 0, 1, 0, 0, 1, 0, 0, 1, 0, 1, 1, 0, 0, 1, 0], [1, 0, 0, 0, 1, 1, 0, 0, 1, 0, 1, 0, 1, 0, 1, 0, 0], [0, 1, 0, 0, 0, 0, 0, 0, 1, 1, 0, 1, 1, 0, 1, 1, 0], [1, 1, 1, 0, 1, 0, 1, 1, 0, 1, 1, 0, 1, 1, 1, 1, 0], [0, 0, 0, 0, 1, 1, 0, 1, 1, 0, 1, 1, 0, 0, 1, 0, 0], [1, 0, 0, 0, 0, 0, 1, 0, 1, 1, 0, 1, 1, 0, 0, 1, 0], [0, 1, 0, 0, 0, 1, 0, 1, 0, 1, 1, 0, 1, 0, 0, 1, 1], [0, 0, 1, 0, 0, 1, 1, 1, 1, 0, 1, 1, 0, 1, 0, 0, 1], [1, 1, 1, 0, 0, 0, 0, 0, 1, 0, 0, 0, 1, 0, 0, 1, 0], [0, 0, 0, 0, 1, 0, 1, 1, 1, 1, 0, 0, 0, 0, 0, 1, 1], [1, 0, 1, 0, 0, 1, 0, 1, 1, 0, 1, 1, 0, 1, 1, 0, 0], [0, 0, 0, 1, 0, 0, 0, 0, 0, 0, 0, 1, 1, 0, 1, 0, 0]]",3.0,2.0,Y,"{0: 23, 1: 7, 2: 19, 3: 3, 4: 21, 5: 25, 6: 15, 7: 27, 8: 35, 9: 11, 10: 17, 11: 31, 12: 29, 13: 13, 14: 9, 15: 33, 16: 5}","{(0, 4): 1, (0, 5): 1, (0, 6): 1, (0, 8): 17, (0, 10): 1, (0, 13): 1, (0, 15): 1, (1, 7): 1, (1, 8): 4, (1, 11): 1, (1, 13): 1, (2, 3): 1, (2, 4): 3, (2, 8): 1, (2, 12): 12, (2, 13): 1, (2, 15): 1, (3, 5): 1, (3, 16): 1, (4, 6): 8, (4, 8): 3, (4, 9): 5, (4, 14): 1, (5, 6): 2, (5, 9): 1, (5, 11): 1, (5, 12): 1, (5, 15): 18, (6, 8): 1, (6, 10): 1, (6, 12): 1, (6, 14): 1, (7, 8): 1, (7, 9): 1, (7, 11): 12, (7, 12): 9, (7, 14): 1, (7, 15): 1, (8, 9): 1, (8, 10): 1, (8, 12): 1, (8, 13): 1, (8, 14): 3, (8, 15): 1, (9, 10): 1, (9, 11): 1, (9, 14): 1, (10, 11): 11, (10, 12): 1, (10, 15): 1, (11, 12): 1, (11, 15): 1, (11, 16): 2, (12, 13): 1, (12, 16): 1, (13, 15): 8, (14, 15): 1, (14, 16): 1}",3243.9999999951397
45.0,Graph with 17 nodes and 58 edges,"[[0, 0, 0, 0, 1, 1, 1, 0, 1, 0, 1, 0, 0, 1, 0, 1, 0], [0, 0, 0, 0, 0, 0, 0, 1, 1, 0, 0, 1, 0, 1, 0, 0, 0], [0, 0, 0, 1, 1, 0, 0, 0, 1, 0, 0, 0, 1, 1, 0, 1, 0], [0, 0, 1, 0, 0, 1, 0, 0, 0, 0, 0, 0, 0, 0, 0, 0, 1], [1, 0, 1, 0, 0, 0, 1, 0, 1, 1, 0, 0, 0, 0, 1, 0, 0], [1, 0, 0, 1, 0, 0, 1, 0, 0, 1, 0, 1, 1, 0, 0, 1, 0], [1, 0, 0, 0, 1, 1, 0, 0, 1, 0, 1, 0, 1, 0, 1, 0, 0], [0, 1, 0, 0, 0, 0, 0, 0, 1, 1, 0, 1, 1, 0, 1, 1, 0], [1, 1, 1, 0, 1, 0, 1, 1, 0, 1, 1, 0, 1, 1, 1, 1, 0], [0, 0, 0, 0, 1, 1, 0, 1, 1, 0, 1, 1, 0, 0, 1, 0, 0], [1, 0, 0, 0, 0, 0, 1, 0, 1, 1, 0, 1, 1, 0, 0, 1, 0], [0, 1, 0, 0, 0, 1, 0, 1, 0, 1, 1, 0, 1, 0, 0, 1, 1], [0, 0, 1, 0, 0, 1, 1, 1, 1, 0, 1, 1, 0, 1, 0, 0, 1], [1, 1, 1, 0, 0, 0, 0, 0, 1, 0, 0, 0, 1, 0, 0, 1, 0], [0, 0, 0, 0, 1, 0, 1, 1, 1, 1, 0, 0, 0, 0, 0, 1, 1], [1, 0, 1, 0, 0, 1, 0, 1, 1, 0, 1, 1, 0, 1, 1, 0, 0], [0, 0, 0, 1, 0, 0, 0, 0, 0, 0, 0, 1, 1, 0, 1, 0, 0]]",3.0,4.0,Y,"{0: 7, 1: 67, 2: 63, 3: 3, 4: 59, 5: 55, 6: 51, 7: 47, 8: 15, 9: 43, 10: 39, 11: 11, 12: 35, 13: 31, 14: 27, 15: 23, 16: 19}","{(0, 4): 1, (0, 5): 1, (0, 6): 1, (0, 8): 1, (0, 10): 1, (0, 13): 1, (0, 15): 1, (1, 7): 41, (1, 8): 1, (1, 11): 1, (1, 13): 24, (2, 3): 1, (2, 4): 44, (2, 8): 1, (2, 12): 14, (2, 13): 1, (2, 15): 1, (3, 5): 1, (3, 16): 1, (4, 6): 1, (4, 8): 1, (4, 9): 10, (4, 14): 1, (5, 6): 1, (5, 9): 26, (5, 11): 1, (5, 12): 9, (5, 15): 15, (6, 8): 1, (6, 10): 33, (6, 12): 1, (6, 14): 13, (7, 8): 1, (7, 9): 1, (7, 11): 1, (7, 12): 1, (7, 14): 1, (7, 15): 1, (8, 9): 2, (8, 10): 1, (8, 12): 1, (8, 13): 3, (8, 14): 1, (8, 15): 1, (9, 10): 1, (9, 11): 1, (9, 14): 1, (10, 11): 1, (10, 12): 1, (10, 15): 1, (11, 12): 1, (11, 15): 1, (11, 16): 4, (12, 13): 1, (12, 16): 5, (13, 15): 1, (14, 15): 1, (14, 16): 9}",3476.9999999753054
45.0,Graph with 17 nodes and 58 edges,"[[0, 0, 0, 0, 1, 1, 1, 0, 1, 0, 1, 0, 0, 1, 0, 1, 0], [0, 0, 0, 0, 0, 0, 0, 1, 1, 0, 0, 1, 0, 1, 0, 0, 0], [0, 0, 0, 1, 1, 0, 0, 0, 1, 0, 0, 0, 1, 1, 0, 1, 0], [0, 0, 1, 0, 0, 1, 0, 0, 0, 0, 0, 0, 0, 0, 0, 0, 1], [1, 0, 1, 0, 0, 0, 1, 0, 1, 1, 0, 0, 0, 0, 1, 0, 0], [1, 0, 0, 1, 0, 0, 1, 0, 0, 1, 0, 1, 1, 0, 0, 1, 0], [1, 0, 0, 0, 1, 1, 0, 0, 1, 0, 1, 0, 1, 0, 1, 0, 0], [0, 1, 0, 0, 0, 0, 0, 0, 1, 1, 0, 1, 1, 0, 1, 1, 0], [1, 1, 1, 0, 1, 0, 1, 1, 0, 1, 1, 0, 1, 1, 1, 1, 0], [0, 0, 0, 0, 1, 1, 0, 1, 1, 0, 1, 1, 0, 0, 1, 0, 0], [1, 0, 0, 0, 0, 0, 1, 0, 1, 1, 0, 1, 1, 0, 0, 1, 0], [0, 1, 0, 0, 0, 1, 0, 1, 0, 1, 1, 0, 1, 0, 0, 1, 1], [0, 0, 1, 0, 0, 1, 1, 1, 1, 0, 1, 1, 0, 1, 0, 0, 1], [1, 1, 1, 0, 0, 0, 0, 0, 1, 0, 0, 0, 1, 0, 0, 1, 0], [0, 0, 0, 0, 1, 0, 1, 1, 1, 1, 0, 0, 0, 0, 0, 1, 1], [1, 0, 1, 0, 0, 1, 0, 1, 1, 0, 1, 1, 0, 1, 1, 0, 0], [0, 0, 0, 1, 0, 0, 0, 0, 0, 0, 0, 1, 1, 0, 1, 0, 0]]",3.0,6.0,Y,"{0: 9, 1: 99, 2: 93, 3: 3, 4: 87, 5: 81, 6: 75, 7: 69, 8: 15, 9: 63, 10: 57, 11: 51, 12: 45, 13: 39, 14: 33, 15: 27, 16: 21}","{(0, 4): 1, (0, 5): 1, (0, 6): 1, (0, 8): 3, (0, 10): 1, (0, 13): 1, (0, 15): 1, (1, 7): 63, (1, 8): 1, (1, 11): 1, (1, 13): 34, (2, 3): 1, (2, 4): 82, (2, 8): 1, (2, 12): 7, (2, 13): 1, (2, 15): 1, (3, 5): 1, (3, 16): 1, (4, 6): 1, (4, 8): 1, (4, 9): 1, (4, 14): 1, (5, 6): 13, (5, 9): 57, (5, 11): 1, (5, 12): 6, (5, 15): 1, (6, 8): 1, (6, 10): 6, (6, 12): 25, (6, 14): 27, (7, 8): 1, (7, 9): 1, (7, 11): 1, (7, 12): 1, (7, 14): 1, (7, 15): 1, (8, 9): 1, (8, 10): 2, (8, 12): 1, (8, 13): 1, (8, 14): 1, (8, 15): 1, (9, 10): 1, (9, 11): 1, (9, 14): 1, (10, 11): 27, (10, 12): 1, (10, 15): 19, (11, 12): 1, (11, 15): 1, (11, 16): 18, (12, 13): 1, (12, 16): 1, (13, 15): 1, (14, 15): 1, (14, 16): 1}",2944.0000000136024
45.0,Graph with 17 nodes and 58 edges,"[[0, 0, 0, 0, 1, 1, 1, 0, 1, 0, 1, 0, 0, 1, 0, 1, 0], [0, 0, 0, 0, 0, 0, 0, 1, 1, 0, 0, 1, 0, 1, 0, 0, 0], [0, 0, 0, 1, 1, 0, 0, 0, 1, 0, 0, 0, 1, 1, 0, 1, 0], [0, 0, 1, 0, 0, 1, 0, 0, 0, 0, 0, 0, 0, 0, 0, 0, 1], [1, 0, 1, 0, 0, 0, 1, 0, 1, 1, 0, 0, 0, 0, 1, 0, 0], [1, 0, 0, 1, 0, 0, 1, 0, 0, 1, 0, 1, 1, 0, 0, 1, 0], [1, 0, 0, 0, 1, 1, 0, 0, 1, 0, 1, 0, 1, 0, 1, 0, 0], [0, 1, 0, 0, 0, 0, 0, 0, 1, 1, 0, 1, 1, 0, 1, 1, 0], [1, 1, 1, 0, 1, 0, 1, 1, 0, 1, 1, 0, 1, 1, 1, 1, 0], [0, 0, 0, 0, 1, 1, 0, 1, 1, 0, 1, 1, 0, 0, 1, 0, 0], [1, 0, 0, 0, 0, 0, 1, 0, 1, 1, 0, 1, 1, 0, 0, 1, 0], [0, 1, 0, 0, 0, 1, 0, 1, 0, 1, 1, 0, 1, 0, 0, 1, 1], [0, 0, 1, 0, 0, 1, 1, 1, 1, 0, 1, 1, 0, 1, 0, 0, 1], [1, 1, 1, 0, 0, 0, 0, 0, 1, 0, 0, 0, 1, 0, 0, 1, 0], [0, 0, 0, 0, 1, 0, 1, 1, 1, 1, 0, 0, 0, 0, 0, 1, 1], [1, 0, 1, 0, 0, 1, 0, 1, 1, 0, 1, 1, 0, 1, 1, 0, 0], [0, 0, 0, 1, 0, 0, 0, 0, 0, 0, 0, 1, 1, 0, 1, 0, 0]]",4.0,2.0,Y,"{0: 28, 1: 8, 2: 12, 3: 4, 4: 10, 5: 22, 6: 16, 7: 30, 8: 36, 9: 18, 10: 24, 11: 20, 12: 34, 13: 14, 14: 26, 15: 32, 16: 6}","{(0, 4): 1, (0, 5): 1, (0, 6): 1, (0, 8): 22, (0, 10): 1, (0, 13): 1, (0, 15): 1, (1, 7): 5, (1, 8): 1, (1, 11): 1, (1, 13): 1, (2, 3): 1, (2, 4): 1, (2, 8): 1, (2, 12): 7, (2, 13): 1, (2, 15): 1, (3, 5): 2, (3, 16): 1, (4, 6): 1, (4, 8): 1, (4, 9): 1, (4, 14): 5, (5, 6): 1, (5, 9): 12, (5, 11): 4, (5, 12): 1, (5, 15): 1, (6, 8): 4, (6, 10): 7, (6, 12): 1, (6, 14): 1, (7, 8): 1, (7, 9): 1, (7, 11): 10, (7, 12): 1, (7, 14): 1, (7, 15): 11, (8, 9): 1, (8, 10): 1, (8, 12): 1, (8, 13): 1, (8, 14): 1, (8, 15): 1, (9, 10): 1, (9, 11): 1, (9, 14): 1, (10, 11): 1, (10, 12): 12, (10, 15): 1, (11, 12): 1, (11, 15): 1, (11, 16): 1, (12, 13): 9, (12, 16): 1, (13, 15): 1, (14, 15): 14, (14, 16): 3}",3299.99999996744
45.0,Graph with 17 nodes and 58 edges,"[[0, 0, 0, 0, 1, 1, 1, 0, 1, 0, 1, 0, 0, 1, 0, 1, 0], [0, 0, 0, 0, 0, 0, 0, 1, 1, 0, 0, 1, 0, 1, 0, 0, 0], [0, 0, 0, 1, 1, 0, 0, 0, 1, 0, 0, 0, 1, 1, 0, 1, 0], [0, 0, 1, 0, 0, 1, 0, 0, 0, 0, 0, 0, 0, 0, 0, 0, 1], [1, 0, 1, 0, 0, 0, 1, 0, 1, 1, 0, 0, 0, 0, 1, 0, 0], [1, 0, 0, 1, 0, 0, 1, 0, 0, 1, 0, 1, 1, 0, 0, 1, 0], [1, 0, 0, 0, 1, 1, 0, 0, 1, 0, 1, 0, 1, 0, 1, 0, 0], [0, 1, 0, 0, 0, 0, 0, 0, 1, 1, 0, 1, 1, 0, 1, 1, 0], [1, 1, 1, 0, 1, 0, 1, 1, 0, 1, 1, 0, 1, 1, 1, 1, 0], [0, 0, 0, 0, 1, 1, 0, 1, 1, 0, 1, 1, 0, 0, 1, 0, 0], [1, 0, 0, 0, 0, 0, 1, 0, 1, 1, 0, 1, 1, 0, 0, 1, 0], [0, 1, 0, 0, 0, 1, 0, 1, 0, 1, 1, 0, 1, 0, 0, 1, 1], [0, 0, 1, 0, 0, 1, 1, 1, 1, 0, 1, 1, 0, 1, 0, 0, 1], [1, 1, 1, 0, 0, 0, 0, 0, 1, 0, 0, 0, 1, 0, 0, 1, 0], [0, 0, 0, 0, 1, 0, 1, 1, 1, 1, 0, 0, 0, 0, 0, 1, 1], [1, 0, 1, 0, 0, 1, 0, 1, 1, 0, 1, 1, 0, 1, 1, 0, 0], [0, 0, 0, 1, 0, 0, 0, 0, 0, 0, 0, 1, 1, 0, 1, 0, 0]]",4.0,3.0,Y,"{0: 7, 1: 4, 2: 52, 3: 49, 4: 46, 5: 43, 6: 40, 7: 37, 8: 13, 9: 34, 10: 31, 11: 10, 12: 28, 13: 25, 14: 22, 15: 19, 16: 16}","{(0, 4): 1, (0, 5): 1, (0, 6): 1, (0, 8): 1, (0, 10): 1, (0, 13): 1, (0, 15): 1, (1, 7): 1, (1, 8): 1, (1, 11): 1, (1, 13): 1, (2, 3): 20, (2, 4): 9, (2, 8): 1, (2, 12): 1, (2, 13): 20, (2, 15): 1, (3, 5): 16, (3, 16): 13, (4, 6): 17, (4, 8): 1, (4, 9): 17, (4, 14): 1, (5, 6): 18, (5, 9): 1, (5, 11): 1, (5, 12): 5, (5, 15): 1, (6, 8): 1, (6, 10): 1, (6, 12): 1, (6, 14): 1, (7, 8): 1, (7, 9): 1, (7, 11): 1, (7, 12): 16, (7, 14): 16, (7, 15): 1, (8, 9): 1, (8, 10): 2, (8, 12): 1, (8, 13): 1, (8, 14): 1, (8, 15): 1, (9, 10): 12, (9, 11): 1, (9, 14): 1, (10, 11): 3, (10, 12): 1, (10, 15): 11, (11, 12): 1, (11, 15): 1, (11, 16): 1, (12, 13): 1, (12, 16): 1, (13, 15): 1, (14, 15): 1, (14, 16): 1}",3039.000000001124
45.0,Graph with 17 nodes and 58 edges,"[[0, 0, 0, 0, 1, 1, 1, 0, 1, 0, 1, 0, 0, 1, 0, 1, 0], [0, 0, 0, 0, 0, 0, 0, 1, 1, 0, 0, 1, 0, 1, 0, 0, 0], [0, 0, 0, 1, 1, 0, 0, 0, 1, 0, 0, 0, 1, 1, 0, 1, 0], [0, 0, 1, 0, 0, 1, 0, 0, 0, 0, 0, 0, 0, 0, 0, 0, 1], [1, 0, 1, 0, 0, 0, 1, 0, 1, 1, 0, 0, 0, 0, 1, 0, 0], [1, 0, 0, 1, 0, 0, 1, 0, 0, 1, 0, 1, 1, 0, 0, 1, 0], [1, 0, 0, 0, 1, 1, 0, 0, 1, 0, 1, 0, 1, 0, 1, 0, 0], [0, 1, 0, 0, 0, 0, 0, 0, 1, 1, 0, 1, 1, 0, 1, 1, 0], [1, 1, 1, 0, 1, 0, 1, 1, 0, 1, 1, 0, 1, 1, 1, 1, 0], [0, 0, 0, 0, 1, 1, 0, 1, 1, 0, 1, 1, 0, 0, 1, 0, 0], [1, 0, 0, 0, 0, 0, 1, 0, 1, 1, 0, 1, 1, 0, 0, 1, 0], [0, 1, 0, 0, 0, 1, 0, 1, 0, 1, 1, 0, 1, 0, 0, 1, 1], [0, 0, 1, 0, 0, 1, 1, 1, 1, 0, 1, 1, 0, 1, 0, 0, 1], [1, 1, 1, 0, 0, 0, 0, 0, 1, 0, 0, 0, 1, 0, 0, 1, 0], [0, 0, 0, 0, 1, 0, 1, 1, 1, 1, 0, 0, 0, 0, 0, 1, 1], [1, 0, 1, 0, 0, 1, 0, 1, 1, 0, 1, 1, 0, 1, 1, 0, 0], [0, 0, 0, 1, 0, 0, 0, 0, 0, 0, 0, 1, 1, 0, 1, 0, 0]]",4.0,5.0,Y,"{0: 9, 1: 4, 2: 84, 3: 79, 4: 74, 5: 69, 6: 64, 7: 59, 8: 14, 9: 54, 10: 49, 11: 44, 12: 39, 13: 34, 14: 29, 15: 24, 16: 19}","{(0, 4): 1, (0, 5): 3, (0, 6): 1, (0, 8): 1, (0, 10): 1, (0, 13): 1, (0, 15): 1, (1, 7): 1, (1, 8): 1, (1, 11): 1, (1, 13): 1, (2, 3): 50, (2, 4): 2, (2, 8): 1, (2, 12): 1, (2, 13): 29, (2, 15): 1, (3, 5): 13, (3, 16): 16, (4, 6): 1, (4, 8): 1, (4, 9): 46, (4, 14): 23, (5, 6): 18, (5, 9): 1, (5, 11): 1, (5, 12): 31, (5, 15): 2, (6, 8): 1, (6, 10): 41, (6, 12): 1, (6, 14): 1, (7, 8): 3, (7, 9): 1, (7, 11): 37, (7, 12): 1, (7, 14): 1, (7, 15): 15, (8, 9): 1, (8, 10): 1, (8, 12): 1, (8, 13): 1, (8, 14): 1, (8, 15): 1, (9, 10): 3, (9, 11): 1, (9, 14): 1, (10, 11): 1, (10, 12): 1, (10, 15): 1, (11, 12): 1, (11, 15): 1, (11, 16): 1, (12, 13): 1, (12, 16): 1, (13, 15): 1, (14, 15): 1, (14, 16): 1}",3573.000000017146
45.0,Graph with 17 nodes and 58 edges,"[[0, 0, 0, 0, 1, 1, 1, 0, 1, 0, 1, 0, 0, 1, 0, 1, 0], [0, 0, 0, 0, 0, 0, 0, 1, 1, 0, 0, 1, 0, 1, 0, 0, 0], [0, 0, 0, 1, 1, 0, 0, 0, 1, 0, 0, 0, 1, 1, 0, 1, 0], [0, 0, 1, 0, 0, 1, 0, 0, 0, 0, 0, 0, 0, 0, 0, 0, 1], [1, 0, 1, 0, 0, 0, 1, 0, 1, 1, 0, 0, 0, 0, 1, 0, 0], [1, 0, 0, 1, 0, 0, 1, 0, 0, 1, 0, 1, 1, 0, 0, 1, 0], [1, 0, 0, 0, 1, 1, 0, 0, 1, 0, 1, 0, 1, 0, 1, 0, 0], [0, 1, 0, 0, 0, 0, 0, 0, 1, 1, 0, 1, 1, 0, 1, 1, 0], [1, 1, 1, 0, 1, 0, 1, 1, 0, 1, 1, 0, 1, 1, 1, 1, 0], [0, 0, 0, 0, 1, 1, 0, 1, 1, 0, 1, 1, 0, 0, 1, 0, 0], [1, 0, 0, 0, 0, 0, 1, 0, 1, 1, 0, 1, 1, 0, 0, 1, 0], [0, 1, 0, 0, 0, 1, 0, 1, 0, 1, 1, 0, 1, 0, 0, 1, 1], [0, 0, 1, 0, 0, 1, 1, 1, 1, 0, 1, 1, 0, 1, 0, 0, 1], [1, 1, 1, 0, 0, 0, 0, 0, 1, 0, 0, 0, 1, 0, 0, 1, 0], [0, 0, 0, 0, 1, 0, 1, 1, 1, 1, 0, 0, 0, 0, 0, 1, 1], [1, 0, 1, 0, 0, 1, 0, 1, 1, 0, 1, 1, 0, 1, 1, 0, 0], [0, 0, 0, 1, 0, 0, 0, 0, 0, 0, 0, 1, 1, 0, 1, 0, 0]]",4.0,6.0,Y,"{0: 10, 1: 4, 2: 100, 3: 94, 4: 88, 5: 82, 6: 76, 7: 70, 8: 16, 9: 64, 10: 58, 11: 52, 12: 46, 13: 40, 14: 34, 15: 28, 16: 22}","{(0, 4): 1, (0, 5): 1, (0, 6): 1, (0, 8): 4, (0, 10): 1, (0, 13): 1, (0, 15): 1, (1, 7): 1, (1, 8): 1, (1, 11): 1, (1, 13): 1, (2, 3): 58, (2, 4): 3, (2, 8): 2, (2, 12): 1, (2, 13): 35, (2, 15): 1, (3, 5): 17, (3, 16): 19, (4, 6): 1, (4, 8): 1, (4, 9): 58, (4, 14): 24, (5, 6): 19, (5, 9): 1, (5, 11): 1, (5, 12): 38, (5, 15): 5, (6, 8): 1, (6, 10): 52, (6, 12): 1, (6, 14): 1, (7, 8): 1, (7, 9): 1, (7, 11): 45, (7, 12): 1, (7, 14): 5, (7, 15): 16, (8, 9): 1, (8, 10): 1, (8, 12): 1, (8, 13): 1, (8, 14): 1, (8, 15): 1, (9, 10): 1, (9, 11): 1, (9, 14): 1, (10, 11): 1, (10, 12): 1, (10, 15): 1, (11, 12): 1, (11, 15): 1, (11, 16): 1, (12, 13): 1, (12, 16): 1, (13, 15): 1, (14, 15): 1, (14, 16): 1}",3613.999999970474
45.0,Graph with 17 nodes and 58 edges,"[[0, 0, 0, 0, 1, 1, 1, 0, 1, 0, 1, 0, 0, 1, 0, 1, 0], [0, 0, 0, 0, 0, 0, 0, 1, 1, 0, 0, 1, 0, 1, 0, 0, 0], [0, 0, 0, 1, 1, 0, 0, 0, 1, 0, 0, 0, 1, 1, 0, 1, 0], [0, 0, 1, 0, 0, 1, 0, 0, 0, 0, 0, 0, 0, 0, 0, 0, 1], [1, 0, 1, 0, 0, 0, 1, 0, 1, 1, 0, 0, 0, 0, 1, 0, 0], [1, 0, 0, 1, 0, 0, 1, 0, 0, 1, 0, 1, 1, 0, 0, 1, 0], [1, 0, 0, 0, 1, 1, 0, 0, 1, 0, 1, 0, 1, 0, 1, 0, 0], [0, 1, 0, 0, 0, 0, 0, 0, 1, 1, 0, 1, 1, 0, 1, 1, 0], [1, 1, 1, 0, 1, 0, 1, 1, 0, 1, 1, 0, 1, 1, 1, 1, 0], [0, 0, 0, 0, 1, 1, 0, 1, 1, 0, 1, 1, 0, 0, 1, 0, 0], [1, 0, 0, 0, 0, 0, 1, 0, 1, 1, 0, 1, 1, 0, 0, 1, 0], [0, 1, 0, 0, 0, 1, 0, 1, 0, 1, 1, 0, 1, 0, 0, 1, 1], [0, 0, 1, 0, 0, 1, 1, 1, 1, 0, 1, 1, 0, 1, 0, 0, 1], [1, 1, 1, 0, 0, 0, 0, 0, 1, 0, 0, 0, 1, 0, 0, 1, 0], [0, 0, 0, 0, 1, 0, 1, 1, 1, 1, 0, 0, 0, 0, 0, 1, 1], [1, 0, 1, 0, 0, 1, 0, 1, 1, 0, 1, 1, 0, 1, 1, 0, 0], [0, 0, 0, 1, 0, 0, 0, 0, 0, 0, 0, 1, 1, 0, 1, 0, 0]]",4.0,8.0,Y,"{0: 12, 1: 4, 2: 132, 3: 124, 4: 116, 5: 108, 6: 100, 7: 92, 8: 84, 9: 76, 10: 68, 11: 60, 12: 52, 13: 44, 14: 36, 15: 28, 16: 20}","{(0, 4): 1, (0, 5): 6, (0, 6): 1, (0, 8): 1, (0, 10): 1, (0, 13): 1, (0, 15): 1, (1, 7): 1, (1, 8): 1, (1, 11): 1, (1, 13): 1, (2, 3): 106, (2, 4): 1, (2, 8): 1, (2, 12): 1, (2, 13): 22, (2, 15): 1, (3, 5): 1, (3, 16): 17, (4, 6): 1, (4, 8): 13, (4, 9): 70, (4, 14): 30, (5, 6): 54, (5, 9): 1, (5, 11): 1, (5, 12): 44, (5, 15): 1, (6, 8): 1, (6, 10): 41, (6, 12): 1, (6, 14): 1, (7, 8): 19, (7, 9): 1, (7, 11): 53, (7, 12): 1, (7, 14): 1, (7, 15): 16, (8, 9): 1, (8, 10): 22, (8, 12): 1, (8, 13): 18, (8, 14): 1, (8, 15): 5, (9, 10): 1, (9, 11): 1, (9, 14): 1, (10, 11): 1, (10, 12): 1, (10, 15): 1, (11, 12): 1, (11, 15): 1, (11, 16): 1, (12, 13): 1, (12, 16): 1, (13, 15): 1, (14, 15): 1, (14, 16): 1}",3234.999999961019
45.0,Graph with 17 nodes and 58 edges,"[[0, 0, 0, 0, 1, 1, 1, 0, 1, 0, 1, 0, 0, 1, 0, 1, 0], [0, 0, 0, 0, 0, 0, 0, 1, 1, 0, 0, 1, 0, 1, 0, 0, 0], [0, 0, 0, 1, 1, 0, 0, 0, 1, 0, 0, 0, 1, 1, 0, 1, 0], [0, 0, 1, 0, 0, 1, 0, 0, 0, 0, 0, 0, 0, 0, 0, 0, 1], [1, 0, 1, 0, 0, 0, 1, 0, 1, 1, 0, 0, 0, 0, 1, 0, 0], [1, 0, 0, 1, 0, 0, 1, 0, 0, 1, 0, 1, 1, 0, 0, 1, 0], [1, 0, 0, 0, 1, 1, 0, 0, 1, 0, 1, 0, 1, 0, 1, 0, 0], [0, 1, 0, 0, 0, 0, 0, 0, 1, 1, 0, 1, 1, 0, 1, 1, 0], [1, 1, 1, 0, 1, 0, 1, 1, 0, 1, 1, 0, 1, 1, 1, 1, 0], [0, 0, 0, 0, 1, 1, 0, 1, 1, 0, 1, 1, 0, 0, 1, 0, 0], [1, 0, 0, 0, 0, 0, 1, 0, 1, 1, 0, 1, 1, 0, 0, 1, 0], [0, 1, 0, 0, 0, 1, 0, 1, 0, 1, 1, 0, 1, 0, 0, 1, 1], [0, 0, 1, 0, 0, 1, 1, 1, 1, 0, 1, 1, 0, 1, 0, 0, 1], [1, 1, 1, 0, 0, 0, 0, 0, 1, 0, 0, 0, 1, 0, 0, 1, 0], [0, 0, 0, 0, 1, 0, 1, 1, 1, 1, 0, 0, 0, 0, 0, 1, 1], [1, 0, 1, 0, 0, 1, 0, 1, 1, 0, 1, 1, 0, 1, 1, 0, 0], [0, 0, 0, 1, 0, 0, 0, 0, 0, 0, 0, 1, 1, 0, 1, 0, 0]]",4.0,9.0,Y,"{0: 13, 1: 4, 2: 148, 3: 139, 4: 130, 5: 121, 6: 112, 7: 103, 8: 94, 9: 85, 10: 76, 11: 67, 12: 58, 13: 49, 14: 40, 15: 31, 16: 22}","{(0, 4): 1, (0, 5): 7, (0, 6): 1, (0, 8): 1, (0, 10): 1, (0, 13): 1, (0, 15): 1, (1, 7): 1, (1, 8): 1, (1, 11): 1, (1, 13): 1, (2, 3): 119, (2, 4): 1, (2, 8): 1, (2, 12): 1, (2, 13): 25, (2, 15): 1, (3, 5): 1, (3, 16): 19, (4, 6): 1, (4, 8): 14, (4, 9): 79, (4, 14): 34, (5, 6): 60, (5, 9): 1, (5, 11): 1, (5, 12): 50, (5, 15): 1, (6, 8): 1, (6, 10): 47, (6, 12): 1, (6, 14): 1, (7, 8): 22, (7, 9): 1, (7, 11): 60, (7, 12): 1, (7, 14): 1, (7, 15): 17, (8, 9): 1, (8, 10): 24, (8, 12): 1, (8, 13): 20, (8, 14): 1, (8, 15): 7, (9, 10): 1, (9, 11): 1, (9, 14): 1, (10, 11): 1, (10, 12): 1, (10, 15): 1, (11, 12): 1, (11, 15): 1, (11, 16): 1, (12, 13): 1, (12, 16): 1, (13, 15): 1, (14, 15): 1, (14, 16): 1}",3029.0000000263717
46.0,Graph with 17 nodes and 58 edges,"[[0, 1, 0, 0, 0, 0, 0, 1, 0, 0, 1, 0, 0, 0, 1, 1, 0], [1, 0, 1, 0, 0, 0, 1, 0, 0, 1, 0, 0, 1, 1, 0, 1, 1], [0, 1, 0, 0, 0, 0, 1, 0, 1, 1, 1, 0, 1, 1, 0, 0, 1], [0, 0, 0, 0, 1, 0, 0, 1, 0, 0, 0, 1, 1, 0, 0, 1, 0], [0, 0, 0, 1, 0, 1, 1, 0, 1, 0, 0, 1, 0, 0, 0, 0, 1], [0, 0, 0, 0, 1, 0, 0, 0, 1, 0, 0, 0, 0, 0, 1, 1, 0], [0, 1, 1, 0, 1, 0, 0, 0, 0, 1, 1, 0, 0, 0, 1, 0, 0], [1, 0, 0, 1, 0, 0, 0, 0, 1, 0, 1, 1, 1, 1, 0, 1, 0], [0, 0, 1, 0, 1, 1, 0, 1, 0, 1, 0, 1, 0, 1, 0, 1, 1], [0, 1, 1, 0, 0, 0, 1, 0, 1, 0, 0, 0, 1, 1, 1, 0, 0], [1, 0, 1, 0, 0, 0, 1, 1, 0, 0, 0, 0, 0, 0, 1, 1, 0], [0, 0, 0, 1, 1, 0, 0, 1, 1, 0, 0, 0, 1, 0, 0, 0, 0], [0, 1, 1, 1, 0, 0, 0, 1, 0, 1, 0, 1, 0, 0, 1, 0, 1], [0, 1, 1, 0, 0, 0, 0, 1, 1, 1, 0, 0, 0, 0, 1, 0, 0], [1, 0, 0, 0, 0, 1, 1, 0, 0, 1, 1, 0, 1, 1, 0, 1, 1], [1, 1, 0, 1, 0, 1, 0, 1, 1, 0, 1, 0, 0, 0, 1, 0, 1], [0, 1, 1, 0, 1, 0, 0, 0, 1, 0, 0, 0, 1, 0, 1, 1, 0]]",4.0,2.0,Y,"{0: 6, 1: 8, 2: 36, 3: 34, 4: 32, 5: 4, 6: 30, 7: 28, 8: 10, 9: 26, 10: 24, 11: 22, 12: 20, 13: 18, 14: 16, 15: 14, 16: 12}","{(0, 1): 1, (0, 7): 1, (0, 10): 1, (0, 14): 2, (0, 15): 1, (1, 2): 1, (1, 6): 1, (1, 9): 1, (1, 12): 1, (1, 13): 1, (1, 15): 1, (1, 16): 1, (2, 6): 6, (2, 8): 2, (2, 9): 13, (2, 10): 1, (2, 12): 6, (2, 13): 1, (2, 16): 6, (3, 4): 16, (3, 7): 9, (3, 11): 7, (3, 12): 1, (3, 15): 1, (4, 5): 1, (4, 6): 1, (4, 8): 1, (4, 11): 12, (4, 16): 1, (5, 8): 1, (5, 14): 1, (5, 15): 1, (6, 9): 1, (6, 10): 19, (6, 14): 2, (7, 8): 1, (7, 10): 1, (7, 11): 1, (7, 12): 1, (7, 13): 13, (7, 15): 1, (8, 9): 1, (8, 11): 1, (8, 13): 1, (8, 15): 1, (8, 16): 1, (9, 12): 8, (9, 13): 1, (9, 14): 1, (10, 14): 1, (10, 15): 1, (11, 12): 1, (12, 14): 1, (12, 16): 1, (13, 14): 1, (14, 15): 6, (14, 16): 1, (15, 16): 1}",2896.000000021104
46.0,Graph with 17 nodes and 58 edges,"[[0, 1, 0, 0, 0, 0, 0, 1, 0, 0, 1, 0, 0, 0, 1, 1, 0], [1, 0, 1, 0, 0, 0, 1, 0, 0, 1, 0, 0, 1, 1, 0, 1, 1], [0, 1, 0, 0, 0, 0, 1, 0, 1, 1, 1, 0, 1, 1, 0, 0, 1], [0, 0, 0, 0, 1, 0, 0, 1, 0, 0, 0, 1, 1, 0, 0, 1, 0], [0, 0, 0, 1, 0, 1, 1, 0, 1, 0, 0, 1, 0, 0, 0, 0, 1], [0, 0, 0, 0, 1, 0, 0, 0, 1, 0, 0, 0, 0, 0, 1, 1, 0], [0, 1, 1, 0, 1, 0, 0, 0, 0, 1, 1, 0, 0, 0, 1, 0, 0], [1, 0, 0, 1, 0, 0, 0, 0, 1, 0, 1, 1, 1, 1, 0, 1, 0], [0, 0, 1, 0, 1, 1, 0, 1, 0, 1, 0, 1, 0, 1, 0, 1, 1], [0, 1, 1, 0, 0, 0, 1, 0, 1, 0, 0, 0, 1, 1, 1, 0, 0], [1, 0, 1, 0, 0, 0, 1, 1, 0, 0, 0, 0, 0, 0, 1, 1, 0], [0, 0, 0, 1, 1, 0, 0, 1, 1, 0, 0, 0, 1, 0, 0, 0, 0], [0, 1, 1, 1, 0, 0, 0, 1, 0, 1, 0, 1, 0, 0, 1, 0, 1], [0, 1, 1, 0, 0, 0, 0, 1, 1, 1, 0, 0, 0, 0, 1, 0, 0], [1, 0, 0, 0, 0, 1, 1, 0, 0, 1, 1, 0, 1, 1, 0, 1, 1], [1, 1, 0, 1, 0, 1, 0, 1, 1, 0, 1, 0, 0, 0, 1, 0, 1], [0, 1, 1, 0, 1, 0, 0, 0, 1, 0, 0, 0, 1, 0, 1, 1, 0]]",4.0,3.0,Y,"{0: 7, 1: 10, 2: 52, 3: 49, 4: 46, 5: 4, 6: 43, 7: 40, 8: 37, 9: 34, 10: 31, 11: 28, 12: 25, 13: 22, 14: 19, 15: 16, 16: 13}","{(0, 1): 1, (0, 7): 1, (0, 10): 1, (0, 14): 3, (0, 15): 1, (1, 2): 3, (1, 6): 1, (1, 9): 1, (1, 12): 1, (1, 13): 1, (1, 15): 1, (1, 16): 1, (2, 6): 1, (2, 8): 29, (2, 9): 1, (2, 10): 1, (2, 12): 9, (2, 13): 1, (2, 16): 7, (3, 4): 31, (3, 7): 1, (3, 11): 14, (3, 12): 1, (3, 15): 1, (4, 5): 1, (4, 6): 1, (4, 8): 1, (4, 11): 10, (4, 16): 1, (5, 8): 1, (5, 14): 1, (5, 15): 1, (6, 9): 22, (6, 10): 17, (6, 14): 1, (7, 8): 1, (7, 10): 10, (7, 11): 1, (7, 12): 1, (7, 13): 17, (7, 15): 8, (8, 9): 1, (8, 11): 1, (8, 13): 1, (8, 15): 1, (8, 16): 1, (9, 12): 4, (9, 13): 1, (9, 14): 3, (10, 14): 1, (10, 15): 1, (11, 12): 1, (12, 14): 6, (12, 16): 1, (13, 14): 1, (14, 15): 1, (14, 16): 1, (15, 16): 1}",2941.0000000211767
46.0,Graph with 17 nodes and 58 edges,"[[0, 1, 0, 0, 0, 0, 0, 1, 0, 0, 1, 0, 0, 0, 1, 1, 0], [1, 0, 1, 0, 0, 0, 1, 0, 0, 1, 0, 0, 1, 1, 0, 1, 1], [0, 1, 0, 0, 0, 0, 1, 0, 1, 1, 1, 0, 1, 1, 0, 0, 1], [0, 0, 0, 0, 1, 0, 0, 1, 0, 0, 0, 1, 1, 0, 0, 1, 0], [0, 0, 0, 1, 0, 1, 1, 0, 1, 0, 0, 1, 0, 0, 0, 0, 1], [0, 0, 0, 0, 1, 0, 0, 0, 1, 0, 0, 0, 0, 0, 1, 1, 0], [0, 1, 1, 0, 1, 0, 0, 0, 0, 1, 1, 0, 0, 0, 1, 0, 0], [1, 0, 0, 1, 0, 0, 0, 0, 1, 0, 1, 1, 1, 1, 0, 1, 0], [0, 0, 1, 0, 1, 1, 0, 1, 0, 1, 0, 1, 0, 1, 0, 1, 1], [0, 1, 1, 0, 0, 0, 1, 0, 1, 0, 0, 0, 1, 1, 1, 0, 0], [1, 0, 1, 0, 0, 0, 1, 1, 0, 0, 0, 0, 0, 0, 1, 1, 0], [0, 0, 0, 1, 1, 0, 0, 1, 1, 0, 0, 0, 1, 0, 0, 0, 0], [0, 1, 1, 1, 0, 0, 0, 1, 0, 1, 0, 1, 0, 0, 1, 0, 1], [0, 1, 1, 0, 0, 0, 0, 1, 1, 1, 0, 0, 0, 0, 1, 0, 0], [1, 0, 0, 0, 0, 1, 1, 0, 0, 1, 1, 0, 1, 1, 0, 1, 1], [1, 1, 0, 1, 0, 1, 0, 1, 1, 0, 1, 0, 0, 0, 1, 0, 1], [0, 1, 1, 0, 1, 0, 0, 0, 1, 0, 0, 0, 1, 0, 1, 1, 0]]",4.0,6.0,Y,"{0: 10, 1: 100, 2: 94, 3: 88, 4: 82, 5: 4, 6: 76, 7: 70, 8: 64, 9: 58, 10: 52, 11: 46, 12: 40, 13: 34, 14: 28, 15: 22, 16: 16}","{(0, 1): 1, (0, 7): 1, (0, 10): 1, (0, 14): 6, (0, 15): 1, (1, 2): 1, (1, 6): 71, (1, 9): 23, (1, 12): 1, (1, 13): 1, (1, 15): 1, (1, 16): 1, (2, 6): 1, (2, 8): 55, (2, 9): 1, (2, 10): 1, (2, 12): 33, (2, 13): 1, (2, 16): 1, (3, 4): 56, (3, 7): 9, (3, 11): 21, (3, 12): 1, (3, 15): 1, (4, 5): 1, (4, 6): 1, (4, 8): 1, (4, 11): 22, (4, 16): 1, (5, 8): 1, (5, 14): 1, (5, 15): 1, (6, 9): 1, (6, 10): 1, (6, 14): 1, (7, 8): 1, (7, 10): 47, (7, 11): 1, (7, 12): 1, (7, 13): 1, (7, 15): 9, (8, 9): 2, (8, 11): 1, (8, 13): 1, (8, 15): 1, (8, 16): 1, (9, 12): 1, (9, 13): 29, (9, 14): 1, (10, 14): 1, (10, 15): 1, (11, 12): 1, (12, 14): 1, (12, 16): 1, (13, 14): 1, (14, 15): 6, (14, 16): 10, (15, 16): 1}",3185.9999999710453
46.0,Graph with 17 nodes and 58 edges,"[[0, 1, 0, 0, 0, 0, 0, 1, 0, 0, 1, 0, 0, 0, 1, 1, 0], [1, 0, 1, 0, 0, 0, 1, 0, 0, 1, 0, 0, 1, 1, 0, 1, 1], [0, 1, 0, 0, 0, 0, 1, 0, 1, 1, 1, 0, 1, 1, 0, 0, 1], [0, 0, 0, 0, 1, 0, 0, 1, 0, 0, 0, 1, 1, 0, 0, 1, 0], [0, 0, 0, 1, 0, 1, 1, 0, 1, 0, 0, 1, 0, 0, 0, 0, 1], [0, 0, 0, 0, 1, 0, 0, 0, 1, 0, 0, 0, 0, 0, 1, 1, 0], [0, 1, 1, 0, 1, 0, 0, 0, 0, 1, 1, 0, 0, 0, 1, 0, 0], [1, 0, 0, 1, 0, 0, 0, 0, 1, 0, 1, 1, 1, 1, 0, 1, 0], [0, 0, 1, 0, 1, 1, 0, 1, 0, 1, 0, 1, 0, 1, 0, 1, 1], [0, 1, 1, 0, 0, 0, 1, 0, 1, 0, 0, 0, 1, 1, 1, 0, 0], [1, 0, 1, 0, 0, 0, 1, 1, 0, 0, 0, 0, 0, 0, 1, 1, 0], [0, 0, 0, 1, 1, 0, 0, 1, 1, 0, 0, 0, 1, 0, 0, 0, 0], [0, 1, 1, 1, 0, 0, 0, 1, 0, 1, 0, 1, 0, 0, 1, 0, 1], [0, 1, 1, 0, 0, 0, 0, 1, 1, 1, 0, 0, 0, 0, 1, 0, 0], [1, 0, 0, 0, 0, 1, 1, 0, 0, 1, 1, 0, 1, 1, 0, 1, 1], [1, 1, 0, 1, 0, 1, 0, 1, 1, 0, 1, 0, 0, 0, 1, 0, 1], [0, 1, 1, 0, 1, 0, 0, 0, 1, 0, 0, 0, 1, 0, 1, 1, 0]]",4.0,9.0,Y,"{0: 13, 1: 148, 2: 139, 3: 130, 4: 121, 5: 4, 6: 112, 7: 103, 8: 94, 9: 85, 10: 76, 11: 67, 12: 58, 13: 49, 14: 40, 15: 31, 16: 22}","{(0, 1): 1, (0, 7): 1, (0, 10): 1, (0, 14): 9, (0, 15): 1, (1, 2): 32, (1, 6): 77, (1, 9): 6, (1, 12): 28, (1, 13): 1, (1, 15): 1, (1, 16): 1, (2, 6): 1, (2, 8): 86, (2, 9): 1, (2, 10): 1, (2, 12): 1, (2, 13): 1, (2, 16): 16, (3, 4): 88, (3, 7): 4, (3, 11): 35, (3, 12): 1, (3, 15): 1, (4, 5): 1, (4, 6): 1, (4, 8): 1, (4, 11): 28, (4, 16): 1, (5, 8): 1, (5, 14): 1, (5, 15): 1, (6, 9): 30, (6, 10): 1, (6, 14): 1, (7, 8): 1, (7, 10): 71, (7, 11): 1, (7, 12): 1, (7, 13): 1, (7, 15): 23, (8, 9): 1, (8, 11): 1, (8, 13): 1, (8, 15): 1, (8, 16): 1, (9, 12): 1, (9, 13): 44, (9, 14): 1, (10, 14): 1, (10, 15): 1, (11, 12): 1, (12, 14): 24, (12, 16): 1, (13, 14): 1, (14, 15): 1, (14, 16): 1, (15, 16): 1}",2986.0000000212494
47.0,Graph with 17 nodes and 58 edges,"[[0, 1, 0, 0, 0, 1, 1, 0, 1, 0, 0, 1, 1, 0, 0, 1, 0], [1, 0, 1, 0, 0, 0, 1, 1, 0, 1, 0, 0, 0, 0, 1, 0, 1], [0, 1, 0, 0, 0, 1, 0, 0, 1, 1, 0, 0, 1, 1, 0, 0, 0], [0, 0, 0, 0, 1, 1, 1, 0, 1, 1, 1, 1, 0, 0, 0, 0, 0], [0, 0, 0, 1, 0, 0, 1, 1, 1, 0, 0, 1, 1, 0, 0, 0, 0], [1, 0, 1, 1, 0, 0, 0, 1, 0, 0, 0, 1, 0, 0, 1, 0, 1], [1, 1, 0, 1, 1, 0, 0, 1, 1, 0, 0, 0, 0, 0, 0, 0, 0], [0, 1, 0, 0, 1, 1, 1, 0, 1, 1, 0, 0, 1, 0, 0, 0, 1], [1, 0, 1, 1, 1, 0, 1, 1, 0, 1, 0, 0, 1, 1, 1, 0, 1], [0, 1, 1, 1, 0, 0, 0, 1, 1, 0, 0, 1, 0, 1, 0, 1, 0], [0, 0, 0, 1, 0, 0, 0, 0, 0, 0, 0, 0, 1, 0, 0, 1, 1], [1, 0, 0, 1, 1, 1, 0, 0, 0, 1, 0, 0, 0, 1, 1, 0, 1], [1, 0, 1, 0, 1, 0, 0, 1, 1, 0, 1, 0, 0, 1, 1, 0, 0], [0, 0, 1, 0, 0, 0, 0, 0, 1, 1, 0, 1, 1, 0, 0, 0, 0], [0, 1, 0, 0, 0, 1, 0, 0, 1, 0, 0, 1, 1, 0, 0, 1, 0], [1, 0, 0, 0, 0, 0, 0, 0, 0, 1, 1, 0, 0, 0, 1, 0, 1], [0, 1, 0, 0, 0, 1, 0, 1, 1, 0, 1, 1, 0, 0, 0, 1, 0]]",4.0,2.0,Y,"{0: 8, 1: 36, 2: 6, 3: 34, 4: 32, 5: 30, 6: 28, 7: 26, 8: 12, 9: 24, 10: 4, 11: 22, 12: 20, 13: 18, 14: 16, 15: 14, 16: 10}","{(0, 1): 1, (0, 5): 2, (0, 6): 1, (0, 8): 1, (0, 11): 1, (0, 12): 1, (0, 15): 1, (1, 2): 1, (1, 6): 12, (1, 7): 7, (1, 9): 7, (1, 14): 7, (1, 16): 1, (2, 5): 1, (2, 8): 1, (2, 9): 1, (2, 12): 1, (2, 13): 1, (3, 4): 27, (3, 5): 2, (3, 6): 1, (3, 8): 1, (3, 9): 1, (3, 10): 1, (3, 11): 1, (4, 6): 1, (4, 7): 1, (4, 8): 1, (4, 11): 1, (4, 12): 1, (5, 7): 1, (5, 11): 15, (5, 14): 5, (5, 16): 4, (6, 7): 12, (6, 8): 1, (7, 8): 2, (7, 9): 1, (7, 12): 1, (7, 16): 1, (8, 9): 1, (8, 12): 1, (8, 13): 1, (8, 14): 1, (8, 16): 1, (9, 11): 1, (9, 13): 2, (9, 15): 10, (10, 12): 1, (10, 15): 1, (10, 16): 1, (11, 13): 1, (11, 14): 1, (11, 16): 1, (12, 13): 13, (12, 14): 1, (14, 15): 1, (15, 16): 1}",3311.9999999939864
47.0,Graph with 17 nodes and 58 edges,"[[0, 1, 0, 0, 0, 1, 1, 0, 1, 0, 0, 1, 1, 0, 0, 1, 0], [1, 0, 1, 0, 0, 0, 1, 1, 0, 1, 0, 0, 0, 0, 1, 0, 1], [0, 1, 0, 0, 0, 1, 0, 0, 1, 1, 0, 0, 1, 1, 0, 0, 0], [0, 0, 0, 0, 1, 1, 1, 0, 1, 1, 1, 1, 0, 0, 0, 0, 0], [0, 0, 0, 1, 0, 0, 1, 1, 1, 0, 0, 1, 1, 0, 0, 0, 0], [1, 0, 1, 1, 0, 0, 0, 1, 0, 0, 0, 1, 0, 0, 1, 0, 1], [1, 1, 0, 1, 1, 0, 0, 1, 1, 0, 0, 0, 0, 0, 0, 0, 0], [0, 1, 0, 0, 1, 1, 1, 0, 1, 1, 0, 0, 1, 0, 0, 0, 1], [1, 0, 1, 1, 1, 0, 1, 1, 0, 1, 0, 0, 1, 1, 1, 0, 1], [0, 1, 1, 1, 0, 0, 0, 1, 1, 0, 0, 1, 0, 1, 0, 1, 0], [0, 0, 0, 1, 0, 0, 0, 0, 0, 0, 0, 0, 1, 0, 0, 1, 1], [1, 0, 0, 1, 1, 1, 0, 0, 0, 1, 0, 0, 0, 1, 1, 0, 1], [1, 0, 1, 0, 1, 0, 0, 1, 1, 0, 1, 0, 0, 1, 1, 0, 0], [0, 0, 1, 0, 0, 0, 0, 0, 1, 1, 0, 1, 1, 0, 0, 0, 0], [0, 1, 0, 0, 0, 1, 0, 0, 1, 0, 0, 1, 1, 0, 0, 1, 0], [1, 0, 0, 0, 0, 0, 0, 0, 0, 1, 1, 0, 0, 0, 1, 0, 1], [0, 1, 0, 0, 0, 1, 0, 1, 1, 0, 1, 1, 0, 0, 0, 1, 0]]",4.0,3.0,Y,"{0: 7, 1: 52, 2: 49, 3: 46, 4: 43, 5: 40, 6: 37, 7: 10, 8: 13, 9: 34, 10: 4, 11: 31, 12: 28, 13: 25, 14: 22, 15: 19, 16: 16}","{(0, 1): 1, (0, 5): 1, (0, 6): 1, (0, 8): 1, (0, 11): 1, (0, 12): 1, (0, 15): 1, (1, 2): 17, (1, 6): 1, (1, 7): 3, (1, 9): 22, (1, 14): 7, (1, 16): 1, (2, 5): 1, (2, 8): 1, (2, 9): 1, (2, 12): 15, (2, 13): 13, (3, 4): 23, (3, 5): 1, (3, 6): 17, (3, 8): 1, (3, 9): 1, (3, 10): 1, (3, 11): 1, (4, 6): 15, (4, 7): 1, (4, 8): 1, (4, 11): 1, (4, 12): 1, (5, 7): 1, (5, 11): 24, (5, 14): 11, (5, 16): 1, (6, 7): 1, (6, 8): 1, (7, 8): 1, (7, 9): 1, (7, 12): 1, (7, 16): 1, (8, 9): 1, (8, 12): 1, (8, 13): 3, (8, 14): 1, (8, 16): 1, (9, 11): 1, (9, 13): 1, (9, 15): 6, (10, 12): 1, (10, 15): 1, (10, 16): 1, (11, 13): 1, (11, 14): 1, (11, 16): 1, (12, 13): 6, (12, 14): 1, (14, 15): 1, (15, 16): 10}",2968.0000000098516
47.0,Graph with 17 nodes and 58 edges,"[[0, 1, 0, 0, 0, 1, 1, 0, 1, 0, 0, 1, 1, 0, 0, 1, 0], [1, 0, 1, 0, 0, 0, 1, 1, 0, 1, 0, 0, 0, 0, 1, 0, 1], [0, 1, 0, 0, 0, 1, 0, 0, 1, 1, 0, 0, 1, 1, 0, 0, 0], [0, 0, 0, 0, 1, 1, 1, 0, 1, 1, 1, 1, 0, 0, 0, 0, 0], [0, 0, 0, 1, 0, 0, 1, 1, 1, 0, 0, 1, 1, 0, 0, 0, 0], [1, 0, 1, 1, 0, 0, 0, 1, 0, 0, 0, 1, 0, 0, 1, 0, 1], [1, 1, 0, 1, 1, 0, 0, 1, 1, 0, 0, 0, 0, 0, 0, 0, 0], [0, 1, 0, 0, 1, 1, 1, 0, 1, 1, 0, 0, 1, 0, 0, 0, 1], [1, 0, 1, 1, 1, 0, 1, 1, 0, 1, 0, 0, 1, 1, 1, 0, 1], [0, 1, 1, 1, 0, 0, 0, 1, 1, 0, 0, 1, 0, 1, 0, 1, 0], [0, 0, 0, 1, 0, 0, 0, 0, 0, 0, 0, 0, 1, 0, 0, 1, 1], [1, 0, 0, 1, 1, 1, 0, 0, 0, 1, 0, 0, 0, 1, 1, 0, 1], [1, 0, 1, 0, 1, 0, 0, 1, 1, 0, 1, 0, 0, 1, 1, 0, 0], [0, 0, 1, 0, 0, 0, 0, 0, 1, 1, 0, 1, 1, 0, 0, 0, 0], [0, 1, 0, 0, 0, 1, 0, 0, 1, 0, 0, 1, 1, 0, 0, 1, 0], [1, 0, 0, 0, 0, 0, 0, 0, 0, 1, 1, 0, 0, 0, 1, 0, 1], [0, 1, 0, 0, 0, 1, 0, 1, 1, 0, 1, 1, 0, 0, 0, 1, 0]]",4.0,8.0,Y,"{0: 12, 1: 132, 2: 124, 3: 116, 4: 108, 5: 100, 6: 92, 7: 84, 8: 76, 9: 68, 10: 4, 11: 60, 12: 52, 13: 44, 14: 36, 15: 28, 16: 20}","{(0, 1): 1, (0, 5): 1, (0, 6): 1, (0, 8): 1, (0, 11): 6, (0, 12): 1, (0, 15): 1, (1, 2): 1, (1, 6): 6, (1, 7): 61, (1, 9): 61, (1, 14): 1, (1, 16): 1, (2, 5): 75, (2, 8): 1, (2, 9): 1, (2, 12): 45, (2, 13): 1, (3, 4): 103, (3, 5): 8, (3, 6): 1, (3, 8): 1, (3, 9): 1, (3, 10): 1, (3, 11): 1, (4, 6): 1, (4, 7): 1, (4, 8): 1, (4, 11): 1, (4, 12): 1, (5, 7): 1, (5, 11): 1, (5, 14): 1, (5, 16): 13, (6, 7): 17, (6, 8): 66, (7, 8): 1, (7, 9): 1, (7, 12): 1, (7, 16): 1, (8, 9): 1, (8, 12): 1, (8, 13): 1, (8, 14): 1, (8, 16): 1, (9, 11): 1, (9, 13): 1, (9, 15): 1, (10, 12): 1, (10, 15): 1, (10, 16): 1, (11, 13): 40, (11, 14): 8, (11, 16): 2, (12, 13): 1, (12, 14): 1, (14, 15): 24, (15, 16): 1}",3048.9999999758766
48.0,Graph with 17 nodes and 69 edges,"[[0, 0, 0, 1, 0, 1, 0, 0, 1, 1, 0, 1, 1, 0, 1, 1, 1], [0, 0, 0, 0, 0, 0, 0, 0, 1, 0, 1, 0, 1, 0, 0, 0, 0], [0, 0, 0, 1, 0, 1, 1, 1, 1, 1, 0, 0, 0, 1, 1, 1, 0], [1, 0, 1, 0, 0, 1, 0, 1, 1, 0, 1, 0, 0, 1, 0, 1, 1], [0, 0, 0, 0, 0, 1, 0, 0, 0, 1, 1, 0, 0, 0, 1, 0, 1], [1, 0, 1, 1, 1, 0, 0, 1, 1, 1, 1, 1, 1, 0, 0, 0, 1], [0, 0, 1, 0, 0, 0, 0, 1, 1, 1, 0, 1, 0, 1, 0, 0, 1], [0, 0, 1, 1, 0, 1, 1, 0, 0, 0, 0, 1, 0, 1, 1, 0, 1], [1, 1, 1, 1, 0, 1, 1, 0, 0, 0, 0, 1, 0, 0, 0, 1, 0], [1, 0, 1, 0, 1, 1, 1, 0, 0, 0, 1, 1, 1, 1, 0, 1, 1], [0, 1, 0, 1, 1, 1, 0, 0, 0, 1, 0, 0, 1, 0, 0, 1, 0], [1, 0, 0, 0, 0, 1, 1, 1, 1, 1, 0, 0, 0, 0, 0, 1, 1], [1, 1, 0, 0, 0, 1, 0, 0, 0, 1, 1, 0, 0, 1, 1, 1, 1], [0, 0, 1, 1, 0, 0, 1, 1, 0, 1, 0, 0, 1, 0, 1, 0, 0], [1, 0, 1, 0, 1, 0, 0, 1, 0, 0, 0, 0, 1, 1, 0, 0, 1], [1, 0, 1, 1, 0, 0, 0, 0, 1, 1, 1, 1, 1, 0, 0, 0, 1], [1, 0, 0, 1, 1, 1, 1, 1, 0, 1, 0, 1, 1, 0, 1, 1, 0]]",3.0,3.0,Y,"{0: 9, 1: 3, 2: 51, 3: 48, 4: 6, 5: 12, 6: 45, 7: 42, 8: 39, 9: 36, 10: 33, 11: 30, 12: 27, 13: 24, 14: 21, 15: 18, 16: 15}","{(0, 3): 1, (0, 5): 1, (0, 8): 1, (0, 9): 1, (0, 11): 1, (0, 12): 1, (0, 14): 1, (0, 15): 1, (0, 16): 1, (1, 8): 1, (1, 10): 1, (1, 12): 1, (2, 3): 1, (2, 5): 1, (2, 6): 35, (2, 7): 1, (2, 8): 9, (2, 9): 1, (2, 13): 1, (2, 14): 1, (2, 15): 1, (3, 5): 1, (3, 7): 4, (3, 8): 1, (3, 10): 27, (3, 13): 1, (3, 15): 10, (3, 16): 1, (4, 5): 2, (4, 9): 1, (4, 10): 1, (4, 14): 1, (4, 16): 1, (5, 7): 1, (5, 8): 1, (5, 9): 1, (5, 10): 1, (5, 11): 1, (5, 12): 1, (5, 16): 1, (6, 7): 1, (6, 8): 5, (6, 9): 1, (6, 11): 1, (6, 13): 1, (6, 16): 1, (7, 11): 1, (7, 13): 17, (7, 14): 15, (7, 16): 1, (8, 11): 20, (8, 15): 1, (9, 10): 1, (9, 11): 4, (9, 12): 19, (9, 13): 1, (9, 15): 1, (9, 16): 5, (10, 12): 1, (10, 15): 1, (11, 15): 1, (11, 16): 1, (12, 13): 1, (12, 14): 1, (12, 15): 1, (12, 16): 1, (13, 14): 1, (14, 16): 1, (15, 16): 1}",3089.9999999860484
48.0,Graph with 17 nodes and 69 edges,"[[0, 0, 0, 1, 0, 1, 0, 0, 1, 1, 0, 1, 1, 0, 1, 1, 1], [0, 0, 0, 0, 0, 0, 0, 0, 1, 0, 1, 0, 1, 0, 0, 0, 0], [0, 0, 0, 1, 0, 1, 1, 1, 1, 1, 0, 0, 0, 1, 1, 1, 0], [1, 0, 1, 0, 0, 1, 0, 1, 1, 0, 1, 0, 0, 1, 0, 1, 1], [0, 0, 0, 0, 0, 1, 0, 0, 0, 1, 1, 0, 0, 0, 1, 0, 1], [1, 0, 1, 1, 1, 0, 0, 1, 1, 1, 1, 1, 1, 0, 0, 0, 1], [0, 0, 1, 0, 0, 0, 0, 1, 1, 1, 0, 1, 0, 1, 0, 0, 1], [0, 0, 1, 1, 0, 1, 1, 0, 0, 0, 0, 1, 0, 1, 1, 0, 1], [1, 1, 1, 1, 0, 1, 1, 0, 0, 0, 0, 1, 0, 0, 0, 1, 0], [1, 0, 1, 0, 1, 1, 1, 0, 0, 0, 1, 1, 1, 1, 0, 1, 1], [0, 1, 0, 1, 1, 1, 0, 0, 0, 1, 0, 0, 1, 0, 0, 1, 0], [1, 0, 0, 0, 0, 1, 1, 1, 1, 1, 0, 0, 0, 0, 0, 1, 1], [1, 1, 0, 0, 0, 1, 0, 0, 0, 1, 1, 0, 0, 1, 1, 1, 1], [0, 0, 1, 1, 0, 0, 1, 1, 0, 1, 0, 0, 1, 0, 1, 0, 0], [1, 0, 1, 0, 1, 0, 0, 1, 0, 0, 0, 0, 1, 1, 0, 0, 1], [1, 0, 1, 1, 0, 0, 0, 0, 1, 1, 1, 1, 1, 0, 0, 0, 1], [1, 0, 0, 1, 1, 1, 1, 1, 0, 1, 0, 1, 1, 0, 1, 1, 0]]",3.0,6.0,Y,"{0: 9, 1: 3, 2: 99, 3: 93, 4: 87, 5: 15, 6: 81, 7: 75, 8: 69, 9: 63, 10: 57, 11: 51, 12: 45, 13: 39, 14: 33, 15: 27, 16: 21}","{(0, 3): 1, (0, 5): 1, (0, 8): 1, (0, 9): 1, (0, 11): 1, (0, 12): 1, (0, 14): 1, (0, 15): 1, (0, 16): 1, (1, 8): 1, (1, 10): 1, (1, 12): 1, (2, 3): 1, (2, 5): 1, (2, 6): 59, (2, 7): 32, (2, 8): 1, (2, 9): 1, (2, 13): 1, (2, 14): 1, (2, 15): 1, (3, 5): 1, (3, 7): 21, (3, 8): 19, (3, 10): 1, (3, 13): 33, (3, 15): 15, (3, 16): 1, (4, 5): 1, (4, 9): 7, (4, 10): 51, (4, 14): 27, (4, 16): 1, (5, 7): 1, (5, 8): 1, (5, 9): 5, (5, 10): 1, (5, 11): 1, (5, 12): 1, (5, 16): 1, (6, 7): 16, (6, 8): 1, (6, 9): 1, (6, 11): 1, (6, 13): 1, (6, 16): 1, (7, 11): 1, (7, 13): 1, (7, 14): 1, (7, 16): 1, (8, 11): 44, (8, 15): 1, (9, 10): 1, (9, 11): 1, (9, 12): 33, (9, 13): 1, (9, 15): 1, (9, 16): 11, (10, 12): 1, (10, 15): 1, (11, 15): 1, (11, 16): 1, (12, 13): 1, (12, 14): 1, (12, 15): 5, (12, 16): 1, (13, 14): 1, (14, 16): 1, (15, 16): 1}",3287.000000000262
48.0,Graph with 17 nodes and 69 edges,"[[0, 0, 0, 1, 0, 1, 0, 0, 1, 1, 0, 1, 1, 0, 1, 1, 1], [0, 0, 0, 0, 0, 0, 0, 0, 1, 0, 1, 0, 1, 0, 0, 0, 0], [0, 0, 0, 1, 0, 1, 1, 1, 1, 1, 0, 0, 0, 1, 1, 1, 0], [1, 0, 1, 0, 0, 1, 0, 1, 1, 0, 1, 0, 0, 1, 0, 1, 1], [0, 0, 0, 0, 0, 1, 0, 0, 0, 1, 1, 0, 0, 0, 1, 0, 1], [1, 0, 1, 1, 1, 0, 0, 1, 1, 1, 1, 1, 1, 0, 0, 0, 1], [0, 0, 1, 0, 0, 0, 0, 1, 1, 1, 0, 1, 0, 1, 0, 0, 1], [0, 0, 1, 1, 0, 1, 1, 0, 0, 0, 0, 1, 0, 1, 1, 0, 1], [1, 1, 1, 1, 0, 1, 1, 0, 0, 0, 0, 1, 0, 0, 0, 1, 0], [1, 0, 1, 0, 1, 1, 1, 0, 0, 0, 1, 1, 1, 1, 0, 1, 1], [0, 1, 0, 1, 1, 1, 0, 0, 0, 1, 0, 0, 1, 0, 0, 1, 0], [1, 0, 0, 0, 0, 1, 1, 1, 1, 1, 0, 0, 0, 0, 0, 1, 1], [1, 1, 0, 0, 0, 1, 0, 0, 0, 1, 1, 0, 0, 1, 1, 1, 1], [0, 0, 1, 1, 0, 0, 1, 1, 0, 1, 0, 0, 1, 0, 1, 0, 0], [1, 0, 1, 0, 1, 0, 0, 1, 0, 0, 0, 0, 1, 1, 0, 0, 1], [1, 0, 1, 1, 0, 0, 0, 0, 1, 1, 1, 1, 1, 0, 0, 0, 1], [1, 0, 0, 1, 1, 1, 1, 1, 0, 1, 0, 1, 1, 0, 1, 1, 0]]",4.0,2.0,Y,"{0: 10, 1: 4, 2: 36, 3: 34, 4: 6, 5: 12, 6: 8, 7: 32, 8: 30, 9: 28, 10: 26, 11: 24, 12: 22, 13: 20, 14: 18, 15: 16, 16: 14}","{(0, 3): 1, (0, 5): 1, (0, 8): 1, (0, 9): 2, (0, 11): 1, (0, 12): 1, (0, 14): 1, (0, 15): 1, (0, 16): 1, (1, 8): 2, (1, 10): 1, (1, 12): 1, (2, 3): 1, (2, 5): 1, (2, 6): 1, (2, 7): 1, (2, 8): 22, (2, 9): 1, (2, 13): 7, (2, 14): 1, (2, 15): 1, (3, 5): 1, (3, 7): 15, (3, 8): 1, (3, 10): 12, (3, 13): 1, (3, 15): 1, (3, 16): 1, (4, 5): 2, (4, 9): 1, (4, 10): 1, (4, 14): 1, (4, 16): 1, (5, 7): 1, (5, 8): 1, (5, 9): 1, (5, 10): 1, (5, 11): 1, (5, 12): 1, (5, 16): 1, (6, 7): 1, (6, 8): 1, (6, 9): 2, (6, 11): 1, (6, 13): 1, (6, 16): 1, (7, 11): 7, (7, 13): 1, (7, 14): 5, (7, 16): 1, (8, 11): 1, (8, 15): 1, (9, 10): 3, (9, 11): 11, (9, 12): 1, (9, 13): 1, (9, 15): 1, (9, 16): 4, (10, 12): 7, (10, 15): 1, (11, 15): 1, (11, 16): 1, (12, 13): 1, (12, 14): 1, (12, 15): 8, (12, 16): 1, (13, 14): 8, (14, 16): 1, (15, 16): 1}",2981.999999974505
48.0,Graph with 17 nodes and 69 edges,"[[0, 0, 0, 1, 0, 1, 0, 0, 1, 1, 0, 1, 1, 0, 1, 1, 1], [0, 0, 0, 0, 0, 0, 0, 0, 1, 0, 1, 0, 1, 0, 0, 0, 0], [0, 0, 0, 1, 0, 1, 1, 1, 1, 1, 0, 0, 0, 1, 1, 1, 0], [1, 0, 1, 0, 0, 1, 0, 1, 1, 0, 1, 0, 0, 1, 0, 1, 1], [0, 0, 0, 0, 0, 1, 0, 0, 0, 1, 1, 0, 0, 0, 1, 0, 1], [1, 0, 1, 1, 1, 0, 0, 1, 1, 1, 1, 1, 1, 0, 0, 0, 1], [0, 0, 1, 0, 0, 0, 0, 1, 1, 1, 0, 1, 0, 1, 0, 0, 1], [0, 0, 1, 1, 0, 1, 1, 0, 0, 0, 0, 1, 0, 1, 1, 0, 1], [1, 1, 1, 1, 0, 1, 1, 0, 0, 0, 0, 1, 0, 0, 0, 1, 0], [1, 0, 1, 0, 1, 1, 1, 0, 0, 0, 1, 1, 1, 1, 0, 1, 1], [0, 1, 0, 1, 1, 1, 0, 0, 0, 1, 0, 0, 1, 0, 0, 1, 0], [1, 0, 0, 0, 0, 1, 1, 1, 1, 1, 0, 0, 0, 0, 0, 1, 1], [1, 1, 0, 0, 0, 1, 0, 0, 0, 1, 1, 0, 0, 1, 1, 1, 1], [0, 0, 1, 1, 0, 0, 1, 1, 0, 1, 0, 0, 1, 0, 1, 0, 0], [1, 0, 1, 0, 1, 0, 0, 1, 0, 0, 0, 0, 1, 1, 0, 0, 1], [1, 0, 1, 1, 0, 0, 0, 0, 1, 1, 1, 1, 1, 0, 0, 0, 1], [1, 0, 0, 1, 1, 1, 1, 1, 0, 1, 0, 1, 1, 0, 1, 1, 0]]",4.0,6.0,Y,"{0: 10, 1: 4, 2: 100, 3: 94, 4: 88, 5: 16, 6: 82, 7: 76, 8: 70, 9: 64, 10: 58, 11: 52, 12: 46, 13: 40, 14: 34, 15: 28, 16: 22}","{(0, 3): 1, (0, 5): 1, (0, 8): 1, (0, 9): 2, (0, 11): 1, (0, 12): 1, (0, 14): 1, (0, 15): 1, (0, 16): 1, (1, 8): 2, (1, 10): 1, (1, 12): 1, (2, 3): 1, (2, 5): 1, (2, 6): 30, (2, 7): 63, (2, 8): 1, (2, 9): 1, (2, 13): 1, (2, 14): 1, (2, 15): 1, (3, 5): 1, (3, 7): 5, (3, 8): 62, (3, 10): 1, (3, 13): 21, (3, 15): 1, (3, 16): 1, (4, 5): 1, (4, 9): 6, (4, 10): 52, (4, 14): 28, (4, 16): 1, (5, 7): 1, (5, 8): 1, (5, 9): 6, (5, 10): 1, (5, 11): 1, (5, 12): 1, (5, 16): 1, (6, 7): 3, (6, 8): 1, (6, 9): 1, (6, 11): 45, (6, 13): 1, (6, 16): 1, (7, 11): 1, (7, 13): 1, (7, 14): 1, (7, 16): 1, (8, 11): 1, (8, 15): 1, (9, 10): 1, (9, 11): 1, (9, 12): 19, (9, 13): 14, (9, 15): 1, (9, 16): 12, (10, 12): 1, (10, 15): 1, (11, 15): 1, (11, 16): 1, (12, 13): 1, (12, 14): 1, (12, 15): 20, (12, 16): 1, (13, 14): 1, (14, 16): 1, (15, 16): 1}",3204.0000000392865
48.0,Graph with 17 nodes and 69 edges,"[[0, 0, 0, 1, 0, 1, 0, 0, 1, 1, 0, 1, 1, 0, 1, 1, 1], [0, 0, 0, 0, 0, 0, 0, 0, 1, 0, 1, 0, 1, 0, 0, 0, 0], [0, 0, 0, 1, 0, 1, 1, 1, 1, 1, 0, 0, 0, 1, 1, 1, 0], [1, 0, 1, 0, 0, 1, 0, 1, 1, 0, 1, 0, 0, 1, 0, 1, 1], [0, 0, 0, 0, 0, 1, 0, 0, 0, 1, 1, 0, 0, 0, 1, 0, 1], [1, 0, 1, 1, 1, 0, 0, 1, 1, 1, 1, 1, 1, 0, 0, 0, 1], [0, 0, 1, 0, 0, 0, 0, 1, 1, 1, 0, 1, 0, 1, 0, 0, 1], [0, 0, 1, 1, 0, 1, 1, 0, 0, 0, 0, 1, 0, 1, 1, 0, 1], [1, 1, 1, 1, 0, 1, 1, 0, 0, 0, 0, 1, 0, 0, 0, 1, 0], [1, 0, 1, 0, 1, 1, 1, 0, 0, 0, 1, 1, 1, 1, 0, 1, 1], [0, 1, 0, 1, 1, 1, 0, 0, 0, 1, 0, 0, 1, 0, 0, 1, 0], [1, 0, 0, 0, 0, 1, 1, 1, 1, 1, 0, 0, 0, 0, 0, 1, 1], [1, 1, 0, 0, 0, 1, 0, 0, 0, 1, 1, 0, 0, 1, 1, 1, 1], [0, 0, 1, 1, 0, 0, 1, 1, 0, 1, 0, 0, 1, 0, 1, 0, 0], [1, 0, 1, 0, 1, 0, 0, 1, 0, 0, 0, 0, 1, 1, 0, 0, 1], [1, 0, 1, 1, 0, 0, 0, 0, 1, 1, 1, 1, 1, 0, 0, 0, 1], [1, 0, 0, 1, 1, 1, 1, 1, 0, 1, 0, 1, 1, 0, 1, 1, 0]]",4.0,8.0,Y,"{0: 12, 1: 4, 2: 132, 3: 124, 4: 116, 5: 108, 6: 100, 7: 92, 8: 84, 9: 76, 10: 68, 11: 60, 12: 52, 13: 44, 14: 36, 15: 28, 16: 20}","{(0, 3): 1, (0, 5): 1, (0, 8): 1, (0, 9): 4, (0, 11): 1, (0, 12): 1, (0, 14): 1, (0, 15): 1, (0, 16): 1, (1, 8): 2, (1, 10): 1, (1, 12): 1, (2, 3): 1, (2, 5): 1, (2, 6): 51, (2, 7): 58, (2, 8): 1, (2, 9): 17, (2, 13): 1, (2, 14): 1, (2, 15): 1, (3, 5): 1, (3, 7): 1, (3, 8): 36, (3, 10): 62, (3, 13): 1, (3, 15): 20, (3, 16): 1, (4, 5): 98, (4, 9): 1, (4, 10): 1, (4, 14): 15, (4, 16): 1, (5, 7): 1, (5, 8): 1, (5, 9): 1, (5, 10): 1, (5, 11): 1, (5, 12): 1, (5, 16): 1, (6, 7): 1, (6, 8): 1, (6, 9): 44, (6, 11): 1, (6, 13): 1, (6, 16): 1, (7, 11): 13, (7, 13): 1, (7, 14): 16, (7, 16): 1, (8, 11): 41, (8, 15): 1, (9, 10): 1, (9, 11): 1, (9, 12): 1, (9, 13): 1, (9, 15): 1, (9, 16): 4, (10, 12): 1, (10, 15): 1, (11, 15): 1, (11, 16): 1, (12, 13): 38, (12, 14): 1, (12, 15): 1, (12, 16): 7, (13, 14): 1, (14, 16): 1, (15, 16): 1}",3068.000000041593
