graph_index,Graph,Adjacency_list,a,d,APG_label_availability,Vertex_labels,Edge_labels,Gurobi_runtime
23.0,Graph with 25 nodes and 156 edges,"[[0, 0, 0, 0, 0, 1, 0, 0, 1, 0, 0, 0, 0, 0, 0, 0, 0, 0, 0, 1, 0, 0, 0, 0, 0], [0, 0, 1, 0, 1, 0, 1, 0, 1, 0, 1, 1, 1, 1, 1, 1, 1, 1, 0, 0, 1, 1, 0, 1, 0], [0, 1, 0, 0, 0, 1, 0, 1, 1, 1, 0, 0, 1, 1, 0, 1, 0, 1, 1, 1, 1, 1, 1, 0, 1], [0, 0, 0, 0, 0, 0, 1, 1, 1, 0, 0, 1, 0, 1, 1, 0, 1, 0, 0, 0, 1, 1, 0, 1, 0], [0, 1, 0, 0, 0, 0, 1, 1, 1, 1, 0, 0, 1, 1, 0, 1, 0, 1, 0, 1, 1, 1, 1, 0, 0], [1, 0, 1, 0, 0, 0, 1, 1, 0, 1, 0, 0, 1, 0, 1, 1, 0, 1, 1, 0, 0, 1, 0, 1, 0], [0, 1, 0, 1, 1, 1, 0, 0, 0, 0, 0, 1, 0, 0, 1, 1, 0, 1, 0, 0, 0, 0, 0, 0, 1], [0, 0, 1, 1, 1, 1, 0, 0, 1, 1, 0, 1, 1, 1, 0, 0, 1, 0, 0, 1, 1, 0, 1, 0, 1], [1, 1, 1, 1, 1, 0, 0, 1, 0, 1, 0, 0, 1, 0, 0, 0, 1, 1, 1, 0, 0, 0, 1, 1, 1], [0, 0, 1, 0, 1, 1, 0, 1, 1, 0, 1, 1, 1, 1, 0, 1, 1, 1, 0, 1, 1, 0, 0, 1, 1], [0, 1, 0, 0, 0, 0, 0, 0, 0, 1, 0, 0, 1, 1, 0, 1, 1, 0, 0, 1, 0, 0, 0, 1, 1], [0, 1, 0, 1, 0, 0, 1, 1, 0, 1, 0, 0, 0, 1, 1, 1, 1, 0, 1, 1, 1, 1, 1, 1, 1], [0, 1, 1, 0, 1, 1, 0, 1, 1, 1, 1, 0, 0, 1, 0, 0, 0, 1, 1, 1, 1, 1, 1, 0, 0], [0, 1, 1, 1, 1, 0, 0, 1, 0, 1, 1, 1, 1, 0, 0, 0, 1, 0, 0, 0, 1, 0, 1, 1, 0], [0, 1, 0, 1, 0, 1, 1, 0, 0, 0, 0, 1, 0, 0, 0, 0, 1, 0, 0, 1, 1, 1, 1, 1, 1], [0, 1, 1, 0, 1, 1, 1, 0, 0, 1, 1, 1, 0, 0, 0, 0, 1, 0, 0, 1, 0, 0, 0, 0, 1], [0, 1, 0, 1, 0, 0, 0, 1, 1, 1, 1, 1, 0, 1, 1, 1, 0, 1, 1, 0, 1, 1, 1, 0, 0], [0, 1, 1, 0, 1, 1, 1, 0, 1, 1, 0, 0, 1, 0, 0, 0, 1, 0, 1, 0, 1, 0, 0, 0, 0], [0, 0, 1, 0, 0, 1, 0, 0, 1, 0, 0, 1, 1, 0, 0, 0, 1, 1, 0, 1, 0, 1, 0, 0, 0], [1, 0, 1, 0, 1, 0, 0, 1, 0, 1, 1, 1, 1, 0, 1, 1, 0, 0, 1, 0, 1, 1, 1, 0, 1], [0, 1, 1, 1, 1, 0, 0, 1, 0, 1, 0, 1, 1, 1, 1, 0, 1, 1, 0, 1, 0, 1, 1, 1, 0], [0, 1, 1, 1, 1, 1, 0, 0, 0, 0, 0, 1, 1, 0, 1, 0, 1, 0, 1, 1, 1, 0, 1, 0, 0], [0, 0, 1, 0, 1, 0, 0, 1, 1, 0, 0, 1, 1, 1, 1, 0, 1, 0, 0, 1, 1, 1, 0, 1, 1], [0, 1, 0, 1, 0, 1, 0, 0, 1, 1, 1, 1, 0, 1, 1, 0, 0, 0, 0, 0, 1, 0, 1, 0, 0], [0, 0, 1, 0, 0, 0, 1, 1, 1, 1, 1, 1, 0, 0, 1, 1, 0, 0, 0, 1, 0, 0, 1, 0, 0]]",3.0,6.0,Y,"{0: 3, 1: 15, 2: 147, 3: 141, 4: 135, 5: 129, 6: 9, 7: 123, 8: 117, 9: 21, 10: 111, 11: 105, 12: 99, 13: 93, 14: 87, 15: 81, 16: 75, 17: 69, 18: 63, 19: 57, 20: 51, 21: 45, 22: 39, 23: 33, 24: 27}","{(0, 5): 1, (0, 8): 1, (0, 19): 1, (1, 2): 1, (1, 4): 1, (1, 6): 1, (1, 8): 1, (1, 10): 1, (1, 11): 1, (1, 12): 1, (1, 13): 1, (1, 14): 1, (1, 15): 1, (1, 16): 1, (1, 17): 1, (1, 20): 1, (1, 21): 1, (1, 23): 1, (2, 5): 101, (2, 7): 1, (2, 8): 32, (2, 9): 1, (2, 12): 1, (2, 13): 1, (2, 15): 1, (2, 17): 1, (2, 18): 1, (2, 19): 1, (2, 20): 1, (2, 21): 1, (2, 22): 1, (2, 24): 1, (3, 6): 1, (3, 7): 1, (3, 8): 1, (3, 11): 1, (3, 13): 1, (3, 14): 76, (3, 16): 35, (3, 20): 1, (3, 21): 1, (3, 23): 23, (4, 6): 1, (4, 7): 1, (4, 8): 18, (4, 9): 1, (4, 12): 1, (4, 13): 1, (4, 15): 1, (4, 17): 52, (4, 19): 1, (4, 20): 1, (4, 21): 29, (4, 22): 26, (5, 6): 1, (5, 7): 1, (5, 9): 1, (5, 12): 1, (5, 14): 1, (5, 15): 11, (5, 17): 7, (5, 18): 1, (5, 21): 1, (5, 23): 1, (6, 11): 1, (6, 14): 1, (6, 15): 1, (6, 17): 1, (6, 24): 1, (7, 8): 1, (7, 9): 1, (7, 11): 1, (7, 12): 85, (7, 13): 26, (7, 16): 1, (7, 19): 1, (7, 20): 1, (7, 22): 1, (7, 24): 1, (8, 9): 1, (8, 12): 1, (8, 16): 1, (8, 17): 1, (8, 18): 55, (8, 22): 1, (8, 23): 1, (8, 24): 1, (9, 10): 1, (9, 11): 6, (9, 12): 1, (9, 13): 1, (9, 15): 1, (9, 16): 1, (9, 17): 1, (9, 19): 1, (9, 20): 1, (9, 23): 1, (9, 24): 1, (10, 12): 1, (10, 13): 1, (10, 15): 61, (10, 16): 1, (10, 19): 43, (10, 23): 1, (10, 24): 1, (11, 13): 30, (11, 14): 1, (11, 15): 1, (11, 16): 1, (11, 18): 1, (11, 19): 1, (11, 20): 36, (11, 21): 5, (11, 22): 1, (11, 23): 1, (11, 24): 17, (12, 13): 1, (12, 17): 1, (12, 18): 1, (12, 19): 1, (12, 20): 1, (12, 21): 1, (12, 22): 1, (13, 16): 27, (13, 20): 1, (13, 22): 1, (13, 23): 1, (14, 16): 1, (14, 19): 1, (14, 20): 1, (14, 21): 1, (14, 22): 1, (14, 23): 1, (14, 24): 1, (15, 16): 1, (15, 19): 1, (15, 24): 1, (16, 17): 1, (16, 18): 1, (16, 20): 1, (16, 21): 1, (16, 22): 1, (17, 18): 1, (17, 20): 1, (18, 19): 1, (18, 21): 1, (19, 20): 1, (19, 21): 1, (19, 22): 1, (19, 24): 1, (20, 21): 1, (20, 22): 1, (20, 23): 1, (21, 22): 1, (22, 23): 1, (22, 24): 1}",5947.000000105618
23.0,Graph with 25 nodes and 156 edges,"[[0, 0, 0, 0, 0, 1, 0, 0, 1, 0, 0, 0, 0, 0, 0, 0, 0, 0, 0, 1, 0, 0, 0, 0, 0], [0, 0, 1, 0, 1, 0, 1, 0, 1, 0, 1, 1, 1, 1, 1, 1, 1, 1, 0, 0, 1, 1, 0, 1, 0], [0, 1, 0, 0, 0, 1, 0, 1, 1, 1, 0, 0, 1, 1, 0, 1, 0, 1, 1, 1, 1, 1, 1, 0, 1], [0, 0, 0, 0, 0, 0, 1, 1, 1, 0, 0, 1, 0, 1, 1, 0, 1, 0, 0, 0, 1, 1, 0, 1, 0], [0, 1, 0, 0, 0, 0, 1, 1, 1, 1, 0, 0, 1, 1, 0, 1, 0, 1, 0, 1, 1, 1, 1, 0, 0], [1, 0, 1, 0, 0, 0, 1, 1, 0, 1, 0, 0, 1, 0, 1, 1, 0, 1, 1, 0, 0, 1, 0, 1, 0], [0, 1, 0, 1, 1, 1, 0, 0, 0, 0, 0, 1, 0, 0, 1, 1, 0, 1, 0, 0, 0, 0, 0, 0, 1], [0, 0, 1, 1, 1, 1, 0, 0, 1, 1, 0, 1, 1, 1, 0, 0, 1, 0, 0, 1, 1, 0, 1, 0, 1], [1, 1, 1, 1, 1, 0, 0, 1, 0, 1, 0, 0, 1, 0, 0, 0, 1, 1, 1, 0, 0, 0, 1, 1, 1], [0, 0, 1, 0, 1, 1, 0, 1, 1, 0, 1, 1, 1, 1, 0, 1, 1, 1, 0, 1, 1, 0, 0, 1, 1], [0, 1, 0, 0, 0, 0, 0, 0, 0, 1, 0, 0, 1, 1, 0, 1, 1, 0, 0, 1, 0, 0, 0, 1, 1], [0, 1, 0, 1, 0, 0, 1, 1, 0, 1, 0, 0, 0, 1, 1, 1, 1, 0, 1, 1, 1, 1, 1, 1, 1], [0, 1, 1, 0, 1, 1, 0, 1, 1, 1, 1, 0, 0, 1, 0, 0, 0, 1, 1, 1, 1, 1, 1, 0, 0], [0, 1, 1, 1, 1, 0, 0, 1, 0, 1, 1, 1, 1, 0, 0, 0, 1, 0, 0, 0, 1, 0, 1, 1, 0], [0, 1, 0, 1, 0, 1, 1, 0, 0, 0, 0, 1, 0, 0, 0, 0, 1, 0, 0, 1, 1, 1, 1, 1, 1], [0, 1, 1, 0, 1, 1, 1, 0, 0, 1, 1, 1, 0, 0, 0, 0, 1, 0, 0, 1, 0, 0, 0, 0, 1], [0, 1, 0, 1, 0, 0, 0, 1, 1, 1, 1, 1, 0, 1, 1, 1, 0, 1, 1, 0, 1, 1, 1, 0, 0], [0, 1, 1, 0, 1, 1, 1, 0, 1, 1, 0, 0, 1, 0, 0, 0, 1, 0, 1, 0, 1, 0, 0, 0, 0], [0, 0, 1, 0, 0, 1, 0, 0, 1, 0, 0, 1, 1, 0, 0, 0, 1, 1, 0, 1, 0, 1, 0, 0, 0], [1, 0, 1, 0, 1, 0, 0, 1, 0, 1, 1, 1, 1, 0, 1, 1, 0, 0, 1, 0, 1, 1, 1, 0, 1], [0, 1, 1, 1, 1, 0, 0, 1, 0, 1, 0, 1, 1, 1, 1, 0, 1, 1, 0, 1, 0, 1, 1, 1, 0], [0, 1, 1, 1, 1, 1, 0, 0, 0, 0, 0, 1, 1, 0, 1, 0, 1, 0, 1, 1, 1, 0, 1, 0, 0], [0, 0, 1, 0, 1, 0, 0, 1, 1, 0, 0, 1, 1, 1, 1, 0, 1, 0, 0, 1, 1, 1, 0, 1, 1], [0, 1, 0, 1, 0, 1, 0, 0, 1, 1, 1, 1, 0, 1, 1, 0, 0, 0, 0, 0, 1, 0, 1, 0, 0], [0, 0, 1, 0, 0, 0, 1, 1, 1, 1, 1, 1, 0, 0, 1, 1, 0, 0, 0, 1, 0, 0, 1, 0, 0]]",3.0,7.0,Y,"{0: 3, 1: 17, 2: 171, 3: 10, 4: 164, 5: 157, 6: 150, 7: 143, 8: 136, 9: 129, 10: 122, 11: 115, 12: 108, 13: 101, 14: 94, 15: 87, 16: 80, 17: 73, 18: 66, 19: 59, 20: 52, 21: 45, 22: 38, 23: 31, 24: 24}","{(0, 5): 1, (0, 8): 1, (0, 19): 1, (1, 2): 1, (1, 4): 1, (1, 6): 1, (1, 8): 1, (1, 10): 3, (1, 11): 1, (1, 12): 1, (1, 13): 1, (1, 14): 1, (1, 15): 1, (1, 16): 1, (1, 17): 1, (1, 20): 1, (1, 21): 1, (1, 23): 1, (2, 5): 10, (2, 7): 20, (2, 8): 1, (2, 9): 114, (2, 12): 1, (2, 13): 1, (2, 15): 1, (2, 17): 1, (2, 18): 15, (2, 19): 1, (2, 20): 1, (2, 21): 1, (2, 22): 1, (2, 24): 1, (3, 6): 1, (3, 7): 1, (3, 8): 1, (3, 11): 1, (3, 13): 1, (3, 14): 1, (3, 16): 1, (3, 20): 1, (3, 21): 1, (3, 23): 1, (4, 6): 1, (4, 7): 1, (4, 8): 102, (4, 9): 1, (4, 12): 1, (4, 13): 1, (4, 15): 1, (4, 17): 27, (4, 19): 1, (4, 20): 1, (4, 21): 1, (4, 22): 25, (5, 6): 1, (5, 7): 22, (5, 9): 1, (5, 12): 1, (5, 14): 83, (5, 15): 1, (5, 17): 1, (5, 18): 1, (5, 21): 33, (5, 23): 1, (6, 11): 100, (6, 14): 1, (6, 15): 30, (6, 17): 1, (6, 24): 14, (7, 8): 1, (7, 9): 1, (7, 11): 1, (7, 12): 1, (7, 13): 89, (7, 16): 1, (7, 19): 1, (7, 20): 1, (7, 22): 1, (7, 24): 1, (8, 9): 1, (8, 12): 22, (8, 16): 1, (8, 17): 1, (8, 18): 1, (8, 22): 1, (8, 23): 1, (8, 24): 1, (9, 10): 1, (9, 11): 1, (9, 12): 1, (9, 13): 1, (9, 15): 1, (9, 16): 1, (9, 17): 1, (9, 19): 1, (9, 20): 1, (9, 23): 1, (9, 24): 1, (10, 12): 73, (10, 13): 1, (10, 15): 1, (10, 16): 19, (10, 19): 2, (10, 23): 21, (10, 24): 1, (11, 13): 1, (11, 14): 1, (11, 15): 1, (11, 16): 1, (11, 18): 1, (11, 19): 1, (11, 20): 1, (11, 21): 1, (11, 22): 1, (11, 23): 1, (11, 24): 1, (12, 13): 1, (12, 17): 1, (12, 18): 1, (12, 19): 1, (12, 20): 1, (12, 21): 1, (12, 22): 1, (13, 16): 1, (13, 20): 1, (13, 22): 1, (13, 23): 1, (14, 16): 1, (14, 19): 1, (14, 20): 1, (14, 21): 1, (14, 22): 1, (14, 23): 1, (14, 24): 1, (15, 16): 48, (15, 19): 1, (15, 24): 1, (16, 17): 1, (16, 18): 1, (16, 20): 1, (16, 21): 1, (16, 22): 1, (17, 18): 1, (17, 20): 37, (18, 19): 44, (18, 21): 1, (19, 20): 1, (19, 21): 1, (19, 22): 1, (19, 24): 1, (20, 21): 1, (20, 22): 1, (20, 23): 1, (21, 22): 1, (22, 23): 1, (22, 24): 1}",6167.999999888707
23.0,Graph with 25 nodes and 156 edges,"[[0, 0, 0, 0, 0, 1, 0, 0, 1, 0, 0, 0, 0, 0, 0, 0, 0, 0, 0, 1, 0, 0, 0, 0, 0], [0, 0, 1, 0, 1, 0, 1, 0, 1, 0, 1, 1, 1, 1, 1, 1, 1, 1, 0, 0, 1, 1, 0, 1, 0], [0, 1, 0, 0, 0, 1, 0, 1, 1, 1, 0, 0, 1, 1, 0, 1, 0, 1, 1, 1, 1, 1, 1, 0, 1], [0, 0, 0, 0, 0, 0, 1, 1, 1, 0, 0, 1, 0, 1, 1, 0, 1, 0, 0, 0, 1, 1, 0, 1, 0], [0, 1, 0, 0, 0, 0, 1, 1, 1, 1, 0, 0, 1, 1, 0, 1, 0, 1, 0, 1, 1, 1, 1, 0, 0], [1, 0, 1, 0, 0, 0, 1, 1, 0, 1, 0, 0, 1, 0, 1, 1, 0, 1, 1, 0, 0, 1, 0, 1, 0], [0, 1, 0, 1, 1, 1, 0, 0, 0, 0, 0, 1, 0, 0, 1, 1, 0, 1, 0, 0, 0, 0, 0, 0, 1], [0, 0, 1, 1, 1, 1, 0, 0, 1, 1, 0, 1, 1, 1, 0, 0, 1, 0, 0, 1, 1, 0, 1, 0, 1], [1, 1, 1, 1, 1, 0, 0, 1, 0, 1, 0, 0, 1, 0, 0, 0, 1, 1, 1, 0, 0, 0, 1, 1, 1], [0, 0, 1, 0, 1, 1, 0, 1, 1, 0, 1, 1, 1, 1, 0, 1, 1, 1, 0, 1, 1, 0, 0, 1, 1], [0, 1, 0, 0, 0, 0, 0, 0, 0, 1, 0, 0, 1, 1, 0, 1, 1, 0, 0, 1, 0, 0, 0, 1, 1], [0, 1, 0, 1, 0, 0, 1, 1, 0, 1, 0, 0, 0, 1, 1, 1, 1, 0, 1, 1, 1, 1, 1, 1, 1], [0, 1, 1, 0, 1, 1, 0, 1, 1, 1, 1, 0, 0, 1, 0, 0, 0, 1, 1, 1, 1, 1, 1, 0, 0], [0, 1, 1, 1, 1, 0, 0, 1, 0, 1, 1, 1, 1, 0, 0, 0, 1, 0, 0, 0, 1, 0, 1, 1, 0], [0, 1, 0, 1, 0, 1, 1, 0, 0, 0, 0, 1, 0, 0, 0, 0, 1, 0, 0, 1, 1, 1, 1, 1, 1], [0, 1, 1, 0, 1, 1, 1, 0, 0, 1, 1, 1, 0, 0, 0, 0, 1, 0, 0, 1, 0, 0, 0, 0, 1], [0, 1, 0, 1, 0, 0, 0, 1, 1, 1, 1, 1, 0, 1, 1, 1, 0, 1, 1, 0, 1, 1, 1, 0, 0], [0, 1, 1, 0, 1, 1, 1, 0, 1, 1, 0, 0, 1, 0, 0, 0, 1, 0, 1, 0, 1, 0, 0, 0, 0], [0, 0, 1, 0, 0, 1, 0, 0, 1, 0, 0, 1, 1, 0, 0, 0, 1, 1, 0, 1, 0, 1, 0, 0, 0], [1, 0, 1, 0, 1, 0, 0, 1, 0, 1, 1, 1, 1, 0, 1, 1, 0, 0, 1, 0, 1, 1, 1, 0, 1], [0, 1, 1, 1, 1, 0, 0, 1, 0, 1, 0, 1, 1, 1, 1, 0, 1, 1, 0, 1, 0, 1, 1, 1, 0], [0, 1, 1, 1, 1, 1, 0, 0, 0, 0, 0, 1, 1, 0, 1, 0, 1, 0, 1, 1, 1, 0, 1, 0, 0], [0, 0, 1, 0, 1, 0, 0, 1, 1, 0, 0, 1, 1, 1, 1, 0, 1, 0, 0, 1, 1, 1, 0, 1, 1], [0, 1, 0, 1, 0, 1, 0, 0, 1, 1, 1, 1, 0, 1, 1, 0, 0, 0, 0, 0, 1, 0, 1, 0, 0], [0, 0, 1, 0, 0, 0, 1, 1, 1, 1, 1, 1, 0, 0, 1, 1, 0, 0, 0, 1, 0, 0, 1, 0, 0]]",3.0,8.0,Y,"{0: 3, 1: 19, 2: 195, 3: 11, 4: 187, 5: 179, 6: 171, 7: 163, 8: 155, 9: 147, 10: 139, 11: 131, 12: 123, 13: 115, 14: 107, 15: 99, 16: 91, 17: 83, 18: 75, 19: 67, 20: 59, 21: 51, 22: 43, 23: 35, 24: 27}","{(0, 5): 1, (0, 8): 1, (0, 19): 1, (1, 2): 1, (1, 4): 1, (1, 6): 1, (1, 8): 5, (1, 10): 1, (1, 11): 1, (1, 12): 1, (1, 13): 1, (1, 14): 1, (1, 15): 1, (1, 16): 1, (1, 17): 1, (1, 20): 1, (1, 21): 1, (1, 23): 1, (2, 5): 73, (2, 7): 23, (2, 8): 1, (2, 9): 5, (2, 12): 1, (2, 13): 1, (2, 15): 1, (2, 17): 1, (2, 18): 67, (2, 19): 17, (2, 20): 1, (2, 21): 1, (2, 22): 1, (2, 24): 1, (3, 6): 1, (3, 7): 1, (3, 8): 2, (3, 11): 1, (3, 13): 1, (3, 14): 1, (3, 16): 1, (3, 20): 1, (3, 21): 1, (3, 23): 1, (4, 6): 1, (4, 7): 1, (4, 8): 125, (4, 9): 1, (4, 12): 1, (4, 13): 1, (4, 15): 1, (4, 17): 1, (4, 19): 1, (4, 20): 1, (4, 21): 22, (4, 22): 30, (5, 6): 1, (5, 7): 1, (5, 9): 1, (5, 12): 1, (5, 14): 96, (5, 15): 1, (5, 17): 1, (5, 18): 1, (5, 21): 1, (5, 23): 1, (6, 11): 103, (6, 14): 1, (6, 15): 60, (6, 17): 1, (6, 24): 1, (7, 8): 1, (7, 9): 128, (7, 11): 1, (7, 12): 1, (7, 13): 1, (7, 16): 1, (7, 19): 1, (7, 20): 1, (7, 22): 1, (7, 24): 1, (8, 9): 1, (8, 12): 1, (8, 16): 1, (8, 17): 1, (8, 18): 1, (8, 22): 1, (8, 23): 13, (8, 24): 1, (9, 10): 1, (9, 11): 1, (9, 12): 1, (9, 13): 1, (9, 15): 1, (9, 16): 1, (9, 17): 1, (9, 19): 1, (9, 20): 1, (9, 23): 1, (9, 24): 1, (10, 12): 1, (10, 13): 103, (10, 15): 1, (10, 16): 1, (10, 19): 1, (10, 23): 13, (10, 24): 17, (11, 13): 1, (11, 14): 1, (11, 15): 13, (11, 16): 1, (11, 18): 1, (11, 19): 1, (11, 20): 1, (11, 21): 1, (11, 22): 1, (11, 23): 1, (11, 24): 1, (12, 13): 1, (12, 17): 73, (12, 18): 1, (12, 19): 37, (12, 20): 1, (12, 21): 1, (12, 22): 1, (13, 16): 1, (13, 20): 1, (13, 22): 1, (13, 23): 1, (14, 16): 1, (14, 19): 1, (14, 20): 1, (14, 21): 1, (14, 22): 1, (14, 23): 1, (14, 24): 1, (15, 16): 17, (15, 19): 1, (15, 24): 1, (16, 17): 1, (16, 18): 1, (16, 20): 44, (16, 21): 18, (16, 22): 1, (17, 18): 1, (17, 20): 1, (18, 19): 1, (18, 21): 1, (19, 20): 1, (19, 21): 1, (19, 22): 1, (19, 24): 1, (20, 21): 1, (20, 22): 1, (20, 23): 1, (21, 22): 1, (22, 23): 1, (22, 24): 1}",6166.999999777545
23.0,Graph with 25 nodes and 156 edges,"[[0, 0, 0, 0, 0, 1, 0, 0, 1, 0, 0, 0, 0, 0, 0, 0, 0, 0, 0, 1, 0, 0, 0, 0, 0], [0, 0, 1, 0, 1, 0, 1, 0, 1, 0, 1, 1, 1, 1, 1, 1, 1, 1, 0, 0, 1, 1, 0, 1, 0], [0, 1, 0, 0, 0, 1, 0, 1, 1, 1, 0, 0, 1, 1, 0, 1, 0, 1, 1, 1, 1, 1, 1, 0, 1], [0, 0, 0, 0, 0, 0, 1, 1, 1, 0, 0, 1, 0, 1, 1, 0, 1, 0, 0, 0, 1, 1, 0, 1, 0], [0, 1, 0, 0, 0, 0, 1, 1, 1, 1, 0, 0, 1, 1, 0, 1, 0, 1, 0, 1, 1, 1, 1, 0, 0], [1, 0, 1, 0, 0, 0, 1, 1, 0, 1, 0, 0, 1, 0, 1, 1, 0, 1, 1, 0, 0, 1, 0, 1, 0], [0, 1, 0, 1, 1, 1, 0, 0, 0, 0, 0, 1, 0, 0, 1, 1, 0, 1, 0, 0, 0, 0, 0, 0, 1], [0, 0, 1, 1, 1, 1, 0, 0, 1, 1, 0, 1, 1, 1, 0, 0, 1, 0, 0, 1, 1, 0, 1, 0, 1], [1, 1, 1, 1, 1, 0, 0, 1, 0, 1, 0, 0, 1, 0, 0, 0, 1, 1, 1, 0, 0, 0, 1, 1, 1], [0, 0, 1, 0, 1, 1, 0, 1, 1, 0, 1, 1, 1, 1, 0, 1, 1, 1, 0, 1, 1, 0, 0, 1, 1], [0, 1, 0, 0, 0, 0, 0, 0, 0, 1, 0, 0, 1, 1, 0, 1, 1, 0, 0, 1, 0, 0, 0, 1, 1], [0, 1, 0, 1, 0, 0, 1, 1, 0, 1, 0, 0, 0, 1, 1, 1, 1, 0, 1, 1, 1, 1, 1, 1, 1], [0, 1, 1, 0, 1, 1, 0, 1, 1, 1, 1, 0, 0, 1, 0, 0, 0, 1, 1, 1, 1, 1, 1, 0, 0], [0, 1, 1, 1, 1, 0, 0, 1, 0, 1, 1, 1, 1, 0, 0, 0, 1, 0, 0, 0, 1, 0, 1, 1, 0], [0, 1, 0, 1, 0, 1, 1, 0, 0, 0, 0, 1, 0, 0, 0, 0, 1, 0, 0, 1, 1, 1, 1, 1, 1], [0, 1, 1, 0, 1, 1, 1, 0, 0, 1, 1, 1, 0, 0, 0, 0, 1, 0, 0, 1, 0, 0, 0, 0, 1], [0, 1, 0, 1, 0, 0, 0, 1, 1, 1, 1, 1, 0, 1, 1, 1, 0, 1, 1, 0, 1, 1, 1, 0, 0], [0, 1, 1, 0, 1, 1, 1, 0, 1, 1, 0, 0, 1, 0, 0, 0, 1, 0, 1, 0, 1, 0, 0, 0, 0], [0, 0, 1, 0, 0, 1, 0, 0, 1, 0, 0, 1, 1, 0, 0, 0, 1, 1, 0, 1, 0, 1, 0, 0, 0], [1, 0, 1, 0, 1, 0, 0, 1, 0, 1, 1, 1, 1, 0, 1, 1, 0, 0, 1, 0, 1, 1, 1, 0, 1], [0, 1, 1, 1, 1, 0, 0, 1, 0, 1, 0, 1, 1, 1, 1, 0, 1, 1, 0, 1, 0, 1, 1, 1, 0], [0, 1, 1, 1, 1, 1, 0, 0, 0, 0, 0, 1, 1, 0, 1, 0, 1, 0, 1, 1, 1, 0, 1, 0, 0], [0, 0, 1, 0, 1, 0, 0, 1, 1, 0, 0, 1, 1, 1, 1, 0, 1, 0, 0, 1, 1, 1, 0, 1, 1], [0, 1, 0, 1, 0, 1, 0, 0, 1, 1, 1, 1, 0, 1, 1, 0, 0, 0, 0, 0, 1, 0, 1, 0, 0], [0, 0, 1, 0, 0, 0, 1, 1, 1, 1, 1, 1, 0, 0, 1, 1, 0, 0, 0, 1, 0, 0, 1, 0, 0]]",3.0,9.0,Y,"{0: 3, 1: 21, 2: 219, 3: 12, 4: 210, 5: 201, 6: 192, 7: 183, 8: 174, 9: 165, 10: 156, 11: 147, 12: 138, 13: 129, 14: 120, 15: 111, 16: 102, 17: 93, 18: 84, 19: 75, 20: 66, 21: 57, 22: 48, 23: 39, 24: 30}","{(0, 5): 1, (0, 8): 1, (0, 19): 1, (1, 2): 1, (1, 4): 1, (1, 6): 7, (1, 8): 1, (1, 10): 1, (1, 11): 1, (1, 12): 1, (1, 13): 1, (1, 14): 1, (1, 15): 1, (1, 16): 1, (1, 17): 1, (1, 20): 1, (1, 21): 1, (1, 23): 1, (2, 5): 1, (2, 7): 170, (2, 8): 1, (2, 9): 36, (2, 12): 1, (2, 13): 1, (2, 15): 1, (2, 17): 1, (2, 18): 1, (2, 19): 1, (2, 20): 1, (2, 21): 1, (2, 22): 1, (2, 24): 1, (3, 6): 1, (3, 7): 1, (3, 8): 3, (3, 11): 1, (3, 13): 1, (3, 14): 1, (3, 16): 1, (3, 20): 1, (3, 21): 1, (3, 23): 1, (4, 6): 47, (4, 7): 1, (4, 8): 1, (4, 9): 1, (4, 12): 1, (4, 13): 1, (4, 15): 101, (4, 17): 1, (4, 19): 1, (4, 20): 1, (4, 21): 29, (4, 22): 23, (5, 6): 1, (5, 7): 1, (5, 9): 93, (5, 12): 1, (5, 14): 97, (5, 15): 1, (5, 17): 1, (5, 18): 1, (5, 21): 1, (5, 23): 1, (6, 11): 132, (6, 14): 1, (6, 15): 1, (6, 17): 1, (6, 24): 1, (7, 8): 1, (7, 9): 1, (7, 11): 1, (7, 12): 1, (7, 13): 1, (7, 16): 1, (7, 19): 1, (7, 20): 1, (7, 22): 1, (7, 24): 1, (8, 9): 1, (8, 12): 25, (8, 16): 1, (8, 17): 13, (8, 18): 76, (8, 22): 1, (8, 23): 29, (8, 24): 20, (9, 10): 1, (9, 11): 1, (9, 12): 1, (9, 13): 1, (9, 15): 1, (9, 16): 22, (9, 17): 1, (9, 19): 1, (9, 20): 1, (9, 23): 1, (9, 24): 1, (10, 12): 1, (10, 13): 88, (10, 15): 1, (10, 16): 1, (10, 19): 61, (10, 23): 1, (10, 24): 1, (11, 13): 1, (11, 14): 1, (11, 15): 1, (11, 16): 1, (11, 18): 1, (11, 19): 1, (11, 20): 1, (11, 21): 1, (11, 22): 1, (11, 23): 1, (11, 24): 1, (12, 13): 30, (12, 17): 71, (12, 18): 1, (12, 19): 1, (12, 20): 1, (12, 21): 1, (12, 22): 1, (13, 16): 1, (13, 20): 1, (13, 22): 1, (13, 23): 1, (14, 16): 1, (14, 19): 1, (14, 20): 1, (14, 21): 1, (14, 22): 12, (14, 23): 1, (14, 24): 1, (15, 16): 1, (15, 19): 1, (15, 24): 1, (16, 17): 1, (16, 18): 1, (16, 20): 51, (16, 21): 16, (16, 22): 1, (17, 18): 1, (17, 20): 1, (18, 19): 1, (18, 21): 1, (19, 20): 1, (19, 21): 1, (19, 22): 1, (19, 24): 1, (20, 21): 1, (20, 22): 1, (20, 23): 1, (21, 22): 1, (22, 23): 1, (22, 24): 1}",6362.9999999648135
23.0,Graph with 25 nodes and 156 edges,"[[0, 0, 0, 0, 0, 1, 0, 0, 1, 0, 0, 0, 0, 0, 0, 0, 0, 0, 0, 1, 0, 0, 0, 0, 0], [0, 0, 1, 0, 1, 0, 1, 0, 1, 0, 1, 1, 1, 1, 1, 1, 1, 1, 0, 0, 1, 1, 0, 1, 0], [0, 1, 0, 0, 0, 1, 0, 1, 1, 1, 0, 0, 1, 1, 0, 1, 0, 1, 1, 1, 1, 1, 1, 0, 1], [0, 0, 0, 0, 0, 0, 1, 1, 1, 0, 0, 1, 0, 1, 1, 0, 1, 0, 0, 0, 1, 1, 0, 1, 0], [0, 1, 0, 0, 0, 0, 1, 1, 1, 1, 0, 0, 1, 1, 0, 1, 0, 1, 0, 1, 1, 1, 1, 0, 0], [1, 0, 1, 0, 0, 0, 1, 1, 0, 1, 0, 0, 1, 0, 1, 1, 0, 1, 1, 0, 0, 1, 0, 1, 0], [0, 1, 0, 1, 1, 1, 0, 0, 0, 0, 0, 1, 0, 0, 1, 1, 0, 1, 0, 0, 0, 0, 0, 0, 1], [0, 0, 1, 1, 1, 1, 0, 0, 1, 1, 0, 1, 1, 1, 0, 0, 1, 0, 0, 1, 1, 0, 1, 0, 1], [1, 1, 1, 1, 1, 0, 0, 1, 0, 1, 0, 0, 1, 0, 0, 0, 1, 1, 1, 0, 0, 0, 1, 1, 1], [0, 0, 1, 0, 1, 1, 0, 1, 1, 0, 1, 1, 1, 1, 0, 1, 1, 1, 0, 1, 1, 0, 0, 1, 1], [0, 1, 0, 0, 0, 0, 0, 0, 0, 1, 0, 0, 1, 1, 0, 1, 1, 0, 0, 1, 0, 0, 0, 1, 1], [0, 1, 0, 1, 0, 0, 1, 1, 0, 1, 0, 0, 0, 1, 1, 1, 1, 0, 1, 1, 1, 1, 1, 1, 1], [0, 1, 1, 0, 1, 1, 0, 1, 1, 1, 1, 0, 0, 1, 0, 0, 0, 1, 1, 1, 1, 1, 1, 0, 0], [0, 1, 1, 1, 1, 0, 0, 1, 0, 1, 1, 1, 1, 0, 0, 0, 1, 0, 0, 0, 1, 0, 1, 1, 0], [0, 1, 0, 1, 0, 1, 1, 0, 0, 0, 0, 1, 0, 0, 0, 0, 1, 0, 0, 1, 1, 1, 1, 1, 1], [0, 1, 1, 0, 1, 1, 1, 0, 0, 1, 1, 1, 0, 0, 0, 0, 1, 0, 0, 1, 0, 0, 0, 0, 1], [0, 1, 0, 1, 0, 0, 0, 1, 1, 1, 1, 1, 0, 1, 1, 1, 0, 1, 1, 0, 1, 1, 1, 0, 0], [0, 1, 1, 0, 1, 1, 1, 0, 1, 1, 0, 0, 1, 0, 0, 0, 1, 0, 1, 0, 1, 0, 0, 0, 0], [0, 0, 1, 0, 0, 1, 0, 0, 1, 0, 0, 1, 1, 0, 0, 0, 1, 1, 0, 1, 0, 1, 0, 0, 0], [1, 0, 1, 0, 1, 0, 0, 1, 0, 1, 1, 1, 1, 0, 1, 1, 0, 0, 1, 0, 1, 1, 1, 0, 1], [0, 1, 1, 1, 1, 0, 0, 1, 0, 1, 0, 1, 1, 1, 1, 0, 1, 1, 0, 1, 0, 1, 1, 1, 0], [0, 1, 1, 1, 1, 1, 0, 0, 0, 0, 0, 1, 1, 0, 1, 0, 1, 0, 1, 1, 1, 0, 1, 0, 0], [0, 0, 1, 0, 1, 0, 0, 1, 1, 0, 0, 1, 1, 1, 1, 0, 1, 0, 0, 1, 1, 1, 0, 1, 1], [0, 1, 0, 1, 0, 1, 0, 0, 1, 1, 1, 1, 0, 1, 1, 0, 0, 0, 0, 0, 1, 0, 1, 0, 0], [0, 0, 1, 0, 0, 0, 1, 1, 1, 1, 1, 1, 0, 0, 1, 1, 0, 0, 0, 1, 0, 0, 1, 0, 0]]",4.0,5.0,Y,"{0: 4, 1: 19, 2: 124, 3: 14, 4: 119, 5: 114, 6: 9, 7: 109, 8: 104, 9: 99, 10: 94, 11: 89, 12: 84, 13: 79, 14: 74, 15: 69, 16: 64, 17: 59, 18: 54, 19: 49, 20: 44, 21: 39, 22: 34, 23: 29, 24: 24}","{(0, 5): 2, (0, 8): 1, (0, 19): 1, (1, 2): 1, (1, 4): 1, (1, 6): 1, (1, 8): 1, (1, 10): 1, (1, 11): 5, (1, 12): 1, (1, 13): 1, (1, 14): 1, (1, 15): 1, (1, 16): 1, (1, 17): 1, (1, 20): 1, (1, 21): 1, (1, 23): 1, (2, 5): 1, (2, 7): 1, (2, 8): 1, (2, 9): 78, (2, 12): 1, (2, 13): 1, (2, 15): 1, (2, 17): 1, (2, 18): 1, (2, 19): 33, (2, 20): 1, (2, 21): 1, (2, 22): 1, (2, 24): 1, (3, 6): 1, (3, 7): 1, (3, 8): 1, (3, 11): 5, (3, 13): 1, (3, 14): 1, (3, 16): 1, (3, 20): 1, (3, 21): 1, (3, 23): 1, (4, 6): 1, (4, 7): 1, (4, 8): 1, (4, 9): 1, (4, 12): 29, (4, 13): 1, (4, 15): 5, (4, 17): 49, (4, 19): 1, (4, 20): 1, (4, 21): 27, (4, 22): 1, (5, 6): 1, (5, 7): 1, (5, 9): 1, (5, 12): 1, (5, 14): 3, (5, 15): 55, (5, 17): 1, (5, 18): 46, (5, 21): 1, (5, 23): 1, (6, 11): 1, (6, 14): 1, (6, 15): 1, (6, 17): 1, (6, 24): 1, (7, 8): 91, (7, 9): 1, (7, 11): 1, (7, 12): 1, (7, 13): 1, (7, 16): 6, (7, 19): 1, (7, 20): 1, (7, 22): 1, (7, 24): 1, (8, 9): 1, (8, 12): 1, (8, 16): 1, (8, 17): 1, (8, 18): 1, (8, 22): 1, (8, 23): 1, (8, 24): 1, (9, 10): 7, (9, 11): 1, (9, 12): 1, (9, 13): 1, (9, 15): 1, (9, 16): 1, (9, 17): 1, (9, 19): 1, (9, 20): 1, (9, 23): 1, (9, 24): 1, (10, 12): 14, (10, 13): 67, (10, 15): 1, (10, 16): 1, (10, 19): 1, (10, 23): 1, (10, 24): 1, (11, 13): 1, (11, 14): 35, (11, 15): 1, (11, 16): 1, (11, 18): 1, (11, 19): 1, (11, 20): 1, (11, 21): 1, (11, 22): 1, (11, 23): 19, (11, 24): 14, (12, 13): 1, (12, 17): 1, (12, 18): 1, (12, 19): 1, (12, 20): 29, (12, 21): 1, (12, 22): 1, (13, 16): 1, (13, 20): 1, (13, 22): 1, (13, 23): 1, (14, 16): 25, (14, 19): 3, (14, 20): 1, (14, 21): 1, (14, 22): 1, (14, 23): 1, (14, 24): 1, (15, 16): 1, (15, 19): 1, (15, 24): 1, (16, 17): 1, (16, 18): 1, (16, 20): 1, (16, 21): 1, (16, 22): 21, (17, 18): 1, (17, 20): 1, (18, 19): 1, (18, 21): 1, (19, 20): 1, (19, 21): 1, (19, 22): 1, (19, 24): 1, (20, 21): 1, (20, 22): 1, (20, 23): 1, (21, 22): 1, (22, 23): 1, (22, 24): 1}",5746.00000004466
23.0,Graph with 25 nodes and 156 edges,"[[0, 0, 0, 0, 0, 1, 0, 0, 1, 0, 0, 0, 0, 0, 0, 0, 0, 0, 0, 1, 0, 0, 0, 0, 0], [0, 0, 1, 0, 1, 0, 1, 0, 1, 0, 1, 1, 1, 1, 1, 1, 1, 1, 0, 0, 1, 1, 0, 1, 0], [0, 1, 0, 0, 0, 1, 0, 1, 1, 1, 0, 0, 1, 1, 0, 1, 0, 1, 1, 1, 1, 1, 1, 0, 1], [0, 0, 0, 0, 0, 0, 1, 1, 1, 0, 0, 1, 0, 1, 1, 0, 1, 0, 0, 0, 1, 1, 0, 1, 0], [0, 1, 0, 0, 0, 0, 1, 1, 1, 1, 0, 0, 1, 1, 0, 1, 0, 1, 0, 1, 1, 1, 1, 0, 0], [1, 0, 1, 0, 0, 0, 1, 1, 0, 1, 0, 0, 1, 0, 1, 1, 0, 1, 1, 0, 0, 1, 0, 1, 0], [0, 1, 0, 1, 1, 1, 0, 0, 0, 0, 0, 1, 0, 0, 1, 1, 0, 1, 0, 0, 0, 0, 0, 0, 1], [0, 0, 1, 1, 1, 1, 0, 0, 1, 1, 0, 1, 1, 1, 0, 0, 1, 0, 0, 1, 1, 0, 1, 0, 1], [1, 1, 1, 1, 1, 0, 0, 1, 0, 1, 0, 0, 1, 0, 0, 0, 1, 1, 1, 0, 0, 0, 1, 1, 1], [0, 0, 1, 0, 1, 1, 0, 1, 1, 0, 1, 1, 1, 1, 0, 1, 1, 1, 0, 1, 1, 0, 0, 1, 1], [0, 1, 0, 0, 0, 0, 0, 0, 0, 1, 0, 0, 1, 1, 0, 1, 1, 0, 0, 1, 0, 0, 0, 1, 1], [0, 1, 0, 1, 0, 0, 1, 1, 0, 1, 0, 0, 0, 1, 1, 1, 1, 0, 1, 1, 1, 1, 1, 1, 1], [0, 1, 1, 0, 1, 1, 0, 1, 1, 1, 1, 0, 0, 1, 0, 0, 0, 1, 1, 1, 1, 1, 1, 0, 0], [0, 1, 1, 1, 1, 0, 0, 1, 0, 1, 1, 1, 1, 0, 0, 0, 1, 0, 0, 0, 1, 0, 1, 1, 0], [0, 1, 0, 1, 0, 1, 1, 0, 0, 0, 0, 1, 0, 0, 0, 0, 1, 0, 0, 1, 1, 1, 1, 1, 1], [0, 1, 1, 0, 1, 1, 1, 0, 0, 1, 1, 1, 0, 0, 0, 0, 1, 0, 0, 1, 0, 0, 0, 0, 1], [0, 1, 0, 1, 0, 0, 0, 1, 1, 1, 1, 1, 0, 1, 1, 1, 0, 1, 1, 0, 1, 1, 1, 0, 0], [0, 1, 1, 0, 1, 1, 1, 0, 1, 1, 0, 0, 1, 0, 0, 0, 1, 0, 1, 0, 1, 0, 0, 0, 0], [0, 0, 1, 0, 0, 1, 0, 0, 1, 0, 0, 1, 1, 0, 0, 0, 1, 1, 0, 1, 0, 1, 0, 0, 0], [1, 0, 1, 0, 1, 0, 0, 1, 0, 1, 1, 1, 1, 0, 1, 1, 0, 0, 1, 0, 1, 1, 1, 0, 1], [0, 1, 1, 1, 1, 0, 0, 1, 0, 1, 0, 1, 1, 1, 1, 0, 1, 1, 0, 1, 0, 1, 1, 1, 0], [0, 1, 1, 1, 1, 1, 0, 0, 0, 0, 0, 1, 1, 0, 1, 0, 1, 0, 1, 1, 1, 0, 1, 0, 0], [0, 0, 1, 0, 1, 0, 0, 1, 1, 0, 0, 1, 1, 1, 1, 0, 1, 0, 0, 1, 1, 1, 0, 1, 1], [0, 1, 0, 1, 0, 1, 0, 0, 1, 1, 1, 1, 0, 1, 1, 0, 0, 0, 0, 0, 1, 0, 1, 0, 0], [0, 0, 1, 0, 0, 0, 1, 1, 1, 1, 1, 1, 0, 0, 1, 1, 0, 0, 0, 1, 0, 0, 1, 0, 0]]",4.0,7.0,Y,"{0: 4, 1: 18, 2: 172, 3: 11, 4: 165, 5: 158, 6: 151, 7: 144, 8: 137, 9: 130, 10: 123, 11: 116, 12: 109, 13: 102, 14: 95, 15: 88, 16: 81, 17: 74, 18: 67, 19: 60, 20: 53, 21: 46, 22: 39, 23: 32, 24: 25}","{(0, 5): 2, (0, 8): 1, (0, 19): 1, (1, 2): 1, (1, 4): 1, (1, 6): 1, (1, 8): 1, (1, 10): 4, (1, 11): 1, (1, 12): 1, (1, 13): 1, (1, 14): 1, (1, 15): 1, (1, 16): 1, (1, 17): 1, (1, 20): 1, (1, 21): 1, (1, 23): 1, (2, 5): 1, (2, 7): 9, (2, 8): 1, (2, 9): 61, (2, 12): 32, (2, 13): 1, (2, 15): 1, (2, 17): 1, (2, 18): 59, (2, 19): 1, (2, 20): 1, (2, 21): 1, (2, 22): 1, (2, 24): 1, (3, 6): 1, (3, 7): 1, (3, 8): 2, (3, 11): 1, (3, 13): 1, (3, 14): 1, (3, 16): 1, (3, 20): 1, (3, 21): 1, (3, 23): 1, (4, 6): 1, (4, 7): 1, (4, 8): 1, (4, 9): 1, (4, 12): 1, (4, 13): 28, (4, 15): 30, (4, 17): 1, (4, 19): 1, (4, 20): 38, (4, 21): 34, (4, 22): 26, (5, 6): 15, (5, 7): 1, (5, 9): 55, (5, 12): 1, (5, 14): 56, (5, 15): 1, (5, 17): 1, (5, 18): 1, (5, 21): 1, (5, 23): 22, (6, 11): 101, (6, 14): 28, (6, 15): 1, (6, 17): 1, (6, 24): 1, (7, 8): 123, (7, 9): 1, (7, 11): 1, (7, 12): 1, (7, 13): 1, (7, 16): 1, (7, 19): 1, (7, 20): 1, (7, 22): 1, (7, 24): 1, (8, 9): 1, (8, 12): 1, (8, 16): 1, (8, 17): 1, (8, 18): 1, (8, 22): 1, (8, 23): 1, (8, 24): 1, (9, 10): 1, (9, 11): 1, (9, 12): 1, (9, 13): 1, (9, 15): 1, (9, 16): 1, (9, 17): 1, (9, 19): 1, (9, 20): 1, (9, 23): 1, (9, 24): 1, (10, 12): 1, (10, 13): 1, (10, 15): 48, (10, 16): 5, (10, 19): 46, (10, 23): 1, (10, 24): 15, (11, 13): 1, (11, 14): 1, (11, 15): 1, (11, 16): 1, (11, 18): 1, (11, 19): 1, (11, 20): 1, (11, 21): 1, (11, 22): 1, (11, 23): 1, (11, 24): 1, (12, 13): 1, (12, 17): 64, (12, 18): 1, (12, 19): 1, (12, 20): 1, (12, 21): 1, (12, 22): 1, (13, 16): 62, (13, 20): 1, (13, 22): 1, (13, 23): 1, (14, 16): 1, (14, 19): 1, (14, 20): 1, (14, 21): 1, (14, 22): 1, (14, 23): 1, (14, 24): 1, (15, 16): 1, (15, 19): 1, (15, 24): 1, (16, 17): 1, (16, 18): 1, (16, 20): 1, (16, 21): 1, (16, 22): 1, (17, 18): 1, (17, 20): 1, (18, 19): 1, (18, 21): 1, (19, 20): 1, (19, 21): 1, (19, 22): 1, (19, 24): 1, (20, 21): 1, (20, 22): 1, (20, 23): 1, (21, 22): 1, (22, 23): 1, (22, 24): 1}",6125.999999994747
23.0,Graph with 25 nodes and 156 edges,"[[0, 0, 0, 0, 0, 1, 0, 0, 1, 0, 0, 0, 0, 0, 0, 0, 0, 0, 0, 1, 0, 0, 0, 0, 0], [0, 0, 1, 0, 1, 0, 1, 0, 1, 0, 1, 1, 1, 1, 1, 1, 1, 1, 0, 0, 1, 1, 0, 1, 0], [0, 1, 0, 0, 0, 1, 0, 1, 1, 1, 0, 0, 1, 1, 0, 1, 0, 1, 1, 1, 1, 1, 1, 0, 1], [0, 0, 0, 0, 0, 0, 1, 1, 1, 0, 0, 1, 0, 1, 1, 0, 1, 0, 0, 0, 1, 1, 0, 1, 0], [0, 1, 0, 0, 0, 0, 1, 1, 1, 1, 0, 0, 1, 1, 0, 1, 0, 1, 0, 1, 1, 1, 1, 0, 0], [1, 0, 1, 0, 0, 0, 1, 1, 0, 1, 0, 0, 1, 0, 1, 1, 0, 1, 1, 0, 0, 1, 0, 1, 0], [0, 1, 0, 1, 1, 1, 0, 0, 0, 0, 0, 1, 0, 0, 1, 1, 0, 1, 0, 0, 0, 0, 0, 0, 1], [0, 0, 1, 1, 1, 1, 0, 0, 1, 1, 0, 1, 1, 1, 0, 0, 1, 0, 0, 1, 1, 0, 1, 0, 1], [1, 1, 1, 1, 1, 0, 0, 1, 0, 1, 0, 0, 1, 0, 0, 0, 1, 1, 1, 0, 0, 0, 1, 1, 1], [0, 0, 1, 0, 1, 1, 0, 1, 1, 0, 1, 1, 1, 1, 0, 1, 1, 1, 0, 1, 1, 0, 0, 1, 1], [0, 1, 0, 0, 0, 0, 0, 0, 0, 1, 0, 0, 1, 1, 0, 1, 1, 0, 0, 1, 0, 0, 0, 1, 1], [0, 1, 0, 1, 0, 0, 1, 1, 0, 1, 0, 0, 0, 1, 1, 1, 1, 0, 1, 1, 1, 1, 1, 1, 1], [0, 1, 1, 0, 1, 1, 0, 1, 1, 1, 1, 0, 0, 1, 0, 0, 0, 1, 1, 1, 1, 1, 1, 0, 0], [0, 1, 1, 1, 1, 0, 0, 1, 0, 1, 1, 1, 1, 0, 0, 0, 1, 0, 0, 0, 1, 0, 1, 1, 0], [0, 1, 0, 1, 0, 1, 1, 0, 0, 0, 0, 1, 0, 0, 0, 0, 1, 0, 0, 1, 1, 1, 1, 1, 1], [0, 1, 1, 0, 1, 1, 1, 0, 0, 1, 1, 1, 0, 0, 0, 0, 1, 0, 0, 1, 0, 0, 0, 0, 1], [0, 1, 0, 1, 0, 0, 0, 1, 1, 1, 1, 1, 0, 1, 1, 1, 0, 1, 1, 0, 1, 1, 1, 0, 0], [0, 1, 1, 0, 1, 1, 1, 0, 1, 1, 0, 0, 1, 0, 0, 0, 1, 0, 1, 0, 1, 0, 0, 0, 0], [0, 0, 1, 0, 0, 1, 0, 0, 1, 0, 0, 1, 1, 0, 0, 0, 1, 1, 0, 1, 0, 1, 0, 0, 0], [1, 0, 1, 0, 1, 0, 0, 1, 0, 1, 1, 1, 1, 0, 1, 1, 0, 0, 1, 0, 1, 1, 1, 0, 1], [0, 1, 1, 1, 1, 0, 0, 1, 0, 1, 0, 1, 1, 1, 1, 0, 1, 1, 0, 1, 0, 1, 1, 1, 0], [0, 1, 1, 1, 1, 1, 0, 0, 0, 0, 0, 1, 1, 0, 1, 0, 1, 0, 1, 1, 1, 0, 1, 0, 0], [0, 0, 1, 0, 1, 0, 0, 1, 1, 0, 0, 1, 1, 1, 1, 0, 1, 0, 0, 1, 1, 1, 0, 1, 1], [0, 1, 0, 1, 0, 1, 0, 0, 1, 1, 1, 1, 0, 1, 1, 0, 0, 0, 0, 0, 1, 0, 1, 0, 0], [0, 0, 1, 0, 0, 0, 1, 1, 1, 1, 1, 1, 0, 0, 1, 1, 0, 0, 0, 1, 0, 0, 1, 0, 0]]",4.0,8.0,Y,"{0: 4, 1: 20, 2: 196, 3: 12, 4: 188, 5: 180, 6: 172, 7: 164, 8: 156, 9: 148, 10: 140, 11: 132, 12: 124, 13: 116, 14: 108, 15: 100, 16: 92, 17: 84, 18: 76, 19: 68, 20: 60, 21: 52, 22: 44, 23: 36, 24: 28}","{(0, 5): 2, (0, 8): 1, (0, 19): 1, (1, 2): 1, (1, 4): 1, (1, 6): 1, (1, 8): 6, (1, 10): 1, (1, 11): 1, (1, 12): 1, (1, 13): 1, (1, 14): 1, (1, 15): 1, (1, 16): 1, (1, 17): 1, (1, 20): 1, (1, 21): 1, (1, 23): 1, (2, 5): 1, (2, 7): 94, (2, 8): 1, (2, 9): 1, (2, 12): 1, (2, 13): 22, (2, 15): 1, (2, 17): 1, (2, 18): 68, (2, 19): 1, (2, 20): 1, (2, 21): 1, (2, 22): 1, (2, 24): 1, (3, 6): 1, (3, 7): 1, (3, 8): 3, (3, 11): 1, (3, 13): 1, (3, 14): 1, (3, 16): 1, (3, 20): 1, (3, 21): 1, (3, 23): 1, (4, 6): 1, (4, 7): 1, (4, 8): 1, (4, 9): 1, (4, 12): 82, (4, 13): 1, (4, 15): 1, (4, 17): 1, (4, 19): 1, (4, 20): 45, (4, 21): 21, (4, 22): 31, (5, 6): 5, (5, 7): 1, (5, 9): 133, (5, 12): 1, (5, 14): 1, (5, 15): 1, (5, 17): 1, (5, 18): 1, (5, 21): 7, (5, 23): 26, (6, 11): 64, (6, 14): 97, (6, 15): 1, (6, 17): 1, (6, 24): 1, (7, 8): 1, (7, 9): 1, (7, 11): 1, (7, 12): 1, (7, 13): 58, (7, 16): 1, (7, 19): 1, (7, 20): 1, (7, 22): 1, (7, 24): 1, (8, 9): 1, (8, 12): 1, (8, 16): 78, (8, 17): 59, (8, 18): 1, (8, 22): 1, (8, 23): 1, (8, 24): 1, (9, 10): 1, (9, 11): 1, (9, 12): 1, (9, 13): 1, (9, 15): 1, (9, 16): 1, (9, 17): 1, (9, 19): 1, (9, 20): 1, (9, 23): 1, (9, 24): 1, (10, 12): 1, (10, 13): 26, (10, 15): 90, (10, 16): 1, (10, 19): 1, (10, 23): 1, (10, 24): 18, (11, 13): 1, (11, 14): 1, (11, 15): 1, (11, 16): 1, (11, 18): 1, (11, 19): 54, (11, 20): 1, (11, 21): 1, (11, 22): 1, (11, 23): 1, (11, 24): 1, (12, 13): 1, (12, 17): 16, (12, 18): 1, (12, 19): 1, (12, 20): 1, (12, 21): 14, (12, 22): 1, (13, 16): 1, (13, 20): 1, (13, 22): 1, (13, 23): 1, (14, 16): 1, (14, 19): 1, (14, 20): 1, (14, 21): 1, (14, 22): 1, (14, 23): 1, (14, 24): 1, (15, 16): 1, (15, 19): 1, (15, 24): 1, (16, 17): 1, (16, 18): 1, (16, 20): 1, (16, 21): 1, (16, 22): 1, (17, 18): 1, (17, 20): 1, (18, 19): 1, (18, 21): 1, (19, 20): 1, (19, 21): 1, (19, 22): 1, (19, 24): 1, (20, 21): 1, (20, 22): 1, (20, 23): 1, (21, 22): 1, (22, 23): 1, (22, 24): 1}",6740.0000000361615
23.0,Graph with 25 nodes and 156 edges,"[[0, 0, 0, 0, 0, 1, 0, 0, 1, 0, 0, 0, 0, 0, 0, 0, 0, 0, 0, 1, 0, 0, 0, 0, 0], [0, 0, 1, 0, 1, 0, 1, 0, 1, 0, 1, 1, 1, 1, 1, 1, 1, 1, 0, 0, 1, 1, 0, 1, 0], [0, 1, 0, 0, 0, 1, 0, 1, 1, 1, 0, 0, 1, 1, 0, 1, 0, 1, 1, 1, 1, 1, 1, 0, 1], [0, 0, 0, 0, 0, 0, 1, 1, 1, 0, 0, 1, 0, 1, 1, 0, 1, 0, 0, 0, 1, 1, 0, 1, 0], [0, 1, 0, 0, 0, 0, 1, 1, 1, 1, 0, 0, 1, 1, 0, 1, 0, 1, 0, 1, 1, 1, 1, 0, 0], [1, 0, 1, 0, 0, 0, 1, 1, 0, 1, 0, 0, 1, 0, 1, 1, 0, 1, 1, 0, 0, 1, 0, 1, 0], [0, 1, 0, 1, 1, 1, 0, 0, 0, 0, 0, 1, 0, 0, 1, 1, 0, 1, 0, 0, 0, 0, 0, 0, 1], [0, 0, 1, 1, 1, 1, 0, 0, 1, 1, 0, 1, 1, 1, 0, 0, 1, 0, 0, 1, 1, 0, 1, 0, 1], [1, 1, 1, 1, 1, 0, 0, 1, 0, 1, 0, 0, 1, 0, 0, 0, 1, 1, 1, 0, 0, 0, 1, 1, 1], [0, 0, 1, 0, 1, 1, 0, 1, 1, 0, 1, 1, 1, 1, 0, 1, 1, 1, 0, 1, 1, 0, 0, 1, 1], [0, 1, 0, 0, 0, 0, 0, 0, 0, 1, 0, 0, 1, 1, 0, 1, 1, 0, 0, 1, 0, 0, 0, 1, 1], [0, 1, 0, 1, 0, 0, 1, 1, 0, 1, 0, 0, 0, 1, 1, 1, 1, 0, 1, 1, 1, 1, 1, 1, 1], [0, 1, 1, 0, 1, 1, 0, 1, 1, 1, 1, 0, 0, 1, 0, 0, 0, 1, 1, 1, 1, 1, 1, 0, 0], [0, 1, 1, 1, 1, 0, 0, 1, 0, 1, 1, 1, 1, 0, 0, 0, 1, 0, 0, 0, 1, 0, 1, 1, 0], [0, 1, 0, 1, 0, 1, 1, 0, 0, 0, 0, 1, 0, 0, 0, 0, 1, 0, 0, 1, 1, 1, 1, 1, 1], [0, 1, 1, 0, 1, 1, 1, 0, 0, 1, 1, 1, 0, 0, 0, 0, 1, 0, 0, 1, 0, 0, 0, 0, 1], [0, 1, 0, 1, 0, 0, 0, 1, 1, 1, 1, 1, 0, 1, 1, 1, 0, 1, 1, 0, 1, 1, 1, 0, 0], [0, 1, 1, 0, 1, 1, 1, 0, 1, 1, 0, 0, 1, 0, 0, 0, 1, 0, 1, 0, 1, 0, 0, 0, 0], [0, 0, 1, 0, 0, 1, 0, 0, 1, 0, 0, 1, 1, 0, 0, 0, 1, 1, 0, 1, 0, 1, 0, 0, 0], [1, 0, 1, 0, 1, 0, 0, 1, 0, 1, 1, 1, 1, 0, 1, 1, 0, 0, 1, 0, 1, 1, 1, 0, 1], [0, 1, 1, 1, 1, 0, 0, 1, 0, 1, 0, 1, 1, 1, 1, 0, 1, 1, 0, 1, 0, 1, 1, 1, 0], [0, 1, 1, 1, 1, 1, 0, 0, 0, 0, 0, 1, 1, 0, 1, 0, 1, 0, 1, 1, 1, 0, 1, 0, 0], [0, 0, 1, 0, 1, 0, 0, 1, 1, 0, 0, 1, 1, 1, 1, 0, 1, 0, 0, 1, 1, 1, 0, 1, 1], [0, 1, 0, 1, 0, 1, 0, 0, 1, 1, 1, 1, 0, 1, 1, 0, 0, 0, 0, 0, 1, 0, 1, 0, 0], [0, 0, 1, 0, 0, 0, 1, 1, 1, 1, 1, 1, 0, 0, 1, 1, 0, 0, 0, 1, 0, 0, 1, 0, 0]]",4.0,9.0,Y,"{0: 4, 1: 22, 2: 220, 3: 13, 4: 211, 5: 202, 6: 193, 7: 184, 8: 175, 9: 166, 10: 157, 11: 148, 12: 139, 13: 130, 14: 121, 15: 112, 16: 103, 17: 94, 18: 85, 19: 76, 20: 67, 21: 58, 22: 49, 23: 40, 24: 31}","{(0, 5): 2, (0, 8): 1, (0, 19): 1, (1, 2): 1, (1, 4): 1, (1, 6): 1, (1, 8): 1, (1, 10): 8, (1, 11): 1, (1, 12): 1, (1, 13): 1, (1, 14): 1, (1, 15): 1, (1, 16): 1, (1, 17): 1, (1, 20): 1, (1, 21): 1, (1, 23): 1, (2, 5): 1, (2, 7): 82, (2, 8): 1, (2, 9): 1, (2, 12): 1, (2, 13): 1, (2, 15): 1, (2, 17): 1, (2, 18): 77, (2, 19): 49, (2, 20): 1, (2, 21): 1, (2, 22): 1, (2, 24): 1, (3, 6): 1, (3, 7): 1, (3, 8): 4, (3, 11): 1, (3, 13): 1, (3, 14): 1, (3, 16): 1, (3, 20): 1, (3, 21): 1, (3, 23): 1, (4, 6): 76, (4, 7): 6, (4, 8): 1, (4, 9): 1, (4, 12): 1, (4, 13): 1, (4, 15): 1, (4, 17): 84, (4, 19): 1, (4, 20): 1, (4, 21): 1, (4, 22): 36, (5, 6): 1, (5, 7): 1, (5, 9): 1, (5, 12): 125, (5, 14): 1, (5, 15): 1, (5, 17): 1, (5, 18): 1, (5, 21): 46, (5, 23): 21, (6, 11): 1, (6, 14): 110, (6, 15): 1, (6, 17): 1, (6, 24): 1, (7, 8): 1, (7, 9): 1, (7, 11): 85, (7, 12): 1, (7, 13): 1, (7, 16): 1, (7, 19): 1, (7, 20): 1, (7, 22): 1, (7, 24): 1, (8, 9): 150, (8, 12): 1, (8, 16): 1, (8, 17): 1, (8, 18): 1, (8, 22): 1, (8, 23): 10, (8, 24): 1, (9, 10): 1, (9, 11): 2, (9, 12): 1, (9, 13): 1, (9, 15): 1, (9, 16): 1, (9, 17): 1, (9, 19): 1, (9, 20): 1, (9, 23): 1, (9, 24): 1, (10, 12): 1, (10, 13): 118, (10, 15): 5, (10, 16): 1, (10, 19): 1, (10, 23): 1, (10, 24): 21, (11, 13): 1, (11, 14): 1, (11, 15): 10, (11, 16): 1, (11, 18): 1, (11, 19): 1, (11, 20): 39, (11, 21): 1, (11, 22): 1, (11, 23): 1, (11, 24): 1, (12, 13): 1, (12, 17): 1, (12, 18): 1, (12, 19): 1, (12, 20): 1, (12, 21): 1, (12, 22): 1, (13, 16): 1, (13, 20): 1, (13, 22): 1, (13, 23): 1, (14, 16): 1, (14, 19): 1, (14, 20): 1, (14, 21): 1, (14, 22): 1, (14, 23): 1, (14, 24): 1, (15, 16): 89, (15, 19): 1, (15, 24): 1, (16, 17): 1, (16, 18): 1, (16, 20): 1, (16, 21): 1, (16, 22): 1, (17, 18): 1, (17, 20): 1, (18, 19): 1, (18, 21): 1, (19, 20): 14, (19, 21): 1, (19, 22): 1, (19, 24): 1, (20, 21): 1, (20, 22): 1, (20, 23): 1, (21, 22): 1, (22, 23): 1, (22, 24): 1}",6282.000000055632
41.0,Graph with 25 nodes and 151 edges,"[[0, 0, 0, 0, 1, 0, 0, 1, 0, 0, 1, 1, 1, 1, 1, 0, 1, 1, 0, 1, 0, 0, 1, 0, 1], [0, 0, 1, 0, 0, 1, 0, 0, 1, 1, 0, 0, 1, 1, 0, 1, 1, 0, 1, 0, 0, 1, 1, 0, 1], [0, 1, 0, 0, 1, 1, 0, 0, 0, 1, 1, 1, 0, 0, 1, 0, 0, 0, 1, 0, 0, 1, 1, 1, 1], [0, 0, 0, 0, 0, 0, 1, 1, 0, 1, 1, 1, 1, 0, 1, 0, 1, 0, 0, 0, 0, 1, 0, 0, 0], [1, 0, 1, 0, 0, 1, 1, 1, 0, 0, 0, 1, 1, 1, 0, 1, 1, 1, 0, 1, 1, 1, 1, 0, 0], [0, 1, 1, 0, 1, 0, 1, 0, 0, 1, 0, 1, 0, 0, 1, 0, 1, 0, 0, 1, 0, 1, 1, 0, 0], [0, 0, 0, 1, 1, 1, 0, 1, 0, 1, 0, 0, 0, 0, 1, 0, 0, 0, 1, 0, 1, 1, 0, 0, 0], [1, 0, 0, 1, 1, 0, 1, 0, 0, 0, 1, 0, 0, 1, 1, 1, 1, 1, 0, 1, 0, 1, 1, 1, 1], [0, 1, 0, 0, 0, 0, 0, 0, 0, 0, 0, 1, 1, 0, 0, 0, 0, 1, 0, 0, 0, 0, 0, 0, 0], [0, 1, 1, 1, 0, 1, 1, 0, 0, 0, 1, 1, 1, 0, 1, 1, 1, 0, 1, 0, 1, 0, 1, 0, 1], [1, 0, 1, 1, 0, 0, 0, 1, 0, 1, 0, 0, 1, 0, 1, 1, 0, 1, 1, 1, 1, 1, 1, 0, 1], [1, 0, 1, 1, 1, 1, 0, 0, 1, 1, 0, 0, 1, 1, 0, 1, 0, 1, 1, 0, 1, 1, 0, 1, 1], [1, 1, 0, 1, 1, 0, 0, 0, 1, 1, 1, 1, 0, 1, 1, 0, 0, 1, 1, 1, 0, 1, 0, 1, 1], [1, 1, 0, 0, 1, 0, 0, 1, 0, 0, 0, 1, 1, 0, 0, 0, 0, 0, 0, 0, 0, 0, 1, 1, 1], [1, 0, 1, 1, 0, 1, 1, 1, 0, 1, 1, 0, 1, 0, 0, 0, 1, 1, 0, 1, 0, 0, 0, 0, 1], [0, 1, 0, 0, 1, 0, 0, 1, 0, 1, 1, 1, 0, 0, 0, 0, 1, 0, 0, 0, 0, 0, 0, 1, 1], [1, 1, 0, 1, 1, 1, 0, 1, 0, 1, 0, 0, 0, 0, 1, 1, 0, 1, 0, 0, 0, 1, 1, 0, 0], [1, 0, 0, 0, 1, 0, 0, 1, 1, 0, 1, 1, 1, 0, 1, 0, 1, 0, 1, 1, 1, 1, 0, 0, 1], [0, 1, 1, 0, 0, 0, 1, 0, 0, 1, 1, 1, 1, 0, 0, 0, 0, 1, 0, 0, 0, 1, 1, 1, 0], [1, 0, 0, 0, 1, 1, 0, 1, 0, 0, 1, 0, 1, 0, 1, 0, 0, 1, 0, 0, 0, 0, 0, 0, 1], [0, 0, 0, 0, 1, 0, 1, 0, 0, 1, 1, 1, 0, 0, 0, 0, 0, 1, 0, 0, 0, 1, 1, 0, 1], [0, 1, 1, 1, 1, 1, 1, 1, 0, 0, 1, 1, 1, 0, 0, 0, 1, 1, 1, 0, 1, 0, 1, 1, 0], [1, 1, 1, 0, 1, 1, 0, 1, 0, 1, 1, 0, 0, 1, 0, 0, 1, 0, 1, 0, 1, 1, 0, 1, 0], [0, 0, 1, 0, 0, 0, 0, 1, 0, 0, 0, 1, 1, 1, 0, 1, 0, 0, 1, 0, 0, 1, 1, 0, 1], [1, 1, 1, 0, 0, 0, 0, 1, 0, 1, 1, 1, 1, 1, 1, 1, 0, 1, 0, 1, 1, 0, 0, 1, 0]]",4.0,5.0,Y,"{0: 14, 1: 124, 2: 119, 3: 9, 4: 19, 5: 114, 6: 109, 7: 104, 8: 4, 9: 99, 10: 94, 11: 89, 12: 84, 13: 79, 14: 74, 15: 69, 16: 64, 17: 59, 18: 54, 19: 49, 20: 44, 21: 39, 22: 34, 23: 29, 24: 24}","{(0, 4): 1, (0, 7): 3, (0, 10): 1, (0, 11): 1, (0, 12): 1, (0, 13): 1, (0, 14): 1, (0, 16): 1, (0, 17): 1, (0, 19): 1, (0, 22): 1, (0, 24): 1, (1, 2): 1, (1, 5): 1, (1, 8): 1, (1, 9): 1, (1, 12): 1, (1, 13): 1, (1, 15): 61, (1, 16): 1, (1, 18): 30, (1, 21): 24, (1, 22): 1, (1, 24): 1, (2, 4): 1, (2, 5): 104, (2, 9): 1, (2, 10): 1, (2, 11): 4, (2, 14): 2, (2, 18): 1, (2, 21): 1, (2, 22): 1, (2, 23): 1, (2, 24): 1, (3, 6): 1, (3, 7): 1, (3, 9): 1, (3, 10): 1, (3, 11): 1, (3, 12): 1, (3, 14): 1, (3, 16): 1, (3, 21): 1, (4, 5): 1, (4, 6): 1, (4, 7): 1, (4, 11): 5, (4, 12): 1, (4, 13): 1, (4, 15): 1, (4, 16): 1, (4, 17): 1, (4, 19): 1, (4, 20): 1, (4, 21): 1, (4, 22): 1, (5, 6): 1, (5, 9): 1, (5, 11): 1, (5, 14): 1, (5, 16): 1, (5, 19): 1, (5, 21): 1, (5, 22): 1, (6, 7): 1, (6, 9): 85, (6, 14): 1, (6, 18): 15, (6, 20): 3, (6, 21): 1, (7, 10): 53, (7, 13): 36, (7, 14): 1, (7, 15): 1, (7, 16): 1, (7, 17): 1, (7, 19): 1, (7, 21): 1, (7, 22): 1, (7, 23): 1, (7, 24): 1, (8, 11): 1, (8, 12): 1, (8, 17): 1, (9, 10): 1, (9, 11): 1, (9, 12): 1, (9, 14): 1, (9, 15): 1, (9, 16): 1, (9, 18): 1, (9, 20): 1, (9, 22): 1, (9, 24): 1, (10, 12): 19, (10, 14): 1, (10, 15): 1, (10, 17): 1, (10, 18): 1, (10, 19): 1, (10, 20): 1, (10, 21): 1, (10, 22): 1, (10, 24): 10, (11, 12): 51, (11, 13): 17, (11, 15): 1, (11, 17): 1, (11, 18): 1, (11, 20): 1, (11, 21): 1, (11, 23): 1, (11, 24): 1, (12, 13): 1, (12, 14): 1, (12, 17): 1, (12, 18): 1, (12, 19): 1, (12, 21): 1, (12, 23): 1, (12, 24): 1, (13, 22): 1, (13, 23): 20, (13, 24): 1, (14, 16): 33, (14, 17): 1, (14, 19): 29, (14, 24): 1, (15, 16): 1, (15, 23): 1, (15, 24): 1, (16, 17): 1, (16, 21): 1, (16, 22): 21, (17, 18): 1, (17, 19): 13, (17, 20): 34, (17, 21): 1, (17, 24): 1, (18, 21): 1, (18, 22): 1, (18, 23): 1, (19, 24): 1, (20, 21): 1, (20, 22): 1, (20, 24): 1, (21, 22): 1, (21, 23): 1, (22, 23): 1, (23, 24): 1}",5943.000000115717
41.0,Graph with 25 nodes and 151 edges,"[[0, 0, 0, 0, 1, 0, 0, 1, 0, 0, 1, 1, 1, 1, 1, 0, 1, 1, 0, 1, 0, 0, 1, 0, 1], [0, 0, 1, 0, 0, 1, 0, 0, 1, 1, 0, 0, 1, 1, 0, 1, 1, 0, 1, 0, 0, 1, 1, 0, 1], [0, 1, 0, 0, 1, 1, 0, 0, 0, 1, 1, 1, 0, 0, 1, 0, 0, 0, 1, 0, 0, 1, 1, 1, 1], [0, 0, 0, 0, 0, 0, 1, 1, 0, 1, 1, 1, 1, 0, 1, 0, 1, 0, 0, 0, 0, 1, 0, 0, 0], [1, 0, 1, 0, 0, 1, 1, 1, 0, 0, 0, 1, 1, 1, 0, 1, 1, 1, 0, 1, 1, 1, 1, 0, 0], [0, 1, 1, 0, 1, 0, 1, 0, 0, 1, 0, 1, 0, 0, 1, 0, 1, 0, 0, 1, 0, 1, 1, 0, 0], [0, 0, 0, 1, 1, 1, 0, 1, 0, 1, 0, 0, 0, 0, 1, 0, 0, 0, 1, 0, 1, 1, 0, 0, 0], [1, 0, 0, 1, 1, 0, 1, 0, 0, 0, 1, 0, 0, 1, 1, 1, 1, 1, 0, 1, 0, 1, 1, 1, 1], [0, 1, 0, 0, 0, 0, 0, 0, 0, 0, 0, 1, 1, 0, 0, 0, 0, 1, 0, 0, 0, 0, 0, 0, 0], [0, 1, 1, 1, 0, 1, 1, 0, 0, 0, 1, 1, 1, 0, 1, 1, 1, 0, 1, 0, 1, 0, 1, 0, 1], [1, 0, 1, 1, 0, 0, 0, 1, 0, 1, 0, 0, 1, 0, 1, 1, 0, 1, 1, 1, 1, 1, 1, 0, 1], [1, 0, 1, 1, 1, 1, 0, 0, 1, 1, 0, 0, 1, 1, 0, 1, 0, 1, 1, 0, 1, 1, 0, 1, 1], [1, 1, 0, 1, 1, 0, 0, 0, 1, 1, 1, 1, 0, 1, 1, 0, 0, 1, 1, 1, 0, 1, 0, 1, 1], [1, 1, 0, 0, 1, 0, 0, 1, 0, 0, 0, 1, 1, 0, 0, 0, 0, 0, 0, 0, 0, 0, 1, 1, 1], [1, 0, 1, 1, 0, 1, 1, 1, 0, 1, 1, 0, 1, 0, 0, 0, 1, 1, 0, 1, 0, 0, 0, 0, 1], [0, 1, 0, 0, 1, 0, 0, 1, 0, 1, 1, 1, 0, 0, 0, 0, 1, 0, 0, 0, 0, 0, 0, 1, 1], [1, 1, 0, 1, 1, 1, 0, 1, 0, 1, 0, 0, 0, 0, 1, 1, 0, 1, 0, 0, 0, 1, 1, 0, 0], [1, 0, 0, 0, 1, 0, 0, 1, 1, 0, 1, 1, 1, 0, 1, 0, 1, 0, 1, 1, 1, 1, 0, 0, 1], [0, 1, 1, 0, 0, 0, 1, 0, 0, 1, 1, 1, 1, 0, 0, 0, 0, 1, 0, 0, 0, 1, 1, 1, 0], [1, 0, 0, 0, 1, 1, 0, 1, 0, 0, 1, 0, 1, 0, 1, 0, 0, 1, 0, 0, 0, 0, 0, 0, 1], [0, 0, 0, 0, 1, 0, 1, 0, 0, 1, 1, 1, 0, 0, 0, 0, 0, 1, 0, 0, 0, 1, 1, 0, 1], [0, 1, 1, 1, 1, 1, 1, 1, 0, 0, 1, 1, 1, 0, 0, 0, 1, 1, 1, 0, 1, 0, 1, 1, 0], [1, 1, 1, 0, 1, 1, 0, 1, 0, 1, 1, 0, 0, 1, 0, 0, 1, 0, 1, 0, 1, 1, 0, 1, 0], [0, 0, 1, 0, 0, 0, 0, 1, 0, 0, 0, 1, 1, 1, 0, 1, 0, 0, 1, 0, 0, 1, 1, 0, 1], [1, 1, 1, 0, 0, 0, 0, 1, 0, 1, 1, 1, 1, 1, 1, 1, 0, 1, 0, 1, 1, 0, 0, 1, 0]]",4.0,6.0,Y,"{0: 16, 1: 148, 2: 142, 3: 10, 4: 136, 5: 130, 6: 124, 7: 118, 8: 4, 9: 112, 10: 106, 11: 100, 12: 94, 13: 88, 14: 82, 15: 76, 16: 70, 17: 64, 18: 58, 19: 52, 20: 46, 21: 40, 22: 34, 23: 28, 24: 22}","{(0, 4): 1, (0, 7): 1, (0, 10): 1, (0, 11): 1, (0, 12): 1, (0, 13): 5, (0, 14): 1, (0, 16): 1, (0, 17): 1, (0, 19): 1, (0, 22): 1, (0, 24): 1, (1, 2): 1, (1, 5): 106, (1, 8): 1, (1, 9): 3, (1, 12): 1, (1, 13): 1, (1, 15): 30, (1, 16): 1, (1, 18): 1, (1, 21): 1, (1, 22): 1, (1, 24): 1, (2, 4): 1, (2, 5): 1, (2, 9): 1, (2, 10): 92, (2, 11): 1, (2, 14): 22, (2, 18): 1, (2, 21): 1, (2, 22): 1, (2, 23): 19, (2, 24): 1, (3, 6): 2, (3, 7): 1, (3, 9): 1, (3, 10): 1, (3, 11): 1, (3, 12): 1, (3, 14): 1, (3, 16): 1, (3, 21): 1, (4, 5): 1, (4, 6): 1, (4, 7): 1, (4, 11): 1, (4, 12): 1, (4, 13): 76, (4, 15): 1, (4, 16): 1, (4, 17): 4, (4, 19): 44, (4, 20): 1, (4, 21): 1, (4, 22): 1, (5, 6): 7, (5, 9): 1, (5, 11): 7, (5, 14): 1, (5, 16): 1, (5, 19): 1, (5, 21): 3, (5, 22): 1, (6, 7): 50, (6, 9): 1, (6, 14): 1, (6, 18): 1, (6, 20): 38, (6, 21): 23, (7, 10): 1, (7, 13): 1, (7, 14): 1, (7, 15): 1, (7, 16): 1, (7, 17): 48, (7, 19): 1, (7, 21): 1, (7, 22): 1, (7, 23): 1, (7, 24): 8, (8, 11): 1, (8, 12): 1, (8, 17): 1, (9, 10): 1, (9, 11): 1, (9, 12): 1, (9, 14): 49, (9, 15): 1, (9, 16): 1, (9, 18): 48, (9, 20): 1, (9, 22): 1, (9, 24): 1, (10, 12): 1, (10, 14): 1, (10, 15): 1, (10, 17): 1, (10, 18): 1, (10, 19): 1, (10, 20): 1, (10, 21): 1, (10, 22): 1, (10, 24): 1, (11, 12): 79, (11, 13): 1, (11, 15): 1, (11, 17): 1, (11, 18): 1, (11, 20): 1, (11, 21): 1, (11, 23): 1, (11, 24): 1, (12, 13): 1, (12, 14): 1, (12, 17): 1, (12, 18): 1, (12, 19): 1, (12, 21): 1, (12, 23): 1, (12, 24): 1, (13, 22): 1, (13, 23): 1, (13, 24): 1, (14, 16): 1, (14, 17): 1, (14, 19): 1, (14, 24): 1, (15, 16): 39, (15, 23): 1, (15, 24): 1, (16, 17): 1, (16, 21): 1, (16, 22): 21, (17, 18): 1, (17, 19): 1, (17, 20): 1, (17, 21): 1, (17, 24): 1, (18, 21): 1, (18, 22): 1, (18, 23): 1, (19, 24): 1, (20, 21): 1, (20, 22): 1, (20, 24): 1, (21, 22): 1, (21, 23): 1, (22, 23): 1, (23, 24): 1}",6187.000000181797
41.0,Graph with 25 nodes and 151 edges,"[[0, 0, 0, 0, 1, 0, 0, 1, 0, 0, 1, 1, 1, 1, 1, 0, 1, 1, 0, 1, 0, 0, 1, 0, 1], [0, 0, 1, 0, 0, 1, 0, 0, 1, 1, 0, 0, 1, 1, 0, 1, 1, 0, 1, 0, 0, 1, 1, 0, 1], [0, 1, 0, 0, 1, 1, 0, 0, 0, 1, 1, 1, 0, 0, 1, 0, 0, 0, 1, 0, 0, 1, 1, 1, 1], [0, 0, 0, 0, 0, 0, 1, 1, 0, 1, 1, 1, 1, 0, 1, 0, 1, 0, 0, 0, 0, 1, 0, 0, 0], [1, 0, 1, 0, 0, 1, 1, 1, 0, 0, 0, 1, 1, 1, 0, 1, 1, 1, 0, 1, 1, 1, 1, 0, 0], [0, 1, 1, 0, 1, 0, 1, 0, 0, 1, 0, 1, 0, 0, 1, 0, 1, 0, 0, 1, 0, 1, 1, 0, 0], [0, 0, 0, 1, 1, 1, 0, 1, 0, 1, 0, 0, 0, 0, 1, 0, 0, 0, 1, 0, 1, 1, 0, 0, 0], [1, 0, 0, 1, 1, 0, 1, 0, 0, 0, 1, 0, 0, 1, 1, 1, 1, 1, 0, 1, 0, 1, 1, 1, 1], [0, 1, 0, 0, 0, 0, 0, 0, 0, 0, 0, 1, 1, 0, 0, 0, 0, 1, 0, 0, 0, 0, 0, 0, 0], [0, 1, 1, 1, 0, 1, 1, 0, 0, 0, 1, 1, 1, 0, 1, 1, 1, 0, 1, 0, 1, 0, 1, 0, 1], [1, 0, 1, 1, 0, 0, 0, 1, 0, 1, 0, 0, 1, 0, 1, 1, 0, 1, 1, 1, 1, 1, 1, 0, 1], [1, 0, 1, 1, 1, 1, 0, 0, 1, 1, 0, 0, 1, 1, 0, 1, 0, 1, 1, 0, 1, 1, 0, 1, 1], [1, 1, 0, 1, 1, 0, 0, 0, 1, 1, 1, 1, 0, 1, 1, 0, 0, 1, 1, 1, 0, 1, 0, 1, 1], [1, 1, 0, 0, 1, 0, 0, 1, 0, 0, 0, 1, 1, 0, 0, 0, 0, 0, 0, 0, 0, 0, 1, 1, 1], [1, 0, 1, 1, 0, 1, 1, 1, 0, 1, 1, 0, 1, 0, 0, 0, 1, 1, 0, 1, 0, 0, 0, 0, 1], [0, 1, 0, 0, 1, 0, 0, 1, 0, 1, 1, 1, 0, 0, 0, 0, 1, 0, 0, 0, 0, 0, 0, 1, 1], [1, 1, 0, 1, 1, 1, 0, 1, 0, 1, 0, 0, 0, 0, 1, 1, 0, 1, 0, 0, 0, 1, 1, 0, 0], [1, 0, 0, 0, 1, 0, 0, 1, 1, 0, 1, 1, 1, 0, 1, 0, 1, 0, 1, 1, 1, 1, 0, 0, 1], [0, 1, 1, 0, 0, 0, 1, 0, 0, 1, 1, 1, 1, 0, 0, 0, 0, 1, 0, 0, 0, 1, 1, 1, 0], [1, 0, 0, 0, 1, 1, 0, 1, 0, 0, 1, 0, 1, 0, 1, 0, 0, 1, 0, 0, 0, 0, 0, 0, 1], [0, 0, 0, 0, 1, 0, 1, 0, 0, 1, 1, 1, 0, 0, 0, 0, 0, 1, 0, 0, 0, 1, 1, 0, 1], [0, 1, 1, 1, 1, 1, 1, 1, 0, 0, 1, 1, 1, 0, 0, 0, 1, 1, 1, 0, 1, 0, 1, 1, 0], [1, 1, 1, 0, 1, 1, 0, 1, 0, 1, 1, 0, 0, 1, 0, 0, 1, 0, 1, 0, 1, 1, 0, 1, 0], [0, 0, 1, 0, 0, 0, 0, 1, 0, 0, 0, 1, 1, 1, 0, 1, 0, 0, 1, 0, 0, 1, 1, 0, 1], [1, 1, 1, 0, 0, 0, 0, 1, 0, 1, 1, 1, 1, 1, 1, 1, 0, 1, 0, 1, 1, 0, 0, 1, 0]]",4.0,7.0,Y,"{0: 18, 1: 172, 2: 165, 3: 11, 4: 158, 5: 151, 6: 144, 7: 137, 8: 4, 9: 130, 10: 123, 11: 116, 12: 109, 13: 102, 14: 95, 15: 88, 16: 81, 17: 74, 18: 67, 19: 60, 20: 53, 21: 46, 22: 39, 23: 32, 24: 25}","{(0, 4): 1, (0, 7): 1, (0, 10): 1, (0, 11): 7, (0, 12): 1, (0, 13): 1, (0, 14): 1, (0, 16): 1, (0, 17): 1, (0, 19): 1, (0, 22): 1, (0, 24): 1, (1, 2): 1, (1, 5): 75, (1, 8): 1, (1, 9): 8, (1, 12): 1, (1, 13): 1, (1, 15): 80, (1, 16): 1, (1, 18): 1, (1, 21): 1, (1, 22): 1, (1, 24): 1, (2, 4): 1, (2, 5): 1, (2, 9): 1, (2, 10): 109, (2, 11): 24, (2, 14): 1, (2, 18): 1, (2, 21): 1, (2, 22): 1, (2, 23): 23, (2, 24): 1, (3, 6): 3, (3, 7): 1, (3, 9): 1, (3, 10): 1, (3, 11): 1, (3, 12): 1, (3, 14): 1, (3, 16): 1, (3, 21): 1, (4, 5): 1, (4, 6): 1, (4, 7): 1, (4, 11): 1, (4, 12): 9, (4, 13): 51, (4, 15): 1, (4, 16): 1, (4, 17): 61, (4, 19): 1, (4, 20): 1, (4, 21): 1, (4, 22): 26, (5, 6): 4, (5, 9): 64, (5, 11): 1, (5, 14): 1, (5, 16): 1, (5, 19): 1, (5, 21): 1, (5, 22): 1, (6, 7): 1, (6, 9): 1, (6, 14): 1, (6, 18): 57, (6, 20): 45, (6, 21): 31, (7, 10): 1, (7, 13): 44, (7, 14): 1, (7, 15): 1, (7, 16): 70, (7, 17): 1, (7, 19): 1, (7, 21): 1, (7, 22): 1, (7, 23): 1, (7, 24): 11, (8, 11): 1, (8, 12): 1, (8, 17): 1, (9, 10): 1, (9, 11): 1, (9, 12): 15, (9, 14): 32, (9, 15): 1, (9, 16): 1, (9, 18): 1, (9, 20): 1, (9, 22): 1, (9, 24): 1, (10, 12): 1, (10, 14): 1, (10, 15): 1, (10, 17): 1, (10, 18): 1, (10, 19): 1, (10, 20): 1, (10, 21): 1, (10, 22): 1, (10, 24): 1, (11, 12): 72, (11, 13): 1, (11, 15): 1, (11, 17): 1, (11, 18): 1, (11, 20): 1, (11, 21): 1, (11, 23): 1, (11, 24): 1, (12, 13): 1, (12, 14): 1, (12, 17): 1, (12, 18): 1, (12, 19): 1, (12, 21): 1, (12, 23): 1, (12, 24): 1, (13, 22): 1, (13, 23): 1, (13, 24): 1, (14, 16): 1, (14, 17): 1, (14, 19): 52, (14, 24): 1, (15, 16): 1, (15, 23): 1, (15, 24): 1, (16, 17): 1, (16, 21): 1, (16, 22): 1, (17, 18): 1, (17, 19): 1, (17, 20): 1, (17, 21): 1, (17, 24): 1, (18, 21): 1, (18, 22): 1, (18, 23): 1, (19, 24): 1, (20, 21): 1, (20, 22): 1, (20, 24): 1, (21, 22): 1, (21, 23): 1, (22, 23): 1, (23, 24): 1}",6440.000000111468
41.0,Graph with 25 nodes and 151 edges,"[[0, 0, 0, 0, 1, 0, 0, 1, 0, 0, 1, 1, 1, 1, 1, 0, 1, 1, 0, 1, 0, 0, 1, 0, 1], [0, 0, 1, 0, 0, 1, 0, 0, 1, 1, 0, 0, 1, 1, 0, 1, 1, 0, 1, 0, 0, 1, 1, 0, 1], [0, 1, 0, 0, 1, 1, 0, 0, 0, 1, 1, 1, 0, 0, 1, 0, 0, 0, 1, 0, 0, 1, 1, 1, 1], [0, 0, 0, 0, 0, 0, 1, 1, 0, 1, 1, 1, 1, 0, 1, 0, 1, 0, 0, 0, 0, 1, 0, 0, 0], [1, 0, 1, 0, 0, 1, 1, 1, 0, 0, 0, 1, 1, 1, 0, 1, 1, 1, 0, 1, 1, 1, 1, 0, 0], [0, 1, 1, 0, 1, 0, 1, 0, 0, 1, 0, 1, 0, 0, 1, 0, 1, 0, 0, 1, 0, 1, 1, 0, 0], [0, 0, 0, 1, 1, 1, 0, 1, 0, 1, 0, 0, 0, 0, 1, 0, 0, 0, 1, 0, 1, 1, 0, 0, 0], [1, 0, 0, 1, 1, 0, 1, 0, 0, 0, 1, 0, 0, 1, 1, 1, 1, 1, 0, 1, 0, 1, 1, 1, 1], [0, 1, 0, 0, 0, 0, 0, 0, 0, 0, 0, 1, 1, 0, 0, 0, 0, 1, 0, 0, 0, 0, 0, 0, 0], [0, 1, 1, 1, 0, 1, 1, 0, 0, 0, 1, 1, 1, 0, 1, 1, 1, 0, 1, 0, 1, 0, 1, 0, 1], [1, 0, 1, 1, 0, 0, 0, 1, 0, 1, 0, 0, 1, 0, 1, 1, 0, 1, 1, 1, 1, 1, 1, 0, 1], [1, 0, 1, 1, 1, 1, 0, 0, 1, 1, 0, 0, 1, 1, 0, 1, 0, 1, 1, 0, 1, 1, 0, 1, 1], [1, 1, 0, 1, 1, 0, 0, 0, 1, 1, 1, 1, 0, 1, 1, 0, 0, 1, 1, 1, 0, 1, 0, 1, 1], [1, 1, 0, 0, 1, 0, 0, 1, 0, 0, 0, 1, 1, 0, 0, 0, 0, 0, 0, 0, 0, 0, 1, 1, 1], [1, 0, 1, 1, 0, 1, 1, 1, 0, 1, 1, 0, 1, 0, 0, 0, 1, 1, 0, 1, 0, 0, 0, 0, 1], [0, 1, 0, 0, 1, 0, 0, 1, 0, 1, 1, 1, 0, 0, 0, 0, 1, 0, 0, 0, 0, 0, 0, 1, 1], [1, 1, 0, 1, 1, 1, 0, 1, 0, 1, 0, 0, 0, 0, 1, 1, 0, 1, 0, 0, 0, 1, 1, 0, 0], [1, 0, 0, 0, 1, 0, 0, 1, 1, 0, 1, 1, 1, 0, 1, 0, 1, 0, 1, 1, 1, 1, 0, 0, 1], [0, 1, 1, 0, 0, 0, 1, 0, 0, 1, 1, 1, 1, 0, 0, 0, 0, 1, 0, 0, 0, 1, 1, 1, 0], [1, 0, 0, 0, 1, 1, 0, 1, 0, 0, 1, 0, 1, 0, 1, 0, 0, 1, 0, 0, 0, 0, 0, 0, 1], [0, 0, 0, 0, 1, 0, 1, 0, 0, 1, 1, 1, 0, 0, 0, 0, 0, 1, 0, 0, 0, 1, 1, 0, 1], [0, 1, 1, 1, 1, 1, 1, 1, 0, 0, 1, 1, 1, 0, 0, 0, 1, 1, 1, 0, 1, 0, 1, 1, 0], [1, 1, 1, 0, 1, 1, 0, 1, 0, 1, 1, 0, 0, 1, 0, 0, 1, 0, 1, 0, 1, 1, 0, 1, 0], [0, 0, 1, 0, 0, 0, 0, 1, 0, 0, 0, 1, 1, 1, 0, 1, 0, 0, 1, 0, 0, 1, 1, 0, 1], [1, 1, 1, 0, 0, 0, 0, 1, 0, 1, 1, 1, 1, 1, 1, 1, 0, 1, 0, 1, 1, 0, 0, 1, 0]]",4.0,8.0,Y,"{0: 12, 1: 196, 2: 188, 3: 180, 4: 20, 5: 172, 6: 164, 7: 156, 8: 4, 9: 148, 10: 140, 11: 132, 12: 124, 13: 116, 14: 108, 15: 100, 16: 92, 17: 84, 18: 76, 19: 68, 20: 60, 21: 52, 22: 44, 23: 36, 24: 28}","{(0, 4): 1, (0, 7): 1, (0, 10): 1, (0, 11): 1, (0, 12): 1, (0, 13): 1, (0, 14): 1, (0, 16): 1, (0, 17): 1, (0, 19): 1, (0, 22): 1, (0, 24): 1, (1, 2): 1, (1, 5): 1, (1, 8): 1, (1, 9): 94, (1, 12): 1, (1, 13): 1, (1, 15): 92, (1, 16): 1, (1, 18): 1, (1, 21): 1, (1, 22): 1, (1, 24): 1, (2, 4): 1, (2, 5): 151, (2, 9): 1, (2, 10): 1, (2, 11): 1, (2, 14): 1, (2, 18): 1, (2, 21): 1, (2, 22): 1, (2, 23): 27, (2, 24): 1, (3, 6): 156, (3, 7): 1, (3, 9): 1, (3, 10): 3, (3, 11): 1, (3, 12): 1, (3, 14): 1, (3, 16): 1, (3, 21): 15, (4, 5): 1, (4, 6): 1, (4, 7): 6, (4, 11): 1, (4, 12): 1, (4, 13): 1, (4, 15): 1, (4, 16): 1, (4, 17): 1, (4, 19): 1, (4, 20): 1, (4, 21): 1, (4, 22): 1, (5, 6): 1, (5, 9): 1, (5, 11): 1, (5, 14): 1, (5, 16): 1, (5, 19): 1, (5, 21): 12, (5, 22): 1, (6, 7): 1, (6, 9): 1, (6, 14): 1, (6, 18): 1, (6, 20): 1, (6, 21): 1, (7, 10): 1, (7, 13): 42, (7, 14): 96, (7, 15): 1, (7, 16): 1, (7, 17): 1, (7, 19): 1, (7, 21): 1, (7, 22): 1, (7, 23): 1, (7, 24): 1, (8, 11): 1, (8, 12): 1, (8, 17): 1, (9, 10): 1, (9, 11): 1, (9, 12): 1, (9, 14): 1, (9, 15): 1, (9, 16): 1, (9, 18): 1, (9, 20): 41, (9, 22): 1, (9, 24): 1, (10, 12): 1, (10, 14): 1, (10, 15): 1, (10, 17): 1, (10, 18): 66, (10, 19): 43, (10, 20): 1, (10, 21): 1, (10, 22): 4, (10, 24): 14, (11, 12): 80, (11, 13): 38, (11, 15): 1, (11, 17): 1, (11, 18): 1, (11, 20): 1, (11, 21): 1, (11, 23): 1, (11, 24): 1, (12, 13): 30, (12, 14): 1, (12, 17): 1, (12, 18): 1, (12, 19): 1, (12, 21): 1, (12, 23): 1, (12, 24): 1, (13, 22): 1, (13, 23): 1, (13, 24): 1, (14, 16): 1, (14, 17): 1, (14, 19): 1, (14, 24): 1, (15, 16): 1, (15, 23): 1, (15, 24): 1, (16, 17): 54, (16, 21): 1, (16, 22): 28, (17, 18): 1, (17, 19): 18, (17, 20): 1, (17, 21): 1, (17, 24): 1, (18, 21): 1, (18, 22): 1, (18, 23): 1, (19, 24): 1, (20, 21): 12, (20, 22): 1, (20, 24): 1, (21, 22): 1, (21, 23): 1, (22, 23): 1, (23, 24): 1}",6239.999999934298
41.0,Graph with 25 nodes and 151 edges,"[[0, 0, 0, 0, 1, 0, 0, 1, 0, 0, 1, 1, 1, 1, 1, 0, 1, 1, 0, 1, 0, 0, 1, 0, 1], [0, 0, 1, 0, 0, 1, 0, 0, 1, 1, 0, 0, 1, 1, 0, 1, 1, 0, 1, 0, 0, 1, 1, 0, 1], [0, 1, 0, 0, 1, 1, 0, 0, 0, 1, 1, 1, 0, 0, 1, 0, 0, 0, 1, 0, 0, 1, 1, 1, 1], [0, 0, 0, 0, 0, 0, 1, 1, 0, 1, 1, 1, 1, 0, 1, 0, 1, 0, 0, 0, 0, 1, 0, 0, 0], [1, 0, 1, 0, 0, 1, 1, 1, 0, 0, 0, 1, 1, 1, 0, 1, 1, 1, 0, 1, 1, 1, 1, 0, 0], [0, 1, 1, 0, 1, 0, 1, 0, 0, 1, 0, 1, 0, 0, 1, 0, 1, 0, 0, 1, 0, 1, 1, 0, 0], [0, 0, 0, 1, 1, 1, 0, 1, 0, 1, 0, 0, 0, 0, 1, 0, 0, 0, 1, 0, 1, 1, 0, 0, 0], [1, 0, 0, 1, 1, 0, 1, 0, 0, 0, 1, 0, 0, 1, 1, 1, 1, 1, 0, 1, 0, 1, 1, 1, 1], [0, 1, 0, 0, 0, 0, 0, 0, 0, 0, 0, 1, 1, 0, 0, 0, 0, 1, 0, 0, 0, 0, 0, 0, 0], [0, 1, 1, 1, 0, 1, 1, 0, 0, 0, 1, 1, 1, 0, 1, 1, 1, 0, 1, 0, 1, 0, 1, 0, 1], [1, 0, 1, 1, 0, 0, 0, 1, 0, 1, 0, 0, 1, 0, 1, 1, 0, 1, 1, 1, 1, 1, 1, 0, 1], [1, 0, 1, 1, 1, 1, 0, 0, 1, 1, 0, 0, 1, 1, 0, 1, 0, 1, 1, 0, 1, 1, 0, 1, 1], [1, 1, 0, 1, 1, 0, 0, 0, 1, 1, 1, 1, 0, 1, 1, 0, 0, 1, 1, 1, 0, 1, 0, 1, 1], [1, 1, 0, 0, 1, 0, 0, 1, 0, 0, 0, 1, 1, 0, 0, 0, 0, 0, 0, 0, 0, 0, 1, 1, 1], [1, 0, 1, 1, 0, 1, 1, 1, 0, 1, 1, 0, 1, 0, 0, 0, 1, 1, 0, 1, 0, 0, 0, 0, 1], [0, 1, 0, 0, 1, 0, 0, 1, 0, 1, 1, 1, 0, 0, 0, 0, 1, 0, 0, 0, 0, 0, 0, 1, 1], [1, 1, 0, 1, 1, 1, 0, 1, 0, 1, 0, 0, 0, 0, 1, 1, 0, 1, 0, 0, 0, 1, 1, 0, 0], [1, 0, 0, 0, 1, 0, 0, 1, 1, 0, 1, 1, 1, 0, 1, 0, 1, 0, 1, 1, 1, 1, 0, 0, 1], [0, 1, 1, 0, 0, 0, 1, 0, 0, 1, 1, 1, 1, 0, 0, 0, 0, 1, 0, 0, 0, 1, 1, 1, 0], [1, 0, 0, 0, 1, 1, 0, 1, 0, 0, 1, 0, 1, 0, 1, 0, 0, 1, 0, 0, 0, 0, 0, 0, 1], [0, 0, 0, 0, 1, 0, 1, 0, 0, 1, 1, 1, 0, 0, 0, 0, 0, 1, 0, 0, 0, 1, 1, 0, 1], [0, 1, 1, 1, 1, 1, 1, 1, 0, 0, 1, 1, 1, 0, 0, 0, 1, 1, 1, 0, 1, 0, 1, 1, 0], [1, 1, 1, 0, 1, 1, 0, 1, 0, 1, 1, 0, 0, 1, 0, 0, 1, 0, 1, 0, 1, 1, 0, 1, 0], [0, 0, 1, 0, 0, 0, 0, 1, 0, 0, 0, 1, 1, 1, 0, 1, 0, 0, 1, 0, 0, 1, 1, 0, 1], [1, 1, 1, 0, 0, 0, 0, 1, 0, 1, 1, 1, 1, 1, 1, 1, 0, 1, 0, 1, 1, 0, 0, 1, 0]]",4.0,9.0,Y,"{0: 13, 1: 220, 2: 211, 3: 202, 4: 22, 5: 193, 6: 184, 7: 175, 8: 4, 9: 166, 10: 157, 11: 148, 12: 139, 13: 130, 14: 121, 15: 112, 16: 103, 17: 94, 18: 85, 19: 76, 20: 67, 21: 58, 22: 49, 23: 40, 24: 31}","{(0, 4): 1, (0, 7): 1, (0, 10): 1, (0, 11): 1, (0, 12): 2, (0, 13): 1, (0, 14): 1, (0, 16): 1, (0, 17): 1, (0, 19): 1, (0, 22): 1, (0, 24): 1, (1, 2): 1, (1, 5): 21, (1, 8): 1, (1, 9): 98, (1, 12): 1, (1, 13): 1, (1, 15): 92, (1, 16): 1, (1, 18): 1, (1, 21): 1, (1, 22): 1, (1, 24): 1, (2, 4): 1, (2, 5): 96, (2, 9): 1, (2, 10): 1, (2, 11): 1, (2, 14): 1, (2, 18): 75, (2, 21): 1, (2, 22): 1, (2, 23): 31, (2, 24): 1, (3, 6): 176, (3, 7): 1, (3, 9): 1, (3, 10): 1, (3, 11): 1, (3, 12): 1, (3, 14): 1, (3, 16): 19, (3, 21): 1, (4, 5): 1, (4, 6): 1, (4, 7): 8, (4, 11): 1, (4, 12): 1, (4, 13): 1, (4, 15): 1, (4, 16): 1, (4, 17): 1, (4, 19): 1, (4, 20): 1, (4, 21): 1, (4, 22): 1, (5, 6): 1, (5, 9): 1, (5, 11): 1, (5, 14): 1, (5, 16): 1, (5, 19): 68, (5, 21): 1, (5, 22): 1, (6, 7): 1, (6, 9): 1, (6, 14): 1, (6, 18): 1, (6, 20): 1, (6, 21): 1, (7, 10): 108, (7, 13): 1, (7, 14): 47, (7, 15): 1, (7, 16): 1, (7, 17): 1, (7, 19): 1, (7, 21): 1, (7, 22): 1, (7, 23): 1, (7, 24): 1, (8, 11): 1, (8, 12): 1, (8, 17): 1, (9, 10): 36, (9, 11): 1, (9, 12): 1, (9, 14): 1, (9, 15): 13, (9, 16): 1, (9, 18): 1, (9, 20): 8, (9, 22): 1, (9, 24): 1, (10, 12): 1, (10, 14): 1, (10, 15): 1, (10, 17): 1, (10, 18): 1, (10, 19): 1, (10, 20): 1, (10, 21): 1, (10, 22): 1, (10, 24): 1, (11, 12): 12, (11, 13): 122, (11, 15): 1, (11, 17): 1, (11, 18): 1, (11, 20): 1, (11, 21): 1, (11, 23): 1, (11, 24): 1, (12, 13): 1, (12, 14): 63, (12, 17): 8, (12, 18): 1, (12, 19): 1, (12, 21): 43, (12, 23): 1, (12, 24): 1, (13, 22): 1, (13, 23): 1, (13, 24): 1, (14, 16): 1, (14, 17): 1, (14, 19): 1, (14, 24): 1, (15, 16): 1, (15, 23): 1, (15, 24): 1, (16, 17): 74, (16, 21): 1, (16, 22): 1, (17, 18): 1, (17, 19): 1, (17, 20): 1, (17, 21): 1, (17, 24): 1, (18, 21): 1, (18, 22): 1, (18, 23): 1, (19, 24): 1, (20, 21): 1, (20, 22): 36, (20, 24): 17, (21, 22): 1, (21, 23): 1, (22, 23): 1, (23, 24): 1}",6167.000000004919
144.0,Graph with 25 nodes and 136 edges,"[[0, 0, 0, 0, 0, 0, 0, 1, 1, 0, 0, 1, 1, 0, 0, 0, 0, 1, 1, 1, 0, 1, 0, 0, 0], [0, 0, 0, 0, 0, 0, 0, 1, 0, 1, 0, 0, 0, 0, 1, 1, 0, 1, 1, 1, 1, 1, 1, 1, 0], [0, 0, 0, 1, 1, 0, 1, 0, 0, 1, 0, 1, 0, 0, 1, 0, 1, 1, 0, 0, 0, 0, 0, 1, 0], [0, 0, 1, 0, 1, 0, 0, 1, 1, 1, 0, 0, 1, 0, 0, 1, 1, 1, 0, 0, 0, 0, 1, 1, 1], [0, 0, 1, 1, 0, 0, 0, 0, 1, 1, 1, 1, 0, 1, 1, 0, 1, 1, 1, 0, 0, 1, 0, 1, 0], [0, 0, 0, 0, 0, 0, 0, 0, 1, 0, 1, 1, 0, 0, 0, 1, 1, 1, 1, 1, 1, 1, 1, 0, 1], [0, 0, 1, 0, 0, 0, 0, 0, 1, 1, 1, 0, 0, 0, 1, 0, 1, 0, 0, 0, 0, 1, 1, 0, 0], [1, 1, 0, 1, 0, 0, 0, 0, 1, 1, 1, 0, 0, 1, 0, 1, 1, 1, 1, 0, 1, 0, 1, 0, 0], [1, 0, 0, 1, 1, 1, 1, 1, 0, 0, 0, 0, 0, 0, 0, 1, 0, 1, 0, 0, 0, 1, 0, 0, 1], [0, 1, 1, 1, 1, 0, 1, 1, 0, 0, 1, 0, 0, 0, 1, 1, 1, 1, 1, 1, 0, 0, 0, 0, 0], [0, 0, 0, 0, 1, 1, 1, 1, 0, 1, 0, 0, 1, 0, 1, 0, 1, 1, 0, 1, 1, 1, 0, 0, 0], [1, 0, 1, 0, 1, 1, 0, 0, 0, 0, 0, 0, 0, 1, 1, 0, 0, 1, 0, 1, 0, 0, 0, 0, 1], [1, 0, 0, 1, 0, 0, 0, 0, 0, 0, 1, 0, 0, 0, 0, 0, 0, 0, 0, 1, 0, 0, 0, 0, 0], [0, 0, 0, 0, 1, 0, 0, 1, 0, 0, 0, 1, 0, 0, 1, 0, 0, 0, 0, 0, 1, 0, 1, 0, 1], [0, 1, 1, 0, 1, 0, 1, 0, 0, 1, 1, 1, 0, 1, 0, 1, 1, 0, 1, 1, 0, 0, 0, 1, 0], [0, 1, 0, 1, 0, 1, 0, 1, 1, 1, 0, 0, 0, 0, 1, 0, 0, 1, 0, 0, 0, 1, 0, 1, 1], [0, 0, 1, 1, 1, 1, 1, 1, 0, 1, 1, 0, 0, 0, 1, 0, 0, 1, 1, 0, 1, 1, 1, 0, 1], [1, 1, 1, 1, 1, 1, 0, 1, 1, 1, 1, 1, 0, 0, 0, 1, 1, 0, 1, 1, 0, 1, 0, 1, 0], [1, 1, 0, 0, 1, 1, 0, 1, 0, 1, 0, 0, 0, 0, 1, 0, 1, 1, 0, 1, 0, 1, 0, 1, 0], [1, 1, 0, 0, 0, 1, 0, 0, 0, 1, 1, 1, 1, 0, 1, 0, 0, 1, 1, 0, 1, 1, 0, 0, 0], [0, 1, 0, 0, 0, 1, 0, 1, 0, 0, 1, 0, 0, 1, 0, 0, 1, 0, 0, 1, 0, 0, 1, 1, 1], [1, 1, 0, 0, 1, 1, 1, 0, 1, 0, 1, 0, 0, 0, 0, 1, 1, 1, 1, 1, 0, 0, 0, 0, 0], [0, 1, 0, 1, 0, 1, 1, 1, 0, 0, 0, 0, 0, 1, 0, 0, 1, 0, 0, 0, 1, 0, 0, 1, 1], [0, 1, 1, 1, 1, 0, 0, 0, 0, 0, 0, 0, 0, 0, 1, 1, 0, 1, 1, 0, 1, 0, 1, 0, 0], [0, 0, 0, 1, 0, 1, 0, 0, 1, 0, 0, 1, 0, 1, 0, 1, 1, 0, 0, 0, 1, 0, 1, 0, 0]]",4.0,3.0,Y,"{0: 10, 1: 13, 2: 76, 3: 73, 4: 70, 5: 67, 6: 64, 7: 61, 8: 58, 9: 55, 10: 52, 11: 49, 12: 4, 13: 7, 14: 46, 15: 43, 16: 16, 17: 19, 18: 40, 19: 37, 20: 34, 21: 31, 22: 28, 23: 25, 24: 22}","{(0, 7): 3, (0, 8): 1, (0, 11): 1, (0, 12): 1, (0, 17): 1, (0, 18): 1, (0, 19): 1, (0, 21): 1, (1, 7): 1, (1, 9): 3, (1, 14): 1, (1, 15): 1, (1, 17): 1, (1, 18): 1, (1, 19): 1, (1, 20): 1, (1, 21): 1, (1, 22): 1, (1, 23): 1, (2, 3): 6, (2, 4): 1, (2, 6): 57, (2, 9): 1, (2, 11): 1, (2, 14): 1, (2, 16): 1, (2, 17): 1, (2, 23): 7, (3, 4): 1, (3, 7): 22, (3, 8): 1, (3, 9): 18, (3, 12): 1, (3, 15): 1, (3, 16): 1, (3, 17): 1, (3, 22): 19, (3, 23): 1, (3, 24): 1, (4, 8): 17, (4, 9): 1, (4, 10): 41, (4, 11): 1, (4, 13): 1, (4, 14): 1, (4, 16): 1, (4, 17): 1, (4, 18): 1, (4, 21): 2, (4, 23): 1, (5, 8): 33, (5, 10): 1, (5, 11): 1, (5, 15): 24, (5, 16): 1, (5, 17): 1, (5, 18): 1, (5, 19): 1, (5, 20): 1, (5, 21): 1, (5, 22): 1, (5, 24): 1, (6, 8): 1, (6, 9): 1, (6, 10): 1, (6, 14): 1, (6, 16): 1, (6, 21): 1, (6, 22): 1, (7, 8): 1, (7, 9): 1, (7, 10): 1, (7, 13): 1, (7, 15): 1, (7, 16): 2, (7, 17): 1, (7, 18): 1, (7, 20): 25, (7, 22): 1, (8, 15): 1, (8, 17): 1, (8, 21): 1, (8, 24): 1, (9, 10): 1, (9, 14): 24, (9, 15): 1, (9, 16): 1, (9, 17): 1, (9, 18): 1, (9, 19): 1, (10, 12): 1, (10, 14): 1, (10, 16): 1, (10, 17): 1, (10, 19): 1, (10, 20): 1, (10, 21): 1, (11, 13): 1, (11, 14): 11, (11, 17): 1, (11, 19): 18, (11, 24): 14, (12, 19): 1, (13, 14): 1, (13, 20): 1, (13, 22): 1, (13, 24): 1, (14, 15): 1, (14, 16): 1, (14, 18): 1, (14, 19): 1, (14, 23): 1, (15, 17): 1, (15, 21): 1, (15, 23): 10, (15, 24): 1, (16, 17): 1, (16, 18): 1, (16, 20): 1, (16, 21): 1, (16, 22): 1, (16, 24): 1, (17, 18): 3, (17, 19): 1, (17, 21): 1, (17, 23): 1, (18, 19): 9, (18, 21): 19, (18, 23): 1, (19, 20): 1, (19, 21): 1, (20, 22): 1, (20, 23): 1, (20, 24): 1, (22, 23): 1, (22, 24): 1}",5751.000000145723
144.0,Graph with 25 nodes and 136 edges,"[[0, 0, 0, 0, 0, 0, 0, 1, 1, 0, 0, 1, 1, 0, 0, 0, 0, 1, 1, 1, 0, 1, 0, 0, 0], [0, 0, 0, 0, 0, 0, 0, 1, 0, 1, 0, 0, 0, 0, 1, 1, 0, 1, 1, 1, 1, 1, 1, 1, 0], [0, 0, 0, 1, 1, 0, 1, 0, 0, 1, 0, 1, 0, 0, 1, 0, 1, 1, 0, 0, 0, 0, 0, 1, 0], [0, 0, 1, 0, 1, 0, 0, 1, 1, 1, 0, 0, 1, 0, 0, 1, 1, 1, 0, 0, 0, 0, 1, 1, 1], [0, 0, 1, 1, 0, 0, 0, 0, 1, 1, 1, 1, 0, 1, 1, 0, 1, 1, 1, 0, 0, 1, 0, 1, 0], [0, 0, 0, 0, 0, 0, 0, 0, 1, 0, 1, 1, 0, 0, 0, 1, 1, 1, 1, 1, 1, 1, 1, 0, 1], [0, 0, 1, 0, 0, 0, 0, 0, 1, 1, 1, 0, 0, 0, 1, 0, 1, 0, 0, 0, 0, 1, 1, 0, 0], [1, 1, 0, 1, 0, 0, 0, 0, 1, 1, 1, 0, 0, 1, 0, 1, 1, 1, 1, 0, 1, 0, 1, 0, 0], [1, 0, 0, 1, 1, 1, 1, 1, 0, 0, 0, 0, 0, 0, 0, 1, 0, 1, 0, 0, 0, 1, 0, 0, 1], [0, 1, 1, 1, 1, 0, 1, 1, 0, 0, 1, 0, 0, 0, 1, 1, 1, 1, 1, 1, 0, 0, 0, 0, 0], [0, 0, 0, 0, 1, 1, 1, 1, 0, 1, 0, 0, 1, 0, 1, 0, 1, 1, 0, 1, 1, 1, 0, 0, 0], [1, 0, 1, 0, 1, 1, 0, 0, 0, 0, 0, 0, 0, 1, 1, 0, 0, 1, 0, 1, 0, 0, 0, 0, 1], [1, 0, 0, 1, 0, 0, 0, 0, 0, 0, 1, 0, 0, 0, 0, 0, 0, 0, 0, 1, 0, 0, 0, 0, 0], [0, 0, 0, 0, 1, 0, 0, 1, 0, 0, 0, 1, 0, 0, 1, 0, 0, 0, 0, 0, 1, 0, 1, 0, 1], [0, 1, 1, 0, 1, 0, 1, 0, 0, 1, 1, 1, 0, 1, 0, 1, 1, 0, 1, 1, 0, 0, 0, 1, 0], [0, 1, 0, 1, 0, 1, 0, 1, 1, 1, 0, 0, 0, 0, 1, 0, 0, 1, 0, 0, 0, 1, 0, 1, 1], [0, 0, 1, 1, 1, 1, 1, 1, 0, 1, 1, 0, 0, 0, 1, 0, 0, 1, 1, 0, 1, 1, 1, 0, 1], [1, 1, 1, 1, 1, 1, 0, 1, 1, 1, 1, 1, 0, 0, 0, 1, 1, 0, 1, 1, 0, 1, 0, 1, 0], [1, 1, 0, 0, 1, 1, 0, 1, 0, 1, 0, 0, 0, 0, 1, 0, 1, 1, 0, 1, 0, 1, 0, 1, 0], [1, 1, 0, 0, 0, 1, 0, 0, 0, 1, 1, 1, 1, 0, 1, 0, 0, 1, 1, 0, 1, 1, 0, 0, 0], [0, 1, 0, 0, 0, 1, 0, 1, 0, 0, 1, 0, 0, 1, 0, 0, 1, 0, 0, 1, 0, 0, 1, 1, 1], [1, 1, 0, 0, 1, 1, 1, 0, 1, 0, 1, 0, 0, 0, 0, 1, 1, 1, 1, 1, 0, 0, 0, 0, 0], [0, 1, 0, 1, 0, 1, 1, 1, 0, 0, 0, 0, 0, 1, 0, 0, 1, 0, 0, 0, 1, 0, 0, 1, 1], [0, 1, 1, 1, 1, 0, 0, 0, 0, 0, 0, 0, 0, 0, 1, 1, 0, 1, 1, 0, 1, 0, 1, 0, 0], [0, 0, 0, 1, 0, 1, 0, 0, 1, 0, 0, 1, 0, 1, 0, 1, 1, 0, 0, 0, 1, 0, 1, 0, 0]]",4.0,4.0,Y,"{0: 8, 1: 12, 2: 100, 3: 96, 4: 16, 5: 92, 6: 88, 7: 84, 8: 80, 9: 76, 10: 72, 11: 68, 12: 4, 13: 64, 14: 60, 15: 56, 16: 52, 17: 20, 18: 48, 19: 44, 20: 40, 21: 36, 22: 32, 23: 28, 24: 24}","{(0, 7): 1, (0, 8): 1, (0, 11): 1, (0, 12): 1, (0, 17): 1, (0, 18): 1, (0, 19): 1, (0, 21): 1, (1, 7): 1, (1, 9): 2, (1, 14): 1, (1, 15): 1, (1, 17): 1, (1, 18): 1, (1, 19): 1, (1, 20): 1, (1, 21): 1, (1, 22): 1, (1, 23): 1, (2, 3): 1, (2, 4): 1, (2, 6): 73, (2, 9): 1, (2, 11): 1, (2, 14): 1, (2, 16): 20, (2, 17): 1, (2, 23): 1, (3, 4): 4, (3, 7): 1, (3, 8): 1, (3, 9): 1, (3, 12): 1, (3, 15): 27, (3, 16): 1, (3, 17): 1, (3, 22): 23, (3, 23): 19, (3, 24): 16, (4, 8): 1, (4, 9): 1, (4, 10): 1, (4, 11): 1, (4, 13): 1, (4, 14): 1, (4, 16): 1, (4, 17): 1, (4, 18): 1, (4, 21): 1, (4, 23): 1, (5, 8): 71, (5, 10): 1, (5, 11): 3, (5, 15): 1, (5, 16): 1, (5, 17): 4, (5, 18): 1, (5, 19): 1, (5, 20): 6, (5, 21): 1, (5, 22): 1, (5, 24): 1, (6, 8): 1, (6, 9): 1, (6, 10): 9, (6, 14): 1, (6, 16): 1, (6, 21): 1, (6, 22): 1, (7, 8): 1, (7, 9): 1, (7, 10): 28, (7, 13): 1, (7, 15): 20, (7, 16): 1, (7, 17): 1, (7, 18): 1, (7, 20): 26, (7, 22): 1, (8, 15): 1, (8, 17): 1, (8, 21): 1, (8, 24): 1, (9, 10): 26, (9, 14): 38, (9, 15): 1, (9, 16): 1, (9, 17): 1, (9, 18): 1, (9, 19): 1, (10, 12): 1, (10, 14): 1, (10, 16): 1, (10, 17): 1, (10, 19): 1, (10, 20): 1, (10, 21): 1, (11, 13): 58, (11, 14): 1, (11, 17): 1, (11, 19): 1, (11, 24): 1, (12, 19): 1, (13, 14): 1, (13, 20): 1, (13, 22): 1, (13, 24): 1, (14, 15): 1, (14, 16): 1, (14, 18): 11, (14, 19): 1, (14, 23): 1, (15, 17): 1, (15, 21): 1, (15, 23): 1, (15, 24): 1, (16, 17): 1, (16, 18): 19, (16, 20): 1, (16, 21): 1, (16, 22): 1, (16, 24): 1, (17, 18): 1, (17, 19): 1, (17, 21): 1, (17, 23): 1, (18, 19): 9, (18, 21): 1, (18, 23): 1, (19, 20): 1, (19, 21): 25, (20, 22): 1, (20, 23): 1, (20, 24): 1, (22, 23): 1, (22, 24): 1}",6527.999999889289
144.0,Graph with 25 nodes and 136 edges,"[[0, 0, 0, 0, 0, 0, 0, 1, 1, 0, 0, 1, 1, 0, 0, 0, 0, 1, 1, 1, 0, 1, 0, 0, 0], [0, 0, 0, 0, 0, 0, 0, 1, 0, 1, 0, 0, 0, 0, 1, 1, 0, 1, 1, 1, 1, 1, 1, 1, 0], [0, 0, 0, 1, 1, 0, 1, 0, 0, 1, 0, 1, 0, 0, 1, 0, 1, 1, 0, 0, 0, 0, 0, 1, 0], [0, 0, 1, 0, 1, 0, 0, 1, 1, 1, 0, 0, 1, 0, 0, 1, 1, 1, 0, 0, 0, 0, 1, 1, 1], [0, 0, 1, 1, 0, 0, 0, 0, 1, 1, 1, 1, 0, 1, 1, 0, 1, 1, 1, 0, 0, 1, 0, 1, 0], [0, 0, 0, 0, 0, 0, 0, 0, 1, 0, 1, 1, 0, 0, 0, 1, 1, 1, 1, 1, 1, 1, 1, 0, 1], [0, 0, 1, 0, 0, 0, 0, 0, 1, 1, 1, 0, 0, 0, 1, 0, 1, 0, 0, 0, 0, 1, 1, 0, 0], [1, 1, 0, 1, 0, 0, 0, 0, 1, 1, 1, 0, 0, 1, 0, 1, 1, 1, 1, 0, 1, 0, 1, 0, 0], [1, 0, 0, 1, 1, 1, 1, 1, 0, 0, 0, 0, 0, 0, 0, 1, 0, 1, 0, 0, 0, 1, 0, 0, 1], [0, 1, 1, 1, 1, 0, 1, 1, 0, 0, 1, 0, 0, 0, 1, 1, 1, 1, 1, 1, 0, 0, 0, 0, 0], [0, 0, 0, 0, 1, 1, 1, 1, 0, 1, 0, 0, 1, 0, 1, 0, 1, 1, 0, 1, 1, 1, 0, 0, 0], [1, 0, 1, 0, 1, 1, 0, 0, 0, 0, 0, 0, 0, 1, 1, 0, 0, 1, 0, 1, 0, 0, 0, 0, 1], [1, 0, 0, 1, 0, 0, 0, 0, 0, 0, 1, 0, 0, 0, 0, 0, 0, 0, 0, 1, 0, 0, 0, 0, 0], [0, 0, 0, 0, 1, 0, 0, 1, 0, 0, 0, 1, 0, 0, 1, 0, 0, 0, 0, 0, 1, 0, 1, 0, 1], [0, 1, 1, 0, 1, 0, 1, 0, 0, 1, 1, 1, 0, 1, 0, 1, 1, 0, 1, 1, 0, 0, 0, 1, 0], [0, 1, 0, 1, 0, 1, 0, 1, 1, 1, 0, 0, 0, 0, 1, 0, 0, 1, 0, 0, 0, 1, 0, 1, 1], [0, 0, 1, 1, 1, 1, 1, 1, 0, 1, 1, 0, 0, 0, 1, 0, 0, 1, 1, 0, 1, 1, 1, 0, 1], [1, 1, 1, 1, 1, 1, 0, 1, 1, 1, 1, 1, 0, 0, 0, 1, 1, 0, 1, 1, 0, 1, 0, 1, 0], [1, 1, 0, 0, 1, 1, 0, 1, 0, 1, 0, 0, 0, 0, 1, 0, 1, 1, 0, 1, 0, 1, 0, 1, 0], [1, 1, 0, 0, 0, 1, 0, 0, 0, 1, 1, 1, 1, 0, 1, 0, 0, 1, 1, 0, 1, 1, 0, 0, 0], [0, 1, 0, 0, 0, 1, 0, 1, 0, 0, 1, 0, 0, 1, 0, 0, 1, 0, 0, 1, 0, 0, 1, 1, 1], [1, 1, 0, 0, 1, 1, 1, 0, 1, 0, 1, 0, 0, 0, 0, 1, 1, 1, 1, 1, 0, 0, 0, 0, 0], [0, 1, 0, 1, 0, 1, 1, 1, 0, 0, 0, 0, 0, 1, 0, 0, 1, 0, 0, 0, 1, 0, 0, 1, 1], [0, 1, 1, 1, 1, 0, 0, 0, 0, 0, 0, 0, 0, 0, 1, 1, 0, 1, 1, 0, 1, 0, 1, 0, 0], [0, 0, 0, 1, 0, 1, 0, 0, 1, 0, 0, 1, 0, 1, 0, 1, 1, 0, 0, 0, 1, 0, 1, 0, 0]]",4.0,5.0,Y,"{0: 9, 1: 14, 2: 124, 3: 119, 4: 114, 5: 109, 6: 104, 7: 99, 8: 94, 9: 89, 10: 84, 11: 79, 12: 4, 13: 74, 14: 69, 15: 64, 16: 19, 17: 59, 18: 54, 19: 49, 20: 44, 21: 39, 22: 34, 23: 29, 24: 24}","{(0, 7): 1, (0, 8): 1, (0, 11): 1, (0, 12): 1, (0, 17): 2, (0, 18): 1, (0, 19): 1, (0, 21): 1, (1, 7): 1, (1, 9): 1, (1, 14): 1, (1, 15): 1, (1, 17): 4, (1, 18): 1, (1, 19): 1, (1, 20): 1, (1, 21): 1, (1, 22): 1, (1, 23): 1, (2, 3): 20, (2, 4): 1, (2, 6): 97, (2, 9): 1, (2, 11): 1, (2, 14): 1, (2, 16): 1, (2, 17): 1, (2, 23): 1, (3, 4): 1, (3, 7): 1, (3, 8): 4, (3, 9): 43, (3, 12): 1, (3, 15): 1, (3, 16): 1, (3, 17): 1, (3, 22): 25, (3, 23): 20, (3, 24): 1, (4, 8): 1, (4, 9): 1, (4, 10): 73, (4, 11): 1, (4, 13): 30, (4, 14): 1, (4, 16): 1, (4, 17): 1, (4, 18): 1, (4, 21): 1, (4, 23): 1, (5, 8): 82, (5, 10): 1, (5, 11): 1, (5, 15): 2, (5, 16): 1, (5, 17): 1, (5, 18): 16, (5, 19): 1, (5, 20): 1, (5, 21): 1, (5, 22): 1, (5, 24): 1, (6, 8): 1, (6, 9): 1, (6, 10): 1, (6, 14): 1, (6, 16): 1, (6, 21): 1, (6, 22): 1, (7, 8): 1, (7, 9): 1, (7, 10): 1, (7, 13): 1, (7, 15): 53, (7, 16): 1, (7, 17): 1, (7, 18): 1, (7, 20): 35, (7, 22): 1, (8, 15): 1, (8, 17): 1, (8, 21): 1, (8, 24): 1, (9, 10): 1, (9, 14): 1, (9, 15): 1, (9, 16): 1, (9, 17): 35, (9, 18): 1, (9, 19): 1, (10, 12): 1, (10, 14): 1, (10, 16): 1, (10, 17): 1, (10, 19): 1, (10, 20): 1, (10, 21): 1, (11, 13): 1, (11, 14): 19, (11, 17): 1, (11, 19): 38, (11, 24): 16, (12, 19): 1, (13, 14): 39, (13, 20): 1, (13, 22): 1, (13, 24): 1, (14, 15): 1, (14, 16): 1, (14, 18): 1, (14, 19): 1, (14, 23): 1, (15, 17): 1, (15, 21): 1, (15, 23): 1, (15, 24): 1, (16, 17): 5, (16, 18): 1, (16, 20): 1, (16, 21): 1, (16, 22): 1, (16, 24): 1, (17, 18): 1, (17, 19): 1, (17, 21): 1, (17, 23): 1, (18, 19): 1, (18, 21): 28, (18, 23): 1, (19, 20): 1, (19, 21): 1, (20, 22): 1, (20, 23): 1, (20, 24): 1, (22, 23): 1, (22, 24): 1}",6188.999999949374
144.0,Graph with 25 nodes and 136 edges,"[[0, 0, 0, 0, 0, 0, 0, 1, 1, 0, 0, 1, 1, 0, 0, 0, 0, 1, 1, 1, 0, 1, 0, 0, 0], [0, 0, 0, 0, 0, 0, 0, 1, 0, 1, 0, 0, 0, 0, 1, 1, 0, 1, 1, 1, 1, 1, 1, 1, 0], [0, 0, 0, 1, 1, 0, 1, 0, 0, 1, 0, 1, 0, 0, 1, 0, 1, 1, 0, 0, 0, 0, 0, 1, 0], [0, 0, 1, 0, 1, 0, 0, 1, 1, 1, 0, 0, 1, 0, 0, 1, 1, 1, 0, 0, 0, 0, 1, 1, 1], [0, 0, 1, 1, 0, 0, 0, 0, 1, 1, 1, 1, 0, 1, 1, 0, 1, 1, 1, 0, 0, 1, 0, 1, 0], [0, 0, 0, 0, 0, 0, 0, 0, 1, 0, 1, 1, 0, 0, 0, 1, 1, 1, 1, 1, 1, 1, 1, 0, 1], [0, 0, 1, 0, 0, 0, 0, 0, 1, 1, 1, 0, 0, 0, 1, 0, 1, 0, 0, 0, 0, 1, 1, 0, 0], [1, 1, 0, 1, 0, 0, 0, 0, 1, 1, 1, 0, 0, 1, 0, 1, 1, 1, 1, 0, 1, 0, 1, 0, 0], [1, 0, 0, 1, 1, 1, 1, 1, 0, 0, 0, 0, 0, 0, 0, 1, 0, 1, 0, 0, 0, 1, 0, 0, 1], [0, 1, 1, 1, 1, 0, 1, 1, 0, 0, 1, 0, 0, 0, 1, 1, 1, 1, 1, 1, 0, 0, 0, 0, 0], [0, 0, 0, 0, 1, 1, 1, 1, 0, 1, 0, 0, 1, 0, 1, 0, 1, 1, 0, 1, 1, 1, 0, 0, 0], [1, 0, 1, 0, 1, 1, 0, 0, 0, 0, 0, 0, 0, 1, 1, 0, 0, 1, 0, 1, 0, 0, 0, 0, 1], [1, 0, 0, 1, 0, 0, 0, 0, 0, 0, 1, 0, 0, 0, 0, 0, 0, 0, 0, 1, 0, 0, 0, 0, 0], [0, 0, 0, 0, 1, 0, 0, 1, 0, 0, 0, 1, 0, 0, 1, 0, 0, 0, 0, 0, 1, 0, 1, 0, 1], [0, 1, 1, 0, 1, 0, 1, 0, 0, 1, 1, 1, 0, 1, 0, 1, 1, 0, 1, 1, 0, 0, 0, 1, 0], [0, 1, 0, 1, 0, 1, 0, 1, 1, 1, 0, 0, 0, 0, 1, 0, 0, 1, 0, 0, 0, 1, 0, 1, 1], [0, 0, 1, 1, 1, 1, 1, 1, 0, 1, 1, 0, 0, 0, 1, 0, 0, 1, 1, 0, 1, 1, 1, 0, 1], [1, 1, 1, 1, 1, 1, 0, 1, 1, 1, 1, 1, 0, 0, 0, 1, 1, 0, 1, 1, 0, 1, 0, 1, 0], [1, 1, 0, 0, 1, 1, 0, 1, 0, 1, 0, 0, 0, 0, 1, 0, 1, 1, 0, 1, 0, 1, 0, 1, 0], [1, 1, 0, 0, 0, 1, 0, 0, 0, 1, 1, 1, 1, 0, 1, 0, 0, 1, 1, 0, 1, 1, 0, 0, 0], [0, 1, 0, 0, 0, 1, 0, 1, 0, 0, 1, 0, 0, 1, 0, 0, 1, 0, 0, 1, 0, 0, 1, 1, 1], [1, 1, 0, 0, 1, 1, 1, 0, 1, 0, 1, 0, 0, 0, 0, 1, 1, 1, 1, 1, 0, 0, 0, 0, 0], [0, 1, 0, 1, 0, 1, 1, 1, 0, 0, 0, 0, 0, 1, 0, 0, 1, 0, 0, 0, 1, 0, 0, 1, 1], [0, 1, 1, 1, 1, 0, 0, 0, 0, 0, 0, 0, 0, 0, 1, 1, 0, 1, 1, 0, 1, 0, 1, 0, 0], [0, 0, 0, 1, 0, 1, 0, 0, 1, 0, 0, 1, 0, 1, 0, 1, 1, 0, 0, 0, 1, 0, 1, 0, 0]]",4.0,6.0,Y,"{0: 10, 1: 16, 2: 148, 3: 142, 4: 136, 5: 130, 6: 124, 7: 118, 8: 112, 9: 106, 10: 100, 11: 94, 12: 4, 13: 88, 14: 82, 15: 76, 16: 70, 17: 22, 18: 64, 19: 58, 20: 52, 21: 46, 22: 40, 23: 34, 24: 28}","{(0, 7): 1, (0, 8): 1, (0, 11): 1, (0, 12): 1, (0, 17): 1, (0, 18): 1, (0, 19): 1, (0, 21): 3, (1, 7): 1, (1, 9): 6, (1, 14): 1, (1, 15): 1, (1, 17): 1, (1, 18): 1, (1, 19): 1, (1, 20): 1, (1, 21): 1, (1, 22): 1, (1, 23): 1, (2, 3): 1, (2, 4): 1, (2, 6): 75, (2, 9): 1, (2, 11): 1, (2, 14): 49, (2, 16): 18, (2, 17): 1, (2, 23): 1, (3, 4): 1, (3, 7): 42, (3, 8): 1, (3, 9): 1, (3, 12): 1, (3, 15): 66, (3, 16): 1, (3, 17): 1, (3, 22): 1, (3, 23): 25, (3, 24): 1, (4, 8): 1, (4, 9): 1, (4, 10): 43, (4, 11): 1, (4, 13): 82, (4, 14): 1, (4, 16): 1, (4, 17): 1, (4, 18): 1, (4, 21): 1, (4, 23): 1, (5, 8): 39, (5, 10): 1, (5, 11): 21, (5, 15): 1, (5, 16): 1, (5, 17): 6, (5, 18): 1, (5, 19): 1, (5, 20): 43, (5, 21): 1, (5, 22): 14, (5, 24): 1, (6, 8): 1, (6, 9): 1, (6, 10): 11, (6, 14): 1, (6, 16): 1, (6, 21): 33, (6, 22): 1, (7, 8): 65, (7, 9): 1, (7, 10): 1, (7, 13): 1, (7, 15): 1, (7, 16): 1, (7, 17): 1, (7, 18): 1, (7, 20): 1, (7, 22): 1, (8, 15): 1, (8, 17): 1, (8, 21): 1, (8, 24): 1, (9, 10): 37, (9, 14): 1, (9, 15): 1, (9, 16): 1, (9, 17): 1, (9, 18): 53, (9, 19): 1, (10, 12): 1, (10, 14): 1, (10, 16): 1, (10, 17): 1, (10, 19): 1, (10, 20): 1, (10, 21): 1, (11, 13): 1, (11, 14): 1, (11, 17): 1, (11, 19): 47, (11, 24): 20, (12, 19): 1, (13, 14): 1, (13, 20): 1, (13, 22): 1, (13, 24): 1, (14, 15): 1, (14, 16): 22, (14, 18): 1, (14, 19): 1, (14, 23): 1, (15, 17): 1, (15, 21): 1, (15, 23): 1, (15, 24): 1, (16, 17): 1, (16, 18): 1, (16, 20): 1, (16, 21): 1, (16, 22): 18, (16, 24): 1, (17, 18): 1, (17, 19): 1, (17, 21): 1, (17, 23): 1, (18, 19): 1, (18, 21): 1, (18, 23): 1, (19, 20): 1, (19, 21): 1, (20, 22): 1, (20, 23): 1, (20, 24): 1, (22, 23): 1, (22, 24): 1}",6186.000000070635
144.0,Graph with 25 nodes and 136 edges,"[[0, 0, 0, 0, 0, 0, 0, 1, 1, 0, 0, 1, 1, 0, 0, 0, 0, 1, 1, 1, 0, 1, 0, 0, 0], [0, 0, 0, 0, 0, 0, 0, 1, 0, 1, 0, 0, 0, 0, 1, 1, 0, 1, 1, 1, 1, 1, 1, 1, 0], [0, 0, 0, 1, 1, 0, 1, 0, 0, 1, 0, 1, 0, 0, 1, 0, 1, 1, 0, 0, 0, 0, 0, 1, 0], [0, 0, 1, 0, 1, 0, 0, 1, 1, 1, 0, 0, 1, 0, 0, 1, 1, 1, 0, 0, 0, 0, 1, 1, 1], [0, 0, 1, 1, 0, 0, 0, 0, 1, 1, 1, 1, 0, 1, 1, 0, 1, 1, 1, 0, 0, 1, 0, 1, 0], [0, 0, 0, 0, 0, 0, 0, 0, 1, 0, 1, 1, 0, 0, 0, 1, 1, 1, 1, 1, 1, 1, 1, 0, 1], [0, 0, 1, 0, 0, 0, 0, 0, 1, 1, 1, 0, 0, 0, 1, 0, 1, 0, 0, 0, 0, 1, 1, 0, 0], [1, 1, 0, 1, 0, 0, 0, 0, 1, 1, 1, 0, 0, 1, 0, 1, 1, 1, 1, 0, 1, 0, 1, 0, 0], [1, 0, 0, 1, 1, 1, 1, 1, 0, 0, 0, 0, 0, 0, 0, 1, 0, 1, 0, 0, 0, 1, 0, 0, 1], [0, 1, 1, 1, 1, 0, 1, 1, 0, 0, 1, 0, 0, 0, 1, 1, 1, 1, 1, 1, 0, 0, 0, 0, 0], [0, 0, 0, 0, 1, 1, 1, 1, 0, 1, 0, 0, 1, 0, 1, 0, 1, 1, 0, 1, 1, 1, 0, 0, 0], [1, 0, 1, 0, 1, 1, 0, 0, 0, 0, 0, 0, 0, 1, 1, 0, 0, 1, 0, 1, 0, 0, 0, 0, 1], [1, 0, 0, 1, 0, 0, 0, 0, 0, 0, 1, 0, 0, 0, 0, 0, 0, 0, 0, 1, 0, 0, 0, 0, 0], [0, 0, 0, 0, 1, 0, 0, 1, 0, 0, 0, 1, 0, 0, 1, 0, 0, 0, 0, 0, 1, 0, 1, 0, 1], [0, 1, 1, 0, 1, 0, 1, 0, 0, 1, 1, 1, 0, 1, 0, 1, 1, 0, 1, 1, 0, 0, 0, 1, 0], [0, 1, 0, 1, 0, 1, 0, 1, 1, 1, 0, 0, 0, 0, 1, 0, 0, 1, 0, 0, 0, 1, 0, 1, 1], [0, 0, 1, 1, 1, 1, 1, 1, 0, 1, 1, 0, 0, 0, 1, 0, 0, 1, 1, 0, 1, 1, 1, 0, 1], [1, 1, 1, 1, 1, 1, 0, 1, 1, 1, 1, 1, 0, 0, 0, 1, 1, 0, 1, 1, 0, 1, 0, 1, 0], [1, 1, 0, 0, 1, 1, 0, 1, 0, 1, 0, 0, 0, 0, 1, 0, 1, 1, 0, 1, 0, 1, 0, 1, 0], [1, 1, 0, 0, 0, 1, 0, 0, 0, 1, 1, 1, 1, 0, 1, 0, 0, 1, 1, 0, 1, 1, 0, 0, 0], [0, 1, 0, 0, 0, 1, 0, 1, 0, 0, 1, 0, 0, 1, 0, 0, 1, 0, 0, 1, 0, 0, 1, 1, 1], [1, 1, 0, 0, 1, 1, 1, 0, 1, 0, 1, 0, 0, 0, 0, 1, 1, 1, 1, 1, 0, 0, 0, 0, 0], [0, 1, 0, 1, 0, 1, 1, 1, 0, 0, 0, 0, 0, 1, 0, 0, 1, 0, 0, 0, 1, 0, 0, 1, 1], [0, 1, 1, 1, 1, 0, 0, 0, 0, 0, 0, 0, 0, 0, 1, 1, 0, 1, 1, 0, 1, 0, 1, 0, 0], [0, 0, 0, 1, 0, 1, 0, 0, 1, 0, 0, 1, 0, 1, 0, 1, 1, 0, 0, 0, 1, 0, 1, 0, 0]]",4.0,7.0,Y,"{0: 11, 1: 172, 2: 165, 3: 18, 4: 158, 5: 151, 6: 144, 7: 137, 8: 130, 9: 123, 10: 116, 11: 109, 12: 4, 13: 102, 14: 95, 15: 88, 16: 81, 17: 74, 18: 67, 19: 60, 20: 53, 21: 46, 22: 39, 23: 32, 24: 25}","{(0, 7): 4, (0, 8): 1, (0, 11): 1, (0, 12): 1, (0, 17): 1, (0, 18): 1, (0, 19): 1, (0, 21): 1, (1, 7): 1, (1, 9): 85, (1, 14): 1, (1, 15): 78, (1, 17): 1, (1, 18): 1, (1, 19): 1, (1, 20): 1, (1, 21): 1, (1, 22): 1, (1, 23): 1, (2, 3): 1, (2, 4): 1, (2, 6): 103, (2, 9): 1, (2, 11): 37, (2, 14): 1, (2, 16): 19, (2, 17): 1, (2, 23): 1, (3, 4): 1, (3, 7): 1, (3, 8): 1, (3, 9): 1, (3, 12): 1, (3, 15): 1, (3, 16): 1, (3, 17): 7, (3, 22): 1, (3, 23): 1, (3, 24): 1, (4, 8): 1, (4, 9): 1, (4, 10): 90, (4, 11): 1, (4, 13): 57, (4, 14): 1, (4, 16): 1, (4, 17): 1, (4, 18): 1, (4, 21): 1, (4, 23): 1, (5, 8): 121, (5, 10): 11, (5, 11): 1, (5, 15): 1, (5, 16): 1, (5, 17): 4, (5, 18): 1, (5, 19): 1, (5, 20): 7, (5, 21): 1, (5, 22): 1, (5, 24): 1, (6, 8): 1, (6, 9): 1, (6, 10): 1, (6, 14): 1, (6, 16): 1, (6, 21): 35, (6, 22): 1, (7, 8): 1, (7, 9): 1, (7, 10): 1, (7, 13): 1, (7, 15): 1, (7, 16): 1, (7, 17): 1, (7, 18): 56, (7, 20): 38, (7, 22): 30, (8, 15): 1, (8, 17): 1, (8, 21): 1, (8, 24): 1, (9, 10): 1, (9, 14): 1, (9, 15): 1, (9, 16): 1, (9, 17): 27, (9, 18): 1, (9, 19): 1, (10, 12): 1, (10, 14): 1, (10, 16): 6, (10, 17): 1, (10, 19): 1, (10, 20): 1, (10, 21): 1, (11, 13): 1, (11, 14): 1, (11, 17): 1, (11, 19): 49, (11, 24): 17, (12, 19): 1, (13, 14): 40, (13, 20): 1, (13, 22): 1, (13, 24): 1, (14, 15): 1, (14, 16): 44, (14, 18): 1, (14, 19): 1, (14, 23): 1, (15, 17): 1, (15, 21): 1, (15, 23): 1, (15, 24): 1, (16, 17): 1, (16, 18): 1, (16, 20): 1, (16, 21): 1, (16, 22): 1, (16, 24): 1, (17, 18): 1, (17, 19): 1, (17, 21): 1, (17, 23): 23, (18, 19): 1, (18, 21): 1, (18, 23): 1, (19, 20): 1, (19, 21): 1, (20, 22): 1, (20, 23): 1, (20, 24): 1, (22, 23): 1, (22, 24): 1}",6086.000000095737
144.0,Graph with 25 nodes and 136 edges,"[[0, 0, 0, 0, 0, 0, 0, 1, 1, 0, 0, 1, 1, 0, 0, 0, 0, 1, 1, 1, 0, 1, 0, 0, 0], [0, 0, 0, 0, 0, 0, 0, 1, 0, 1, 0, 0, 0, 0, 1, 1, 0, 1, 1, 1, 1, 1, 1, 1, 0], [0, 0, 0, 1, 1, 0, 1, 0, 0, 1, 0, 1, 0, 0, 1, 0, 1, 1, 0, 0, 0, 0, 0, 1, 0], [0, 0, 1, 0, 1, 0, 0, 1, 1, 1, 0, 0, 1, 0, 0, 1, 1, 1, 0, 0, 0, 0, 1, 1, 1], [0, 0, 1, 1, 0, 0, 0, 0, 1, 1, 1, 1, 0, 1, 1, 0, 1, 1, 1, 0, 0, 1, 0, 1, 0], [0, 0, 0, 0, 0, 0, 0, 0, 1, 0, 1, 1, 0, 0, 0, 1, 1, 1, 1, 1, 1, 1, 1, 0, 1], [0, 0, 1, 0, 0, 0, 0, 0, 1, 1, 1, 0, 0, 0, 1, 0, 1, 0, 0, 0, 0, 1, 1, 0, 0], [1, 1, 0, 1, 0, 0, 0, 0, 1, 1, 1, 0, 0, 1, 0, 1, 1, 1, 1, 0, 1, 0, 1, 0, 0], [1, 0, 0, 1, 1, 1, 1, 1, 0, 0, 0, 0, 0, 0, 0, 1, 0, 1, 0, 0, 0, 1, 0, 0, 1], [0, 1, 1, 1, 1, 0, 1, 1, 0, 0, 1, 0, 0, 0, 1, 1, 1, 1, 1, 1, 0, 0, 0, 0, 0], [0, 0, 0, 0, 1, 1, 1, 1, 0, 1, 0, 0, 1, 0, 1, 0, 1, 1, 0, 1, 1, 1, 0, 0, 0], [1, 0, 1, 0, 1, 1, 0, 0, 0, 0, 0, 0, 0, 1, 1, 0, 0, 1, 0, 1, 0, 0, 0, 0, 1], [1, 0, 0, 1, 0, 0, 0, 0, 0, 0, 1, 0, 0, 0, 0, 0, 0, 0, 0, 1, 0, 0, 0, 0, 0], [0, 0, 0, 0, 1, 0, 0, 1, 0, 0, 0, 1, 0, 0, 1, 0, 0, 0, 0, 0, 1, 0, 1, 0, 1], [0, 1, 1, 0, 1, 0, 1, 0, 0, 1, 1, 1, 0, 1, 0, 1, 1, 0, 1, 1, 0, 0, 0, 1, 0], [0, 1, 0, 1, 0, 1, 0, 1, 1, 1, 0, 0, 0, 0, 1, 0, 0, 1, 0, 0, 0, 1, 0, 1, 1], [0, 0, 1, 1, 1, 1, 1, 1, 0, 1, 1, 0, 0, 0, 1, 0, 0, 1, 1, 0, 1, 1, 1, 0, 1], [1, 1, 1, 1, 1, 1, 0, 1, 1, 1, 1, 1, 0, 0, 0, 1, 1, 0, 1, 1, 0, 1, 0, 1, 0], [1, 1, 0, 0, 1, 1, 0, 1, 0, 1, 0, 0, 0, 0, 1, 0, 1, 1, 0, 1, 0, 1, 0, 1, 0], [1, 1, 0, 0, 0, 1, 0, 0, 0, 1, 1, 1, 1, 0, 1, 0, 0, 1, 1, 0, 1, 1, 0, 0, 0], [0, 1, 0, 0, 0, 1, 0, 1, 0, 0, 1, 0, 0, 1, 0, 0, 1, 0, 0, 1, 0, 0, 1, 1, 1], [1, 1, 0, 0, 1, 1, 1, 0, 1, 0, 1, 0, 0, 0, 0, 1, 1, 1, 1, 1, 0, 0, 0, 0, 0], [0, 1, 0, 1, 0, 1, 1, 1, 0, 0, 0, 0, 0, 1, 0, 0, 1, 0, 0, 0, 1, 0, 0, 1, 1], [0, 1, 1, 1, 1, 0, 0, 0, 0, 0, 0, 0, 0, 0, 1, 1, 0, 1, 1, 0, 1, 0, 1, 0, 0], [0, 0, 0, 1, 0, 1, 0, 0, 1, 0, 0, 1, 0, 1, 0, 1, 1, 0, 0, 0, 1, 0, 1, 0, 0]]",4.0,8.0,Y,"{0: 12, 1: 196, 2: 188, 3: 180, 4: 20, 5: 172, 6: 164, 7: 156, 8: 148, 9: 140, 10: 132, 11: 124, 12: 4, 13: 116, 14: 108, 15: 100, 16: 92, 17: 84, 18: 76, 19: 68, 20: 60, 21: 52, 22: 44, 23: 36, 24: 28}","{(0, 7): 5, (0, 8): 1, (0, 11): 1, (0, 12): 1, (0, 17): 1, (0, 18): 1, (0, 19): 1, (0, 21): 1, (1, 7): 1, (1, 9): 99, (1, 14): 7, (1, 15): 82, (1, 17): 1, (1, 18): 1, (1, 19): 1, (1, 20): 1, (1, 21): 1, (1, 22): 1, (1, 23): 1, (2, 3): 1, (2, 4): 1, (2, 6): 157, (2, 9): 1, (2, 11): 1, (2, 14): 1, (2, 16): 24, (2, 17): 1, (2, 23): 1, (3, 4): 1, (3, 7): 115, (3, 8): 1, (3, 9): 1, (3, 12): 1, (3, 15): 1, (3, 16): 1, (3, 17): 1, (3, 22): 10, (3, 23): 27, (3, 24): 20, (4, 8): 1, (4, 9): 1, (4, 10): 1, (4, 11): 1, (4, 13): 1, (4, 14): 1, (4, 16): 1, (4, 17): 1, (4, 18): 8, (4, 21): 1, (4, 23): 1, (5, 8): 131, (5, 10): 31, (5, 11): 1, (5, 15): 1, (5, 16): 1, (5, 17): 1, (5, 18): 1, (5, 19): 1, (5, 20): 1, (5, 21): 1, (5, 22): 1, (5, 24): 1, (6, 8): 1, (6, 9): 1, (6, 10): 1, (6, 14): 1, (6, 16): 1, (6, 21): 1, (6, 22): 1, (7, 8): 1, (7, 9): 1, (7, 10): 1, (7, 13): 1, (7, 15): 1, (7, 16): 1, (7, 17): 1, (7, 18): 1, (7, 20): 1, (7, 22): 26, (8, 15): 9, (8, 17): 1, (8, 21): 1, (8, 24): 1, (9, 10): 1, (9, 14): 30, (9, 15): 1, (9, 16): 1, (9, 17): 1, (9, 18): 1, (9, 19): 1, (10, 12): 1, (10, 14): 1, (10, 16): 1, (10, 17): 1, (10, 19): 1, (10, 20): 51, (10, 21): 41, (11, 13): 110, (11, 14): 7, (11, 17): 1, (11, 19): 1, (11, 24): 1, (12, 19): 1, (13, 14): 1, (13, 20): 1, (13, 22): 1, (13, 24): 1, (14, 15): 1, (14, 16): 55, (14, 18): 1, (14, 19): 1, (14, 23): 1, (15, 17): 1, (15, 21): 1, (15, 23): 1, (15, 24): 1, (16, 17): 1, (16, 18): 1, (16, 20): 1, (16, 21): 1, (16, 22): 1, (16, 24): 1, (17, 18): 35, (17, 19): 34, (17, 21): 1, (17, 23): 1, (18, 19): 24, (18, 21): 1, (18, 23): 1, (19, 20): 1, (19, 21): 1, (20, 22): 1, (20, 23): 1, (20, 24): 1, (22, 23): 1, (22, 24): 1}",6184.999999959473
144.0,Graph with 25 nodes and 136 edges,"[[0, 0, 0, 0, 0, 0, 0, 1, 1, 0, 0, 1, 1, 0, 0, 0, 0, 1, 1, 1, 0, 1, 0, 0, 0], [0, 0, 0, 0, 0, 0, 0, 1, 0, 1, 0, 0, 0, 0, 1, 1, 0, 1, 1, 1, 1, 1, 1, 1, 0], [0, 0, 0, 1, 1, 0, 1, 0, 0, 1, 0, 1, 0, 0, 1, 0, 1, 1, 0, 0, 0, 0, 0, 1, 0], [0, 0, 1, 0, 1, 0, 0, 1, 1, 1, 0, 0, 1, 0, 0, 1, 1, 1, 0, 0, 0, 0, 1, 1, 1], [0, 0, 1, 1, 0, 0, 0, 0, 1, 1, 1, 1, 0, 1, 1, 0, 1, 1, 1, 0, 0, 1, 0, 1, 0], [0, 0, 0, 0, 0, 0, 0, 0, 1, 0, 1, 1, 0, 0, 0, 1, 1, 1, 1, 1, 1, 1, 1, 0, 1], [0, 0, 1, 0, 0, 0, 0, 0, 1, 1, 1, 0, 0, 0, 1, 0, 1, 0, 0, 0, 0, 1, 1, 0, 0], [1, 1, 0, 1, 0, 0, 0, 0, 1, 1, 1, 0, 0, 1, 0, 1, 1, 1, 1, 0, 1, 0, 1, 0, 0], [1, 0, 0, 1, 1, 1, 1, 1, 0, 0, 0, 0, 0, 0, 0, 1, 0, 1, 0, 0, 0, 1, 0, 0, 1], [0, 1, 1, 1, 1, 0, 1, 1, 0, 0, 1, 0, 0, 0, 1, 1, 1, 1, 1, 1, 0, 0, 0, 0, 0], [0, 0, 0, 0, 1, 1, 1, 1, 0, 1, 0, 0, 1, 0, 1, 0, 1, 1, 0, 1, 1, 1, 0, 0, 0], [1, 0, 1, 0, 1, 1, 0, 0, 0, 0, 0, 0, 0, 1, 1, 0, 0, 1, 0, 1, 0, 0, 0, 0, 1], [1, 0, 0, 1, 0, 0, 0, 0, 0, 0, 1, 0, 0, 0, 0, 0, 0, 0, 0, 1, 0, 0, 0, 0, 0], [0, 0, 0, 0, 1, 0, 0, 1, 0, 0, 0, 1, 0, 0, 1, 0, 0, 0, 0, 0, 1, 0, 1, 0, 1], [0, 1, 1, 0, 1, 0, 1, 0, 0, 1, 1, 1, 0, 1, 0, 1, 1, 0, 1, 1, 0, 0, 0, 1, 0], [0, 1, 0, 1, 0, 1, 0, 1, 1, 1, 0, 0, 0, 0, 1, 0, 0, 1, 0, 0, 0, 1, 0, 1, 1], [0, 0, 1, 1, 1, 1, 1, 1, 0, 1, 1, 0, 0, 0, 1, 0, 0, 1, 1, 0, 1, 1, 1, 0, 1], [1, 1, 1, 1, 1, 1, 0, 1, 1, 1, 1, 1, 0, 0, 0, 1, 1, 0, 1, 1, 0, 1, 0, 1, 0], [1, 1, 0, 0, 1, 1, 0, 1, 0, 1, 0, 0, 0, 0, 1, 0, 1, 1, 0, 1, 0, 1, 0, 1, 0], [1, 1, 0, 0, 0, 1, 0, 0, 0, 1, 1, 1, 1, 0, 1, 0, 0, 1, 1, 0, 1, 1, 0, 0, 0], [0, 1, 0, 0, 0, 1, 0, 1, 0, 0, 1, 0, 0, 1, 0, 0, 1, 0, 0, 1, 0, 0, 1, 1, 1], [1, 1, 0, 0, 1, 1, 1, 0, 1, 0, 1, 0, 0, 0, 0, 1, 1, 1, 1, 1, 0, 0, 0, 0, 0], [0, 1, 0, 1, 0, 1, 1, 1, 0, 0, 0, 0, 0, 1, 0, 0, 1, 0, 0, 0, 1, 0, 0, 1, 1], [0, 1, 1, 1, 1, 0, 0, 0, 0, 0, 0, 0, 0, 0, 1, 1, 0, 1, 1, 0, 1, 0, 1, 0, 0], [0, 0, 0, 1, 0, 1, 0, 0, 1, 0, 0, 1, 0, 1, 0, 1, 1, 0, 0, 0, 1, 0, 1, 0, 0]]",4.0,9.0,Y,"{0: 13, 1: 220, 2: 211, 3: 202, 4: 193, 5: 184, 6: 175, 7: 166, 8: 157, 9: 148, 10: 139, 11: 130, 12: 4, 13: 121, 14: 112, 15: 103, 16: 22, 17: 94, 18: 85, 19: 76, 20: 67, 21: 58, 22: 49, 23: 40, 24: 31}","{(0, 7): 1, (0, 8): 1, (0, 11): 6, (0, 12): 1, (0, 17): 1, (0, 18): 1, (0, 19): 1, (0, 21): 1, (1, 7): 94, (1, 9): 74, (1, 14): 1, (1, 15): 1, (1, 17): 1, (1, 18): 1, (1, 19): 1, (1, 20): 44, (1, 21): 1, (1, 22): 1, (1, 23): 1, (2, 3): 1, (2, 4): 1, (2, 6): 168, (2, 9): 36, (2, 11): 1, (2, 14): 1, (2, 16): 1, (2, 17): 1, (2, 23): 1, (3, 4): 1, (3, 7): 1, (3, 8): 1, (3, 9): 1, (3, 12): 1, (3, 15): 93, (3, 16): 1, (3, 17): 47, (3, 22): 1, (3, 23): 31, (3, 24): 23, (4, 8): 1, (4, 9): 1, (4, 10): 25, (4, 11): 43, (4, 13): 115, (4, 14): 1, (4, 16): 1, (4, 17): 1, (4, 18): 1, (4, 21): 1, (4, 23): 1, (5, 8): 148, (5, 10): 5, (5, 11): 1, (5, 15): 1, (5, 16): 1, (5, 17): 22, (5, 18): 1, (5, 19): 1, (5, 20): 1, (5, 21): 1, (5, 22): 1, (5, 24): 1, (6, 8): 1, (6, 9): 1, (6, 10): 1, (6, 14): 1, (6, 16): 1, (6, 21): 1, (6, 22): 1, (7, 8): 1, (7, 9): 1, (7, 10): 1, (7, 13): 1, (7, 15): 1, (7, 16): 8, (7, 17): 1, (7, 18): 1, (7, 20): 15, (7, 22): 40, (8, 15): 1, (8, 17): 1, (8, 21): 1, (8, 24): 1, (9, 10): 1, (9, 14): 1, (9, 15): 1, (9, 16): 1, (9, 17): 1, (9, 18): 28, (9, 19): 1, (10, 12): 1, (10, 14): 100, (10, 16): 1, (10, 17): 1, (10, 19): 1, (10, 20): 1, (10, 21): 1, (11, 13): 1, (11, 14): 1, (11, 17): 11, (11, 19): 65, (11, 24): 1, (12, 19): 1, (13, 14): 1, (13, 20): 1, (13, 22): 1, (13, 24): 1, (14, 15): 1, (14, 16): 1, (14, 18): 1, (14, 19): 1, (14, 23): 1, (15, 17): 1, (15, 21): 1, (15, 23): 1, (15, 24): 1, (16, 17): 1, (16, 18): 1, (16, 20): 1, (16, 21): 1, (16, 22): 1, (16, 24): 1, (17, 18): 1, (17, 19): 1, (17, 21): 1, (17, 23): 1, (18, 19): 1, (18, 21): 47, (18, 23): 1, (19, 20): 1, (19, 21): 1, (20, 22): 1, (20, 23): 1, (20, 24): 1, (22, 23): 1, (22, 24): 1}",6245.000000035361
184.0,Graph with 25 nodes and 146 edges,"[[0, 0, 1, 1, 0, 0, 1, 1, 1, 0, 1, 1, 1, 0, 1, 0, 0, 1, 1, 1, 0, 0, 0, 0, 1], [0, 0, 1, 0, 0, 0, 0, 1, 0, 0, 1, 1, 1, 0, 0, 0, 1, 0, 1, 1, 1, 0, 1, 0, 1], [1, 1, 0, 1, 0, 0, 1, 1, 0, 1, 0, 1, 0, 1, 0, 0, 1, 1, 0, 1, 0, 0, 0, 1, 0], [1, 0, 1, 0, 1, 1, 0, 1, 0, 0, 0, 0, 1, 0, 0, 1, 1, 1, 0, 1, 1, 0, 1, 1, 1], [0, 0, 0, 1, 0, 0, 0, 0, 0, 0, 0, 0, 0, 1, 0, 0, 0, 0, 0, 0, 0, 0, 0, 1, 0], [0, 0, 0, 1, 0, 0, 1, 1, 0, 0, 0, 0, 0, 0, 1, 0, 0, 0, 1, 1, 1, 0, 1, 0, 0], [1, 0, 1, 0, 0, 1, 0, 1, 0, 0, 1, 0, 1, 1, 0, 1, 0, 1, 1, 1, 0, 0, 1, 0, 0], [1, 1, 1, 1, 0, 1, 1, 0, 1, 0, 0, 1, 0, 1, 0, 0, 0, 1, 1, 1, 0, 1, 0, 1, 0], [1, 0, 0, 0, 0, 0, 0, 1, 0, 1, 0, 0, 1, 1, 1, 0, 1, 0, 0, 0, 0, 0, 1, 1, 0], [0, 0, 1, 0, 0, 0, 0, 0, 1, 0, 1, 1, 1, 1, 0, 1, 1, 0, 1, 1, 1, 1, 0, 0, 1], [1, 1, 0, 0, 0, 0, 1, 0, 0, 1, 0, 1, 1, 1, 0, 0, 1, 1, 0, 1, 1, 1, 0, 1, 1], [1, 1, 1, 0, 0, 0, 0, 1, 0, 1, 1, 0, 1, 0, 0, 0, 0, 1, 1, 1, 0, 0, 0, 0, 1], [1, 1, 0, 1, 0, 0, 1, 0, 1, 1, 1, 1, 0, 0, 1, 1, 0, 0, 0, 1, 1, 1, 0, 0, 0], [0, 0, 1, 0, 1, 0, 1, 1, 1, 1, 1, 0, 0, 0, 1, 1, 0, 0, 1, 0, 1, 1, 0, 0, 0], [1, 0, 0, 0, 0, 1, 0, 0, 1, 0, 0, 0, 1, 1, 0, 1, 1, 0, 1, 0, 1, 1, 0, 0, 1], [0, 0, 0, 1, 0, 0, 1, 0, 0, 1, 0, 0, 1, 1, 1, 0, 1, 1, 0, 0, 0, 0, 1, 0, 0], [0, 1, 1, 1, 0, 0, 0, 0, 1, 1, 1, 0, 0, 0, 1, 1, 0, 0, 1, 1, 0, 1, 0, 0, 0], [1, 0, 1, 1, 0, 0, 1, 1, 0, 0, 1, 1, 0, 0, 0, 1, 0, 0, 0, 1, 1, 1, 1, 0, 0], [1, 1, 0, 0, 0, 1, 1, 1, 0, 1, 0, 1, 0, 1, 1, 0, 1, 0, 0, 1, 1, 0, 1, 1, 1], [1, 1, 1, 1, 0, 1, 1, 1, 0, 1, 1, 1, 1, 0, 0, 0, 1, 1, 1, 0, 0, 0, 0, 1, 1], [0, 1, 0, 1, 0, 1, 0, 0, 0, 1, 1, 0, 1, 1, 1, 0, 0, 1, 1, 0, 0, 1, 1, 1, 1], [0, 0, 0, 0, 0, 0, 0, 1, 0, 1, 1, 0, 1, 1, 1, 0, 1, 1, 0, 0, 1, 0, 0, 1, 1], [0, 1, 0, 1, 0, 1, 1, 0, 1, 0, 0, 0, 0, 0, 0, 1, 0, 1, 1, 0, 1, 0, 0, 1, 1], [0, 0, 1, 1, 1, 0, 0, 1, 1, 0, 1, 0, 0, 0, 0, 0, 0, 0, 1, 1, 1, 1, 1, 0, 0], [1, 1, 0, 1, 0, 0, 0, 0, 0, 1, 1, 1, 0, 0, 1, 0, 0, 0, 1, 1, 1, 1, 1, 0, 0]]",3.0,6.0,Y,"{0: 15, 1: 147, 2: 141, 3: 135, 4: 3, 5: 9, 6: 129, 7: 123, 8: 117, 9: 111, 10: 105, 11: 99, 12: 93, 13: 87, 14: 81, 15: 75, 16: 69, 17: 63, 18: 57, 19: 21, 20: 51, 21: 45, 22: 39, 23: 33, 24: 27}","{(0, 2): 1, (0, 3): 1, (0, 6): 1, (0, 7): 1, (0, 8): 1, (0, 10): 3, (0, 11): 1, (0, 12): 1, (0, 14): 1, (0, 17): 1, (0, 18): 1, (0, 19): 1, (0, 24): 1, (1, 2): 1, (1, 7): 1, (1, 10): 1, (1, 11): 20, (1, 12): 23, (1, 16): 59, (1, 18): 1, (1, 19): 1, (1, 20): 38, (1, 22): 1, (1, 24): 1, (2, 3): 1, (2, 6): 1, (2, 7): 1, (2, 9): 73, (2, 11): 1, (2, 13): 57, (2, 16): 1, (2, 17): 1, (2, 19): 1, (2, 23): 1, (3, 4): 1, (3, 5): 1, (3, 7): 5, (3, 12): 1, (3, 15): 67, (3, 16): 1, (3, 17): 52, (3, 19): 1, (3, 20): 1, (3, 22): 1, (3, 23): 1, (3, 24): 1, (4, 13): 1, (4, 23): 1, (5, 6): 2, (5, 7): 1, (5, 14): 1, (5, 18): 1, (5, 19): 1, (5, 20): 1, (5, 22): 1, (6, 7): 97, (6, 10): 15, (6, 12): 1, (6, 13): 1, (6, 15): 1, (6, 17): 1, (6, 18): 1, (6, 19): 6, (6, 22): 1, (7, 8): 1, (7, 11): 1, (7, 13): 1, (7, 17): 1, (7, 18): 1, (7, 19): 1, (7, 21): 9, (7, 23): 1, (8, 9): 1, (8, 12): 59, (8, 13): 1, (8, 14): 1, (8, 16): 1, (8, 22): 29, (8, 23): 23, (9, 10): 1, (9, 11): 1, (9, 12): 1, (9, 13): 1, (9, 15): 1, (9, 16): 1, (9, 18): 1, (9, 19): 1, (9, 20): 1, (9, 21): 26, (9, 24): 1, (10, 11): 70, (10, 12): 1, (10, 13): 1, (10, 16): 1, (10, 17): 1, (10, 19): 1, (10, 20): 1, (10, 21): 1, (10, 23): 1, (10, 24): 6, (11, 12): 1, (11, 17): 1, (11, 18): 1, (11, 19): 1, (11, 24): 1, (12, 14): 1, (12, 15): 1, (12, 19): 1, (12, 20): 1, (12, 21): 1, (13, 14): 19, (13, 15): 1, (13, 18): 1, (13, 20): 1, (13, 21): 1, (14, 15): 1, (14, 16): 1, (14, 18): 43, (14, 20): 1, (14, 21): 1, (14, 24): 10, (15, 16): 1, (15, 17): 1, (15, 22): 1, (16, 18): 1, (16, 19): 1, (16, 21): 1, (17, 19): 1, (17, 20): 1, (17, 21): 1, (17, 22): 1, (18, 19): 1, (18, 20): 1, (18, 22): 1, (18, 23): 1, (18, 24): 1, (19, 23): 1, (19, 24): 1, (20, 21): 1, (20, 22): 1, (20, 23): 1, (20, 24): 1, (21, 23): 1, (21, 24): 1, (22, 23): 1, (22, 24): 1}",7170.000000087384
184.0,Graph with 25 nodes and 146 edges,"[[0, 0, 1, 1, 0, 0, 1, 1, 1, 0, 1, 1, 1, 0, 1, 0, 0, 1, 1, 1, 0, 0, 0, 0, 1], [0, 0, 1, 0, 0, 0, 0, 1, 0, 0, 1, 1, 1, 0, 0, 0, 1, 0, 1, 1, 1, 0, 1, 0, 1], [1, 1, 0, 1, 0, 0, 1, 1, 0, 1, 0, 1, 0, 1, 0, 0, 1, 1, 0, 1, 0, 0, 0, 1, 0], [1, 0, 1, 0, 1, 1, 0, 1, 0, 0, 0, 0, 1, 0, 0, 1, 1, 1, 0, 1, 1, 0, 1, 1, 1], [0, 0, 0, 1, 0, 0, 0, 0, 0, 0, 0, 0, 0, 1, 0, 0, 0, 0, 0, 0, 0, 0, 0, 1, 0], [0, 0, 0, 1, 0, 0, 1, 1, 0, 0, 0, 0, 0, 0, 1, 0, 0, 0, 1, 1, 1, 0, 1, 0, 0], [1, 0, 1, 0, 0, 1, 0, 1, 0, 0, 1, 0, 1, 1, 0, 1, 0, 1, 1, 1, 0, 0, 1, 0, 0], [1, 1, 1, 1, 0, 1, 1, 0, 1, 0, 0, 1, 0, 1, 0, 0, 0, 1, 1, 1, 0, 1, 0, 1, 0], [1, 0, 0, 0, 0, 0, 0, 1, 0, 1, 0, 0, 1, 1, 1, 0, 1, 0, 0, 0, 0, 0, 1, 1, 0], [0, 0, 1, 0, 0, 0, 0, 0, 1, 0, 1, 1, 1, 1, 0, 1, 1, 0, 1, 1, 1, 1, 0, 0, 1], [1, 1, 0, 0, 0, 0, 1, 0, 0, 1, 0, 1, 1, 1, 0, 0, 1, 1, 0, 1, 1, 1, 0, 1, 1], [1, 1, 1, 0, 0, 0, 0, 1, 0, 1, 1, 0, 1, 0, 0, 0, 0, 1, 1, 1, 0, 0, 0, 0, 1], [1, 1, 0, 1, 0, 0, 1, 0, 1, 1, 1, 1, 0, 0, 1, 1, 0, 0, 0, 1, 1, 1, 0, 0, 0], [0, 0, 1, 0, 1, 0, 1, 1, 1, 1, 1, 0, 0, 0, 1, 1, 0, 0, 1, 0, 1, 1, 0, 0, 0], [1, 0, 0, 0, 0, 1, 0, 0, 1, 0, 0, 0, 1, 1, 0, 1, 1, 0, 1, 0, 1, 1, 0, 0, 1], [0, 0, 0, 1, 0, 0, 1, 0, 0, 1, 0, 0, 1, 1, 1, 0, 1, 1, 0, 0, 0, 0, 1, 0, 0], [0, 1, 1, 1, 0, 0, 0, 0, 1, 1, 1, 0, 0, 0, 1, 1, 0, 0, 1, 1, 0, 1, 0, 0, 0], [1, 0, 1, 1, 0, 0, 1, 1, 0, 0, 1, 1, 0, 0, 0, 1, 0, 0, 0, 1, 1, 1, 1, 0, 0], [1, 1, 0, 0, 0, 1, 1, 1, 0, 1, 0, 1, 0, 1, 1, 0, 1, 0, 0, 1, 1, 0, 1, 1, 1], [1, 1, 1, 1, 0, 1, 1, 1, 0, 1, 1, 1, 1, 0, 0, 0, 1, 1, 1, 0, 0, 0, 0, 1, 1], [0, 1, 0, 1, 0, 1, 0, 0, 0, 1, 1, 0, 1, 1, 1, 0, 0, 1, 1, 0, 0, 1, 1, 1, 1], [0, 0, 0, 0, 0, 0, 0, 1, 0, 1, 1, 0, 1, 1, 1, 0, 1, 1, 0, 0, 1, 0, 0, 1, 1], [0, 1, 0, 1, 0, 1, 1, 0, 1, 0, 0, 0, 0, 0, 0, 1, 0, 1, 1, 0, 1, 0, 0, 1, 1], [0, 0, 1, 1, 1, 0, 0, 1, 1, 0, 1, 0, 0, 0, 0, 0, 0, 0, 1, 1, 1, 1, 1, 0, 0], [1, 1, 0, 1, 0, 0, 0, 0, 0, 1, 1, 1, 0, 0, 1, 0, 0, 0, 1, 1, 1, 1, 1, 0, 0]]",3.0,7.0,Y,"{0: 17, 1: 171, 2: 164, 3: 157, 4: 3, 5: 10, 6: 150, 7: 143, 8: 136, 9: 129, 10: 122, 11: 115, 12: 108, 13: 101, 14: 94, 15: 87, 16: 80, 17: 73, 18: 66, 19: 59, 20: 52, 21: 45, 22: 38, 23: 31, 24: 24}","{(0, 2): 1, (0, 3): 1, (0, 6): 1, (0, 7): 1, (0, 8): 1, (0, 10): 1, (0, 11): 1, (0, 12): 1, (0, 14): 5, (0, 17): 1, (0, 18): 1, (0, 19): 1, (0, 24): 1, (1, 2): 1, (1, 7): 23, (1, 10): 97, (1, 11): 1, (1, 12): 1, (1, 16): 5, (1, 18): 1, (1, 19): 1, (1, 20): 39, (1, 22): 1, (1, 24): 1, (2, 3): 1, (2, 6): 1, (2, 7): 104, (2, 9): 10, (2, 11): 1, (2, 13): 41, (2, 16): 1, (2, 17): 1, (2, 19): 1, (2, 23): 1, (3, 4): 1, (3, 5): 1, (3, 7): 1, (3, 12): 1, (3, 15): 79, (3, 16): 66, (3, 17): 1, (3, 19): 1, (3, 20): 1, (3, 22): 1, (3, 23): 1, (3, 24): 1, (4, 13): 1, (4, 23): 1, (5, 6): 3, (5, 7): 1, (5, 14): 1, (5, 18): 1, (5, 19): 1, (5, 20): 1, (5, 22): 1, (6, 7): 1, (6, 10): 1, (6, 12): 77, (6, 13): 1, (6, 15): 1, (6, 17): 1, (6, 18): 9, (6, 19): 25, (6, 22): 28, (7, 8): 1, (7, 11): 1, (7, 13): 1, (7, 17): 1, (7, 18): 1, (7, 19): 1, (7, 21): 5, (7, 23): 1, (8, 9): 108, (8, 12): 1, (8, 13): 1, (8, 14): 1, (8, 16): 1, (8, 22): 1, (8, 23): 21, (9, 10): 1, (9, 11): 1, (9, 12): 1, (9, 13): 1, (9, 15): 1, (9, 16): 1, (9, 18): 1, (9, 19): 1, (9, 20): 1, (9, 21): 1, (9, 24): 1, (10, 11): 1, (10, 12): 1, (10, 13): 1, (10, 16): 1, (10, 17): 1, (10, 19): 1, (10, 20): 1, (10, 21): 1, (10, 23): 1, (10, 24): 13, (11, 12): 1, (11, 17): 62, (11, 18): 44, (11, 19): 1, (11, 24): 1, (12, 14): 1, (12, 15): 1, (12, 19): 19, (12, 20): 1, (12, 21): 1, (13, 14): 50, (13, 15): 1, (13, 18): 1, (13, 20): 1, (13, 21): 1, (14, 15): 1, (14, 16): 1, (14, 18): 1, (14, 20): 1, (14, 21): 31, (14, 24): 1, (15, 16): 1, (15, 17): 1, (15, 22): 1, (16, 18): 1, (16, 19): 1, (16, 21): 1, (17, 19): 1, (17, 20): 1, (17, 21): 1, (17, 22): 1, (18, 19): 1, (18, 20): 1, (18, 22): 1, (18, 23): 1, (18, 24): 1, (19, 23): 1, (19, 24): 1, (20, 21): 1, (20, 22): 1, (20, 23): 1, (20, 24): 1, (21, 23): 1, (21, 24): 1, (22, 23): 1, (22, 24): 1}",6288.000000040483
184.0,Graph with 25 nodes and 146 edges,"[[0, 0, 1, 1, 0, 0, 1, 1, 1, 0, 1, 1, 1, 0, 1, 0, 0, 1, 1, 1, 0, 0, 0, 0, 1], [0, 0, 1, 0, 0, 0, 0, 1, 0, 0, 1, 1, 1, 0, 0, 0, 1, 0, 1, 1, 1, 0, 1, 0, 1], [1, 1, 0, 1, 0, 0, 1, 1, 0, 1, 0, 1, 0, 1, 0, 0, 1, 1, 0, 1, 0, 0, 0, 1, 0], [1, 0, 1, 0, 1, 1, 0, 1, 0, 0, 0, 0, 1, 0, 0, 1, 1, 1, 0, 1, 1, 0, 1, 1, 1], [0, 0, 0, 1, 0, 0, 0, 0, 0, 0, 0, 0, 0, 1, 0, 0, 0, 0, 0, 0, 0, 0, 0, 1, 0], [0, 0, 0, 1, 0, 0, 1, 1, 0, 0, 0, 0, 0, 0, 1, 0, 0, 0, 1, 1, 1, 0, 1, 0, 0], [1, 0, 1, 0, 0, 1, 0, 1, 0, 0, 1, 0, 1, 1, 0, 1, 0, 1, 1, 1, 0, 0, 1, 0, 0], [1, 1, 1, 1, 0, 1, 1, 0, 1, 0, 0, 1, 0, 1, 0, 0, 0, 1, 1, 1, 0, 1, 0, 1, 0], [1, 0, 0, 0, 0, 0, 0, 1, 0, 1, 0, 0, 1, 1, 1, 0, 1, 0, 0, 0, 0, 0, 1, 1, 0], [0, 0, 1, 0, 0, 0, 0, 0, 1, 0, 1, 1, 1, 1, 0, 1, 1, 0, 1, 1, 1, 1, 0, 0, 1], [1, 1, 0, 0, 0, 0, 1, 0, 0, 1, 0, 1, 1, 1, 0, 0, 1, 1, 0, 1, 1, 1, 0, 1, 1], [1, 1, 1, 0, 0, 0, 0, 1, 0, 1, 1, 0, 1, 0, 0, 0, 0, 1, 1, 1, 0, 0, 0, 0, 1], [1, 1, 0, 1, 0, 0, 1, 0, 1, 1, 1, 1, 0, 0, 1, 1, 0, 0, 0, 1, 1, 1, 0, 0, 0], [0, 0, 1, 0, 1, 0, 1, 1, 1, 1, 1, 0, 0, 0, 1, 1, 0, 0, 1, 0, 1, 1, 0, 0, 0], [1, 0, 0, 0, 0, 1, 0, 0, 1, 0, 0, 0, 1, 1, 0, 1, 1, 0, 1, 0, 1, 1, 0, 0, 1], [0, 0, 0, 1, 0, 0, 1, 0, 0, 1, 0, 0, 1, 1, 1, 0, 1, 1, 0, 0, 0, 0, 1, 0, 0], [0, 1, 1, 1, 0, 0, 0, 0, 1, 1, 1, 0, 0, 0, 1, 1, 0, 0, 1, 1, 0, 1, 0, 0, 0], [1, 0, 1, 1, 0, 0, 1, 1, 0, 0, 1, 1, 0, 0, 0, 1, 0, 0, 0, 1, 1, 1, 1, 0, 0], [1, 1, 0, 0, 0, 1, 1, 1, 0, 1, 0, 1, 0, 1, 1, 0, 1, 0, 0, 1, 1, 0, 1, 1, 1], [1, 1, 1, 1, 0, 1, 1, 1, 0, 1, 1, 1, 1, 0, 0, 0, 1, 1, 1, 0, 0, 0, 0, 1, 1], [0, 1, 0, 1, 0, 1, 0, 0, 0, 1, 1, 0, 1, 1, 1, 0, 0, 1, 1, 0, 0, 1, 1, 1, 1], [0, 0, 0, 0, 0, 0, 0, 1, 0, 1, 1, 0, 1, 1, 1, 0, 1, 1, 0, 0, 1, 0, 0, 1, 1], [0, 1, 0, 1, 0, 1, 1, 0, 1, 0, 0, 0, 0, 0, 0, 1, 0, 1, 1, 0, 1, 0, 0, 1, 1], [0, 0, 1, 1, 1, 0, 0, 1, 1, 0, 1, 0, 0, 0, 0, 0, 0, 0, 1, 1, 1, 1, 1, 0, 0], [1, 1, 0, 1, 0, 0, 0, 0, 0, 1, 1, 1, 0, 0, 1, 0, 0, 0, 1, 1, 1, 1, 1, 0, 0]]",3.0,8.0,Y,"{0: 19, 1: 11, 2: 195, 3: 187, 4: 3, 5: 179, 6: 171, 7: 163, 8: 155, 9: 147, 10: 139, 11: 131, 12: 123, 13: 115, 14: 107, 15: 99, 16: 91, 17: 83, 18: 75, 19: 67, 20: 59, 21: 51, 22: 43, 23: 35, 24: 27}","{(0, 2): 1, (0, 3): 1, (0, 6): 1, (0, 7): 1, (0, 8): 1, (0, 10): 7, (0, 11): 1, (0, 12): 1, (0, 14): 1, (0, 17): 1, (0, 18): 1, (0, 19): 1, (0, 24): 1, (1, 2): 1, (1, 7): 1, (1, 10): 1, (1, 11): 1, (1, 12): 1, (1, 16): 1, (1, 18): 1, (1, 19): 1, (1, 20): 1, (1, 22): 1, (1, 24): 1, (2, 3): 1, (2, 6): 1, (2, 7): 1, (2, 9): 132, (2, 11): 1, (2, 13): 52, (2, 16): 1, (2, 17): 1, (2, 19): 1, (2, 23): 1, (3, 4): 1, (3, 5): 84, (3, 7): 1, (3, 12): 1, (3, 15): 91, (3, 16): 1, (3, 17): 1, (3, 19): 1, (3, 20): 1, (3, 22): 1, (3, 23): 1, (3, 24): 1, (4, 13): 1, (4, 23): 1, (5, 6): 25, (5, 7): 37, (5, 14): 28, (5, 18): 1, (5, 19): 1, (5, 20): 1, (5, 22): 1, (6, 7): 1, (6, 10): 1, (6, 12): 1, (6, 13): 52, (6, 15): 1, (6, 17): 1, (6, 18): 1, (6, 19): 52, (6, 22): 33, (7, 8): 43, (7, 11): 1, (7, 13): 1, (7, 17): 72, (7, 18): 1, (7, 19): 1, (7, 21): 1, (7, 23): 1, (8, 9): 1, (8, 12): 1, (8, 13): 1, (8, 14): 1, (8, 16): 81, (8, 22): 1, (8, 23): 25, (9, 10): 1, (9, 11): 1, (9, 12): 3, (9, 13): 1, (9, 15): 1, (9, 16): 1, (9, 18): 1, (9, 19): 1, (9, 20): 1, (9, 21): 1, (9, 24): 1, (10, 11): 105, (10, 12): 1, (10, 13): 1, (10, 16): 1, (10, 17): 1, (10, 19): 1, (10, 20): 1, (10, 21): 1, (10, 23): 1, (10, 24): 16, (11, 12): 1, (11, 17): 1, (11, 18): 17, (11, 19): 1, (11, 24): 1, (12, 14): 68, (12, 15): 1, (12, 19): 1, (12, 20): 1, (12, 21): 41, (13, 14): 1, (13, 15): 1, (13, 18): 1, (13, 20): 1, (13, 21): 1, (14, 15): 1, (14, 16): 1, (14, 18): 1, (14, 20): 2, (14, 21): 1, (14, 24): 1, (15, 16): 1, (15, 17): 1, (15, 22): 1, (16, 18): 1, (16, 19): 1, (16, 21): 1, (17, 19): 1, (17, 20): 1, (17, 21): 1, (17, 22): 1, (18, 19): 1, (18, 20): 45, (18, 22): 1, (18, 23): 1, (18, 24): 1, (19, 23): 1, (19, 24): 1, (20, 21): 1, (20, 22): 1, (20, 23): 1, (20, 24): 1, (21, 23): 1, (21, 24): 1, (22, 23): 1, (22, 24): 1}",6225.000000085856
184.0,Graph with 25 nodes and 146 edges,"[[0, 0, 1, 1, 0, 0, 1, 1, 1, 0, 1, 1, 1, 0, 1, 0, 0, 1, 1, 1, 0, 0, 0, 0, 1], [0, 0, 1, 0, 0, 0, 0, 1, 0, 0, 1, 1, 1, 0, 0, 0, 1, 0, 1, 1, 1, 0, 1, 0, 1], [1, 1, 0, 1, 0, 0, 1, 1, 0, 1, 0, 1, 0, 1, 0, 0, 1, 1, 0, 1, 0, 0, 0, 1, 0], [1, 0, 1, 0, 1, 1, 0, 1, 0, 0, 0, 0, 1, 0, 0, 1, 1, 1, 0, 1, 1, 0, 1, 1, 1], [0, 0, 0, 1, 0, 0, 0, 0, 0, 0, 0, 0, 0, 1, 0, 0, 0, 0, 0, 0, 0, 0, 0, 1, 0], [0, 0, 0, 1, 0, 0, 1, 1, 0, 0, 0, 0, 0, 0, 1, 0, 0, 0, 1, 1, 1, 0, 1, 0, 0], [1, 0, 1, 0, 0, 1, 0, 1, 0, 0, 1, 0, 1, 1, 0, 1, 0, 1, 1, 1, 0, 0, 1, 0, 0], [1, 1, 1, 1, 0, 1, 1, 0, 1, 0, 0, 1, 0, 1, 0, 0, 0, 1, 1, 1, 0, 1, 0, 1, 0], [1, 0, 0, 0, 0, 0, 0, 1, 0, 1, 0, 0, 1, 1, 1, 0, 1, 0, 0, 0, 0, 0, 1, 1, 0], [0, 0, 1, 0, 0, 0, 0, 0, 1, 0, 1, 1, 1, 1, 0, 1, 1, 0, 1, 1, 1, 1, 0, 0, 1], [1, 1, 0, 0, 0, 0, 1, 0, 0, 1, 0, 1, 1, 1, 0, 0, 1, 1, 0, 1, 1, 1, 0, 1, 1], [1, 1, 1, 0, 0, 0, 0, 1, 0, 1, 1, 0, 1, 0, 0, 0, 0, 1, 1, 1, 0, 0, 0, 0, 1], [1, 1, 0, 1, 0, 0, 1, 0, 1, 1, 1, 1, 0, 0, 1, 1, 0, 0, 0, 1, 1, 1, 0, 0, 0], [0, 0, 1, 0, 1, 0, 1, 1, 1, 1, 1, 0, 0, 0, 1, 1, 0, 0, 1, 0, 1, 1, 0, 0, 0], [1, 0, 0, 0, 0, 1, 0, 0, 1, 0, 0, 0, 1, 1, 0, 1, 1, 0, 1, 0, 1, 1, 0, 0, 1], [0, 0, 0, 1, 0, 0, 1, 0, 0, 1, 0, 0, 1, 1, 1, 0, 1, 1, 0, 0, 0, 0, 1, 0, 0], [0, 1, 1, 1, 0, 0, 0, 0, 1, 1, 1, 0, 0, 0, 1, 1, 0, 0, 1, 1, 0, 1, 0, 0, 0], [1, 0, 1, 1, 0, 0, 1, 1, 0, 0, 1, 1, 0, 0, 0, 1, 0, 0, 0, 1, 1, 1, 1, 0, 0], [1, 1, 0, 0, 0, 1, 1, 1, 0, 1, 0, 1, 0, 1, 1, 0, 1, 0, 0, 1, 1, 0, 1, 1, 1], [1, 1, 1, 1, 0, 1, 1, 1, 0, 1, 1, 1, 1, 0, 0, 0, 1, 1, 1, 0, 0, 0, 0, 1, 1], [0, 1, 0, 1, 0, 1, 0, 0, 0, 1, 1, 0, 1, 1, 1, 0, 0, 1, 1, 0, 0, 1, 1, 1, 1], [0, 0, 0, 0, 0, 0, 0, 1, 0, 1, 1, 0, 1, 1, 1, 0, 1, 1, 0, 0, 1, 0, 0, 1, 1], [0, 1, 0, 1, 0, 1, 1, 0, 1, 0, 0, 0, 0, 0, 0, 1, 0, 1, 1, 0, 1, 0, 0, 1, 1], [0, 0, 1, 1, 1, 0, 0, 1, 1, 0, 1, 0, 0, 0, 0, 0, 0, 0, 1, 1, 1, 1, 1, 0, 0], [1, 1, 0, 1, 0, 0, 0, 0, 0, 1, 1, 1, 0, 0, 1, 0, 0, 0, 1, 1, 1, 1, 1, 0, 0]]",3.0,9.0,Y,"{0: 21, 1: 12, 2: 219, 3: 210, 4: 3, 5: 201, 6: 192, 7: 183, 8: 174, 9: 165, 10: 156, 11: 147, 12: 138, 13: 129, 14: 120, 15: 111, 16: 102, 17: 93, 18: 84, 19: 75, 20: 66, 21: 57, 22: 48, 23: 39, 24: 30}","{(0, 2): 1, (0, 3): 1, (0, 6): 1, (0, 7): 1, (0, 8): 1, (0, 10): 9, (0, 11): 1, (0, 12): 1, (0, 14): 1, (0, 17): 1, (0, 18): 1, (0, 19): 1, (0, 24): 1, (1, 2): 1, (1, 7): 1, (1, 10): 1, (1, 11): 2, (1, 12): 1, (1, 16): 1, (1, 18): 1, (1, 19): 1, (1, 20): 1, (1, 22): 1, (1, 24): 1, (2, 3): 1, (2, 6): 1, (2, 7): 1, (2, 9): 153, (2, 11): 1, (2, 13): 56, (2, 16): 1, (2, 17): 1, (2, 19): 1, (2, 23): 1, (3, 4): 1, (3, 5): 95, (3, 7): 1, (3, 12): 1, (3, 15): 103, (3, 16): 1, (3, 17): 1, (3, 19): 1, (3, 20): 1, (3, 22): 1, (3, 23): 1, (3, 24): 1, (4, 13): 1, (4, 23): 1, (5, 6): 1, (5, 7): 49, (5, 14): 1, (5, 18): 1, (5, 19): 1, (5, 20): 52, (5, 22): 1, (6, 7): 1, (6, 10): 1, (6, 12): 1, (6, 13): 63, (6, 15): 1, (6, 17): 1, (6, 18): 70, (6, 19): 13, (6, 22): 38, (7, 8): 1, (7, 11): 118, (7, 13): 1, (7, 17): 1, (7, 18): 1, (7, 19): 1, (7, 21): 5, (7, 23): 1, (8, 9): 1, (8, 12): 1, (8, 13): 1, (8, 14): 78, (8, 16): 60, (8, 22): 1, (8, 23): 29, (9, 10): 1, (9, 11): 1, (9, 12): 1, (9, 13): 1, (9, 15): 1, (9, 16): 1, (9, 18): 1, (9, 19): 1, (9, 20): 1, (9, 21): 1, (9, 24): 1, (10, 11): 1, (10, 12): 126, (10, 13): 1, (10, 16): 1, (10, 17): 1, (10, 19): 1, (10, 20): 1, (10, 21): 10, (10, 23): 1, (10, 24): 1, (11, 12): 1, (11, 17): 1, (11, 18): 1, (11, 19): 1, (11, 24): 19, (12, 14): 1, (12, 15): 1, (12, 19): 1, (12, 20): 1, (12, 21): 1, (13, 14): 1, (13, 15): 1, (13, 18): 1, (13, 20): 1, (13, 21): 1, (14, 15): 1, (14, 16): 32, (14, 18): 1, (14, 20): 1, (14, 21): 1, (14, 24): 1, (15, 16): 1, (15, 17): 1, (15, 22): 1, (16, 18): 1, (16, 19): 1, (16, 21): 1, (17, 19): 48, (17, 20): 2, (17, 21): 34, (17, 22): 1, (18, 19): 1, (18, 20): 1, (18, 22): 1, (18, 23): 1, (18, 24): 1, (19, 23): 1, (19, 24): 1, (20, 21): 1, (20, 22): 1, (20, 23): 1, (20, 24): 1, (21, 23): 1, (21, 24): 1, (22, 23): 1, (22, 24): 1}",6251.000000020213
184.0,Graph with 25 nodes and 146 edges,"[[0, 0, 1, 1, 0, 0, 1, 1, 1, 0, 1, 1, 1, 0, 1, 0, 0, 1, 1, 1, 0, 0, 0, 0, 1], [0, 0, 1, 0, 0, 0, 0, 1, 0, 0, 1, 1, 1, 0, 0, 0, 1, 0, 1, 1, 1, 0, 1, 0, 1], [1, 1, 0, 1, 0, 0, 1, 1, 0, 1, 0, 1, 0, 1, 0, 0, 1, 1, 0, 1, 0, 0, 0, 1, 0], [1, 0, 1, 0, 1, 1, 0, 1, 0, 0, 0, 0, 1, 0, 0, 1, 1, 1, 0, 1, 1, 0, 1, 1, 1], [0, 0, 0, 1, 0, 0, 0, 0, 0, 0, 0, 0, 0, 1, 0, 0, 0, 0, 0, 0, 0, 0, 0, 1, 0], [0, 0, 0, 1, 0, 0, 1, 1, 0, 0, 0, 0, 0, 0, 1, 0, 0, 0, 1, 1, 1, 0, 1, 0, 0], [1, 0, 1, 0, 0, 1, 0, 1, 0, 0, 1, 0, 1, 1, 0, 1, 0, 1, 1, 1, 0, 0, 1, 0, 0], [1, 1, 1, 1, 0, 1, 1, 0, 1, 0, 0, 1, 0, 1, 0, 0, 0, 1, 1, 1, 0, 1, 0, 1, 0], [1, 0, 0, 0, 0, 0, 0, 1, 0, 1, 0, 0, 1, 1, 1, 0, 1, 0, 0, 0, 0, 0, 1, 1, 0], [0, 0, 1, 0, 0, 0, 0, 0, 1, 0, 1, 1, 1, 1, 0, 1, 1, 0, 1, 1, 1, 1, 0, 0, 1], [1, 1, 0, 0, 0, 0, 1, 0, 0, 1, 0, 1, 1, 1, 0, 0, 1, 1, 0, 1, 1, 1, 0, 1, 1], [1, 1, 1, 0, 0, 0, 0, 1, 0, 1, 1, 0, 1, 0, 0, 0, 0, 1, 1, 1, 0, 0, 0, 0, 1], [1, 1, 0, 1, 0, 0, 1, 0, 1, 1, 1, 1, 0, 0, 1, 1, 0, 0, 0, 1, 1, 1, 0, 0, 0], [0, 0, 1, 0, 1, 0, 1, 1, 1, 1, 1, 0, 0, 0, 1, 1, 0, 0, 1, 0, 1, 1, 0, 0, 0], [1, 0, 0, 0, 0, 1, 0, 0, 1, 0, 0, 0, 1, 1, 0, 1, 1, 0, 1, 0, 1, 1, 0, 0, 1], [0, 0, 0, 1, 0, 0, 1, 0, 0, 1, 0, 0, 1, 1, 1, 0, 1, 1, 0, 0, 0, 0, 1, 0, 0], [0, 1, 1, 1, 0, 0, 0, 0, 1, 1, 1, 0, 0, 0, 1, 1, 0, 0, 1, 1, 0, 1, 0, 0, 0], [1, 0, 1, 1, 0, 0, 1, 1, 0, 0, 1, 1, 0, 0, 0, 1, 0, 0, 0, 1, 1, 1, 1, 0, 0], [1, 1, 0, 0, 0, 1, 1, 1, 0, 1, 0, 1, 0, 1, 1, 0, 1, 0, 0, 1, 1, 0, 1, 1, 1], [1, 1, 1, 1, 0, 1, 1, 1, 0, 1, 1, 1, 1, 0, 0, 0, 1, 1, 1, 0, 0, 0, 0, 1, 1], [0, 1, 0, 1, 0, 1, 0, 0, 0, 1, 1, 0, 1, 1, 1, 0, 0, 1, 1, 0, 0, 1, 1, 1, 1], [0, 0, 0, 0, 0, 0, 0, 1, 0, 1, 1, 0, 1, 1, 1, 0, 1, 1, 0, 0, 1, 0, 0, 1, 1], [0, 1, 0, 1, 0, 1, 1, 0, 1, 0, 0, 0, 0, 0, 0, 1, 0, 1, 1, 0, 1, 0, 0, 1, 1], [0, 0, 1, 1, 1, 0, 0, 1, 1, 0, 1, 0, 0, 0, 0, 0, 0, 0, 1, 1, 1, 1, 1, 0, 0], [1, 1, 0, 1, 0, 0, 0, 0, 0, 1, 1, 1, 0, 0, 1, 0, 0, 0, 1, 1, 1, 1, 1, 0, 0]]",4.0,4.0,Y,"{0: 16, 1: 12, 2: 100, 3: 96, 4: 4, 5: 8, 6: 92, 7: 88, 8: 84, 9: 80, 10: 76, 11: 72, 12: 68, 13: 64, 14: 60, 15: 56, 16: 52, 17: 48, 18: 44, 19: 40, 20: 36, 21: 32, 22: 28, 23: 24, 24: 20}","{(0, 2): 1, (0, 3): 4, (0, 6): 1, (0, 7): 1, (0, 8): 1, (0, 10): 1, (0, 11): 1, (0, 12): 1, (0, 14): 1, (0, 17): 1, (0, 18): 1, (0, 19): 1, (0, 24): 1, (1, 2): 1, (1, 7): 2, (1, 10): 1, (1, 11): 1, (1, 12): 1, (1, 16): 1, (1, 18): 1, (1, 19): 1, (1, 20): 1, (1, 22): 1, (1, 24): 1, (2, 3): 1, (2, 6): 34, (2, 7): 1, (2, 9): 30, (2, 11): 27, (2, 13): 1, (2, 16): 1, (2, 17): 1, (2, 19): 1, (2, 23): 1, (3, 4): 2, (3, 5): 1, (3, 7): 1, (3, 12): 1, (3, 15): 1, (3, 16): 42, (3, 17): 2, (3, 19): 1, (3, 20): 7, (3, 22): 18, (3, 23): 14, (3, 24): 1, (4, 13): 1, (4, 23): 1, (5, 6): 1, (5, 7): 1, (5, 14): 1, (5, 18): 1, (5, 19): 1, (5, 20): 1, (5, 22): 1, (6, 7): 1, (6, 10): 1, (6, 12): 1, (6, 13): 1, (6, 15): 48, (6, 17): 1, (6, 18): 1, (6, 19): 1, (6, 22): 1, (7, 8): 1, (7, 11): 1, (7, 13): 36, (7, 17): 1, (7, 18): 18, (7, 19): 1, (7, 21): 22, (7, 23): 1, (8, 9): 1, (8, 12): 32, (8, 13): 1, (8, 14): 45, (8, 16): 1, (8, 22): 1, (8, 23): 1, (9, 10): 39, (9, 11): 1, (9, 12): 1, (9, 13): 1, (9, 15): 1, (9, 16): 1, (9, 18): 1, (9, 19): 1, (9, 20): 1, (9, 21): 1, (9, 24): 1, (10, 11): 1, (10, 12): 1, (10, 13): 1, (10, 16): 1, (10, 17): 1, (10, 19): 1, (10, 20): 17, (10, 21): 1, (10, 23): 1, (10, 24): 9, (11, 12): 1, (11, 17): 36, (11, 18): 1, (11, 19): 1, (11, 24): 1, (12, 14): 1, (12, 15): 1, (12, 19): 25, (12, 20): 1, (12, 21): 1, (13, 14): 6, (13, 15): 1, (13, 18): 13, (13, 20): 1, (13, 21): 1, (14, 15): 1, (14, 16): 1, (14, 18): 1, (14, 20): 1, (14, 21): 1, (14, 24): 1, (15, 16): 1, (15, 17): 1, (15, 22): 1, (16, 18): 1, (16, 19): 1, (16, 21): 1, (17, 19): 1, (17, 20): 1, (17, 21): 1, (17, 22): 1, (18, 19): 1, (18, 20): 1, (18, 22): 1, (18, 23): 1, (18, 24): 1, (19, 23): 1, (19, 24): 1, (20, 21): 1, (20, 22): 1, (20, 23): 1, (20, 24): 1, (21, 23): 1, (21, 24): 1, (22, 23): 1, (22, 24): 1}",6180.999999969572
184.0,Graph with 25 nodes and 146 edges,"[[0, 0, 1, 1, 0, 0, 1, 1, 1, 0, 1, 1, 1, 0, 1, 0, 0, 1, 1, 1, 0, 0, 0, 0, 1], [0, 0, 1, 0, 0, 0, 0, 1, 0, 0, 1, 1, 1, 0, 0, 0, 1, 0, 1, 1, 1, 0, 1, 0, 1], [1, 1, 0, 1, 0, 0, 1, 1, 0, 1, 0, 1, 0, 1, 0, 0, 1, 1, 0, 1, 0, 0, 0, 1, 0], [1, 0, 1, 0, 1, 1, 0, 1, 0, 0, 0, 0, 1, 0, 0, 1, 1, 1, 0, 1, 1, 0, 1, 1, 1], [0, 0, 0, 1, 0, 0, 0, 0, 0, 0, 0, 0, 0, 1, 0, 0, 0, 0, 0, 0, 0, 0, 0, 1, 0], [0, 0, 0, 1, 0, 0, 1, 1, 0, 0, 0, 0, 0, 0, 1, 0, 0, 0, 1, 1, 1, 0, 1, 0, 0], [1, 0, 1, 0, 0, 1, 0, 1, 0, 0, 1, 0, 1, 1, 0, 1, 0, 1, 1, 1, 0, 0, 1, 0, 0], [1, 1, 1, 1, 0, 1, 1, 0, 1, 0, 0, 1, 0, 1, 0, 0, 0, 1, 1, 1, 0, 1, 0, 1, 0], [1, 0, 0, 0, 0, 0, 0, 1, 0, 1, 0, 0, 1, 1, 1, 0, 1, 0, 0, 0, 0, 0, 1, 1, 0], [0, 0, 1, 0, 0, 0, 0, 0, 1, 0, 1, 1, 1, 1, 0, 1, 1, 0, 1, 1, 1, 1, 0, 0, 1], [1, 1, 0, 0, 0, 0, 1, 0, 0, 1, 0, 1, 1, 1, 0, 0, 1, 1, 0, 1, 1, 1, 0, 1, 1], [1, 1, 1, 0, 0, 0, 0, 1, 0, 1, 1, 0, 1, 0, 0, 0, 0, 1, 1, 1, 0, 0, 0, 0, 1], [1, 1, 0, 1, 0, 0, 1, 0, 1, 1, 1, 1, 0, 0, 1, 1, 0, 0, 0, 1, 1, 1, 0, 0, 0], [0, 0, 1, 0, 1, 0, 1, 1, 1, 1, 1, 0, 0, 0, 1, 1, 0, 0, 1, 0, 1, 1, 0, 0, 0], [1, 0, 0, 0, 0, 1, 0, 0, 1, 0, 0, 0, 1, 1, 0, 1, 1, 0, 1, 0, 1, 1, 0, 0, 1], [0, 0, 0, 1, 0, 0, 1, 0, 0, 1, 0, 0, 1, 1, 1, 0, 1, 1, 0, 0, 0, 0, 1, 0, 0], [0, 1, 1, 1, 0, 0, 0, 0, 1, 1, 1, 0, 0, 0, 1, 1, 0, 0, 1, 1, 0, 1, 0, 0, 0], [1, 0, 1, 1, 0, 0, 1, 1, 0, 0, 1, 1, 0, 0, 0, 1, 0, 0, 0, 1, 1, 1, 1, 0, 0], [1, 1, 0, 0, 0, 1, 1, 1, 0, 1, 0, 1, 0, 1, 1, 0, 1, 0, 0, 1, 1, 0, 1, 1, 1], [1, 1, 1, 1, 0, 1, 1, 1, 0, 1, 1, 1, 1, 0, 0, 0, 1, 1, 1, 0, 0, 0, 0, 1, 1], [0, 1, 0, 1, 0, 1, 0, 0, 0, 1, 1, 0, 1, 1, 1, 0, 0, 1, 1, 0, 0, 1, 1, 1, 1], [0, 0, 0, 0, 0, 0, 0, 1, 0, 1, 1, 0, 1, 1, 1, 0, 1, 1, 0, 0, 1, 0, 0, 1, 1], [0, 1, 0, 1, 0, 1, 1, 0, 1, 0, 0, 0, 0, 0, 0, 1, 0, 1, 1, 0, 1, 0, 0, 1, 1], [0, 0, 1, 1, 1, 0, 0, 1, 1, 0, 1, 0, 0, 0, 0, 0, 0, 0, 1, 1, 1, 1, 1, 0, 0], [1, 1, 0, 1, 0, 0, 0, 0, 0, 1, 1, 1, 0, 0, 1, 0, 0, 0, 1, 1, 1, 1, 1, 0, 0]]",4.0,5.0,Y,"{0: 14, 1: 124, 2: 119, 3: 114, 4: 4, 5: 9, 6: 109, 7: 104, 8: 99, 9: 94, 10: 89, 11: 84, 12: 79, 13: 74, 14: 69, 15: 64, 16: 59, 17: 54, 18: 19, 19: 49, 20: 44, 21: 39, 22: 34, 23: 29, 24: 24}","{(0, 2): 1, (0, 3): 1, (0, 6): 1, (0, 7): 1, (0, 8): 1, (0, 10): 1, (0, 11): 1, (0, 12): 2, (0, 14): 1, (0, 17): 1, (0, 18): 1, (0, 19): 1, (0, 24): 1, (1, 2): 1, (1, 7): 1, (1, 10): 32, (1, 11): 1, (1, 12): 1, (1, 16): 49, (1, 18): 5, (1, 19): 1, (1, 20): 31, (1, 22): 1, (1, 24): 1, (2, 3): 1, (2, 6): 1, (2, 7): 1, (2, 9): 10, (2, 11): 14, (2, 13): 63, (2, 16): 1, (2, 17): 1, (2, 19): 24, (2, 23): 1, (3, 4): 2, (3, 5): 1, (3, 7): 7, (3, 12): 1, (3, 15): 56, (3, 16): 1, (3, 17): 39, (3, 19): 1, (3, 20): 1, (3, 22): 1, (3, 23): 1, (3, 24): 1, (4, 13): 1, (4, 23): 1, (5, 6): 2, (5, 7): 1, (5, 14): 1, (5, 18): 1, (5, 19): 1, (5, 20): 1, (5, 22): 1, (6, 7): 64, (6, 10): 1, (6, 12): 1, (6, 13): 1, (6, 15): 1, (6, 17): 1, (6, 18): 1, (6, 19): 11, (6, 22): 24, (7, 8): 1, (7, 11): 1, (7, 13): 1, (7, 17): 1, (7, 18): 1, (7, 19): 1, (7, 21): 22, (7, 23): 1, (8, 9): 73, (8, 12): 1, (8, 13): 1, (8, 14): 1, (8, 16): 1, (8, 22): 1, (8, 23): 19, (9, 10): 1, (9, 11): 1, (9, 12): 1, (9, 13): 1, (9, 15): 1, (9, 16): 1, (9, 18): 1, (9, 19): 1, (9, 20): 1, (9, 21): 1, (9, 24): 1, (10, 11): 45, (10, 12): 1, (10, 13): 1, (10, 16): 1, (10, 17): 1, (10, 19): 1, (10, 20): 1, (10, 21): 1, (10, 23): 1, (10, 24): 1, (11, 12): 1, (11, 17): 5, (11, 18): 1, (11, 19): 1, (11, 24): 13, (12, 14): 59, (12, 15): 1, (12, 19): 1, (12, 20): 1, (12, 21): 8, (13, 14): 1, (13, 15): 1, (13, 18): 1, (13, 20): 1, (13, 21): 1, (14, 15): 1, (14, 16): 1, (14, 18): 1, (14, 20): 1, (14, 21): 1, (14, 24): 1, (15, 16): 1, (15, 17): 1, (15, 22): 1, (16, 18): 1, (16, 19): 1, (16, 21): 1, (17, 19): 1, (17, 20): 1, (17, 21): 1, (17, 22): 1, (18, 19): 1, (18, 20): 1, (18, 22): 1, (18, 23): 1, (18, 24): 1, (19, 23): 1, (19, 24): 1, (20, 21): 1, (20, 22): 1, (20, 23): 1, (20, 24): 1, (21, 23): 1, (21, 24): 1, (22, 23): 1, (22, 24): 1}",5971.000000045024
184.0,Graph with 25 nodes and 146 edges,"[[0, 0, 1, 1, 0, 0, 1, 1, 1, 0, 1, 1, 1, 0, 1, 0, 0, 1, 1, 1, 0, 0, 0, 0, 1], [0, 0, 1, 0, 0, 0, 0, 1, 0, 0, 1, 1, 1, 0, 0, 0, 1, 0, 1, 1, 1, 0, 1, 0, 1], [1, 1, 0, 1, 0, 0, 1, 1, 0, 1, 0, 1, 0, 1, 0, 0, 1, 1, 0, 1, 0, 0, 0, 1, 0], [1, 0, 1, 0, 1, 1, 0, 1, 0, 0, 0, 0, 1, 0, 0, 1, 1, 1, 0, 1, 1, 0, 1, 1, 1], [0, 0, 0, 1, 0, 0, 0, 0, 0, 0, 0, 0, 0, 1, 0, 0, 0, 0, 0, 0, 0, 0, 0, 1, 0], [0, 0, 0, 1, 0, 0, 1, 1, 0, 0, 0, 0, 0, 0, 1, 0, 0, 0, 1, 1, 1, 0, 1, 0, 0], [1, 0, 1, 0, 0, 1, 0, 1, 0, 0, 1, 0, 1, 1, 0, 1, 0, 1, 1, 1, 0, 0, 1, 0, 0], [1, 1, 1, 1, 0, 1, 1, 0, 1, 0, 0, 1, 0, 1, 0, 0, 0, 1, 1, 1, 0, 1, 0, 1, 0], [1, 0, 0, 0, 0, 0, 0, 1, 0, 1, 0, 0, 1, 1, 1, 0, 1, 0, 0, 0, 0, 0, 1, 1, 0], [0, 0, 1, 0, 0, 0, 0, 0, 1, 0, 1, 1, 1, 1, 0, 1, 1, 0, 1, 1, 1, 1, 0, 0, 1], [1, 1, 0, 0, 0, 0, 1, 0, 0, 1, 0, 1, 1, 1, 0, 0, 1, 1, 0, 1, 1, 1, 0, 1, 1], [1, 1, 1, 0, 0, 0, 0, 1, 0, 1, 1, 0, 1, 0, 0, 0, 0, 1, 1, 1, 0, 0, 0, 0, 1], [1, 1, 0, 1, 0, 0, 1, 0, 1, 1, 1, 1, 0, 0, 1, 1, 0, 0, 0, 1, 1, 1, 0, 0, 0], [0, 0, 1, 0, 1, 0, 1, 1, 1, 1, 1, 0, 0, 0, 1, 1, 0, 0, 1, 0, 1, 1, 0, 0, 0], [1, 0, 0, 0, 0, 1, 0, 0, 1, 0, 0, 0, 1, 1, 0, 1, 1, 0, 1, 0, 1, 1, 0, 0, 1], [0, 0, 0, 1, 0, 0, 1, 0, 0, 1, 0, 0, 1, 1, 1, 0, 1, 1, 0, 0, 0, 0, 1, 0, 0], [0, 1, 1, 1, 0, 0, 0, 0, 1, 1, 1, 0, 0, 0, 1, 1, 0, 0, 1, 1, 0, 1, 0, 0, 0], [1, 0, 1, 1, 0, 0, 1, 1, 0, 0, 1, 1, 0, 0, 0, 1, 0, 0, 0, 1, 1, 1, 1, 0, 0], [1, 1, 0, 0, 0, 1, 1, 1, 0, 1, 0, 1, 0, 1, 1, 0, 1, 0, 0, 1, 1, 0, 1, 1, 1], [1, 1, 1, 1, 0, 1, 1, 1, 0, 1, 1, 1, 1, 0, 0, 0, 1, 1, 1, 0, 0, 0, 0, 1, 1], [0, 1, 0, 1, 0, 1, 0, 0, 0, 1, 1, 0, 1, 1, 1, 0, 0, 1, 1, 0, 0, 1, 1, 1, 1], [0, 0, 0, 0, 0, 0, 0, 1, 0, 1, 1, 0, 1, 1, 1, 0, 1, 1, 0, 0, 1, 0, 0, 1, 1], [0, 1, 0, 1, 0, 1, 1, 0, 1, 0, 0, 0, 0, 0, 0, 1, 0, 1, 1, 0, 1, 0, 0, 1, 1], [0, 0, 1, 1, 1, 0, 0, 1, 1, 0, 1, 0, 0, 0, 0, 0, 0, 0, 1, 1, 1, 1, 1, 0, 0], [1, 1, 0, 1, 0, 0, 0, 0, 0, 1, 1, 1, 0, 0, 1, 0, 0, 0, 1, 1, 1, 1, 1, 0, 0]]",4.0,6.0,Y,"{0: 16, 1: 148, 2: 142, 3: 136, 4: 4, 5: 10, 6: 130, 7: 124, 8: 118, 9: 112, 10: 106, 11: 100, 12: 94, 13: 88, 14: 82, 15: 76, 16: 70, 17: 64, 18: 58, 19: 52, 20: 46, 21: 40, 22: 34, 23: 28, 24: 22}","{(0, 2): 1, (0, 3): 1, (0, 6): 1, (0, 7): 1, (0, 8): 4, (0, 10): 1, (0, 11): 1, (0, 12): 1, (0, 14): 1, (0, 17): 1, (0, 18): 1, (0, 19): 1, (0, 24): 1, (1, 2): 1, (1, 7): 17, (1, 10): 83, (1, 11): 1, (1, 12): 1, (1, 16): 8, (1, 18): 1, (1, 19): 1, (1, 20): 33, (1, 22): 1, (1, 24): 1, (2, 3): 1, (2, 6): 1, (2, 7): 1, (2, 9): 100, (2, 11): 1, (2, 13): 32, (2, 16): 1, (2, 17): 1, (2, 19): 1, (2, 23): 1, (3, 4): 2, (3, 5): 3, (3, 7): 1, (3, 12): 1, (3, 15): 68, (3, 16): 53, (3, 17): 1, (3, 19): 1, (3, 20): 1, (3, 22): 1, (3, 23): 1, (3, 24): 1, (4, 13): 1, (4, 23): 1, (5, 6): 1, (5, 7): 1, (5, 14): 1, (5, 18): 1, (5, 19): 1, (5, 20): 1, (5, 22): 1, (6, 7): 1, (6, 10): 1, (6, 12): 73, (6, 13): 1, (6, 15): 1, (6, 17): 1, (6, 18): 1, (6, 19): 24, (6, 22): 24, (7, 8): 90, (7, 11): 1, (7, 13): 1, (7, 17): 1, (7, 18): 1, (7, 19): 1, (7, 21): 6, (7, 23): 1, (8, 9): 1, (8, 12): 1, (8, 13): 1, (8, 14): 1, (8, 16): 1, (8, 22): 1, (8, 23): 18, (9, 10): 1, (9, 11): 1, (9, 12): 1, (9, 13): 1, (9, 15): 1, (9, 16): 1, (9, 18): 1, (9, 19): 1, (9, 20): 1, (9, 21): 1, (9, 24): 1, (10, 11): 1, (10, 12): 1, (10, 13): 1, (10, 16): 1, (10, 17): 1, (10, 19): 1, (10, 20): 1, (10, 21): 1, (10, 23): 1, (10, 24): 11, (11, 12): 1, (11, 17): 49, (11, 18): 42, (11, 19): 1, (11, 24): 1, (12, 14): 1, (12, 15): 1, (12, 19): 10, (12, 20): 1, (12, 21): 1, (13, 14): 46, (13, 15): 1, (13, 18): 1, (13, 20): 1, (13, 21): 1, (14, 15): 1, (14, 16): 1, (14, 18): 3, (14, 20): 1, (14, 21): 25, (14, 24): 1, (15, 16): 1, (15, 17): 1, (15, 22): 1, (16, 18): 1, (16, 19): 1, (16, 21): 1, (17, 19): 5, (17, 20): 1, (17, 21): 1, (17, 22): 1, (18, 19): 1, (18, 20): 1, (18, 22): 1, (18, 23): 1, (18, 24): 1, (19, 23): 1, (19, 24): 1, (20, 21): 1, (20, 22): 1, (20, 23): 1, (20, 24): 1, (21, 23): 1, (21, 24): 1, (22, 23): 1, (22, 24): 1}",6206.00000002014
184.0,Graph with 25 nodes and 146 edges,"[[0, 0, 1, 1, 0, 0, 1, 1, 1, 0, 1, 1, 1, 0, 1, 0, 0, 1, 1, 1, 0, 0, 0, 0, 1], [0, 0, 1, 0, 0, 0, 0, 1, 0, 0, 1, 1, 1, 0, 0, 0, 1, 0, 1, 1, 1, 0, 1, 0, 1], [1, 1, 0, 1, 0, 0, 1, 1, 0, 1, 0, 1, 0, 1, 0, 0, 1, 1, 0, 1, 0, 0, 0, 1, 0], [1, 0, 1, 0, 1, 1, 0, 1, 0, 0, 0, 0, 1, 0, 0, 1, 1, 1, 0, 1, 1, 0, 1, 1, 1], [0, 0, 0, 1, 0, 0, 0, 0, 0, 0, 0, 0, 0, 1, 0, 0, 0, 0, 0, 0, 0, 0, 0, 1, 0], [0, 0, 0, 1, 0, 0, 1, 1, 0, 0, 0, 0, 0, 0, 1, 0, 0, 0, 1, 1, 1, 0, 1, 0, 0], [1, 0, 1, 0, 0, 1, 0, 1, 0, 0, 1, 0, 1, 1, 0, 1, 0, 1, 1, 1, 0, 0, 1, 0, 0], [1, 1, 1, 1, 0, 1, 1, 0, 1, 0, 0, 1, 0, 1, 0, 0, 0, 1, 1, 1, 0, 1, 0, 1, 0], [1, 0, 0, 0, 0, 0, 0, 1, 0, 1, 0, 0, 1, 1, 1, 0, 1, 0, 0, 0, 0, 0, 1, 1, 0], [0, 0, 1, 0, 0, 0, 0, 0, 1, 0, 1, 1, 1, 1, 0, 1, 1, 0, 1, 1, 1, 1, 0, 0, 1], [1, 1, 0, 0, 0, 0, 1, 0, 0, 1, 0, 1, 1, 1, 0, 0, 1, 1, 0, 1, 1, 1, 0, 1, 1], [1, 1, 1, 0, 0, 0, 0, 1, 0, 1, 1, 0, 1, 0, 0, 0, 0, 1, 1, 1, 0, 0, 0, 0, 1], [1, 1, 0, 1, 0, 0, 1, 0, 1, 1, 1, 1, 0, 0, 1, 1, 0, 0, 0, 1, 1, 1, 0, 0, 0], [0, 0, 1, 0, 1, 0, 1, 1, 1, 1, 1, 0, 0, 0, 1, 1, 0, 0, 1, 0, 1, 1, 0, 0, 0], [1, 0, 0, 0, 0, 1, 0, 0, 1, 0, 0, 0, 1, 1, 0, 1, 1, 0, 1, 0, 1, 1, 0, 0, 1], [0, 0, 0, 1, 0, 0, 1, 0, 0, 1, 0, 0, 1, 1, 1, 0, 1, 1, 0, 0, 0, 0, 1, 0, 0], [0, 1, 1, 1, 0, 0, 0, 0, 1, 1, 1, 0, 0, 0, 1, 1, 0, 0, 1, 1, 0, 1, 0, 0, 0], [1, 0, 1, 1, 0, 0, 1, 1, 0, 0, 1, 1, 0, 0, 0, 1, 0, 0, 0, 1, 1, 1, 1, 0, 0], [1, 1, 0, 0, 0, 1, 1, 1, 0, 1, 0, 1, 0, 1, 1, 0, 1, 0, 0, 1, 1, 0, 1, 1, 1], [1, 1, 1, 1, 0, 1, 1, 1, 0, 1, 1, 1, 1, 0, 0, 0, 1, 1, 1, 0, 0, 0, 0, 1, 1], [0, 1, 0, 1, 0, 1, 0, 0, 0, 1, 1, 0, 1, 1, 1, 0, 0, 1, 1, 0, 0, 1, 1, 1, 1], [0, 0, 0, 0, 0, 0, 0, 1, 0, 1, 1, 0, 1, 1, 1, 0, 1, 1, 0, 0, 1, 0, 0, 1, 1], [0, 1, 0, 1, 0, 1, 1, 0, 1, 0, 0, 0, 0, 0, 0, 1, 0, 1, 1, 0, 1, 0, 0, 1, 1], [0, 0, 1, 1, 1, 0, 0, 1, 1, 0, 1, 0, 0, 0, 0, 0, 0, 0, 1, 1, 1, 1, 1, 0, 0], [1, 1, 0, 1, 0, 0, 0, 0, 0, 1, 1, 1, 0, 0, 1, 0, 0, 0, 1, 1, 1, 1, 1, 0, 0]]",4.0,7.0,Y,"{0: 18, 1: 11, 2: 172, 3: 165, 4: 4, 5: 158, 6: 151, 7: 144, 8: 137, 9: 130, 10: 123, 11: 116, 12: 109, 13: 102, 14: 95, 15: 88, 16: 81, 17: 74, 18: 67, 19: 60, 20: 53, 21: 46, 22: 39, 23: 32, 24: 25}","{(0, 2): 1, (0, 3): 1, (0, 6): 1, (0, 7): 1, (0, 8): 1, (0, 10): 6, (0, 11): 1, (0, 12): 1, (0, 14): 1, (0, 17): 1, (0, 18): 1, (0, 19): 1, (0, 24): 1, (1, 2): 1, (1, 7): 1, (1, 10): 1, (1, 11): 1, (1, 12): 1, (1, 16): 1, (1, 18): 1, (1, 19): 1, (1, 20): 1, (1, 22): 1, (1, 24): 1, (2, 3): 1, (2, 6): 1, (2, 7): 1, (2, 9): 71, (2, 11): 1, (2, 13): 91, (2, 16): 1, (2, 17): 1, (2, 19): 1, (2, 23): 1, (3, 4): 2, (3, 5): 117, (3, 7): 1, (3, 12): 1, (3, 15): 9, (3, 16): 1, (3, 17): 1, (3, 19): 1, (3, 20): 27, (3, 22): 1, (3, 23): 1, (3, 24): 1, (4, 13): 1, (4, 23): 1, (5, 6): 1, (5, 7): 1, (5, 14): 1, (5, 18): 35, (5, 19): 1, (5, 20): 1, (5, 22): 1, (6, 7): 72, (6, 10): 1, (6, 12): 1, (6, 13): 1, (6, 15): 1, (6, 17): 41, (6, 18): 1, (6, 19): 1, (6, 22): 29, (7, 8): 38, (7, 11): 1, (7, 13): 1, (7, 17): 23, (7, 18): 1, (7, 19): 1, (7, 21): 1, (7, 23): 1, (8, 9): 1, (8, 12): 1, (8, 13): 1, (8, 14): 1, (8, 16): 71, (8, 22): 1, (8, 23): 22, (9, 10): 35, (9, 11): 1, (9, 12): 1, (9, 13): 1, (9, 15): 1, (9, 16): 1, (9, 18): 1, (9, 19): 1, (9, 20): 14, (9, 21): 1, (9, 24): 1, (10, 11): 71, (10, 12): 1, (10, 13): 1, (10, 16): 1, (10, 17): 1, (10, 19): 1, (10, 20): 1, (10, 21): 1, (10, 23): 1, (10, 24): 1, (11, 12): 18, (11, 17): 1, (11, 18): 19, (11, 19): 1, (11, 24): 1, (12, 14): 1, (12, 15): 1, (12, 19): 45, (12, 20): 1, (12, 21): 36, (13, 14): 1, (13, 15): 1, (13, 18): 1, (13, 20): 1, (13, 21): 1, (14, 15): 72, (14, 16): 1, (14, 18): 1, (14, 20): 1, (14, 21): 1, (14, 24): 14, (15, 16): 1, (15, 17): 1, (15, 22): 1, (16, 18): 1, (16, 19): 1, (16, 21): 1, (17, 19): 1, (17, 20): 1, (17, 21): 1, (17, 22): 1, (18, 19): 1, (18, 20): 1, (18, 22): 1, (18, 23): 1, (18, 24): 1, (19, 23): 1, (19, 24): 1, (20, 21): 1, (20, 22): 1, (20, 23): 1, (20, 24): 1, (21, 23): 1, (21, 24): 1, (22, 23): 1, (22, 24): 1}",6145.000000060463
184.0,Graph with 25 nodes and 146 edges,"[[0, 0, 1, 1, 0, 0, 1, 1, 1, 0, 1, 1, 1, 0, 1, 0, 0, 1, 1, 1, 0, 0, 0, 0, 1], [0, 0, 1, 0, 0, 0, 0, 1, 0, 0, 1, 1, 1, 0, 0, 0, 1, 0, 1, 1, 1, 0, 1, 0, 1], [1, 1, 0, 1, 0, 0, 1, 1, 0, 1, 0, 1, 0, 1, 0, 0, 1, 1, 0, 1, 0, 0, 0, 1, 0], [1, 0, 1, 0, 1, 1, 0, 1, 0, 0, 0, 0, 1, 0, 0, 1, 1, 1, 0, 1, 1, 0, 1, 1, 1], [0, 0, 0, 1, 0, 0, 0, 0, 0, 0, 0, 0, 0, 1, 0, 0, 0, 0, 0, 0, 0, 0, 0, 1, 0], [0, 0, 0, 1, 0, 0, 1, 1, 0, 0, 0, 0, 0, 0, 1, 0, 0, 0, 1, 1, 1, 0, 1, 0, 0], [1, 0, 1, 0, 0, 1, 0, 1, 0, 0, 1, 0, 1, 1, 0, 1, 0, 1, 1, 1, 0, 0, 1, 0, 0], [1, 1, 1, 1, 0, 1, 1, 0, 1, 0, 0, 1, 0, 1, 0, 0, 0, 1, 1, 1, 0, 1, 0, 1, 0], [1, 0, 0, 0, 0, 0, 0, 1, 0, 1, 0, 0, 1, 1, 1, 0, 1, 0, 0, 0, 0, 0, 1, 1, 0], [0, 0, 1, 0, 0, 0, 0, 0, 1, 0, 1, 1, 1, 1, 0, 1, 1, 0, 1, 1, 1, 1, 0, 0, 1], [1, 1, 0, 0, 0, 0, 1, 0, 0, 1, 0, 1, 1, 1, 0, 0, 1, 1, 0, 1, 1, 1, 0, 1, 1], [1, 1, 1, 0, 0, 0, 0, 1, 0, 1, 1, 0, 1, 0, 0, 0, 0, 1, 1, 1, 0, 0, 0, 0, 1], [1, 1, 0, 1, 0, 0, 1, 0, 1, 1, 1, 1, 0, 0, 1, 1, 0, 0, 0, 1, 1, 1, 0, 0, 0], [0, 0, 1, 0, 1, 0, 1, 1, 1, 1, 1, 0, 0, 0, 1, 1, 0, 0, 1, 0, 1, 1, 0, 0, 0], [1, 0, 0, 0, 0, 1, 0, 0, 1, 0, 0, 0, 1, 1, 0, 1, 1, 0, 1, 0, 1, 1, 0, 0, 1], [0, 0, 0, 1, 0, 0, 1, 0, 0, 1, 0, 0, 1, 1, 1, 0, 1, 1, 0, 0, 0, 0, 1, 0, 0], [0, 1, 1, 1, 0, 0, 0, 0, 1, 1, 1, 0, 0, 0, 1, 1, 0, 0, 1, 1, 0, 1, 0, 0, 0], [1, 0, 1, 1, 0, 0, 1, 1, 0, 0, 1, 1, 0, 0, 0, 1, 0, 0, 0, 1, 1, 1, 1, 0, 0], [1, 1, 0, 0, 0, 1, 1, 1, 0, 1, 0, 1, 0, 1, 1, 0, 1, 0, 0, 1, 1, 0, 1, 1, 1], [1, 1, 1, 1, 0, 1, 1, 1, 0, 1, 1, 1, 1, 0, 0, 0, 1, 1, 1, 0, 0, 0, 0, 1, 1], [0, 1, 0, 1, 0, 1, 0, 0, 0, 1, 1, 0, 1, 1, 1, 0, 0, 1, 1, 0, 0, 1, 1, 1, 1], [0, 0, 0, 0, 0, 0, 0, 1, 0, 1, 1, 0, 1, 1, 1, 0, 1, 1, 0, 0, 1, 0, 0, 1, 1], [0, 1, 0, 1, 0, 1, 1, 0, 1, 0, 0, 0, 0, 0, 0, 1, 0, 1, 1, 0, 1, 0, 0, 1, 1], [0, 0, 1, 1, 1, 0, 0, 1, 1, 0, 1, 0, 0, 0, 0, 0, 0, 0, 1, 1, 1, 1, 1, 0, 0], [1, 1, 0, 1, 0, 0, 0, 0, 0, 1, 1, 1, 0, 0, 1, 0, 0, 0, 1, 1, 1, 1, 1, 0, 0]]",4.0,8.0,Y,"{0: 20, 1: 12, 2: 196, 3: 188, 4: 4, 5: 180, 6: 172, 7: 164, 8: 156, 9: 148, 10: 140, 11: 132, 12: 124, 13: 116, 14: 108, 15: 100, 16: 92, 17: 84, 18: 76, 19: 68, 20: 60, 21: 52, 22: 44, 23: 36, 24: 28}","{(0, 2): 1, (0, 3): 1, (0, 6): 1, (0, 7): 1, (0, 8): 8, (0, 10): 1, (0, 11): 1, (0, 12): 1, (0, 14): 1, (0, 17): 1, (0, 18): 1, (0, 19): 1, (0, 24): 1, (1, 2): 1, (1, 7): 1, (1, 10): 1, (1, 11): 2, (1, 12): 1, (1, 16): 1, (1, 18): 1, (1, 19): 1, (1, 20): 1, (1, 22): 1, (1, 24): 1, (2, 3): 1, (2, 6): 1, (2, 7): 58, (2, 9): 102, (2, 11): 1, (2, 13): 26, (2, 16): 1, (2, 17): 1, (2, 19): 1, (2, 23): 1, (3, 4): 2, (3, 5): 101, (3, 7): 1, (3, 12): 1, (3, 15): 73, (3, 16): 1, (3, 17): 1, (3, 19): 1, (3, 20): 1, (3, 22): 1, (3, 23): 1, (3, 24): 1, (4, 13): 1, (4, 23): 1, (5, 6): 1, (5, 7): 72, (5, 14): 1, (5, 18): 1, (5, 19): 1, (5, 20): 1, (5, 22): 1, (6, 7): 1, (6, 10): 67, (6, 12): 1, (6, 13): 1, (6, 15): 1, (6, 17): 1, (6, 18): 62, (6, 19): 1, (6, 22): 34, (7, 8): 1, (7, 11): 1, (7, 13): 1, (7, 17): 1, (7, 18): 1, (7, 19): 1, (7, 21): 22, (7, 23): 1, (8, 9): 35, (8, 12): 1, (8, 13): 1, (8, 14): 1, (8, 16): 82, (8, 22): 1, (8, 23): 26, (9, 10): 1, (9, 11): 1, (9, 12): 1, (9, 13): 1, (9, 15): 1, (9, 16): 1, (9, 18): 1, (9, 19): 1, (9, 20): 1, (9, 21): 1, (9, 24): 1, (10, 11): 50, (10, 12): 11, (10, 13): 1, (10, 16): 1, (10, 17): 1, (10, 19): 1, (10, 20): 1, (10, 21): 1, (10, 23): 1, (10, 24): 1, (11, 12): 55, (11, 17): 1, (11, 18): 1, (11, 19): 1, (11, 24): 17, (12, 14): 1, (12, 15): 1, (12, 19): 1, (12, 20): 47, (12, 21): 1, (13, 14): 79, (13, 15): 1, (13, 18): 1, (13, 20): 1, (13, 21): 1, (14, 15): 19, (14, 16): 1, (14, 18): 1, (14, 20): 1, (14, 21): 1, (14, 24): 1, (15, 16): 1, (15, 17): 1, (15, 22): 1, (16, 18): 1, (16, 19): 1, (16, 21): 1, (17, 19): 53, (17, 20): 1, (17, 21): 21, (17, 22): 1, (18, 19): 1, (18, 20): 1, (18, 22): 1, (18, 23): 1, (18, 24): 1, (19, 23): 1, (19, 24): 1, (20, 21): 1, (20, 22): 1, (20, 23): 1, (20, 24): 1, (21, 23): 1, (21, 24): 1, (22, 23): 1, (22, 24): 1}",6020.000000034997
184.0,Graph with 25 nodes and 146 edges,"[[0, 0, 1, 1, 0, 0, 1, 1, 1, 0, 1, 1, 1, 0, 1, 0, 0, 1, 1, 1, 0, 0, 0, 0, 1], [0, 0, 1, 0, 0, 0, 0, 1, 0, 0, 1, 1, 1, 0, 0, 0, 1, 0, 1, 1, 1, 0, 1, 0, 1], [1, 1, 0, 1, 0, 0, 1, 1, 0, 1, 0, 1, 0, 1, 0, 0, 1, 1, 0, 1, 0, 0, 0, 1, 0], [1, 0, 1, 0, 1, 1, 0, 1, 0, 0, 0, 0, 1, 0, 0, 1, 1, 1, 0, 1, 1, 0, 1, 1, 1], [0, 0, 0, 1, 0, 0, 0, 0, 0, 0, 0, 0, 0, 1, 0, 0, 0, 0, 0, 0, 0, 0, 0, 1, 0], [0, 0, 0, 1, 0, 0, 1, 1, 0, 0, 0, 0, 0, 0, 1, 0, 0, 0, 1, 1, 1, 0, 1, 0, 0], [1, 0, 1, 0, 0, 1, 0, 1, 0, 0, 1, 0, 1, 1, 0, 1, 0, 1, 1, 1, 0, 0, 1, 0, 0], [1, 1, 1, 1, 0, 1, 1, 0, 1, 0, 0, 1, 0, 1, 0, 0, 0, 1, 1, 1, 0, 1, 0, 1, 0], [1, 0, 0, 0, 0, 0, 0, 1, 0, 1, 0, 0, 1, 1, 1, 0, 1, 0, 0, 0, 0, 0, 1, 1, 0], [0, 0, 1, 0, 0, 0, 0, 0, 1, 0, 1, 1, 1, 1, 0, 1, 1, 0, 1, 1, 1, 1, 0, 0, 1], [1, 1, 0, 0, 0, 0, 1, 0, 0, 1, 0, 1, 1, 1, 0, 0, 1, 1, 0, 1, 1, 1, 0, 1, 1], [1, 1, 1, 0, 0, 0, 0, 1, 0, 1, 1, 0, 1, 0, 0, 0, 0, 1, 1, 1, 0, 0, 0, 0, 1], [1, 1, 0, 1, 0, 0, 1, 0, 1, 1, 1, 1, 0, 0, 1, 1, 0, 0, 0, 1, 1, 1, 0, 0, 0], [0, 0, 1, 0, 1, 0, 1, 1, 1, 1, 1, 0, 0, 0, 1, 1, 0, 0, 1, 0, 1, 1, 0, 0, 0], [1, 0, 0, 0, 0, 1, 0, 0, 1, 0, 0, 0, 1, 1, 0, 1, 1, 0, 1, 0, 1, 1, 0, 0, 1], [0, 0, 0, 1, 0, 0, 1, 0, 0, 1, 0, 0, 1, 1, 1, 0, 1, 1, 0, 0, 0, 0, 1, 0, 0], [0, 1, 1, 1, 0, 0, 0, 0, 1, 1, 1, 0, 0, 0, 1, 1, 0, 0, 1, 1, 0, 1, 0, 0, 0], [1, 0, 1, 1, 0, 0, 1, 1, 0, 0, 1, 1, 0, 0, 0, 1, 0, 0, 0, 1, 1, 1, 1, 0, 0], [1, 1, 0, 0, 0, 1, 1, 1, 0, 1, 0, 1, 0, 1, 1, 0, 1, 0, 0, 1, 1, 0, 1, 1, 1], [1, 1, 1, 1, 0, 1, 1, 1, 0, 1, 1, 1, 1, 0, 0, 0, 1, 1, 1, 0, 0, 0, 0, 1, 1], [0, 1, 0, 1, 0, 1, 0, 0, 0, 1, 1, 0, 1, 1, 1, 0, 0, 1, 1, 0, 0, 1, 1, 1, 1], [0, 0, 0, 0, 0, 0, 0, 1, 0, 1, 1, 0, 1, 1, 1, 0, 1, 1, 0, 0, 1, 0, 0, 1, 1], [0, 1, 0, 1, 0, 1, 1, 0, 1, 0, 0, 0, 0, 0, 0, 1, 0, 1, 1, 0, 1, 0, 0, 1, 1], [0, 0, 1, 1, 1, 0, 0, 1, 1, 0, 1, 0, 0, 0, 0, 0, 0, 0, 1, 1, 1, 1, 1, 0, 0], [1, 1, 0, 1, 0, 0, 0, 0, 0, 1, 1, 1, 0, 0, 1, 0, 0, 0, 1, 1, 1, 1, 1, 0, 0]]",4.0,9.0,Y,"{0: 13, 1: 220, 2: 211, 3: 22, 4: 4, 5: 202, 6: 193, 7: 184, 8: 175, 9: 166, 10: 157, 11: 148, 12: 139, 13: 130, 14: 121, 15: 112, 16: 103, 17: 94, 18: 85, 19: 76, 20: 67, 21: 58, 22: 49, 23: 40, 24: 31}","{(0, 2): 1, (0, 3): 1, (0, 6): 1, (0, 7): 1, (0, 8): 1, (0, 10): 1, (0, 11): 1, (0, 12): 1, (0, 14): 1, (0, 17): 1, (0, 18): 1, (0, 19): 1, (0, 24): 1, (1, 2): 89, (1, 7): 1, (1, 10): 1, (1, 11): 1, (1, 12): 1, (1, 16): 69, (1, 18): 1, (1, 19): 1, (1, 20): 54, (1, 22): 1, (1, 24): 1, (2, 3): 1, (2, 6): 1, (2, 7): 1, (2, 9): 79, (2, 11): 1, (2, 13): 34, (2, 16): 1, (2, 17): 1, (2, 19): 1, (2, 23): 1, (3, 4): 2, (3, 5): 1, (3, 7): 1, (3, 12): 1, (3, 15): 8, (3, 16): 1, (3, 17): 1, (3, 19): 1, (3, 20): 1, (3, 22): 1, (3, 23): 1, (3, 24): 1, (4, 13): 1, (4, 23): 1, (5, 6): 182, (5, 7): 1, (5, 14): 14, (5, 18): 1, (5, 19): 1, (5, 20): 1, (5, 22): 1, (6, 7): 1, (6, 10): 1, (6, 12): 1, (6, 13): 1, (6, 15): 1, (6, 17): 1, (6, 18): 1, (6, 19): 1, (6, 22): 1, (7, 8): 1, (7, 11): 1, (7, 13): 86, (7, 17): 53, (7, 18): 1, (7, 19): 1, (7, 21): 34, (7, 23): 1, (8, 9): 76, (8, 12): 1, (8, 13): 1, (8, 14): 1, (8, 16): 25, (8, 22): 39, (8, 23): 30, (9, 10): 1, (9, 11): 1, (9, 12): 1, (9, 13): 1, (9, 15): 1, (9, 16): 1, (9, 18): 1, (9, 19): 1, (9, 20): 1, (9, 21): 1, (9, 24): 1, (10, 11): 138, (10, 12): 1, (10, 13): 1, (10, 16): 1, (10, 17): 1, (10, 19): 1, (10, 20): 1, (10, 21): 7, (10, 23): 1, (10, 24): 1, (11, 12): 1, (11, 17): 1, (11, 18): 1, (11, 19): 1, (11, 24): 1, (12, 14): 1, (12, 15): 67, (12, 19): 61, (12, 20): 1, (12, 21): 1, (13, 14): 1, (13, 15): 1, (13, 18): 1, (13, 20): 1, (13, 21): 1, (14, 15): 1, (14, 16): 1, (14, 18): 71, (14, 20): 1, (14, 21): 9, (14, 24): 20, (15, 16): 1, (15, 17): 31, (15, 22): 1, (16, 18): 1, (16, 19): 1, (16, 21): 1, (17, 19): 1, (17, 20): 1, (17, 21): 1, (17, 22): 1, (18, 19): 1, (18, 20): 1, (18, 22): 1, (18, 23): 1, (18, 24): 1, (19, 23): 1, (19, 24): 1, (20, 21): 1, (20, 22): 1, (20, 23): 1, (20, 24): 1, (21, 23): 1, (21, 24): 1, (22, 23): 1, (22, 24): 1}",6471.000000146887
188.0,Graph with 25 nodes and 148 edges,"[[0, 1, 0, 1, 0, 0, 1, 1, 1, 1, 1, 0, 0, 0, 1, 0, 1, 0, 0, 1, 0, 0, 1, 1, 0], [1, 0, 0, 0, 0, 0, 0, 1, 1, 1, 0, 1, 0, 1, 0, 0, 1, 1, 0, 1, 0, 0, 1, 0, 0], [0, 0, 0, 1, 1, 0, 0, 0, 0, 1, 0, 0, 1, 1, 0, 1, 1, 0, 1, 1, 0, 1, 1, 1, 1], [1, 0, 1, 0, 0, 0, 0, 0, 1, 1, 0, 0, 0, 0, 0, 0, 1, 0, 1, 0, 1, 1, 1, 1, 1], [0, 0, 1, 0, 0, 0, 0, 1, 1, 0, 0, 1, 0, 0, 0, 1, 0, 0, 1, 1, 1, 1, 1, 1, 1], [0, 0, 0, 0, 0, 0, 0, 0, 1, 1, 0, 0, 1, 0, 0, 0, 0, 0, 0, 0, 0, 0, 0, 0, 0], [1, 0, 0, 0, 0, 0, 0, 1, 1, 1, 0, 0, 1, 0, 1, 1, 1, 1, 1, 1, 0, 1, 1, 1, 0], [1, 1, 0, 0, 1, 0, 1, 0, 1, 0, 1, 1, 0, 1, 0, 1, 1, 1, 0, 1, 1, 0, 0, 1, 0], [1, 1, 0, 1, 1, 1, 1, 1, 0, 1, 1, 1, 1, 1, 0, 1, 1, 1, 1, 1, 1, 0, 0, 1, 1], [1, 1, 1, 1, 0, 1, 1, 0, 1, 0, 1, 0, 1, 1, 1, 1, 1, 1, 0, 0, 1, 1, 1, 0, 0], [1, 0, 0, 0, 0, 0, 0, 1, 1, 1, 0, 0, 0, 0, 0, 1, 0, 0, 1, 0, 0, 1, 0, 1, 0], [0, 1, 0, 0, 1, 0, 0, 1, 1, 0, 0, 0, 1, 0, 0, 1, 0, 1, 0, 0, 0, 0, 0, 0, 1], [0, 0, 1, 0, 0, 1, 1, 0, 1, 1, 0, 1, 0, 0, 0, 0, 0, 0, 1, 1, 1, 1, 1, 1, 0], [0, 1, 1, 0, 0, 0, 0, 1, 1, 1, 0, 0, 0, 0, 0, 0, 1, 0, 0, 1, 1, 1, 1, 1, 0], [1, 0, 0, 0, 0, 0, 1, 0, 0, 1, 0, 0, 0, 0, 0, 0, 1, 0, 1, 0, 1, 1, 0, 0, 0], [0, 0, 1, 0, 1, 0, 1, 1, 1, 1, 1, 1, 0, 0, 0, 0, 0, 1, 0, 1, 1, 0, 0, 0, 1], [1, 1, 1, 1, 0, 0, 1, 1, 1, 1, 0, 0, 0, 1, 1, 0, 0, 0, 1, 1, 1, 1, 0, 0, 1], [0, 1, 0, 0, 0, 0, 1, 1, 1, 1, 0, 1, 0, 0, 0, 1, 0, 0, 0, 0, 1, 1, 1, 1, 1], [0, 0, 1, 1, 1, 0, 1, 0, 1, 0, 1, 0, 1, 0, 1, 0, 1, 0, 0, 0, 1, 0, 1, 0, 1], [1, 1, 1, 0, 1, 0, 1, 1, 1, 0, 0, 0, 1, 1, 0, 1, 1, 0, 0, 0, 0, 0, 0, 1, 0], [0, 0, 0, 1, 1, 0, 0, 1, 1, 1, 0, 0, 1, 1, 1, 1, 1, 1, 1, 0, 0, 0, 1, 1, 0], [0, 0, 1, 1, 1, 0, 1, 0, 0, 1, 1, 0, 1, 1, 1, 0, 1, 1, 0, 0, 0, 0, 1, 0, 0], [1, 1, 1, 1, 1, 0, 1, 0, 0, 1, 0, 0, 1, 1, 0, 0, 0, 1, 1, 0, 1, 1, 0, 0, 0], [1, 0, 1, 1, 1, 0, 1, 1, 1, 0, 1, 0, 1, 1, 0, 0, 0, 1, 0, 1, 1, 0, 0, 0, 0], [0, 0, 1, 1, 1, 0, 0, 0, 1, 0, 0, 1, 0, 0, 0, 1, 1, 1, 1, 0, 0, 0, 0, 0, 0]]",3.0,4.0,Y,"{0: 15, 1: 11, 2: 99, 3: 95, 4: 91, 5: 3, 6: 87, 7: 83, 8: 23, 9: 19, 10: 79, 11: 75, 12: 71, 13: 67, 14: 7, 15: 63, 16: 59, 17: 55, 18: 51, 19: 47, 20: 43, 21: 39, 22: 35, 23: 31, 24: 27}","{(0, 1): 1, (0, 3): 1, (0, 6): 1, (0, 7): 1, (0, 8): 1, (0, 9): 1, (0, 10): 4, (0, 14): 1, (0, 16): 1, (0, 19): 1, (0, 22): 1, (0, 23): 1, (1, 7): 1, (1, 8): 1, (1, 9): 1, (1, 11): 1, (1, 13): 2, (1, 16): 1, (1, 17): 1, (1, 19): 1, (1, 22): 1, (2, 3): 24, (2, 4): 34, (2, 9): 1, (2, 12): 1, (2, 13): 31, (2, 15): 1, (2, 16): 1, (2, 18): 1, (2, 19): 1, (2, 21): 1, (2, 22): 1, (2, 23): 1, (2, 24): 1, (3, 8): 1, (3, 9): 1, (3, 16): 1, (3, 18): 1, (3, 20): 30, (3, 21): 15, (3, 22): 1, (3, 23): 1, (3, 24): 19, (4, 7): 1, (4, 8): 1, (4, 11): 25, (4, 15): 23, (4, 18): 1, (4, 19): 1, (4, 20): 1, (4, 21): 1, (4, 22): 1, (4, 23): 1, (4, 24): 1, (5, 8): 1, (5, 9): 1, (5, 12): 1, (6, 7): 1, (6, 8): 1, (6, 9): 1, (6, 12): 1, (6, 14): 1, (6, 15): 30, (6, 16): 45, (6, 17): 1, (6, 18): 1, (6, 19): 1, (6, 21): 1, (6, 22): 1, (6, 23): 1, (7, 8): 1, (7, 10): 45, (7, 11): 1, (7, 13): 1, (7, 15): 1, (7, 16): 1, (7, 17): 1, (7, 19): 16, (7, 20): 1, (7, 23): 10, (8, 9): 1, (8, 10): 1, (8, 11): 1, (8, 12): 1, (8, 13): 4, (8, 15): 1, (8, 16): 1, (8, 17): 1, (8, 18): 1, (8, 19): 1, (8, 20): 1, (8, 23): 1, (8, 24): 1, (9, 10): 3, (9, 12): 1, (9, 13): 1, (9, 14): 1, (9, 15): 1, (9, 16): 1, (9, 17): 1, (9, 20): 1, (9, 21): 1, (9, 22): 1, (10, 15): 1, (10, 18): 1, (10, 21): 14, (10, 23): 9, (11, 12): 1, (11, 15): 1, (11, 17): 44, (11, 24): 1, (12, 18): 40, (12, 19): 21, (12, 20): 1, (12, 21): 1, (12, 22): 1, (12, 23): 1, (13, 16): 1, (13, 19): 1, (13, 20): 1, (13, 21): 1, (13, 22): 23, (13, 23): 1, (14, 16): 1, (14, 18): 1, (14, 20): 1, (14, 21): 1, (15, 17): 1, (15, 19): 1, (15, 20): 1, (15, 24): 1, (16, 18): 1, (16, 19): 1, (16, 20): 1, (16, 21): 1, (16, 24): 1, (17, 20): 1, (17, 21): 1, (17, 22): 1, (17, 23): 1, (17, 24): 1, (18, 20): 1, (18, 22): 1, (18, 24): 1, (19, 23): 1, (20, 22): 1, (20, 23): 1, (21, 22): 1}",5863.999999974112
188.0,Graph with 25 nodes and 148 edges,"[[0, 1, 0, 1, 0, 0, 1, 1, 1, 1, 1, 0, 0, 0, 1, 0, 1, 0, 0, 1, 0, 0, 1, 1, 0], [1, 0, 0, 0, 0, 0, 0, 1, 1, 1, 0, 1, 0, 1, 0, 0, 1, 1, 0, 1, 0, 0, 1, 0, 0], [0, 0, 0, 1, 1, 0, 0, 0, 0, 1, 0, 0, 1, 1, 0, 1, 1, 0, 1, 1, 0, 1, 1, 1, 1], [1, 0, 1, 0, 0, 0, 0, 0, 1, 1, 0, 0, 0, 0, 0, 0, 1, 0, 1, 0, 1, 1, 1, 1, 1], [0, 0, 1, 0, 0, 0, 0, 1, 1, 0, 0, 1, 0, 0, 0, 1, 0, 0, 1, 1, 1, 1, 1, 1, 1], [0, 0, 0, 0, 0, 0, 0, 0, 1, 1, 0, 0, 1, 0, 0, 0, 0, 0, 0, 0, 0, 0, 0, 0, 0], [1, 0, 0, 0, 0, 0, 0, 1, 1, 1, 0, 0, 1, 0, 1, 1, 1, 1, 1, 1, 0, 1, 1, 1, 0], [1, 1, 0, 0, 1, 0, 1, 0, 1, 0, 1, 1, 0, 1, 0, 1, 1, 1, 0, 1, 1, 0, 0, 1, 0], [1, 1, 0, 1, 1, 1, 1, 1, 0, 1, 1, 1, 1, 1, 0, 1, 1, 1, 1, 1, 1, 0, 0, 1, 1], [1, 1, 1, 1, 0, 1, 1, 0, 1, 0, 1, 0, 1, 1, 1, 1, 1, 1, 0, 0, 1, 1, 1, 0, 0], [1, 0, 0, 0, 0, 0, 0, 1, 1, 1, 0, 0, 0, 0, 0, 1, 0, 0, 1, 0, 0, 1, 0, 1, 0], [0, 1, 0, 0, 1, 0, 0, 1, 1, 0, 0, 0, 1, 0, 0, 1, 0, 1, 0, 0, 0, 0, 0, 0, 1], [0, 0, 1, 0, 0, 1, 1, 0, 1, 1, 0, 1, 0, 0, 0, 0, 0, 0, 1, 1, 1, 1, 1, 1, 0], [0, 1, 1, 0, 0, 0, 0, 1, 1, 1, 0, 0, 0, 0, 0, 0, 1, 0, 0, 1, 1, 1, 1, 1, 0], [1, 0, 0, 0, 0, 0, 1, 0, 0, 1, 0, 0, 0, 0, 0, 0, 1, 0, 1, 0, 1, 1, 0, 0, 0], [0, 0, 1, 0, 1, 0, 1, 1, 1, 1, 1, 1, 0, 0, 0, 0, 0, 1, 0, 1, 1, 0, 0, 0, 1], [1, 1, 1, 1, 0, 0, 1, 1, 1, 1, 0, 0, 0, 1, 1, 0, 0, 0, 1, 1, 1, 1, 0, 0, 1], [0, 1, 0, 0, 0, 0, 1, 1, 1, 1, 0, 1, 0, 0, 0, 1, 0, 0, 0, 0, 1, 1, 1, 1, 1], [0, 0, 1, 1, 1, 0, 1, 0, 1, 0, 1, 0, 1, 0, 1, 0, 1, 0, 0, 0, 1, 0, 1, 0, 1], [1, 1, 1, 0, 1, 0, 1, 1, 1, 0, 0, 0, 1, 1, 0, 1, 1, 0, 0, 0, 0, 0, 0, 1, 0], [0, 0, 0, 1, 1, 0, 0, 1, 1, 1, 0, 0, 1, 1, 1, 1, 1, 1, 1, 0, 0, 0, 1, 1, 0], [0, 0, 1, 1, 1, 0, 1, 0, 0, 1, 1, 0, 1, 1, 1, 0, 1, 1, 0, 0, 0, 0, 1, 0, 0], [1, 1, 1, 1, 1, 0, 1, 0, 0, 1, 0, 0, 1, 1, 0, 0, 0, 1, 1, 0, 1, 1, 0, 0, 0], [1, 0, 1, 1, 1, 0, 1, 1, 1, 0, 1, 0, 1, 1, 0, 0, 0, 1, 0, 1, 1, 0, 0, 0, 0], [0, 0, 1, 1, 1, 0, 0, 0, 1, 0, 0, 1, 0, 0, 0, 1, 1, 1, 1, 0, 0, 0, 0, 0, 0]]",3.0,5.0,Y,"{0: 13, 1: 123, 2: 118, 3: 113, 4: 108, 5: 3, 6: 18, 7: 103, 8: 23, 9: 98, 10: 8, 11: 93, 12: 88, 13: 83, 14: 78, 15: 73, 16: 68, 17: 63, 18: 58, 19: 53, 20: 48, 21: 43, 22: 38, 23: 33, 24: 28}","{(0, 1): 1, (0, 3): 1, (0, 6): 1, (0, 7): 1, (0, 8): 1, (0, 9): 1, (0, 10): 1, (0, 14): 2, (0, 16): 1, (0, 19): 1, (0, 22): 1, (0, 23): 1, (1, 7): 1, (1, 8): 1, (1, 9): 1, (1, 11): 19, (1, 13): 45, (1, 16): 1, (1, 17): 52, (1, 19): 1, (1, 22): 1, (2, 3): 1, (2, 4): 97, (2, 9): 1, (2, 12): 7, (2, 13): 1, (2, 15): 4, (2, 16): 1, (2, 18): 1, (2, 19): 1, (2, 21): 1, (2, 22): 1, (2, 23): 1, (2, 24): 1, (3, 8): 1, (3, 9): 1, (3, 16): 47, (3, 18): 37, (3, 20): 1, (3, 21): 1, (3, 22): 1, (3, 23): 1, (3, 24): 20, (4, 7): 1, (4, 8): 1, (4, 11): 1, (4, 15): 1, (4, 18): 1, (4, 19): 1, (4, 20): 1, (4, 21): 1, (4, 22): 1, (4, 23): 1, (4, 24): 1, (5, 8): 1, (5, 9): 1, (5, 12): 1, (6, 7): 1, (6, 8): 1, (6, 9): 1, (6, 12): 1, (6, 14): 5, (6, 15): 1, (6, 16): 1, (6, 17): 1, (6, 18): 1, (6, 19): 1, (6, 21): 1, (6, 22): 1, (6, 23): 1, (7, 8): 1, (7, 10): 1, (7, 11): 1, (7, 13): 29, (7, 15): 1, (7, 16): 1, (7, 17): 1, (7, 19): 42, (7, 20): 1, (7, 23): 21, (8, 9): 1, (8, 10): 1, (8, 11): 1, (8, 12): 4, (8, 13): 1, (8, 15): 1, (8, 16): 1, (8, 17): 1, (8, 18): 1, (8, 19): 1, (8, 20): 1, (8, 23): 1, (8, 24): 1, (9, 10): 1, (9, 12): 1, (9, 13): 1, (9, 14): 2, (9, 15): 59, (9, 16): 1, (9, 17): 1, (9, 20): 1, (9, 21): 1, (9, 22): 23, (10, 15): 1, (10, 18): 1, (10, 21): 1, (10, 23): 1, (11, 12): 68, (11, 15): 1, (11, 17): 1, (11, 24): 1, (12, 18): 1, (12, 19): 1, (12, 20): 1, (12, 21): 1, (12, 22): 1, (12, 23): 1, (13, 16): 1, (13, 19): 1, (13, 20): 1, (13, 21): 1, (13, 22): 1, (13, 23): 1, (14, 16): 1, (14, 18): 1, (14, 20): 35, (14, 21): 32, (15, 17): 1, (15, 19): 1, (15, 20): 1, (15, 24): 1, (16, 18): 7, (16, 19): 1, (16, 20): 1, (16, 21): 1, (16, 24): 1, (17, 20): 1, (17, 21): 1, (17, 22): 1, (17, 23): 1, (17, 24): 1, (18, 20): 1, (18, 22): 4, (18, 24): 1, (19, 23): 1, (20, 22): 1, (20, 23): 1, (21, 22): 1}",6395.999999995183
188.0,Graph with 25 nodes and 148 edges,"[[0, 1, 0, 1, 0, 0, 1, 1, 1, 1, 1, 0, 0, 0, 1, 0, 1, 0, 0, 1, 0, 0, 1, 1, 0], [1, 0, 0, 0, 0, 0, 0, 1, 1, 1, 0, 1, 0, 1, 0, 0, 1, 1, 0, 1, 0, 0, 1, 0, 0], [0, 0, 0, 1, 1, 0, 0, 0, 0, 1, 0, 0, 1, 1, 0, 1, 1, 0, 1, 1, 0, 1, 1, 1, 1], [1, 0, 1, 0, 0, 0, 0, 0, 1, 1, 0, 0, 0, 0, 0, 0, 1, 0, 1, 0, 1, 1, 1, 1, 1], [0, 0, 1, 0, 0, 0, 0, 1, 1, 0, 0, 1, 0, 0, 0, 1, 0, 0, 1, 1, 1, 1, 1, 1, 1], [0, 0, 0, 0, 0, 0, 0, 0, 1, 1, 0, 0, 1, 0, 0, 0, 0, 0, 0, 0, 0, 0, 0, 0, 0], [1, 0, 0, 0, 0, 0, 0, 1, 1, 1, 0, 0, 1, 0, 1, 1, 1, 1, 1, 1, 0, 1, 1, 1, 0], [1, 1, 0, 0, 1, 0, 1, 0, 1, 0, 1, 1, 0, 1, 0, 1, 1, 1, 0, 1, 1, 0, 0, 1, 0], [1, 1, 0, 1, 1, 1, 1, 1, 0, 1, 1, 1, 1, 1, 0, 1, 1, 1, 1, 1, 1, 0, 0, 1, 1], [1, 1, 1, 1, 0, 1, 1, 0, 1, 0, 1, 0, 1, 1, 1, 1, 1, 1, 0, 0, 1, 1, 1, 0, 0], [1, 0, 0, 0, 0, 0, 0, 1, 1, 1, 0, 0, 0, 0, 0, 1, 0, 0, 1, 0, 0, 1, 0, 1, 0], [0, 1, 0, 0, 1, 0, 0, 1, 1, 0, 0, 0, 1, 0, 0, 1, 0, 1, 0, 0, 0, 0, 0, 0, 1], [0, 0, 1, 0, 0, 1, 1, 0, 1, 1, 0, 1, 0, 0, 0, 0, 0, 0, 1, 1, 1, 1, 1, 1, 0], [0, 1, 1, 0, 0, 0, 0, 1, 1, 1, 0, 0, 0, 0, 0, 0, 1, 0, 0, 1, 1, 1, 1, 1, 0], [1, 0, 0, 0, 0, 0, 1, 0, 0, 1, 0, 0, 0, 0, 0, 0, 1, 0, 1, 0, 1, 1, 0, 0, 0], [0, 0, 1, 0, 1, 0, 1, 1, 1, 1, 1, 1, 0, 0, 0, 0, 0, 1, 0, 1, 1, 0, 0, 0, 1], [1, 1, 1, 1, 0, 0, 1, 1, 1, 1, 0, 0, 0, 1, 1, 0, 0, 0, 1, 1, 1, 1, 0, 0, 1], [0, 1, 0, 0, 0, 0, 1, 1, 1, 1, 0, 1, 0, 0, 0, 1, 0, 0, 0, 0, 1, 1, 1, 1, 1], [0, 0, 1, 1, 1, 0, 1, 0, 1, 0, 1, 0, 1, 0, 1, 0, 1, 0, 0, 0, 1, 0, 1, 0, 1], [1, 1, 1, 0, 1, 0, 1, 1, 1, 0, 0, 0, 1, 1, 0, 1, 1, 0, 0, 0, 0, 0, 0, 1, 0], [0, 0, 0, 1, 1, 0, 0, 1, 1, 1, 0, 0, 1, 1, 1, 1, 1, 1, 1, 0, 0, 0, 1, 1, 0], [0, 0, 1, 1, 1, 0, 1, 0, 0, 1, 1, 0, 1, 1, 1, 0, 1, 1, 0, 0, 0, 0, 1, 0, 0], [1, 1, 1, 1, 1, 0, 1, 0, 0, 1, 0, 0, 1, 1, 0, 0, 0, 1, 1, 0, 1, 1, 0, 0, 0], [1, 0, 1, 1, 1, 0, 1, 1, 1, 0, 1, 0, 1, 1, 0, 0, 0, 1, 0, 1, 1, 0, 0, 0, 0], [0, 0, 1, 1, 1, 0, 0, 0, 1, 0, 0, 1, 0, 0, 0, 1, 1, 1, 1, 0, 0, 0, 0, 0, 0]]",3.0,6.0,Y,"{0: 15, 1: 147, 2: 141, 3: 135, 4: 129, 5: 3, 6: 123, 7: 117, 8: 21, 9: 111, 10: 9, 11: 105, 12: 99, 13: 93, 14: 87, 15: 81, 16: 75, 17: 69, 18: 63, 19: 57, 20: 51, 21: 45, 22: 39, 23: 33, 24: 27}","{(0, 1): 1, (0, 3): 1, (0, 6): 1, (0, 7): 1, (0, 8): 1, (0, 9): 4, (0, 10): 1, (0, 14): 1, (0, 16): 1, (0, 19): 1, (0, 22): 1, (0, 23): 1, (1, 7): 1, (1, 8): 1, (1, 9): 1, (1, 11): 7, (1, 13): 83, (1, 16): 1, (1, 17): 50, (1, 19): 1, (1, 22): 1, (2, 3): 1, (2, 4): 118, (2, 9): 1, (2, 12): 5, (2, 13): 1, (2, 15): 1, (2, 16): 1, (2, 18): 7, (2, 19): 1, (2, 21): 1, (2, 22): 1, (2, 23): 1, (2, 24): 1, (3, 8): 1, (3, 9): 25, (3, 16): 1, (3, 18): 45, (3, 20): 38, (3, 21): 1, (3, 22): 1, (3, 23): 1, (3, 24): 19, (4, 7): 1, (4, 8): 1, (4, 11): 1, (4, 15): 1, (4, 18): 1, (4, 19): 1, (4, 20): 1, (4, 21): 1, (4, 22): 1, (4, 23): 1, (4, 24): 1, (5, 8): 1, (5, 9): 1, (5, 12): 1, (6, 7): 1, (6, 8): 1, (6, 9): 1, (6, 12): 1, (6, 14): 15, (6, 15): 70, (6, 16): 1, (6, 17): 1, (6, 18): 1, (6, 19): 1, (6, 21): 1, (6, 22): 27, (6, 23): 1, (7, 8): 1, (7, 10): 1, (7, 11): 84, (7, 13): 1, (7, 15): 1, (7, 16): 1, (7, 17): 1, (7, 19): 1, (7, 20): 1, (7, 23): 21, (8, 9): 2, (8, 10): 1, (8, 11): 1, (8, 12): 1, (8, 13): 1, (8, 15): 1, (8, 16): 1, (8, 17): 1, (8, 18): 1, (8, 19): 1, (8, 20): 1, (8, 23): 1, (8, 24): 1, (9, 10): 2, (9, 12): 38, (9, 13): 1, (9, 14): 1, (9, 15): 1, (9, 16): 1, (9, 17): 1, (9, 20): 1, (9, 21): 28, (9, 22): 1, (10, 15): 1, (10, 18): 1, (10, 21): 1, (10, 23): 1, (11, 12): 1, (11, 15): 1, (11, 17): 9, (11, 24): 1, (12, 18): 1, (12, 19): 46, (12, 20): 1, (12, 21): 1, (12, 22): 1, (12, 23): 1, (13, 16): 1, (13, 19): 1, (13, 20): 1, (13, 21): 1, (13, 22): 1, (13, 23): 1, (14, 16): 61, (14, 18): 1, (14, 20): 1, (14, 21): 7, (15, 17): 1, (15, 19): 1, (15, 20): 1, (15, 24): 1, (16, 18): 1, (16, 19): 1, (16, 20): 1, (16, 21): 1, (16, 24): 1, (17, 20): 1, (17, 21): 1, (17, 22): 1, (17, 23): 1, (17, 24): 1, (18, 20): 1, (18, 22): 1, (18, 24): 1, (19, 23): 1, (20, 22): 1, (20, 23): 1, (21, 22): 1}",6051.999999954205
188.0,Graph with 25 nodes and 148 edges,"[[0, 1, 0, 1, 0, 0, 1, 1, 1, 1, 1, 0, 0, 0, 1, 0, 1, 0, 0, 1, 0, 0, 1, 1, 0], [1, 0, 0, 0, 0, 0, 0, 1, 1, 1, 0, 1, 0, 1, 0, 0, 1, 1, 0, 1, 0, 0, 1, 0, 0], [0, 0, 0, 1, 1, 0, 0, 0, 0, 1, 0, 0, 1, 1, 0, 1, 1, 0, 1, 1, 0, 1, 1, 1, 1], [1, 0, 1, 0, 0, 0, 0, 0, 1, 1, 0, 0, 0, 0, 0, 0, 1, 0, 1, 0, 1, 1, 1, 1, 1], [0, 0, 1, 0, 0, 0, 0, 1, 1, 0, 0, 1, 0, 0, 0, 1, 0, 0, 1, 1, 1, 1, 1, 1, 1], [0, 0, 0, 0, 0, 0, 0, 0, 1, 1, 0, 0, 1, 0, 0, 0, 0, 0, 0, 0, 0, 0, 0, 0, 0], [1, 0, 0, 0, 0, 0, 0, 1, 1, 1, 0, 0, 1, 0, 1, 1, 1, 1, 1, 1, 0, 1, 1, 1, 0], [1, 1, 0, 0, 1, 0, 1, 0, 1, 0, 1, 1, 0, 1, 0, 1, 1, 1, 0, 1, 1, 0, 0, 1, 0], [1, 1, 0, 1, 1, 1, 1, 1, 0, 1, 1, 1, 1, 1, 0, 1, 1, 1, 1, 1, 1, 0, 0, 1, 1], [1, 1, 1, 1, 0, 1, 1, 0, 1, 0, 1, 0, 1, 1, 1, 1, 1, 1, 0, 0, 1, 1, 1, 0, 0], [1, 0, 0, 0, 0, 0, 0, 1, 1, 1, 0, 0, 0, 0, 0, 1, 0, 0, 1, 0, 0, 1, 0, 1, 0], [0, 1, 0, 0, 1, 0, 0, 1, 1, 0, 0, 0, 1, 0, 0, 1, 0, 1, 0, 0, 0, 0, 0, 0, 1], [0, 0, 1, 0, 0, 1, 1, 0, 1, 1, 0, 1, 0, 0, 0, 0, 0, 0, 1, 1, 1, 1, 1, 1, 0], [0, 1, 1, 0, 0, 0, 0, 1, 1, 1, 0, 0, 0, 0, 0, 0, 1, 0, 0, 1, 1, 1, 1, 1, 0], [1, 0, 0, 0, 0, 0, 1, 0, 0, 1, 0, 0, 0, 0, 0, 0, 1, 0, 1, 0, 1, 1, 0, 0, 0], [0, 0, 1, 0, 1, 0, 1, 1, 1, 1, 1, 1, 0, 0, 0, 0, 0, 1, 0, 1, 1, 0, 0, 0, 1], [1, 1, 1, 1, 0, 0, 1, 1, 1, 1, 0, 0, 0, 1, 1, 0, 0, 0, 1, 1, 1, 1, 0, 0, 1], [0, 1, 0, 0, 0, 0, 1, 1, 1, 1, 0, 1, 0, 0, 0, 1, 0, 0, 0, 0, 1, 1, 1, 1, 1], [0, 0, 1, 1, 1, 0, 1, 0, 1, 0, 1, 0, 1, 0, 1, 0, 1, 0, 0, 0, 1, 0, 1, 0, 1], [1, 1, 1, 0, 1, 0, 1, 1, 1, 0, 0, 0, 1, 1, 0, 1, 1, 0, 0, 0, 0, 0, 0, 1, 0], [0, 0, 0, 1, 1, 0, 0, 1, 1, 1, 0, 0, 1, 1, 1, 1, 1, 1, 1, 0, 0, 0, 1, 1, 0], [0, 0, 1, 1, 1, 0, 1, 0, 0, 1, 1, 0, 1, 1, 1, 0, 1, 1, 0, 0, 0, 0, 1, 0, 0], [1, 1, 1, 1, 1, 0, 1, 0, 0, 1, 0, 0, 1, 1, 0, 0, 0, 1, 1, 0, 1, 1, 0, 0, 0], [1, 0, 1, 1, 1, 0, 1, 1, 1, 0, 1, 0, 1, 1, 0, 0, 0, 1, 0, 1, 1, 0, 0, 0, 0], [0, 0, 1, 1, 1, 0, 0, 0, 1, 0, 0, 1, 0, 0, 0, 1, 1, 1, 1, 0, 0, 0, 0, 0, 0]]",3.0,7.0,Y,"{0: 17, 1: 10, 2: 171, 3: 164, 4: 157, 5: 3, 6: 150, 7: 143, 8: 24, 9: 136, 10: 129, 11: 122, 12: 115, 13: 108, 14: 101, 15: 94, 16: 87, 17: 80, 18: 73, 19: 66, 20: 59, 21: 52, 22: 45, 23: 38, 24: 31}","{(0, 1): 1, (0, 3): 1, (0, 6): 1, (0, 7): 1, (0, 8): 1, (0, 9): 6, (0, 10): 1, (0, 14): 1, (0, 16): 1, (0, 19): 1, (0, 22): 1, (0, 23): 1, (1, 7): 1, (1, 8): 1, (1, 9): 1, (1, 11): 1, (1, 13): 1, (1, 16): 1, (1, 17): 1, (1, 19): 1, (1, 22): 1, (2, 3): 109, (2, 4): 1, (2, 9): 1, (2, 12): 51, (2, 13): 1, (2, 15): 1, (2, 16): 1, (2, 18): 1, (2, 19): 1, (2, 21): 1, (2, 22): 1, (2, 23): 1, (2, 24): 1, (3, 8): 1, (3, 9): 1, (3, 16): 1, (3, 18): 1, (3, 20): 46, (3, 21): 1, (3, 22): 1, (3, 23): 1, (3, 24): 1, (4, 7): 1, (4, 8): 1, (4, 11): 1, (4, 15): 83, (4, 18): 42, (4, 19): 1, (4, 20): 1, (4, 21): 1, (4, 22): 1, (4, 23): 1, (4, 24): 23, (5, 8): 1, (5, 9): 1, (5, 12): 1, (6, 7): 1, (6, 8): 1, (6, 9): 109, (6, 12): 1, (6, 14): 1, (6, 15): 1, (6, 16): 1, (6, 17): 1, (6, 18): 14, (6, 19): 1, (6, 21): 15, (6, 22): 1, (6, 23): 1, (7, 8): 1, (7, 10): 112, (7, 11): 1, (7, 13): 1, (7, 15): 1, (7, 16): 4, (7, 17): 1, (7, 19): 1, (7, 20): 1, (7, 23): 15, (8, 9): 1, (8, 10): 5, (8, 11): 1, (8, 12): 1, (8, 13): 1, (8, 15): 1, (8, 16): 1, (8, 17): 1, (8, 18): 1, (8, 19): 1, (8, 20): 1, (8, 23): 1, (8, 24): 1, (9, 10): 6, (9, 12): 1, (9, 13): 1, (9, 14): 1, (9, 15): 1, (9, 16): 1, (9, 17): 1, (9, 20): 1, (9, 21): 1, (9, 22): 1, (10, 15): 1, (10, 18): 1, (10, 21): 1, (10, 23): 1, (11, 12): 47, (11, 15): 1, (11, 17): 69, (11, 24): 1, (12, 18): 8, (12, 19): 1, (12, 20): 1, (12, 21): 1, (12, 22): 1, (12, 23): 1, (13, 16): 1, (13, 19): 55, (13, 20): 1, (13, 21): 1, (13, 22): 33, (13, 23): 12, (14, 16): 69, (14, 18): 1, (14, 20): 1, (14, 21): 26, (15, 17): 1, (15, 19): 1, (15, 20): 1, (15, 24): 1, (16, 18): 1, (16, 19): 1, (16, 20): 1, (16, 21): 1, (16, 24): 1, (17, 20): 1, (17, 21): 1, (17, 22): 1, (17, 23): 1, (17, 24): 1, (18, 20): 1, (18, 22): 1, (18, 24): 1, (19, 23): 1, (20, 22): 1, (20, 23): 1, (21, 22): 1}",6414.000000177111
188.0,Graph with 25 nodes and 148 edges,"[[0, 1, 0, 1, 0, 0, 1, 1, 1, 1, 1, 0, 0, 0, 1, 0, 1, 0, 0, 1, 0, 0, 1, 1, 0], [1, 0, 0, 0, 0, 0, 0, 1, 1, 1, 0, 1, 0, 1, 0, 0, 1, 1, 0, 1, 0, 0, 1, 0, 0], [0, 0, 0, 1, 1, 0, 0, 0, 0, 1, 0, 0, 1, 1, 0, 1, 1, 0, 1, 1, 0, 1, 1, 1, 1], [1, 0, 1, 0, 0, 0, 0, 0, 1, 1, 0, 0, 0, 0, 0, 0, 1, 0, 1, 0, 1, 1, 1, 1, 1], [0, 0, 1, 0, 0, 0, 0, 1, 1, 0, 0, 1, 0, 0, 0, 1, 0, 0, 1, 1, 1, 1, 1, 1, 1], [0, 0, 0, 0, 0, 0, 0, 0, 1, 1, 0, 0, 1, 0, 0, 0, 0, 0, 0, 0, 0, 0, 0, 0, 0], [1, 0, 0, 0, 0, 0, 0, 1, 1, 1, 0, 0, 1, 0, 1, 1, 1, 1, 1, 1, 0, 1, 1, 1, 0], [1, 1, 0, 0, 1, 0, 1, 0, 1, 0, 1, 1, 0, 1, 0, 1, 1, 1, 0, 1, 1, 0, 0, 1, 0], [1, 1, 0, 1, 1, 1, 1, 1, 0, 1, 1, 1, 1, 1, 0, 1, 1, 1, 1, 1, 1, 0, 0, 1, 1], [1, 1, 1, 1, 0, 1, 1, 0, 1, 0, 1, 0, 1, 1, 1, 1, 1, 1, 0, 0, 1, 1, 1, 0, 0], [1, 0, 0, 0, 0, 0, 0, 1, 1, 1, 0, 0, 0, 0, 0, 1, 0, 0, 1, 0, 0, 1, 0, 1, 0], [0, 1, 0, 0, 1, 0, 0, 1, 1, 0, 0, 0, 1, 0, 0, 1, 0, 1, 0, 0, 0, 0, 0, 0, 1], [0, 0, 1, 0, 0, 1, 1, 0, 1, 1, 0, 1, 0, 0, 0, 0, 0, 0, 1, 1, 1, 1, 1, 1, 0], [0, 1, 1, 0, 0, 0, 0, 1, 1, 1, 0, 0, 0, 0, 0, 0, 1, 0, 0, 1, 1, 1, 1, 1, 0], [1, 0, 0, 0, 0, 0, 1, 0, 0, 1, 0, 0, 0, 0, 0, 0, 1, 0, 1, 0, 1, 1, 0, 0, 0], [0, 0, 1, 0, 1, 0, 1, 1, 1, 1, 1, 1, 0, 0, 0, 0, 0, 1, 0, 1, 1, 0, 0, 0, 1], [1, 1, 1, 1, 0, 0, 1, 1, 1, 1, 0, 0, 0, 1, 1, 0, 0, 0, 1, 1, 1, 1, 0, 0, 1], [0, 1, 0, 0, 0, 0, 1, 1, 1, 1, 0, 1, 0, 0, 0, 1, 0, 0, 0, 0, 1, 1, 1, 1, 1], [0, 0, 1, 1, 1, 0, 1, 0, 1, 0, 1, 0, 1, 0, 1, 0, 1, 0, 0, 0, 1, 0, 1, 0, 1], [1, 1, 1, 0, 1, 0, 1, 1, 1, 0, 0, 0, 1, 1, 0, 1, 1, 0, 0, 0, 0, 0, 0, 1, 0], [0, 0, 0, 1, 1, 0, 0, 1, 1, 1, 0, 0, 1, 1, 1, 1, 1, 1, 1, 0, 0, 0, 1, 1, 0], [0, 0, 1, 1, 1, 0, 1, 0, 0, 1, 1, 0, 1, 1, 1, 0, 1, 1, 0, 0, 0, 0, 1, 0, 0], [1, 1, 1, 1, 1, 0, 1, 0, 0, 1, 0, 0, 1, 1, 0, 0, 0, 1, 1, 0, 1, 1, 0, 0, 0], [1, 0, 1, 1, 1, 0, 1, 1, 1, 0, 1, 0, 1, 1, 0, 0, 0, 1, 0, 1, 1, 0, 0, 0, 0], [0, 0, 1, 1, 1, 0, 0, 0, 1, 0, 0, 1, 0, 0, 0, 1, 1, 1, 1, 0, 0, 0, 0, 0, 0]]",3.0,8.0,Y,"{0: 19, 1: 11, 2: 195, 3: 187, 4: 179, 5: 3, 6: 171, 7: 163, 8: 27, 9: 155, 10: 147, 11: 139, 12: 131, 13: 123, 14: 115, 15: 107, 16: 99, 17: 91, 18: 83, 19: 75, 20: 67, 21: 59, 22: 51, 23: 43, 24: 35}","{(0, 1): 1, (0, 3): 1, (0, 6): 1, (0, 7): 1, (0, 8): 1, (0, 9): 1, (0, 10): 8, (0, 14): 1, (0, 16): 1, (0, 19): 1, (0, 22): 1, (0, 23): 1, (1, 7): 2, (1, 8): 1, (1, 9): 1, (1, 11): 1, (1, 13): 1, (1, 16): 1, (1, 17): 1, (1, 19): 1, (1, 22): 1, (2, 3): 1, (2, 4): 64, (2, 9): 1, (2, 12): 120, (2, 13): 1, (2, 15): 1, (2, 16): 1, (2, 18): 1, (2, 19): 1, (2, 21): 1, (2, 22): 1, (2, 23): 1, (2, 24): 1, (3, 8): 1, (3, 9): 27, (3, 16): 13, (3, 18): 1, (3, 20): 54, (3, 21): 48, (3, 22): 39, (3, 23): 1, (3, 24): 1, (4, 7): 32, (4, 8): 1, (4, 11): 1, (4, 15): 1, (4, 18): 47, (4, 19): 1, (4, 20): 1, (4, 21): 1, (4, 22): 1, (4, 23): 1, (4, 24): 27, (5, 8): 1, (5, 9): 1, (5, 12): 1, (6, 7): 1, (6, 8): 1, (6, 9): 1, (6, 12): 1, (6, 14): 86, (6, 15): 1, (6, 16): 73, (6, 17): 1, (6, 18): 1, (6, 19): 1, (6, 21): 1, (6, 22): 1, (6, 23): 1, (7, 8): 1, (7, 10): 1, (7, 11): 53, (7, 13): 1, (7, 15): 2, (7, 16): 1, (7, 17): 1, (7, 19): 64, (7, 20): 1, (7, 23): 1, (8, 9): 1, (8, 10): 8, (8, 11): 1, (8, 12): 1, (8, 13): 1, (8, 15): 1, (8, 16): 1, (8, 17): 1, (8, 18): 1, (8, 19): 1, (8, 20): 1, (8, 23): 1, (8, 24): 1, (9, 10): 1, (9, 12): 1, (9, 13): 113, (9, 14): 1, (9, 15): 1, (9, 16): 1, (9, 17): 1, (9, 20): 1, (9, 21): 1, (9, 22): 1, (10, 15): 94, (10, 18): 2, (10, 21): 1, (10, 23): 31, (11, 12): 1, (11, 15): 1, (11, 17): 80, (11, 24): 1, (12, 18): 1, (12, 19): 1, (12, 20): 1, (12, 21): 1, (12, 22): 1, (12, 23): 1, (13, 16): 1, (13, 19): 1, (13, 20): 1, (13, 21): 1, (13, 22): 1, (13, 23): 1, (14, 16): 1, (14, 18): 24, (14, 20): 1, (14, 21): 1, (15, 17): 1, (15, 19): 1, (15, 20): 1, (15, 24): 1, (16, 18): 1, (16, 19): 1, (16, 20): 1, (16, 21): 1, (16, 24): 1, (17, 20): 1, (17, 21): 1, (17, 22): 1, (17, 23): 1, (17, 24): 1, (18, 20): 1, (18, 22): 1, (18, 24): 1, (19, 23): 1, (20, 22): 1, (20, 23): 1, (21, 22): 1}",6327.999999939493
188.0,Graph with 25 nodes and 148 edges,"[[0, 1, 0, 1, 0, 0, 1, 1, 1, 1, 1, 0, 0, 0, 1, 0, 1, 0, 0, 1, 0, 0, 1, 1, 0], [1, 0, 0, 0, 0, 0, 0, 1, 1, 1, 0, 1, 0, 1, 0, 0, 1, 1, 0, 1, 0, 0, 1, 0, 0], [0, 0, 0, 1, 1, 0, 0, 0, 0, 1, 0, 0, 1, 1, 0, 1, 1, 0, 1, 1, 0, 1, 1, 1, 1], [1, 0, 1, 0, 0, 0, 0, 0, 1, 1, 0, 0, 0, 0, 0, 0, 1, 0, 1, 0, 1, 1, 1, 1, 1], [0, 0, 1, 0, 0, 0, 0, 1, 1, 0, 0, 1, 0, 0, 0, 1, 0, 0, 1, 1, 1, 1, 1, 1, 1], [0, 0, 0, 0, 0, 0, 0, 0, 1, 1, 0, 0, 1, 0, 0, 0, 0, 0, 0, 0, 0, 0, 0, 0, 0], [1, 0, 0, 0, 0, 0, 0, 1, 1, 1, 0, 0, 1, 0, 1, 1, 1, 1, 1, 1, 0, 1, 1, 1, 0], [1, 1, 0, 0, 1, 0, 1, 0, 1, 0, 1, 1, 0, 1, 0, 1, 1, 1, 0, 1, 1, 0, 0, 1, 0], [1, 1, 0, 1, 1, 1, 1, 1, 0, 1, 1, 1, 1, 1, 0, 1, 1, 1, 1, 1, 1, 0, 0, 1, 1], [1, 1, 1, 1, 0, 1, 1, 0, 1, 0, 1, 0, 1, 1, 1, 1, 1, 1, 0, 0, 1, 1, 1, 0, 0], [1, 0, 0, 0, 0, 0, 0, 1, 1, 1, 0, 0, 0, 0, 0, 1, 0, 0, 1, 0, 0, 1, 0, 1, 0], [0, 1, 0, 0, 1, 0, 0, 1, 1, 0, 0, 0, 1, 0, 0, 1, 0, 1, 0, 0, 0, 0, 0, 0, 1], [0, 0, 1, 0, 0, 1, 1, 0, 1, 1, 0, 1, 0, 0, 0, 0, 0, 0, 1, 1, 1, 1, 1, 1, 0], [0, 1, 1, 0, 0, 0, 0, 1, 1, 1, 0, 0, 0, 0, 0, 0, 1, 0, 0, 1, 1, 1, 1, 1, 0], [1, 0, 0, 0, 0, 0, 1, 0, 0, 1, 0, 0, 0, 0, 0, 0, 1, 0, 1, 0, 1, 1, 0, 0, 0], [0, 0, 1, 0, 1, 0, 1, 1, 1, 1, 1, 1, 0, 0, 0, 0, 0, 1, 0, 1, 1, 0, 0, 0, 1], [1, 1, 1, 1, 0, 0, 1, 1, 1, 1, 0, 0, 0, 1, 1, 0, 0, 0, 1, 1, 1, 1, 0, 0, 1], [0, 1, 0, 0, 0, 0, 1, 1, 1, 1, 0, 1, 0, 0, 0, 1, 0, 0, 0, 0, 1, 1, 1, 1, 1], [0, 0, 1, 1, 1, 0, 1, 0, 1, 0, 1, 0, 1, 0, 1, 0, 1, 0, 0, 0, 1, 0, 1, 0, 1], [1, 1, 1, 0, 1, 0, 1, 1, 1, 0, 0, 0, 1, 1, 0, 1, 1, 0, 0, 0, 0, 0, 0, 1, 0], [0, 0, 0, 1, 1, 0, 0, 1, 1, 1, 0, 0, 1, 1, 1, 1, 1, 1, 1, 0, 0, 0, 1, 1, 0], [0, 0, 1, 1, 1, 0, 1, 0, 0, 1, 1, 0, 1, 1, 1, 0, 1, 1, 0, 0, 0, 0, 1, 0, 0], [1, 1, 1, 1, 1, 0, 1, 0, 0, 1, 0, 0, 1, 1, 0, 0, 0, 1, 1, 0, 1, 1, 0, 0, 0], [1, 0, 1, 1, 1, 0, 1, 1, 1, 0, 1, 0, 1, 1, 0, 0, 0, 1, 0, 1, 1, 0, 0, 0, 0], [0, 0, 1, 1, 1, 0, 0, 0, 1, 0, 0, 1, 0, 0, 0, 1, 1, 1, 1, 0, 0, 0, 0, 0, 0]]",3.0,9.0,Y,"{0: 12, 1: 219, 2: 21, 3: 210, 4: 201, 5: 3, 6: 192, 7: 183, 8: 174, 9: 165, 10: 156, 11: 147, 12: 138, 13: 129, 14: 120, 15: 111, 16: 102, 17: 93, 18: 84, 19: 75, 20: 66, 21: 57, 22: 48, 23: 39, 24: 30}","{(0, 1): 1, (0, 3): 1, (0, 6): 1, (0, 7): 1, (0, 8): 1, (0, 9): 1, (0, 10): 1, (0, 14): 1, (0, 16): 1, (0, 19): 1, (0, 22): 1, (0, 23): 1, (1, 7): 1, (1, 8): 1, (1, 9): 1, (1, 11): 11, (1, 13): 119, (1, 16): 1, (1, 17): 82, (1, 19): 1, (1, 22): 1, (2, 3): 1, (2, 4): 9, (2, 9): 1, (2, 12): 1, (2, 13): 1, (2, 15): 1, (2, 16): 1, (2, 18): 1, (2, 19): 1, (2, 21): 1, (2, 22): 1, (2, 23): 1, (2, 24): 1, (3, 8): 110, (3, 9): 1, (3, 16): 1, (3, 18): 1, (3, 20): 53, (3, 21): 1, (3, 22): 36, (3, 23): 1, (3, 24): 4, (4, 7): 111, (4, 8): 1, (4, 11): 1, (4, 15): 1, (4, 18): 1, (4, 19): 8, (4, 20): 1, (4, 21): 46, (4, 22): 1, (4, 23): 1, (4, 24): 19, (5, 8): 1, (5, 9): 1, (5, 12): 1, (6, 7): 1, (6, 8): 1, (6, 9): 1, (6, 12): 1, (6, 14): 114, (6, 15): 66, (6, 16): 1, (6, 17): 1, (6, 18): 1, (6, 19): 1, (6, 21): 1, (6, 22): 1, (6, 23): 1, (7, 8): 1, (7, 10): 1, (7, 11): 4, (7, 13): 1, (7, 15): 1, (7, 16): 1, (7, 17): 1, (7, 19): 56, (7, 20): 1, (7, 23): 1, (8, 9): 1, (8, 10): 1, (8, 11): 1, (8, 12): 1, (8, 13): 1, (8, 15): 1, (8, 16): 1, (8, 17): 1, (8, 18): 46, (8, 19): 1, (8, 20): 1, (8, 23): 1, (8, 24): 1, (9, 10): 62, (9, 12): 1, (9, 13): 1, (9, 14): 1, (9, 15): 1, (9, 16): 88, (9, 17): 1, (9, 20): 1, (9, 21): 1, (9, 22): 1, (10, 15): 35, (10, 18): 28, (10, 21): 1, (10, 23): 27, (11, 12): 127, (11, 15): 1, (11, 17): 1, (11, 24): 1, (12, 18): 1, (12, 19): 1, (12, 20): 1, (12, 21): 1, (12, 22): 1, (12, 23): 1, (13, 16): 1, (13, 19): 1, (13, 20): 1, (13, 21): 1, (13, 22): 1, (13, 23): 1, (14, 16): 1, (14, 18): 1, (14, 20): 1, (14, 21): 1, (15, 17): 1, (15, 19): 1, (15, 20): 1, (15, 24): 1, (16, 18): 1, (16, 19): 1, (16, 20): 1, (16, 21): 1, (16, 24): 1, (17, 20): 1, (17, 21): 1, (17, 22): 1, (17, 23): 1, (17, 24): 1, (18, 20): 1, (18, 22): 1, (18, 24): 1, (19, 23): 1, (20, 22): 1, (20, 23): 1, (21, 22): 1}",6298.000000015236
188.0,Graph with 25 nodes and 148 edges,"[[0, 1, 0, 1, 0, 0, 1, 1, 1, 1, 1, 0, 0, 0, 1, 0, 1, 0, 0, 1, 0, 0, 1, 1, 0], [1, 0, 0, 0, 0, 0, 0, 1, 1, 1, 0, 1, 0, 1, 0, 0, 1, 1, 0, 1, 0, 0, 1, 0, 0], [0, 0, 0, 1, 1, 0, 0, 0, 0, 1, 0, 0, 1, 1, 0, 1, 1, 0, 1, 1, 0, 1, 1, 1, 1], [1, 0, 1, 0, 0, 0, 0, 0, 1, 1, 0, 0, 0, 0, 0, 0, 1, 0, 1, 0, 1, 1, 1, 1, 1], [0, 0, 1, 0, 0, 0, 0, 1, 1, 0, 0, 1, 0, 0, 0, 1, 0, 0, 1, 1, 1, 1, 1, 1, 1], [0, 0, 0, 0, 0, 0, 0, 0, 1, 1, 0, 0, 1, 0, 0, 0, 0, 0, 0, 0, 0, 0, 0, 0, 0], [1, 0, 0, 0, 0, 0, 0, 1, 1, 1, 0, 0, 1, 0, 1, 1, 1, 1, 1, 1, 0, 1, 1, 1, 0], [1, 1, 0, 0, 1, 0, 1, 0, 1, 0, 1, 1, 0, 1, 0, 1, 1, 1, 0, 1, 1, 0, 0, 1, 0], [1, 1, 0, 1, 1, 1, 1, 1, 0, 1, 1, 1, 1, 1, 0, 1, 1, 1, 1, 1, 1, 0, 0, 1, 1], [1, 1, 1, 1, 0, 1, 1, 0, 1, 0, 1, 0, 1, 1, 1, 1, 1, 1, 0, 0, 1, 1, 1, 0, 0], [1, 0, 0, 0, 0, 0, 0, 1, 1, 1, 0, 0, 0, 0, 0, 1, 0, 0, 1, 0, 0, 1, 0, 1, 0], [0, 1, 0, 0, 1, 0, 0, 1, 1, 0, 0, 0, 1, 0, 0, 1, 0, 1, 0, 0, 0, 0, 0, 0, 1], [0, 0, 1, 0, 0, 1, 1, 0, 1, 1, 0, 1, 0, 0, 0, 0, 0, 0, 1, 1, 1, 1, 1, 1, 0], [0, 1, 1, 0, 0, 0, 0, 1, 1, 1, 0, 0, 0, 0, 0, 0, 1, 0, 0, 1, 1, 1, 1, 1, 0], [1, 0, 0, 0, 0, 0, 1, 0, 0, 1, 0, 0, 0, 0, 0, 0, 1, 0, 1, 0, 1, 1, 0, 0, 0], [0, 0, 1, 0, 1, 0, 1, 1, 1, 1, 1, 1, 0, 0, 0, 0, 0, 1, 0, 1, 1, 0, 0, 0, 1], [1, 1, 1, 1, 0, 0, 1, 1, 1, 1, 0, 0, 0, 1, 1, 0, 0, 0, 1, 1, 1, 1, 0, 0, 1], [0, 1, 0, 0, 0, 0, 1, 1, 1, 1, 0, 1, 0, 0, 0, 1, 0, 0, 0, 0, 1, 1, 1, 1, 1], [0, 0, 1, 1, 1, 0, 1, 0, 1, 0, 1, 0, 1, 0, 1, 0, 1, 0, 0, 0, 1, 0, 1, 0, 1], [1, 1, 1, 0, 1, 0, 1, 1, 1, 0, 0, 0, 1, 1, 0, 1, 1, 0, 0, 0, 0, 0, 0, 1, 0], [0, 0, 0, 1, 1, 0, 0, 1, 1, 1, 0, 0, 1, 1, 1, 1, 1, 1, 1, 0, 0, 0, 1, 1, 0], [0, 0, 1, 1, 1, 0, 1, 0, 0, 1, 1, 0, 1, 1, 1, 0, 1, 1, 0, 0, 0, 0, 1, 0, 0], [1, 1, 1, 1, 1, 0, 1, 0, 0, 1, 0, 0, 1, 1, 0, 0, 0, 1, 1, 0, 1, 1, 0, 0, 0], [1, 0, 1, 1, 1, 0, 1, 1, 1, 0, 1, 0, 1, 1, 0, 0, 0, 1, 0, 1, 1, 0, 0, 0, 0], [0, 0, 1, 1, 1, 0, 0, 0, 1, 0, 0, 1, 0, 0, 0, 1, 1, 1, 1, 0, 0, 0, 0, 0, 0]]",4.0,3.0,Y,"{0: 13, 1: 10, 2: 76, 3: 73, 4: 70, 5: 4, 6: 16, 7: 67, 8: 22, 9: 19, 10: 64, 11: 61, 12: 58, 13: 55, 14: 7, 15: 52, 16: 49, 17: 46, 18: 43, 19: 40, 20: 37, 21: 34, 22: 31, 23: 28, 24: 25}","{(0, 1): 1, (0, 3): 2, (0, 6): 1, (0, 7): 1, (0, 8): 1, (0, 9): 1, (0, 10): 1, (0, 14): 1, (0, 16): 1, (0, 19): 1, (0, 22): 1, (0, 23): 1, (1, 7): 1, (1, 8): 1, (1, 9): 1, (1, 11): 1, (1, 13): 1, (1, 16): 1, (1, 17): 1, (1, 19): 1, (1, 22): 1, (2, 3): 1, (2, 4): 17, (2, 9): 1, (2, 12): 16, (2, 13): 1, (2, 15): 32, (2, 16): 1, (2, 18): 1, (2, 19): 1, (2, 21): 1, (2, 22): 1, (2, 23): 1, (2, 24): 1, (3, 8): 1, (3, 9): 1, (3, 16): 16, (3, 18): 1, (3, 20): 24, (3, 21): 23, (3, 22): 1, (3, 23): 1, (3, 24): 1, (4, 7): 1, (4, 8): 1, (4, 11): 22, (4, 15): 5, (4, 18): 1, (4, 19): 1, (4, 20): 1, (4, 21): 1, (4, 22): 1, (4, 23): 1, (4, 24): 17, (5, 8): 2, (5, 9): 1, (5, 12): 1, (6, 7): 1, (6, 8): 1, (6, 9): 1, (6, 12): 1, (6, 14): 1, (6, 15): 1, (6, 16): 1, (6, 17): 3, (6, 18): 1, (6, 19): 1, (6, 21): 1, (6, 22): 1, (6, 23): 1, (7, 8): 1, (7, 10): 54, (7, 11): 1, (7, 13): 1, (7, 15): 1, (7, 16): 1, (7, 17): 1, (7, 19): 1, (7, 20): 1, (7, 23): 1, (8, 9): 1, (8, 10): 1, (8, 11): 1, (8, 12): 1, (8, 13): 1, (8, 15): 2, (8, 16): 1, (8, 17): 1, (8, 18): 1, (8, 19): 1, (8, 20): 1, (8, 23): 1, (8, 24): 1, (9, 10): 1, (9, 12): 1, (9, 13): 3, (9, 14): 1, (9, 15): 1, (9, 16): 1, (9, 17): 1, (9, 20): 1, (9, 21): 1, (9, 22): 1, (10, 15): 4, (10, 18): 1, (10, 21): 1, (10, 23): 1, (11, 12): 1, (11, 15): 1, (11, 17): 33, (11, 24): 1, (12, 18): 32, (12, 19): 1, (12, 20): 1, (12, 21): 1, (12, 22): 1, (12, 23): 1, (13, 16): 1, (13, 19): 10, (13, 20): 1, (13, 21): 1, (13, 22): 19, (13, 23): 15, (14, 16): 1, (14, 18): 1, (14, 20): 1, (14, 21): 1, (15, 17): 1, (15, 19): 1, (15, 20): 1, (15, 24): 1, (16, 18): 1, (16, 19): 19, (16, 20): 1, (16, 21): 1, (16, 24): 1, (17, 20): 1, (17, 21): 1, (17, 22): 1, (17, 23): 1, (17, 24): 1, (18, 20): 1, (18, 22): 1, (18, 24): 1, (19, 23): 1, (20, 22): 1, (20, 23): 1, (21, 22): 1}",5948.999999873195
188.0,Graph with 25 nodes and 148 edges,"[[0, 1, 0, 1, 0, 0, 1, 1, 1, 1, 1, 0, 0, 0, 1, 0, 1, 0, 0, 1, 0, 0, 1, 1, 0], [1, 0, 0, 0, 0, 0, 0, 1, 1, 1, 0, 1, 0, 1, 0, 0, 1, 1, 0, 1, 0, 0, 1, 0, 0], [0, 0, 0, 1, 1, 0, 0, 0, 0, 1, 0, 0, 1, 1, 0, 1, 1, 0, 1, 1, 0, 1, 1, 1, 1], [1, 0, 1, 0, 0, 0, 0, 0, 1, 1, 0, 0, 0, 0, 0, 0, 1, 0, 1, 0, 1, 1, 1, 1, 1], [0, 0, 1, 0, 0, 0, 0, 1, 1, 0, 0, 1, 0, 0, 0, 1, 0, 0, 1, 1, 1, 1, 1, 1, 1], [0, 0, 0, 0, 0, 0, 0, 0, 1, 1, 0, 0, 1, 0, 0, 0, 0, 0, 0, 0, 0, 0, 0, 0, 0], [1, 0, 0, 0, 0, 0, 0, 1, 1, 1, 0, 0, 1, 0, 1, 1, 1, 1, 1, 1, 0, 1, 1, 1, 0], [1, 1, 0, 0, 1, 0, 1, 0, 1, 0, 1, 1, 0, 1, 0, 1, 1, 1, 0, 1, 1, 0, 0, 1, 0], [1, 1, 0, 1, 1, 1, 1, 1, 0, 1, 1, 1, 1, 1, 0, 1, 1, 1, 1, 1, 1, 0, 0, 1, 1], [1, 1, 1, 1, 0, 1, 1, 0, 1, 0, 1, 0, 1, 1, 1, 1, 1, 1, 0, 0, 1, 1, 1, 0, 0], [1, 0, 0, 0, 0, 0, 0, 1, 1, 1, 0, 0, 0, 0, 0, 1, 0, 0, 1, 0, 0, 1, 0, 1, 0], [0, 1, 0, 0, 1, 0, 0, 1, 1, 0, 0, 0, 1, 0, 0, 1, 0, 1, 0, 0, 0, 0, 0, 0, 1], [0, 0, 1, 0, 0, 1, 1, 0, 1, 1, 0, 1, 0, 0, 0, 0, 0, 0, 1, 1, 1, 1, 1, 1, 0], [0, 1, 1, 0, 0, 0, 0, 1, 1, 1, 0, 0, 0, 0, 0, 0, 1, 0, 0, 1, 1, 1, 1, 1, 0], [1, 0, 0, 0, 0, 0, 1, 0, 0, 1, 0, 0, 0, 0, 0, 0, 1, 0, 1, 0, 1, 1, 0, 0, 0], [0, 0, 1, 0, 1, 0, 1, 1, 1, 1, 1, 1, 0, 0, 0, 0, 0, 1, 0, 1, 1, 0, 0, 0, 1], [1, 1, 1, 1, 0, 0, 1, 1, 1, 1, 0, 0, 0, 1, 1, 0, 0, 0, 1, 1, 1, 1, 0, 0, 1], [0, 1, 0, 0, 0, 0, 1, 1, 1, 1, 0, 1, 0, 0, 0, 1, 0, 0, 0, 0, 1, 1, 1, 1, 1], [0, 0, 1, 1, 1, 0, 1, 0, 1, 0, 1, 0, 1, 0, 1, 0, 1, 0, 0, 0, 1, 0, 1, 0, 1], [1, 1, 1, 0, 1, 0, 1, 1, 1, 0, 0, 0, 1, 1, 0, 1, 1, 0, 0, 0, 0, 0, 0, 1, 0], [0, 0, 0, 1, 1, 0, 0, 1, 1, 1, 0, 0, 1, 1, 1, 1, 1, 1, 1, 0, 0, 0, 1, 1, 0], [0, 0, 1, 1, 1, 0, 1, 0, 0, 1, 1, 0, 1, 1, 1, 0, 1, 1, 0, 0, 0, 0, 1, 0, 0], [1, 1, 1, 1, 1, 0, 1, 0, 0, 1, 0, 0, 1, 1, 0, 0, 0, 1, 1, 0, 1, 1, 0, 0, 0], [1, 0, 1, 1, 1, 0, 1, 1, 1, 0, 1, 0, 1, 1, 0, 0, 0, 1, 0, 1, 1, 0, 0, 0, 0], [0, 0, 1, 1, 1, 0, 0, 0, 1, 0, 0, 1, 0, 0, 0, 1, 1, 1, 1, 0, 0, 0, 0, 0, 0]]",4.0,4.0,Y,"{0: 12, 1: 100, 2: 16, 3: 96, 4: 92, 5: 4, 6: 88, 7: 84, 8: 20, 9: 80, 10: 8, 11: 76, 12: 72, 13: 68, 14: 64, 15: 60, 16: 56, 17: 52, 18: 48, 19: 44, 20: 40, 21: 36, 22: 32, 23: 28, 24: 24}","{(0, 1): 1, (0, 3): 1, (0, 6): 1, (0, 7): 1, (0, 8): 1, (0, 9): 1, (0, 10): 1, (0, 14): 1, (0, 16): 1, (0, 19): 1, (0, 22): 1, (0, 23): 1, (1, 7): 28, (1, 8): 1, (1, 9): 1, (1, 11): 7, (1, 13): 58, (1, 16): 1, (1, 17): 1, (1, 19): 1, (1, 22): 1, (2, 3): 1, (2, 4): 1, (2, 9): 4, (2, 12): 1, (2, 13): 1, (2, 15): 1, (2, 16): 1, (2, 18): 1, (2, 19): 1, (2, 21): 1, (2, 22): 1, (2, 23): 1, (2, 24): 1, (3, 8): 1, (3, 9): 1, (3, 16): 33, (3, 18): 28, (3, 20): 27, (3, 21): 1, (3, 22): 1, (3, 23): 1, (3, 24): 1, (4, 7): 1, (4, 8): 1, (4, 11): 51, (4, 15): 1, (4, 18): 1, (4, 19): 1, (4, 20): 1, (4, 21): 1, (4, 22): 1, (4, 23): 16, (4, 24): 16, (5, 8): 1, (5, 9): 1, (5, 12): 2, (6, 7): 44, (6, 8): 1, (6, 9): 1, (6, 12): 16, (6, 14): 1, (6, 15): 9, (6, 16): 1, (6, 17): 1, (6, 18): 1, (6, 19): 1, (6, 21): 9, (6, 22): 1, (6, 23): 1, (7, 8): 1, (7, 10): 1, (7, 11): 1, (7, 13): 1, (7, 15): 1, (7, 16): 1, (7, 17): 1, (7, 19): 1, (7, 20): 1, (7, 23): 1, (8, 9): 1, (8, 10): 1, (8, 11): 1, (8, 12): 1, (8, 13): 1, (8, 15): 1, (8, 16): 1, (8, 17): 1, (8, 18): 1, (8, 19): 1, (8, 20): 1, (8, 23): 1, (8, 24): 1, (9, 10): 1, (9, 12): 1, (9, 13): 1, (9, 14): 42, (9, 15): 1, (9, 16): 1, (9, 17): 1, (9, 20): 1, (9, 21): 1, (9, 22): 20, (10, 15): 1, (10, 18): 1, (10, 21): 1, (10, 23): 1, (11, 12): 13, (11, 15): 1, (11, 17): 1, (11, 24): 1, (12, 18): 1, (12, 19): 33, (12, 20): 1, (12, 21): 1, (12, 22): 1, (12, 23): 1, (13, 16): 1, (13, 19): 1, (13, 20): 1, (13, 21): 1, (13, 22): 1, (13, 23): 1, (14, 16): 1, (14, 18): 1, (14, 20): 1, (14, 21): 17, (15, 17): 41, (15, 19): 1, (15, 20): 1, (15, 24): 1, (16, 18): 10, (16, 19): 1, (16, 20): 1, (16, 21): 1, (16, 24): 1, (17, 20): 1, (17, 21): 1, (17, 22): 1, (17, 23): 1, (17, 24): 1, (18, 20): 1, (18, 22): 1, (18, 24): 1, (19, 23): 1, (20, 22): 1, (20, 23): 1, (21, 22): 1}",6616.000000121858
188.0,Graph with 25 nodes and 148 edges,"[[0, 1, 0, 1, 0, 0, 1, 1, 1, 1, 1, 0, 0, 0, 1, 0, 1, 0, 0, 1, 0, 0, 1, 1, 0], [1, 0, 0, 0, 0, 0, 0, 1, 1, 1, 0, 1, 0, 1, 0, 0, 1, 1, 0, 1, 0, 0, 1, 0, 0], [0, 0, 0, 1, 1, 0, 0, 0, 0, 1, 0, 0, 1, 1, 0, 1, 1, 0, 1, 1, 0, 1, 1, 1, 1], [1, 0, 1, 0, 0, 0, 0, 0, 1, 1, 0, 0, 0, 0, 0, 0, 1, 0, 1, 0, 1, 1, 1, 1, 1], [0, 0, 1, 0, 0, 0, 0, 1, 1, 0, 0, 1, 0, 0, 0, 1, 0, 0, 1, 1, 1, 1, 1, 1, 1], [0, 0, 0, 0, 0, 0, 0, 0, 1, 1, 0, 0, 1, 0, 0, 0, 0, 0, 0, 0, 0, 0, 0, 0, 0], [1, 0, 0, 0, 0, 0, 0, 1, 1, 1, 0, 0, 1, 0, 1, 1, 1, 1, 1, 1, 0, 1, 1, 1, 0], [1, 1, 0, 0, 1, 0, 1, 0, 1, 0, 1, 1, 0, 1, 0, 1, 1, 1, 0, 1, 1, 0, 0, 1, 0], [1, 1, 0, 1, 1, 1, 1, 1, 0, 1, 1, 1, 1, 1, 0, 1, 1, 1, 1, 1, 1, 0, 0, 1, 1], [1, 1, 1, 1, 0, 1, 1, 0, 1, 0, 1, 0, 1, 1, 1, 1, 1, 1, 0, 0, 1, 1, 1, 0, 0], [1, 0, 0, 0, 0, 0, 0, 1, 1, 1, 0, 0, 0, 0, 0, 1, 0, 0, 1, 0, 0, 1, 0, 1, 0], [0, 1, 0, 0, 1, 0, 0, 1, 1, 0, 0, 0, 1, 0, 0, 1, 0, 1, 0, 0, 0, 0, 0, 0, 1], [0, 0, 1, 0, 0, 1, 1, 0, 1, 1, 0, 1, 0, 0, 0, 0, 0, 0, 1, 1, 1, 1, 1, 1, 0], [0, 1, 1, 0, 0, 0, 0, 1, 1, 1, 0, 0, 0, 0, 0, 0, 1, 0, 0, 1, 1, 1, 1, 1, 0], [1, 0, 0, 0, 0, 0, 1, 0, 0, 1, 0, 0, 0, 0, 0, 0, 1, 0, 1, 0, 1, 1, 0, 0, 0], [0, 0, 1, 0, 1, 0, 1, 1, 1, 1, 1, 1, 0, 0, 0, 0, 0, 1, 0, 1, 1, 0, 0, 0, 1], [1, 1, 1, 1, 0, 0, 1, 1, 1, 1, 0, 0, 0, 1, 1, 0, 0, 0, 1, 1, 1, 1, 0, 0, 1], [0, 1, 0, 0, 0, 0, 1, 1, 1, 1, 0, 1, 0, 0, 0, 1, 0, 0, 0, 0, 1, 1, 1, 1, 1], [0, 0, 1, 1, 1, 0, 1, 0, 1, 0, 1, 0, 1, 0, 1, 0, 1, 0, 0, 0, 1, 0, 1, 0, 1], [1, 1, 1, 0, 1, 0, 1, 1, 1, 0, 0, 0, 1, 1, 0, 1, 1, 0, 0, 0, 0, 0, 0, 1, 0], [0, 0, 0, 1, 1, 0, 0, 1, 1, 1, 0, 0, 1, 1, 1, 1, 1, 1, 1, 0, 0, 0, 1, 1, 0], [0, 0, 1, 1, 1, 0, 1, 0, 0, 1, 1, 0, 1, 1, 1, 0, 1, 1, 0, 0, 0, 0, 1, 0, 0], [1, 1, 1, 1, 1, 0, 1, 0, 0, 1, 0, 0, 1, 1, 0, 0, 0, 1, 1, 0, 1, 1, 0, 0, 0], [1, 0, 1, 1, 1, 0, 1, 1, 1, 0, 1, 0, 1, 1, 0, 0, 0, 1, 0, 1, 1, 0, 0, 0, 0], [0, 0, 1, 1, 1, 0, 0, 0, 1, 0, 0, 1, 0, 0, 0, 1, 1, 1, 1, 0, 0, 0, 0, 0, 0]]",4.0,5.0,Y,"{0: 14, 1: 124, 2: 119, 3: 114, 4: 109, 5: 4, 6: 104, 7: 99, 8: 24, 9: 19, 10: 9, 11: 94, 12: 89, 13: 84, 14: 79, 15: 74, 16: 69, 17: 64, 18: 59, 19: 54, 20: 49, 21: 44, 22: 39, 23: 34, 24: 29}","{(0, 1): 1, (0, 3): 1, (0, 6): 1, (0, 7): 3, (0, 8): 1, (0, 9): 1, (0, 10): 1, (0, 14): 1, (0, 16): 1, (0, 19): 1, (0, 22): 1, (0, 23): 1, (1, 7): 1, (1, 8): 1, (1, 9): 1, (1, 11): 30, (1, 13): 74, (1, 16): 1, (1, 17): 12, (1, 19): 1, (1, 22): 1, (2, 3): 2, (2, 4): 70, (2, 9): 1, (2, 12): 2, (2, 13): 1, (2, 15): 35, (2, 16): 1, (2, 18): 1, (2, 19): 1, (2, 21): 1, (2, 22): 1, (2, 23): 1, (2, 24): 1, (3, 8): 1, (3, 9): 1, (3, 16): 1, (3, 18): 48, (3, 20): 36, (3, 21): 1, (3, 22): 1, (3, 23): 1, (3, 24): 21, (4, 7): 1, (4, 8): 1, (4, 11): 1, (4, 15): 28, (4, 18): 1, (4, 19): 1, (4, 20): 1, (4, 21): 1, (4, 22): 1, (4, 23): 1, (4, 24): 1, (5, 8): 2, (5, 9): 1, (5, 12): 1, (6, 7): 1, (6, 8): 1, (6, 9): 3, (6, 12): 45, (6, 14): 19, (6, 15): 1, (6, 16): 1, (6, 17): 1, (6, 18): 1, (6, 19): 1, (6, 21): 1, (6, 22): 27, (6, 23): 1, (7, 8): 4, (7, 10): 2, (7, 11): 17, (7, 13): 1, (7, 15): 1, (7, 16): 1, (7, 17): 1, (7, 19): 43, (7, 20): 1, (7, 23): 22, (8, 9): 1, (8, 10): 1, (8, 11): 1, (8, 12): 1, (8, 13): 1, (8, 15): 1, (8, 16): 1, (8, 17): 1, (8, 18): 1, (8, 19): 1, (8, 20): 1, (8, 23): 1, (8, 24): 1, (9, 10): 1, (9, 12): 1, (9, 13): 1, (9, 14): 1, (9, 15): 1, (9, 16): 1, (9, 17): 1, (9, 20): 1, (9, 21): 1, (9, 22): 1, (10, 15): 1, (10, 18): 1, (10, 21): 1, (10, 23): 1, (11, 12): 1, (11, 15): 1, (11, 17): 41, (11, 24): 1, (12, 18): 1, (12, 19): 1, (12, 20): 1, (12, 21): 33, (12, 22): 1, (12, 23): 1, (13, 16): 1, (13, 19): 1, (13, 20): 1, (13, 21): 1, (13, 22): 1, (13, 23): 1, (14, 16): 55, (14, 18): 1, (14, 20): 1, (14, 21): 1, (15, 17): 1, (15, 19): 1, (15, 20): 1, (15, 24): 1, (16, 18): 1, (16, 19): 1, (16, 20): 1, (16, 21): 1, (16, 24): 1, (17, 20): 1, (17, 21): 1, (17, 22): 1, (17, 23): 1, (17, 24): 1, (18, 20): 1, (18, 22): 1, (18, 24): 1, (19, 23): 1, (20, 22): 1, (20, 23): 1, (21, 22): 1}",6237.000000055559
188.0,Graph with 25 nodes and 148 edges,"[[0, 1, 0, 1, 0, 0, 1, 1, 1, 1, 1, 0, 0, 0, 1, 0, 1, 0, 0, 1, 0, 0, 1, 1, 0], [1, 0, 0, 0, 0, 0, 0, 1, 1, 1, 0, 1, 0, 1, 0, 0, 1, 1, 0, 1, 0, 0, 1, 0, 0], [0, 0, 0, 1, 1, 0, 0, 0, 0, 1, 0, 0, 1, 1, 0, 1, 1, 0, 1, 1, 0, 1, 1, 1, 1], [1, 0, 1, 0, 0, 0, 0, 0, 1, 1, 0, 0, 0, 0, 0, 0, 1, 0, 1, 0, 1, 1, 1, 1, 1], [0, 0, 1, 0, 0, 0, 0, 1, 1, 0, 0, 1, 0, 0, 0, 1, 0, 0, 1, 1, 1, 1, 1, 1, 1], [0, 0, 0, 0, 0, 0, 0, 0, 1, 1, 0, 0, 1, 0, 0, 0, 0, 0, 0, 0, 0, 0, 0, 0, 0], [1, 0, 0, 0, 0, 0, 0, 1, 1, 1, 0, 0, 1, 0, 1, 1, 1, 1, 1, 1, 0, 1, 1, 1, 0], [1, 1, 0, 0, 1, 0, 1, 0, 1, 0, 1, 1, 0, 1, 0, 1, 1, 1, 0, 1, 1, 0, 0, 1, 0], [1, 1, 0, 1, 1, 1, 1, 1, 0, 1, 1, 1, 1, 1, 0, 1, 1, 1, 1, 1, 1, 0, 0, 1, 1], [1, 1, 1, 1, 0, 1, 1, 0, 1, 0, 1, 0, 1, 1, 1, 1, 1, 1, 0, 0, 1, 1, 1, 0, 0], [1, 0, 0, 0, 0, 0, 0, 1, 1, 1, 0, 0, 0, 0, 0, 1, 0, 0, 1, 0, 0, 1, 0, 1, 0], [0, 1, 0, 0, 1, 0, 0, 1, 1, 0, 0, 0, 1, 0, 0, 1, 0, 1, 0, 0, 0, 0, 0, 0, 1], [0, 0, 1, 0, 0, 1, 1, 0, 1, 1, 0, 1, 0, 0, 0, 0, 0, 0, 1, 1, 1, 1, 1, 1, 0], [0, 1, 1, 0, 0, 0, 0, 1, 1, 1, 0, 0, 0, 0, 0, 0, 1, 0, 0, 1, 1, 1, 1, 1, 0], [1, 0, 0, 0, 0, 0, 1, 0, 0, 1, 0, 0, 0, 0, 0, 0, 1, 0, 1, 0, 1, 1, 0, 0, 0], [0, 0, 1, 0, 1, 0, 1, 1, 1, 1, 1, 1, 0, 0, 0, 0, 0, 1, 0, 1, 1, 0, 0, 0, 1], [1, 1, 1, 1, 0, 0, 1, 1, 1, 1, 0, 0, 0, 1, 1, 0, 0, 0, 1, 1, 1, 1, 0, 0, 1], [0, 1, 0, 0, 0, 0, 1, 1, 1, 1, 0, 1, 0, 0, 0, 1, 0, 0, 0, 0, 1, 1, 1, 1, 1], [0, 0, 1, 1, 1, 0, 1, 0, 1, 0, 1, 0, 1, 0, 1, 0, 1, 0, 0, 0, 1, 0, 1, 0, 1], [1, 1, 1, 0, 1, 0, 1, 1, 1, 0, 0, 0, 1, 1, 0, 1, 1, 0, 0, 0, 0, 0, 0, 1, 0], [0, 0, 0, 1, 1, 0, 0, 1, 1, 1, 0, 0, 1, 1, 1, 1, 1, 1, 1, 0, 0, 0, 1, 1, 0], [0, 0, 1, 1, 1, 0, 1, 0, 0, 1, 1, 0, 1, 1, 1, 0, 1, 1, 0, 0, 0, 0, 1, 0, 0], [1, 1, 1, 1, 1, 0, 1, 0, 0, 1, 0, 0, 1, 1, 0, 0, 0, 1, 1, 0, 1, 1, 0, 0, 0], [1, 0, 1, 1, 1, 0, 1, 1, 1, 0, 1, 0, 1, 1, 0, 0, 0, 1, 0, 1, 1, 0, 0, 0, 0], [0, 0, 1, 1, 1, 0, 0, 0, 1, 0, 0, 1, 0, 0, 0, 1, 1, 1, 1, 0, 0, 0, 0, 0, 0]]",4.0,6.0,Y,"{0: 16, 1: 10, 2: 148, 3: 142, 4: 136, 5: 4, 6: 130, 7: 124, 8: 22, 9: 118, 10: 112, 11: 106, 12: 100, 13: 94, 14: 88, 15: 82, 16: 76, 17: 70, 18: 64, 19: 58, 20: 52, 21: 46, 22: 40, 23: 34, 24: 28}","{(0, 1): 1, (0, 3): 1, (0, 6): 1, (0, 7): 1, (0, 8): 1, (0, 9): 5, (0, 10): 1, (0, 14): 1, (0, 16): 1, (0, 19): 1, (0, 22): 1, (0, 23): 1, (1, 7): 1, (1, 8): 1, (1, 9): 1, (1, 11): 1, (1, 13): 1, (1, 16): 1, (1, 17): 1, (1, 19): 1, (1, 22): 1, (2, 3): 7, (2, 4): 125, (2, 9): 1, (2, 12): 6, (2, 13): 1, (2, 15): 1, (2, 16): 1, (2, 18): 1, (2, 19): 1, (2, 21): 1, (2, 22): 1, (2, 23): 1, (2, 24): 1, (3, 8): 1, (3, 9): 36, (3, 16): 1, (3, 18): 53, (3, 20): 39, (3, 21): 1, (3, 22): 1, (3, 23): 1, (3, 24): 1, (4, 7): 1, (4, 8): 1, (4, 11): 1, (4, 15): 1, (4, 18): 1, (4, 19): 1, (4, 20): 1, (4, 21): 1, (4, 22): 1, (4, 23): 1, (4, 24): 1, (5, 8): 2, (5, 9): 1, (5, 12): 1, (6, 7): 1, (6, 8): 1, (6, 9): 1, (6, 12): 1, (6, 14): 40, (6, 15): 1, (6, 16): 1, (6, 17): 44, (6, 18): 1, (6, 19): 35, (6, 21): 1, (6, 22): 1, (6, 23): 1, (7, 8): 1, (7, 10): 15, (7, 11): 1, (7, 13): 84, (7, 15): 1, (7, 16): 1, (7, 17): 1, (7, 19): 13, (7, 20): 1, (7, 23): 2, (8, 9): 2, (8, 10): 1, (8, 11): 1, (8, 12): 1, (8, 13): 1, (8, 15): 1, (8, 16): 1, (8, 17): 1, (8, 18): 1, (8, 19): 1, (8, 20): 1, (8, 23): 1, (8, 24): 1, (9, 10): 1, (9, 12): 1, (9, 13): 1, (9, 14): 1, (9, 15): 1, (9, 16): 1, (9, 17): 1, (9, 20): 1, (9, 21): 35, (9, 22): 28, (10, 15): 71, (10, 18): 1, (10, 21): 1, (10, 23): 21, (11, 12): 84, (11, 15): 1, (11, 17): 16, (11, 24): 1, (12, 18): 1, (12, 19): 1, (12, 20): 1, (12, 21): 1, (12, 22): 1, (12, 23): 1, (13, 16): 1, (13, 19): 1, (13, 20): 1, (13, 21): 1, (13, 22): 1, (13, 23): 1, (14, 16): 43, (14, 18): 1, (14, 20): 1, (14, 21): 1, (15, 17): 1, (15, 19): 1, (15, 20): 1, (15, 24): 1, (16, 18): 1, (16, 19): 1, (16, 20): 1, (16, 21): 1, (16, 24): 20, (17, 20): 1, (17, 21): 1, (17, 22): 1, (17, 23): 1, (17, 24): 1, (18, 20): 1, (18, 22): 1, (18, 24): 1, (19, 23): 1, (20, 22): 1, (20, 23): 1, (21, 22): 1}",6067.999999913809
188.0,Graph with 25 nodes and 148 edges,"[[0, 1, 0, 1, 0, 0, 1, 1, 1, 1, 1, 0, 0, 0, 1, 0, 1, 0, 0, 1, 0, 0, 1, 1, 0], [1, 0, 0, 0, 0, 0, 0, 1, 1, 1, 0, 1, 0, 1, 0, 0, 1, 1, 0, 1, 0, 0, 1, 0, 0], [0, 0, 0, 1, 1, 0, 0, 0, 0, 1, 0, 0, 1, 1, 0, 1, 1, 0, 1, 1, 0, 1, 1, 1, 1], [1, 0, 1, 0, 0, 0, 0, 0, 1, 1, 0, 0, 0, 0, 0, 0, 1, 0, 1, 0, 1, 1, 1, 1, 1], [0, 0, 1, 0, 0, 0, 0, 1, 1, 0, 0, 1, 0, 0, 0, 1, 0, 0, 1, 1, 1, 1, 1, 1, 1], [0, 0, 0, 0, 0, 0, 0, 0, 1, 1, 0, 0, 1, 0, 0, 0, 0, 0, 0, 0, 0, 0, 0, 0, 0], [1, 0, 0, 0, 0, 0, 0, 1, 1, 1, 0, 0, 1, 0, 1, 1, 1, 1, 1, 1, 0, 1, 1, 1, 0], [1, 1, 0, 0, 1, 0, 1, 0, 1, 0, 1, 1, 0, 1, 0, 1, 1, 1, 0, 1, 1, 0, 0, 1, 0], [1, 1, 0, 1, 1, 1, 1, 1, 0, 1, 1, 1, 1, 1, 0, 1, 1, 1, 1, 1, 1, 0, 0, 1, 1], [1, 1, 1, 1, 0, 1, 1, 0, 1, 0, 1, 0, 1, 1, 1, 1, 1, 1, 0, 0, 1, 1, 1, 0, 0], [1, 0, 0, 0, 0, 0, 0, 1, 1, 1, 0, 0, 0, 0, 0, 1, 0, 0, 1, 0, 0, 1, 0, 1, 0], [0, 1, 0, 0, 1, 0, 0, 1, 1, 0, 0, 0, 1, 0, 0, 1, 0, 1, 0, 0, 0, 0, 0, 0, 1], [0, 0, 1, 0, 0, 1, 1, 0, 1, 1, 0, 1, 0, 0, 0, 0, 0, 0, 1, 1, 1, 1, 1, 1, 0], [0, 1, 1, 0, 0, 0, 0, 1, 1, 1, 0, 0, 0, 0, 0, 0, 1, 0, 0, 1, 1, 1, 1, 1, 0], [1, 0, 0, 0, 0, 0, 1, 0, 0, 1, 0, 0, 0, 0, 0, 0, 1, 0, 1, 0, 1, 1, 0, 0, 0], [0, 0, 1, 0, 1, 0, 1, 1, 1, 1, 1, 1, 0, 0, 0, 0, 0, 1, 0, 1, 1, 0, 0, 0, 1], [1, 1, 1, 1, 0, 0, 1, 1, 1, 1, 0, 0, 0, 1, 1, 0, 0, 0, 1, 1, 1, 1, 0, 0, 1], [0, 1, 0, 0, 0, 0, 1, 1, 1, 1, 0, 1, 0, 0, 0, 1, 0, 0, 0, 0, 1, 1, 1, 1, 1], [0, 0, 1, 1, 1, 0, 1, 0, 1, 0, 1, 0, 1, 0, 1, 0, 1, 0, 0, 0, 1, 0, 1, 0, 1], [1, 1, 1, 0, 1, 0, 1, 1, 1, 0, 0, 0, 1, 1, 0, 1, 1, 0, 0, 0, 0, 0, 0, 1, 0], [0, 0, 0, 1, 1, 0, 0, 1, 1, 1, 0, 0, 1, 1, 1, 1, 1, 1, 1, 0, 0, 0, 1, 1, 0], [0, 0, 1, 1, 1, 0, 1, 0, 0, 1, 1, 0, 1, 1, 1, 0, 1, 1, 0, 0, 0, 0, 1, 0, 0], [1, 1, 1, 1, 1, 0, 1, 0, 0, 1, 0, 0, 1, 1, 0, 0, 0, 1, 1, 0, 1, 1, 0, 0, 0], [1, 0, 1, 1, 1, 0, 1, 1, 1, 0, 1, 0, 1, 1, 0, 0, 0, 1, 0, 1, 1, 0, 0, 0, 0], [0, 0, 1, 1, 1, 0, 0, 0, 1, 0, 0, 1, 0, 0, 0, 1, 1, 1, 1, 0, 0, 0, 0, 0, 0]]",4.0,7.0,Y,"{0: 18, 1: 11, 2: 172, 3: 165, 4: 158, 5: 4, 6: 151, 7: 144, 8: 25, 9: 137, 10: 130, 11: 123, 12: 116, 13: 109, 14: 102, 15: 95, 16: 88, 17: 81, 18: 74, 19: 67, 20: 60, 21: 53, 22: 46, 23: 39, 24: 32}","{(0, 1): 1, (0, 3): 1, (0, 6): 7, (0, 7): 1, (0, 8): 1, (0, 9): 1, (0, 10): 1, (0, 14): 1, (0, 16): 1, (0, 19): 1, (0, 22): 1, (0, 23): 1, (1, 7): 2, (1, 8): 1, (1, 9): 1, (1, 11): 1, (1, 13): 1, (1, 16): 1, (1, 17): 1, (1, 19): 1, (1, 22): 1, (2, 3): 75, (2, 4): 62, (2, 9): 1, (2, 12): 25, (2, 13): 1, (2, 15): 1, (2, 16): 1, (2, 18): 1, (2, 19): 1, (2, 21): 1, (2, 22): 1, (2, 23): 1, (2, 24): 1, (3, 8): 1, (3, 9): 1, (3, 16): 2, (3, 18): 1, (3, 20): 47, (3, 21): 1, (3, 22): 34, (3, 23): 1, (3, 24): 1, (4, 7): 1, (4, 8): 1, (4, 11): 1, (4, 15): 1, (4, 18): 63, (4, 19): 1, (4, 20): 1, (4, 21): 1, (4, 22): 1, (4, 23): 1, (4, 24): 24, (5, 8): 2, (5, 9): 1, (5, 12): 1, (6, 7): 1, (6, 8): 1, (6, 9): 52, (6, 12): 1, (6, 14): 1, (6, 15): 1, (6, 16): 19, (6, 17): 63, (6, 18): 1, (6, 19): 1, (6, 21): 1, (6, 22): 1, (6, 23): 1, (7, 8): 5, (7, 10): 28, (7, 11): 1, (7, 13): 99, (7, 15): 1, (7, 16): 1, (7, 17): 1, (7, 19): 1, (7, 20): 1, (7, 23): 1, (8, 9): 1, (8, 10): 1, (8, 11): 1, (8, 12): 1, (8, 13): 1, (8, 15): 1, (8, 16): 1, (8, 17): 1, (8, 18): 1, (8, 19): 1, (8, 20): 1, (8, 23): 1, (8, 24): 1, (9, 10): 70, (9, 12): 1, (9, 13): 1, (9, 14): 1, (9, 15): 1, (9, 16): 1, (9, 17): 1, (9, 20): 1, (9, 21): 1, (9, 22): 1, (10, 15): 1, (10, 18): 1, (10, 21): 1, (10, 23): 27, (11, 12): 81, (11, 15): 29, (11, 17): 8, (11, 24): 1, (12, 18): 1, (12, 19): 1, (12, 20): 1, (12, 21): 1, (12, 22): 1, (12, 23): 1, (13, 16): 1, (13, 19): 1, (13, 20): 1, (13, 21): 1, (13, 22): 1, (13, 23): 1, (14, 16): 55, (14, 18): 1, (14, 20): 1, (14, 21): 42, (15, 17): 1, (15, 19): 56, (15, 20): 1, (15, 24): 1, (16, 18): 1, (16, 19): 1, (16, 20): 1, (16, 21): 1, (16, 24): 1, (17, 20): 1, (17, 21): 1, (17, 22): 1, (17, 23): 1, (17, 24): 1, (18, 20): 1, (18, 22): 1, (18, 24): 1, (19, 23): 1, (20, 22): 1, (20, 23): 1, (21, 22): 1}",6186.000000070635
188.0,Graph with 25 nodes and 148 edges,"[[0, 1, 0, 1, 0, 0, 1, 1, 1, 1, 1, 0, 0, 0, 1, 0, 1, 0, 0, 1, 0, 0, 1, 1, 0], [1, 0, 0, 0, 0, 0, 0, 1, 1, 1, 0, 1, 0, 1, 0, 0, 1, 1, 0, 1, 0, 0, 1, 0, 0], [0, 0, 0, 1, 1, 0, 0, 0, 0, 1, 0, 0, 1, 1, 0, 1, 1, 0, 1, 1, 0, 1, 1, 1, 1], [1, 0, 1, 0, 0, 0, 0, 0, 1, 1, 0, 0, 0, 0, 0, 0, 1, 0, 1, 0, 1, 1, 1, 1, 1], [0, 0, 1, 0, 0, 0, 0, 1, 1, 0, 0, 1, 0, 0, 0, 1, 0, 0, 1, 1, 1, 1, 1, 1, 1], [0, 0, 0, 0, 0, 0, 0, 0, 1, 1, 0, 0, 1, 0, 0, 0, 0, 0, 0, 0, 0, 0, 0, 0, 0], [1, 0, 0, 0, 0, 0, 0, 1, 1, 1, 0, 0, 1, 0, 1, 1, 1, 1, 1, 1, 0, 1, 1, 1, 0], [1, 1, 0, 0, 1, 0, 1, 0, 1, 0, 1, 1, 0, 1, 0, 1, 1, 1, 0, 1, 1, 0, 0, 1, 0], [1, 1, 0, 1, 1, 1, 1, 1, 0, 1, 1, 1, 1, 1, 0, 1, 1, 1, 1, 1, 1, 0, 0, 1, 1], [1, 1, 1, 1, 0, 1, 1, 0, 1, 0, 1, 0, 1, 1, 1, 1, 1, 1, 0, 0, 1, 1, 1, 0, 0], [1, 0, 0, 0, 0, 0, 0, 1, 1, 1, 0, 0, 0, 0, 0, 1, 0, 0, 1, 0, 0, 1, 0, 1, 0], [0, 1, 0, 0, 1, 0, 0, 1, 1, 0, 0, 0, 1, 0, 0, 1, 0, 1, 0, 0, 0, 0, 0, 0, 1], [0, 0, 1, 0, 0, 1, 1, 0, 1, 1, 0, 1, 0, 0, 0, 0, 0, 0, 1, 1, 1, 1, 1, 1, 0], [0, 1, 1, 0, 0, 0, 0, 1, 1, 1, 0, 0, 0, 0, 0, 0, 1, 0, 0, 1, 1, 1, 1, 1, 0], [1, 0, 0, 0, 0, 0, 1, 0, 0, 1, 0, 0, 0, 0, 0, 0, 1, 0, 1, 0, 1, 1, 0, 0, 0], [0, 0, 1, 0, 1, 0, 1, 1, 1, 1, 1, 1, 0, 0, 0, 0, 0, 1, 0, 1, 1, 0, 0, 0, 1], [1, 1, 1, 1, 0, 0, 1, 1, 1, 1, 0, 0, 0, 1, 1, 0, 0, 0, 1, 1, 1, 1, 0, 0, 1], [0, 1, 0, 0, 0, 0, 1, 1, 1, 1, 0, 1, 0, 0, 0, 1, 0, 0, 0, 0, 1, 1, 1, 1, 1], [0, 0, 1, 1, 1, 0, 1, 0, 1, 0, 1, 0, 1, 0, 1, 0, 1, 0, 0, 0, 1, 0, 1, 0, 1], [1, 1, 1, 0, 1, 0, 1, 1, 1, 0, 0, 0, 1, 1, 0, 1, 1, 0, 0, 0, 0, 0, 0, 1, 0], [0, 0, 0, 1, 1, 0, 0, 1, 1, 1, 0, 0, 1, 1, 1, 1, 1, 1, 1, 0, 0, 0, 1, 1, 0], [0, 0, 1, 1, 1, 0, 1, 0, 0, 1, 1, 0, 1, 1, 1, 0, 1, 1, 0, 0, 0, 0, 1, 0, 0], [1, 1, 1, 1, 1, 0, 1, 0, 0, 1, 0, 0, 1, 1, 0, 0, 0, 1, 1, 0, 1, 1, 0, 0, 0], [1, 0, 1, 1, 1, 0, 1, 1, 1, 0, 1, 0, 1, 1, 0, 0, 0, 1, 0, 1, 1, 0, 0, 0, 0], [0, 0, 1, 1, 1, 0, 0, 0, 1, 0, 0, 1, 0, 0, 0, 1, 1, 1, 1, 0, 0, 0, 0, 0, 0]]",4.0,8.0,Y,"{0: 12, 1: 196, 2: 20, 3: 188, 4: 180, 5: 4, 6: 172, 7: 164, 8: 156, 9: 148, 10: 140, 11: 132, 12: 124, 13: 116, 14: 108, 15: 100, 16: 92, 17: 84, 18: 76, 19: 68, 20: 60, 21: 52, 22: 44, 23: 36, 24: 28}","{(0, 1): 1, (0, 3): 1, (0, 6): 1, (0, 7): 1, (0, 8): 1, (0, 9): 1, (0, 10): 1, (0, 14): 1, (0, 16): 1, (0, 19): 1, (0, 22): 1, (0, 23): 1, (1, 7): 1, (1, 8): 1, (1, 9): 1, (1, 11): 13, (1, 13): 103, (1, 16): 1, (1, 17): 73, (1, 19): 1, (1, 22): 1, (2, 3): 1, (2, 4): 1, (2, 9): 8, (2, 12): 1, (2, 13): 1, (2, 15): 1, (2, 16): 1, (2, 18): 1, (2, 19): 1, (2, 21): 1, (2, 22): 1, (2, 23): 1, (2, 24): 1, (3, 8): 1, (3, 9): 125, (3, 16): 1, (3, 18): 1, (3, 20): 1, (3, 21): 1, (3, 22): 32, (3, 23): 23, (3, 24): 1, (4, 7): 1, (4, 8): 1, (4, 11): 1, (4, 15): 1, (4, 18): 8, (4, 19): 57, (4, 20): 47, (4, 21): 41, (4, 22): 1, (4, 23): 1, (4, 24): 20, (5, 8): 2, (5, 9): 1, (5, 12): 1, (6, 7): 132, (6, 8): 1, (6, 9): 1, (6, 12): 1, (6, 14): 28, (6, 15): 1, (6, 16): 1, (6, 17): 1, (6, 18): 1, (6, 19): 1, (6, 21): 1, (6, 22): 1, (6, 23): 1, (7, 8): 1, (7, 10): 20, (7, 11): 1, (7, 13): 1, (7, 15): 1, (7, 16): 1, (7, 17): 1, (7, 19): 1, (7, 20): 1, (7, 23): 1, (8, 9): 1, (8, 10): 52, (8, 11): 1, (8, 12): 1, (8, 13): 1, (8, 15): 28, (8, 16): 1, (8, 17): 1, (8, 18): 58, (8, 19): 1, (8, 20): 1, (8, 23): 1, (8, 24): 1, (9, 10): 1, (9, 12): 1, (9, 13): 1, (9, 14): 1, (9, 15): 1, (9, 16): 1, (9, 17): 1, (9, 20): 1, (9, 21): 1, (9, 22): 1, (10, 15): 62, (10, 18): 1, (10, 21): 1, (10, 23): 2, (11, 12): 113, (11, 15): 1, (11, 17): 1, (11, 24): 1, (12, 18): 1, (12, 19): 1, (12, 20): 1, (12, 21): 1, (12, 22): 1, (12, 23): 1, (13, 16): 4, (13, 19): 1, (13, 20): 1, (13, 21): 1, (13, 22): 1, (13, 23): 1, (14, 16): 75, (14, 18): 1, (14, 20): 1, (14, 21): 1, (15, 17): 1, (15, 19): 1, (15, 20): 1, (15, 24): 1, (16, 18): 1, (16, 19): 1, (16, 20): 1, (16, 21): 1, (16, 24): 1, (17, 20): 1, (17, 21): 1, (17, 22): 1, (17, 23): 1, (17, 24): 1, (18, 20): 1, (18, 22): 1, (18, 24): 1, (19, 23): 1, (20, 22): 1, (20, 23): 1, (21, 22): 1}",6755.000000111977
188.0,Graph with 25 nodes and 148 edges,"[[0, 1, 0, 1, 0, 0, 1, 1, 1, 1, 1, 0, 0, 0, 1, 0, 1, 0, 0, 1, 0, 0, 1, 1, 0], [1, 0, 0, 0, 0, 0, 0, 1, 1, 1, 0, 1, 0, 1, 0, 0, 1, 1, 0, 1, 0, 0, 1, 0, 0], [0, 0, 0, 1, 1, 0, 0, 0, 0, 1, 0, 0, 1, 1, 0, 1, 1, 0, 1, 1, 0, 1, 1, 1, 1], [1, 0, 1, 0, 0, 0, 0, 0, 1, 1, 0, 0, 0, 0, 0, 0, 1, 0, 1, 0, 1, 1, 1, 1, 1], [0, 0, 1, 0, 0, 0, 0, 1, 1, 0, 0, 1, 0, 0, 0, 1, 0, 0, 1, 1, 1, 1, 1, 1, 1], [0, 0, 0, 0, 0, 0, 0, 0, 1, 1, 0, 0, 1, 0, 0, 0, 0, 0, 0, 0, 0, 0, 0, 0, 0], [1, 0, 0, 0, 0, 0, 0, 1, 1, 1, 0, 0, 1, 0, 1, 1, 1, 1, 1, 1, 0, 1, 1, 1, 0], [1, 1, 0, 0, 1, 0, 1, 0, 1, 0, 1, 1, 0, 1, 0, 1, 1, 1, 0, 1, 1, 0, 0, 1, 0], [1, 1, 0, 1, 1, 1, 1, 1, 0, 1, 1, 1, 1, 1, 0, 1, 1, 1, 1, 1, 1, 0, 0, 1, 1], [1, 1, 1, 1, 0, 1, 1, 0, 1, 0, 1, 0, 1, 1, 1, 1, 1, 1, 0, 0, 1, 1, 1, 0, 0], [1, 0, 0, 0, 0, 0, 0, 1, 1, 1, 0, 0, 0, 0, 0, 1, 0, 0, 1, 0, 0, 1, 0, 1, 0], [0, 1, 0, 0, 1, 0, 0, 1, 1, 0, 0, 0, 1, 0, 0, 1, 0, 1, 0, 0, 0, 0, 0, 0, 1], [0, 0, 1, 0, 0, 1, 1, 0, 1, 1, 0, 1, 0, 0, 0, 0, 0, 0, 1, 1, 1, 1, 1, 1, 0], [0, 1, 1, 0, 0, 0, 0, 1, 1, 1, 0, 0, 0, 0, 0, 0, 1, 0, 0, 1, 1, 1, 1, 1, 0], [1, 0, 0, 0, 0, 0, 1, 0, 0, 1, 0, 0, 0, 0, 0, 0, 1, 0, 1, 0, 1, 1, 0, 0, 0], [0, 0, 1, 0, 1, 0, 1, 1, 1, 1, 1, 1, 0, 0, 0, 0, 0, 1, 0, 1, 1, 0, 0, 0, 1], [1, 1, 1, 1, 0, 0, 1, 1, 1, 1, 0, 0, 0, 1, 1, 0, 0, 0, 1, 1, 1, 1, 0, 0, 1], [0, 1, 0, 0, 0, 0, 1, 1, 1, 1, 0, 1, 0, 0, 0, 1, 0, 0, 0, 0, 1, 1, 1, 1, 1], [0, 0, 1, 1, 1, 0, 1, 0, 1, 0, 1, 0, 1, 0, 1, 0, 1, 0, 0, 0, 1, 0, 1, 0, 1], [1, 1, 1, 0, 1, 0, 1, 1, 1, 0, 0, 0, 1, 1, 0, 1, 1, 0, 0, 0, 0, 0, 0, 1, 0], [0, 0, 0, 1, 1, 0, 0, 1, 1, 1, 0, 0, 1, 1, 1, 1, 1, 1, 1, 0, 0, 0, 1, 1, 0], [0, 0, 1, 1, 1, 0, 1, 0, 0, 1, 1, 0, 1, 1, 1, 0, 1, 1, 0, 0, 0, 0, 1, 0, 0], [1, 1, 1, 1, 1, 0, 1, 0, 0, 1, 0, 0, 1, 1, 0, 0, 0, 1, 1, 0, 1, 1, 0, 0, 0], [1, 0, 1, 1, 1, 0, 1, 1, 1, 0, 1, 0, 1, 1, 0, 0, 0, 1, 0, 1, 1, 0, 0, 0, 0], [0, 0, 1, 1, 1, 0, 0, 0, 1, 0, 0, 1, 0, 0, 0, 1, 1, 1, 1, 0, 0, 0, 0, 0, 0]]",4.0,9.0,Y,"{0: 13, 1: 220, 2: 211, 3: 202, 4: 193, 5: 4, 6: 22, 7: 184, 8: 175, 9: 166, 10: 157, 11: 148, 12: 139, 13: 130, 14: 121, 15: 112, 16: 103, 17: 94, 18: 85, 19: 76, 20: 67, 21: 58, 22: 49, 23: 40, 24: 31}","{(0, 1): 1, (0, 3): 1, (0, 6): 1, (0, 7): 1, (0, 8): 1, (0, 9): 1, (0, 10): 1, (0, 14): 2, (0, 16): 1, (0, 19): 1, (0, 22): 1, (0, 23): 1, (1, 7): 1, (1, 8): 1, (1, 9): 1, (1, 11): 135, (1, 13): 1, (1, 16): 1, (1, 17): 77, (1, 19): 1, (1, 22): 1, (2, 3): 2, (2, 4): 71, (2, 9): 1, (2, 12): 128, (2, 13): 1, (2, 15): 1, (2, 16): 1, (2, 18): 1, (2, 19): 1, (2, 21): 1, (2, 22): 1, (2, 23): 1, (2, 24): 1, (3, 8): 102, (3, 9): 1, (3, 16): 1, (3, 18): 1, (3, 20): 54, (3, 21): 15, (3, 22): 1, (3, 23): 1, (3, 24): 23, (4, 7): 1, (4, 8): 1, (4, 11): 1, (4, 15): 48, (4, 18): 1, (4, 19): 65, (4, 20): 1, (4, 21): 1, (4, 22): 1, (4, 23): 1, (4, 24): 1, (5, 8): 2, (5, 9): 1, (5, 12): 1, (6, 7): 1, (6, 8): 1, (6, 9): 1, (6, 12): 1, (6, 14): 9, (6, 15): 1, (6, 16): 1, (6, 17): 1, (6, 18): 1, (6, 19): 1, (6, 21): 1, (6, 22): 1, (6, 23): 1, (7, 8): 1, (7, 10): 106, (7, 11): 1, (7, 13): 1, (7, 15): 1, (7, 16): 66, (7, 17): 1, (7, 19): 1, (7, 20): 1, (7, 23): 1, (8, 9): 1, (8, 10): 1, (8, 11): 1, (8, 12): 1, (8, 13): 1, (8, 15): 54, (8, 16): 1, (8, 17): 1, (8, 18): 1, (8, 19): 1, (8, 20): 1, (8, 23): 1, (8, 24): 1, (9, 10): 18, (9, 12): 1, (9, 13): 97, (9, 14): 1, (9, 15): 1, (9, 16): 1, (9, 17): 1, (9, 20): 1, (9, 21): 1, (9, 22): 37, (10, 15): 1, (10, 18): 1, (10, 21): 1, (10, 23): 28, (11, 12): 1, (11, 15): 1, (11, 17): 7, (11, 24): 1, (12, 18): 1, (12, 19): 1, (12, 20): 1, (12, 21): 1, (12, 22): 1, (12, 23): 1, (13, 16): 24, (13, 19): 1, (13, 20): 1, (13, 21): 1, (13, 22): 1, (13, 23): 1, (14, 16): 1, (14, 18): 74, (14, 20): 1, (14, 21): 33, (15, 17): 1, (15, 19): 1, (15, 20): 1, (15, 24): 1, (16, 18): 1, (16, 19): 1, (16, 20): 1, (16, 21): 1, (16, 24): 1, (17, 20): 1, (17, 21): 1, (17, 22): 1, (17, 23): 1, (17, 24): 1, (18, 20): 1, (18, 22): 1, (18, 24): 1, (19, 23): 1, (20, 22): 1, (20, 23): 1, (21, 22): 1}",6253.000000015163
245.0,Graph with 25 nodes and 151 edges,"[[0, 1, 0, 0, 1, 1, 0, 1, 1, 1, 0, 0, 1, 0, 0, 1, 0, 0, 1, 0, 1, 1, 1, 0, 1], [1, 0, 1, 1, 0, 1, 0, 1, 0, 0, 1, 0, 0, 1, 1, 1, 0, 0, 0, 1, 1, 0, 0, 1, 0], [0, 1, 0, 1, 0, 1, 1, 1, 0, 1, 0, 1, 0, 0, 0, 0, 0, 0, 0, 1, 0, 1, 1, 1, 0], [0, 1, 1, 0, 0, 1, 1, 1, 1, 0, 1, 0, 0, 0, 0, 0, 0, 1, 0, 0, 0, 1, 1, 1, 1], [1, 0, 0, 0, 0, 1, 1, 1, 0, 0, 1, 1, 0, 1, 1, 1, 0, 1, 1, 0, 0, 1, 1, 1, 1], [1, 1, 1, 1, 1, 0, 1, 0, 0, 1, 0, 1, 0, 1, 1, 0, 0, 0, 0, 1, 1, 1, 0, 1, 0], [0, 0, 1, 1, 1, 1, 0, 1, 0, 1, 1, 1, 0, 0, 1, 0, 0, 0, 1, 1, 0, 1, 1, 1, 0], [1, 1, 1, 1, 1, 0, 1, 0, 1, 0, 1, 0, 0, 1, 0, 0, 0, 1, 1, 0, 1, 0, 1, 0, 0], [1, 0, 0, 1, 0, 0, 0, 1, 0, 1, 0, 1, 1, 0, 0, 0, 0, 0, 0, 0, 0, 0, 0, 0, 1], [1, 0, 1, 0, 0, 1, 1, 0, 1, 0, 1, 0, 1, 0, 0, 1, 0, 0, 1, 0, 1, 1, 1, 0, 0], [0, 1, 0, 1, 1, 0, 1, 1, 0, 1, 0, 0, 0, 0, 1, 0, 1, 1, 1, 0, 0, 1, 1, 1, 0], [0, 0, 1, 0, 1, 1, 1, 0, 1, 0, 0, 0, 1, 1, 0, 0, 0, 0, 0, 1, 1, 1, 1, 0, 0], [1, 0, 0, 0, 0, 0, 0, 0, 1, 1, 0, 1, 0, 0, 1, 0, 0, 1, 1, 0, 1, 1, 0, 1, 0], [0, 1, 0, 0, 1, 1, 0, 1, 0, 0, 0, 1, 0, 0, 1, 0, 1, 1, 1, 1, 1, 0, 0, 1, 1], [0, 1, 0, 0, 1, 1, 1, 0, 0, 0, 1, 0, 1, 1, 0, 1, 0, 1, 1, 0, 0, 1, 1, 1, 1], [1, 1, 0, 0, 1, 0, 0, 0, 0, 1, 0, 0, 0, 0, 1, 0, 0, 1, 1, 0, 1, 0, 1, 0, 0], [0, 0, 0, 0, 0, 0, 0, 0, 0, 0, 1, 0, 0, 1, 0, 0, 0, 0, 0, 0, 0, 1, 0, 0, 1], [0, 0, 0, 1, 1, 0, 0, 1, 0, 0, 1, 0, 1, 1, 1, 1, 0, 0, 1, 0, 1, 0, 1, 1, 1], [1, 0, 0, 0, 1, 0, 1, 1, 0, 1, 1, 0, 1, 1, 1, 1, 0, 1, 0, 0, 0, 1, 0, 1, 0], [0, 1, 1, 0, 0, 1, 1, 0, 0, 0, 0, 1, 0, 1, 0, 0, 0, 0, 0, 0, 1, 1, 0, 0, 1], [1, 1, 0, 0, 0, 1, 0, 1, 0, 1, 0, 1, 1, 1, 0, 1, 0, 1, 0, 1, 0, 0, 1, 1, 0], [1, 0, 1, 1, 1, 1, 1, 0, 0, 1, 1, 1, 1, 0, 1, 0, 1, 0, 1, 1, 0, 0, 1, 1, 1], [1, 0, 1, 1, 1, 0, 1, 1, 0, 1, 1, 1, 0, 0, 1, 1, 0, 1, 0, 0, 1, 1, 0, 0, 1], [0, 1, 1, 1, 1, 1, 1, 0, 0, 0, 1, 0, 1, 1, 1, 0, 0, 1, 1, 0, 1, 1, 0, 0, 0], [1, 0, 0, 1, 1, 0, 0, 0, 1, 0, 0, 0, 0, 1, 1, 0, 1, 1, 0, 1, 0, 1, 1, 0, 0]]",4.0,3.0,Y,"{0: 13, 1: 76, 2: 73, 3: 70, 4: 16, 5: 67, 6: 64, 7: 61, 8: 7, 9: 58, 10: 55, 11: 52, 12: 10, 13: 49, 14: 46, 15: 43, 16: 4, 17: 40, 18: 37, 19: 34, 20: 31, 21: 28, 22: 25, 23: 22, 24: 19}","{(0, 1): 1, (0, 4): 1, (0, 5): 1, (0, 7): 1, (0, 8): 1, (0, 9): 1, (0, 12): 1, (0, 15): 1, (0, 18): 1, (0, 20): 1, (0, 21): 1, (0, 22): 1, (0, 24): 1, (1, 2): 1, (1, 3): 1, (1, 5): 1, (1, 7): 1, (1, 10): 1, (1, 13): 26, (1, 14): 1, (1, 15): 14, (1, 19): 26, (1, 20): 1, (1, 23): 1, (2, 3): 1, (2, 5): 1, (2, 6): 21, (2, 7): 21, (2, 9): 1, (2, 11): 12, (2, 19): 1, (2, 21): 11, (2, 22): 1, (2, 23): 1, (3, 5): 46, (3, 6): 1, (3, 7): 1, (3, 8): 1, (3, 10): 1, (3, 17): 7, (3, 21): 1, (3, 22): 1, (3, 23): 1, (3, 24): 7, (4, 5): 1, (4, 6): 1, (4, 7): 1, (4, 10): 1, (4, 11): 1, (4, 13): 1, (4, 14): 1, (4, 15): 1, (4, 17): 1, (4, 18): 1, (4, 21): 2, (4, 22): 1, (4, 23): 1, (4, 24): 1, (5, 6): 1, (5, 9): 1, (5, 11): 1, (5, 13): 1, (5, 14): 1, (5, 19): 1, (5, 20): 1, (5, 21): 1, (5, 23): 9, (6, 7): 1, (6, 9): 1, (6, 10): 1, (6, 11): 30, (6, 14): 1, (6, 18): 1, (6, 19): 1, (6, 21): 1, (6, 22): 1, (6, 23): 1, (7, 8): 1, (7, 10): 1, (7, 13): 1, (7, 17): 1, (7, 18): 1, (7, 20): 19, (7, 22): 11, (8, 9): 1, (8, 11): 1, (8, 12): 1, (8, 24): 1, (9, 10): 23, (9, 12): 1, (9, 15): 1, (9, 18): 25, (9, 20): 1, (9, 21): 1, (9, 22): 1, (10, 14): 21, (10, 16): 1, (10, 17): 1, (10, 18): 1, (10, 21): 1, (10, 22): 1, (10, 23): 1, (11, 12): 1, (11, 13): 1, (11, 19): 1, (11, 20): 1, (11, 21): 1, (11, 22): 1, (12, 14): 1, (12, 17): 1, (12, 18): 1, (12, 20): 1, (12, 21): 1, (12, 23): 1, (13, 14): 11, (13, 16): 1, (13, 17): 1, (13, 18): 1, (13, 19): 1, (13, 20): 1, (13, 23): 1, (13, 24): 1, (14, 15): 1, (14, 17): 1, (14, 18): 1, (14, 21): 1, (14, 22): 1, (14, 23): 1, (14, 24): 2, (15, 17): 21, (15, 18): 1, (15, 20): 1, (15, 22): 1, (16, 21): 1, (16, 24): 1, (17, 18): 1, (17, 20): 1, (17, 22): 1, (17, 23): 1, (17, 24): 1, (18, 21): 1, (18, 23): 1, (19, 20): 1, (19, 21): 1, (19, 24): 1, (20, 22): 1, (20, 23): 1, (21, 22): 1, (21, 23): 1, (21, 24): 1, (22, 24): 1}",5926.000000044951
245.0,Graph with 25 nodes and 151 edges,"[[0, 1, 0, 0, 1, 1, 0, 1, 1, 1, 0, 0, 1, 0, 0, 1, 0, 0, 1, 0, 1, 1, 1, 0, 1], [1, 0, 1, 1, 0, 1, 0, 1, 0, 0, 1, 0, 0, 1, 1, 1, 0, 0, 0, 1, 1, 0, 0, 1, 0], [0, 1, 0, 1, 0, 1, 1, 1, 0, 1, 0, 1, 0, 0, 0, 0, 0, 0, 0, 1, 0, 1, 1, 1, 0], [0, 1, 1, 0, 0, 1, 1, 1, 1, 0, 1, 0, 0, 0, 0, 0, 0, 1, 0, 0, 0, 1, 1, 1, 1], [1, 0, 0, 0, 0, 1, 1, 1, 0, 0, 1, 1, 0, 1, 1, 1, 0, 1, 1, 0, 0, 1, 1, 1, 1], [1, 1, 1, 1, 1, 0, 1, 0, 0, 1, 0, 1, 0, 1, 1, 0, 0, 0, 0, 1, 1, 1, 0, 1, 0], [0, 0, 1, 1, 1, 1, 0, 1, 0, 1, 1, 1, 0, 0, 1, 0, 0, 0, 1, 1, 0, 1, 1, 1, 0], [1, 1, 1, 1, 1, 0, 1, 0, 1, 0, 1, 0, 0, 1, 0, 0, 0, 1, 1, 0, 1, 0, 1, 0, 0], [1, 0, 0, 1, 0, 0, 0, 1, 0, 1, 0, 1, 1, 0, 0, 0, 0, 0, 0, 0, 0, 0, 0, 0, 1], [1, 0, 1, 0, 0, 1, 1, 0, 1, 0, 1, 0, 1, 0, 0, 1, 0, 0, 1, 0, 1, 1, 1, 0, 0], [0, 1, 0, 1, 1, 0, 1, 1, 0, 1, 0, 0, 0, 0, 1, 0, 1, 1, 1, 0, 0, 1, 1, 1, 0], [0, 0, 1, 0, 1, 1, 1, 0, 1, 0, 0, 0, 1, 1, 0, 0, 0, 0, 0, 1, 1, 1, 1, 0, 0], [1, 0, 0, 0, 0, 0, 0, 0, 1, 1, 0, 1, 0, 0, 1, 0, 0, 1, 1, 0, 1, 1, 0, 1, 0], [0, 1, 0, 0, 1, 1, 0, 1, 0, 0, 0, 1, 0, 0, 1, 0, 1, 1, 1, 1, 1, 0, 0, 1, 1], [0, 1, 0, 0, 1, 1, 1, 0, 0, 0, 1, 0, 1, 1, 0, 1, 0, 1, 1, 0, 0, 1, 1, 1, 1], [1, 1, 0, 0, 1, 0, 0, 0, 0, 1, 0, 0, 0, 0, 1, 0, 0, 1, 1, 0, 1, 0, 1, 0, 0], [0, 0, 0, 0, 0, 0, 0, 0, 0, 0, 1, 0, 0, 1, 0, 0, 0, 0, 0, 0, 0, 1, 0, 0, 1], [0, 0, 0, 1, 1, 0, 0, 1, 0, 0, 1, 0, 1, 1, 1, 1, 0, 0, 1, 0, 1, 0, 1, 1, 1], [1, 0, 0, 0, 1, 0, 1, 1, 0, 1, 1, 0, 1, 1, 1, 1, 0, 1, 0, 0, 0, 1, 0, 1, 0], [0, 1, 1, 0, 0, 1, 1, 0, 0, 0, 0, 1, 0, 1, 0, 0, 0, 0, 0, 0, 1, 1, 0, 0, 1], [1, 1, 0, 0, 0, 1, 0, 1, 0, 1, 0, 1, 1, 1, 0, 1, 0, 1, 0, 1, 0, 0, 1, 1, 0], [1, 0, 1, 1, 1, 1, 1, 0, 0, 1, 1, 1, 1, 0, 1, 0, 1, 0, 1, 1, 0, 0, 1, 1, 1], [1, 0, 1, 1, 1, 0, 1, 1, 0, 1, 1, 1, 0, 0, 1, 1, 0, 1, 0, 0, 1, 1, 0, 0, 1], [0, 1, 1, 1, 1, 1, 1, 0, 0, 0, 1, 0, 1, 1, 1, 0, 0, 1, 1, 0, 1, 1, 0, 0, 0], [1, 0, 0, 1, 1, 0, 0, 0, 1, 0, 0, 0, 0, 1, 1, 0, 1, 1, 0, 1, 0, 1, 1, 0, 0]]",4.0,4.0,Y,"{0: 16, 1: 12, 2: 100, 3: 96, 4: 92, 5: 88, 6: 84, 7: 80, 8: 8, 9: 76, 10: 72, 11: 68, 12: 64, 13: 60, 14: 56, 15: 52, 16: 4, 17: 48, 18: 44, 19: 40, 20: 36, 21: 32, 22: 28, 23: 24, 24: 20}","{(0, 1): 1, (0, 4): 1, (0, 5): 3, (0, 7): 1, (0, 8): 2, (0, 9): 1, (0, 12): 1, (0, 15): 1, (0, 18): 1, (0, 20): 1, (0, 21): 1, (0, 22): 1, (0, 24): 1, (1, 2): 1, (1, 3): 1, (1, 5): 1, (1, 7): 1, (1, 10): 1, (1, 13): 1, (1, 14): 1, (1, 15): 1, (1, 19): 1, (1, 20): 1, (1, 23): 1, (2, 3): 1, (2, 5): 1, (2, 6): 71, (2, 7): 1, (2, 9): 1, (2, 11): 20, (2, 19): 1, (2, 21): 1, (2, 22): 1, (2, 23): 1, (3, 5): 5, (3, 6): 1, (3, 7): 31, (3, 8): 1, (3, 10): 36, (3, 17): 1, (3, 21): 16, (3, 22): 1, (3, 23): 1, (3, 24): 1, (4, 5): 69, (4, 6): 1, (4, 7): 1, (4, 10): 1, (4, 11): 1, (4, 13): 1, (4, 14): 1, (4, 15): 1, (4, 17): 1, (4, 18): 1, (4, 21): 1, (4, 22): 1, (4, 23): 1, (4, 24): 10, (5, 6): 1, (5, 9): 1, (5, 11): 1, (5, 13): 1, (5, 14): 1, (5, 19): 1, (5, 20): 1, (5, 21): 1, (5, 23): 1, (6, 7): 1, (6, 9): 1, (6, 10): 1, (6, 11): 1, (6, 14): 1, (6, 18): 1, (6, 19): 1, (6, 21): 1, (6, 22): 1, (6, 23): 1, (7, 8): 1, (7, 10): 1, (7, 13): 1, (7, 17): 1, (7, 18): 15, (7, 20): 24, (7, 22): 1, (8, 9): 1, (8, 11): 1, (8, 12): 1, (8, 24): 1, (9, 10): 25, (9, 12): 10, (9, 15): 2, (9, 18): 18, (9, 20): 1, (9, 21): 1, (9, 22): 14, (10, 14): 1, (10, 16): 1, (10, 17): 1, (10, 18): 1, (10, 21): 1, (10, 22): 1, (10, 23): 1, (11, 12): 1, (11, 13): 28, (11, 19): 12, (11, 20): 1, (11, 21): 1, (11, 22): 1, (12, 14): 1, (12, 17): 36, (12, 18): 1, (12, 20): 1, (12, 21): 1, (12, 23): 11, (13, 14): 1, (13, 16): 1, (13, 17): 1, (13, 18): 1, (13, 19): 21, (13, 20): 1, (13, 23): 1, (13, 24): 1, (14, 15): 43, (14, 17): 1, (14, 18): 1, (14, 21): 1, (14, 22): 1, (14, 23): 1, (14, 24): 1, (15, 17): 1, (15, 18): 1, (15, 20): 1, (15, 22): 1, (16, 21): 1, (16, 24): 1, (17, 18): 1, (17, 20): 1, (17, 22): 1, (17, 23): 1, (17, 24): 1, (18, 21): 1, (18, 23): 1, (19, 20): 1, (19, 21): 1, (19, 24): 1, (20, 22): 1, (20, 23): 1, (21, 22): 1, (21, 23): 1, (21, 24): 1, (22, 24): 1}",6358.9999999749125
245.0,Graph with 25 nodes and 151 edges,"[[0, 1, 0, 0, 1, 1, 0, 1, 1, 1, 0, 0, 1, 0, 0, 1, 0, 0, 1, 0, 1, 1, 1, 0, 1], [1, 0, 1, 1, 0, 1, 0, 1, 0, 0, 1, 0, 0, 1, 1, 1, 0, 0, 0, 1, 1, 0, 0, 1, 0], [0, 1, 0, 1, 0, 1, 1, 1, 0, 1, 0, 1, 0, 0, 0, 0, 0, 0, 0, 1, 0, 1, 1, 1, 0], [0, 1, 1, 0, 0, 1, 1, 1, 1, 0, 1, 0, 0, 0, 0, 0, 0, 1, 0, 0, 0, 1, 1, 1, 1], [1, 0, 0, 0, 0, 1, 1, 1, 0, 0, 1, 1, 0, 1, 1, 1, 0, 1, 1, 0, 0, 1, 1, 1, 1], [1, 1, 1, 1, 1, 0, 1, 0, 0, 1, 0, 1, 0, 1, 1, 0, 0, 0, 0, 1, 1, 1, 0, 1, 0], [0, 0, 1, 1, 1, 1, 0, 1, 0, 1, 1, 1, 0, 0, 1, 0, 0, 0, 1, 1, 0, 1, 1, 1, 0], [1, 1, 1, 1, 1, 0, 1, 0, 1, 0, 1, 0, 0, 1, 0, 0, 0, 1, 1, 0, 1, 0, 1, 0, 0], [1, 0, 0, 1, 0, 0, 0, 1, 0, 1, 0, 1, 1, 0, 0, 0, 0, 0, 0, 0, 0, 0, 0, 0, 1], [1, 0, 1, 0, 0, 1, 1, 0, 1, 0, 1, 0, 1, 0, 0, 1, 0, 0, 1, 0, 1, 1, 1, 0, 0], [0, 1, 0, 1, 1, 0, 1, 1, 0, 1, 0, 0, 0, 0, 1, 0, 1, 1, 1, 0, 0, 1, 1, 1, 0], [0, 0, 1, 0, 1, 1, 1, 0, 1, 0, 0, 0, 1, 1, 0, 0, 0, 0, 0, 1, 1, 1, 1, 0, 0], [1, 0, 0, 0, 0, 0, 0, 0, 1, 1, 0, 1, 0, 0, 1, 0, 0, 1, 1, 0, 1, 1, 0, 1, 0], [0, 1, 0, 0, 1, 1, 0, 1, 0, 0, 0, 1, 0, 0, 1, 0, 1, 1, 1, 1, 1, 0, 0, 1, 1], [0, 1, 0, 0, 1, 1, 1, 0, 0, 0, 1, 0, 1, 1, 0, 1, 0, 1, 1, 0, 0, 1, 1, 1, 1], [1, 1, 0, 0, 1, 0, 0, 0, 0, 1, 0, 0, 0, 0, 1, 0, 0, 1, 1, 0, 1, 0, 1, 0, 0], [0, 0, 0, 0, 0, 0, 0, 0, 0, 0, 1, 0, 0, 1, 0, 0, 0, 0, 0, 0, 0, 1, 0, 0, 1], [0, 0, 0, 1, 1, 0, 0, 1, 0, 0, 1, 0, 1, 1, 1, 1, 0, 0, 1, 0, 1, 0, 1, 1, 1], [1, 0, 0, 0, 1, 0, 1, 1, 0, 1, 1, 0, 1, 1, 1, 1, 0, 1, 0, 0, 0, 1, 0, 1, 0], [0, 1, 1, 0, 0, 1, 1, 0, 0, 0, 0, 1, 0, 1, 0, 0, 0, 0, 0, 0, 1, 1, 0, 0, 1], [1, 1, 0, 0, 0, 1, 0, 1, 0, 1, 0, 1, 1, 1, 0, 1, 0, 1, 0, 1, 0, 0, 1, 1, 0], [1, 0, 1, 1, 1, 1, 1, 0, 0, 1, 1, 1, 1, 0, 1, 0, 1, 0, 1, 1, 0, 0, 1, 1, 1], [1, 0, 1, 1, 1, 0, 1, 1, 0, 1, 1, 1, 0, 0, 1, 1, 0, 1, 0, 0, 1, 1, 0, 0, 1], [0, 1, 1, 1, 1, 1, 1, 0, 0, 0, 1, 0, 1, 1, 1, 0, 0, 1, 1, 0, 1, 1, 0, 0, 0], [1, 0, 0, 1, 1, 0, 0, 0, 1, 0, 0, 0, 0, 1, 1, 0, 1, 1, 0, 1, 0, 1, 1, 0, 0]]",4.0,5.0,Y,"{0: 14, 1: 124, 2: 119, 3: 114, 4: 19, 5: 109, 6: 104, 7: 99, 8: 9, 9: 94, 10: 89, 11: 84, 12: 79, 13: 74, 14: 69, 15: 64, 16: 4, 17: 59, 18: 54, 19: 49, 20: 44, 21: 39, 22: 34, 23: 29, 24: 24}","{(0, 1): 1, (0, 4): 1, (0, 5): 1, (0, 7): 1, (0, 8): 1, (0, 9): 1, (0, 12): 2, (0, 15): 1, (0, 18): 1, (0, 20): 1, (0, 21): 1, (0, 22): 1, (0, 24): 1, (1, 2): 1, (1, 3): 51, (1, 5): 1, (1, 7): 1, (1, 10): 52, (1, 13): 12, (1, 14): 1, (1, 15): 1, (1, 19): 1, (1, 20): 1, (1, 23): 1, (2, 3): 1, (2, 5): 1, (2, 6): 63, (2, 7): 1, (2, 9): 1, (2, 11): 47, (2, 19): 1, (2, 21): 1, (2, 22): 1, (2, 23): 1, (3, 5): 1, (3, 6): 1, (3, 7): 7, (3, 8): 1, (3, 10): 1, (3, 17): 47, (3, 21): 1, (3, 22): 1, (3, 23): 1, (3, 24): 1, (4, 5): 1, (4, 6): 1, (4, 7): 1, (4, 10): 2, (4, 11): 1, (4, 13): 1, (4, 14): 1, (4, 15): 1, (4, 17): 1, (4, 18): 1, (4, 21): 1, (4, 22): 1, (4, 23): 1, (4, 24): 4, (5, 6): 1, (5, 9): 81, (5, 11): 1, (5, 13): 1, (5, 14): 1, (5, 19): 1, (5, 20): 1, (5, 21): 1, (5, 23): 16, (6, 7): 29, (6, 9): 1, (6, 10): 1, (6, 11): 1, (6, 14): 1, (6, 18): 1, (6, 19): 1, (6, 21): 1, (6, 22): 1, (6, 23): 1, (7, 8): 3, (7, 10): 1, (7, 13): 1, (7, 17): 1, (7, 18): 1, (7, 20): 32, (7, 22): 20, (8, 9): 1, (8, 11): 1, (8, 12): 1, (8, 24): 1, (9, 10): 3, (9, 12): 1, (9, 15): 1, (9, 18): 1, (9, 20): 1, (9, 21): 1, (9, 22): 1, (10, 14): 1, (10, 16): 1, (10, 17): 1, (10, 18): 1, (10, 21): 23, (10, 22): 1, (10, 23): 1, (11, 12): 28, (11, 13): 1, (11, 19): 1, (11, 20): 1, (11, 21): 1, (11, 22): 1, (12, 14): 1, (12, 17): 1, (12, 18): 42, (12, 20): 1, (12, 21): 1, (12, 23): 1, (13, 14): 1, (13, 16): 1, (13, 17): 1, (13, 18): 1, (13, 19): 41, (13, 20): 1, (13, 23): 1, (13, 24): 11, (14, 15): 56, (14, 17): 1, (14, 18): 1, (14, 21): 1, (14, 22): 1, (14, 23): 1, (14, 24): 1, (15, 17): 1, (15, 18): 1, (15, 20): 1, (15, 22): 1, (16, 21): 1, (16, 24): 1, (17, 18): 1, (17, 20): 1, (17, 22): 1, (17, 23): 1, (17, 24): 1, (18, 21): 1, (18, 23): 1, (19, 20): 1, (19, 21): 1, (19, 24): 1, (20, 22): 1, (20, 23): 1, (21, 22): 1, (21, 23): 1, (21, 24): 1, (22, 24): 1}",6849.999999985812
245.0,Graph with 25 nodes and 151 edges,"[[0, 1, 0, 0, 1, 1, 0, 1, 1, 1, 0, 0, 1, 0, 0, 1, 0, 0, 1, 0, 1, 1, 1, 0, 1], [1, 0, 1, 1, 0, 1, 0, 1, 0, 0, 1, 0, 0, 1, 1, 1, 0, 0, 0, 1, 1, 0, 0, 1, 0], [0, 1, 0, 1, 0, 1, 1, 1, 0, 1, 0, 1, 0, 0, 0, 0, 0, 0, 0, 1, 0, 1, 1, 1, 0], [0, 1, 1, 0, 0, 1, 1, 1, 1, 0, 1, 0, 0, 0, 0, 0, 0, 1, 0, 0, 0, 1, 1, 1, 1], [1, 0, 0, 0, 0, 1, 1, 1, 0, 0, 1, 1, 0, 1, 1, 1, 0, 1, 1, 0, 0, 1, 1, 1, 1], [1, 1, 1, 1, 1, 0, 1, 0, 0, 1, 0, 1, 0, 1, 1, 0, 0, 0, 0, 1, 1, 1, 0, 1, 0], [0, 0, 1, 1, 1, 1, 0, 1, 0, 1, 1, 1, 0, 0, 1, 0, 0, 0, 1, 1, 0, 1, 1, 1, 0], [1, 1, 1, 1, 1, 0, 1, 0, 1, 0, 1, 0, 0, 1, 0, 0, 0, 1, 1, 0, 1, 0, 1, 0, 0], [1, 0, 0, 1, 0, 0, 0, 1, 0, 1, 0, 1, 1, 0, 0, 0, 0, 0, 0, 0, 0, 0, 0, 0, 1], [1, 0, 1, 0, 0, 1, 1, 0, 1, 0, 1, 0, 1, 0, 0, 1, 0, 0, 1, 0, 1, 1, 1, 0, 0], [0, 1, 0, 1, 1, 0, 1, 1, 0, 1, 0, 0, 0, 0, 1, 0, 1, 1, 1, 0, 0, 1, 1, 1, 0], [0, 0, 1, 0, 1, 1, 1, 0, 1, 0, 0, 0, 1, 1, 0, 0, 0, 0, 0, 1, 1, 1, 1, 0, 0], [1, 0, 0, 0, 0, 0, 0, 0, 1, 1, 0, 1, 0, 0, 1, 0, 0, 1, 1, 0, 1, 1, 0, 1, 0], [0, 1, 0, 0, 1, 1, 0, 1, 0, 0, 0, 1, 0, 0, 1, 0, 1, 1, 1, 1, 1, 0, 0, 1, 1], [0, 1, 0, 0, 1, 1, 1, 0, 0, 0, 1, 0, 1, 1, 0, 1, 0, 1, 1, 0, 0, 1, 1, 1, 1], [1, 1, 0, 0, 1, 0, 0, 0, 0, 1, 0, 0, 0, 0, 1, 0, 0, 1, 1, 0, 1, 0, 1, 0, 0], [0, 0, 0, 0, 0, 0, 0, 0, 0, 0, 1, 0, 0, 1, 0, 0, 0, 0, 0, 0, 0, 1, 0, 0, 1], [0, 0, 0, 1, 1, 0, 0, 1, 0, 0, 1, 0, 1, 1, 1, 1, 0, 0, 1, 0, 1, 0, 1, 1, 1], [1, 0, 0, 0, 1, 0, 1, 1, 0, 1, 1, 0, 1, 1, 1, 1, 0, 1, 0, 0, 0, 1, 0, 1, 0], [0, 1, 1, 0, 0, 1, 1, 0, 0, 0, 0, 1, 0, 1, 0, 0, 0, 0, 0, 0, 1, 1, 0, 0, 1], [1, 1, 0, 0, 0, 1, 0, 1, 0, 1, 0, 1, 1, 1, 0, 1, 0, 1, 0, 1, 0, 0, 1, 1, 0], [1, 0, 1, 1, 1, 1, 1, 0, 0, 1, 1, 1, 1, 0, 1, 0, 1, 0, 1, 1, 0, 0, 1, 1, 1], [1, 0, 1, 1, 1, 0, 1, 1, 0, 1, 1, 1, 0, 0, 1, 1, 0, 1, 0, 0, 1, 1, 0, 0, 1], [0, 1, 1, 1, 1, 1, 1, 0, 0, 0, 1, 0, 1, 1, 1, 0, 0, 1, 1, 0, 1, 1, 0, 0, 0], [1, 0, 0, 1, 1, 0, 0, 0, 1, 0, 0, 0, 0, 1, 1, 0, 1, 1, 0, 1, 0, 1, 1, 0, 0]]",4.0,6.0,Y,"{0: 16, 1: 148, 2: 142, 3: 136, 4: 130, 5: 124, 6: 118, 7: 112, 8: 10, 9: 106, 10: 100, 11: 94, 12: 88, 13: 82, 14: 76, 15: 70, 16: 4, 17: 64, 18: 58, 19: 52, 20: 46, 21: 22, 22: 40, 23: 34, 24: 28}","{(0, 1): 1, (0, 4): 1, (0, 5): 1, (0, 7): 4, (0, 8): 1, (0, 9): 1, (0, 12): 1, (0, 15): 1, (0, 18): 1, (0, 20): 1, (0, 21): 1, (0, 22): 1, (0, 24): 1, (1, 2): 1, (1, 3): 105, (1, 5): 1, (1, 7): 25, (1, 10): 1, (1, 13): 9, (1, 14): 1, (1, 15): 1, (1, 19): 1, (1, 20): 1, (1, 23): 1, (2, 3): 1, (2, 5): 1, (2, 6): 85, (2, 7): 1, (2, 9): 1, (2, 11): 48, (2, 19): 1, (2, 21): 1, (2, 22): 1, (2, 23): 1, (3, 5): 1, (3, 6): 1, (3, 7): 1, (3, 8): 1, (3, 10): 1, (3, 17): 21, (3, 21): 1, (3, 22): 1, (3, 23): 1, (3, 24): 1, (4, 5): 1, (4, 6): 1, (4, 7): 1, (4, 10): 83, (4, 11): 17, (4, 13): 1, (4, 14): 1, (4, 15): 1, (4, 17): 1, (4, 18): 1, (4, 21): 1, (4, 22): 1, (4, 23): 1, (4, 24): 18, (5, 6): 1, (5, 9): 1, (5, 11): 1, (5, 13): 15, (5, 14): 1, (5, 19): 44, (5, 20): 34, (5, 21): 1, (5, 23): 21, (6, 7): 1, (6, 9): 1, (6, 10): 1, (6, 11): 21, (6, 14): 1, (6, 18): 1, (6, 19): 1, (6, 21): 1, (6, 22): 1, (6, 23): 1, (7, 8): 1, (7, 10): 1, (7, 13): 48, (7, 17): 1, (7, 18): 1, (7, 20): 1, (7, 22): 26, (8, 9): 4, (8, 11): 1, (8, 12): 1, (8, 24): 1, (9, 10): 1, (9, 12): 1, (9, 15): 62, (9, 18): 31, (9, 20): 1, (9, 21): 1, (9, 22): 1, (10, 14): 1, (10, 16): 1, (10, 17): 1, (10, 18): 1, (10, 21): 6, (10, 22): 1, (10, 23): 1, (11, 12): 1, (11, 13): 1, (11, 19): 1, (11, 20): 1, (11, 21): 1, (11, 22): 1, (12, 14): 48, (12, 17): 32, (12, 18): 1, (12, 20): 1, (12, 21): 1, (12, 23): 1, (13, 14): 1, (13, 16): 1, (13, 17): 1, (13, 18): 1, (13, 19): 1, (13, 20): 1, (13, 23): 1, (13, 24): 1, (14, 15): 1, (14, 17): 1, (14, 18): 16, (14, 21): 1, (14, 22): 1, (14, 23): 1, (14, 24): 1, (15, 17): 1, (15, 18): 1, (15, 20): 1, (15, 22): 1, (16, 21): 1, (16, 24): 1, (17, 18): 1, (17, 20): 1, (17, 22): 1, (17, 23): 1, (17, 24): 1, (18, 21): 1, (18, 23): 1, (19, 20): 1, (19, 21): 1, (19, 24): 1, (20, 22): 1, (20, 23): 1, (21, 22): 1, (21, 23): 1, (21, 24): 1, (22, 24): 1}",6775.000000061482
245.0,Graph with 25 nodes and 151 edges,"[[0, 1, 0, 0, 1, 1, 0, 1, 1, 1, 0, 0, 1, 0, 0, 1, 0, 0, 1, 0, 1, 1, 1, 0, 1], [1, 0, 1, 1, 0, 1, 0, 1, 0, 0, 1, 0, 0, 1, 1, 1, 0, 0, 0, 1, 1, 0, 0, 1, 0], [0, 1, 0, 1, 0, 1, 1, 1, 0, 1, 0, 1, 0, 0, 0, 0, 0, 0, 0, 1, 0, 1, 1, 1, 0], [0, 1, 1, 0, 0, 1, 1, 1, 1, 0, 1, 0, 0, 0, 0, 0, 0, 1, 0, 0, 0, 1, 1, 1, 1], [1, 0, 0, 0, 0, 1, 1, 1, 0, 0, 1, 1, 0, 1, 1, 1, 0, 1, 1, 0, 0, 1, 1, 1, 1], [1, 1, 1, 1, 1, 0, 1, 0, 0, 1, 0, 1, 0, 1, 1, 0, 0, 0, 0, 1, 1, 1, 0, 1, 0], [0, 0, 1, 1, 1, 1, 0, 1, 0, 1, 1, 1, 0, 0, 1, 0, 0, 0, 1, 1, 0, 1, 1, 1, 0], [1, 1, 1, 1, 1, 0, 1, 0, 1, 0, 1, 0, 0, 1, 0, 0, 0, 1, 1, 0, 1, 0, 1, 0, 0], [1, 0, 0, 1, 0, 0, 0, 1, 0, 1, 0, 1, 1, 0, 0, 0, 0, 0, 0, 0, 0, 0, 0, 0, 1], [1, 0, 1, 0, 0, 1, 1, 0, 1, 0, 1, 0, 1, 0, 0, 1, 0, 0, 1, 0, 1, 1, 1, 0, 0], [0, 1, 0, 1, 1, 0, 1, 1, 0, 1, 0, 0, 0, 0, 1, 0, 1, 1, 1, 0, 0, 1, 1, 1, 0], [0, 0, 1, 0, 1, 1, 1, 0, 1, 0, 0, 0, 1, 1, 0, 0, 0, 0, 0, 1, 1, 1, 1, 0, 0], [1, 0, 0, 0, 0, 0, 0, 0, 1, 1, 0, 1, 0, 0, 1, 0, 0, 1, 1, 0, 1, 1, 0, 1, 0], [0, 1, 0, 0, 1, 1, 0, 1, 0, 0, 0, 1, 0, 0, 1, 0, 1, 1, 1, 1, 1, 0, 0, 1, 1], [0, 1, 0, 0, 1, 1, 1, 0, 0, 0, 1, 0, 1, 1, 0, 1, 0, 1, 1, 0, 0, 1, 1, 1, 1], [1, 1, 0, 0, 1, 0, 0, 0, 0, 1, 0, 0, 0, 0, 1, 0, 0, 1, 1, 0, 1, 0, 1, 0, 0], [0, 0, 0, 0, 0, 0, 0, 0, 0, 0, 1, 0, 0, 1, 0, 0, 0, 0, 0, 0, 0, 1, 0, 0, 1], [0, 0, 0, 1, 1, 0, 0, 1, 0, 0, 1, 0, 1, 1, 1, 1, 0, 0, 1, 0, 1, 0, 1, 1, 1], [1, 0, 0, 0, 1, 0, 1, 1, 0, 1, 1, 0, 1, 1, 1, 1, 0, 1, 0, 0, 0, 1, 0, 1, 0], [0, 1, 1, 0, 0, 1, 1, 0, 0, 0, 0, 1, 0, 1, 0, 0, 0, 0, 0, 0, 1, 1, 0, 0, 1], [1, 1, 0, 0, 0, 1, 0, 1, 0, 1, 0, 1, 1, 1, 0, 1, 0, 1, 0, 1, 0, 0, 1, 1, 0], [1, 0, 1, 1, 1, 1, 1, 0, 0, 1, 1, 1, 1, 0, 1, 0, 1, 0, 1, 1, 0, 0, 1, 1, 1], [1, 0, 1, 1, 1, 0, 1, 1, 0, 1, 1, 1, 0, 0, 1, 1, 0, 1, 0, 0, 1, 1, 0, 0, 1], [0, 1, 1, 1, 1, 1, 1, 0, 0, 0, 1, 0, 1, 1, 1, 0, 0, 1, 1, 0, 1, 1, 0, 0, 0], [1, 0, 0, 1, 1, 0, 0, 0, 1, 0, 0, 0, 0, 1, 1, 0, 1, 1, 0, 1, 0, 1, 1, 0, 0]]",4.0,7.0,Y,"{0: 18, 1: 172, 2: 11, 3: 165, 4: 158, 5: 151, 6: 144, 7: 137, 8: 130, 9: 123, 10: 116, 11: 109, 12: 102, 13: 95, 14: 88, 15: 81, 16: 4, 17: 74, 18: 67, 19: 60, 20: 53, 21: 46, 22: 39, 23: 32, 24: 25}","{(0, 1): 1, (0, 4): 1, (0, 5): 1, (0, 7): 1, (0, 8): 6, (0, 9): 1, (0, 12): 1, (0, 15): 1, (0, 18): 1, (0, 20): 1, (0, 21): 1, (0, 22): 1, (0, 24): 1, (1, 2): 1, (1, 3): 85, (1, 5): 1, (1, 7): 1, (1, 10): 1, (1, 13): 32, (1, 14): 46, (1, 15): 1, (1, 19): 1, (1, 20): 1, (1, 23): 1, (2, 3): 1, (2, 5): 1, (2, 6): 1, (2, 7): 1, (2, 9): 1, (2, 11): 1, (2, 19): 1, (2, 21): 1, (2, 22): 1, (2, 23): 1, (3, 5): 1, (3, 6): 1, (3, 7): 9, (3, 8): 1, (3, 10): 1, (3, 17): 62, (3, 21): 1, (3, 22): 1, (3, 23): 1, (3, 24): 1, (4, 5): 1, (4, 6): 1, (4, 7): 77, (4, 10): 39, (4, 11): 1, (4, 13): 1, (4, 14): 30, (4, 15): 1, (4, 17): 1, (4, 18): 1, (4, 21): 1, (4, 22): 1, (4, 23): 1, (4, 24): 1, (5, 6): 1, (5, 9): 70, (5, 11): 22, (5, 13): 1, (5, 14): 1, (5, 19): 1, (5, 20): 1, (5, 21): 30, (5, 23): 19, (6, 7): 1, (6, 9): 1, (6, 10): 66, (6, 11): 66, (6, 14): 1, (6, 18): 1, (6, 19): 1, (6, 21): 1, (6, 22): 1, (6, 23): 1, (7, 8): 1, (7, 10): 1, (7, 13): 1, (7, 17): 1, (7, 18): 1, (7, 20): 41, (7, 22): 1, (8, 9): 1, (8, 11): 13, (8, 12): 93, (8, 24): 15, (9, 10): 1, (9, 12): 1, (9, 15): 19, (9, 18): 1, (9, 20): 1, (9, 21): 1, (9, 22): 25, (10, 14): 1, (10, 16): 1, (10, 17): 1, (10, 18): 1, (10, 21): 1, (10, 22): 1, (10, 23): 1, (11, 12): 1, (11, 13): 1, (11, 19): 1, (11, 20): 1, (11, 21): 1, (11, 22): 1, (12, 14): 1, (12, 17): 1, (12, 18): 1, (12, 20): 1, (12, 21): 1, (12, 23): 1, (13, 14): 1, (13, 16): 1, (13, 17): 1, (13, 18): 1, (13, 19): 52, (13, 20): 1, (13, 23): 1, (13, 24): 1, (14, 15): 1, (14, 17): 1, (14, 18): 1, (14, 21): 1, (14, 22): 1, (14, 23): 1, (14, 24): 1, (15, 17): 1, (15, 18): 55, (15, 20): 1, (15, 22): 1, (16, 21): 1, (16, 24): 1, (17, 18): 1, (17, 20): 1, (17, 22): 1, (17, 23): 1, (17, 24): 1, (18, 21): 1, (18, 23): 1, (19, 20): 1, (19, 21): 1, (19, 24): 1, (20, 22): 1, (20, 23): 1, (21, 22): 1, (21, 23): 1, (21, 24): 1, (22, 24): 1}",6792.000000132248
245.0,Graph with 25 nodes and 151 edges,"[[0, 1, 0, 0, 1, 1, 0, 1, 1, 1, 0, 0, 1, 0, 0, 1, 0, 0, 1, 0, 1, 1, 1, 0, 1], [1, 0, 1, 1, 0, 1, 0, 1, 0, 0, 1, 0, 0, 1, 1, 1, 0, 0, 0, 1, 1, 0, 0, 1, 0], [0, 1, 0, 1, 0, 1, 1, 1, 0, 1, 0, 1, 0, 0, 0, 0, 0, 0, 0, 1, 0, 1, 1, 1, 0], [0, 1, 1, 0, 0, 1, 1, 1, 1, 0, 1, 0, 0, 0, 0, 0, 0, 1, 0, 0, 0, 1, 1, 1, 1], [1, 0, 0, 0, 0, 1, 1, 1, 0, 0, 1, 1, 0, 1, 1, 1, 0, 1, 1, 0, 0, 1, 1, 1, 1], [1, 1, 1, 1, 1, 0, 1, 0, 0, 1, 0, 1, 0, 1, 1, 0, 0, 0, 0, 1, 1, 1, 0, 1, 0], [0, 0, 1, 1, 1, 1, 0, 1, 0, 1, 1, 1, 0, 0, 1, 0, 0, 0, 1, 1, 0, 1, 1, 1, 0], [1, 1, 1, 1, 1, 0, 1, 0, 1, 0, 1, 0, 0, 1, 0, 0, 0, 1, 1, 0, 1, 0, 1, 0, 0], [1, 0, 0, 1, 0, 0, 0, 1, 0, 1, 0, 1, 1, 0, 0, 0, 0, 0, 0, 0, 0, 0, 0, 0, 1], [1, 0, 1, 0, 0, 1, 1, 0, 1, 0, 1, 0, 1, 0, 0, 1, 0, 0, 1, 0, 1, 1, 1, 0, 0], [0, 1, 0, 1, 1, 0, 1, 1, 0, 1, 0, 0, 0, 0, 1, 0, 1, 1, 1, 0, 0, 1, 1, 1, 0], [0, 0, 1, 0, 1, 1, 1, 0, 1, 0, 0, 0, 1, 1, 0, 0, 0, 0, 0, 1, 1, 1, 1, 0, 0], [1, 0, 0, 0, 0, 0, 0, 0, 1, 1, 0, 1, 0, 0, 1, 0, 0, 1, 1, 0, 1, 1, 0, 1, 0], [0, 1, 0, 0, 1, 1, 0, 1, 0, 0, 0, 1, 0, 0, 1, 0, 1, 1, 1, 1, 1, 0, 0, 1, 1], [0, 1, 0, 0, 1, 1, 1, 0, 0, 0, 1, 0, 1, 1, 0, 1, 0, 1, 1, 0, 0, 1, 1, 1, 1], [1, 1, 0, 0, 1, 0, 0, 0, 0, 1, 0, 0, 0, 0, 1, 0, 0, 1, 1, 0, 1, 0, 1, 0, 0], [0, 0, 0, 0, 0, 0, 0, 0, 0, 0, 1, 0, 0, 1, 0, 0, 0, 0, 0, 0, 0, 1, 0, 0, 1], [0, 0, 0, 1, 1, 0, 0, 1, 0, 0, 1, 0, 1, 1, 1, 1, 0, 0, 1, 0, 1, 0, 1, 1, 1], [1, 0, 0, 0, 1, 0, 1, 1, 0, 1, 1, 0, 1, 1, 1, 1, 0, 1, 0, 0, 0, 1, 0, 1, 0], [0, 1, 1, 0, 0, 1, 1, 0, 0, 0, 0, 1, 0, 1, 0, 0, 0, 0, 0, 0, 1, 1, 0, 0, 1], [1, 1, 0, 0, 0, 1, 0, 1, 0, 1, 0, 1, 1, 1, 0, 1, 0, 1, 0, 1, 0, 0, 1, 1, 0], [1, 0, 1, 1, 1, 1, 1, 0, 0, 1, 1, 1, 1, 0, 1, 0, 1, 0, 1, 1, 0, 0, 1, 1, 1], [1, 0, 1, 1, 1, 0, 1, 1, 0, 1, 1, 1, 0, 0, 1, 1, 0, 1, 0, 0, 1, 1, 0, 0, 1], [0, 1, 1, 1, 1, 1, 1, 0, 0, 0, 1, 0, 1, 1, 1, 0, 0, 1, 1, 0, 1, 1, 0, 0, 0], [1, 0, 0, 1, 1, 0, 0, 0, 1, 0, 0, 0, 0, 1, 1, 0, 1, 1, 0, 1, 0, 1, 1, 0, 0]]",4.0,8.0,Y,"{0: 20, 1: 12, 2: 196, 3: 188, 4: 180, 5: 172, 6: 164, 7: 156, 8: 148, 9: 140, 10: 132, 11: 124, 12: 116, 13: 108, 14: 100, 15: 92, 16: 4, 17: 84, 18: 76, 19: 68, 20: 60, 21: 52, 22: 44, 23: 36, 24: 28}","{(0, 1): 1, (0, 4): 1, (0, 5): 8, (0, 7): 1, (0, 8): 1, (0, 9): 1, (0, 12): 1, (0, 15): 1, (0, 18): 1, (0, 20): 1, (0, 21): 1, (0, 22): 1, (0, 24): 1, (1, 2): 1, (1, 3): 1, (1, 5): 1, (1, 7): 1, (1, 10): 1, (1, 13): 1, (1, 14): 1, (1, 15): 1, (1, 19): 1, (1, 20): 1, (1, 23): 1, (2, 3): 1, (2, 5): 1, (2, 6): 98, (2, 7): 26, (2, 9): 1, (2, 11): 63, (2, 19): 1, (2, 21): 1, (2, 22): 1, (2, 23): 1, (3, 5): 1, (3, 6): 1, (3, 7): 1, (3, 8): 1, (3, 10): 120, (3, 17): 58, (3, 21): 1, (3, 22): 1, (3, 23): 1, (3, 24): 1, (4, 5): 93, (4, 6): 1, (4, 7): 1, (4, 10): 1, (4, 11): 52, (4, 13): 1, (4, 14): 1, (4, 15): 1, (4, 17): 1, (4, 18): 1, (4, 21): 1, (4, 22): 1, (4, 23): 23, (4, 24): 1, (5, 6): 1, (5, 9): 1, (5, 11): 1, (5, 13): 1, (5, 14): 1, (5, 19): 60, (5, 20): 1, (5, 21): 1, (5, 23): 1, (6, 7): 53, (6, 9): 1, (6, 10): 1, (6, 11): 1, (6, 14): 1, (6, 18): 1, (6, 19): 1, (6, 21): 1, (6, 22): 1, (6, 23): 1, (7, 8): 19, (7, 10): 1, (7, 13): 1, (7, 17): 1, (7, 18): 1, (7, 20): 48, (7, 22): 1, (8, 9): 1, (8, 11): 1, (8, 12): 107, (8, 24): 18, (9, 10): 1, (9, 12): 1, (9, 15): 65, (9, 18): 1, (9, 20): 1, (9, 21): 36, (9, 22): 30, (10, 14): 1, (10, 16): 1, (10, 17): 1, (10, 18): 1, (10, 21): 1, (10, 22): 1, (10, 23): 1, (11, 12): 1, (11, 13): 1, (11, 19): 1, (11, 20): 1, (11, 21): 1, (11, 22): 1, (12, 14): 1, (12, 17): 1, (12, 18): 1, (12, 20): 1, (12, 21): 1, (12, 23): 1, (13, 14): 76, (13, 16): 1, (13, 17): 1, (13, 18): 20, (13, 19): 1, (13, 20): 1, (13, 23): 1, (13, 24): 1, (14, 15): 1, (14, 17): 1, (14, 18): 11, (14, 21): 1, (14, 22): 1, (14, 23): 1, (14, 24): 1, (15, 17): 1, (15, 18): 20, (15, 20): 1, (15, 22): 1, (16, 21): 1, (16, 24): 1, (17, 18): 15, (17, 20): 1, (17, 22): 1, (17, 23): 1, (17, 24): 1, (18, 21): 1, (18, 23): 1, (19, 20): 1, (19, 21): 1, (19, 24): 1, (20, 22): 1, (20, 23): 1, (21, 22): 1, (21, 23): 1, (21, 24): 1, (22, 24): 1}",6873.000000041429
245.0,Graph with 25 nodes and 151 edges,"[[0, 1, 0, 0, 1, 1, 0, 1, 1, 1, 0, 0, 1, 0, 0, 1, 0, 0, 1, 0, 1, 1, 1, 0, 1], [1, 0, 1, 1, 0, 1, 0, 1, 0, 0, 1, 0, 0, 1, 1, 1, 0, 0, 0, 1, 1, 0, 0, 1, 0], [0, 1, 0, 1, 0, 1, 1, 1, 0, 1, 0, 1, 0, 0, 0, 0, 0, 0, 0, 1, 0, 1, 1, 1, 0], [0, 1, 1, 0, 0, 1, 1, 1, 1, 0, 1, 0, 0, 0, 0, 0, 0, 1, 0, 0, 0, 1, 1, 1, 1], [1, 0, 0, 0, 0, 1, 1, 1, 0, 0, 1, 1, 0, 1, 1, 1, 0, 1, 1, 0, 0, 1, 1, 1, 1], [1, 1, 1, 1, 1, 0, 1, 0, 0, 1, 0, 1, 0, 1, 1, 0, 0, 0, 0, 1, 1, 1, 0, 1, 0], [0, 0, 1, 1, 1, 1, 0, 1, 0, 1, 1, 1, 0, 0, 1, 0, 0, 0, 1, 1, 0, 1, 1, 1, 0], [1, 1, 1, 1, 1, 0, 1, 0, 1, 0, 1, 0, 0, 1, 0, 0, 0, 1, 1, 0, 1, 0, 1, 0, 0], [1, 0, 0, 1, 0, 0, 0, 1, 0, 1, 0, 1, 1, 0, 0, 0, 0, 0, 0, 0, 0, 0, 0, 0, 1], [1, 0, 1, 0, 0, 1, 1, 0, 1, 0, 1, 0, 1, 0, 0, 1, 0, 0, 1, 0, 1, 1, 1, 0, 0], [0, 1, 0, 1, 1, 0, 1, 1, 0, 1, 0, 0, 0, 0, 1, 0, 1, 1, 1, 0, 0, 1, 1, 1, 0], [0, 0, 1, 0, 1, 1, 1, 0, 1, 0, 0, 0, 1, 1, 0, 0, 0, 0, 0, 1, 1, 1, 1, 0, 0], [1, 0, 0, 0, 0, 0, 0, 0, 1, 1, 0, 1, 0, 0, 1, 0, 0, 1, 1, 0, 1, 1, 0, 1, 0], [0, 1, 0, 0, 1, 1, 0, 1, 0, 0, 0, 1, 0, 0, 1, 0, 1, 1, 1, 1, 1, 0, 0, 1, 1], [0, 1, 0, 0, 1, 1, 1, 0, 0, 0, 1, 0, 1, 1, 0, 1, 0, 1, 1, 0, 0, 1, 1, 1, 1], [1, 1, 0, 0, 1, 0, 0, 0, 0, 1, 0, 0, 0, 0, 1, 0, 0, 1, 1, 0, 1, 0, 1, 0, 0], [0, 0, 0, 0, 0, 0, 0, 0, 0, 0, 1, 0, 0, 1, 0, 0, 0, 0, 0, 0, 0, 1, 0, 0, 1], [0, 0, 0, 1, 1, 0, 0, 1, 0, 0, 1, 0, 1, 1, 1, 1, 0, 0, 1, 0, 1, 0, 1, 1, 1], [1, 0, 0, 0, 1, 0, 1, 1, 0, 1, 1, 0, 1, 1, 1, 1, 0, 1, 0, 0, 0, 1, 0, 1, 0], [0, 1, 1, 0, 0, 1, 1, 0, 0, 0, 0, 1, 0, 1, 0, 0, 0, 0, 0, 0, 1, 1, 0, 0, 1], [1, 1, 0, 0, 0, 1, 0, 1, 0, 1, 0, 1, 1, 1, 0, 1, 0, 1, 0, 1, 0, 0, 1, 1, 0], [1, 0, 1, 1, 1, 1, 1, 0, 0, 1, 1, 1, 1, 0, 1, 0, 1, 0, 1, 1, 0, 0, 1, 1, 1], [1, 0, 1, 1, 1, 0, 1, 1, 0, 1, 1, 1, 0, 0, 1, 1, 0, 1, 0, 0, 1, 1, 0, 0, 1], [0, 1, 1, 1, 1, 1, 1, 0, 0, 0, 1, 0, 1, 1, 1, 0, 0, 1, 1, 0, 1, 1, 0, 0, 0], [1, 0, 0, 1, 1, 0, 0, 0, 1, 0, 0, 0, 0, 1, 1, 0, 1, 1, 0, 1, 0, 1, 1, 0, 0]]",4.0,9.0,Y,"{0: 13, 1: 220, 2: 211, 3: 202, 4: 22, 5: 193, 6: 184, 7: 175, 8: 166, 9: 157, 10: 148, 11: 139, 12: 130, 13: 121, 14: 112, 15: 103, 16: 4, 17: 94, 18: 85, 19: 76, 20: 67, 21: 58, 22: 49, 23: 40, 24: 31}","{(0, 1): 1, (0, 4): 1, (0, 5): 1, (0, 7): 1, (0, 8): 1, (0, 9): 1, (0, 12): 1, (0, 15): 1, (0, 18): 1, (0, 20): 1, (0, 21): 1, (0, 22): 1, (0, 24): 1, (1, 2): 1, (1, 3): 1, (1, 5): 1, (1, 7): 1, (1, 10): 30, (1, 13): 109, (1, 14): 12, (1, 15): 1, (1, 19): 60, (1, 20): 1, (1, 23): 2, (2, 3): 1, (2, 5): 1, (2, 6): 69, (2, 7): 1, (2, 9): 5, (2, 11): 129, (2, 19): 1, (2, 21): 1, (2, 22): 1, (2, 23): 1, (3, 5): 172, (3, 6): 1, (3, 7): 1, (3, 8): 20, (3, 10): 1, (3, 17): 1, (3, 21): 1, (3, 22): 1, (3, 23): 1, (3, 24): 1, (4, 5): 1, (4, 6): 1, (4, 7): 1, (4, 10): 1, (4, 11): 1, (4, 13): 1, (4, 14): 1, (4, 15): 8, (4, 17): 1, (4, 18): 1, (4, 21): 1, (4, 22): 1, (4, 23): 1, (4, 24): 1, (5, 6): 1, (5, 9): 1, (5, 11): 1, (5, 13): 1, (5, 14): 1, (5, 19): 9, (5, 20): 1, (5, 21): 1, (5, 23): 1, (6, 7): 91, (6, 9): 13, (6, 10): 1, (6, 11): 1, (6, 14): 1, (6, 18): 1, (6, 19): 1, (6, 21): 1, (6, 22): 1, (6, 23): 1, (7, 8): 1, (7, 10): 1, (7, 13): 1, (7, 17): 1, (7, 18): 73, (7, 20): 1, (7, 22): 1, (8, 9): 1, (8, 11): 1, (8, 12): 121, (8, 24): 21, (9, 10): 1, (9, 12): 1, (9, 15): 1, (9, 18): 1, (9, 20): 55, (9, 21): 42, (9, 22): 35, (10, 14): 1, (10, 16): 1, (10, 17): 82, (10, 18): 1, (10, 21): 1, (10, 22): 1, (10, 23): 26, (11, 12): 1, (11, 13): 1, (11, 19): 1, (11, 20): 1, (11, 21): 1, (11, 22): 1, (12, 14): 1, (12, 17): 1, (12, 18): 1, (12, 20): 1, (12, 21): 1, (12, 23): 1, (13, 14): 1, (13, 16): 1, (13, 17): 1, (13, 18): 1, (13, 19): 1, (13, 20): 1, (13, 23): 1, (13, 24): 1, (14, 15): 88, (14, 17): 1, (14, 18): 1, (14, 21): 1, (14, 22): 1, (14, 23): 1, (14, 24): 1, (15, 17): 1, (15, 18): 1, (15, 20): 1, (15, 22): 1, (16, 21): 1, (16, 24): 1, (17, 18): 1, (17, 20): 1, (17, 22): 1, (17, 23): 1, (17, 24): 1, (18, 21): 1, (18, 23): 1, (19, 20): 1, (19, 21): 1, (19, 24): 1, (20, 22): 1, (20, 23): 1, (21, 22): 1, (21, 23): 1, (21, 24): 1, (22, 24): 1}",6291.000000146596
250.0,Graph with 25 nodes and 154 edges,"[[0, 0, 0, 1, 1, 1, 1, 1, 0, 1, 1, 0, 1, 1, 0, 1, 0, 1, 1, 0, 1, 1, 0, 0, 1], [0, 0, 0, 0, 0, 1, 1, 0, 1, 1, 1, 0, 1, 1, 1, 0, 0, 0, 1, 0, 0, 0, 1, 0, 1], [0, 0, 0, 1, 0, 0, 1, 1, 0, 1, 0, 0, 1, 0, 0, 1, 0, 0, 0, 1, 1, 1, 1, 0, 0], [1, 0, 1, 0, 0, 0, 1, 0, 0, 1, 0, 1, 1, 1, 0, 1, 1, 1, 0, 0, 1, 0, 1, 1, 0], [1, 0, 0, 0, 0, 1, 0, 0, 0, 1, 0, 0, 0, 0, 0, 0, 0, 0, 0, 0, 0, 0, 0, 0, 0], [1, 1, 0, 0, 1, 0, 1, 1, 0, 0, 1, 1, 0, 1, 0, 0, 1, 0, 1, 1, 1, 0, 1, 0, 1], [1, 1, 1, 1, 0, 1, 0, 1, 0, 1, 1, 0, 1, 1, 1, 0, 1, 1, 0, 0, 1, 0, 0, 1, 1], [1, 0, 1, 0, 0, 1, 1, 0, 1, 0, 1, 1, 0, 0, 0, 1, 1, 0, 1, 0, 0, 1, 0, 0, 0], [0, 1, 0, 0, 0, 0, 0, 1, 0, 0, 0, 0, 0, 1, 1, 1, 1, 1, 1, 0, 1, 0, 0, 0, 0], [1, 1, 1, 1, 1, 0, 1, 0, 0, 0, 0, 0, 1, 0, 1, 0, 1, 1, 0, 0, 1, 0, 1, 1, 1], [1, 1, 0, 0, 0, 1, 1, 1, 0, 0, 0, 1, 1, 0, 1, 0, 0, 0, 0, 1, 0, 1, 0, 1, 1], [0, 0, 0, 1, 0, 1, 0, 1, 0, 0, 1, 0, 0, 1, 1, 0, 0, 0, 0, 1, 1, 1, 0, 0, 1], [1, 1, 1, 1, 0, 0, 1, 0, 0, 1, 1, 0, 0, 1, 1, 1, 0, 0, 1, 1, 0, 1, 0, 1, 1], [1, 1, 0, 1, 0, 1, 1, 0, 1, 0, 0, 1, 1, 0, 0, 0, 1, 1, 1, 0, 0, 0, 1, 0, 1], [0, 1, 0, 0, 0, 0, 1, 0, 1, 1, 1, 1, 1, 0, 0, 1, 0, 1, 1, 1, 0, 1, 1, 1, 0], [1, 0, 1, 1, 0, 0, 0, 1, 1, 0, 0, 0, 1, 0, 1, 0, 1, 0, 0, 0, 0, 1, 0, 1, 0], [0, 0, 0, 1, 0, 1, 1, 1, 1, 1, 0, 0, 0, 1, 0, 1, 0, 1, 0, 0, 1, 1, 1, 1, 1], [1, 0, 0, 1, 0, 0, 1, 0, 1, 1, 0, 0, 0, 1, 1, 0, 1, 0, 0, 1, 0, 1, 0, 1, 1], [1, 1, 0, 0, 0, 1, 0, 1, 1, 0, 0, 0, 1, 1, 1, 0, 0, 0, 0, 1, 1, 0, 1, 0, 1], [0, 0, 1, 0, 0, 1, 0, 0, 0, 0, 1, 1, 1, 0, 1, 0, 0, 1, 1, 0, 1, 1, 1, 0, 1], [1, 0, 1, 1, 0, 1, 1, 0, 1, 1, 0, 1, 0, 0, 0, 0, 1, 0, 1, 1, 0, 0, 1, 0, 1], [1, 0, 1, 0, 0, 0, 0, 1, 0, 0, 1, 1, 1, 0, 1, 1, 1, 1, 0, 1, 0, 0, 0, 1, 1], [0, 1, 1, 1, 0, 1, 0, 0, 0, 1, 0, 0, 0, 1, 1, 0, 1, 0, 1, 1, 1, 0, 0, 1, 1], [0, 0, 0, 1, 0, 0, 1, 0, 0, 1, 1, 0, 1, 0, 1, 1, 1, 1, 0, 0, 0, 1, 1, 0, 1], [1, 1, 0, 0, 0, 1, 1, 0, 0, 1, 1, 1, 1, 1, 0, 0, 1, 1, 1, 1, 1, 1, 1, 1, 0]]",3.0,6.0,Y,"{0: 15, 1: 147, 2: 141, 3: 135, 4: 3, 5: 129, 6: 21, 7: 123, 8: 9, 9: 117, 10: 111, 11: 105, 12: 99, 13: 93, 14: 87, 15: 81, 16: 75, 17: 69, 18: 63, 19: 57, 20: 51, 21: 45, 22: 39, 23: 33, 24: 27}","{(0, 3): 1, (0, 4): 1, (0, 5): 1, (0, 6): 1, (0, 7): 1, (0, 9): 1, (0, 10): 1, (0, 12): 1, (0, 13): 1, (0, 15): 1, (0, 17): 1, (0, 18): 1, (0, 20): 1, (0, 21): 1, (0, 24): 1, (1, 5): 116, (1, 6): 1, (1, 8): 1, (1, 9): 1, (1, 10): 1, (1, 12): 1, (1, 13): 1, (1, 14): 22, (1, 18): 1, (1, 22): 1, (1, 24): 1, (2, 3): 85, (2, 6): 3, (2, 7): 1, (2, 9): 1, (2, 12): 1, (2, 15): 1, (2, 19): 46, (2, 20): 1, (2, 21): 1, (2, 22): 1, (3, 6): 1, (3, 9): 1, (3, 11): 38, (3, 12): 1, (3, 13): 1, (3, 15): 1, (3, 16): 2, (3, 17): 1, (3, 20): 1, (3, 22): 1, (3, 23): 1, (4, 5): 1, (4, 9): 1, (5, 6): 1, (5, 7): 1, (5, 10): 1, (5, 11): 1, (5, 13): 1, (5, 16): 1, (5, 18): 1, (5, 19): 1, (5, 20): 1, (5, 22): 1, (5, 24): 1, (6, 7): 1, (6, 9): 1, (6, 10): 1, (6, 12): 1, (6, 13): 1, (6, 14): 4, (6, 16): 1, (6, 17): 1, (6, 20): 1, (6, 23): 1, (6, 24): 1, (7, 8): 1, (7, 10): 1, (7, 11): 34, (7, 15): 72, (7, 16): 1, (7, 18): 1, (7, 21): 8, (8, 13): 1, (8, 14): 1, (8, 15): 1, (8, 16): 1, (8, 17): 1, (8, 18): 1, (8, 20): 1, (9, 12): 45, (9, 14): 1, (9, 16): 1, (9, 17): 1, (9, 20): 39, (9, 22): 1, (9, 23): 22, (9, 24): 1, (10, 11): 1, (10, 12): 41, (10, 14): 50, (10, 19): 1, (10, 21): 1, (10, 23): 1, (10, 24): 11, (11, 13): 1, (11, 14): 1, (11, 19): 1, (11, 20): 1, (11, 21): 25, (11, 24): 1, (12, 13): 1, (12, 14): 1, (12, 15): 1, (12, 18): 1, (12, 19): 1, (12, 21): 1, (12, 23): 1, (12, 24): 1, (13, 16): 4, (13, 17): 1, (13, 18): 52, (13, 22): 27, (13, 24): 1, (14, 15): 1, (14, 17): 1, (14, 18): 1, (14, 19): 1, (14, 21): 1, (14, 22): 1, (14, 23): 1, (15, 16): 1, (15, 21): 1, (15, 23): 1, (16, 17): 58, (16, 20): 1, (16, 21): 1, (16, 22): 1, (16, 23): 1, (16, 24): 1, (17, 19): 1, (17, 21): 1, (17, 23): 1, (17, 24): 1, (18, 19): 1, (18, 20): 1, (18, 22): 1, (18, 24): 1, (19, 20): 1, (19, 21): 1, (19, 22): 1, (19, 24): 1, (20, 22): 1, (20, 24): 1, (21, 23): 1, (21, 24): 1, (22, 23): 1, (22, 24): 1, (23, 24): 1}",5928.99999992369
250.0,Graph with 25 nodes and 154 edges,"[[0, 0, 0, 1, 1, 1, 1, 1, 0, 1, 1, 0, 1, 1, 0, 1, 0, 1, 1, 0, 1, 1, 0, 0, 1], [0, 0, 0, 0, 0, 1, 1, 0, 1, 1, 1, 0, 1, 1, 1, 0, 0, 0, 1, 0, 0, 0, 1, 0, 1], [0, 0, 0, 1, 0, 0, 1, 1, 0, 1, 0, 0, 1, 0, 0, 1, 0, 0, 0, 1, 1, 1, 1, 0, 0], [1, 0, 1, 0, 0, 0, 1, 0, 0, 1, 0, 1, 1, 1, 0, 1, 1, 1, 0, 0, 1, 0, 1, 1, 0], [1, 0, 0, 0, 0, 1, 0, 0, 0, 1, 0, 0, 0, 0, 0, 0, 0, 0, 0, 0, 0, 0, 0, 0, 0], [1, 1, 0, 0, 1, 0, 1, 1, 0, 0, 1, 1, 0, 1, 0, 0, 1, 0, 1, 1, 1, 0, 1, 0, 1], [1, 1, 1, 1, 0, 1, 0, 1, 0, 1, 1, 0, 1, 1, 1, 0, 1, 1, 0, 0, 1, 0, 0, 1, 1], [1, 0, 1, 0, 0, 1, 1, 0, 1, 0, 1, 1, 0, 0, 0, 1, 1, 0, 1, 0, 0, 1, 0, 0, 0], [0, 1, 0, 0, 0, 0, 0, 1, 0, 0, 0, 0, 0, 1, 1, 1, 1, 1, 1, 0, 1, 0, 0, 0, 0], [1, 1, 1, 1, 1, 0, 1, 0, 0, 0, 0, 0, 1, 0, 1, 0, 1, 1, 0, 0, 1, 0, 1, 1, 1], [1, 1, 0, 0, 0, 1, 1, 1, 0, 0, 0, 1, 1, 0, 1, 0, 0, 0, 0, 1, 0, 1, 0, 1, 1], [0, 0, 0, 1, 0, 1, 0, 1, 0, 0, 1, 0, 0, 1, 1, 0, 0, 0, 0, 1, 1, 1, 0, 0, 1], [1, 1, 1, 1, 0, 0, 1, 0, 0, 1, 1, 0, 0, 1, 1, 1, 0, 0, 1, 1, 0, 1, 0, 1, 1], [1, 1, 0, 1, 0, 1, 1, 0, 1, 0, 0, 1, 1, 0, 0, 0, 1, 1, 1, 0, 0, 0, 1, 0, 1], [0, 1, 0, 0, 0, 0, 1, 0, 1, 1, 1, 1, 1, 0, 0, 1, 0, 1, 1, 1, 0, 1, 1, 1, 0], [1, 0, 1, 1, 0, 0, 0, 1, 1, 0, 0, 0, 1, 0, 1, 0, 1, 0, 0, 0, 0, 1, 0, 1, 0], [0, 0, 0, 1, 0, 1, 1, 1, 1, 1, 0, 0, 0, 1, 0, 1, 0, 1, 0, 0, 1, 1, 1, 1, 1], [1, 0, 0, 1, 0, 0, 1, 0, 1, 1, 0, 0, 0, 1, 1, 0, 1, 0, 0, 1, 0, 1, 0, 1, 1], [1, 1, 0, 0, 0, 1, 0, 1, 1, 0, 0, 0, 1, 1, 1, 0, 0, 0, 0, 1, 1, 0, 1, 0, 1], [0, 0, 1, 0, 0, 1, 0, 0, 0, 0, 1, 1, 1, 0, 1, 0, 0, 1, 1, 0, 1, 1, 1, 0, 1], [1, 0, 1, 1, 0, 1, 1, 0, 1, 1, 0, 1, 0, 0, 0, 0, 1, 0, 1, 1, 0, 0, 1, 0, 1], [1, 0, 1, 0, 0, 0, 0, 1, 0, 0, 1, 1, 1, 0, 1, 1, 1, 1, 0, 1, 0, 0, 0, 1, 1], [0, 1, 1, 1, 0, 1, 0, 0, 0, 1, 0, 0, 0, 1, 1, 0, 1, 0, 1, 1, 1, 0, 0, 1, 1], [0, 0, 0, 1, 0, 0, 1, 0, 0, 1, 1, 0, 1, 0, 1, 1, 1, 1, 0, 0, 0, 1, 1, 0, 1], [1, 1, 0, 0, 0, 1, 1, 0, 0, 1, 1, 1, 1, 1, 0, 0, 1, 1, 1, 1, 1, 1, 1, 1, 0]]",3.0,7.0,Y,"{0: 17, 1: 171, 2: 10, 3: 164, 4: 3, 5: 157, 6: 150, 7: 143, 8: 136, 9: 129, 10: 122, 11: 115, 12: 108, 13: 101, 14: 94, 15: 87, 16: 80, 17: 73, 18: 66, 19: 59, 20: 52, 21: 45, 22: 38, 23: 31, 24: 24}","{(0, 3): 1, (0, 4): 1, (0, 5): 1, (0, 6): 1, (0, 7): 1, (0, 9): 3, (0, 10): 1, (0, 12): 1, (0, 13): 1, (0, 15): 1, (0, 17): 1, (0, 18): 1, (0, 20): 1, (0, 21): 1, (0, 24): 1, (1, 5): 1, (1, 6): 1, (1, 8): 81, (1, 9): 1, (1, 10): 1, (1, 12): 1, (1, 13): 1, (1, 14): 81, (1, 18): 1, (1, 22): 1, (1, 24): 1, (2, 3): 1, (2, 6): 1, (2, 7): 1, (2, 9): 1, (2, 12): 1, (2, 15): 1, (2, 19): 1, (2, 20): 1, (2, 21): 1, (2, 22): 1, (3, 6): 1, (3, 9): 1, (3, 11): 64, (3, 12): 1, (3, 13): 89, (3, 15): 1, (3, 16): 1, (3, 17): 1, (3, 20): 1, (3, 22): 1, (3, 23): 1, (4, 5): 1, (4, 9): 1, (5, 6): 1, (5, 7): 1, (5, 10): 1, (5, 11): 43, (5, 13): 1, (5, 16): 22, (5, 18): 1, (5, 19): 9, (5, 20): 40, (5, 22): 26, (5, 24): 8, (6, 7): 1, (6, 9): 78, (6, 10): 58, (6, 12): 1, (6, 13): 1, (6, 14): 1, (6, 16): 1, (6, 17): 1, (6, 20): 1, (6, 23): 1, (6, 24): 1, (7, 8): 48, (7, 10): 54, (7, 11): 1, (7, 15): 1, (7, 16): 1, (7, 18): 1, (7, 21): 33, (8, 13): 1, (8, 14): 1, (8, 15): 1, (8, 16): 1, (8, 17): 1, (8, 18): 1, (8, 20): 1, (9, 12): 1, (9, 14): 1, (9, 16): 1, (9, 17): 17, (9, 20): 1, (9, 22): 1, (9, 23): 20, (9, 24): 1, (10, 11): 1, (10, 12): 1, (10, 14): 1, (10, 19): 1, (10, 21): 1, (10, 23): 1, (10, 24): 1, (11, 13): 1, (11, 14): 1, (11, 19): 1, (11, 20): 1, (11, 21): 1, (11, 24): 1, (12, 13): 1, (12, 14): 1, (12, 15): 78, (12, 18): 16, (12, 19): 1, (12, 21): 1, (12, 23): 1, (12, 24): 1, (13, 16): 1, (13, 17): 1, (13, 18): 1, (13, 22): 1, (13, 24): 1, (14, 15): 1, (14, 17): 1, (14, 18): 1, (14, 19): 1, (14, 21): 1, (14, 22): 1, (14, 23): 1, (15, 16): 1, (15, 21): 1, (15, 23): 1, (16, 17): 45, (16, 20): 1, (16, 21): 1, (16, 22): 1, (16, 23): 1, (16, 24): 1, (17, 19): 1, (17, 21): 1, (17, 23): 1, (17, 24): 1, (18, 19): 39, (18, 20): 1, (18, 22): 1, (18, 24): 1, (19, 20): 1, (19, 21): 1, (19, 22): 1, (19, 24): 1, (20, 22): 1, (20, 24): 1, (21, 23): 1, (21, 24): 1, (22, 23): 1, (22, 24): 1, (23, 24): 1}",6215.999999994892
250.0,Graph with 25 nodes and 154 edges,"[[0, 0, 0, 1, 1, 1, 1, 1, 0, 1, 1, 0, 1, 1, 0, 1, 0, 1, 1, 0, 1, 1, 0, 0, 1], [0, 0, 0, 0, 0, 1, 1, 0, 1, 1, 1, 0, 1, 1, 1, 0, 0, 0, 1, 0, 0, 0, 1, 0, 1], [0, 0, 0, 1, 0, 0, 1, 1, 0, 1, 0, 0, 1, 0, 0, 1, 0, 0, 0, 1, 1, 1, 1, 0, 0], [1, 0, 1, 0, 0, 0, 1, 0, 0, 1, 0, 1, 1, 1, 0, 1, 1, 1, 0, 0, 1, 0, 1, 1, 0], [1, 0, 0, 0, 0, 1, 0, 0, 0, 1, 0, 0, 0, 0, 0, 0, 0, 0, 0, 0, 0, 0, 0, 0, 0], [1, 1, 0, 0, 1, 0, 1, 1, 0, 0, 1, 1, 0, 1, 0, 0, 1, 0, 1, 1, 1, 0, 1, 0, 1], [1, 1, 1, 1, 0, 1, 0, 1, 0, 1, 1, 0, 1, 1, 1, 0, 1, 1, 0, 0, 1, 0, 0, 1, 1], [1, 0, 1, 0, 0, 1, 1, 0, 1, 0, 1, 1, 0, 0, 0, 1, 1, 0, 1, 0, 0, 1, 0, 0, 0], [0, 1, 0, 0, 0, 0, 0, 1, 0, 0, 0, 0, 0, 1, 1, 1, 1, 1, 1, 0, 1, 0, 0, 0, 0], [1, 1, 1, 1, 1, 0, 1, 0, 0, 0, 0, 0, 1, 0, 1, 0, 1, 1, 0, 0, 1, 0, 1, 1, 1], [1, 1, 0, 0, 0, 1, 1, 1, 0, 0, 0, 1, 1, 0, 1, 0, 0, 0, 0, 1, 0, 1, 0, 1, 1], [0, 0, 0, 1, 0, 1, 0, 1, 0, 0, 1, 0, 0, 1, 1, 0, 0, 0, 0, 1, 1, 1, 0, 0, 1], [1, 1, 1, 1, 0, 0, 1, 0, 0, 1, 1, 0, 0, 1, 1, 1, 0, 0, 1, 1, 0, 1, 0, 1, 1], [1, 1, 0, 1, 0, 1, 1, 0, 1, 0, 0, 1, 1, 0, 0, 0, 1, 1, 1, 0, 0, 0, 1, 0, 1], [0, 1, 0, 0, 0, 0, 1, 0, 1, 1, 1, 1, 1, 0, 0, 1, 0, 1, 1, 1, 0, 1, 1, 1, 0], [1, 0, 1, 1, 0, 0, 0, 1, 1, 0, 0, 0, 1, 0, 1, 0, 1, 0, 0, 0, 0, 1, 0, 1, 0], [0, 0, 0, 1, 0, 1, 1, 1, 1, 1, 0, 0, 0, 1, 0, 1, 0, 1, 0, 0, 1, 1, 1, 1, 1], [1, 0, 0, 1, 0, 0, 1, 0, 1, 1, 0, 0, 0, 1, 1, 0, 1, 0, 0, 1, 0, 1, 0, 1, 1], [1, 1, 0, 0, 0, 1, 0, 1, 1, 0, 0, 0, 1, 1, 1, 0, 0, 0, 0, 1, 1, 0, 1, 0, 1], [0, 0, 1, 0, 0, 1, 0, 0, 0, 0, 1, 1, 1, 0, 1, 0, 0, 1, 1, 0, 1, 1, 1, 0, 1], [1, 0, 1, 1, 0, 1, 1, 0, 1, 1, 0, 1, 0, 0, 0, 0, 1, 0, 1, 1, 0, 0, 1, 0, 1], [1, 0, 1, 0, 0, 0, 0, 1, 0, 0, 1, 1, 1, 0, 1, 1, 1, 1, 0, 1, 0, 0, 0, 1, 1], [0, 1, 1, 1, 0, 1, 0, 0, 0, 1, 0, 0, 0, 1, 1, 0, 1, 0, 1, 1, 1, 0, 0, 1, 1], [0, 0, 0, 1, 0, 0, 1, 0, 0, 1, 1, 0, 1, 0, 1, 1, 1, 1, 0, 0, 0, 1, 1, 0, 1], [1, 1, 0, 0, 0, 1, 1, 0, 0, 1, 1, 1, 1, 1, 0, 0, 1, 1, 1, 1, 1, 1, 1, 1, 0]]",3.0,8.0,Y,"{0: 19, 1: 11, 2: 195, 3: 187, 4: 3, 5: 179, 6: 171, 7: 163, 8: 155, 9: 147, 10: 139, 11: 131, 12: 123, 13: 115, 14: 107, 15: 99, 16: 91, 17: 83, 18: 75, 19: 67, 20: 59, 21: 51, 22: 43, 23: 35, 24: 27}","{(0, 3): 1, (0, 4): 1, (0, 5): 5, (0, 6): 1, (0, 7): 1, (0, 9): 1, (0, 10): 1, (0, 12): 1, (0, 13): 1, (0, 15): 1, (0, 17): 1, (0, 18): 1, (0, 20): 1, (0, 21): 1, (0, 24): 1, (1, 5): 1, (1, 6): 1, (1, 8): 1, (1, 9): 1, (1, 10): 1, (1, 12): 1, (1, 13): 1, (1, 14): 1, (1, 18): 1, (1, 22): 1, (1, 24): 1, (2, 3): 54, (2, 6): 78, (2, 7): 1, (2, 9): 1, (2, 12): 1, (2, 15): 1, (2, 19): 56, (2, 20): 1, (2, 21): 1, (2, 22): 1, (3, 6): 1, (3, 9): 1, (3, 11): 122, (3, 12): 1, (3, 13): 1, (3, 15): 1, (3, 16): 1, (3, 17): 1, (3, 20): 1, (3, 22): 1, (3, 23): 1, (4, 5): 1, (4, 9): 1, (5, 6): 1, (5, 7): 62, (5, 10): 70, (5, 11): 1, (5, 13): 1, (5, 16): 1, (5, 18): 1, (5, 19): 1, (5, 20): 1, (5, 22): 31, (5, 24): 1, (6, 7): 1, (6, 9): 1, (6, 10): 1, (6, 12): 1, (6, 13): 79, (6, 14): 1, (6, 16): 1, (6, 17): 1, (6, 20): 1, (6, 23): 1, (6, 24): 1, (7, 8): 8, (7, 10): 1, (7, 11): 1, (7, 15): 46, (7, 16): 1, (7, 18): 1, (7, 21): 39, (8, 13): 25, (8, 14): 1, (8, 15): 1, (8, 16): 7, (8, 17): 1, (8, 18): 64, (8, 20): 47, (9, 12): 109, (9, 14): 1, (9, 16): 1, (9, 17): 1, (9, 20): 1, (9, 22): 1, (9, 23): 16, (9, 24): 11, (10, 11): 1, (10, 12): 1, (10, 14): 50, (10, 19): 1, (10, 21): 1, (10, 23): 9, (10, 24): 1, (11, 13): 1, (11, 14): 1, (11, 19): 1, (11, 20): 1, (11, 21): 1, (11, 24): 1, (12, 13): 1, (12, 14): 1, (12, 15): 1, (12, 18): 1, (12, 19): 1, (12, 21): 1, (12, 23): 1, (12, 24): 1, (13, 16): 1, (13, 17): 1, (13, 18): 1, (13, 22): 1, (13, 24): 1, (14, 15): 44, (14, 17): 1, (14, 18): 1, (14, 19): 1, (14, 21): 1, (14, 22): 1, (14, 23): 1, (15, 16): 1, (15, 21): 1, (15, 23): 1, (16, 17): 72, (16, 20): 1, (16, 21): 1, (16, 22): 1, (16, 23): 1, (16, 24): 1, (17, 19): 1, (17, 21): 1, (17, 23): 1, (17, 24): 1, (18, 19): 1, (18, 20): 1, (18, 22): 1, (18, 24): 1, (19, 20): 1, (19, 21): 1, (19, 22): 1, (19, 24): 1, (20, 22): 1, (20, 24): 1, (21, 23): 1, (21, 24): 1, (22, 23): 1, (22, 24): 1, (23, 24): 1}",6921.000000147615
250.0,Graph with 25 nodes and 154 edges,"[[0, 0, 0, 1, 1, 1, 1, 1, 0, 1, 1, 0, 1, 1, 0, 1, 0, 1, 1, 0, 1, 1, 0, 0, 1], [0, 0, 0, 0, 0, 1, 1, 0, 1, 1, 1, 0, 1, 1, 1, 0, 0, 0, 1, 0, 0, 0, 1, 0, 1], [0, 0, 0, 1, 0, 0, 1, 1, 0, 1, 0, 0, 1, 0, 0, 1, 0, 0, 0, 1, 1, 1, 1, 0, 0], [1, 0, 1, 0, 0, 0, 1, 0, 0, 1, 0, 1, 1, 1, 0, 1, 1, 1, 0, 0, 1, 0, 1, 1, 0], [1, 0, 0, 0, 0, 1, 0, 0, 0, 1, 0, 0, 0, 0, 0, 0, 0, 0, 0, 0, 0, 0, 0, 0, 0], [1, 1, 0, 0, 1, 0, 1, 1, 0, 0, 1, 1, 0, 1, 0, 0, 1, 0, 1, 1, 1, 0, 1, 0, 1], [1, 1, 1, 1, 0, 1, 0, 1, 0, 1, 1, 0, 1, 1, 1, 0, 1, 1, 0, 0, 1, 0, 0, 1, 1], [1, 0, 1, 0, 0, 1, 1, 0, 1, 0, 1, 1, 0, 0, 0, 1, 1, 0, 1, 0, 0, 1, 0, 0, 0], [0, 1, 0, 0, 0, 0, 0, 1, 0, 0, 0, 0, 0, 1, 1, 1, 1, 1, 1, 0, 1, 0, 0, 0, 0], [1, 1, 1, 1, 1, 0, 1, 0, 0, 0, 0, 0, 1, 0, 1, 0, 1, 1, 0, 0, 1, 0, 1, 1, 1], [1, 1, 0, 0, 0, 1, 1, 1, 0, 0, 0, 1, 1, 0, 1, 0, 0, 0, 0, 1, 0, 1, 0, 1, 1], [0, 0, 0, 1, 0, 1, 0, 1, 0, 0, 1, 0, 0, 1, 1, 0, 0, 0, 0, 1, 1, 1, 0, 0, 1], [1, 1, 1, 1, 0, 0, 1, 0, 0, 1, 1, 0, 0, 1, 1, 1, 0, 0, 1, 1, 0, 1, 0, 1, 1], [1, 1, 0, 1, 0, 1, 1, 0, 1, 0, 0, 1, 1, 0, 0, 0, 1, 1, 1, 0, 0, 0, 1, 0, 1], [0, 1, 0, 0, 0, 0, 1, 0, 1, 1, 1, 1, 1, 0, 0, 1, 0, 1, 1, 1, 0, 1, 1, 1, 0], [1, 0, 1, 1, 0, 0, 0, 1, 1, 0, 0, 0, 1, 0, 1, 0, 1, 0, 0, 0, 0, 1, 0, 1, 0], [0, 0, 0, 1, 0, 1, 1, 1, 1, 1, 0, 0, 0, 1, 0, 1, 0, 1, 0, 0, 1, 1, 1, 1, 1], [1, 0, 0, 1, 0, 0, 1, 0, 1, 1, 0, 0, 0, 1, 1, 0, 1, 0, 0, 1, 0, 1, 0, 1, 1], [1, 1, 0, 0, 0, 1, 0, 1, 1, 0, 0, 0, 1, 1, 1, 0, 0, 0, 0, 1, 1, 0, 1, 0, 1], [0, 0, 1, 0, 0, 1, 0, 0, 0, 0, 1, 1, 1, 0, 1, 0, 0, 1, 1, 0, 1, 1, 1, 0, 1], [1, 0, 1, 1, 0, 1, 1, 0, 1, 1, 0, 1, 0, 0, 0, 0, 1, 0, 1, 1, 0, 0, 1, 0, 1], [1, 0, 1, 0, 0, 0, 0, 1, 0, 0, 1, 1, 1, 0, 1, 1, 1, 1, 0, 1, 0, 0, 0, 1, 1], [0, 1, 1, 1, 0, 1, 0, 0, 0, 1, 0, 0, 0, 1, 1, 0, 1, 0, 1, 1, 1, 0, 0, 1, 1], [0, 0, 0, 1, 0, 0, 1, 0, 0, 1, 1, 0, 1, 0, 1, 1, 1, 1, 0, 0, 0, 1, 1, 0, 1], [1, 1, 0, 0, 0, 1, 1, 0, 0, 1, 1, 1, 1, 1, 0, 0, 1, 1, 1, 1, 1, 1, 1, 1, 0]]",3.0,9.0,Y,"{0: 21, 1: 12, 2: 219, 3: 210, 4: 3, 5: 201, 6: 192, 7: 183, 8: 174, 9: 165, 10: 156, 11: 147, 12: 138, 13: 129, 14: 120, 15: 111, 16: 102, 17: 93, 18: 84, 19: 75, 20: 66, 21: 57, 22: 48, 23: 39, 24: 30}","{(0, 3): 1, (0, 4): 1, (0, 5): 7, (0, 6): 1, (0, 7): 1, (0, 9): 1, (0, 10): 1, (0, 12): 1, (0, 13): 1, (0, 15): 1, (0, 17): 1, (0, 18): 1, (0, 20): 1, (0, 21): 1, (0, 24): 1, (1, 5): 1, (1, 6): 2, (1, 8): 1, (1, 9): 1, (1, 10): 1, (1, 12): 1, (1, 13): 1, (1, 14): 1, (1, 18): 1, (1, 22): 1, (1, 24): 1, (2, 3): 106, (2, 6): 1, (2, 7): 1, (2, 9): 41, (2, 12): 1, (2, 15): 1, (2, 19): 64, (2, 20): 1, (2, 21): 1, (2, 22): 1, (3, 6): 1, (3, 9): 1, (3, 11): 92, (3, 12): 1, (3, 13): 1, (3, 15): 1, (3, 16): 1, (3, 17): 1, (3, 20): 1, (3, 22): 1, (3, 23): 1, (4, 5): 1, (4, 9): 1, (5, 6): 1, (5, 7): 1, (5, 10): 1, (5, 11): 46, (5, 13): 23, (5, 16): 1, (5, 18): 17, (5, 19): 1, (5, 20): 50, (5, 22): 36, (5, 24): 14, (6, 7): 1, (6, 9): 1, (6, 10): 145, (6, 12): 1, (6, 13): 1, (6, 14): 1, (6, 16): 1, (6, 17): 1, (6, 20): 5, (6, 23): 28, (6, 24): 1, (7, 8): 78, (7, 10): 1, (7, 11): 1, (7, 15): 1, (7, 16): 1, (7, 18): 57, (7, 21): 40, (8, 13): 1, (8, 14): 1, (8, 15): 1, (8, 16): 89, (8, 17): 1, (8, 18): 1, (8, 20): 1, (9, 12): 111, (9, 14): 1, (9, 16): 1, (9, 17): 1, (9, 20): 1, (9, 22): 1, (9, 23): 1, (9, 24): 1, (10, 11): 1, (10, 12): 1, (10, 14): 1, (10, 19): 1, (10, 21): 1, (10, 23): 1, (10, 24): 1, (11, 13): 1, (11, 14): 1, (11, 19): 1, (11, 20): 1, (11, 21): 1, (11, 24): 1, (12, 13): 13, (12, 14): 1, (12, 15): 1, (12, 18): 1, (12, 19): 1, (12, 21): 1, (12, 23): 1, (12, 24): 1, (13, 16): 1, (13, 17): 82, (13, 18): 1, (13, 22): 1, (13, 24): 1, (14, 15): 102, (14, 17): 1, (14, 18): 1, (14, 19): 1, (14, 21): 6, (14, 22): 1, (14, 23): 1, (15, 16): 1, (15, 21): 1, (15, 23): 1, (16, 17): 1, (16, 20): 1, (16, 21): 1, (16, 22): 1, (16, 23): 1, (16, 24): 1, (17, 19): 1, (17, 21): 1, (17, 23): 1, (17, 24): 1, (18, 19): 1, (18, 20): 1, (18, 22): 1, (18, 24): 1, (19, 20): 1, (19, 21): 1, (19, 22): 1, (19, 24): 1, (20, 22): 1, (20, 24): 1, (21, 23): 1, (21, 24): 1, (22, 23): 1, (22, 24): 1, (23, 24): 1}",6730.000000061409
250.0,Graph with 25 nodes and 154 edges,"[[0, 0, 0, 1, 1, 1, 1, 1, 0, 1, 1, 0, 1, 1, 0, 1, 0, 1, 1, 0, 1, 1, 0, 0, 1], [0, 0, 0, 0, 0, 1, 1, 0, 1, 1, 1, 0, 1, 1, 1, 0, 0, 0, 1, 0, 0, 0, 1, 0, 1], [0, 0, 0, 1, 0, 0, 1, 1, 0, 1, 0, 0, 1, 0, 0, 1, 0, 0, 0, 1, 1, 1, 1, 0, 0], [1, 0, 1, 0, 0, 0, 1, 0, 0, 1, 0, 1, 1, 1, 0, 1, 1, 1, 0, 0, 1, 0, 1, 1, 0], [1, 0, 0, 0, 0, 1, 0, 0, 0, 1, 0, 0, 0, 0, 0, 0, 0, 0, 0, 0, 0, 0, 0, 0, 0], [1, 1, 0, 0, 1, 0, 1, 1, 0, 0, 1, 1, 0, 1, 0, 0, 1, 0, 1, 1, 1, 0, 1, 0, 1], [1, 1, 1, 1, 0, 1, 0, 1, 0, 1, 1, 0, 1, 1, 1, 0, 1, 1, 0, 0, 1, 0, 0, 1, 1], [1, 0, 1, 0, 0, 1, 1, 0, 1, 0, 1, 1, 0, 0, 0, 1, 1, 0, 1, 0, 0, 1, 0, 0, 0], [0, 1, 0, 0, 0, 0, 0, 1, 0, 0, 0, 0, 0, 1, 1, 1, 1, 1, 1, 0, 1, 0, 0, 0, 0], [1, 1, 1, 1, 1, 0, 1, 0, 0, 0, 0, 0, 1, 0, 1, 0, 1, 1, 0, 0, 1, 0, 1, 1, 1], [1, 1, 0, 0, 0, 1, 1, 1, 0, 0, 0, 1, 1, 0, 1, 0, 0, 0, 0, 1, 0, 1, 0, 1, 1], [0, 0, 0, 1, 0, 1, 0, 1, 0, 0, 1, 0, 0, 1, 1, 0, 0, 0, 0, 1, 1, 1, 0, 0, 1], [1, 1, 1, 1, 0, 0, 1, 0, 0, 1, 1, 0, 0, 1, 1, 1, 0, 0, 1, 1, 0, 1, 0, 1, 1], [1, 1, 0, 1, 0, 1, 1, 0, 1, 0, 0, 1, 1, 0, 0, 0, 1, 1, 1, 0, 0, 0, 1, 0, 1], [0, 1, 0, 0, 0, 0, 1, 0, 1, 1, 1, 1, 1, 0, 0, 1, 0, 1, 1, 1, 0, 1, 1, 1, 0], [1, 0, 1, 1, 0, 0, 0, 1, 1, 0, 0, 0, 1, 0, 1, 0, 1, 0, 0, 0, 0, 1, 0, 1, 0], [0, 0, 0, 1, 0, 1, 1, 1, 1, 1, 0, 0, 0, 1, 0, 1, 0, 1, 0, 0, 1, 1, 1, 1, 1], [1, 0, 0, 1, 0, 0, 1, 0, 1, 1, 0, 0, 0, 1, 1, 0, 1, 0, 0, 1, 0, 1, 0, 1, 1], [1, 1, 0, 0, 0, 1, 0, 1, 1, 0, 0, 0, 1, 1, 1, 0, 0, 0, 0, 1, 1, 0, 1, 0, 1], [0, 0, 1, 0, 0, 1, 0, 0, 0, 0, 1, 1, 1, 0, 1, 0, 0, 1, 1, 0, 1, 1, 1, 0, 1], [1, 0, 1, 1, 0, 1, 1, 0, 1, 1, 0, 1, 0, 0, 0, 0, 1, 0, 1, 1, 0, 0, 1, 0, 1], [1, 0, 1, 0, 0, 0, 0, 1, 0, 0, 1, 1, 1, 0, 1, 1, 1, 1, 0, 1, 0, 0, 0, 1, 1], [0, 1, 1, 1, 0, 1, 0, 0, 0, 1, 0, 0, 0, 1, 1, 0, 1, 0, 1, 1, 1, 0, 0, 1, 1], [0, 0, 0, 1, 0, 0, 1, 0, 0, 1, 1, 0, 1, 0, 1, 1, 1, 1, 0, 0, 0, 1, 1, 0, 1], [1, 1, 0, 0, 0, 1, 1, 0, 0, 1, 1, 1, 1, 1, 0, 0, 1, 1, 1, 1, 1, 1, 1, 1, 0]]",4.0,5.0,Y,"{0: 19, 1: 14, 2: 124, 3: 119, 4: 4, 5: 114, 6: 109, 7: 104, 8: 9, 9: 99, 10: 94, 11: 89, 12: 84, 13: 79, 14: 74, 15: 69, 16: 64, 17: 59, 18: 54, 19: 49, 20: 44, 21: 39, 22: 34, 23: 29, 24: 24}","{(0, 3): 1, (0, 4): 2, (0, 5): 1, (0, 6): 4, (0, 7): 1, (0, 9): 1, (0, 10): 1, (0, 12): 1, (0, 13): 1, (0, 15): 1, (0, 17): 1, (0, 18): 1, (0, 20): 1, (0, 21): 1, (0, 24): 1, (1, 5): 1, (1, 6): 1, (1, 8): 1, (1, 9): 1, (1, 10): 1, (1, 12): 1, (1, 13): 1, (1, 14): 4, (1, 18): 1, (1, 22): 1, (1, 24): 1, (2, 3): 1, (2, 6): 1, (2, 7): 80, (2, 9): 1, (2, 12): 1, (2, 15): 10, (2, 19): 13, (2, 20): 14, (2, 21): 1, (2, 22): 1, (3, 6): 1, (3, 9): 14, (3, 11): 80, (3, 12): 1, (3, 13): 1, (3, 15): 1, (3, 16): 1, (3, 17): 14, (3, 20): 1, (3, 22): 1, (3, 23): 1, (4, 5): 1, (4, 9): 1, (5, 6): 1, (5, 7): 1, (5, 10): 17, (5, 11): 1, (5, 13): 67, (5, 16): 1, (5, 18): 1, (5, 19): 1, (5, 20): 18, (5, 22): 1, (5, 24): 1, (6, 7): 15, (6, 9): 1, (6, 10): 1, (6, 12): 70, (6, 13): 1, (6, 14): 1, (6, 16): 1, (6, 17): 1, (6, 20): 1, (6, 23): 1, (6, 24): 8, (7, 8): 1, (7, 10): 1, (7, 11): 1, (7, 15): 1, (7, 16): 1, (7, 18): 1, (7, 21): 1, (8, 13): 1, (8, 14): 1, (8, 15): 1, (8, 16): 1, (8, 17): 1, (8, 18): 1, (8, 20): 1, (9, 12): 1, (9, 14): 1, (9, 16): 1, (9, 17): 34, (9, 20): 1, (9, 22): 22, (9, 23): 18, (9, 24): 1, (10, 11): 1, (10, 12): 1, (10, 14): 16, (10, 19): 25, (10, 21): 27, (10, 23): 1, (10, 24): 1, (11, 13): 1, (11, 14): 1, (11, 19): 1, (11, 20): 1, (11, 21): 1, (11, 24): 1, (12, 13): 1, (12, 14): 1, (12, 15): 1, (12, 18): 1, (12, 19): 1, (12, 21): 1, (12, 23): 1, (12, 24): 1, (13, 16): 1, (13, 17): 1, (13, 18): 1, (13, 22): 1, (13, 24): 1, (14, 15): 1, (14, 17): 1, (14, 18): 43, (14, 19): 1, (14, 21): 1, (14, 22): 1, (14, 23): 1, (15, 16): 51, (15, 21): 1, (15, 23): 1, (16, 17): 1, (16, 20): 1, (16, 21): 1, (16, 22): 1, (16, 23): 1, (16, 24): 1, (17, 19): 1, (17, 21): 1, (17, 23): 1, (17, 24): 1, (18, 19): 1, (18, 20): 1, (18, 22): 1, (18, 24): 1, (19, 20): 1, (19, 21): 1, (19, 22): 1, (19, 24): 1, (20, 22): 1, (20, 24): 1, (21, 23): 1, (21, 24): 1, (22, 23): 1, (22, 24): 1, (23, 24): 1}",6235.000000060609
250.0,Graph with 25 nodes and 154 edges,"[[0, 0, 0, 1, 1, 1, 1, 1, 0, 1, 1, 0, 1, 1, 0, 1, 0, 1, 1, 0, 1, 1, 0, 0, 1], [0, 0, 0, 0, 0, 1, 1, 0, 1, 1, 1, 0, 1, 1, 1, 0, 0, 0, 1, 0, 0, 0, 1, 0, 1], [0, 0, 0, 1, 0, 0, 1, 1, 0, 1, 0, 0, 1, 0, 0, 1, 0, 0, 0, 1, 1, 1, 1, 0, 0], [1, 0, 1, 0, 0, 0, 1, 0, 0, 1, 0, 1, 1, 1, 0, 1, 1, 1, 0, 0, 1, 0, 1, 1, 0], [1, 0, 0, 0, 0, 1, 0, 0, 0, 1, 0, 0, 0, 0, 0, 0, 0, 0, 0, 0, 0, 0, 0, 0, 0], [1, 1, 0, 0, 1, 0, 1, 1, 0, 0, 1, 1, 0, 1, 0, 0, 1, 0, 1, 1, 1, 0, 1, 0, 1], [1, 1, 1, 1, 0, 1, 0, 1, 0, 1, 1, 0, 1, 1, 1, 0, 1, 1, 0, 0, 1, 0, 0, 1, 1], [1, 0, 1, 0, 0, 1, 1, 0, 1, 0, 1, 1, 0, 0, 0, 1, 1, 0, 1, 0, 0, 1, 0, 0, 0], [0, 1, 0, 0, 0, 0, 0, 1, 0, 0, 0, 0, 0, 1, 1, 1, 1, 1, 1, 0, 1, 0, 0, 0, 0], [1, 1, 1, 1, 1, 0, 1, 0, 0, 0, 0, 0, 1, 0, 1, 0, 1, 1, 0, 0, 1, 0, 1, 1, 1], [1, 1, 0, 0, 0, 1, 1, 1, 0, 0, 0, 1, 1, 0, 1, 0, 0, 0, 0, 1, 0, 1, 0, 1, 1], [0, 0, 0, 1, 0, 1, 0, 1, 0, 0, 1, 0, 0, 1, 1, 0, 0, 0, 0, 1, 1, 1, 0, 0, 1], [1, 1, 1, 1, 0, 0, 1, 0, 0, 1, 1, 0, 0, 1, 1, 1, 0, 0, 1, 1, 0, 1, 0, 1, 1], [1, 1, 0, 1, 0, 1, 1, 0, 1, 0, 0, 1, 1, 0, 0, 0, 1, 1, 1, 0, 0, 0, 1, 0, 1], [0, 1, 0, 0, 0, 0, 1, 0, 1, 1, 1, 1, 1, 0, 0, 1, 0, 1, 1, 1, 0, 1, 1, 1, 0], [1, 0, 1, 1, 0, 0, 0, 1, 1, 0, 0, 0, 1, 0, 1, 0, 1, 0, 0, 0, 0, 1, 0, 1, 0], [0, 0, 0, 1, 0, 1, 1, 1, 1, 1, 0, 0, 0, 1, 0, 1, 0, 1, 0, 0, 1, 1, 1, 1, 1], [1, 0, 0, 1, 0, 0, 1, 0, 1, 1, 0, 0, 0, 1, 1, 0, 1, 0, 0, 1, 0, 1, 0, 1, 1], [1, 1, 0, 0, 0, 1, 0, 1, 1, 0, 0, 0, 1, 1, 1, 0, 0, 0, 0, 1, 1, 0, 1, 0, 1], [0, 0, 1, 0, 0, 1, 0, 0, 0, 0, 1, 1, 1, 0, 1, 0, 0, 1, 1, 0, 1, 1, 1, 0, 1], [1, 0, 1, 1, 0, 1, 1, 0, 1, 1, 0, 1, 0, 0, 0, 0, 1, 0, 1, 1, 0, 0, 1, 0, 1], [1, 0, 1, 0, 0, 0, 0, 1, 0, 0, 1, 1, 1, 0, 1, 1, 1, 1, 0, 1, 0, 0, 0, 1, 1], [0, 1, 1, 1, 0, 1, 0, 0, 0, 1, 0, 0, 0, 1, 1, 0, 1, 0, 1, 1, 1, 0, 0, 1, 1], [0, 0, 0, 1, 0, 0, 1, 0, 0, 1, 1, 0, 1, 0, 1, 1, 1, 1, 0, 0, 0, 1, 1, 0, 1], [1, 1, 0, 0, 0, 1, 1, 0, 0, 1, 1, 1, 1, 1, 0, 0, 1, 1, 1, 1, 1, 1, 1, 1, 0]]",4.0,6.0,Y,"{0: 16, 1: 148, 2: 10, 3: 142, 4: 4, 5: 136, 6: 130, 7: 124, 8: 118, 9: 112, 10: 106, 11: 100, 12: 94, 13: 88, 14: 82, 15: 76, 16: 70, 17: 64, 18: 58, 19: 52, 20: 46, 21: 40, 22: 34, 23: 28, 24: 22}","{(0, 3): 1, (0, 4): 2, (0, 5): 1, (0, 6): 1, (0, 7): 1, (0, 9): 1, (0, 10): 1, (0, 12): 1, (0, 13): 1, (0, 15): 1, (0, 17): 1, (0, 18): 1, (0, 20): 1, (0, 21): 1, (0, 24): 1, (1, 5): 1, (1, 6): 1, (1, 8): 95, (1, 9): 1, (1, 10): 1, (1, 12): 1, (1, 13): 1, (1, 14): 44, (1, 18): 1, (1, 22): 1, (1, 24): 1, (2, 3): 1, (2, 6): 1, (2, 7): 1, (2, 9): 1, (2, 12): 1, (2, 15): 1, (2, 19): 1, (2, 20): 1, (2, 21): 1, (2, 22): 1, (3, 6): 1, (3, 9): 1, (3, 11): 91, (3, 12): 1, (3, 13): 1, (3, 15): 1, (3, 16): 40, (3, 17): 1, (3, 20): 1, (3, 22): 1, (3, 23): 1, (4, 5): 1, (4, 9): 1, (5, 6): 1, (5, 7): 1, (5, 10): 1, (5, 11): 1, (5, 13): 30, (5, 16): 18, (5, 18): 1, (5, 19): 30, (5, 20): 34, (5, 22): 15, (5, 24): 1, (6, 7): 5, (6, 9): 99, (6, 10): 1, (6, 12): 1, (6, 13): 1, (6, 14): 13, (6, 16): 1, (6, 17): 1, (6, 20): 1, (6, 23): 1, (6, 24): 1, (7, 8): 16, (7, 10): 95, (7, 11): 1, (7, 15): 1, (7, 16): 1, (7, 18): 1, (7, 21): 1, (8, 13): 1, (8, 14): 1, (8, 15): 1, (8, 16): 1, (8, 17): 1, (8, 18): 1, (8, 20): 1, (9, 12): 1, (9, 14): 1, (9, 16): 1, (9, 17): 1, (9, 20): 1, (9, 22): 1, (9, 23): 1, (9, 24): 1, (10, 11): 1, (10, 12): 1, (10, 14): 1, (10, 19): 1, (10, 21): 1, (10, 23): 1, (10, 24): 1, (11, 13): 1, (11, 14): 1, (11, 19): 1, (11, 20): 1, (11, 21): 1, (11, 24): 1, (12, 13): 1, (12, 14): 14, (12, 15): 67, (12, 18): 1, (12, 19): 1, (12, 21): 1, (12, 23): 1, (12, 24): 1, (13, 16): 1, (13, 17): 1, (13, 18): 47, (13, 22): 1, (13, 24): 1, (14, 15): 1, (14, 17): 1, (14, 18): 1, (14, 19): 1, (14, 21): 1, (14, 22): 1, (14, 23): 1, (15, 16): 1, (15, 21): 1, (15, 23): 1, (16, 17): 1, (16, 20): 1, (16, 21): 1, (16, 22): 1, (16, 23): 1, (16, 24): 1, (17, 19): 5, (17, 21): 28, (17, 23): 17, (17, 24): 6, (18, 19): 1, (18, 20): 1, (18, 22): 1, (18, 24): 1, (19, 20): 1, (19, 21): 1, (19, 22): 8, (19, 24): 1, (20, 22): 1, (20, 24): 1, (21, 23): 1, (21, 24): 1, (22, 23): 1, (22, 24): 1, (23, 24): 1}",6511.000000045897
250.0,Graph with 25 nodes and 154 edges,"[[0, 0, 0, 1, 1, 1, 1, 1, 0, 1, 1, 0, 1, 1, 0, 1, 0, 1, 1, 0, 1, 1, 0, 0, 1], [0, 0, 0, 0, 0, 1, 1, 0, 1, 1, 1, 0, 1, 1, 1, 0, 0, 0, 1, 0, 0, 0, 1, 0, 1], [0, 0, 0, 1, 0, 0, 1, 1, 0, 1, 0, 0, 1, 0, 0, 1, 0, 0, 0, 1, 1, 1, 1, 0, 0], [1, 0, 1, 0, 0, 0, 1, 0, 0, 1, 0, 1, 1, 1, 0, 1, 1, 1, 0, 0, 1, 0, 1, 1, 0], [1, 0, 0, 0, 0, 1, 0, 0, 0, 1, 0, 0, 0, 0, 0, 0, 0, 0, 0, 0, 0, 0, 0, 0, 0], [1, 1, 0, 0, 1, 0, 1, 1, 0, 0, 1, 1, 0, 1, 0, 0, 1, 0, 1, 1, 1, 0, 1, 0, 1], [1, 1, 1, 1, 0, 1, 0, 1, 0, 1, 1, 0, 1, 1, 1, 0, 1, 1, 0, 0, 1, 0, 0, 1, 1], [1, 0, 1, 0, 0, 1, 1, 0, 1, 0, 1, 1, 0, 0, 0, 1, 1, 0, 1, 0, 0, 1, 0, 0, 0], [0, 1, 0, 0, 0, 0, 0, 1, 0, 0, 0, 0, 0, 1, 1, 1, 1, 1, 1, 0, 1, 0, 0, 0, 0], [1, 1, 1, 1, 1, 0, 1, 0, 0, 0, 0, 0, 1, 0, 1, 0, 1, 1, 0, 0, 1, 0, 1, 1, 1], [1, 1, 0, 0, 0, 1, 1, 1, 0, 0, 0, 1, 1, 0, 1, 0, 0, 0, 0, 1, 0, 1, 0, 1, 1], [0, 0, 0, 1, 0, 1, 0, 1, 0, 0, 1, 0, 0, 1, 1, 0, 0, 0, 0, 1, 1, 1, 0, 0, 1], [1, 1, 1, 1, 0, 0, 1, 0, 0, 1, 1, 0, 0, 1, 1, 1, 0, 0, 1, 1, 0, 1, 0, 1, 1], [1, 1, 0, 1, 0, 1, 1, 0, 1, 0, 0, 1, 1, 0, 0, 0, 1, 1, 1, 0, 0, 0, 1, 0, 1], [0, 1, 0, 0, 0, 0, 1, 0, 1, 1, 1, 1, 1, 0, 0, 1, 0, 1, 1, 1, 0, 1, 1, 1, 0], [1, 0, 1, 1, 0, 0, 0, 1, 1, 0, 0, 0, 1, 0, 1, 0, 1, 0, 0, 0, 0, 1, 0, 1, 0], [0, 0, 0, 1, 0, 1, 1, 1, 1, 1, 0, 0, 0, 1, 0, 1, 0, 1, 0, 0, 1, 1, 1, 1, 1], [1, 0, 0, 1, 0, 0, 1, 0, 1, 1, 0, 0, 0, 1, 1, 0, 1, 0, 0, 1, 0, 1, 0, 1, 1], [1, 1, 0, 0, 0, 1, 0, 1, 1, 0, 0, 0, 1, 1, 1, 0, 0, 0, 0, 1, 1, 0, 1, 0, 1], [0, 0, 1, 0, 0, 1, 0, 0, 0, 0, 1, 1, 1, 0, 1, 0, 0, 1, 1, 0, 1, 1, 1, 0, 1], [1, 0, 1, 1, 0, 1, 1, 0, 1, 1, 0, 1, 0, 0, 0, 0, 1, 0, 1, 1, 0, 0, 1, 0, 1], [1, 0, 1, 0, 0, 0, 0, 1, 0, 0, 1, 1, 1, 0, 1, 1, 1, 1, 0, 1, 0, 0, 0, 1, 1], [0, 1, 1, 1, 0, 1, 0, 0, 0, 1, 0, 0, 0, 1, 1, 0, 1, 0, 1, 1, 1, 0, 0, 1, 1], [0, 0, 0, 1, 0, 0, 1, 0, 0, 1, 1, 0, 1, 0, 1, 1, 1, 1, 0, 0, 0, 1, 1, 0, 1], [1, 1, 0, 0, 0, 1, 1, 0, 0, 1, 1, 1, 1, 1, 0, 0, 1, 1, 1, 1, 1, 1, 1, 1, 0]]",4.0,7.0,Y,"{0: 18, 1: 11, 2: 172, 3: 165, 4: 4, 5: 158, 6: 151, 7: 144, 8: 137, 9: 130, 10: 123, 11: 116, 12: 109, 13: 102, 14: 95, 15: 88, 16: 81, 17: 74, 18: 67, 19: 60, 20: 53, 21: 46, 22: 39, 23: 32, 24: 25}","{(0, 3): 1, (0, 4): 2, (0, 5): 1, (0, 6): 3, (0, 7): 1, (0, 9): 1, (0, 10): 1, (0, 12): 1, (0, 13): 1, (0, 15): 1, (0, 17): 1, (0, 18): 1, (0, 20): 1, (0, 21): 1, (0, 24): 1, (1, 5): 1, (1, 6): 1, (1, 8): 1, (1, 9): 1, (1, 10): 1, (1, 12): 1, (1, 13): 1, (1, 14): 1, (1, 18): 1, (1, 22): 1, (1, 24): 1, (2, 3): 38, (2, 6): 1, (2, 7): 1, (2, 9): 78, (2, 12): 1, (2, 15): 1, (2, 19): 49, (2, 20): 1, (2, 21): 1, (2, 22): 1, (3, 6): 1, (3, 9): 10, (3, 11): 107, (3, 12): 1, (3, 13): 1, (3, 15): 1, (3, 16): 1, (3, 17): 1, (3, 20): 1, (3, 22): 1, (3, 23): 1, (4, 5): 1, (4, 9): 1, (5, 6): 1, (5, 7): 1, (5, 10): 1, (5, 11): 1, (5, 13): 71, (5, 16): 49, (5, 18): 1, (5, 19): 1, (5, 20): 1, (5, 22): 27, (5, 24): 1, (6, 7): 1, (6, 9): 3, (6, 10): 1, (6, 12): 92, (6, 13): 1, (6, 14): 1, (6, 16): 1, (6, 17): 1, (6, 20): 41, (6, 23): 1, (6, 24): 1, (7, 8): 1, (7, 10): 109, (7, 11): 1, (7, 15): 1, (7, 16): 1, (7, 18): 1, (7, 21): 26, (8, 13): 1, (8, 14): 12, (8, 15): 1, (8, 16): 1, (8, 17): 63, (8, 18): 56, (8, 20): 1, (9, 12): 1, (9, 14): 1, (9, 16): 1, (9, 17): 1, (9, 20): 1, (9, 22): 1, (9, 23): 21, (9, 24): 9, (10, 11): 1, (10, 12): 4, (10, 14): 1, (10, 19): 1, (10, 21): 1, (10, 23): 1, (10, 24): 1, (11, 13): 1, (11, 14): 1, (11, 19): 1, (11, 20): 1, (11, 21): 1, (11, 24): 1, (12, 13): 1, (12, 14): 1, (12, 15): 1, (12, 18): 1, (12, 19): 1, (12, 21): 1, (12, 23): 1, (12, 24): 1, (13, 16): 20, (13, 17): 1, (13, 18): 1, (13, 22): 1, (13, 24): 1, (14, 15): 71, (14, 17): 1, (14, 18): 1, (14, 19): 1, (14, 21): 1, (14, 22): 1, (14, 23): 1, (15, 16): 1, (15, 21): 9, (15, 23): 1, (16, 17): 1, (16, 20): 1, (16, 21): 1, (16, 22): 1, (16, 23): 1, (16, 24): 1, (17, 19): 1, (17, 21): 1, (17, 23): 1, (17, 24): 1, (18, 19): 1, (18, 20): 1, (18, 22): 1, (18, 24): 1, (19, 20): 1, (19, 21): 1, (19, 22): 1, (19, 24): 1, (20, 22): 1, (20, 24): 1, (21, 23): 1, (21, 24): 1, (22, 23): 1, (22, 24): 1, (23, 24): 1}",6673.999999975422
250.0,Graph with 25 nodes and 154 edges,"[[0, 0, 0, 1, 1, 1, 1, 1, 0, 1, 1, 0, 1, 1, 0, 1, 0, 1, 1, 0, 1, 1, 0, 0, 1], [0, 0, 0, 0, 0, 1, 1, 0, 1, 1, 1, 0, 1, 1, 1, 0, 0, 0, 1, 0, 0, 0, 1, 0, 1], [0, 0, 0, 1, 0, 0, 1, 1, 0, 1, 0, 0, 1, 0, 0, 1, 0, 0, 0, 1, 1, 1, 1, 0, 0], [1, 0, 1, 0, 0, 0, 1, 0, 0, 1, 0, 1, 1, 1, 0, 1, 1, 1, 0, 0, 1, 0, 1, 1, 0], [1, 0, 0, 0, 0, 1, 0, 0, 0, 1, 0, 0, 0, 0, 0, 0, 0, 0, 0, 0, 0, 0, 0, 0, 0], [1, 1, 0, 0, 1, 0, 1, 1, 0, 0, 1, 1, 0, 1, 0, 0, 1, 0, 1, 1, 1, 0, 1, 0, 1], [1, 1, 1, 1, 0, 1, 0, 1, 0, 1, 1, 0, 1, 1, 1, 0, 1, 1, 0, 0, 1, 0, 0, 1, 1], [1, 0, 1, 0, 0, 1, 1, 0, 1, 0, 1, 1, 0, 0, 0, 1, 1, 0, 1, 0, 0, 1, 0, 0, 0], [0, 1, 0, 0, 0, 0, 0, 1, 0, 0, 0, 0, 0, 1, 1, 1, 1, 1, 1, 0, 1, 0, 0, 0, 0], [1, 1, 1, 1, 1, 0, 1, 0, 0, 0, 0, 0, 1, 0, 1, 0, 1, 1, 0, 0, 1, 0, 1, 1, 1], [1, 1, 0, 0, 0, 1, 1, 1, 0, 0, 0, 1, 1, 0, 1, 0, 0, 0, 0, 1, 0, 1, 0, 1, 1], [0, 0, 0, 1, 0, 1, 0, 1, 0, 0, 1, 0, 0, 1, 1, 0, 0, 0, 0, 1, 1, 1, 0, 0, 1], [1, 1, 1, 1, 0, 0, 1, 0, 0, 1, 1, 0, 0, 1, 1, 1, 0, 0, 1, 1, 0, 1, 0, 1, 1], [1, 1, 0, 1, 0, 1, 1, 0, 1, 0, 0, 1, 1, 0, 0, 0, 1, 1, 1, 0, 0, 0, 1, 0, 1], [0, 1, 0, 0, 0, 0, 1, 0, 1, 1, 1, 1, 1, 0, 0, 1, 0, 1, 1, 1, 0, 1, 1, 1, 0], [1, 0, 1, 1, 0, 0, 0, 1, 1, 0, 0, 0, 1, 0, 1, 0, 1, 0, 0, 0, 0, 1, 0, 1, 0], [0, 0, 0, 1, 0, 1, 1, 1, 1, 1, 0, 0, 0, 1, 0, 1, 0, 1, 0, 0, 1, 1, 1, 1, 1], [1, 0, 0, 1, 0, 0, 1, 0, 1, 1, 0, 0, 0, 1, 1, 0, 1, 0, 0, 1, 0, 1, 0, 1, 1], [1, 1, 0, 0, 0, 1, 0, 1, 1, 0, 0, 0, 1, 1, 1, 0, 0, 0, 0, 1, 1, 0, 1, 0, 1], [0, 0, 1, 0, 0, 1, 0, 0, 0, 0, 1, 1, 1, 0, 1, 0, 0, 1, 1, 0, 1, 1, 1, 0, 1], [1, 0, 1, 1, 0, 1, 1, 0, 1, 1, 0, 1, 0, 0, 0, 0, 1, 0, 1, 1, 0, 0, 1, 0, 1], [1, 0, 1, 0, 0, 0, 0, 1, 0, 0, 1, 1, 1, 0, 1, 1, 1, 1, 0, 1, 0, 0, 0, 1, 1], [0, 1, 1, 1, 0, 1, 0, 0, 0, 1, 0, 0, 0, 1, 1, 0, 1, 0, 1, 1, 1, 0, 0, 1, 1], [0, 0, 0, 1, 0, 0, 1, 0, 0, 1, 1, 0, 1, 0, 1, 1, 1, 1, 0, 0, 0, 1, 1, 0, 1], [1, 1, 0, 0, 0, 1, 1, 0, 0, 1, 1, 1, 1, 1, 0, 0, 1, 1, 1, 1, 1, 1, 1, 1, 0]]",4.0,8.0,Y,"{0: 20, 1: 12, 2: 196, 3: 188, 4: 4, 5: 180, 6: 172, 7: 164, 8: 156, 9: 148, 10: 140, 11: 132, 12: 124, 13: 116, 14: 108, 15: 100, 16: 92, 17: 84, 18: 76, 19: 68, 20: 60, 21: 52, 22: 44, 23: 36, 24: 28}","{(0, 3): 1, (0, 4): 2, (0, 5): 1, (0, 6): 1, (0, 7): 1, (0, 9): 1, (0, 10): 5, (0, 12): 1, (0, 13): 1, (0, 15): 1, (0, 17): 1, (0, 18): 1, (0, 20): 1, (0, 21): 1, (0, 24): 1, (1, 5): 1, (1, 6): 1, (1, 8): 2, (1, 9): 1, (1, 10): 1, (1, 12): 1, (1, 13): 1, (1, 14): 1, (1, 18): 1, (1, 22): 1, (1, 24): 1, (2, 3): 54, (2, 6): 1, (2, 7): 1, (2, 9): 1, (2, 12): 1, (2, 15): 39, (2, 19): 57, (2, 20): 1, (2, 21): 40, (2, 22): 1, (3, 6): 1, (3, 9): 1, (3, 11): 123, (3, 12): 1, (3, 13): 1, (3, 15): 1, (3, 16): 1, (3, 17): 1, (3, 20): 1, (3, 22): 1, (3, 23): 1, (4, 5): 1, (4, 9): 1, (5, 6): 1, (5, 7): 58, (5, 10): 71, (5, 11): 1, (5, 13): 40, (5, 16): 1, (5, 18): 1, (5, 19): 1, (5, 20): 1, (5, 22): 1, (5, 24): 1, (6, 7): 43, (6, 9): 104, (6, 10): 1, (6, 12): 1, (6, 13): 1, (6, 14): 1, (6, 16): 1, (6, 17): 1, (6, 20): 1, (6, 23): 1, (6, 24): 12, (7, 8): 1, (7, 10): 55, (7, 11): 1, (7, 15): 1, (7, 16): 1, (7, 18): 1, (7, 21): 1, (8, 13): 1, (8, 14): 1, (8, 15): 1, (8, 16): 65, (8, 17): 49, (8, 18): 1, (8, 20): 34, (9, 12): 1, (9, 14): 1, (9, 16): 1, (9, 17): 1, (9, 20): 1, (9, 22): 32, (9, 23): 1, (9, 24): 1, (10, 11): 1, (10, 12): 1, (10, 14): 1, (10, 19): 1, (10, 21): 1, (10, 23): 1, (10, 24): 1, (11, 13): 1, (11, 14): 1, (11, 19): 1, (11, 20): 1, (11, 21): 1, (11, 24): 1, (12, 13): 1, (12, 14): 76, (12, 15): 34, (12, 18): 1, (12, 19): 1, (12, 21): 1, (12, 23): 1, (12, 24): 1, (13, 16): 1, (13, 17): 1, (13, 18): 65, (13, 22): 1, (13, 24): 1, (14, 15): 19, (14, 17): 1, (14, 18): 1, (14, 19): 1, (14, 21): 1, (14, 22): 1, (14, 23): 1, (15, 16): 1, (15, 21): 1, (15, 23): 1, (16, 17): 1, (16, 20): 14, (16, 21): 1, (16, 22): 1, (16, 23): 1, (16, 24): 1, (17, 19): 1, (17, 21): 1, (17, 23): 25, (17, 24): 1, (18, 19): 1, (18, 20): 1, (18, 22): 1, (18, 24): 1, (19, 20): 1, (19, 21): 1, (19, 22): 1, (19, 24): 1, (20, 22): 1, (20, 24): 1, (21, 23): 1, (21, 24): 1, (22, 23): 1, (22, 24): 1, (23, 24): 1}",6880.000000137443
285.0,Graph with 25 nodes and 145 edges,"[[0, 0, 0, 1, 1, 1, 1, 0, 1, 0, 1, 1, 1, 1, 0, 1, 0, 1, 1, 0, 0, 0, 1, 1, 0], [0, 0, 1, 0, 1, 0, 0, 1, 0, 0, 0, 1, 1, 0, 1, 0, 0, 1, 0, 0, 0, 0, 0, 1, 1], [0, 1, 0, 0, 1, 0, 1, 0, 0, 1, 0, 1, 0, 1, 0, 0, 0, 0, 1, 0, 0, 1, 0, 0, 0], [1, 0, 0, 0, 0, 0, 0, 1, 1, 0, 0, 1, 1, 0, 1, 1, 1, 0, 1, 1, 1, 1, 1, 0, 0], [1, 1, 1, 0, 0, 0, 1, 1, 1, 1, 1, 0, 1, 0, 0, 0, 0, 0, 1, 0, 0, 0, 0, 0, 1], [1, 0, 0, 0, 0, 0, 0, 0, 0, 1, 0, 0, 0, 0, 0, 0, 1, 0, 0, 0, 0, 0, 0, 0, 0], [1, 0, 1, 0, 1, 0, 0, 0, 1, 1, 1, 0, 1, 1, 1, 1, 0, 1, 0, 1, 0, 0, 0, 0, 0], [0, 1, 0, 1, 1, 0, 0, 0, 0, 1, 1, 1, 0, 0, 1, 1, 1, 1, 0, 0, 0, 1, 0, 1, 1], [1, 0, 0, 1, 1, 0, 1, 0, 0, 1, 1, 0, 1, 1, 0, 0, 1, 1, 1, 1, 1, 0, 1, 1, 0], [0, 0, 1, 0, 1, 1, 1, 1, 1, 0, 0, 1, 0, 0, 0, 0, 0, 0, 1, 0, 1, 1, 0, 1, 1], [1, 0, 0, 0, 1, 0, 1, 1, 1, 0, 0, 1, 1, 1, 0, 0, 0, 0, 1, 0, 0, 1, 0, 0, 1], [1, 1, 1, 1, 0, 0, 0, 1, 0, 1, 1, 0, 0, 1, 1, 0, 1, 0, 0, 1, 1, 0, 1, 0, 0], [1, 1, 0, 1, 1, 0, 1, 0, 1, 0, 1, 0, 0, 0, 1, 1, 0, 0, 0, 1, 1, 1, 0, 0, 0], [1, 0, 1, 0, 0, 0, 1, 0, 1, 0, 1, 1, 0, 0, 0, 1, 1, 0, 0, 1, 1, 1, 1, 1, 0], [0, 1, 0, 1, 0, 0, 1, 1, 0, 0, 0, 1, 1, 0, 0, 0, 0, 1, 1, 1, 1, 1, 1, 1, 0], [1, 0, 0, 1, 0, 0, 1, 1, 0, 0, 0, 0, 1, 1, 0, 0, 1, 1, 1, 0, 0, 0, 0, 1, 1], [0, 0, 0, 1, 0, 1, 0, 1, 1, 0, 0, 1, 0, 1, 0, 1, 0, 1, 1, 1, 0, 0, 1, 0, 1], [1, 1, 0, 0, 0, 0, 1, 1, 1, 0, 0, 0, 0, 0, 1, 1, 1, 0, 1, 1, 1, 0, 1, 0, 0], [1, 0, 1, 1, 1, 0, 0, 0, 1, 1, 1, 0, 0, 0, 1, 1, 1, 1, 0, 1, 0, 1, 1, 1, 1], [0, 0, 0, 1, 0, 0, 1, 0, 1, 0, 0, 1, 1, 1, 1, 0, 1, 1, 1, 0, 1, 0, 1, 0, 0], [0, 0, 0, 1, 0, 0, 0, 0, 1, 1, 0, 1, 1, 1, 1, 0, 0, 1, 0, 1, 0, 1, 0, 1, 0], [0, 0, 1, 1, 0, 0, 0, 1, 0, 1, 1, 0, 1, 1, 1, 0, 0, 0, 1, 0, 1, 0, 1, 0, 0], [1, 0, 0, 1, 0, 0, 0, 0, 1, 0, 0, 1, 0, 1, 1, 0, 1, 1, 1, 1, 0, 1, 0, 1, 1], [1, 1, 0, 0, 0, 0, 0, 1, 1, 1, 0, 0, 0, 1, 1, 1, 0, 0, 1, 0, 1, 0, 1, 0, 0], [0, 1, 0, 0, 1, 0, 0, 1, 0, 1, 1, 0, 0, 0, 0, 1, 1, 0, 1, 0, 0, 0, 1, 0, 0]]",3.0,5.0,Y,"{0: 18, 1: 13, 2: 8, 3: 123, 4: 118, 5: 3, 6: 113, 7: 108, 8: 103, 9: 98, 10: 93, 11: 88, 12: 83, 13: 78, 14: 73, 15: 68, 16: 63, 17: 58, 18: 53, 19: 48, 20: 43, 21: 38, 22: 33, 23: 28, 24: 23}","{(0, 3): 1, (0, 4): 1, (0, 5): 1, (0, 6): 1, (0, 8): 1, (0, 10): 1, (0, 11): 1, (0, 12): 1, (0, 13): 1, (0, 15): 1, (0, 17): 1, (0, 18): 5, (0, 22): 1, (0, 23): 1, (1, 2): 1, (1, 4): 1, (1, 7): 1, (1, 11): 5, (1, 12): 1, (1, 14): 1, (1, 17): 1, (1, 23): 1, (1, 24): 1, (2, 4): 1, (2, 6): 1, (2, 9): 1, (2, 11): 1, (2, 13): 1, (2, 18): 1, (2, 21): 1, (3, 7): 1, (3, 8): 51, (3, 11): 1, (3, 12): 1, (3, 14): 1, (3, 15): 14, (3, 16): 12, (3, 18): 1, (3, 19): 37, (3, 20): 1, (3, 21): 1, (3, 22): 1, (4, 6): 1, (4, 7): 1, (4, 8): 1, (4, 9): 38, (4, 10): 52, (4, 12): 1, (4, 18): 20, (4, 24): 1, (5, 9): 1, (5, 16): 1, (6, 8): 1, (6, 9): 1, (6, 10): 4, (6, 12): 1, (6, 13): 38, (6, 14): 61, (6, 15): 1, (6, 17): 1, (6, 19): 1, (7, 9): 50, (7, 10): 1, (7, 11): 1, (7, 14): 1, (7, 15): 1, (7, 16): 1, (7, 17): 47, (7, 21): 1, (7, 23): 1, (7, 24): 1, (8, 9): 1, (8, 10): 1, (8, 12): 1, (8, 13): 1, (8, 16): 1, (8, 17): 1, (8, 18): 1, (8, 19): 1, (8, 20): 22, (8, 22): 1, (8, 23): 18, (9, 11): 1, (9, 18): 1, (9, 20): 1, (9, 21): 1, (9, 23): 1, (9, 24): 1, (10, 11): 1, (10, 12): 1, (10, 13): 28, (10, 18): 1, (10, 21): 1, (10, 24): 1, (11, 13): 1, (11, 14): 1, (11, 16): 41, (11, 19): 1, (11, 20): 12, (11, 22): 21, (12, 14): 1, (12, 15): 45, (12, 19): 1, (12, 20): 1, (12, 21): 28, (13, 15): 1, (13, 16): 1, (13, 19): 1, (13, 20): 1, (13, 21): 1, (13, 22): 1, (13, 23): 1, (14, 17): 1, (14, 18): 1, (14, 19): 1, (14, 20): 1, (14, 21): 1, (14, 22): 1, (14, 23): 1, (15, 16): 1, (15, 17): 1, (15, 18): 1, (15, 23): 1, (15, 24): 1, (16, 17): 1, (16, 18): 1, (16, 19): 1, (16, 22): 1, (16, 24): 1, (17, 18): 1, (17, 19): 1, (17, 20): 1, (17, 22): 1, (18, 19): 1, (18, 21): 1, (18, 22): 1, (18, 23): 1, (18, 24): 15, (19, 20): 1, (19, 22): 1, (20, 21): 1, (20, 23): 1, (21, 22): 1, (22, 23): 1, (22, 24): 1}",5942.000000004555
285.0,Graph with 25 nodes and 145 edges,"[[0, 0, 0, 1, 1, 1, 1, 0, 1, 0, 1, 1, 1, 1, 0, 1, 0, 1, 1, 0, 0, 0, 1, 1, 0], [0, 0, 1, 0, 1, 0, 0, 1, 0, 0, 0, 1, 1, 0, 1, 0, 0, 1, 0, 0, 0, 0, 0, 1, 1], [0, 1, 0, 0, 1, 0, 1, 0, 0, 1, 0, 1, 0, 1, 0, 0, 0, 0, 1, 0, 0, 1, 0, 0, 0], [1, 0, 0, 0, 0, 0, 0, 1, 1, 0, 0, 1, 1, 0, 1, 1, 1, 0, 1, 1, 1, 1, 1, 0, 0], [1, 1, 1, 0, 0, 0, 1, 1, 1, 1, 1, 0, 1, 0, 0, 0, 0, 0, 1, 0, 0, 0, 0, 0, 1], [1, 0, 0, 0, 0, 0, 0, 0, 0, 1, 0, 0, 0, 0, 0, 0, 1, 0, 0, 0, 0, 0, 0, 0, 0], [1, 0, 1, 0, 1, 0, 0, 0, 1, 1, 1, 0, 1, 1, 1, 1, 0, 1, 0, 1, 0, 0, 0, 0, 0], [0, 1, 0, 1, 1, 0, 0, 0, 0, 1, 1, 1, 0, 0, 1, 1, 1, 1, 0, 0, 0, 1, 0, 1, 1], [1, 0, 0, 1, 1, 0, 1, 0, 0, 1, 1, 0, 1, 1, 0, 0, 1, 1, 1, 1, 1, 0, 1, 1, 0], [0, 0, 1, 0, 1, 1, 1, 1, 1, 0, 0, 1, 0, 0, 0, 0, 0, 0, 1, 0, 1, 1, 0, 1, 1], [1, 0, 0, 0, 1, 0, 1, 1, 1, 0, 0, 1, 1, 1, 0, 0, 0, 0, 1, 0, 0, 1, 0, 0, 1], [1, 1, 1, 1, 0, 0, 0, 1, 0, 1, 1, 0, 0, 1, 1, 0, 1, 0, 0, 1, 1, 0, 1, 0, 0], [1, 1, 0, 1, 1, 0, 1, 0, 1, 0, 1, 0, 0, 0, 1, 1, 0, 0, 0, 1, 1, 1, 0, 0, 0], [1, 0, 1, 0, 0, 0, 1, 0, 1, 0, 1, 1, 0, 0, 0, 1, 1, 0, 0, 1, 1, 1, 1, 1, 0], [0, 1, 0, 1, 0, 0, 1, 1, 0, 0, 0, 1, 1, 0, 0, 0, 0, 1, 1, 1, 1, 1, 1, 1, 0], [1, 0, 0, 1, 0, 0, 1, 1, 0, 0, 0, 0, 1, 1, 0, 0, 1, 1, 1, 0, 0, 0, 0, 1, 1], [0, 0, 0, 1, 0, 1, 0, 1, 1, 0, 0, 1, 0, 1, 0, 1, 0, 1, 1, 1, 0, 0, 1, 0, 1], [1, 1, 0, 0, 0, 0, 1, 1, 1, 0, 0, 0, 0, 0, 1, 1, 1, 0, 1, 1, 1, 0, 1, 0, 0], [1, 0, 1, 1, 1, 0, 0, 0, 1, 1, 1, 0, 0, 0, 1, 1, 1, 1, 0, 1, 0, 1, 1, 1, 1], [0, 0, 0, 1, 0, 0, 1, 0, 1, 0, 0, 1, 1, 1, 1, 0, 1, 1, 1, 0, 1, 0, 1, 0, 0], [0, 0, 0, 1, 0, 0, 0, 0, 1, 1, 0, 1, 1, 1, 1, 0, 0, 1, 0, 1, 0, 1, 0, 1, 0], [0, 0, 1, 1, 0, 0, 0, 1, 0, 1, 1, 0, 1, 1, 1, 0, 0, 0, 1, 0, 1, 0, 1, 0, 0], [1, 0, 0, 1, 0, 0, 0, 0, 1, 0, 0, 1, 0, 1, 1, 0, 1, 1, 1, 1, 0, 1, 0, 1, 1], [1, 1, 0, 0, 0, 0, 0, 1, 1, 1, 0, 0, 0, 1, 1, 1, 0, 0, 1, 0, 1, 0, 1, 0, 0], [0, 1, 0, 0, 1, 0, 0, 1, 0, 1, 1, 0, 0, 0, 0, 1, 1, 0, 1, 0, 0, 0, 1, 0, 0]]",3.0,6.0,Y,"{0: 15, 1: 9, 2: 147, 3: 141, 4: 135, 5: 3, 6: 129, 7: 123, 8: 117, 9: 111, 10: 105, 11: 99, 12: 93, 13: 87, 14: 81, 15: 75, 16: 69, 17: 63, 18: 21, 19: 57, 20: 51, 21: 45, 22: 39, 23: 33, 24: 27}","{(0, 3): 1, (0, 4): 1, (0, 5): 1, (0, 6): 1, (0, 8): 1, (0, 10): 1, (0, 11): 2, (0, 12): 1, (0, 13): 1, (0, 15): 1, (0, 17): 1, (0, 18): 1, (0, 22): 1, (0, 23): 1, (1, 2): 1, (1, 4): 1, (1, 7): 1, (1, 11): 1, (1, 12): 1, (1, 14): 1, (1, 17): 1, (1, 23): 1, (1, 24): 1, (2, 4): 1, (2, 6): 1, (2, 9): 89, (2, 11): 20, (2, 13): 1, (2, 18): 1, (2, 21): 33, (3, 7): 1, (3, 8): 84, (3, 11): 1, (3, 12): 1, (3, 14): 1, (3, 15): 1, (3, 16): 39, (3, 18): 1, (3, 19): 7, (3, 20): 1, (3, 21): 1, (3, 22): 1, (4, 6): 1, (4, 7): 111, (4, 8): 1, (4, 9): 12, (4, 10): 1, (4, 12): 4, (4, 18): 1, (4, 24): 1, (5, 9): 1, (5, 16): 1, (6, 8): 1, (6, 9): 1, (6, 10): 1, (6, 12): 1, (6, 13): 1, (6, 14): 28, (6, 15): 1, (6, 17): 52, (6, 19): 40, (7, 9): 1, (7, 10): 1, (7, 11): 1, (7, 14): 1, (7, 15): 1, (7, 16): 1, (7, 17): 1, (7, 21): 1, (7, 23): 1, (7, 24): 1, (8, 9): 1, (8, 10): 1, (8, 12): 1, (8, 13): 1, (8, 16): 19, (8, 17): 1, (8, 18): 1, (8, 19): 1, (8, 20): 1, (8, 22): 1, (8, 23): 1, (9, 11): 1, (9, 18): 1, (9, 20): 1, (9, 21): 1, (9, 23): 1, (9, 24): 1, (10, 11): 1, (10, 12): 1, (10, 13): 75, (10, 18): 1, (10, 21): 3, (10, 24): 19, (11, 13): 1, (11, 14): 1, (11, 16): 1, (11, 19): 1, (11, 20): 41, (11, 22): 27, (12, 14): 15, (12, 15): 65, (12, 19): 1, (12, 20): 1, (12, 21): 1, (13, 15): 1, (13, 16): 1, (13, 19): 1, (13, 20): 1, (13, 21): 1, (13, 22): 1, (13, 23): 1, (14, 17): 1, (14, 18): 6, (14, 19): 1, (14, 20): 1, (14, 21): 1, (14, 22): 1, (14, 23): 23, (15, 16): 1, (15, 17): 1, (15, 18): 1, (15, 23): 1, (15, 24): 1, (16, 17): 1, (16, 18): 1, (16, 19): 1, (16, 22): 1, (16, 24): 1, (17, 18): 1, (17, 19): 1, (17, 20): 1, (17, 22): 1, (18, 19): 1, (18, 21): 1, (18, 22): 1, (18, 23): 1, (18, 24): 1, (19, 20): 1, (19, 22): 1, (20, 21): 1, (20, 23): 1, (21, 22): 1, (22, 23): 1, (22, 24): 1}",6853.000000091924
285.0,Graph with 25 nodes and 145 edges,"[[0, 0, 0, 1, 1, 1, 1, 0, 1, 0, 1, 1, 1, 1, 0, 1, 0, 1, 1, 0, 0, 0, 1, 1, 0], [0, 0, 1, 0, 1, 0, 0, 1, 0, 0, 0, 1, 1, 0, 1, 0, 0, 1, 0, 0, 0, 0, 0, 1, 1], [0, 1, 0, 0, 1, 0, 1, 0, 0, 1, 0, 1, 0, 1, 0, 0, 0, 0, 1, 0, 0, 1, 0, 0, 0], [1, 0, 0, 0, 0, 0, 0, 1, 1, 0, 0, 1, 1, 0, 1, 1, 1, 0, 1, 1, 1, 1, 1, 0, 0], [1, 1, 1, 0, 0, 0, 1, 1, 1, 1, 1, 0, 1, 0, 0, 0, 0, 0, 1, 0, 0, 0, 0, 0, 1], [1, 0, 0, 0, 0, 0, 0, 0, 0, 1, 0, 0, 0, 0, 0, 0, 1, 0, 0, 0, 0, 0, 0, 0, 0], [1, 0, 1, 0, 1, 0, 0, 0, 1, 1, 1, 0, 1, 1, 1, 1, 0, 1, 0, 1, 0, 0, 0, 0, 0], [0, 1, 0, 1, 1, 0, 0, 0, 0, 1, 1, 1, 0, 0, 1, 1, 1, 1, 0, 0, 0, 1, 0, 1, 1], [1, 0, 0, 1, 1, 0, 1, 0, 0, 1, 1, 0, 1, 1, 0, 0, 1, 1, 1, 1, 1, 0, 1, 1, 0], [0, 0, 1, 0, 1, 1, 1, 1, 1, 0, 0, 1, 0, 0, 0, 0, 0, 0, 1, 0, 1, 1, 0, 1, 1], [1, 0, 0, 0, 1, 0, 1, 1, 1, 0, 0, 1, 1, 1, 0, 0, 0, 0, 1, 0, 0, 1, 0, 0, 1], [1, 1, 1, 1, 0, 0, 0, 1, 0, 1, 1, 0, 0, 1, 1, 0, 1, 0, 0, 1, 1, 0, 1, 0, 0], [1, 1, 0, 1, 1, 0, 1, 0, 1, 0, 1, 0, 0, 0, 1, 1, 0, 0, 0, 1, 1, 1, 0, 0, 0], [1, 0, 1, 0, 0, 0, 1, 0, 1, 0, 1, 1, 0, 0, 0, 1, 1, 0, 0, 1, 1, 1, 1, 1, 0], [0, 1, 0, 1, 0, 0, 1, 1, 0, 0, 0, 1, 1, 0, 0, 0, 0, 1, 1, 1, 1, 1, 1, 1, 0], [1, 0, 0, 1, 0, 0, 1, 1, 0, 0, 0, 0, 1, 1, 0, 0, 1, 1, 1, 0, 0, 0, 0, 1, 1], [0, 0, 0, 1, 0, 1, 0, 1, 1, 0, 0, 1, 0, 1, 0, 1, 0, 1, 1, 1, 0, 0, 1, 0, 1], [1, 1, 0, 0, 0, 0, 1, 1, 1, 0, 0, 0, 0, 0, 1, 1, 1, 0, 1, 1, 1, 0, 1, 0, 0], [1, 0, 1, 1, 1, 0, 0, 0, 1, 1, 1, 0, 0, 0, 1, 1, 1, 1, 0, 1, 0, 1, 1, 1, 1], [0, 0, 0, 1, 0, 0, 1, 0, 1, 0, 0, 1, 1, 1, 1, 0, 1, 1, 1, 0, 1, 0, 1, 0, 0], [0, 0, 0, 1, 0, 0, 0, 0, 1, 1, 0, 1, 1, 1, 1, 0, 0, 1, 0, 1, 0, 1, 0, 1, 0], [0, 0, 1, 1, 0, 0, 0, 1, 0, 1, 1, 0, 1, 1, 1, 0, 0, 0, 1, 0, 1, 0, 1, 0, 0], [1, 0, 0, 1, 0, 0, 0, 0, 1, 0, 0, 1, 0, 1, 1, 0, 1, 1, 1, 1, 0, 1, 0, 1, 1], [1, 1, 0, 0, 0, 0, 0, 1, 1, 1, 0, 0, 0, 1, 1, 1, 0, 0, 1, 0, 1, 0, 1, 0, 0], [0, 1, 0, 0, 1, 0, 0, 1, 0, 1, 1, 0, 0, 0, 0, 1, 1, 0, 1, 0, 0, 0, 1, 0, 0]]",3.0,7.0,Y,"{0: 17, 1: 10, 2: 171, 3: 164, 4: 157, 5: 3, 6: 150, 7: 143, 8: 136, 9: 129, 10: 122, 11: 115, 12: 108, 13: 101, 14: 94, 15: 87, 16: 80, 17: 73, 18: 66, 19: 59, 20: 52, 21: 45, 22: 38, 23: 31, 24: 24}","{(0, 3): 1, (0, 4): 4, (0, 5): 1, (0, 6): 1, (0, 8): 1, (0, 10): 1, (0, 11): 1, (0, 12): 1, (0, 13): 1, (0, 15): 1, (0, 17): 1, (0, 18): 1, (0, 22): 1, (0, 23): 1, (1, 2): 1, (1, 4): 2, (1, 7): 1, (1, 11): 1, (1, 12): 1, (1, 14): 1, (1, 17): 1, (1, 23): 1, (1, 24): 1, (2, 4): 1, (2, 6): 1, (2, 9): 108, (2, 11): 1, (2, 13): 57, (2, 18): 1, (2, 21): 1, (3, 7): 1, (3, 8): 1, (3, 11): 1, (3, 12): 1, (3, 14): 79, (3, 15): 1, (3, 16): 32, (3, 18): 1, (3, 19): 1, (3, 20): 42, (3, 21): 1, (3, 22): 1, (4, 6): 1, (4, 7): 53, (4, 8): 26, (4, 9): 1, (4, 10): 1, (4, 12): 1, (4, 18): 51, (4, 24): 16, (5, 9): 1, (5, 16): 1, (6, 8): 1, (6, 9): 1, (6, 10): 1, (6, 12): 1, (6, 13): 1, (6, 14): 3, (6, 15): 28, (6, 17): 62, (6, 19): 48, (7, 9): 1, (7, 10): 45, (7, 11): 1, (7, 14): 1, (7, 15): 1, (7, 16): 1, (7, 17): 1, (7, 21): 35, (7, 23): 1, (7, 24): 1, (8, 9): 1, (8, 10): 1, (8, 12): 97, (8, 13): 1, (8, 16): 1, (8, 17): 1, (8, 18): 1, (8, 19): 1, (8, 20): 1, (8, 22): 1, (8, 23): 1, (9, 11): 11, (9, 18): 1, (9, 20): 1, (9, 21): 1, (9, 23): 1, (9, 24): 1, (10, 11): 68, (10, 12): 1, (10, 13): 1, (10, 18): 1, (10, 21): 1, (10, 24): 1, (11, 13): 1, (11, 14): 1, (11, 16): 1, (11, 19): 1, (11, 20): 1, (11, 22): 26, (12, 14): 1, (12, 15): 1, (12, 19): 1, (12, 20): 1, (12, 21): 1, (13, 15): 13, (13, 16): 1, (13, 19): 1, (13, 20): 1, (13, 21): 1, (13, 22): 1, (13, 23): 21, (14, 17): 1, (14, 18): 1, (14, 19): 1, (14, 20): 1, (14, 21): 1, (14, 22): 1, (14, 23): 1, (15, 16): 37, (15, 17): 1, (15, 18): 1, (15, 23): 1, (15, 24): 1, (16, 17): 1, (16, 18): 1, (16, 19): 1, (16, 22): 1, (16, 24): 1, (17, 18): 1, (17, 19): 1, (17, 20): 1, (17, 22): 1, (18, 19): 1, (18, 21): 1, (18, 22): 1, (18, 23): 1, (18, 24): 1, (19, 20): 1, (19, 22): 1, (20, 21): 1, (20, 23): 1, (21, 22): 1, (22, 23): 1, (22, 24): 1}",6636.999999955151
285.0,Graph with 25 nodes and 145 edges,"[[0, 0, 0, 1, 1, 1, 1, 0, 1, 0, 1, 1, 1, 1, 0, 1, 0, 1, 1, 0, 0, 0, 1, 1, 0], [0, 0, 1, 0, 1, 0, 0, 1, 0, 0, 0, 1, 1, 0, 1, 0, 0, 1, 0, 0, 0, 0, 0, 1, 1], [0, 1, 0, 0, 1, 0, 1, 0, 0, 1, 0, 1, 0, 1, 0, 0, 0, 0, 1, 0, 0, 1, 0, 0, 0], [1, 0, 0, 0, 0, 0, 0, 1, 1, 0, 0, 1, 1, 0, 1, 1, 1, 0, 1, 1, 1, 1, 1, 0, 0], [1, 1, 1, 0, 0, 0, 1, 1, 1, 1, 1, 0, 1, 0, 0, 0, 0, 0, 1, 0, 0, 0, 0, 0, 1], [1, 0, 0, 0, 0, 0, 0, 0, 0, 1, 0, 0, 0, 0, 0, 0, 1, 0, 0, 0, 0, 0, 0, 0, 0], [1, 0, 1, 0, 1, 0, 0, 0, 1, 1, 1, 0, 1, 1, 1, 1, 0, 1, 0, 1, 0, 0, 0, 0, 0], [0, 1, 0, 1, 1, 0, 0, 0, 0, 1, 1, 1, 0, 0, 1, 1, 1, 1, 0, 0, 0, 1, 0, 1, 1], [1, 0, 0, 1, 1, 0, 1, 0, 0, 1, 1, 0, 1, 1, 0, 0, 1, 1, 1, 1, 1, 0, 1, 1, 0], [0, 0, 1, 0, 1, 1, 1, 1, 1, 0, 0, 1, 0, 0, 0, 0, 0, 0, 1, 0, 1, 1, 0, 1, 1], [1, 0, 0, 0, 1, 0, 1, 1, 1, 0, 0, 1, 1, 1, 0, 0, 0, 0, 1, 0, 0, 1, 0, 0, 1], [1, 1, 1, 1, 0, 0, 0, 1, 0, 1, 1, 0, 0, 1, 1, 0, 1, 0, 0, 1, 1, 0, 1, 0, 0], [1, 1, 0, 1, 1, 0, 1, 0, 1, 0, 1, 0, 0, 0, 1, 1, 0, 0, 0, 1, 1, 1, 0, 0, 0], [1, 0, 1, 0, 0, 0, 1, 0, 1, 0, 1, 1, 0, 0, 0, 1, 1, 0, 0, 1, 1, 1, 1, 1, 0], [0, 1, 0, 1, 0, 0, 1, 1, 0, 0, 0, 1, 1, 0, 0, 0, 0, 1, 1, 1, 1, 1, 1, 1, 0], [1, 0, 0, 1, 0, 0, 1, 1, 0, 0, 0, 0, 1, 1, 0, 0, 1, 1, 1, 0, 0, 0, 0, 1, 1], [0, 0, 0, 1, 0, 1, 0, 1, 1, 0, 0, 1, 0, 1, 0, 1, 0, 1, 1, 1, 0, 0, 1, 0, 1], [1, 1, 0, 0, 0, 0, 1, 1, 1, 0, 0, 0, 0, 0, 1, 1, 1, 0, 1, 1, 1, 0, 1, 0, 0], [1, 0, 1, 1, 1, 0, 0, 0, 1, 1, 1, 0, 0, 0, 1, 1, 1, 1, 0, 1, 0, 1, 1, 1, 1], [0, 0, 0, 1, 0, 0, 1, 0, 1, 0, 0, 1, 1, 1, 1, 0, 1, 1, 1, 0, 1, 0, 1, 0, 0], [0, 0, 0, 1, 0, 0, 0, 0, 1, 1, 0, 1, 1, 1, 1, 0, 0, 1, 0, 1, 0, 1, 0, 1, 0], [0, 0, 1, 1, 0, 0, 0, 1, 0, 1, 1, 0, 1, 1, 1, 0, 0, 0, 1, 0, 1, 0, 1, 0, 0], [1, 0, 0, 1, 0, 0, 0, 0, 1, 0, 0, 1, 0, 1, 1, 0, 1, 1, 1, 1, 0, 1, 0, 1, 1], [1, 1, 0, 0, 0, 0, 0, 1, 1, 1, 0, 0, 0, 1, 1, 1, 0, 0, 1, 0, 1, 0, 1, 0, 0], [0, 1, 0, 0, 1, 0, 0, 1, 0, 1, 1, 0, 0, 0, 0, 1, 1, 0, 1, 0, 0, 0, 1, 0, 0]]",3.0,8.0,Y,"{0: 19, 1: 11, 2: 195, 3: 187, 4: 179, 5: 3, 6: 171, 7: 163, 8: 155, 9: 147, 10: 139, 11: 131, 12: 123, 13: 115, 14: 107, 15: 99, 16: 91, 17: 83, 18: 75, 19: 67, 20: 59, 21: 51, 22: 43, 23: 35, 24: 27}","{(0, 3): 1, (0, 4): 6, (0, 5): 1, (0, 6): 1, (0, 8): 1, (0, 10): 1, (0, 11): 1, (0, 12): 1, (0, 13): 1, (0, 15): 1, (0, 17): 1, (0, 18): 1, (0, 22): 1, (0, 23): 1, (1, 2): 1, (1, 4): 3, (1, 7): 1, (1, 11): 1, (1, 12): 1, (1, 14): 1, (1, 17): 1, (1, 23): 1, (1, 24): 1, (2, 4): 70, (2, 6): 1, (2, 9): 1, (2, 11): 1, (2, 13): 79, (2, 18): 1, (2, 21): 41, (3, 7): 1, (3, 8): 1, (3, 11): 1, (3, 12): 1, (3, 14): 1, (3, 15): 89, (3, 16): 80, (3, 18): 1, (3, 19): 1, (3, 20): 8, (3, 21): 1, (3, 22): 1, (4, 6): 7, (4, 7): 23, (4, 8): 1, (4, 9): 18, (4, 10): 1, (4, 12): 1, (4, 18): 30, (4, 24): 19, (5, 9): 1, (5, 16): 1, (6, 8): 30, (6, 9): 1, (6, 10): 1, (6, 12): 1, (6, 13): 1, (6, 14): 26, (6, 15): 1, (6, 17): 44, (6, 19): 56, (7, 9): 1, (7, 10): 129, (7, 11): 1, (7, 14): 1, (7, 15): 1, (7, 16): 1, (7, 17): 1, (7, 21): 1, (7, 23): 1, (7, 24): 1, (8, 9): 1, (8, 10): 1, (8, 12): 112, (8, 13): 1, (8, 16): 1, (8, 17): 1, (8, 18): 1, (8, 19): 1, (8, 20): 1, (8, 22): 1, (8, 23): 1, (9, 11): 119, (9, 18): 1, (9, 20): 1, (9, 21): 1, (9, 23): 1, (9, 24): 1, (10, 11): 1, (10, 12): 1, (10, 13): 1, (10, 18): 1, (10, 21): 1, (10, 24): 1, (11, 13): 1, (11, 14): 1, (11, 16): 1, (11, 19): 1, (11, 20): 1, (11, 22): 1, (12, 14): 1, (12, 15): 1, (12, 19): 1, (12, 20): 1, (12, 21): 1, (13, 15): 1, (13, 16): 1, (13, 19): 1, (13, 20): 1, (13, 21): 1, (13, 22): 1, (13, 23): 25, (14, 17): 28, (14, 18): 1, (14, 19): 1, (14, 20): 42, (14, 21): 1, (14, 22): 1, (14, 23): 1, (15, 16): 1, (15, 17): 1, (15, 18): 1, (15, 23): 1, (15, 24): 1, (16, 17): 1, (16, 18): 1, (16, 19): 1, (16, 22): 1, (16, 24): 1, (17, 18): 1, (17, 19): 1, (17, 20): 1, (17, 22): 1, (18, 19): 1, (18, 21): 1, (18, 22): 31, (18, 23): 1, (18, 24): 1, (19, 20): 1, (19, 22): 1, (20, 21): 1, (20, 23): 1, (21, 22): 1, (22, 23): 1, (22, 24): 1}",6345.000000010259
285.0,Graph with 25 nodes and 145 edges,"[[0, 0, 0, 1, 1, 1, 1, 0, 1, 0, 1, 1, 1, 1, 0, 1, 0, 1, 1, 0, 0, 0, 1, 1, 0], [0, 0, 1, 0, 1, 0, 0, 1, 0, 0, 0, 1, 1, 0, 1, 0, 0, 1, 0, 0, 0, 0, 0, 1, 1], [0, 1, 0, 0, 1, 0, 1, 0, 0, 1, 0, 1, 0, 1, 0, 0, 0, 0, 1, 0, 0, 1, 0, 0, 0], [1, 0, 0, 0, 0, 0, 0, 1, 1, 0, 0, 1, 1, 0, 1, 1, 1, 0, 1, 1, 1, 1, 1, 0, 0], [1, 1, 1, 0, 0, 0, 1, 1, 1, 1, 1, 0, 1, 0, 0, 0, 0, 0, 1, 0, 0, 0, 0, 0, 1], [1, 0, 0, 0, 0, 0, 0, 0, 0, 1, 0, 0, 0, 0, 0, 0, 1, 0, 0, 0, 0, 0, 0, 0, 0], [1, 0, 1, 0, 1, 0, 0, 0, 1, 1, 1, 0, 1, 1, 1, 1, 0, 1, 0, 1, 0, 0, 0, 0, 0], [0, 1, 0, 1, 1, 0, 0, 0, 0, 1, 1, 1, 0, 0, 1, 1, 1, 1, 0, 0, 0, 1, 0, 1, 1], [1, 0, 0, 1, 1, 0, 1, 0, 0, 1, 1, 0, 1, 1, 0, 0, 1, 1, 1, 1, 1, 0, 1, 1, 0], [0, 0, 1, 0, 1, 1, 1, 1, 1, 0, 0, 1, 0, 0, 0, 0, 0, 0, 1, 0, 1, 1, 0, 1, 1], [1, 0, 0, 0, 1, 0, 1, 1, 1, 0, 0, 1, 1, 1, 0, 0, 0, 0, 1, 0, 0, 1, 0, 0, 1], [1, 1, 1, 1, 0, 0, 0, 1, 0, 1, 1, 0, 0, 1, 1, 0, 1, 0, 0, 1, 1, 0, 1, 0, 0], [1, 1, 0, 1, 1, 0, 1, 0, 1, 0, 1, 0, 0, 0, 1, 1, 0, 0, 0, 1, 1, 1, 0, 0, 0], [1, 0, 1, 0, 0, 0, 1, 0, 1, 0, 1, 1, 0, 0, 0, 1, 1, 0, 0, 1, 1, 1, 1, 1, 0], [0, 1, 0, 1, 0, 0, 1, 1, 0, 0, 0, 1, 1, 0, 0, 0, 0, 1, 1, 1, 1, 1, 1, 1, 0], [1, 0, 0, 1, 0, 0, 1, 1, 0, 0, 0, 0, 1, 1, 0, 0, 1, 1, 1, 0, 0, 0, 0, 1, 1], [0, 0, 0, 1, 0, 1, 0, 1, 1, 0, 0, 1, 0, 1, 0, 1, 0, 1, 1, 1, 0, 0, 1, 0, 1], [1, 1, 0, 0, 0, 0, 1, 1, 1, 0, 0, 0, 0, 0, 1, 1, 1, 0, 1, 1, 1, 0, 1, 0, 0], [1, 0, 1, 1, 1, 0, 0, 0, 1, 1, 1, 0, 0, 0, 1, 1, 1, 1, 0, 1, 0, 1, 1, 1, 1], [0, 0, 0, 1, 0, 0, 1, 0, 1, 0, 0, 1, 1, 1, 1, 0, 1, 1, 1, 0, 1, 0, 1, 0, 0], [0, 0, 0, 1, 0, 0, 0, 0, 1, 1, 0, 1, 1, 1, 1, 0, 0, 1, 0, 1, 0, 1, 0, 1, 0], [0, 0, 1, 1, 0, 0, 0, 1, 0, 1, 1, 0, 1, 1, 1, 0, 0, 0, 1, 0, 1, 0, 1, 0, 0], [1, 0, 0, 1, 0, 0, 0, 0, 1, 0, 0, 1, 0, 1, 1, 0, 1, 1, 1, 1, 0, 1, 0, 1, 1], [1, 1, 0, 0, 0, 0, 0, 1, 1, 1, 0, 0, 0, 1, 1, 1, 0, 0, 1, 0, 1, 0, 1, 0, 0], [0, 1, 0, 0, 1, 0, 0, 1, 0, 1, 1, 0, 0, 0, 0, 1, 1, 0, 1, 0, 0, 0, 1, 0, 0]]",3.0,9.0,Y,"{0: 21, 1: 12, 2: 219, 3: 210, 4: 201, 5: 3, 6: 192, 7: 183, 8: 174, 9: 165, 10: 156, 11: 147, 12: 138, 13: 129, 14: 120, 15: 111, 16: 102, 17: 93, 18: 84, 19: 75, 20: 66, 21: 57, 22: 48, 23: 39, 24: 30}","{(0, 3): 1, (0, 4): 8, (0, 5): 1, (0, 6): 1, (0, 8): 1, (0, 10): 1, (0, 11): 1, (0, 12): 1, (0, 13): 1, (0, 15): 1, (0, 17): 1, (0, 18): 1, (0, 22): 1, (0, 23): 1, (1, 2): 1, (1, 4): 1, (1, 7): 1, (1, 11): 4, (1, 12): 1, (1, 14): 1, (1, 17): 1, (1, 23): 1, (1, 24): 1, (2, 4): 1, (2, 6): 1, (2, 9): 154, (2, 11): 1, (2, 13): 13, (2, 18): 1, (2, 21): 47, (3, 7): 1, (3, 8): 9, (3, 11): 1, (3, 12): 1, (3, 14): 44, (3, 15): 1, (3, 16): 91, (3, 18): 1, (3, 19): 1, (3, 20): 56, (3, 21): 1, (3, 22): 1, (4, 6): 1, (4, 7): 94, (4, 8): 1, (4, 9): 1, (4, 10): 1, (4, 12): 1, (4, 18): 69, (4, 24): 22, (5, 9): 1, (5, 16): 1, (6, 8): 1, (6, 9): 1, (6, 10): 37, (6, 12): 1, (6, 13): 1, (6, 14): 1, (6, 15): 1, (6, 17): 82, (6, 19): 64, (7, 9): 1, (7, 10): 14, (7, 11): 1, (7, 14): 64, (7, 15): 1, (7, 16): 1, (7, 17): 1, (7, 21): 1, (7, 23): 1, (7, 24): 1, (8, 9): 1, (8, 10): 1, (8, 12): 127, (8, 13): 1, (8, 16): 1, (8, 17): 1, (8, 18): 1, (8, 19): 1, (8, 20): 1, (8, 22): 1, (8, 23): 25, (9, 11): 1, (9, 18): 1, (9, 20): 1, (9, 21): 1, (9, 23): 1, (9, 24): 1, (10, 11): 97, (10, 12): 1, (10, 13): 1, (10, 18): 1, (10, 21): 1, (10, 24): 1, (11, 13): 1, (11, 14): 1, (11, 16): 1, (11, 19): 1, (11, 20): 1, (11, 22): 36, (12, 14): 1, (12, 15): 1, (12, 19): 1, (12, 20): 1, (12, 21): 1, (13, 15): 101, (13, 16): 1, (13, 19): 1, (13, 20): 1, (13, 21): 1, (13, 22): 1, (13, 23): 5, (14, 17): 1, (14, 18): 1, (14, 19): 1, (14, 20): 1, (14, 21): 1, (14, 22): 1, (14, 23): 1, (15, 16): 1, (15, 17): 1, (15, 18): 1, (15, 23): 1, (15, 24): 1, (16, 17): 1, (16, 18): 1, (16, 19): 1, (16, 22): 1, (16, 24): 1, (17, 18): 1, (17, 19): 1, (17, 20): 1, (17, 22): 1, (18, 19): 1, (18, 21): 1, (18, 22): 1, (18, 23): 1, (18, 24): 1, (19, 20): 1, (19, 22): 1, (20, 21): 1, (20, 23): 1, (21, 22): 1, (22, 23): 1, (22, 24): 1}",6188.999999949374
285.0,Graph with 25 nodes and 145 edges,"[[0, 0, 0, 1, 1, 1, 1, 0, 1, 0, 1, 1, 1, 1, 0, 1, 0, 1, 1, 0, 0, 0, 1, 1, 0], [0, 0, 1, 0, 1, 0, 0, 1, 0, 0, 0, 1, 1, 0, 1, 0, 0, 1, 0, 0, 0, 0, 0, 1, 1], [0, 1, 0, 0, 1, 0, 1, 0, 0, 1, 0, 1, 0, 1, 0, 0, 0, 0, 1, 0, 0, 1, 0, 0, 0], [1, 0, 0, 0, 0, 0, 0, 1, 1, 0, 0, 1, 1, 0, 1, 1, 1, 0, 1, 1, 1, 1, 1, 0, 0], [1, 1, 1, 0, 0, 0, 1, 1, 1, 1, 1, 0, 1, 0, 0, 0, 0, 0, 1, 0, 0, 0, 0, 0, 1], [1, 0, 0, 0, 0, 0, 0, 0, 0, 1, 0, 0, 0, 0, 0, 0, 1, 0, 0, 0, 0, 0, 0, 0, 0], [1, 0, 1, 0, 1, 0, 0, 0, 1, 1, 1, 0, 1, 1, 1, 1, 0, 1, 0, 1, 0, 0, 0, 0, 0], [0, 1, 0, 1, 1, 0, 0, 0, 0, 1, 1, 1, 0, 0, 1, 1, 1, 1, 0, 0, 0, 1, 0, 1, 1], [1, 0, 0, 1, 1, 0, 1, 0, 0, 1, 1, 0, 1, 1, 0, 0, 1, 1, 1, 1, 1, 0, 1, 1, 0], [0, 0, 1, 0, 1, 1, 1, 1, 1, 0, 0, 1, 0, 0, 0, 0, 0, 0, 1, 0, 1, 1, 0, 1, 1], [1, 0, 0, 0, 1, 0, 1, 1, 1, 0, 0, 1, 1, 1, 0, 0, 0, 0, 1, 0, 0, 1, 0, 0, 1], [1, 1, 1, 1, 0, 0, 0, 1, 0, 1, 1, 0, 0, 1, 1, 0, 1, 0, 0, 1, 1, 0, 1, 0, 0], [1, 1, 0, 1, 1, 0, 1, 0, 1, 0, 1, 0, 0, 0, 1, 1, 0, 0, 0, 1, 1, 1, 0, 0, 0], [1, 0, 1, 0, 0, 0, 1, 0, 1, 0, 1, 1, 0, 0, 0, 1, 1, 0, 0, 1, 1, 1, 1, 1, 0], [0, 1, 0, 1, 0, 0, 1, 1, 0, 0, 0, 1, 1, 0, 0, 0, 0, 1, 1, 1, 1, 1, 1, 1, 0], [1, 0, 0, 1, 0, 0, 1, 1, 0, 0, 0, 0, 1, 1, 0, 0, 1, 1, 1, 0, 0, 0, 0, 1, 1], [0, 0, 0, 1, 0, 1, 0, 1, 1, 0, 0, 1, 0, 1, 0, 1, 0, 1, 1, 1, 0, 0, 1, 0, 1], [1, 1, 0, 0, 0, 0, 1, 1, 1, 0, 0, 0, 0, 0, 1, 1, 1, 0, 1, 1, 1, 0, 1, 0, 0], [1, 0, 1, 1, 1, 0, 0, 0, 1, 1, 1, 0, 0, 0, 1, 1, 1, 1, 0, 1, 0, 1, 1, 1, 1], [0, 0, 0, 1, 0, 0, 1, 0, 1, 0, 0, 1, 1, 1, 1, 0, 1, 1, 1, 0, 1, 0, 1, 0, 0], [0, 0, 0, 1, 0, 0, 0, 0, 1, 1, 0, 1, 1, 1, 1, 0, 0, 1, 0, 1, 0, 1, 0, 1, 0], [0, 0, 1, 1, 0, 0, 0, 1, 0, 1, 1, 0, 1, 1, 1, 0, 0, 0, 1, 0, 1, 0, 1, 0, 0], [1, 0, 0, 1, 0, 0, 0, 0, 1, 0, 0, 1, 0, 1, 1, 0, 1, 1, 1, 1, 0, 1, 0, 1, 1], [1, 1, 0, 0, 0, 0, 0, 1, 1, 1, 0, 0, 0, 1, 1, 1, 0, 0, 1, 0, 1, 0, 1, 0, 0], [0, 1, 0, 0, 1, 0, 0, 1, 0, 1, 1, 0, 0, 0, 0, 1, 1, 0, 1, 0, 0, 0, 1, 0, 0]]",4.0,4.0,Y,"{0: 16, 1: 12, 2: 8, 3: 100, 4: 96, 5: 4, 6: 92, 7: 88, 8: 84, 9: 80, 10: 76, 11: 72, 12: 68, 13: 64, 14: 60, 15: 56, 16: 52, 17: 48, 18: 44, 19: 40, 20: 36, 21: 32, 22: 28, 23: 24, 24: 20}","{(0, 3): 1, (0, 4): 1, (0, 5): 1, (0, 6): 1, (0, 8): 1, (0, 10): 1, (0, 11): 1, (0, 12): 1, (0, 13): 3, (0, 15): 1, (0, 17): 1, (0, 18): 1, (0, 22): 1, (0, 23): 1, (1, 2): 1, (1, 4): 1, (1, 7): 4, (1, 11): 1, (1, 12): 1, (1, 14): 1, (1, 17): 1, (1, 23): 1, (1, 24): 1, (2, 4): 1, (2, 6): 1, (2, 9): 1, (2, 11): 1, (2, 13): 1, (2, 18): 1, (2, 21): 1, (3, 7): 41, (3, 8): 1, (3, 11): 48, (3, 12): 1, (3, 14): 1, (3, 15): 1, (3, 16): 1, (3, 18): 1, (3, 19): 1, (3, 20): 1, (3, 21): 1, (3, 22): 1, (4, 6): 1, (4, 7): 1, (4, 8): 1, (4, 9): 32, (4, 10): 55, (4, 12): 1, (4, 18): 1, (4, 24): 1, (5, 9): 1, (5, 16): 2, (6, 8): 1, (6, 9): 1, (6, 10): 12, (6, 12): 23, (6, 13): 1, (6, 14): 1, (6, 15): 7, (6, 17): 28, (6, 19): 15, (7, 9): 1, (7, 10): 1, (7, 11): 1, (7, 14): 1, (7, 15): 1, (7, 16): 1, (7, 17): 1, (7, 21): 22, (7, 23): 1, (7, 24): 12, (8, 9): 1, (8, 10): 1, (8, 12): 21, (8, 13): 50, (8, 16): 1, (8, 17): 1, (8, 18): 1, (8, 19): 1, (8, 20): 1, (8, 22): 1, (8, 23): 1, (9, 11): 13, (9, 18): 1, (9, 20): 26, (9, 21): 1, (9, 23): 1, (9, 24): 1, (10, 11): 1, (10, 12): 1, (10, 13): 1, (10, 18): 1, (10, 21): 1, (10, 24): 1, (11, 13): 1, (11, 14): 1, (11, 16): 1, (11, 19): 1, (11, 20): 1, (11, 22): 1, (12, 14): 1, (12, 15): 1, (12, 19): 15, (12, 20): 1, (12, 21): 1, (13, 15): 1, (13, 16): 1, (13, 19): 1, (13, 20): 1, (13, 21): 1, (13, 22): 1, (13, 23): 1, (14, 17): 1, (14, 18): 29, (14, 19): 1, (14, 20): 1, (14, 21): 1, (14, 22): 7, (14, 23): 14, (15, 16): 40, (15, 17): 1, (15, 18): 1, (15, 23): 1, (15, 24): 1, (16, 17): 1, (16, 18): 1, (16, 19): 1, (16, 22): 1, (16, 24): 1, (17, 18): 1, (17, 19): 1, (17, 20): 1, (17, 22): 10, (18, 19): 1, (18, 21): 1, (18, 22): 1, (18, 23): 1, (18, 24): 1, (19, 20): 1, (19, 22): 1, (20, 21): 1, (20, 23): 1, (21, 22): 1, (22, 23): 1, (22, 24): 1}",5836.000000044805
285.0,Graph with 25 nodes and 145 edges,"[[0, 0, 0, 1, 1, 1, 1, 0, 1, 0, 1, 1, 1, 1, 0, 1, 0, 1, 1, 0, 0, 0, 1, 1, 0], [0, 0, 1, 0, 1, 0, 0, 1, 0, 0, 0, 1, 1, 0, 1, 0, 0, 1, 0, 0, 0, 0, 0, 1, 1], [0, 1, 0, 0, 1, 0, 1, 0, 0, 1, 0, 1, 0, 1, 0, 0, 0, 0, 1, 0, 0, 1, 0, 0, 0], [1, 0, 0, 0, 0, 0, 0, 1, 1, 0, 0, 1, 1, 0, 1, 1, 1, 0, 1, 1, 1, 1, 1, 0, 0], [1, 1, 1, 0, 0, 0, 1, 1, 1, 1, 1, 0, 1, 0, 0, 0, 0, 0, 1, 0, 0, 0, 0, 0, 1], [1, 0, 0, 0, 0, 0, 0, 0, 0, 1, 0, 0, 0, 0, 0, 0, 1, 0, 0, 0, 0, 0, 0, 0, 0], [1, 0, 1, 0, 1, 0, 0, 0, 1, 1, 1, 0, 1, 1, 1, 1, 0, 1, 0, 1, 0, 0, 0, 0, 0], [0, 1, 0, 1, 1, 0, 0, 0, 0, 1, 1, 1, 0, 0, 1, 1, 1, 1, 0, 0, 0, 1, 0, 1, 1], [1, 0, 0, 1, 1, 0, 1, 0, 0, 1, 1, 0, 1, 1, 0, 0, 1, 1, 1, 1, 1, 0, 1, 1, 0], [0, 0, 1, 0, 1, 1, 1, 1, 1, 0, 0, 1, 0, 0, 0, 0, 0, 0, 1, 0, 1, 1, 0, 1, 1], [1, 0, 0, 0, 1, 0, 1, 1, 1, 0, 0, 1, 1, 1, 0, 0, 0, 0, 1, 0, 0, 1, 0, 0, 1], [1, 1, 1, 1, 0, 0, 0, 1, 0, 1, 1, 0, 0, 1, 1, 0, 1, 0, 0, 1, 1, 0, 1, 0, 0], [1, 1, 0, 1, 1, 0, 1, 0, 1, 0, 1, 0, 0, 0, 1, 1, 0, 0, 0, 1, 1, 1, 0, 0, 0], [1, 0, 1, 0, 0, 0, 1, 0, 1, 0, 1, 1, 0, 0, 0, 1, 1, 0, 0, 1, 1, 1, 1, 1, 0], [0, 1, 0, 1, 0, 0, 1, 1, 0, 0, 0, 1, 1, 0, 0, 0, 0, 1, 1, 1, 1, 1, 1, 1, 0], [1, 0, 0, 1, 0, 0, 1, 1, 0, 0, 0, 0, 1, 1, 0, 0, 1, 1, 1, 0, 0, 0, 0, 1, 1], [0, 0, 0, 1, 0, 1, 0, 1, 1, 0, 0, 1, 0, 1, 0, 1, 0, 1, 1, 1, 0, 0, 1, 0, 1], [1, 1, 0, 0, 0, 0, 1, 1, 1, 0, 0, 0, 0, 0, 1, 1, 1, 0, 1, 1, 1, 0, 1, 0, 0], [1, 0, 1, 1, 1, 0, 0, 0, 1, 1, 1, 0, 0, 0, 1, 1, 1, 1, 0, 1, 0, 1, 1, 1, 1], [0, 0, 0, 1, 0, 0, 1, 0, 1, 0, 0, 1, 1, 1, 1, 0, 1, 1, 1, 0, 1, 0, 1, 0, 0], [0, 0, 0, 1, 0, 0, 0, 0, 1, 1, 0, 1, 1, 1, 1, 0, 0, 1, 0, 1, 0, 1, 0, 1, 0], [0, 0, 1, 1, 0, 0, 0, 1, 0, 1, 1, 0, 1, 1, 1, 0, 0, 0, 1, 0, 1, 0, 1, 0, 0], [1, 0, 0, 1, 0, 0, 0, 0, 1, 0, 0, 1, 0, 1, 1, 0, 1, 1, 1, 1, 0, 1, 0, 1, 1], [1, 1, 0, 0, 0, 0, 0, 1, 1, 1, 0, 0, 0, 1, 1, 1, 0, 0, 1, 0, 1, 0, 1, 0, 0], [0, 1, 0, 0, 1, 0, 0, 1, 0, 1, 1, 0, 0, 0, 0, 1, 1, 0, 1, 0, 0, 0, 1, 0, 0]]",4.0,5.0,Y,"{0: 14, 1: 9, 2: 124, 3: 119, 4: 114, 5: 4, 6: 109, 7: 104, 8: 19, 9: 99, 10: 94, 11: 89, 12: 84, 13: 79, 14: 74, 15: 69, 16: 64, 17: 59, 18: 54, 19: 49, 20: 44, 21: 39, 22: 34, 23: 29, 24: 24}","{(0, 3): 1, (0, 4): 1, (0, 5): 1, (0, 6): 1, (0, 8): 1, (0, 10): 1, (0, 11): 1, (0, 12): 1, (0, 13): 1, (0, 15): 1, (0, 17): 1, (0, 18): 1, (0, 22): 1, (0, 23): 1, (1, 2): 1, (1, 4): 1, (1, 7): 1, (1, 11): 1, (1, 12): 1, (1, 14): 1, (1, 17): 1, (1, 23): 1, (1, 24): 1, (2, 4): 1, (2, 6): 1, (2, 9): 88, (2, 11): 16, (2, 13): 14, (2, 18): 1, (2, 21): 1, (3, 7): 1, (3, 8): 1, (3, 11): 1, (3, 12): 1, (3, 14): 31, (3, 15): 1, (3, 16): 43, (3, 18): 1, (3, 19): 1, (3, 20): 34, (3, 21): 1, (3, 22): 1, (4, 6): 1, (4, 7): 13, (4, 8): 1, (4, 9): 1, (4, 10): 5, (4, 12): 73, (4, 18): 1, (4, 24): 16, (5, 9): 1, (5, 16): 2, (6, 8): 1, (6, 9): 1, (6, 10): 1, (6, 12): 1, (6, 13): 14, (6, 14): 1, (6, 15): 1, (6, 17): 48, (6, 19): 38, (7, 9): 1, (7, 10): 80, (7, 11): 1, (7, 14): 1, (7, 15): 1, (7, 16): 1, (7, 17): 1, (7, 21): 1, (7, 23): 1, (7, 24): 1, (8, 9): 1, (8, 10): 1, (8, 12): 1, (8, 13): 1, (8, 16): 1, (8, 17): 1, (8, 18): 5, (8, 19): 1, (8, 20): 1, (8, 22): 1, (8, 23): 1, (9, 11): 1, (9, 18): 1, (9, 20): 1, (9, 21): 1, (9, 23): 1, (9, 24): 1, (10, 11): 1, (10, 12): 1, (10, 13): 1, (10, 18): 1, (10, 21): 1, (10, 24): 1, (11, 13): 40, (11, 14): 1, (11, 16): 1, (11, 19): 1, (11, 20): 1, (11, 22): 22, (12, 14): 1, (12, 15): 1, (12, 19): 1, (12, 20): 1, (12, 21): 1, (13, 15): 1, (13, 16): 1, (13, 19): 1, (13, 20): 1, (13, 21): 1, (13, 22): 1, (13, 23): 1, (14, 17): 1, (14, 18): 1, (14, 19): 1, (14, 20): 1, (14, 21): 29, (14, 22): 1, (14, 23): 3, (15, 16): 9, (15, 17): 1, (15, 18): 35, (15, 23): 16, (15, 24): 1, (16, 17): 1, (16, 18): 1, (16, 19): 1, (16, 22): 1, (16, 24): 1, (17, 18): 1, (17, 19): 1, (17, 20): 1, (17, 22): 1, (18, 19): 1, (18, 21): 1, (18, 22): 1, (18, 23): 1, (18, 24): 1, (19, 20): 1, (19, 22): 1, (20, 21): 1, (20, 23): 1, (21, 22): 1, (22, 23): 1, (22, 24): 1}",6292.999999914173
285.0,Graph with 25 nodes and 145 edges,"[[0, 0, 0, 1, 1, 1, 1, 0, 1, 0, 1, 1, 1, 1, 0, 1, 0, 1, 1, 0, 0, 0, 1, 1, 0], [0, 0, 1, 0, 1, 0, 0, 1, 0, 0, 0, 1, 1, 0, 1, 0, 0, 1, 0, 0, 0, 0, 0, 1, 1], [0, 1, 0, 0, 1, 0, 1, 0, 0, 1, 0, 1, 0, 1, 0, 0, 0, 0, 1, 0, 0, 1, 0, 0, 0], [1, 0, 0, 0, 0, 0, 0, 1, 1, 0, 0, 1, 1, 0, 1, 1, 1, 0, 1, 1, 1, 1, 1, 0, 0], [1, 1, 1, 0, 0, 0, 1, 1, 1, 1, 1, 0, 1, 0, 0, 0, 0, 0, 1, 0, 0, 0, 0, 0, 1], [1, 0, 0, 0, 0, 0, 0, 0, 0, 1, 0, 0, 0, 0, 0, 0, 1, 0, 0, 0, 0, 0, 0, 0, 0], [1, 0, 1, 0, 1, 0, 0, 0, 1, 1, 1, 0, 1, 1, 1, 1, 0, 1, 0, 1, 0, 0, 0, 0, 0], [0, 1, 0, 1, 1, 0, 0, 0, 0, 1, 1, 1, 0, 0, 1, 1, 1, 1, 0, 0, 0, 1, 0, 1, 1], [1, 0, 0, 1, 1, 0, 1, 0, 0, 1, 1, 0, 1, 1, 0, 0, 1, 1, 1, 1, 1, 0, 1, 1, 0], [0, 0, 1, 0, 1, 1, 1, 1, 1, 0, 0, 1, 0, 0, 0, 0, 0, 0, 1, 0, 1, 1, 0, 1, 1], [1, 0, 0, 0, 1, 0, 1, 1, 1, 0, 0, 1, 1, 1, 0, 0, 0, 0, 1, 0, 0, 1, 0, 0, 1], [1, 1, 1, 1, 0, 0, 0, 1, 0, 1, 1, 0, 0, 1, 1, 0, 1, 0, 0, 1, 1, 0, 1, 0, 0], [1, 1, 0, 1, 1, 0, 1, 0, 1, 0, 1, 0, 0, 0, 1, 1, 0, 0, 0, 1, 1, 1, 0, 0, 0], [1, 0, 1, 0, 0, 0, 1, 0, 1, 0, 1, 1, 0, 0, 0, 1, 1, 0, 0, 1, 1, 1, 1, 1, 0], [0, 1, 0, 1, 0, 0, 1, 1, 0, 0, 0, 1, 1, 0, 0, 0, 0, 1, 1, 1, 1, 1, 1, 1, 0], [1, 0, 0, 1, 0, 0, 1, 1, 0, 0, 0, 0, 1, 1, 0, 0, 1, 1, 1, 0, 0, 0, 0, 1, 1], [0, 0, 0, 1, 0, 1, 0, 1, 1, 0, 0, 1, 0, 1, 0, 1, 0, 1, 1, 1, 0, 0, 1, 0, 1], [1, 1, 0, 0, 0, 0, 1, 1, 1, 0, 0, 0, 0, 0, 1, 1, 1, 0, 1, 1, 1, 0, 1, 0, 0], [1, 0, 1, 1, 1, 0, 0, 0, 1, 1, 1, 0, 0, 0, 1, 1, 1, 1, 0, 1, 0, 1, 1, 1, 1], [0, 0, 0, 1, 0, 0, 1, 0, 1, 0, 0, 1, 1, 1, 1, 0, 1, 1, 1, 0, 1, 0, 1, 0, 0], [0, 0, 0, 1, 0, 0, 0, 0, 1, 1, 0, 1, 1, 1, 1, 0, 0, 1, 0, 1, 0, 1, 0, 1, 0], [0, 0, 1, 1, 0, 0, 0, 1, 0, 1, 1, 0, 1, 1, 1, 0, 0, 0, 1, 0, 1, 0, 1, 0, 0], [1, 0, 0, 1, 0, 0, 0, 0, 1, 0, 0, 1, 0, 1, 1, 0, 1, 1, 1, 1, 0, 1, 0, 1, 1], [1, 1, 0, 0, 0, 0, 0, 1, 1, 1, 0, 0, 0, 1, 1, 1, 0, 0, 1, 0, 1, 0, 1, 0, 0], [0, 1, 0, 0, 1, 0, 0, 1, 0, 1, 1, 0, 0, 0, 0, 1, 1, 0, 1, 0, 0, 0, 1, 0, 0]]",4.0,6.0,Y,"{0: 16, 1: 10, 2: 148, 3: 142, 4: 136, 5: 4, 6: 130, 7: 124, 8: 118, 9: 112, 10: 106, 11: 100, 12: 94, 13: 88, 14: 82, 15: 76, 16: 70, 17: 64, 18: 58, 19: 52, 20: 46, 21: 40, 22: 34, 23: 28, 24: 22}","{(0, 3): 1, (0, 4): 2, (0, 5): 2, (0, 6): 1, (0, 8): 1, (0, 10): 1, (0, 11): 1, (0, 12): 1, (0, 13): 1, (0, 15): 1, (0, 17): 1, (0, 18): 1, (0, 22): 1, (0, 23): 1, (1, 2): 1, (1, 4): 2, (1, 7): 1, (1, 11): 1, (1, 12): 1, (1, 14): 1, (1, 17): 1, (1, 23): 1, (1, 24): 1, (2, 4): 1, (2, 6): 1, (2, 9): 101, (2, 11): 14, (2, 13): 27, (2, 18): 1, (2, 21): 1, (3, 7): 1, (3, 8): 1, (3, 11): 1, (3, 12): 1, (3, 14): 35, (3, 15): 60, (3, 16): 1, (3, 18): 1, (3, 19): 1, (3, 20): 36, (3, 21): 1, (3, 22): 1, (4, 6): 1, (4, 7): 32, (4, 8): 22, (4, 9): 1, (4, 10): 16, (4, 12): 1, (4, 18): 43, (4, 24): 14, (5, 9): 1, (5, 16): 1, (6, 8): 1, (6, 9): 1, (6, 10): 1, (6, 12): 1, (6, 13): 32, (6, 14): 1, (6, 15): 1, (6, 17): 47, (6, 19): 41, (7, 9): 1, (7, 10): 80, (7, 11): 1, (7, 14): 1, (7, 15): 1, (7, 16): 1, (7, 17): 1, (7, 21): 1, (7, 23): 1, (7, 24): 1, (8, 9): 1, (8, 10): 1, (8, 12): 83, (8, 13): 1, (8, 16): 1, (8, 17): 1, (8, 18): 1, (8, 19): 1, (8, 20): 1, (8, 22): 1, (8, 23): 1, (9, 11): 1, (9, 18): 1, (9, 20): 1, (9, 21): 1, (9, 23): 1, (9, 24): 1, (10, 11): 1, (10, 12): 1, (10, 13): 1, (10, 18): 1, (10, 21): 1, (10, 24): 1, (11, 13): 1, (11, 14): 1, (11, 16): 53, (11, 19): 1, (11, 20): 1, (11, 22): 22, (12, 14): 1, (12, 15): 1, (12, 19): 1, (12, 20): 1, (12, 21): 1, (13, 15): 1, (13, 16): 1, (13, 19): 1, (13, 20): 1, (13, 21): 1, (13, 22): 1, (13, 23): 18, (14, 17): 6, (14, 18): 1, (14, 19): 1, (14, 20): 1, (14, 21): 30, (14, 22): 1, (14, 23): 1, (15, 16): 6, (15, 17): 1, (15, 18): 1, (15, 23): 1, (15, 24): 1, (16, 17): 1, (16, 18): 1, (16, 19): 1, (16, 22): 1, (16, 24): 1, (17, 18): 1, (17, 19): 1, (17, 20): 1, (17, 22): 1, (18, 19): 1, (18, 21): 1, (18, 22): 1, (18, 23): 1, (18, 24): 1, (19, 20): 1, (19, 22): 1, (20, 21): 1, (20, 23): 1, (21, 22): 1, (22, 23): 1, (22, 24): 1}",6311.999999979889
285.0,Graph with 25 nodes and 145 edges,"[[0, 0, 0, 1, 1, 1, 1, 0, 1, 0, 1, 1, 1, 1, 0, 1, 0, 1, 1, 0, 0, 0, 1, 1, 0], [0, 0, 1, 0, 1, 0, 0, 1, 0, 0, 0, 1, 1, 0, 1, 0, 0, 1, 0, 0, 0, 0, 0, 1, 1], [0, 1, 0, 0, 1, 0, 1, 0, 0, 1, 0, 1, 0, 1, 0, 0, 0, 0, 1, 0, 0, 1, 0, 0, 0], [1, 0, 0, 0, 0, 0, 0, 1, 1, 0, 0, 1, 1, 0, 1, 1, 1, 0, 1, 1, 1, 1, 1, 0, 0], [1, 1, 1, 0, 0, 0, 1, 1, 1, 1, 1, 0, 1, 0, 0, 0, 0, 0, 1, 0, 0, 0, 0, 0, 1], [1, 0, 0, 0, 0, 0, 0, 0, 0, 1, 0, 0, 0, 0, 0, 0, 1, 0, 0, 0, 0, 0, 0, 0, 0], [1, 0, 1, 0, 1, 0, 0, 0, 1, 1, 1, 0, 1, 1, 1, 1, 0, 1, 0, 1, 0, 0, 0, 0, 0], [0, 1, 0, 1, 1, 0, 0, 0, 0, 1, 1, 1, 0, 0, 1, 1, 1, 1, 0, 0, 0, 1, 0, 1, 1], [1, 0, 0, 1, 1, 0, 1, 0, 0, 1, 1, 0, 1, 1, 0, 0, 1, 1, 1, 1, 1, 0, 1, 1, 0], [0, 0, 1, 0, 1, 1, 1, 1, 1, 0, 0, 1, 0, 0, 0, 0, 0, 0, 1, 0, 1, 1, 0, 1, 1], [1, 0, 0, 0, 1, 0, 1, 1, 1, 0, 0, 1, 1, 1, 0, 0, 0, 0, 1, 0, 0, 1, 0, 0, 1], [1, 1, 1, 1, 0, 0, 0, 1, 0, 1, 1, 0, 0, 1, 1, 0, 1, 0, 0, 1, 1, 0, 1, 0, 0], [1, 1, 0, 1, 1, 0, 1, 0, 1, 0, 1, 0, 0, 0, 1, 1, 0, 0, 0, 1, 1, 1, 0, 0, 0], [1, 0, 1, 0, 0, 0, 1, 0, 1, 0, 1, 1, 0, 0, 0, 1, 1, 0, 0, 1, 1, 1, 1, 1, 0], [0, 1, 0, 1, 0, 0, 1, 1, 0, 0, 0, 1, 1, 0, 0, 0, 0, 1, 1, 1, 1, 1, 1, 1, 0], [1, 0, 0, 1, 0, 0, 1, 1, 0, 0, 0, 0, 1, 1, 0, 0, 1, 1, 1, 0, 0, 0, 0, 1, 1], [0, 0, 0, 1, 0, 1, 0, 1, 1, 0, 0, 1, 0, 1, 0, 1, 0, 1, 1, 1, 0, 0, 1, 0, 1], [1, 1, 0, 0, 0, 0, 1, 1, 1, 0, 0, 0, 0, 0, 1, 1, 1, 0, 1, 1, 1, 0, 1, 0, 0], [1, 0, 1, 1, 1, 0, 0, 0, 1, 1, 1, 0, 0, 0, 1, 1, 1, 1, 0, 1, 0, 1, 1, 1, 1], [0, 0, 0, 1, 0, 0, 1, 0, 1, 0, 0, 1, 1, 1, 1, 0, 1, 1, 1, 0, 1, 0, 1, 0, 0], [0, 0, 0, 1, 0, 0, 0, 0, 1, 1, 0, 1, 1, 1, 1, 0, 0, 1, 0, 1, 0, 1, 0, 1, 0], [0, 0, 1, 1, 0, 0, 0, 1, 0, 1, 1, 0, 1, 1, 1, 0, 0, 0, 1, 0, 1, 0, 1, 0, 0], [1, 0, 0, 1, 0, 0, 0, 0, 1, 0, 0, 1, 0, 1, 1, 0, 1, 1, 1, 1, 0, 1, 0, 1, 1], [1, 1, 0, 0, 0, 0, 0, 1, 1, 1, 0, 0, 0, 1, 1, 1, 0, 0, 1, 0, 1, 0, 1, 0, 0], [0, 1, 0, 0, 1, 0, 0, 1, 0, 1, 1, 0, 0, 0, 0, 1, 1, 0, 1, 0, 0, 0, 1, 0, 0]]",4.0,7.0,Y,"{0: 18, 1: 11, 2: 172, 3: 165, 4: 158, 5: 4, 6: 151, 7: 144, 8: 137, 9: 130, 10: 123, 11: 116, 12: 109, 13: 102, 14: 95, 15: 88, 16: 81, 17: 74, 18: 67, 19: 60, 20: 53, 21: 46, 22: 39, 23: 32, 24: 25}","{(0, 3): 1, (0, 4): 4, (0, 5): 2, (0, 6): 1, (0, 8): 1, (0, 10): 1, (0, 11): 1, (0, 12): 1, (0, 13): 1, (0, 15): 1, (0, 17): 1, (0, 18): 1, (0, 22): 1, (0, 23): 1, (1, 2): 1, (1, 4): 3, (1, 7): 1, (1, 11): 1, (1, 12): 1, (1, 14): 1, (1, 17): 1, (1, 23): 1, (1, 24): 1, (2, 4): 47, (2, 6): 1, (2, 9): 119, (2, 11): 1, (2, 13): 1, (2, 18): 1, (2, 21): 1, (3, 7): 1, (3, 8): 1, (3, 11): 78, (3, 12): 1, (3, 14): 1, (3, 15): 1, (3, 16): 70, (3, 18): 1, (3, 19): 1, (3, 20): 7, (3, 21): 1, (3, 22): 1, (4, 6): 1, (4, 7): 20, (4, 8): 11, (4, 9): 1, (4, 10): 1, (4, 12): 1, (4, 18): 52, (4, 24): 17, (5, 9): 1, (5, 16): 1, (6, 8): 1, (6, 9): 1, (6, 10): 1, (6, 12): 1, (6, 13): 1, (6, 14): 24, (6, 15): 30, (6, 17): 40, (6, 19): 49, (7, 9): 1, (7, 10): 113, (7, 11): 1, (7, 14): 1, (7, 15): 1, (7, 16): 1, (7, 17): 1, (7, 21): 1, (7, 23): 1, (7, 24): 1, (8, 9): 1, (8, 10): 1, (8, 12): 98, (8, 13): 1, (8, 16): 1, (8, 17): 1, (8, 18): 1, (8, 19): 1, (8, 20): 1, (8, 22): 1, (8, 23): 16, (9, 11): 1, (9, 18): 1, (9, 20): 1, (9, 21): 1, (9, 23): 1, (9, 24): 1, (10, 11): 1, (10, 12): 1, (10, 13): 1, (10, 18): 1, (10, 21): 1, (10, 24): 1, (11, 13): 1, (11, 14): 1, (11, 16): 1, (11, 19): 1, (11, 20): 1, (11, 22): 27, (12, 14): 1, (12, 15): 1, (12, 19): 1, (12, 20): 1, (12, 21): 1, (13, 15): 49, (13, 16): 1, (13, 19): 1, (13, 20): 1, (13, 21): 36, (13, 22): 1, (13, 23): 7, (14, 17): 24, (14, 18): 1, (14, 19): 1, (14, 20): 37, (14, 21): 1, (14, 22): 1, (14, 23): 1, (15, 16): 1, (15, 17): 1, (15, 18): 1, (15, 23): 1, (15, 24): 1, (16, 17): 1, (16, 18): 1, (16, 19): 1, (16, 22): 1, (16, 24): 1, (17, 18): 1, (17, 19): 1, (17, 20): 1, (17, 22): 1, (18, 19): 1, (18, 21): 1, (18, 22): 1, (18, 23): 1, (18, 24): 1, (19, 20): 1, (19, 22): 1, (20, 21): 1, (20, 23): 1, (21, 22): 1, (22, 23): 1, (22, 24): 1}",6571.000000121785
285.0,Graph with 25 nodes and 145 edges,"[[0, 0, 0, 1, 1, 1, 1, 0, 1, 0, 1, 1, 1, 1, 0, 1, 0, 1, 1, 0, 0, 0, 1, 1, 0], [0, 0, 1, 0, 1, 0, 0, 1, 0, 0, 0, 1, 1, 0, 1, 0, 0, 1, 0, 0, 0, 0, 0, 1, 1], [0, 1, 0, 0, 1, 0, 1, 0, 0, 1, 0, 1, 0, 1, 0, 0, 0, 0, 1, 0, 0, 1, 0, 0, 0], [1, 0, 0, 0, 0, 0, 0, 1, 1, 0, 0, 1, 1, 0, 1, 1, 1, 0, 1, 1, 1, 1, 1, 0, 0], [1, 1, 1, 0, 0, 0, 1, 1, 1, 1, 1, 0, 1, 0, 0, 0, 0, 0, 1, 0, 0, 0, 0, 0, 1], [1, 0, 0, 0, 0, 0, 0, 0, 0, 1, 0, 0, 0, 0, 0, 0, 1, 0, 0, 0, 0, 0, 0, 0, 0], [1, 0, 1, 0, 1, 0, 0, 0, 1, 1, 1, 0, 1, 1, 1, 1, 0, 1, 0, 1, 0, 0, 0, 0, 0], [0, 1, 0, 1, 1, 0, 0, 0, 0, 1, 1, 1, 0, 0, 1, 1, 1, 1, 0, 0, 0, 1, 0, 1, 1], [1, 0, 0, 1, 1, 0, 1, 0, 0, 1, 1, 0, 1, 1, 0, 0, 1, 1, 1, 1, 1, 0, 1, 1, 0], [0, 0, 1, 0, 1, 1, 1, 1, 1, 0, 0, 1, 0, 0, 0, 0, 0, 0, 1, 0, 1, 1, 0, 1, 1], [1, 0, 0, 0, 1, 0, 1, 1, 1, 0, 0, 1, 1, 1, 0, 0, 0, 0, 1, 0, 0, 1, 0, 0, 1], [1, 1, 1, 1, 0, 0, 0, 1, 0, 1, 1, 0, 0, 1, 1, 0, 1, 0, 0, 1, 1, 0, 1, 0, 0], [1, 1, 0, 1, 1, 0, 1, 0, 1, 0, 1, 0, 0, 0, 1, 1, 0, 0, 0, 1, 1, 1, 0, 0, 0], [1, 0, 1, 0, 0, 0, 1, 0, 1, 0, 1, 1, 0, 0, 0, 1, 1, 0, 0, 1, 1, 1, 1, 1, 0], [0, 1, 0, 1, 0, 0, 1, 1, 0, 0, 0, 1, 1, 0, 0, 0, 0, 1, 1, 1, 1, 1, 1, 1, 0], [1, 0, 0, 1, 0, 0, 1, 1, 0, 0, 0, 0, 1, 1, 0, 0, 1, 1, 1, 0, 0, 0, 0, 1, 1], [0, 0, 0, 1, 0, 1, 0, 1, 1, 0, 0, 1, 0, 1, 0, 1, 0, 1, 1, 1, 0, 0, 1, 0, 1], [1, 1, 0, 0, 0, 0, 1, 1, 1, 0, 0, 0, 0, 0, 1, 1, 1, 0, 1, 1, 1, 0, 1, 0, 0], [1, 0, 1, 1, 1, 0, 0, 0, 1, 1, 1, 0, 0, 0, 1, 1, 1, 1, 0, 1, 0, 1, 1, 1, 1], [0, 0, 0, 1, 0, 0, 1, 0, 1, 0, 0, 1, 1, 1, 1, 0, 1, 1, 1, 0, 1, 0, 1, 0, 0], [0, 0, 0, 1, 0, 0, 0, 0, 1, 1, 0, 1, 1, 1, 1, 0, 0, 1, 0, 1, 0, 1, 0, 1, 0], [0, 0, 1, 1, 0, 0, 0, 1, 0, 1, 1, 0, 1, 1, 1, 0, 0, 0, 1, 0, 1, 0, 1, 0, 0], [1, 0, 0, 1, 0, 0, 0, 0, 1, 0, 0, 1, 0, 1, 1, 0, 1, 1, 1, 1, 0, 1, 0, 1, 1], [1, 1, 0, 0, 0, 0, 0, 1, 1, 1, 0, 0, 0, 1, 1, 1, 0, 0, 1, 0, 1, 0, 1, 0, 0], [0, 1, 0, 0, 1, 0, 0, 1, 0, 1, 1, 0, 0, 0, 0, 1, 1, 0, 1, 0, 0, 0, 1, 0, 0]]",4.0,8.0,Y,"{0: 20, 1: 12, 2: 196, 3: 188, 4: 180, 5: 4, 6: 172, 7: 164, 8: 156, 9: 148, 10: 140, 11: 132, 12: 124, 13: 116, 14: 108, 15: 100, 16: 92, 17: 84, 18: 76, 19: 68, 20: 60, 21: 52, 22: 44, 23: 36, 24: 28}","{(0, 3): 1, (0, 4): 6, (0, 5): 2, (0, 6): 1, (0, 8): 1, (0, 10): 1, (0, 11): 1, (0, 12): 1, (0, 13): 1, (0, 15): 1, (0, 17): 1, (0, 18): 1, (0, 22): 1, (0, 23): 1, (1, 2): 1, (1, 4): 1, (1, 7): 1, (1, 11): 4, (1, 12): 1, (1, 14): 1, (1, 17): 1, (1, 23): 1, (1, 24): 1, (2, 4): 1, (2, 6): 1, (2, 9): 137, (2, 11): 12, (2, 13): 1, (2, 18): 1, (2, 21): 42, (3, 7): 1, (3, 8): 1, (3, 11): 7, (3, 12): 1, (3, 14): 79, (3, 15): 12, (3, 16): 81, (3, 18): 1, (3, 19): 1, (3, 20): 1, (3, 21): 1, (3, 22): 1, (4, 6): 33, (4, 7): 54, (4, 8): 1, (4, 9): 1, (4, 10): 1, (4, 12): 1, (4, 18): 61, (4, 24): 20, (5, 9): 1, (5, 16): 1, (6, 8): 1, (6, 9): 1, (6, 10): 1, (6, 12): 1, (6, 13): 1, (6, 14): 1, (6, 15): 1, (6, 17): 73, (6, 19): 57, (7, 9): 1, (7, 10): 99, (7, 11): 1, (7, 14): 1, (7, 15): 1, (7, 16): 1, (7, 17): 1, (7, 21): 1, (7, 23): 1, (7, 24): 1, (8, 9): 1, (8, 10): 30, (8, 12): 113, (8, 13): 1, (8, 16): 1, (8, 17): 1, (8, 18): 1, (8, 19): 1, (8, 20): 1, (8, 22): 1, (8, 23): 1, (9, 11): 1, (9, 18): 1, (9, 20): 1, (9, 21): 1, (9, 23): 1, (9, 24): 1, (10, 11): 3, (10, 12): 1, (10, 13): 1, (10, 18): 1, (10, 21): 1, (10, 24): 1, (11, 13): 1, (11, 14): 18, (11, 16): 1, (11, 19): 1, (11, 20): 50, (11, 22): 32, (12, 14): 1, (12, 15): 1, (12, 19): 1, (12, 20): 1, (12, 21): 1, (13, 15): 79, (13, 16): 1, (13, 19): 1, (13, 20): 1, (13, 21): 1, (13, 22): 1, (13, 23): 26, (14, 17): 1, (14, 18): 1, (14, 19): 1, (14, 20): 1, (14, 21): 1, (14, 22): 1, (14, 23): 1, (15, 16): 1, (15, 17): 1, (15, 18): 1, (15, 23): 1, (15, 24): 1, (16, 17): 1, (16, 18): 1, (16, 19): 1, (16, 22): 1, (16, 24): 1, (17, 18): 1, (17, 19): 1, (17, 20): 1, (17, 22): 1, (18, 19): 1, (18, 21): 1, (18, 22): 1, (18, 23): 1, (18, 24): 1, (19, 20): 1, (19, 22): 1, (20, 21): 1, (20, 23): 1, (21, 22): 1, (22, 23): 1, (22, 24): 1}",6204.000000025189
285.0,Graph with 25 nodes and 145 edges,"[[0, 0, 0, 1, 1, 1, 1, 0, 1, 0, 1, 1, 1, 1, 0, 1, 0, 1, 1, 0, 0, 0, 1, 1, 0], [0, 0, 1, 0, 1, 0, 0, 1, 0, 0, 0, 1, 1, 0, 1, 0, 0, 1, 0, 0, 0, 0, 0, 1, 1], [0, 1, 0, 0, 1, 0, 1, 0, 0, 1, 0, 1, 0, 1, 0, 0, 0, 0, 1, 0, 0, 1, 0, 0, 0], [1, 0, 0, 0, 0, 0, 0, 1, 1, 0, 0, 1, 1, 0, 1, 1, 1, 0, 1, 1, 1, 1, 1, 0, 0], [1, 1, 1, 0, 0, 0, 1, 1, 1, 1, 1, 0, 1, 0, 0, 0, 0, 0, 1, 0, 0, 0, 0, 0, 1], [1, 0, 0, 0, 0, 0, 0, 0, 0, 1, 0, 0, 0, 0, 0, 0, 1, 0, 0, 0, 0, 0, 0, 0, 0], [1, 0, 1, 0, 1, 0, 0, 0, 1, 1, 1, 0, 1, 1, 1, 1, 0, 1, 0, 1, 0, 0, 0, 0, 0], [0, 1, 0, 1, 1, 0, 0, 0, 0, 1, 1, 1, 0, 0, 1, 1, 1, 1, 0, 0, 0, 1, 0, 1, 1], [1, 0, 0, 1, 1, 0, 1, 0, 0, 1, 1, 0, 1, 1, 0, 0, 1, 1, 1, 1, 1, 0, 1, 1, 0], [0, 0, 1, 0, 1, 1, 1, 1, 1, 0, 0, 1, 0, 0, 0, 0, 0, 0, 1, 0, 1, 1, 0, 1, 1], [1, 0, 0, 0, 1, 0, 1, 1, 1, 0, 0, 1, 1, 1, 0, 0, 0, 0, 1, 0, 0, 1, 0, 0, 1], [1, 1, 1, 1, 0, 0, 0, 1, 0, 1, 1, 0, 0, 1, 1, 0, 1, 0, 0, 1, 1, 0, 1, 0, 0], [1, 1, 0, 1, 1, 0, 1, 0, 1, 0, 1, 0, 0, 0, 1, 1, 0, 0, 0, 1, 1, 1, 0, 0, 0], [1, 0, 1, 0, 0, 0, 1, 0, 1, 0, 1, 1, 0, 0, 0, 1, 1, 0, 0, 1, 1, 1, 1, 1, 0], [0, 1, 0, 1, 0, 0, 1, 1, 0, 0, 0, 1, 1, 0, 0, 0, 0, 1, 1, 1, 1, 1, 1, 1, 0], [1, 0, 0, 1, 0, 0, 1, 1, 0, 0, 0, 0, 1, 1, 0, 0, 1, 1, 1, 0, 0, 0, 0, 1, 1], [0, 0, 0, 1, 0, 1, 0, 1, 1, 0, 0, 1, 0, 1, 0, 1, 0, 1, 1, 1, 0, 0, 1, 0, 1], [1, 1, 0, 0, 0, 0, 1, 1, 1, 0, 0, 0, 0, 0, 1, 1, 1, 0, 1, 1, 1, 0, 1, 0, 0], [1, 0, 1, 1, 1, 0, 0, 0, 1, 1, 1, 0, 0, 0, 1, 1, 1, 1, 0, 1, 0, 1, 1, 1, 1], [0, 0, 0, 1, 0, 0, 1, 0, 1, 0, 0, 1, 1, 1, 1, 0, 1, 1, 1, 0, 1, 0, 1, 0, 0], [0, 0, 0, 1, 0, 0, 0, 0, 1, 1, 0, 1, 1, 1, 1, 0, 0, 1, 0, 1, 0, 1, 0, 1, 0], [0, 0, 1, 1, 0, 0, 0, 1, 0, 1, 1, 0, 1, 1, 1, 0, 0, 0, 1, 0, 1, 0, 1, 0, 0], [1, 0, 0, 1, 0, 0, 0, 0, 1, 0, 0, 1, 0, 1, 1, 0, 1, 1, 1, 1, 0, 1, 0, 1, 1], [1, 1, 0, 0, 0, 0, 0, 1, 1, 1, 0, 0, 0, 1, 1, 1, 0, 0, 1, 0, 1, 0, 1, 0, 0], [0, 1, 0, 0, 1, 0, 0, 1, 0, 1, 1, 0, 0, 0, 0, 1, 1, 0, 1, 0, 0, 0, 1, 0, 0]]",4.0,9.0,Y,"{0: 22, 1: 13, 2: 220, 3: 211, 4: 202, 5: 4, 6: 193, 7: 184, 8: 175, 9: 166, 10: 157, 11: 148, 12: 139, 13: 130, 14: 121, 15: 112, 16: 103, 17: 94, 18: 85, 19: 76, 20: 67, 21: 58, 22: 49, 23: 40, 24: 31}","{(0, 3): 1, (0, 4): 1, (0, 5): 2, (0, 6): 1, (0, 8): 1, (0, 10): 1, (0, 11): 1, (0, 12): 1, (0, 13): 8, (0, 15): 1, (0, 17): 1, (0, 18): 1, (0, 22): 1, (0, 23): 1, (1, 2): 1, (1, 4): 5, (1, 7): 1, (1, 11): 1, (1, 12): 1, (1, 14): 1, (1, 17): 1, (1, 23): 1, (1, 24): 1, (2, 4): 1, (2, 6): 12, (2, 9): 155, (2, 11): 1, (2, 13): 1, (2, 18): 1, (2, 21): 48, (3, 7): 1, (3, 8): 1, (3, 11): 136, (3, 12): 1, (3, 14): 1, (3, 15): 1, (3, 16): 64, (3, 18): 1, (3, 19): 1, (3, 20): 1, (3, 21): 1, (3, 22): 1, (4, 6): 133, (4, 7): 1, (4, 8): 1, (4, 9): 1, (4, 10): 1, (4, 12): 1, (4, 18): 34, (4, 24): 23, (5, 9): 1, (5, 16): 1, (6, 8): 1, (6, 9): 1, (6, 10): 1, (6, 12): 1, (6, 13): 1, (6, 14): 1, (6, 15): 1, (6, 17): 1, (6, 19): 39, (7, 9): 1, (7, 10): 99, (7, 11): 1, (7, 14): 1, (7, 15): 74, (7, 16): 1, (7, 17): 1, (7, 21): 1, (7, 23): 1, (7, 24): 1, (8, 9): 1, (8, 10): 29, (8, 12): 128, (8, 13): 6, (8, 16): 1, (8, 17): 1, (8, 18): 1, (8, 19): 1, (8, 20): 1, (8, 22): 1, (8, 23): 1, (9, 11): 1, (9, 18): 1, (9, 20): 1, (9, 21): 1, (9, 23): 1, (9, 24): 1, (10, 11): 1, (10, 12): 1, (10, 13): 21, (10, 18): 1, (10, 21): 1, (10, 24): 1, (11, 13): 1, (11, 14): 1, (11, 16): 1, (11, 19): 1, (11, 20): 1, (11, 22): 1, (12, 14): 1, (12, 15): 1, (12, 19): 1, (12, 20): 1, (12, 21): 1, (13, 15): 1, (13, 16): 1, (13, 19): 1, (13, 20): 57, (13, 21): 1, (13, 22): 1, (13, 23): 30, (14, 17): 83, (14, 18): 1, (14, 19): 27, (14, 20): 1, (14, 21): 1, (14, 22): 1, (14, 23): 1, (15, 16): 29, (15, 17): 1, (15, 18): 1, (15, 23): 1, (15, 24): 1, (16, 17): 1, (16, 18): 1, (16, 19): 1, (16, 22): 1, (16, 24): 1, (17, 18): 1, (17, 19): 1, (17, 20): 1, (17, 22): 1, (18, 19): 1, (18, 21): 1, (18, 22): 37, (18, 23): 1, (18, 24): 1, (19, 20): 1, (19, 22): 1, (20, 21): 1, (20, 23): 1, (21, 22): 1, (22, 23): 1, (22, 24): 1}",6701.00000002094
380.0,Graph with 25 nodes and 125 edges,"[[0, 0, 0, 0, 1, 1, 1, 1, 0, 0, 1, 0, 1, 0, 1, 0, 0, 1, 1, 0, 0, 0, 1, 1, 0], [0, 0, 0, 1, 0, 0, 1, 0, 1, 0, 1, 0, 1, 0, 0, 0, 1, 0, 0, 0, 0, 0, 0, 1, 1], [0, 0, 0, 1, 0, 1, 0, 0, 0, 0, 0, 1, 0, 1, 1, 0, 0, 0, 0, 1, 0, 0, 1, 1, 0], [0, 1, 1, 0, 0, 1, 0, 1, 1, 1, 1, 0, 0, 1, 0, 0, 1, 0, 1, 1, 1, 0, 1, 1, 0], [1, 0, 0, 0, 0, 1, 1, 0, 1, 0, 0, 1, 0, 1, 1, 0, 1, 0, 0, 0, 0, 0, 0, 1, 0], [1, 0, 1, 1, 1, 0, 1, 1, 0, 1, 1, 0, 0, 1, 1, 0, 1, 1, 0, 1, 0, 0, 0, 0, 0], [1, 1, 0, 0, 1, 1, 0, 1, 0, 1, 1, 1, 1, 0, 1, 0, 0, 0, 0, 1, 0, 0, 0, 0, 0], [1, 0, 0, 1, 0, 1, 1, 0, 0, 0, 0, 1, 0, 0, 1, 0, 0, 1, 0, 1, 0, 1, 0, 0, 0], [0, 1, 0, 1, 1, 0, 0, 0, 0, 0, 1, 1, 1, 0, 1, 0, 1, 0, 1, 0, 0, 0, 1, 0, 0], [0, 0, 0, 1, 0, 1, 1, 0, 0, 0, 1, 1, 1, 1, 1, 0, 0, 0, 0, 0, 1, 1, 1, 0, 0], [1, 1, 0, 1, 0, 1, 1, 0, 1, 1, 0, 0, 1, 0, 1, 0, 1, 0, 1, 0, 0, 0, 1, 1, 0], [0, 0, 1, 0, 1, 0, 1, 1, 1, 1, 0, 0, 1, 0, 0, 1, 0, 1, 1, 0, 0, 0, 1, 1, 0], [1, 1, 0, 0, 0, 0, 1, 0, 1, 1, 1, 1, 0, 1, 1, 0, 0, 0, 0, 0, 0, 1, 0, 1, 0], [0, 0, 1, 1, 1, 1, 0, 0, 0, 1, 0, 0, 1, 0, 1, 1, 1, 0, 1, 1, 0, 0, 1, 0, 0], [1, 0, 1, 0, 1, 1, 1, 1, 1, 1, 1, 0, 1, 1, 0, 1, 0, 1, 0, 1, 0, 0, 1, 0, 1], [0, 0, 0, 0, 0, 0, 0, 0, 0, 0, 0, 1, 0, 1, 1, 0, 0, 1, 1, 1, 0, 0, 1, 1, 0], [0, 1, 0, 1, 1, 1, 0, 0, 1, 0, 1, 0, 0, 1, 0, 0, 0, 1, 0, 1, 0, 1, 0, 0, 0], [1, 0, 0, 0, 0, 1, 0, 1, 0, 0, 0, 1, 0, 0, 1, 1, 1, 0, 1, 1, 0, 0, 1, 1, 0], [1, 0, 0, 1, 0, 0, 0, 0, 1, 0, 1, 1, 0, 1, 0, 1, 0, 1, 0, 0, 1, 0, 0, 0, 0], [0, 0, 1, 1, 0, 1, 1, 1, 0, 0, 0, 0, 0, 1, 1, 1, 1, 1, 0, 0, 0, 0, 0, 1, 0], [0, 0, 0, 1, 0, 0, 0, 0, 0, 1, 0, 0, 0, 0, 0, 0, 0, 0, 1, 0, 0, 0, 1, 0, 0], [0, 0, 0, 0, 0, 0, 0, 1, 0, 1, 0, 0, 1, 0, 0, 0, 1, 0, 0, 0, 0, 0, 0, 0, 0], [1, 0, 1, 1, 0, 0, 0, 0, 1, 1, 1, 1, 0, 1, 1, 1, 0, 1, 0, 0, 1, 0, 0, 0, 0], [1, 1, 1, 1, 1, 0, 0, 0, 0, 0, 1, 1, 1, 0, 0, 1, 0, 1, 0, 1, 0, 0, 0, 0, 0], [0, 1, 0, 0, 0, 0, 0, 0, 0, 0, 0, 0, 0, 0, 1, 0, 0, 0, 0, 0, 0, 0, 0, 0, 0]]",2.0,2.0,Y,"{0: 12, 1: 8, 2: 50, 3: 14, 4: 10, 5: 48, 6: 46, 7: 44, 8: 42, 9: 40, 10: 38, 11: 36, 12: 34, 13: 32, 14: 16, 15: 30, 16: 28, 17: 26, 18: 24, 19: 22, 20: 4, 21: 6, 22: 20, 23: 18, 24: 2}","{(0, 4): 1, (0, 5): 1, (0, 6): 1, (0, 7): 1, (0, 10): 1, (0, 12): 2, (0, 14): 1, (0, 17): 1, (0, 18): 1, (0, 22): 1, (0, 23): 1, (1, 3): 1, (1, 6): 1, (1, 8): 1, (1, 10): 1, (1, 12): 1, (1, 16): 1, (1, 23): 1, (1, 24): 1, (2, 3): 1, (2, 5): 1, (2, 11): 5, (2, 13): 21, (2, 14): 1, (2, 19): 12, (2, 22): 1, (2, 23): 8, (3, 5): 1, (3, 7): 1, (3, 8): 1, (3, 9): 1, (3, 10): 1, (3, 13): 1, (3, 16): 1, (3, 18): 1, (3, 19): 1, (3, 20): 1, (3, 22): 1, (3, 23): 1, (4, 5): 1, (4, 6): 1, (4, 8): 2, (4, 11): 1, (4, 13): 1, (4, 14): 1, (4, 16): 1, (4, 23): 1, (5, 6): 1, (5, 7): 1, (5, 9): 30, (5, 10): 1, (5, 13): 1, (5, 14): 1, (5, 16): 7, (5, 17): 1, (5, 19): 1, (6, 7): 29, (6, 9): 1, (6, 10): 8, (6, 11): 1, (6, 12): 1, (6, 14): 1, (6, 19): 1, (7, 11): 6, (7, 14): 1, (7, 17): 1, (7, 19): 1, (7, 21): 3, (8, 10): 1, (8, 11): 1, (8, 12): 15, (8, 14): 1, (8, 16): 1, (8, 18): 16, (8, 22): 3, (9, 10): 1, (9, 11): 1, (9, 12): 1, (9, 13): 1, (9, 14): 1, (9, 20): 1, (9, 21): 1, (9, 22): 1, (10, 12): 1, (10, 14): 1, (10, 16): 13, (10, 18): 1, (10, 22): 7, (10, 23): 1, (11, 12): 9, (11, 15): 8, (11, 17): 1, (11, 18): 1, (11, 22): 1, (11, 23): 1, (12, 13): 1, (12, 14): 1, (12, 21): 1, (12, 23): 1, (13, 14): 1, (13, 15): 1, (13, 16): 1, (13, 18): 1, (13, 19): 1, (13, 22): 1, (14, 15): 1, (14, 17): 1, (14, 19): 1, (14, 22): 1, (14, 24): 1, (15, 17): 16, (15, 18): 1, (15, 19): 1, (15, 22): 1, (15, 23): 1, (16, 17): 1, (16, 19): 1, (16, 21): 1, (17, 18): 1, (17, 19): 1, (17, 22): 1, (17, 23): 1, (18, 20): 1, (19, 23): 1, (20, 22): 1}",5703.000000039538
380.0,Graph with 25 nodes and 125 edges,"[[0, 0, 0, 0, 1, 1, 1, 1, 0, 0, 1, 0, 1, 0, 1, 0, 0, 1, 1, 0, 0, 0, 1, 1, 0], [0, 0, 0, 1, 0, 0, 1, 0, 1, 0, 1, 0, 1, 0, 0, 0, 1, 0, 0, 0, 0, 0, 0, 1, 1], [0, 0, 0, 1, 0, 1, 0, 0, 0, 0, 0, 1, 0, 1, 1, 0, 0, 0, 0, 1, 0, 0, 1, 1, 0], [0, 1, 1, 0, 0, 1, 0, 1, 1, 1, 1, 0, 0, 1, 0, 0, 1, 0, 1, 1, 1, 0, 1, 1, 0], [1, 0, 0, 0, 0, 1, 1, 0, 1, 0, 0, 1, 0, 1, 1, 0, 1, 0, 0, 0, 0, 0, 0, 1, 0], [1, 0, 1, 1, 1, 0, 1, 1, 0, 1, 1, 0, 0, 1, 1, 0, 1, 1, 0, 1, 0, 0, 0, 0, 0], [1, 1, 0, 0, 1, 1, 0, 1, 0, 1, 1, 1, 1, 0, 1, 0, 0, 0, 0, 1, 0, 0, 0, 0, 0], [1, 0, 0, 1, 0, 1, 1, 0, 0, 0, 0, 1, 0, 0, 1, 0, 0, 1, 0, 1, 0, 1, 0, 0, 0], [0, 1, 0, 1, 1, 0, 0, 0, 0, 0, 1, 1, 1, 0, 1, 0, 1, 0, 1, 0, 0, 0, 1, 0, 0], [0, 0, 0, 1, 0, 1, 1, 0, 0, 0, 1, 1, 1, 1, 1, 0, 0, 0, 0, 0, 1, 1, 1, 0, 0], [1, 1, 0, 1, 0, 1, 1, 0, 1, 1, 0, 0, 1, 0, 1, 0, 1, 0, 1, 0, 0, 0, 1, 1, 0], [0, 0, 1, 0, 1, 0, 1, 1, 1, 1, 0, 0, 1, 0, 0, 1, 0, 1, 1, 0, 0, 0, 1, 1, 0], [1, 1, 0, 0, 0, 0, 1, 0, 1, 1, 1, 1, 0, 1, 1, 0, 0, 0, 0, 0, 0, 1, 0, 1, 0], [0, 0, 1, 1, 1, 1, 0, 0, 0, 1, 0, 0, 1, 0, 1, 1, 1, 0, 1, 1, 0, 0, 1, 0, 0], [1, 0, 1, 0, 1, 1, 1, 1, 1, 1, 1, 0, 1, 1, 0, 1, 0, 1, 0, 1, 0, 0, 1, 0, 1], [0, 0, 0, 0, 0, 0, 0, 0, 0, 0, 0, 1, 0, 1, 1, 0, 0, 1, 1, 1, 0, 0, 1, 1, 0], [0, 1, 0, 1, 1, 1, 0, 0, 1, 0, 1, 0, 0, 1, 0, 0, 0, 1, 0, 1, 0, 1, 0, 0, 0], [1, 0, 0, 0, 0, 1, 0, 1, 0, 0, 0, 1, 0, 0, 1, 1, 1, 0, 1, 1, 0, 0, 1, 1, 0], [1, 0, 0, 1, 0, 0, 0, 0, 1, 0, 1, 1, 0, 1, 0, 1, 0, 1, 0, 0, 1, 0, 0, 0, 0], [0, 0, 1, 1, 0, 1, 1, 1, 0, 0, 0, 0, 0, 1, 1, 1, 1, 1, 0, 0, 0, 0, 0, 1, 0], [0, 0, 0, 1, 0, 0, 0, 0, 0, 1, 0, 0, 0, 0, 0, 0, 0, 0, 1, 0, 0, 0, 1, 0, 0], [0, 0, 0, 0, 0, 0, 0, 1, 0, 1, 0, 0, 1, 0, 0, 0, 1, 0, 0, 0, 0, 0, 0, 0, 0], [1, 0, 1, 1, 0, 0, 0, 0, 1, 1, 1, 1, 0, 1, 1, 1, 0, 1, 0, 0, 1, 0, 0, 0, 0], [1, 1, 1, 1, 1, 0, 0, 0, 0, 0, 1, 1, 1, 0, 0, 1, 0, 1, 0, 1, 0, 0, 0, 0, 0], [0, 1, 0, 0, 0, 0, 0, 0, 0, 0, 0, 0, 0, 0, 1, 0, 0, 0, 0, 0, 0, 0, 0, 0, 0]]",2.0,3.0,Y,"{0: 11, 1: 8, 2: 74, 3: 14, 4: 71, 5: 68, 6: 65, 7: 62, 8: 59, 9: 56, 10: 53, 11: 50, 12: 47, 13: 44, 14: 17, 15: 41, 16: 38, 17: 35, 18: 32, 19: 29, 20: 5, 21: 26, 22: 23, 23: 20, 24: 2}","{(0, 4): 1, (0, 5): 1, (0, 6): 1, (0, 7): 1, (0, 10): 1, (0, 12): 1, (0, 14): 1, (0, 17): 1, (0, 18): 1, (0, 22): 1, (0, 23): 1, (1, 3): 1, (1, 6): 1, (1, 8): 1, (1, 10): 1, (1, 12): 1, (1, 16): 1, (1, 23): 1, (1, 24): 1, (2, 3): 1, (2, 5): 48, (2, 11): 1, (2, 13): 20, (2, 14): 1, (2, 19): 1, (2, 22): 1, (2, 23): 1, (3, 5): 1, (3, 7): 1, (3, 8): 1, (3, 9): 1, (3, 10): 1, (3, 13): 1, (3, 16): 1, (3, 18): 1, (3, 19): 1, (3, 20): 1, (3, 22): 1, (3, 23): 1, (4, 5): 1, (4, 6): 1, (4, 8): 50, (4, 11): 1, (4, 13): 1, (4, 14): 1, (4, 16): 5, (4, 23): 10, (5, 6): 9, (5, 7): 1, (5, 9): 1, (5, 10): 1, (5, 13): 1, (5, 14): 1, (5, 16): 1, (5, 17): 1, (5, 19): 1, (6, 7): 14, (6, 9): 34, (6, 10): 1, (6, 11): 1, (6, 12): 1, (6, 14): 1, (6, 19): 1, (7, 11): 1, (7, 14): 2, (7, 17): 1, (7, 19): 19, (7, 21): 22, (8, 10): 1, (8, 11): 1, (8, 12): 1, (8, 14): 1, (8, 16): 1, (8, 18): 1, (8, 22): 1, (9, 10): 1, (9, 11): 1, (9, 12): 1, (9, 13): 1, (9, 14): 1, (9, 20): 2, (9, 21): 1, (9, 22): 12, (10, 12): 18, (10, 14): 1, (10, 16): 1, (10, 18): 24, (10, 22): 1, (10, 23): 1, (11, 12): 6, (11, 15): 34, (11, 17): 1, (11, 18): 1, (11, 22): 1, (11, 23): 1, (12, 13): 14, (12, 14): 1, (12, 21): 2, (12, 23): 1, (13, 14): 1, (13, 15): 1, (13, 16): 1, (13, 18): 1, (13, 19): 1, (13, 22): 1, (14, 15): 1, (14, 17): 1, (14, 19): 1, (14, 22): 1, (14, 24): 1, (15, 17): 1, (15, 18): 1, (15, 19): 1, (15, 22): 1, (15, 23): 1, (16, 17): 25, (16, 19): 1, (16, 21): 1, (17, 18): 1, (17, 19): 1, (17, 22): 1, (17, 23): 1, (18, 20): 1, (19, 23): 1, (20, 22): 1}",6055.000000060318
380.0,Graph with 25 nodes and 125 edges,"[[0, 0, 0, 0, 1, 1, 1, 1, 0, 0, 1, 0, 1, 0, 1, 0, 0, 1, 1, 0, 0, 0, 1, 1, 0], [0, 0, 0, 1, 0, 0, 1, 0, 1, 0, 1, 0, 1, 0, 0, 0, 1, 0, 0, 0, 0, 0, 0, 1, 1], [0, 0, 0, 1, 0, 1, 0, 0, 0, 0, 0, 1, 0, 1, 1, 0, 0, 0, 0, 1, 0, 0, 1, 1, 0], [0, 1, 1, 0, 0, 1, 0, 1, 1, 1, 1, 0, 0, 1, 0, 0, 1, 0, 1, 1, 1, 0, 1, 1, 0], [1, 0, 0, 0, 0, 1, 1, 0, 1, 0, 0, 1, 0, 1, 1, 0, 1, 0, 0, 0, 0, 0, 0, 1, 0], [1, 0, 1, 1, 1, 0, 1, 1, 0, 1, 1, 0, 0, 1, 1, 0, 1, 1, 0, 1, 0, 0, 0, 0, 0], [1, 1, 0, 0, 1, 1, 0, 1, 0, 1, 1, 1, 1, 0, 1, 0, 0, 0, 0, 1, 0, 0, 0, 0, 0], [1, 0, 0, 1, 0, 1, 1, 0, 0, 0, 0, 1, 0, 0, 1, 0, 0, 1, 0, 1, 0, 1, 0, 0, 0], [0, 1, 0, 1, 1, 0, 0, 0, 0, 0, 1, 1, 1, 0, 1, 0, 1, 0, 1, 0, 0, 0, 1, 0, 0], [0, 0, 0, 1, 0, 1, 1, 0, 0, 0, 1, 1, 1, 1, 1, 0, 0, 0, 0, 0, 1, 1, 1, 0, 0], [1, 1, 0, 1, 0, 1, 1, 0, 1, 1, 0, 0, 1, 0, 1, 0, 1, 0, 1, 0, 0, 0, 1, 1, 0], [0, 0, 1, 0, 1, 0, 1, 1, 1, 1, 0, 0, 1, 0, 0, 1, 0, 1, 1, 0, 0, 0, 1, 1, 0], [1, 1, 0, 0, 0, 0, 1, 0, 1, 1, 1, 1, 0, 1, 1, 0, 0, 0, 0, 0, 0, 1, 0, 1, 0], [0, 0, 1, 1, 1, 1, 0, 0, 0, 1, 0, 0, 1, 0, 1, 1, 1, 0, 1, 1, 0, 0, 1, 0, 0], [1, 0, 1, 0, 1, 1, 1, 1, 1, 1, 1, 0, 1, 1, 0, 1, 0, 1, 0, 1, 0, 0, 1, 0, 1], [0, 0, 0, 0, 0, 0, 0, 0, 0, 0, 0, 1, 0, 1, 1, 0, 0, 1, 1, 1, 0, 0, 1, 1, 0], [0, 1, 0, 1, 1, 1, 0, 0, 1, 0, 1, 0, 0, 1, 0, 0, 0, 1, 0, 1, 0, 1, 0, 0, 0], [1, 0, 0, 0, 0, 1, 0, 1, 0, 0, 0, 1, 0, 0, 1, 1, 1, 0, 1, 1, 0, 0, 1, 1, 0], [1, 0, 0, 1, 0, 0, 0, 0, 1, 0, 1, 1, 0, 1, 0, 1, 0, 1, 0, 0, 1, 0, 0, 0, 0], [0, 0, 1, 1, 0, 1, 1, 1, 0, 0, 0, 0, 0, 1, 1, 1, 1, 1, 0, 0, 0, 0, 0, 1, 0], [0, 0, 0, 1, 0, 0, 0, 0, 0, 1, 0, 0, 0, 0, 0, 0, 0, 0, 1, 0, 0, 0, 1, 0, 0], [0, 0, 0, 0, 0, 0, 0, 1, 0, 1, 0, 0, 1, 0, 0, 0, 1, 0, 0, 0, 0, 0, 0, 0, 0], [1, 0, 1, 1, 0, 0, 0, 0, 1, 1, 1, 1, 0, 1, 1, 1, 0, 1, 0, 0, 1, 0, 0, 0, 0], [1, 1, 1, 1, 1, 0, 0, 0, 0, 0, 1, 1, 1, 0, 0, 1, 0, 1, 0, 1, 0, 0, 0, 0, 0], [0, 1, 0, 0, 0, 0, 0, 0, 0, 0, 0, 0, 0, 0, 1, 0, 0, 0, 0, 0, 0, 0, 0, 0, 0]]",2.0,4.0,Y,"{0: 14, 1: 10, 2: 98, 3: 94, 4: 90, 5: 86, 6: 82, 7: 78, 8: 74, 9: 70, 10: 66, 11: 62, 12: 58, 13: 54, 14: 18, 15: 50, 16: 46, 17: 42, 18: 38, 19: 34, 20: 6, 21: 30, 22: 26, 23: 22, 24: 2}","{(0, 4): 1, (0, 5): 1, (0, 6): 4, (0, 7): 1, (0, 10): 1, (0, 12): 1, (0, 14): 1, (0, 17): 1, (0, 18): 1, (0, 22): 1, (0, 23): 1, (1, 3): 1, (1, 6): 1, (1, 8): 1, (1, 10): 1, (1, 12): 3, (1, 16): 1, (1, 23): 1, (1, 24): 1, (2, 3): 26, (2, 5): 1, (2, 11): 1, (2, 13): 43, (2, 14): 1, (2, 19): 24, (2, 22): 1, (2, 23): 1, (3, 5): 1, (3, 7): 32, (3, 8): 1, (3, 9): 23, (3, 10): 1, (3, 13): 1, (3, 16): 1, (3, 18): 1, (3, 19): 1, (3, 20): 3, (3, 22): 1, (3, 23): 1, (4, 5): 8, (4, 6): 1, (4, 8): 1, (4, 11): 28, (4, 13): 1, (4, 14): 1, (4, 16): 37, (4, 23): 12, (5, 6): 67, (5, 7): 1, (5, 9): 1, (5, 10): 1, (5, 13): 1, (5, 14): 1, (5, 16): 1, (5, 17): 1, (5, 19): 1, (6, 7): 1, (6, 9): 1, (6, 10): 1, (6, 11): 1, (6, 12): 1, (6, 14): 3, (6, 19): 1, (7, 11): 1, (7, 14): 1, (7, 17): 13, (7, 19): 1, (7, 21): 27, (8, 10): 22, (8, 11): 1, (8, 12): 1, (8, 14): 1, (8, 16): 1, (8, 18): 30, (8, 22): 15, (9, 10): 13, (9, 11): 1, (9, 12): 26, (9, 13): 1, (9, 14): 1, (9, 20): 1, (9, 21): 1, (9, 22): 1, (10, 12): 21, (10, 14): 1, (10, 16): 1, (10, 18): 1, (10, 22): 1, (10, 23): 1, (11, 12): 1, (11, 15): 24, (11, 17): 1, (11, 18): 1, (11, 22): 1, (11, 23): 1, (12, 13): 1, (12, 14): 1, (12, 21): 1, (12, 23): 1, (13, 14): 1, (13, 15): 1, (13, 16): 1, (13, 18): 1, (13, 19): 1, (13, 22): 1, (14, 15): 1, (14, 17): 1, (14, 19): 1, (14, 22): 1, (14, 24): 1, (15, 17): 20, (15, 18): 1, (15, 19): 1, (15, 22): 1, (15, 23): 1, (16, 17): 1, (16, 19): 1, (16, 21): 1, (17, 18): 1, (17, 19): 1, (17, 22): 1, (17, 23): 1, (18, 20): 1, (19, 23): 1, (20, 22): 1}",6101.0000001715525
380.0,Graph with 25 nodes and 125 edges,"[[0, 0, 0, 0, 1, 1, 1, 1, 0, 0, 1, 0, 1, 0, 1, 0, 0, 1, 1, 0, 0, 0, 1, 1, 0], [0, 0, 0, 1, 0, 0, 1, 0, 1, 0, 1, 0, 1, 0, 0, 0, 1, 0, 0, 0, 0, 0, 0, 1, 1], [0, 0, 0, 1, 0, 1, 0, 0, 0, 0, 0, 1, 0, 1, 1, 0, 0, 0, 0, 1, 0, 0, 1, 1, 0], [0, 1, 1, 0, 0, 1, 0, 1, 1, 1, 1, 0, 0, 1, 0, 0, 1, 0, 1, 1, 1, 0, 1, 1, 0], [1, 0, 0, 0, 0, 1, 1, 0, 1, 0, 0, 1, 0, 1, 1, 0, 1, 0, 0, 0, 0, 0, 0, 1, 0], [1, 0, 1, 1, 1, 0, 1, 1, 0, 1, 1, 0, 0, 1, 1, 0, 1, 1, 0, 1, 0, 0, 0, 0, 0], [1, 1, 0, 0, 1, 1, 0, 1, 0, 1, 1, 1, 1, 0, 1, 0, 0, 0, 0, 1, 0, 0, 0, 0, 0], [1, 0, 0, 1, 0, 1, 1, 0, 0, 0, 0, 1, 0, 0, 1, 0, 0, 1, 0, 1, 0, 1, 0, 0, 0], [0, 1, 0, 1, 1, 0, 0, 0, 0, 0, 1, 1, 1, 0, 1, 0, 1, 0, 1, 0, 0, 0, 1, 0, 0], [0, 0, 0, 1, 0, 1, 1, 0, 0, 0, 1, 1, 1, 1, 1, 0, 0, 0, 0, 0, 1, 1, 1, 0, 0], [1, 1, 0, 1, 0, 1, 1, 0, 1, 1, 0, 0, 1, 0, 1, 0, 1, 0, 1, 0, 0, 0, 1, 1, 0], [0, 0, 1, 0, 1, 0, 1, 1, 1, 1, 0, 0, 1, 0, 0, 1, 0, 1, 1, 0, 0, 0, 1, 1, 0], [1, 1, 0, 0, 0, 0, 1, 0, 1, 1, 1, 1, 0, 1, 1, 0, 0, 0, 0, 0, 0, 1, 0, 1, 0], [0, 0, 1, 1, 1, 1, 0, 0, 0, 1, 0, 0, 1, 0, 1, 1, 1, 0, 1, 1, 0, 0, 1, 0, 0], [1, 0, 1, 0, 1, 1, 1, 1, 1, 1, 1, 0, 1, 1, 0, 1, 0, 1, 0, 1, 0, 0, 1, 0, 1], [0, 0, 0, 0, 0, 0, 0, 0, 0, 0, 0, 1, 0, 1, 1, 0, 0, 1, 1, 1, 0, 0, 1, 1, 0], [0, 1, 0, 1, 1, 1, 0, 0, 1, 0, 1, 0, 0, 1, 0, 0, 0, 1, 0, 1, 0, 1, 0, 0, 0], [1, 0, 0, 0, 0, 1, 0, 1, 0, 0, 0, 1, 0, 0, 1, 1, 1, 0, 1, 1, 0, 0, 1, 1, 0], [1, 0, 0, 1, 0, 0, 0, 0, 1, 0, 1, 1, 0, 1, 0, 1, 0, 1, 0, 0, 1, 0, 0, 0, 0], [0, 0, 1, 1, 0, 1, 1, 1, 0, 0, 0, 0, 0, 1, 1, 1, 1, 1, 0, 0, 0, 0, 0, 1, 0], [0, 0, 0, 1, 0, 0, 0, 0, 0, 1, 0, 0, 0, 0, 0, 0, 0, 0, 1, 0, 0, 0, 1, 0, 0], [0, 0, 0, 0, 0, 0, 0, 1, 0, 1, 0, 0, 1, 0, 0, 0, 1, 0, 0, 0, 0, 0, 0, 0, 0], [1, 0, 1, 1, 0, 0, 0, 0, 1, 1, 1, 1, 0, 1, 1, 1, 0, 1, 0, 0, 1, 0, 0, 0, 0], [1, 1, 1, 1, 1, 0, 0, 0, 0, 0, 1, 1, 1, 0, 0, 1, 0, 1, 0, 1, 0, 0, 0, 0, 0], [0, 1, 0, 0, 0, 0, 0, 0, 0, 0, 0, 0, 0, 0, 1, 0, 0, 0, 0, 0, 0, 0, 0, 0, 0]]",2.0,5.0,Y,"{0: 12, 1: 122, 2: 117, 3: 17, 4: 112, 5: 107, 6: 102, 7: 97, 8: 92, 9: 87, 10: 82, 11: 77, 12: 72, 13: 67, 14: 62, 15: 57, 16: 52, 17: 47, 18: 42, 19: 37, 20: 7, 21: 32, 22: 27, 23: 22, 24: 2}","{(0, 4): 1, (0, 5): 1, (0, 6): 1, (0, 7): 1, (0, 10): 1, (0, 12): 1, (0, 14): 2, (0, 17): 1, (0, 18): 1, (0, 22): 1, (0, 23): 1, (1, 3): 1, (1, 6): 35, (1, 8): 81, (1, 10): 1, (1, 12): 1, (1, 16): 1, (1, 23): 1, (1, 24): 1, (2, 3): 1, (2, 5): 1, (2, 11): 50, (2, 13): 56, (2, 14): 1, (2, 19): 6, (2, 22): 1, (2, 23): 1, (3, 5): 4, (3, 7): 1, (3, 8): 1, (3, 9): 1, (3, 10): 1, (3, 13): 1, (3, 16): 1, (3, 18): 1, (3, 19): 1, (3, 20): 1, (3, 22): 1, (3, 23): 1, (4, 5): 1, (4, 6): 44, (4, 8): 1, (4, 11): 1, (4, 13): 1, (4, 14): 8, (4, 16): 43, (4, 23): 12, (5, 6): 1, (5, 7): 23, (5, 9): 1, (5, 10): 70, (5, 13): 1, (5, 14): 1, (5, 16): 1, (5, 17): 1, (5, 19): 1, (6, 7): 3, (6, 9): 13, (6, 10): 1, (6, 11): 1, (6, 12): 1, (6, 14): 1, (6, 19): 1, (7, 11): 1, (7, 14): 1, (7, 17): 37, (7, 19): 1, (7, 21): 29, (8, 10): 1, (8, 11): 1, (8, 12): 1, (8, 14): 3, (8, 16): 1, (8, 18): 1, (8, 22): 1, (9, 10): 1, (9, 11): 1, (9, 12): 62, (9, 13): 1, (9, 14): 1, (9, 20): 4, (9, 21): 1, (9, 22): 1, (10, 12): 1, (10, 14): 1, (10, 16): 1, (10, 18): 1, (10, 22): 1, (10, 23): 1, (11, 12): 1, (11, 15): 17, (11, 17): 1, (11, 18): 1, (11, 22): 1, (11, 23): 1, (12, 13): 1, (12, 14): 1, (12, 21): 1, (12, 23): 1, (13, 14): 1, (13, 15): 1, (13, 16): 1, (13, 18): 1, (13, 19): 1, (13, 22): 1, (14, 15): 1, (14, 17): 1, (14, 19): 22, (14, 22): 16, (14, 24): 1, (15, 17): 1, (15, 18): 34, (15, 19): 1, (15, 22): 1, (15, 23): 1, (16, 17): 1, (16, 19): 1, (16, 21): 1, (17, 18): 1, (17, 19): 1, (17, 22): 1, (17, 23): 1, (18, 20): 1, (19, 23): 1, (20, 22): 1}",6220.000000212167
380.0,Graph with 25 nodes and 125 edges,"[[0, 0, 0, 0, 1, 1, 1, 1, 0, 0, 1, 0, 1, 0, 1, 0, 0, 1, 1, 0, 0, 0, 1, 1, 0], [0, 0, 0, 1, 0, 0, 1, 0, 1, 0, 1, 0, 1, 0, 0, 0, 1, 0, 0, 0, 0, 0, 0, 1, 1], [0, 0, 0, 1, 0, 1, 0, 0, 0, 0, 0, 1, 0, 1, 1, 0, 0, 0, 0, 1, 0, 0, 1, 1, 0], [0, 1, 1, 0, 0, 1, 0, 1, 1, 1, 1, 0, 0, 1, 0, 0, 1, 0, 1, 1, 1, 0, 1, 1, 0], [1, 0, 0, 0, 0, 1, 1, 0, 1, 0, 0, 1, 0, 1, 1, 0, 1, 0, 0, 0, 0, 0, 0, 1, 0], [1, 0, 1, 1, 1, 0, 1, 1, 0, 1, 1, 0, 0, 1, 1, 0, 1, 1, 0, 1, 0, 0, 0, 0, 0], [1, 1, 0, 0, 1, 1, 0, 1, 0, 1, 1, 1, 1, 0, 1, 0, 0, 0, 0, 1, 0, 0, 0, 0, 0], [1, 0, 0, 1, 0, 1, 1, 0, 0, 0, 0, 1, 0, 0, 1, 0, 0, 1, 0, 1, 0, 1, 0, 0, 0], [0, 1, 0, 1, 1, 0, 0, 0, 0, 0, 1, 1, 1, 0, 1, 0, 1, 0, 1, 0, 0, 0, 1, 0, 0], [0, 0, 0, 1, 0, 1, 1, 0, 0, 0, 1, 1, 1, 1, 1, 0, 0, 0, 0, 0, 1, 1, 1, 0, 0], [1, 1, 0, 1, 0, 1, 1, 0, 1, 1, 0, 0, 1, 0, 1, 0, 1, 0, 1, 0, 0, 0, 1, 1, 0], [0, 0, 1, 0, 1, 0, 1, 1, 1, 1, 0, 0, 1, 0, 0, 1, 0, 1, 1, 0, 0, 0, 1, 1, 0], [1, 1, 0, 0, 0, 0, 1, 0, 1, 1, 1, 1, 0, 1, 1, 0, 0, 0, 0, 0, 0, 1, 0, 1, 0], [0, 0, 1, 1, 1, 1, 0, 0, 0, 1, 0, 0, 1, 0, 1, 1, 1, 0, 1, 1, 0, 0, 1, 0, 0], [1, 0, 1, 0, 1, 1, 1, 1, 1, 1, 1, 0, 1, 1, 0, 1, 0, 1, 0, 1, 0, 0, 1, 0, 1], [0, 0, 0, 0, 0, 0, 0, 0, 0, 0, 0, 1, 0, 1, 1, 0, 0, 1, 1, 1, 0, 0, 1, 1, 0], [0, 1, 0, 1, 1, 1, 0, 0, 1, 0, 1, 0, 0, 1, 0, 0, 0, 1, 0, 1, 0, 1, 0, 0, 0], [1, 0, 0, 0, 0, 1, 0, 1, 0, 0, 0, 1, 0, 0, 1, 1, 1, 0, 1, 1, 0, 0, 1, 1, 0], [1, 0, 0, 1, 0, 0, 0, 0, 1, 0, 1, 1, 0, 1, 0, 1, 0, 1, 0, 0, 1, 0, 0, 0, 0], [0, 0, 1, 1, 0, 1, 1, 1, 0, 0, 0, 0, 0, 1, 1, 1, 1, 1, 0, 0, 0, 0, 0, 1, 0], [0, 0, 0, 1, 0, 0, 0, 0, 0, 1, 0, 0, 0, 0, 0, 0, 0, 0, 1, 0, 0, 0, 1, 0, 0], [0, 0, 0, 0, 0, 0, 0, 1, 0, 1, 0, 0, 1, 0, 0, 0, 1, 0, 0, 0, 0, 0, 0, 0, 0], [1, 0, 1, 1, 0, 0, 0, 0, 1, 1, 1, 1, 0, 1, 1, 1, 0, 1, 0, 0, 1, 0, 0, 0, 0], [1, 1, 1, 1, 1, 0, 0, 0, 0, 0, 1, 1, 1, 0, 0, 1, 0, 1, 0, 1, 0, 0, 0, 0, 0], [0, 1, 0, 0, 0, 0, 0, 0, 0, 0, 0, 0, 0, 0, 1, 0, 0, 0, 0, 0, 0, 0, 0, 0, 0]]",2.0,6.0,Y,"{0: 14, 1: 8, 2: 146, 3: 140, 4: 134, 5: 128, 6: 122, 7: 116, 8: 110, 9: 104, 10: 98, 11: 92, 12: 86, 13: 80, 14: 20, 15: 74, 16: 68, 17: 62, 18: 56, 19: 50, 20: 44, 21: 38, 22: 32, 23: 26, 24: 2}","{(0, 4): 4, (0, 5): 1, (0, 6): 1, (0, 7): 1, (0, 10): 1, (0, 12): 1, (0, 14): 1, (0, 17): 1, (0, 18): 1, (0, 22): 1, (0, 23): 1, (1, 3): 1, (1, 6): 1, (1, 8): 1, (1, 10): 1, (1, 12): 1, (1, 16): 1, (1, 23): 1, (1, 24): 1, (2, 3): 51, (2, 5): 1, (2, 11): 1, (2, 13): 69, (2, 14): 1, (2, 19): 1, (2, 22): 21, (2, 23): 1, (3, 5): 1, (3, 7): 1, (3, 8): 1, (3, 9): 37, (3, 10): 1, (3, 13): 1, (3, 16): 1, (3, 18): 1, (3, 19): 1, (3, 20): 41, (3, 22): 1, (3, 23): 1, (4, 5): 13, (4, 6): 48, (4, 8): 1, (4, 11): 1, (4, 13): 1, (4, 14): 1, (4, 16): 59, (4, 23): 5, (5, 6): 64, (5, 7): 1, (5, 9): 1, (5, 10): 1, (5, 13): 1, (5, 14): 1, (5, 16): 1, (5, 17): 1, (5, 19): 40, (6, 7): 1, (6, 9): 1, (6, 10): 1, (6, 11): 1, (6, 12): 1, (6, 14): 1, (6, 19): 1, (7, 11): 81, (7, 14): 1, (7, 17): 1, (7, 19): 1, (7, 21): 28, (8, 10): 82, (8, 11): 1, (8, 12): 1, (8, 14): 1, (8, 16): 1, (8, 18): 20, (8, 22): 1, (9, 10): 1, (9, 11): 1, (9, 12): 58, (9, 13): 1, (9, 14): 1, (9, 20): 1, (9, 21): 1, (9, 22): 1, (10, 12): 1, (10, 14): 5, (10, 16): 1, (10, 18): 1, (10, 22): 1, (10, 23): 1, (11, 12): 1, (11, 15): 1, (11, 17): 1, (11, 18): 1, (11, 22): 1, (11, 23): 1, (12, 13): 1, (12, 14): 1, (12, 21): 8, (12, 23): 12, (13, 14): 1, (13, 15): 1, (13, 16): 1, (13, 18): 1, (13, 19): 1, (13, 22): 1, (14, 15): 1, (14, 17): 1, (14, 19): 1, (14, 22): 1, (14, 24): 1, (15, 17): 45, (15, 18): 22, (15, 19): 1, (15, 22): 1, (15, 23): 1, (16, 17): 1, (16, 19): 1, (16, 21): 1, (17, 18): 7, (17, 19): 1, (17, 22): 1, (17, 23): 1, (18, 20): 1, (19, 23): 1, (20, 22): 1}",6125.999999994747
380.0,Graph with 25 nodes and 125 edges,"[[0, 0, 0, 0, 1, 1, 1, 1, 0, 0, 1, 0, 1, 0, 1, 0, 0, 1, 1, 0, 0, 0, 1, 1, 0], [0, 0, 0, 1, 0, 0, 1, 0, 1, 0, 1, 0, 1, 0, 0, 0, 1, 0, 0, 0, 0, 0, 0, 1, 1], [0, 0, 0, 1, 0, 1, 0, 0, 0, 0, 0, 1, 0, 1, 1, 0, 0, 0, 0, 1, 0, 0, 1, 1, 0], [0, 1, 1, 0, 0, 1, 0, 1, 1, 1, 1, 0, 0, 1, 0, 0, 1, 0, 1, 1, 1, 0, 1, 1, 0], [1, 0, 0, 0, 0, 1, 1, 0, 1, 0, 0, 1, 0, 1, 1, 0, 1, 0, 0, 0, 0, 0, 0, 1, 0], [1, 0, 1, 1, 1, 0, 1, 1, 0, 1, 1, 0, 0, 1, 1, 0, 1, 1, 0, 1, 0, 0, 0, 0, 0], [1, 1, 0, 0, 1, 1, 0, 1, 0, 1, 1, 1, 1, 0, 1, 0, 0, 0, 0, 1, 0, 0, 0, 0, 0], [1, 0, 0, 1, 0, 1, 1, 0, 0, 0, 0, 1, 0, 0, 1, 0, 0, 1, 0, 1, 0, 1, 0, 0, 0], [0, 1, 0, 1, 1, 0, 0, 0, 0, 0, 1, 1, 1, 0, 1, 0, 1, 0, 1, 0, 0, 0, 1, 0, 0], [0, 0, 0, 1, 0, 1, 1, 0, 0, 0, 1, 1, 1, 1, 1, 0, 0, 0, 0, 0, 1, 1, 1, 0, 0], [1, 1, 0, 1, 0, 1, 1, 0, 1, 1, 0, 0, 1, 0, 1, 0, 1, 0, 1, 0, 0, 0, 1, 1, 0], [0, 0, 1, 0, 1, 0, 1, 1, 1, 1, 0, 0, 1, 0, 0, 1, 0, 1, 1, 0, 0, 0, 1, 1, 0], [1, 1, 0, 0, 0, 0, 1, 0, 1, 1, 1, 1, 0, 1, 1, 0, 0, 0, 0, 0, 0, 1, 0, 1, 0], [0, 0, 1, 1, 1, 1, 0, 0, 0, 1, 0, 0, 1, 0, 1, 1, 1, 0, 1, 1, 0, 0, 1, 0, 0], [1, 0, 1, 0, 1, 1, 1, 1, 1, 1, 1, 0, 1, 1, 0, 1, 0, 1, 0, 1, 0, 0, 1, 0, 1], [0, 0, 0, 0, 0, 0, 0, 0, 0, 0, 0, 1, 0, 1, 1, 0, 0, 1, 1, 1, 0, 0, 1, 1, 0], [0, 1, 0, 1, 1, 1, 0, 0, 1, 0, 1, 0, 0, 1, 0, 0, 0, 1, 0, 1, 0, 1, 0, 0, 0], [1, 0, 0, 0, 0, 1, 0, 1, 0, 0, 0, 1, 0, 0, 1, 1, 1, 0, 1, 1, 0, 0, 1, 1, 0], [1, 0, 0, 1, 0, 0, 0, 0, 1, 0, 1, 1, 0, 1, 0, 1, 0, 1, 0, 0, 1, 0, 0, 0, 0], [0, 0, 1, 1, 0, 1, 1, 1, 0, 0, 0, 0, 0, 1, 1, 1, 1, 1, 0, 0, 0, 0, 0, 1, 0], [0, 0, 0, 1, 0, 0, 0, 0, 0, 1, 0, 0, 0, 0, 0, 0, 0, 0, 1, 0, 0, 0, 1, 0, 0], [0, 0, 0, 0, 0, 0, 0, 1, 0, 1, 0, 0, 1, 0, 0, 0, 1, 0, 0, 0, 0, 0, 0, 0, 0], [1, 0, 1, 1, 0, 0, 0, 0, 1, 1, 1, 1, 0, 1, 1, 1, 0, 1, 0, 0, 1, 0, 0, 0, 0], [1, 1, 1, 1, 1, 0, 0, 0, 0, 0, 1, 1, 1, 0, 0, 1, 0, 1, 0, 1, 0, 0, 0, 0, 0], [0, 1, 0, 0, 0, 0, 0, 0, 0, 0, 0, 0, 0, 0, 1, 0, 0, 0, 0, 0, 0, 0, 0, 0, 0]]",2.0,7.0,Y,"{0: 16, 1: 9, 2: 170, 3: 163, 4: 156, 5: 149, 6: 142, 7: 135, 8: 128, 9: 121, 10: 114, 11: 107, 12: 100, 13: 93, 14: 86, 15: 79, 16: 72, 17: 65, 18: 58, 19: 51, 20: 44, 21: 37, 22: 30, 23: 23, 24: 2}","{(0, 4): 1, (0, 5): 1, (0, 6): 6, (0, 7): 1, (0, 10): 1, (0, 12): 1, (0, 14): 1, (0, 17): 1, (0, 18): 1, (0, 22): 1, (0, 23): 1, (1, 3): 1, (1, 6): 1, (1, 8): 1, (1, 10): 2, (1, 12): 1, (1, 16): 1, (1, 23): 1, (1, 24): 1, (2, 3): 84, (2, 5): 1, (2, 11): 1, (2, 13): 80, (2, 14): 1, (2, 19): 1, (2, 22): 1, (2, 23): 1, (3, 5): 1, (3, 7): 1, (3, 8): 27, (3, 9): 1, (3, 10): 1, (3, 13): 1, (3, 16): 1, (3, 18): 1, (3, 19): 1, (3, 20): 41, (3, 22): 1, (3, 23): 1, (4, 5): 1, (4, 6): 1, (4, 8): 2, (4, 11): 1, (4, 13): 3, (4, 14): 71, (4, 16): 63, (4, 23): 13, (5, 6): 43, (5, 7): 40, (5, 9): 56, (5, 10): 1, (5, 13): 1, (5, 14): 1, (5, 16): 1, (5, 17): 1, (5, 19): 1, (6, 7): 1, (6, 9): 1, (6, 10): 1, (6, 11): 1, (6, 12): 45, (6, 14): 1, (6, 19): 41, (7, 11): 1, (7, 14): 1, (7, 17): 55, (7, 19): 1, (7, 21): 34, (8, 10): 1, (8, 11): 25, (8, 12): 1, (8, 14): 1, (8, 16): 1, (8, 18): 50, (8, 22): 19, (9, 10): 56, (9, 11): 1, (9, 12): 1, (9, 13): 1, (9, 14): 1, (9, 20): 1, (9, 21): 1, (9, 22): 1, (10, 12): 46, (10, 14): 1, (10, 16): 1, (10, 18): 1, (10, 22): 1, (10, 23): 1, (11, 12): 1, (11, 15): 72, (11, 17): 1, (11, 18): 1, (11, 22): 1, (11, 23): 1, (12, 13): 1, (12, 14): 1, (12, 21): 1, (12, 23): 1, (13, 14): 1, (13, 15): 1, (13, 16): 1, (13, 18): 1, (13, 19): 1, (13, 22): 1, (14, 15): 1, (14, 17): 1, (14, 19): 1, (14, 22): 1, (14, 24): 1, (15, 17): 1, (15, 18): 1, (15, 19): 1, (15, 22): 1, (15, 23): 1, (16, 17): 1, (16, 19): 1, (16, 21): 1, (17, 18): 1, (17, 19): 1, (17, 22): 1, (17, 23): 1, (18, 20): 1, (19, 23): 1, (20, 22): 1}",6274.999999959618
380.0,Graph with 25 nodes and 125 edges,"[[0, 0, 0, 0, 1, 1, 1, 1, 0, 0, 1, 0, 1, 0, 1, 0, 0, 1, 1, 0, 0, 0, 1, 1, 0], [0, 0, 0, 1, 0, 0, 1, 0, 1, 0, 1, 0, 1, 0, 0, 0, 1, 0, 0, 0, 0, 0, 0, 1, 1], [0, 0, 0, 1, 0, 1, 0, 0, 0, 0, 0, 1, 0, 1, 1, 0, 0, 0, 0, 1, 0, 0, 1, 1, 0], [0, 1, 1, 0, 0, 1, 0, 1, 1, 1, 1, 0, 0, 1, 0, 0, 1, 0, 1, 1, 1, 0, 1, 1, 0], [1, 0, 0, 0, 0, 1, 1, 0, 1, 0, 0, 1, 0, 1, 1, 0, 1, 0, 0, 0, 0, 0, 0, 1, 0], [1, 0, 1, 1, 1, 0, 1, 1, 0, 1, 1, 0, 0, 1, 1, 0, 1, 1, 0, 1, 0, 0, 0, 0, 0], [1, 1, 0, 0, 1, 1, 0, 1, 0, 1, 1, 1, 1, 0, 1, 0, 0, 0, 0, 1, 0, 0, 0, 0, 0], [1, 0, 0, 1, 0, 1, 1, 0, 0, 0, 0, 1, 0, 0, 1, 0, 0, 1, 0, 1, 0, 1, 0, 0, 0], [0, 1, 0, 1, 1, 0, 0, 0, 0, 0, 1, 1, 1, 0, 1, 0, 1, 0, 1, 0, 0, 0, 1, 0, 0], [0, 0, 0, 1, 0, 1, 1, 0, 0, 0, 1, 1, 1, 1, 1, 0, 0, 0, 0, 0, 1, 1, 1, 0, 0], [1, 1, 0, 1, 0, 1, 1, 0, 1, 1, 0, 0, 1, 0, 1, 0, 1, 0, 1, 0, 0, 0, 1, 1, 0], [0, 0, 1, 0, 1, 0, 1, 1, 1, 1, 0, 0, 1, 0, 0, 1, 0, 1, 1, 0, 0, 0, 1, 1, 0], [1, 1, 0, 0, 0, 0, 1, 0, 1, 1, 1, 1, 0, 1, 1, 0, 0, 0, 0, 0, 0, 1, 0, 1, 0], [0, 0, 1, 1, 1, 1, 0, 0, 0, 1, 0, 0, 1, 0, 1, 1, 1, 0, 1, 1, 0, 0, 1, 0, 0], [1, 0, 1, 0, 1, 1, 1, 1, 1, 1, 1, 0, 1, 1, 0, 1, 0, 1, 0, 1, 0, 0, 1, 0, 1], [0, 0, 0, 0, 0, 0, 0, 0, 0, 0, 0, 1, 0, 1, 1, 0, 0, 1, 1, 1, 0, 0, 1, 1, 0], [0, 1, 0, 1, 1, 1, 0, 0, 1, 0, 1, 0, 0, 1, 0, 0, 0, 1, 0, 1, 0, 1, 0, 0, 0], [1, 0, 0, 0, 0, 1, 0, 1, 0, 0, 0, 1, 0, 0, 1, 1, 1, 0, 1, 1, 0, 0, 1, 1, 0], [1, 0, 0, 1, 0, 0, 0, 0, 1, 0, 1, 1, 0, 1, 0, 1, 0, 1, 0, 0, 1, 0, 0, 0, 0], [0, 0, 1, 1, 0, 1, 1, 1, 0, 0, 0, 0, 0, 1, 1, 1, 1, 1, 0, 0, 0, 0, 0, 1, 0], [0, 0, 0, 1, 0, 0, 0, 0, 0, 1, 0, 0, 0, 0, 0, 0, 0, 0, 1, 0, 0, 0, 1, 0, 0], [0, 0, 0, 0, 0, 0, 0, 1, 0, 1, 0, 0, 1, 0, 0, 0, 1, 0, 0, 0, 0, 0, 0, 0, 0], [1, 0, 1, 1, 0, 0, 0, 0, 1, 1, 1, 1, 0, 1, 1, 1, 0, 1, 0, 0, 1, 0, 0, 0, 0], [1, 1, 1, 1, 1, 0, 0, 0, 0, 0, 1, 1, 1, 0, 0, 1, 0, 1, 0, 1, 0, 0, 0, 0, 0], [0, 1, 0, 0, 0, 0, 0, 0, 0, 0, 0, 0, 0, 0, 1, 0, 0, 0, 0, 0, 0, 0, 0, 0, 0]]",2.0,8.0,Y,"{0: 18, 1: 10, 2: 194, 3: 186, 4: 178, 5: 170, 6: 162, 7: 154, 8: 146, 9: 138, 10: 130, 11: 122, 12: 114, 13: 106, 14: 98, 15: 90, 16: 82, 17: 74, 18: 66, 19: 58, 20: 50, 21: 42, 22: 34, 23: 26, 24: 2}","{(0, 4): 8, (0, 5): 1, (0, 6): 1, (0, 7): 1, (0, 10): 1, (0, 12): 1, (0, 14): 1, (0, 17): 1, (0, 18): 1, (0, 22): 1, (0, 23): 1, (1, 3): 1, (1, 6): 1, (1, 8): 1, (1, 10): 3, (1, 12): 1, (1, 16): 1, (1, 23): 1, (1, 24): 1, (2, 3): 93, (2, 5): 1, (2, 11): 1, (2, 13): 95, (2, 14): 1, (2, 19): 1, (2, 22): 1, (2, 23): 1, (3, 5): 1, (3, 7): 1, (3, 8): 1, (3, 9): 64, (3, 10): 1, (3, 13): 1, (3, 16): 1, (3, 18): 1, (3, 19): 1, (3, 20): 18, (3, 22): 1, (3, 23): 1, (4, 5): 1, (4, 6): 1, (4, 8): 1, (4, 11): 1, (4, 13): 1, (4, 14): 76, (4, 16): 73, (4, 23): 16, (5, 6): 1, (5, 7): 45, (5, 9): 28, (5, 10): 87, (5, 13): 1, (5, 14): 1, (5, 16): 1, (5, 17): 1, (5, 19): 1, (6, 7): 1, (6, 9): 9, (6, 10): 1, (6, 11): 1, (6, 12): 97, (6, 14): 1, (6, 19): 48, (7, 11): 1, (7, 14): 1, (7, 17): 64, (7, 19): 1, (7, 21): 39, (8, 10): 30, (8, 11): 29, (8, 12): 1, (8, 14): 1, (8, 16): 1, (8, 18): 58, (8, 22): 23, (9, 10): 1, (9, 11): 1, (9, 12): 1, (9, 13): 1, (9, 14): 1, (9, 20): 30, (9, 21): 1, (9, 22): 1, (10, 12): 1, (10, 14): 1, (10, 16): 1, (10, 18): 1, (10, 22): 1, (10, 23): 1, (11, 12): 1, (11, 15): 83, (11, 17): 1, (11, 18): 1, (11, 22): 1, (11, 23): 1, (12, 13): 1, (12, 14): 8, (12, 21): 1, (12, 23): 1, (13, 14): 1, (13, 15): 1, (13, 16): 1, (13, 18): 1, (13, 19): 1, (13, 22): 1, (14, 15): 1, (14, 17): 1, (14, 19): 1, (14, 22): 1, (14, 24): 1, (15, 17): 1, (15, 18): 1, (15, 19): 1, (15, 22): 1, (15, 23): 1, (16, 17): 1, (16, 19): 1, (16, 21): 1, (17, 18): 1, (17, 19): 1, (17, 22): 1, (17, 23): 1, (18, 20): 1, (19, 23): 1, (20, 22): 1}",6047.999999964304
380.0,Graph with 25 nodes and 125 edges,"[[0, 0, 0, 0, 1, 1, 1, 1, 0, 0, 1, 0, 1, 0, 1, 0, 0, 1, 1, 0, 0, 0, 1, 1, 0], [0, 0, 0, 1, 0, 0, 1, 0, 1, 0, 1, 0, 1, 0, 0, 0, 1, 0, 0, 0, 0, 0, 0, 1, 1], [0, 0, 0, 1, 0, 1, 0, 0, 0, 0, 0, 1, 0, 1, 1, 0, 0, 0, 0, 1, 0, 0, 1, 1, 0], [0, 1, 1, 0, 0, 1, 0, 1, 1, 1, 1, 0, 0, 1, 0, 0, 1, 0, 1, 1, 1, 0, 1, 1, 0], [1, 0, 0, 0, 0, 1, 1, 0, 1, 0, 0, 1, 0, 1, 1, 0, 1, 0, 0, 0, 0, 0, 0, 1, 0], [1, 0, 1, 1, 1, 0, 1, 1, 0, 1, 1, 0, 0, 1, 1, 0, 1, 1, 0, 1, 0, 0, 0, 0, 0], [1, 1, 0, 0, 1, 1, 0, 1, 0, 1, 1, 1, 1, 0, 1, 0, 0, 0, 0, 1, 0, 0, 0, 0, 0], [1, 0, 0, 1, 0, 1, 1, 0, 0, 0, 0, 1, 0, 0, 1, 0, 0, 1, 0, 1, 0, 1, 0, 0, 0], [0, 1, 0, 1, 1, 0, 0, 0, 0, 0, 1, 1, 1, 0, 1, 0, 1, 0, 1, 0, 0, 0, 1, 0, 0], [0, 0, 0, 1, 0, 1, 1, 0, 0, 0, 1, 1, 1, 1, 1, 0, 0, 0, 0, 0, 1, 1, 1, 0, 0], [1, 1, 0, 1, 0, 1, 1, 0, 1, 1, 0, 0, 1, 0, 1, 0, 1, 0, 1, 0, 0, 0, 1, 1, 0], [0, 0, 1, 0, 1, 0, 1, 1, 1, 1, 0, 0, 1, 0, 0, 1, 0, 1, 1, 0, 0, 0, 1, 1, 0], [1, 1, 0, 0, 0, 0, 1, 0, 1, 1, 1, 1, 0, 1, 1, 0, 0, 0, 0, 0, 0, 1, 0, 1, 0], [0, 0, 1, 1, 1, 1, 0, 0, 0, 1, 0, 0, 1, 0, 1, 1, 1, 0, 1, 1, 0, 0, 1, 0, 0], [1, 0, 1, 0, 1, 1, 1, 1, 1, 1, 1, 0, 1, 1, 0, 1, 0, 1, 0, 1, 0, 0, 1, 0, 1], [0, 0, 0, 0, 0, 0, 0, 0, 0, 0, 0, 1, 0, 1, 1, 0, 0, 1, 1, 1, 0, 0, 1, 1, 0], [0, 1, 0, 1, 1, 1, 0, 0, 1, 0, 1, 0, 0, 1, 0, 0, 0, 1, 0, 1, 0, 1, 0, 0, 0], [1, 0, 0, 0, 0, 1, 0, 1, 0, 0, 0, 1, 0, 0, 1, 1, 1, 0, 1, 1, 0, 0, 1, 1, 0], [1, 0, 0, 1, 0, 0, 0, 0, 1, 0, 1, 1, 0, 1, 0, 1, 0, 1, 0, 0, 1, 0, 0, 0, 0], [0, 0, 1, 1, 0, 1, 1, 1, 0, 0, 0, 0, 0, 1, 1, 1, 1, 1, 0, 0, 0, 0, 0, 1, 0], [0, 0, 0, 1, 0, 0, 0, 0, 0, 1, 0, 0, 0, 0, 0, 0, 0, 0, 1, 0, 0, 0, 1, 0, 0], [0, 0, 0, 0, 0, 0, 0, 1, 0, 1, 0, 0, 1, 0, 0, 0, 1, 0, 0, 0, 0, 0, 0, 0, 0], [1, 0, 1, 1, 0, 0, 0, 0, 1, 1, 1, 1, 0, 1, 1, 1, 0, 1, 0, 0, 1, 0, 0, 0, 0], [1, 1, 1, 1, 1, 0, 0, 0, 0, 0, 1, 1, 1, 0, 0, 1, 0, 1, 0, 1, 0, 0, 0, 0, 0], [0, 1, 0, 0, 0, 0, 0, 0, 0, 0, 0, 0, 0, 0, 1, 0, 0, 0, 0, 0, 0, 0, 0, 0, 0]]",2.0,9.0,Y,"{0: 11, 1: 218, 2: 209, 3: 20, 4: 200, 5: 191, 6: 182, 7: 173, 8: 164, 9: 155, 10: 146, 11: 137, 12: 128, 13: 119, 14: 110, 15: 101, 16: 92, 17: 83, 18: 74, 19: 65, 20: 56, 21: 47, 22: 38, 23: 29, 24: 2}","{(0, 4): 1, (0, 5): 1, (0, 6): 1, (0, 7): 1, (0, 10): 1, (0, 12): 1, (0, 14): 1, (0, 17): 1, (0, 18): 1, (0, 22): 1, (0, 23): 1, (1, 3): 1, (1, 6): 1, (1, 8): 155, (1, 10): 57, (1, 12): 1, (1, 16): 1, (1, 23): 1, (1, 24): 1, (2, 3): 1, (2, 5): 41, (2, 11): 1, (2, 13): 108, (2, 14): 1, (2, 19): 55, (2, 22): 1, (2, 23): 1, (3, 5): 7, (3, 7): 1, (3, 8): 1, (3, 9): 1, (3, 10): 1, (3, 13): 1, (3, 16): 1, (3, 18): 1, (3, 19): 1, (3, 20): 1, (3, 22): 1, (3, 23): 1, (4, 5): 86, (4, 6): 19, (4, 8): 1, (4, 11): 1, (4, 13): 1, (4, 14): 1, (4, 16): 83, (4, 23): 7, (5, 6): 48, (5, 7): 1, (5, 9): 1, (5, 10): 1, (5, 13): 1, (5, 14): 1, (5, 16): 1, (5, 17): 1, (5, 19): 1, (6, 7): 1, (6, 9): 67, (6, 10): 1, (6, 11): 1, (6, 12): 41, (6, 14): 1, (6, 19): 1, (7, 11): 33, (7, 14): 18, (7, 17): 73, (7, 19): 1, (7, 21): 44, (8, 10): 1, (8, 11): 1, (8, 12): 1, (8, 14): 1, (8, 16): 1, (8, 18): 1, (8, 22): 1, (9, 10): 1, (9, 11): 1, (9, 12): 1, (9, 13): 1, (9, 14): 1, (9, 20): 53, (9, 21): 1, (9, 22): 27, (10, 12): 1, (10, 14): 1, (10, 16): 1, (10, 18): 66, (10, 22): 1, (10, 23): 13, (11, 12): 1, (11, 15): 94, (11, 17): 1, (11, 18): 1, (11, 22): 1, (11, 23): 1, (12, 13): 1, (12, 14): 78, (12, 21): 1, (12, 23): 1, (13, 14): 1, (13, 15): 1, (13, 16): 1, (13, 18): 1, (13, 19): 1, (13, 22): 1, (14, 15): 1, (14, 17): 1, (14, 19): 1, (14, 22): 1, (14, 24): 1, (15, 17): 1, (15, 18): 1, (15, 19): 1, (15, 22): 1, (15, 23): 1, (16, 17): 1, (16, 19): 1, (16, 21): 1, (17, 18): 1, (17, 19): 1, (17, 22): 1, (17, 23): 1, (18, 20): 1, (19, 23): 1, (20, 22): 1}",6071.000000019922
380.0,Graph with 25 nodes and 125 edges,"[[0, 0, 0, 0, 1, 1, 1, 1, 0, 0, 1, 0, 1, 0, 1, 0, 0, 1, 1, 0, 0, 0, 1, 1, 0], [0, 0, 0, 1, 0, 0, 1, 0, 1, 0, 1, 0, 1, 0, 0, 0, 1, 0, 0, 0, 0, 0, 0, 1, 1], [0, 0, 0, 1, 0, 1, 0, 0, 0, 0, 0, 1, 0, 1, 1, 0, 0, 0, 0, 1, 0, 0, 1, 1, 0], [0, 1, 1, 0, 0, 1, 0, 1, 1, 1, 1, 0, 0, 1, 0, 0, 1, 0, 1, 1, 1, 0, 1, 1, 0], [1, 0, 0, 0, 0, 1, 1, 0, 1, 0, 0, 1, 0, 1, 1, 0, 1, 0, 0, 0, 0, 0, 0, 1, 0], [1, 0, 1, 1, 1, 0, 1, 1, 0, 1, 1, 0, 0, 1, 1, 0, 1, 1, 0, 1, 0, 0, 0, 0, 0], [1, 1, 0, 0, 1, 1, 0, 1, 0, 1, 1, 1, 1, 0, 1, 0, 0, 0, 0, 1, 0, 0, 0, 0, 0], [1, 0, 0, 1, 0, 1, 1, 0, 0, 0, 0, 1, 0, 0, 1, 0, 0, 1, 0, 1, 0, 1, 0, 0, 0], [0, 1, 0, 1, 1, 0, 0, 0, 0, 0, 1, 1, 1, 0, 1, 0, 1, 0, 1, 0, 0, 0, 1, 0, 0], [0, 0, 0, 1, 0, 1, 1, 0, 0, 0, 1, 1, 1, 1, 1, 0, 0, 0, 0, 0, 1, 1, 1, 0, 0], [1, 1, 0, 1, 0, 1, 1, 0, 1, 1, 0, 0, 1, 0, 1, 0, 1, 0, 1, 0, 0, 0, 1, 1, 0], [0, 0, 1, 0, 1, 0, 1, 1, 1, 1, 0, 0, 1, 0, 0, 1, 0, 1, 1, 0, 0, 0, 1, 1, 0], [1, 1, 0, 0, 0, 0, 1, 0, 1, 1, 1, 1, 0, 1, 1, 0, 0, 0, 0, 0, 0, 1, 0, 1, 0], [0, 0, 1, 1, 1, 1, 0, 0, 0, 1, 0, 0, 1, 0, 1, 1, 1, 0, 1, 1, 0, 0, 1, 0, 0], [1, 0, 1, 0, 1, 1, 1, 1, 1, 1, 1, 0, 1, 1, 0, 1, 0, 1, 0, 1, 0, 0, 1, 0, 1], [0, 0, 0, 0, 0, 0, 0, 0, 0, 0, 0, 1, 0, 1, 1, 0, 0, 1, 1, 1, 0, 0, 1, 1, 0], [0, 1, 0, 1, 1, 1, 0, 0, 1, 0, 1, 0, 0, 1, 0, 0, 0, 1, 0, 1, 0, 1, 0, 0, 0], [1, 0, 0, 0, 0, 1, 0, 1, 0, 0, 0, 1, 0, 0, 1, 1, 1, 0, 1, 1, 0, 0, 1, 1, 0], [1, 0, 0, 1, 0, 0, 0, 0, 1, 0, 1, 1, 0, 1, 0, 1, 0, 1, 0, 0, 1, 0, 0, 0, 0], [0, 0, 1, 1, 0, 1, 1, 1, 0, 0, 0, 0, 0, 1, 1, 1, 1, 1, 0, 0, 0, 0, 0, 1, 0], [0, 0, 0, 1, 0, 0, 0, 0, 0, 1, 0, 0, 0, 0, 0, 0, 0, 0, 1, 0, 0, 0, 1, 0, 0], [0, 0, 0, 0, 0, 0, 0, 1, 0, 1, 0, 0, 1, 0, 0, 0, 1, 0, 0, 0, 0, 0, 0, 0, 0], [1, 0, 1, 1, 0, 0, 0, 0, 1, 1, 1, 1, 0, 1, 1, 1, 0, 1, 0, 0, 1, 0, 0, 0, 0], [1, 1, 1, 1, 1, 0, 0, 0, 0, 0, 1, 1, 1, 0, 0, 1, 0, 1, 0, 1, 0, 0, 0, 0, 0], [0, 1, 0, 0, 0, 0, 0, 0, 0, 0, 0, 0, 0, 0, 1, 0, 0, 0, 0, 0, 0, 0, 0, 0, 0]]",3.0,2.0,Y,"{0: 11, 1: 9, 2: 51, 3: 15, 4: 49, 5: 13, 6: 47, 7: 45, 8: 43, 9: 41, 10: 39, 11: 37, 12: 35, 13: 33, 14: 17, 15: 31, 16: 29, 17: 27, 18: 25, 19: 23, 20: 5, 21: 7, 22: 21, 23: 19, 24: 3}","{(0, 4): 1, (0, 5): 1, (0, 6): 1, (0, 7): 1, (0, 10): 1, (0, 12): 1, (0, 14): 1, (0, 17): 1, (0, 18): 1, (0, 22): 1, (0, 23): 1, (1, 3): 1, (1, 6): 1, (1, 8): 2, (1, 10): 1, (1, 12): 1, (1, 16): 1, (1, 23): 1, (1, 24): 1, (2, 3): 2, (2, 5): 1, (2, 11): 2, (2, 13): 22, (2, 14): 1, (2, 19): 13, (2, 22): 1, (2, 23): 9, (3, 5): 1, (3, 7): 1, (3, 8): 1, (3, 9): 1, (3, 10): 1, (3, 13): 1, (3, 16): 1, (3, 18): 1, (3, 19): 1, (3, 20): 1, (3, 22): 1, (3, 23): 1, (4, 5): 1, (4, 6): 1, (4, 8): 22, (4, 11): 1, (4, 13): 1, (4, 14): 1, (4, 16): 20, (4, 23): 1, (5, 6): 1, (5, 7): 1, (5, 9): 1, (5, 10): 1, (5, 13): 1, (5, 14): 1, (5, 16): 1, (5, 17): 1, (5, 19): 1, (6, 7): 23, (6, 9): 1, (6, 10): 1, (6, 11): 1, (6, 12): 15, (6, 14): 1, (6, 19): 1, (7, 11): 1, (7, 14): 1, (7, 17): 12, (7, 19): 1, (7, 21): 4, (8, 10): 1, (8, 11): 1, (8, 12): 1, (8, 14): 1, (8, 16): 1, (8, 18): 12, (8, 22): 1, (9, 10): 18, (9, 11): 2, (9, 12): 2, (9, 13): 1, (9, 14): 1, (9, 20): 2, (9, 21): 1, (9, 22): 10, (10, 12): 9, (10, 14): 1, (10, 16): 1, (10, 18): 1, (10, 22): 1, (10, 23): 1, (11, 12): 1, (11, 15): 24, (11, 17): 1, (11, 18): 1, (11, 22): 1, (11, 23): 1, (12, 13): 1, (12, 14): 1, (12, 21): 1, (12, 23): 1, (13, 14): 1, (13, 15): 1, (13, 16): 1, (13, 18): 1, (13, 19): 1, (13, 22): 1, (14, 15): 1, (14, 17): 1, (14, 19): 1, (14, 22): 1, (14, 24): 2, (15, 17): 1, (15, 18): 1, (15, 19): 1, (15, 22): 1, (15, 23): 1, (16, 17): 1, (16, 19): 1, (16, 21): 1, (17, 18): 6, (17, 19): 1, (17, 22): 1, (17, 23): 1, (18, 20): 1, (19, 23): 1, (20, 22): 1}",5333.9999999479915
380.0,Graph with 25 nodes and 125 edges,"[[0, 0, 0, 0, 1, 1, 1, 1, 0, 0, 1, 0, 1, 0, 1, 0, 0, 1, 1, 0, 0, 0, 1, 1, 0], [0, 0, 0, 1, 0, 0, 1, 0, 1, 0, 1, 0, 1, 0, 0, 0, 1, 0, 0, 0, 0, 0, 0, 1, 1], [0, 0, 0, 1, 0, 1, 0, 0, 0, 0, 0, 1, 0, 1, 1, 0, 0, 0, 0, 1, 0, 0, 1, 1, 0], [0, 1, 1, 0, 0, 1, 0, 1, 1, 1, 1, 0, 0, 1, 0, 0, 1, 0, 1, 1, 1, 0, 1, 1, 0], [1, 0, 0, 0, 0, 1, 1, 0, 1, 0, 0, 1, 0, 1, 1, 0, 1, 0, 0, 0, 0, 0, 0, 1, 0], [1, 0, 1, 1, 1, 0, 1, 1, 0, 1, 1, 0, 0, 1, 1, 0, 1, 1, 0, 1, 0, 0, 0, 0, 0], [1, 1, 0, 0, 1, 1, 0, 1, 0, 1, 1, 1, 1, 0, 1, 0, 0, 0, 0, 1, 0, 0, 0, 0, 0], [1, 0, 0, 1, 0, 1, 1, 0, 0, 0, 0, 1, 0, 0, 1, 0, 0, 1, 0, 1, 0, 1, 0, 0, 0], [0, 1, 0, 1, 1, 0, 0, 0, 0, 0, 1, 1, 1, 0, 1, 0, 1, 0, 1, 0, 0, 0, 1, 0, 0], [0, 0, 0, 1, 0, 1, 1, 0, 0, 0, 1, 1, 1, 1, 1, 0, 0, 0, 0, 0, 1, 1, 1, 0, 0], [1, 1, 0, 1, 0, 1, 1, 0, 1, 1, 0, 0, 1, 0, 1, 0, 1, 0, 1, 0, 0, 0, 1, 1, 0], [0, 0, 1, 0, 1, 0, 1, 1, 1, 1, 0, 0, 1, 0, 0, 1, 0, 1, 1, 0, 0, 0, 1, 1, 0], [1, 1, 0, 0, 0, 0, 1, 0, 1, 1, 1, 1, 0, 1, 1, 0, 0, 0, 0, 0, 0, 1, 0, 1, 0], [0, 0, 1, 1, 1, 1, 0, 0, 0, 1, 0, 0, 1, 0, 1, 1, 1, 0, 1, 1, 0, 0, 1, 0, 0], [1, 0, 1, 0, 1, 1, 1, 1, 1, 1, 1, 0, 1, 1, 0, 1, 0, 1, 0, 1, 0, 0, 1, 0, 1], [0, 0, 0, 0, 0, 0, 0, 0, 0, 0, 0, 1, 0, 1, 1, 0, 0, 1, 1, 1, 0, 0, 1, 1, 0], [0, 1, 0, 1, 1, 1, 0, 0, 1, 0, 1, 0, 0, 1, 0, 0, 0, 1, 0, 1, 0, 1, 0, 0, 0], [1, 0, 0, 0, 0, 1, 0, 1, 0, 0, 0, 1, 0, 0, 1, 1, 1, 0, 1, 1, 0, 0, 1, 1, 0], [1, 0, 0, 1, 0, 0, 0, 0, 1, 0, 1, 1, 0, 1, 0, 1, 0, 1, 0, 0, 1, 0, 0, 0, 0], [0, 0, 1, 1, 0, 1, 1, 1, 0, 0, 0, 0, 0, 1, 1, 1, 1, 1, 0, 0, 0, 0, 0, 1, 0], [0, 0, 0, 1, 0, 0, 0, 0, 0, 1, 0, 0, 0, 0, 0, 0, 0, 0, 1, 0, 0, 0, 1, 0, 0], [0, 0, 0, 0, 0, 0, 0, 1, 0, 1, 0, 0, 1, 0, 0, 0, 1, 0, 0, 0, 0, 0, 0, 0, 0], [1, 0, 1, 1, 0, 0, 0, 0, 1, 1, 1, 1, 0, 1, 1, 1, 0, 1, 0, 0, 1, 0, 0, 0, 0], [1, 1, 1, 1, 1, 0, 0, 0, 0, 0, 1, 1, 1, 0, 0, 1, 0, 1, 0, 1, 0, 0, 0, 0, 0], [0, 1, 0, 0, 0, 0, 0, 0, 0, 0, 0, 0, 0, 0, 1, 0, 0, 0, 0, 0, 0, 0, 0, 0, 0]]",3.0,3.0,Y,"{0: 12, 1: 9, 2: 75, 3: 15, 4: 72, 5: 69, 6: 66, 7: 63, 8: 60, 9: 57, 10: 54, 11: 51, 12: 48, 13: 45, 14: 18, 15: 42, 16: 39, 17: 36, 18: 33, 19: 30, 20: 6, 21: 27, 22: 24, 23: 21, 24: 3}","{(0, 4): 1, (0, 5): 2, (0, 6): 1, (0, 7): 1, (0, 10): 1, (0, 12): 1, (0, 14): 1, (0, 17): 1, (0, 18): 1, (0, 22): 1, (0, 23): 1, (1, 3): 1, (1, 6): 1, (1, 8): 2, (1, 10): 1, (1, 12): 1, (1, 16): 1, (1, 23): 1, (1, 24): 1, (2, 3): 1, (2, 5): 11, (2, 11): 6, (2, 13): 34, (2, 14): 1, (2, 19): 20, (2, 22): 1, (2, 23): 1, (3, 5): 1, (3, 7): 1, (3, 8): 2, (3, 9): 1, (3, 10): 1, (3, 13): 1, (3, 16): 1, (3, 18): 1, (3, 19): 1, (3, 20): 1, (3, 22): 1, (3, 23): 1, (4, 5): 1, (4, 6): 1, (4, 8): 25, (4, 11): 1, (4, 13): 1, (4, 14): 1, (4, 16): 30, (4, 23): 11, (5, 6): 12, (5, 7): 32, (5, 9): 1, (5, 10): 1, (5, 13): 1, (5, 14): 2, (5, 16): 1, (5, 17): 2, (5, 19): 1, (6, 7): 1, (6, 9): 44, (6, 10): 1, (6, 11): 1, (6, 12): 1, (6, 14): 1, (6, 19): 1, (7, 11): 1, (7, 14): 1, (7, 17): 1, (7, 19): 1, (7, 21): 23, (8, 10): 9, (8, 11): 1, (8, 12): 5, (8, 14): 1, (8, 16): 1, (8, 18): 1, (8, 22): 13, (9, 10): 1, (9, 11): 1, (9, 12): 1, (9, 13): 1, (9, 14): 1, (9, 20): 3, (9, 21): 1, (9, 22): 1, (10, 12): 34, (10, 14): 1, (10, 16): 1, (10, 18): 1, (10, 22): 1, (10, 23): 1, (11, 12): 1, (11, 15): 35, (11, 17): 1, (11, 18): 1, (11, 22): 1, (11, 23): 1, (12, 13): 1, (12, 14): 1, (12, 21): 1, (12, 23): 1, (13, 14): 1, (13, 15): 1, (13, 16): 1, (13, 18): 1, (13, 19): 1, (13, 22): 1, (14, 15): 1, (14, 17): 1, (14, 19): 1, (14, 22): 1, (14, 24): 2, (15, 17): 1, (15, 18): 1, (15, 19): 1, (15, 22): 1, (15, 23): 1, (16, 17): 1, (16, 19): 1, (16, 21): 1, (17, 18): 25, (17, 19): 1, (17, 22): 1, (17, 23): 1, (18, 20): 1, (19, 23): 1, (20, 22): 1}",6286.999999929321
380.0,Graph with 25 nodes and 125 edges,"[[0, 0, 0, 0, 1, 1, 1, 1, 0, 0, 1, 0, 1, 0, 1, 0, 0, 1, 1, 0, 0, 0, 1, 1, 0], [0, 0, 0, 1, 0, 0, 1, 0, 1, 0, 1, 0, 1, 0, 0, 0, 1, 0, 0, 0, 0, 0, 0, 1, 1], [0, 0, 0, 1, 0, 1, 0, 0, 0, 0, 0, 1, 0, 1, 1, 0, 0, 0, 0, 1, 0, 0, 1, 1, 0], [0, 1, 1, 0, 0, 1, 0, 1, 1, 1, 1, 0, 0, 1, 0, 0, 1, 0, 1, 1, 1, 0, 1, 1, 0], [1, 0, 0, 0, 0, 1, 1, 0, 1, 0, 0, 1, 0, 1, 1, 0, 1, 0, 0, 0, 0, 0, 0, 1, 0], [1, 0, 1, 1, 1, 0, 1, 1, 0, 1, 1, 0, 0, 1, 1, 0, 1, 1, 0, 1, 0, 0, 0, 0, 0], [1, 1, 0, 0, 1, 1, 0, 1, 0, 1, 1, 1, 1, 0, 1, 0, 0, 0, 0, 1, 0, 0, 0, 0, 0], [1, 0, 0, 1, 0, 1, 1, 0, 0, 0, 0, 1, 0, 0, 1, 0, 0, 1, 0, 1, 0, 1, 0, 0, 0], [0, 1, 0, 1, 1, 0, 0, 0, 0, 0, 1, 1, 1, 0, 1, 0, 1, 0, 1, 0, 0, 0, 1, 0, 0], [0, 0, 0, 1, 0, 1, 1, 0, 0, 0, 1, 1, 1, 1, 1, 0, 0, 0, 0, 0, 1, 1, 1, 0, 0], [1, 1, 0, 1, 0, 1, 1, 0, 1, 1, 0, 0, 1, 0, 1, 0, 1, 0, 1, 0, 0, 0, 1, 1, 0], [0, 0, 1, 0, 1, 0, 1, 1, 1, 1, 0, 0, 1, 0, 0, 1, 0, 1, 1, 0, 0, 0, 1, 1, 0], [1, 1, 0, 0, 0, 0, 1, 0, 1, 1, 1, 1, 0, 1, 1, 0, 0, 0, 0, 0, 0, 1, 0, 1, 0], [0, 0, 1, 1, 1, 1, 0, 0, 0, 1, 0, 0, 1, 0, 1, 1, 1, 0, 1, 1, 0, 0, 1, 0, 0], [1, 0, 1, 0, 1, 1, 1, 1, 1, 1, 1, 0, 1, 1, 0, 1, 0, 1, 0, 1, 0, 0, 1, 0, 1], [0, 0, 0, 0, 0, 0, 0, 0, 0, 0, 0, 1, 0, 1, 1, 0, 0, 1, 1, 1, 0, 0, 1, 1, 0], [0, 1, 0, 1, 1, 1, 0, 0, 1, 0, 1, 0, 0, 1, 0, 0, 0, 1, 0, 1, 0, 1, 0, 0, 0], [1, 0, 0, 0, 0, 1, 0, 1, 0, 0, 0, 1, 0, 0, 1, 1, 1, 0, 1, 1, 0, 0, 1, 1, 0], [1, 0, 0, 1, 0, 0, 0, 0, 1, 0, 1, 1, 0, 1, 0, 1, 0, 1, 0, 0, 1, 0, 0, 0, 0], [0, 0, 1, 1, 0, 1, 1, 1, 0, 0, 0, 0, 0, 1, 1, 1, 1, 1, 0, 0, 0, 0, 0, 1, 0], [0, 0, 0, 1, 0, 0, 0, 0, 0, 1, 0, 0, 0, 0, 0, 0, 0, 0, 1, 0, 0, 0, 1, 0, 0], [0, 0, 0, 0, 0, 0, 0, 1, 0, 1, 0, 0, 1, 0, 0, 0, 1, 0, 0, 0, 0, 0, 0, 0, 0], [1, 0, 1, 1, 0, 0, 0, 0, 1, 1, 1, 1, 0, 1, 1, 1, 0, 1, 0, 0, 1, 0, 0, 0, 0], [1, 1, 1, 1, 1, 0, 0, 0, 0, 0, 1, 1, 1, 0, 0, 1, 0, 1, 0, 1, 0, 0, 0, 0, 0], [0, 1, 0, 0, 0, 0, 0, 0, 0, 0, 0, 0, 0, 0, 1, 0, 0, 0, 0, 0, 0, 0, 0, 0, 0]]",3.0,4.0,Y,"{0: 11, 1: 99, 2: 95, 3: 15, 4: 91, 5: 87, 6: 83, 7: 79, 8: 75, 9: 71, 10: 67, 11: 63, 12: 59, 13: 55, 14: 19, 15: 51, 16: 47, 17: 43, 18: 39, 19: 35, 20: 7, 21: 31, 22: 27, 23: 23, 24: 3}","{(0, 4): 1, (0, 5): 1, (0, 6): 1, (0, 7): 1, (0, 10): 1, (0, 12): 1, (0, 14): 1, (0, 17): 1, (0, 18): 1, (0, 22): 1, (0, 23): 1, (1, 3): 1, (1, 6): 1, (1, 8): 56, (1, 10): 1, (1, 12): 35, (1, 16): 1, (1, 23): 1, (1, 24): 2, (2, 3): 2, (2, 5): 5, (2, 11): 1, (2, 13): 44, (2, 14): 1, (2, 19): 25, (2, 22): 16, (2, 23): 1, (3, 5): 1, (3, 7): 1, (3, 8): 1, (3, 9): 1, (3, 10): 1, (3, 13): 1, (3, 16): 1, (3, 18): 1, (3, 19): 1, (3, 20): 1, (3, 22): 1, (3, 23): 1, (4, 5): 1, (4, 6): 34, (4, 8): 1, (4, 11): 1, (4, 13): 1, (4, 14): 1, (4, 16): 38, (4, 23): 13, (5, 6): 40, (5, 7): 32, (5, 9): 1, (5, 10): 1, (5, 13): 1, (5, 14): 1, (5, 16): 1, (5, 17): 1, (5, 19): 1, (6, 7): 1, (6, 9): 1, (6, 10): 1, (6, 11): 1, (6, 12): 1, (6, 14): 1, (6, 19): 1, (7, 11): 1, (7, 14): 4, (7, 17): 10, (7, 19): 1, (7, 21): 28, (8, 10): 1, (8, 11): 1, (8, 12): 3, (8, 14): 1, (8, 16): 1, (8, 18): 8, (8, 22): 1, (9, 10): 55, (9, 11): 1, (9, 12): 4, (9, 13): 1, (9, 14): 1, (9, 20): 4, (9, 21): 1, (9, 22): 1, (10, 12): 1, (10, 14): 1, (10, 16): 1, (10, 18): 1, (10, 22): 1, (10, 23): 1, (11, 12): 9, (11, 15): 44, (11, 17): 1, (11, 18): 1, (11, 22): 1, (11, 23): 1, (12, 13): 1, (12, 14): 1, (12, 21): 1, (12, 23): 1, (13, 14): 1, (13, 15): 1, (13, 16): 1, (13, 18): 1, (13, 19): 1, (13, 22): 1, (14, 15): 1, (14, 17): 1, (14, 19): 1, (14, 22): 1, (14, 24): 1, (15, 17): 1, (15, 18): 1, (15, 19): 1, (15, 22): 1, (15, 23): 1, (16, 17): 1, (16, 19): 1, (16, 21): 1, (17, 18): 24, (17, 19): 1, (17, 22): 1, (17, 23): 1, (18, 20): 1, (19, 23): 1, (20, 22): 1}",6188.999999949374
380.0,Graph with 25 nodes and 125 edges,"[[0, 0, 0, 0, 1, 1, 1, 1, 0, 0, 1, 0, 1, 0, 1, 0, 0, 1, 1, 0, 0, 0, 1, 1, 0], [0, 0, 0, 1, 0, 0, 1, 0, 1, 0, 1, 0, 1, 0, 0, 0, 1, 0, 0, 0, 0, 0, 0, 1, 1], [0, 0, 0, 1, 0, 1, 0, 0, 0, 0, 0, 1, 0, 1, 1, 0, 0, 0, 0, 1, 0, 0, 1, 1, 0], [0, 1, 1, 0, 0, 1, 0, 1, 1, 1, 1, 0, 0, 1, 0, 0, 1, 0, 1, 1, 1, 0, 1, 1, 0], [1, 0, 0, 0, 0, 1, 1, 0, 1, 0, 0, 1, 0, 1, 1, 0, 1, 0, 0, 0, 0, 0, 0, 1, 0], [1, 0, 1, 1, 1, 0, 1, 1, 0, 1, 1, 0, 0, 1, 1, 0, 1, 1, 0, 1, 0, 0, 0, 0, 0], [1, 1, 0, 0, 1, 1, 0, 1, 0, 1, 1, 1, 1, 0, 1, 0, 0, 0, 0, 1, 0, 0, 0, 0, 0], [1, 0, 0, 1, 0, 1, 1, 0, 0, 0, 0, 1, 0, 0, 1, 0, 0, 1, 0, 1, 0, 1, 0, 0, 0], [0, 1, 0, 1, 1, 0, 0, 0, 0, 0, 1, 1, 1, 0, 1, 0, 1, 0, 1, 0, 0, 0, 1, 0, 0], [0, 0, 0, 1, 0, 1, 1, 0, 0, 0, 1, 1, 1, 1, 1, 0, 0, 0, 0, 0, 1, 1, 1, 0, 0], [1, 1, 0, 1, 0, 1, 1, 0, 1, 1, 0, 0, 1, 0, 1, 0, 1, 0, 1, 0, 0, 0, 1, 1, 0], [0, 0, 1, 0, 1, 0, 1, 1, 1, 1, 0, 0, 1, 0, 0, 1, 0, 1, 1, 0, 0, 0, 1, 1, 0], [1, 1, 0, 0, 0, 0, 1, 0, 1, 1, 1, 1, 0, 1, 1, 0, 0, 0, 0, 0, 0, 1, 0, 1, 0], [0, 0, 1, 1, 1, 1, 0, 0, 0, 1, 0, 0, 1, 0, 1, 1, 1, 0, 1, 1, 0, 0, 1, 0, 0], [1, 0, 1, 0, 1, 1, 1, 1, 1, 1, 1, 0, 1, 1, 0, 1, 0, 1, 0, 1, 0, 0, 1, 0, 1], [0, 0, 0, 0, 0, 0, 0, 0, 0, 0, 0, 1, 0, 1, 1, 0, 0, 1, 1, 1, 0, 0, 1, 1, 0], [0, 1, 0, 1, 1, 1, 0, 0, 1, 0, 1, 0, 0, 1, 0, 0, 0, 1, 0, 1, 0, 1, 0, 0, 0], [1, 0, 0, 0, 0, 1, 0, 1, 0, 0, 0, 1, 0, 0, 1, 1, 1, 0, 1, 1, 0, 0, 1, 1, 0], [1, 0, 0, 1, 0, 0, 0, 0, 1, 0, 1, 1, 0, 1, 0, 1, 0, 1, 0, 0, 1, 0, 0, 0, 0], [0, 0, 1, 1, 0, 1, 1, 1, 0, 0, 0, 0, 0, 1, 1, 1, 1, 1, 0, 0, 0, 0, 0, 1, 0], [0, 0, 0, 1, 0, 0, 0, 0, 0, 1, 0, 0, 0, 0, 0, 0, 0, 0, 1, 0, 0, 0, 1, 0, 0], [0, 0, 0, 0, 0, 0, 0, 1, 0, 1, 0, 0, 1, 0, 0, 0, 1, 0, 0, 0, 0, 0, 0, 0, 0], [1, 0, 1, 1, 0, 0, 0, 0, 1, 1, 1, 1, 0, 1, 1, 1, 0, 1, 0, 0, 1, 0, 0, 0, 0], [1, 1, 1, 1, 1, 0, 0, 0, 0, 0, 1, 1, 1, 0, 0, 1, 0, 1, 0, 1, 0, 0, 0, 0, 0], [0, 1, 0, 0, 0, 0, 0, 0, 0, 0, 0, 0, 0, 0, 1, 0, 0, 0, 0, 0, 0, 0, 0, 0, 0]]",3.0,5.0,Y,"{0: 13, 1: 8, 2: 123, 3: 18, 4: 118, 5: 113, 6: 108, 7: 103, 8: 98, 9: 93, 10: 88, 11: 83, 12: 78, 13: 73, 14: 68, 15: 63, 16: 58, 17: 53, 18: 48, 19: 43, 20: 38, 21: 33, 22: 28, 23: 23, 24: 3}","{(0, 4): 1, (0, 5): 1, (0, 6): 1, (0, 7): 1, (0, 10): 1, (0, 12): 1, (0, 14): 3, (0, 17): 1, (0, 18): 1, (0, 22): 1, (0, 23): 1, (1, 3): 1, (1, 6): 1, (1, 8): 1, (1, 10): 1, (1, 12): 1, (1, 16): 1, (1, 23): 1, (1, 24): 1, (2, 3): 1, (2, 5): 55, (2, 11): 1, (2, 13): 62, (2, 14): 1, (2, 19): 1, (2, 22): 1, (2, 23): 1, (3, 5): 1, (3, 7): 5, (3, 8): 1, (3, 9): 1, (3, 10): 1, (3, 13): 1, (3, 16): 1, (3, 18): 1, (3, 19): 1, (3, 20): 1, (3, 22): 1, (3, 23): 1, (4, 5): 1, (4, 6): 94, (4, 8): 2, (4, 11): 16, (4, 13): 1, (4, 14): 1, (4, 16): 1, (4, 23): 1, (5, 6): 1, (5, 7): 10, (5, 9): 15, (5, 10): 1, (5, 13): 1, (5, 14): 1, (5, 16): 1, (5, 17): 23, (5, 19): 1, (6, 7): 1, (6, 9): 1, (6, 10): 1, (6, 11): 1, (6, 12): 5, (6, 14): 1, (6, 19): 1, (7, 11): 1, (7, 14): 1, (7, 17): 20, (7, 19): 33, (7, 21): 30, (8, 10): 1, (8, 11): 1, (8, 12): 1, (8, 14): 1, (8, 16): 49, (8, 18): 40, (8, 22): 1, (9, 10): 1, (9, 11): 2, (9, 12): 1, (9, 13): 1, (9, 14): 34, (9, 20): 35, (9, 21): 1, (9, 22): 1, (10, 12): 64, (10, 14): 1, (10, 16): 1, (10, 18): 1, (10, 22): 1, (10, 23): 13, (11, 12): 1, (11, 15): 56, (11, 17): 1, (11, 18): 1, (11, 22): 1, (11, 23): 1, (12, 13): 1, (12, 14): 1, (12, 21): 1, (12, 23): 1, (13, 14): 1, (13, 15): 1, (13, 16): 1, (13, 18): 1, (13, 19): 1, (13, 22): 1, (14, 15): 1, (14, 17): 1, (14, 19): 1, (14, 22): 17, (14, 24): 2, (15, 17): 1, (15, 18): 1, (15, 19): 1, (15, 22): 1, (15, 23): 1, (16, 17): 1, (16, 19): 1, (16, 21): 1, (17, 18): 1, (17, 19): 1, (17, 22): 1, (17, 23): 1, (18, 20): 1, (19, 23): 1, (20, 22): 1}",6304.000000000087
380.0,Graph with 25 nodes and 125 edges,"[[0, 0, 0, 0, 1, 1, 1, 1, 0, 0, 1, 0, 1, 0, 1, 0, 0, 1, 1, 0, 0, 0, 1, 1, 0], [0, 0, 0, 1, 0, 0, 1, 0, 1, 0, 1, 0, 1, 0, 0, 0, 1, 0, 0, 0, 0, 0, 0, 1, 1], [0, 0, 0, 1, 0, 1, 0, 0, 0, 0, 0, 1, 0, 1, 1, 0, 0, 0, 0, 1, 0, 0, 1, 1, 0], [0, 1, 1, 0, 0, 1, 0, 1, 1, 1, 1, 0, 0, 1, 0, 0, 1, 0, 1, 1, 1, 0, 1, 1, 0], [1, 0, 0, 0, 0, 1, 1, 0, 1, 0, 0, 1, 0, 1, 1, 0, 1, 0, 0, 0, 0, 0, 0, 1, 0], [1, 0, 1, 1, 1, 0, 1, 1, 0, 1, 1, 0, 0, 1, 1, 0, 1, 1, 0, 1, 0, 0, 0, 0, 0], [1, 1, 0, 0, 1, 1, 0, 1, 0, 1, 1, 1, 1, 0, 1, 0, 0, 0, 0, 1, 0, 0, 0, 0, 0], [1, 0, 0, 1, 0, 1, 1, 0, 0, 0, 0, 1, 0, 0, 1, 0, 0, 1, 0, 1, 0, 1, 0, 0, 0], [0, 1, 0, 1, 1, 0, 0, 0, 0, 0, 1, 1, 1, 0, 1, 0, 1, 0, 1, 0, 0, 0, 1, 0, 0], [0, 0, 0, 1, 0, 1, 1, 0, 0, 0, 1, 1, 1, 1, 1, 0, 0, 0, 0, 0, 1, 1, 1, 0, 0], [1, 1, 0, 1, 0, 1, 1, 0, 1, 1, 0, 0, 1, 0, 1, 0, 1, 0, 1, 0, 0, 0, 1, 1, 0], [0, 0, 1, 0, 1, 0, 1, 1, 1, 1, 0, 0, 1, 0, 0, 1, 0, 1, 1, 0, 0, 0, 1, 1, 0], [1, 1, 0, 0, 0, 0, 1, 0, 1, 1, 1, 1, 0, 1, 1, 0, 0, 0, 0, 0, 0, 1, 0, 1, 0], [0, 0, 1, 1, 1, 1, 0, 0, 0, 1, 0, 0, 1, 0, 1, 1, 1, 0, 1, 1, 0, 0, 1, 0, 0], [1, 0, 1, 0, 1, 1, 1, 1, 1, 1, 1, 0, 1, 1, 0, 1, 0, 1, 0, 1, 0, 0, 1, 0, 1], [0, 0, 0, 0, 0, 0, 0, 0, 0, 0, 0, 1, 0, 1, 1, 0, 0, 1, 1, 1, 0, 0, 1, 1, 0], [0, 1, 0, 1, 1, 1, 0, 0, 1, 0, 1, 0, 0, 1, 0, 0, 0, 1, 0, 1, 0, 1, 0, 0, 0], [1, 0, 0, 0, 0, 1, 0, 1, 0, 0, 0, 1, 0, 0, 1, 1, 1, 0, 1, 1, 0, 0, 1, 1, 0], [1, 0, 0, 1, 0, 0, 0, 0, 1, 0, 1, 1, 0, 1, 0, 1, 0, 1, 0, 0, 1, 0, 0, 0, 0], [0, 0, 1, 1, 0, 1, 1, 1, 0, 0, 0, 0, 0, 1, 1, 1, 1, 1, 0, 0, 0, 0, 0, 1, 0], [0, 0, 0, 1, 0, 0, 0, 0, 0, 1, 0, 0, 0, 0, 0, 0, 0, 0, 1, 0, 0, 0, 1, 0, 0], [0, 0, 0, 0, 0, 0, 0, 1, 0, 1, 0, 0, 1, 0, 0, 0, 1, 0, 0, 0, 0, 0, 0, 0, 0], [1, 0, 1, 1, 0, 0, 0, 0, 1, 1, 1, 1, 0, 1, 1, 1, 0, 1, 0, 0, 1, 0, 0, 0, 0], [1, 1, 1, 1, 1, 0, 0, 0, 0, 0, 1, 1, 1, 0, 0, 1, 0, 1, 0, 1, 0, 0, 0, 0, 0], [0, 1, 0, 0, 0, 0, 0, 0, 0, 0, 0, 0, 0, 0, 1, 0, 0, 0, 0, 0, 0, 0, 0, 0, 0]]",3.0,6.0,Y,"{0: 15, 1: 9, 2: 147, 3: 141, 4: 135, 5: 129, 6: 123, 7: 117, 8: 111, 9: 105, 10: 99, 11: 93, 12: 87, 13: 81, 14: 21, 15: 75, 16: 69, 17: 63, 18: 57, 19: 51, 20: 45, 21: 39, 22: 33, 23: 27, 24: 3}","{(0, 4): 5, (0, 5): 1, (0, 6): 1, (0, 7): 1, (0, 10): 1, (0, 12): 1, (0, 14): 1, (0, 17): 1, (0, 18): 1, (0, 22): 1, (0, 23): 1, (1, 3): 1, (1, 6): 1, (1, 8): 1, (1, 10): 1, (1, 12): 2, (1, 16): 1, (1, 23): 1, (1, 24): 1, (2, 3): 1, (2, 5): 17, (2, 11): 55, (2, 13): 70, (2, 14): 1, (2, 19): 1, (2, 22): 1, (2, 23): 1, (3, 5): 1, (3, 7): 26, (3, 8): 1, (3, 9): 76, (3, 10): 1, (3, 13): 1, (3, 16): 1, (3, 18): 1, (3, 19): 1, (3, 20): 27, (3, 22): 1, (3, 23): 1, (4, 5): 48, (4, 6): 1, (4, 8): 1, (4, 11): 1, (4, 13): 1, (4, 14): 1, (4, 16): 60, (4, 23): 17, (5, 6): 54, (5, 7): 1, (5, 9): 1, (5, 10): 1, (5, 13): 1, (5, 14): 1, (5, 16): 1, (5, 17): 1, (5, 19): 1, (6, 7): 1, (6, 9): 1, (6, 10): 1, (6, 11): 1, (6, 12): 60, (6, 14): 1, (6, 19): 1, (7, 11): 1, (7, 14): 1, (7, 17): 49, (7, 19): 1, (7, 21): 36, (8, 10): 66, (8, 11): 1, (8, 12): 1, (8, 14): 1, (8, 16): 1, (8, 18): 37, (8, 22): 1, (9, 10): 1, (9, 11): 1, (9, 12): 17, (9, 13): 1, (9, 14): 1, (9, 20): 3, (9, 21): 1, (9, 22): 1, (10, 12): 1, (10, 14): 1, (10, 16): 1, (10, 18): 1, (10, 22): 22, (10, 23): 1, (11, 12): 1, (11, 15): 28, (11, 17): 1, (11, 18): 1, (11, 22): 1, (11, 23): 1, (12, 13): 1, (12, 14): 1, (12, 21): 1, (12, 23): 1, (13, 14): 1, (13, 15): 1, (13, 16): 1, (13, 18): 1, (13, 19): 1, (13, 22): 1, (14, 15): 1, (14, 17): 5, (14, 19): 1, (14, 22): 1, (14, 24): 2, (15, 17): 1, (15, 18): 1, (15, 19): 41, (15, 22): 1, (15, 23): 1, (16, 17): 1, (16, 19): 1, (16, 21): 1, (17, 18): 1, (17, 19): 1, (17, 22): 1, (17, 23): 1, (18, 20): 13, (19, 23): 1, (20, 22): 1}",6212.000000004991
380.0,Graph with 25 nodes and 125 edges,"[[0, 0, 0, 0, 1, 1, 1, 1, 0, 0, 1, 0, 1, 0, 1, 0, 0, 1, 1, 0, 0, 0, 1, 1, 0], [0, 0, 0, 1, 0, 0, 1, 0, 1, 0, 1, 0, 1, 0, 0, 0, 1, 0, 0, 0, 0, 0, 0, 1, 1], [0, 0, 0, 1, 0, 1, 0, 0, 0, 0, 0, 1, 0, 1, 1, 0, 0, 0, 0, 1, 0, 0, 1, 1, 0], [0, 1, 1, 0, 0, 1, 0, 1, 1, 1, 1, 0, 0, 1, 0, 0, 1, 0, 1, 1, 1, 0, 1, 1, 0], [1, 0, 0, 0, 0, 1, 1, 0, 1, 0, 0, 1, 0, 1, 1, 0, 1, 0, 0, 0, 0, 0, 0, 1, 0], [1, 0, 1, 1, 1, 0, 1, 1, 0, 1, 1, 0, 0, 1, 1, 0, 1, 1, 0, 1, 0, 0, 0, 0, 0], [1, 1, 0, 0, 1, 1, 0, 1, 0, 1, 1, 1, 1, 0, 1, 0, 0, 0, 0, 1, 0, 0, 0, 0, 0], [1, 0, 0, 1, 0, 1, 1, 0, 0, 0, 0, 1, 0, 0, 1, 0, 0, 1, 0, 1, 0, 1, 0, 0, 0], [0, 1, 0, 1, 1, 0, 0, 0, 0, 0, 1, 1, 1, 0, 1, 0, 1, 0, 1, 0, 0, 0, 1, 0, 0], [0, 0, 0, 1, 0, 1, 1, 0, 0, 0, 1, 1, 1, 1, 1, 0, 0, 0, 0, 0, 1, 1, 1, 0, 0], [1, 1, 0, 1, 0, 1, 1, 0, 1, 1, 0, 0, 1, 0, 1, 0, 1, 0, 1, 0, 0, 0, 1, 1, 0], [0, 0, 1, 0, 1, 0, 1, 1, 1, 1, 0, 0, 1, 0, 0, 1, 0, 1, 1, 0, 0, 0, 1, 1, 0], [1, 1, 0, 0, 0, 0, 1, 0, 1, 1, 1, 1, 0, 1, 1, 0, 0, 0, 0, 0, 0, 1, 0, 1, 0], [0, 0, 1, 1, 1, 1, 0, 0, 0, 1, 0, 0, 1, 0, 1, 1, 1, 0, 1, 1, 0, 0, 1, 0, 0], [1, 0, 1, 0, 1, 1, 1, 1, 1, 1, 1, 0, 1, 1, 0, 1, 0, 1, 0, 1, 0, 0, 1, 0, 1], [0, 0, 0, 0, 0, 0, 0, 0, 0, 0, 0, 1, 0, 1, 1, 0, 0, 1, 1, 1, 0, 0, 1, 1, 0], [0, 1, 0, 1, 1, 1, 0, 0, 1, 0, 1, 0, 0, 1, 0, 0, 0, 1, 0, 1, 0, 1, 0, 0, 0], [1, 0, 0, 0, 0, 1, 0, 1, 0, 0, 0, 1, 0, 0, 1, 1, 1, 0, 1, 1, 0, 0, 1, 1, 0], [1, 0, 0, 1, 0, 0, 0, 0, 1, 0, 1, 1, 0, 1, 0, 1, 0, 1, 0, 0, 1, 0, 0, 0, 0], [0, 0, 1, 1, 0, 1, 1, 1, 0, 0, 0, 0, 0, 1, 1, 1, 1, 1, 0, 0, 0, 0, 0, 1, 0], [0, 0, 0, 1, 0, 0, 0, 0, 0, 1, 0, 0, 0, 0, 0, 0, 0, 0, 1, 0, 0, 0, 1, 0, 0], [0, 0, 0, 0, 0, 0, 0, 1, 0, 1, 0, 0, 1, 0, 0, 0, 1, 0, 0, 0, 0, 0, 0, 0, 0], [1, 0, 1, 1, 0, 0, 0, 0, 1, 1, 1, 1, 0, 1, 1, 1, 0, 1, 0, 0, 1, 0, 0, 0, 0], [1, 1, 1, 1, 1, 0, 0, 0, 0, 0, 1, 1, 1, 0, 0, 1, 0, 1, 0, 1, 0, 0, 0, 0, 0], [0, 1, 0, 0, 0, 0, 0, 0, 0, 0, 0, 0, 0, 0, 1, 0, 0, 0, 0, 0, 0, 0, 0, 0, 0]]",3.0,7.0,Y,"{0: 17, 1: 10, 2: 171, 3: 164, 4: 157, 5: 150, 6: 143, 7: 136, 8: 129, 9: 122, 10: 115, 11: 108, 12: 101, 13: 94, 14: 87, 15: 80, 16: 73, 17: 66, 18: 59, 19: 52, 20: 45, 21: 38, 22: 31, 23: 24, 24: 3}","{(0, 4): 7, (0, 5): 1, (0, 6): 1, (0, 7): 1, (0, 10): 1, (0, 12): 1, (0, 14): 1, (0, 17): 1, (0, 18): 1, (0, 22): 1, (0, 23): 1, (1, 3): 1, (1, 6): 1, (1, 8): 3, (1, 10): 1, (1, 12): 1, (1, 16): 1, (1, 23): 1, (1, 24): 1, (2, 3): 83, (2, 5): 1, (2, 11): 1, (2, 13): 69, (2, 14): 13, (2, 19): 1, (2, 22): 1, (2, 23): 1, (3, 5): 1, (3, 7): 1, (3, 8): 1, (3, 9): 1, (3, 10): 32, (3, 13): 1, (3, 16): 1, (3, 18): 1, (3, 19): 1, (3, 20): 37, (3, 22): 1, (3, 23): 1, (4, 5): 67, (4, 6): 1, (4, 8): 1, (4, 11): 1, (4, 13): 1, (4, 14): 1, (4, 16): 64, (4, 23): 14, (5, 6): 1, (5, 7): 1, (5, 9): 1, (5, 10): 72, (5, 13): 1, (5, 14): 1, (5, 16): 1, (5, 17): 1, (5, 19): 1, (6, 7): 1, (6, 9): 92, (6, 10): 1, (6, 11): 1, (6, 12): 1, (6, 14): 1, (6, 19): 42, (7, 11): 94, (7, 14): 1, (7, 17): 1, (7, 19): 1, (7, 21): 35, (8, 10): 1, (8, 11): 1, (8, 12): 49, (8, 14): 1, (8, 16): 1, (8, 18): 51, (8, 22): 20, (9, 10): 1, (9, 11): 1, (9, 12): 1, (9, 13): 1, (9, 14): 16, (9, 20): 5, (9, 21): 1, (9, 22): 1, (10, 12): 1, (10, 14): 1, (10, 16): 1, (10, 18): 1, (10, 22): 1, (10, 23): 1, (11, 12): 1, (11, 15): 4, (11, 17): 1, (11, 18): 1, (11, 22): 1, (11, 23): 1, (12, 13): 1, (12, 14): 43, (12, 21): 1, (12, 23): 1, (13, 14): 1, (13, 15): 15, (13, 16): 1, (13, 18): 1, (13, 19): 1, (13, 22): 1, (14, 15): 1, (14, 17): 1, (14, 19): 1, (14, 22): 1, (14, 24): 2, (15, 17): 56, (15, 18): 1, (15, 19): 1, (15, 22): 1, (15, 23): 1, (16, 17): 1, (16, 19): 1, (16, 21): 1, (17, 18): 1, (17, 19): 1, (17, 22): 1, (17, 23): 1, (18, 20): 1, (19, 23): 1, (20, 22): 1}",6116.999999903783
380.0,Graph with 25 nodes and 125 edges,"[[0, 0, 0, 0, 1, 1, 1, 1, 0, 0, 1, 0, 1, 0, 1, 0, 0, 1, 1, 0, 0, 0, 1, 1, 0], [0, 0, 0, 1, 0, 0, 1, 0, 1, 0, 1, 0, 1, 0, 0, 0, 1, 0, 0, 0, 0, 0, 0, 1, 1], [0, 0, 0, 1, 0, 1, 0, 0, 0, 0, 0, 1, 0, 1, 1, 0, 0, 0, 0, 1, 0, 0, 1, 1, 0], [0, 1, 1, 0, 0, 1, 0, 1, 1, 1, 1, 0, 0, 1, 0, 0, 1, 0, 1, 1, 1, 0, 1, 1, 0], [1, 0, 0, 0, 0, 1, 1, 0, 1, 0, 0, 1, 0, 1, 1, 0, 1, 0, 0, 0, 0, 0, 0, 1, 0], [1, 0, 1, 1, 1, 0, 1, 1, 0, 1, 1, 0, 0, 1, 1, 0, 1, 1, 0, 1, 0, 0, 0, 0, 0], [1, 1, 0, 0, 1, 1, 0, 1, 0, 1, 1, 1, 1, 0, 1, 0, 0, 0, 0, 1, 0, 0, 0, 0, 0], [1, 0, 0, 1, 0, 1, 1, 0, 0, 0, 0, 1, 0, 0, 1, 0, 0, 1, 0, 1, 0, 1, 0, 0, 0], [0, 1, 0, 1, 1, 0, 0, 0, 0, 0, 1, 1, 1, 0, 1, 0, 1, 0, 1, 0, 0, 0, 1, 0, 0], [0, 0, 0, 1, 0, 1, 1, 0, 0, 0, 1, 1, 1, 1, 1, 0, 0, 0, 0, 0, 1, 1, 1, 0, 0], [1, 1, 0, 1, 0, 1, 1, 0, 1, 1, 0, 0, 1, 0, 1, 0, 1, 0, 1, 0, 0, 0, 1, 1, 0], [0, 0, 1, 0, 1, 0, 1, 1, 1, 1, 0, 0, 1, 0, 0, 1, 0, 1, 1, 0, 0, 0, 1, 1, 0], [1, 1, 0, 0, 0, 0, 1, 0, 1, 1, 1, 1, 0, 1, 1, 0, 0, 0, 0, 0, 0, 1, 0, 1, 0], [0, 0, 1, 1, 1, 1, 0, 0, 0, 1, 0, 0, 1, 0, 1, 1, 1, 0, 1, 1, 0, 0, 1, 0, 0], [1, 0, 1, 0, 1, 1, 1, 1, 1, 1, 1, 0, 1, 1, 0, 1, 0, 1, 0, 1, 0, 0, 1, 0, 1], [0, 0, 0, 0, 0, 0, 0, 0, 0, 0, 0, 1, 0, 1, 1, 0, 0, 1, 1, 1, 0, 0, 1, 1, 0], [0, 1, 0, 1, 1, 1, 0, 0, 1, 0, 1, 0, 0, 1, 0, 0, 0, 1, 0, 1, 0, 1, 0, 0, 0], [1, 0, 0, 0, 0, 1, 0, 1, 0, 0, 0, 1, 0, 0, 1, 1, 1, 0, 1, 1, 0, 0, 1, 1, 0], [1, 0, 0, 1, 0, 0, 0, 0, 1, 0, 1, 1, 0, 1, 0, 1, 0, 1, 0, 0, 1, 0, 0, 0, 0], [0, 0, 1, 1, 0, 1, 1, 1, 0, 0, 0, 0, 0, 1, 1, 1, 1, 1, 0, 0, 0, 0, 0, 1, 0], [0, 0, 0, 1, 0, 0, 0, 0, 0, 1, 0, 0, 0, 0, 0, 0, 0, 0, 1, 0, 0, 0, 1, 0, 0], [0, 0, 0, 0, 0, 0, 0, 1, 0, 1, 0, 0, 1, 0, 0, 0, 1, 0, 0, 0, 0, 0, 0, 0, 0], [1, 0, 1, 1, 0, 0, 0, 0, 1, 1, 1, 1, 0, 1, 1, 1, 0, 1, 0, 0, 1, 0, 0, 0, 0], [1, 1, 1, 1, 1, 0, 0, 0, 0, 0, 1, 1, 1, 0, 0, 1, 0, 1, 0, 1, 0, 0, 0, 0, 0], [0, 1, 0, 0, 0, 0, 0, 0, 0, 0, 0, 0, 0, 0, 1, 0, 0, 0, 0, 0, 0, 0, 0, 0, 0]]",3.0,8.0,Y,"{0: 11, 1: 195, 2: 187, 3: 19, 4: 179, 5: 171, 6: 163, 7: 155, 8: 147, 9: 139, 10: 131, 11: 123, 12: 115, 13: 107, 14: 99, 15: 91, 16: 83, 17: 75, 18: 67, 19: 59, 20: 51, 21: 43, 22: 35, 23: 27, 24: 3}","{(0, 4): 1, (0, 5): 1, (0, 6): 1, (0, 7): 1, (0, 10): 1, (0, 12): 1, (0, 14): 1, (0, 17): 1, (0, 18): 1, (0, 22): 1, (0, 23): 1, (1, 3): 1, (1, 6): 1, (1, 8): 138, (1, 10): 2, (1, 12): 1, (1, 16): 49, (1, 23): 1, (1, 24): 1, (2, 3): 1, (2, 5): 1, (2, 11): 1, (2, 13): 96, (2, 14): 37, (2, 19): 49, (2, 22): 1, (2, 23): 1, (3, 5): 1, (3, 7): 1, (3, 8): 1, (3, 9): 6, (3, 10): 1, (3, 13): 1, (3, 16): 1, (3, 18): 1, (3, 19): 1, (3, 20): 1, (3, 22): 1, (3, 23): 1, (4, 5): 102, (4, 6): 1, (4, 8): 1, (4, 11): 29, (4, 13): 1, (4, 14): 1, (4, 16): 25, (4, 23): 17, (5, 6): 7, (5, 7): 1, (5, 9): 1, (5, 10): 45, (5, 13): 1, (5, 14): 1, (5, 16): 1, (5, 17): 7, (5, 19): 1, (6, 7): 147, (6, 9): 1, (6, 10): 1, (6, 11): 1, (6, 12): 1, (6, 14): 1, (6, 19): 1, (7, 11): 1, (7, 14): 1, (7, 17): 1, (7, 19): 1, (7, 21): 1, (8, 10): 1, (8, 11): 1, (8, 12): 1, (8, 14): 1, (8, 16): 1, (8, 18): 1, (8, 22): 1, (9, 10): 1, (9, 11): 1, (9, 12): 1, (9, 13): 1, (9, 14): 15, (9, 20): 48, (9, 21): 40, (9, 22): 24, (10, 12): 73, (10, 14): 1, (10, 16): 1, (10, 18): 1, (10, 22): 1, (10, 23): 1, (11, 12): 1, (11, 15): 84, (11, 17): 1, (11, 18): 1, (11, 22): 1, (11, 23): 1, (12, 13): 1, (12, 14): 33, (12, 21): 1, (12, 23): 1, (13, 14): 1, (13, 15): 1, (13, 16): 1, (13, 18): 1, (13, 19): 1, (13, 22): 1, (14, 15): 1, (14, 17): 1, (14, 19): 1, (14, 22): 1, (14, 24): 2, (15, 17): 1, (15, 18): 1, (15, 19): 1, (15, 22): 1, (15, 23): 1, (16, 17): 1, (16, 19): 1, (16, 21): 1, (17, 18): 59, (17, 19): 1, (17, 22): 1, (17, 23): 1, (18, 20): 1, (19, 23): 1, (20, 22): 1}",6417.00000005585
380.0,Graph with 25 nodes and 125 edges,"[[0, 0, 0, 0, 1, 1, 1, 1, 0, 0, 1, 0, 1, 0, 1, 0, 0, 1, 1, 0, 0, 0, 1, 1, 0], [0, 0, 0, 1, 0, 0, 1, 0, 1, 0, 1, 0, 1, 0, 0, 0, 1, 0, 0, 0, 0, 0, 0, 1, 1], [0, 0, 0, 1, 0, 1, 0, 0, 0, 0, 0, 1, 0, 1, 1, 0, 0, 0, 0, 1, 0, 0, 1, 1, 0], [0, 1, 1, 0, 0, 1, 0, 1, 1, 1, 1, 0, 0, 1, 0, 0, 1, 0, 1, 1, 1, 0, 1, 1, 0], [1, 0, 0, 0, 0, 1, 1, 0, 1, 0, 0, 1, 0, 1, 1, 0, 1, 0, 0, 0, 0, 0, 0, 1, 0], [1, 0, 1, 1, 1, 0, 1, 1, 0, 1, 1, 0, 0, 1, 1, 0, 1, 1, 0, 1, 0, 0, 0, 0, 0], [1, 1, 0, 0, 1, 1, 0, 1, 0, 1, 1, 1, 1, 0, 1, 0, 0, 0, 0, 1, 0, 0, 0, 0, 0], [1, 0, 0, 1, 0, 1, 1, 0, 0, 0, 0, 1, 0, 0, 1, 0, 0, 1, 0, 1, 0, 1, 0, 0, 0], [0, 1, 0, 1, 1, 0, 0, 0, 0, 0, 1, 1, 1, 0, 1, 0, 1, 0, 1, 0, 0, 0, 1, 0, 0], [0, 0, 0, 1, 0, 1, 1, 0, 0, 0, 1, 1, 1, 1, 1, 0, 0, 0, 0, 0, 1, 1, 1, 0, 0], [1, 1, 0, 1, 0, 1, 1, 0, 1, 1, 0, 0, 1, 0, 1, 0, 1, 0, 1, 0, 0, 0, 1, 1, 0], [0, 0, 1, 0, 1, 0, 1, 1, 1, 1, 0, 0, 1, 0, 0, 1, 0, 1, 1, 0, 0, 0, 1, 1, 0], [1, 1, 0, 0, 0, 0, 1, 0, 1, 1, 1, 1, 0, 1, 1, 0, 0, 0, 0, 0, 0, 1, 0, 1, 0], [0, 0, 1, 1, 1, 1, 0, 0, 0, 1, 0, 0, 1, 0, 1, 1, 1, 0, 1, 1, 0, 0, 1, 0, 0], [1, 0, 1, 0, 1, 1, 1, 1, 1, 1, 1, 0, 1, 1, 0, 1, 0, 1, 0, 1, 0, 0, 1, 0, 1], [0, 0, 0, 0, 0, 0, 0, 0, 0, 0, 0, 1, 0, 1, 1, 0, 0, 1, 1, 1, 0, 0, 1, 1, 0], [0, 1, 0, 1, 1, 1, 0, 0, 1, 0, 1, 0, 0, 1, 0, 0, 0, 1, 0, 1, 0, 1, 0, 0, 0], [1, 0, 0, 0, 0, 1, 0, 1, 0, 0, 0, 1, 0, 0, 1, 1, 1, 0, 1, 1, 0, 0, 1, 1, 0], [1, 0, 0, 1, 0, 0, 0, 0, 1, 0, 1, 1, 0, 1, 0, 1, 0, 1, 0, 0, 1, 0, 0, 0, 0], [0, 0, 1, 1, 0, 1, 1, 1, 0, 0, 0, 0, 0, 1, 1, 1, 1, 1, 0, 0, 0, 0, 0, 1, 0], [0, 0, 0, 1, 0, 0, 0, 0, 0, 1, 0, 0, 0, 0, 0, 0, 0, 0, 1, 0, 0, 0, 1, 0, 0], [0, 0, 0, 0, 0, 0, 0, 1, 0, 1, 0, 0, 1, 0, 0, 0, 1, 0, 0, 0, 0, 0, 0, 0, 0], [1, 0, 1, 1, 0, 0, 0, 0, 1, 1, 1, 1, 0, 1, 1, 1, 0, 1, 0, 0, 1, 0, 0, 0, 0], [1, 1, 1, 1, 1, 0, 0, 0, 0, 0, 1, 1, 1, 0, 0, 1, 0, 1, 0, 1, 0, 0, 0, 0, 0], [0, 1, 0, 0, 0, 0, 0, 0, 0, 0, 0, 0, 0, 0, 1, 0, 0, 0, 0, 0, 0, 0, 0, 0, 0]]",3.0,9.0,Y,"{0: 12, 1: 219, 2: 210, 3: 21, 4: 201, 5: 192, 6: 183, 7: 174, 8: 165, 9: 156, 10: 147, 11: 138, 12: 129, 13: 120, 14: 111, 15: 102, 16: 93, 17: 84, 18: 75, 19: 66, 20: 57, 21: 48, 22: 39, 23: 30, 24: 3}","{(0, 4): 1, (0, 5): 1, (0, 6): 1, (0, 7): 2, (0, 10): 1, (0, 12): 1, (0, 14): 1, (0, 17): 1, (0, 18): 1, (0, 22): 1, (0, 23): 1, (1, 3): 1, (1, 6): 63, (1, 8): 108, (1, 10): 1, (1, 12): 42, (1, 16): 1, (1, 23): 1, (1, 24): 1, (2, 3): 1, (2, 5): 1, (2, 11): 1, (2, 13): 109, (2, 14): 55, (2, 19): 41, (2, 22): 1, (2, 23): 1, (3, 5): 1, (3, 7): 1, (3, 8): 1, (3, 9): 8, (3, 10): 1, (3, 13): 1, (3, 16): 1, (3, 18): 1, (3, 19): 1, (3, 20): 1, (3, 22): 1, (3, 23): 1, (4, 5): 110, (4, 6): 1, (4, 8): 1, (4, 11): 1, (4, 13): 1, (4, 14): 1, (4, 16): 84, (4, 23): 1, (5, 6): 71, (5, 7): 1, (5, 9): 1, (5, 10): 1, (5, 13): 1, (5, 14): 1, (5, 16): 1, (5, 17): 1, (5, 19): 1, (6, 7): 1, (6, 9): 1, (6, 10): 1, (6, 11): 1, (6, 12): 1, (6, 14): 41, (6, 19): 1, (7, 11): 33, (7, 14): 1, (7, 17): 74, (7, 19): 16, (7, 21): 45, (8, 10): 1, (8, 11): 1, (8, 12): 48, (8, 14): 1, (8, 16): 1, (8, 18): 1, (8, 22): 1, (9, 10): 112, (9, 11): 1, (9, 12): 1, (9, 13): 1, (9, 14): 1, (9, 20): 1, (9, 21): 1, (9, 22): 28, (10, 12): 11, (10, 14): 1, (10, 16): 1, (10, 18): 14, (10, 22): 1, (10, 23): 1, (11, 12): 1, (11, 15): 95, (11, 17): 1, (11, 18): 1, (11, 22): 1, (11, 23): 1, (12, 13): 1, (12, 14): 1, (12, 21): 1, (12, 23): 20, (13, 14): 1, (13, 15): 1, (13, 16): 1, (13, 18): 1, (13, 19): 1, (13, 22): 1, (14, 15): 1, (14, 17): 1, (14, 19): 1, (14, 22): 1, (14, 24): 2, (15, 17): 1, (15, 18): 1, (15, 19): 1, (15, 22): 1, (15, 23): 1, (16, 17): 1, (16, 19): 1, (16, 21): 1, (17, 18): 1, (17, 19): 1, (17, 22): 1, (17, 23): 1, (18, 20): 54, (19, 23): 1, (20, 22): 1}",6454.000000076121
380.0,Graph with 25 nodes and 125 edges,"[[0, 0, 0, 0, 1, 1, 1, 1, 0, 0, 1, 0, 1, 0, 1, 0, 0, 1, 1, 0, 0, 0, 1, 1, 0], [0, 0, 0, 1, 0, 0, 1, 0, 1, 0, 1, 0, 1, 0, 0, 0, 1, 0, 0, 0, 0, 0, 0, 1, 1], [0, 0, 0, 1, 0, 1, 0, 0, 0, 0, 0, 1, 0, 1, 1, 0, 0, 0, 0, 1, 0, 0, 1, 1, 0], [0, 1, 1, 0, 0, 1, 0, 1, 1, 1, 1, 0, 0, 1, 0, 0, 1, 0, 1, 1, 1, 0, 1, 1, 0], [1, 0, 0, 0, 0, 1, 1, 0, 1, 0, 0, 1, 0, 1, 1, 0, 1, 0, 0, 0, 0, 0, 0, 1, 0], [1, 0, 1, 1, 1, 0, 1, 1, 0, 1, 1, 0, 0, 1, 1, 0, 1, 1, 0, 1, 0, 0, 0, 0, 0], [1, 1, 0, 0, 1, 1, 0, 1, 0, 1, 1, 1, 1, 0, 1, 0, 0, 0, 0, 1, 0, 0, 0, 0, 0], [1, 0, 0, 1, 0, 1, 1, 0, 0, 0, 0, 1, 0, 0, 1, 0, 0, 1, 0, 1, 0, 1, 0, 0, 0], [0, 1, 0, 1, 1, 0, 0, 0, 0, 0, 1, 1, 1, 0, 1, 0, 1, 0, 1, 0, 0, 0, 1, 0, 0], [0, 0, 0, 1, 0, 1, 1, 0, 0, 0, 1, 1, 1, 1, 1, 0, 0, 0, 0, 0, 1, 1, 1, 0, 0], [1, 1, 0, 1, 0, 1, 1, 0, 1, 1, 0, 0, 1, 0, 1, 0, 1, 0, 1, 0, 0, 0, 1, 1, 0], [0, 0, 1, 0, 1, 0, 1, 1, 1, 1, 0, 0, 1, 0, 0, 1, 0, 1, 1, 0, 0, 0, 1, 1, 0], [1, 1, 0, 0, 0, 0, 1, 0, 1, 1, 1, 1, 0, 1, 1, 0, 0, 0, 0, 0, 0, 1, 0, 1, 0], [0, 0, 1, 1, 1, 1, 0, 0, 0, 1, 0, 0, 1, 0, 1, 1, 1, 0, 1, 1, 0, 0, 1, 0, 0], [1, 0, 1, 0, 1, 1, 1, 1, 1, 1, 1, 0, 1, 1, 0, 1, 0, 1, 0, 1, 0, 0, 1, 0, 1], [0, 0, 0, 0, 0, 0, 0, 0, 0, 0, 0, 1, 0, 1, 1, 0, 0, 1, 1, 1, 0, 0, 1, 1, 0], [0, 1, 0, 1, 1, 1, 0, 0, 1, 0, 1, 0, 0, 1, 0, 0, 0, 1, 0, 1, 0, 1, 0, 0, 0], [1, 0, 0, 0, 0, 1, 0, 1, 0, 0, 0, 1, 0, 0, 1, 1, 1, 0, 1, 1, 0, 0, 1, 1, 0], [1, 0, 0, 1, 0, 0, 0, 0, 1, 0, 1, 1, 0, 1, 0, 1, 0, 1, 0, 0, 1, 0, 0, 0, 0], [0, 0, 1, 1, 0, 1, 1, 1, 0, 0, 0, 0, 0, 1, 1, 1, 1, 1, 0, 0, 0, 0, 0, 1, 0], [0, 0, 0, 1, 0, 0, 0, 0, 0, 1, 0, 0, 0, 0, 0, 0, 0, 0, 1, 0, 0, 0, 1, 0, 0], [0, 0, 0, 0, 0, 0, 0, 1, 0, 1, 0, 0, 1, 0, 0, 0, 1, 0, 0, 0, 0, 0, 0, 0, 0], [1, 0, 1, 1, 0, 0, 0, 0, 1, 1, 1, 1, 0, 1, 1, 1, 0, 1, 0, 0, 1, 0, 0, 0, 0], [1, 1, 1, 1, 1, 0, 0, 0, 0, 0, 1, 1, 1, 0, 0, 1, 0, 1, 0, 1, 0, 0, 0, 0, 0], [0, 1, 0, 0, 0, 0, 0, 0, 0, 0, 0, 0, 0, 0, 1, 0, 0, 0, 0, 0, 0, 0, 0, 0, 0]]",4.0,2.0,Y,"{0: 12, 1: 8, 2: 52, 3: 14, 4: 10, 5: 50, 6: 48, 7: 46, 8: 44, 9: 42, 10: 40, 11: 38, 12: 36, 13: 34, 14: 32, 15: 30, 16: 28, 17: 26, 18: 24, 19: 22, 20: 4, 21: 20, 22: 18, 23: 16, 24: 6}","{(0, 4): 1, (0, 5): 1, (0, 6): 1, (0, 7): 1, (0, 10): 1, (0, 12): 2, (0, 14): 1, (0, 17): 1, (0, 18): 1, (0, 22): 1, (0, 23): 1, (1, 3): 1, (1, 6): 1, (1, 8): 1, (1, 10): 1, (1, 12): 1, (1, 16): 1, (1, 23): 1, (1, 24): 1, (2, 3): 1, (2, 5): 6, (2, 11): 18, (2, 13): 23, (2, 14): 1, (2, 19): 1, (2, 22): 1, (2, 23): 1, (3, 5): 1, (3, 7): 1, (3, 8): 1, (3, 9): 1, (3, 10): 1, (3, 13): 1, (3, 16): 1, (3, 18): 1, (3, 19): 1, (3, 20): 1, (3, 22): 1, (3, 23): 1, (4, 5): 2, (4, 6): 1, (4, 8): 1, (4, 11): 1, (4, 13): 1, (4, 14): 1, (4, 16): 1, (4, 23): 1, (5, 6): 1, (5, 7): 32, (5, 9): 1, (5, 10): 1, (5, 13): 1, (5, 14): 1, (5, 16): 1, (5, 17): 1, (5, 19): 1, (6, 7): 7, (6, 9): 1, (6, 10): 1, (6, 11): 1, (6, 12): 21, (6, 14): 1, (6, 19): 12, (7, 11): 1, (7, 14): 1, (7, 17): 1, (7, 19): 1, (7, 21): 1, (8, 10): 1, (8, 11): 1, (8, 12): 5, (8, 14): 13, (8, 16): 19, (8, 18): 1, (8, 22): 1, (9, 10): 8, (9, 11): 3, (9, 12): 1, (9, 13): 1, (9, 14): 1, (9, 20): 1, (9, 21): 17, (9, 22): 7, (10, 12): 1, (10, 14): 1, (10, 16): 1, (10, 18): 16, (10, 22): 1, (10, 23): 6, (11, 12): 1, (11, 15): 8, (11, 17): 1, (11, 18): 1, (11, 22): 1, (11, 23): 1, (12, 13): 1, (12, 14): 1, (12, 21): 1, (12, 23): 1, (13, 14): 1, (13, 15): 1, (13, 16): 1, (13, 18): 1, (13, 19): 1, (13, 22): 1, (14, 15): 1, (14, 17): 1, (14, 19): 1, (14, 22): 1, (14, 24): 5, (15, 17): 16, (15, 18): 1, (15, 19): 1, (15, 22): 1, (15, 23): 1, (16, 17): 1, (16, 19): 1, (16, 21): 1, (17, 18): 1, (17, 19): 1, (17, 22): 1, (17, 23): 1, (18, 20): 1, (19, 23): 1, (20, 22): 1}",5456.000000094718
380.0,Graph with 25 nodes and 125 edges,"[[0, 0, 0, 0, 1, 1, 1, 1, 0, 0, 1, 0, 1, 0, 1, 0, 0, 1, 1, 0, 0, 0, 1, 1, 0], [0, 0, 0, 1, 0, 0, 1, 0, 1, 0, 1, 0, 1, 0, 0, 0, 1, 0, 0, 0, 0, 0, 0, 1, 1], [0, 0, 0, 1, 0, 1, 0, 0, 0, 0, 0, 1, 0, 1, 1, 0, 0, 0, 0, 1, 0, 0, 1, 1, 0], [0, 1, 1, 0, 0, 1, 0, 1, 1, 1, 1, 0, 0, 1, 0, 0, 1, 0, 1, 1, 1, 0, 1, 1, 0], [1, 0, 0, 0, 0, 1, 1, 0, 1, 0, 0, 1, 0, 1, 1, 0, 1, 0, 0, 0, 0, 0, 0, 1, 0], [1, 0, 1, 1, 1, 0, 1, 1, 0, 1, 1, 0, 0, 1, 1, 0, 1, 1, 0, 1, 0, 0, 0, 0, 0], [1, 1, 0, 0, 1, 1, 0, 1, 0, 1, 1, 1, 1, 0, 1, 0, 0, 0, 0, 1, 0, 0, 0, 0, 0], [1, 0, 0, 1, 0, 1, 1, 0, 0, 0, 0, 1, 0, 0, 1, 0, 0, 1, 0, 1, 0, 1, 0, 0, 0], [0, 1, 0, 1, 1, 0, 0, 0, 0, 0, 1, 1, 1, 0, 1, 0, 1, 0, 1, 0, 0, 0, 1, 0, 0], [0, 0, 0, 1, 0, 1, 1, 0, 0, 0, 1, 1, 1, 1, 1, 0, 0, 0, 0, 0, 1, 1, 1, 0, 0], [1, 1, 0, 1, 0, 1, 1, 0, 1, 1, 0, 0, 1, 0, 1, 0, 1, 0, 1, 0, 0, 0, 1, 1, 0], [0, 0, 1, 0, 1, 0, 1, 1, 1, 1, 0, 0, 1, 0, 0, 1, 0, 1, 1, 0, 0, 0, 1, 1, 0], [1, 1, 0, 0, 0, 0, 1, 0, 1, 1, 1, 1, 0, 1, 1, 0, 0, 0, 0, 0, 0, 1, 0, 1, 0], [0, 0, 1, 1, 1, 1, 0, 0, 0, 1, 0, 0, 1, 0, 1, 1, 1, 0, 1, 1, 0, 0, 1, 0, 0], [1, 0, 1, 0, 1, 1, 1, 1, 1, 1, 1, 0, 1, 1, 0, 1, 0, 1, 0, 1, 0, 0, 1, 0, 1], [0, 0, 0, 0, 0, 0, 0, 0, 0, 0, 0, 1, 0, 1, 1, 0, 0, 1, 1, 1, 0, 0, 1, 1, 0], [0, 1, 0, 1, 1, 1, 0, 0, 1, 0, 1, 0, 0, 1, 0, 0, 0, 1, 0, 1, 0, 1, 0, 0, 0], [1, 0, 0, 0, 0, 1, 0, 1, 0, 0, 0, 1, 0, 0, 1, 1, 1, 0, 1, 1, 0, 0, 1, 1, 0], [1, 0, 0, 1, 0, 0, 0, 0, 1, 0, 1, 1, 0, 1, 0, 1, 0, 1, 0, 0, 1, 0, 0, 0, 0], [0, 0, 1, 1, 0, 1, 1, 1, 0, 0, 0, 0, 0, 1, 1, 1, 1, 1, 0, 0, 0, 0, 0, 1, 0], [0, 0, 0, 1, 0, 0, 0, 0, 0, 1, 0, 0, 0, 0, 0, 0, 0, 0, 1, 0, 0, 0, 1, 0, 0], [0, 0, 0, 0, 0, 0, 0, 1, 0, 1, 0, 0, 1, 0, 0, 0, 1, 0, 0, 0, 0, 0, 0, 0, 0], [1, 0, 1, 1, 0, 0, 0, 0, 1, 1, 1, 1, 0, 1, 1, 1, 0, 1, 0, 0, 1, 0, 0, 0, 0], [1, 1, 1, 1, 1, 0, 0, 0, 0, 0, 1, 1, 1, 0, 0, 1, 0, 1, 0, 1, 0, 0, 0, 0, 0], [0, 1, 0, 0, 0, 0, 0, 0, 0, 0, 0, 0, 0, 0, 1, 0, 0, 0, 0, 0, 0, 0, 0, 0, 0]]",4.0,3.0,Y,"{0: 13, 1: 10, 2: 76, 3: 16, 4: 73, 5: 70, 6: 67, 7: 64, 8: 61, 9: 58, 10: 55, 11: 52, 12: 49, 13: 46, 14: 43, 15: 40, 16: 37, 17: 34, 18: 31, 19: 28, 20: 4, 21: 25, 22: 22, 23: 19, 24: 7}","{(0, 4): 1, (0, 5): 1, (0, 6): 1, (0, 7): 1, (0, 10): 1, (0, 12): 1, (0, 14): 3, (0, 17): 1, (0, 18): 1, (0, 22): 1, (0, 23): 1, (1, 3): 1, (1, 6): 1, (1, 8): 1, (1, 10): 3, (1, 12): 1, (1, 16): 1, (1, 23): 1, (1, 24): 1, (2, 3): 3, (2, 5): 33, (2, 11): 1, (2, 13): 35, (2, 14): 1, (2, 19): 1, (2, 22): 1, (2, 23): 1, (3, 5): 1, (3, 7): 1, (3, 8): 1, (3, 9): 1, (3, 10): 1, (3, 13): 1, (3, 16): 1, (3, 18): 1, (3, 19): 1, (3, 20): 1, (3, 22): 1, (3, 23): 1, (4, 5): 1, (4, 6): 1, (4, 8): 31, (4, 11): 1, (4, 13): 1, (4, 14): 1, (4, 16): 28, (4, 23): 8, (5, 6): 1, (5, 7): 16, (5, 9): 1, (5, 10): 1, (5, 13): 1, (5, 14): 11, (5, 16): 1, (5, 17): 1, (5, 19): 1, (6, 7): 1, (6, 9): 3, (6, 10): 1, (6, 11): 1, (6, 12): 38, (6, 14): 1, (6, 19): 18, (7, 11): 1, (7, 14): 1, (7, 17): 20, (7, 19): 1, (7, 21): 22, (8, 10): 4, (8, 11): 1, (8, 12): 1, (8, 14): 1, (8, 16): 1, (8, 18): 19, (8, 22): 1, (9, 10): 38, (9, 11): 9, (9, 12): 1, (9, 13): 1, (9, 14): 1, (9, 20): 1, (9, 21): 1, (9, 22): 1, (10, 12): 1, (10, 14): 1, (10, 16): 1, (10, 18): 1, (10, 22): 1, (10, 23): 1, (11, 12): 1, (11, 15): 33, (11, 17): 1, (11, 18): 1, (11, 22): 1, (11, 23): 1, (12, 13): 1, (12, 14): 1, (12, 21): 1, (12, 23): 2, (13, 14): 1, (13, 15): 1, (13, 16): 1, (13, 18): 1, (13, 19): 1, (13, 22): 1, (14, 15): 1, (14, 17): 1, (14, 19): 1, (14, 22): 11, (14, 24): 6, (15, 17): 1, (15, 18): 1, (15, 19): 1, (15, 22): 1, (15, 23): 1, (16, 17): 1, (16, 19): 1, (16, 21): 1, (17, 18): 5, (17, 19): 1, (17, 22): 1, (17, 23): 1, (18, 20): 1, (19, 23): 1, (20, 22): 1}",6210.000000010041
380.0,Graph with 25 nodes and 125 edges,"[[0, 0, 0, 0, 1, 1, 1, 1, 0, 0, 1, 0, 1, 0, 1, 0, 0, 1, 1, 0, 0, 0, 1, 1, 0], [0, 0, 0, 1, 0, 0, 1, 0, 1, 0, 1, 0, 1, 0, 0, 0, 1, 0, 0, 0, 0, 0, 0, 1, 1], [0, 0, 0, 1, 0, 1, 0, 0, 0, 0, 0, 1, 0, 1, 1, 0, 0, 0, 0, 1, 0, 0, 1, 1, 0], [0, 1, 1, 0, 0, 1, 0, 1, 1, 1, 1, 0, 0, 1, 0, 0, 1, 0, 1, 1, 1, 0, 1, 1, 0], [1, 0, 0, 0, 0, 1, 1, 0, 1, 0, 0, 1, 0, 1, 1, 0, 1, 0, 0, 0, 0, 0, 0, 1, 0], [1, 0, 1, 1, 1, 0, 1, 1, 0, 1, 1, 0, 0, 1, 1, 0, 1, 1, 0, 1, 0, 0, 0, 0, 0], [1, 1, 0, 0, 1, 1, 0, 1, 0, 1, 1, 1, 1, 0, 1, 0, 0, 0, 0, 1, 0, 0, 0, 0, 0], [1, 0, 0, 1, 0, 1, 1, 0, 0, 0, 0, 1, 0, 0, 1, 0, 0, 1, 0, 1, 0, 1, 0, 0, 0], [0, 1, 0, 1, 1, 0, 0, 0, 0, 0, 1, 1, 1, 0, 1, 0, 1, 0, 1, 0, 0, 0, 1, 0, 0], [0, 0, 0, 1, 0, 1, 1, 0, 0, 0, 1, 1, 1, 1, 1, 0, 0, 0, 0, 0, 1, 1, 1, 0, 0], [1, 1, 0, 1, 0, 1, 1, 0, 1, 1, 0, 0, 1, 0, 1, 0, 1, 0, 1, 0, 0, 0, 1, 1, 0], [0, 0, 1, 0, 1, 0, 1, 1, 1, 1, 0, 0, 1, 0, 0, 1, 0, 1, 1, 0, 0, 0, 1, 1, 0], [1, 1, 0, 0, 0, 0, 1, 0, 1, 1, 1, 1, 0, 1, 1, 0, 0, 0, 0, 0, 0, 1, 0, 1, 0], [0, 0, 1, 1, 1, 1, 0, 0, 0, 1, 0, 0, 1, 0, 1, 1, 1, 0, 1, 1, 0, 0, 1, 0, 0], [1, 0, 1, 0, 1, 1, 1, 1, 1, 1, 1, 0, 1, 1, 0, 1, 0, 1, 0, 1, 0, 0, 1, 0, 1], [0, 0, 0, 0, 0, 0, 0, 0, 0, 0, 0, 1, 0, 1, 1, 0, 0, 1, 1, 1, 0, 0, 1, 1, 0], [0, 1, 0, 1, 1, 1, 0, 0, 1, 0, 1, 0, 0, 1, 0, 0, 0, 1, 0, 1, 0, 1, 0, 0, 0], [1, 0, 0, 0, 0, 1, 0, 1, 0, 0, 0, 1, 0, 0, 1, 1, 1, 0, 1, 1, 0, 0, 1, 1, 0], [1, 0, 0, 1, 0, 0, 0, 0, 1, 0, 1, 1, 0, 1, 0, 1, 0, 1, 0, 0, 1, 0, 0, 0, 0], [0, 0, 1, 1, 0, 1, 1, 1, 0, 0, 0, 0, 0, 1, 1, 1, 1, 1, 0, 0, 0, 0, 0, 1, 0], [0, 0, 0, 1, 0, 0, 0, 0, 0, 1, 0, 0, 0, 0, 0, 0, 0, 0, 1, 0, 0, 0, 1, 0, 0], [0, 0, 0, 0, 0, 0, 0, 1, 0, 1, 0, 0, 1, 0, 0, 0, 1, 0, 0, 0, 0, 0, 0, 0, 0], [1, 0, 1, 1, 0, 0, 0, 0, 1, 1, 1, 1, 0, 1, 1, 1, 0, 1, 0, 0, 1, 0, 0, 0, 0], [1, 1, 1, 1, 1, 0, 0, 0, 0, 0, 1, 1, 1, 0, 0, 1, 0, 1, 0, 1, 0, 0, 0, 0, 0], [0, 1, 0, 0, 0, 0, 0, 0, 0, 0, 0, 0, 0, 0, 1, 0, 0, 0, 0, 0, 0, 0, 0, 0, 0]]",4.0,4.0,Y,"{0: 12, 1: 8, 2: 100, 3: 16, 4: 96, 5: 92, 6: 88, 7: 84, 8: 80, 9: 76, 10: 72, 11: 68, 12: 64, 13: 60, 14: 56, 15: 52, 16: 48, 17: 44, 18: 40, 19: 36, 20: 32, 21: 28, 22: 24, 23: 20, 24: 4}","{(0, 4): 1, (0, 5): 1, (0, 6): 1, (0, 7): 1, (0, 10): 2, (0, 12): 1, (0, 14): 1, (0, 17): 1, (0, 18): 1, (0, 22): 1, (0, 23): 1, (1, 3): 1, (1, 6): 1, (1, 8): 1, (1, 10): 1, (1, 12): 1, (1, 16): 1, (1, 23): 1, (1, 24): 1, (2, 3): 1, (2, 5): 1, (2, 11): 13, (2, 13): 48, (2, 14): 34, (2, 19): 1, (2, 22): 1, (2, 23): 1, (3, 5): 3, (3, 7): 1, (3, 8): 1, (3, 9): 1, (3, 10): 1, (3, 13): 1, (3, 16): 1, (3, 18): 1, (3, 19): 1, (3, 20): 1, (3, 22): 1, (3, 23): 1, (4, 5): 1, (4, 6): 1, (4, 8): 40, (4, 11): 1, (4, 13): 2, (4, 14): 1, (4, 16): 39, (4, 23): 10, (5, 6): 1, (5, 7): 5, (5, 9): 1, (5, 10): 59, (5, 13): 1, (5, 14): 1, (5, 16): 1, (5, 17): 16, (5, 19): 1, (6, 7): 25, (6, 9): 1, (6, 10): 1, (6, 11): 1, (6, 12): 29, (6, 14): 1, (6, 19): 26, (7, 11): 1, (7, 14): 6, (7, 17): 19, (7, 19): 1, (7, 21): 25, (8, 10): 1, (8, 11): 1, (8, 12): 1, (8, 14): 1, (8, 16): 1, (8, 18): 32, (8, 22): 1, (9, 10): 1, (9, 11): 1, (9, 12): 26, (9, 13): 1, (9, 14): 1, (9, 20): 29, (9, 21): 1, (9, 22): 13, (10, 12): 1, (10, 14): 1, (10, 16): 1, (10, 18): 1, (10, 22): 1, (10, 23): 1, (11, 12): 1, (11, 15): 45, (11, 17): 1, (11, 18): 1, (11, 22): 1, (11, 23): 1, (12, 13): 1, (12, 14): 1, (12, 21): 1, (12, 23): 1, (13, 14): 1, (13, 15): 1, (13, 16): 1, (13, 18): 1, (13, 19): 1, (13, 22): 1, (14, 15): 1, (14, 17): 1, (14, 19): 1, (14, 22): 1, (14, 24): 3, (15, 17): 1, (15, 18): 1, (15, 19): 1, (15, 22): 1, (15, 23): 1, (16, 17): 1, (16, 19): 1, (16, 21): 1, (17, 18): 1, (17, 19): 1, (17, 22): 1, (17, 23): 1, (18, 20): 1, (19, 23): 1, (20, 22): 1}",6354.000000101223
380.0,Graph with 25 nodes and 125 edges,"[[0, 0, 0, 0, 1, 1, 1, 1, 0, 0, 1, 0, 1, 0, 1, 0, 0, 1, 1, 0, 0, 0, 1, 1, 0], [0, 0, 0, 1, 0, 0, 1, 0, 1, 0, 1, 0, 1, 0, 0, 0, 1, 0, 0, 0, 0, 0, 0, 1, 1], [0, 0, 0, 1, 0, 1, 0, 0, 0, 0, 0, 1, 0, 1, 1, 0, 0, 0, 0, 1, 0, 0, 1, 1, 0], [0, 1, 1, 0, 0, 1, 0, 1, 1, 1, 1, 0, 0, 1, 0, 0, 1, 0, 1, 1, 1, 0, 1, 1, 0], [1, 0, 0, 0, 0, 1, 1, 0, 1, 0, 0, 1, 0, 1, 1, 0, 1, 0, 0, 0, 0, 0, 0, 1, 0], [1, 0, 1, 1, 1, 0, 1, 1, 0, 1, 1, 0, 0, 1, 1, 0, 1, 1, 0, 1, 0, 0, 0, 0, 0], [1, 1, 0, 0, 1, 1, 0, 1, 0, 1, 1, 1, 1, 0, 1, 0, 0, 0, 0, 1, 0, 0, 0, 0, 0], [1, 0, 0, 1, 0, 1, 1, 0, 0, 0, 0, 1, 0, 0, 1, 0, 0, 1, 0, 1, 0, 1, 0, 0, 0], [0, 1, 0, 1, 1, 0, 0, 0, 0, 0, 1, 1, 1, 0, 1, 0, 1, 0, 1, 0, 0, 0, 1, 0, 0], [0, 0, 0, 1, 0, 1, 1, 0, 0, 0, 1, 1, 1, 1, 1, 0, 0, 0, 0, 0, 1, 1, 1, 0, 0], [1, 1, 0, 1, 0, 1, 1, 0, 1, 1, 0, 0, 1, 0, 1, 0, 1, 0, 1, 0, 0, 0, 1, 1, 0], [0, 0, 1, 0, 1, 0, 1, 1, 1, 1, 0, 0, 1, 0, 0, 1, 0, 1, 1, 0, 0, 0, 1, 1, 0], [1, 1, 0, 0, 0, 0, 1, 0, 1, 1, 1, 1, 0, 1, 1, 0, 0, 0, 0, 0, 0, 1, 0, 1, 0], [0, 0, 1, 1, 1, 1, 0, 0, 0, 1, 0, 0, 1, 0, 1, 1, 1, 0, 1, 1, 0, 0, 1, 0, 0], [1, 0, 1, 0, 1, 1, 1, 1, 1, 1, 1, 0, 1, 1, 0, 1, 0, 1, 0, 1, 0, 0, 1, 0, 1], [0, 0, 0, 0, 0, 0, 0, 0, 0, 0, 0, 1, 0, 1, 1, 0, 0, 1, 1, 1, 0, 0, 1, 1, 0], [0, 1, 0, 1, 1, 1, 0, 0, 1, 0, 1, 0, 0, 1, 0, 0, 0, 1, 0, 1, 0, 1, 0, 0, 0], [1, 0, 0, 0, 0, 1, 0, 1, 0, 0, 0, 1, 0, 0, 1, 1, 1, 0, 1, 1, 0, 0, 1, 1, 0], [1, 0, 0, 1, 0, 0, 0, 0, 1, 0, 1, 1, 0, 1, 0, 1, 0, 1, 0, 0, 1, 0, 0, 0, 0], [0, 0, 1, 1, 0, 1, 1, 1, 0, 0, 0, 0, 0, 1, 1, 1, 1, 1, 0, 0, 0, 0, 0, 1, 0], [0, 0, 0, 1, 0, 0, 0, 0, 0, 1, 0, 0, 0, 0, 0, 0, 0, 0, 1, 0, 0, 0, 1, 0, 0], [0, 0, 0, 0, 0, 0, 0, 1, 0, 1, 0, 0, 1, 0, 0, 0, 1, 0, 0, 0, 0, 0, 0, 0, 0], [1, 0, 1, 1, 0, 0, 0, 0, 1, 1, 1, 1, 0, 1, 1, 1, 0, 1, 0, 0, 1, 0, 0, 0, 0], [1, 1, 1, 1, 1, 0, 0, 0, 0, 0, 1, 1, 1, 0, 0, 1, 0, 1, 0, 1, 0, 0, 0, 0, 0], [0, 1, 0, 0, 0, 0, 0, 0, 0, 0, 0, 0, 0, 0, 1, 0, 0, 0, 0, 0, 0, 0, 0, 0, 0]]",4.0,5.0,Y,"{0: 14, 1: 9, 2: 124, 3: 119, 4: 114, 5: 109, 6: 104, 7: 99, 8: 94, 9: 89, 10: 84, 11: 79, 12: 74, 13: 69, 14: 19, 15: 64, 16: 59, 17: 54, 18: 49, 19: 44, 20: 39, 21: 34, 22: 29, 23: 24, 24: 4}","{(0, 4): 1, (0, 5): 4, (0, 6): 1, (0, 7): 1, (0, 10): 1, (0, 12): 1, (0, 14): 1, (0, 17): 1, (0, 18): 1, (0, 22): 1, (0, 23): 1, (1, 3): 1, (1, 6): 1, (1, 8): 1, (1, 10): 1, (1, 12): 1, (1, 16): 1, (1, 23): 1, (1, 24): 2, (2, 3): 71, (2, 5): 17, (2, 11): 17, (2, 13): 15, (2, 14): 1, (2, 19): 1, (2, 22): 1, (2, 23): 1, (3, 5): 1, (3, 7): 1, (3, 8): 1, (3, 9): 1, (3, 10): 1, (3, 13): 1, (3, 16): 1, (3, 18): 1, (3, 19): 1, (3, 20): 36, (3, 22): 1, (3, 23): 1, (4, 5): 1, (4, 6): 1, (4, 8): 1, (4, 11): 1, (4, 13): 44, (4, 14): 1, (4, 16): 50, (4, 23): 14, (5, 6): 50, (5, 7): 1, (5, 9): 1, (5, 10): 1, (5, 13): 1, (5, 14): 1, (5, 16): 1, (5, 17): 1, (5, 19): 29, (6, 7): 16, (6, 9): 1, (6, 10): 30, (6, 11): 1, (6, 12): 1, (6, 14): 1, (6, 19): 1, (7, 11): 1, (7, 14): 3, (7, 17): 44, (7, 19): 1, (7, 21): 31, (8, 10): 1, (8, 11): 1, (8, 12): 28, (8, 14): 1, (8, 16): 1, (8, 18): 41, (8, 22): 18, (9, 10): 43, (9, 11): 1, (9, 12): 37, (9, 13): 1, (9, 14): 1, (9, 20): 1, (9, 21): 1, (9, 22): 1, (10, 12): 1, (10, 14): 1, (10, 16): 1, (10, 18): 1, (10, 22): 1, (10, 23): 1, (11, 12): 1, (11, 15): 52, (11, 17): 1, (11, 18): 1, (11, 22): 1, (11, 23): 1, (12, 13): 1, (12, 14): 1, (12, 21): 1, (12, 23): 1, (13, 14): 1, (13, 15): 1, (13, 16): 1, (13, 18): 1, (13, 19): 1, (13, 22): 1, (14, 15): 1, (14, 17): 1, (14, 19): 1, (14, 22): 1, (14, 24): 2, (15, 17): 1, (15, 18): 1, (15, 19): 6, (15, 22): 1, (15, 23): 1, (16, 17): 1, (16, 19): 1, (16, 21): 1, (17, 18): 1, (17, 19): 1, (17, 22): 1, (17, 23): 1, (18, 20): 1, (19, 23): 1, (20, 22): 1}",6108.000000040192
380.0,Graph with 25 nodes and 125 edges,"[[0, 0, 0, 0, 1, 1, 1, 1, 0, 0, 1, 0, 1, 0, 1, 0, 0, 1, 1, 0, 0, 0, 1, 1, 0], [0, 0, 0, 1, 0, 0, 1, 0, 1, 0, 1, 0, 1, 0, 0, 0, 1, 0, 0, 0, 0, 0, 0, 1, 1], [0, 0, 0, 1, 0, 1, 0, 0, 0, 0, 0, 1, 0, 1, 1, 0, 0, 0, 0, 1, 0, 0, 1, 1, 0], [0, 1, 1, 0, 0, 1, 0, 1, 1, 1, 1, 0, 0, 1, 0, 0, 1, 0, 1, 1, 1, 0, 1, 1, 0], [1, 0, 0, 0, 0, 1, 1, 0, 1, 0, 0, 1, 0, 1, 1, 0, 1, 0, 0, 0, 0, 0, 0, 1, 0], [1, 0, 1, 1, 1, 0, 1, 1, 0, 1, 1, 0, 0, 1, 1, 0, 1, 1, 0, 1, 0, 0, 0, 0, 0], [1, 1, 0, 0, 1, 1, 0, 1, 0, 1, 1, 1, 1, 0, 1, 0, 0, 0, 0, 1, 0, 0, 0, 0, 0], [1, 0, 0, 1, 0, 1, 1, 0, 0, 0, 0, 1, 0, 0, 1, 0, 0, 1, 0, 1, 0, 1, 0, 0, 0], [0, 1, 0, 1, 1, 0, 0, 0, 0, 0, 1, 1, 1, 0, 1, 0, 1, 0, 1, 0, 0, 0, 1, 0, 0], [0, 0, 0, 1, 0, 1, 1, 0, 0, 0, 1, 1, 1, 1, 1, 0, 0, 0, 0, 0, 1, 1, 1, 0, 0], [1, 1, 0, 1, 0, 1, 1, 0, 1, 1, 0, 0, 1, 0, 1, 0, 1, 0, 1, 0, 0, 0, 1, 1, 0], [0, 0, 1, 0, 1, 0, 1, 1, 1, 1, 0, 0, 1, 0, 0, 1, 0, 1, 1, 0, 0, 0, 1, 1, 0], [1, 1, 0, 0, 0, 0, 1, 0, 1, 1, 1, 1, 0, 1, 1, 0, 0, 0, 0, 0, 0, 1, 0, 1, 0], [0, 0, 1, 1, 1, 1, 0, 0, 0, 1, 0, 0, 1, 0, 1, 1, 1, 0, 1, 1, 0, 0, 1, 0, 0], [1, 0, 1, 0, 1, 1, 1, 1, 1, 1, 1, 0, 1, 1, 0, 1, 0, 1, 0, 1, 0, 0, 1, 0, 1], [0, 0, 0, 0, 0, 0, 0, 0, 0, 0, 0, 1, 0, 1, 1, 0, 0, 1, 1, 1, 0, 0, 1, 1, 0], [0, 1, 0, 1, 1, 1, 0, 0, 1, 0, 1, 0, 0, 1, 0, 0, 0, 1, 0, 1, 0, 1, 0, 0, 0], [1, 0, 0, 0, 0, 1, 0, 1, 0, 0, 0, 1, 0, 0, 1, 1, 1, 0, 1, 1, 0, 0, 1, 1, 0], [1, 0, 0, 1, 0, 0, 0, 0, 1, 0, 1, 1, 0, 1, 0, 1, 0, 1, 0, 0, 1, 0, 0, 0, 0], [0, 0, 1, 1, 0, 1, 1, 1, 0, 0, 0, 0, 0, 1, 1, 1, 1, 1, 0, 0, 0, 0, 0, 1, 0], [0, 0, 0, 1, 0, 0, 0, 0, 0, 1, 0, 0, 0, 0, 0, 0, 0, 0, 1, 0, 0, 0, 1, 0, 0], [0, 0, 0, 0, 0, 0, 0, 1, 0, 1, 0, 0, 1, 0, 0, 0, 1, 0, 0, 0, 0, 0, 0, 0, 0], [1, 0, 1, 1, 0, 0, 0, 0, 1, 1, 1, 1, 0, 1, 1, 1, 0, 1, 0, 0, 1, 0, 0, 0, 0], [1, 1, 1, 1, 1, 0, 0, 0, 0, 0, 1, 1, 1, 0, 0, 1, 0, 1, 0, 1, 0, 0, 0, 0, 0], [0, 1, 0, 0, 0, 0, 0, 0, 0, 0, 0, 0, 0, 0, 1, 0, 0, 0, 0, 0, 0, 0, 0, 0, 0]]",4.0,6.0,Y,"{0: 16, 1: 10, 2: 148, 3: 142, 4: 136, 5: 130, 6: 124, 7: 118, 8: 112, 9: 106, 10: 100, 11: 94, 12: 88, 13: 82, 14: 76, 15: 70, 16: 64, 17: 58, 18: 52, 19: 46, 20: 4, 21: 40, 22: 34, 23: 28, 24: 22}","{(0, 4): 1, (0, 5): 1, (0, 6): 1, (0, 7): 1, (0, 10): 1, (0, 12): 6, (0, 14): 1, (0, 17): 1, (0, 18): 1, (0, 22): 1, (0, 23): 1, (1, 3): 1, (1, 6): 1, (1, 8): 1, (1, 10): 1, (1, 12): 1, (1, 16): 1, (1, 23): 1, (1, 24): 3, (2, 3): 49, (2, 5): 16, (2, 11): 21, (2, 13): 58, (2, 14): 1, (2, 19): 1, (2, 22): 1, (2, 23): 1, (3, 5): 1, (3, 7): 1, (3, 8): 1, (3, 9): 81, (3, 10): 1, (3, 13): 1, (3, 16): 1, (3, 18): 1, (3, 19): 1, (3, 20): 1, (3, 22): 1, (3, 23): 1, (4, 5): 1, (4, 6): 69, (4, 8): 1, (4, 11): 1, (4, 13): 1, (4, 14): 43, (4, 16): 1, (4, 23): 18, (5, 6): 42, (5, 7): 27, (5, 9): 1, (5, 10): 1, (5, 13): 1, (5, 14): 1, (5, 16): 1, (5, 17): 1, (5, 19): 36, (6, 7): 1, (6, 9): 5, (6, 10): 1, (6, 11): 1, (6, 12): 1, (6, 14): 1, (6, 19): 1, (7, 11): 1, (7, 14): 1, (7, 17): 48, (7, 19): 1, (7, 21): 37, (8, 10): 1, (8, 11): 1, (8, 12): 60, (8, 14): 1, (8, 16): 1, (8, 18): 44, (8, 22): 1, (9, 10): 12, (9, 11): 1, (9, 12): 1, (9, 13): 1, (9, 14): 1, (9, 20): 1, (9, 21): 1, (9, 22): 1, (10, 12): 1, (10, 14): 1, (10, 16): 55, (10, 18): 1, (10, 22): 23, (10, 23): 1, (11, 12): 1, (11, 15): 63, (11, 17): 1, (11, 18): 1, (11, 22): 1, (11, 23): 1, (12, 13): 14, (12, 14): 1, (12, 21): 1, (12, 23): 1, (13, 14): 1, (13, 15): 1, (13, 16): 1, (13, 18): 1, (13, 19): 1, (13, 22): 1, (14, 15): 1, (14, 17): 1, (14, 19): 1, (14, 22): 1, (14, 24): 19, (15, 17): 1, (15, 18): 1, (15, 19): 1, (15, 22): 1, (15, 23): 1, (16, 17): 1, (16, 19): 1, (16, 21): 1, (17, 18): 1, (17, 19): 1, (17, 22): 1, (17, 23): 1, (18, 20): 1, (19, 23): 1, (20, 22): 1}",6350.999999995111
380.0,Graph with 25 nodes and 125 edges,"[[0, 0, 0, 0, 1, 1, 1, 1, 0, 0, 1, 0, 1, 0, 1, 0, 0, 1, 1, 0, 0, 0, 1, 1, 0], [0, 0, 0, 1, 0, 0, 1, 0, 1, 0, 1, 0, 1, 0, 0, 0, 1, 0, 0, 0, 0, 0, 0, 1, 1], [0, 0, 0, 1, 0, 1, 0, 0, 0, 0, 0, 1, 0, 1, 1, 0, 0, 0, 0, 1, 0, 0, 1, 1, 0], [0, 1, 1, 0, 0, 1, 0, 1, 1, 1, 1, 0, 0, 1, 0, 0, 1, 0, 1, 1, 1, 0, 1, 1, 0], [1, 0, 0, 0, 0, 1, 1, 0, 1, 0, 0, 1, 0, 1, 1, 0, 1, 0, 0, 0, 0, 0, 0, 1, 0], [1, 0, 1, 1, 1, 0, 1, 1, 0, 1, 1, 0, 0, 1, 1, 0, 1, 1, 0, 1, 0, 0, 0, 0, 0], [1, 1, 0, 0, 1, 1, 0, 1, 0, 1, 1, 1, 1, 0, 1, 0, 0, 0, 0, 1, 0, 0, 0, 0, 0], [1, 0, 0, 1, 0, 1, 1, 0, 0, 0, 0, 1, 0, 0, 1, 0, 0, 1, 0, 1, 0, 1, 0, 0, 0], [0, 1, 0, 1, 1, 0, 0, 0, 0, 0, 1, 1, 1, 0, 1, 0, 1, 0, 1, 0, 0, 0, 1, 0, 0], [0, 0, 0, 1, 0, 1, 1, 0, 0, 0, 1, 1, 1, 1, 1, 0, 0, 0, 0, 0, 1, 1, 1, 0, 0], [1, 1, 0, 1, 0, 1, 1, 0, 1, 1, 0, 0, 1, 0, 1, 0, 1, 0, 1, 0, 0, 0, 1, 1, 0], [0, 0, 1, 0, 1, 0, 1, 1, 1, 1, 0, 0, 1, 0, 0, 1, 0, 1, 1, 0, 0, 0, 1, 1, 0], [1, 1, 0, 0, 0, 0, 1, 0, 1, 1, 1, 1, 0, 1, 1, 0, 0, 0, 0, 0, 0, 1, 0, 1, 0], [0, 0, 1, 1, 1, 1, 0, 0, 0, 1, 0, 0, 1, 0, 1, 1, 1, 0, 1, 1, 0, 0, 1, 0, 0], [1, 0, 1, 0, 1, 1, 1, 1, 1, 1, 1, 0, 1, 1, 0, 1, 0, 1, 0, 1, 0, 0, 1, 0, 1], [0, 0, 0, 0, 0, 0, 0, 0, 0, 0, 0, 1, 0, 1, 1, 0, 0, 1, 1, 1, 0, 0, 1, 1, 0], [0, 1, 0, 1, 1, 1, 0, 0, 1, 0, 1, 0, 0, 1, 0, 0, 0, 1, 0, 1, 0, 1, 0, 0, 0], [1, 0, 0, 0, 0, 1, 0, 1, 0, 0, 0, 1, 0, 0, 1, 1, 1, 0, 1, 1, 0, 0, 1, 1, 0], [1, 0, 0, 1, 0, 0, 0, 0, 1, 0, 1, 1, 0, 1, 0, 1, 0, 1, 0, 0, 1, 0, 0, 0, 0], [0, 0, 1, 1, 0, 1, 1, 1, 0, 0, 0, 0, 0, 1, 1, 1, 1, 1, 0, 0, 0, 0, 0, 1, 0], [0, 0, 0, 1, 0, 0, 0, 0, 0, 1, 0, 0, 0, 0, 0, 0, 0, 0, 1, 0, 0, 0, 1, 0, 0], [0, 0, 0, 0, 0, 0, 0, 1, 0, 1, 0, 0, 1, 0, 0, 0, 1, 0, 0, 0, 0, 0, 0, 0, 0], [1, 0, 1, 1, 0, 0, 0, 0, 1, 1, 1, 1, 0, 1, 1, 1, 0, 1, 0, 0, 1, 0, 0, 0, 0], [1, 1, 1, 1, 1, 0, 0, 0, 0, 0, 1, 1, 1, 0, 0, 1, 0, 1, 0, 1, 0, 0, 0, 0, 0], [0, 1, 0, 0, 0, 0, 0, 0, 0, 0, 0, 0, 0, 0, 1, 0, 0, 0, 0, 0, 0, 0, 0, 0, 0]]",4.0,7.0,Y,"{0: 11, 1: 172, 2: 165, 3: 18, 4: 158, 5: 151, 6: 144, 7: 137, 8: 130, 9: 123, 10: 116, 11: 109, 12: 102, 13: 95, 14: 88, 15: 81, 16: 74, 17: 67, 18: 60, 19: 53, 20: 4, 21: 46, 22: 39, 23: 32, 24: 25}","{(0, 4): 1, (0, 5): 1, (0, 6): 1, (0, 7): 1, (0, 10): 1, (0, 12): 1, (0, 14): 1, (0, 17): 1, (0, 18): 1, (0, 22): 1, (0, 23): 1, (1, 3): 1, (1, 6): 1, (1, 8): 121, (1, 10): 1, (1, 12): 1, (1, 16): 22, (1, 23): 1, (1, 24): 24, (2, 3): 5, (2, 5): 29, (2, 11): 1, (2, 13): 84, (2, 14): 1, (2, 19): 43, (2, 22): 1, (2, 23): 1, (3, 5): 1, (3, 7): 1, (3, 8): 1, (3, 9): 1, (3, 10): 1, (3, 13): 1, (3, 16): 1, (3, 18): 1, (3, 19): 1, (3, 20): 1, (3, 22): 1, (3, 23): 1, (4, 5): 14, (4, 6): 1, (4, 8): 1, (4, 11): 1, (4, 13): 1, (4, 14): 73, (4, 16): 44, (4, 23): 22, (5, 6): 51, (5, 7): 1, (5, 9): 48, (5, 10): 1, (5, 13): 1, (5, 14): 1, (5, 16): 1, (5, 17): 1, (5, 19): 1, (6, 7): 7, (6, 9): 1, (6, 10): 1, (6, 11): 1, (6, 12): 78, (6, 14): 1, (6, 19): 1, (7, 11): 81, (7, 14): 1, (7, 17): 1, (7, 19): 1, (7, 21): 43, (8, 10): 1, (8, 11): 1, (8, 12): 1, (8, 14): 1, (8, 16): 1, (8, 18): 1, (8, 22): 1, (9, 10): 39, (9, 11): 1, (9, 12): 1, (9, 13): 1, (9, 14): 1, (9, 20): 1, (9, 21): 1, (9, 22): 28, (10, 12): 15, (10, 14): 1, (10, 16): 1, (10, 18): 52, (10, 22): 1, (10, 23): 1, (11, 12): 1, (11, 15): 18, (11, 17): 1, (11, 18): 1, (11, 22): 1, (11, 23): 1, (12, 13): 1, (12, 14): 1, (12, 21): 1, (12, 23): 1, (13, 14): 1, (13, 15): 1, (13, 16): 1, (13, 18): 1, (13, 19): 1, (13, 22): 1, (14, 15): 1, (14, 17): 1, (14, 19): 1, (14, 22): 1, (14, 24): 1, (15, 17): 57, (15, 18): 1, (15, 19): 1, (15, 22): 1, (15, 23): 1, (16, 17): 1, (16, 19): 1, (16, 21): 1, (17, 18): 1, (17, 19): 1, (17, 22): 1, (17, 23): 1, (18, 20): 1, (19, 23): 1, (20, 22): 1}",6208.00000001509
380.0,Graph with 25 nodes and 125 edges,"[[0, 0, 0, 0, 1, 1, 1, 1, 0, 0, 1, 0, 1, 0, 1, 0, 0, 1, 1, 0, 0, 0, 1, 1, 0], [0, 0, 0, 1, 0, 0, 1, 0, 1, 0, 1, 0, 1, 0, 0, 0, 1, 0, 0, 0, 0, 0, 0, 1, 1], [0, 0, 0, 1, 0, 1, 0, 0, 0, 0, 0, 1, 0, 1, 1, 0, 0, 0, 0, 1, 0, 0, 1, 1, 0], [0, 1, 1, 0, 0, 1, 0, 1, 1, 1, 1, 0, 0, 1, 0, 0, 1, 0, 1, 1, 1, 0, 1, 1, 0], [1, 0, 0, 0, 0, 1, 1, 0, 1, 0, 0, 1, 0, 1, 1, 0, 1, 0, 0, 0, 0, 0, 0, 1, 0], [1, 0, 1, 1, 1, 0, 1, 1, 0, 1, 1, 0, 0, 1, 1, 0, 1, 1, 0, 1, 0, 0, 0, 0, 0], [1, 1, 0, 0, 1, 1, 0, 1, 0, 1, 1, 1, 1, 0, 1, 0, 0, 0, 0, 1, 0, 0, 0, 0, 0], [1, 0, 0, 1, 0, 1, 1, 0, 0, 0, 0, 1, 0, 0, 1, 0, 0, 1, 0, 1, 0, 1, 0, 0, 0], [0, 1, 0, 1, 1, 0, 0, 0, 0, 0, 1, 1, 1, 0, 1, 0, 1, 0, 1, 0, 0, 0, 1, 0, 0], [0, 0, 0, 1, 0, 1, 1, 0, 0, 0, 1, 1, 1, 1, 1, 0, 0, 0, 0, 0, 1, 1, 1, 0, 0], [1, 1, 0, 1, 0, 1, 1, 0, 1, 1, 0, 0, 1, 0, 1, 0, 1, 0, 1, 0, 0, 0, 1, 1, 0], [0, 0, 1, 0, 1, 0, 1, 1, 1, 1, 0, 0, 1, 0, 0, 1, 0, 1, 1, 0, 0, 0, 1, 1, 0], [1, 1, 0, 0, 0, 0, 1, 0, 1, 1, 1, 1, 0, 1, 1, 0, 0, 0, 0, 0, 0, 1, 0, 1, 0], [0, 0, 1, 1, 1, 1, 0, 0, 0, 1, 0, 0, 1, 0, 1, 1, 1, 0, 1, 1, 0, 0, 1, 0, 0], [1, 0, 1, 0, 1, 1, 1, 1, 1, 1, 1, 0, 1, 1, 0, 1, 0, 1, 0, 1, 0, 0, 1, 0, 1], [0, 0, 0, 0, 0, 0, 0, 0, 0, 0, 0, 1, 0, 1, 1, 0, 0, 1, 1, 1, 0, 0, 1, 1, 0], [0, 1, 0, 1, 1, 1, 0, 0, 1, 0, 1, 0, 0, 1, 0, 0, 0, 1, 0, 1, 0, 1, 0, 0, 0], [1, 0, 0, 0, 0, 1, 0, 1, 0, 0, 0, 1, 0, 0, 1, 1, 1, 0, 1, 1, 0, 0, 1, 1, 0], [1, 0, 0, 1, 0, 0, 0, 0, 1, 0, 1, 1, 0, 1, 0, 1, 0, 1, 0, 0, 1, 0, 0, 0, 0], [0, 0, 1, 1, 0, 1, 1, 1, 0, 0, 0, 0, 0, 1, 1, 1, 1, 1, 0, 0, 0, 0, 0, 1, 0], [0, 0, 0, 1, 0, 0, 0, 0, 0, 1, 0, 0, 0, 0, 0, 0, 0, 0, 1, 0, 0, 0, 1, 0, 0], [0, 0, 0, 0, 0, 0, 0, 1, 0, 1, 0, 0, 1, 0, 0, 0, 1, 0, 0, 0, 0, 0, 0, 0, 0], [1, 0, 1, 1, 0, 0, 0, 0, 1, 1, 1, 1, 0, 1, 1, 1, 0, 1, 0, 0, 1, 0, 0, 0, 0], [1, 1, 1, 1, 1, 0, 0, 0, 0, 0, 1, 1, 1, 0, 0, 1, 0, 1, 0, 1, 0, 0, 0, 0, 0], [0, 1, 0, 0, 0, 0, 0, 0, 0, 0, 0, 0, 0, 0, 1, 0, 0, 0, 0, 0, 0, 0, 0, 0, 0]]",4.0,8.0,Y,"{0: 12, 1: 196, 2: 188, 3: 20, 4: 180, 5: 172, 6: 164, 7: 156, 8: 148, 9: 140, 10: 132, 11: 124, 12: 116, 13: 108, 14: 100, 15: 92, 16: 84, 17: 76, 18: 68, 19: 60, 20: 4, 21: 52, 22: 44, 23: 36, 24: 28}","{(0, 4): 2, (0, 5): 1, (0, 6): 1, (0, 7): 1, (0, 10): 1, (0, 12): 1, (0, 14): 1, (0, 17): 1, (0, 18): 1, (0, 22): 1, (0, 23): 1, (1, 3): 1, (1, 6): 1, (1, 8): 107, (1, 10): 1, (1, 12): 57, (1, 16): 1, (1, 23): 1, (1, 24): 27, (2, 3): 1, (2, 5): 1, (2, 11): 1, (2, 13): 97, (2, 14): 36, (2, 19): 50, (2, 22): 1, (2, 23): 1, (3, 5): 1, (3, 7): 1, (3, 8): 1, (3, 9): 7, (3, 10): 1, (3, 13): 1, (3, 16): 1, (3, 18): 1, (3, 19): 1, (3, 20): 1, (3, 22): 1, (3, 23): 1, (4, 5): 1, (4, 6): 1, (4, 8): 1, (4, 11): 72, (4, 13): 1, (4, 14): 1, (4, 16): 75, (4, 23): 26, (5, 6): 48, (5, 7): 85, (5, 9): 1, (5, 10): 29, (5, 13): 1, (5, 14): 1, (5, 16): 1, (5, 17): 1, (5, 19): 1, (6, 7): 16, (6, 9): 92, (6, 10): 1, (6, 11): 1, (6, 12): 1, (6, 14): 1, (6, 19): 1, (7, 11): 1, (7, 14): 1, (7, 17): 1, (7, 19): 1, (7, 21): 49, (8, 10): 33, (8, 11): 1, (8, 12): 1, (8, 14): 1, (8, 16): 1, (8, 18): 1, (8, 22): 1, (9, 10): 1, (9, 11): 1, (9, 12): 1, (9, 13): 1, (9, 14): 1, (9, 20): 1, (9, 21): 1, (9, 22): 33, (10, 12): 1, (10, 14): 1, (10, 16): 1, (10, 18): 60, (10, 22): 1, (10, 23): 1, (11, 12): 1, (11, 15): 31, (11, 17): 12, (11, 18): 1, (11, 22): 1, (11, 23): 1, (12, 13): 1, (12, 14): 50, (12, 21): 1, (12, 23): 1, (13, 14): 1, (13, 15): 1, (13, 16): 1, (13, 18): 1, (13, 19): 1, (13, 22): 1, (14, 15): 1, (14, 17): 1, (14, 19): 1, (14, 22): 1, (14, 24): 1, (15, 17): 55, (15, 18): 1, (15, 19): 1, (15, 22): 1, (15, 23): 1, (16, 17): 1, (16, 19): 1, (16, 21): 1, (17, 18): 1, (17, 19): 1, (17, 22): 1, (17, 23): 1, (18, 20): 1, (19, 23): 1, (20, 22): 1}",6491.99999998018
380.0,Graph with 25 nodes and 125 edges,"[[0, 0, 0, 0, 1, 1, 1, 1, 0, 0, 1, 0, 1, 0, 1, 0, 0, 1, 1, 0, 0, 0, 1, 1, 0], [0, 0, 0, 1, 0, 0, 1, 0, 1, 0, 1, 0, 1, 0, 0, 0, 1, 0, 0, 0, 0, 0, 0, 1, 1], [0, 0, 0, 1, 0, 1, 0, 0, 0, 0, 0, 1, 0, 1, 1, 0, 0, 0, 0, 1, 0, 0, 1, 1, 0], [0, 1, 1, 0, 0, 1, 0, 1, 1, 1, 1, 0, 0, 1, 0, 0, 1, 0, 1, 1, 1, 0, 1, 1, 0], [1, 0, 0, 0, 0, 1, 1, 0, 1, 0, 0, 1, 0, 1, 1, 0, 1, 0, 0, 0, 0, 0, 0, 1, 0], [1, 0, 1, 1, 1, 0, 1, 1, 0, 1, 1, 0, 0, 1, 1, 0, 1, 1, 0, 1, 0, 0, 0, 0, 0], [1, 1, 0, 0, 1, 1, 0, 1, 0, 1, 1, 1, 1, 0, 1, 0, 0, 0, 0, 1, 0, 0, 0, 0, 0], [1, 0, 0, 1, 0, 1, 1, 0, 0, 0, 0, 1, 0, 0, 1, 0, 0, 1, 0, 1, 0, 1, 0, 0, 0], [0, 1, 0, 1, 1, 0, 0, 0, 0, 0, 1, 1, 1, 0, 1, 0, 1, 0, 1, 0, 0, 0, 1, 0, 0], [0, 0, 0, 1, 0, 1, 1, 0, 0, 0, 1, 1, 1, 1, 1, 0, 0, 0, 0, 0, 1, 1, 1, 0, 0], [1, 1, 0, 1, 0, 1, 1, 0, 1, 1, 0, 0, 1, 0, 1, 0, 1, 0, 1, 0, 0, 0, 1, 1, 0], [0, 0, 1, 0, 1, 0, 1, 1, 1, 1, 0, 0, 1, 0, 0, 1, 0, 1, 1, 0, 0, 0, 1, 1, 0], [1, 1, 0, 0, 0, 0, 1, 0, 1, 1, 1, 1, 0, 1, 1, 0, 0, 0, 0, 0, 0, 1, 0, 1, 0], [0, 0, 1, 1, 1, 1, 0, 0, 0, 1, 0, 0, 1, 0, 1, 1, 1, 0, 1, 1, 0, 0, 1, 0, 0], [1, 0, 1, 0, 1, 1, 1, 1, 1, 1, 1, 0, 1, 1, 0, 1, 0, 1, 0, 1, 0, 0, 1, 0, 1], [0, 0, 0, 0, 0, 0, 0, 0, 0, 0, 0, 1, 0, 1, 1, 0, 0, 1, 1, 1, 0, 0, 1, 1, 0], [0, 1, 0, 1, 1, 1, 0, 0, 1, 0, 1, 0, 0, 1, 0, 0, 0, 1, 0, 1, 0, 1, 0, 0, 0], [1, 0, 0, 0, 0, 1, 0, 1, 0, 0, 0, 1, 0, 0, 1, 1, 1, 0, 1, 1, 0, 0, 1, 1, 0], [1, 0, 0, 1, 0, 0, 0, 0, 1, 0, 1, 1, 0, 1, 0, 1, 0, 1, 0, 0, 1, 0, 0, 0, 0], [0, 0, 1, 1, 0, 1, 1, 1, 0, 0, 0, 0, 0, 1, 1, 1, 1, 1, 0, 0, 0, 0, 0, 1, 0], [0, 0, 0, 1, 0, 0, 0, 0, 0, 1, 0, 0, 0, 0, 0, 0, 0, 0, 1, 0, 0, 0, 1, 0, 0], [0, 0, 0, 0, 0, 0, 0, 1, 0, 1, 0, 0, 1, 0, 0, 0, 1, 0, 0, 0, 0, 0, 0, 0, 0], [1, 0, 1, 1, 0, 0, 0, 0, 1, 1, 1, 1, 0, 1, 1, 1, 0, 1, 0, 0, 1, 0, 0, 0, 0], [1, 1, 1, 1, 1, 0, 0, 0, 0, 0, 1, 1, 1, 0, 0, 1, 0, 1, 0, 1, 0, 0, 0, 0, 0], [0, 1, 0, 0, 0, 0, 0, 0, 0, 0, 0, 0, 0, 0, 1, 0, 0, 0, 0, 0, 0, 0, 0, 0, 0]]",4.0,9.0,Y,"{0: 13, 1: 220, 2: 211, 3: 22, 4: 202, 5: 193, 6: 184, 7: 175, 8: 166, 9: 157, 10: 148, 11: 139, 12: 130, 13: 121, 14: 112, 15: 103, 16: 94, 17: 85, 18: 76, 19: 67, 20: 4, 21: 58, 22: 49, 23: 40, 24: 31}","{(0, 4): 1, (0, 5): 1, (0, 6): 3, (0, 7): 1, (0, 10): 1, (0, 12): 1, (0, 14): 1, (0, 17): 1, (0, 18): 1, (0, 22): 1, (0, 23): 1, (1, 3): 1, (1, 6): 1, (1, 8): 133, (1, 10): 1, (1, 12): 52, (1, 16): 1, (1, 23): 1, (1, 24): 30, (2, 3): 9, (2, 5): 31, (2, 11): 1, (2, 13): 110, (2, 14): 1, (2, 19): 57, (2, 22): 1, (2, 23): 1, (3, 5): 1, (3, 7): 1, (3, 8): 1, (3, 9): 1, (3, 10): 1, (3, 13): 1, (3, 16): 1, (3, 18): 1, (3, 19): 1, (3, 20): 1, (3, 22): 1, (3, 23): 1, (4, 5): 1, (4, 6): 1, (4, 8): 25, (4, 11): 1, (4, 13): 1, (4, 14): 57, (4, 16): 85, (4, 23): 30, (5, 6): 124, (5, 7): 28, (5, 9): 1, (5, 10): 1, (5, 13): 1, (5, 14): 1, (5, 16): 1, (5, 17): 1, (5, 19): 1, (6, 7): 12, (6, 9): 38, (6, 10): 1, (6, 11): 1, (6, 12): 1, (6, 14): 1, (6, 19): 1, (7, 11): 1, (7, 14): 1, (7, 17): 75, (7, 19): 1, (7, 21): 55, (8, 10): 1, (8, 11): 1, (8, 12): 1, (8, 14): 1, (8, 16): 1, (8, 18): 1, (8, 22): 1, (9, 10): 1, (9, 11): 73, (9, 12): 1, (9, 13): 1, (9, 14): 1, (9, 20): 1, (9, 21): 1, (9, 22): 38, (10, 12): 69, (10, 14): 1, (10, 16): 1, (10, 18): 68, (10, 22): 1, (10, 23): 1, (11, 12): 1, (11, 15): 56, (11, 17): 1, (11, 18): 1, (11, 22): 1, (11, 23): 1, (12, 13): 1, (12, 14): 1, (12, 21): 1, (12, 23): 1, (13, 14): 1, (13, 15): 1, (13, 16): 1, (13, 18): 1, (13, 19): 1, (13, 22): 1, (14, 15): 41, (14, 17): 1, (14, 19): 1, (14, 22): 1, (14, 24): 1, (15, 17): 1, (15, 18): 1, (15, 19): 1, (15, 22): 1, (15, 23): 1, (16, 17): 1, (16, 19): 1, (16, 21): 1, (17, 18): 1, (17, 19): 1, (17, 22): 1, (17, 23): 1, (18, 20): 1, (19, 23): 1, (20, 22): 1}",6662.000000005719
487.0,Graph with 25 nodes and 137 edges,"[[0, 1, 1, 0, 0, 1, 1, 1, 1, 0, 0, 1, 0, 1, 0, 0, 1, 0, 1, 0, 1, 0, 0, 1, 1], [1, 0, 1, 1, 1, 0, 0, 0, 1, 0, 1, 1, 0, 1, 1, 1, 0, 1, 0, 0, 1, 0, 1, 1, 1], [1, 1, 0, 1, 1, 0, 1, 1, 1, 0, 0, 1, 0, 1, 0, 1, 0, 0, 1, 0, 1, 0, 0, 1, 1], [0, 1, 1, 0, 1, 0, 1, 1, 0, 0, 0, 1, 1, 0, 0, 0, 0, 0, 0, 1, 1, 0, 0, 1, 0], [0, 1, 1, 1, 0, 1, 1, 1, 0, 1, 0, 0, 1, 0, 0, 0, 0, 0, 0, 0, 1, 0, 0, 1, 1], [1, 0, 0, 0, 1, 0, 1, 1, 0, 1, 0, 0, 1, 0, 1, 1, 0, 0, 0, 0, 1, 1, 0, 0, 1], [1, 0, 1, 1, 1, 1, 0, 1, 0, 1, 1, 0, 1, 0, 0, 1, 1, 0, 1, 1, 1, 0, 1, 1, 0], [1, 0, 1, 1, 1, 1, 1, 0, 1, 0, 0, 0, 0, 0, 0, 1, 1, 0, 1, 1, 1, 0, 1, 0, 1], [1, 1, 1, 0, 0, 0, 0, 1, 0, 1, 0, 1, 0, 1, 0, 0, 0, 0, 0, 0, 1, 0, 1, 0, 0], [0, 0, 0, 0, 1, 1, 1, 0, 1, 0, 0, 0, 0, 0, 0, 1, 1, 0, 1, 1, 1, 0, 0, 1, 0], [0, 1, 0, 0, 0, 0, 1, 0, 0, 0, 0, 1, 1, 0, 1, 0, 0, 0, 1, 0, 0, 1, 1, 0, 0], [1, 1, 1, 1, 0, 0, 0, 0, 1, 0, 1, 0, 1, 0, 0, 0, 0, 0, 0, 1, 0, 0, 0, 0, 1], [0, 0, 0, 1, 1, 1, 1, 0, 0, 0, 1, 1, 0, 0, 1, 0, 0, 0, 1, 0, 0, 0, 1, 0, 1], [1, 1, 1, 0, 0, 0, 0, 0, 1, 0, 0, 0, 0, 0, 0, 0, 0, 0, 1, 0, 1, 0, 1, 1, 0], [0, 1, 0, 0, 0, 1, 0, 0, 0, 0, 1, 0, 1, 0, 0, 1, 0, 1, 0, 1, 0, 0, 1, 0, 1], [0, 1, 1, 0, 0, 1, 1, 1, 0, 1, 0, 0, 0, 0, 1, 0, 1, 1, 1, 0, 1, 0, 0, 1, 0], [1, 0, 0, 0, 0, 0, 1, 1, 0, 1, 0, 0, 0, 0, 0, 1, 0, 1, 1, 0, 1, 0, 0, 0, 1], [0, 1, 0, 0, 0, 0, 0, 0, 0, 0, 0, 0, 0, 0, 1, 1, 1, 0, 1, 0, 0, 0, 1, 0, 1], [1, 0, 1, 0, 0, 0, 1, 1, 0, 1, 1, 0, 1, 1, 0, 1, 1, 1, 0, 0, 0, 0, 1, 0, 1], [0, 0, 0, 1, 0, 0, 1, 1, 0, 1, 0, 1, 0, 0, 1, 0, 0, 0, 0, 0, 0, 0, 1, 1, 0], [1, 1, 1, 1, 1, 1, 1, 1, 1, 1, 0, 0, 0, 1, 0, 1, 1, 0, 0, 0, 0, 1, 0, 0, 1], [0, 0, 0, 0, 0, 1, 0, 0, 0, 0, 1, 0, 0, 0, 0, 0, 0, 0, 0, 0, 1, 0, 1, 0, 0], [0, 1, 0, 0, 0, 0, 1, 1, 1, 0, 1, 0, 1, 1, 1, 0, 0, 1, 1, 1, 0, 1, 0, 1, 1], [1, 1, 1, 1, 1, 0, 1, 0, 0, 1, 0, 0, 0, 1, 0, 1, 0, 0, 0, 1, 0, 0, 1, 0, 0], [1, 1, 1, 0, 1, 1, 0, 1, 0, 0, 0, 1, 1, 0, 1, 0, 1, 1, 1, 0, 1, 0, 1, 0, 0]]",4.0,3.0,Y,"{0: 13, 1: 16, 2: 76, 3: 10, 4: 73, 5: 70, 6: 67, 7: 64, 8: 61, 9: 58, 10: 55, 11: 52, 12: 49, 13: 46, 14: 43, 15: 40, 16: 37, 17: 7, 18: 34, 19: 31, 20: 28, 21: 4, 22: 25, 23: 22, 24: 19}","{(0, 1): 1, (0, 2): 1, (0, 5): 1, (0, 6): 1, (0, 7): 1, (0, 8): 1, (0, 11): 1, (0, 13): 1, (0, 16): 1, (0, 18): 1, (0, 20): 1, (0, 23): 1, (0, 24): 1, (1, 2): 1, (1, 3): 1, (1, 4): 1, (1, 8): 2, (1, 10): 1, (1, 11): 1, (1, 13): 1, (1, 14): 1, (1, 15): 1, (1, 17): 1, (1, 20): 1, (1, 22): 1, (1, 23): 1, (1, 24): 1, (2, 3): 1, (2, 4): 1, (2, 6): 19, (2, 7): 29, (2, 8): 1, (2, 11): 1, (2, 13): 1, (2, 15): 1, (2, 18): 1, (2, 20): 1, (2, 23): 12, (2, 24): 6, (3, 4): 1, (3, 6): 1, (3, 7): 1, (3, 11): 1, (3, 12): 1, (3, 19): 1, (3, 20): 1, (3, 23): 1, (4, 5): 39, (4, 6): 1, (4, 7): 1, (4, 9): 25, (4, 12): 1, (4, 20): 1, (4, 23): 1, (4, 24): 1, (5, 6): 1, (5, 7): 1, (5, 9): 2, (5, 12): 1, (5, 14): 21, (5, 15): 1, (5, 20): 1, (5, 21): 1, (5, 24): 1, (6, 7): 23, (6, 9): 1, (6, 10): 1, (6, 12): 1, (6, 15): 1, (6, 16): 1, (6, 18): 1, (6, 19): 1, (6, 20): 1, (6, 22): 12, (6, 23): 1, (7, 8): 1, (7, 15): 1, (7, 16): 1, (7, 18): 1, (7, 19): 1, (7, 20): 1, (7, 22): 1, (7, 24): 1, (8, 9): 1, (8, 11): 1, (8, 13): 39, (8, 20): 14, (8, 22): 1, (9, 15): 1, (9, 16): 1, (9, 18): 1, (9, 19): 24, (9, 20): 1, (9, 23): 1, (10, 11): 44, (10, 12): 5, (10, 14): 1, (10, 18): 1, (10, 21): 1, (10, 22): 1, (11, 12): 1, (11, 19): 1, (11, 24): 1, (12, 14): 15, (12, 18): 22, (12, 22): 1, (12, 24): 1, (13, 18): 1, (13, 20): 1, (13, 22): 1, (13, 23): 1, (14, 15): 1, (14, 17): 1, (14, 19): 1, (14, 22): 1, (14, 24): 1, (15, 16): 29, (15, 17): 1, (15, 18): 1, (15, 20): 1, (15, 23): 1, (16, 17): 1, (16, 18): 1, (16, 20): 1, (16, 24): 1, (17, 18): 1, (17, 22): 1, (17, 24): 1, (18, 22): 1, (18, 24): 1, (19, 22): 1, (19, 23): 1, (20, 21): 1, (20, 24): 1, (21, 22): 1, (22, 23): 1, (22, 24): 1}",5824.999999958891
487.0,Graph with 25 nodes and 137 edges,"[[0, 1, 1, 0, 0, 1, 1, 1, 1, 0, 0, 1, 0, 1, 0, 0, 1, 0, 1, 0, 1, 0, 0, 1, 1], [1, 0, 1, 1, 1, 0, 0, 0, 1, 0, 1, 1, 0, 1, 1, 1, 0, 1, 0, 0, 1, 0, 1, 1, 1], [1, 1, 0, 1, 1, 0, 1, 1, 1, 0, 0, 1, 0, 1, 0, 1, 0, 0, 1, 0, 1, 0, 0, 1, 1], [0, 1, 1, 0, 1, 0, 1, 1, 0, 0, 0, 1, 1, 0, 0, 0, 0, 0, 0, 1, 1, 0, 0, 1, 0], [0, 1, 1, 1, 0, 1, 1, 1, 0, 1, 0, 0, 1, 0, 0, 0, 0, 0, 0, 0, 1, 0, 0, 1, 1], [1, 0, 0, 0, 1, 0, 1, 1, 0, 1, 0, 0, 1, 0, 1, 1, 0, 0, 0, 0, 1, 1, 0, 0, 1], [1, 0, 1, 1, 1, 1, 0, 1, 0, 1, 1, 0, 1, 0, 0, 1, 1, 0, 1, 1, 1, 0, 1, 1, 0], [1, 0, 1, 1, 1, 1, 1, 0, 1, 0, 0, 0, 0, 0, 0, 1, 1, 0, 1, 1, 1, 0, 1, 0, 1], [1, 1, 1, 0, 0, 0, 0, 1, 0, 1, 0, 1, 0, 1, 0, 0, 0, 0, 0, 0, 1, 0, 1, 0, 0], [0, 0, 0, 0, 1, 1, 1, 0, 1, 0, 0, 0, 0, 0, 0, 1, 1, 0, 1, 1, 1, 0, 0, 1, 0], [0, 1, 0, 0, 0, 0, 1, 0, 0, 0, 0, 1, 1, 0, 1, 0, 0, 0, 1, 0, 0, 1, 1, 0, 0], [1, 1, 1, 1, 0, 0, 0, 0, 1, 0, 1, 0, 1, 0, 0, 0, 0, 0, 0, 1, 0, 0, 0, 0, 1], [0, 0, 0, 1, 1, 1, 1, 0, 0, 0, 1, 1, 0, 0, 1, 0, 0, 0, 1, 0, 0, 0, 1, 0, 1], [1, 1, 1, 0, 0, 0, 0, 0, 1, 0, 0, 0, 0, 0, 0, 0, 0, 0, 1, 0, 1, 0, 1, 1, 0], [0, 1, 0, 0, 0, 1, 0, 0, 0, 0, 1, 0, 1, 0, 0, 1, 0, 1, 0, 1, 0, 0, 1, 0, 1], [0, 1, 1, 0, 0, 1, 1, 1, 0, 1, 0, 0, 0, 0, 1, 0, 1, 1, 1, 0, 1, 0, 0, 1, 0], [1, 0, 0, 0, 0, 0, 1, 1, 0, 1, 0, 0, 0, 0, 0, 1, 0, 1, 1, 0, 1, 0, 0, 0, 1], [0, 1, 0, 0, 0, 0, 0, 0, 0, 0, 0, 0, 0, 0, 1, 1, 1, 0, 1, 0, 0, 0, 1, 0, 1], [1, 0, 1, 0, 0, 0, 1, 1, 0, 1, 1, 0, 1, 1, 0, 1, 1, 1, 0, 0, 0, 0, 1, 0, 1], [0, 0, 0, 1, 0, 0, 1, 1, 0, 1, 0, 1, 0, 0, 1, 0, 0, 0, 0, 0, 0, 0, 1, 1, 0], [1, 1, 1, 1, 1, 1, 1, 1, 1, 1, 0, 0, 0, 1, 0, 1, 1, 0, 0, 0, 0, 1, 0, 0, 1], [0, 0, 0, 0, 0, 1, 0, 0, 0, 0, 1, 0, 0, 0, 0, 0, 0, 0, 0, 0, 1, 0, 1, 0, 0], [0, 1, 0, 0, 0, 0, 1, 1, 1, 0, 1, 0, 1, 1, 1, 0, 0, 1, 1, 1, 0, 1, 0, 1, 1], [1, 1, 1, 1, 1, 0, 1, 0, 0, 1, 0, 0, 0, 1, 0, 1, 0, 0, 0, 1, 0, 0, 1, 0, 0], [1, 1, 1, 0, 1, 1, 0, 1, 0, 0, 0, 1, 1, 0, 1, 0, 1, 1, 1, 0, 1, 0, 1, 0, 0]]",4.0,4.0,Y,"{0: 16, 1: 100, 2: 96, 3: 12, 4: 92, 5: 88, 6: 84, 7: 80, 8: 76, 9: 72, 10: 8, 11: 68, 12: 64, 13: 60, 14: 56, 15: 52, 16: 48, 17: 44, 18: 40, 19: 36, 20: 32, 21: 4, 22: 28, 23: 24, 24: 20}","{(0, 1): 1, (0, 2): 1, (0, 5): 1, (0, 6): 1, (0, 7): 1, (0, 8): 1, (0, 11): 1, (0, 13): 1, (0, 16): 1, (0, 18): 4, (0, 20): 1, (0, 23): 1, (0, 24): 1, (1, 2): 1, (1, 3): 3, (1, 4): 1, (1, 8): 1, (1, 10): 1, (1, 11): 11, (1, 13): 1, (1, 14): 1, (1, 15): 37, (1, 17): 24, (1, 20): 1, (1, 22): 15, (1, 23): 1, (1, 24): 1, (2, 3): 1, (2, 4): 1, (2, 6): 40, (2, 7): 44, (2, 8): 1, (2, 11): 1, (2, 13): 1, (2, 15): 1, (2, 18): 1, (2, 20): 1, (2, 23): 1, (2, 24): 1, (3, 4): 1, (3, 6): 1, (3, 7): 1, (3, 11): 1, (3, 12): 1, (3, 19): 1, (3, 20): 1, (3, 23): 1, (4, 5): 78, (4, 6): 5, (4, 7): 1, (4, 9): 1, (4, 12): 1, (4, 20): 1, (4, 23): 1, (4, 24): 1, (5, 6): 1, (5, 7): 1, (5, 9): 1, (5, 12): 1, (5, 14): 1, (5, 15): 1, (5, 20): 1, (5, 21): 1, (5, 24): 1, (6, 7): 1, (6, 9): 1, (6, 10): 1, (6, 12): 1, (6, 15): 1, (6, 16): 1, (6, 18): 13, (6, 19): 1, (6, 20): 1, (6, 22): 1, (6, 23): 14, (7, 8): 1, (7, 15): 1, (7, 16): 1, (7, 18): 1, (7, 19): 1, (7, 20): 18, (7, 22): 1, (7, 24): 7, (8, 9): 16, (8, 11): 1, (8, 13): 53, (8, 20): 1, (8, 22): 1, (9, 15): 1, (9, 16): 40, (9, 18): 9, (9, 19): 1, (9, 20): 1, (9, 23): 1, (10, 11): 1, (10, 12): 1, (10, 14): 1, (10, 18): 1, (10, 21): 1, (10, 22): 1, (11, 12): 22, (11, 19): 29, (11, 24): 1, (12, 14): 34, (12, 18): 1, (12, 22): 1, (12, 24): 1, (13, 18): 1, (13, 20): 1, (13, 22): 1, (13, 23): 1, (14, 15): 1, (14, 17): 15, (14, 19): 1, (14, 22): 1, (14, 24): 1, (15, 16): 1, (15, 17): 1, (15, 18): 5, (15, 20): 1, (15, 23): 1, (16, 17): 1, (16, 18): 1, (16, 20): 1, (16, 24): 1, (17, 18): 1, (17, 22): 1, (17, 24): 1, (18, 22): 1, (18, 24): 1, (19, 22): 1, (19, 23): 1, (20, 21): 1, (20, 24): 1, (21, 22): 1, (22, 23): 1, (22, 24): 1}",6446.9999999801075
487.0,Graph with 25 nodes and 137 edges,"[[0, 1, 1, 0, 0, 1, 1, 1, 1, 0, 0, 1, 0, 1, 0, 0, 1, 0, 1, 0, 1, 0, 0, 1, 1], [1, 0, 1, 1, 1, 0, 0, 0, 1, 0, 1, 1, 0, 1, 1, 1, 0, 1, 0, 0, 1, 0, 1, 1, 1], [1, 1, 0, 1, 1, 0, 1, 1, 1, 0, 0, 1, 0, 1, 0, 1, 0, 0, 1, 0, 1, 0, 0, 1, 1], [0, 1, 1, 0, 1, 0, 1, 1, 0, 0, 0, 1, 1, 0, 0, 0, 0, 0, 0, 1, 1, 0, 0, 1, 0], [0, 1, 1, 1, 0, 1, 1, 1, 0, 1, 0, 0, 1, 0, 0, 0, 0, 0, 0, 0, 1, 0, 0, 1, 1], [1, 0, 0, 0, 1, 0, 1, 1, 0, 1, 0, 0, 1, 0, 1, 1, 0, 0, 0, 0, 1, 1, 0, 0, 1], [1, 0, 1, 1, 1, 1, 0, 1, 0, 1, 1, 0, 1, 0, 0, 1, 1, 0, 1, 1, 1, 0, 1, 1, 0], [1, 0, 1, 1, 1, 1, 1, 0, 1, 0, 0, 0, 0, 0, 0, 1, 1, 0, 1, 1, 1, 0, 1, 0, 1], [1, 1, 1, 0, 0, 0, 0, 1, 0, 1, 0, 1, 0, 1, 0, 0, 0, 0, 0, 0, 1, 0, 1, 0, 0], [0, 0, 0, 0, 1, 1, 1, 0, 1, 0, 0, 0, 0, 0, 0, 1, 1, 0, 1, 1, 1, 0, 0, 1, 0], [0, 1, 0, 0, 0, 0, 1, 0, 0, 0, 0, 1, 1, 0, 1, 0, 0, 0, 1, 0, 0, 1, 1, 0, 0], [1, 1, 1, 1, 0, 0, 0, 0, 1, 0, 1, 0, 1, 0, 0, 0, 0, 0, 0, 1, 0, 0, 0, 0, 1], [0, 0, 0, 1, 1, 1, 1, 0, 0, 0, 1, 1, 0, 0, 1, 0, 0, 0, 1, 0, 0, 0, 1, 0, 1], [1, 1, 1, 0, 0, 0, 0, 0, 1, 0, 0, 0, 0, 0, 0, 0, 0, 0, 1, 0, 1, 0, 1, 1, 0], [0, 1, 0, 0, 0, 1, 0, 0, 0, 0, 1, 0, 1, 0, 0, 1, 0, 1, 0, 1, 0, 0, 1, 0, 1], [0, 1, 1, 0, 0, 1, 1, 1, 0, 1, 0, 0, 0, 0, 1, 0, 1, 1, 1, 0, 1, 0, 0, 1, 0], [1, 0, 0, 0, 0, 0, 1, 1, 0, 1, 0, 0, 0, 0, 0, 1, 0, 1, 1, 0, 1, 0, 0, 0, 1], [0, 1, 0, 0, 0, 0, 0, 0, 0, 0, 0, 0, 0, 0, 1, 1, 1, 0, 1, 0, 0, 0, 1, 0, 1], [1, 0, 1, 0, 0, 0, 1, 1, 0, 1, 1, 0, 1, 1, 0, 1, 1, 1, 0, 0, 0, 0, 1, 0, 1], [0, 0, 0, 1, 0, 0, 1, 1, 0, 1, 0, 1, 0, 0, 1, 0, 0, 0, 0, 0, 0, 0, 1, 1, 0], [1, 1, 1, 1, 1, 1, 1, 1, 1, 1, 0, 0, 0, 1, 0, 1, 1, 0, 0, 0, 0, 1, 0, 0, 1], [0, 0, 0, 0, 0, 1, 0, 0, 0, 0, 1, 0, 0, 0, 0, 0, 0, 0, 0, 0, 1, 0, 1, 0, 0], [0, 1, 0, 0, 0, 0, 1, 1, 1, 0, 1, 0, 1, 1, 1, 0, 0, 1, 1, 1, 0, 1, 0, 1, 1], [1, 1, 1, 1, 1, 0, 1, 0, 0, 1, 0, 0, 0, 1, 0, 1, 0, 0, 0, 1, 0, 0, 1, 0, 0], [1, 1, 1, 0, 1, 1, 0, 1, 0, 0, 0, 1, 1, 0, 1, 0, 1, 1, 1, 0, 1, 0, 1, 0, 0]]",4.0,5.0,Y,"{0: 14, 1: 19, 2: 124, 3: 119, 4: 114, 5: 109, 6: 104, 7: 99, 8: 9, 9: 94, 10: 89, 11: 84, 12: 79, 13: 74, 14: 69, 15: 64, 16: 59, 17: 54, 18: 49, 19: 44, 20: 39, 21: 4, 22: 34, 23: 29, 24: 24}","{(0, 1): 1, (0, 2): 1, (0, 5): 1, (0, 6): 2, (0, 7): 1, (0, 8): 1, (0, 11): 1, (0, 13): 1, (0, 16): 1, (0, 18): 1, (0, 20): 1, (0, 23): 1, (0, 24): 1, (1, 2): 5, (1, 3): 1, (1, 4): 1, (1, 8): 1, (1, 10): 1, (1, 11): 1, (1, 13): 1, (1, 14): 1, (1, 15): 1, (1, 17): 1, (1, 20): 1, (1, 22): 1, (1, 23): 1, (1, 24): 1, (2, 3): 5, (2, 4): 1, (2, 6): 1, (2, 7): 37, (2, 8): 1, (2, 11): 1, (2, 13): 67, (2, 15): 1, (2, 18): 1, (2, 20): 1, (2, 23): 1, (2, 24): 1, (3, 4): 1, (3, 6): 1, (3, 7): 11, (3, 11): 1, (3, 12): 64, (3, 19): 33, (3, 20): 1, (3, 23): 1, (4, 5): 24, (4, 6): 1, (4, 7): 1, (4, 9): 81, (4, 12): 1, (4, 20): 1, (4, 23): 1, (4, 24): 1, (5, 6): 1, (5, 7): 1, (5, 9): 1, (5, 12): 1, (5, 14): 14, (5, 15): 53, (5, 20): 1, (5, 21): 1, (5, 24): 11, (6, 7): 26, (6, 9): 1, (6, 10): 1, (6, 12): 1, (6, 15): 1, (6, 16): 1, (6, 18): 1, (6, 19): 1, (6, 20): 25, (6, 22): 21, (6, 23): 19, (7, 8): 1, (7, 15): 1, (7, 16): 15, (7, 18): 1, (7, 19): 1, (7, 20): 1, (7, 22): 1, (7, 24): 1, (8, 9): 1, (8, 11): 1, (8, 13): 1, (8, 20): 1, (8, 22): 1, (9, 15): 1, (9, 16): 1, (9, 18): 1, (9, 19): 5, (9, 20): 1, (9, 23): 1, (10, 11): 76, (10, 12): 7, (10, 14): 1, (10, 18): 1, (10, 21): 1, (10, 22): 1, (11, 12): 1, (11, 19): 1, (11, 24): 1, (12, 14): 1, (12, 18): 1, (12, 22): 1, (12, 24): 1, (13, 18): 1, (13, 20): 1, (13, 22): 1, (13, 23): 1, (14, 15): 1, (14, 17): 48, (14, 19): 1, (14, 22): 1, (14, 24): 1, (15, 16): 1, (15, 17): 1, (15, 18): 1, (15, 20): 1, (15, 23): 1, (16, 17): 1, (16, 18): 37, (16, 20): 1, (16, 24): 1, (17, 18): 1, (17, 22): 1, (17, 24): 1, (18, 22): 1, (18, 24): 1, (19, 22): 1, (19, 23): 1, (20, 21): 1, (20, 24): 1, (21, 22): 1, (22, 23): 1, (22, 24): 1}",6683.999999950174
487.0,Graph with 25 nodes and 137 edges,"[[0, 1, 1, 0, 0, 1, 1, 1, 1, 0, 0, 1, 0, 1, 0, 0, 1, 0, 1, 0, 1, 0, 0, 1, 1], [1, 0, 1, 1, 1, 0, 0, 0, 1, 0, 1, 1, 0, 1, 1, 1, 0, 1, 0, 0, 1, 0, 1, 1, 1], [1, 1, 0, 1, 1, 0, 1, 1, 1, 0, 0, 1, 0, 1, 0, 1, 0, 0, 1, 0, 1, 0, 0, 1, 1], [0, 1, 1, 0, 1, 0, 1, 1, 0, 0, 0, 1, 1, 0, 0, 0, 0, 0, 0, 1, 1, 0, 0, 1, 0], [0, 1, 1, 1, 0, 1, 1, 1, 0, 1, 0, 0, 1, 0, 0, 0, 0, 0, 0, 0, 1, 0, 0, 1, 1], [1, 0, 0, 0, 1, 0, 1, 1, 0, 1, 0, 0, 1, 0, 1, 1, 0, 0, 0, 0, 1, 1, 0, 0, 1], [1, 0, 1, 1, 1, 1, 0, 1, 0, 1, 1, 0, 1, 0, 0, 1, 1, 0, 1, 1, 1, 0, 1, 1, 0], [1, 0, 1, 1, 1, 1, 1, 0, 1, 0, 0, 0, 0, 0, 0, 1, 1, 0, 1, 1, 1, 0, 1, 0, 1], [1, 1, 1, 0, 0, 0, 0, 1, 0, 1, 0, 1, 0, 1, 0, 0, 0, 0, 0, 0, 1, 0, 1, 0, 0], [0, 0, 0, 0, 1, 1, 1, 0, 1, 0, 0, 0, 0, 0, 0, 1, 1, 0, 1, 1, 1, 0, 0, 1, 0], [0, 1, 0, 0, 0, 0, 1, 0, 0, 0, 0, 1, 1, 0, 1, 0, 0, 0, 1, 0, 0, 1, 1, 0, 0], [1, 1, 1, 1, 0, 0, 0, 0, 1, 0, 1, 0, 1, 0, 0, 0, 0, 0, 0, 1, 0, 0, 0, 0, 1], [0, 0, 0, 1, 1, 1, 1, 0, 0, 0, 1, 1, 0, 0, 1, 0, 0, 0, 1, 0, 0, 0, 1, 0, 1], [1, 1, 1, 0, 0, 0, 0, 0, 1, 0, 0, 0, 0, 0, 0, 0, 0, 0, 1, 0, 1, 0, 1, 1, 0], [0, 1, 0, 0, 0, 1, 0, 0, 0, 0, 1, 0, 1, 0, 0, 1, 0, 1, 0, 1, 0, 0, 1, 0, 1], [0, 1, 1, 0, 0, 1, 1, 1, 0, 1, 0, 0, 0, 0, 1, 0, 1, 1, 1, 0, 1, 0, 0, 1, 0], [1, 0, 0, 0, 0, 0, 1, 1, 0, 1, 0, 0, 0, 0, 0, 1, 0, 1, 1, 0, 1, 0, 0, 0, 1], [0, 1, 0, 0, 0, 0, 0, 0, 0, 0, 0, 0, 0, 0, 1, 1, 1, 0, 1, 0, 0, 0, 1, 0, 1], [1, 0, 1, 0, 0, 0, 1, 1, 0, 1, 1, 0, 1, 1, 0, 1, 1, 1, 0, 0, 0, 0, 1, 0, 1], [0, 0, 0, 1, 0, 0, 1, 1, 0, 1, 0, 1, 0, 0, 1, 0, 0, 0, 0, 0, 0, 0, 1, 1, 0], [1, 1, 1, 1, 1, 1, 1, 1, 1, 1, 0, 0, 0, 1, 0, 1, 1, 0, 0, 0, 0, 1, 0, 0, 1], [0, 0, 0, 0, 0, 1, 0, 0, 0, 0, 1, 0, 0, 0, 0, 0, 0, 0, 0, 0, 1, 0, 1, 0, 0], [0, 1, 0, 0, 0, 0, 1, 1, 1, 0, 1, 0, 1, 1, 1, 0, 0, 1, 1, 1, 0, 1, 0, 1, 1], [1, 1, 1, 1, 1, 0, 1, 0, 0, 1, 0, 0, 0, 1, 0, 1, 0, 0, 0, 1, 0, 0, 1, 0, 0], [1, 1, 1, 0, 1, 1, 0, 1, 0, 0, 0, 1, 1, 0, 1, 0, 1, 1, 1, 0, 1, 0, 1, 0, 0]]",4.0,6.0,Y,"{0: 16, 1: 148, 2: 142, 3: 10, 4: 136, 5: 130, 6: 124, 7: 118, 8: 112, 9: 106, 10: 100, 11: 94, 12: 88, 13: 82, 14: 76, 15: 70, 16: 64, 17: 58, 18: 52, 19: 46, 20: 40, 21: 4, 22: 34, 23: 28, 24: 22}","{(0, 1): 1, (0, 2): 4, (0, 5): 1, (0, 6): 1, (0, 7): 1, (0, 8): 1, (0, 11): 1, (0, 13): 1, (0, 16): 1, (0, 18): 1, (0, 20): 1, (0, 23): 1, (0, 24): 1, (1, 2): 1, (1, 3): 1, (1, 4): 1, (1, 8): 83, (1, 10): 1, (1, 11): 1, (1, 13): 1, (1, 14): 1, (1, 15): 1, (1, 17): 52, (1, 20): 1, (1, 22): 1, (1, 23): 1, (1, 24): 1, (2, 3): 1, (2, 4): 1, (2, 6): 1, (2, 7): 1, (2, 8): 2, (2, 11): 38, (2, 13): 50, (2, 15): 1, (2, 18): 14, (2, 20): 1, (2, 23): 18, (2, 24): 9, (3, 4): 1, (3, 6): 1, (3, 7): 1, (3, 11): 1, (3, 12): 1, (3, 19): 1, (3, 20): 1, (3, 23): 1, (4, 5): 29, (4, 6): 1, (4, 7): 1, (4, 9): 97, (4, 12): 2, (4, 20): 1, (4, 23): 1, (4, 24): 1, (5, 6): 17, (5, 7): 76, (5, 9): 1, (5, 12): 1, (5, 14): 1, (5, 15): 1, (5, 20): 1, (5, 21): 1, (5, 24): 1, (6, 7): 1, (6, 9): 1, (6, 10): 93, (6, 12): 1, (6, 15): 1, (6, 16): 1, (6, 18): 1, (6, 19): 1, (6, 20): 1, (6, 22): 1, (6, 23): 1, (7, 8): 1, (7, 15): 30, (7, 16): 1, (7, 18): 1, (7, 19): 1, (7, 20): 1, (7, 22): 1, (7, 24): 1, (8, 9): 1, (8, 11): 1, (8, 13): 1, (8, 20): 1, (8, 22): 21, (9, 15): 1, (9, 16): 1, (9, 18): 1, (9, 19): 1, (9, 20): 1, (9, 23): 1, (10, 11): 1, (10, 12): 1, (10, 14): 1, (10, 18): 1, (10, 21): 1, (10, 22): 1, (11, 12): 11, (11, 19): 39, (11, 24): 1, (12, 14): 68, (12, 18): 1, (12, 22): 1, (12, 24): 1, (13, 18): 1, (13, 20): 26, (13, 22): 1, (13, 23): 1, (14, 15): 1, (14, 17): 1, (14, 19): 1, (14, 22): 1, (14, 24): 1, (15, 16): 30, (15, 17): 1, (15, 18): 1, (15, 20): 1, (15, 23): 1, (16, 17): 1, (16, 18): 27, (16, 20): 1, (16, 24): 1, (17, 18): 1, (17, 22): 1, (17, 24): 1, (18, 22): 1, (18, 24): 1, (19, 22): 1, (19, 23): 1, (20, 21): 1, (20, 24): 1, (21, 22): 1, (22, 23): 1, (22, 24): 1}",6198.999999924126
487.0,Graph with 25 nodes and 137 edges,"[[0, 1, 1, 0, 0, 1, 1, 1, 1, 0, 0, 1, 0, 1, 0, 0, 1, 0, 1, 0, 1, 0, 0, 1, 1], [1, 0, 1, 1, 1, 0, 0, 0, 1, 0, 1, 1, 0, 1, 1, 1, 0, 1, 0, 0, 1, 0, 1, 1, 1], [1, 1, 0, 1, 1, 0, 1, 1, 1, 0, 0, 1, 0, 1, 0, 1, 0, 0, 1, 0, 1, 0, 0, 1, 1], [0, 1, 1, 0, 1, 0, 1, 1, 0, 0, 0, 1, 1, 0, 0, 0, 0, 0, 0, 1, 1, 0, 0, 1, 0], [0, 1, 1, 1, 0, 1, 1, 1, 0, 1, 0, 0, 1, 0, 0, 0, 0, 0, 0, 0, 1, 0, 0, 1, 1], [1, 0, 0, 0, 1, 0, 1, 1, 0, 1, 0, 0, 1, 0, 1, 1, 0, 0, 0, 0, 1, 1, 0, 0, 1], [1, 0, 1, 1, 1, 1, 0, 1, 0, 1, 1, 0, 1, 0, 0, 1, 1, 0, 1, 1, 1, 0, 1, 1, 0], [1, 0, 1, 1, 1, 1, 1, 0, 1, 0, 0, 0, 0, 0, 0, 1, 1, 0, 1, 1, 1, 0, 1, 0, 1], [1, 1, 1, 0, 0, 0, 0, 1, 0, 1, 0, 1, 0, 1, 0, 0, 0, 0, 0, 0, 1, 0, 1, 0, 0], [0, 0, 0, 0, 1, 1, 1, 0, 1, 0, 0, 0, 0, 0, 0, 1, 1, 0, 1, 1, 1, 0, 0, 1, 0], [0, 1, 0, 0, 0, 0, 1, 0, 0, 0, 0, 1, 1, 0, 1, 0, 0, 0, 1, 0, 0, 1, 1, 0, 0], [1, 1, 1, 1, 0, 0, 0, 0, 1, 0, 1, 0, 1, 0, 0, 0, 0, 0, 0, 1, 0, 0, 0, 0, 1], [0, 0, 0, 1, 1, 1, 1, 0, 0, 0, 1, 1, 0, 0, 1, 0, 0, 0, 1, 0, 0, 0, 1, 0, 1], [1, 1, 1, 0, 0, 0, 0, 0, 1, 0, 0, 0, 0, 0, 0, 0, 0, 0, 1, 0, 1, 0, 1, 1, 0], [0, 1, 0, 0, 0, 1, 0, 0, 0, 0, 1, 0, 1, 0, 0, 1, 0, 1, 0, 1, 0, 0, 1, 0, 1], [0, 1, 1, 0, 0, 1, 1, 1, 0, 1, 0, 0, 0, 0, 1, 0, 1, 1, 1, 0, 1, 0, 0, 1, 0], [1, 0, 0, 0, 0, 0, 1, 1, 0, 1, 0, 0, 0, 0, 0, 1, 0, 1, 1, 0, 1, 0, 0, 0, 1], [0, 1, 0, 0, 0, 0, 0, 0, 0, 0, 0, 0, 0, 0, 1, 1, 1, 0, 1, 0, 0, 0, 1, 0, 1], [1, 0, 1, 0, 0, 0, 1, 1, 0, 1, 1, 0, 1, 1, 0, 1, 1, 1, 0, 0, 0, 0, 1, 0, 1], [0, 0, 0, 1, 0, 0, 1, 1, 0, 1, 0, 1, 0, 0, 1, 0, 0, 0, 0, 0, 0, 0, 1, 1, 0], [1, 1, 1, 1, 1, 1, 1, 1, 1, 1, 0, 0, 0, 1, 0, 1, 1, 0, 0, 0, 0, 1, 0, 0, 1], [0, 0, 0, 0, 0, 1, 0, 0, 0, 0, 1, 0, 0, 0, 0, 0, 0, 0, 0, 0, 1, 0, 1, 0, 0], [0, 1, 0, 0, 0, 0, 1, 1, 1, 0, 1, 0, 1, 1, 1, 0, 0, 1, 1, 1, 0, 1, 0, 1, 1], [1, 1, 1, 1, 1, 0, 1, 0, 0, 1, 0, 0, 0, 1, 0, 1, 0, 0, 0, 1, 0, 0, 1, 0, 0], [1, 1, 1, 0, 1, 1, 0, 1, 0, 0, 0, 1, 1, 0, 1, 0, 1, 1, 1, 0, 1, 0, 1, 0, 0]]",4.0,7.0,Y,"{0: 18, 1: 172, 2: 165, 3: 11, 4: 158, 5: 151, 6: 144, 7: 137, 8: 130, 9: 123, 10: 116, 11: 109, 12: 102, 13: 95, 14: 88, 15: 81, 16: 74, 17: 67, 18: 60, 19: 53, 20: 46, 21: 4, 22: 39, 23: 32, 24: 25}","{(0, 1): 1, (0, 2): 1, (0, 5): 1, (0, 6): 1, (0, 7): 1, (0, 8): 1, (0, 11): 6, (0, 13): 1, (0, 16): 1, (0, 18): 1, (0, 20): 1, (0, 23): 1, (0, 24): 1, (1, 2): 1, (1, 3): 1, (1, 4): 1, (1, 8): 1, (1, 10): 61, (1, 11): 1, (1, 13): 1, (1, 14): 38, (1, 15): 1, (1, 17): 61, (1, 20): 1, (1, 22): 1, (1, 23): 1, (1, 24): 1, (2, 3): 1, (2, 4): 1, (2, 6): 44, (2, 7): 1, (2, 8): 10, (2, 11): 1, (2, 13): 1, (2, 15): 1, (2, 18): 48, (2, 20): 32, (2, 23): 22, (2, 24): 1, (3, 4): 1, (3, 6): 1, (3, 7): 1, (3, 11): 2, (3, 12): 1, (3, 19): 1, (3, 20): 1, (3, 23): 1, (4, 5): 1, (4, 6): 35, (4, 7): 1, (4, 9): 114, (4, 12): 1, (4, 20): 1, (4, 23): 1, (4, 24): 1, (5, 6): 48, (5, 7): 14, (5, 9): 1, (5, 12): 1, (5, 14): 1, (5, 15): 70, (5, 20): 1, (5, 21): 1, (5, 24): 12, (6, 7): 1, (6, 9): 1, (6, 10): 1, (6, 12): 5, (6, 15): 1, (6, 16): 1, (6, 18): 1, (6, 19): 1, (6, 20): 1, (6, 22): 1, (6, 23): 1, (7, 8): 1, (7, 15): 1, (7, 16): 66, (7, 18): 1, (7, 19): 46, (7, 20): 1, (7, 22): 1, (7, 24): 1, (8, 9): 1, (8, 11): 1, (8, 13): 88, (8, 20): 1, (8, 22): 26, (9, 15): 1, (9, 16): 1, (9, 18): 1, (9, 19): 1, (9, 20): 1, (9, 23): 1, (10, 11): 7, (10, 12): 1, (10, 14): 43, (10, 18): 1, (10, 21): 1, (10, 22): 1, (11, 12): 89, (11, 19): 1, (11, 24): 1, (12, 14): 1, (12, 18): 1, (12, 22): 1, (12, 24): 1, (13, 18): 1, (13, 20): 1, (13, 22): 1, (13, 23): 1, (14, 15): 1, (14, 17): 1, (14, 19): 1, (14, 22): 1, (14, 24): 1, (15, 16): 1, (15, 17): 1, (15, 18): 1, (15, 20): 1, (15, 23): 1, (16, 17): 1, (16, 18): 1, (16, 20): 1, (16, 24): 1, (17, 18): 1, (17, 22): 1, (17, 24): 1, (18, 22): 1, (18, 24): 1, (19, 22): 1, (19, 23): 1, (20, 21): 1, (20, 24): 1, (21, 22): 1, (22, 23): 1, (22, 24): 1}",6118.000000014945
487.0,Graph with 25 nodes and 137 edges,"[[0, 1, 1, 0, 0, 1, 1, 1, 1, 0, 0, 1, 0, 1, 0, 0, 1, 0, 1, 0, 1, 0, 0, 1, 1], [1, 0, 1, 1, 1, 0, 0, 0, 1, 0, 1, 1, 0, 1, 1, 1, 0, 1, 0, 0, 1, 0, 1, 1, 1], [1, 1, 0, 1, 1, 0, 1, 1, 1, 0, 0, 1, 0, 1, 0, 1, 0, 0, 1, 0, 1, 0, 0, 1, 1], [0, 1, 1, 0, 1, 0, 1, 1, 0, 0, 0, 1, 1, 0, 0, 0, 0, 0, 0, 1, 1, 0, 0, 1, 0], [0, 1, 1, 1, 0, 1, 1, 1, 0, 1, 0, 0, 1, 0, 0, 0, 0, 0, 0, 0, 1, 0, 0, 1, 1], [1, 0, 0, 0, 1, 0, 1, 1, 0, 1, 0, 0, 1, 0, 1, 1, 0, 0, 0, 0, 1, 1, 0, 0, 1], [1, 0, 1, 1, 1, 1, 0, 1, 0, 1, 1, 0, 1, 0, 0, 1, 1, 0, 1, 1, 1, 0, 1, 1, 0], [1, 0, 1, 1, 1, 1, 1, 0, 1, 0, 0, 0, 0, 0, 0, 1, 1, 0, 1, 1, 1, 0, 1, 0, 1], [1, 1, 1, 0, 0, 0, 0, 1, 0, 1, 0, 1, 0, 1, 0, 0, 0, 0, 0, 0, 1, 0, 1, 0, 0], [0, 0, 0, 0, 1, 1, 1, 0, 1, 0, 0, 0, 0, 0, 0, 1, 1, 0, 1, 1, 1, 0, 0, 1, 0], [0, 1, 0, 0, 0, 0, 1, 0, 0, 0, 0, 1, 1, 0, 1, 0, 0, 0, 1, 0, 0, 1, 1, 0, 0], [1, 1, 1, 1, 0, 0, 0, 0, 1, 0, 1, 0, 1, 0, 0, 0, 0, 0, 0, 1, 0, 0, 0, 0, 1], [0, 0, 0, 1, 1, 1, 1, 0, 0, 0, 1, 1, 0, 0, 1, 0, 0, 0, 1, 0, 0, 0, 1, 0, 1], [1, 1, 1, 0, 0, 0, 0, 0, 1, 0, 0, 0, 0, 0, 0, 0, 0, 0, 1, 0, 1, 0, 1, 1, 0], [0, 1, 0, 0, 0, 1, 0, 0, 0, 0, 1, 0, 1, 0, 0, 1, 0, 1, 0, 1, 0, 0, 1, 0, 1], [0, 1, 1, 0, 0, 1, 1, 1, 0, 1, 0, 0, 0, 0, 1, 0, 1, 1, 1, 0, 1, 0, 0, 1, 0], [1, 0, 0, 0, 0, 0, 1, 1, 0, 1, 0, 0, 0, 0, 0, 1, 0, 1, 1, 0, 1, 0, 0, 0, 1], [0, 1, 0, 0, 0, 0, 0, 0, 0, 0, 0, 0, 0, 0, 1, 1, 1, 0, 1, 0, 0, 0, 1, 0, 1], [1, 0, 1, 0, 0, 0, 1, 1, 0, 1, 1, 0, 1, 1, 0, 1, 1, 1, 0, 0, 0, 0, 1, 0, 1], [0, 0, 0, 1, 0, 0, 1, 1, 0, 1, 0, 1, 0, 0, 1, 0, 0, 0, 0, 0, 0, 0, 1, 1, 0], [1, 1, 1, 1, 1, 1, 1, 1, 1, 1, 0, 0, 0, 1, 0, 1, 1, 0, 0, 0, 0, 1, 0, 0, 1], [0, 0, 0, 0, 0, 1, 0, 0, 0, 0, 1, 0, 0, 0, 0, 0, 0, 0, 0, 0, 1, 0, 1, 0, 0], [0, 1, 0, 0, 0, 0, 1, 1, 1, 0, 1, 0, 1, 1, 1, 0, 0, 1, 1, 1, 0, 1, 0, 1, 1], [1, 1, 1, 1, 1, 0, 1, 0, 0, 1, 0, 0, 0, 1, 0, 1, 0, 0, 0, 1, 0, 0, 1, 0, 0], [1, 1, 1, 0, 1, 1, 0, 1, 0, 0, 0, 1, 1, 0, 1, 0, 1, 1, 1, 0, 1, 0, 1, 0, 0]]",4.0,8.0,Y,"{0: 20, 1: 196, 2: 188, 3: 12, 4: 180, 5: 172, 6: 164, 7: 156, 8: 148, 9: 140, 10: 132, 11: 124, 12: 116, 13: 108, 14: 100, 15: 92, 16: 84, 17: 76, 18: 68, 19: 60, 20: 52, 21: 4, 22: 44, 23: 36, 24: 28}","{(0, 1): 1, (0, 2): 1, (0, 5): 1, (0, 6): 1, (0, 7): 1, (0, 8): 8, (0, 11): 1, (0, 13): 1, (0, 16): 1, (0, 18): 1, (0, 20): 1, (0, 23): 1, (0, 24): 1, (1, 2): 1, (1, 3): 1, (1, 4): 1, (1, 8): 1, (1, 10): 123, (1, 11): 1, (1, 13): 1, (1, 14): 1, (1, 15): 1, (1, 17): 60, (1, 20): 1, (1, 22): 1, (1, 23): 1, (1, 24): 1, (2, 3): 1, (2, 4): 1, (2, 6): 1, (2, 7): 1, (2, 8): 1, (2, 11): 1, (2, 13): 35, (2, 15): 81, (2, 18): 24, (2, 20): 38, (2, 23): 1, (2, 24): 1, (3, 4): 1, (3, 6): 1, (3, 7): 1, (3, 11): 3, (3, 12): 1, (3, 19): 1, (3, 20): 1, (3, 23): 1, (4, 5): 25, (4, 6): 1, (4, 7): 16, (4, 9): 131, (4, 12): 1, (4, 20): 1, (4, 23): 1, (4, 24): 1, (5, 6): 43, (5, 7): 1, (5, 9): 1, (5, 12): 1, (5, 14): 82, (5, 15): 1, (5, 20): 1, (5, 21): 1, (5, 24): 15, (6, 7): 1, (6, 9): 1, (6, 10): 1, (6, 12): 107, (6, 15): 1, (6, 16): 1, (6, 18): 1, (6, 19): 1, (6, 20): 1, (6, 22): 1, (6, 23): 1, (7, 8): 1, (7, 15): 1, (7, 16): 76, (7, 18): 1, (7, 19): 53, (7, 20): 1, (7, 22): 1, (7, 24): 1, (8, 9): 1, (8, 11): 112, (8, 13): 1, (8, 20): 1, (8, 22): 22, (9, 15): 1, (9, 16): 1, (9, 18): 1, (9, 19): 1, (9, 20): 1, (9, 23): 1, (10, 11): 3, (10, 12): 1, (10, 14): 1, (10, 18): 1, (10, 21): 1, (10, 22): 1, (11, 12): 1, (11, 19): 1, (11, 24): 1, (12, 14): 1, (12, 18): 1, (12, 22): 1, (12, 24): 1, (13, 18): 33, (13, 20): 1, (13, 22): 10, (13, 23): 26, (14, 15): 1, (14, 17): 11, (14, 19): 1, (14, 22): 1, (14, 24): 1, (15, 16): 1, (15, 17): 1, (15, 18): 1, (15, 20): 1, (15, 23): 1, (16, 17): 1, (16, 18): 1, (16, 20): 1, (16, 24): 1, (17, 18): 1, (17, 22): 1, (17, 24): 1, (18, 22): 1, (18, 24): 1, (19, 22): 1, (19, 23): 1, (20, 21): 1, (20, 24): 1, (21, 22): 1, (22, 23): 1, (22, 24): 1}",6792.000000132248
487.0,Graph with 25 nodes and 137 edges,"[[0, 1, 1, 0, 0, 1, 1, 1, 1, 0, 0, 1, 0, 1, 0, 0, 1, 0, 1, 0, 1, 0, 0, 1, 1], [1, 0, 1, 1, 1, 0, 0, 0, 1, 0, 1, 1, 0, 1, 1, 1, 0, 1, 0, 0, 1, 0, 1, 1, 1], [1, 1, 0, 1, 1, 0, 1, 1, 1, 0, 0, 1, 0, 1, 0, 1, 0, 0, 1, 0, 1, 0, 0, 1, 1], [0, 1, 1, 0, 1, 0, 1, 1, 0, 0, 0, 1, 1, 0, 0, 0, 0, 0, 0, 1, 1, 0, 0, 1, 0], [0, 1, 1, 1, 0, 1, 1, 1, 0, 1, 0, 0, 1, 0, 0, 0, 0, 0, 0, 0, 1, 0, 0, 1, 1], [1, 0, 0, 0, 1, 0, 1, 1, 0, 1, 0, 0, 1, 0, 1, 1, 0, 0, 0, 0, 1, 1, 0, 0, 1], [1, 0, 1, 1, 1, 1, 0, 1, 0, 1, 1, 0, 1, 0, 0, 1, 1, 0, 1, 1, 1, 0, 1, 1, 0], [1, 0, 1, 1, 1, 1, 1, 0, 1, 0, 0, 0, 0, 0, 0, 1, 1, 0, 1, 1, 1, 0, 1, 0, 1], [1, 1, 1, 0, 0, 0, 0, 1, 0, 1, 0, 1, 0, 1, 0, 0, 0, 0, 0, 0, 1, 0, 1, 0, 0], [0, 0, 0, 0, 1, 1, 1, 0, 1, 0, 0, 0, 0, 0, 0, 1, 1, 0, 1, 1, 1, 0, 0, 1, 0], [0, 1, 0, 0, 0, 0, 1, 0, 0, 0, 0, 1, 1, 0, 1, 0, 0, 0, 1, 0, 0, 1, 1, 0, 0], [1, 1, 1, 1, 0, 0, 0, 0, 1, 0, 1, 0, 1, 0, 0, 0, 0, 0, 0, 1, 0, 0, 0, 0, 1], [0, 0, 0, 1, 1, 1, 1, 0, 0, 0, 1, 1, 0, 0, 1, 0, 0, 0, 1, 0, 0, 0, 1, 0, 1], [1, 1, 1, 0, 0, 0, 0, 0, 1, 0, 0, 0, 0, 0, 0, 0, 0, 0, 1, 0, 1, 0, 1, 1, 0], [0, 1, 0, 0, 0, 1, 0, 0, 0, 0, 1, 0, 1, 0, 0, 1, 0, 1, 0, 1, 0, 0, 1, 0, 1], [0, 1, 1, 0, 0, 1, 1, 1, 0, 1, 0, 0, 0, 0, 1, 0, 1, 1, 1, 0, 1, 0, 0, 1, 0], [1, 0, 0, 0, 0, 0, 1, 1, 0, 1, 0, 0, 0, 0, 0, 1, 0, 1, 1, 0, 1, 0, 0, 0, 1], [0, 1, 0, 0, 0, 0, 0, 0, 0, 0, 0, 0, 0, 0, 1, 1, 1, 0, 1, 0, 0, 0, 1, 0, 1], [1, 0, 1, 0, 0, 0, 1, 1, 0, 1, 1, 0, 1, 1, 0, 1, 1, 1, 0, 0, 0, 0, 1, 0, 1], [0, 0, 0, 1, 0, 0, 1, 1, 0, 1, 0, 1, 0, 0, 1, 0, 0, 0, 0, 0, 0, 0, 1, 1, 0], [1, 1, 1, 1, 1, 1, 1, 1, 1, 1, 0, 0, 0, 1, 0, 1, 1, 0, 0, 0, 0, 1, 0, 0, 1], [0, 0, 0, 0, 0, 1, 0, 0, 0, 0, 1, 0, 0, 0, 0, 0, 0, 0, 0, 0, 1, 0, 1, 0, 0], [0, 1, 0, 0, 0, 0, 1, 1, 1, 0, 1, 0, 1, 1, 1, 0, 0, 1, 1, 1, 0, 1, 0, 1, 1], [1, 1, 1, 1, 1, 0, 1, 0, 0, 1, 0, 0, 0, 1, 0, 1, 0, 0, 0, 1, 0, 0, 1, 0, 0], [1, 1, 1, 0, 1, 1, 0, 1, 0, 0, 0, 1, 1, 0, 1, 0, 1, 1, 1, 0, 1, 0, 1, 0, 0]]",4.0,9.0,Y,"{0: 13, 1: 22, 2: 220, 3: 211, 4: 202, 5: 193, 6: 184, 7: 175, 8: 166, 9: 157, 10: 148, 11: 139, 12: 130, 13: 121, 14: 112, 15: 103, 16: 94, 17: 85, 18: 76, 19: 67, 20: 58, 21: 4, 22: 49, 23: 40, 24: 31}","{(0, 1): 1, (0, 2): 1, (0, 5): 1, (0, 6): 1, (0, 7): 1, (0, 8): 1, (0, 11): 1, (0, 13): 1, (0, 16): 1, (0, 18): 1, (0, 20): 1, (0, 23): 1, (0, 24): 1, (1, 2): 1, (1, 3): 1, (1, 4): 1, (1, 8): 8, (1, 10): 1, (1, 11): 1, (1, 13): 1, (1, 14): 1, (1, 15): 1, (1, 17): 1, (1, 20): 1, (1, 22): 1, (1, 23): 1, (1, 24): 1, (2, 3): 15, (2, 4): 45, (2, 6): 1, (2, 7): 1, (2, 8): 36, (2, 11): 1, (2, 13): 114, (2, 15): 1, (2, 18): 1, (2, 20): 1, (2, 23): 1, (2, 24): 1, (3, 4): 1, (3, 6): 1, (3, 7): 1, (3, 11): 9, (3, 12): 121, (3, 19): 60, (3, 20): 1, (3, 23): 1, (4, 5): 1, (4, 6): 1, (4, 7): 1, (4, 9): 148, (4, 12): 1, (4, 20): 1, (4, 23): 1, (4, 24): 1, (5, 6): 98, (5, 7): 1, (5, 9): 1, (5, 12): 1, (5, 14): 26, (5, 15): 1, (5, 20): 44, (5, 21): 1, (5, 24): 18, (6, 7): 1, (6, 9): 1, (6, 10): 19, (6, 12): 1, (6, 15): 7, (6, 16): 1, (6, 18): 1, (6, 19): 1, (6, 20): 1, (6, 22): 19, (6, 23): 30, (7, 8): 99, (7, 15): 1, (7, 16): 1, (7, 18): 64, (7, 19): 1, (7, 20): 1, (7, 22): 1, (7, 24): 1, (8, 9): 1, (8, 11): 1, (8, 13): 1, (8, 20): 1, (8, 22): 18, (9, 15): 1, (9, 16): 1, (9, 18): 1, (9, 19): 1, (9, 20): 1, (9, 23): 1, (10, 11): 123, (10, 12): 1, (10, 14): 1, (10, 18): 1, (10, 21): 1, (10, 22): 1, (11, 12): 1, (11, 19): 1, (11, 24): 1, (12, 14): 1, (12, 18): 1, (12, 22): 1, (12, 24): 1, (13, 18): 1, (13, 20): 1, (13, 22): 1, (13, 23): 1, (14, 15): 1, (14, 17): 79, (14, 19): 1, (14, 22): 1, (14, 24): 1, (15, 16): 86, (15, 17): 1, (15, 18): 1, (15, 20): 1, (15, 23): 1, (16, 17): 1, (16, 18): 1, (16, 20): 1, (16, 24): 1, (17, 18): 1, (17, 22): 1, (17, 24): 1, (18, 22): 1, (18, 24): 1, (19, 22): 1, (19, 23): 1, (20, 21): 1, (20, 24): 1, (21, 22): 1, (22, 23): 1, (22, 24): 1}",6447.999999863896
