,Unnamed: 0.6,Unnamed: 0.5,Unnamed: 0.4,Unnamed: 0.3,Unnamed: 0.2,Unnamed: 0.1,Unnamed: 0,sample_3000_20,qpu_access_time_3000_20,optimal_3000_20,sample_1000_700,qpu_access_time_1000_700,optimal_1000_700,sample_2000_300,qpu_access_time_2000_300,optimal_2000_300,sample_2000_100,qpu_access_time_2000_100,optimal_2000_100,sample_5000_20,qpu_access_time_5000_20,optimal_5000_20,sample_1000_500,qpu_access_time_1000_500,optimal_1000_500,sample_2000_200,qpu_access_time_2000_200,optimal_2000_200,sample_3000_100,qpu_access_time_3000_100,optimal_3000_100
0,0,0,0,0,0,0,0,"{'T00': 0, 'T01': 0, 'T02': 1, 'T03': 0, 'T04': 0, 'T10': 0, 'T11': 0, 'T12': 0, 'T13': 1, 'T14': 0, 'T20': 1, 'T21': 0, 'T22': 0, 'T23': 0, 'T24': 0, 'T30': 0, 'T31': 1, 'T32': 0, 'T33': 0, 'T34': 0, 'T40': 1, 'T41': 0, 'T42': 1, 'T43': 0, 'T44': 1, 'y00': 0, 'y01': 1, 'y02': 0, 'y10': 0, 'y11': 0, 'y12': 0, 'y20': 0, 'y21': 0, 'y22': 1, 'y30': 1, 'y31': 0, 'y32': 0}",438689.97,N,"{'T00': 0, 'T01': 0, 'T02': 1, 'T03': 0, 'T04': 0, 'T10': 0, 'T11': 1, 'T12': 0, 'T13': 0, 'T14': 0, 'T20': 0, 'T21': 0, 'T22': 0, 'T23': 1, 'T24': 0, 'T30': 0, 'T31': 0, 'T32': 0, 'T33': 0, 'T34': 0, 'T40': 0, 'T41': 0, 'T42': 0, 'T43': 1, 'T44': 1, 'y00': 0, 'y01': 1, 'y02': 0, 'y10': 0, 'y11': 0, 'y12': 0, 'y20': 0, 'y21': 1, 'y22': 0, 'y30': 0, 'y31': 0, 'y32': 1}",836844.37,N,"{'T00': 0, 'T01': 1, 'T02': 0, 'T03': 0, 'T04': 1, 'T10': 0, 'T11': 0, 'T12': 1, 'T13': 0, 'T14': 0, 'T20': 1, 'T21': 0, 'T22': 0, 'T23': 0, 'T24': 0, 'T30': 0, 'T31': 0, 'T32': 0, 'T33': 0, 'T34': 0, 'T40': 0, 'T41': 0, 'T42': 0, 'T43': 1, 'T44': 1, 'y00': 1, 'y01': 0, 'y02': 0, 'y10': 0, 'y11': 0, 'y12': 1, 'y20': 1, 'y21': 1, 'y22': 0, 'y30': 0, 'y31': 0, 'y32': 0}",857766.77,N,"{'T00': 0, 'T01': 0, 'T02': 0, 'T03': 1, 'T04': 0, 'T10': 1, 'T11': 0, 'T12': 0, 'T13': 0, 'T14': 0, 'T20': 1, 'T21': 1, 'T22': 0, 'T23': 0, 'T24': 0, 'T30': 0, 'T31': 0, 'T32': 1, 'T33': 0, 'T34': 0, 'T40': 0, 'T41': 0, 'T42': 0, 'T43': 0, 'T44': 1, 'y00': 1, 'y01': 1, 'y02': 0, 'y10': 1, 'y11': 0, 'y12': 0, 'y20': 0, 'y21': 0, 'y22': 0, 'y30': 0, 'y31': 1, 'y32': 0}",457770.37,N,"{'T00': 0, 'T01': 0, 'T02': 0, 'T03': 0, 'T04': 1, 'T10': 0, 'T11': 0, 'T12': 0, 'T13': 1, 'T14': 0, 'T20': 1, 'T21': 0, 'T22': 0, 'T23': 0, 'T24': 0, 'T30': 0, 'T31': 0, 'T32': 0, 'T33': 1, 'T34': 0, 'T40': 0, 'T41': 0, 'T42': 1, 'T43': 0, 'T44': 1, 'y00': 0, 'y01': 0, 'y02': 1, 'y10': 0, 'y11': 0, 'y12': 0, 'y20': 0, 'y21': 0, 'y22': 1, 'y30': 1, 'y31': 0, 'y32': 0}",720529.97,N,"{'T00': 0, 'T01': 1, 'T02': 1, 'T03': 0, 'T04': 0, 'T10': 0, 'T11': 0, 'T12': 0, 'T13': 0, 'T14': 0, 'T20': 0, 'T21': 1, 'T22': 0, 'T23': 0, 'T24': 0, 'T30': 0, 'T31': 0, 'T32': 0, 'T33': 1, 'T34': 0, 'T40': 1, 'T41': 0, 'T42': 0, 'T43': 0, 'T44': 1, 'y00': 0, 'y01': 0, 'y02': 1, 'y10': 0, 'y11': 0, 'y12': 0, 'y20': 1, 'y21': 0, 'y22': 0, 'y30': 0, 'y31': 1, 'y32': 0}",636847.97,N,"{'T00': 0, 'T01': 1, 'T02': 0, 'T03': 0, 'T04': 0, 'T10': 0, 'T11': 1, 'T12': 0, 'T13': 0, 'T14': 0, 'T20': 0, 'T21': 0, 'T22': 0, 'T23': 0, 'T24': 1, 'T30': 1, 'T31': 0, 'T32': 0, 'T33': 0, 'T34': 0, 'T40': 0, 'T41': 0, 'T42': 0, 'T43': 1, 'T44': 1, 'y00': 1, 'y01': 0, 'y02': 0, 'y10': 0, 'y11': 0, 'y12': 0, 'y20': 0, 'y21': 1, 'y22': 0, 'y30': 0, 'y31': 0, 'y32': 1}",657767.97,N,"{'T00': 0, 'T01': 0, 'T02': 0, 'T03': 0, 'T04': 1, 'T10': 0, 'T11': 1, 'T12': 0, 'T13': 0, 'T14': 0, 'T20': 0, 'T21': 1, 'T22': 0, 'T23': 0, 'T24': 0, 'T30': 0, 'T31': 0, 'T32': 1, 'T33': 0, 'T34': 0, 'T40': 0, 'T41': 0, 'T42': 0, 'T43': 1, 'T44': 1, 'y00': 1, 'y01': 1, 'y02': 0, 'y10': 1, 'y11': 0, 'y12': 0, 'y20': 0, 'y21': 1, 'y22': 0, 'y30': 1, 'y31': 1, 'y32': 0}",678687.97,N
1,1,1,1,1,1,1,1,"{'T00': 0, 'T01': 0, 'T02': 0, 'T03': 0, 'T04': 1, 'T10': 0, 'T11': 1, 'T12': 0, 'T13': 0, 'T14': 0, 'T20': 0, 'T21': 0, 'T22': 1, 'T23': 0, 'T24': 0, 'T30': 0, 'T31': 0, 'T32': 0, 'T33': 1, 'T34': 0, 'T40': 1, 'T41': 0, 'T42': 1, 'T43': 0, 'T44': 1, 'y00': 1, 'y01': 0, 'y02': 1, 'y10': 1, 'y11': 1, 'y12': 0, 'y20': 1, 'y21': 1, 'y22': 0, 'y30': 0, 'y31': 0, 'y32': 1, 'y40': 0, 'y41': 0, 'y42': 0}",452249.17,N,"{'T00': 1, 'T01': 1, 'T02': 0, 'T03': 1, 'T04': 0, 'T10': 0, 'T11': 0, 'T12': 0, 'T13': 0, 'T14': 0, 'T20': 1, 'T21': 0, 'T22': 0, 'T23': 0, 'T24': 0, 'T30': 0, 'T31': 0, 'T32': 0, 'T33': 1, 'T34': 0, 'T40': 0, 'T41': 1, 'T42': 1, 'T43': 0, 'T44': 0, 'y00': 0, 'y01': 1, 'y02': 1, 'y10': 0, 'y11': 1, 'y12': 0, 'y20': 1, 'y21': 0, 'y22': 0, 'y30': 1, 'y31': 0, 'y32': 0, 'y40': 0, 'y41': 0, 'y42': 0}",841363.97,N,"{'T00': 1, 'T01': 0, 'T02': 0, 'T03': 0, 'T04': 0, 'T10': 0, 'T11': 1, 'T12': 1, 'T13': 0, 'T14': 0, 'T20': 0, 'T21': 0, 'T22': 1, 'T23': 0, 'T24': 0, 'T30': 0, 'T31': 1, 'T32': 0, 'T33': 0, 'T34': 0, 'T40': 0, 'T41': 0, 'T42': 0, 'T43': 1, 'T44': 1, 'y00': 0, 'y01': 0, 'y02': 0, 'y10': 0, 'y11': 0, 'y12': 0, 'y20': 1, 'y21': 1, 'y22': 1, 'y30': 0, 'y31': 0, 'y32': 1, 'y40': 0, 'y41': 1, 'y42': 0}",866806.77,N,"{'T00': 0, 'T01': 0, 'T02': 0, 'T03': 0, 'T04': 0, 'T10': 1, 'T11': 0, 'T12': 0, 'T13': 0, 'T14': 0, 'T20': 1, 'T21': 0, 'T22': 1, 'T23': 0, 'T24': 0, 'T30': 0, 'T31': 1, 'T32': 1, 'T33': 0, 'T34': 0, 'T40': 0, 'T41': 0, 'T42': 0, 'T43': 1, 'T44': 1, 'y00': 0, 'y01': 0, 'y02': 0, 'y10': 0, 'y11': 0, 'y12': 0, 'y20': 0, 'y21': 1, 'y22': 0, 'y30': 1, 'y31': 0, 'y32': 1, 'y40': 1, 'y41': 0, 'y42': 1}",466808.37,N,"{'T00': 1, 'T01': 0, 'T02': 1, 'T03': 0, 'T04': 0, 'T10': 0, 'T11': 0, 'T12': 0, 'T13': 0, 'T14': 0, 'T20': 0, 'T21': 0, 'T22': 1, 'T23': 0, 'T24': 0, 'T30': 0, 'T31': 1, 'T32': 0, 'T33': 0, 'T34': 0, 'T40': 0, 'T41': 0, 'T42': 0, 'T43': 1, 'T44': 1, 'y00': 0, 'y01': 0, 'y02': 0, 'y10': 1, 'y11': 0, 'y12': 1, 'y20': 1, 'y21': 0, 'y22': 0, 'y30': 1, 'y31': 0, 'y32': 1, 'y40': 1, 'y41': 0, 'y42': 0}",743128.77,N,"{'T00': 0, 'T01': 0, 'T02': 1, 'T03': 0, 'T04': 0, 'T10': 1, 'T11': 1, 'T12': 0, 'T13': 0, 'T14': 0, 'T20': 0, 'T21': 0, 'T22': 0, 'T23': 0, 'T24': 0, 'T30': 1, 'T31': 0, 'T32': 1, 'T33': 0, 'T34': 0, 'T40': 0, 'T41': 0, 'T42': 0, 'T43': 1, 'T44': 0, 'y00': 1, 'y01': 1, 'y02': 0, 'y10': 1, 'y11': 0, 'y12': 0, 'y20': 0, 'y21': 1, 'y22': 0, 'y30': 1, 'y31': 0, 'y32': 0, 'y40': 0, 'y41': 0, 'y42': 0}",641367.57,N,"{'T00': 0, 'T01': 0, 'T02': 0, 'T03': 1, 'T04': 0, 'T10': 1, 'T11': 1, 'T12': 0, 'T13': 0, 'T14': 0, 'T20': 0, 'T21': 0, 'T22': 0, 'T23': 0, 'T24': 0, 'T30': 0, 'T31': 1, 'T32': 0, 'T33': 0, 'T34': 0, 'T40': 0, 'T41': 0, 'T42': 1, 'T43': 0, 'T44': 1, 'y00': 1, 'y01': 0, 'y02': 0, 'y10': 1, 'y11': 0, 'y12': 1, 'y20': 1, 'y21': 1, 'y22': 0, 'y30': 1, 'y31': 0, 'y32': 0, 'y40': 1, 'y41': 0, 'y42': 0}",666807.57,N,"{'T00': 0, 'T01': 0, 'T02': 1, 'T03': 1, 'T04': 0, 'T10': 1, 'T11': 0, 'T12': 0, 'T13': 0, 'T14': 0, 'T20': 0, 'T21': 1, 'T22': 0, 'T23': 0, 'T24': 0, 'T30': 0, 'T31': 1, 'T32': 0, 'T33': 0, 'T34': 0, 'T40': 0, 'T41': 0, 'T42': 1, 'T43': 0, 'T44': 1, 'y00': 0, 'y01': 1, 'y02': 0, 'y10': 1, 'y11': 1, 'y12': 1, 'y20': 1, 'y21': 0, 'y22': 0, 'y30': 1, 'y31': 1, 'y32': 0, 'y40': 0, 'y41': 0, 'y42': 0}",692247.57,N
2,2,2,2,2,2,2,2,"{'T00': 0, 'T01': 0, 'T02': 0, 'T03': 1, 'T04': 0, 'T10': 1, 'T11': 0, 'T12': 1, 'T13': 0, 'T14': 0, 'T20': 0, 'T21': 1, 'T22': 0, 'T23': 1, 'T24': 0, 'T30': 1, 'T31': 1, 'T32': 1, 'T33': 0, 'T34': 0, 'T40': 0, 'T41': 1, 'T42': 1, 'T43': 0, 'T44': 1, 'y00': 1, 'y01': 0, 'y02': 0, 'y03': 1, 'y10': 0, 'y11': 0, 'y12': 0, 'y13': 0, 'y20': 1, 'y21': 1, 'y22': 1, 'y23': 0, 'y30': 0, 'y31': 0, 'y32': 1, 'y33': 1, 'y40': 0, 'y41': 0, 'y42': 0, 'y43': 0}",366087.57,N,"{'T00': 0, 'T01': 1, 'T02': 1, 'T03': 0, 'T04': 1, 'T10': 1, 'T11': 0, 'T12': 0, 'T13': 0, 'T14': 0, 'T20': 0, 'T21': 1, 'T22': 0, 'T23': 0, 'T24': 0, 'T30': 0, 'T31': 1, 'T32': 0, 'T33': 1, 'T34': 0, 'T40': 0, 'T41': 0, 'T42': 1, 'T43': 1, 'T44': 1, 'y00': 0, 'y01': 1, 'y02': 1, 'y03': 0, 'y10': 0, 'y11': 1, 'y12': 1, 'y13': 1, 'y20': 0, 'y21': 0, 'y22': 0, 'y23': 0, 'y30': 1, 'y31': 1, 'y32': 0, 'y33': 0, 'y40': 1, 'y41': 1, 'y42': 1, 'y43': 0}",812642.77,N,"{'T00': 1, 'T01': 1, 'T02': 1, 'T03': 0, 'T04': 1, 'T10': 0, 'T11': 1, 'T12': 0, 'T13': 0, 'T14': 0, 'T20': 1, 'T21': 0, 'T22': 0, 'T23': 0, 'T24': 0, 'T30': 0, 'T31': 1, 'T32': 0, 'T33': 1, 'T34': 0, 'T40': 0, 'T41': 0, 'T42': 1, 'T43': 1, 'T44': 1, 'y00': 0, 'y01': 1, 'y02': 1, 'y03': 0, 'y10': 1, 'y11': 1, 'y12': 1, 'y13': 1, 'y20': 0, 'y21': 0, 'y22': 1, 'y23': 0, 'y30': 0, 'y31': 0, 'y32': 0, 'y33': 0, 'y40': 0, 'y41': 1, 'y42': 1, 'y43': 0}",809365.57,N,"{'T00': 0, 'T01': 1, 'T02': 0, 'T03': 1, 'T04': 0, 'T10': 0, 'T11': 0, 'T12': 1, 'T13': 1, 'T14': 0, 'T20': 1, 'T21': 0, 'T22': 0, 'T23': 0, 'T24': 0, 'T30': 0, 'T31': 0, 'T32': 0, 'T33': 1, 'T34': 0, 'T40': 0, 'T41': 0, 'T42': 1, 'T43': 0, 'T44': 1, 'y00': 1, 'y01': 1, 'y02': 0, 'y03': 1, 'y10': 1, 'y11': 0, 'y12': 0, 'y13': 0, 'y20': 1, 'y21': 1, 'y22': 1, 'y23': 1, 'y30': 0, 'y31': 0, 'y32': 0, 'y33': 0, 'y40': 0, 'y41': 0, 'y42': 0, 'y43': 0}",409366.37,N,"{'T00': 1, 'T01': 0, 'T02': 1, 'T03': 0, 'T04': 1, 'T10': 0, 'T11': 1, 'T12': 0, 'T13': 0, 'T14': 0, 'T20': 0, 'T21': 0, 'T22': 0, 'T23': 0, 'T24': 0, 'T30': 1, 'T31': 0, 'T32': 0, 'T33': 0, 'T34': 1, 'T40': 0, 'T41': 0, 'T42': 1, 'T43': 1, 'T44': 1, 'y00': 0, 'y01': 0, 'y02': 1, 'y03': 0, 'y10': 0, 'y11': 1, 'y12': 1, 'y13': 1, 'y20': 0, 'y21': 0, 'y22': 1, 'y23': 0, 'y30': 0, 'y31': 0, 'y32': 0, 'y33': 0, 'y40': 1, 'y41': 1, 'y42': 1, 'y43': 0}",599527.57,N,"{'T00': 0, 'T01': 0, 'T02': 1, 'T03': 1, 'T04': 0, 'T10': 1, 'T11': 1, 'T12': 0, 'T13': 0, 'T14': 0, 'T20': 1, 'T21': 0, 'T22': 0, 'T23': 0, 'T24': 0, 'T30': 1, 'T31': 0, 'T32': 0, 'T33': 0, 'T34': 1, 'T40': 0, 'T41': 0, 'T42': 0, 'T43': 1, 'T44': 1, 'y00': 1, 'y01': 0, 'y02': 1, 'y03': 0, 'y10': 1, 'y11': 0, 'y12': 0, 'y13': 1, 'y20': 0, 'y21': 0, 'y22': 1, 'y23': 0, 'y30': 1, 'y31': 0, 'y32': 0, 'y33': 0, 'y40': 0, 'y41': 1, 'y42': 1, 'y43': 0}",612645.57,N,"{'T00': 0, 'T01': 1, 'T02': 0, 'T03': 1, 'T04': 0, 'T10': 1, 'T11': 0, 'T12': 0, 'T13': 0, 'T14': 0, 'T20': 1, 'T21': 0, 'T22': 0, 'T23': 0, 'T24': 0, 'T30': 0, 'T31': 0, 'T32': 0, 'T33': 0, 'T34': 1, 'T40': 0, 'T41': 0, 'T42': 1, 'T43': 1, 'T44': 1, 'y00': 0, 'y01': 0, 'y02': 0, 'y03': 0, 'y10': 0, 'y11': 1, 'y12': 1, 'y13': 1, 'y20': 0, 'y21': 0, 'y22': 0, 'y23': 0, 'y30': 1, 'y31': 0, 'y32': 0, 'y33': 0, 'y40': 0, 'y41': 0, 'y42': 1, 'y43': 1}",609365.57,N,"{'T00': 1, 'T01': 1, 'T02': 1, 'T03': 0, 'T04': 1, 'T10': 1, 'T11': 1, 'T12': 0, 'T13': 0, 'T14': 0, 'T20': 0, 'T21': 0, 'T22': 0, 'T23': 0, 'T24': 0, 'T30': 0, 'T31': 0, 'T32': 0, 'T33': 0, 'T34': 1, 'T40': 0, 'T41': 0, 'T42': 1, 'T43': 1, 'T44': 1, 'y00': 0, 'y01': 1, 'y02': 1, 'y03': 0, 'y10': 1, 'y11': 1, 'y12': 1, 'y13': 1, 'y20': 0, 'y21': 0, 'y22': 1, 'y23': 0, 'y30': 1, 'y31': 0, 'y32': 0, 'y33': 0, 'y40': 0, 'y41': 1, 'y42': 1, 'y43': 0}",606085.57,N
3,3,3,3,3,3,3,3,"{'T00': 1, 'T01': 0, 'T02': 0, 'T03': 0, 'T04': 0, 'T10': 1, 'T11': 0, 'T12': 0, 'T13': 0, 'T14': 1, 'T20': 0, 'T21': 0, 'T22': 0, 'T23': 1, 'T24': 0, 'T30': 0, 'T31': 1, 'T32': 0, 'T33': 0, 'T34': 1, 'T40': 0, 'T41': 0, 'T42': 1, 'T43': 1, 'T44': 0, 'y00': 1, 'y01': 0, 'y02': 0, 'y10': 0, 'y11': 0, 'y12': 0, 'y20': 0, 'y21': 0, 'y22': 1, 'y30': 0, 'y31': 0, 'y32': 1, 'y40': 0, 'y41': 0, 'y42': 0}",309447.57,N,"{'T00': 1, 'T01': 0, 'T02': 0, 'T03': 0, 'T04': 0, 'T10': 0, 'T11': 0, 'T12': 0, 'T13': 0, 'T14': 1, 'T20': 0, 'T21': 1, 'T22': 1, 'T23': 0, 'T24': 0, 'T30': 0, 'T31': 0, 'T32': 1, 'T33': 1, 'T34': 0, 'T40': 0, 'T41': 1, 'T42': 0, 'T43': 1, 'T44': 0, 'y00': 0, 'y01': 0, 'y02': 0, 'y10': 0, 'y11': 0, 'y12': 0, 'y20': 1, 'y21': 0, 'y22': 1, 'y30': 0, 'y31': 0, 'y32': 1, 'y40': 0, 'y41': 0, 'y42': 0}",793763.17,N,"{'T00': 0, 'T01': 0, 'T02': 0, 'T03': 0, 'T04': 0, 'T10': 0, 'T11': 0, 'T12': 0, 'T13': 0, 'T14': 1, 'T20': 0, 'T21': 0, 'T22': 0, 'T23': 1, 'T24': 0, 'T30': 0, 'T31': 0, 'T32': 0, 'T33': 1, 'T34': 1, 'T40': 0, 'T41': 0, 'T42': 1, 'T43': 1, 'T44': 0, 'y00': 1, 'y01': 0, 'y02': 0, 'y10': 0, 'y11': 0, 'y12': 0, 'y20': 1, 'y21': 0, 'y22': 1, 'y30': 0, 'y31': 0, 'y32': 1, 'y40': 0, 'y41': 0, 'y42': 0}",771604.77,N,"{'T00': 0, 'T01': 1, 'T02': 0, 'T03': 0, 'T04': 0, 'T10': 1, 'T11': 0, 'T12': 1, 'T13': 0, 'T14': 0, 'T20': 0, 'T21': 0, 'T22': 1, 'T23': 0, 'T24': 0, 'T30': 0, 'T31': 0, 'T32': 0, 'T33': 1, 'T34': 1, 'T40': 0, 'T41': 1, 'T42': 0, 'T43': 1, 'T44': 0, 'y00': 1, 'y01': 0, 'y02': 0, 'y10': 0, 'y11': 0, 'y12': 0, 'y20': 0, 'y21': 0, 'y22': 1, 'y30': 1, 'y31': 1, 'y32': 0, 'y40': 0, 'y41': 0, 'y42': 0}",371608.37,N,"{'T00': 1, 'T01': 0, 'T02': 0, 'T03': 0, 'T04': 0, 'T10': 0, 'T11': 1, 'T12': 1, 'T13': 0, 'T14': 0, 'T20': 1, 'T21': 0, 'T22': 0, 'T23': 0, 'T24': 0, 'T30': 0, 'T31': 0, 'T32': 0, 'T33': 1, 'T34': 1, 'T40': 0, 'T41': 0, 'T42': 0, 'T43': 1, 'T44': 0, 'y00': 1, 'y01': 0, 'y02': 0, 'y10': 0, 'y11': 0, 'y12': 0, 'y20': 0, 'y21': 0, 'y22': 1, 'y30': 0, 'y31': 1, 'y32': 0, 'y40': 0, 'y41': 0, 'y42': 0}",505127.17,N,"{'T00': 1, 'T01': 0, 'T02': 0, 'T03': 0, 'T04': 0, 'T10': 0, 'T11': 1, 'T12': 0, 'T13': 0, 'T14': 1, 'T20': 1, 'T21': 1, 'T22': 0, 'T23': 0, 'T24': 0, 'T30': 0, 'T31': 0, 'T32': 1, 'T33': 1, 'T34': 0, 'T40': 0, 'T41': 0, 'T42': 0, 'T43': 1, 'T44': 0, 'y00': 0, 'y01': 0, 'y02': 0, 'y10': 0, 'y11': 0, 'y12': 0, 'y20': 1, 'y21': 0, 'y22': 1, 'y30': 0, 'y31': 1, 'y32': 0, 'y40': 0, 'y41': 0, 'y42': 0}",593766.37,N,"{'T00': 1, 'T01': 1, 'T02': 0, 'T03': 0, 'T04': 0, 'T10': 0, 'T11': 0, 'T12': 1, 'T13': 0, 'T14': 0, 'T20': 0, 'T21': 0, 'T22': 0, 'T23': 0, 'T24': 0, 'T30': 0, 'T31': 0, 'T32': 0, 'T33': 1, 'T34': 1, 'T40': 0, 'T41': 0, 'T42': 0, 'T43': 1, 'T44': 0, 'y00': 0, 'y01': 0, 'y02': 0, 'y10': 0, 'y11': 0, 'y12': 0, 'y20': 0, 'y21': 0, 'y22': 1, 'y30': 1, 'y31': 0, 'y32': 0, 'y40': 0, 'y41': 1, 'y42': 0}",571606.37,N,"{'T00': 0, 'T01': 0, 'T02': 0, 'T03': 0, 'T04': 0, 'T10': 0, 'T11': 0, 'T12': 1, 'T13': 0, 'T14': 0, 'T20': 0, 'T21': 0, 'T22': 0, 'T23': 0, 'T24': 1, 'T30': 1, 'T31': 0, 'T32': 0, 'T33': 1, 'T34': 0, 'T40': 0, 'T41': 1, 'T42': 1, 'T43': 1, 'T44': 0, 'y00': 0, 'y01': 0, 'y02': 0, 'y10': 0, 'y11': 0, 'y12': 0, 'y20': 0, 'y21': 1, 'y22': 0, 'y30': 1, 'y31': 0, 'y32': 1, 'y40': 0, 'y41': 0, 'y42': 0}",549446.37,N
4,4,4,4,4,4,4,4,"{'T00': 1, 'T01': 0, 'T02': 0, 'T03': 0, 'T04': 0, 'T10': 0, 'T11': 1, 'T12': 1, 'T13': 0, 'T14': 0, 'T20': 1, 'T21': 1, 'T22': 0, 'T23': 0, 'T24': 0, 'T30': 0, 'T31': 0, 'T32': 0, 'T33': 0, 'T34': 1, 'T40': 0, 'T41': 0, 'T42': 1, 'T43': 0, 'T44': 0, 'y00': 0, 'y01': 0, 'y02': 0, 'y10': 0, 'y11': 0, 'y12': 0, 'y20': 1, 'y21': 1, 'y22': 1, 'y30': 0, 'y31': 0, 'y32': 1, 'y40': 0, 'y41': 0, 'y42': 0}",350128.77,N,"{'T00': 0, 'T01': 0, 'T02': 0, 'T03': 1, 'T04': 0, 'T10': 1, 'T11': 0, 'T12': 1, 'T13': 0, 'T14': 0, 'T20': 0, 'T21': 0, 'T22': 1, 'T23': 0, 'T24': 0, 'T30': 0, 'T31': 0, 'T32': 0, 'T33': 0, 'T34': 1, 'T40': 0, 'T41': 0, 'T42': 0, 'T43': 1, 'T44': 1, 'y00': 0, 'y01': 0, 'y02': 0, 'y10': 1, 'y11': 0, 'y12': 1, 'y20': 0, 'y21': 0, 'y22': 1, 'y30': 1, 'y31': 0, 'y32': 1, 'y40': 1, 'y41': 1, 'y42': 0}",807323.57,N,"{'T00': 0, 'T01': 1, 'T02': 0, 'T03': 0, 'T04': 0, 'T10': 0, 'T11': 0, 'T12': 0, 'T13': 0, 'T14': 0, 'T20': 1, 'T21': 0, 'T22': 1, 'T23': 0, 'T24': 0, 'T30': 0, 'T31': 0, 'T32': 0, 'T33': 0, 'T34': 1, 'T40': 0, 'T41': 0, 'T42': 1, 'T43': 0, 'T44': 1, 'y00': 0, 'y01': 0, 'y02': 0, 'y10': 0, 'y11': 1, 'y12': 0, 'y20': 1, 'y21': 0, 'y22': 0, 'y30': 0, 'y31': 0, 'y32': 1, 'y40': 0, 'y41': 1, 'y42': 1}",798725.97,N,"{'T00': 1, 'T01': 1, 'T02': 0, 'T03': 0, 'T04': 0, 'T10': 0, 'T11': 0, 'T12': 1, 'T13': 0, 'T14': 0, 'T20': 0, 'T21': 0, 'T22': 1, 'T23': 0, 'T24': 0, 'T30': 0, 'T31': 0, 'T32': 0, 'T33': 1, 'T34': 0, 'T40': 0, 'T41': 0, 'T42': 0, 'T43': 0, 'T44': 1, 'y00': 0, 'y01': 0, 'y02': 0, 'y10': 0, 'y11': 1, 'y12': 0, 'y20': 0, 'y21': 0, 'y22': 1, 'y30': 0, 'y31': 0, 'y32': 1, 'y40': 1, 'y41': 0, 'y42': 0}",398728.37,N,"{'T00': 1, 'T01': 0, 'T02': 0, 'T03': 1, 'T04': 0, 'T10': 0, 'T11': 0, 'T12': 1, 'T13': 0, 'T14': 0, 'T20': 1, 'T21': 0, 'T22': 0, 'T23': 0, 'T24': 0, 'T30': 0, 'T31': 0, 'T32': 0, 'T33': 1, 'T34': 1, 'T40': 0, 'T41': 0, 'T42': 1, 'T43': 0, 'T44': 0, 'y00': 0, 'y01': 1, 'y02': 1, 'y10': 0, 'y11': 0, 'y12': 0, 'y20': 1, 'y21': 0, 'y22': 1, 'y30': 1, 'y31': 0, 'y32': 0, 'y40': 0, 'y41': 1, 'y42': 0}",572927.57,N,"{'T00': 0, 'T01': 0, 'T02': 0, 'T03': 1, 'T04': 0, 'T10': 0, 'T11': 1, 'T12': 0, 'T13': 0, 'T14': 0, 'T20': 1, 'T21': 0, 'T22': 1, 'T23': 0, 'T24': 0, 'T30': 0, 'T31': 0, 'T32': 0, 'T33': 0, 'T34': 1, 'T40': 0, 'T41': 0, 'T42': 1, 'T43': 0, 'T44': 1, 'y00': 1, 'y01': 0, 'y02': 0, 'y10': 1, 'y11': 0, 'y12': 1, 'y20': 0, 'y21': 0, 'y22': 1, 'y30': 0, 'y31': 0, 'y32': 1, 'y40': 1, 'y41': 1, 'y42': 0}",607326.77,N,"{'T00': 1, 'T01': 0, 'T02': 1, 'T03': 0, 'T04': 0, 'T10': 0, 'T11': 0, 'T12': 0, 'T13': 0, 'T14': 0, 'T20': 0, 'T21': 1, 'T22': 0, 'T23': 0, 'T24': 0, 'T30': 0, 'T31': 0, 'T32': 0, 'T33': 0, 'T34': 1, 'T40': 0, 'T41': 0, 'T42': 0, 'T43': 1, 'T44': 0, 'y00': 1, 'y01': 1, 'y02': 0, 'y10': 0, 'y11': 0, 'y12': 0, 'y20': 0, 'y21': 1, 'y22': 0, 'y30': 0, 'y31': 0, 'y32': 1, 'y40': 0, 'y41': 1, 'y42': 0}",598726.77,N,"{'T00': 0, 'T01': 0, 'T02': 0, 'T03': 1, 'T04': 0, 'T10': 0, 'T11': 1, 'T12': 0, 'T13': 0, 'T14': 0, 'T20': 0, 'T21': 0, 'T22': 1, 'T23': 0, 'T24': 0, 'T30': 0, 'T31': 0, 'T32': 0, 'T33': 0, 'T34': 1, 'T40': 0, 'T41': 0, 'T42': 1, 'T43': 1, 'T44': 0, 'y00': 1, 'y01': 1, 'y02': 0, 'y10': 1, 'y11': 1, 'y12': 0, 'y20': 0, 'y21': 1, 'y22': 0, 'y30': 1, 'y31': 0, 'y32': 1, 'y40': 0, 'y41': 1, 'y42': 0}",590126.77,N
5,5,5,5,5,5,5,5,"{'T00': 1, 'T01': 0, 'T02': 0, 'T03': 1, 'T04': 0, 'T10': 0, 'T11': 0, 'T12': 0, 'T13': 0, 'T14': 0, 'T20': 0, 'T21': 0, 'T22': 0, 'T23': 1, 'T24': 0, 'T30': 0, 'T31': 1, 'T32': 1, 'T33': 0, 'T34': 0, 'T40': 0, 'T41': 1, 'T42': 1, 'T43': 0, 'T44': 1, 'y00': 1, 'y01': 1, 'y02': 0, 'y03': 0, 'y10': 0, 'y11': 1, 'y12': 1, 'y13': 0, 'y20': 1, 'y21': 0, 'y22': 0, 'y23': 0, 'y30': 0, 'y31': 1, 'y32': 0, 'y33': 1, 'y40': 1, 'y41': 1, 'y42': 0, 'y43': 0}",414449.17,N,"{'T00': 0, 'T01': 1, 'T02': 1, 'T03': 0, 'T04': 0, 'T10': 1, 'T11': 0, 'T12': 1, 'T13': 1, 'T14': 0, 'T20': 0, 'T21': 0, 'T22': 0, 'T23': 1, 'T24': 0, 'T30': 0, 'T31': 0, 'T32': 0, 'T33': 1, 'T34': 1, 'T40': 0, 'T41': 1, 'T42': 1, 'T43': 1, 'T44': 0, 'y00': 1, 'y01': 1, 'y02': 0, 'y03': 0, 'y10': 1, 'y11': 0, 'y12': 1, 'y13': 0, 'y20': 1, 'y21': 1, 'y22': 1, 'y23': 1, 'y30': 1, 'y31': 0, 'y32': 0, 'y33': 1, 'y40': 0, 'y41': 1, 'y42': 0, 'y43': 0}",828763.97,N,"{'T00': 1, 'T01': 0, 'T02': 1, 'T03': 0, 'T04': 0, 'T10': 1, 'T11': 1, 'T12': 0, 'T13': 0, 'T14': 0, 'T20': 1, 'T21': 0, 'T22': 1, 'T23': 0, 'T24': 0, 'T30': 0, 'T31': 0, 'T32': 0, 'T33': 1, 'T34': 0, 'T40': 1, 'T41': 1, 'T42': 0, 'T43': 0, 'T44': 1, 'y00': 1, 'y01': 0, 'y02': 0, 'y03': 0, 'y10': 0, 'y11': 1, 'y12': 1, 'y13': 0, 'y20': 0, 'y21': 0, 'y22': 1, 'y23': 0, 'y30': 1, 'y31': 1, 'y32': 1, 'y33': 0, 'y40': 0, 'y41': 1, 'y42': 0, 'y43': 0}",841605.97,N,"{'T00': 0, 'T01': 0, 'T02': 0, 'T03': 1, 'T04': 0, 'T10': 0, 'T11': 0, 'T12': 0, 'T13': 1, 'T14': 0, 'T20': 0, 'T21': 1, 'T22': 1, 'T23': 0, 'T24': 0, 'T30': 1, 'T31': 0, 'T32': 1, 'T33': 0, 'T34': 1, 'T40': 1, 'T41': 1, 'T42': 0, 'T43': 1, 'T44': 0, 'y00': 0, 'y01': 0, 'y02': 0, 'y03': 1, 'y10': 1, 'y11': 0, 'y12': 0, 'y13': 0, 'y20': 0, 'y21': 1, 'y22': 0, 'y23': 1, 'y30': 0, 'y31': 1, 'y32': 0, 'y33': 1, 'y40': 1, 'y41': 0, 'y42': 0, 'y43': 0}",441607.97,N,"{'T00': 0, 'T01': 0, 'T02': 1, 'T03': 0, 'T04': 1, 'T10': 0, 'T11': 0, 'T12': 0, 'T13': 0, 'T14': 0, 'T20': 0, 'T21': 0, 'T22': 0, 'T23': 0, 'T24': 0, 'T30': 0, 'T31': 1, 'T32': 1, 'T33': 1, 'T34': 0, 'T40': 1, 'T41': 1, 'T42': 0, 'T43': 1, 'T44': 0, 'y00': 1, 'y01': 0, 'y02': 1, 'y03': 1, 'y10': 1, 'y11': 0, 'y12': 1, 'y13': 0, 'y20': 0, 'y21': 0, 'y22': 0, 'y23': 0, 'y30': 0, 'y31': 1, 'y32': 0, 'y33': 0, 'y40': 0, 'y41': 0, 'y42': 1, 'y43': 0}",680127.97,N,"{'T00': 0, 'T01': 1, 'T02': 1, 'T03': 0, 'T04': 0, 'T10': 1, 'T11': 1, 'T12': 0, 'T13': 0, 'T14': 0, 'T20': 1, 'T21': 0, 'T22': 0, 'T23': 1, 'T24': 0, 'T30': 0, 'T31': 0, 'T32': 0, 'T33': 1, 'T34': 0, 'T40': 0, 'T41': 1, 'T42': 1, 'T43': 0, 'T44': 1, 'y00': 1, 'y01': 0, 'y02': 0, 'y03': 0, 'y10': 0, 'y11': 0, 'y12': 0, 'y13': 1, 'y20': 0, 'y21': 0, 'y22': 1, 'y23': 0, 'y30': 0, 'y31': 1, 'y32': 0, 'y33': 1, 'y40': 1, 'y41': 0, 'y42': 0, 'y43': 0}",628766.77,N,"{'T00': 0, 'T01': 1, 'T02': 1, 'T03': 0, 'T04': 0, 'T10': 0, 'T11': 1, 'T12': 0, 'T13': 0, 'T14': 0, 'T20': 1, 'T21': 1, 'T22': 0, 'T23': 0, 'T24': 0, 'T30': 0, 'T31': 0, 'T32': 0, 'T33': 1, 'T34': 1, 'T40': 0, 'T41': 0, 'T42': 0, 'T43': 1, 'T44': 1, 'y00': 1, 'y01': 1, 'y02': 0, 'y03': 0, 'y10': 1, 'y11': 0, 'y12': 1, 'y13': 0, 'y20': 1, 'y21': 1, 'y22': 0, 'y23': 0, 'y30': 0, 'y31': 1, 'y32': 0, 'y33': 0, 'y40': 0, 'y41': 0, 'y42': 1, 'y43': 1}",641606.77,N,"{'T00': 0, 'T01': 0, 'T02': 0, 'T03': 0, 'T04': 1, 'T10': 1, 'T11': 0, 'T12': 0, 'T13': 0, 'T14': 0, 'T20': 1, 'T21': 0, 'T22': 0, 'T23': 0, 'T24': 0, 'T30': 0, 'T31': 1, 'T32': 1, 'T33': 0, 'T34': 0, 'T40': 0, 'T41': 1, 'T42': 0, 'T43': 0, 'T44': 1, 'y00': 1, 'y01': 1, 'y02': 0, 'y03': 0, 'y10': 1, 'y11': 1, 'y12': 0, 'y13': 1, 'y20': 0, 'y21': 1, 'y22': 0, 'y23': 0, 'y30': 0, 'y31': 0, 'y32': 0, 'y33': 0, 'y40': 1, 'y41': 1, 'y42': 0, 'y43': 0}",654446.77,N
6,6,6,6,6,6,6,6,"{'T00': 0, 'T01': 1, 'T02': 0, 'T03': 0, 'T04': 0, 'T10': 0, 'T11': 1, 'T12': 1, 'T13': 0, 'T14': 0, 'T20': 1, 'T21': 0, 'T22': 0, 'T23': 0, 'T24': 0, 'T30': 0, 'T31': 0, 'T32': 0, 'T33': 0, 'T34': 1, 'T40': 0, 'T41': 0, 'T42': 0, 'T43': 1, 'T44': 0, 'y00': 1, 'y01': 0, 'y02': 0, 'y10': 1, 'y11': 0, 'y12': 0, 'y20': 1, 'y21': 1, 'y22': 0, 'y30': 0, 'y31': 0, 'y32': 0, 'y40': 1, 'y41': 0, 'y42': 0}",450807.97,N,"{'T00': 0, 'T01': 0, 'T02': 1, 'T03': 1, 'T04': 0, 'T10': 1, 'T11': 1, 'T12': 0, 'T13': 0, 'T14': 0, 'T20': 0, 'T21': 0, 'T22': 0, 'T23': 0, 'T24': 0, 'T30': 0, 'T31': 0, 'T32': 0, 'T33': 1, 'T34': 0, 'T40': 0, 'T41': 0, 'T42': 0, 'T43': 1, 'T44': 0, 'y00': 1, 'y01': 0, 'y02': 1, 'y10': 0, 'y11': 0, 'y12': 0, 'y20': 0, 'y21': 0, 'y22': 0, 'y30': 1, 'y31': 0, 'y32': 0, 'y40': 1, 'y41': 0, 'y42': 0}",840882.77,N,"{'T00': 1, 'T01': 0, 'T02': 0, 'T03': 0, 'T04': 1, 'T10': 1, 'T11': 1, 'T12': 0, 'T13': 0, 'T14': 0, 'T20': 0, 'T21': 0, 'T22': 0, 'T23': 0, 'T24': 0, 'T30': 0, 'T31': 1, 'T32': 1, 'T33': 0, 'T34': 0, 'T40': 0, 'T41': 0, 'T42': 0, 'T43': 1, 'T44': 0, 'y00': 0, 'y01': 0, 'y02': 1, 'y10': 0, 'y11': 0, 'y12': 0, 'y20': 0, 'y21': 0, 'y22': 0, 'y30': 1, 'y31': 0, 'y32': 0, 'y40': 0, 'y41': 0, 'y42': 0}",865845.17,N,"{'T00': 0, 'T01': 1, 'T02': 1, 'T03': 0, 'T04': 0, 'T10': 0, 'T11': 1, 'T12': 0, 'T13': 0, 'T14': 0, 'T20': 0, 'T21': 0, 'T22': 0, 'T23': 0, 'T24': 0, 'T30': 0, 'T31': 0, 'T32': 0, 'T33': 0, 'T34': 1, 'T40': 0, 'T41': 0, 'T42': 0, 'T43': 1, 'T44': 0, 'y00': 1, 'y01': 1, 'y02': 0, 'y10': 0, 'y11': 0, 'y12': 0, 'y20': 1, 'y21': 0, 'y22': 0, 'y30': 0, 'y31': 0, 'y32': 0, 'y40': 1, 'y41': 0, 'y42': 0}",465847.57,N,"{'T00': 0, 'T01': 0, 'T02': 1, 'T03': 0, 'T04': 0, 'T10': 0, 'T11': 1, 'T12': 0, 'T13': 0, 'T14': 0, 'T20': 0, 'T21': 0, 'T22': 0, 'T23': 0, 'T24': 0, 'T30': 1, 'T31': 1, 'T32': 0, 'T33': 0, 'T34': 0, 'T40': 0, 'T41': 0, 'T42': 0, 'T43': 1, 'T44': 0, 'y00': 0, 'y01': 1, 'y02': 0, 'y10': 0, 'y11': 0, 'y12': 0, 'y20': 0, 'y21': 0, 'y22': 0, 'y30': 1, 'y31': 0, 'y32': 0, 'y40': 1, 'y41': 0, 'y42': 0}",740728.37,N,"{'T00': 0, 'T01': 0, 'T02': 1, 'T03': 0, 'T04': 0, 'T10': 0, 'T11': 1, 'T12': 0, 'T13': 0, 'T14': 0, 'T20': 0, 'T21': 0, 'T22': 0, 'T23': 0, 'T24': 0, 'T30': 1, 'T31': 0, 'T32': 0, 'T33': 0, 'T34': 0, 'T40': 0, 'T41': 0, 'T42': 1, 'T43': 0, 'T44': 0, 'y00': 1, 'y01': 0, 'y02': 0, 'y10': 1, 'y11': 0, 'y12': 0, 'y20': 0, 'y21': 0, 'y22': 0, 'y30': 1, 'y31': 0, 'y32': 0, 'y40': 0, 'y41': 0, 'y42': 0}",640886.77,N,"{'T00': 0, 'T01': 0, 'T02': 1, 'T03': 1, 'T04': 0, 'T10': 0, 'T11': 1, 'T12': 0, 'T13': 0, 'T14': 0, 'T20': 0, 'T21': 0, 'T22': 0, 'T23': 0, 'T24': 0, 'T30': 1, 'T31': 0, 'T32': 0, 'T33': 0, 'T34': 1, 'T40': 0, 'T41': 0, 'T42': 0, 'T43': 1, 'T44': 0, 'y00': 1, 'y01': 0, 'y02': 1, 'y10': 0, 'y11': 0, 'y12': 0, 'y20': 0, 'y21': 0, 'y22': 0, 'y30': 0, 'y31': 0, 'y32': 0, 'y40': 1, 'y41': 0, 'y42': 0}",665846.77,N,"{'T00': 0, 'T01': 0, 'T02': 1, 'T03': 1, 'T04': 0, 'T10': 1, 'T11': 1, 'T12': 0, 'T13': 0, 'T14': 0, 'T20': 0, 'T21': 0, 'T22': 0, 'T23': 0, 'T24': 0, 'T30': 0, 'T31': 0, 'T32': 1, 'T33': 0, 'T34': 1, 'T40': 0, 'T41': 0, 'T42': 0, 'T43': 1, 'T44': 0, 'y00': 1, 'y01': 0, 'y02': 1, 'y10': 0, 'y11': 0, 'y12': 0, 'y20': 1, 'y21': 0, 'y22': 0, 'y30': 0, 'y31': 0, 'y32': 0, 'y40': 1, 'y41': 0, 'y42': 0}",690806.77,N
7,7,7,7,7,7,7,7,"{'T00': 1, 'T01': 1, 'T02': 0, 'T03': 0, 'T04': 0, 'T10': 0, 'T11': 1, 'T12': 0, 'T13': 1, 'T14': 0, 'T20': 1, 'T21': 0, 'T22': 0, 'T23': 0, 'T24': 0, 'T30': 0, 'T31': 0, 'T32': 0, 'T33': 0, 'T34': 1, 'T40': 0, 'T41': 0, 'T42': 0, 'T43': 0, 'T44': 1, 'y00': 1, 'y01': 0, 'y02': 0, 'y10': 1, 'y11': 0, 'y12': 0, 'y20': 1, 'y21': 1, 'y22': 0, 'y30': 1, 'y31': 0, 'y32': 0, 'y40': 1, 'y41': 0, 'y42': 0, 'y50': 0, 'y51': 0, 'y52': 0}",312989.17,N,"{'T00': 1, 'T01': 1, 'T02': 0, 'T03': 0, 'T04': 0, 'T10': 1, 'T11': 0, 'T12': 1, 'T13': 0, 'T14': 0, 'T20': 0, 'T21': 0, 'T22': 1, 'T23': 0, 'T24': 0, 'T30': 1, 'T31': 0, 'T32': 0, 'T33': 1, 'T34': 0, 'T40': 0, 'T41': 0, 'T42': 0, 'T43': 1, 'T44': 1, 'y00': 0, 'y01': 0, 'y02': 0, 'y10': 0, 'y11': 1, 'y12': 0, 'y20': 0, 'y21': 1, 'y22': 0, 'y30': 0, 'y31': 0, 'y32': 0, 'y40': 0, 'y41': 0, 'y42': 1, 'y50': 0, 'y51': 0, 'y52': 0}",794943.57,N,"{'T00': 1, 'T01': 0, 'T02': 0, 'T03': 1, 'T04': 0, 'T10': 0, 'T11': 0, 'T12': 1, 'T13': 0, 'T14': 0, 'T20': 0, 'T21': 0, 'T22': 0, 'T23': 0, 'T24': 1, 'T30': 0, 'T31': 1, 'T32': 0, 'T33': 1, 'T34': 0, 'T40': 0, 'T41': 0, 'T42': 0, 'T43': 1, 'T44': 1, 'y00': 1, 'y01': 0, 'y02': 0, 'y10': 0, 'y11': 1, 'y12': 0, 'y20': 0, 'y21': 1, 'y22': 0, 'y30': 0, 'y31': 0, 'y32': 0, 'y40': 0, 'y41': 0, 'y42': 1, 'y50': 0, 'y51': 0, 'y52': 0}",773963.97,N,"{'T00': 0, 'T01': 0, 'T02': 0, 'T03': 0, 'T04': 0, 'T10': 1, 'T11': 1, 'T12': 0, 'T13': 0, 'T14': 0, 'T20': 0, 'T21': 0, 'T22': 0, 'T23': 0, 'T24': 0, 'T30': 0, 'T31': 0, 'T32': 1, 'T33': 0, 'T34': 1, 'T40': 0, 'T41': 1, 'T42': 0, 'T43': 1, 'T44': 1, 'y00': 0, 'y01': 0, 'y02': 0, 'y10': 0, 'y11': 0, 'y12': 0, 'y20': 1, 'y21': 0, 'y22': 0, 'y30': 0, 'y31': 0, 'y32': 0, 'y40': 1, 'y41': 0, 'y42': 0, 'y50': 1, 'y51': 0, 'y52': 1}",373967.97,N,"{'T00': 0, 'T01': 1, 'T02': 0, 'T03': 0, 'T04': 0, 'T10': 0, 'T11': 0, 'T12': 0, 'T13': 1, 'T14': 0, 'T20': 1, 'T21': 0, 'T22': 1, 'T23': 0, 'T24': 0, 'T30': 0, 'T31': 1, 'T32': 0, 'T33': 0, 'T34': 1, 'T40': 0, 'T41': 0, 'T42': 1, 'T43': 1, 'T44': 0, 'y00': 1, 'y01': 0, 'y02': 0, 'y10': 0, 'y11': 0, 'y12': 0, 'y20': 1, 'y21': 1, 'y22': 0, 'y30': 0, 'y31': 0, 'y32': 0, 'y40': 0, 'y41': 0, 'y42': 1, 'y50': 0, 'y51': 0, 'y52': 0}",511027.57,N,"{'T00': 0, 'T01': 0, 'T02': 0, 'T03': 0, 'T04': 1, 'T10': 1, 'T11': 0, 'T12': 1, 'T13': 0, 'T14': 0, 'T20': 0, 'T21': 0, 'T22': 0, 'T23': 0, 'T24': 0, 'T30': 0, 'T31': 0, 'T32': 0, 'T33': 1, 'T34': 0, 'T40': 0, 'T41': 0, 'T42': 0, 'T43': 0, 'T44': 1, 'y00': 0, 'y01': 1, 'y02': 0, 'y10': 1, 'y11': 1, 'y12': 0, 'y20': 0, 'y21': 1, 'y22': 0, 'y30': 0, 'y31': 0, 'y32': 0, 'y40': 0, 'y41': 0, 'y42': 0, 'y50': 0, 'y51': 0, 'y52': 0}",594945.97,N,"{'T00': 1, 'T01': 0, 'T02': 1, 'T03': 0, 'T04': 0, 'T10': 1, 'T11': 1, 'T12': 0, 'T13': 0, 'T14': 0, 'T20': 0, 'T21': 0, 'T22': 1, 'T23': 0, 'T24': 0, 'T30': 0, 'T31': 0, 'T32': 0, 'T33': 1, 'T34': 0, 'T40': 0, 'T41': 0, 'T42': 0, 'T43': 1, 'T44': 1, 'y00': 1, 'y01': 0, 'y02': 0, 'y10': 1, 'y11': 0, 'y12': 0, 'y20': 1, 'y21': 0, 'y22': 0, 'y30': 1, 'y31': 0, 'y32': 0, 'y40': 0, 'y41': 0, 'y42': 1, 'y50': 0, 'y51': 0, 'y52': 0}",573965.97,N,"{'T00': 1, 'T01': 1, 'T02': 0, 'T03': 0, 'T04': 0, 'T10': 0, 'T11': 1, 'T12': 1, 'T13': 0, 'T14': 0, 'T20': 0, 'T21': 0, 'T22': 0, 'T23': 1, 'T24': 0, 'T30': 0, 'T31': 0, 'T32': 0, 'T33': 0, 'T34': 1, 'T40': 0, 'T41': 0, 'T42': 0, 'T43': 1, 'T44': 1, 'y00': 0, 'y01': 0, 'y02': 0, 'y10': 1, 'y11': 0, 'y12': 0, 'y20': 1, 'y21': 1, 'y22': 0, 'y30': 0, 'y31': 0, 'y32': 0, 'y40': 0, 'y41': 0, 'y42': 1, 'y50': 1, 'y51': 0, 'y52': 0}",552985.97,N
8,8,8,8,8,8,8,8,"{'T00': 0, 'T01': 1, 'T02': 0, 'T03': 1, 'T04': 0, 'T10': 0, 'T11': 0, 'T12': 1, 'T13': 0, 'T14': 0, 'T20': 0, 'T21': 0, 'T22': 0, 'T23': 0, 'T24': 0, 'T30': 0, 'T31': 0, 'T32': 0, 'T33': 1, 'T34': 1, 'T40': 0, 'T41': 0, 'T42': 0, 'T43': 0, 'T44': 1, 'y00': 0, 'y01': 1, 'y02': 1, 'y10': 0, 'y11': 1, 'y12': 0, 'y20': 1, 'y21': 1, 'y22': 0, 'y30': 1, 'y31': 0, 'y32': 0, 'y40': 0, 'y41': 0, 'y42': 0, 'y50': 1, 'y51': 1, 'y52': 0}",478589.57,N,"{'T00': 0, 'T01': 0, 'T02': 0, 'T03': 1, 'T04': 0, 'T10': 0, 'T11': 1, 'T12': 1, 'T13': 0, 'T14': 0, 'T20': 1, 'T21': 1, 'T22': 1, 'T23': 0, 'T24': 0, 'T30': 0, 'T31': 0, 'T32': 0, 'T33': 1, 'T34': 1, 'T40': 0, 'T41': 0, 'T42': 1, 'T43': 0, 'T44': 1, 'y00': 0, 'y01': 1, 'y02': 1, 'y10': 0, 'y11': 0, 'y12': 0, 'y20': 1, 'y21': 0, 'y22': 1, 'y30': 1, 'y31': 0, 'y32': 0, 'y40': 1, 'y41': 1, 'y42': 1, 'y50': 1, 'y51': 1, 'y52': 0}",850143.17,N,"{'T00': 0, 'T01': 1, 'T02': 0, 'T03': 0, 'T04': 0, 'T10': 0, 'T11': 0, 'T12': 0, 'T13': 0, 'T14': 0, 'T20': 1, 'T21': 0, 'T22': 0, 'T23': 0, 'T24': 0, 'T30': 1, 'T31': 0, 'T32': 0, 'T33': 0, 'T34': 1, 'T40': 0, 'T41': 0, 'T42': 0, 'T43': 0, 'T44': 1, 'y00': 1, 'y01': 0, 'y02': 0, 'y10': 0, 'y11': 0, 'y12': 0, 'y20': 0, 'y21': 0, 'y22': 0, 'y30': 0, 'y31': 0, 'y32': 0, 'y40': 1, 'y41': 0, 'y42': 0, 'y50': 0, 'y51': 1, 'y52': 1}",884366.77,N,"{'T00': 0, 'T01': 1, 'T02': 1, 'T03': 0, 'T04': 0, 'T10': 1, 'T11': 0, 'T12': 1, 'T13': 0, 'T14': 0, 'T20': 1, 'T21': 0, 'T22': 0, 'T23': 0, 'T24': 0, 'T30': 0, 'T31': 0, 'T32': 0, 'T33': 1, 'T34': 0, 'T40': 0, 'T41': 1, 'T42': 0, 'T43': 1, 'T44': 0, 'y00': 0, 'y01': 0, 'y02': 0, 'y10': 1, 'y11': 0, 'y12': 1, 'y20': 0, 'y21': 0, 'y22': 1, 'y30': 0, 'y31': 0, 'y32': 0, 'y40': 0, 'y41': 0, 'y42': 0, 'y50': 0, 'y51': 0, 'y52': 0}",484367.57,N,"{'T00': 0, 'T01': 0, 'T02': 0, 'T03': 0, 'T04': 1, 'T10': 1, 'T11': 1, 'T12': 0, 'T13': 0, 'T14': 0, 'T20': 0, 'T21': 0, 'T22': 0, 'T23': 0, 'T24': 0, 'T30': 0, 'T31': 0, 'T32': 0, 'T33': 1, 'T34': 0, 'T40': 0, 'T41': 1, 'T42': 0, 'T43': 0, 'T44': 1, 'y00': 1, 'y01': 0, 'y02': 1, 'y10': 0, 'y11': 0, 'y12': 1, 'y20': 0, 'y21': 0, 'y22': 0, 'y30': 0, 'y31': 1, 'y32': 0, 'y40': 1, 'y41': 0, 'y42': 0, 'y50': 1, 'y51': 0, 'y52': 0}",787028.37,N,"{'T00': 0, 'T01': 1, 'T02': 0, 'T03': 0, 'T04': 1, 'T10': 1, 'T11': 0, 'T12': 1, 'T13': 0, 'T14': 0, 'T20': 0, 'T21': 1, 'T22': 0, 'T23': 0, 'T24': 0, 'T30': 0, 'T31': 0, 'T32': 1, 'T33': 0, 'T34': 1, 'T40': 1, 'T41': 0, 'T42': 0, 'T43': 1, 'T44': 1, 'y00': 1, 'y01': 0, 'y02': 1, 'y10': 1, 'y11': 0, 'y12': 1, 'y20': 1, 'y21': 1, 'y22': 0, 'y30': 1, 'y31': 0, 'y32': 0, 'y40': 1, 'y41': 1, 'y42': 0, 'y50': 1, 'y51': 1, 'y52': 0}",650145.97,N,"{'T00': 1, 'T01': 1, 'T02': 0, 'T03': 1, 'T04': 0, 'T10': 0, 'T11': 0, 'T12': 0, 'T13': 0, 'T14': 1, 'T20': 0, 'T21': 1, 'T22': 0, 'T23': 0, 'T24': 0, 'T30': 0, 'T31': 0, 'T32': 1, 'T33': 0, 'T34': 1, 'T40': 0, 'T41': 0, 'T42': 0, 'T43': 1, 'T44': 1, 'y00': 1, 'y01': 0, 'y02': 1, 'y10': 1, 'y11': 1, 'y12': 0, 'y20': 0, 'y21': 0, 'y22': 1, 'y30': 1, 'y31': 1, 'y32': 0, 'y40': 1, 'y41': 1, 'y42': 0, 'y50': 0, 'y51': 1, 'y52': 0}",684365.97,N,"{'T00': 1, 'T01': 0, 'T02': 1, 'T03': 0, 'T04': 0, 'T10': 0, 'T11': 0, 'T12': 0, 'T13': 0, 'T14': 1, 'T20': 1, 'T21': 0, 'T22': 1, 'T23': 0, 'T24': 0, 'T30': 0, 'T31': 0, 'T32': 0, 'T33': 0, 'T34': 1, 'T40': 0, 'T41': 1, 'T42': 0, 'T43': 1, 'T44': 1, 'y00': 1, 'y01': 1, 'y02': 0, 'y10': 1, 'y11': 0, 'y12': 0, 'y20': 0, 'y21': 1, 'y22': 0, 'y30': 0, 'y31': 1, 'y32': 1, 'y40': 1, 'y41': 0, 'y42': 1, 'y50': 0, 'y51': 1, 'y52': 0}",718585.97,N
9,9,9,9,9,9,9,9,"{'T00': 0, 'T01': 0, 'T02': 0, 'T03': 1, 'T04': 0, 'T10': 1, 'T11': 0, 'T12': 1, 'T13': 0, 'T14': 0, 'T20': 0, 'T21': 0, 'T22': 0, 'T23': 1, 'T24': 0, 'T30': 0, 'T31': 1, 'T32': 0, 'T33': 1, 'T34': 1, 'T40': 1, 'T41': 0, 'T42': 1, 'T43': 0, 'T44': 1, 'y00': 1, 'y01': 0, 'y02': 0, 'y03': 1, 'y10': 0, 'y11': 0, 'y12': 0, 'y13': 0, 'y20': 0, 'y21': 1, 'y22': 1, 'y23': 0, 'y30': 0, 'y31': 0, 'y32': 0, 'y33': 0, 'y40': 1, 'y41': 0, 'y42': 0, 'y43': 1, 'y50': 1, 'y51': 0, 'y52': 0, 'y53': 1}",369329.57,N,"{'T00': 1, 'T01': 0, 'T02': 0, 'T03': 1, 'T04': 0, 'T10': 0, 'T11': 0, 'T12': 0, 'T13': 1, 'T14': 1, 'T20': 0, 'T21': 0, 'T22': 1, 'T23': 0, 'T24': 0, 'T30': 0, 'T31': 1, 'T32': 1, 'T33': 1, 'T34': 0, 'T40': 0, 'T41': 0, 'T42': 1, 'T43': 1, 'T44': 1, 'y00': 0, 'y01': 1, 'y02': 0, 'y03': 0, 'y10': 1, 'y11': 0, 'y12': 0, 'y13': 1, 'y20': 1, 'y21': 0, 'y22': 1, 'y23': 1, 'y30': 1, 'y31': 1, 'y32': 1, 'y33': 0, 'y40': 1, 'y41': 1, 'y42': 1, 'y43': 0, 'y50': 0, 'y51': 1, 'y52': 0, 'y53': 0}",813725.17,N,"{'T00': 0, 'T01': 1, 'T02': 1, 'T03': 0, 'T04': 0, 'T10': 0, 'T11': 0, 'T12': 1, 'T13': 0, 'T14': 0, 'T20': 0, 'T21': 1, 'T22': 0, 'T23': 0, 'T24': 0, 'T30': 0, 'T31': 1, 'T32': 1, 'T33': 1, 'T34': 0, 'T40': 0, 'T41': 0, 'T42': 1, 'T43': 0, 'T44': 1, 'y00': 1, 'y01': 1, 'y02': 1, 'y03': 0, 'y10': 0, 'y11': 1, 'y12': 0, 'y13': 0, 'y20': 0, 'y21': 1, 'y22': 1, 'y23': 0, 'y30': 0, 'y31': 1, 'y32': 0, 'y33': 0, 'y40': 0, 'y41': 1, 'y42': 1, 'y43': 0, 'y50': 0, 'y51': 0, 'y52': 1, 'y53': 0}",811526.77,N,"{'T00': 0, 'T01': 1, 'T02': 0, 'T03': 1, 'T04': 0, 'T10': 1, 'T11': 0, 'T12': 0, 'T13': 1, 'T14': 0, 'T20': 1, 'T21': 1, 'T22': 0, 'T23': 0, 'T24': 0, 'T30': 0, 'T31': 0, 'T32': 0, 'T33': 1, 'T34': 1, 'T40': 0, 'T41': 0, 'T42': 1, 'T43': 0, 'T44': 1, 'y00': 1, 'y01': 1, 'y02': 0, 'y03': 1, 'y10': 0, 'y11': 1, 'y12': 0, 'y13': 0, 'y20': 0, 'y21': 1, 'y22': 0, 'y23': 0, 'y30': 0, 'y31': 1, 'y32': 1, 'y33': 0, 'y40': 0, 'y41': 0, 'y42': 1, 'y43': 0, 'y50': 1, 'y51': 1, 'y52': 1, 'y53': 0}",411529.97,N,"{'T00': 1, 'T01': 0, 'T02': 0, 'T03': 0, 'T04': 0, 'T10': 1, 'T11': 1, 'T12': 0, 'T13': 0, 'T14': 1, 'T20': 0, 'T21': 0, 'T22': 1, 'T23': 0, 'T24': 0, 'T30': 0, 'T31': 1, 'T32': 1, 'T33': 0, 'T34': 0, 'T40': 0, 'T41': 0, 'T42': 0, 'T43': 1, 'T44': 1, 'y00': 1, 'y01': 0, 'y02': 0, 'y03': 0, 'y10': 1, 'y11': 0, 'y12': 0, 'y13': 0, 'y20': 0, 'y21': 1, 'y22': 1, 'y23': 0, 'y30': 1, 'y31': 0, 'y32': 0, 'y33': 1, 'y40': 1, 'y41': 1, 'y42': 1, 'y43': 0, 'y50': 0, 'y51': 0, 'y52': 0, 'y53': 0}",604927.97,N,"{'T00': 1, 'T01': 1, 'T02': 0, 'T03': 1, 'T04': 0, 'T10': 0, 'T11': 0, 'T12': 1, 'T13': 0, 'T14': 0, 'T20': 0, 'T21': 1, 'T22': 0, 'T23': 0, 'T24': 0, 'T30': 1, 'T31': 1, 'T32': 1, 'T33': 1, 'T34': 0, 'T40': 0, 'T41': 1, 'T42': 1, 'T43': 1, 'T44': 1, 'y00': 1, 'y01': 1, 'y02': 1, 'y03': 0, 'y10': 1, 'y11': 0, 'y12': 1, 'y13': 0, 'y20': 0, 'y21': 0, 'y22': 0, 'y23': 0, 'y30': 0, 'y31': 1, 'y32': 1, 'y33': 0, 'y40': 1, 'y41': 0, 'y42': 1, 'y43': 0, 'y50': 0, 'y51': 0, 'y52': 1, 'y53': 1}",613727.97,N,"{'T00': 0, 'T01': 0, 'T02': 0, 'T03': 1, 'T04': 0, 'T10': 0, 'T11': 0, 'T12': 1, 'T13': 1, 'T14': 0, 'T20': 0, 'T21': 0, 'T22': 0, 'T23': 1, 'T24': 0, 'T30': 0, 'T31': 0, 'T32': 1, 'T33': 0, 'T34': 1, 'T40': 0, 'T41': 0, 'T42': 0, 'T43': 1, 'T44': 1, 'y00': 0, 'y01': 1, 'y02': 1, 'y03': 0, 'y10': 1, 'y11': 1, 'y12': 0, 'y13': 0, 'y20': 1, 'y21': 1, 'y22': 1, 'y23': 0, 'y30': 1, 'y31': 1, 'y32': 1, 'y33': 0, 'y40': 0, 'y41': 0, 'y42': 0, 'y43': 1, 'y50': 1, 'y51': 1, 'y52': 0, 'y53': 0}",611527.97,N,"{'T00': 0, 'T01': 0, 'T02': 0, 'T03': 0, 'T04': 0, 'T10': 0, 'T11': 1, 'T12': 0, 'T13': 1, 'T14': 1, 'T20': 0, 'T21': 0, 'T22': 0, 'T23': 0, 'T24': 0, 'T30': 0, 'T31': 0, 'T32': 1, 'T33': 0, 'T34': 1, 'T40': 0, 'T41': 0, 'T42': 1, 'T43': 0, 'T44': 1, 'y00': 0, 'y01': 0, 'y02': 0, 'y03': 0, 'y10': 0, 'y11': 0, 'y12': 0, 'y13': 0, 'y20': 1, 'y21': 0, 'y22': 1, 'y23': 1, 'y30': 1, 'y31': 1, 'y32': 0, 'y33': 1, 'y40': 1, 'y41': 1, 'y42': 0, 'y43': 0, 'y50': 1, 'y51': 1, 'y52': 0, 'y53': 0}",609327.97,N
10,10,10,10,10,10,10,10,"{'T00': 0, 'T01': 0, 'T02': 1, 'T03': 1, 'T04': 0, 'T10': 0, 'T11': 0, 'T12': 0, 'T13': 0, 'T14': 0, 'T20': 0, 'T21': 0, 'T22': 0, 'T23': 0, 'T24': 0, 'T30': 0, 'T31': 0, 'T32': 1, 'T33': 0, 'T34': 1, 'T40': 0, 'T41': 1, 'T42': 0, 'T43': 0, 'T44': 0, 'y00': 1, 'y01': 0, 'y02': 1, 'y10': 0, 'y11': 0, 'y12': 0, 'y20': 0, 'y21': 0, 'y22': 0, 'y30': 0, 'y31': 0, 'y32': 0, 'y40': 0, 'y41': 0, 'y42': 0, 'y50': 1, 'y51': 0, 'y52': 0}",359968.77,N,"{'T00': 1, 'T01': 0, 'T02': 1, 'T03': 1, 'T04': 0, 'T10': 0, 'T11': 1, 'T12': 0, 'T13': 0, 'T14': 0, 'T20': 0, 'T21': 0, 'T22': 0, 'T23': 1, 'T24': 0, 'T30': 0, 'T31': 1, 'T32': 0, 'T33': 0, 'T34': 1, 'T40': 0, 'T41': 0, 'T42': 1, 'T43': 0, 'T44': 1, 'y00': 1, 'y01': 1, 'y02': 0, 'y10': 0, 'y11': 1, 'y12': 0, 'y20': 1, 'y21': 0, 'y22': 0, 'y30': 0, 'y31': 0, 'y32': 0, 'y40': 1, 'y41': 0, 'y42': 0, 'y50': 1, 'y51': 1, 'y52': 0}",810603.17,N,"{'T00': 1, 'T01': 0, 'T02': 1, 'T03': 0, 'T04': 0, 'T10': 0, 'T11': 0, 'T12': 0, 'T13': 1, 'T14': 0, 'T20': 0, 'T21': 0, 'T22': 0, 'T23': 1, 'T24': 0, 'T30': 0, 'T31': 1, 'T32': 1, 'T33': 0, 'T34': 0, 'T40': 0, 'T41': 1, 'T42': 0, 'T43': 1, 'T44': 1, 'y00': 1, 'y01': 0, 'y02': 0, 'y10': 1, 'y11': 0, 'y12': 0, 'y20': 1, 'y21': 0, 'y22': 0, 'y30': 1, 'y31': 1, 'y32': 0, 'y40': 0, 'y41': 0, 'y42': 0, 'y50': 1, 'y51': 1, 'y52': 0}",805285.17,N,"{'T00': 1, 'T01': 1, 'T02': 0, 'T03': 0, 'T04': 0, 'T10': 0, 'T11': 0, 'T12': 0, 'T13': 1, 'T14': 0, 'T20': 0, 'T21': 0, 'T22': 0, 'T23': 0, 'T24': 1, 'T30': 1, 'T31': 0, 'T32': 1, 'T33': 0, 'T34': 1, 'T40': 0, 'T41': 0, 'T42': 1, 'T43': 1, 'T44': 0, 'y00': 0, 'y01': 1, 'y02': 0, 'y10': 0, 'y11': 0, 'y12': 0, 'y20': 1, 'y21': 1, 'y22': 0, 'y30': 0, 'y31': 0, 'y32': 0, 'y40': 1, 'y41': 0, 'y42': 0, 'y50': 1, 'y51': 1, 'y52': 0}",405287.97,N,"{'T00': 0, 'T01': 1, 'T02': 0, 'T03': 0, 'T04': 0, 'T10': 0, 'T11': 1, 'T12': 1, 'T13': 0, 'T14': 0, 'T20': 0, 'T21': 0, 'T22': 0, 'T23': 0, 'T24': 0, 'T30': 0, 'T31': 0, 'T32': 1, 'T33': 0, 'T34': 0, 'T40': 1, 'T41': 0, 'T42': 0, 'T43': 1, 'T44': 1, 'y00': 1, 'y01': 0, 'y02': 0, 'y10': 1, 'y11': 0, 'y12': 0, 'y20': 0, 'y21': 0, 'y22': 0, 'y30': 1, 'y31': 1, 'y32': 0, 'y40': 0, 'y41': 0, 'y42': 0, 'y50': 1, 'y51': 0, 'y52': 0}",589327.97,N,"{'T00': 0, 'T01': 0, 'T02': 1, 'T03': 1, 'T04': 0, 'T10': 0, 'T11': 1, 'T12': 0, 'T13': 0, 'T14': 0, 'T20': 0, 'T21': 0, 'T22': 0, 'T23': 1, 'T24': 0, 'T30': 0, 'T31': 0, 'T32': 0, 'T33': 0, 'T34': 1, 'T40': 1, 'T41': 0, 'T42': 1, 'T43': 1, 'T44': 0, 'y00': 1, 'y01': 1, 'y02': 0, 'y10': 1, 'y11': 0, 'y12': 0, 'y20': 1, 'y21': 0, 'y22': 0, 'y30': 0, 'y31': 0, 'y32': 0, 'y40': 0, 'y41': 0, 'y42': 0, 'y50': 1, 'y51': 1, 'y52': 0}",610607.17,N,"{'T00': 1, 'T01': 0, 'T02': 0, 'T03': 1, 'T04': 0, 'T10': 0, 'T11': 0, 'T12': 1, 'T13': 0, 'T14': 0, 'T20': 0, 'T21': 1, 'T22': 1, 'T23': 0, 'T24': 0, 'T30': 1, 'T31': 0, 'T32': 0, 'T33': 0, 'T34': 1, 'T40': 0, 'T41': 0, 'T42': 0, 'T43': 1, 'T44': 0, 'y00': 0, 'y01': 0, 'y02': 0, 'y10': 0, 'y11': 1, 'y12': 0, 'y20': 0, 'y21': 1, 'y22': 0, 'y30': 0, 'y31': 0, 'y32': 0, 'y40': 1, 'y41': 0, 'y42': 0, 'y50': 1, 'y51': 0, 'y52': 0}",605287.17,N,"{'T00': 1, 'T01': 0, 'T02': 0, 'T03': 1, 'T04': 0, 'T10': 0, 'T11': 1, 'T12': 0, 'T13': 0, 'T14': 0, 'T20': 0, 'T21': 0, 'T22': 1, 'T23': 1, 'T24': 0, 'T30': 0, 'T31': 1, 'T32': 0, 'T33': 0, 'T34': 1, 'T40': 0, 'T41': 0, 'T42': 1, 'T43': 0, 'T44': 1, 'y00': 0, 'y01': 1, 'y02': 0, 'y10': 1, 'y11': 0, 'y12': 0, 'y20': 1, 'y21': 0, 'y22': 0, 'y30': 0, 'y31': 0, 'y32': 0, 'y40': 1, 'y41': 0, 'y42': 0, 'y50': 1, 'y51': 1, 'y52': 0}",599967.17,N
11,11,11,11,11,11,11,11,"{'T00': 0, 'T01': 0, 'T02': 1, 'T03': 0, 'T04': 0, 'T10': 1, 'T11': 1, 'T12': 0, 'T13': 0, 'T14': 0, 'T20': 0, 'T21': 0, 'T22': 0, 'T23': 0, 'T24': 1, 'T30': 0, 'T31': 0, 'T32': 0, 'T33': 0, 'T34': 1, 'T40': 0, 'T41': 1, 'T42': 1, 'T43': 1, 'T44': 0, 'y00': 0, 'y01': 1, 'y02': 0, 'y10': 0, 'y11': 0, 'y12': 0, 'y20': 0, 'y21': 0, 'y22': 0, 'y30': 0, 'y31': 1, 'y32': 0, 'y40': 1, 'y41': 0, 'y42': 0, 'y50': 0, 'y51': 1, 'y52': 0, 'y60': 0, 'y61': 0, 'y62': 0}",377068.77,N,"{'T00': 0, 'T01': 0, 'T02': 0, 'T03': 0, 'T04': 0, 'T10': 1, 'T11': 0, 'T12': 0, 'T13': 0, 'T14': 0, 'T20': 1, 'T21': 0, 'T22': 0, 'T23': 1, 'T24': 1, 'T30': 0, 'T31': 1, 'T32': 0, 'T33': 0, 'T34': 1, 'T40': 0, 'T41': 1, 'T42': 1, 'T43': 0, 'T44': 0, 'y00': 0, 'y01': 0, 'y02': 0, 'y10': 0, 'y11': 0, 'y12': 0, 'y20': 0, 'y21': 0, 'y22': 0, 'y30': 0, 'y31': 0, 'y32': 0, 'y40': 1, 'y41': 0, 'y42': 1, 'y50': 0, 'y51': 1, 'y52': 0, 'y60': 0, 'y61': 0, 'y62': 0}",816303.57,N,"{'T00': 0, 'T01': 0, 'T02': 0, 'T03': 0, 'T04': 1, 'T10': 1, 'T11': 0, 'T12': 0, 'T13': 0, 'T14': 0, 'T20': 0, 'T21': 0, 'T22': 1, 'T23': 0, 'T24': 1, 'T30': 0, 'T31': 1, 'T32': 0, 'T33': 1, 'T34': 1, 'T40': 0, 'T41': 0, 'T42': 0, 'T43': 1, 'T44': 0, 'y00': 0, 'y01': 1, 'y02': 0, 'y10': 1, 'y11': 0, 'y12': 0, 'y20': 0, 'y21': 0, 'y22': 0, 'y30': 0, 'y31': 0, 'y32': 0, 'y40': 0, 'y41': 0, 'y42': 1, 'y50': 0, 'y51': 1, 'y52': 0, 'y60': 0, 'y61': 0, 'y62': 0}",816685.97,N,"{'T00': 1, 'T01': 0, 'T02': 0, 'T03': 0, 'T04': 0, 'T10': 1, 'T11': 0, 'T12': 0, 'T13': 0, 'T14': 0, 'T20': 0, 'T21': 0, 'T22': 0, 'T23': 1, 'T24': 1, 'T30': 0, 'T31': 0, 'T32': 1, 'T33': 1, 'T34': 1, 'T40': 0, 'T41': 1, 'T42': 1, 'T43': 0, 'T44': 0, 'y00': 0, 'y01': 0, 'y02': 0, 'y10': 1, 'y11': 0, 'y12': 0, 'y20': 0, 'y21': 0, 'y22': 0, 'y30': 0, 'y31': 0, 'y32': 0, 'y40': 1, 'y41': 1, 'y42': 1, 'y50': 0, 'y51': 0, 'y52': 0, 'y60': 1, 'y61': 0, 'y62': 0}",416688.37,N,"{'T00': 1, 'T01': 1, 'T02': 0, 'T03': 0, 'T04': 0, 'T10': 1, 'T11': 0, 'T12': 0, 'T13': 0, 'T14': 0, 'T20': 0, 'T21': 0, 'T22': 1, 'T23': 0, 'T24': 1, 'T30': 0, 'T31': 1, 'T32': 0, 'T33': 1, 'T34': 1, 'T40': 0, 'T41': 0, 'T42': 0, 'T43': 1, 'T44': 0, 'y00': 0, 'y01': 0, 'y02': 0, 'y10': 1, 'y11': 0, 'y12': 0, 'y20': 0, 'y21': 0, 'y22': 0, 'y30': 0, 'y31': 0, 'y32': 0, 'y40': 1, 'y41': 1, 'y42': 1, 'y50': 0, 'y51': 0, 'y52': 0, 'y60': 0, 'y61': 0, 'y62': 0}",617827.17,N,"{'T00': 0, 'T01': 0, 'T02': 0, 'T03': 0, 'T04': 1, 'T10': 1, 'T11': 0, 'T12': 0, 'T13': 0, 'T14': 0, 'T20': 0, 'T21': 0, 'T22': 1, 'T23': 1, 'T24': 0, 'T30': 0, 'T31': 0, 'T32': 0, 'T33': 1, 'T34': 1, 'T40': 1, 'T41': 1, 'T42': 1, 'T43': 1, 'T44': 0, 'y00': 0, 'y01': 1, 'y02': 0, 'y10': 0, 'y11': 1, 'y12': 0, 'y20': 0, 'y21': 0, 'y22': 0, 'y30': 1, 'y31': 0, 'y32': 0, 'y40': 0, 'y41': 0, 'y42': 1, 'y50': 0, 'y51': 0, 'y52': 0, 'y60': 0, 'y61': 0, 'y62': 0}",616307.17,N,"{'T00': 0, 'T01': 0, 'T02': 1, 'T03': 0, 'T04': 0, 'T10': 1, 'T11': 0, 'T12': 0, 'T13': 0, 'T14': 0, 'T20': 0, 'T21': 0, 'T22': 0, 'T23': 1, 'T24': 1, 'T30': 0, 'T31': 1, 'T32': 0, 'T33': 1, 'T34': 1, 'T40': 1, 'T41': 1, 'T42': 0, 'T43': 1, 'T44': 0, 'y00': 0, 'y01': 1, 'y02': 0, 'y10': 0, 'y11': 0, 'y12': 0, 'y20': 0, 'y21': 0, 'y22': 0, 'y30': 0, 'y31': 0, 'y32': 0, 'y40': 1, 'y41': 0, 'y42': 1, 'y50': 0, 'y51': 1, 'y52': 0, 'y60': 0, 'y61': 0, 'y62': 0}",616687.17,N,"{'T00': 0, 'T01': 0, 'T02': 1, 'T03': 0, 'T04': 0, 'T10': 1, 'T11': 0, 'T12': 0, 'T13': 0, 'T14': 0, 'T20': 0, 'T21': 1, 'T22': 0, 'T23': 0, 'T24': 1, 'T30': 0, 'T31': 1, 'T32': 1, 'T33': 1, 'T34': 1, 'T40': 0, 'T41': 0, 'T42': 0, 'T43': 0, 'T44': 1, 'y00': 1, 'y01': 1, 'y02': 0, 'y10': 0, 'y11': 0, 'y12': 0, 'y20': 0, 'y21': 0, 'y22': 0, 'y30': 1, 'y31': 0, 'y32': 0, 'y40': 1, 'y41': 0, 'y42': 1, 'y50': 0, 'y51': 0, 'y52': 0, 'y60': 0, 'y61': 0, 'y62': 0}",617067.17,N
12,12,12,12,12,12,12,12,"{'T00': 0, 'T01': 0, 'T02': 0, 'T03': 0, 'T04': 0, 'T10': 1, 'T11': 0, 'T12': 1, 'T13': 0, 'T14': 0, 'T20': 1, 'T21': 0, 'T22': 0, 'T23': 0, 'T24': 1, 'T30': 0, 'T31': 0, 'T32': 0, 'T33': 1, 'T34': 1, 'T40': 0, 'T41': 0, 'T42': 1, 'T43': 0, 'T44': 0, 'y00': 0, 'y01': 0, 'y02': 0, 'y10': 0, 'y11': 0, 'y12': 0, 'y20': 0, 'y21': 0, 'y22': 1, 'y30': 0, 'y31': 0, 'y32': 0, 'y40': 1, 'y41': 1, 'y42': 1, 'y50': 1, 'y51': 0, 'y52': 0, 'y60': 1, 'y61': 0, 'y62': 0}",474867.17,N,"{'T00': 0, 'T01': 0, 'T02': 1, 'T03': 0, 'T04': 0, 'T10': 0, 'T11': 0, 'T12': 1, 'T13': 0, 'T14': 0, 'T20': 1, 'T21': 1, 'T22': 0, 'T23': 0, 'T24': 0, 'T30': 0, 'T31': 0, 'T32': 1, 'T33': 0, 'T34': 1, 'T40': 1, 'T41': 1, 'T42': 0, 'T43': 0, 'T44': 1, 'y00': 0, 'y01': 1, 'y02': 0, 'y10': 0, 'y11': 1, 'y12': 0, 'y20': 1, 'y21': 1, 'y22': 0, 'y30': 1, 'y31': 0, 'y32': 0, 'y40': 1, 'y41': 0, 'y42': 0, 'y50': 1, 'y51': 0, 'y52': 0, 'y60': 0, 'y61': 0, 'y62': 1}",848902.37,N,"{'T00': 1, 'T01': 0, 'T02': 0, 'T03': 1, 'T04': 0, 'T10': 0, 'T11': 0, 'T12': 1, 'T13': 0, 'T14': 0, 'T20': 1, 'T21': 0, 'T22': 0, 'T23': 0, 'T24': 0, 'T30': 0, 'T31': 0, 'T32': 0, 'T33': 0, 'T34': 1, 'T40': 0, 'T41': 0, 'T42': 1, 'T43': 1, 'T44': 0, 'y00': 1, 'y01': 0, 'y02': 0, 'y10': 0, 'y11': 0, 'y12': 1, 'y20': 0, 'y21': 1, 'y22': 0, 'y30': 1, 'y31': 0, 'y32': 0, 'y40': 0, 'y41': 0, 'y42': 0, 'y50': 0, 'y51': 0, 'y52': 0, 'y60': 1, 'y61': 1, 'y62': 0}",881883.97,N,"{'T00': 0, 'T01': 1, 'T02': 0, 'T03': 0, 'T04': 0, 'T10': 0, 'T11': 1, 'T12': 0, 'T13': 1, 'T14': 0, 'T20': 0, 'T21': 0, 'T22': 1, 'T23': 0, 'T24': 0, 'T30': 0, 'T31': 0, 'T32': 1, 'T33': 0, 'T34': 1, 'T40': 0, 'T41': 0, 'T42': 1, 'T43': 0, 'T44': 1, 'y00': 1, 'y01': 0, 'y02': 0, 'y10': 0, 'y11': 0, 'y12': 0, 'y20': 0, 'y21': 0, 'y22': 1, 'y30': 1, 'y31': 1, 'y32': 0, 'y40': 1, 'y41': 0, 'y42': 0, 'y50': 1, 'y51': 1, 'y52': 0, 'y60': 1, 'y61': 1, 'y62': 0}",481887.17,N,"{'T00': 1, 'T01': 1, 'T02': 0, 'T03': 0, 'T04': 0, 'T10': 0, 'T11': 0, 'T12': 1, 'T13': 0, 'T14': 0, 'T20': 0, 'T21': 0, 'T22': 0, 'T23': 1, 'T24': 0, 'T30': 0, 'T31': 0, 'T32': 0, 'T33': 0, 'T34': 1, 'T40': 0, 'T41': 1, 'T42': 0, 'T43': 1, 'T44': 0, 'y00': 1, 'y01': 0, 'y02': 0, 'y10': 0, 'y11': 0, 'y12': 0, 'y20': 1, 'y21': 0, 'y22': 1, 'y30': 0, 'y31': 0, 'y32': 0, 'y40': 1, 'y41': 0, 'y42': 0, 'y50': 0, 'y51': 1, 'y52': 1, 'y60': 0, 'y61': 0, 'y62': 0}",780827.57,N,"{'T00': 1, 'T01': 0, 'T02': 1, 'T03': 0, 'T04': 0, 'T10': 0, 'T11': 0, 'T12': 1, 'T13': 1, 'T14': 0, 'T20': 1, 'T21': 0, 'T22': 0, 'T23': 0, 'T24': 0, 'T30': 0, 'T31': 0, 'T32': 0, 'T33': 1, 'T34': 1, 'T40': 0, 'T41': 0, 'T42': 0, 'T43': 0, 'T44': 1, 'y00': 0, 'y01': 0, 'y02': 1, 'y10': 0, 'y11': 0, 'y12': 0, 'y20': 1, 'y21': 1, 'y22': 1, 'y30': 0, 'y31': 1, 'y32': 0, 'y40': 0, 'y41': 0, 'y42': 0, 'y50': 1, 'y51': 0, 'y52': 0, 'y60': 0, 'y61': 1, 'y62': 0}",648905.57,N,"{'T00': 0, 'T01': 0, 'T02': 0, 'T03': 0, 'T04': 0, 'T10': 0, 'T11': 0, 'T12': 1, 'T13': 0, 'T14': 0, 'T20': 0, 'T21': 0, 'T22': 1, 'T23': 0, 'T24': 0, 'T30': 1, 'T31': 0, 'T32': 0, 'T33': 0, 'T34': 1, 'T40': 0, 'T41': 0, 'T42': 1, 'T43': 0, 'T44': 0, 'y00': 0, 'y01': 0, 'y02': 0, 'y10': 0, 'y11': 0, 'y12': 0, 'y20': 1, 'y21': 0, 'y22': 0, 'y30': 0, 'y31': 1, 'y32': 0, 'y40': 0, 'y41': 0, 'y42': 1, 'y50': 0, 'y51': 0, 'y52': 0, 'y60': 1, 'y61': 0, 'y62': 0}",681885.57,N,"{'T00': 0, 'T01': 0, 'T02': 1, 'T03': 0, 'T04': 0, 'T10': 1, 'T11': 1, 'T12': 1, 'T13': 0, 'T14': 0, 'T20': 0, 'T21': 1, 'T22': 0, 'T23': 0, 'T24': 0, 'T30': 0, 'T31': 0, 'T32': 0, 'T33': 1, 'T34': 1, 'T40': 0, 'T41': 0, 'T42': 0, 'T43': 1, 'T44': 1, 'y00': 1, 'y01': 1, 'y02': 0, 'y10': 0, 'y11': 1, 'y12': 0, 'y20': 1, 'y21': 0, 'y22': 0, 'y30': 1, 'y31': 0, 'y32': 1, 'y40': 0, 'y41': 1, 'y42': 0, 'y50': 0, 'y51': 0, 'y52': 0, 'y60': 1, 'y61': 0, 'y62': 1}",714865.57,N
13,13,13,13,13,13,13,13,"{'T00': 0, 'T01': 0, 'T02': 1, 'T03': 0, 'T04': 0, 'T10': 1, 'T11': 1, 'T12': 0, 'T13': 1, 'T14': 0, 'T20': 1, 'T21': 1, 'T22': 0, 'T23': 0, 'T24': 0, 'T30': 0, 'T31': 0, 'T32': 0, 'T33': 1, 'T34': 0, 'T40': 1, 'T41': 0, 'T42': 1, 'T43': 0, 'T44': 1, 'y00': 0, 'y01': 0, 'y02': 1, 'y03': 0, 'y10': 0, 'y11': 1, 'y12': 0, 'y13': 0, 'y20': 1, 'y21': 0, 'y22': 0, 'y23': 0, 'y30': 0, 'y31': 1, 'y32': 0, 'y33': 1, 'y40': 0, 'y41': 0, 'y42': 0, 'y43': 0, 'y50': 0, 'y51': 0, 'y52': 1, 'y53': 0, 'y60': 0, 'y61': 0, 'y62': 0, 'y63': 0}",384750.37,N,"{'T00': 1, 'T01': 0, 'T02': 0, 'T03': 1, 'T04': 0, 'T10': 1, 'T11': 1, 'T12': 0, 'T13': 1, 'T14': 0, 'T20': 0, 'T21': 0, 'T22': 0, 'T23': 0, 'T24': 1, 'T30': 0, 'T31': 0, 'T32': 1, 'T33': 1, 'T34': 0, 'T40': 0, 'T41': 1, 'T42': 1, 'T43': 0, 'T44': 1, 'y00': 1, 'y01': 1, 'y02': 1, 'y03': 0, 'y10': 1, 'y11': 0, 'y12': 0, 'y13': 0, 'y20': 1, 'y21': 1, 'y22': 0, 'y23': 0, 'y30': 0, 'y31': 0, 'y32': 0, 'y33': 1, 'y40': 1, 'y41': 1, 'y42': 0, 'y43': 0, 'y50': 0, 'y51': 1, 'y52': 0, 'y53': 1, 'y60': 1, 'y61': 0, 'y62': 0, 'y63': 0}",818864.77,N,"{'T00': 0, 'T01': 0, 'T02': 1, 'T03': 0, 'T04': 0, 'T10': 0, 'T11': 1, 'T12': 0, 'T13': 0, 'T14': 0, 'T20': 0, 'T21': 0, 'T22': 0, 'T23': 0, 'T24': 1, 'T30': 0, 'T31': 0, 'T32': 0, 'T33': 1, 'T34': 0, 'T40': 0, 'T41': 0, 'T42': 0, 'T43': 1, 'T44': 1, 'y00': 1, 'y01': 0, 'y02': 1, 'y03': 0, 'y10': 0, 'y11': 0, 'y12': 1, 'y13': 0, 'y20': 0, 'y21': 0, 'y22': 0, 'y23': 0, 'y30': 0, 'y31': 0, 'y32': 1, 'y33': 0, 'y40': 1, 'y41': 1, 'y42': 0, 'y43': 0, 'y50': 0, 'y51': 1, 'y52': 0, 'y53': 1, 'y60': 1, 'y61': 0, 'y62': 0, 'y63': 0}",821806.77,N,"{'T00': 0, 'T01': 1, 'T02': 1, 'T03': 0, 'T04': 0, 'T10': 0, 'T11': 1, 'T12': 0, 'T13': 0, 'T14': 1, 'T20': 0, 'T21': 0, 'T22': 0, 'T23': 0, 'T24': 0, 'T30': 1, 'T31': 1, 'T32': 1, 'T33': 1, 'T34': 0, 'T40': 0, 'T41': 0, 'T42': 0, 'T43': 1, 'T44': 1, 'y00': 0, 'y01': 0, 'y02': 1, 'y03': 0, 'y10': 0, 'y11': 1, 'y12': 1, 'y13': 0, 'y20': 1, 'y21': 1, 'y22': 1, 'y23': 0, 'y30': 0, 'y31': 0, 'y32': 0, 'y33': 1, 'y40': 0, 'y41': 0, 'y42': 0, 'y43': 0, 'y50': 1, 'y51': 0, 'y52': 0, 'y53': 0, 'y60': 1, 'y61': 0, 'y62': 1, 'y63': 0}",421809.57,N,"{'T00': 0, 'T01': 1, 'T02': 0, 'T03': 0, 'T04': 0, 'T10': 0, 'T11': 0, 'T12': 1, 'T13': 0, 'T14': 0, 'T20': 0, 'T21': 0, 'T22': 1, 'T23': 0, 'T24': 0, 'T30': 0, 'T31': 0, 'T32': 0, 'T33': 1, 'T34': 1, 'T40': 1, 'T41': 0, 'T42': 0, 'T43': 0, 'T44': 1, 'y00': 0, 'y01': 1, 'y02': 0, 'y03': 0, 'y10': 0, 'y11': 0, 'y12': 1, 'y13': 0, 'y20': 1, 'y21': 0, 'y22': 1, 'y23': 0, 'y30': 1, 'y31': 0, 'y32': 0, 'y33': 0, 'y40': 0, 'y41': 1, 'y42': 1, 'y43': 0, 'y50': 0, 'y51': 0, 'y52': 0, 'y53': 0, 'y60': 1, 'y61': 0, 'y62': 1, 'y63': 0}",630628.37,N,"{'T00': 1, 'T01': 1, 'T02': 0, 'T03': 0, 'T04': 0, 'T10': 1, 'T11': 0, 'T12': 0, 'T13': 0, 'T14': 1, 'T20': 1, 'T21': 0, 'T22': 1, 'T23': 1, 'T24': 0, 'T30': 0, 'T31': 1, 'T32': 0, 'T33': 1, 'T34': 1, 'T40': 1, 'T41': 1, 'T42': 0, 'T43': 1, 'T44': 0, 'y00': 1, 'y01': 1, 'y02': 0, 'y03': 0, 'y10': 1, 'y11': 0, 'y12': 0, 'y13': 0, 'y20': 0, 'y21': 1, 'y22': 0, 'y23': 1, 'y30': 0, 'y31': 1, 'y32': 0, 'y33': 0, 'y40': 0, 'y41': 1, 'y42': 0, 'y43': 1, 'y50': 0, 'y51': 1, 'y52': 1, 'y53': 0, 'y60': 1, 'y61': 0, 'y62': 0, 'y63': 0}",618867.57,N,"{'T00': 0, 'T01': 1, 'T02': 0, 'T03': 0, 'T04': 0, 'T10': 1, 'T11': 0, 'T12': 1, 'T13': 1, 'T14': 0, 'T20': 1, 'T21': 0, 'T22': 1, 'T23': 1, 'T24': 0, 'T30': 0, 'T31': 0, 'T32': 1, 'T33': 0, 'T34': 1, 'T40': 0, 'T41': 0, 'T42': 1, 'T43': 0, 'T44': 1, 'y00': 0, 'y01': 0, 'y02': 0, 'y03': 0, 'y10': 1, 'y11': 0, 'y12': 0, 'y13': 0, 'y20': 1, 'y21': 1, 'y22': 1, 'y23': 0, 'y30': 0, 'y31': 0, 'y32': 0, 'y33': 1, 'y40': 0, 'y41': 0, 'y42': 0, 'y43': 1, 'y50': 1, 'y51': 1, 'y52': 1, 'y53': 0, 'y60': 0, 'y61': 0, 'y62': 0, 'y63': 0}",621807.57,N,"{'T00': 0, 'T01': 0, 'T02': 1, 'T03': 0, 'T04': 0, 'T10': 0, 'T11': 0, 'T12': 1, 'T13': 1, 'T14': 0, 'T20': 0, 'T21': 0, 'T22': 0, 'T23': 1, 'T24': 0, 'T30': 0, 'T31': 1, 'T32': 0, 'T33': 1, 'T34': 0, 'T40': 0, 'T41': 0, 'T42': 0, 'T43': 1, 'T44': 1, 'y00': 1, 'y01': 0, 'y02': 1, 'y03': 0, 'y10': 1, 'y11': 0, 'y12': 0, 'y13': 0, 'y20': 0, 'y21': 1, 'y22': 0, 'y23': 0, 'y30': 0, 'y31': 1, 'y32': 0, 'y33': 1, 'y40': 0, 'y41': 1, 'y42': 0, 'y43': 0, 'y50': 1, 'y51': 1, 'y52': 1, 'y53': 0, 'y60': 1, 'y61': 0, 'y62': 0, 'y63': 0}",624747.57,N
14,14,14,14,14,14,14,14,"{'T00': 0, 'T01': 1, 'T02': 0, 'T03': 0, 'T04': 1, 'T10': 1, 'T11': 0, 'T12': 0, 'T13': 0, 'T14': 0, 'T20': 0, 'T21': 0, 'T22': 1, 'T23': 0, 'T24': 0, 'T30': 0, 'T31': 0, 'T32': 0, 'T33': 0, 'T34': 0, 'T40': 0, 'T41': 0, 'T42': 0, 'T43': 1, 'T44': 0, 'y00': 1, 'y01': 1, 'y02': 0, 'y10': 0, 'y11': 1, 'y12': 0, 'y20': 1, 'y21': 0, 'y22': 0, 'y30': 0, 'y31': 0, 'y32': 0}",315927.57,N,"{'T00': 0, 'T01': 0, 'T02': 0, 'T03': 1, 'T04': 0, 'T10': 0, 'T11': 0, 'T12': 1, 'T13': 0, 'T14': 0, 'T20': 0, 'T21': 0, 'T22': 1, 'T23': 0, 'T24': 0, 'T30': 1, 'T31': 0, 'T32': 0, 'T33': 0, 'T34': 0, 'T40': 1, 'T41': 1, 'T42': 0, 'T43': 0, 'T44': 0, 'y00': 1, 'y01': 1, 'y02': 0, 'y10': 0, 'y11': 0, 'y12': 0, 'y20': 1, 'y21': 0, 'y22': 0, 'y30': 1, 'y31': 0, 'y32': 0}",795921.97,N,"{'T00': 0, 'T01': 0, 'T02': 0, 'T03': 0, 'T04': 1, 'T10': 0, 'T11': 0, 'T12': 1, 'T13': 0, 'T14': 0, 'T20': 0, 'T21': 1, 'T22': 0, 'T23': 0, 'T24': 0, 'T30': 1, 'T31': 0, 'T32': 0, 'T33': 0, 'T34': 0, 'T40': 0, 'T41': 1, 'T42': 1, 'T43': 0, 'T44': 0, 'y00': 1, 'y01': 1, 'y02': 0, 'y10': 1, 'y11': 0, 'y12': 0, 'y20': 1, 'y21': 0, 'y22': 0, 'y30': 0, 'y31': 1, 'y32': 0}",775925.17,N,"{'T00': 0, 'T01': 0, 'T02': 0, 'T03': 1, 'T04': 0, 'T10': 1, 'T11': 1, 'T12': 0, 'T13': 0, 'T14': 0, 'T20': 0, 'T21': 1, 'T22': 0, 'T23': 0, 'T24': 0, 'T30': 1, 'T31': 0, 'T32': 0, 'T33': 0, 'T34': 0, 'T40': 0, 'T41': 0, 'T42': 1, 'T43': 0, 'T44': 0, 'y00': 0, 'y01': 1, 'y02': 0, 'y10': 1, 'y11': 0, 'y12': 0, 'y20': 0, 'y21': 0, 'y22': 0, 'y30': 1, 'y31': 0, 'y32': 0}",375927.97,N,"{'T00': 0, 'T01': 0, 'T02': 0, 'T03': 0, 'T04': 1, 'T10': 0, 'T11': 1, 'T12': 0, 'T13': 0, 'T14': 0, 'T20': 1, 'T21': 0, 'T22': 0, 'T23': 0, 'T24': 0, 'T30': 1, 'T31': 1, 'T32': 0, 'T33': 0, 'T34': 0, 'T40': 0, 'T41': 0, 'T42': 0, 'T43': 1, 'T44': 0, 'y00': 1, 'y01': 0, 'y02': 0, 'y10': 1, 'y11': 1, 'y12': 0, 'y20': 0, 'y21': 1, 'y22': 0, 'y30': 0, 'y31': 0, 'y32': 0}",515926.77,N,"{'T00': 0, 'T01': 0, 'T02': 0, 'T03': 0, 'T04': 1, 'T10': 0, 'T11': 0, 'T12': 0, 'T13': 1, 'T14': 0, 'T20': 0, 'T21': 0, 'T22': 0, 'T23': 1, 'T24': 0, 'T30': 0, 'T31': 1, 'T32': 1, 'T33': 0, 'T34': 0, 'T40': 0, 'T41': 1, 'T42': 0, 'T43': 0, 'T44': 0, 'y00': 0, 'y01': 0, 'y02': 1, 'y10': 1, 'y11': 0, 'y12': 0, 'y20': 1, 'y21': 1, 'y22': 0, 'y30': 0, 'y31': 0, 'y32': 0}",595924.77,N,"{'T00': 1, 'T01': 0, 'T02': 0, 'T03': 0, 'T04': 1, 'T10': 0, 'T11': 0, 'T12': 0, 'T13': 1, 'T14': 0, 'T20': 1, 'T21': 1, 'T22': 0, 'T23': 0, 'T24': 0, 'T30': 0, 'T31': 0, 'T32': 1, 'T33': 0, 'T34': 0, 'T40': 0, 'T41': 1, 'T42': 0, 'T43': 0, 'T44': 0, 'y00': 1, 'y01': 1, 'y02': 0, 'y10': 1, 'y11': 0, 'y12': 0, 'y20': 1, 'y21': 1, 'y22': 0, 'y30': 0, 'y31': 0, 'y32': 0}",575924.77,N,"{'T00': 0, 'T01': 0, 'T02': 1, 'T03': 0, 'T04': 0, 'T10': 0, 'T11': 0, 'T12': 0, 'T13': 1, 'T14': 0, 'T20': 1, 'T21': 1, 'T22': 0, 'T23': 0, 'T24': 0, 'T30': 0, 'T31': 1, 'T32': 0, 'T33': 0, 'T34': 0, 'T40': 1, 'T41': 0, 'T42': 0, 'T43': 0, 'T44': 0, 'y00': 0, 'y01': 1, 'y02': 0, 'y10': 0, 'y11': 0, 'y12': 0, 'y20': 0, 'y21': 1, 'y22': 0, 'y30': 0, 'y31': 0, 'y32': 0}",555924.77,N
15,15,15,15,15,15,15,15,"{'T00': 0, 'T01': 0, 'T02': 1, 'T03': 0, 'T04': 0, 'T10': 0, 'T11': 0, 'T12': 0, 'T13': 0, 'T14': 1, 'T20': 0, 'T21': 1, 'T22': 0, 'T23': 0, 'T24': 0, 'T30': 0, 'T31': 1, 'T32': 0, 'T33': 0, 'T34': 0, 'T40': 0, 'T41': 1, 'T42': 0, 'T43': 1, 'T44': 0, 'y00': 1, 'y01': 0, 'y02': 0, 'y10': 1, 'y11': 0, 'y12': 0, 'y20': 0, 'y21': 1, 'y22': 0, 'y30': 0, 'y31': 1, 'y32': 0, 'y40': 0, 'y41': 0, 'y42': 0}",317248.37,N,"{'T00': 0, 'T01': 0, 'T02': 1, 'T03': 0, 'T04': 0, 'T10': 1, 'T11': 0, 'T12': 0, 'T13': 0, 'T14': 1, 'T20': 0, 'T21': 1, 'T22': 0, 'T23': 0, 'T24': 0, 'T30': 0, 'T31': 0, 'T32': 0, 'T33': 0, 'T34': 0, 'T40': 0, 'T41': 0, 'T42': 0, 'T43': 1, 'T44': 1, 'y00': 0, 'y01': 0, 'y02': 0, 'y10': 1, 'y11': 0, 'y12': 0, 'y20': 1, 'y21': 0, 'y22': 0, 'y30': 1, 'y31': 1, 'y32': 0, 'y40': 1, 'y41': 0, 'y42': 0}",796362.77,N,"{'T00': 0, 'T01': 1, 'T02': 0, 'T03': 0, 'T04': 0, 'T10': 0, 'T11': 0, 'T12': 0, 'T13': 1, 'T14': 0, 'T20': 1, 'T21': 0, 'T22': 0, 'T23': 0, 'T24': 0, 'T30': 0, 'T31': 0, 'T32': 1, 'T33': 0, 'T34': 0, 'T40': 0, 'T41': 1, 'T42': 1, 'T43': 0, 'T44': 0, 'y00': 0, 'y01': 0, 'y02': 0, 'y10': 0, 'y11': 1, 'y12': 0, 'y20': 1, 'y21': 1, 'y22': 0, 'y30': 0, 'y31': 0, 'y32': 0, 'y40': 0, 'y41': 0, 'y42': 0}",776805.17,N,"{'T00': 1, 'T01': 0, 'T02': 1, 'T03': 0, 'T04': 0, 'T10': 0, 'T11': 1, 'T12': 0, 'T13': 0, 'T14': 0, 'T20': 0, 'T21': 1, 'T22': 0, 'T23': 0, 'T24': 0, 'T30': 1, 'T31': 0, 'T32': 0, 'T33': 0, 'T34': 0, 'T40': 0, 'T41': 0, 'T42': 0, 'T43': 1, 'T44': 0, 'y00': 1, 'y01': 0, 'y02': 0, 'y10': 1, 'y11': 0, 'y12': 0, 'y20': 0, 'y21': 0, 'y22': 0, 'y30': 1, 'y31': 0, 'y32': 0, 'y40': 0, 'y41': 0, 'y42': 0}",376807.97,N,"{'T00': 0, 'T01': 1, 'T02': 0, 'T03': 0, 'T04': 0, 'T10': 0, 'T11': 1, 'T12': 0, 'T13': 0, 'T14': 0, 'T20': 0, 'T21': 0, 'T22': 1, 'T23': 0, 'T24': 0, 'T30': 1, 'T31': 0, 'T32': 0, 'T33': 0, 'T34': 0, 'T40': 0, 'T41': 0, 'T42': 0, 'T43': 1, 'T44': 0, 'y00': 0, 'y01': 0, 'y02': 0, 'y10': 1, 'y11': 0, 'y12': 0, 'y20': 1, 'y21': 0, 'y22': 0, 'y30': 0, 'y31': 0, 'y32': 0, 'y40': 1, 'y41': 0, 'y42': 0}",518127.17,N,"{'T00': 1, 'T01': 1, 'T02': 0, 'T03': 0, 'T04': 0, 'T10': 1, 'T11': 0, 'T12': 0, 'T13': 1, 'T14': 0, 'T20': 0, 'T21': 0, 'T22': 0, 'T23': 0, 'T24': 0, 'T30': 0, 'T31': 1, 'T32': 0, 'T33': 0, 'T34': 0, 'T40': 0, 'T41': 0, 'T42': 1, 'T43': 0, 'T44': 0, 'y00': 0, 'y01': 0, 'y02': 0, 'y10': 1, 'y11': 0, 'y12': 0, 'y20': 1, 'y21': 1, 'y22': 0, 'y30': 0, 'y31': 0, 'y32': 0, 'y40': 0, 'y41': 0, 'y42': 0}",596365.57,N,"{'T00': 0, 'T01': 0, 'T02': 0, 'T03': 1, 'T04': 0, 'T10': 0, 'T11': 0, 'T12': 0, 'T13': 0, 'T14': 1, 'T20': 0, 'T21': 0, 'T22': 1, 'T23': 0, 'T24': 0, 'T30': 1, 'T31': 0, 'T32': 1, 'T33': 0, 'T34': 0, 'T40': 0, 'T41': 1, 'T42': 0, 'T43': 1, 'T44': 0, 'y00': 1, 'y01': 0, 'y02': 0, 'y10': 1, 'y11': 0, 'y12': 0, 'y20': 1, 'y21': 1, 'y22': 0, 'y30': 1, 'y31': 0, 'y32': 0, 'y40': 1, 'y41': 0, 'y42': 0}",576805.57,N,"{'T00': 0, 'T01': 0, 'T02': 1, 'T03': 0, 'T04': 0, 'T10': 0, 'T11': 1, 'T12': 0, 'T13': 0, 'T14': 1, 'T20': 0, 'T21': 0, 'T22': 0, 'T23': 1, 'T24': 0, 'T30': 1, 'T31': 0, 'T32': 0, 'T33': 0, 'T34': 1, 'T40': 0, 'T41': 1, 'T42': 0, 'T43': 1, 'T44': 0, 'y00': 1, 'y01': 0, 'y02': 0, 'y10': 1, 'y11': 0, 'y12': 0, 'y20': 1, 'y21': 0, 'y22': 1, 'y30': 0, 'y31': 0, 'y32': 0, 'y40': 0, 'y41': 1, 'y42': 0}",557245.57,N
16,16,16,16,16,16,16,16,"{'T00': 1, 'T01': 0, 'T02': 0, 'T03': 0, 'T04': 1, 'T10': 0, 'T11': 0, 'T12': 1, 'T13': 0, 'T14': 0, 'T20': 0, 'T21': 0, 'T22': 0, 'T23': 1, 'T24': 0, 'T30': 0, 'T31': 0, 'T32': 0, 'T33': 0, 'T34': 0, 'T40': 0, 'T41': 1, 'T42': 1, 'T43': 0, 'T44': 0, 'y00': 1, 'y01': 0, 'y02': 1, 'y10': 0, 'y11': 1, 'y12': 0, 'y20': 0, 'y21': 1, 'y22': 0, 'y30': 0, 'y31': 1, 'y32': 0, 'y40': 1, 'y41': 0, 'y42': 0}",332011.57,N,"{'T00': 0, 'T01': 1, 'T02': 0, 'T03': 0, 'T04': 1, 'T10': 0, 'T11': 1, 'T12': 0, 'T13': 0, 'T14': 0, 'T20': 0, 'T21': 0, 'T22': 0, 'T23': 1, 'T24': 0, 'T30': 0, 'T31': 0, 'T32': 0, 'T33': 0, 'T34': 0, 'T40': 1, 'T41': 0, 'T42': 1, 'T43': 1, 'T44': 0, 'y00': 1, 'y01': 1, 'y02': 0, 'y10': 1, 'y11': 1, 'y12': 1, 'y20': 0, 'y21': 1, 'y22': 0, 'y30': 0, 'y31': 0, 'y32': 0, 'y40': 0, 'y41': 1, 'y42': 0}",801285.57,N,"{'T00': 1, 'T01': 1, 'T02': 0, 'T03': 0, 'T04': 0, 'T10': 0, 'T11': 0, 'T12': 1, 'T13': 0, 'T14': 0, 'T20': 0, 'T21': 1, 'T22': 1, 'T23': 0, 'T24': 0, 'T30': 0, 'T31': 0, 'T32': 0, 'T33': 0, 'T34': 0, 'T40': 1, 'T41': 0, 'T42': 0, 'T43': 0, 'T44': 1, 'y00': 1, 'y01': 0, 'y02': 0, 'y10': 1, 'y11': 0, 'y12': 0, 'y20': 0, 'y21': 1, 'y22': 0, 'y30': 0, 'y31': 1, 'y32': 0, 'y40': 1, 'y41': 0, 'y42': 1}",786647.97,N,"{'T00': 0, 'T01': 0, 'T02': 0, 'T03': 0, 'T04': 1, 'T10': 0, 'T11': 1, 'T12': 1, 'T13': 0, 'T14': 0, 'T20': 1, 'T21': 0, 'T22': 0, 'T23': 0, 'T24': 1, 'T30': 1, 'T31': 0, 'T32': 0, 'T33': 0, 'T34': 0, 'T40': 0, 'T41': 1, 'T42': 0, 'T43': 1, 'T44': 0, 'y00': 1, 'y01': 1, 'y02': 1, 'y10': 0, 'y11': 1, 'y12': 0, 'y20': 1, 'y21': 0, 'y22': 0, 'y30': 1, 'y31': 0, 'y32': 1, 'y40': 1, 'y41': 0, 'y42': 0}",386651.97,N,"{'T00': 1, 'T01': 0, 'T02': 0, 'T03': 0, 'T04': 0, 'T10': 0, 'T11': 0, 'T12': 1, 'T13': 0, 'T14': 1, 'T20': 0, 'T21': 1, 'T22': 0, 'T23': 0, 'T24': 0, 'T30': 0, 'T31': 1, 'T32': 1, 'T33': 0, 'T34': 0, 'T40': 1, 'T41': 0, 'T42': 0, 'T43': 1, 'T44': 0, 'y00': 0, 'y01': 0, 'y02': 0, 'y10': 0, 'y11': 0, 'y12': 0, 'y20': 1, 'y21': 1, 'y22': 1, 'y30': 0, 'y31': 0, 'y32': 1, 'y40': 0, 'y41': 1, 'y42': 0}",542729.97,N,"{'T00': 1, 'T01': 0, 'T02': 0, 'T03': 0, 'T04': 1, 'T10': 0, 'T11': 0, 'T12': 0, 'T13': 0, 'T14': 0, 'T20': 0, 'T21': 0, 'T22': 0, 'T23': 0, 'T24': 1, 'T30': 1, 'T31': 0, 'T32': 0, 'T33': 0, 'T34': 0, 'T40': 0, 'T41': 0, 'T42': 1, 'T43': 0, 'T44': 0, 'y00': 0, 'y01': 1, 'y02': 1, 'y10': 1, 'y11': 0, 'y12': 0, 'y20': 0, 'y21': 0, 'y22': 0, 'y30': 1, 'y31': 0, 'y32': 0, 'y40': 0, 'y41': 1, 'y42': 0}",601288.77,N,"{'T00': 0, 'T01': 0, 'T02': 1, 'T03': 1, 'T04': 0, 'T10': 0, 'T11': 0, 'T12': 0, 'T13': 0, 'T14': 1, 'T20': 0, 'T21': 1, 'T22': 0, 'T23': 0, 'T24': 1, 'T30': 0, 'T31': 1, 'T32': 1, 'T33': 0, 'T34': 0, 'T40': 0, 'T41': 0, 'T42': 0, 'T43': 0, 'T44': 1, 'y00': 1, 'y01': 1, 'y02': 1, 'y10': 1, 'y11': 1, 'y12': 0, 'y20': 0, 'y21': 1, 'y22': 1, 'y30': 0, 'y31': 1, 'y32': 0, 'y40': 1, 'y41': 1, 'y42': 0}",586648.77,N,"{'T00': 1, 'T01': 0, 'T02': 0, 'T03': 0, 'T04': 1, 'T10': 0, 'T11': 0, 'T12': 1, 'T13': 0, 'T14': 0, 'T20': 1, 'T21': 1, 'T22': 0, 'T23': 0, 'T24': 0, 'T30': 0, 'T31': 1, 'T32': 0, 'T33': 0, 'T34': 0, 'T40': 0, 'T41': 0, 'T42': 1, 'T43': 1, 'T44': 0, 'y00': 1, 'y01': 0, 'y02': 0, 'y10': 1, 'y11': 1, 'y12': 1, 'y20': 1, 'y21': 1, 'y22': 0, 'y30': 0, 'y31': 0, 'y32': 0, 'y40': 1, 'y41': 0, 'y42': 0}",572008.77,N
17,17,17,17,17,17,17,17,"{'T00': 1, 'T01': 1, 'T02': 0, 'T03': 0, 'T04': 0, 'T10': 0, 'T11': 0, 'T12': 0, 'T13': 1, 'T14': 0, 'T20': 1, 'T21': 0, 'T22': 0, 'T23': 0, 'T24': 0, 'T30': 0, 'T31': 1, 'T32': 0, 'T33': 0, 'T34': 0, 'T40': 1, 'T41': 0, 'T42': 0, 'T43': 1, 'T44': 0, 'y00': 0, 'y01': 0, 'y02': 0, 'y03': 0, 'y10': 0, 'y11': 1, 'y12': 0, 'y13': 0, 'y20': 0, 'y21': 0, 'y22': 1, 'y23': 0, 'y30': 0, 'y31': 0, 'y32': 1, 'y33': 0, 'y40': 1, 'y41': 0, 'y42': 0, 'y43': 0}",453627.97,N,"{'T00': 1, 'T01': 0, 'T02': 1, 'T03': 0, 'T04': 0, 'T10': 0, 'T11': 1, 'T12': 0, 'T13': 0, 'T14': 1, 'T20': 0, 'T21': 1, 'T22': 1, 'T23': 1, 'T24': 0, 'T30': 1, 'T31': 0, 'T32': 0, 'T33': 1, 'T34': 0, 'T40': 0, 'T41': 0, 'T42': 0, 'T43': 1, 'T44': 1, 'y00': 1, 'y01': 1, 'y02': 0, 'y03': 0, 'y10': 0, 'y11': 1, 'y12': 0, 'y13': 0, 'y20': 1, 'y21': 1, 'y22': 0, 'y23': 1, 'y30': 1, 'y31': 1, 'y32': 0, 'y33': 0, 'y40': 1, 'y41': 1, 'y42': 1, 'y43': 1}",841822.37,N,"{'T00': 0, 'T01': 0, 'T02': 0, 'T03': 0, 'T04': 1, 'T10': 0, 'T11': 0, 'T12': 1, 'T13': 1, 'T14': 0, 'T20': 1, 'T21': 1, 'T22': 0, 'T23': 0, 'T24': 0, 'T30': 0, 'T31': 1, 'T32': 0, 'T33': 1, 'T34': 0, 'T40': 0, 'T41': 1, 'T42': 0, 'T43': 0, 'T44': 1, 'y00': 1, 'y01': 0, 'y02': 0, 'y03': 0, 'y10': 1, 'y11': 1, 'y12': 0, 'y13': 1, 'y20': 1, 'y21': 0, 'y22': 1, 'y23': 1, 'y30': 0, 'y31': 1, 'y32': 0, 'y33': 0, 'y40': 0, 'y41': 0, 'y42': 0, 'y43': 0}",867725.57,N,"{'T00': 0, 'T01': 0, 'T02': 0, 'T03': 1, 'T04': 0, 'T10': 0, 'T11': 0, 'T12': 1, 'T13': 0, 'T14': 0, 'T20': 0, 'T21': 0, 'T22': 1, 'T23': 1, 'T24': 0, 'T30': 0, 'T31': 1, 'T32': 0, 'T33': 0, 'T34': 0, 'T40': 0, 'T41': 1, 'T42': 0, 'T43': 1, 'T44': 1, 'y00': 0, 'y01': 0, 'y02': 0, 'y03': 0, 'y10': 0, 'y11': 1, 'y12': 0, 'y13': 1, 'y20': 1, 'y21': 0, 'y22': 1, 'y23': 0, 'y30': 0, 'y31': 0, 'y32': 0, 'y33': 0, 'y40': 0, 'y41': 1, 'y42': 1, 'y43': 1}",467727.97,N,"{'T00': 0, 'T01': 0, 'T02': 0, 'T03': 0, 'T04': 1, 'T10': 0, 'T11': 0, 'T12': 1, 'T13': 1, 'T14': 0, 'T20': 0, 'T21': 1, 'T22': 0, 'T23': 0, 'T24': 0, 'T30': 0, 'T31': 0, 'T32': 1, 'T33': 0, 'T34': 0, 'T40': 1, 'T41': 0, 'T42': 0, 'T43': 1, 'T44': 1, 'y00': 1, 'y01': 0, 'y02': 0, 'y03': 0, 'y10': 1, 'y11': 1, 'y12': 0, 'y13': 1, 'y20': 0, 'y21': 0, 'y22': 0, 'y23': 1, 'y30': 1, 'y31': 1, 'y32': 1, 'y33': 0, 'y40': 0, 'y41': 1, 'y42': 0, 'y43': 0}",745427.17,N,"{'T00': 0, 'T01': 0, 'T02': 1, 'T03': 1, 'T04': 0, 'T10': 1, 'T11': 0, 'T12': 0, 'T13': 1, 'T14': 0, 'T20': 0, 'T21': 1, 'T22': 0, 'T23': 0, 'T24': 1, 'T30': 1, 'T31': 0, 'T32': 0, 'T33': 0, 'T34': 0, 'T40': 0, 'T41': 1, 'T42': 0, 'T43': 1, 'T44': 0, 'y00': 1, 'y01': 0, 'y02': 1, 'y03': 1, 'y10': 1, 'y11': 0, 'y12': 0, 'y13': 0, 'y20': 0, 'y21': 0, 'y22': 0, 'y23': 0, 'y30': 0, 'y31': 1, 'y32': 0, 'y33': 1, 'y40': 1, 'y41': 0, 'y42': 0, 'y43': 0}",641824.77,N,"{'T00': 0, 'T01': 0, 'T02': 1, 'T03': 0, 'T04': 0, 'T10': 1, 'T11': 1, 'T12': 0, 'T13': 0, 'T14': 0, 'T20': 0, 'T21': 0, 'T22': 1, 'T23': 0, 'T24': 1, 'T30': 1, 'T31': 0, 'T32': 0, 'T33': 0, 'T34': 0, 'T40': 1, 'T41': 0, 'T42': 0, 'T43': 1, 'T44': 1, 'y00': 0, 'y01': 0, 'y02': 1, 'y03': 0, 'y10': 0, 'y11': 1, 'y12': 0, 'y13': 0, 'y20': 0, 'y21': 0, 'y22': 0, 'y23': 0, 'y30': 0, 'y31': 1, 'y32': 0, 'y33': 0, 'y40': 1, 'y41': 1, 'y42': 1, 'y43': 1}",667724.77,N,"{'T00': 0, 'T01': 0, 'T02': 0, 'T03': 0, 'T04': 1, 'T10': 0, 'T11': 0, 'T12': 0, 'T13': 1, 'T14': 0, 'T20': 0, 'T21': 0, 'T22': 0, 'T23': 1, 'T24': 0, 'T30': 0, 'T31': 1, 'T32': 0, 'T33': 0, 'T34': 0, 'T40': 1, 'T41': 1, 'T42': 1, 'T43': 0, 'T44': 0, 'y00': 0, 'y01': 0, 'y02': 0, 'y03': 1, 'y10': 1, 'y11': 1, 'y12': 0, 'y13': 0, 'y20': 0, 'y21': 0, 'y22': 1, 'y23': 0, 'y30': 0, 'y31': 0, 'y32': 1, 'y33': 0, 'y40': 1, 'y41': 0, 'y42': 0, 'y43': 0}",693624.77,N
18,18,18,18,18,18,18,18,"{'T00': 0, 'T01': 0, 'T02': 0, 'T03': 0, 'T04': 1, 'T10': 1, 'T11': 0, 'T12': 0, 'T13': 0, 'T14': 1, 'T20': 1, 'T21': 0, 'T22': 1, 'T23': 0, 'T24': 0, 'T30': 0, 'T31': 0, 'T32': 0, 'T33': 1, 'T34': 0, 'T40': 0, 'T41': 1, 'T42': 1, 'T43': 0, 'T44': 1, 'y00': 0, 'y01': 1, 'y02': 0, 'y10': 0, 'y11': 1, 'y12': 0, 'y20': 1, 'y21': 1, 'y22': 0, 'y30': 1, 'y31': 0, 'y32': 0, 'y40': 1, 'y41': 0, 'y42': 0, 'y50': 0, 'y51': 0, 'y52': 0}",283767.97,N,"{'T00': 0, 'T01': 1, 'T02': 0, 'T03': 0, 'T04': 1, 'T10': 1, 'T11': 0, 'T12': 0, 'T13': 0, 'T14': 1, 'T20': 1, 'T21': 0, 'T22': 1, 'T23': 1, 'T24': 0, 'T30': 0, 'T31': 0, 'T32': 0, 'T33': 1, 'T34': 0, 'T40': 0, 'T41': 1, 'T42': 1, 'T43': 0, 'T44': 1, 'y00': 1, 'y01': 1, 'y02': 0, 'y10': 0, 'y11': 1, 'y12': 0, 'y20': 1, 'y21': 1, 'y22': 0, 'y30': 1, 'y31': 0, 'y32': 0, 'y40': 1, 'y41': 0, 'y42': 0, 'y50': 0, 'y51': 0, 'y52': 0}",785202.77,N,"{'T00': 1, 'T01': 0, 'T02': 0, 'T03': 0, 'T04': 1, 'T10': 0, 'T11': 0, 'T12': 0, 'T13': 0, 'T14': 1, 'T20': 1, 'T21': 0, 'T22': 1, 'T23': 0, 'T24': 0, 'T30': 0, 'T31': 1, 'T32': 0, 'T33': 1, 'T34': 0, 'T40': 0, 'T41': 1, 'T42': 0, 'T43': 0, 'T44': 1, 'y00': 0, 'y01': 1, 'y02': 0, 'y10': 0, 'y11': 1, 'y12': 0, 'y20': 1, 'y21': 1, 'y22': 0, 'y30': 0, 'y31': 0, 'y32': 0, 'y40': 0, 'y41': 0, 'y42': 0, 'y50': 0, 'y51': 0, 'y52': 0}",754484.77,N,"{'T00': 0, 'T01': 0, 'T02': 0, 'T03': 0, 'T04': 1, 'T10': 0, 'T11': 0, 'T12': 0, 'T13': 1, 'T14': 0, 'T20': 0, 'T21': 0, 'T22': 1, 'T23': 1, 'T24': 0, 'T30': 0, 'T31': 1, 'T32': 0, 'T33': 1, 'T34': 0, 'T40': 1, 'T41': 1, 'T42': 0, 'T43': 0, 'T44': 1, 'y00': 1, 'y01': 1, 'y02': 0, 'y10': 0, 'y11': 0, 'y12': 0, 'y20': 1, 'y21': 1, 'y22': 0, 'y30': 1, 'y31': 0, 'y32': 0, 'y40': 0, 'y41': 1, 'y42': 0, 'y50': 0, 'y51': 0, 'y52': 0}",354488.37,N,"{'T00': 0, 'T01': 0, 'T02': 0, 'T03': 0, 'T04': 1, 'T10': 0, 'T11': 0, 'T12': 0, 'T13': 1, 'T14': 0, 'T20': 0, 'T21': 0, 'T22': 1, 'T23': 1, 'T24': 0, 'T30': 1, 'T31': 1, 'T32': 0, 'T33': 0, 'T34': 0, 'T40': 1, 'T41': 1, 'T42': 1, 'T43': 0, 'T44': 0, 'y00': 1, 'y01': 0, 'y02': 1, 'y10': 0, 'y11': 0, 'y12': 0, 'y20': 0, 'y21': 1, 'y22': 0, 'y30': 1, 'y31': 0, 'y32': 0, 'y40': 0, 'y41': 0, 'y42': 0, 'y50': 0, 'y51': 0, 'y52': 0}",462326.77,N,"{'T00': 0, 'T01': 1, 'T02': 0, 'T03': 1, 'T04': 0, 'T10': 0, 'T11': 1, 'T12': 0, 'T13': 1, 'T14': 0, 'T20': 1, 'T21': 1, 'T22': 1, 'T23': 0, 'T24': 0, 'T30': 1, 'T31': 0, 'T32': 0, 'T33': 0, 'T34': 1, 'T40': 0, 'T41': 0, 'T42': 1, 'T43': 0, 'T44': 1, 'y00': 1, 'y01': 1, 'y02': 0, 'y10': 1, 'y11': 0, 'y12': 0, 'y20': 0, 'y21': 0, 'y22': 1, 'y30': 1, 'y31': 0, 'y32': 0, 'y40': 1, 'y41': 0, 'y42': 0, 'y50': 0, 'y51': 0, 'y52': 0}",585206.37,N,"{'T00': 0, 'T01': 0, 'T02': 0, 'T03': 0, 'T04': 1, 'T10': 0, 'T11': 0, 'T12': 0, 'T13': 0, 'T14': 1, 'T20': 0, 'T21': 1, 'T22': 1, 'T23': 0, 'T24': 0, 'T30': 1, 'T31': 0, 'T32': 0, 'T33': 1, 'T34': 0, 'T40': 0, 'T41': 1, 'T42': 1, 'T43': 0, 'T44': 1, 'y00': 1, 'y01': 1, 'y02': 0, 'y10': 1, 'y11': 0, 'y12': 0, 'y20': 1, 'y21': 1, 'y22': 0, 'y30': 1, 'y31': 0, 'y32': 0, 'y40': 1, 'y41': 0, 'y42': 0, 'y50': 0, 'y51': 0, 'y52': 0}",554486.37,N,"{'T00': 1, 'T01': 0, 'T02': 0, 'T03': 0, 'T04': 1, 'T10': 0, 'T11': 1, 'T12': 0, 'T13': 1, 'T14': 0, 'T20': 0, 'T21': 0, 'T22': 1, 'T23': 0, 'T24': 0, 'T30': 1, 'T31': 0, 'T32': 0, 'T33': 1, 'T34': 0, 'T40': 0, 'T41': 1, 'T42': 1, 'T43': 0, 'T44': 1, 'y00': 0, 'y01': 1, 'y02': 0, 'y10': 0, 'y11': 1, 'y12': 0, 'y20': 1, 'y21': 1, 'y22': 0, 'y30': 1, 'y31': 0, 'y32': 0, 'y40': 1, 'y41': 0, 'y42': 0, 'y50': 0, 'y51': 0, 'y52': 0}",523766.37,N
19,19,19,19,19,19,19,19,"{'T00': 0, 'T01': 1, 'T02': 1, 'T03': 0, 'T04': 0, 'T10': 0, 'T11': 0, 'T12': 1, 'T13': 0, 'T14': 0, 'T20': 0, 'T21': 0, 'T22': 0, 'T23': 0, 'T24': 1, 'T30': 1, 'T31': 0, 'T32': 0, 'T33': 0, 'T34': 0, 'T40': 1, 'T41': 0, 'T42': 0, 'T43': 1, 'T44': 0, 'y00': 1, 'y01': 1, 'y02': 1, 'y10': 0, 'y11': 0, 'y12': 0, 'y20': 0, 'y21': 0, 'y22': 0, 'y30': 1, 'y31': 1, 'y32': 0, 'y40': 0, 'y41': 1, 'y42': 0, 'y50': 0, 'y51': 0, 'y52': 0}",448709.57,N,"{'T00': 0, 'T01': 0, 'T02': 1, 'T03': 0, 'T04': 0, 'T10': 0, 'T11': 0, 'T12': 0, 'T13': 0, 'T14': 1, 'T20': 0, 'T21': 1, 'T22': 0, 'T23': 1, 'T24': 0, 'T30': 1, 'T31': 0, 'T32': 0, 'T33': 1, 'T34': 0, 'T40': 0, 'T41': 0, 'T42': 0, 'T43': 1, 'T44': 1, 'y00': 1, 'y01': 1, 'y02': 0, 'y10': 1, 'y11': 0, 'y12': 0, 'y20': 1, 'y21': 1, 'y22': 0, 'y30': 0, 'y31': 0, 'y32': 1, 'y40': 0, 'y41': 0, 'y42': 1, 'y50': 0, 'y51': 0, 'y52': 1}",840184.77,N,"{'T00': 0, 'T01': 1, 'T02': 1, 'T03': 0, 'T04': 0, 'T10': 0, 'T11': 0, 'T12': 1, 'T13': 0, 'T14': 0, 'T20': 0, 'T21': 0, 'T22': 0, 'T23': 0, 'T24': 1, 'T30': 0, 'T31': 1, 'T32': 0, 'T33': 0, 'T34': 0, 'T40': 0, 'T41': 0, 'T42': 0, 'T43': 1, 'T44': 0, 'y00': 0, 'y01': 1, 'y02': 1, 'y10': 0, 'y11': 0, 'y12': 0, 'y20': 0, 'y21': 1, 'y22': 0, 'y30': 1, 'y31': 1, 'y32': 0, 'y40': 1, 'y41': 0, 'y42': 0, 'y50': 0, 'y51': 0, 'y52': 0}",864446.77,N,"{'T00': 0, 'T01': 0, 'T02': 0, 'T03': 0, 'T04': 1, 'T10': 0, 'T11': 1, 'T12': 1, 'T13': 0, 'T14': 0, 'T20': 1, 'T21': 0, 'T22': 0, 'T23': 0, 'T24': 1, 'T30': 0, 'T31': 0, 'T32': 1, 'T33': 1, 'T34': 0, 'T40': 0, 'T41': 1, 'T42': 0, 'T43': 0, 'T44': 1, 'y00': 1, 'y01': 0, 'y02': 1, 'y10': 0, 'y11': 1, 'y12': 0, 'y20': 0, 'y21': 1, 'y22': 1, 'y30': 0, 'y31': 0, 'y32': 0, 'y40': 1, 'y41': 1, 'y42': 0, 'y50': 0, 'y51': 0, 'y52': 1}",464449.17,N,"{'T00': 0, 'T01': 0, 'T02': 1, 'T03': 0, 'T04': 0, 'T10': 1, 'T11': 0, 'T12': 0, 'T13': 1, 'T14': 0, 'T20': 1, 'T21': 0, 'T22': 0, 'T23': 0, 'T24': 0, 'T30': 0, 'T31': 1, 'T32': 0, 'T33': 0, 'T34': 0, 'T40': 0, 'T41': 0, 'T42': 0, 'T43': 1, 'T44': 1, 'y00': 0, 'y01': 0, 'y02': 0, 'y10': 0, 'y11': 0, 'y12': 1, 'y20': 0, 'y21': 0, 'y22': 0, 'y30': 1, 'y31': 1, 'y32': 1, 'y40': 0, 'y41': 0, 'y42': 0, 'y50': 0, 'y51': 1, 'y52': 0}",737229.97,N,"{'T00': 0, 'T01': 1, 'T02': 0, 'T03': 0, 'T04': 0, 'T10': 0, 'T11': 0, 'T12': 0, 'T13': 0, 'T14': 1, 'T20': 0, 'T21': 1, 'T22': 1, 'T23': 0, 'T24': 0, 'T30': 0, 'T31': 1, 'T32': 1, 'T33': 0, 'T34': 0, 'T40': 0, 'T41': 0, 'T42': 0, 'T43': 1, 'T44': 1, 'y00': 0, 'y01': 0, 'y02': 0, 'y10': 0, 'y11': 1, 'y12': 0, 'y20': 1, 'y21': 0, 'y22': 1, 'y30': 0, 'y31': 1, 'y32': 0, 'y40': 0, 'y41': 1, 'y42': 1, 'y50': 0, 'y51': 1, 'y52': 0}",640187.57,N,"{'T00': 0, 'T01': 0, 'T02': 0, 'T03': 0, 'T04': 1, 'T10': 0, 'T11': 0, 'T12': 1, 'T13': 0, 'T14': 0, 'T20': 1, 'T21': 0, 'T22': 0, 'T23': 1, 'T24': 0, 'T30': 1, 'T31': 0, 'T32': 1, 'T33': 0, 'T34': 0, 'T40': 0, 'T41': 0, 'T42': 0, 'T43': 0, 'T44': 1, 'y00': 1, 'y01': 1, 'y02': 0, 'y10': 0, 'y11': 0, 'y12': 1, 'y20': 0, 'y21': 0, 'y22': 1, 'y30': 0, 'y31': 0, 'y32': 0, 'y40': 1, 'y41': 1, 'y42': 0, 'y50': 0, 'y51': 0, 'y52': 0}",664447.57,N,"{'T00': 0, 'T01': 1, 'T02': 0, 'T03': 1, 'T04': 0, 'T10': 0, 'T11': 0, 'T12': 0, 'T13': 0, 'T14': 1, 'T20': 1, 'T21': 0, 'T22': 0, 'T23': 1, 'T24': 0, 'T30': 0, 'T31': 0, 'T32': 0, 'T33': 0, 'T34': 1, 'T40': 0, 'T41': 1, 'T42': 0, 'T43': 0, 'T44': 1, 'y00': 1, 'y01': 1, 'y02': 0, 'y10': 0, 'y11': 0, 'y12': 1, 'y20': 1, 'y21': 1, 'y22': 1, 'y30': 1, 'y31': 0, 'y32': 0, 'y40': 1, 'y41': 1, 'y42': 0, 'y50': 0, 'y51': 0, 'y52': 0}",688707.57,N
20,20,20,20,20,20,20,20,"{'T00': 0, 'T01': 0, 'T02': 1, 'T03': 1, 'T04': 0, 'T10': 0, 'T11': 0, 'T12': 0, 'T13': 0, 'T14': 1, 'T20': 0, 'T21': 0, 'T22': 0, 'T23': 0, 'T24': 0, 'T30': 1, 'T31': 0, 'T32': 1, 'T33': 0, 'T34': 0, 'T40': 0, 'T41': 1, 'T42': 0, 'T43': 1, 'T44': 1, 'y00': 0, 'y01': 0, 'y02': 0, 'y03': 0, 'y10': 1, 'y11': 1, 'y12': 1, 'y13': 1, 'y20': 0, 'y21': 1, 'y22': 1, 'y23': 0, 'y30': 0, 'y31': 1, 'y32': 1, 'y33': 0, 'y40': 1, 'y41': 0, 'y42': 0, 'y43': 0, 'y50': 1, 'y51': 0, 'y52': 0, 'y53': 0}",494069.57,N,"{'T00': 0, 'T01': 1, 'T02': 0, 'T03': 1, 'T04': 0, 'T10': 1, 'T11': 0, 'T12': 0, 'T13': 0, 'T14': 1, 'T20': 0, 'T21': 1, 'T22': 1, 'T23': 0, 'T24': 0, 'T30': 0, 'T31': 1, 'T32': 1, 'T33': 0, 'T34': 0, 'T40': 0, 'T41': 0, 'T42': 0, 'T43': 1, 'T44': 1, 'y00': 0, 'y01': 1, 'y02': 0, 'y03': 0, 'y10': 1, 'y11': 1, 'y12': 1, 'y13': 0, 'y20': 1, 'y21': 0, 'y22': 0, 'y23': 1, 'y30': 0, 'y31': 0, 'y32': 1, 'y33': 0, 'y40': 1, 'y41': 1, 'y42': 1, 'y43': 0, 'y50': 1, 'y51': 0, 'y52': 0, 'y53': 0}",855302.77,N,"{'T00': 0, 'T01': 0, 'T02': 1, 'T03': 0, 'T04': 0, 'T10': 0, 'T11': 1, 'T12': 0, 'T13': 0, 'T14': 0, 'T20': 0, 'T21': 0, 'T22': 1, 'T23': 0, 'T24': 1, 'T30': 0, 'T31': 0, 'T32': 0, 'T33': 0, 'T34': 0, 'T40': 1, 'T41': 0, 'T42': 1, 'T43': 0, 'T44': 1, 'y00': 1, 'y01': 0, 'y02': 1, 'y03': 0, 'y10': 0, 'y11': 1, 'y12': 0, 'y13': 0, 'y20': 1, 'y21': 0, 'y22': 0, 'y23': 0, 'y30': 0, 'y31': 1, 'y32': 0, 'y33': 0, 'y40': 1, 'y41': 0, 'y42': 1, 'y43': 1, 'y50': 0, 'y51': 0, 'y52': 0, 'y53': 0}",894685.17,N,"{'T00': 0, 'T01': 0, 'T02': 0, 'T03': 1, 'T04': 0, 'T10': 0, 'T11': 1, 'T12': 1, 'T13': 0, 'T14': 0, 'T20': 0, 'T21': 0, 'T22': 1, 'T23': 0, 'T24': 0, 'T30': 1, 'T31': 1, 'T32': 1, 'T33': 0, 'T34': 0, 'T40': 1, 'T41': 0, 'T42': 0, 'T43': 1, 'T44': 1, 'y00': 0, 'y01': 0, 'y02': 0, 'y03': 0, 'y10': 1, 'y11': 0, 'y12': 0, 'y13': 1, 'y20': 0, 'y21': 0, 'y22': 0, 'y23': 1, 'y30': 0, 'y31': 1, 'y32': 0, 'y33': 0, 'y40': 0, 'y41': 1, 'y42': 1, 'y43': 0, 'y50': 0, 'y51': 1, 'y52': 0, 'y53': 0}",494688.77,N,"{'T00': 1, 'T01': 0, 'T02': 0, 'T03': 0, 'T04': 1, 'T10': 0, 'T11': 0, 'T12': 0, 'T13': 1, 'T14': 0, 'T20': 1, 'T21': 1, 'T22': 0, 'T23': 1, 'T24': 0, 'T30': 1, 'T31': 0, 'T32': 1, 'T33': 0, 'T34': 0, 'T40': 0, 'T41': 0, 'T42': 1, 'T43': 0, 'T44': 1, 'y00': 0, 'y01': 0, 'y02': 0, 'y03': 1, 'y10': 0, 'y11': 0, 'y12': 1, 'y13': 0, 'y20': 0, 'y21': 0, 'y22': 1, 'y23': 0, 'y30': 0, 'y31': 1, 'y32': 1, 'y33': 0, 'y40': 1, 'y41': 1, 'y42': 0, 'y43': 0, 'y50': 0, 'y51': 1, 'y52': 0, 'y53': 0}",812828.77,N,"{'T00': 1, 'T01': 1, 'T02': 0, 'T03': 0, 'T04': 0, 'T10': 1, 'T11': 1, 'T12': 1, 'T13': 0, 'T14': 0, 'T20': 0, 'T21': 1, 'T22': 0, 'T23': 0, 'T24': 0, 'T30': 1, 'T31': 0, 'T32': 1, 'T33': 0, 'T34': 0, 'T40': 0, 'T41': 0, 'T42': 1, 'T43': 0, 'T44': 1, 'y00': 0, 'y01': 0, 'y02': 0, 'y03': 0, 'y10': 0, 'y11': 0, 'y12': 1, 'y13': 0, 'y20': 1, 'y21': 1, 'y22': 0, 'y23': 0, 'y30': 1, 'y31': 0, 'y32': 1, 'y33': 0, 'y40': 1, 'y41': 1, 'y42': 0, 'y43': 0, 'y50': 0, 'y51': 0, 'y52': 1, 'y53': 0}",655307.57,N,"{'T00': 0, 'T01': 0, 'T02': 0, 'T03': 1, 'T04': 0, 'T10': 0, 'T11': 1, 'T12': 1, 'T13': 0, 'T14': 0, 'T20': 1, 'T21': 0, 'T22': 1, 'T23': 0, 'T24': 1, 'T30': 1, 'T31': 0, 'T32': 0, 'T33': 1, 'T34': 0, 'T40': 0, 'T41': 1, 'T42': 0, 'T43': 0, 'T44': 1, 'y00': 1, 'y01': 1, 'y02': 1, 'y03': 0, 'y10': 1, 'y11': 0, 'y12': 0, 'y13': 0, 'y20': 1, 'y21': 1, 'y22': 1, 'y23': 0, 'y30': 0, 'y31': 1, 'y32': 0, 'y33': 0, 'y40': 1, 'y41': 1, 'y42': 0, 'y43': 1, 'y50': 1, 'y51': 0, 'y52': 0, 'y53': 0}",694687.57,N,"{'T00': 0, 'T01': 1, 'T02': 0, 'T03': 1, 'T04': 0, 'T10': 0, 'T11': 0, 'T12': 0, 'T13': 0, 'T14': 1, 'T20': 0, 'T21': 1, 'T22': 0, 'T23': 1, 'T24': 0, 'T30': 0, 'T31': 1, 'T32': 1, 'T33': 0, 'T34': 0, 'T40': 1, 'T41': 0, 'T42': 0, 'T43': 1, 'T44': 1, 'y00': 1, 'y01': 1, 'y02': 1, 'y03': 0, 'y10': 1, 'y11': 0, 'y12': 1, 'y13': 0, 'y20': 0, 'y21': 1, 'y22': 1, 'y23': 0, 'y30': 1, 'y31': 1, 'y32': 1, 'y33': 0, 'y40': 0, 'y41': 0, 'y42': 1, 'y43': 0, 'y50': 1, 'y51': 1, 'y52': 0, 'y53': 0}",734067.57,N
21,21,21,21,21,21,21,21,"{'T00': 0, 'T01': 0, 'T02': 1, 'T03': 1, 'T04': 0, 'T10': 1, 'T11': 0, 'T12': 0, 'T13': 0, 'T14': 0, 'T20': 1, 'T21': 0, 'T22': 0, 'T23': 0, 'T24': 1, 'T30': 0, 'T31': 1, 'T32': 0, 'T33': 0, 'T34': 0, 'T40': 0, 'T41': 0, 'T42': 0, 'T43': 1, 'T44': 0, 'y00': 1, 'y01': 0, 'y02': 0, 'y10': 0, 'y11': 0, 'y12': 0, 'y20': 0, 'y21': 1, 'y22': 0, 'y30': 0, 'y31': 0, 'y32': 0, 'y40': 1, 'y41': 0, 'y42': 0, 'y50': 1, 'y51': 0, 'y52': 0}",307529.17,N,"{'T00': 0, 'T01': 0, 'T02': 0, 'T03': 1, 'T04': 0, 'T10': 1, 'T11': 0, 'T12': 0, 'T13': 0, 'T14': 0, 'T20': 1, 'T21': 0, 'T22': 0, 'T23': 0, 'T24': 1, 'T30': 0, 'T31': 0, 'T32': 1, 'T33': 0, 'T34': 0, 'T40': 0, 'T41': 0, 'T42': 1, 'T43': 1, 'T44': 0, 'y00': 1, 'y01': 0, 'y02': 0, 'y10': 0, 'y11': 0, 'y12': 0, 'y20': 0, 'y21': 1, 'y22': 0, 'y30': 0, 'y31': 0, 'y32': 0, 'y40': 0, 'y41': 1, 'y42': 0, 'y50': 1, 'y51': 0, 'y52': 0}",793122.77,N,"{'T00': 0, 'T01': 0, 'T02': 1, 'T03': 1, 'T04': 0, 'T10': 0, 'T11': 0, 'T12': 1, 'T13': 0, 'T14': 0, 'T20': 0, 'T21': 0, 'T22': 0, 'T23': 1, 'T24': 0, 'T30': 1, 'T31': 1, 'T32': 0, 'T33': 0, 'T34': 0, 'T40': 0, 'T41': 0, 'T42': 0, 'T43': 1, 'T44': 1, 'y00': 0, 'y01': 0, 'y02': 0, 'y10': 1, 'y11': 0, 'y12': 0, 'y20': 0, 'y21': 1, 'y22': 0, 'y30': 0, 'y31': 1, 'y32': 0, 'y40': 0, 'y41': 0, 'y42': 0, 'y50': 0, 'y51': 1, 'y52': 0}",770324.77,N,"{'T00': 0, 'T01': 0, 'T02': 1, 'T03': 1, 'T04': 0, 'T10': 1, 'T11': 0, 'T12': 0, 'T13': 0, 'T14': 0, 'T20': 0, 'T21': 1, 'T22': 0, 'T23': 0, 'T24': 1, 'T30': 0, 'T31': 1, 'T32': 0, 'T33': 0, 'T34': 0, 'T40': 0, 'T41': 0, 'T42': 1, 'T43': 1, 'T44': 0, 'y00': 0, 'y01': 1, 'y02': 0, 'y10': 0, 'y11': 0, 'y12': 0, 'y20': 0, 'y21': 1, 'y22': 0, 'y30': 0, 'y31': 0, 'y32': 0, 'y40': 1, 'y41': 0, 'y42': 0, 'y50': 0, 'y51': 1, 'y52': 0}",370328.77,N,"{'T00': 0, 'T01': 0, 'T02': 0, 'T03': 1, 'T04': 0, 'T10': 1, 'T11': 0, 'T12': 0, 'T13': 0, 'T14': 1, 'T20': 0, 'T21': 0, 'T22': 1, 'T23': 0, 'T24': 0, 'T30': 0, 'T31': 1, 'T32': 0, 'T33': 0, 'T34': 0, 'T40': 0, 'T41': 0, 'T42': 0, 'T43': 1, 'T44': 1, 'y00': 1, 'y01': 0, 'y02': 0, 'y10': 0, 'y11': 0, 'y12': 0, 'y20': 0, 'y21': 0, 'y22': 0, 'y30': 1, 'y31': 0, 'y32': 1, 'y40': 1, 'y41': 0, 'y42': 0, 'y50': 0, 'y51': 0, 'y52': 0}",501927.97,N,"{'T00': 0, 'T01': 0, 'T02': 0, 'T03': 1, 'T04': 0, 'T10': 0, 'T11': 0, 'T12': 0, 'T13': 0, 'T14': 1, 'T20': 0, 'T21': 1, 'T22': 0, 'T23': 1, 'T24': 0, 'T30': 1, 'T31': 0, 'T32': 0, 'T33': 0, 'T34': 0, 'T40': 0, 'T41': 0, 'T42': 1, 'T43': 0, 'T44': 1, 'y00': 1, 'y01': 0, 'y02': 0, 'y10': 0, 'y11': 0, 'y12': 0, 'y20': 0, 'y21': 0, 'y22': 0, 'y30': 1, 'y31': 0, 'y32': 1, 'y40': 1, 'y41': 0, 'y42': 0, 'y50': 0, 'y51': 0, 'y52': 0}",593125.17,N,"{'T00': 1, 'T01': 0, 'T02': 0, 'T03': 1, 'T04': 0, 'T10': 0, 'T11': 1, 'T12': 0, 'T13': 0, 'T14': 0, 'T20': 0, 'T21': 0, 'T22': 1, 'T23': 0, 'T24': 1, 'T30': 0, 'T31': 0, 'T32': 1, 'T33': 0, 'T34': 0, 'T40': 0, 'T41': 0, 'T42': 0, 'T43': 1, 'T44': 0, 'y00': 0, 'y01': 1, 'y02': 0, 'y10': 0, 'y11': 0, 'y12': 0, 'y20': 0, 'y21': 0, 'y22': 0, 'y30': 1, 'y31': 0, 'y32': 0, 'y40': 1, 'y41': 0, 'y42': 0, 'y50': 1, 'y51': 0, 'y52': 0}",570325.17,N,"{'T00': 0, 'T01': 0, 'T02': 0, 'T03': 0, 'T04': 1, 'T10': 0, 'T11': 0, 'T12': 0, 'T13': 1, 'T14': 0, 'T20': 1, 'T21': 0, 'T22': 0, 'T23': 0, 'T24': 1, 'T30': 0, 'T31': 1, 'T32': 0, 'T33': 0, 'T34': 0, 'T40': 0, 'T41': 1, 'T42': 0, 'T43': 1, 'T44': 0, 'y00': 1, 'y01': 1, 'y02': 0, 'y10': 0, 'y11': 0, 'y12': 0, 'y20': 0, 'y21': 0, 'y22': 0, 'y30': 0, 'y31': 0, 'y32': 1, 'y40': 1, 'y41': 0, 'y42': 0, 'y50': 0, 'y51': 0, 'y52': 0}",547525.17,N
22,22,22,22,22,22,22,22,"{'T00': 0, 'T01': 1, 'T02': 1, 'T03': 1, 'T04': 0, 'T10': 0, 'T11': 0, 'T12': 1, 'T13': 0, 'T14': 0, 'T20': 0, 'T21': 0, 'T22': 1, 'T23': 0, 'T24': 0, 'T30': 0, 'T31': 0, 'T32': 0, 'T33': 0, 'T34': 1, 'T40': 0, 'T41': 1, 'T42': 0, 'T43': 0, 'T44': 1, 'y00': 1, 'y01': 0, 'y02': 0, 'y10': 1, 'y11': 1, 'y12': 1, 'y20': 1, 'y21': 1, 'y22': 0, 'y30': 1, 'y31': 0, 'y32': 1, 'y40': 1, 'y41': 0, 'y42': 0, 'y50': 1, 'y51': 0, 'y52': 0}",343769.97,N,"{'T00': 0, 'T01': 0, 'T02': 0, 'T03': 0, 'T04': 1, 'T10': 1, 'T11': 0, 'T12': 0, 'T13': 0, 'T14': 0, 'T20': 0, 'T21': 0, 'T22': 1, 'T23': 0, 'T24': 1, 'T30': 1, 'T31': 0, 'T32': 0, 'T33': 0, 'T34': 1, 'T40': 0, 'T41': 1, 'T42': 0, 'T43': 0, 'T44': 1, 'y00': 0, 'y01': 1, 'y02': 0, 'y10': 0, 'y11': 1, 'y12': 0, 'y20': 1, 'y21': 1, 'y22': 0, 'y30': 0, 'y31': 1, 'y32': 0, 'y40': 1, 'y41': 0, 'y42': 1, 'y50': 0, 'y51': 0, 'y52': 1}",805204.77,N,"{'T00': 0, 'T01': 1, 'T02': 1, 'T03': 0, 'T04': 0, 'T10': 1, 'T11': 1, 'T12': 0, 'T13': 0, 'T14': 0, 'T20': 0, 'T21': 0, 'T22': 0, 'T23': 1, 'T24': 1, 'T30': 0, 'T31': 0, 'T32': 0, 'T33': 1, 'T34': 0, 'T40': 0, 'T41': 0, 'T42': 0, 'T43': 0, 'T44': 1, 'y00': 0, 'y01': 0, 'y02': 1, 'y10': 0, 'y11': 0, 'y12': 0, 'y20': 0, 'y21': 1, 'y22': 0, 'y30': 1, 'y31': 1, 'y32': 0, 'y40': 0, 'y41': 1, 'y42': 1, 'y50': 1, 'y51': 1, 'y52': 0}",794486.37,N,"{'T00': 0, 'T01': 0, 'T02': 0, 'T03': 1, 'T04': 0, 'T10': 1, 'T11': 0, 'T12': 1, 'T13': 0, 'T14': 0, 'T20': 0, 'T21': 0, 'T22': 0, 'T23': 1, 'T24': 0, 'T30': 1, 'T31': 0, 'T32': 0, 'T33': 0, 'T34': 0, 'T40': 0, 'T41': 0, 'T42': 1, 'T43': 0, 'T44': 1, 'y00': 0, 'y01': 1, 'y02': 0, 'y10': 1, 'y11': 0, 'y12': 0, 'y20': 1, 'y21': 0, 'y22': 0, 'y30': 1, 'y31': 0, 'y32': 1, 'y40': 0, 'y41': 0, 'y42': 0, 'y50': 0, 'y51': 0, 'y52': 1}",394490.37,N,"{'T00': 0, 'T01': 1, 'T02': 0, 'T03': 1, 'T04': 0, 'T10': 0, 'T11': 0, 'T12': 0, 'T13': 0, 'T14': 0, 'T20': 0, 'T21': 1, 'T22': 0, 'T23': 1, 'T24': 0, 'T30': 1, 'T31': 0, 'T32': 0, 'T33': 0, 'T34': 1, 'T40': 0, 'T41': 0, 'T42': 0, 'T43': 0, 'T44': 1, 'y00': 0, 'y01': 0, 'y02': 0, 'y10': 0, 'y11': 1, 'y12': 0, 'y20': 1, 'y21': 0, 'y22': 1, 'y30': 1, 'y31': 0, 'y32': 0, 'y40': 1, 'y41': 0, 'y42': 1, 'y50': 0, 'y51': 1, 'y52': 0}",562328.37,N,"{'T00': 0, 'T01': 1, 'T02': 0, 'T03': 1, 'T04': 0, 'T10': 0, 'T11': 0, 'T12': 1, 'T13': 0, 'T14': 0, 'T20': 0, 'T21': 0, 'T22': 0, 'T23': 1, 'T24': 0, 'T30': 0, 'T31': 1, 'T32': 1, 'T33': 0, 'T34': 0, 'T40': 1, 'T41': 0, 'T42': 0, 'T43': 0, 'T44': 1, 'y00': 1, 'y01': 0, 'y02': 0, 'y10': 1, 'y11': 1, 'y12': 0, 'y20': 1, 'y21': 1, 'y22': 0, 'y30': 1, 'y31': 0, 'y32': 1, 'y40': 0, 'y41': 0, 'y42': 1, 'y50': 0, 'y51': 0, 'y52': 0}",605207.17,N,"{'T00': 1, 'T01': 0, 'T02': 0, 'T03': 1, 'T04': 0, 'T10': 0, 'T11': 0, 'T12': 1, 'T13': 0, 'T14': 0, 'T20': 0, 'T21': 0, 'T22': 0, 'T23': 1, 'T24': 0, 'T30': 1, 'T31': 0, 'T32': 1, 'T33': 0, 'T34': 0, 'T40': 0, 'T41': 0, 'T42': 1, 'T43': 0, 'T44': 1, 'y00': 0, 'y01': 0, 'y02': 0, 'y10': 0, 'y11': 0, 'y12': 1, 'y20': 0, 'y21': 0, 'y22': 0, 'y30': 1, 'y31': 0, 'y32': 1, 'y40': 0, 'y41': 0, 'y42': 0, 'y50': 1, 'y51': 0, 'y52': 1}",594487.17,N,"{'T00': 0, 'T01': 0, 'T02': 0, 'T03': 1, 'T04': 0, 'T10': 0, 'T11': 0, 'T12': 1, 'T13': 0, 'T14': 0, 'T20': 0, 'T21': 0, 'T22': 0, 'T23': 0, 'T24': 1, 'T30': 1, 'T31': 0, 'T32': 0, 'T33': 0, 'T34': 1, 'T40': 1, 'T41': 0, 'T42': 1, 'T43': 0, 'T44': 1, 'y00': 0, 'y01': 0, 'y02': 0, 'y10': 0, 'y11': 0, 'y12': 1, 'y20': 1, 'y21': 0, 'y22': 0, 'y30': 1, 'y31': 0, 'y32': 1, 'y40': 1, 'y41': 1, 'y42': 0, 'y50': 0, 'y51': 0, 'y52': 1}",583767.17,N
23,23,23,23,23,23,23,23,"{'T00': 0, 'T01': 0, 'T02': 0, 'T03': 0, 'T04': 1, 'T10': 0, 'T11': 0, 'T12': 0, 'T13': 1, 'T14': 0, 'T20': 0, 'T21': 0, 'T22': 0, 'T23': 1, 'T24': 0, 'T30': 1, 'T31': 0, 'T32': 1, 'T33': 1, 'T34': 0, 'T40': 0, 'T41': 0, 'T42': 0, 'T43': 0, 'T44': 1, 'y00': 0, 'y01': 0, 'y02': 0, 'y03': 0, 'y10': 1, 'y11': 0, 'y12': 0, 'y13': 1, 'y20': 0, 'y21': 1, 'y22': 0, 'y23': 0, 'y30': 0, 'y31': 1, 'y32': 0, 'y33': 1, 'y40': 0, 'y41': 1, 'y42': 1, 'y43': 0, 'y50': 0, 'y51': 0, 'y52': 0, 'y53': 0}",348446.77,N,"{'T00': 0, 'T01': 0, 'T02': 0, 'T03': 0, 'T04': 1, 'T10': 0, 'T11': 0, 'T12': 0, 'T13': 1, 'T14': 0, 'T20': 1, 'T21': 0, 'T22': 0, 'T23': 1, 'T24': 0, 'T30': 0, 'T31': 1, 'T32': 0, 'T33': 0, 'T34': 1, 'T40': 0, 'T41': 1, 'T42': 0, 'T43': 0, 'T44': 1, 'y00': 1, 'y01': 0, 'y02': 0, 'y03': 0, 'y10': 0, 'y11': 0, 'y12': 1, 'y13': 1, 'y20': 0, 'y21': 0, 'y22': 0, 'y23': 0, 'y30': 0, 'y31': 1, 'y32': 0, 'y33': 1, 'y40': 0, 'y41': 1, 'y42': 0, 'y43': 0, 'y50': 0, 'y51': 0, 'y52': 1, 'y53': 0}",806763.17,N,"{'T00': 0, 'T01': 0, 'T02': 1, 'T03': 0, 'T04': 1, 'T10': 1, 'T11': 0, 'T12': 0, 'T13': 1, 'T14': 0, 'T20': 1, 'T21': 0, 'T22': 0, 'T23': 1, 'T24': 0, 'T30': 0, 'T31': 1, 'T32': 1, 'T33': 0, 'T34': 1, 'T40': 1, 'T41': 0, 'T42': 0, 'T43': 0, 'T44': 1, 'y00': 0, 'y01': 0, 'y02': 0, 'y03': 0, 'y10': 0, 'y11': 1, 'y12': 1, 'y13': 1, 'y20': 1, 'y21': 1, 'y22': 0, 'y23': 0, 'y30': 1, 'y31': 0, 'y32': 0, 'y33': 1, 'y40': 1, 'y41': 1, 'y42': 1, 'y43': 0, 'y50': 0, 'y51': 0, 'y52': 0, 'y53': 0}",797604.37,N,"{'T00': 0, 'T01': 1, 'T02': 0, 'T03': 0, 'T04': 1, 'T10': 0, 'T11': 1, 'T12': 0, 'T13': 1, 'T14': 0, 'T20': 1, 'T21': 0, 'T22': 1, 'T23': 1, 'T24': 0, 'T30': 0, 'T31': 0, 'T32': 1, 'T33': 1, 'T34': 1, 'T40': 0, 'T41': 0, 'T42': 1, 'T43': 0, 'T44': 1, 'y00': 0, 'y01': 0, 'y02': 0, 'y03': 0, 'y10': 1, 'y11': 0, 'y12': 1, 'y13': 1, 'y20': 0, 'y21': 1, 'y22': 0, 'y23': 0, 'y30': 1, 'y31': 0, 'y32': 1, 'y33': 1, 'y40': 1, 'y41': 0, 'y42': 1, 'y43': 1, 'y50': 1, 'y51': 0, 'y52': 0, 'y53': 0}",397607.17,N,"{'T00': 1, 'T01': 0, 'T02': 1, 'T03': 0, 'T04': 0, 'T10': 0, 'T11': 1, 'T12': 1, 'T13': 0, 'T14': 0, 'T20': 0, 'T21': 0, 'T22': 0, 'T23': 1, 'T24': 0, 'T30': 0, 'T31': 1, 'T32': 0, 'T33': 1, 'T34': 0, 'T40': 1, 'T41': 0, 'T42': 0, 'T43': 0, 'T44': 1, 'y00': 0, 'y01': 0, 'y02': 0, 'y03': 0, 'y10': 1, 'y11': 0, 'y12': 1, 'y13': 0, 'y20': 0, 'y21': 0, 'y22': 0, 'y23': 0, 'y30': 1, 'y31': 1, 'y32': 0, 'y33': 1, 'y40': 0, 'y41': 0, 'y42': 0, 'y43': 1, 'y50': 0, 'y51': 0, 'y52': 0, 'y53': 0}",570125.17,N,"{'T00': 0, 'T01': 1, 'T02': 0, 'T03': 1, 'T04': 0, 'T10': 1, 'T11': 0, 'T12': 1, 'T13': 1, 'T14': 0, 'T20': 1, 'T21': 1, 'T22': 1, 'T23': 0, 'T24': 0, 'T30': 1, 'T31': 0, 'T32': 0, 'T33': 0, 'T34': 0, 'T40': 0, 'T41': 0, 'T42': 1, 'T43': 0, 'T44': 1, 'y00': 1, 'y01': 1, 'y02': 1, 'y03': 0, 'y10': 1, 'y11': 0, 'y12': 0, 'y13': 0, 'y20': 0, 'y21': 1, 'y22': 0, 'y23': 0, 'y30': 1, 'y31': 1, 'y32': 1, 'y33': 1, 'y40': 0, 'y41': 0, 'y42': 0, 'y43': 0, 'y50': 1, 'y51': 0, 'y52': 0, 'y53': 0}",606765.57,N,"{'T00': 1, 'T01': 0, 'T02': 1, 'T03': 0, 'T04': 1, 'T10': 0, 'T11': 1, 'T12': 0, 'T13': 0, 'T14': 0, 'T20': 0, 'T21': 1, 'T22': 1, 'T23': 0, 'T24': 0, 'T30': 0, 'T31': 0, 'T32': 0, 'T33': 1, 'T34': 1, 'T40': 1, 'T41': 0, 'T42': 1, 'T43': 0, 'T44': 0, 'y00': 1, 'y01': 0, 'y02': 0, 'y03': 0, 'y10': 0, 'y11': 1, 'y12': 1, 'y13': 1, 'y20': 1, 'y21': 1, 'y22': 0, 'y23': 0, 'y30': 0, 'y31': 1, 'y32': 0, 'y33': 0, 'y40': 1, 'y41': 1, 'y42': 1, 'y43': 0, 'y50': 0, 'y51': 0, 'y52': 0, 'y53': 0}",597605.57,N,"{'T00': 0, 'T01': 1, 'T02': 0, 'T03': 0, 'T04': 1, 'T10': 0, 'T11': 0, 'T12': 0, 'T13': 1, 'T14': 0, 'T20': 0, 'T21': 0, 'T22': 0, 'T23': 0, 'T24': 0, 'T30': 0, 'T31': 0, 'T32': 1, 'T33': 1, 'T34': 0, 'T40': 1, 'T41': 0, 'T42': 0, 'T43': 0, 'T44': 1, 'y00': 0, 'y01': 0, 'y02': 0, 'y03': 0, 'y10': 1, 'y11': 0, 'y12': 1, 'y13': 1, 'y20': 1, 'y21': 0, 'y22': 0, 'y23': 0, 'y30': 0, 'y31': 1, 'y32': 0, 'y33': 1, 'y40': 0, 'y41': 0, 'y42': 0, 'y43': 0, 'y50': 0, 'y51': 0, 'y52': 0, 'y53': 0}",588445.57,N
24,24,24,24,24,24,24,24,"{'T00': 0, 'T01': 0, 'T02': 0, 'T03': 1, 'T04': 0, 'T10': 1, 'T11': 0, 'T12': 0, 'T13': 0, 'T14': 0, 'T20': 1, 'T21': 0, 'T22': 0, 'T23': 0, 'T24': 1, 'T30': 0, 'T31': 1, 'T32': 0, 'T33': 0, 'T34': 1, 'T40': 0, 'T41': 0, 'T42': 1, 'T43': 1, 'T44': 0, 'y00': 0, 'y01': 0, 'y02': 0, 'y10': 0, 'y11': 0, 'y12': 0, 'y20': 0, 'y21': 1, 'y22': 0, 'y30': 1, 'y31': 0, 'y32': 0, 'y40': 1, 'y41': 1, 'y42': 0, 'y50': 1, 'y51': 0, 'y52': 0, 'y60': 0, 'y61': 0, 'y62': 0}",370831.57,N,"{'T00': 0, 'T01': 1, 'T02': 0, 'T03': 1, 'T04': 0, 'T10': 0, 'T11': 0, 'T12': 0, 'T13': 0, 'T14': 1, 'T20': 0, 'T21': 0, 'T22': 0, 'T23': 0, 'T24': 1, 'T30': 1, 'T31': 1, 'T32': 0, 'T33': 0, 'T34': 0, 'T40': 0, 'T41': 0, 'T42': 1, 'T43': 0, 'T44': 1, 'y00': 0, 'y01': 1, 'y02': 0, 'y10': 1, 'y11': 0, 'y12': 0, 'y20': 0, 'y21': 0, 'y22': 0, 'y30': 1, 'y31': 0, 'y32': 1, 'y40': 0, 'y41': 0, 'y42': 0, 'y50': 0, 'y51': 0, 'y52': 0, 'y60': 0, 'y61': 0, 'y62': 0}",814224.77,N,"{'T00': 0, 'T01': 0, 'T02': 0, 'T03': 1, 'T04': 0, 'T10': 0, 'T11': 0, 'T12': 0, 'T13': 0, 'T14': 0, 'T20': 1, 'T21': 0, 'T22': 0, 'T23': 1, 'T24': 0, 'T30': 1, 'T31': 1, 'T32': 0, 'T33': 0, 'T34': 0, 'T40': 0, 'T41': 0, 'T42': 0, 'T43': 0, 'T44': 1, 'y00': 1, 'y01': 0, 'y02': 0, 'y10': 1, 'y11': 0, 'y12': 0, 'y20': 0, 'y21': 0, 'y22': 0, 'y30': 0, 'y31': 0, 'y32': 0, 'y40': 0, 'y41': 0, 'y42': 0, 'y50': 0, 'y51': 1, 'y52': 0, 'y60': 0, 'y61': 0, 'y62': 0}",812528.77,N,"{'T00': 0, 'T01': 0, 'T02': 0, 'T03': 1, 'T04': 0, 'T10': 0, 'T11': 0, 'T12': 0, 'T13': 0, 'T14': 0, 'T20': 0, 'T21': 1, 'T22': 0, 'T23': 0, 'T24': 0, 'T30': 1, 'T31': 0, 'T32': 1, 'T33': 0, 'T34': 0, 'T40': 1, 'T41': 0, 'T42': 1, 'T43': 1, 'T44': 0, 'y00': 0, 'y01': 0, 'y02': 0, 'y10': 0, 'y11': 0, 'y12': 0, 'y20': 0, 'y21': 1, 'y22': 0, 'y30': 0, 'y31': 1, 'y32': 0, 'y40': 1, 'y41': 0, 'y42': 0, 'y50': 0, 'y51': 0, 'y52': 0, 'y60': 0, 'y61': 0, 'y62': 0}",412529.17,N,"{'T00': 0, 'T01': 0, 'T02': 0, 'T03': 1, 'T04': 0, 'T10': 0, 'T11': 0, 'T12': 0, 'T13': 0, 'T14': 0, 'T20': 0, 'T21': 0, 'T22': 0, 'T23': 1, 'T24': 0, 'T30': 0, 'T31': 1, 'T32': 0, 'T33': 0, 'T34': 0, 'T40': 0, 'T41': 0, 'T42': 1, 'T43': 0, 'T44': 1, 'y00': 0, 'y01': 0, 'y02': 0, 'y10': 0, 'y11': 0, 'y12': 0, 'y20': 0, 'y21': 1, 'y22': 0, 'y30': 0, 'y31': 0, 'y32': 0, 'y40': 0, 'y41': 0, 'y42': 0, 'y50': 0, 'y51': 1, 'y52': 0, 'y60': 0, 'y61': 0, 'y62': 0}",607430.77,N,"{'T00': 0, 'T01': 0, 'T02': 1, 'T03': 0, 'T04': 0, 'T10': 0, 'T11': 0, 'T12': 0, 'T13': 0, 'T14': 1, 'T20': 0, 'T21': 0, 'T22': 0, 'T23': 1, 'T24': 0, 'T30': 1, 'T31': 1, 'T32': 1, 'T33': 0, 'T34': 0, 'T40': 0, 'T41': 0, 'T42': 0, 'T43': 1, 'T44': 1, 'y00': 0, 'y01': 0, 'y02': 0, 'y10': 1, 'y11': 0, 'y12': 0, 'y20': 0, 'y21': 0, 'y22': 0, 'y30': 1, 'y31': 0, 'y32': 1, 'y40': 1, 'y41': 0, 'y42': 0, 'y50': 1, 'y51': 0, 'y52': 0, 'y60': 0, 'y61': 0, 'y62': 0}",614228.77,N,"{'T00': 0, 'T01': 0, 'T02': 0, 'T03': 1, 'T04': 0, 'T10': 0, 'T11': 1, 'T12': 0, 'T13': 0, 'T14': 0, 'T20': 1, 'T21': 0, 'T22': 0, 'T23': 1, 'T24': 0, 'T30': 1, 'T31': 0, 'T32': 0, 'T33': 0, 'T34': 1, 'T40': 0, 'T41': 1, 'T42': 1, 'T43': 0, 'T44': 1, 'y00': 0, 'y01': 0, 'y02': 0, 'y10': 1, 'y11': 0, 'y12': 0, 'y20': 0, 'y21': 0, 'y22': 0, 'y30': 0, 'y31': 1, 'y32': 0, 'y40': 0, 'y41': 0, 'y42': 0, 'y50': 0, 'y51': 1, 'y52': 0, 'y60': 1, 'y61': 0, 'y62': 0}",612528.77,N,"{'T00': 1, 'T01': 0, 'T02': 0, 'T03': 1, 'T04': 0, 'T10': 1, 'T11': 0, 'T12': 0, 'T13': 1, 'T14': 0, 'T20': 0, 'T21': 0, 'T22': 1, 'T23': 0, 'T24': 0, 'T30': 0, 'T31': 1, 'T32': 0, 'T33': 0, 'T34': 0, 'T40': 0, 'T41': 0, 'T42': 1, 'T43': 0, 'T44': 1, 'y00': 1, 'y01': 0, 'y02': 0, 'y10': 0, 'y11': 0, 'y12': 0, 'y20': 1, 'y21': 0, 'y22': 0, 'y30': 1, 'y31': 1, 'y32': 0, 'y40': 0, 'y41': 0, 'y42': 0, 'y50': 1, 'y51': 0, 'y52': 0, 'y60': 0, 'y61': 0, 'y62': 0}",610828.77,N
25,25,25,25,25,25,25,25,"{'T00': 0, 'T01': 0, 'T02': 0, 'T03': 1, 'T04': 0, 'T10': 1, 'T11': 0, 'T12': 1, 'T13': 0, 'T14': 0, 'T20': 1, 'T21': 1, 'T22': 0, 'T23': 0, 'T24': 0, 'T30': 0, 'T31': 0, 'T32': 0, 'T33': 0, 'T34': 1, 'T40': 0, 'T41': 0, 'T42': 1, 'T43': 1, 'T44': 1, 'y00': 0, 'y01': 0, 'y02': 0, 'y10': 0, 'y11': 0, 'y12': 0, 'y20': 1, 'y21': 0, 'y22': 1, 'y30': 1, 'y31': 0, 'y32': 1, 'y40': 1, 'y41': 0, 'y42': 0, 'y50': 1, 'y51': 0, 'y52': 0, 'y60': 0, 'y61': 1, 'y62': 1}",344970.37,N,"{'T00': 0, 'T01': 0, 'T02': 0, 'T03': 0, 'T04': 1, 'T10': 1, 'T11': 0, 'T12': 0, 'T13': 0, 'T14': 0, 'T20': 0, 'T21': 0, 'T22': 1, 'T23': 0, 'T24': 0, 'T30': 1, 'T31': 0, 'T32': 1, 'T33': 0, 'T34': 0, 'T40': 0, 'T41': 1, 'T42': 1, 'T43': 1, 'T44': 0, 'y00': 1, 'y01': 1, 'y02': 0, 'y10': 0, 'y11': 0, 'y12': 0, 'y20': 1, 'y21': 0, 'y22': 1, 'y30': 1, 'y31': 0, 'y32': 0, 'y40': 0, 'y41': 0, 'y42': 0, 'y50': 1, 'y51': 0, 'y52': 0, 'y60': 0, 'y61': 0, 'y62': 1}",805606.37,N,"{'T00': 1, 'T01': 0, 'T02': 1, 'T03': 0, 'T04': 0, 'T10': 0, 'T11': 0, 'T12': 0, 'T13': 0, 'T14': 0, 'T20': 0, 'T21': 1, 'T22': 1, 'T23': 0, 'T24': 0, 'T30': 1, 'T31': 0, 'T32': 0, 'T33': 0, 'T34': 1, 'T40': 0, 'T41': 1, 'T42': 1, 'T43': 1, 'T44': 0, 'y00': 0, 'y01': 0, 'y02': 0, 'y10': 0, 'y11': 0, 'y12': 0, 'y20': 1, 'y21': 1, 'y22': 0, 'y30': 0, 'y31': 1, 'y32': 0, 'y40': 0, 'y41': 0, 'y42': 1, 'y50': 1, 'y51': 0, 'y52': 0, 'y60': 0, 'y61': 0, 'y62': 1}",795286.37,N,"{'T00': 0, 'T01': 0, 'T02': 0, 'T03': 1, 'T04': 0, 'T10': 1, 'T11': 1, 'T12': 0, 'T13': 0, 'T14': 0, 'T20': 1, 'T21': 0, 'T22': 0, 'T23': 0, 'T24': 1, 'T30': 0, 'T31': 0, 'T32': 0, 'T33': 1, 'T34': 0, 'T40': 0, 'T41': 0, 'T42': 0, 'T43': 1, 'T44': 1, 'y00': 0, 'y01': 0, 'y02': 0, 'y10': 0, 'y11': 0, 'y12': 0, 'y20': 0, 'y21': 0, 'y22': 1, 'y30': 0, 'y31': 0, 'y32': 1, 'y40': 0, 'y41': 0, 'y42': 1, 'y50': 1, 'y51': 1, 'y52': 0, 'y60': 1, 'y61': 0, 'y62': 0}",395291.57,N,"{'T00': 0, 'T01': 1, 'T02': 0, 'T03': 0, 'T04': 0, 'T10': 0, 'T11': 0, 'T12': 1, 'T13': 0, 'T14': 0, 'T20': 0, 'T21': 0, 'T22': 0, 'T23': 0, 'T24': 1, 'T30': 1, 'T31': 0, 'T32': 0, 'T33': 1, 'T34': 0, 'T40': 0, 'T41': 0, 'T42': 0, 'T43': 1, 'T44': 1, 'y00': 0, 'y01': 0, 'y02': 0, 'y10': 0, 'y11': 0, 'y12': 0, 'y20': 0, 'y21': 0, 'y22': 0, 'y30': 0, 'y31': 1, 'y32': 1, 'y40': 1, 'y41': 1, 'y42': 0, 'y50': 0, 'y51': 0, 'y52': 1, 'y60': 0, 'y61': 1, 'y62': 0}",564328.77,N,"{'T00': 0, 'T01': 1, 'T02': 0, 'T03': 1, 'T04': 0, 'T10': 0, 'T11': 0, 'T12': 0, 'T13': 0, 'T14': 0, 'T20': 1, 'T21': 0, 'T22': 0, 'T23': 0, 'T24': 1, 'T30': 0, 'T31': 1, 'T32': 1, 'T33': 0, 'T34': 0, 'T40': 0, 'T41': 0, 'T42': 1, 'T43': 1, 'T44': 0, 'y00': 0, 'y01': 0, 'y02': 1, 'y10': 0, 'y11': 0, 'y12': 0, 'y20': 0, 'y21': 0, 'y22': 1, 'y30': 0, 'y31': 1, 'y32': 0, 'y40': 1, 'y41': 1, 'y42': 0, 'y50': 1, 'y51': 0, 'y52': 0, 'y60': 1, 'y61': 0, 'y62': 0}",605607.57,N,"{'T00': 0, 'T01': 0, 'T02': 1, 'T03': 0, 'T04': 0, 'T10': 1, 'T11': 0, 'T12': 0, 'T13': 0, 'T14': 0, 'T20': 0, 'T21': 1, 'T22': 0, 'T23': 0, 'T24': 0, 'T30': 0, 'T31': 0, 'T32': 0, 'T33': 0, 'T34': 1, 'T40': 0, 'T41': 1, 'T42': 0, 'T43': 0, 'T44': 1, 'y00': 1, 'y01': 0, 'y02': 0, 'y10': 0, 'y11': 0, 'y12': 0, 'y20': 0, 'y21': 1, 'y22': 0, 'y30': 1, 'y31': 0, 'y32': 0, 'y40': 0, 'y41': 0, 'y42': 0, 'y50': 0, 'y51': 0, 'y52': 0, 'y60': 1, 'y61': 0, 'y62': 1}",595287.57,N,"{'T00': 0, 'T01': 0, 'T02': 0, 'T03': 1, 'T04': 0, 'T10': 1, 'T11': 0, 'T12': 0, 'T13': 0, 'T14': 0, 'T20': 1, 'T21': 0, 'T22': 0, 'T23': 0, 'T24': 0, 'T30': 0, 'T31': 1, 'T32': 0, 'T33': 0, 'T34': 1, 'T40': 0, 'T41': 1, 'T42': 1, 'T43': 1, 'T44': 0, 'y00': 0, 'y01': 0, 'y02': 0, 'y10': 0, 'y11': 1, 'y12': 0, 'y20': 1, 'y21': 1, 'y22': 0, 'y30': 0, 'y31': 0, 'y32': 0, 'y40': 0, 'y41': 0, 'y42': 0, 'y50': 0, 'y51': 0, 'y52': 0, 'y60': 1, 'y61': 1, 'y62': 1}",584967.57,N
26,26,26,26,26,26,26,26,"{'T00': 1, 'T01': 1, 'T02': 0, 'T03': 0, 'T04': 1, 'T10': 0, 'T11': 0, 'T12': 1, 'T13': 0, 'T14': 0, 'T20': 0, 'T21': 0, 'T22': 0, 'T23': 1, 'T24': 0, 'T30': 1, 'T31': 1, 'T32': 0, 'T33': 1, 'T34': 0, 'T40': 0, 'T41': 1, 'T42': 1, 'T43': 1, 'T44': 0, 'y00': 1, 'y01': 0, 'y02': 1, 'y03': 0, 'y10': 1, 'y11': 1, 'y12': 0, 'y13': 0, 'y20': 1, 'y21': 1, 'y22': 1, 'y23': 0, 'y30': 1, 'y31': 0, 'y32': 1, 'y33': 0, 'y40': 1, 'y41': 1, 'y42': 0, 'y43': 0, 'y50': 1, 'y51': 0, 'y52': 0, 'y53': 0, 'y60': 0, 'y61': 0, 'y62': 1, 'y63': 0}",310649.17,N,"{'T00': 0, 'T01': 1, 'T02': 0, 'T03': 1, 'T04': 1, 'T10': 0, 'T11': 1, 'T12': 0, 'T13': 0, 'T14': 0, 'T20': 1, 'T21': 0, 'T22': 1, 'T23': 1, 'T24': 0, 'T30': 0, 'T31': 0, 'T32': 0, 'T33': 0, 'T34': 1, 'T40': 1, 'T41': 1, 'T42': 1, 'T43': 1, 'T44': 1, 'y00': 1, 'y01': 0, 'y02': 1, 'y03': 0, 'y10': 1, 'y11': 1, 'y12': 0, 'y13': 0, 'y20': 1, 'y21': 1, 'y22': 1, 'y23': 1, 'y30': 1, 'y31': 0, 'y32': 1, 'y33': 0, 'y40': 0, 'y41': 0, 'y42': 1, 'y43': 0, 'y50': 0, 'y51': 0, 'y52': 1, 'y53': 0, 'y60': 0, 'y61': 0, 'y62': 1, 'y63': 0}",794165.57,N,"{'T00': 1, 'T01': 0, 'T02': 1, 'T03': 0, 'T04': 1, 'T10': 0, 'T11': 0, 'T12': 0, 'T13': 0, 'T14': 0, 'T20': 0, 'T21': 1, 'T22': 1, 'T23': 0, 'T24': 0, 'T30': 0, 'T31': 1, 'T32': 0, 'T33': 0, 'T34': 1, 'T40': 1, 'T41': 0, 'T42': 1, 'T43': 1, 'T44': 1, 'y00': 0, 'y01': 1, 'y02': 1, 'y03': 0, 'y10': 0, 'y11': 0, 'y12': 0, 'y13': 0, 'y20': 1, 'y21': 1, 'y22': 0, 'y23': 1, 'y30': 0, 'y31': 0, 'y32': 0, 'y33': 0, 'y40': 0, 'y41': 0, 'y42': 0, 'y43': 0, 'y50': 0, 'y51': 1, 'y52': 0, 'y53': 0, 'y60': 0, 'y61': 1, 'y62': 1, 'y63': 1}",772405.57,N,"{'T00': 0, 'T01': 0, 'T02': 0, 'T03': 1, 'T04': 0, 'T10': 1, 'T11': 1, 'T12': 1, 'T13': 0, 'T14': 0, 'T20': 0, 'T21': 1, 'T22': 0, 'T23': 0, 'T24': 1, 'T30': 1, 'T31': 1, 'T32': 0, 'T33': 1, 'T34': 0, 'T40': 1, 'T41': 0, 'T42': 1, 'T43': 0, 'T44': 1, 'y00': 1, 'y01': 1, 'y02': 0, 'y03': 0, 'y10': 0, 'y11': 0, 'y12': 0, 'y13': 0, 'y20': 1, 'y21': 1, 'y22': 0, 'y23': 0, 'y30': 1, 'y31': 0, 'y32': 0, 'y33': 1, 'y40': 1, 'y41': 1, 'y42': 1, 'y43': 0, 'y50': 1, 'y51': 1, 'y52': 0, 'y53': 0, 'y60': 1, 'y61': 1, 'y62': 0, 'y63': 0}",372408.37,N,"{'T00': 0, 'T01': 0, 'T02': 1, 'T03': 0, 'T04': 1, 'T10': 1, 'T11': 0, 'T12': 0, 'T13': 0, 'T14': 0, 'T20': 0, 'T21': 1, 'T22': 0, 'T23': 1, 'T24': 1, 'T30': 0, 'T31': 1, 'T32': 1, 'T33': 0, 'T34': 1, 'T40': 0, 'T41': 0, 'T42': 1, 'T43': 1, 'T44': 1, 'y00': 0, 'y01': 1, 'y02': 1, 'y03': 0, 'y10': 1, 'y11': 1, 'y12': 0, 'y13': 0, 'y20': 0, 'y21': 0, 'y22': 0, 'y23': 1, 'y30': 0, 'y31': 0, 'y32': 0, 'y33': 0, 'y40': 1, 'y41': 1, 'y42': 1, 'y43': 0, 'y50': 1, 'y51': 0, 'y52': 0, 'y53': 1, 'y60': 0, 'y61': 1, 'y62': 0, 'y63': 1}",507127.17,N,"{'T00': 1, 'T01': 0, 'T02': 0, 'T03': 1, 'T04': 1, 'T10': 1, 'T11': 1, 'T12': 0, 'T13': 0, 'T14': 0, 'T20': 0, 'T21': 1, 'T22': 0, 'T23': 1, 'T24': 0, 'T30': 0, 'T31': 1, 'T32': 0, 'T33': 1, 'T34': 0, 'T40': 1, 'T41': 0, 'T42': 1, 'T43': 0, 'T44': 1, 'y00': 1, 'y01': 0, 'y02': 1, 'y03': 0, 'y10': 1, 'y11': 0, 'y12': 1, 'y13': 0, 'y20': 0, 'y21': 1, 'y22': 0, 'y23': 1, 'y30': 0, 'y31': 0, 'y32': 1, 'y33': 0, 'y40': 1, 'y41': 1, 'y42': 0, 'y43': 0, 'y50': 1, 'y51': 0, 'y52': 0, 'y53': 0, 'y60': 1, 'y61': 1, 'y62': 0, 'y63': 0}",594165.17,N,"{'T00': 1, 'T01': 0, 'T02': 0, 'T03': 0, 'T04': 1, 'T10': 0, 'T11': 0, 'T12': 0, 'T13': 0, 'T14': 1, 'T20': 0, 'T21': 1, 'T22': 1, 'T23': 0, 'T24': 0, 'T30': 0, 'T31': 0, 'T32': 0, 'T33': 0, 'T34': 1, 'T40': 0, 'T41': 1, 'T42': 0, 'T43': 1, 'T44': 1, 'y00': 1, 'y01': 0, 'y02': 0, 'y03': 0, 'y10': 1, 'y11': 1, 'y12': 0, 'y13': 0, 'y20': 1, 'y21': 0, 'y22': 1, 'y23': 0, 'y30': 0, 'y31': 1, 'y32': 1, 'y33': 1, 'y40': 1, 'y41': 1, 'y42': 1, 'y43': 0, 'y50': 0, 'y51': 1, 'y52': 0, 'y53': 0, 'y60': 1, 'y61': 0, 'y62': 0, 'y63': 0}",572405.17,N,"{'T00': 1, 'T01': 0, 'T02': 1, 'T03': 0, 'T04': 1, 'T10': 0, 'T11': 0, 'T12': 0, 'T13': 0, 'T14': 0, 'T20': 1, 'T21': 0, 'T22': 0, 'T23': 1, 'T24': 1, 'T30': 1, 'T31': 0, 'T32': 0, 'T33': 1, 'T34': 1, 'T40': 0, 'T41': 0, 'T42': 1, 'T43': 1, 'T44': 1, 'y00': 1, 'y01': 1, 'y02': 1, 'y03': 0, 'y10': 0, 'y11': 1, 'y12': 0, 'y13': 0, 'y20': 0, 'y21': 0, 'y22': 0, 'y23': 1, 'y30': 0, 'y31': 0, 'y32': 0, 'y33': 0, 'y40': 0, 'y41': 0, 'y42': 0, 'y43': 1, 'y50': 1, 'y51': 0, 'y52': 1, 'y53': 0, 'y60': 1, 'y61': 1, 'y62': 0, 'y63': 1}",550645.17,N
27,27,27,27,27,27,27,27,"{'T00': 0, 'T01': 1, 'T02': 1, 'T03': 0, 'T04': 0, 'T10': 0, 'T11': 0, 'T12': 0, 'T13': 1, 'T14': 0, 'T20': 1, 'T21': 0, 'T22': 1, 'T23': 0, 'T24': 0, 'T30': 1, 'T31': 0, 'T32': 0, 'T33': 0, 'T34': 1, 'T40': 0, 'T41': 1, 'T42': 0, 'T43': 0, 'T44': 0, 'y00': 1, 'y01': 0, 'y02': 0, 'y10': 1, 'y11': 0, 'y12': 0, 'y20': 1, 'y21': 1, 'y22': 0, 'y30': 0, 'y31': 0, 'y32': 0, 'y40': 1, 'y41': 0, 'y42': 0}",302369.17,N,"{'T00': 0, 'T01': 0, 'T02': 0, 'T03': 0, 'T04': 1, 'T10': 0, 'T11': 1, 'T12': 1, 'T13': 0, 'T14': 0, 'T20': 1, 'T21': 1, 'T22': 0, 'T23': 0, 'T24': 0, 'T30': 0, 'T31': 0, 'T32': 0, 'T33': 1, 'T34': 0, 'T40': 0, 'T41': 0, 'T42': 0, 'T43': 0, 'T44': 1, 'y00': 1, 'y01': 0, 'y02': 0, 'y10': 1, 'y11': 1, 'y12': 0, 'y20': 0, 'y21': 0, 'y22': 0, 'y30': 1, 'y31': 1, 'y32': 0, 'y40': 0, 'y41': 0, 'y42': 0}",791405.57,N,"{'T00': 0, 'T01': 1, 'T02': 0, 'T03': 0, 'T04': 1, 'T10': 0, 'T11': 1, 'T12': 1, 'T13': 0, 'T14': 0, 'T20': 1, 'T21': 0, 'T22': 0, 'T23': 0, 'T24': 1, 'T30': 0, 'T31': 0, 'T32': 0, 'T33': 1, 'T34': 0, 'T40': 0, 'T41': 0, 'T42': 0, 'T43': 1, 'T44': 0, 'y00': 1, 'y01': 1, 'y02': 0, 'y10': 0, 'y11': 1, 'y12': 0, 'y20': 1, 'y21': 0, 'y22': 0, 'y30': 0, 'y31': 1, 'y32': 0, 'y40': 1, 'y41': 0, 'y42': 0}",766885.57,N,"{'T00': 0, 'T01': 0, 'T02': 0, 'T03': 1, 'T04': 0, 'T10': 0, 'T11': 0, 'T12': 1, 'T13': 0, 'T14': 0, 'T20': 0, 'T21': 0, 'T22': 0, 'T23': 0, 'T24': 1, 'T30': 1, 'T31': 1, 'T32': 0, 'T33': 0, 'T34': 0, 'T40': 1, 'T41': 0, 'T42': 1, 'T43': 0, 'T44': 0, 'y00': 1, 'y01': 1, 'y02': 0, 'y10': 0, 'y11': 0, 'y12': 0, 'y20': 0, 'y21': 1, 'y22': 0, 'y30': 1, 'y31': 0, 'y32': 0, 'y40': 1, 'y41': 0, 'y42': 0}",366888.77,N,"{'T00': 0, 'T01': 0, 'T02': 1, 'T03': 1, 'T04': 0, 'T10': 0, 'T11': 0, 'T12': 0, 'T13': 1, 'T14': 0, 'T20': 1, 'T21': 0, 'T22': 0, 'T23': 0, 'T24': 0, 'T30': 0, 'T31': 1, 'T32': 0, 'T33': 0, 'T34': 1, 'T40': 0, 'T41': 0, 'T42': 1, 'T43': 0, 'T44': 0, 'y00': 0, 'y01': 0, 'y02': 0, 'y10': 1, 'y11': 0, 'y12': 1, 'y20': 0, 'y21': 0, 'y22': 0, 'y30': 1, 'y31': 1, 'y32': 0, 'y40': 0, 'y41': 0, 'y42': 0}",493328.37,N,"{'T00': 0, 'T01': 1, 'T02': 0, 'T03': 0, 'T04': 1, 'T10': 0, 'T11': 0, 'T12': 1, 'T13': 0, 'T14': 0, 'T20': 1, 'T21': 0, 'T22': 0, 'T23': 1, 'T24': 0, 'T30': 0, 'T31': 0, 'T32': 0, 'T33': 0, 'T34': 1, 'T40': 1, 'T41': 0, 'T42': 0, 'T43': 0, 'T44': 0, 'y00': 1, 'y01': 1, 'y02': 0, 'y10': 0, 'y11': 1, 'y12': 0, 'y20': 1, 'y21': 1, 'y22': 0, 'y30': 0, 'y31': 0, 'y32': 0, 'y40': 0, 'y41': 0, 'y42': 0}",591406.77,N,"{'T00': 0, 'T01': 1, 'T02': 0, 'T03': 0, 'T04': 1, 'T10': 0, 'T11': 0, 'T12': 0, 'T13': 1, 'T14': 0, 'T20': 1, 'T21': 0, 'T22': 0, 'T23': 1, 'T24': 0, 'T30': 0, 'T31': 1, 'T32': 1, 'T33': 0, 'T34': 0, 'T40': 0, 'T41': 0, 'T42': 1, 'T43': 0, 'T44': 0, 'y00': 1, 'y01': 1, 'y02': 0, 'y10': 1, 'y11': 0, 'y12': 0, 'y20': 0, 'y21': 1, 'y22': 0, 'y30': 0, 'y31': 1, 'y32': 0, 'y40': 0, 'y41': 0, 'y42': 0}",566886.77,N,"{'T00': 0, 'T01': 1, 'T02': 0, 'T03': 0, 'T04': 1, 'T10': 0, 'T11': 0, 'T12': 0, 'T13': 0, 'T14': 1, 'T20': 1, 'T21': 0, 'T22': 0, 'T23': 0, 'T24': 0, 'T30': 0, 'T31': 0, 'T32': 0, 'T33': 1, 'T34': 1, 'T40': 0, 'T41': 0, 'T42': 1, 'T43': 0, 'T44': 0, 'y00': 0, 'y01': 0, 'y02': 0, 'y10': 1, 'y11': 0, 'y12': 1, 'y20': 0, 'y21': 1, 'y22': 0, 'y30': 0, 'y31': 1, 'y32': 0, 'y40': 0, 'y41': 0, 'y42': 0}",542366.77,N
28,28,28,28,28,28,28,28,"{'T00': 0, 'T01': 1, 'T02': 0, 'T03': 1, 'T04': 0, 'T10': 1, 'T11': 0, 'T12': 1, 'T13': 0, 'T14': 0, 'T20': 0, 'T21': 1, 'T22': 1, 'T23': 0, 'T24': 0, 'T30': 0, 'T31': 0, 'T32': 0, 'T33': 0, 'T34': 1, 'T40': 1, 'T41': 1, 'T42': 0, 'T43': 0, 'T44': 0, 'y00': 0, 'y01': 0, 'y02': 1, 'y10': 0, 'y11': 0, 'y12': 1, 'y20': 0, 'y21': 0, 'y22': 1, 'y30': 0, 'y31': 0, 'y32': 0, 'y40': 0, 'y41': 1, 'y42': 0}",331469.17,N,"{'T00': 0, 'T01': 0, 'T02': 1, 'T03': 1, 'T04': 0, 'T10': 0, 'T11': 0, 'T12': 1, 'T13': 0, 'T14': 0, 'T20': 0, 'T21': 0, 'T22': 0, 'T23': 1, 'T24': 0, 'T30': 0, 'T31': 1, 'T32': 0, 'T33': 1, 'T34': 0, 'T40': 0, 'T41': 0, 'T42': 0, 'T43': 0, 'T44': 0, 'y00': 1, 'y01': 1, 'y02': 1, 'y10': 1, 'y11': 1, 'y12': 0, 'y20': 0, 'y21': 0, 'y22': 1, 'y30': 0, 'y31': 0, 'y32': 0, 'y40': 0, 'y41': 0, 'y42': 0}",801104.37,N,"{'T00': 0, 'T01': 0, 'T02': 0, 'T03': 1, 'T04': 0, 'T10': 1, 'T11': 0, 'T12': 0, 'T13': 0, 'T14': 0, 'T20': 0, 'T21': 1, 'T22': 0, 'T23': 0, 'T24': 1, 'T30': 1, 'T31': 0, 'T32': 1, 'T33': 0, 'T34': 0, 'T40': 0, 'T41': 0, 'T42': 0, 'T43': 1, 'T44': 0, 'y00': 0, 'y01': 1, 'y02': 0, 'y10': 1, 'y11': 1, 'y12': 0, 'y20': 0, 'y21': 0, 'y22': 0, 'y30': 0, 'y31': 0, 'y32': 0, 'y40': 1, 'y41': 1, 'y42': 1}",786286.37,N,"{'T00': 0, 'T01': 1, 'T02': 0, 'T03': 0, 'T04': 1, 'T10': 0, 'T11': 0, 'T12': 0, 'T13': 1, 'T14': 0, 'T20': 0, 'T21': 1, 'T22': 1, 'T23': 0, 'T24': 0, 'T30': 0, 'T31': 0, 'T32': 1, 'T33': 1, 'T34': 0, 'T40': 0, 'T41': 0, 'T42': 0, 'T43': 0, 'T44': 0, 'y00': 1, 'y01': 1, 'y02': 1, 'y10': 0, 'y11': 0, 'y12': 1, 'y20': 0, 'y21': 1, 'y22': 1, 'y30': 0, 'y31': 0, 'y32': 0, 'y40': 0, 'y41': 0, 'y42': 0}",386289.17,N,"{'T00': 0, 'T01': 1, 'T02': 0, 'T03': 0, 'T04': 1, 'T10': 0, 'T11': 0, 'T12': 1, 'T13': 0, 'T14': 0, 'T20': 0, 'T21': 0, 'T22': 0, 'T23': 1, 'T24': 0, 'T30': 0, 'T31': 1, 'T32': 1, 'T33': 0, 'T34': 0, 'T40': 0, 'T41': 0, 'T42': 0, 'T43': 0, 'T44': 0, 'y00': 0, 'y01': 1, 'y02': 1, 'y10': 0, 'y11': 0, 'y12': 1, 'y20': 1, 'y21': 1, 'y22': 0, 'y30': 0, 'y31': 0, 'y32': 0, 'y40': 0, 'y41': 0, 'y42': 0}",541827.97,N,"{'T00': 0, 'T01': 0, 'T02': 0, 'T03': 0, 'T04': 1, 'T10': 0, 'T11': 0, 'T12': 1, 'T13': 0, 'T14': 0, 'T20': 0, 'T21': 1, 'T22': 0, 'T23': 1, 'T24': 0, 'T30': 1, 'T31': 0, 'T32': 1, 'T33': 0, 'T34': 0, 'T40': 1, 'T41': 1, 'T42': 0, 'T43': 0, 'T44': 0, 'y00': 1, 'y01': 1, 'y02': 1, 'y10': 1, 'y11': 0, 'y12': 0, 'y20': 1, 'y21': 1, 'y22': 0, 'y30': 1, 'y31': 0, 'y32': 0, 'y40': 1, 'y41': 0, 'y42': 0}",601106.77,N,"{'T00': 0, 'T01': 0, 'T02': 0, 'T03': 0, 'T04': 1, 'T10': 0, 'T11': 1, 'T12': 1, 'T13': 0, 'T14': 0, 'T20': 1, 'T21': 0, 'T22': 0, 'T23': 1, 'T24': 0, 'T30': 1, 'T31': 0, 'T32': 0, 'T33': 0, 'T34': 1, 'T40': 0, 'T41': 0, 'T42': 0, 'T43': 0, 'T44': 1, 'y00': 1, 'y01': 0, 'y02': 0, 'y10': 1, 'y11': 1, 'y12': 1, 'y20': 0, 'y21': 1, 'y22': 0, 'y30': 1, 'y31': 1, 'y32': 0, 'y40': 1, 'y41': 0, 'y42': 1}",586286.77,N,"{'T00': 0, 'T01': 0, 'T02': 1, 'T03': 0, 'T04': 0, 'T10': 0, 'T11': 0, 'T12': 0, 'T13': 1, 'T14': 0, 'T20': 0, 'T21': 1, 'T22': 0, 'T23': 0, 'T24': 1, 'T30': 1, 'T31': 0, 'T32': 0, 'T33': 0, 'T34': 1, 'T40': 0, 'T41': 0, 'T42': 0, 'T43': 1, 'T44': 0, 'y00': 1, 'y01': 1, 'y02': 0, 'y10': 1, 'y11': 0, 'y12': 0, 'y20': 1, 'y21': 1, 'y22': 1, 'y30': 0, 'y31': 0, 'y32': 0, 'y40': 0, 'y41': 1, 'y42': 1}",571466.77,N
29,29,29,29,29,29,29,29,"{'T00': 0, 'T01': 0, 'T02': 0, 'T03': 1, 'T04': 0, 'T10': 0, 'T11': 0, 'T12': 0, 'T13': 1, 'T14': 0, 'T20': 0, 'T21': 0, 'T22': 0, 'T23': 1, 'T24': 1, 'T30': 1, 'T31': 0, 'T32': 1, 'T33': 0, 'T34': 0, 'T40': 0, 'T41': 1, 'T42': 1, 'T43': 0, 'T44': 1, 'y00': 1, 'y01': 0, 'y02': 1, 'y03': 0, 'y10': 1, 'y11': 1, 'y12': 0, 'y13': 0, 'y20': 1, 'y21': 0, 'y22': 0, 'y23': 0, 'y30': 1, 'y31': 1, 'y32': 1, 'y33': 0, 'y40': 1, 'y41': 1, 'y42': 1, 'y43': 1}",470009.17,N,"{'T00': 0, 'T01': 1, 'T02': 1, 'T03': 1, 'T04': 0, 'T10': 1, 'T11': 0, 'T12': 0, 'T13': 0, 'T14': 1, 'T20': 0, 'T21': 0, 'T22': 0, 'T23': 1, 'T24': 0, 'T30': 0, 'T31': 0, 'T32': 1, 'T33': 1, 'T34': 0, 'T40': 0, 'T41': 1, 'T42': 0, 'T43': 0, 'T44': 1, 'y00': 0, 'y01': 0, 'y02': 1, 'y03': 0, 'y10': 0, 'y11': 1, 'y12': 1, 'y13': 1, 'y20': 0, 'y21': 1, 'y22': 0, 'y23': 0, 'y30': 1, 'y31': 1, 'y32': 0, 'y33': 1, 'y40': 1, 'y41': 0, 'y42': 1, 'y43': 0}",847284.77,N,"{'T00': 1, 'T01': 0, 'T02': 1, 'T03': 0, 'T04': 0, 'T10': 0, 'T11': 0, 'T12': 0, 'T13': 0, 'T14': 1, 'T20': 1, 'T21': 0, 'T22': 1, 'T23': 1, 'T24': 0, 'T30': 0, 'T31': 0, 'T32': 0, 'T33': 0, 'T34': 1, 'T40': 0, 'T41': 1, 'T42': 0, 'T43': 1, 'T44': 0, 'y00': 0, 'y01': 1, 'y02': 1, 'y03': 0, 'y10': 1, 'y11': 0, 'y12': 0, 'y13': 0, 'y20': 0, 'y21': 0, 'y22': 1, 'y23': 1, 'y30': 1, 'y31': 0, 'y32': 0, 'y33': 0, 'y40': 1, 'y41': 1, 'y42': 0, 'y43': 1}",878646.37,N,"{'T00': 0, 'T01': 1, 'T02': 0, 'T03': 1, 'T04': 0, 'T10': 1, 'T11': 1, 'T12': 0, 'T13': 0, 'T14': 0, 'T20': 1, 'T21': 0, 'T22': 0, 'T23': 1, 'T24': 1, 'T30': 1, 'T31': 1, 'T32': 0, 'T33': 0, 'T34': 0, 'T40': 0, 'T41': 0, 'T42': 0, 'T43': 1, 'T44': 0, 'y00': 0, 'y01': 0, 'y02': 1, 'y03': 1, 'y10': 0, 'y11': 0, 'y12': 0, 'y13': 0, 'y20': 1, 'y21': 1, 'y22': 0, 'y23': 0, 'y30': 1, 'y31': 0, 'y32': 0, 'y33': 0, 'y40': 1, 'y41': 0, 'y42': 0, 'y43': 1}",478649.57,N,"{'T00': 1, 'T01': 0, 'T02': 0, 'T03': 0, 'T04': 0, 'T10': 0, 'T11': 0, 'T12': 0, 'T13': 1, 'T14': 1, 'T20': 0, 'T21': 1, 'T22': 1, 'T23': 0, 'T24': 0, 'T30': 1, 'T31': 0, 'T32': 0, 'T33': 0, 'T34': 1, 'T40': 0, 'T41': 1, 'T42': 1, 'T43': 1, 'T44': 0, 'y00': 0, 'y01': 0, 'y02': 0, 'y03': 0, 'y10': 0, 'y11': 0, 'y12': 0, 'y13': 0, 'y20': 1, 'y21': 1, 'y22': 0, 'y23': 1, 'y30': 1, 'y31': 0, 'y32': 0, 'y33': 1, 'y40': 0, 'y41': 1, 'y42': 0, 'y43': 1}",772729.17,N,"{'T00': 0, 'T01': 0, 'T02': 0, 'T03': 0, 'T04': 1, 'T10': 1, 'T11': 0, 'T12': 0, 'T13': 1, 'T14': 1, 'T20': 0, 'T21': 0, 'T22': 0, 'T23': 1, 'T24': 0, 'T30': 0, 'T31': 1, 'T32': 1, 'T33': 1, 'T34': 0, 'T40': 0, 'T41': 1, 'T42': 1, 'T43': 0, 'T44': 1, 'y00': 0, 'y01': 0, 'y02': 0, 'y03': 0, 'y10': 1, 'y11': 1, 'y12': 0, 'y13': 1, 'y20': 1, 'y21': 1, 'y22': 1, 'y23': 0, 'y30': 1, 'y31': 1, 'y32': 1, 'y33': 1, 'y40': 0, 'y41': 0, 'y42': 0, 'y43': 1}",647287.57,N,"{'T00': 0, 'T01': 0, 'T02': 0, 'T03': 0, 'T04': 1, 'T10': 0, 'T11': 1, 'T12': 0, 'T13': 1, 'T14': 0, 'T20': 0, 'T21': 1, 'T22': 1, 'T23': 0, 'T24': 0, 'T30': 0, 'T31': 0, 'T32': 0, 'T33': 1, 'T34': 0, 'T40': 1, 'T41': 0, 'T42': 0, 'T43': 0, 'T44': 1, 'y00': 1, 'y01': 0, 'y02': 1, 'y03': 0, 'y10': 0, 'y11': 0, 'y12': 0, 'y13': 1, 'y20': 1, 'y21': 0, 'y22': 0, 'y23': 0, 'y30': 1, 'y31': 0, 'y32': 0, 'y33': 1, 'y40': 1, 'y41': 0, 'y42': 1, 'y43': 0}",678647.57,N,"{'T00': 0, 'T01': 1, 'T02': 0, 'T03': 0, 'T04': 0, 'T10': 0, 'T11': 0, 'T12': 0, 'T13': 0, 'T14': 1, 'T20': 0, 'T21': 0, 'T22': 1, 'T23': 0, 'T24': 0, 'T30': 0, 'T31': 0, 'T32': 0, 'T33': 0, 'T34': 1, 'T40': 0, 'T41': 1, 'T42': 0, 'T43': 0, 'T44': 0, 'y00': 1, 'y01': 0, 'y02': 1, 'y03': 0, 'y10': 0, 'y11': 0, 'y12': 0, 'y13': 0, 'y20': 1, 'y21': 1, 'y22': 0, 'y23': 1, 'y30': 1, 'y31': 0, 'y32': 0, 'y33': 0, 'y40': 0, 'y41': 1, 'y42': 0, 'y43': 0}",710007.57,N
30,30,30,30,30,30,30,30,"{'T00': 0, 'T01': 0, 'T02': 1, 'T03': 0, 'T04': 0, 'T10': 0, 'T11': 0, 'T12': 1, 'T13': 0, 'T14': 0, 'T20': 0, 'T21': 1, 'T22': 0, 'T23': 0, 'T24': 0, 'T30': 0, 'T31': 0, 'T32': 0, 'T33': 1, 'T34': 0, 'T40': 1, 'T41': 0, 'T42': 0, 'T43': 0, 'T44': 1, 'y00': 0, 'y01': 0, 'y02': 0, 'y10': 0, 'y11': 1, 'y12': 0, 'y20': 0, 'y21': 0, 'y22': 0, 'y30': 1, 'y31': 0, 'y32': 0, 'y40': 1, 'y41': 0, 'y42': 0, 'y50': 0, 'y51': 1, 'y52': 0}",459929.17,N,"{'T00': 0, 'T01': 0, 'T02': 0, 'T03': 0, 'T04': 1, 'T10': 0, 'T11': 0, 'T12': 1, 'T13': 0, 'T14': 1, 'T20': 0, 'T21': 1, 'T22': 0, 'T23': 1, 'T24': 0, 'T30': 0, 'T31': 0, 'T32': 0, 'T33': 0, 'T34': 1, 'T40': 0, 'T41': 1, 'T42': 0, 'T43': 1, 'T44': 0, 'y00': 0, 'y01': 1, 'y02': 0, 'y10': 0, 'y11': 0, 'y12': 0, 'y20': 1, 'y21': 0, 'y22': 0, 'y30': 1, 'y31': 0, 'y32': 1, 'y40': 1, 'y41': 0, 'y42': 0, 'y50': 1, 'y51': 0, 'y52': 0}",843926.77,N,"{'T00': 0, 'T01': 0, 'T02': 0, 'T03': 1, 'T04': 0, 'T10': 0, 'T11': 0, 'T12': 0, 'T13': 0, 'T14': 1, 'T20': 1, 'T21': 0, 'T22': 1, 'T23': 0, 'T24': 0, 'T30': 0, 'T31': 0, 'T32': 1, 'T33': 0, 'T34': 1, 'T40': 0, 'T41': 1, 'T42': 0, 'T43': 1, 'T44': 0, 'y00': 0, 'y01': 0, 'y02': 0, 'y10': 0, 'y11': 1, 'y12': 0, 'y20': 0, 'y21': 0, 'y22': 0, 'y30': 0, 'y31': 0, 'y32': 1, 'y40': 1, 'y41': 0, 'y42': 0, 'y50': 1, 'y51': 1, 'y52': 0}",871926.77,N,"{'T00': 1, 'T01': 0, 'T02': 0, 'T03': 0, 'T04': 1, 'T10': 0, 'T11': 0, 'T12': 1, 'T13': 0, 'T14': 1, 'T20': 0, 'T21': 1, 'T22': 0, 'T23': 0, 'T24': 0, 'T30': 0, 'T31': 1, 'T32': 0, 'T33': 1, 'T34': 0, 'T40': 0, 'T41': 0, 'T42': 0, 'T43': 0, 'T44': 1, 'y00': 1, 'y01': 0, 'y02': 0, 'y10': 0, 'y11': 0, 'y12': 0, 'y20': 0, 'y21': 1, 'y22': 0, 'y30': 1, 'y31': 0, 'y32': 1, 'y40': 1, 'y41': 0, 'y42': 0, 'y50': 0, 'y51': 0, 'y52': 0}",471929.97,N,"{'T00': 1, 'T01': 0, 'T02': 0, 'T03': 0, 'T04': 1, 'T10': 0, 'T11': 0, 'T12': 1, 'T13': 0, 'T14': 1, 'T20': 0, 'T21': 1, 'T22': 0, 'T23': 0, 'T24': 0, 'T30': 0, 'T31': 0, 'T32': 1, 'T33': 1, 'T34': 0, 'T40': 0, 'T41': 0, 'T42': 0, 'T43': 1, 'T44': 0, 'y00': 1, 'y01': 0, 'y02': 0, 'y10': 1, 'y11': 0, 'y12': 0, 'y20': 1, 'y21': 0, 'y22': 0, 'y30': 0, 'y31': 0, 'y32': 1, 'y40': 1, 'y41': 0, 'y42': 0, 'y50': 0, 'y51': 0, 'y52': 0}",755929.17,N,"{'T00': 0, 'T01': 1, 'T02': 0, 'T03': 0, 'T04': 1, 'T10': 0, 'T11': 0, 'T12': 1, 'T13': 1, 'T14': 0, 'T20': 0, 'T21': 0, 'T22': 1, 'T23': 0, 'T24': 0, 'T30': 0, 'T31': 0, 'T32': 0, 'T33': 0, 'T34': 1, 'T40': 1, 'T41': 0, 'T42': 0, 'T43': 0, 'T44': 1, 'y00': 1, 'y01': 1, 'y02': 0, 'y10': 0, 'y11': 0, 'y12': 0, 'y20': 0, 'y21': 1, 'y22': 0, 'y30': 0, 'y31': 0, 'y32': 1, 'y40': 1, 'y41': 0, 'y42': 0, 'y50': 0, 'y51': 0, 'y52': 0}",643928.37,N,"{'T00': 0, 'T01': 1, 'T02': 0, 'T03': 0, 'T04': 0, 'T10': 0, 'T11': 0, 'T12': 0, 'T13': 0, 'T14': 1, 'T20': 0, 'T21': 0, 'T22': 1, 'T23': 0, 'T24': 0, 'T30': 1, 'T31': 0, 'T32': 0, 'T33': 0, 'T34': 1, 'T40': 0, 'T41': 0, 'T42': 1, 'T43': 1, 'T44': 0, 'y00': 1, 'y01': 0, 'y02': 0, 'y10': 0, 'y11': 0, 'y12': 0, 'y20': 0, 'y21': 0, 'y22': 0, 'y30': 0, 'y31': 0, 'y32': 1, 'y40': 1, 'y41': 0, 'y42': 0, 'y50': 0, 'y51': 1, 'y52': 0}",671928.37,N,"{'T00': 0, 'T01': 1, 'T02': 1, 'T03': 0, 'T04': 0, 'T10': 1, 'T11': 0, 'T12': 0, 'T13': 1, 'T14': 0, 'T20': 1, 'T21': 0, 'T22': 0, 'T23': 0, 'T24': 0, 'T30': 0, 'T31': 0, 'T32': 0, 'T33': 0, 'T34': 1, 'T40': 0, 'T41': 0, 'T42': 0, 'T43': 1, 'T44': 0, 'y00': 0, 'y01': 0, 'y02': 0, 'y10': 0, 'y11': 1, 'y12': 0, 'y20': 0, 'y21': 0, 'y22': 0, 'y30': 0, 'y31': 1, 'y32': 0, 'y40': 1, 'y41': 0, 'y42': 0, 'y50': 1, 'y51': 0, 'y52': 0}",699928.37,N
31,31,31,31,31,31,31,31,"{'T00': 0, 'T01': 0, 'T02': 1, 'T03': 0, 'T04': 1, 'T10': 0, 'T11': 1, 'T12': 0, 'T13': 1, 'T14': 0, 'T20': 1, 'T21': 0, 'T22': 0, 'T23': 0, 'T24': 1, 'T30': 0, 'T31': 1, 'T32': 0, 'T33': 1, 'T34': 0, 'T40': 0, 'T41': 0, 'T42': 0, 'T43': 1, 'T44': 0, 'y00': 0, 'y01': 1, 'y02': 1, 'y10': 0, 'y11': 1, 'y12': 0, 'y20': 1, 'y21': 1, 'y22': 0, 'y30': 0, 'y31': 1, 'y32': 1, 'y40': 1, 'y41': 0, 'y42': 0, 'y50': 0, 'y51': 1, 'y52': 0}",364108.37,N,"{'T00': 0, 'T01': 1, 'T02': 1, 'T03': 0, 'T04': 0, 'T10': 1, 'T11': 0, 'T12': 0, 'T13': 0, 'T14': 1, 'T20': 0, 'T21': 1, 'T22': 0, 'T23': 0, 'T24': 0, 'T30': 0, 'T31': 0, 'T32': 0, 'T33': 1, 'T34': 0, 'T40': 1, 'T41': 0, 'T42': 0, 'T43': 0, 'T44': 1, 'y00': 1, 'y01': 0, 'y02': 0, 'y10': 1, 'y11': 1, 'y12': 0, 'y20': 0, 'y21': 1, 'y22': 0, 'y30': 0, 'y31': 1, 'y32': 0, 'y40': 1, 'y41': 0, 'y42': 1, 'y50': 0, 'y51': 0, 'y52': 0}",811986.77,N,"{'T00': 0, 'T01': 0, 'T02': 0, 'T03': 0, 'T04': 1, 'T10': 0, 'T11': 1, 'T12': 1, 'T13': 0, 'T14': 0, 'T20': 1, 'T21': 0, 'T22': 1, 'T23': 0, 'T24': 0, 'T30': 0, 'T31': 0, 'T32': 0, 'T33': 0, 'T34': 1, 'T40': 0, 'T41': 0, 'T42': 0, 'T43': 0, 'T44': 1, 'y00': 1, 'y01': 0, 'y02': 0, 'y10': 1, 'y11': 1, 'y12': 0, 'y20': 1, 'y21': 1, 'y22': 0, 'y30': 1, 'y31': 0, 'y32': 1, 'y40': 0, 'y41': 1, 'y42': 0, 'y50': 0, 'y51': 1, 'y52': 0}",808046.77,N,"{'T00': 1, 'T01': 0, 'T02': 0, 'T03': 0, 'T04': 1, 'T10': 0, 'T11': 0, 'T12': 0, 'T13': 1, 'T14': 0, 'T20': 1, 'T21': 0, 'T22': 1, 'T23': 0, 'T24': 0, 'T30': 1, 'T31': 0, 'T32': 0, 'T33': 0, 'T34': 1, 'T40': 0, 'T41': 1, 'T42': 0, 'T43': 1, 'T44': 0, 'y00': 1, 'y01': 0, 'y02': 0, 'y10': 0, 'y11': 0, 'y12': 1, 'y20': 0, 'y21': 1, 'y22': 0, 'y30': 0, 'y31': 0, 'y32': 1, 'y40': 1, 'y41': 0, 'y42': 0, 'y50': 1, 'y51': 1, 'y52': 0}",408047.57,N,"{'T00': 0, 'T01': 0, 'T02': 0, 'T03': 0, 'T04': 1, 'T10': 0, 'T11': 0, 'T12': 0, 'T13': 1, 'T14': 0, 'T20': 0, 'T21': 1, 'T22': 1, 'T23': 0, 'T24': 1, 'T30': 1, 'T31': 0, 'T32': 0, 'T33': 0, 'T34': 0, 'T40': 0, 'T41': 0, 'T42': 0, 'T43': 1, 'T44': 1, 'y00': 1, 'y01': 1, 'y02': 1, 'y10': 0, 'y11': 0, 'y12': 0, 'y20': 0, 'y21': 0, 'y22': 0, 'y30': 0, 'y31': 0, 'y32': 0, 'y40': 0, 'y41': 1, 'y42': 1, 'y50': 1, 'y51': 1, 'y52': 1}",596227.97,N,"{'T00': 0, 'T01': 1, 'T02': 0, 'T03': 1, 'T04': 0, 'T10': 0, 'T11': 0, 'T12': 0, 'T13': 1, 'T14': 0, 'T20': 0, 'T21': 1, 'T22': 1, 'T23': 0, 'T24': 0, 'T30': 1, 'T31': 0, 'T32': 0, 'T33': 1, 'T34': 0, 'T40': 1, 'T41': 0, 'T42': 0, 'T43': 0, 'T44': 1, 'y00': 1, 'y01': 1, 'y02': 0, 'y10': 0, 'y11': 0, 'y12': 0, 'y20': 0, 'y21': 0, 'y22': 1, 'y30': 1, 'y31': 1, 'y32': 1, 'y40': 0, 'y41': 0, 'y42': 0, 'y50': 0, 'y51': 1, 'y52': 0}",611987.17,N,"{'T00': 0, 'T01': 1, 'T02': 1, 'T03': 0, 'T04': 0, 'T10': 0, 'T11': 0, 'T12': 0, 'T13': 0, 'T14': 1, 'T20': 0, 'T21': 1, 'T22': 1, 'T23': 0, 'T24': 0, 'T30': 1, 'T31': 0, 'T32': 0, 'T33': 1, 'T34': 0, 'T40': 1, 'T41': 0, 'T42': 0, 'T43': 1, 'T44': 0, 'y00': 1, 'y01': 1, 'y02': 0, 'y10': 1, 'y11': 0, 'y12': 0, 'y20': 0, 'y21': 0, 'y22': 0, 'y30': 0, 'y31': 1, 'y32': 1, 'y40': 0, 'y41': 1, 'y42': 0, 'y50': 1, 'y51': 1, 'y52': 0}",608047.17,N,"{'T00': 0, 'T01': 0, 'T02': 1, 'T03': 1, 'T04': 0, 'T10': 0, 'T11': 0, 'T12': 1, 'T13': 0, 'T14': 0, 'T20': 0, 'T21': 0, 'T22': 0, 'T23': 0, 'T24': 1, 'T30': 0, 'T31': 0, 'T32': 0, 'T33': 1, 'T34': 0, 'T40': 0, 'T41': 1, 'T42': 0, 'T43': 0, 'T44': 1, 'y00': 1, 'y01': 1, 'y02': 0, 'y10': 0, 'y11': 0, 'y12': 1, 'y20': 1, 'y21': 1, 'y22': 0, 'y30': 0, 'y31': 1, 'y32': 0, 'y40': 0, 'y41': 1, 'y42': 0, 'y50': 1, 'y51': 0, 'y52': 1}",604107.17,N
32,32,32,32,32,32,32,32,"{'T00': 0, 'T01': 1, 'T02': 0, 'T03': 1, 'T04': 0, 'T10': 1, 'T11': 0, 'T12': 0, 'T13': 0, 'T14': 1, 'T20': 1, 'T21': 1, 'T22': 1, 'T23': 0, 'T24': 0, 'T30': 1, 'T31': 0, 'T32': 1, 'T33': 0, 'T34': 0, 'T40': 1, 'T41': 0, 'T42': 1, 'T43': 1, 'T44': 0, 'y00': 1, 'y01': 0, 'y02': 1, 'y03': 0, 'y10': 0, 'y11': 1, 'y12': 0, 'y13': 0, 'y20': 1, 'y21': 1, 'y22': 0, 'y23': 0, 'y30': 1, 'y31': 0, 'y32': 1, 'y33': 0, 'y40': 1, 'y41': 1, 'y42': 1, 'y43': 0, 'y50': 1, 'y51': 0, 'y52': 1, 'y53': 0}",475469.17,N,"{'T00': 0, 'T01': 0, 'T02': 0, 'T03': 0, 'T04': 1, 'T10': 1, 'T11': 0, 'T12': 1, 'T13': 0, 'T14': 0, 'T20': 1, 'T21': 0, 'T22': 0, 'T23': 0, 'T24': 1, 'T30': 0, 'T31': 0, 'T32': 0, 'T33': 1, 'T34': 0, 'T40': 0, 'T41': 1, 'T42': 1, 'T43': 1, 'T44': 0, 'y00': 1, 'y01': 0, 'y02': 0, 'y03': 0, 'y10': 0, 'y11': 0, 'y12': 1, 'y13': 0, 'y20': 0, 'y21': 1, 'y22': 1, 'y23': 0, 'y30': 1, 'y31': 1, 'y32': 1, 'y33': 0, 'y40': 0, 'y41': 0, 'y42': 0, 'y43': 0, 'y50': 1, 'y51': 1, 'y52': 0, 'y53': 1}",849105.57,N,"{'T00': 0, 'T01': 1, 'T02': 1, 'T03': 0, 'T04': 1, 'T10': 1, 'T11': 1, 'T12': 0, 'T13': 1, 'T14': 0, 'T20': 0, 'T21': 0, 'T22': 0, 'T23': 1, 'T24': 1, 'T30': 0, 'T31': 0, 'T32': 0, 'T33': 0, 'T34': 1, 'T40': 0, 'T41': 1, 'T42': 0, 'T43': 1, 'T44': 1, 'y00': 1, 'y01': 0, 'y02': 0, 'y03': 1, 'y10': 1, 'y11': 0, 'y12': 0, 'y13': 0, 'y20': 0, 'y21': 1, 'y22': 0, 'y23': 1, 'y30': 1, 'y31': 1, 'y32': 0, 'y33': 1, 'y40': 0, 'y41': 0, 'y42': 0, 'y43': 0, 'y50': 0, 'y51': 0, 'y52': 1, 'y53': 1}",882285.57,N,"{'T00': 0, 'T01': 1, 'T02': 0, 'T03': 1, 'T04': 0, 'T10': 1, 'T11': 0, 'T12': 0, 'T13': 0, 'T14': 1, 'T20': 0, 'T21': 0, 'T22': 0, 'T23': 0, 'T24': 1, 'T30': 0, 'T31': 1, 'T32': 1, 'T33': 0, 'T34': 0, 'T40': 1, 'T41': 0, 'T42': 1, 'T43': 1, 'T44': 0, 'y00': 1, 'y01': 1, 'y02': 1, 'y03': 0, 'y10': 0, 'y11': 1, 'y12': 1, 'y13': 0, 'y20': 0, 'y21': 0, 'y22': 0, 'y23': 0, 'y30': 1, 'y31': 1, 'y32': 0, 'y33': 0, 'y40': 1, 'y41': 0, 'y42': 0, 'y43': 1, 'y50': 1, 'y51': 0, 'y52': 1, 'y53': 0}",482289.17,N,"{'T00': 0, 'T01': 0, 'T02': 1, 'T03': 1, 'T04': 0, 'T10': 1, 'T11': 1, 'T12': 0, 'T13': 1, 'T14': 0, 'T20': 1, 'T21': 0, 'T22': 1, 'T23': 0, 'T24': 0, 'T30': 0, 'T31': 1, 'T32': 0, 'T33': 0, 'T34': 0, 'T40': 0, 'T41': 1, 'T42': 1, 'T43': 1, 'T44': 0, 'y00': 1, 'y01': 0, 'y02': 1, 'y03': 0, 'y10': 1, 'y11': 1, 'y12': 0, 'y13': 0, 'y20': 1, 'y21': 1, 'y22': 1, 'y23': 0, 'y30': 1, 'y31': 0, 'y32': 0, 'y33': 0, 'y40': 0, 'y41': 1, 'y42': 0, 'y43': 1, 'y50': 1, 'y51': 0, 'y52': 0, 'y53': 0}",781827.97,N,"{'T00': 0, 'T01': 0, 'T02': 1, 'T03': 0, 'T04': 1, 'T10': 0, 'T11': 1, 'T12': 0, 'T13': 0, 'T14': 0, 'T20': 0, 'T21': 0, 'T22': 0, 'T23': 1, 'T24': 1, 'T30': 0, 'T31': 1, 'T32': 0, 'T33': 0, 'T34': 0, 'T40': 0, 'T41': 0, 'T42': 1, 'T43': 0, 'T44': 1, 'y00': 1, 'y01': 1, 'y02': 0, 'y03': 1, 'y10': 1, 'y11': 0, 'y12': 0, 'y13': 0, 'y20': 1, 'y21': 0, 'y22': 1, 'y23': 0, 'y30': 0, 'y31': 1, 'y32': 0, 'y33': 0, 'y40': 0, 'y41': 1, 'y42': 0, 'y43': 0, 'y50': 1, 'y51': 0, 'y52': 0, 'y53': 1}",649106.77,N,"{'T00': 0, 'T01': 0, 'T02': 0, 'T03': 1, 'T04': 1, 'T10': 0, 'T11': 1, 'T12': 0, 'T13': 1, 'T14': 0, 'T20': 1, 'T21': 0, 'T22': 0, 'T23': 0, 'T24': 1, 'T30': 0, 'T31': 1, 'T32': 0, 'T33': 0, 'T34': 1, 'T40': 0, 'T41': 1, 'T42': 0, 'T43': 0, 'T44': 1, 'y00': 0, 'y01': 0, 'y02': 0, 'y03': 1, 'y10': 1, 'y11': 0, 'y12': 1, 'y13': 1, 'y20': 0, 'y21': 0, 'y22': 0, 'y23': 0, 'y30': 1, 'y31': 1, 'y32': 0, 'y33': 0, 'y40': 0, 'y41': 1, 'y42': 0, 'y43': 1, 'y50': 0, 'y51': 0, 'y52': 1, 'y53': 0}",682286.77,N,"{'T00': 0, 'T01': 0, 'T02': 0, 'T03': 1, 'T04': 0, 'T10': 0, 'T11': 1, 'T12': 0, 'T13': 1, 'T14': 0, 'T20': 0, 'T21': 1, 'T22': 0, 'T23': 0, 'T24': 1, 'T30': 1, 'T31': 1, 'T32': 1, 'T33': 0, 'T34': 0, 'T40': 0, 'T41': 0, 'T42': 0, 'T43': 1, 'T44': 1, 'y00': 0, 'y01': 1, 'y02': 0, 'y03': 0, 'y10': 0, 'y11': 0, 'y12': 0, 'y13': 0, 'y20': 1, 'y21': 0, 'y22': 1, 'y23': 0, 'y30': 1, 'y31': 0, 'y32': 0, 'y33': 1, 'y40': 0, 'y41': 0, 'y42': 1, 'y43': 0, 'y50': 1, 'y51': 1, 'y52': 0, 'y53': 1}",715466.77,N
33,33,33,33,33,33,33,33,"{'T00': 0, 'T01': 0, 'T02': 1, 'T03': 0, 'T04': 0, 'T10': 0, 'T11': 1, 'T12': 0, 'T13': 1, 'T14': 0, 'T20': 0, 'T21': 0, 'T22': 0, 'T23': 1, 'T24': 0, 'T30': 1, 'T31': 0, 'T32': 0, 'T33': 0, 'T34': 0, 'T40': 0, 'T41': 0, 'T42': 1, 'T43': 0, 'T44': 1, 'y00': 1, 'y01': 0, 'y02': 0, 'y10': 0, 'y11': 0, 'y12': 0, 'y20': 0, 'y21': 0, 'y22': 0, 'y30': 0, 'y31': 0, 'y32': 0, 'y40': 1, 'y41': 1, 'y42': 0, 'y50': 1, 'y51': 0, 'y52': 0, 'y60': 0, 'y61': 0, 'y62': 0}",468687.57,N,"{'T00': 0, 'T01': 0, 'T02': 0, 'T03': 1, 'T04': 0, 'T10': 0, 'T11': 0, 'T12': 0, 'T13': 0, 'T14': 0, 'T20': 0, 'T21': 1, 'T22': 0, 'T23': 0, 'T24': 0, 'T30': 0, 'T31': 1, 'T32': 0, 'T33': 1, 'T34': 0, 'T40': 1, 'T41': 0, 'T42': 0, 'T43': 0, 'T44': 1, 'y00': 0, 'y01': 0, 'y02': 0, 'y10': 0, 'y11': 1, 'y12': 0, 'y20': 0, 'y21': 0, 'y22': 0, 'y30': 0, 'y31': 0, 'y32': 0, 'y40': 1, 'y41': 0, 'y42': 0, 'y50': 0, 'y51': 1, 'y52': 0, 'y60': 0, 'y61': 0, 'y62': 0}",846844.77,N,"{'T00': 1, 'T01': 0, 'T02': 0, 'T03': 1, 'T04': 0, 'T10': 0, 'T11': 0, 'T12': 1, 'T13': 0, 'T14': 0, 'T20': 0, 'T21': 1, 'T22': 0, 'T23': 0, 'T24': 0, 'T30': 0, 'T31': 0, 'T32': 0, 'T33': 1, 'T34': 0, 'T40': 0, 'T41': 0, 'T42': 0, 'T43': 0, 'T44': 1, 'y00': 0, 'y01': 0, 'y02': 0, 'y10': 1, 'y11': 0, 'y12': 0, 'y20': 1, 'y21': 0, 'y22': 0, 'y30': 1, 'y31': 0, 'y32': 0, 'y40': 0, 'y41': 0, 'y42': 0, 'y50': 1, 'y51': 0, 'y52': 0, 'y60': 0, 'y61': 0, 'y62': 0}",877764.77,N,"{'T00': 1, 'T01': 1, 'T02': 0, 'T03': 0, 'T04': 1, 'T10': 0, 'T11': 0, 'T12': 1, 'T13': 0, 'T14': 0, 'T20': 0, 'T21': 0, 'T22': 0, 'T23': 0, 'T24': 0, 'T30': 0, 'T31': 0, 'T32': 0, 'T33': 1, 'T34': 0, 'T40': 1, 'T41': 0, 'T42': 0, 'T43': 0, 'T44': 1, 'y00': 0, 'y01': 0, 'y02': 0, 'y10': 0, 'y11': 1, 'y12': 0, 'y20': 1, 'y21': 0, 'y22': 0, 'y30': 0, 'y31': 0, 'y32': 0, 'y40': 0, 'y41': 1, 'y42': 0, 'y50': 0, 'y51': 0, 'y52': 0, 'y60': 0, 'y61': 0, 'y62': 0}",477767.57,N,"{'T00': 1, 'T01': 0, 'T02': 0, 'T03': 0, 'T04': 1, 'T10': 0, 'T11': 0, 'T12': 1, 'T13': 0, 'T14': 0, 'T20': 0, 'T21': 1, 'T22': 0, 'T23': 0, 'T24': 0, 'T30': 0, 'T31': 1, 'T32': 0, 'T33': 1, 'T34': 0, 'T40': 0, 'T41': 0, 'T42': 1, 'T43': 1, 'T44': 0, 'y00': 0, 'y01': 0, 'y02': 0, 'y10': 0, 'y11': 1, 'y12': 0, 'y20': 1, 'y21': 0, 'y22': 0, 'y30': 1, 'y31': 0, 'y32': 0, 'y40': 1, 'y41': 0, 'y42': 0, 'y50': 1, 'y51': 0, 'y52': 0, 'y60': 0, 'y61': 0, 'y62': 0}",770527.57,N,"{'T00': 0, 'T01': 1, 'T02': 0, 'T03': 0, 'T04': 1, 'T10': 0, 'T11': 0, 'T12': 1, 'T13': 0, 'T14': 0, 'T20': 0, 'T21': 0, 'T22': 0, 'T23': 1, 'T24': 0, 'T30': 0, 'T31': 0, 'T32': 0, 'T33': 1, 'T34': 0, 'T40': 0, 'T41': 0, 'T42': 0, 'T43': 0, 'T44': 1, 'y00': 1, 'y01': 1, 'y02': 0, 'y10': 0, 'y11': 0, 'y12': 0, 'y20': 1, 'y21': 0, 'y22': 0, 'y30': 1, 'y31': 0, 'y32': 0, 'y40': 0, 'y41': 0, 'y42': 0, 'y50': 0, 'y51': 0, 'y52': 0, 'y60': 1, 'y61': 0, 'y62': 0}",646845.57,N,"{'T00': 0, 'T01': 1, 'T02': 0, 'T03': 0, 'T04': 0, 'T10': 0, 'T11': 0, 'T12': 1, 'T13': 1, 'T14': 0, 'T20': 1, 'T21': 0, 'T22': 0, 'T23': 0, 'T24': 0, 'T30': 0, 'T31': 0, 'T32': 0, 'T33': 1, 'T34': 1, 'T40': 1, 'T41': 1, 'T42': 0, 'T43': 0, 'T44': 1, 'y00': 0, 'y01': 0, 'y02': 0, 'y10': 0, 'y11': 0, 'y12': 0, 'y20': 0, 'y21': 0, 'y22': 0, 'y30': 0, 'y31': 0, 'y32': 1, 'y40': 1, 'y41': 0, 'y42': 0, 'y50': 0, 'y51': 0, 'y52': 0, 'y60': 0, 'y61': 1, 'y62': 0}",677765.57,N,"{'T00': 0, 'T01': 1, 'T02': 1, 'T03': 0, 'T04': 0, 'T10': 1, 'T11': 0, 'T12': 0, 'T13': 0, 'T14': 0, 'T20': 0, 'T21': 0, 'T22': 1, 'T23': 0, 'T24': 0, 'T30': 1, 'T31': 0, 'T32': 1, 'T33': 0, 'T34': 0, 'T40': 0, 'T41': 1, 'T42': 0, 'T43': 1, 'T44': 0, 'y00': 1, 'y01': 0, 'y02': 0, 'y10': 1, 'y11': 0, 'y12': 0, 'y20': 1, 'y21': 0, 'y22': 0, 'y30': 0, 'y31': 0, 'y32': 0, 'y40': 0, 'y41': 0, 'y42': 0, 'y50': 1, 'y51': 0, 'y52': 0, 'y60': 0, 'y61': 0, 'y62': 0}",708685.57,N
34,34,34,34,34,34,34,34,"{'T00': 0, 'T01': 1, 'T02': 0, 'T03': 1, 'T04': 0, 'T10': 0, 'T11': 0, 'T12': 1, 'T13': 0, 'T14': 0, 'T20': 0, 'T21': 0, 'T22': 0, 'T23': 1, 'T24': 0, 'T30': 1, 'T31': 0, 'T32': 0, 'T33': 0, 'T34': 1, 'T40': 0, 'T41': 1, 'T42': 1, 'T43': 0, 'T44': 0, 'y00': 1, 'y01': 0, 'y02': 1, 'y10': 0, 'y11': 1, 'y12': 0, 'y20': 1, 'y21': 0, 'y22': 0, 'y30': 0, 'y31': 0, 'y32': 1, 'y40': 0, 'y41': 0, 'y42': 0, 'y50': 0, 'y51': 1, 'y52': 0, 'y60': 1, 'y61': 0, 'y62': 0}",352590.37,N,"{'T00': 0, 'T01': 1, 'T02': 0, 'T03': 1, 'T04': 0, 'T10': 0, 'T11': 1, 'T12': 1, 'T13': 0, 'T14': 0, 'T20': 0, 'T21': 0, 'T22': 1, 'T23': 0, 'T24': 0, 'T30': 0, 'T31': 1, 'T32': 0, 'T33': 1, 'T34': 0, 'T40': 0, 'T41': 0, 'T42': 0, 'T43': 0, 'T44': 1, 'y00': 1, 'y01': 1, 'y02': 0, 'y10': 1, 'y11': 0, 'y12': 0, 'y20': 0, 'y21': 1, 'y22': 0, 'y30': 0, 'y31': 0, 'y32': 1, 'y40': 1, 'y41': 1, 'y42': 0, 'y50': 1, 'y51': 0, 'y52': 0, 'y60': 1, 'y61': 0, 'y62': 0}",808147.17,N,"{'T00': 0, 'T01': 0, 'T02': 0, 'T03': 1, 'T04': 0, 'T10': 0, 'T11': 1, 'T12': 1, 'T13': 0, 'T14': 0, 'T20': 0, 'T21': 0, 'T22': 0, 'T23': 1, 'T24': 0, 'T30': 0, 'T31': 0, 'T32': 0, 'T33': 0, 'T34': 1, 'T40': 0, 'T41': 1, 'T42': 0, 'T43': 0, 'T44': 1, 'y00': 0, 'y01': 1, 'y02': 0, 'y10': 1, 'y11': 1, 'y12': 0, 'y20': 0, 'y21': 0, 'y22': 0, 'y30': 1, 'y31': 1, 'y32': 0, 'y40': 1, 'y41': 1, 'y42': 0, 'y50': 1, 'y51': 0, 'y52': 1, 'y60': 1, 'y61': 0, 'y62': 0}",800367.17,N,"{'T00': 1, 'T01': 0, 'T02': 1, 'T03': 0, 'T04': 0, 'T10': 0, 'T11': 0, 'T12': 0, 'T13': 0, 'T14': 1, 'T20': 0, 'T21': 0, 'T22': 0, 'T23': 1, 'T24': 0, 'T30': 0, 'T31': 1, 'T32': 1, 'T33': 0, 'T34': 0, 'T40': 0, 'T41': 1, 'T42': 0, 'T43': 0, 'T44': 1, 'y00': 1, 'y01': 1, 'y02': 0, 'y10': 0, 'y11': 1, 'y12': 0, 'y20': 0, 'y21': 0, 'y22': 0, 'y30': 0, 'y31': 1, 'y32': 0, 'y40': 1, 'y41': 0, 'y42': 1, 'y50': 1, 'y51': 1, 'y52': 0, 'y60': 1, 'y61': 0, 'y62': 0}",400371.57,N,"{'T00': 0, 'T01': 0, 'T02': 0, 'T03': 1, 'T04': 0, 'T10': 0, 'T11': 0, 'T12': 1, 'T13': 0, 'T14': 0, 'T20': 1, 'T21': 0, 'T22': 1, 'T23': 0, 'T24': 0, 'T30': 0, 'T31': 0, 'T32': 0, 'T33': 0, 'T34': 1, 'T40': 0, 'T41': 1, 'T42': 0, 'T43': 1, 'T44': 0, 'y00': 1, 'y01': 1, 'y02': 0, 'y10': 1, 'y11': 1, 'y12': 0, 'y20': 0, 'y21': 0, 'y22': 0, 'y30': 0, 'y31': 1, 'y32': 0, 'y40': 1, 'y41': 1, 'y42': 0, 'y50': 1, 'y51': 0, 'y52': 0, 'y60': 0, 'y61': 1, 'y62': 0}",577028.77,N,"{'T00': 0, 'T01': 1, 'T02': 0, 'T03': 1, 'T04': 0, 'T10': 0, 'T11': 0, 'T12': 1, 'T13': 0, 'T14': 0, 'T20': 0, 'T21': 0, 'T22': 0, 'T23': 1, 'T24': 0, 'T30': 1, 'T31': 0, 'T32': 0, 'T33': 0, 'T34': 1, 'T40': 1, 'T41': 0, 'T42': 0, 'T43': 1, 'T44': 0, 'y00': 0, 'y01': 1, 'y02': 1, 'y10': 1, 'y11': 0, 'y12': 0, 'y20': 1, 'y21': 0, 'y22': 0, 'y30': 0, 'y31': 0, 'y32': 1, 'y40': 1, 'y41': 0, 'y42': 0, 'y50': 0, 'y51': 0, 'y52': 0, 'y60': 0, 'y61': 1, 'y62': 0}",608148.77,N,"{'T00': 0, 'T01': 1, 'T02': 1, 'T03': 0, 'T04': 0, 'T10': 0, 'T11': 0, 'T12': 0, 'T13': 1, 'T14': 0, 'T20': 0, 'T21': 0, 'T22': 0, 'T23': 0, 'T24': 1, 'T30': 1, 'T31': 0, 'T32': 0, 'T33': 0, 'T34': 1, 'T40': 1, 'T41': 1, 'T42': 0, 'T43': 0, 'T44': 1, 'y00': 1, 'y01': 1, 'y02': 0, 'y10': 0, 'y11': 1, 'y12': 0, 'y20': 0, 'y21': 0, 'y22': 0, 'y30': 1, 'y31': 0, 'y32': 1, 'y40': 1, 'y41': 0, 'y42': 0, 'y50': 1, 'y51': 0, 'y52': 1, 'y60': 1, 'y61': 0, 'y62': 0}",600368.77,N,"{'T00': 0, 'T01': 1, 'T02': 0, 'T03': 0, 'T04': 0, 'T10': 1, 'T11': 0, 'T12': 1, 'T13': 0, 'T14': 0, 'T20': 0, 'T21': 0, 'T22': 1, 'T23': 0, 'T24': 0, 'T30': 1, 'T31': 0, 'T32': 0, 'T33': 0, 'T34': 1, 'T40': 0, 'T41': 1, 'T42': 0, 'T43': 0, 'T44': 1, 'y00': 0, 'y01': 0, 'y02': 0, 'y10': 0, 'y11': 0, 'y12': 0, 'y20': 1, 'y21': 0, 'y22': 0, 'y30': 1, 'y31': 1, 'y32': 0, 'y40': 1, 'y41': 0, 'y42': 0, 'y50': 1, 'y51': 1, 'y52': 0, 'y60': 0, 'y61': 0, 'y62': 1}",592588.77,N
35,35,35,35,35,35,35,35,"{'T00': 1, 'T01': 0, 'T02': 0, 'T03': 0, 'T04': 1, 'T10': 1, 'T11': 0, 'T12': 0, 'T13': 1, 'T14': 1, 'T20': 1, 'T21': 1, 'T22': 1, 'T23': 0, 'T24': 0, 'T30': 0, 'T31': 0, 'T32': 0, 'T33': 1, 'T34': 0, 'T40': 0, 'T41': 1, 'T42': 1, 'T43': 0, 'T44': 1, 'y00': 0, 'y01': 0, 'y02': 0, 'y03': 1, 'y10': 1, 'y11': 0, 'y12': 0, 'y13': 0, 'y20': 0, 'y21': 1, 'y22': 0, 'y23': 0, 'y30': 0, 'y31': 1, 'y32': 1, 'y33': 0, 'y40': 0, 'y41': 1, 'y42': 1, 'y43': 1, 'y50': 0, 'y51': 1, 'y52': 0, 'y53': 0, 'y60': 1, 'y61': 0, 'y62': 0, 'y63': 0}",387327.97,N,"{'T00': 0, 'T01': 1, 'T02': 0, 'T03': 0, 'T04': 1, 'T10': 0, 'T11': 0, 'T12': 1, 'T13': 0, 'T14': 1, 'T20': 1, 'T21': 1, 'T22': 0, 'T23': 1, 'T24': 0, 'T30': 0, 'T31': 0, 'T32': 1, 'T33': 0, 'T34': 1, 'T40': 1, 'T41': 0, 'T42': 1, 'T43': 1, 'T44': 0, 'y00': 0, 'y01': 1, 'y02': 0, 'y03': 1, 'y10': 1, 'y11': 1, 'y12': 0, 'y13': 0, 'y20': 1, 'y21': 0, 'y22': 0, 'y23': 0, 'y30': 1, 'y31': 1, 'y32': 0, 'y33': 1, 'y40': 0, 'y41': 1, 'y42': 1, 'y43': 0, 'y50': 0, 'y51': 1, 'y52': 0, 'y53': 0, 'y60': 0, 'y61': 0, 'y62': 1, 'y63': 0}",819723.57,N,"{'T00': 0, 'T01': 0, 'T02': 1, 'T03': 1, 'T04': 0, 'T10': 0, 'T11': 0, 'T12': 1, 'T13': 0, 'T14': 0, 'T20': 0, 'T21': 0, 'T22': 1, 'T23': 0, 'T24': 0, 'T30': 0, 'T31': 1, 'T32': 0, 'T33': 1, 'T34': 1, 'T40': 1, 'T41': 0, 'T42': 0, 'T43': 1, 'T44': 1, 'y00': 1, 'y01': 0, 'y02': 0, 'y03': 0, 'y10': 0, 'y11': 1, 'y12': 0, 'y13': 1, 'y20': 0, 'y21': 1, 'y22': 0, 'y23': 0, 'y30': 1, 'y31': 1, 'y32': 0, 'y33': 0, 'y40': 1, 'y41': 1, 'y42': 0, 'y43': 0, 'y50': 0, 'y51': 1, 'y52': 1, 'y53': 0, 'y60': 0, 'y61': 0, 'y62': 0, 'y63': 1}",823523.57,N,"{'T00': 1, 'T01': 0, 'T02': 0, 'T03': 0, 'T04': 1, 'T10': 1, 'T11': 1, 'T12': 0, 'T13': 1, 'T14': 0, 'T20': 1, 'T21': 1, 'T22': 1, 'T23': 0, 'T24': 0, 'T30': 0, 'T31': 0, 'T32': 0, 'T33': 0, 'T34': 1, 'T40': 0, 'T41': 1, 'T42': 0, 'T43': 1, 'T44': 0, 'y00': 1, 'y01': 0, 'y02': 0, 'y03': 1, 'y10': 1, 'y11': 0, 'y12': 0, 'y13': 0, 'y20': 0, 'y21': 0, 'y22': 0, 'y23': 0, 'y30': 1, 'y31': 0, 'y32': 1, 'y33': 0, 'y40': 1, 'y41': 0, 'y42': 1, 'y43': 0, 'y50': 0, 'y51': 0, 'y52': 0, 'y53': 0, 'y60': 0, 'y61': 1, 'y62': 1, 'y63': 0}",423527.97,N,"{'T00': 0, 'T01': 1, 'T02': 1, 'T03': 0, 'T04': 0, 'T10': 0, 'T11': 0, 'T12': 0, 'T13': 0, 'T14': 1, 'T20': 0, 'T21': 0, 'T22': 0, 'T23': 1, 'T24': 0, 'T30': 0, 'T31': 0, 'T32': 0, 'T33': 1, 'T34': 1, 'T40': 0, 'T41': 0, 'T42': 1, 'T43': 1, 'T44': 0, 'y00': 0, 'y01': 1, 'y02': 0, 'y03': 0, 'y10': 1, 'y11': 1, 'y12': 1, 'y13': 0, 'y20': 0, 'y21': 0, 'y22': 0, 'y23': 0, 'y30': 1, 'y31': 0, 'y32': 0, 'y33': 1, 'y40': 1, 'y41': 0, 'y42': 1, 'y43': 0, 'y50': 0, 'y51': 1, 'y52': 1, 'y53': 0, 'y60': 1, 'y61': 1, 'y62': 0, 'y63': 0}",634926.37,N,"{'T00': 0, 'T01': 1, 'T02': 1, 'T03': 0, 'T04': 0, 'T10': 0, 'T11': 1, 'T12': 0, 'T13': 1, 'T14': 0, 'T20': 1, 'T21': 1, 'T22': 1, 'T23': 0, 'T24': 0, 'T30': 1, 'T31': 1, 'T32': 0, 'T33': 0, 'T34': 1, 'T40': 1, 'T41': 0, 'T42': 1, 'T43': 1, 'T44': 0, 'y00': 0, 'y01': 1, 'y02': 0, 'y03': 0, 'y10': 0, 'y11': 0, 'y12': 1, 'y13': 0, 'y20': 1, 'y21': 1, 'y22': 0, 'y23': 0, 'y30': 1, 'y31': 1, 'y32': 0, 'y33': 1, 'y40': 1, 'y41': 0, 'y42': 0, 'y43': 0, 'y50': 0, 'y51': 0, 'y52': 0, 'y53': 1, 'y60': 1, 'y61': 0, 'y62': 0, 'y63': 0}",619724.77,N,"{'T00': 1, 'T01': 1, 'T02': 1, 'T03': 0, 'T04': 0, 'T10': 0, 'T11': 0, 'T12': 1, 'T13': 0, 'T14': 1, 'T20': 1, 'T21': 1, 'T22': 0, 'T23': 0, 'T24': 0, 'T30': 0, 'T31': 0, 'T32': 1, 'T33': 0, 'T34': 1, 'T40': 1, 'T41': 1, 'T42': 0, 'T43': 1, 'T44': 1, 'y00': 0, 'y01': 0, 'y02': 0, 'y03': 0, 'y10': 1, 'y11': 0, 'y12': 0, 'y13': 0, 'y20': 1, 'y21': 1, 'y22': 1, 'y23': 0, 'y30': 1, 'y31': 1, 'y32': 0, 'y33': 1, 'y40': 0, 'y41': 1, 'y42': 1, 'y43': 0, 'y50': 1, 'y51': 1, 'y52': 0, 'y53': 0, 'y60': 0, 'y61': 1, 'y62': 1, 'y63': 0}",623524.77,N,"{'T00': 0, 'T01': 1, 'T02': 0, 'T03': 0, 'T04': 1, 'T10': 0, 'T11': 0, 'T12': 0, 'T13': 1, 'T14': 0, 'T20': 0, 'T21': 1, 'T22': 0, 'T23': 1, 'T24': 0, 'T30': 0, 'T31': 1, 'T32': 0, 'T33': 0, 'T34': 1, 'T40': 1, 'T41': 0, 'T42': 1, 'T43': 0, 'T44': 1, 'y00': 0, 'y01': 1, 'y02': 0, 'y03': 1, 'y10': 1, 'y11': 1, 'y12': 0, 'y13': 0, 'y20': 1, 'y21': 0, 'y22': 0, 'y23': 0, 'y30': 1, 'y31': 1, 'y32': 0, 'y33': 0, 'y40': 0, 'y41': 1, 'y42': 1, 'y43': 0, 'y50': 0, 'y51': 0, 'y52': 0, 'y53': 0, 'y60': 0, 'y61': 0, 'y62': 0, 'y63': 1}",627324.77,N
36,36,36,36,36,36,36,36,"{'T00': 1, 'T01': 1, 'T02': 1, 'T03': 0, 'T04': 0, 'T10': 1, 'T11': 0, 'T12': 0, 'T13': 1, 'T14': 0, 'T20': 0, 'T21': 0, 'T22': 1, 'T23': 1, 'T24': 0, 'T30': 0, 'T31': 1, 'T32': 0, 'T33': 0, 'T34': 1, 'T40': 0, 'T41': 0, 'T42': 0, 'T43': 0, 'T44': 1, 'y00': 0, 'y01': 1, 'y02': 0, 'y10': 0, 'y11': 0, 'y12': 0, 'y20': 0, 'y21': 0, 'y22': 0, 'y30': 0, 'y31': 0, 'y32': 1, 'y40': 0, 'y41': 0, 'y42': 0, 'y50': 0, 'y51': 0, 'y52': 0, 'y60': 0, 'y61': 1, 'y62': 0, 'y70': 0, 'y71': 0, 'y72': 0}",295587.57,N,"{'T00': 0, 'T01': 1, 'T02': 0, 'T03': 1, 'T04': 1, 'T10': 0, 'T11': 0, 'T12': 1, 'T13': 0, 'T14': 0, 'T20': 0, 'T21': 1, 'T22': 0, 'T23': 0, 'T24': 1, 'T30': 1, 'T31': 0, 'T32': 0, 'T33': 0, 'T34': 1, 'T40': 0, 'T41': 0, 'T42': 0, 'T43': 1, 'T44': 1, 'y00': 1, 'y01': 0, 'y02': 1, 'y10': 0, 'y11': 0, 'y12': 0, 'y20': 0, 'y21': 1, 'y22': 0, 'y30': 1, 'y31': 0, 'y32': 0, 'y40': 1, 'y41': 0, 'y42': 0, 'y50': 0, 'y51': 0, 'y52': 0, 'y60': 0, 'y61': 0, 'y62': 0, 'y70': 1, 'y71': 1, 'y72': 0}",789144.77,N,"{'T00': 0, 'T01': 0, 'T02': 0, 'T03': 0, 'T04': 1, 'T10': 0, 'T11': 0, 'T12': 1, 'T13': 0, 'T14': 0, 'T20': 1, 'T21': 1, 'T22': 0, 'T23': 1, 'T24': 0, 'T30': 0, 'T31': 0, 'T32': 1, 'T33': 1, 'T34': 0, 'T40': 0, 'T41': 0, 'T42': 1, 'T43': 1, 'T44': 1, 'y00': 0, 'y01': 0, 'y02': 0, 'y10': 0, 'y11': 0, 'y12': 0, 'y20': 0, 'y21': 0, 'y22': 1, 'y30': 0, 'y31': 1, 'y32': 0, 'y40': 0, 'y41': 0, 'y42': 0, 'y50': 0, 'y51': 0, 'y52': 0, 'y60': 1, 'y61': 1, 'y62': 0, 'y70': 1, 'y71': 0, 'y72': 0}",762364.77,N,"{'T00': 0, 'T01': 0, 'T02': 0, 'T03': 0, 'T04': 1, 'T10': 0, 'T11': 1, 'T12': 0, 'T13': 0, 'T14': 0, 'T20': 1, 'T21': 1, 'T22': 0, 'T23': 1, 'T24': 0, 'T30': 0, 'T31': 0, 'T32': 1, 'T33': 1, 'T34': 0, 'T40': 0, 'T41': 0, 'T42': 1, 'T43': 0, 'T44': 1, 'y00': 0, 'y01': 1, 'y02': 0, 'y10': 0, 'y11': 0, 'y12': 0, 'y20': 0, 'y21': 1, 'y22': 0, 'y30': 0, 'y31': 0, 'y32': 0, 'y40': 0, 'y41': 0, 'y42': 0, 'y50': 0, 'y51': 0, 'y52': 0, 'y60': 0, 'y61': 0, 'y62': 0, 'y70': 1, 'y71': 1, 'y72': 0}",362367.97,N,"{'T00': 1, 'T01': 0, 'T02': 0, 'T03': 0, 'T04': 1, 'T10': 1, 'T11': 0, 'T12': 0, 'T13': 0, 'T14': 0, 'T20': 0, 'T21': 0, 'T22': 0, 'T23': 1, 'T24': 0, 'T30': 0, 'T31': 1, 'T32': 1, 'T33': 1, 'T34': 0, 'T40': 0, 'T41': 0, 'T42': 0, 'T43': 0, 'T44': 1, 'y00': 1, 'y01': 0, 'y02': 0, 'y10': 1, 'y11': 0, 'y12': 0, 'y20': 1, 'y21': 0, 'y22': 0, 'y30': 1, 'y31': 0, 'y32': 0, 'y40': 0, 'y41': 0, 'y42': 0, 'y50': 1, 'y51': 0, 'y52': 0, 'y60': 0, 'y61': 0, 'y62': 0, 'y70': 0, 'y71': 1, 'y72': 0}",482026.77,N,"{'T00': 0, 'T01': 0, 'T02': 0, 'T03': 1, 'T04': 1, 'T10': 0, 'T11': 0, 'T12': 0, 'T13': 0, 'T14': 1, 'T20': 0, 'T21': 0, 'T22': 0, 'T23': 1, 'T24': 1, 'T30': 0, 'T31': 0, 'T32': 1, 'T33': 1, 'T34': 0, 'T40': 0, 'T41': 0, 'T42': 0, 'T43': 0, 'T44': 1, 'y00': 1, 'y01': 0, 'y02': 1, 'y10': 1, 'y11': 0, 'y12': 0, 'y20': 1, 'y21': 0, 'y22': 0, 'y30': 1, 'y31': 1, 'y32': 0, 'y40': 0, 'y41': 0, 'y42': 0, 'y50': 0, 'y51': 0, 'y52': 0, 'y60': 1, 'y61': 0, 'y62': 0, 'y70': 0, 'y71': 0, 'y72': 0}",589145.17,N,"{'T00': 1, 'T01': 0, 'T02': 0, 'T03': 0, 'T04': 1, 'T10': 0, 'T11': 0, 'T12': 0, 'T13': 0, 'T14': 0, 'T20': 0, 'T21': 0, 'T22': 0, 'T23': 1, 'T24': 1, 'T30': 0, 'T31': 0, 'T32': 1, 'T33': 1, 'T34': 0, 'T40': 0, 'T41': 1, 'T42': 1, 'T43': 0, 'T44': 1, 'y00': 1, 'y01': 1, 'y02': 0, 'y10': 0, 'y11': 0, 'y12': 0, 'y20': 0, 'y21': 0, 'y22': 0, 'y30': 0, 'y31': 0, 'y32': 0, 'y40': 0, 'y41': 0, 'y42': 0, 'y50': 0, 'y51': 0, 'y52': 0, 'y60': 1, 'y61': 1, 'y62': 0, 'y70': 0, 'y71': 1, 'y72': 0}",562365.17,N,"{'T00': 0, 'T01': 0, 'T02': 1, 'T03': 1, 'T04': 0, 'T10': 0, 'T11': 0, 'T12': 1, 'T13': 0, 'T14': 0, 'T20': 0, 'T21': 0, 'T22': 0, 'T23': 0, 'T24': 1, 'T30': 0, 'T31': 1, 'T32': 1, 'T33': 1, 'T34': 0, 'T40': 0, 'T41': 0, 'T42': 0, 'T43': 1, 'T44': 1, 'y00': 1, 'y01': 0, 'y02': 0, 'y10': 0, 'y11': 0, 'y12': 0, 'y20': 1, 'y21': 1, 'y22': 0, 'y30': 0, 'y31': 0, 'y32': 0, 'y40': 1, 'y41': 0, 'y42': 0, 'y50': 0, 'y51': 1, 'y52': 0, 'y60': 0, 'y61': 0, 'y62': 0, 'y70': 0, 'y71': 1, 'y72': 0}",535585.17,N
37,37,37,37,37,37,37,37,"{'T00': 0, 'T01': 1, 'T02': 0, 'T03': 1, 'T04': 0, 'T10': 0, 'T11': 1, 'T12': 1, 'T13': 0, 'T14': 0, 'T20': 0, 'T21': 0, 'T22': 0, 'T23': 0, 'T24': 1, 'T30': 0, 'T31': 0, 'T32': 0, 'T33': 0, 'T34': 1, 'T40': 0, 'T41': 0, 'T42': 0, 'T43': 1, 'T44': 1, 'y00': 1, 'y01': 0, 'y02': 0, 'y10': 0, 'y11': 1, 'y12': 0, 'y20': 0, 'y21': 0, 'y22': 1, 'y30': 0, 'y31': 0, 'y32': 0, 'y40': 1, 'y41': 0, 'y42': 1, 'y50': 1, 'y51': 1, 'y52': 0, 'y60': 0, 'y61': 1, 'y62': 0, 'y70': 1, 'y71': 0, 'y72': 0}",372149.57,N,"{'T00': 1, 'T01': 0, 'T02': 0, 'T03': 0, 'T04': 1, 'T10': 1, 'T11': 1, 'T12': 0, 'T13': 0, 'T14': 0, 'T20': 0, 'T21': 0, 'T22': 1, 'T23': 0, 'T24': 1, 'T30': 0, 'T31': 1, 'T32': 0, 'T33': 0, 'T34': 1, 'T40': 0, 'T41': 0, 'T42': 0, 'T43': 1, 'T44': 0, 'y00': 1, 'y01': 0, 'y02': 1, 'y10': 1, 'y11': 0, 'y12': 0, 'y20': 1, 'y21': 0, 'y22': 0, 'y30': 0, 'y31': 0, 'y32': 0, 'y40': 1, 'y41': 0, 'y42': 0, 'y50': 0, 'y51': 1, 'y52': 1, 'y60': 0, 'y61': 0, 'y62': 0, 'y70': 0, 'y71': 1, 'y72': 0}",814665.97,N,"{'T00': 1, 'T01': 0, 'T02': 0, 'T03': 1, 'T04': 1, 'T10': 0, 'T11': 1, 'T12': 0, 'T13': 0, 'T14': 0, 'T20': 0, 'T21': 0, 'T22': 1, 'T23': 0, 'T24': 1, 'T30': 1, 'T31': 0, 'T32': 0, 'T33': 0, 'T34': 1, 'T40': 0, 'T41': 1, 'T42': 1, 'T43': 1, 'T44': 0, 'y00': 1, 'y01': 0, 'y02': 1, 'y10': 0, 'y11': 0, 'y12': 1, 'y20': 1, 'y21': 0, 'y22': 1, 'y30': 0, 'y31': 0, 'y32': 0, 'y40': 0, 'y41': 1, 'y42': 0, 'y50': 0, 'y51': 1, 'y52': 0, 'y60': 1, 'y61': 1, 'y62': 0, 'y70': 0, 'y71': 0, 'y72': 0}",813405.97,N,"{'T00': 0, 'T01': 1, 'T02': 0, 'T03': 0, 'T04': 1, 'T10': 1, 'T11': 1, 'T12': 0, 'T13': 0, 'T14': 0, 'T20': 1, 'T21': 0, 'T22': 1, 'T23': 1, 'T24': 0, 'T30': 1, 'T31': 0, 'T32': 0, 'T33': 1, 'T34': 0, 'T40': 0, 'T41': 0, 'T42': 0, 'T43': 0, 'T44': 1, 'y00': 1, 'y01': 0, 'y02': 1, 'y10': 0, 'y11': 1, 'y12': 0, 'y20': 1, 'y21': 0, 'y22': 0, 'y30': 0, 'y31': 0, 'y32': 0, 'y40': 0, 'y41': 1, 'y42': 0, 'y50': 0, 'y51': 1, 'y52': 0, 'y60': 0, 'y61': 1, 'y62': 0, 'y70': 0, 'y71': 0, 'y72': 0}",413408.37,N,"{'T00': 1, 'T01': 1, 'T02': 0, 'T03': 0, 'T04': 1, 'T10': 1, 'T11': 0, 'T12': 0, 'T13': 0, 'T14': 0, 'T20': 0, 'T21': 1, 'T22': 1, 'T23': 0, 'T24': 0, 'T30': 0, 'T31': 0, 'T32': 0, 'T33': 1, 'T34': 0, 'T40': 0, 'T41': 0, 'T42': 0, 'T43': 1, 'T44': 0, 'y00': 0, 'y01': 0, 'y02': 1, 'y10': 0, 'y11': 0, 'y12': 1, 'y20': 1, 'y21': 0, 'y22': 0, 'y30': 0, 'y31': 0, 'y32': 0, 'y40': 1, 'y41': 0, 'y42': 0, 'y50': 0, 'y51': 0, 'y52': 0, 'y60': 0, 'y61': 0, 'y62': 0, 'y70': 1, 'y71': 0, 'y72': 0}",609626.77,N,"{'T00': 1, 'T01': 0, 'T02': 0, 'T03': 0, 'T04': 1, 'T10': 1, 'T11': 0, 'T12': 1, 'T13': 0, 'T14': 0, 'T20': 0, 'T21': 1, 'T22': 1, 'T23': 0, 'T24': 1, 'T30': 0, 'T31': 0, 'T32': 0, 'T33': 1, 'T34': 1, 'T40': 0, 'T41': 0, 'T42': 1, 'T43': 0, 'T44': 1, 'y00': 0, 'y01': 1, 'y02': 1, 'y10': 0, 'y11': 0, 'y12': 0, 'y20': 1, 'y21': 0, 'y22': 0, 'y30': 0, 'y31': 1, 'y32': 0, 'y40': 0, 'y41': 1, 'y42': 0, 'y50': 0, 'y51': 1, 'y52': 1, 'y60': 0, 'y61': 1, 'y62': 0, 'y70': 1, 'y71': 0, 'y72': 1}",614665.97,N,"{'T00': 0, 'T01': 1, 'T02': 0, 'T03': 0, 'T04': 1, 'T10': 0, 'T11': 0, 'T12': 0, 'T13': 1, 'T14': 0, 'T20': 0, 'T21': 1, 'T22': 0, 'T23': 1, 'T24': 0, 'T30': 1, 'T31': 0, 'T32': 1, 'T33': 0, 'T34': 1, 'T40': 0, 'T41': 0, 'T42': 1, 'T43': 0, 'T44': 1, 'y00': 0, 'y01': 0, 'y02': 1, 'y10': 1, 'y11': 0, 'y12': 1, 'y20': 0, 'y21': 0, 'y22': 0, 'y30': 0, 'y31': 1, 'y32': 0, 'y40': 0, 'y41': 0, 'y42': 1, 'y50': 1, 'y51': 0, 'y52': 0, 'y60': 0, 'y61': 1, 'y62': 0, 'y70': 1, 'y71': 1, 'y72': 0}",613405.97,N,"{'T00': 0, 'T01': 0, 'T02': 0, 'T03': 0, 'T04': 1, 'T10': 1, 'T11': 0, 'T12': 1, 'T13': 0, 'T14': 0, 'T20': 0, 'T21': 0, 'T22': 0, 'T23': 1, 'T24': 0, 'T30': 0, 'T31': 1, 'T32': 1, 'T33': 1, 'T34': 0, 'T40': 1, 'T41': 1, 'T42': 0, 'T43': 0, 'T44': 1, 'y00': 0, 'y01': 0, 'y02': 0, 'y10': 1, 'y11': 0, 'y12': 1, 'y20': 0, 'y21': 1, 'y22': 0, 'y30': 1, 'y31': 0, 'y32': 1, 'y40': 0, 'y41': 0, 'y42': 0, 'y50': 0, 'y51': 0, 'y52': 0, 'y60': 1, 'y61': 0, 'y62': 1, 'y70': 1, 'y71': 0, 'y72': 0}",612145.97,N
38,38,38,38,38,38,38,38,"{'T00': 1, 'T01': 0, 'T02': 1, 'T03': 1, 'T04': 0, 'T10': 0, 'T11': 1, 'T12': 0, 'T13': 0, 'T14': 1, 'T20': 1, 'T21': 0, 'T22': 0, 'T23': 1, 'T24': 0, 'T30': 0, 'T31': 0, 'T32': 0, 'T33': 0, 'T34': 1, 'T40': 0, 'T41': 0, 'T42': 1, 'T43': 1, 'T44': 1, 'y00': 1, 'y01': 0, 'y02': 1, 'y03': 0, 'y10': 0, 'y11': 0, 'y12': 0, 'y13': 0, 'y20': 0, 'y21': 0, 'y22': 0, 'y23': 1, 'y30': 1, 'y31': 0, 'y32': 1, 'y33': 0, 'y40': 1, 'y41': 0, 'y42': 0, 'y43': 1, 'y50': 1, 'y51': 0, 'y52': 0, 'y53': 0, 'y60': 0, 'y61': 1, 'y62': 0, 'y63': 0, 'y70': 0, 'y71': 0, 'y72': 1, 'y73': 0}",397467.57,N,"{'T00': 0, 'T01': 0, 'T02': 1, 'T03': 0, 'T04': 0, 'T10': 1, 'T11': 1, 'T12': 0, 'T13': 0, 'T14': 1, 'T20': 0, 'T21': 1, 'T22': 1, 'T23': 1, 'T24': 0, 'T30': 0, 'T31': 1, 'T32': 1, 'T33': 0, 'T34': 1, 'T40': 0, 'T41': 1, 'T42': 1, 'T43': 1, 'T44': 1, 'y00': 0, 'y01': 1, 'y02': 0, 'y03': 0, 'y10': 1, 'y11': 0, 'y12': 0, 'y13': 0, 'y20': 1, 'y21': 1, 'y22': 0, 'y23': 0, 'y30': 0, 'y31': 0, 'y32': 1, 'y33': 1, 'y40': 0, 'y41': 0, 'y42': 1, 'y43': 0, 'y50': 0, 'y51': 0, 'y52': 0, 'y53': 0, 'y60': 1, 'y61': 1, 'y62': 1, 'y63': 1, 'y70': 1, 'y71': 1, 'y72': 1, 'y73': 0}",823104.37,N,"{'T00': 1, 'T01': 1, 'T02': 1, 'T03': 0, 'T04': 0, 'T10': 0, 'T11': 1, 'T12': 0, 'T13': 1, 'T14': 0, 'T20': 1, 'T21': 0, 'T22': 1, 'T23': 1, 'T24': 0, 'T30': 0, 'T31': 1, 'T32': 0, 'T33': 0, 'T34': 1, 'T40': 0, 'T41': 1, 'T42': 1, 'T43': 1, 'T44': 0, 'y00': 0, 'y01': 0, 'y02': 1, 'y03': 0, 'y10': 0, 'y11': 1, 'y12': 0, 'y13': 0, 'y20': 1, 'y21': 1, 'y22': 0, 'y23': 0, 'y30': 0, 'y31': 1, 'y32': 0, 'y33': 1, 'y40': 0, 'y41': 0, 'y42': 1, 'y43': 0, 'y50': 0, 'y51': 0, 'y52': 0, 'y53': 0, 'y60': 0, 'y61': 1, 'y62': 0, 'y63': 1, 'y70': 0, 'y71': 0, 'y72': 0, 'y73': 0}",830284.37,N,"{'T00': 0, 'T01': 0, 'T02': 1, 'T03': 1, 'T04': 0, 'T10': 1, 'T11': 0, 'T12': 0, 'T13': 0, 'T14': 0, 'T20': 0, 'T21': 1, 'T22': 1, 'T23': 1, 'T24': 1, 'T30': 0, 'T31': 0, 'T32': 0, 'T33': 0, 'T34': 1, 'T40': 0, 'T41': 1, 'T42': 0, 'T43': 1, 'T44': 1, 'y00': 0, 'y01': 0, 'y02': 1, 'y03': 1, 'y10': 0, 'y11': 1, 'y12': 0, 'y13': 0, 'y20': 0, 'y21': 1, 'y22': 0, 'y23': 0, 'y30': 0, 'y31': 0, 'y32': 0, 'y33': 0, 'y40': 0, 'y41': 0, 'y42': 0, 'y43': 0, 'y50': 0, 'y51': 1, 'y52': 0, 'y53': 0, 'y60': 0, 'y61': 1, 'y62': 1, 'y63': 1, 'y70': 1, 'y71': 1, 'y72': 1, 'y73': 0}",430287.57,N,"{'T00': 0, 'T01': 0, 'T02': 1, 'T03': 0, 'T04': 1, 'T10': 0, 'T11': 1, 'T12': 1, 'T13': 0, 'T14': 0, 'T20': 0, 'T21': 0, 'T22': 0, 'T23': 0, 'T24': 1, 'T30': 0, 'T31': 0, 'T32': 1, 'T33': 0, 'T34': 1, 'T40': 1, 'T41': 1, 'T42': 0, 'T43': 0, 'T44': 1, 'y00': 0, 'y01': 0, 'y02': 0, 'y03': 1, 'y10': 0, 'y11': 0, 'y12': 0, 'y13': 0, 'y20': 1, 'y21': 0, 'y22': 0, 'y23': 1, 'y30': 0, 'y31': 1, 'y32': 0, 'y33': 1, 'y40': 0, 'y41': 0, 'y42': 0, 'y43': 0, 'y50': 0, 'y51': 1, 'y52': 0, 'y53': 0, 'y60': 0, 'y61': 1, 'y62': 0, 'y63': 0, 'y70': 1, 'y71': 1, 'y72': 0, 'y73': 0}",651827.17,N,"{'T00': 0, 'T01': 0, 'T02': 1, 'T03': 0, 'T04': 0, 'T10': 0, 'T11': 1, 'T12': 0, 'T13': 1, 'T14': 1, 'T20': 1, 'T21': 0, 'T22': 1, 'T23': 0, 'T24': 0, 'T30': 0, 'T31': 1, 'T32': 0, 'T33': 0, 'T34': 1, 'T40': 0, 'T41': 1, 'T42': 0, 'T43': 0, 'T44': 1, 'y00': 1, 'y01': 1, 'y02': 0, 'y03': 0, 'y10': 0, 'y11': 0, 'y12': 0, 'y13': 0, 'y20': 1, 'y21': 0, 'y22': 0, 'y23': 0, 'y30': 1, 'y31': 1, 'y32': 1, 'y33': 1, 'y40': 1, 'y41': 1, 'y42': 0, 'y43': 1, 'y50': 0, 'y51': 0, 'y52': 0, 'y53': 0, 'y60': 1, 'y61': 0, 'y62': 0, 'y63': 0, 'y70': 0, 'y71': 0, 'y72': 0, 'y73': 0}",623106.77,N,"{'T00': 1, 'T01': 0, 'T02': 0, 'T03': 1, 'T04': 0, 'T10': 0, 'T11': 0, 'T12': 1, 'T13': 0, 'T14': 1, 'T20': 1, 'T21': 0, 'T22': 1, 'T23': 0, 'T24': 0, 'T30': 0, 'T31': 1, 'T32': 0, 'T33': 0, 'T34': 1, 'T40': 0, 'T41': 1, 'T42': 0, 'T43': 0, 'T44': 1, 'y00': 1, 'y01': 0, 'y02': 1, 'y03': 0, 'y10': 1, 'y11': 0, 'y12': 0, 'y13': 0, 'y20': 1, 'y21': 1, 'y22': 0, 'y23': 0, 'y30': 1, 'y31': 1, 'y32': 0, 'y33': 1, 'y40': 1, 'y41': 0, 'y42': 0, 'y43': 1, 'y50': 0, 'y51': 0, 'y52': 0, 'y53': 0, 'y60': 1, 'y61': 0, 'y62': 0, 'y63': 0, 'y70': 1, 'y71': 0, 'y72': 0, 'y73': 0}",630286.77,N,"{'T00': 1, 'T01': 0, 'T02': 1, 'T03': 0, 'T04': 0, 'T10': 0, 'T11': 0, 'T12': 0, 'T13': 1, 'T14': 1, 'T20': 1, 'T21': 0, 'T22': 0, 'T23': 1, 'T24': 0, 'T30': 0, 'T31': 1, 'T32': 0, 'T33': 0, 'T34': 1, 'T40': 1, 'T41': 1, 'T42': 0, 'T43': 1, 'T44': 1, 'y00': 0, 'y01': 0, 'y02': 0, 'y03': 0, 'y10': 1, 'y11': 1, 'y12': 0, 'y13': 0, 'y20': 1, 'y21': 0, 'y22': 0, 'y23': 0, 'y30': 0, 'y31': 1, 'y32': 0, 'y33': 1, 'y40': 1, 'y41': 1, 'y42': 0, 'y43': 1, 'y50': 0, 'y51': 0, 'y52': 0, 'y53': 0, 'y60': 1, 'y61': 0, 'y62': 0, 'y63': 1, 'y70': 1, 'y71': 0, 'y72': 0, 'y73': 0}",637466.77,N
39,39,39,39,39,39,39,39,"{'T00': 0, 'T01': 0, 'T02': 1, 'T03': 0, 'T04': 1, 'T10': 0, 'T11': 1, 'T12': 1, 'T13': 0, 'T14': 0, 'T20': 1, 'T21': 0, 'T22': 0, 'T23': 1, 'T24': 0, 'T30': 0, 'T31': 1, 'T32': 0, 'T33': 0, 'T34': 0, 'T40': 0, 'T41': 0, 'T42': 1, 'T43': 0, 'T44': 1, 'y00': 0, 'y01': 1, 'y02': 0, 'y10': 0, 'y11': 0, 'y12': 0, 'y20': 0, 'y21': 0, 'y22': 1, 'y30': 0, 'y31': 0, 'y32': 0, 'y40': 1, 'y41': 0, 'y42': 0, 'y50': 0, 'y51': 0, 'y52': 0, 'y60': 0, 'y61': 0, 'y62': 0}",286348.77,N,"{'T00': 1, 'T01': 0, 'T02': 0, 'T03': 0, 'T04': 1, 'T10': 0, 'T11': 0, 'T12': 1, 'T13': 0, 'T14': 1, 'T20': 0, 'T21': 1, 'T22': 0, 'T23': 0, 'T24': 0, 'T30': 0, 'T31': 0, 'T32': 1, 'T33': 0, 'T34': 0, 'T40': 0, 'T41': 1, 'T42': 1, 'T43': 1, 'T44': 0, 'y00': 0, 'y01': 0, 'y02': 0, 'y10': 0, 'y11': 0, 'y12': 0, 'y20': 0, 'y21': 0, 'y22': 1, 'y30': 1, 'y31': 0, 'y32': 0, 'y40': 0, 'y41': 1, 'y42': 0, 'y50': 1, 'y51': 0, 'y52': 0, 'y60': 0, 'y61': 0, 'y62': 0}",786065.97,N,"{'T00': 0, 'T01': 0, 'T02': 0, 'T03': 0, 'T04': 1, 'T10': 1, 'T11': 0, 'T12': 0, 'T13': 1, 'T14': 0, 'T20': 0, 'T21': 0, 'T22': 1, 'T23': 1, 'T24': 0, 'T30': 0, 'T31': 0, 'T32': 0, 'T33': 1, 'T34': 0, 'T40': 0, 'T41': 0, 'T42': 0, 'T43': 0, 'T44': 1, 'y00': 1, 'y01': 0, 'y02': 0, 'y10': 0, 'y11': 1, 'y12': 0, 'y20': 1, 'y21': 0, 'y22': 0, 'y30': 1, 'y31': 0, 'y32': 0, 'y40': 0, 'y41': 0, 'y42': 0, 'y50': 0, 'y51': 0, 'y52': 0, 'y60': 0, 'y61': 1, 'y62': 0}",756205.97,N,"{'T00': 0, 'T01': 1, 'T02': 0, 'T03': 0, 'T04': 1, 'T10': 1, 'T11': 1, 'T12': 0, 'T13': 1, 'T14': 0, 'T20': 0, 'T21': 0, 'T22': 1, 'T23': 1, 'T24': 0, 'T30': 0, 'T31': 0, 'T32': 1, 'T33': 0, 'T34': 0, 'T40': 0, 'T41': 0, 'T42': 0, 'T43': 0, 'T44': 1, 'y00': 0, 'y01': 0, 'y02': 1, 'y10': 0, 'y11': 0, 'y12': 0, 'y20': 0, 'y21': 0, 'y22': 0, 'y30': 0, 'y31': 0, 'y32': 0, 'y40': 1, 'y41': 0, 'y42': 0, 'y50': 0, 'y51': 1, 'y52': 0, 'y60': 1, 'y61': 0, 'y62': 0}",356209.17,N,"{'T00': 0, 'T01': 0, 'T02': 0, 'T03': 0, 'T04': 1, 'T10': 1, 'T11': 0, 'T12': 0, 'T13': 1, 'T14': 0, 'T20': 0, 'T21': 0, 'T22': 1, 'T23': 0, 'T24': 0, 'T30': 0, 'T31': 0, 'T32': 1, 'T33': 0, 'T34': 0, 'T40': 0, 'T41': 1, 'T42': 0, 'T43': 0, 'T44': 1, 'y00': 1, 'y01': 0, 'y02': 0, 'y10': 0, 'y11': 1, 'y12': 0, 'y20': 0, 'y21': 0, 'y22': 0, 'y30': 0, 'y31': 0, 'y32': 0, 'y40': 0, 'y41': 0, 'y42': 0, 'y50': 1, 'y51': 1, 'y52': 0, 'y60': 1, 'y61': 0, 'y62': 0}",466628.37,N,"{'T00': 0, 'T01': 0, 'T02': 0, 'T03': 0, 'T04': 1, 'T10': 1, 'T11': 0, 'T12': 1, 'T13': 0, 'T14': 0, 'T20': 0, 'T21': 0, 'T22': 1, 'T23': 1, 'T24': 0, 'T30': 0, 'T31': 0, 'T32': 0, 'T33': 0, 'T34': 0, 'T40': 0, 'T41': 0, 'T42': 1, 'T43': 0, 'T44': 1, 'y00': 0, 'y01': 0, 'y02': 0, 'y10': 0, 'y11': 0, 'y12': 0, 'y20': 0, 'y21': 1, 'y22': 0, 'y30': 0, 'y31': 1, 'y32': 0, 'y40': 0, 'y41': 0, 'y42': 0, 'y50': 0, 'y51': 0, 'y52': 0, 'y60': 1, 'y61': 1, 'y62': 0}",586066.37,N,"{'T00': 0, 'T01': 1, 'T02': 0, 'T03': 0, 'T04': 1, 'T10': 0, 'T11': 0, 'T12': 1, 'T13': 0, 'T14': 0, 'T20': 0, 'T21': 0, 'T22': 1, 'T23': 1, 'T24': 0, 'T30': 0, 'T31': 0, 'T32': 1, 'T33': 0, 'T34': 0, 'T40': 0, 'T41': 0, 'T42': 0, 'T43': 1, 'T44': 0, 'y00': 1, 'y01': 1, 'y02': 0, 'y10': 0, 'y11': 0, 'y12': 0, 'y20': 1, 'y21': 0, 'y22': 0, 'y30': 1, 'y31': 0, 'y32': 0, 'y40': 1, 'y41': 0, 'y42': 0, 'y50': 0, 'y51': 0, 'y52': 0, 'y60': 0, 'y61': 0, 'y62': 0}",556206.37,N,"{'T00': 0, 'T01': 0, 'T02': 0, 'T03': 0, 'T04': 0, 'T10': 0, 'T11': 1, 'T12': 1, 'T13': 0, 'T14': 1, 'T20': 0, 'T21': 0, 'T22': 0, 'T23': 1, 'T24': 0, 'T30': 0, 'T31': 0, 'T32': 1, 'T33': 0, 'T34': 0, 'T40': 0, 'T41': 0, 'T42': 1, 'T43': 0, 'T44': 0, 'y00': 0, 'y01': 0, 'y02': 0, 'y10': 0, 'y11': 0, 'y12': 0, 'y20': 0, 'y21': 0, 'y22': 0, 'y30': 0, 'y31': 1, 'y32': 0, 'y40': 1, 'y41': 1, 'y42': 0, 'y50': 1, 'y51': 0, 'y52': 0, 'y60': 1, 'y61': 0, 'y62': 0}",526346.37,N
40,40,40,40,40,40,40,40,"{'T00': 1, 'T01': 0, 'T02': 1, 'T03': 0, 'T04': 0, 'T10': 0, 'T11': 1, 'T12': 0, 'T13': 0, 'T14': 0, 'T20': 0, 'T21': 1, 'T22': 0, 'T23': 0, 'T24': 1, 'T30': 1, 'T31': 0, 'T32': 0, 'T33': 0, 'T34': 0, 'T40': 0, 'T41': 0, 'T42': 1, 'T43': 1, 'T44': 0, 'y00': 0, 'y01': 1, 'y02': 0, 'y10': 0, 'y11': 0, 'y12': 0, 'y20': 0, 'y21': 0, 'y22': 0, 'y30': 0, 'y31': 0, 'y32': 0, 'y40': 0, 'y41': 0, 'y42': 0, 'y50': 0, 'y51': 1, 'y52': 0, 'y60': 1, 'y61': 1, 'y62': 1}",356008.77,N,"{'T00': 1, 'T01': 0, 'T02': 0, 'T03': 0, 'T04': 1, 'T10': 0, 'T11': 0, 'T12': 1, 'T13': 1, 'T14': 0, 'T20': 0, 'T21': 1, 'T22': 0, 'T23': 1, 'T24': 0, 'T30': 0, 'T31': 1, 'T32': 0, 'T33': 1, 'T34': 0, 'T40': 1, 'T41': 1, 'T42': 0, 'T43': 0, 'T44': 1, 'y00': 1, 'y01': 1, 'y02': 0, 'y10': 1, 'y11': 0, 'y12': 0, 'y20': 0, 'y21': 0, 'y22': 1, 'y30': 0, 'y31': 0, 'y32': 0, 'y40': 1, 'y41': 1, 'y42': 1, 'y50': 1, 'y51': 0, 'y52': 0, 'y60': 0, 'y61': 0, 'y62': 1}",809287.57,N,"{'T00': 1, 'T01': 0, 'T02': 0, 'T03': 1, 'T04': 0, 'T10': 1, 'T11': 0, 'T12': 0, 'T13': 1, 'T14': 1, 'T20': 0, 'T21': 0, 'T22': 1, 'T23': 0, 'T24': 1, 'T30': 0, 'T31': 1, 'T32': 0, 'T33': 0, 'T34': 0, 'T40': 1, 'T41': 0, 'T42': 0, 'T43': 1, 'T44': 0, 'y00': 1, 'y01': 0, 'y02': 1, 'y10': 0, 'y11': 0, 'y12': 0, 'y20': 0, 'y21': 0, 'y22': 0, 'y30': 0, 'y31': 1, 'y32': 1, 'y40': 0, 'y41': 1, 'y42': 0, 'y50': 1, 'y51': 0, 'y52': 1, 'y60': 0, 'y61': 0, 'y62': 0}",802647.57,N,"{'T00': 0, 'T01': 1, 'T02': 0, 'T03': 1, 'T04': 0, 'T10': 0, 'T11': 0, 'T12': 1, 'T13': 0, 'T14': 0, 'T20': 0, 'T21': 0, 'T22': 0, 'T23': 0, 'T24': 1, 'T30': 1, 'T31': 1, 'T32': 0, 'T33': 0, 'T34': 0, 'T40': 1, 'T41': 0, 'T42': 1, 'T43': 0, 'T44': 0, 'y00': 1, 'y01': 0, 'y02': 1, 'y10': 0, 'y11': 0, 'y12': 0, 'y20': 0, 'y21': 1, 'y22': 0, 'y30': 1, 'y31': 0, 'y32': 0, 'y40': 0, 'y41': 1, 'y42': 0, 'y50': 0, 'y51': 0, 'y52': 0, 'y60': 1, 'y61': 0, 'y62': 0}",402649.17,N,"{'T00': 0, 'T01': 1, 'T02': 0, 'T03': 1, 'T04': 0, 'T10': 0, 'T11': 0, 'T12': 0, 'T13': 0, 'T14': 1, 'T20': 0, 'T21': 0, 'T22': 0, 'T23': 0, 'T24': 1, 'T30': 1, 'T31': 0, 'T32': 0, 'T33': 0, 'T34': 0, 'T40': 0, 'T41': 1, 'T42': 1, 'T43': 1, 'T44': 0, 'y00': 0, 'y01': 1, 'y02': 0, 'y10': 0, 'y11': 0, 'y12': 0, 'y20': 0, 'y21': 0, 'y22': 1, 'y30': 1, 'y31': 1, 'y32': 0, 'y40': 0, 'y41': 0, 'y42': 0, 'y50': 0, 'y51': 0, 'y52': 1, 'y60': 1, 'y61': 1, 'y62': 0}",582728.37,N,"{'T00': 0, 'T01': 0, 'T02': 0, 'T03': 1, 'T04': 1, 'T10': 0, 'T11': 0, 'T12': 1, 'T13': 1, 'T14': 0, 'T20': 0, 'T21': 1, 'T22': 0, 'T23': 0, 'T24': 1, 'T30': 0, 'T31': 1, 'T32': 0, 'T33': 0, 'T34': 0, 'T40': 0, 'T41': 0, 'T42': 1, 'T43': 1, 'T44': 0, 'y00': 1, 'y01': 1, 'y02': 1, 'y10': 0, 'y11': 0, 'y12': 0, 'y20': 1, 'y21': 0, 'y22': 1, 'y30': 1, 'y31': 0, 'y32': 0, 'y40': 1, 'y41': 1, 'y42': 0, 'y50': 1, 'y51': 0, 'y52': 1, 'y60': 0, 'y61': 0, 'y62': 0}",609288.37,N,"{'T00': 1, 'T01': 0, 'T02': 0, 'T03': 0, 'T04': 1, 'T10': 0, 'T11': 1, 'T12': 0, 'T13': 0, 'T14': 1, 'T20': 0, 'T21': 0, 'T22': 0, 'T23': 0, 'T24': 1, 'T30': 0, 'T31': 1, 'T32': 1, 'T33': 0, 'T34': 0, 'T40': 0, 'T41': 0, 'T42': 1, 'T43': 1, 'T44': 0, 'y00': 1, 'y01': 0, 'y02': 0, 'y10': 1, 'y11': 0, 'y12': 1, 'y20': 0, 'y21': 1, 'y22': 0, 'y30': 1, 'y31': 0, 'y32': 1, 'y40': 0, 'y41': 0, 'y42': 0, 'y50': 1, 'y51': 0, 'y52': 1, 'y60': 1, 'y61': 0, 'y62': 0}",602648.37,N,"{'T00': 0, 'T01': 0, 'T02': 0, 'T03': 1, 'T04': 0, 'T10': 0, 'T11': 1, 'T12': 1, 'T13': 0, 'T14': 0, 'T20': 1, 'T21': 0, 'T22': 0, 'T23': 0, 'T24': 1, 'T30': 1, 'T31': 0, 'T32': 1, 'T33': 0, 'T34': 0, 'T40': 0, 'T41': 1, 'T42': 0, 'T43': 0, 'T44': 1, 'y00': 0, 'y01': 0, 'y02': 0, 'y10': 1, 'y11': 0, 'y12': 0, 'y20': 1, 'y21': 1, 'y22': 0, 'y30': 1, 'y31': 0, 'y32': 0, 'y40': 0, 'y41': 1, 'y42': 0, 'y50': 1, 'y51': 0, 'y52': 0, 'y60': 0, 'y61': 1, 'y62': 1}",596008.37,N
41,41,41,41,41,41,41,41,"{'T00': 0, 'T01': 0, 'T02': 0, 'T03': 1, 'T04': 1, 'T10': 1, 'T11': 0, 'T12': 1, 'T13': 1, 'T14': 0, 'T20': 0, 'T21': 1, 'T22': 1, 'T23': 0, 'T24': 0, 'T30': 0, 'T31': 1, 'T32': 0, 'T33': 0, 'T34': 1, 'T40': 0, 'T41': 0, 'T42': 1, 'T43': 0, 'T44': 1, 'y00': 1, 'y01': 1, 'y02': 0, 'y03': 0, 'y10': 1, 'y11': 1, 'y12': 1, 'y13': 1, 'y20': 1, 'y21': 0, 'y22': 0, 'y23': 0, 'y30': 1, 'y31': 0, 'y32': 0, 'y33': 0, 'y40': 1, 'y41': 0, 'y42': 0, 'y43': 0, 'y50': 1, 'y51': 0, 'y52': 1, 'y53': 1, 'y60': 1, 'y61': 1, 'y62': 0, 'y63': 0}",374548.37,N,"{'T00': 0, 'T01': 1, 'T02': 0, 'T03': 0, 'T04': 1, 'T10': 0, 'T11': 1, 'T12': 0, 'T13': 1, 'T14': 0, 'T20': 0, 'T21': 1, 'T22': 0, 'T23': 0, 'T24': 1, 'T30': 1, 'T31': 0, 'T32': 0, 'T33': 1, 'T34': 0, 'T40': 0, 'T41': 1, 'T42': 1, 'T43': 1, 'T44': 1, 'y00': 0, 'y01': 0, 'y02': 0, 'y03': 0, 'y10': 0, 'y11': 0, 'y12': 0, 'y13': 0, 'y20': 0, 'y21': 1, 'y22': 1, 'y23': 1, 'y30': 1, 'y31': 0, 'y32': 0, 'y33': 0, 'y40': 1, 'y41': 0, 'y42': 0, 'y43': 1, 'y50': 0, 'y51': 1, 'y52': 0, 'y53': 0, 'y60': 0, 'y61': 0, 'y62': 1, 'y63': 1}",815466.77,N,"{'T00': 1, 'T01': 0, 'T02': 0, 'T03': 0, 'T04': 1, 'T10': 0, 'T11': 0, 'T12': 1, 'T13': 1, 'T14': 0, 'T20': 0, 'T21': 1, 'T22': 0, 'T23': 0, 'T24': 1, 'T30': 1, 'T31': 0, 'T32': 0, 'T33': 0, 'T34': 1, 'T40': 1, 'T41': 0, 'T42': 1, 'T43': 0, 'T44': 1, 'y00': 0, 'y01': 1, 'y02': 0, 'y03': 0, 'y10': 1, 'y11': 1, 'y12': 0, 'y13': 0, 'y20': 0, 'y21': 1, 'y22': 1, 'y23': 0, 'y30': 0, 'y31': 0, 'y32': 0, 'y33': 0, 'y40': 1, 'y41': 1, 'y42': 0, 'y43': 1, 'y50': 0, 'y51': 1, 'y52': 0, 'y53': 0, 'y60': 0, 'y61': 0, 'y62': 1, 'y63': 1}",815006.77,N,"{'T00': 0, 'T01': 1, 'T02': 1, 'T03': 0, 'T04': 0, 'T10': 0, 'T11': 0, 'T12': 1, 'T13': 0, 'T14': 1, 'T20': 1, 'T21': 1, 'T22': 0, 'T23': 1, 'T24': 0, 'T30': 0, 'T31': 1, 'T32': 1, 'T33': 0, 'T34': 0, 'T40': 0, 'T41': 0, 'T42': 0, 'T43': 0, 'T44': 1, 'y00': 0, 'y01': 1, 'y02': 1, 'y03': 0, 'y10': 0, 'y11': 0, 'y12': 0, 'y13': 0, 'y20': 0, 'y21': 0, 'y22': 0, 'y23': 0, 'y30': 0, 'y31': 0, 'y32': 0, 'y33': 0, 'y40': 0, 'y41': 1, 'y42': 0, 'y43': 1, 'y50': 0, 'y51': 1, 'y52': 1, 'y53': 0, 'y60': 1, 'y61': 0, 'y62': 1, 'y63': 0}",415007.57,N,"{'T00': 0, 'T01': 1, 'T02': 0, 'T03': 0, 'T04': 1, 'T10': 0, 'T11': 0, 'T12': 1, 'T13': 0, 'T14': 1, 'T20': 0, 'T21': 1, 'T22': 1, 'T23': 0, 'T24': 0, 'T30': 0, 'T31': 0, 'T32': 0, 'T33': 1, 'T34': 1, 'T40': 0, 'T41': 0, 'T42': 0, 'T43': 0, 'T44': 1, 'y00': 1, 'y01': 1, 'y02': 0, 'y03': 0, 'y10': 0, 'y11': 1, 'y12': 0, 'y13': 1, 'y20': 0, 'y21': 0, 'y22': 0, 'y23': 0, 'y30': 0, 'y31': 0, 'y32': 0, 'y33': 0, 'y40': 0, 'y41': 1, 'y42': 0, 'y43': 1, 'y50': 0, 'y51': 1, 'y52': 1, 'y53': 0, 'y60': 0, 'y61': 0, 'y62': 1, 'y63': 0}",613627.57,N,"{'T00': 0, 'T01': 1, 'T02': 0, 'T03': 1, 'T04': 1, 'T10': 0, 'T11': 0, 'T12': 1, 'T13': 1, 'T14': 0, 'T20': 0, 'T21': 0, 'T22': 0, 'T23': 1, 'T24': 1, 'T30': 0, 'T31': 0, 'T32': 1, 'T33': 0, 'T34': 1, 'T40': 0, 'T41': 0, 'T42': 1, 'T43': 1, 'T44': 1, 'y00': 1, 'y01': 1, 'y02': 1, 'y03': 0, 'y10': 0, 'y11': 1, 'y12': 0, 'y13': 0, 'y20': 0, 'y21': 1, 'y22': 1, 'y23': 1, 'y30': 1, 'y31': 0, 'y32': 0, 'y33': 0, 'y40': 0, 'y41': 1, 'y42': 1, 'y43': 1, 'y50': 0, 'y51': 0, 'y52': 0, 'y53': 0, 'y60': 0, 'y61': 0, 'y62': 1, 'y63': 1}",615467.97,N,"{'T00': 0, 'T01': 0, 'T02': 0, 'T03': 1, 'T04': 1, 'T10': 0, 'T11': 1, 'T12': 0, 'T13': 1, 'T14': 0, 'T20': 0, 'T21': 0, 'T22': 0, 'T23': 1, 'T24': 1, 'T30': 0, 'T31': 0, 'T32': 0, 'T33': 1, 'T34': 0, 'T40': 0, 'T41': 1, 'T42': 1, 'T43': 1, 'T44': 1, 'y00': 0, 'y01': 1, 'y02': 1, 'y03': 0, 'y10': 0, 'y11': 0, 'y12': 0, 'y13': 0, 'y20': 0, 'y21': 1, 'y22': 1, 'y23': 1, 'y30': 0, 'y31': 0, 'y32': 0, 'y33': 0, 'y40': 1, 'y41': 0, 'y42': 0, 'y43': 1, 'y50': 0, 'y51': 1, 'y52': 0, 'y53': 0, 'y60': 0, 'y61': 1, 'y62': 1, 'y63': 1}",615007.97,N,"{'T00': 0, 'T01': 0, 'T02': 1, 'T03': 1, 'T04': 0, 'T10': 0, 'T11': 0, 'T12': 1, 'T13': 1, 'T14': 0, 'T20': 0, 'T21': 0, 'T22': 1, 'T23': 0, 'T24': 1, 'T30': 0, 'T31': 1, 'T32': 0, 'T33': 1, 'T34': 0, 'T40': 0, 'T41': 0, 'T42': 0, 'T43': 1, 'T44': 0, 'y00': 0, 'y01': 1, 'y02': 0, 'y03': 1, 'y10': 1, 'y11': 0, 'y12': 0, 'y13': 0, 'y20': 1, 'y21': 1, 'y22': 0, 'y23': 0, 'y30': 0, 'y31': 0, 'y32': 0, 'y33': 0, 'y40': 1, 'y41': 1, 'y42': 0, 'y43': 1, 'y50': 1, 'y51': 0, 'y52': 0, 'y53': 0, 'y60': 0, 'y61': 1, 'y62': 1, 'y63': 0}",614547.97,N
