graph_index,Graph,Adjacency_list,a,d,APG_label_availability,Vertex_labels,Edge_labels,Gurobi_runtime/microseconds,Gurobi_num_vars,Gurobi_num_constrs,Gurobi_nonzero_coefs
0.0,Graph with 15 nodes and 51 edges,"[[0, 0, 1, 1, 1, 0, 1, 1, 0, 1, 1, 0, 1, 1, 1], [0, 0, 0, 0, 0, 0, 1, 0, 1, 1, 1, 0, 1, 1, 1], [1, 0, 0, 0, 0, 1, 1, 0, 0, 0, 1, 0, 1, 1, 0], [1, 0, 0, 0, 0, 1, 1, 0, 1, 0, 1, 1, 1, 0, 0], [1, 0, 0, 0, 0, 0, 1, 0, 1, 0, 0, 0, 1, 1, 0], [0, 0, 1, 1, 0, 0, 1, 0, 1, 0, 0, 0, 1, 1, 0], [1, 1, 1, 1, 1, 1, 0, 0, 0, 0, 0, 0, 1, 0, 1], [1, 0, 0, 0, 0, 0, 0, 0, 0, 1, 1, 0, 1, 1, 0], [0, 1, 0, 1, 1, 1, 0, 0, 0, 0, 1, 0, 0, 0, 1], [1, 1, 0, 0, 0, 0, 0, 1, 0, 0, 1, 0, 1, 0, 0], [1, 1, 1, 1, 0, 0, 0, 1, 1, 1, 0, 1, 1, 0, 0], [0, 0, 0, 1, 0, 0, 0, 0, 0, 0, 1, 0, 1, 0, 0], [1, 1, 1, 1, 1, 1, 1, 1, 0, 1, 1, 1, 0, 0, 1], [1, 1, 1, 0, 1, 1, 0, 1, 0, 0, 0, 0, 0, 0, 1], [1, 1, 0, 0, 0, 0, 1, 0, 1, 0, 0, 0, 1, 1, 0]]",7.0,7.0,Y,"{0: 105, 1: 21, 2: 98, 3: 14, 4: 70, 5: 35, 6: 42, 7: 56, 8: 84, 9: 91, 10: 49, 11: 7, 12: 63, 13: 77, 14: 28}","{(0, 2): 30, (0, 3): 4, (0, 4): 1, (0, 6): 1, (0, 7): 1, (0, 9): 1, (0, 10): 1, (0, 12): 1, (0, 13): 58, (0, 14): 7, (1, 6): 1, (1, 8): 1, (1, 9): 1, (1, 10): 1, (1, 12): 1, (1, 13): 1, (1, 14): 15, (2, 5): 30, (2, 6): 35, (2, 10): 1, (2, 12): 1, (2, 13): 1, (3, 5): 1, (3, 6): 1, (3, 8): 1, (3, 10): 1, (3, 11): 5, (3, 12): 1, (4, 6): 1, (4, 8): 37, (4, 12): 17, (4, 13): 14, (5, 6): 1, (5, 8): 1, (5, 12): 1, (5, 13): 1, (6, 12): 1, (6, 14): 1, (7, 9): 52, (7, 10): 1, (7, 12): 1, (7, 13): 1, (8, 10): 41, (8, 14): 3, (9, 10): 1, (9, 12): 36, (10, 11): 1, (10, 12): 1, (11, 12): 1, (12, 14): 1, (13, 14): 1}",2538.919448852539,276.0,45.0,777.0
2.0,Graph with 15 nodes and 59 edges,"[[0, 1, 1, 0, 1, 1, 0, 1, 0, 0, 1, 0, 1, 0, 1], [1, 0, 0, 1, 1, 1, 0, 1, 1, 1, 0, 0, 1, 0, 1], [1, 0, 0, 0, 0, 1, 1, 1, 0, 0, 0, 0, 0, 0, 1], [0, 1, 0, 0, 1, 1, 1, 0, 0, 1, 0, 1, 1, 1, 1], [1, 1, 0, 1, 0, 1, 1, 1, 1, 0, 1, 0, 1, 0, 1], [1, 1, 1, 1, 1, 0, 0, 0, 0, 0, 0, 1, 0, 1, 0], [0, 0, 1, 1, 1, 0, 0, 1, 1, 1, 1, 0, 1, 0, 0], [1, 1, 1, 0, 1, 0, 1, 0, 0, 1, 1, 1, 0, 1, 0], [0, 1, 0, 0, 1, 0, 1, 0, 0, 1, 0, 1, 1, 1, 0], [0, 1, 0, 1, 0, 0, 1, 1, 1, 0, 0, 0, 0, 0, 1], [1, 0, 0, 0, 1, 0, 1, 1, 0, 0, 0, 0, 1, 1, 0], [0, 0, 0, 1, 0, 1, 0, 1, 1, 0, 0, 0, 1, 1, 1], [1, 1, 0, 1, 1, 0, 1, 0, 1, 0, 1, 1, 0, 1, 1], [0, 0, 0, 1, 0, 1, 0, 1, 1, 0, 1, 1, 1, 0, 1], [1, 1, 1, 1, 1, 0, 0, 0, 0, 1, 0, 1, 1, 1, 0]]",16.0,4.0,Y,"{0: 20, 1: 24, 2: 28, 3: 32, 4: 36, 5: 40, 6: 44, 7: 48, 8: 52, 9: 56, 10: 60, 11: 64, 12: 68, 13: 72, 14: 16}","{(0, 1): 13, (0, 2): 1, (0, 4): 1, (0, 5): 1, (0, 7): 1, (0, 10): 1, (0, 12): 1, (0, 14): 1, (1, 3): 4, (1, 4): 1, (1, 5): 1, (1, 7): 1, (1, 8): 1, (1, 9): 1, (1, 12): 1, (1, 14): 1, (2, 5): 24, (2, 6): 1, (2, 7): 1, (2, 14): 1, (3, 4): 21, (3, 5): 1, (3, 6): 1, (3, 9): 1, (3, 11): 1, (3, 12): 1, (3, 13): 1, (3, 14): 1, (4, 5): 7, (4, 6): 1, (4, 7): 1, (4, 8): 1, (4, 10): 1, (4, 12): 1, (4, 14): 1, (5, 11): 5, (5, 13): 1, (6, 7): 37, (6, 8): 1, (6, 9): 1, (6, 10): 1, (6, 12): 1, (7, 9): 4, (7, 10): 1, (7, 11): 1, (7, 13): 1, (8, 9): 46, (8, 11): 1, (8, 12): 1, (8, 13): 1, (9, 14): 3, (10, 12): 54, (10, 13): 2, (11, 12): 1, (11, 13): 54, (11, 14): 1, (12, 13): 6, (12, 14): 1, (13, 14): 6}",1935.0051879882812,284.0,45.0,793.0
3.0,Graph with 15 nodes and 45 edges,"[[0, 0, 0, 0, 1, 0, 0, 0, 1, 0, 0, 1, 1, 0, 1], [0, 0, 0, 0, 1, 1, 1, 1, 0, 1, 1, 0, 0, 0, 1], [0, 0, 0, 0, 0, 0, 0, 1, 0, 1, 1, 1, 0, 1, 1], [0, 0, 0, 0, 0, 1, 0, 1, 0, 0, 0, 0, 1, 1, 1], [1, 1, 0, 0, 0, 0, 0, 0, 0, 0, 0, 1, 0, 1, 1], [0, 1, 0, 1, 0, 0, 1, 0, 0, 1, 1, 1, 0, 0, 0], [0, 1, 0, 0, 0, 1, 0, 1, 0, 0, 0, 1, 1, 0, 1], [0, 1, 1, 1, 0, 0, 1, 0, 1, 1, 0, 0, 1, 0, 0], [1, 0, 0, 0, 0, 0, 0, 1, 0, 0, 1, 1, 0, 0, 0], [0, 1, 1, 0, 0, 1, 0, 1, 0, 0, 1, 0, 0, 1, 0], [0, 1, 1, 0, 0, 1, 0, 0, 1, 1, 0, 0, 0, 0, 1], [1, 0, 1, 0, 1, 1, 1, 0, 1, 0, 0, 0, 1, 0, 1], [1, 0, 0, 1, 0, 0, 1, 1, 0, 0, 0, 1, 0, 0, 1], [0, 0, 1, 1, 1, 0, 0, 0, 0, 1, 0, 0, 0, 0, 0], [1, 1, 1, 1, 1, 0, 1, 0, 0, 0, 1, 1, 1, 0, 0]]",12.0,2.0,Y,"{0: 14, 1: 16, 2: 18, 3: 20, 4: 22, 5: 24, 6: 26, 7: 28, 8: 30, 9: 32, 10: 34, 11: 36, 12: 38, 13: 40, 14: 12}","{(0, 4): 10, (0, 8): 1, (0, 11): 1, (0, 12): 1, (0, 14): 1, (1, 4): 9, (1, 5): 2, (1, 6): 1, (1, 7): 1, (1, 9): 1, (1, 10): 1, (1, 14): 1, (2, 7): 13, (2, 9): 1, (2, 10): 1, (2, 11): 1, (2, 13): 1, (2, 14): 1, (3, 5): 6, (3, 7): 1, (3, 12): 1, (3, 13): 11, (3, 14): 1, (4, 11): 1, (4, 13): 1, (4, 14): 1, (5, 6): 13, (5, 9): 1, (5, 10): 1, (5, 11): 1, (6, 7): 8, (6, 11): 1, (6, 12): 2, (6, 14): 1, (7, 8): 1, (7, 9): 1, (7, 12): 3, (8, 10): 27, (8, 11): 1, (9, 10): 1, (9, 13): 27, (10, 14): 3, (11, 12): 29, (11, 14): 1, (12, 14): 2}",1971.9600677490234,270.0,45.0,765.0
5.0,Graph with 15 nodes and 53 edges,"[[0, 0, 1, 1, 1, 0, 1, 1, 1, 1, 0, 0, 0, 1, 1], [0, 0, 0, 1, 0, 1, 0, 1, 1, 1, 1, 0, 0, 0, 0], [1, 0, 0, 0, 1, 0, 1, 0, 1, 0, 1, 0, 1, 1, 1], [1, 1, 0, 0, 0, 1, 1, 0, 0, 0, 1, 1, 0, 1, 0], [1, 0, 1, 0, 0, 1, 1, 0, 1, 1, 0, 1, 0, 0, 1], [0, 1, 0, 1, 1, 0, 0, 1, 1, 0, 1, 0, 1, 0, 0], [1, 0, 1, 1, 1, 0, 0, 1, 1, 1, 0, 0, 1, 1, 0], [1, 1, 0, 0, 0, 1, 1, 0, 0, 0, 0, 0, 0, 1, 0], [1, 1, 1, 0, 1, 1, 1, 0, 0, 0, 0, 1, 0, 1, 1], [1, 1, 0, 0, 1, 0, 1, 0, 0, 0, 0, 1, 1, 1, 0], [0, 1, 1, 1, 0, 1, 0, 0, 0, 0, 0, 1, 0, 0, 0], [0, 0, 0, 1, 1, 0, 0, 0, 1, 1, 1, 0, 1, 0, 0], [0, 0, 1, 0, 0, 1, 1, 0, 0, 1, 0, 1, 0, 1, 0], [1, 0, 1, 1, 0, 0, 1, 1, 1, 1, 0, 0, 1, 0, 1], [1, 0, 1, 0, 1, 0, 0, 0, 1, 0, 0, 0, 0, 1, 0]]",26.0,4.0,Y,"{0: 78, 1: 42, 2: 74, 3: 46, 4: 30, 5: 62, 6: 54, 7: 58, 8: 82, 9: 38, 10: 66, 11: 34, 12: 26, 13: 70, 14: 50}","{(0, 2): 1, (0, 3): 40, (0, 4): 1, (0, 6): 1, (0, 7): 14, (0, 8): 1, (0, 9): 18, (0, 13): 1, (0, 14): 1, (1, 3): 1, (1, 5): 4, (1, 7): 34, (1, 8): 1, (1, 9): 1, (1, 10): 1, (2, 4): 1, (2, 6): 6, (2, 8): 1, (2, 10): 62, (2, 12): 1, (2, 13): 1, (2, 14): 1, (3, 5): 1, (3, 6): 1, (3, 10): 1, (3, 11): 1, (3, 13): 1, (4, 5): 1, (4, 6): 23, (4, 8): 1, (4, 9): 1, (4, 11): 1, (4, 14): 1, (5, 7): 8, (5, 8): 46, (5, 10): 1, (5, 12): 1, (6, 7): 1, (6, 8): 1, (6, 9): 1, (6, 12): 19, (6, 13): 1, (7, 13): 1, (8, 11): 29, (8, 13): 1, (8, 14): 1, (9, 11): 1, (9, 12): 1, (9, 13): 15, (10, 11): 1, (11, 12): 1, (12, 13): 3, (13, 14): 46}",2183.9141845703125,278.0,45.0,781.0
6.0,Graph with 15 nodes and 55 edges,"[[0, 1, 1, 1, 0, 1, 0, 1, 0, 1, 1, 1, 1, 0, 1], [1, 0, 0, 1, 1, 1, 1, 0, 1, 1, 1, 0, 1, 0, 1], [1, 0, 0, 0, 1, 0, 0, 0, 1, 0, 0, 1, 1, 1, 0], [1, 1, 0, 0, 0, 1, 1, 1, 0, 1, 1, 1, 1, 1, 0], [0, 1, 1, 0, 0, 0, 0, 0, 1, 0, 0, 0, 0, 0, 1], [1, 1, 0, 1, 0, 0, 1, 0, 1, 0, 0, 1, 1, 0, 1], [0, 1, 0, 1, 0, 1, 0, 1, 0, 0, 1, 0, 0, 1, 0], [1, 0, 0, 1, 0, 0, 1, 0, 0, 1, 1, 0, 0, 0, 1], [0, 1, 1, 0, 1, 1, 0, 0, 0, 1, 1, 0, 1, 1, 0], [1, 1, 0, 1, 0, 0, 0, 1, 1, 0, 0, 0, 1, 1, 0], [1, 1, 0, 1, 0, 0, 1, 1, 1, 0, 0, 0, 1, 0, 0], [1, 0, 1, 1, 0, 1, 0, 0, 0, 0, 0, 0, 1, 1, 0], [1, 1, 1, 1, 0, 1, 0, 0, 1, 1, 1, 1, 0, 0, 1], [0, 0, 1, 1, 0, 0, 1, 0, 1, 1, 0, 1, 0, 0, 0], [1, 1, 0, 0, 1, 1, 0, 1, 0, 0, 0, 0, 1, 0, 0]]",24.0,2.0,Y,"{0: 26, 1: 28, 2: 30, 3: 32, 4: 34, 5: 36, 6: 38, 7: 40, 8: 42, 9: 44, 10: 46, 11: 48, 12: 50, 13: 52, 14: 24}","{(0, 1): 17, (0, 2): 1, (0, 3): 1, (0, 5): 1, (0, 7): 1, (0, 9): 1, (0, 10): 1, (0, 11): 1, (0, 12): 1, (0, 14): 1, (1, 3): 3, (1, 4): 1, (1, 5): 1, (1, 6): 1, (1, 8): 1, (1, 9): 1, (1, 10): 1, (1, 12): 1, (1, 14): 1, (2, 4): 25, (2, 8): 1, (2, 11): 1, (2, 12): 1, (2, 13): 1, (3, 5): 21, (3, 6): 1, (3, 7): 1, (3, 9): 1, (3, 10): 1, (3, 11): 1, (3, 12): 1, (3, 13): 1, (4, 8): 1, (4, 14): 7, (5, 6): 1, (5, 8): 1, (5, 11): 6, (5, 12): 4, (5, 14): 1, (6, 7): 1, (6, 10): 18, (6, 13): 16, (7, 9): 1, (7, 10): 23, (7, 14): 13, (8, 9): 21, (8, 10): 1, (8, 12): 1, (8, 13): 15, (9, 12): 1, (9, 13): 18, (10, 12): 1, (11, 12): 38, (11, 13): 1, (12, 14): 1}",2264.9765014648438,280.0,45.0,785.0
7.0,Graph with 15 nodes and 58 edges,"[[0, 1, 1, 1, 0, 1, 0, 0, 1, 1, 1, 1, 1, 0, 1], [1, 0, 1, 1, 1, 1, 1, 1, 1, 1, 0, 1, 0, 1, 0], [1, 1, 0, 1, 0, 1, 1, 0, 1, 0, 1, 0, 1, 0, 1], [1, 1, 1, 0, 1, 1, 1, 1, 0, 0, 0, 0, 1, 0, 0], [0, 1, 0, 1, 0, 1, 0, 1, 0, 1, 1, 1, 1, 1, 0], [1, 1, 1, 1, 1, 0, 1, 0, 0, 0, 0, 0, 1, 0, 0], [0, 1, 1, 1, 0, 1, 0, 0, 0, 0, 0, 1, 0, 0, 1], [0, 1, 0, 1, 1, 0, 0, 0, 1, 0, 0, 1, 0, 1, 1], [1, 1, 1, 0, 0, 0, 0, 1, 0, 1, 0, 1, 0, 1, 0], [1, 1, 0, 0, 1, 0, 0, 0, 1, 0, 1, 0, 1, 0, 0], [1, 0, 1, 0, 1, 0, 0, 0, 0, 1, 0, 1, 1, 1, 1], [1, 1, 0, 0, 1, 0, 1, 1, 1, 0, 1, 0, 0, 0, 1], [1, 0, 1, 1, 1, 1, 0, 0, 0, 1, 1, 0, 0, 1, 0], [0, 1, 0, 0, 1, 0, 0, 1, 1, 0, 1, 0, 1, 0, 0], [1, 0, 1, 0, 0, 0, 1, 1, 0, 0, 1, 1, 0, 0, 0]]",7.0,7.0,Y,"{0: 14, 1: 105, 2: 98, 3: 91, 4: 84, 5: 7, 6: 77, 7: 70, 8: 63, 9: 56, 10: 49, 11: 42, 12: 35, 13: 28, 14: 21}","{(0, 1): 1, (0, 2): 1, (0, 3): 1, (0, 5): 1, (0, 8): 1, (0, 9): 1, (0, 10): 5, (0, 11): 1, (0, 12): 1, (0, 14): 1, (1, 2): 90, (1, 3): 1, (1, 4): 1, (1, 5): 1, (1, 6): 6, (1, 7): 1, (1, 8): 1, (1, 9): 1, (1, 11): 1, (1, 13): 1, (2, 3): 1, (2, 5): 1, (2, 6): 1, (2, 8): 1, (2, 10): 1, (2, 12): 1, (2, 14): 1, (3, 4): 1, (3, 5): 1, (3, 6): 18, (3, 7): 40, (3, 12): 28, (4, 5): 1, (4, 7): 1, (4, 9): 18, (4, 10): 37, (4, 11): 1, (4, 12): 1, (4, 13): 23, (5, 6): 1, (5, 12): 1, (6, 11): 35, (6, 14): 16, (7, 8): 25, (7, 11): 1, (7, 13): 1, (7, 14): 1, (8, 9): 33, (8, 11): 1, (8, 13): 1, (9, 10): 2, (9, 12): 1, (10, 11): 1, (10, 12): 1, (10, 13): 1, (10, 14): 1, (11, 14): 1, (12, 13): 1}",1131.0577392578125,283.0,45.0,791.0
7.0,Graph with 15 nodes and 58 edges,"[[0, 1, 1, 1, 0, 1, 0, 0, 1, 1, 1, 1, 1, 0, 1], [1, 0, 1, 1, 1, 1, 1, 1, 1, 1, 0, 1, 0, 1, 0], [1, 1, 0, 1, 0, 1, 1, 0, 1, 0, 1, 0, 1, 0, 1], [1, 1, 1, 0, 1, 1, 1, 1, 0, 0, 0, 0, 1, 0, 0], [0, 1, 0, 1, 0, 1, 0, 1, 0, 1, 1, 1, 1, 1, 0], [1, 1, 1, 1, 1, 0, 1, 0, 0, 0, 0, 0, 1, 0, 0], [0, 1, 1, 1, 0, 1, 0, 0, 0, 0, 0, 1, 0, 0, 1], [0, 1, 0, 1, 1, 0, 0, 0, 1, 0, 0, 1, 0, 1, 1], [1, 1, 1, 0, 0, 0, 0, 1, 0, 1, 0, 1, 0, 1, 0], [1, 1, 0, 0, 1, 0, 0, 0, 1, 0, 1, 0, 1, 0, 0], [1, 0, 1, 0, 1, 0, 0, 0, 0, 1, 0, 1, 1, 1, 1], [1, 1, 0, 0, 1, 0, 1, 1, 1, 0, 1, 0, 0, 0, 1], [1, 0, 1, 1, 1, 1, 0, 0, 0, 1, 1, 0, 0, 1, 0], [0, 1, 0, 0, 1, 0, 0, 1, 1, 0, 1, 0, 1, 0, 0], [1, 0, 1, 0, 0, 0, 1, 1, 0, 0, 1, 1, 0, 0, 0]]",15.0,3.0,Y,"{0: 27, 1: 30, 2: 33, 3: 45, 4: 24, 5: 48, 6: 18, 7: 15, 8: 42, 9: 57, 10: 36, 11: 51, 12: 54, 13: 21, 14: 39}","{(0, 1): 1, (0, 2): 4, (0, 3): 1, (0, 5): 1, (0, 8): 1, (0, 9): 10, (0, 10): 1, (0, 11): 3, (0, 12): 1, (0, 14): 4, (1, 2): 1, (1, 3): 1, (1, 4): 1, (1, 5): 1, (1, 6): 1, (1, 7): 1, (1, 8): 10, (1, 9): 1, (1, 11): 3, (1, 13): 9, (2, 3): 1, (2, 5): 5, (2, 6): 5, (2, 8): 4, (2, 10): 1, (2, 12): 1, (2, 14): 11, (3, 4): 1, (3, 5): 30, (3, 6): 9, (3, 7): 1, (3, 12): 1, (4, 5): 1, (4, 7): 1, (4, 9): 1, (4, 10): 7, (4, 11): 10, (4, 12): 1, (4, 13): 1, (5, 6): 1, (5, 12): 9, (6, 11): 1, (6, 14): 1, (7, 8): 1, (7, 11): 2, (7, 13): 1, (7, 14): 8, (8, 9): 1, (8, 11): 22, (8, 13): 3, (9, 10): 5, (9, 12): 39, (10, 11): 5, (10, 12): 1, (10, 13): 6, (10, 14): 10, (11, 14): 5, (12, 13): 1}",127.07710266113281,283.0,45.0,791.0
7.0,Graph with 15 nodes and 58 edges,"[[0, 1, 1, 1, 0, 1, 0, 0, 1, 1, 1, 1, 1, 0, 1], [1, 0, 1, 1, 1, 1, 1, 1, 1, 1, 0, 1, 0, 1, 0], [1, 1, 0, 1, 0, 1, 1, 0, 1, 0, 1, 0, 1, 0, 1], [1, 1, 1, 0, 1, 1, 1, 1, 0, 0, 0, 0, 1, 0, 0], [0, 1, 0, 1, 0, 1, 0, 1, 0, 1, 1, 1, 1, 1, 0], [1, 1, 1, 1, 1, 0, 1, 0, 0, 0, 0, 0, 1, 0, 0], [0, 1, 1, 1, 0, 1, 0, 0, 0, 0, 0, 1, 0, 0, 1], [0, 1, 0, 1, 1, 0, 0, 0, 1, 0, 0, 1, 0, 1, 1], [1, 1, 1, 0, 0, 0, 0, 1, 0, 1, 0, 1, 0, 1, 0], [1, 1, 0, 0, 1, 0, 0, 0, 1, 0, 1, 0, 1, 0, 0], [1, 0, 1, 0, 1, 0, 0, 0, 0, 1, 0, 1, 1, 1, 1], [1, 1, 0, 0, 1, 0, 1, 1, 1, 0, 1, 0, 0, 0, 1], [1, 0, 1, 1, 1, 1, 0, 0, 0, 1, 1, 0, 0, 1, 0], [0, 1, 0, 0, 1, 0, 0, 1, 1, 0, 1, 0, 1, 0, 0], [1, 0, 1, 0, 0, 0, 1, 1, 0, 0, 1, 1, 0, 0, 0]]",19.0,3.0,Y,"{0: 22, 1: 25, 2: 28, 3: 31, 4: 34, 5: 37, 6: 40, 7: 43, 8: 46, 9: 49, 10: 52, 11: 55, 12: 58, 13: 61, 14: 19}","{(0, 1): 13, (0, 2): 1, (0, 3): 1, (0, 5): 1, (0, 8): 1, (0, 9): 1, (0, 10): 1, (0, 11): 1, (0, 12): 1, (0, 14): 1, (1, 2): 3, (1, 3): 1, (1, 4): 1, (1, 5): 1, (1, 6): 1, (1, 7): 1, (1, 8): 1, (1, 9): 1, (1, 11): 1, (1, 13): 1, (2, 3): 18, (2, 5): 1, (2, 6): 1, (2, 8): 1, (2, 10): 1, (2, 12): 1, (2, 14): 1, (3, 4): 7, (3, 5): 1, (3, 6): 1, (3, 7): 1, (3, 12): 1, (4, 5): 1, (4, 7): 1, (4, 9): 1, (4, 10): 8, (4, 11): 13, (4, 12): 1, (4, 13): 1, (5, 6): 1, (5, 12): 31, (6, 11): 22, (6, 14): 14, (7, 8): 11, (7, 11): 1, (7, 13): 27, (7, 14): 1, (8, 9): 1, (8, 11): 1, (8, 13): 30, (9, 10): 24, (9, 12): 21, (10, 11): 15, (10, 12): 1, (10, 13): 1, (10, 14): 1, (11, 14): 1, (12, 13): 1}",1961.9464874267578,283.0,45.0,791.0
7.0,Graph with 15 nodes and 58 edges,"[[0, 1, 1, 1, 0, 1, 0, 0, 1, 1, 1, 1, 1, 0, 1], [1, 0, 1, 1, 1, 1, 1, 1, 1, 1, 0, 1, 0, 1, 0], [1, 1, 0, 1, 0, 1, 1, 0, 1, 0, 1, 0, 1, 0, 1], [1, 1, 1, 0, 1, 1, 1, 1, 0, 0, 0, 0, 1, 0, 0], [0, 1, 0, 1, 0, 1, 0, 1, 0, 1, 1, 1, 1, 1, 0], [1, 1, 1, 1, 1, 0, 1, 0, 0, 0, 0, 0, 1, 0, 0], [0, 1, 1, 1, 0, 1, 0, 0, 0, 0, 0, 1, 0, 0, 1], [0, 1, 0, 1, 1, 0, 0, 0, 1, 0, 0, 1, 0, 1, 1], [1, 1, 1, 0, 0, 0, 0, 1, 0, 1, 0, 1, 0, 1, 0], [1, 1, 0, 0, 1, 0, 0, 0, 1, 0, 1, 0, 1, 0, 0], [1, 0, 1, 0, 1, 0, 0, 0, 0, 1, 0, 1, 1, 1, 1], [1, 1, 0, 0, 1, 0, 1, 1, 1, 0, 1, 0, 0, 0, 1], [1, 0, 1, 1, 1, 1, 0, 0, 0, 1, 1, 0, 0, 1, 0], [0, 1, 0, 0, 1, 0, 0, 1, 1, 0, 1, 0, 1, 0, 0], [1, 0, 1, 0, 0, 0, 1, 1, 0, 0, 1, 1, 0, 0, 0]]",22.0,4.0,Y,"{0: 26, 1: 30, 2: 34, 3: 38, 4: 42, 5: 46, 6: 50, 7: 54, 8: 58, 9: 62, 10: 66, 11: 70, 12: 74, 13: 78, 14: 22}","{(0, 1): 17, (0, 2): 1, (0, 3): 1, (0, 5): 1, (0, 8): 1, (0, 9): 1, (0, 10): 1, (0, 11): 1, (0, 12): 1, (0, 14): 1, (1, 2): 4, (1, 3): 1, (1, 4): 1, (1, 5): 1, (1, 6): 1, (1, 7): 1, (1, 8): 1, (1, 9): 1, (1, 11): 1, (1, 13): 1, (2, 3): 23, (2, 5): 1, (2, 6): 1, (2, 8): 1, (2, 10): 1, (2, 12): 1, (2, 14): 1, (3, 4): 9, (3, 5): 1, (3, 6): 1, (3, 7): 1, (3, 12): 1, (4, 5): 1, (4, 7): 1, (4, 9): 1, (4, 10): 11, (4, 11): 16, (4, 12): 1, (4, 13): 1, (5, 6): 1, (5, 12): 40, (6, 11): 29, (6, 14): 17, (7, 8): 14, (7, 11): 1, (7, 13): 35, (7, 14): 1, (8, 9): 1, (8, 11): 1, (8, 13): 39, (9, 10): 30, (9, 12): 28, (10, 11): 20, (10, 12): 1, (10, 13): 1, (10, 14): 1, (11, 14): 1, (12, 13): 1}",1929.0447235107422,283.0,45.0,791.0
8.0,Graph with 15 nodes and 49 edges,"[[0, 1, 1, 1, 0, 0, 1, 0, 1, 1, 1, 0, 0, 0, 0], [1, 0, 1, 0, 1, 0, 1, 0, 0, 1, 0, 1, 1, 0, 1], [1, 1, 0, 1, 1, 1, 0, 1, 0, 0, 1, 0, 0, 0, 0], [1, 0, 1, 0, 0, 1, 0, 0, 1, 0, 0, 0, 0, 1, 1], [0, 1, 1, 0, 0, 1, 1, 0, 0, 1, 1, 1, 1, 0, 1], [0, 0, 1, 1, 1, 0, 1, 0, 0, 0, 1, 1, 1, 0, 1], [1, 1, 0, 0, 1, 1, 0, 0, 0, 0, 1, 0, 1, 0, 0], [0, 0, 1, 0, 0, 0, 0, 0, 0, 1, 1, 0, 0, 0, 0], [1, 0, 0, 1, 0, 0, 0, 0, 0, 0, 0, 0, 1, 0, 1], [1, 1, 0, 0, 1, 0, 0, 1, 0, 0, 0, 1, 1, 0, 0], [1, 0, 1, 0, 1, 1, 1, 1, 0, 0, 0, 0, 1, 0, 1], [0, 1, 0, 0, 1, 1, 0, 0, 0, 1, 0, 0, 1, 0, 0], [0, 1, 0, 0, 1, 1, 1, 0, 1, 1, 1, 1, 0, 1, 1], [0, 0, 0, 1, 0, 0, 0, 0, 0, 0, 0, 0, 1, 0, 1], [0, 1, 0, 1, 1, 1, 0, 0, 1, 0, 1, 0, 1, 1, 0]]",3.0,9.0,Y,"{0: 12, 1: 129, 2: 120, 3: 111, 4: 102, 5: 93, 6: 84, 7: 3, 8: 75, 9: 66, 10: 57, 11: 48, 12: 39, 13: 30, 14: 21}","{(0, 1): 1, (0, 2): 1, (0, 3): 1, (0, 6): 1, (0, 8): 1, (0, 9): 1, (0, 10): 6, (1, 2): 1, (1, 4): 1, (1, 6): 1, (1, 9): 37, (1, 11): 44, (1, 12): 30, (1, 14): 14, (2, 3): 1, (2, 4): 1, (2, 5): 70, (2, 7): 1, (2, 10): 45, (3, 5): 8, (3, 8): 72, (3, 13): 28, (3, 14): 1, (4, 5): 1, (4, 6): 70, (4, 9): 25, (4, 10): 1, (4, 11): 1, (4, 12): 1, (4, 14): 1, (5, 6): 10, (5, 10): 1, (5, 11): 1, (5, 12): 1, (5, 14): 1, (6, 10): 1, (6, 12): 1, (7, 9): 1, (7, 10): 1, (8, 12): 1, (8, 14): 1, (9, 11): 1, (9, 12): 1, (10, 12): 1, (10, 14): 1, (11, 12): 1, (12, 13): 1, (12, 14): 1, (13, 14): 1}",1309.8716735839844,274.0,45.0,773.0
8.0,Graph with 15 nodes and 49 edges,"[[0, 1, 1, 1, 0, 0, 1, 0, 1, 1, 1, 0, 0, 0, 0], [1, 0, 1, 0, 1, 0, 1, 0, 0, 1, 0, 1, 1, 0, 1], [1, 1, 0, 1, 1, 1, 0, 1, 0, 0, 1, 0, 0, 0, 0], [1, 0, 1, 0, 0, 1, 0, 0, 1, 0, 0, 0, 0, 1, 1], [0, 1, 1, 0, 0, 1, 1, 0, 0, 1, 1, 1, 1, 0, 1], [0, 0, 1, 1, 1, 0, 1, 0, 0, 0, 1, 1, 1, 0, 1], [1, 1, 0, 0, 1, 1, 0, 0, 0, 0, 1, 0, 1, 0, 0], [0, 0, 1, 0, 0, 0, 0, 0, 0, 1, 1, 0, 0, 0, 0], [1, 0, 0, 1, 0, 0, 0, 0, 0, 0, 0, 0, 1, 0, 1], [1, 1, 0, 0, 1, 0, 0, 1, 0, 0, 0, 1, 1, 0, 0], [1, 0, 1, 0, 1, 1, 1, 1, 0, 0, 0, 0, 1, 0, 1], [0, 1, 0, 0, 1, 1, 0, 0, 0, 1, 0, 0, 1, 0, 0], [0, 1, 0, 0, 1, 1, 1, 0, 1, 1, 1, 1, 0, 1, 1], [0, 0, 0, 1, 0, 0, 0, 0, 0, 0, 0, 0, 1, 0, 1], [0, 1, 0, 1, 1, 1, 0, 0, 1, 0, 1, 0, 1, 1, 0]]",4.0,2.0,Y,"{0: 32, 1: 30, 2: 28, 3: 26, 4: 24, 5: 22, 6: 20, 7: 18, 8: 16, 9: 14, 10: 12, 11: 6, 12: 10, 13: 4, 14: 8}","{(0, 1): 19, (0, 2): 1, (0, 3): 1, (0, 6): 8, (0, 8): 1, (0, 9): 1, (0, 10): 1, (1, 2): 4, (1, 4): 1, (1, 6): 1, (1, 9): 1, (1, 11): 2, (1, 12): 1, (1, 14): 1, (2, 3): 1, (2, 4): 16, (2, 5): 1, (2, 7): 4, (2, 10): 1, (3, 5): 8, (3, 8): 13, (3, 13): 2, (3, 14): 1, (4, 5): 1, (4, 6): 1, (4, 9): 1, (4, 10): 1, (4, 11): 1, (4, 12): 1, (4, 14): 1, (5, 6): 8, (5, 10): 1, (5, 11): 1, (5, 12): 1, (5, 14): 1, (6, 10): 1, (6, 12): 1, (7, 9): 9, (7, 10): 5, (8, 12): 1, (8, 14): 1, (9, 11): 1, (9, 12): 1, (10, 12): 1, (10, 14): 1, (11, 12): 1, (12, 13): 1, (12, 14): 1, (13, 14): 1}",1910.9249114990234,274.0,45.0,773.0
8.0,Graph with 15 nodes and 49 edges,"[[0, 1, 1, 1, 0, 0, 1, 0, 1, 1, 1, 0, 0, 0, 0], [1, 0, 1, 0, 1, 0, 1, 0, 0, 1, 0, 1, 1, 0, 1], [1, 1, 0, 1, 1, 1, 0, 1, 0, 0, 1, 0, 0, 0, 0], [1, 0, 1, 0, 0, 1, 0, 0, 1, 0, 0, 0, 0, 1, 1], [0, 1, 1, 0, 0, 1, 1, 0, 0, 1, 1, 1, 1, 0, 1], [0, 0, 1, 1, 1, 0, 1, 0, 0, 0, 1, 1, 1, 0, 1], [1, 1, 0, 0, 1, 1, 0, 0, 0, 0, 1, 0, 1, 0, 0], [0, 0, 1, 0, 0, 0, 0, 0, 0, 1, 1, 0, 0, 0, 0], [1, 0, 0, 1, 0, 0, 0, 0, 0, 0, 0, 0, 1, 0, 1], [1, 1, 0, 0, 1, 0, 0, 1, 0, 0, 0, 1, 1, 0, 0], [1, 0, 1, 0, 1, 1, 1, 1, 0, 0, 0, 0, 1, 0, 1], [0, 1, 0, 0, 1, 1, 0, 0, 0, 1, 0, 0, 1, 0, 0], [0, 1, 0, 0, 1, 1, 1, 0, 1, 1, 1, 1, 0, 1, 1], [0, 0, 0, 1, 0, 0, 0, 0, 0, 0, 0, 0, 1, 0, 1], [0, 1, 0, 1, 1, 1, 0, 0, 1, 0, 1, 0, 1, 1, 0]]",5.0,1.0,Y,"{0: 19, 1: 18, 2: 17, 3: 16, 4: 15, 5: 14, 6: 13, 7: 12, 8: 11, 9: 7, 10: 9, 11: 6, 12: 10, 13: 5, 14: 8}","{(0, 1): 11, (0, 2): 1, (0, 3): 1, (0, 6): 2, (0, 8): 2, (0, 9): 1, (0, 10): 1, (1, 2): 1, (1, 4): 1, (1, 6): 1, (1, 9): 1, (1, 11): 1, (1, 12): 1, (1, 14): 1, (2, 3): 1, (2, 4): 4, (2, 5): 1, (2, 7): 8, (2, 10): 1, (3, 5): 3, (3, 8): 7, (3, 13): 3, (3, 14): 1, (4, 5): 1, (4, 6): 3, (4, 9): 1, (4, 10): 1, (4, 11): 2, (4, 12): 1, (4, 14): 1, (5, 6): 5, (5, 10): 1, (5, 11): 1, (5, 12): 1, (5, 14): 1, (6, 10): 1, (6, 12): 1, (7, 9): 2, (7, 10): 2, (8, 12): 1, (8, 14): 1, (9, 11): 1, (9, 12): 1, (10, 12): 1, (10, 14): 1, (11, 12): 1, (12, 13): 1, (12, 14): 1, (13, 14): 1}",1919.9848175048828,274.0,45.0,773.0
9.0,Graph with 15 nodes and 55 edges,"[[0, 1, 1, 1, 0, 1, 0, 0, 0, 1, 0, 0, 0, 0, 0], [1, 0, 0, 0, 0, 1, 0, 0, 0, 1, 0, 0, 1, 0, 0], [1, 0, 0, 1, 0, 0, 0, 1, 0, 0, 1, 1, 0, 1, 0], [1, 0, 1, 0, 1, 1, 1, 1, 1, 1, 1, 1, 0, 1, 0], [0, 0, 0, 1, 0, 0, 1, 1, 0, 0, 1, 1, 1, 0, 0], [1, 1, 0, 1, 0, 0, 0, 1, 1, 1, 0, 1, 1, 0, 1], [0, 0, 0, 1, 1, 0, 0, 0, 0, 1, 0, 1, 0, 0, 1], [0, 0, 1, 1, 1, 1, 0, 0, 1, 1, 0, 1, 0, 0, 1], [0, 0, 0, 1, 0, 1, 0, 1, 0, 1, 1, 0, 0, 1, 1], [1, 1, 0, 1, 0, 1, 1, 1, 1, 0, 1, 1, 0, 1, 1], [0, 0, 1, 1, 1, 0, 0, 0, 1, 1, 0, 0, 0, 1, 1], [0, 0, 1, 1, 1, 1, 1, 1, 0, 1, 0, 0, 1, 1, 1], [0, 1, 0, 0, 1, 1, 0, 0, 0, 0, 0, 1, 0, 1, 1], [0, 0, 1, 1, 0, 0, 0, 0, 1, 1, 1, 1, 1, 0, 0], [0, 0, 0, 0, 0, 1, 1, 1, 1, 1, 1, 1, 1, 0, 0]]",29.0,7.0,Y,"{0: 29, 1: 127, 2: 120, 3: 113, 4: 106, 5: 99, 6: 92, 7: 85, 8: 78, 9: 71, 10: 64, 11: 57, 12: 50, 13: 43, 14: 36}","{(0, 1): 1, (0, 2): 1, (0, 3): 1, (0, 5): 1, (0, 9): 25, (1, 5): 44, (1, 9): 37, (1, 12): 45, (2, 3): 103, (2, 7): 1, (2, 10): 1, (2, 11): 1, (2, 13): 13, (3, 4): 1, (3, 5): 1, (3, 6): 1, (3, 7): 1, (3, 8): 1, (3, 9): 1, (3, 10): 1, (3, 11): 1, (3, 13): 1, (4, 6): 13, (4, 7): 55, (4, 10): 35, (4, 11): 1, (4, 12): 1, (5, 7): 1, (5, 8): 48, (5, 9): 1, (5, 11): 1, (5, 12): 1, (5, 14): 1, (6, 9): 1, (6, 11): 48, (6, 14): 29, (7, 8): 24, (7, 9): 1, (7, 11): 1, (7, 14): 1, (8, 9): 1, (8, 10): 1, (8, 13): 2, (8, 14): 1, (9, 10): 1, (9, 11): 1, (9, 13): 1, (9, 14): 1, (10, 13): 24, (10, 14): 1, (11, 12): 1, (11, 13): 1, (11, 14): 1, (12, 13): 1, (12, 14): 1}",1128.9119720458984,280.0,45.0,785.0
11.0,Graph with 15 nodes and 56 edges,"[[0, 0, 1, 0, 1, 1, 0, 1, 1, 0, 1, 1, 1, 0, 1], [0, 0, 0, 0, 1, 1, 0, 1, 0, 1, 1, 1, 0, 0, 1], [1, 0, 0, 1, 0, 0, 1, 0, 1, 0, 1, 1, 1, 1, 1], [0, 0, 1, 0, 1, 0, 0, 0, 0, 1, 1, 0, 0, 1, 0], [1, 1, 0, 1, 0, 0, 0, 1, 0, 1, 1, 0, 0, 0, 0], [1, 1, 0, 0, 0, 0, 1, 0, 0, 0, 1, 0, 1, 1, 1], [0, 0, 1, 0, 0, 1, 0, 1, 0, 1, 0, 1, 0, 1, 0], [1, 1, 0, 0, 1, 0, 1, 0, 0, 1, 0, 1, 1, 1, 0], [1, 0, 1, 0, 0, 0, 0, 0, 0, 1, 1, 0, 1, 0, 1], [0, 1, 0, 1, 1, 0, 1, 1, 1, 0, 1, 1, 1, 0, 0], [1, 1, 1, 1, 1, 1, 0, 0, 1, 1, 0, 1, 1, 0, 0], [1, 1, 1, 0, 0, 0, 1, 1, 0, 1, 1, 0, 1, 0, 0], [1, 0, 1, 0, 0, 1, 0, 1, 1, 1, 1, 1, 0, 1, 1], [0, 0, 1, 1, 0, 1, 1, 1, 0, 0, 0, 0, 1, 0, 0], [1, 1, 1, 0, 0, 1, 0, 0, 1, 0, 0, 0, 1, 0, 0]]",18.0,4.0,Y,"{0: 74, 1: 70, 2: 66, 3: 62, 4: 58, 5: 54, 6: 50, 7: 46, 8: 42, 9: 38, 10: 34, 11: 30, 12: 26, 13: 22, 14: 18}","{(0, 2): 1, (0, 4): 1, (0, 5): 1, (0, 7): 16, (0, 8): 1, (0, 10): 1, (0, 11): 23, (0, 12): 17, (0, 14): 13, (1, 4): 12, (1, 5): 48, (1, 7): 6, (1, 9): 1, (1, 10): 1, (1, 11): 1, (1, 14): 1, (2, 3): 1, (2, 6): 1, (2, 8): 34, (2, 10): 25, (2, 11): 1, (2, 12): 1, (2, 13): 1, (2, 14): 1, (3, 4): 42, (3, 9): 1, (3, 10): 1, (3, 13): 17, (4, 7): 1, (4, 9): 1, (4, 10): 1, (5, 6): 1, (5, 10): 1, (5, 12): 1, (5, 13): 1, (5, 14): 1, (6, 7): 19, (6, 9): 27, (6, 11): 1, (6, 13): 1, (7, 9): 1, (7, 11): 1, (7, 12): 1, (7, 13): 1, (8, 9): 4, (8, 10): 1, (8, 12): 1, (8, 14): 1, (9, 10): 1, (9, 11): 1, (9, 12): 1, (10, 11): 1, (10, 12): 1, (11, 12): 1, (12, 13): 1, (12, 14): 1}",1389.0266418457031,281.0,45.0,787.0
12.0,Graph with 15 nodes and 57 edges,"[[0, 1, 1, 0, 1, 0, 1, 1, 1, 1, 0, 1, 0, 0, 0], [1, 0, 0, 0, 1, 1, 0, 1, 0, 1, 1, 0, 1, 0, 1], [1, 0, 0, 1, 1, 1, 0, 0, 1, 1, 0, 1, 0, 1, 1], [0, 0, 1, 0, 1, 1, 0, 1, 0, 1, 0, 1, 1, 1, 1], [1, 1, 1, 1, 0, 0, 0, 1, 1, 0, 0, 0, 0, 0, 0], [0, 1, 1, 1, 0, 0, 1, 1, 0, 0, 0, 0, 0, 1, 1], [1, 0, 0, 0, 0, 1, 0, 0, 1, 0, 1, 0, 0, 0, 1], [1, 1, 0, 1, 1, 1, 0, 0, 1, 1, 0, 0, 0, 1, 0], [1, 0, 1, 0, 1, 0, 1, 1, 0, 0, 1, 0, 0, 1, 1], [1, 1, 1, 1, 0, 0, 0, 1, 0, 0, 1, 0, 1, 1, 1], [0, 1, 0, 0, 0, 0, 1, 0, 1, 1, 0, 1, 0, 0, 0], [1, 0, 1, 1, 0, 0, 0, 0, 0, 0, 1, 0, 1, 1, 1], [0, 1, 0, 1, 0, 0, 0, 0, 0, 1, 0, 1, 0, 1, 1], [0, 0, 1, 1, 0, 1, 0, 1, 1, 1, 0, 1, 1, 0, 1], [0, 1, 1, 1, 0, 1, 1, 0, 1, 1, 0, 1, 1, 1, 0]]",26.0,8.0,Y,"{0: 34, 1: 42, 2: 50, 3: 58, 4: 66, 5: 74, 6: 82, 7: 90, 8: 98, 9: 106, 10: 114, 11: 122, 12: 130, 13: 138, 14: 26}","{(0, 1): 27, (0, 2): 1, (0, 4): 1, (0, 6): 1, (0, 7): 1, (0, 8): 1, (0, 9): 1, (0, 11): 1, (1, 4): 9, (1, 5): 1, (1, 7): 1, (1, 9): 1, (1, 10): 1, (1, 12): 1, (1, 14): 1, (2, 3): 42, (2, 4): 1, (2, 5): 1, (2, 8): 1, (2, 9): 1, (2, 11): 1, (2, 13): 1, (2, 14): 1, (3, 4): 9, (3, 5): 1, (3, 7): 1, (3, 9): 1, (3, 11): 1, (3, 12): 1, (3, 13): 1, (3, 14): 1, (4, 7): 19, (4, 8): 27, (5, 6): 68, (5, 7): 1, (5, 13): 1, (5, 14): 1, (6, 8): 1, (6, 10): 1, (6, 14): 11, (7, 8): 65, (7, 9): 1, (7, 13): 1, (8, 10): 1, (8, 13): 1, (8, 14): 1, (9, 10): 1, (9, 12): 47, (9, 13): 52, (9, 14): 1, (10, 11): 110, (11, 12): 1, (11, 13): 1, (11, 14): 7, (12, 13): 79, (12, 14): 1, (13, 14): 1}",2012.9680633544922,282.0,45.0,789.0
16.0,Graph with 15 nodes and 51 edges,"[[0, 0, 0, 1, 0, 0, 0, 0, 0, 1, 0, 0, 1, 0, 1], [0, 0, 0, 1, 0, 0, 0, 0, 1, 1, 1, 1, 0, 0, 0], [0, 0, 0, 0, 0, 0, 1, 0, 0, 1, 0, 1, 1, 0, 1], [1, 1, 0, 0, 1, 1, 1, 0, 0, 1, 0, 1, 0, 1, 0], [0, 0, 0, 1, 0, 1, 1, 1, 0, 1, 0, 0, 1, 1, 1], [0, 0, 0, 1, 1, 0, 0, 0, 1, 1, 1, 1, 1, 1, 1], [0, 0, 1, 1, 1, 0, 0, 0, 0, 1, 1, 1, 0, 0, 0], [0, 0, 0, 0, 1, 0, 0, 0, 1, 0, 0, 0, 0, 0, 1], [0, 1, 0, 0, 0, 1, 0, 1, 0, 1, 0, 1, 0, 1, 0], [1, 1, 1, 1, 1, 1, 1, 0, 1, 0, 0, 1, 1, 1, 0], [0, 1, 0, 0, 0, 1, 1, 0, 0, 0, 0, 1, 0, 0, 1], [0, 1, 1, 1, 0, 1, 1, 0, 1, 1, 1, 0, 1, 1, 0], [1, 0, 1, 0, 1, 1, 0, 0, 0, 1, 0, 1, 0, 1, 0], [0, 0, 0, 1, 1, 1, 0, 0, 1, 1, 0, 1, 1, 0, 1], [1, 0, 1, 0, 1, 1, 0, 1, 0, 0, 1, 0, 0, 1, 0]]",22.0,6.0,Y,"{0: 40, 1: 70, 2: 34, 3: 94, 4: 58, 5: 76, 6: 22, 7: 100, 8: 64, 9: 106, 10: 28, 11: 82, 12: 52, 13: 88, 14: 46}","{(0, 3): 1, (0, 9): 37, (0, 12): 1, (0, 14): 1, (1, 3): 1, (1, 8): 1, (1, 9): 60, (1, 10): 1, (1, 11): 7, (2, 6): 1, (2, 9): 1, (2, 11): 1, (2, 12): 1, (2, 14): 30, (3, 4): 1, (3, 5): 1, (3, 6): 1, (3, 9): 1, (3, 11): 7, (3, 13): 81, (4, 5): 1, (4, 6): 1, (4, 7): 51, (4, 9): 1, (4, 12): 1, (4, 13): 1, (4, 14): 1, (5, 8): 1, (5, 9): 1, (5, 10): 1, (5, 11): 13, (5, 12): 46, (5, 13): 1, (5, 14): 11, (6, 9): 1, (6, 10): 2, (6, 11): 16, (7, 8): 48, (7, 14): 1, (8, 9): 1, (8, 11): 12, (8, 13): 1, (9, 11): 1, (9, 12): 1, (9, 13): 1, (10, 11): 23, (10, 14): 1, (11, 12): 1, (11, 13): 1, (12, 13): 1, (13, 14): 1}",1455.068588256836,276.0,45.0,777.0
17.0,Graph with 15 nodes and 50 edges,"[[0, 1, 1, 0, 1, 0, 0, 1, 0, 1, 0, 1, 1, 0, 0], [1, 0, 1, 0, 1, 0, 1, 1, 0, 1, 0, 0, 0, 0, 0], [1, 1, 0, 0, 0, 0, 0, 0, 1, 1, 1, 1, 0, 1, 1], [0, 0, 0, 0, 1, 0, 0, 0, 1, 0, 0, 0, 1, 0, 0], [1, 1, 0, 1, 0, 1, 1, 0, 0, 1, 1, 1, 1, 0, 1], [0, 0, 0, 0, 1, 0, 1, 0, 1, 0, 1, 1, 0, 0, 0], [0, 1, 0, 0, 1, 1, 0, 0, 1, 0, 0, 1, 0, 0, 1], [1, 1, 0, 0, 0, 0, 0, 0, 0, 0, 0, 0, 1, 1, 1], [0, 0, 1, 1, 0, 1, 1, 0, 0, 1, 1, 1, 1, 0, 0], [1, 1, 1, 0, 1, 0, 0, 0, 1, 0, 0, 0, 1, 1, 0], [0, 0, 1, 0, 1, 1, 0, 0, 1, 0, 0, 1, 1, 0, 0], [1, 0, 1, 0, 1, 1, 1, 0, 1, 0, 1, 0, 0, 1, 1], [1, 0, 0, 1, 1, 0, 0, 1, 1, 1, 1, 0, 0, 1, 0], [0, 0, 1, 0, 0, 0, 0, 1, 0, 1, 0, 1, 1, 0, 1], [0, 0, 1, 0, 1, 0, 1, 1, 0, 0, 0, 1, 0, 1, 0]]",13.0,3.0,Y,"{0: 16, 1: 19, 2: 22, 3: 25, 4: 28, 5: 31, 6: 34, 7: 37, 8: 40, 9: 43, 10: 46, 11: 49, 12: 52, 13: 55, 14: 13}","{(0, 1): 10, (0, 2): 1, (0, 4): 1, (0, 7): 1, (0, 9): 1, (0, 11): 1, (0, 12): 1, (1, 2): 5, (1, 4): 1, (1, 6): 1, (1, 7): 1, (1, 9): 1, (2, 8): 11, (2, 9): 1, (2, 10): 1, (2, 11): 1, (2, 13): 1, (2, 14): 1, (3, 4): 19, (3, 8): 5, (3, 12): 1, (4, 5): 1, (4, 6): 1, (4, 9): 1, (4, 10): 1, (4, 11): 1, (4, 12): 1, (4, 14): 1, (5, 6): 27, (5, 8): 1, (5, 10): 1, (5, 11): 1, (6, 8): 3, (6, 11): 1, (6, 14): 1, (7, 12): 1, (7, 13): 26, (7, 14): 8, (8, 9): 17, (8, 10): 1, (8, 11): 1, (8, 12): 1, (9, 12): 21, (9, 13): 1, (10, 11): 41, (10, 12): 1, (11, 13): 1, (11, 14): 1, (12, 13): 25, (13, 14): 1}",1847.0287322998047,275.0,45.0,775.0
17.0,Graph with 15 nodes and 50 edges,"[[0, 1, 1, 0, 1, 0, 0, 1, 0, 1, 0, 1, 1, 0, 0], [1, 0, 1, 0, 1, 0, 1, 1, 0, 1, 0, 0, 0, 0, 0], [1, 1, 0, 0, 0, 0, 0, 0, 1, 1, 1, 1, 0, 1, 1], [0, 0, 0, 0, 1, 0, 0, 0, 1, 0, 0, 0, 1, 0, 0], [1, 1, 0, 1, 0, 1, 1, 0, 0, 1, 1, 1, 1, 0, 1], [0, 0, 0, 0, 1, 0, 1, 0, 1, 0, 1, 1, 0, 0, 0], [0, 1, 0, 0, 1, 1, 0, 0, 1, 0, 0, 1, 0, 0, 1], [1, 1, 0, 0, 0, 0, 0, 0, 0, 0, 0, 0, 1, 1, 1], [0, 0, 1, 1, 0, 1, 1, 0, 0, 1, 1, 1, 1, 0, 0], [1, 1, 1, 0, 1, 0, 0, 0, 1, 0, 0, 0, 1, 1, 0], [0, 0, 1, 0, 1, 1, 0, 0, 1, 0, 0, 1, 1, 0, 0], [1, 0, 1, 0, 1, 1, 1, 0, 1, 0, 1, 0, 0, 1, 1], [1, 0, 0, 1, 1, 0, 0, 1, 1, 1, 1, 0, 0, 1, 0], [0, 0, 1, 0, 0, 0, 0, 1, 0, 1, 0, 1, 1, 0, 1], [0, 0, 1, 0, 1, 0, 1, 1, 0, 0, 0, 1, 0, 1, 0]]",26.0,8.0,Y,"{0: 34, 1: 42, 2: 50, 3: 58, 4: 66, 5: 74, 6: 82, 7: 90, 8: 98, 9: 106, 10: 114, 11: 122, 12: 130, 13: 138, 14: 26}","{(0, 1): 28, (0, 2): 1, (0, 4): 1, (0, 7): 1, (0, 9): 1, (0, 11): 1, (0, 12): 1, (1, 2): 10, (1, 4): 1, (1, 6): 1, (1, 7): 1, (1, 9): 1, (2, 8): 34, (2, 9): 1, (2, 10): 1, (2, 11): 1, (2, 13): 1, (2, 14): 1, (3, 4): 56, (3, 8): 1, (3, 12): 1, (4, 5): 2, (4, 6): 1, (4, 9): 1, (4, 10): 1, (4, 11): 1, (4, 12): 1, (4, 14): 1, (5, 6): 1, (5, 8): 1, (5, 10): 69, (5, 11): 1, (6, 8): 18, (6, 11): 42, (6, 14): 19, (7, 12): 24, (7, 13): 61, (7, 14): 3, (8, 9): 1, (8, 10): 41, (8, 11): 1, (8, 12): 1, (9, 12): 100, (9, 13): 1, (10, 11): 1, (10, 12): 1, (11, 13): 73, (11, 14): 1, (12, 13): 1, (13, 14): 1}",1850.8434295654297,275.0,45.0,775.0
18.0,Graph with 15 nodes and 61 edges,"[[0, 0, 0, 0, 1, 1, 1, 1, 0, 0, 0, 0, 0, 0, 1], [0, 0, 0, 0, 1, 0, 1, 1, 1, 1, 0, 1, 1, 1, 1], [0, 0, 0, 1, 1, 1, 1, 0, 1, 1, 0, 0, 1, 1, 0], [0, 0, 1, 0, 1, 1, 0, 0, 0, 1, 1, 0, 1, 1, 0], [1, 1, 1, 1, 0, 0, 1, 1, 1, 1, 1, 1, 1, 1, 0], [1, 0, 1, 1, 0, 0, 1, 1, 1, 1, 0, 1, 1, 0, 0], [1, 1, 1, 0, 1, 1, 0, 1, 1, 1, 0, 1, 1, 1, 0], [1, 1, 0, 0, 1, 1, 1, 0, 0, 1, 1, 0, 0, 1, 1], [0, 1, 1, 0, 1, 1, 1, 0, 0, 0, 1, 1, 1, 1, 1], [0, 1, 1, 1, 1, 1, 1, 1, 0, 0, 0, 1, 1, 0, 0], [0, 0, 0, 1, 1, 0, 0, 1, 1, 0, 0, 0, 0, 0, 0], [0, 1, 0, 0, 1, 1, 1, 0, 1, 1, 0, 0, 1, 0, 0], [0, 1, 1, 1, 1, 1, 1, 0, 1, 1, 0, 1, 0, 1, 0], [0, 1, 1, 1, 1, 0, 1, 1, 1, 0, 0, 0, 1, 0, 0], [1, 1, 0, 0, 0, 0, 0, 1, 1, 0, 0, 0, 0, 0, 0]]",18.0,4.0,Y,"{0: 22, 1: 26, 2: 30, 3: 34, 4: 38, 5: 42, 6: 46, 7: 50, 8: 54, 9: 58, 10: 62, 11: 66, 12: 70, 13: 74, 14: 18}","{(0, 4): 18, (0, 5): 1, (0, 6): 1, (0, 7): 1, (0, 14): 1, (1, 4): 10, (1, 6): 9, (1, 7): 1, (1, 8): 1, (1, 9): 1, (1, 11): 1, (1, 12): 1, (1, 13): 1, (1, 14): 1, (2, 3): 23, (2, 4): 1, (2, 5): 1, (2, 6): 1, (2, 8): 1, (2, 9): 1, (2, 12): 1, (2, 13): 1, (3, 4): 1, (3, 5): 6, (3, 9): 1, (3, 10): 1, (3, 12): 1, (3, 13): 1, (4, 6): 1, (4, 7): 1, (4, 8): 1, (4, 9): 1, (4, 10): 1, (4, 11): 1, (4, 12): 1, (4, 13): 1, (5, 6): 1, (5, 7): 14, (5, 8): 1, (5, 9): 4, (5, 11): 13, (5, 12): 1, (6, 7): 1, (6, 8): 1, (6, 9): 1, (6, 11): 1, (6, 12): 11, (6, 13): 18, (7, 9): 1, (7, 10): 15, (7, 13): 1, (7, 14): 15, (8, 10): 45, (8, 11): 1, (8, 12): 1, (8, 13): 1, (8, 14): 1, (9, 11): 47, (9, 12): 1, (11, 12): 2, (12, 13): 50}",2262.115478515625,286.0,45.0,797.0
19.0,Graph with 15 nodes and 58 edges,"[[0, 1, 0, 1, 1, 1, 1, 1, 1, 1, 0, 1, 1, 1, 0], [1, 0, 0, 1, 1, 0, 1, 0, 1, 0, 1, 0, 0, 0, 1], [0, 0, 0, 1, 0, 0, 1, 1, 0, 0, 1, 1, 1, 0, 0], [1, 1, 1, 0, 0, 0, 1, 0, 1, 1, 1, 1, 0, 0, 1], [1, 1, 0, 0, 0, 0, 0, 0, 1, 1, 0, 1, 1, 1, 1], [1, 0, 0, 0, 0, 0, 0, 1, 1, 1, 1, 0, 1, 1, 0], [1, 1, 1, 1, 0, 0, 0, 1, 1, 0, 1, 1, 1, 0, 1], [1, 0, 1, 0, 0, 1, 1, 0, 1, 0, 0, 0, 0, 1, 0], [1, 1, 0, 1, 1, 1, 1, 1, 0, 1, 0, 0, 1, 0, 0], [1, 0, 0, 1, 1, 1, 0, 0, 1, 0, 0, 0, 1, 1, 0], [0, 1, 1, 1, 0, 1, 1, 0, 0, 0, 0, 1, 0, 0, 1], [1, 0, 1, 1, 1, 0, 1, 0, 0, 0, 1, 0, 1, 0, 0], [1, 0, 1, 0, 1, 1, 1, 0, 1, 1, 0, 1, 0, 0, 1], [1, 0, 0, 0, 1, 1, 0, 1, 0, 1, 0, 0, 0, 0, 1], [0, 1, 0, 1, 1, 0, 1, 0, 0, 0, 1, 0, 1, 1, 0]]",9.0,3.0,Y,"{0: 51, 1: 48, 2: 45, 3: 42, 4: 39, 5: 36, 6: 33, 7: 30, 8: 27, 9: 24, 10: 21, 11: 18, 12: 15, 13: 12, 14: 9}","{(0, 1): 1, (0, 3): 34, (0, 4): 1, (0, 5): 1, (0, 6): 1, (0, 7): 1, (0, 8): 8, (0, 9): 1, (0, 11): 1, (0, 12): 1, (0, 13): 1, (1, 3): 1, (1, 4): 26, (1, 6): 1, (1, 8): 1, (1, 10): 15, (1, 14): 3, (2, 3): 1, (2, 6): 24, (2, 7): 12, (2, 10): 1, (2, 11): 6, (2, 12): 1, (3, 6): 1, (3, 8): 1, (3, 9): 1, (3, 10): 1, (3, 11): 1, (3, 14): 1, (4, 8): 1, (4, 9): 1, (4, 11): 7, (4, 12): 1, (4, 13): 1, (4, 14): 1, (5, 7): 13, (5, 8): 1, (5, 9): 13, (5, 10): 1, (5, 12): 1, (5, 13): 6, (6, 7): 1, (6, 8): 1, (6, 10): 1, (6, 11): 1, (6, 12): 1, (6, 14): 1, (7, 8): 1, (7, 13): 2, (8, 9): 6, (8, 12): 7, (9, 12): 1, (9, 13): 1, (10, 11): 1, (10, 14): 1, (11, 12): 1, (12, 14): 1, (13, 14): 1}",1147.0317840576172,283.0,45.0,791.0
19.0,Graph with 15 nodes and 58 edges,"[[0, 1, 0, 1, 1, 1, 1, 1, 1, 1, 0, 1, 1, 1, 0], [1, 0, 0, 1, 1, 0, 1, 0, 1, 0, 1, 0, 0, 0, 1], [0, 0, 0, 1, 0, 0, 1, 1, 0, 0, 1, 1, 1, 0, 0], [1, 1, 1, 0, 0, 0, 1, 0, 1, 1, 1, 1, 0, 0, 1], [1, 1, 0, 0, 0, 0, 0, 0, 1, 1, 0, 1, 1, 1, 1], [1, 0, 0, 0, 0, 0, 0, 1, 1, 1, 1, 0, 1, 1, 0], [1, 1, 1, 1, 0, 0, 0, 1, 1, 0, 1, 1, 1, 0, 1], [1, 0, 1, 0, 0, 1, 1, 0, 1, 0, 0, 0, 0, 1, 0], [1, 1, 0, 1, 1, 1, 1, 1, 0, 1, 0, 0, 1, 0, 0], [1, 0, 0, 1, 1, 1, 0, 0, 1, 0, 0, 0, 1, 1, 0], [0, 1, 1, 1, 0, 1, 1, 0, 0, 0, 0, 1, 0, 0, 1], [1, 0, 1, 1, 1, 0, 1, 0, 0, 0, 1, 0, 1, 0, 0], [1, 0, 1, 0, 1, 1, 1, 0, 1, 1, 0, 1, 0, 0, 1], [1, 0, 0, 0, 1, 1, 0, 1, 0, 1, 0, 0, 0, 0, 1], [0, 1, 0, 1, 1, 0, 1, 0, 0, 0, 1, 0, 1, 1, 0]]",21.0,9.0,Y,"{0: 30, 1: 39, 2: 48, 3: 57, 4: 66, 5: 75, 6: 84, 7: 93, 8: 102, 9: 111, 10: 120, 11: 129, 12: 138, 13: 147, 14: 21}","{(0, 1): 20, (0, 3): 1, (0, 4): 1, (0, 5): 1, (0, 6): 1, (0, 7): 1, (0, 8): 1, (0, 9): 1, (0, 11): 1, (0, 12): 1, (0, 13): 1, (1, 3): 14, (1, 4): 1, (1, 6): 1, (1, 8): 1, (1, 10): 1, (1, 14): 1, (2, 3): 36, (2, 6): 8, (2, 7): 1, (2, 10): 1, (2, 11): 1, (2, 12): 1, (3, 6): 1, (3, 8): 1, (3, 9): 1, (3, 10): 1, (3, 11): 1, (3, 14): 1, (4, 8): 59, (4, 9): 1, (4, 11): 1, (4, 12): 1, (4, 13): 1, (4, 14): 1, (5, 7): 1, (5, 8): 1, (5, 9): 1, (5, 10): 69, (5, 12): 1, (5, 13): 1, (6, 7): 1, (6, 8): 1, (6, 10): 1, (6, 11): 58, (6, 12): 11, (6, 14): 1, (7, 8): 1, (7, 13): 88, (8, 9): 1, (8, 12): 36, (9, 12): 65, (9, 13): 41, (10, 11): 46, (10, 14): 1, (11, 12): 21, (12, 14): 1, (13, 14): 15}",2158.8802337646484,283.0,45.0,791.0
19.0,Graph with 15 nodes and 58 edges,"[[0, 1, 0, 1, 1, 1, 1, 1, 1, 1, 0, 1, 1, 1, 0], [1, 0, 0, 1, 1, 0, 1, 0, 1, 0, 1, 0, 0, 0, 1], [0, 0, 0, 1, 0, 0, 1, 1, 0, 0, 1, 1, 1, 0, 0], [1, 1, 1, 0, 0, 0, 1, 0, 1, 1, 1, 1, 0, 0, 1], [1, 1, 0, 0, 0, 0, 0, 0, 1, 1, 0, 1, 1, 1, 1], [1, 0, 0, 0, 0, 0, 0, 1, 1, 1, 1, 0, 1, 1, 0], [1, 1, 1, 1, 0, 0, 0, 1, 1, 0, 1, 1, 1, 0, 1], [1, 0, 1, 0, 0, 1, 1, 0, 1, 0, 0, 0, 0, 1, 0], [1, 1, 0, 1, 1, 1, 1, 1, 0, 1, 0, 0, 1, 0, 0], [1, 0, 0, 1, 1, 1, 0, 0, 1, 0, 0, 0, 1, 1, 0], [0, 1, 1, 1, 0, 1, 1, 0, 0, 0, 0, 1, 0, 0, 1], [1, 0, 1, 1, 1, 0, 1, 0, 0, 0, 1, 0, 1, 0, 0], [1, 0, 1, 0, 1, 1, 1, 0, 1, 1, 0, 1, 0, 0, 1], [1, 0, 0, 0, 1, 1, 0, 1, 0, 1, 0, 0, 0, 0, 1], [0, 1, 0, 1, 1, 0, 1, 0, 0, 0, 1, 0, 1, 1, 0]]",27.0,7.0,Y,"{0: 34, 1: 41, 2: 48, 3: 55, 4: 62, 5: 69, 6: 76, 7: 83, 8: 90, 9: 97, 10: 104, 11: 111, 12: 118, 13: 125, 14: 27}","{(0, 1): 24, (0, 3): 1, (0, 4): 1, (0, 5): 1, (0, 6): 1, (0, 7): 1, (0, 8): 1, (0, 9): 1, (0, 11): 1, (0, 12): 1, (0, 13): 1, (1, 3): 12, (1, 4): 1, (1, 6): 1, (1, 8): 1, (1, 10): 1, (1, 14): 1, (2, 3): 36, (2, 6): 8, (2, 7): 1, (2, 10): 1, (2, 11): 1, (2, 12): 1, (3, 6): 1, (3, 8): 1, (3, 9): 1, (3, 10): 1, (3, 11): 1, (3, 14): 1, (4, 8): 55, (4, 9): 1, (4, 11): 1, (4, 12): 1, (4, 13): 1, (4, 14): 1, (5, 7): 1, (5, 8): 1, (5, 9): 4, (5, 10): 1, (5, 12): 60, (5, 13): 1, (6, 7): 1, (6, 8): 1, (6, 10): 1, (6, 11): 28, (6, 12): 33, (6, 14): 1, (7, 8): 1, (7, 13): 78, (8, 9): 28, (8, 12): 1, (9, 12): 19, (9, 13): 43, (10, 11): 78, (10, 14): 21, (11, 12): 1, (12, 14): 1, (13, 14): 1}",1864.9101257324219,283.0,45.0,791.0
20.0,Graph with 15 nodes and 49 edges,"[[0, 0, 1, 0, 0, 1, 0, 0, 0, 0, 0, 0, 1, 0, 0], [0, 0, 1, 1, 0, 0, 0, 0, 1, 0, 0, 0, 1, 0, 1], [1, 1, 0, 1, 0, 0, 0, 1, 0, 0, 1, 0, 0, 0, 1], [0, 1, 1, 0, 0, 0, 0, 0, 1, 1, 0, 1, 1, 1, 1], [0, 0, 0, 0, 0, 1, 1, 0, 1, 1, 1, 0, 1, 1, 1], [1, 0, 0, 0, 1, 0, 0, 1, 1, 1, 0, 1, 0, 1, 0], [0, 0, 0, 0, 1, 0, 0, 0, 0, 1, 1, 1, 1, 0, 1], [0, 0, 1, 0, 0, 1, 0, 0, 0, 0, 0, 1, 1, 0, 1], [0, 1, 0, 1, 1, 1, 0, 0, 0, 0, 0, 1, 0, 0, 0], [0, 0, 0, 1, 1, 1, 1, 0, 0, 0, 1, 0, 1, 1, 1], [0, 0, 1, 0, 1, 0, 1, 0, 0, 1, 0, 1, 0, 0, 0], [0, 0, 0, 1, 0, 1, 1, 1, 1, 0, 1, 0, 1, 0, 0], [1, 1, 0, 1, 1, 0, 1, 1, 0, 1, 0, 1, 0, 1, 1], [0, 0, 0, 1, 1, 1, 0, 0, 0, 1, 0, 0, 1, 0, 1], [0, 1, 1, 1, 1, 0, 1, 1, 0, 1, 0, 0, 1, 1, 0]]",16.0,6.0,Y,"{0: 22, 1: 28, 2: 34, 3: 40, 4: 46, 5: 52, 6: 58, 7: 64, 8: 70, 9: 76, 10: 82, 11: 88, 12: 94, 13: 100, 14: 16}","{(0, 2): 20, (0, 5): 1, (0, 12): 1, (1, 2): 10, (1, 3): 15, (1, 8): 1, (1, 12): 1, (1, 14): 1, (2, 3): 1, (2, 7): 1, (2, 10): 1, (2, 14): 1, (3, 8): 19, (3, 9): 1, (3, 11): 1, (3, 12): 1, (3, 13): 1, (3, 14): 1, (4, 5): 39, (4, 6): 1, (4, 8): 1, (4, 9): 1, (4, 10): 1, (4, 12): 1, (4, 13): 1, (4, 14): 1, (5, 7): 1, (5, 8): 1, (5, 9): 1, (5, 11): 1, (5, 13): 8, (6, 9): 1, (6, 10): 49, (6, 11): 5, (6, 12): 1, (6, 14): 1, (7, 11): 2, (7, 12): 59, (7, 14): 1, (8, 11): 48, (9, 10): 1, (9, 12): 8, (9, 13): 62, (9, 14): 1, (10, 11): 30, (11, 12): 1, (12, 13): 20, (12, 14): 1, (13, 14): 8}",2223.0148315429688,274.0,45.0,773.0
20.0,Graph with 15 nodes and 49 edges,"[[0, 0, 1, 0, 0, 1, 0, 0, 0, 0, 0, 0, 1, 0, 0], [0, 0, 1, 1, 0, 0, 0, 0, 1, 0, 0, 0, 1, 0, 1], [1, 1, 0, 1, 0, 0, 0, 1, 0, 0, 1, 0, 0, 0, 1], [0, 1, 1, 0, 0, 0, 0, 0, 1, 1, 0, 1, 1, 1, 1], [0, 0, 0, 0, 0, 1, 1, 0, 1, 1, 1, 0, 1, 1, 1], [1, 0, 0, 0, 1, 0, 0, 1, 1, 1, 0, 1, 0, 1, 0], [0, 0, 0, 0, 1, 0, 0, 0, 0, 1, 1, 1, 1, 0, 1], [0, 0, 1, 0, 0, 1, 0, 0, 0, 0, 0, 1, 1, 0, 1], [0, 1, 0, 1, 1, 1, 0, 0, 0, 0, 0, 1, 0, 0, 0], [0, 0, 0, 1, 1, 1, 1, 0, 0, 0, 1, 0, 1, 1, 1], [0, 0, 1, 0, 1, 0, 1, 0, 0, 1, 0, 1, 0, 0, 0], [0, 0, 0, 1, 0, 1, 1, 1, 1, 0, 1, 0, 1, 0, 0], [1, 1, 0, 1, 1, 0, 1, 1, 0, 1, 0, 1, 0, 1, 1], [0, 0, 0, 1, 1, 1, 0, 0, 0, 1, 0, 0, 1, 0, 1], [0, 1, 1, 1, 1, 0, 1, 1, 0, 1, 0, 0, 1, 1, 0]]",20.0,4.0,Y,"{0: 36, 1: 72, 2: 44, 3: 60, 4: 32, 5: 64, 6: 48, 7: 20, 8: 40, 9: 76, 10: 56, 11: 68, 12: 24, 13: 28, 14: 52}","{(0, 2): 25, (0, 5): 8, (0, 12): 3, (1, 2): 10, (1, 3): 36, (1, 8): 12, (1, 12): 3, (1, 14): 11, (2, 3): 1, (2, 7): 6, (2, 10): 1, (2, 14): 1, (3, 8): 1, (3, 9): 1, (3, 11): 10, (3, 12): 1, (3, 13): 9, (3, 14): 1, (4, 5): 1, (4, 6): 10, (4, 8): 1, (4, 9): 1, (4, 10): 4, (4, 12): 1, (4, 13): 13, (4, 14): 1, (5, 7): 9, (5, 8): 1, (5, 9): 35, (5, 11): 9, (5, 13): 1, (6, 9): 1, (6, 10): 1, (6, 11): 1, (6, 12): 1, (6, 14): 34, (7, 11): 1, (7, 12): 3, (7, 14): 1, (8, 11): 25, (9, 10): 35, (9, 12): 1, (9, 13): 1, (9, 14): 1, (10, 11): 15, (11, 12): 7, (12, 13): 3, (12, 14): 1, (13, 14): 1}",97.99003601074219,274.0,45.0,773.0
23.0,Graph with 15 nodes and 49 edges,"[[0, 0, 0, 0, 0, 0, 1, 0, 0, 1, 1, 1, 0, 0, 1], [0, 0, 1, 0, 0, 0, 0, 0, 1, 0, 0, 0, 0, 1, 0], [0, 1, 0, 1, 1, 1, 0, 0, 1, 0, 0, 1, 0, 0, 1], [0, 0, 1, 0, 0, 1, 1, 1, 0, 1, 1, 1, 0, 1, 1], [0, 0, 1, 0, 0, 1, 1, 0, 0, 1, 0, 1, 0, 0, 0], [0, 0, 1, 1, 1, 0, 0, 0, 1, 0, 0, 0, 1, 0, 1], [1, 0, 0, 1, 1, 0, 0, 1, 1, 1, 1, 1, 0, 0, 1], [0, 0, 0, 1, 0, 0, 1, 0, 0, 0, 0, 0, 0, 1, 0], [0, 1, 1, 0, 0, 1, 1, 0, 0, 0, 0, 1, 1, 1, 1], [1, 0, 0, 1, 1, 0, 1, 0, 0, 0, 1, 1, 0, 1, 1], [1, 0, 0, 1, 0, 0, 1, 0, 0, 1, 0, 0, 1, 1, 1], [1, 0, 1, 1, 1, 0, 1, 0, 1, 1, 0, 0, 0, 0, 1], [0, 0, 0, 0, 0, 1, 0, 0, 1, 0, 1, 0, 0, 0, 1], [0, 1, 0, 1, 0, 0, 0, 1, 1, 1, 1, 0, 0, 0, 0], [1, 0, 1, 1, 0, 1, 1, 0, 1, 1, 1, 1, 1, 0, 0]]",8.0,4.0,Y,"{0: 28, 1: 16, 2: 32, 3: 60, 4: 48, 5: 20, 6: 56, 7: 36, 8: 24, 9: 8, 10: 44, 11: 40, 12: 52, 13: 12, 14: 64}","{(0, 6): 1, (0, 9): 1, (0, 10): 1, (0, 11): 1, (0, 14): 24, (1, 2): 1, (1, 8): 14, (1, 13): 1, (2, 3): 1, (2, 4): 2, (2, 5): 1, (2, 8): 1, (2, 11): 25, (2, 14): 1, (3, 5): 1, (3, 6): 1, (3, 7): 15, (3, 9): 1, (3, 10): 38, (3, 11): 1, (3, 13): 1, (3, 14): 1, (4, 5): 1, (4, 6): 35, (4, 9): 1, (4, 11): 9, (5, 8): 1, (5, 12): 15, (5, 14): 1, (6, 7): 14, (6, 8): 1, (6, 9): 1, (6, 10): 1, (6, 11): 1, (6, 14): 1, (7, 13): 7, (8, 11): 1, (8, 12): 4, (8, 13): 1, (8, 14): 1, (9, 10): 1, (9, 11): 1, (9, 13): 1, (9, 14): 1, (10, 12): 1, (10, 13): 1, (10, 14): 1, (11, 14): 1, (12, 14): 32}",1401.1859893798828,274.0,45.0,773.0
27.0,Graph with 15 nodes and 55 edges,"[[0, 0, 1, 0, 0, 0, 1, 0, 0, 1, 1, 1, 1, 0, 1], [0, 0, 0, 1, 0, 1, 1, 1, 1, 0, 1, 0, 1, 1, 0], [1, 0, 0, 1, 0, 0, 1, 1, 0, 0, 0, 0, 0, 0, 0], [0, 1, 1, 0, 1, 0, 0, 1, 1, 0, 1, 0, 1, 1, 1], [0, 0, 0, 1, 0, 1, 1, 0, 1, 0, 1, 0, 0, 0, 1], [0, 1, 0, 0, 1, 0, 1, 1, 0, 1, 1, 0, 1, 1, 0], [1, 1, 1, 0, 1, 1, 0, 0, 1, 0, 0, 1, 0, 0, 1], [0, 1, 1, 1, 0, 1, 0, 0, 1, 1, 1, 1, 0, 1, 0], [0, 1, 0, 1, 1, 0, 1, 1, 0, 0, 0, 0, 0, 1, 1], [1, 0, 0, 0, 0, 1, 0, 1, 0, 0, 1, 1, 0, 1, 1], [1, 1, 0, 1, 1, 1, 0, 1, 0, 1, 0, 0, 0, 1, 0], [1, 0, 0, 0, 0, 0, 1, 1, 0, 1, 0, 0, 1, 0, 1], [1, 1, 0, 1, 0, 1, 0, 0, 0, 0, 0, 1, 0, 0, 1], [0, 1, 0, 1, 0, 1, 0, 1, 1, 1, 1, 0, 0, 0, 1], [1, 0, 0, 1, 1, 0, 1, 0, 1, 1, 0, 1, 1, 1, 0]]",9.0,1.0,Y,"{0: 9, 1: 23, 2: 22, 3: 21, 4: 20, 5: 19, 6: 18, 7: 17, 8: 16, 9: 15, 10: 14, 11: 13, 12: 12, 13: 11, 14: 10}","{(0, 2): 1, (0, 6): 1, (0, 9): 1, (0, 10): 1, (0, 11): 1, (0, 12): 2, (0, 14): 2, (1, 3): 1, (1, 5): 1, (1, 6): 1, (1, 7): 9, (1, 8): 1, (1, 10): 1, (1, 12): 5, (1, 13): 4, (2, 3): 9, (2, 6): 11, (2, 7): 1, (3, 4): 1, (3, 7): 1, (3, 8): 2, (3, 10): 4, (3, 12): 1, (3, 13): 1, (3, 14): 1, (4, 5): 7, (4, 6): 1, (4, 8): 9, (4, 10): 1, (4, 14): 1, (5, 6): 1, (5, 7): 1, (5, 9): 2, (5, 10): 4, (5, 12): 2, (5, 13): 1, (6, 8): 1, (6, 11): 1, (6, 14): 1, (7, 8): 1, (7, 9): 1, (7, 10): 1, (7, 11): 1, (7, 13): 1, (8, 13): 1, (8, 14): 1, (9, 10): 1, (9, 11): 8, (9, 13): 1, (9, 14): 1, (10, 13): 1, (11, 12): 1, (11, 14): 1, (12, 14): 1, (13, 14): 1}",1716.1369323730469,280.0,45.0,785.0
29.0,Graph with 15 nodes and 53 edges,"[[0, 1, 1, 0, 0, 1, 1, 0, 1, 1, 1, 1, 0, 0, 1], [1, 0, 0, 1, 1, 1, 1, 0, 1, 0, 1, 0, 0, 0, 1], [1, 0, 0, 1, 1, 0, 0, 0, 0, 1, 1, 1, 1, 1, 0], [0, 1, 1, 0, 0, 1, 1, 0, 1, 1, 0, 1, 0, 1, 1], [0, 1, 1, 0, 0, 0, 0, 1, 0, 0, 0, 0, 0, 1, 0], [1, 1, 0, 1, 0, 0, 1, 1, 1, 0, 1, 1, 1, 0, 1], [1, 1, 0, 1, 0, 1, 0, 0, 0, 0, 0, 0, 0, 1, 0], [0, 0, 0, 0, 1, 1, 0, 0, 1, 0, 0, 0, 1, 0, 0], [1, 1, 0, 1, 0, 1, 0, 1, 0, 0, 0, 1, 1, 1, 1], [1, 0, 1, 1, 0, 0, 0, 0, 0, 0, 0, 0, 0, 0, 1], [1, 1, 1, 0, 0, 1, 0, 0, 0, 0, 0, 0, 0, 1, 0], [1, 0, 1, 1, 0, 1, 0, 0, 1, 0, 0, 0, 1, 1, 0], [0, 0, 1, 0, 0, 1, 0, 1, 1, 0, 0, 1, 0, 1, 1], [0, 0, 1, 1, 1, 0, 1, 0, 1, 0, 1, 1, 1, 0, 1], [1, 1, 0, 1, 0, 1, 0, 0, 1, 1, 0, 0, 1, 1, 0]]",11.0,7.0,Y,"{0: 18, 1: 25, 2: 32, 3: 39, 4: 46, 5: 53, 6: 60, 7: 67, 8: 74, 9: 81, 10: 88, 11: 95, 12: 11, 13: 102, 14: 109}","{(0, 1): 1, (0, 2): 1, (0, 5): 1, (0, 6): 9, (0, 8): 1, (0, 9): 1, (0, 10): 2, (0, 11): 1, (0, 14): 1, (1, 3): 1, (1, 4): 1, (1, 5): 1, (1, 6): 1, (1, 8): 1, (1, 10): 18, (1, 14): 1, (2, 3): 1, (2, 4): 1, (2, 9): 1, (2, 10): 1, (2, 11): 25, (2, 12): 1, (2, 13): 1, (3, 5): 1, (3, 6): 31, (3, 8): 1, (3, 9): 1, (3, 11): 1, (3, 13): 1, (3, 14): 1, (4, 7): 43, (4, 13): 1, (5, 6): 1, (5, 7): 1, (5, 8): 1, (5, 10): 1, (5, 11): 44, (5, 12): 1, (5, 14): 1, (6, 13): 18, (7, 8): 22, (7, 12): 1, (8, 11): 14, (8, 12): 1, (8, 13): 8, (8, 14): 25, (9, 14): 78, (10, 13): 66, (11, 12): 5, (11, 13): 5, (12, 13): 1, (12, 14): 1, (13, 14): 1}",1775.0263214111328,278.0,45.0,781.0
30.0,Graph with 15 nodes and 52 edges,"[[0, 1, 1, 1, 0, 1, 1, 0, 0, 0, 1, 0, 0, 0, 0], [1, 0, 1, 0, 1, 1, 0, 0, 0, 1, 1, 0, 1, 0, 0], [1, 1, 0, 0, 1, 0, 0, 1, 1, 1, 0, 0, 1, 0, 1], [1, 0, 0, 0, 1, 0, 1, 1, 0, 1, 0, 0, 1, 1, 0], [0, 1, 1, 1, 0, 0, 1, 1, 1, 0, 0, 1, 0, 0, 1], [1, 1, 0, 0, 0, 0, 0, 0, 0, 0, 0, 0, 1, 0, 0], [1, 0, 0, 1, 1, 0, 0, 0, 1, 1, 0, 1, 0, 0, 1], [0, 0, 1, 1, 1, 0, 0, 0, 0, 1, 1, 0, 1, 1, 1], [0, 0, 1, 0, 1, 0, 1, 0, 0, 1, 0, 1, 1, 0, 1], [0, 1, 1, 1, 0, 0, 1, 1, 1, 0, 0, 1, 1, 0, 1], [1, 1, 0, 0, 0, 0, 0, 1, 0, 0, 0, 1, 0, 1, 1], [0, 0, 0, 0, 1, 0, 1, 0, 1, 1, 1, 0, 1, 0, 1], [0, 1, 1, 1, 0, 1, 0, 1, 1, 1, 0, 1, 0, 0, 1], [0, 0, 0, 1, 0, 0, 0, 1, 0, 0, 1, 0, 0, 0, 0], [0, 0, 1, 0, 1, 0, 1, 1, 1, 1, 1, 1, 1, 0, 0]]",28.0,6.0,Y,"{0: 76, 1: 58, 2: 88, 3: 64, 4: 46, 5: 52, 6: 40, 7: 106, 8: 82, 9: 112, 10: 70, 11: 28, 12: 94, 13: 34, 14: 100}","{(0, 1): 1, (0, 2): 71, (0, 3): 1, (0, 5): 1, (0, 6): 1, (0, 10): 1, (1, 2): 1, (1, 4): 1, (1, 5): 37, (1, 9): 1, (1, 10): 1, (1, 12): 16, (2, 4): 1, (2, 7): 1, (2, 8): 1, (2, 9): 1, (2, 12): 1, (2, 14): 11, (3, 4): 1, (3, 6): 1, (3, 7): 1, (3, 9): 1, (3, 12): 58, (3, 13): 1, (4, 6): 1, (4, 7): 1, (4, 8): 39, (4, 11): 1, (4, 14): 1, (5, 12): 14, (6, 8): 1, (6, 9): 34, (6, 11): 1, (6, 14): 1, (7, 9): 13, (7, 10): 20, (7, 12): 1, (7, 13): 1, (7, 14): 68, (8, 9): 38, (8, 11): 1, (8, 12): 1, (8, 14): 1, (9, 11): 22, (9, 12): 1, (9, 14): 1, (10, 11): 1, (10, 13): 32, (10, 14): 15, (11, 12): 1, (11, 14): 1, (12, 14): 1}",3329.038619995117,277.0,45.0,779.0
32.0,Graph with 15 nodes and 53 edges,"[[0, 1, 0, 1, 1, 1, 0, 0, 0, 1, 0, 0, 1, 1, 1], [1, 0, 1, 0, 0, 0, 1, 0, 0, 1, 1, 1, 1, 1, 0], [0, 1, 0, 0, 1, 0, 1, 0, 1, 0, 1, 1, 0, 0, 1], [1, 0, 0, 0, 1, 1, 1, 1, 1, 0, 0, 0, 0, 1, 1], [1, 0, 1, 1, 0, 1, 0, 1, 0, 1, 0, 0, 0, 1, 0], [1, 0, 0, 1, 1, 0, 0, 0, 0, 1, 0, 0, 0, 1, 0], [0, 1, 1, 1, 0, 0, 0, 0, 0, 1, 1, 1, 1, 0, 1], [0, 0, 0, 1, 1, 0, 0, 0, 1, 0, 1, 1, 0, 1, 0], [0, 0, 1, 1, 0, 0, 0, 1, 0, 1, 1, 0, 0, 1, 0], [1, 1, 0, 0, 1, 1, 1, 0, 1, 0, 1, 1, 1, 0, 1], [0, 1, 1, 0, 0, 0, 1, 1, 1, 1, 0, 0, 1, 0, 0], [0, 1, 1, 0, 0, 0, 1, 1, 0, 1, 0, 0, 1, 0, 1], [1, 1, 0, 0, 0, 0, 1, 0, 0, 1, 1, 1, 0, 0, 0], [1, 1, 0, 1, 1, 1, 0, 1, 1, 0, 0, 0, 0, 0, 0], [1, 0, 1, 1, 0, 0, 1, 0, 0, 1, 0, 1, 0, 0, 0]]",15.0,7.0,Y,"{0: 15, 1: 113, 2: 106, 3: 99, 4: 92, 5: 85, 6: 78, 7: 71, 8: 64, 9: 57, 10: 50, 11: 43, 12: 36, 13: 29, 14: 22}","{(0, 1): 1, (0, 3): 1, (0, 4): 1, (0, 5): 1, (0, 9): 8, (0, 12): 1, (0, 13): 1, (0, 14): 1, (1, 2): 1, (1, 6): 1, (1, 9): 41, (1, 10): 1, (1, 11): 14, (1, 12): 31, (1, 13): 23, (2, 4): 1, (2, 6): 1, (2, 8): 18, (2, 10): 44, (2, 11): 24, (2, 14): 17, (3, 4): 1, (3, 5): 1, (3, 6): 71, (3, 7): 21, (3, 8): 2, (3, 13): 1, (3, 14): 1, (4, 5): 81, (4, 7): 6, (4, 9): 1, (4, 13): 1, (5, 9): 1, (5, 13): 1, (6, 9): 1, (6, 10): 1, (6, 11): 1, (6, 12): 1, (6, 14): 1, (7, 8): 41, (7, 10): 1, (7, 11): 1, (7, 13): 1, (8, 9): 1, (8, 10): 1, (8, 13): 1, (9, 10): 1, (9, 11): 1, (9, 12): 1, (9, 14): 1, (10, 12): 1, (11, 12): 1, (11, 14): 1}",1255.035400390625,278.0,45.0,781.0
32.0,Graph with 15 nodes and 53 edges,"[[0, 1, 0, 1, 1, 1, 0, 0, 0, 1, 0, 0, 1, 1, 1], [1, 0, 1, 0, 0, 0, 1, 0, 0, 1, 1, 1, 1, 1, 0], [0, 1, 0, 0, 1, 0, 1, 0, 1, 0, 1, 1, 0, 0, 1], [1, 0, 0, 0, 1, 1, 1, 1, 1, 0, 0, 0, 0, 1, 1], [1, 0, 1, 1, 0, 1, 0, 1, 0, 1, 0, 0, 0, 1, 0], [1, 0, 0, 1, 1, 0, 0, 0, 0, 1, 0, 0, 0, 1, 0], [0, 1, 1, 1, 0, 0, 0, 0, 0, 1, 1, 1, 1, 0, 1], [0, 0, 0, 1, 1, 0, 0, 0, 1, 0, 1, 1, 0, 1, 0], [0, 0, 1, 1, 0, 0, 0, 1, 0, 1, 1, 0, 0, 1, 0], [1, 1, 0, 0, 1, 1, 1, 0, 1, 0, 1, 1, 1, 0, 1], [0, 1, 1, 0, 0, 0, 1, 1, 1, 1, 0, 0, 1, 0, 0], [0, 1, 1, 0, 0, 0, 1, 1, 0, 1, 0, 0, 1, 0, 1], [1, 1, 0, 0, 0, 0, 1, 0, 0, 1, 1, 1, 0, 0, 0], [1, 1, 0, 1, 1, 1, 0, 1, 1, 0, 0, 0, 0, 0, 0], [1, 0, 1, 1, 0, 0, 1, 0, 0, 1, 0, 1, 0, 0, 0]]",16.0,8.0,Y,"{0: 16, 1: 128, 2: 120, 3: 112, 4: 104, 5: 96, 6: 88, 7: 80, 8: 72, 9: 64, 10: 56, 11: 48, 12: 40, 13: 32, 14: 24}","{(0, 1): 1, (0, 3): 1, (0, 4): 1, (0, 5): 1, (0, 9): 9, (0, 12): 1, (0, 13): 1, (0, 14): 1, (1, 2): 1, (1, 6): 1, (1, 9): 47, (1, 10): 1, (1, 11): 16, (1, 12): 35, (1, 13): 26, (2, 4): 1, (2, 6): 1, (2, 8): 21, (2, 10): 50, (2, 11): 27, (2, 14): 19, (3, 4): 1, (3, 5): 1, (3, 6): 81, (3, 7): 24, (3, 8): 2, (3, 13): 1, (3, 14): 1, (4, 5): 92, (4, 7): 7, (4, 9): 1, (4, 13): 1, (5, 9): 1, (5, 13): 1, (6, 9): 1, (6, 10): 1, (6, 11): 1, (6, 12): 1, (6, 14): 1, (7, 8): 46, (7, 10): 1, (7, 11): 1, (7, 13): 1, (8, 9): 1, (8, 10): 1, (8, 13): 1, (9, 10): 1, (9, 11): 1, (9, 12): 1, (9, 14): 1, (10, 12): 1, (11, 12): 1, (11, 14): 1}",1713.0374908447266,278.0,45.0,781.0
32.0,Graph with 15 nodes and 53 edges,"[[0, 1, 0, 1, 1, 1, 0, 0, 0, 1, 0, 0, 1, 1, 1], [1, 0, 1, 0, 0, 0, 1, 0, 0, 1, 1, 1, 1, 1, 0], [0, 1, 0, 0, 1, 0, 1, 0, 1, 0, 1, 1, 0, 0, 1], [1, 0, 0, 0, 1, 1, 1, 1, 1, 0, 0, 0, 0, 1, 1], [1, 0, 1, 1, 0, 1, 0, 1, 0, 1, 0, 0, 0, 1, 0], [1, 0, 0, 1, 1, 0, 0, 0, 0, 1, 0, 0, 0, 1, 0], [0, 1, 1, 1, 0, 0, 0, 0, 0, 1, 1, 1, 1, 0, 1], [0, 0, 0, 1, 1, 0, 0, 0, 1, 0, 1, 1, 0, 1, 0], [0, 0, 1, 1, 0, 0, 0, 1, 0, 1, 1, 0, 0, 1, 0], [1, 1, 0, 0, 1, 1, 1, 0, 1, 0, 1, 1, 1, 0, 1], [0, 1, 1, 0, 0, 0, 1, 1, 1, 1, 0, 0, 1, 0, 0], [0, 1, 1, 0, 0, 0, 1, 1, 0, 1, 0, 0, 1, 0, 1], [1, 1, 0, 0, 0, 0, 1, 0, 0, 1, 1, 1, 0, 0, 0], [1, 1, 0, 1, 1, 1, 0, 1, 1, 0, 0, 0, 0, 0, 0], [1, 0, 1, 1, 0, 0, 1, 0, 0, 1, 0, 1, 0, 0, 0]]",17.0,1.0,Y,"{0: 31, 1: 30, 2: 29, 3: 28, 4: 27, 5: 26, 6: 25, 7: 24, 8: 23, 9: 22, 10: 21, 11: 20, 12: 19, 13: 18, 14: 17}","{(0, 1): 1, (0, 3): 1, (0, 4): 1, (0, 5): 1, (0, 9): 13, (0, 12): 1, (0, 13): 12, (0, 14): 1, (1, 2): 23, (1, 6): 1, (1, 9): 1, (1, 10): 1, (1, 11): 1, (1, 12): 1, (1, 13): 1, (2, 4): 1, (2, 6): 1, (2, 8): 1, (2, 10): 1, (2, 11): 1, (2, 14): 1, (3, 4): 1, (3, 5): 2, (3, 6): 18, (3, 7): 3, (3, 8): 1, (3, 13): 1, (3, 14): 1, (4, 5): 21, (4, 7): 1, (4, 9): 1, (4, 13): 1, (5, 9): 1, (5, 13): 1, (6, 9): 1, (6, 10): 1, (6, 11): 1, (6, 12): 1, (6, 14): 1, (7, 8): 16, (7, 10): 1, (7, 11): 2, (7, 13): 1, (8, 9): 1, (8, 10): 3, (8, 13): 1, (9, 10): 1, (9, 11): 1, (9, 12): 1, (9, 14): 1, (10, 12): 13, (11, 12): 2, (11, 14): 12}",1270.0557708740234,278.0,45.0,781.0
33.0,Graph with 15 nodes and 53 edges,"[[0, 0, 1, 0, 1, 0, 1, 0, 1, 1, 0, 0, 0, 1, 1], [0, 0, 1, 0, 1, 0, 1, 0, 0, 1, 0, 1, 0, 0, 1], [1, 1, 0, 0, 1, 0, 1, 1, 0, 1, 1, 0, 0, 1, 0], [0, 0, 0, 0, 0, 1, 0, 1, 0, 0, 1, 0, 0, 1, 1], [1, 1, 1, 0, 0, 0, 1, 0, 1, 1, 0, 0, 0, 1, 1], [0, 0, 0, 1, 0, 0, 1, 0, 1, 1, 0, 0, 1, 1, 0], [1, 1, 1, 0, 1, 1, 0, 1, 0, 1, 0, 0, 0, 1, 1], [0, 0, 1, 1, 0, 0, 1, 0, 1, 0, 1, 1, 1, 1, 1], [1, 0, 0, 0, 1, 1, 0, 1, 0, 0, 1, 0, 0, 1, 0], [1, 1, 1, 0, 1, 1, 1, 0, 0, 0, 0, 1, 0, 1, 1], [0, 0, 1, 1, 0, 0, 0, 1, 1, 0, 0, 1, 1, 0, 1], [0, 1, 0, 0, 0, 0, 0, 1, 0, 1, 1, 0, 0, 1, 0], [0, 0, 0, 0, 0, 1, 0, 1, 0, 0, 1, 0, 0, 0, 0], [1, 0, 1, 1, 1, 1, 1, 1, 1, 1, 0, 1, 0, 0, 0], [1, 1, 0, 1, 1, 0, 1, 1, 0, 1, 1, 0, 0, 0, 0]]",9.0,7.0,Y,"{0: 16, 1: 23, 2: 30, 3: 37, 4: 44, 5: 51, 6: 58, 7: 65, 8: 72, 9: 79, 10: 86, 11: 93, 12: 100, 13: 107, 14: 9}","{(0, 2): 10, (0, 4): 1, (0, 6): 1, (0, 8): 1, (0, 9): 1, (0, 13): 1, (0, 14): 1, (1, 2): 14, (1, 4): 5, (1, 6): 1, (1, 9): 1, (1, 11): 1, (1, 14): 1, (2, 4): 1, (2, 6): 1, (2, 7): 1, (2, 9): 1, (2, 10): 1, (2, 13): 1, (3, 5): 33, (3, 7): 1, (3, 10): 1, (3, 13): 1, (3, 14): 1, (4, 6): 33, (4, 8): 1, (4, 9): 1, (4, 13): 1, (4, 14): 1, (5, 6): 1, (5, 8): 1, (5, 9): 1, (5, 12): 14, (5, 13): 1, (6, 7): 1, (6, 9): 16, (6, 13): 3, (6, 14): 1, (7, 8): 33, (7, 10): 1, (7, 11): 3, (7, 12): 23, (7, 13): 1, (7, 14): 1, (8, 10): 18, (8, 13): 18, (9, 11): 32, (9, 13): 24, (9, 14): 2, (10, 11): 1, (10, 12): 63, (10, 14): 1, (11, 13): 56}",1892.08984375,278.0,45.0,781.0
33.0,Graph with 15 nodes and 53 edges,"[[0, 0, 1, 0, 1, 0, 1, 0, 1, 1, 0, 0, 0, 1, 1], [0, 0, 1, 0, 1, 0, 1, 0, 0, 1, 0, 1, 0, 0, 1], [1, 1, 0, 0, 1, 0, 1, 1, 0, 1, 1, 0, 0, 1, 0], [0, 0, 0, 0, 0, 1, 0, 1, 0, 0, 1, 0, 0, 1, 1], [1, 1, 1, 0, 0, 0, 1, 0, 1, 1, 0, 0, 0, 1, 1], [0, 0, 0, 1, 0, 0, 1, 0, 1, 1, 0, 0, 1, 1, 0], [1, 1, 1, 0, 1, 1, 0, 1, 0, 1, 0, 0, 0, 1, 1], [0, 0, 1, 1, 0, 0, 1, 0, 1, 0, 1, 1, 1, 1, 1], [1, 0, 0, 0, 1, 1, 0, 1, 0, 0, 1, 0, 0, 1, 0], [1, 1, 1, 0, 1, 1, 1, 0, 0, 0, 0, 1, 0, 1, 1], [0, 0, 1, 1, 0, 0, 0, 1, 1, 0, 0, 1, 1, 0, 1], [0, 1, 0, 0, 0, 0, 0, 1, 0, 1, 1, 0, 0, 1, 0], [0, 0, 0, 0, 0, 1, 0, 1, 0, 0, 1, 0, 0, 0, 0], [1, 0, 1, 1, 1, 1, 1, 1, 1, 1, 0, 1, 0, 0, 0], [1, 1, 0, 1, 1, 0, 1, 1, 0, 1, 1, 0, 0, 0, 0]]",15.0,1.0,Y,"{0: 28, 1: 29, 2: 22, 3: 18, 4: 15, 5: 19, 6: 20, 7: 21, 8: 27, 9: 25, 10: 23, 11: 16, 12: 17, 13: 26, 14: 24}","{(0, 2): 1, (0, 4): 4, (0, 6): 1, (0, 8): 19, (0, 9): 1, (0, 13): 1, (0, 14): 1, (1, 2): 8, (1, 4): 1, (1, 6): 6, (1, 9): 1, (1, 11): 12, (1, 14): 1, (2, 4): 1, (2, 6): 3, (2, 7): 1, (2, 9): 1, (2, 10): 6, (2, 13): 1, (3, 5): 1, (3, 7): 1, (3, 10): 1, (3, 13): 14, (3, 14): 1, (4, 6): 5, (4, 8): 1, (4, 9): 1, (4, 13): 1, (4, 14): 1, (5, 6): 1, (5, 8): 1, (5, 9): 1, (5, 12): 14, (5, 13): 1, (6, 7): 1, (6, 9): 1, (6, 13): 1, (6, 14): 1, (7, 8): 1, (7, 10): 12, (7, 11): 1, (7, 12): 2, (7, 13): 1, (7, 14): 1, (8, 10): 1, (8, 13): 4, (9, 11): 1, (9, 13): 1, (9, 14): 17, (10, 11): 1, (10, 12): 1, (10, 14): 1, (11, 13): 1}",2830.028533935547,278.0,45.0,781.0
36.0,Graph with 15 nodes and 49 edges,"[[0, 1, 1, 1, 0, 0, 0, 1, 0, 1, 0, 1, 0, 0, 0], [1, 0, 0, 1, 1, 0, 0, 0, 1, 0, 1, 1, 0, 1, 0], [1, 0, 0, 0, 0, 0, 0, 0, 1, 0, 0, 0, 0, 0, 1], [1, 1, 0, 0, 0, 1, 1, 0, 1, 0, 0, 0, 0, 0, 1], [0, 1, 0, 0, 0, 0, 0, 1, 0, 1, 1, 0, 1, 1, 0], [0, 0, 0, 1, 0, 0, 0, 1, 1, 0, 1, 1, 0, 0, 0], [0, 0, 0, 1, 0, 0, 0, 0, 1, 1, 1, 1, 1, 1, 1], [1, 0, 0, 0, 1, 1, 0, 0, 1, 1, 1, 1, 0, 0, 0], [0, 1, 1, 1, 0, 1, 1, 1, 0, 1, 0, 0, 1, 0, 0], [1, 0, 0, 0, 1, 0, 1, 1, 1, 0, 1, 1, 0, 1, 1], [0, 1, 0, 0, 1, 1, 1, 1, 0, 1, 0, 0, 1, 1, 1], [1, 1, 0, 0, 0, 1, 1, 1, 0, 1, 0, 0, 1, 0, 1], [0, 0, 0, 0, 1, 0, 1, 0, 1, 0, 1, 1, 0, 0, 0], [0, 1, 0, 0, 1, 0, 1, 0, 0, 1, 1, 0, 0, 0, 0], [0, 0, 1, 1, 0, 0, 1, 0, 0, 1, 1, 1, 0, 0, 0]]",14.0,8.0,Y,"{0: 22, 1: 30, 2: 38, 3: 46, 4: 54, 5: 62, 6: 70, 7: 78, 8: 86, 9: 94, 10: 102, 11: 110, 12: 118, 13: 126, 14: 14}","{(0, 1): 17, (0, 2): 1, (0, 3): 1, (0, 7): 1, (0, 9): 1, (0, 11): 1, (1, 3): 8, (1, 4): 1, (1, 8): 1, (1, 10): 1, (1, 11): 1, (1, 13): 1, (2, 8): 36, (2, 14): 1, (3, 5): 34, (3, 6): 1, (3, 8): 1, (3, 14): 1, (4, 7): 49, (4, 9): 1, (4, 10): 1, (4, 12): 1, (4, 13): 1, (5, 7): 1, (5, 8): 1, (5, 10): 25, (5, 11): 1, (6, 8): 1, (6, 9): 1, (6, 10): 48, (6, 11): 2, (6, 12): 1, (6, 13): 15, (6, 14): 1, (7, 8): 1, (7, 9): 1, (7, 10): 1, (7, 11): 24, (8, 9): 1, (8, 12): 44, (9, 10): 1, (9, 11): 1, (9, 13): 86, (9, 14): 1, (10, 12): 1, (10, 13): 23, (10, 14): 1, (11, 12): 71, (11, 14): 9}",1975.0595092773438,274.0,45.0,773.0
36.0,Graph with 15 nodes and 49 edges,"[[0, 1, 1, 1, 0, 0, 0, 1, 0, 1, 0, 1, 0, 0, 0], [1, 0, 0, 1, 1, 0, 0, 0, 1, 0, 1, 1, 0, 1, 0], [1, 0, 0, 0, 0, 0, 0, 0, 1, 0, 0, 0, 0, 0, 1], [1, 1, 0, 0, 0, 1, 1, 0, 1, 0, 0, 0, 0, 0, 1], [0, 1, 0, 0, 0, 0, 0, 1, 0, 1, 1, 0, 1, 1, 0], [0, 0, 0, 1, 0, 0, 0, 1, 1, 0, 1, 1, 0, 0, 0], [0, 0, 0, 1, 0, 0, 0, 0, 1, 1, 1, 1, 1, 1, 1], [1, 0, 0, 0, 1, 1, 0, 0, 1, 1, 1, 1, 0, 0, 0], [0, 1, 1, 1, 0, 1, 1, 1, 0, 1, 0, 0, 1, 0, 0], [1, 0, 0, 0, 1, 0, 1, 1, 1, 0, 1, 1, 0, 1, 1], [0, 1, 0, 0, 1, 1, 1, 1, 0, 1, 0, 0, 1, 1, 1], [1, 1, 0, 0, 0, 1, 1, 1, 0, 1, 0, 0, 1, 0, 1], [0, 0, 0, 0, 1, 0, 1, 0, 1, 0, 1, 1, 0, 0, 0], [0, 1, 0, 0, 1, 0, 1, 0, 0, 1, 1, 0, 0, 0, 0], [0, 0, 1, 1, 0, 0, 1, 0, 0, 1, 1, 1, 0, 0, 0]]",18.0,8.0,Y,"{0: 130, 1: 122, 2: 114, 3: 106, 4: 98, 5: 90, 6: 82, 7: 74, 8: 66, 9: 58, 10: 50, 11: 42, 12: 34, 13: 26, 14: 18}","{(0, 1): 1, (0, 2): 42, (0, 3): 1, (0, 7): 1, (0, 9): 50, (0, 11): 35, (1, 3): 1, (1, 4): 55, (1, 8): 1, (1, 10): 41, (1, 11): 1, (1, 13): 22, (2, 8): 59, (2, 14): 13, (3, 5): 27, (3, 6): 75, (3, 8): 1, (3, 14): 1, (4, 7): 9, (4, 9): 1, (4, 10): 2, (4, 12): 30, (4, 13): 1, (5, 7): 60, (5, 8): 1, (5, 10): 1, (5, 11): 1, (6, 8): 1, (6, 9): 1, (6, 10): 1, (6, 11): 1, (6, 12): 1, (6, 13): 1, (6, 14): 1, (7, 8): 1, (7, 9): 1, (7, 10): 1, (7, 11): 1, (8, 9): 1, (8, 12): 1, (9, 10): 1, (9, 11): 1, (9, 13): 1, (9, 14): 1, (10, 12): 1, (10, 13): 1, (10, 14): 1, (11, 12): 1, (11, 14): 1}",1088.1423950195312,274.0,45.0,773.0
37.0,Graph with 15 nodes and 60 edges,"[[0, 1, 1, 1, 0, 1, 0, 0, 0, 0, 1, 1, 1, 0, 0], [1, 0, 1, 0, 1, 0, 1, 0, 0, 0, 1, 1, 1, 1, 1], [1, 1, 0, 0, 1, 1, 1, 1, 0, 1, 0, 0, 1, 0, 1], [1, 0, 0, 0, 1, 0, 1, 0, 1, 1, 1, 0, 1, 0, 0], [0, 1, 1, 1, 0, 0, 0, 0, 0, 1, 1, 1, 0, 0, 1], [1, 0, 1, 0, 0, 0, 1, 1, 1, 1, 1, 1, 1, 1, 1], [0, 1, 1, 1, 0, 1, 0, 0, 0, 0, 1, 1, 1, 1, 0], [0, 0, 1, 0, 0, 1, 0, 0, 1, 1, 1, 0, 0, 1, 0], [0, 0, 0, 1, 0, 1, 0, 1, 0, 1, 1, 0, 0, 1, 0], [0, 0, 1, 1, 1, 1, 0, 1, 1, 0, 1, 0, 1, 0, 0], [1, 1, 0, 1, 1, 1, 1, 1, 1, 1, 0, 1, 1, 1, 0], [1, 1, 0, 0, 1, 1, 1, 0, 0, 0, 1, 0, 1, 0, 0], [1, 1, 1, 1, 0, 1, 1, 0, 0, 1, 1, 1, 0, 1, 1], [0, 1, 0, 0, 0, 1, 1, 1, 1, 0, 1, 0, 1, 0, 0], [0, 1, 1, 0, 1, 1, 0, 0, 0, 0, 0, 0, 1, 0, 0]]",9.0,9.0,Y,"{0: 18, 1: 27, 2: 36, 3: 45, 4: 54, 5: 63, 6: 72, 7: 81, 8: 90, 9: 99, 10: 108, 11: 117, 12: 126, 13: 135, 14: 9}","{(0, 1): 12, (0, 2): 1, (0, 3): 1, (0, 5): 1, (0, 10): 1, (0, 11): 1, (0, 12): 1, (1, 2): 8, (1, 4): 1, (1, 6): 1, (1, 10): 1, (1, 11): 1, (1, 12): 1, (1, 13): 1, (1, 14): 1, (2, 4): 21, (2, 5): 1, (2, 6): 1, (2, 7): 1, (2, 9): 1, (2, 12): 1, (2, 14): 1, (3, 4): 28, (3, 6): 12, (3, 8): 1, (3, 9): 1, (3, 10): 1, (3, 12): 1, (4, 9): 1, (4, 10): 1, (4, 11): 1, (4, 14): 1, (5, 6): 1, (5, 7): 1, (5, 8): 1, (5, 9): 1, (5, 10): 1, (5, 11): 53, (5, 12): 1, (5, 13): 1, (5, 14): 1, (6, 10): 1, (6, 11): 54, (6, 12): 1, (6, 13): 1, (7, 8): 72, (7, 9): 5, (7, 10): 1, (7, 13): 1, (8, 9): 14, (8, 10): 1, (8, 13): 1, (9, 10): 75, (9, 12): 1, (10, 11): 6, (10, 12): 1, (10, 13): 18, (11, 12): 1, (12, 13): 112, (12, 14): 5}",2156.0192108154297,285.0,45.0,795.0
39.0,Graph with 15 nodes and 56 edges,"[[0, 1, 1, 0, 1, 0, 0, 1, 1, 1, 0, 0, 1, 0, 0], [1, 0, 1, 0, 1, 1, 1, 1, 0, 0, 0, 1, 0, 1, 0], [1, 1, 0, 1, 1, 0, 1, 0, 1, 1, 0, 1, 1, 0, 1], [0, 0, 1, 0, 1, 1, 1, 1, 0, 0, 0, 0, 1, 0, 1], [1, 1, 1, 1, 0, 0, 0, 1, 0, 1, 1, 0, 1, 1, 1], [0, 1, 0, 1, 0, 0, 0, 0, 1, 0, 0, 0, 0, 1, 1], [0, 1, 1, 1, 0, 0, 0, 0, 0, 1, 0, 0, 0, 1, 1], [1, 1, 0, 1, 1, 0, 0, 0, 1, 1, 0, 1, 0, 0, 0], [1, 0, 1, 0, 0, 1, 0, 1, 0, 1, 1, 0, 0, 1, 1], [1, 0, 1, 0, 1, 0, 1, 1, 1, 0, 0, 1, 1, 0, 1], [0, 0, 0, 0, 1, 0, 0, 0, 1, 0, 0, 1, 1, 0, 1], [0, 1, 1, 0, 0, 0, 0, 1, 0, 1, 1, 0, 1, 0, 0], [1, 0, 1, 1, 1, 0, 0, 0, 0, 1, 1, 1, 0, 1, 1], [0, 1, 0, 0, 1, 1, 1, 0, 1, 0, 0, 0, 1, 0, 0], [0, 0, 1, 1, 1, 1, 1, 0, 1, 1, 1, 0, 1, 0, 0]]",9.0,1.0,Y,"{0: 10, 1: 11, 2: 12, 3: 13, 4: 14, 5: 15, 6: 16, 7: 17, 8: 18, 9: 19, 10: 20, 11: 21, 12: 22, 13: 23, 14: 9}","{(0, 1): 4, (0, 2): 1, (0, 4): 1, (0, 7): 1, (0, 8): 1, (0, 9): 1, (0, 12): 1, (1, 2): 1, (1, 4): 1, (1, 5): 1, (1, 6): 1, (1, 7): 1, (1, 11): 1, (1, 13): 1, (2, 3): 3, (2, 4): 1, (2, 6): 1, (2, 8): 1, (2, 9): 1, (2, 11): 1, (2, 12): 1, (2, 14): 1, (3, 4): 1, (3, 5): 4, (3, 6): 2, (3, 7): 1, (3, 12): 1, (3, 14): 1, (4, 7): 1, (4, 9): 1, (4, 10): 5, (4, 12): 1, (4, 13): 1, (4, 14): 1, (5, 8): 1, (5, 13): 8, (5, 14): 1, (6, 9): 10, (6, 13): 1, (6, 14): 1, (7, 8): 1, (7, 9): 1, (7, 11): 11, (8, 9): 1, (8, 10): 11, (8, 13): 1, (8, 14): 1, (9, 11): 2, (9, 12): 1, (9, 14): 1, (10, 11): 2, (10, 12): 1, (10, 14): 1, (11, 12): 4, (12, 13): 11, (12, 14): 1}",1922.8458404541016,281.0,45.0,787.0
39.0,Graph with 15 nodes and 56 edges,"[[0, 1, 1, 0, 1, 0, 0, 1, 1, 1, 0, 0, 1, 0, 0], [1, 0, 1, 0, 1, 1, 1, 1, 0, 0, 0, 1, 0, 1, 0], [1, 1, 0, 1, 1, 0, 1, 0, 1, 1, 0, 1, 1, 0, 1], [0, 0, 1, 0, 1, 1, 1, 1, 0, 0, 0, 0, 1, 0, 1], [1, 1, 1, 1, 0, 0, 0, 1, 0, 1, 1, 0, 1, 1, 1], [0, 1, 0, 1, 0, 0, 0, 0, 1, 0, 0, 0, 0, 1, 1], [0, 1, 1, 1, 0, 0, 0, 0, 0, 1, 0, 0, 0, 1, 1], [1, 1, 0, 1, 1, 0, 0, 0, 1, 1, 0, 1, 0, 0, 0], [1, 0, 1, 0, 0, 1, 0, 1, 0, 1, 1, 0, 0, 1, 1], [1, 0, 1, 0, 1, 0, 1, 1, 1, 0, 0, 1, 1, 0, 1], [0, 0, 0, 0, 1, 0, 0, 0, 1, 0, 0, 1, 1, 0, 1], [0, 1, 1, 0, 0, 0, 0, 1, 0, 1, 1, 0, 1, 0, 0], [1, 0, 1, 1, 1, 0, 0, 0, 0, 1, 1, 1, 0, 1, 1], [0, 1, 0, 0, 1, 1, 1, 0, 1, 0, 0, 0, 1, 0, 0], [0, 0, 1, 1, 1, 1, 1, 0, 1, 1, 1, 0, 1, 0, 0]]",12.0,6.0,Y,"{0: 18, 1: 24, 2: 30, 3: 36, 4: 42, 5: 48, 6: 54, 7: 60, 8: 66, 9: 72, 10: 78, 11: 84, 12: 90, 13: 96, 14: 12}","{(0, 1): 12, (0, 2): 1, (0, 4): 1, (0, 7): 1, (0, 8): 1, (0, 9): 1, (0, 12): 1, (1, 2): 6, (1, 4): 1, (1, 5): 1, (1, 6): 1, (1, 7): 1, (1, 11): 1, (1, 13): 1, (2, 3): 16, (2, 4): 1, (2, 6): 1, (2, 8): 1, (2, 9): 1, (2, 11): 1, (2, 12): 1, (2, 14): 1, (3, 4): 15, (3, 5): 1, (3, 6): 1, (3, 7): 1, (3, 12): 1, (3, 14): 1, (4, 7): 19, (4, 9): 1, (4, 10): 1, (4, 12): 1, (4, 13): 1, (4, 14): 1, (5, 8): 23, (5, 13): 22, (5, 14): 1, (6, 9): 1, (6, 13): 49, (6, 14): 1, (7, 8): 13, (7, 9): 1, (7, 11): 24, (8, 9): 1, (8, 10): 1, (8, 13): 22, (8, 14): 4, (9, 11): 56, (9, 12): 9, (9, 14): 1, (10, 11): 1, (10, 12): 74, (10, 14): 1, (11, 12): 1, (12, 13): 1, (12, 14): 1}",1906.8717956542969,281.0,45.0,787.0
40.0,Graph with 15 nodes and 56 edges,"[[0, 1, 1, 1, 0, 0, 0, 0, 1, 0, 1, 1, 0, 1, 1], [1, 0, 1, 0, 0, 1, 1, 1, 0, 1, 0, 0, 1, 1, 0], [1, 1, 0, 1, 1, 0, 1, 1, 1, 1, 1, 0, 0, 1, 1], [1, 0, 1, 0, 0, 1, 0, 0, 1, 0, 1, 1, 0, 1, 0], [0, 0, 1, 0, 0, 1, 1, 0, 1, 1, 1, 0, 0, 0, 0], [0, 1, 0, 1, 1, 0, 0, 1, 1, 0, 1, 1, 0, 1, 0], [0, 1, 1, 0, 1, 0, 0, 0, 0, 0, 0, 0, 1, 0, 1], [0, 1, 1, 0, 0, 1, 0, 0, 1, 1, 0, 0, 1, 1, 1], [1, 0, 1, 1, 1, 1, 0, 1, 0, 0, 0, 0, 1, 0, 1], [0, 1, 1, 0, 1, 0, 0, 1, 0, 0, 0, 0, 1, 1, 0], [1, 0, 1, 1, 1, 1, 0, 0, 0, 0, 0, 1, 1, 1, 1], [1, 0, 0, 1, 0, 1, 0, 0, 0, 0, 1, 0, 1, 0, 1], [0, 1, 0, 0, 0, 0, 1, 1, 1, 1, 1, 1, 0, 0, 0], [1, 1, 1, 1, 0, 1, 0, 1, 0, 1, 1, 0, 0, 0, 0], [1, 0, 1, 0, 0, 0, 1, 1, 1, 0, 1, 1, 0, 0, 0]]",8.0,6.0,Y,"{0: 14, 1: 20, 2: 26, 3: 32, 4: 38, 5: 44, 6: 50, 7: 56, 8: 62, 9: 68, 10: 74, 11: 80, 12: 86, 13: 92, 14: 8}","{(0, 1): 7, (0, 2): 1, (0, 3): 1, (0, 8): 1, (0, 10): 1, (0, 11): 1, (0, 13): 1, (0, 14): 1, (1, 2): 7, (1, 5): 1, (1, 6): 1, (1, 7): 1, (1, 9): 1, (1, 12): 1, (1, 13): 1, (2, 3): 10, (2, 4): 1, (2, 6): 1, (2, 7): 1, (2, 8): 1, (2, 9): 1, (2, 10): 1, (2, 13): 1, (2, 14): 1, (3, 5): 17, (3, 8): 1, (3, 10): 1, (3, 11): 1, (3, 13): 1, (4, 5): 1, (4, 6): 29, (4, 8): 3, (4, 9): 1, (4, 10): 3, (5, 7): 1, (5, 8): 7, (5, 10): 3, (5, 11): 13, (5, 13): 1, (6, 12): 18, (6, 14): 1, (7, 8): 2, (7, 9): 21, (7, 12): 2, (7, 13): 27, (7, 14): 1, (8, 12): 46, (8, 14): 1, (9, 12): 1, (9, 13): 43, (10, 11): 46, (10, 12): 1, (10, 13): 17, (10, 14): 1, (11, 12): 17, (11, 14): 2}",2477.884292602539,281.0,45.0,787.0
41.0,Graph with 15 nodes and 58 edges,"[[0, 0, 0, 1, 1, 0, 1, 0, 0, 0, 0, 1, 1, 1, 1], [0, 0, 0, 1, 1, 1, 0, 1, 1, 1, 0, 1, 1, 0, 1], [0, 0, 0, 1, 1, 0, 1, 1, 1, 1, 0, 1, 0, 1, 1], [1, 1, 1, 0, 0, 1, 0, 1, 0, 0, 0, 0, 1, 0, 0], [1, 1, 1, 0, 0, 0, 1, 0, 1, 0, 0, 1, 1, 0, 0], [0, 1, 0, 1, 0, 0, 0, 1, 0, 1, 1, 1, 1, 0, 1], [1, 0, 1, 0, 1, 0, 0, 1, 1, 1, 1, 1, 1, 1, 0], [0, 1, 1, 1, 0, 1, 1, 0, 0, 1, 1, 0, 0, 0, 1], [0, 1, 1, 0, 1, 0, 1, 0, 0, 0, 0, 0, 1, 1, 0], [0, 1, 1, 0, 0, 1, 1, 1, 0, 0, 0, 0, 0, 1, 1], [0, 0, 0, 0, 0, 1, 1, 1, 0, 0, 0, 0, 1, 1, 1], [1, 1, 1, 0, 1, 1, 1, 0, 0, 0, 0, 0, 1, 0, 1], [1, 1, 0, 1, 1, 1, 1, 0, 1, 0, 1, 1, 0, 0, 1], [1, 0, 1, 0, 0, 0, 1, 0, 1, 1, 1, 0, 0, 0, 0], [1, 1, 1, 0, 0, 1, 0, 1, 0, 1, 1, 1, 1, 0, 0]]",18.0,4.0,Y,"{0: 22, 1: 26, 2: 30, 3: 34, 4: 38, 5: 42, 6: 46, 7: 50, 8: 54, 9: 58, 10: 62, 11: 66, 12: 70, 13: 74, 14: 18}","{(0, 3): 16, (0, 4): 1, (0, 6): 1, (0, 11): 1, (0, 12): 1, (0, 13): 1, (0, 14): 1, (1, 3): 14, (1, 4): 5, (1, 5): 1, (1, 7): 1, (1, 8): 1, (1, 9): 1, (1, 11): 1, (1, 12): 1, (1, 14): 1, (2, 3): 1, (2, 4): 22, (2, 6): 1, (2, 7): 1, (2, 8): 1, (2, 9): 1, (2, 11): 1, (2, 13): 1, (2, 14): 1, (3, 5): 1, (3, 7): 1, (3, 12): 1, (4, 6): 7, (4, 8): 1, (4, 11): 1, (4, 12): 1, (5, 7): 1, (5, 9): 10, (5, 10): 1, (5, 11): 11, (5, 12): 16, (5, 14): 1, (6, 7): 1, (6, 8): 1, (6, 9): 1, (6, 10): 31, (6, 11): 1, (6, 12): 1, (6, 13): 1, (7, 9): 43, (7, 10): 1, (7, 14): 1, (8, 12): 1, (8, 13): 49, (9, 13): 1, (9, 14): 1, (10, 12): 1, (10, 13): 21, (10, 14): 7, (11, 12): 46, (11, 14): 4, (12, 14): 1}",1935.0051879882812,283.0,45.0,791.0
43.0,Graph with 15 nodes and 51 edges,"[[0, 0, 1, 1, 0, 1, 0, 0, 0, 1, 1, 1, 1, 0, 0], [0, 0, 0, 1, 0, 0, 1, 0, 1, 0, 0, 0, 1, 1, 1], [1, 0, 0, 1, 1, 1, 0, 0, 1, 0, 0, 0, 0, 0, 0], [1, 1, 1, 0, 1, 1, 0, 0, 0, 0, 0, 1, 1, 0, 1], [0, 0, 1, 1, 0, 0, 0, 1, 1, 1, 0, 1, 0, 0, 0], [1, 0, 1, 1, 0, 0, 1, 1, 1, 1, 0, 1, 0, 1, 1], [0, 1, 0, 0, 0, 1, 0, 1, 0, 0, 1, 1, 1, 0, 1], [0, 0, 0, 0, 1, 1, 1, 0, 1, 0, 0, 1, 0, 1, 0], [0, 1, 1, 0, 1, 1, 0, 1, 0, 0, 0, 0, 1, 0, 0], [1, 0, 0, 0, 1, 1, 0, 0, 0, 0, 0, 0, 1, 1, 1], [1, 0, 0, 0, 0, 0, 1, 0, 0, 0, 0, 0, 1, 0, 0], [1, 0, 0, 1, 1, 1, 1, 1, 0, 0, 0, 0, 0, 1, 1], [1, 1, 0, 1, 0, 0, 1, 0, 1, 1, 1, 0, 0, 1, 1], [0, 1, 0, 0, 0, 1, 0, 1, 0, 1, 0, 1, 1, 0, 1], [0, 1, 0, 1, 0, 1, 1, 0, 0, 1, 0, 1, 1, 1, 0]]",28.0,8.0,Y,"{0: 132, 1: 76, 2: 116, 3: 60, 4: 92, 5: 100, 6: 52, 7: 68, 8: 28, 9: 124, 10: 84, 11: 44, 12: 140, 13: 36, 14: 108}","{(0, 2): 93, (0, 3): 34, (0, 5): 1, (0, 9): 1, (0, 10): 1, (0, 11): 1, (0, 12): 1, (1, 3): 1, (1, 6): 1, (1, 8): 5, (1, 12): 1, (1, 13): 25, (1, 14): 43, (2, 3): 20, (2, 4): 1, (2, 5): 1, (2, 8): 1, (3, 4): 1, (3, 5): 1, (3, 11): 1, (3, 12): 1, (3, 14): 1, (4, 7): 51, (4, 8): 1, (4, 9): 1, (4, 11): 37, (5, 6): 1, (5, 7): 13, (5, 8): 19, (5, 9): 61, (5, 11): 1, (5, 13): 1, (5, 14): 1, (6, 7): 1, (6, 10): 1, (6, 11): 1, (6, 12): 46, (6, 14): 1, (7, 8): 1, (7, 11): 1, (7, 13): 1, (8, 12): 1, (9, 12): 1, (9, 13): 1, (9, 14): 59, (10, 12): 82, (11, 13): 1, (11, 14): 1, (12, 13): 6, (12, 14): 1, (13, 14): 1}",2456.9034576416016,276.0,45.0,777.0
44.0,Graph with 15 nodes and 56 edges,"[[0, 0, 0, 1, 0, 0, 0, 1, 1, 0, 1, 1, 0, 1, 0], [0, 0, 0, 1, 1, 1, 0, 0, 1, 1, 1, 1, 1, 0, 1], [0, 0, 0, 0, 1, 0, 1, 1, 0, 1, 1, 1, 1, 0, 1], [1, 1, 0, 0, 1, 1, 0, 1, 1, 1, 1, 0, 1, 1, 0], [0, 1, 1, 1, 0, 0, 0, 0, 1, 1, 1, 0, 0, 1, 0], [0, 1, 0, 1, 0, 0, 1, 0, 0, 0, 1, 1, 0, 0, 1], [0, 0, 1, 0, 0, 1, 0, 0, 0, 0, 0, 1, 0, 1, 0], [1, 0, 1, 1, 0, 0, 0, 0, 1, 0, 0, 1, 1, 0, 0], [1, 1, 0, 1, 1, 0, 0, 1, 0, 0, 1, 0, 1, 1, 0], [0, 1, 1, 1, 1, 0, 0, 0, 0, 0, 1, 1, 1, 0, 0], [1, 1, 1, 1, 1, 1, 0, 0, 1, 1, 0, 0, 1, 1, 1], [1, 1, 1, 0, 0, 1, 1, 1, 0, 1, 0, 0, 0, 1, 0], [0, 1, 1, 1, 0, 0, 0, 1, 1, 1, 1, 0, 0, 1, 1], [1, 0, 0, 1, 1, 0, 1, 0, 1, 0, 1, 1, 1, 0, 0], [0, 1, 1, 0, 0, 1, 0, 0, 0, 0, 1, 0, 1, 0, 0]]",17.0,9.0,Y,"{0: 26, 1: 35, 2: 44, 3: 53, 4: 62, 5: 71, 6: 80, 7: 89, 8: 98, 9: 107, 10: 116, 11: 125, 12: 134, 13: 143, 14: 17}","{(0, 3): 21, (0, 7): 1, (0, 8): 1, (0, 10): 1, (0, 11): 1, (0, 13): 1, (1, 3): 24, (1, 4): 4, (1, 5): 1, (1, 8): 1, (1, 9): 1, (1, 10): 1, (1, 11): 1, (1, 12): 1, (1, 14): 1, (2, 4): 37, (2, 6): 1, (2, 7): 1, (2, 9): 1, (2, 10): 1, (2, 11): 1, (2, 12): 1, (2, 14): 1, (3, 4): 1, (3, 5): 1, (3, 7): 1, (3, 8): 1, (3, 9): 1, (3, 10): 1, (3, 12): 1, (3, 13): 1, (4, 8): 1, (4, 9): 1, (4, 10): 1, (4, 13): 17, (5, 6): 13, (5, 10): 1, (5, 11): 54, (5, 14): 1, (6, 11): 65, (6, 13): 1, (7, 8): 1, (7, 11): 1, (7, 12): 84, (8, 10): 1, (8, 12): 1, (8, 13): 91, (9, 10): 74, (9, 11): 1, (9, 12): 28, (10, 12): 4, (10, 13): 30, (10, 14): 1, (11, 13): 1, (12, 13): 1, (12, 14): 13}",2032.9952239990234,281.0,45.0,787.0
45.0,Graph with 15 nodes and 51 edges,"[[0, 1, 1, 0, 1, 0, 0, 0, 0, 1, 0, 1, 0, 0, 0], [1, 0, 1, 1, 1, 1, 1, 1, 1, 0, 0, 0, 0, 0, 0], [1, 1, 0, 0, 1, 0, 0, 0, 0, 1, 0, 0, 0, 1, 0], [0, 1, 0, 0, 0, 0, 1, 1, 1, 0, 0, 1, 0, 0, 0], [1, 1, 1, 0, 0, 0, 0, 0, 1, 0, 0, 1, 0, 1, 1], [0, 1, 0, 0, 0, 0, 1, 0, 0, 1, 0, 0, 1, 1, 0], [0, 1, 0, 1, 0, 1, 0, 0, 1, 1, 1, 1, 1, 1, 0], [0, 1, 0, 1, 0, 0, 0, 0, 0, 1, 1, 0, 1, 0, 0], [0, 1, 0, 1, 1, 0, 1, 0, 0, 0, 1, 0, 0, 1, 1], [1, 0, 1, 0, 0, 1, 1, 1, 0, 0, 1, 1, 1, 1, 1], [0, 0, 0, 0, 0, 0, 1, 1, 1, 1, 0, 1, 1, 0, 1], [1, 0, 0, 1, 1, 0, 1, 0, 0, 1, 1, 0, 1, 0, 1], [0, 0, 0, 0, 0, 1, 1, 1, 0, 1, 1, 1, 0, 0, 1], [0, 0, 1, 0, 1, 1, 1, 0, 1, 1, 0, 0, 0, 0, 1], [0, 0, 0, 0, 1, 0, 0, 0, 1, 1, 1, 1, 1, 1, 0]]",27.0,7.0,Y,"{0: 111, 1: 125, 2: 83, 3: 27, 4: 118, 5: 41, 6: 76, 7: 55, 8: 34, 9: 104, 10: 69, 11: 48, 12: 62, 13: 97, 14: 90}","{(0, 1): 21, (0, 2): 1, (0, 4): 87, (0, 9): 1, (0, 11): 1, (1, 2): 1, (1, 3): 1, (1, 4): 26, (1, 5): 1, (1, 6): 46, (1, 7): 1, (1, 8): 28, (2, 4): 1, (2, 9): 1, (2, 13): 79, (3, 6): 23, (3, 7): 1, (3, 8): 1, (3, 11): 1, (4, 8): 1, (4, 11): 1, (4, 13): 1, (4, 14): 1, (5, 6): 1, (5, 9): 37, (5, 12): 1, (5, 13): 1, (6, 8): 1, (6, 9): 1, (6, 10): 1, (6, 11): 1, (6, 12): 1, (6, 13): 1, (7, 9): 1, (7, 10): 51, (7, 12): 1, (8, 10): 1, (8, 13): 1, (8, 14): 1, (9, 10): 8, (9, 11): 41, (9, 12): 1, (9, 13): 1, (9, 14): 12, (10, 11): 1, (10, 12): 1, (10, 14): 6, (11, 12): 1, (11, 14): 1, (12, 14): 56, (13, 14): 13}",2453.0887603759766,276.0,45.0,777.0
47.0,Graph with 15 nodes and 49 edges,"[[0, 0, 0, 0, 0, 1, 1, 0, 0, 0, 0, 0, 0, 1, 0], [0, 0, 1, 1, 0, 0, 1, 0, 0, 0, 0, 1, 0, 0, 0], [0, 1, 0, 1, 1, 0, 1, 0, 1, 0, 0, 1, 0, 1, 0], [0, 1, 1, 0, 0, 0, 1, 1, 1, 1, 0, 0, 1, 1, 0], [0, 0, 1, 0, 0, 0, 0, 1, 0, 1, 1, 1, 0, 1, 1], [1, 0, 0, 0, 0, 0, 1, 1, 0, 0, 1, 0, 1, 1, 0], [1, 1, 1, 1, 0, 1, 0, 0, 0, 0, 1, 1, 1, 0, 1], [0, 0, 0, 1, 1, 1, 0, 0, 0, 1, 1, 1, 1, 0, 1], [0, 0, 1, 1, 0, 0, 0, 0, 0, 0, 1, 1, 0, 0, 1], [0, 0, 0, 1, 1, 0, 0, 1, 0, 0, 1, 0, 0, 1, 1], [0, 0, 0, 0, 1, 1, 1, 1, 1, 1, 0, 0, 1, 0, 1], [0, 1, 1, 0, 1, 0, 1, 1, 1, 0, 0, 0, 0, 1, 0], [0, 0, 0, 1, 0, 1, 1, 1, 0, 0, 1, 0, 0, 0, 1], [1, 0, 1, 1, 1, 1, 0, 0, 0, 1, 0, 1, 0, 0, 0], [0, 0, 0, 0, 1, 0, 1, 1, 1, 1, 1, 0, 1, 0, 0]]",6.0,8.0,Y,"{0: 14, 1: 22, 2: 30, 3: 38, 4: 46, 5: 54, 6: 62, 7: 70, 8: 78, 9: 86, 10: 94, 11: 102, 12: 6, 13: 110, 14: 118}","{(0, 5): 12, (0, 6): 1, (0, 13): 1, (1, 2): 19, (1, 3): 1, (1, 6): 1, (1, 11): 1, (2, 3): 6, (2, 4): 1, (2, 6): 1, (2, 8): 1, (2, 11): 1, (2, 13): 1, (3, 6): 26, (3, 7): 1, (3, 8): 1, (3, 9): 1, (3, 12): 1, (3, 13): 1, (4, 7): 1, (4, 9): 15, (4, 10): 1, (4, 11): 26, (4, 13): 1, (4, 14): 1, (5, 6): 1, (5, 7): 1, (5, 10): 1, (5, 12): 1, (5, 13): 38, (6, 10): 1, (6, 11): 1, (6, 12): 1, (6, 14): 29, (7, 9): 1, (7, 10): 1, (7, 11): 63, (7, 12): 1, (7, 14): 1, (8, 10): 35, (8, 11): 9, (8, 14): 32, (9, 10): 1, (9, 13): 67, (9, 14): 1, (10, 12): 1, (10, 14): 53, (11, 13): 1, (12, 14): 1}",2432.8231811523438,274.0,45.0,773.0
49.0,Graph with 15 nodes and 52 edges,"[[0, 0, 0, 0, 0, 1, 1, 1, 1, 0, 0, 1, 1, 1, 1], [0, 0, 0, 0, 1, 1, 0, 0, 1, 1, 1, 0, 1, 1, 0], [0, 0, 0, 0, 1, 1, 0, 1, 1, 1, 1, 0, 1, 0, 0], [0, 0, 0, 0, 0, 0, 1, 0, 0, 1, 0, 1, 0, 1, 1], [0, 1, 1, 0, 0, 0, 1, 1, 1, 1, 0, 1, 1, 0, 0], [1, 1, 1, 0, 0, 0, 0, 0, 0, 1, 0, 1, 1, 0, 1], [1, 0, 0, 1, 1, 0, 0, 1, 1, 1, 1, 0, 1, 0, 0], [1, 0, 1, 0, 1, 0, 1, 0, 1, 1, 1, 0, 1, 1, 0], [1, 1, 1, 0, 1, 0, 1, 1, 0, 0, 1, 1, 0, 0, 0], [0, 1, 1, 1, 1, 1, 1, 1, 0, 0, 1, 0, 0, 0, 0], [0, 1, 1, 0, 0, 0, 1, 1, 1, 1, 0, 0, 0, 0, 0], [1, 0, 0, 1, 1, 1, 0, 0, 1, 0, 0, 0, 0, 0, 0], [1, 1, 1, 0, 1, 1, 1, 1, 0, 0, 0, 0, 0, 0, 1], [1, 1, 0, 1, 0, 0, 0, 1, 0, 0, 0, 0, 0, 0, 1], [1, 0, 0, 1, 0, 1, 0, 0, 0, 0, 0, 0, 1, 1, 0]]",9.0,1.0,Y,"{0: 13, 1: 11, 2: 9, 3: 14, 4: 21, 5: 17, 6: 22, 7: 18, 8: 19, 9: 16, 10: 15, 11: 23, 12: 20, 13: 10, 14: 12}","{(0, 5): 1, (0, 6): 1, (0, 7): 1, (0, 8): 1, (0, 11): 1, (0, 12): 1, (0, 13): 1, (0, 14): 6, (1, 4): 1, (1, 5): 1, (1, 8): 1, (1, 9): 5, (1, 10): 1, (1, 12): 1, (1, 13): 1, (2, 4): 1, (2, 5): 1, (2, 7): 3, (2, 8): 1, (2, 9): 1, (2, 10): 1, (2, 12): 1, (3, 6): 8, (3, 9): 1, (3, 11): 1, (3, 13): 1, (3, 14): 3, (4, 6): 1, (4, 7): 1, (4, 8): 1, (4, 9): 1, (4, 11): 2, (4, 12): 13, (5, 9): 5, (5, 11): 7, (5, 12): 1, (5, 14): 1, (6, 7): 1, (6, 8): 1, (6, 9): 1, (6, 10): 8, (6, 12): 1, (7, 8): 1, (7, 9): 1, (7, 10): 3, (7, 12): 1, (7, 13): 6, (8, 10): 1, (8, 11): 12, (9, 10): 1, (12, 14): 1, (13, 14): 1}",1401.9012451171875,277.0,45.0,779.0
52.0,Graph with 15 nodes and 51 edges,"[[0, 1, 1, 1, 1, 0, 0, 1, 0, 1, 0, 0, 0, 1, 1], [1, 0, 0, 0, 0, 0, 0, 1, 1, 1, 1, 0, 1, 0, 0], [1, 0, 0, 0, 0, 1, 0, 1, 1, 0, 1, 1, 0, 0, 1], [1, 0, 0, 0, 0, 0, 0, 1, 0, 1, 1, 0, 1, 1, 1], [1, 0, 0, 0, 0, 1, 1, 0, 1, 1, 1, 0, 1, 0, 0], [0, 0, 1, 0, 1, 0, 0, 0, 1, 1, 0, 0, 0, 0, 1], [0, 0, 0, 0, 1, 0, 0, 0, 1, 0, 0, 1, 1, 1, 1], [1, 1, 1, 1, 0, 0, 0, 0, 0, 1, 0, 1, 0, 1, 1], [0, 1, 1, 0, 1, 1, 1, 0, 0, 0, 1, 0, 1, 0, 0], [1, 1, 0, 1, 1, 1, 0, 1, 0, 0, 0, 0, 1, 0, 1], [0, 1, 1, 1, 1, 0, 0, 0, 1, 0, 0, 1, 1, 0, 1], [0, 0, 1, 0, 0, 0, 1, 1, 0, 0, 1, 0, 0, 0, 0], [0, 1, 0, 1, 1, 0, 1, 0, 1, 1, 1, 0, 0, 0, 0], [1, 0, 0, 1, 0, 0, 1, 1, 0, 0, 0, 0, 0, 0, 1], [1, 0, 1, 1, 0, 1, 1, 1, 0, 1, 1, 0, 0, 1, 0]]",22.0,4.0,Y,"{0: 70, 1: 42, 2: 78, 3: 30, 4: 74, 5: 66, 6: 26, 7: 38, 8: 54, 9: 62, 10: 46, 11: 34, 12: 58, 13: 22, 14: 50}","{(0, 1): 1, (0, 2): 1, (0, 3): 1, (0, 4): 63, (0, 7): 1, (0, 9): 1, (0, 13): 1, (0, 14): 1, (1, 7): 1, (1, 8): 18, (1, 9): 1, (1, 10): 20, (1, 12): 1, (2, 5): 51, (2, 7): 1, (2, 8): 1, (2, 10): 1, (2, 11): 1, (2, 14): 22, (3, 7): 1, (3, 9): 8, (3, 10): 1, (3, 12): 1, (3, 13): 1, (3, 14): 17, (4, 5): 1, (4, 6): 1, (4, 8): 2, (4, 9): 1, (4, 10): 1, (4, 12): 5, (5, 8): 11, (5, 9): 1, (5, 14): 2, (6, 8): 1, (6, 11): 1, (6, 12): 1, (6, 13): 18, (6, 14): 4, (7, 9): 1, (7, 11): 31, (7, 13): 1, (7, 14): 1, (8, 10): 20, (8, 12): 1, (9, 12): 48, (9, 14): 1, (10, 11): 1, (10, 12): 1, (10, 14): 1, (13, 14): 1}",2111.9117736816406,276.0,45.0,777.0
53.0,Graph with 15 nodes and 46 edges,"[[0, 1, 0, 0, 0, 1, 0, 0, 0, 0, 0, 1, 0, 1, 1], [1, 0, 0, 0, 0, 1, 1, 0, 1, 0, 0, 1, 0, 1, 0], [0, 0, 0, 0, 0, 0, 0, 1, 1, 1, 0, 0, 0, 1, 1], [0, 0, 0, 0, 0, 0, 0, 0, 1, 0, 1, 0, 1, 0, 1], [0, 0, 0, 0, 0, 0, 1, 0, 1, 1, 0, 0, 1, 1, 0], [1, 1, 0, 0, 0, 0, 1, 1, 1, 1, 1, 1, 0, 1, 1], [0, 1, 0, 0, 1, 1, 0, 0, 1, 0, 0, 1, 0, 1, 0], [0, 0, 1, 0, 0, 1, 0, 0, 0, 0, 0, 1, 1, 1, 1], [0, 1, 1, 1, 1, 1, 1, 0, 0, 0, 1, 0, 1, 1, 0], [0, 0, 1, 0, 1, 1, 0, 0, 0, 0, 0, 1, 0, 0, 0], [0, 0, 0, 1, 0, 1, 0, 0, 1, 0, 0, 0, 0, 1, 0], [1, 1, 0, 0, 0, 1, 1, 1, 0, 1, 0, 0, 0, 1, 0], [0, 0, 0, 1, 1, 0, 0, 1, 1, 0, 0, 0, 0, 0, 0], [1, 1, 1, 0, 1, 1, 1, 1, 1, 0, 1, 1, 0, 0, 1], [1, 0, 1, 1, 0, 1, 0, 1, 0, 0, 0, 0, 0, 1, 0]]",6.0,2.0,Y,"{0: 8, 1: 10, 2: 12, 3: 14, 4: 16, 5: 18, 6: 20, 7: 22, 8: 24, 9: 26, 10: 28, 11: 30, 12: 32, 13: 34, 14: 6}","{(0, 1): 1, (0, 5): 1, (0, 11): 2, (0, 13): 3, (0, 14): 1, (1, 5): 2, (1, 6): 4, (1, 8): 1, (1, 11): 1, (1, 13): 1, (2, 7): 4, (2, 8): 1, (2, 9): 5, (2, 13): 1, (2, 14): 1, (3, 8): 3, (3, 10): 5, (3, 12): 5, (3, 14): 1, (4, 6): 8, (4, 8): 2, (4, 9): 1, (4, 12): 4, (4, 13): 1, (5, 6): 1, (5, 7): 2, (5, 8): 4, (5, 9): 1, (5, 10): 3, (5, 11): 2, (5, 13): 1, (5, 14): 1, (6, 8): 1, (6, 11): 3, (6, 13): 3, (7, 11): 1, (7, 12): 13, (7, 13): 1, (7, 14): 1, (8, 10): 1, (8, 12): 10, (8, 13): 1, (9, 11): 19, (10, 13): 19, (11, 13): 2, (13, 14): 1}",2171.9932556152344,271.0,45.0,767.0
53.0,Graph with 15 nodes and 46 edges,"[[0, 1, 0, 0, 0, 1, 0, 0, 0, 0, 0, 1, 0, 1, 1], [1, 0, 0, 0, 0, 1, 1, 0, 1, 0, 0, 1, 0, 1, 0], [0, 0, 0, 0, 0, 0, 0, 1, 1, 1, 0, 0, 0, 1, 1], [0, 0, 0, 0, 0, 0, 0, 0, 1, 0, 1, 0, 1, 0, 1], [0, 0, 0, 0, 0, 0, 1, 0, 1, 1, 0, 0, 1, 1, 0], [1, 1, 0, 0, 0, 0, 1, 1, 1, 1, 1, 1, 0, 1, 1], [0, 1, 0, 0, 1, 1, 0, 0, 1, 0, 0, 1, 0, 1, 0], [0, 0, 1, 0, 0, 1, 0, 0, 0, 0, 0, 1, 1, 1, 1], [0, 1, 1, 1, 1, 1, 1, 0, 0, 0, 1, 0, 1, 1, 0], [0, 0, 1, 0, 1, 1, 0, 0, 0, 0, 0, 1, 0, 0, 0], [0, 0, 0, 1, 0, 1, 0, 0, 1, 0, 0, 0, 0, 1, 0], [1, 1, 0, 0, 0, 1, 1, 1, 0, 1, 0, 0, 0, 1, 0], [0, 0, 0, 1, 1, 0, 0, 1, 1, 0, 0, 0, 0, 0, 0], [1, 1, 1, 0, 1, 1, 1, 1, 1, 0, 1, 1, 0, 0, 1], [1, 0, 1, 1, 0, 1, 0, 1, 0, 0, 0, 0, 0, 1, 0]]",20.0,4.0,Y,"{0: 48, 1: 44, 2: 72, 3: 60, 4: 32, 5: 64, 6: 24, 7: 20, 8: 28, 9: 76, 10: 36, 11: 68, 12: 56, 13: 40, 14: 52}","{(0, 1): 22, (0, 5): 23, (0, 11): 1, (0, 13): 1, (0, 14): 1, (1, 5): 1, (1, 6): 1, (1, 8): 14, (1, 11): 5, (1, 13): 1, (2, 7): 11, (2, 8): 3, (2, 9): 3, (2, 13): 15, (2, 14): 40, (3, 8): 5, (3, 10): 2, (3, 12): 52, (3, 14): 1, (4, 6): 11, (4, 8): 1, (4, 9): 17, (4, 12): 2, (4, 13): 1, (5, 6): 9, (5, 7): 1, (5, 8): 1, (5, 9): 2, (5, 10): 24, (5, 11): 1, (5, 13): 1, (5, 14): 1, (6, 8): 1, (6, 11): 1, (6, 13): 1, (7, 11): 5, (7, 12): 1, (7, 13): 1, (7, 14): 1, (8, 10): 1, (8, 12): 1, (8, 13): 1, (9, 11): 54, (10, 13): 9, (11, 13): 1, (13, 14): 8}",118.01719665527344,271.0,45.0,767.0
53.0,Graph with 15 nodes and 46 edges,"[[0, 1, 0, 0, 0, 1, 0, 0, 0, 0, 0, 1, 0, 1, 1], [1, 0, 0, 0, 0, 1, 1, 0, 1, 0, 0, 1, 0, 1, 0], [0, 0, 0, 0, 0, 0, 0, 1, 1, 1, 0, 0, 0, 1, 1], [0, 0, 0, 0, 0, 0, 0, 0, 1, 0, 1, 0, 1, 0, 1], [0, 0, 0, 0, 0, 0, 1, 0, 1, 1, 0, 0, 1, 1, 0], [1, 1, 0, 0, 0, 0, 1, 1, 1, 1, 1, 1, 0, 1, 1], [0, 1, 0, 0, 1, 1, 0, 0, 1, 0, 0, 1, 0, 1, 0], [0, 0, 1, 0, 0, 1, 0, 0, 0, 0, 0, 1, 1, 1, 1], [0, 1, 1, 1, 1, 1, 1, 0, 0, 0, 1, 0, 1, 1, 0], [0, 0, 1, 0, 1, 1, 0, 0, 0, 0, 0, 1, 0, 0, 0], [0, 0, 0, 1, 0, 1, 0, 0, 1, 0, 0, 0, 0, 1, 0], [1, 1, 0, 0, 0, 1, 1, 1, 0, 1, 0, 0, 0, 1, 0], [0, 0, 0, 1, 1, 0, 0, 1, 1, 0, 0, 0, 0, 0, 0], [1, 1, 1, 0, 1, 1, 1, 1, 1, 0, 1, 1, 0, 0, 1], [1, 0, 1, 1, 0, 1, 0, 1, 0, 0, 0, 0, 0, 1, 0]]",25.0,5.0,Y,"{0: 90, 1: 45, 2: 70, 3: 30, 4: 65, 5: 75, 6: 40, 7: 50, 8: 60, 9: 85, 10: 25, 11: 35, 12: 95, 13: 80, 14: 55}","{(0, 1): 40, (0, 5): 1, (0, 11): 29, (0, 13): 19, (0, 14): 1, (1, 5): 1, (1, 6): 1, (1, 8): 1, (1, 11): 1, (1, 13): 1, (2, 7): 1, (2, 8): 1, (2, 9): 17, (2, 13): 1, (2, 14): 50, (3, 8): 1, (3, 10): 22, (3, 12): 6, (3, 14): 1, (4, 6): 27, (4, 8): 1, (4, 9): 1, (4, 12): 35, (4, 13): 1, (5, 6): 1, (5, 7): 1, (5, 8): 1, (5, 9): 66, (5, 10): 1, (5, 11): 1, (5, 13): 1, (5, 14): 1, (6, 8): 1, (6, 11): 1, (6, 13): 9, (7, 11): 1, (7, 12): 2, (7, 13): 44, (7, 14): 1, (8, 10): 1, (8, 12): 52, (8, 13): 1, (9, 11): 1, (10, 13): 1, (11, 13): 1, (13, 14): 1}",3744.1253662109375,271.0,45.0,767.0
55.0,Graph with 15 nodes and 51 edges,"[[0, 1, 1, 1, 1, 1, 1, 0, 0, 1, 1, 1, 0, 0, 0], [1, 0, 1, 0, 0, 0, 1, 0, 0, 0, 1, 1, 0, 0, 0], [1, 1, 0, 1, 0, 1, 0, 1, 0, 0, 0, 0, 1, 1, 1], [1, 0, 1, 0, 1, 0, 1, 0, 0, 0, 0, 0, 1, 0, 0], [1, 0, 0, 1, 0, 0, 0, 0, 1, 1, 0, 1, 0, 0, 1], [1, 0, 1, 0, 0, 0, 0, 0, 1, 1, 0, 1, 1, 1, 1], [1, 1, 0, 1, 0, 0, 0, 0, 0, 1, 1, 1, 1, 1, 1], [0, 0, 1, 0, 0, 0, 0, 0, 0, 0, 0, 1, 1, 0, 1], [0, 0, 0, 0, 1, 1, 0, 0, 0, 0, 1, 1, 1, 1, 1], [1, 0, 0, 0, 1, 1, 1, 0, 0, 0, 0, 0, 0, 0, 0], [1, 1, 0, 0, 0, 0, 1, 0, 1, 0, 0, 0, 1, 0, 1], [1, 1, 0, 0, 1, 1, 1, 1, 1, 0, 0, 0, 1, 0, 0], [0, 0, 1, 1, 0, 1, 1, 1, 1, 0, 1, 1, 0, 1, 0], [0, 0, 1, 0, 0, 1, 1, 0, 1, 0, 0, 0, 1, 0, 1], [0, 0, 1, 0, 1, 1, 1, 1, 1, 0, 1, 0, 0, 1, 0]]",10.0,4.0,Y,"{0: 62, 1: 26, 2: 54, 3: 38, 4: 50, 5: 46, 6: 34, 7: 14, 8: 42, 9: 58, 10: 10, 11: 30, 12: 66, 13: 18, 14: 22}","{(0, 1): 17, (0, 2): 7, (0, 3): 7, (0, 4): 4, (0, 5): 3, (0, 6): 1, (0, 9): 19, (0, 10): 1, (0, 11): 3, (1, 2): 6, (1, 6): 1, (1, 10): 1, (1, 11): 1, (2, 3): 5, (2, 5): 5, (2, 7): 1, (2, 12): 28, (2, 13): 1, (2, 14): 1, (3, 4): 24, (3, 6): 1, (3, 12): 1, (4, 8): 1, (4, 9): 13, (4, 11): 7, (4, 14): 1, (5, 8): 13, (5, 9): 9, (5, 11): 1, (5, 12): 1, (5, 13): 5, (5, 14): 9, (6, 9): 17, (6, 10): 1, (6, 11): 2, (6, 12): 3, (6, 13): 7, (6, 14): 1, (7, 11): 3, (7, 12): 3, (7, 14): 7, (8, 10): 3, (8, 11): 6, (8, 12): 17, (8, 13): 1, (8, 14): 1, (10, 12): 3, (10, 14): 1, (11, 12): 7, (12, 13): 3, (13, 14): 1}",2134.084701538086,276.0,45.0,777.0
56.0,Graph with 15 nodes and 56 edges,"[[0, 0, 1, 1, 0, 1, 0, 1, 0, 1, 1, 1, 1, 0, 1], [0, 0, 1, 0, 0, 0, 1, 1, 1, 0, 0, 0, 0, 0, 1], [1, 1, 0, 1, 0, 1, 1, 1, 1, 1, 0, 0, 1, 1, 1], [1, 0, 1, 0, 1, 0, 1, 0, 0, 0, 0, 0, 1, 1, 1], [0, 0, 0, 1, 0, 0, 1, 0, 1, 0, 1, 1, 1, 1, 0], [1, 0, 1, 0, 0, 0, 1, 1, 0, 0, 1, 1, 0, 1, 0], [0, 1, 1, 1, 1, 1, 0, 0, 0, 1, 0, 1, 0, 0, 0], [1, 1, 1, 0, 0, 1, 0, 0, 1, 1, 0, 1, 1, 1, 1], [0, 1, 1, 0, 1, 0, 0, 1, 0, 1, 0, 0, 0, 1, 0], [1, 0, 1, 0, 0, 0, 1, 1, 1, 0, 0, 1, 1, 0, 1], [1, 0, 0, 0, 1, 1, 0, 0, 0, 0, 0, 0, 0, 0, 0], [1, 0, 0, 0, 1, 1, 1, 1, 0, 1, 0, 0, 1, 1, 1], [1, 0, 1, 1, 1, 0, 0, 1, 0, 1, 0, 1, 0, 0, 1], [0, 0, 1, 1, 1, 1, 0, 1, 1, 0, 0, 1, 0, 0, 0], [1, 1, 1, 1, 0, 0, 0, 1, 0, 1, 0, 1, 1, 0, 0]]",18.0,2.0,Y,"{0: 46, 1: 44, 2: 42, 3: 40, 4: 38, 5: 36, 6: 34, 7: 32, 8: 30, 9: 28, 10: 26, 11: 24, 12: 22, 13: 20, 14: 18}","{(0, 2): 15, (0, 3): 1, (0, 5): 1, (0, 7): 1, (0, 9): 1, (0, 10): 24, (0, 11): 1, (0, 12): 1, (0, 14): 1, (1, 2): 1, (1, 6): 10, (1, 7): 1, (1, 8): 25, (1, 14): 7, (2, 3): 1, (2, 5): 1, (2, 6): 1, (2, 7): 8, (2, 8): 1, (2, 9): 7, (2, 12): 1, (2, 13): 1, (2, 14): 5, (3, 4): 32, (3, 6): 3, (3, 12): 1, (3, 13): 1, (3, 14): 1, (4, 6): 1, (4, 8): 1, (4, 10): 1, (4, 11): 1, (4, 12): 1, (4, 13): 1, (5, 6): 17, (5, 7): 1, (5, 10): 1, (5, 11): 1, (5, 13): 14, (6, 9): 1, (6, 11): 1, (7, 8): 1, (7, 9): 1, (7, 11): 16, (7, 12): 1, (7, 13): 1, (7, 14): 1, (8, 9): 1, (8, 13): 1, (9, 11): 1, (9, 12): 15, (9, 14): 1, (11, 12): 1, (11, 13): 1, (11, 14): 1, (12, 14): 1}",1149.1775512695312,281.0,45.0,787.0
57.0,Graph with 15 nodes and 56 edges,"[[0, 1, 1, 0, 1, 1, 1, 0, 0, 1, 1, 1, 1, 1, 1], [1, 0, 0, 0, 1, 1, 0, 1, 0, 0, 0, 1, 1, 1, 1], [1, 0, 0, 1, 1, 0, 1, 1, 1, 1, 0, 1, 0, 1, 1], [0, 0, 1, 0, 0, 1, 1, 1, 0, 1, 0, 0, 1, 1, 0], [1, 1, 1, 0, 0, 0, 0, 0, 0, 1, 1, 1, 0, 0, 0], [1, 1, 0, 1, 0, 0, 0, 0, 1, 1, 0, 0, 1, 0, 0], [1, 0, 1, 1, 0, 0, 0, 0, 0, 0, 1, 1, 1, 0, 0], [0, 1, 1, 1, 0, 0, 0, 0, 0, 1, 1, 0, 0, 1, 0], [0, 0, 1, 0, 0, 1, 0, 0, 0, 1, 1, 0, 1, 0, 0], [1, 0, 1, 1, 1, 1, 0, 1, 1, 0, 1, 1, 1, 1, 1], [1, 0, 0, 0, 1, 0, 1, 1, 1, 1, 0, 0, 1, 0, 0], [1, 1, 1, 0, 1, 0, 1, 0, 0, 1, 0, 0, 0, 0, 0], [1, 1, 0, 1, 0, 1, 1, 0, 1, 1, 1, 0, 0, 1, 1], [1, 1, 1, 1, 0, 0, 0, 1, 0, 1, 0, 0, 1, 0, 0], [1, 1, 1, 0, 0, 0, 0, 0, 0, 1, 0, 0, 1, 0, 0]]",16.0,2.0,Y,"{0: 24, 1: 42, 2: 20, 3: 28, 4: 22, 5: 38, 6: 18, 7: 16, 8: 26, 9: 44, 10: 36, 11: 40, 12: 30, 13: 34, 14: 32}","{(0, 1): 1, (0, 2): 1, (0, 4): 1, (0, 5): 1, (0, 6): 1, (0, 9): 1, (0, 10): 10, (0, 11): 1, (0, 12): 1, (0, 13): 1, (0, 14): 5, (1, 4): 3, (1, 5): 18, (1, 7): 3, (1, 11): 7, (1, 12): 1, (1, 13): 1, (1, 14): 8, (2, 3): 1, (2, 4): 1, (2, 6): 1, (2, 7): 1, (2, 8): 1, (2, 9): 1, (2, 11): 1, (2, 13): 11, (2, 14): 1, (3, 5): 11, (3, 6): 1, (3, 7): 1, (3, 9): 1, (3, 12): 10, (3, 13): 3, (4, 9): 1, (4, 10): 1, (4, 11): 15, (5, 8): 5, (5, 9): 2, (5, 12): 1, (6, 10): 3, (6, 11): 11, (6, 12): 1, (7, 9): 1, (7, 10): 9, (7, 13): 1, (8, 9): 8, (8, 10): 11, (8, 12): 1, (9, 10): 1, (9, 11): 5, (9, 12): 1, (9, 13): 11, (9, 14): 11, (10, 12): 1, (12, 13): 6, (12, 14): 7}",117.06352233886719,281.0,45.0,787.0
58.0,Graph with 15 nodes and 44 edges,"[[0, 1, 1, 0, 1, 0, 1, 1, 1, 0, 0, 0, 0, 1, 1], [1, 0, 1, 0, 0, 0, 0, 0, 1, 1, 0, 1, 0, 0, 1], [1, 1, 0, 0, 0, 1, 1, 0, 0, 1, 0, 1, 1, 1, 1], [0, 0, 0, 0, 0, 1, 0, 1, 0, 1, 0, 0, 0, 0, 1], [1, 0, 0, 0, 0, 1, 0, 0, 0, 1, 1, 1, 0, 0, 0], [0, 0, 1, 1, 1, 0, 0, 0, 0, 0, 1, 0, 1, 1, 0], [1, 0, 1, 0, 0, 0, 0, 0, 0, 0, 1, 0, 0, 0, 1], [1, 0, 0, 1, 0, 0, 0, 0, 1, 1, 0, 1, 0, 1, 0], [1, 1, 0, 0, 0, 0, 0, 1, 0, 0, 1, 1, 0, 0, 0], [0, 1, 1, 1, 1, 0, 0, 1, 0, 0, 0, 0, 0, 0, 0], [0, 0, 0, 0, 1, 1, 1, 0, 1, 0, 0, 1, 0, 1, 0], [0, 1, 1, 0, 1, 0, 0, 1, 1, 0, 1, 0, 1, 0, 0], [0, 0, 1, 0, 0, 1, 0, 0, 0, 0, 0, 1, 0, 0, 1], [1, 0, 1, 0, 0, 1, 0, 1, 0, 0, 1, 0, 0, 0, 1], [1, 1, 1, 1, 0, 0, 1, 0, 0, 0, 0, 0, 1, 1, 0]]",16.0,8.0,Y,"{0: 24, 1: 32, 2: 40, 3: 48, 4: 56, 5: 64, 6: 72, 7: 80, 8: 88, 9: 96, 10: 104, 11: 112, 12: 16, 13: 120, 14: 128}","{(0, 1): 1, (0, 2): 1, (0, 4): 1, (0, 6): 11, (0, 7): 7, (0, 8): 1, (0, 13): 1, (0, 14): 1, (1, 2): 1, (1, 8): 11, (1, 9): 1, (1, 11): 1, (1, 14): 17, (2, 5): 1, (2, 6): 20, (2, 9): 1, (2, 11): 1, (2, 12): 3, (2, 13): 11, (2, 14): 1, (3, 5): 5, (3, 7): 1, (3, 9): 21, (3, 14): 21, (4, 5): 1, (4, 9): 14, (4, 10): 30, (4, 11): 10, (5, 10): 32, (5, 12): 1, (5, 13): 24, (6, 10): 24, (6, 14): 17, (7, 8): 1, (7, 9): 59, (7, 11): 1, (7, 13): 11, (8, 10): 1, (8, 11): 74, (10, 11): 14, (10, 13): 3, (11, 12): 11, (12, 14): 1, (13, 14): 70}",2411.8423461914062,269.0,45.0,763.0
60.0,Graph with 15 nodes and 49 edges,"[[0, 0, 1, 0, 0, 0, 0, 0, 0, 1, 0, 1, 0, 0, 0], [0, 0, 1, 0, 1, 1, 1, 1, 0, 1, 0, 1, 1, 0, 0], [1, 1, 0, 1, 0, 0, 1, 1, 0, 0, 1, 1, 0, 1, 1], [0, 0, 1, 0, 0, 1, 0, 1, 1, 1, 1, 1, 0, 1, 0], [0, 1, 0, 0, 0, 1, 0, 0, 0, 0, 0, 0, 0, 0, 0], [0, 1, 0, 1, 1, 0, 1, 1, 1, 0, 1, 1, 0, 0, 0], [0, 1, 1, 0, 0, 1, 0, 1, 1, 1, 0, 1, 0, 1, 0], [0, 1, 1, 1, 0, 1, 1, 0, 1, 0, 1, 0, 1, 0, 0], [0, 0, 0, 1, 0, 1, 1, 1, 0, 1, 1, 1, 0, 0, 1], [1, 1, 0, 1, 0, 0, 1, 0, 1, 0, 0, 0, 1, 0, 1], [0, 0, 1, 1, 0, 1, 0, 1, 1, 0, 0, 0, 0, 1, 0], [1, 1, 1, 1, 0, 1, 1, 0, 1, 0, 0, 0, 0, 1, 0], [0, 1, 0, 0, 0, 0, 0, 1, 0, 1, 0, 0, 0, 1, 0], [0, 0, 1, 1, 0, 0, 1, 0, 0, 0, 1, 1, 1, 0, 1], [0, 0, 1, 0, 0, 0, 0, 0, 1, 1, 0, 0, 0, 1, 0]]",5.0,1.0,Y,"{0: 6, 1: 9, 2: 10, 3: 11, 4: 7, 5: 12, 6: 13, 7: 14, 8: 15, 9: 8, 10: 16, 11: 17, 12: 18, 13: 19, 14: 5}","{(0, 2): 2, (0, 9): 2, (0, 11): 2, (1, 2): 1, (1, 4): 2, (1, 5): 1, (1, 6): 1, (1, 7): 1, (1, 9): 1, (1, 11): 1, (1, 12): 1, (2, 3): 1, (2, 6): 1, (2, 7): 1, (2, 10): 1, (2, 11): 1, (2, 13): 1, (2, 14): 1, (3, 5): 1, (3, 7): 1, (3, 8): 1, (3, 9): 1, (3, 10): 3, (3, 11): 2, (3, 13): 1, (4, 5): 5, (5, 6): 1, (5, 7): 1, (5, 8): 1, (5, 10): 1, (5, 11): 1, (6, 7): 1, (6, 8): 1, (6, 9): 1, (6, 11): 6, (6, 13): 1, (7, 8): 1, (7, 10): 2, (7, 12): 6, (8, 9): 1, (8, 10): 8, (8, 11): 1, (8, 14): 1, (9, 12): 1, (9, 14): 1, (10, 13): 1, (11, 13): 3, (12, 13): 10, (13, 14): 2}",1797.1992492675781,274.0,45.0,773.0
60.0,Graph with 15 nodes and 49 edges,"[[0, 0, 1, 0, 0, 0, 0, 0, 0, 1, 0, 1, 0, 0, 0], [0, 0, 1, 0, 1, 1, 1, 1, 0, 1, 0, 1, 1, 0, 0], [1, 1, 0, 1, 0, 0, 1, 1, 0, 0, 1, 1, 0, 1, 1], [0, 0, 1, 0, 0, 1, 0, 1, 1, 1, 1, 1, 0, 1, 0], [0, 1, 0, 0, 0, 1, 0, 0, 0, 0, 0, 0, 0, 0, 0], [0, 1, 0, 1, 1, 0, 1, 1, 1, 0, 1, 1, 0, 0, 0], [0, 1, 1, 0, 0, 1, 0, 1, 1, 1, 0, 1, 0, 1, 0], [0, 1, 1, 1, 0, 1, 1, 0, 1, 0, 1, 0, 1, 0, 0], [0, 0, 0, 1, 0, 1, 1, 1, 0, 1, 1, 1, 0, 0, 1], [1, 1, 0, 1, 0, 0, 1, 0, 1, 0, 0, 0, 1, 0, 1], [0, 0, 1, 1, 0, 1, 0, 1, 1, 0, 0, 0, 0, 1, 0], [1, 1, 1, 1, 0, 1, 1, 0, 1, 0, 0, 0, 0, 1, 0], [0, 1, 0, 0, 0, 0, 0, 1, 0, 1, 0, 0, 0, 1, 0], [0, 0, 1, 1, 0, 0, 1, 0, 0, 0, 1, 1, 1, 0, 1], [0, 0, 1, 0, 0, 0, 0, 0, 1, 1, 0, 0, 0, 1, 0]]",25.0,9.0,Y,"{0: 34, 1: 43, 2: 52, 3: 61, 4: 70, 5: 79, 6: 88, 7: 97, 8: 106, 9: 115, 10: 124, 11: 133, 12: 142, 13: 151, 14: 25}","{(0, 2): 32, (0, 9): 1, (0, 11): 1, (1, 2): 13, (1, 4): 24, (1, 5): 1, (1, 6): 1, (1, 7): 1, (1, 9): 1, (1, 11): 1, (1, 12): 1, (2, 3): 1, (2, 6): 1, (2, 7): 1, (2, 10): 1, (2, 11): 1, (2, 13): 1, (2, 14): 1, (3, 5): 27, (3, 7): 1, (3, 8): 1, (3, 9): 1, (3, 10): 28, (3, 11): 1, (3, 13): 1, (4, 5): 46, (5, 6): 1, (5, 7): 1, (5, 8): 1, (5, 10): 1, (5, 11): 1, (6, 7): 1, (6, 8): 1, (6, 9): 1, (6, 11): 9, (6, 13): 73, (7, 8): 1, (7, 10): 90, (7, 12): 1, (8, 9): 1, (8, 10): 1, (8, 11): 99, (8, 14): 1, (9, 12): 109, (9, 14): 1, (10, 13): 3, (11, 13): 20, (12, 13): 31, (13, 14): 22}",1773.1189727783203,274.0,45.0,773.0
61.0,Graph with 15 nodes and 57 edges,"[[0, 0, 0, 0, 0, 0, 1, 1, 0, 1, 0, 0, 1, 1, 1], [0, 0, 1, 1, 1, 1, 0, 0, 1, 0, 1, 1, 0, 1, 0], [0, 1, 0, 1, 1, 0, 1, 1, 0, 1, 0, 1, 0, 0, 0], [0, 1, 1, 0, 1, 1, 0, 1, 1, 1, 1, 0, 1, 1, 1], [0, 1, 1, 1, 0, 0, 1, 1, 0, 0, 0, 1, 0, 0, 0], [0, 1, 0, 1, 0, 0, 0, 1, 1, 0, 1, 1, 1, 0, 0], [1, 0, 1, 0, 1, 0, 0, 1, 0, 1, 1, 1, 0, 0, 0], [1, 0, 1, 1, 1, 1, 1, 0, 0, 0, 0, 0, 1, 0, 0], [0, 1, 0, 1, 0, 1, 0, 0, 0, 1, 1, 1, 0, 1, 1], [1, 0, 1, 1, 0, 0, 1, 0, 1, 0, 1, 0, 0, 1, 1], [0, 1, 0, 1, 0, 1, 1, 0, 1, 1, 0, 1, 0, 1, 1], [0, 1, 1, 0, 1, 1, 1, 0, 1, 0, 1, 0, 0, 1, 1], [1, 0, 0, 1, 0, 1, 0, 1, 0, 0, 0, 0, 0, 0, 1], [1, 1, 0, 1, 0, 0, 0, 0, 1, 1, 1, 1, 0, 0, 1], [1, 0, 0, 1, 0, 0, 0, 0, 1, 1, 1, 1, 1, 1, 0]]",12.0,4.0,Y,"{0: 12, 1: 68, 2: 64, 3: 60, 4: 56, 5: 52, 6: 48, 7: 44, 8: 40, 9: 36, 10: 32, 11: 28, 12: 24, 13: 20, 14: 16}","{(0, 6): 1, (0, 7): 1, (0, 9): 1, (0, 12): 1, (0, 13): 1, (0, 14): 7, (1, 2): 1, (1, 3): 50, (1, 4): 1, (1, 5): 1, (1, 8): 1, (1, 10): 1, (1, 11): 1, (1, 13): 12, (2, 3): 1, (2, 4): 1, (2, 6): 1, (2, 7): 11, (2, 9): 29, (2, 11): 20, (3, 4): 1, (3, 5): 1, (3, 7): 1, (3, 8): 1, (3, 9): 1, (3, 10): 1, (3, 12): 1, (3, 13): 1, (3, 14): 1, (4, 6): 24, (4, 7): 28, (4, 11): 1, (5, 7): 1, (5, 8): 26, (5, 10): 2, (5, 11): 1, (5, 12): 20, (6, 7): 1, (6, 9): 1, (6, 10): 19, (6, 11): 1, (7, 12): 1, (8, 9): 1, (8, 10): 5, (8, 11): 1, (8, 13): 2, (8, 14): 3, (9, 10): 1, (9, 13): 1, (9, 14): 1, (10, 11): 1, (10, 13): 1, (10, 14): 1, (11, 13): 1, (11, 14): 1, (12, 14): 1, (13, 14): 1}",1683.950424194336,282.0,45.0,789.0
61.0,Graph with 15 nodes and 57 edges,"[[0, 0, 0, 0, 0, 0, 1, 1, 0, 1, 0, 0, 1, 1, 1], [0, 0, 1, 1, 1, 1, 0, 0, 1, 0, 1, 1, 0, 1, 0], [0, 1, 0, 1, 1, 0, 1, 1, 0, 1, 0, 1, 0, 0, 0], [0, 1, 1, 0, 1, 1, 0, 1, 1, 1, 1, 0, 1, 1, 1], [0, 1, 1, 1, 0, 0, 1, 1, 0, 0, 0, 1, 0, 0, 0], [0, 1, 0, 1, 0, 0, 0, 1, 1, 0, 1, 1, 1, 0, 0], [1, 0, 1, 0, 1, 0, 0, 1, 0, 1, 1, 1, 0, 0, 0], [1, 0, 1, 1, 1, 1, 1, 0, 0, 0, 0, 0, 1, 0, 0], [0, 1, 0, 1, 0, 1, 0, 0, 0, 1, 1, 1, 0, 1, 1], [1, 0, 1, 1, 0, 0, 1, 0, 1, 0, 1, 0, 0, 1, 1], [0, 1, 0, 1, 0, 1, 1, 0, 1, 1, 0, 1, 0, 1, 1], [0, 1, 1, 0, 1, 1, 1, 0, 1, 0, 1, 0, 0, 1, 1], [1, 0, 0, 1, 0, 1, 0, 1, 0, 0, 0, 0, 0, 0, 1], [1, 1, 0, 1, 0, 0, 0, 0, 1, 1, 1, 1, 0, 0, 1], [1, 0, 0, 1, 0, 0, 0, 0, 1, 1, 1, 1, 1, 1, 0]]",16.0,8.0,Y,"{0: 24, 1: 32, 2: 40, 3: 48, 4: 56, 5: 64, 6: 72, 7: 80, 8: 88, 9: 96, 10: 104, 11: 112, 12: 120, 13: 128, 14: 16}","{(0, 6): 19, (0, 7): 1, (0, 9): 1, (0, 12): 1, (0, 13): 1, (0, 14): 1, (1, 2): 25, (1, 3): 1, (1, 4): 1, (1, 5): 1, (1, 8): 1, (1, 10): 1, (1, 11): 1, (1, 13): 1, (2, 3): 10, (2, 4): 1, (2, 6): 1, (2, 7): 1, (2, 9): 1, (2, 11): 1, (3, 4): 29, (3, 5): 1, (3, 7): 1, (3, 8): 1, (3, 9): 1, (3, 10): 1, (3, 12): 1, (3, 13): 1, (3, 14): 1, (4, 6): 19, (4, 7): 1, (4, 11): 5, (5, 7): 1, (5, 8): 12, (5, 10): 7, (5, 11): 1, (5, 12): 41, (6, 7): 3, (6, 9): 20, (6, 10): 7, (6, 11): 3, (7, 12): 72, (8, 9): 28, (8, 10): 38, (8, 11): 2, (8, 13): 1, (8, 14): 5, (9, 10): 2, (9, 13): 42, (9, 14): 1, (10, 11): 32, (10, 13): 15, (10, 14): 1, (11, 13): 66, (11, 14): 1, (12, 14): 5, (13, 14): 1}",2130.9852600097656,282.0,45.0,789.0
62.0,Graph with 15 nodes and 49 edges,"[[0, 1, 0, 1, 0, 0, 0, 1, 0, 0, 0, 0, 0, 1, 1], [1, 0, 1, 0, 1, 1, 0, 1, 1, 0, 0, 0, 1, 0, 0], [0, 1, 0, 0, 1, 0, 1, 0, 1, 1, 0, 1, 0, 1, 0], [1, 0, 0, 0, 1, 1, 1, 0, 1, 1, 1, 1, 0, 1, 0], [0, 1, 1, 1, 0, 1, 1, 1, 0, 0, 0, 0, 0, 0, 1], [0, 1, 0, 1, 1, 0, 1, 1, 1, 0, 0, 0, 0, 1, 0], [0, 0, 1, 1, 1, 1, 0, 0, 1, 0, 1, 0, 1, 0, 1], [1, 1, 0, 0, 1, 1, 0, 0, 0, 1, 0, 1, 1, 0, 0], [0, 1, 1, 1, 0, 1, 1, 0, 0, 0, 1, 0, 0, 0, 0], [0, 0, 1, 1, 0, 0, 0, 1, 0, 0, 1, 0, 0, 1, 1], [0, 0, 0, 1, 0, 0, 1, 0, 1, 1, 0, 0, 1, 0, 1], [0, 0, 1, 1, 0, 0, 0, 1, 0, 0, 0, 0, 1, 1, 1], [0, 1, 0, 0, 0, 0, 1, 1, 0, 0, 1, 1, 0, 0, 0], [1, 0, 1, 1, 0, 1, 0, 0, 0, 1, 0, 1, 0, 0, 0], [1, 0, 0, 0, 1, 0, 1, 0, 0, 1, 1, 1, 0, 0, 0]]",5.0,1.0,Y,"{0: 5, 1: 19, 2: 18, 3: 17, 4: 16, 5: 15, 6: 14, 7: 13, 8: 12, 9: 11, 10: 10, 11: 9, 12: 8, 13: 7, 14: 6}","{(0, 1): 1, (0, 3): 1, (0, 7): 1, (0, 13): 1, (0, 14): 1, (1, 2): 6, (1, 4): 7, (1, 5): 1, (1, 7): 1, (1, 8): 2, (1, 12): 1, (2, 4): 1, (2, 6): 7, (2, 8): 1, (2, 9): 1, (2, 11): 1, (2, 13): 1, (3, 4): 1, (3, 5): 8, (3, 6): 1, (3, 8): 2, (3, 9): 1, (3, 10): 1, (3, 11): 1, (3, 13): 1, (4, 5): 2, (4, 6): 1, (4, 7): 3, (4, 14): 1, (5, 6): 1, (5, 7): 1, (5, 8): 1, (5, 13): 1, (6, 8): 1, (6, 10): 1, (6, 12): 1, (6, 14): 1, (7, 9): 5, (7, 11): 1, (7, 12): 1, (8, 10): 5, (9, 10): 1, (9, 13): 2, (9, 14): 1, (10, 12): 1, (10, 14): 1, (11, 12): 4, (11, 13): 1, (11, 14): 1}",1111.9842529296875,274.0,45.0,773.0
62.0,Graph with 15 nodes and 49 edges,"[[0, 1, 0, 1, 0, 0, 0, 1, 0, 0, 0, 0, 0, 1, 1], [1, 0, 1, 0, 1, 1, 0, 1, 1, 0, 0, 0, 1, 0, 0], [0, 1, 0, 0, 1, 0, 1, 0, 1, 1, 0, 1, 0, 1, 0], [1, 0, 0, 0, 1, 1, 1, 0, 1, 1, 1, 1, 0, 1, 0], [0, 1, 1, 1, 0, 1, 1, 1, 0, 0, 0, 0, 0, 0, 1], [0, 1, 0, 1, 1, 0, 1, 1, 1, 0, 0, 0, 0, 1, 0], [0, 0, 1, 1, 1, 1, 0, 0, 1, 0, 1, 0, 1, 0, 1], [1, 1, 0, 0, 1, 1, 0, 0, 0, 1, 0, 1, 1, 0, 0], [0, 1, 1, 1, 0, 1, 1, 0, 0, 0, 1, 0, 0, 0, 0], [0, 0, 1, 1, 0, 0, 0, 1, 0, 0, 1, 0, 0, 1, 1], [0, 0, 0, 1, 0, 0, 1, 0, 1, 1, 0, 0, 1, 0, 1], [0, 0, 1, 1, 0, 0, 0, 1, 0, 0, 0, 0, 1, 1, 1], [0, 1, 0, 0, 0, 0, 1, 1, 0, 0, 1, 1, 0, 0, 0], [1, 0, 1, 1, 0, 1, 0, 0, 0, 1, 0, 1, 0, 0, 0], [1, 0, 0, 0, 1, 0, 1, 0, 0, 1, 1, 1, 0, 0, 0]]",19.0,1.0,Y,"{0: 23, 1: 32, 2: 25, 3: 29, 4: 22, 5: 30, 6: 20, 7: 19, 8: 24, 9: 33, 10: 28, 11: 31, 12: 26, 13: 21, 14: 27}","{(0, 1): 10, (0, 3): 1, (0, 7): 5, (0, 13): 2, (0, 14): 5, (1, 2): 3, (1, 4): 1, (1, 5): 13, (1, 7): 1, (1, 8): 3, (1, 12): 1, (2, 4): 1, (2, 6): 1, (2, 8): 3, (2, 9): 13, (2, 11): 3, (2, 13): 1, (3, 4): 1, (3, 5): 1, (3, 6): 1, (3, 8): 3, (3, 9): 1, (3, 10): 7, (3, 11): 13, (3, 13): 1, (4, 5): 1, (4, 6): 1, (4, 7): 5, (4, 14): 12, (5, 6): 2, (5, 7): 1, (5, 8): 11, (5, 13): 1, (6, 8): 1, (6, 10): 2, (6, 12): 7, (6, 14): 5, (7, 9): 1, (7, 11): 1, (7, 12): 5, (8, 10): 3, (9, 10): 7, (9, 13): 10, (9, 14): 1, (10, 12): 8, (10, 14): 1, (11, 12): 5, (11, 13): 6, (11, 14): 3}",136.85226440429688,274.0,45.0,773.0
63.0,Graph with 15 nodes and 57 edges,"[[0, 1, 0, 1, 1, 1, 1, 0, 0, 1, 0, 1, 1, 0, 1], [1, 0, 1, 1, 1, 0, 1, 0, 0, 1, 1, 0, 1, 0, 1], [0, 1, 0, 0, 1, 1, 0, 1, 0, 1, 1, 0, 0, 1, 0], [1, 1, 0, 0, 0, 0, 0, 1, 0, 1, 0, 1, 1, 1, 1], [1, 1, 1, 0, 0, 1, 0, 0, 1, 1, 1, 1, 1, 0, 0], [1, 0, 1, 0, 1, 0, 0, 0, 0, 1, 1, 1, 1, 1, 0], [1, 1, 0, 0, 0, 0, 0, 0, 0, 1, 0, 1, 0, 1, 1], [0, 0, 1, 1, 0, 0, 0, 0, 0, 1, 0, 1, 0, 0, 0], [0, 0, 0, 0, 1, 0, 0, 0, 0, 0, 1, 0, 1, 1, 1], [1, 1, 1, 1, 1, 1, 1, 1, 0, 0, 1, 1, 0, 1, 0], [0, 1, 1, 0, 1, 1, 0, 0, 1, 1, 0, 0, 1, 0, 0], [1, 0, 0, 1, 1, 1, 1, 1, 0, 1, 0, 0, 1, 1, 0], [1, 1, 0, 1, 1, 1, 0, 0, 1, 0, 1, 1, 0, 0, 0], [0, 0, 1, 1, 0, 1, 1, 0, 1, 1, 0, 1, 0, 0, 1], [1, 1, 0, 1, 0, 0, 1, 0, 1, 0, 0, 0, 0, 1, 0]]",19.0,1.0,Y,"{0: 33, 1: 32, 2: 31, 3: 30, 4: 29, 5: 28, 6: 27, 7: 26, 8: 25, 9: 24, 10: 23, 11: 22, 12: 21, 13: 20, 14: 19}","{(0, 1): 1, (0, 3): 1, (0, 4): 1, (0, 5): 1, (0, 6): 1, (0, 9): 14, (0, 11): 1, (0, 12): 1, (0, 14): 12, (1, 2): 1, (1, 3): 1, (1, 4): 1, (1, 6): 1, (1, 9): 1, (1, 10): 9, (1, 12): 14, (1, 14): 3, (2, 4): 1, (2, 5): 17, (2, 7): 1, (2, 9): 1, (2, 10): 9, (2, 13): 1, (3, 7): 23, (3, 9): 1, (3, 11): 1, (3, 12): 1, (3, 13): 1, (3, 14): 1, (4, 5): 1, (4, 8): 21, (4, 9): 1, (4, 10): 1, (4, 11): 1, (4, 12): 1, (5, 9): 1, (5, 10): 1, (5, 11): 5, (5, 12): 1, (5, 13): 1, (6, 9): 1, (6, 11): 10, (6, 13): 13, (6, 14): 1, (7, 9): 1, (7, 11): 1, (8, 10): 1, (8, 12): 1, (8, 13): 1, (8, 14): 1, (9, 10): 1, (9, 11): 1, (9, 13): 1, (10, 12): 1, (11, 12): 1, (11, 13): 1, (13, 14): 1}",1427.8888702392578,282.0,45.0,789.0
65.0,Graph with 15 nodes and 57 edges,"[[0, 0, 0, 0, 1, 1, 1, 1, 1, 1, 1, 1, 0, 1, 1], [0, 0, 1, 1, 1, 0, 1, 0, 1, 0, 1, 1, 0, 1, 0], [0, 1, 0, 0, 1, 0, 1, 0, 0, 0, 1, 0, 1, 0, 1], [0, 1, 0, 0, 1, 1, 0, 0, 0, 1, 0, 0, 1, 1, 0], [1, 1, 1, 1, 0, 0, 1, 0, 1, 1, 1, 1, 0, 0, 1], [1, 0, 0, 1, 0, 0, 1, 1, 0, 0, 0, 1, 1, 0, 0], [1, 1, 1, 0, 1, 1, 0, 1, 1, 0, 1, 0, 1, 1, 0], [1, 0, 0, 0, 0, 1, 1, 0, 0, 0, 1, 1, 0, 1, 0], [1, 1, 0, 0, 1, 0, 1, 0, 0, 0, 1, 1, 1, 1, 1], [1, 0, 0, 1, 1, 0, 0, 0, 0, 0, 0, 0, 1, 1, 1], [1, 1, 1, 0, 1, 0, 1, 1, 1, 0, 0, 0, 1, 0, 1], [1, 1, 0, 0, 1, 1, 0, 1, 1, 0, 0, 0, 0, 1, 0], [0, 0, 1, 1, 0, 1, 1, 0, 1, 1, 1, 0, 0, 0, 0], [1, 1, 0, 1, 0, 0, 1, 1, 1, 1, 0, 1, 0, 0, 0], [1, 0, 1, 0, 1, 0, 0, 0, 1, 1, 1, 0, 0, 0, 0]]",6.0,2.0,Y,"{0: 34, 1: 8, 2: 16, 3: 10, 4: 18, 5: 6, 6: 30, 7: 14, 8: 26, 9: 32, 10: 22, 11: 24, 12: 28, 13: 12, 14: 20}","{(0, 4): 1, (0, 5): 1, (0, 6): 1, (0, 7): 1, (0, 8): 13, (0, 9): 1, (0, 10): 1, (0, 11): 13, (0, 13): 1, (0, 14): 1, (1, 2): 1, (1, 3): 1, (1, 4): 1, (1, 6): 1, (1, 8): 1, (1, 10): 1, (1, 11): 1, (1, 13): 1, (2, 4): 1, (2, 6): 9, (2, 10): 1, (2, 12): 3, (2, 14): 1, (3, 4): 1, (3, 5): 1, (3, 9): 2, (3, 12): 4, (3, 13): 1, (4, 6): 1, (4, 8): 1, (4, 9): 9, (4, 10): 1, (4, 11): 1, (4, 14): 1, (5, 6): 1, (5, 7): 1, (5, 11): 1, (5, 12): 1, (6, 7): 9, (6, 8): 1, (6, 10): 1, (6, 12): 1, (6, 13): 5, (7, 10): 1, (7, 11): 1, (7, 13): 1, (8, 10): 1, (8, 11): 6, (8, 12): 1, (8, 13): 1, (8, 14): 1, (9, 12): 4, (9, 13): 1, (9, 14): 15, (10, 12): 14, (10, 14): 1, (11, 13): 1}",3127.8133392333984,282.0,45.0,789.0
65.0,Graph with 15 nodes and 57 edges,"[[0, 0, 0, 0, 1, 1, 1, 1, 1, 1, 1, 1, 0, 1, 1], [0, 0, 1, 1, 1, 0, 1, 0, 1, 0, 1, 1, 0, 1, 0], [0, 1, 0, 0, 1, 0, 1, 0, 0, 0, 1, 0, 1, 0, 1], [0, 1, 0, 0, 1, 1, 0, 0, 0, 1, 0, 0, 1, 1, 0], [1, 1, 1, 1, 0, 0, 1, 0, 1, 1, 1, 1, 0, 0, 1], [1, 0, 0, 1, 0, 0, 1, 1, 0, 0, 0, 1, 1, 0, 0], [1, 1, 1, 0, 1, 1, 0, 1, 1, 0, 1, 0, 1, 1, 0], [1, 0, 0, 0, 0, 1, 1, 0, 0, 0, 1, 1, 0, 1, 0], [1, 1, 0, 0, 1, 0, 1, 0, 0, 0, 1, 1, 1, 1, 1], [1, 0, 0, 1, 1, 0, 0, 0, 0, 0, 0, 0, 1, 1, 1], [1, 1, 1, 0, 1, 0, 1, 1, 1, 0, 0, 0, 1, 0, 1], [1, 1, 0, 0, 1, 1, 0, 1, 1, 0, 0, 0, 0, 1, 0], [0, 0, 1, 1, 0, 1, 1, 0, 1, 1, 1, 0, 0, 0, 0], [1, 1, 0, 1, 0, 0, 1, 1, 1, 1, 0, 1, 0, 0, 0], [1, 0, 1, 0, 1, 0, 0, 0, 1, 1, 1, 0, 0, 0, 0]]",24.0,2.0,Y,"{0: 26, 1: 28, 2: 30, 3: 32, 4: 34, 5: 36, 6: 38, 7: 40, 8: 42, 9: 44, 10: 46, 11: 48, 12: 50, 13: 52, 14: 24}","{(0, 4): 17, (0, 5): 1, (0, 6): 1, (0, 7): 1, (0, 8): 1, (0, 9): 1, (0, 10): 1, (0, 11): 1, (0, 13): 1, (0, 14): 1, (1, 2): 21, (1, 3): 1, (1, 4): 1, (1, 6): 1, (1, 8): 1, (1, 10): 1, (1, 11): 1, (1, 13): 1, (2, 4): 5, (2, 6): 1, (2, 10): 1, (2, 12): 1, (2, 14): 1, (3, 4): 5, (3, 5): 6, (3, 9): 16, (3, 12): 1, (3, 13): 3, (4, 6): 1, (4, 8): 1, (4, 9): 1, (4, 10): 1, (4, 11): 1, (4, 14): 1, (5, 6): 14, (5, 7): 1, (5, 11): 13, (5, 12): 1, (6, 7): 1, (6, 8): 1, (6, 10): 1, (6, 12): 1, (6, 13): 16, (7, 10): 1, (7, 11): 19, (7, 13): 17, (8, 10): 16, (8, 11): 2, (8, 12): 18, (8, 13): 1, (8, 14): 1, (9, 12): 22, (9, 13): 2, (9, 14): 2, (10, 12): 6, (10, 14): 18, (11, 13): 11}",1560.9264373779297,282.0,45.0,789.0
67.0,Graph with 15 nodes and 60 edges,"[[0, 0, 1, 1, 0, 1, 1, 0, 0, 0, 1, 1, 0, 1, 0], [0, 0, 1, 0, 1, 1, 1, 0, 1, 0, 0, 0, 1, 0, 1], [1, 1, 0, 1, 1, 1, 0, 0, 1, 0, 0, 1, 1, 0, 0], [1, 0, 1, 0, 1, 1, 1, 1, 0, 1, 1, 1, 1, 1, 1], [0, 1, 1, 1, 0, 1, 1, 0, 1, 1, 1, 1, 1, 1, 1], [1, 1, 1, 1, 1, 0, 0, 0, 0, 0, 0, 1, 0, 0, 0], [1, 1, 0, 1, 1, 0, 0, 1, 1, 0, 0, 1, 0, 0, 0], [0, 0, 0, 1, 0, 0, 1, 0, 1, 1, 1, 1, 1, 1, 0], [0, 1, 1, 0, 1, 0, 1, 1, 0, 1, 0, 1, 0, 1, 1], [0, 0, 0, 1, 1, 0, 0, 1, 1, 0, 1, 0, 0, 0, 1], [1, 0, 0, 1, 1, 0, 0, 1, 0, 1, 0, 1, 0, 1, 0], [1, 0, 1, 1, 1, 1, 1, 1, 1, 0, 1, 0, 1, 0, 1], [0, 1, 1, 1, 1, 0, 0, 1, 0, 0, 0, 1, 0, 1, 0], [1, 0, 0, 1, 1, 0, 0, 1, 1, 0, 1, 0, 1, 0, 0], [0, 1, 0, 1, 1, 0, 0, 0, 1, 1, 0, 1, 0, 0, 0]]",19.0,3.0,Y,"{0: 22, 1: 25, 2: 28, 3: 31, 4: 34, 5: 37, 6: 40, 7: 43, 8: 46, 9: 49, 10: 52, 11: 55, 12: 58, 13: 61, 14: 19}","{(0, 2): 16, (0, 3): 1, (0, 5): 1, (0, 6): 1, (0, 10): 1, (0, 11): 1, (0, 13): 1, (1, 2): 6, (1, 4): 14, (1, 5): 1, (1, 6): 1, (1, 8): 1, (1, 12): 1, (1, 14): 1, (2, 3): 1, (2, 4): 1, (2, 5): 1, (2, 8): 1, (2, 11): 1, (2, 12): 1, (3, 4): 10, (3, 5): 11, (3, 6): 1, (3, 7): 1, (3, 9): 1, (3, 10): 1, (3, 11): 1, (3, 12): 1, (3, 13): 1, (3, 14): 1, (4, 5): 1, (4, 6): 1, (4, 8): 1, (4, 9): 1, (4, 10): 1, (4, 11): 1, (4, 12): 1, (4, 13): 1, (4, 14): 1, (5, 11): 22, (6, 7): 1, (6, 8): 34, (6, 11): 1, (7, 8): 1, (7, 9): 19, (7, 10): 15, (7, 11): 1, (7, 12): 1, (7, 13): 4, (8, 9): 5, (8, 11): 1, (8, 13): 1, (8, 14): 1, (9, 10): 9, (9, 14): 14, (10, 11): 24, (10, 13): 1, (11, 12): 1, (11, 14): 1, (12, 13): 52}",1965.9996032714844,285.0,45.0,795.0
70.0,Graph with 15 nodes and 53 edges,"[[0, 1, 1, 1, 0, 0, 0, 0, 1, 1, 1, 0, 0, 1, 0], [1, 0, 0, 1, 0, 0, 0, 0, 0, 1, 1, 1, 1, 0, 0], [1, 0, 0, 1, 0, 1, 0, 1, 0, 1, 0, 1, 0, 1, 0], [1, 1, 1, 0, 1, 1, 0, 1, 1, 1, 1, 0, 0, 0, 1], [0, 0, 0, 1, 0, 0, 1, 0, 0, 0, 0, 1, 1, 0, 1], [0, 0, 1, 1, 0, 0, 1, 0, 1, 1, 1, 1, 1, 0, 0], [0, 0, 0, 0, 1, 1, 0, 1, 0, 1, 0, 0, 0, 0, 0], [0, 0, 1, 1, 0, 0, 1, 0, 1, 0, 1, 1, 1, 0, 0], [1, 0, 0, 1, 0, 1, 0, 1, 0, 1, 0, 0, 1, 0, 1], [1, 1, 1, 1, 0, 1, 1, 0, 1, 0, 1, 1, 0, 0, 1], [1, 1, 0, 1, 0, 1, 0, 1, 0, 1, 0, 0, 1, 0, 1], [0, 1, 1, 0, 1, 1, 0, 1, 0, 1, 0, 0, 1, 1, 0], [0, 1, 0, 0, 1, 1, 0, 1, 1, 0, 1, 1, 0, 0, 1], [1, 0, 1, 0, 0, 0, 0, 0, 0, 0, 0, 1, 0, 0, 1], [0, 0, 0, 1, 1, 0, 0, 0, 1, 1, 1, 0, 1, 1, 0]]",14.0,4.0,Y,"{0: 18, 1: 22, 2: 26, 3: 30, 4: 34, 5: 38, 6: 42, 7: 46, 8: 50, 9: 54, 10: 58, 11: 62, 12: 66, 13: 70, 14: 14}","{(0, 1): 12, (0, 2): 1, (0, 3): 1, (0, 8): 1, (0, 9): 1, (0, 10): 1, (0, 13): 1, (1, 3): 6, (1, 9): 1, (1, 10): 1, (1, 11): 1, (1, 12): 1, (2, 3): 15, (2, 5): 1, (2, 7): 1, (2, 9): 1, (2, 11): 1, (2, 13): 6, (3, 4): 1, (3, 5): 2, (3, 7): 1, (3, 8): 1, (3, 9): 1, (3, 10): 1, (3, 14): 1, (4, 6): 29, (4, 11): 1, (4, 12): 2, (4, 14): 1, (5, 6): 1, (5, 8): 2, (5, 9): 2, (5, 10): 22, (5, 11): 1, (5, 12): 7, (6, 7): 11, (6, 9): 1, (7, 8): 4, (7, 10): 1, (7, 11): 1, (7, 12): 27, (8, 9): 15, (8, 12): 26, (8, 14): 1, (9, 10): 30, (9, 11): 1, (9, 14): 1, (10, 12): 1, (10, 14): 1, (11, 12): 1, (11, 13): 55, (12, 14): 1, (13, 14): 8}",2348.8998413085938,278.0,45.0,781.0
70.0,Graph with 15 nodes and 53 edges,"[[0, 1, 1, 1, 0, 0, 0, 0, 1, 1, 1, 0, 0, 1, 0], [1, 0, 0, 1, 0, 0, 0, 0, 0, 1, 1, 1, 1, 0, 0], [1, 0, 0, 1, 0, 1, 0, 1, 0, 1, 0, 1, 0, 1, 0], [1, 1, 1, 0, 1, 1, 0, 1, 1, 1, 1, 0, 0, 0, 1], [0, 0, 0, 1, 0, 0, 1, 0, 0, 0, 0, 1, 1, 0, 1], [0, 0, 1, 1, 0, 0, 1, 0, 1, 1, 1, 1, 1, 0, 0], [0, 0, 0, 0, 1, 1, 0, 1, 0, 1, 0, 0, 0, 0, 0], [0, 0, 1, 1, 0, 0, 1, 0, 1, 0, 1, 1, 1, 0, 0], [1, 0, 0, 1, 0, 1, 0, 1, 0, 1, 0, 0, 1, 0, 1], [1, 1, 1, 1, 0, 1, 1, 0, 1, 0, 1, 1, 0, 0, 1], [1, 1, 0, 1, 0, 1, 0, 1, 0, 1, 0, 0, 1, 0, 1], [0, 1, 1, 0, 1, 1, 0, 1, 0, 1, 0, 0, 1, 1, 0], [0, 1, 0, 0, 1, 1, 0, 1, 1, 0, 1, 1, 0, 0, 1], [1, 0, 1, 0, 0, 0, 0, 0, 0, 0, 0, 1, 0, 0, 1], [0, 0, 0, 1, 1, 0, 0, 0, 1, 1, 1, 0, 1, 1, 0]]",21.0,3.0,Y,"{0: 63, 1: 33, 2: 24, 3: 30, 4: 60, 5: 27, 6: 42, 7: 21, 8: 36, 9: 57, 10: 54, 11: 51, 12: 48, 13: 39, 14: 45}","{(0, 1): 8, (0, 2): 1, (0, 3): 4, (0, 8): 1, (0, 9): 1, (0, 10): 47, (0, 13): 1, (1, 3): 1, (1, 9): 3, (1, 10): 1, (1, 11): 1, (1, 12): 19, (2, 3): 1, (2, 5): 1, (2, 7): 1, (2, 9): 18, (2, 11): 1, (2, 13): 1, (3, 4): 18, (3, 5): 1, (3, 7): 1, (3, 8): 1, (3, 9): 1, (3, 10): 1, (3, 14): 1, (4, 6): 39, (4, 11): 1, (4, 12): 1, (4, 14): 1, (5, 6): 1, (5, 8): 1, (5, 9): 20, (5, 10): 1, (5, 11): 1, (5, 12): 1, (6, 7): 1, (6, 9): 1, (7, 8): 1, (7, 10): 1, (7, 11): 1, (7, 12): 15, (8, 9): 1, (8, 12): 1, (8, 14): 30, (9, 10): 1, (9, 11): 1, (9, 14): 10, (10, 12): 1, (10, 14): 1, (11, 12): 9, (11, 13): 36, (12, 14): 1, (13, 14): 1}",2285.003662109375,278.0,45.0,781.0
71.0,Graph with 15 nodes and 52 edges,"[[0, 0, 1, 1, 1, 0, 1, 1, 1, 0, 1, 1, 0, 1, 0], [0, 0, 0, 0, 1, 0, 0, 0, 1, 0, 0, 1, 1, 1, 0], [1, 0, 0, 0, 1, 1, 0, 1, 0, 0, 1, 1, 1, 0, 1], [1, 0, 0, 0, 0, 1, 1, 1, 1, 1, 1, 0, 1, 1, 1], [1, 1, 1, 0, 0, 1, 1, 0, 1, 0, 0, 0, 0, 0, 0], [0, 0, 1, 1, 1, 0, 0, 0, 1, 1, 1, 1, 1, 0, 0], [1, 0, 0, 1, 1, 0, 0, 1, 0, 0, 1, 0, 0, 0, 1], [1, 0, 1, 1, 0, 0, 1, 0, 1, 0, 0, 0, 0, 0, 1], [1, 1, 0, 1, 1, 1, 0, 1, 0, 1, 0, 1, 1, 0, 0], [0, 0, 0, 1, 0, 1, 0, 0, 1, 0, 0, 0, 0, 0, 1], [1, 0, 1, 1, 0, 1, 1, 0, 0, 0, 0, 1, 1, 0, 0], [1, 1, 1, 0, 0, 1, 0, 0, 1, 0, 1, 0, 0, 0, 1], [0, 1, 1, 1, 0, 1, 0, 0, 1, 0, 1, 0, 0, 1, 1], [1, 1, 0, 1, 0, 0, 0, 0, 0, 0, 0, 0, 1, 0, 0], [0, 0, 1, 1, 0, 0, 1, 1, 0, 1, 0, 1, 1, 0, 0]]",7.0,3.0,Y,"{0: 46, 1: 31, 2: 13, 3: 19, 4: 16, 5: 49, 6: 28, 7: 34, 8: 43, 9: 40, 10: 7, 11: 37, 12: 25, 13: 22, 14: 10}","{(0, 2): 5, (0, 3): 4, (0, 4): 1, (0, 6): 1, (0, 7): 1, (0, 8): 1, (0, 10): 1, (0, 11): 31, (0, 13): 1, (1, 4): 6, (1, 8): 4, (1, 11): 1, (1, 12): 1, (1, 13): 19, (2, 4): 1, (2, 5): 2, (2, 7): 1, (2, 10): 1, (2, 11): 1, (2, 12): 1, (2, 14): 1, (3, 5): 7, (3, 6): 1, (3, 7): 1, (3, 8): 1, (3, 9): 1, (3, 10): 1, (3, 12): 1, (3, 13): 1, (3, 14): 1, (4, 5): 1, (4, 6): 1, (4, 8): 6, (5, 8): 1, (5, 9): 18, (5, 10): 1, (5, 11): 1, (5, 12): 18, (6, 7): 21, (6, 10): 1, (6, 14): 3, (7, 8): 8, (7, 14): 2, (8, 9): 20, (8, 11): 1, (8, 12): 1, (9, 14): 1, (10, 11): 1, (10, 12): 1, (11, 14): 1, (12, 13): 1, (12, 14): 1}",3442.049026489258,277.0,45.0,779.0
71.0,Graph with 15 nodes and 52 edges,"[[0, 0, 1, 1, 1, 0, 1, 1, 1, 0, 1, 1, 0, 1, 0], [0, 0, 0, 0, 1, 0, 0, 0, 1, 0, 0, 1, 1, 1, 0], [1, 0, 0, 0, 1, 1, 0, 1, 0, 0, 1, 1, 1, 0, 1], [1, 0, 0, 0, 0, 1, 1, 1, 1, 1, 1, 0, 1, 1, 1], [1, 1, 1, 0, 0, 1, 1, 0, 1, 0, 0, 0, 0, 0, 0], [0, 0, 1, 1, 1, 0, 0, 0, 1, 1, 1, 1, 1, 0, 0], [1, 0, 0, 1, 1, 0, 0, 1, 0, 0, 1, 0, 0, 0, 1], [1, 0, 1, 1, 0, 0, 1, 0, 1, 0, 0, 0, 0, 0, 1], [1, 1, 0, 1, 1, 1, 0, 1, 0, 1, 0, 1, 1, 0, 0], [0, 0, 0, 1, 0, 1, 0, 0, 1, 0, 0, 0, 0, 0, 1], [1, 0, 1, 1, 0, 1, 1, 0, 0, 0, 0, 1, 1, 0, 0], [1, 1, 1, 0, 0, 1, 0, 0, 1, 0, 1, 0, 0, 0, 1], [0, 1, 1, 1, 0, 1, 0, 0, 1, 0, 1, 0, 0, 1, 1], [1, 1, 0, 1, 0, 0, 0, 0, 0, 0, 0, 0, 1, 0, 0], [0, 0, 1, 1, 0, 0, 1, 1, 0, 1, 0, 1, 1, 0, 0]]",29.0,3.0,Y,"{0: 32, 1: 35, 2: 38, 3: 41, 4: 44, 5: 47, 6: 50, 7: 53, 8: 56, 9: 59, 10: 62, 11: 65, 12: 68, 13: 71, 14: 29}","{(0, 2): 24, (0, 3): 1, (0, 4): 1, (0, 6): 1, (0, 7): 1, (0, 8): 1, (0, 10): 1, (0, 11): 1, (0, 13): 1, (1, 4): 31, (1, 8): 1, (1, 11): 1, (1, 12): 1, (1, 13): 1, (2, 4): 8, (2, 5): 1, (2, 7): 1, (2, 10): 1, (2, 11): 1, (2, 12): 1, (2, 14): 1, (3, 5): 25, (3, 6): 1, (3, 7): 1, (3, 8): 1, (3, 9): 1, (3, 10): 1, (3, 12): 1, (3, 13): 8, (3, 14): 1, (4, 5): 1, (4, 6): 1, (4, 8): 2, (5, 8): 9, (5, 9): 5, (5, 10): 4, (5, 11): 1, (5, 12): 1, (6, 7): 45, (6, 10): 1, (6, 14): 1, (7, 8): 2, (7, 14): 3, (8, 9): 32, (8, 11): 7, (8, 12): 1, (9, 14): 21, (10, 11): 53, (10, 12): 1, (11, 14): 1, (12, 13): 61, (12, 14): 1}",1658.9164733886719,277.0,45.0,779.0
72.0,Graph with 15 nodes and 51 edges,"[[0, 0, 0, 1, 0, 0, 0, 0, 1, 0, 1, 1, 0, 1, 0], [0, 0, 1, 1, 1, 0, 1, 0, 0, 0, 1, 1, 1, 1, 0], [0, 1, 0, 0, 1, 1, 0, 1, 0, 1, 0, 0, 0, 1, 1], [1, 1, 0, 0, 0, 0, 0, 0, 1, 0, 1, 0, 0, 0, 0], [0, 1, 1, 0, 0, 1, 1, 0, 1, 1, 1, 0, 0, 1, 1], [0, 0, 1, 0, 1, 0, 1, 1, 0, 0, 0, 1, 1, 0, 0], [0, 1, 0, 0, 1, 1, 0, 1, 0, 0, 1, 0, 1, 1, 1], [0, 0, 1, 0, 0, 1, 1, 0, 0, 0, 1, 0, 0, 0, 1], [1, 0, 0, 1, 1, 0, 0, 0, 0, 1, 0, 1, 1, 0, 1], [0, 0, 1, 0, 1, 0, 0, 0, 1, 0, 0, 0, 1, 0, 0], [1, 1, 0, 1, 1, 0, 1, 1, 0, 0, 0, 0, 0, 1, 1], [1, 1, 0, 0, 0, 1, 0, 0, 1, 0, 0, 0, 1, 1, 0], [0, 1, 0, 0, 0, 1, 1, 0, 1, 1, 0, 1, 0, 1, 1], [1, 1, 1, 0, 1, 0, 1, 0, 0, 0, 1, 1, 1, 0, 1], [0, 0, 1, 0, 1, 0, 1, 1, 1, 0, 1, 0, 1, 1, 0]]",17.0,9.0,Y,"{0: 26, 1: 35, 2: 44, 3: 53, 4: 62, 5: 71, 6: 80, 7: 89, 8: 98, 9: 107, 10: 116, 11: 125, 12: 134, 13: 143, 14: 17}","{(0, 3): 22, (0, 8): 1, (0, 10): 1, (0, 11): 1, (0, 13): 1, (1, 2): 28, (1, 3): 1, (1, 4): 1, (1, 6): 1, (1, 10): 1, (1, 11): 1, (1, 12): 1, (1, 13): 1, (2, 4): 11, (2, 5): 1, (2, 7): 1, (2, 9): 1, (2, 13): 1, (2, 14): 1, (3, 8): 29, (3, 10): 1, (4, 5): 44, (4, 6): 1, (4, 8): 1, (4, 9): 1, (4, 10): 1, (4, 13): 1, (4, 14): 1, (5, 6): 1, (5, 7): 19, (5, 11): 5, (5, 12): 1, (6, 7): 67, (6, 10): 1, (6, 12): 1, (6, 13): 7, (6, 14): 1, (7, 10): 1, (7, 14): 1, (8, 9): 1, (8, 11): 64, (8, 12): 1, (8, 14): 1, (9, 12): 104, (10, 13): 100, (10, 14): 10, (11, 12): 24, (11, 13): 30, (12, 13): 1, (12, 14): 1, (13, 14): 1}",1756.906509399414,276.0,45.0,777.0
72.0,Graph with 15 nodes and 51 edges,"[[0, 0, 0, 1, 0, 0, 0, 0, 1, 0, 1, 1, 0, 1, 0], [0, 0, 1, 1, 1, 0, 1, 0, 0, 0, 1, 1, 1, 1, 0], [0, 1, 0, 0, 1, 1, 0, 1, 0, 1, 0, 0, 0, 1, 1], [1, 1, 0, 0, 0, 0, 0, 0, 1, 0, 1, 0, 0, 0, 0], [0, 1, 1, 0, 0, 1, 1, 0, 1, 1, 1, 0, 0, 1, 1], [0, 0, 1, 0, 1, 0, 1, 1, 0, 0, 0, 1, 1, 0, 0], [0, 1, 0, 0, 1, 1, 0, 1, 0, 0, 1, 0, 1, 1, 1], [0, 0, 1, 0, 0, 1, 1, 0, 0, 0, 1, 0, 0, 0, 1], [1, 0, 0, 1, 1, 0, 0, 0, 0, 1, 0, 1, 1, 0, 1], [0, 0, 1, 0, 1, 0, 0, 0, 1, 0, 0, 0, 1, 0, 0], [1, 1, 0, 1, 1, 0, 1, 1, 0, 0, 0, 0, 0, 1, 1], [1, 1, 0, 0, 0, 1, 0, 0, 1, 0, 0, 0, 1, 1, 0], [0, 1, 0, 0, 0, 1, 1, 0, 1, 1, 0, 1, 0, 1, 1], [1, 1, 1, 0, 1, 0, 1, 0, 0, 0, 1, 1, 1, 0, 1], [0, 0, 1, 0, 1, 0, 1, 1, 1, 0, 1, 0, 1, 1, 0]]",24.0,6.0,Y,"{0: 108, 1: 102, 2: 96, 3: 90, 4: 84, 5: 78, 6: 72, 7: 66, 8: 60, 9: 54, 10: 48, 11: 42, 12: 36, 13: 30, 14: 24}","{(0, 3): 1, (0, 8): 7, (0, 10): 41, (0, 11): 37, (0, 13): 22, (1, 2): 1, (1, 3): 40, (1, 4): 1, (1, 6): 28, (1, 10): 1, (1, 11): 1, (1, 12): 29, (1, 13): 1, (2, 4): 1, (2, 5): 13, (2, 7): 62, (2, 9): 1, (2, 13): 1, (2, 14): 17, (3, 8): 48, (3, 10): 1, (4, 5): 25, (4, 6): 2, (4, 8): 1, (4, 9): 51, (4, 10): 1, (4, 13): 1, (4, 14): 1, (5, 6): 37, (5, 7): 1, (5, 11): 1, (5, 12): 1, (6, 7): 1, (6, 10): 1, (6, 12): 1, (6, 13): 1, (6, 14): 1, (7, 10): 1, (7, 14): 1, (8, 9): 1, (8, 11): 1, (8, 12): 1, (8, 14): 1, (9, 12): 1, (10, 13): 1, (10, 14): 1, (11, 12): 1, (11, 13): 1, (12, 13): 1, (12, 14): 1, (13, 14): 1}",1263.1416320800781,276.0,45.0,777.0
73.0,Graph with 15 nodes and 48 edges,"[[0, 0, 0, 1, 0, 1, 1, 1, 1, 1, 0, 0, 1, 0, 1], [0, 0, 1, 0, 1, 0, 0, 1, 0, 1, 0, 0, 0, 0, 0], [0, 1, 0, 1, 0, 1, 0, 0, 1, 1, 1, 1, 0, 1, 1], [1, 0, 1, 0, 1, 0, 1, 1, 1, 0, 0, 0, 1, 0, 0], [0, 1, 0, 1, 0, 0, 0, 0, 0, 0, 1, 1, 0, 1, 0], [1, 0, 1, 0, 0, 0, 0, 1, 1, 0, 1, 1, 0, 0, 0], [1, 0, 0, 1, 0, 0, 0, 0, 1, 1, 0, 1, 1, 0, 1], [1, 1, 0, 1, 0, 1, 0, 0, 1, 0, 0, 0, 0, 0, 0], [1, 0, 1, 1, 0, 1, 1, 1, 0, 0, 0, 1, 0, 1, 1], [1, 1, 1, 0, 0, 0, 1, 0, 0, 0, 1, 1, 0, 1, 1], [0, 0, 1, 0, 1, 1, 0, 0, 0, 1, 0, 0, 1, 0, 0], [0, 0, 1, 0, 1, 1, 1, 0, 1, 1, 0, 0, 0, 1, 1], [1, 0, 0, 1, 0, 0, 1, 0, 0, 0, 1, 0, 0, 0, 0], [0, 0, 1, 0, 1, 0, 0, 0, 1, 1, 0, 1, 0, 0, 0], [1, 0, 1, 0, 0, 0, 1, 0, 1, 1, 0, 1, 0, 0, 0]]",12.0,6.0,Y,"{0: 18, 1: 24, 2: 30, 3: 36, 4: 42, 5: 48, 6: 54, 7: 60, 8: 66, 9: 72, 10: 78, 11: 84, 12: 90, 13: 96, 14: 12}","{(0, 3): 11, (0, 5): 1, (0, 6): 1, (0, 7): 1, (0, 8): 1, (0, 9): 1, (0, 12): 1, (0, 14): 1, (1, 2): 21, (1, 4): 1, (1, 7): 1, (1, 9): 1, (2, 3): 2, (2, 5): 1, (2, 8): 1, (2, 9): 1, (2, 10): 1, (2, 11): 1, (2, 13): 1, (2, 14): 1, (3, 4): 19, (3, 6): 1, (3, 7): 1, (3, 8): 1, (3, 12): 1, (4, 10): 5, (4, 11): 1, (4, 13): 16, (5, 7): 31, (5, 8): 1, (5, 10): 1, (5, 11): 13, (6, 8): 7, (6, 9): 25, (6, 11): 1, (6, 12): 18, (6, 14): 1, (7, 8): 26, (8, 11): 1, (8, 13): 27, (8, 14): 1, (9, 10): 1, (9, 11): 25, (9, 13): 17, (9, 14): 1, (10, 12): 70, (11, 13): 35, (11, 14): 7}",1962.1849060058594,273.0,45.0,771.0
73.0,Graph with 15 nodes and 48 edges,"[[0, 0, 0, 1, 0, 1, 1, 1, 1, 1, 0, 0, 1, 0, 1], [0, 0, 1, 0, 1, 0, 0, 1, 0, 1, 0, 0, 0, 0, 0], [0, 1, 0, 1, 0, 1, 0, 0, 1, 1, 1, 1, 0, 1, 1], [1, 0, 1, 0, 1, 0, 1, 1, 1, 0, 0, 0, 1, 0, 0], [0, 1, 0, 1, 0, 0, 0, 0, 0, 0, 1, 1, 0, 1, 0], [1, 0, 1, 0, 0, 0, 0, 1, 1, 0, 1, 1, 0, 0, 0], [1, 0, 0, 1, 0, 0, 0, 0, 1, 1, 0, 1, 1, 0, 1], [1, 1, 0, 1, 0, 1, 0, 0, 1, 0, 0, 0, 0, 0, 0], [1, 0, 1, 1, 0, 1, 1, 1, 0, 0, 0, 1, 0, 1, 1], [1, 1, 1, 0, 0, 0, 1, 0, 0, 0, 1, 1, 0, 1, 1], [0, 0, 1, 0, 1, 1, 0, 0, 0, 1, 0, 0, 1, 0, 0], [0, 0, 1, 0, 1, 1, 1, 0, 1, 1, 0, 0, 0, 1, 1], [1, 0, 0, 1, 0, 0, 1, 0, 0, 0, 1, 0, 0, 0, 0], [0, 0, 1, 0, 1, 0, 0, 0, 1, 1, 0, 1, 0, 0, 0], [1, 0, 1, 0, 0, 0, 1, 0, 1, 1, 0, 1, 0, 0, 0]]",19.0,1.0,Y,"{0: 20, 1: 21, 2: 22, 3: 23, 4: 24, 5: 25, 6: 26, 7: 27, 8: 28, 9: 29, 10: 30, 11: 31, 12: 32, 13: 33, 14: 19}","{(0, 3): 13, (0, 5): 1, (0, 6): 1, (0, 7): 1, (0, 8): 1, (0, 9): 1, (0, 12): 1, (0, 14): 1, (1, 2): 14, (1, 4): 5, (1, 7): 1, (1, 9): 1, (2, 3): 1, (2, 5): 1, (2, 8): 1, (2, 9): 1, (2, 10): 1, (2, 11): 1, (2, 13): 1, (2, 14): 1, (3, 4): 5, (3, 6): 1, (3, 7): 1, (3, 8): 1, (3, 12): 1, (4, 10): 3, (4, 11): 1, (4, 13): 10, (5, 7): 16, (5, 8): 1, (5, 10): 1, (5, 11): 5, (6, 8): 3, (6, 9): 1, (6, 11): 3, (6, 12): 7, (6, 14): 10, (7, 8): 8, (8, 11): 1, (8, 13): 9, (8, 14): 3, (9, 10): 2, (9, 11): 13, (9, 13): 9, (9, 14): 1, (10, 12): 23, (11, 13): 4, (11, 14): 3}",2289.0567779541016,273.0,45.0,771.0
74.0,Graph with 15 nodes and 55 edges,"[[0, 1, 0, 1, 1, 0, 0, 1, 1, 1, 0, 1, 1, 1, 0], [1, 0, 1, 0, 1, 0, 0, 0, 0, 0, 0, 1, 0, 1, 0], [0, 1, 0, 0, 0, 1, 0, 0, 1, 0, 0, 0, 1, 1, 0], [1, 0, 0, 0, 1, 0, 1, 1, 0, 0, 0, 1, 1, 1, 0], [1, 1, 0, 1, 0, 1, 1, 1, 1, 0, 0, 1, 0, 0, 1], [0, 0, 1, 0, 1, 0, 0, 1, 1, 0, 1, 1, 1, 1, 0], [0, 0, 0, 1, 1, 0, 0, 0, 1, 1, 0, 1, 0, 0, 1], [1, 0, 0, 1, 1, 1, 0, 0, 1, 0, 0, 0, 0, 1, 1], [1, 0, 1, 0, 1, 1, 1, 1, 0, 1, 1, 0, 1, 0, 0], [1, 0, 0, 0, 0, 0, 1, 0, 1, 0, 1, 1, 1, 0, 1], [0, 0, 0, 0, 0, 1, 0, 0, 1, 1, 0, 0, 1, 1, 1], [1, 1, 0, 1, 1, 1, 1, 0, 0, 1, 0, 0, 0, 0, 1], [1, 0, 1, 1, 0, 1, 0, 0, 1, 1, 1, 0, 0, 0, 1], [1, 1, 1, 1, 0, 1, 0, 1, 0, 0, 1, 0, 0, 0, 1], [0, 0, 0, 0, 1, 0, 1, 1, 0, 1, 1, 1, 1, 1, 0]]",10.0,6.0,Y,"{0: 16, 1: 22, 2: 28, 3: 34, 4: 40, 5: 46, 6: 52, 7: 58, 8: 64, 9: 70, 10: 76, 11: 82, 12: 88, 13: 94, 14: 10}","{(0, 1): 8, (0, 3): 1, (0, 4): 1, (0, 7): 1, (0, 8): 1, (0, 9): 1, (0, 11): 1, (0, 12): 1, (0, 13): 1, (1, 2): 11, (1, 4): 1, (1, 11): 1, (1, 13): 1, (2, 5): 14, (2, 8): 1, (2, 12): 1, (2, 13): 1, (3, 4): 28, (3, 6): 1, (3, 7): 1, (3, 11): 1, (3, 12): 1, (3, 13): 1, (4, 5): 5, (4, 6): 1, (4, 7): 1, (4, 8): 1, (4, 11): 1, (4, 14): 1, (5, 7): 1, (5, 8): 1, (5, 10): 1, (5, 11): 11, (5, 12): 6, (5, 13): 7, (6, 8): 5, (6, 9): 13, (6, 11): 31, (6, 14): 1, (7, 8): 18, (7, 13): 35, (7, 14): 1, (8, 9): 1, (8, 10): 1, (8, 12): 35, (9, 10): 2, (9, 11): 35, (9, 12): 17, (9, 14): 1, (10, 12): 26, (10, 13): 45, (10, 14): 1, (11, 14): 1, (12, 14): 1, (13, 14): 3}",2086.8778228759766,280.0,45.0,785.0
74.0,Graph with 15 nodes and 55 edges,"[[0, 1, 0, 1, 1, 0, 0, 1, 1, 1, 0, 1, 1, 1, 0], [1, 0, 1, 0, 1, 0, 0, 0, 0, 0, 0, 1, 0, 1, 0], [0, 1, 0, 0, 0, 1, 0, 0, 1, 0, 0, 0, 1, 1, 0], [1, 0, 0, 0, 1, 0, 1, 1, 0, 0, 0, 1, 1, 1, 0], [1, 1, 0, 1, 0, 1, 1, 1, 1, 0, 0, 1, 0, 0, 1], [0, 0, 1, 0, 1, 0, 0, 1, 1, 0, 1, 1, 1, 1, 0], [0, 0, 0, 1, 1, 0, 0, 0, 1, 1, 0, 1, 0, 0, 1], [1, 0, 0, 1, 1, 1, 0, 0, 1, 0, 0, 0, 0, 1, 1], [1, 0, 1, 0, 1, 1, 1, 1, 0, 1, 1, 0, 1, 0, 0], [1, 0, 0, 0, 0, 0, 1, 0, 1, 0, 1, 1, 1, 0, 1], [0, 0, 0, 0, 0, 1, 0, 0, 1, 1, 0, 0, 1, 1, 1], [1, 1, 0, 1, 1, 1, 1, 0, 0, 1, 0, 0, 0, 0, 1], [1, 0, 1, 1, 0, 1, 0, 0, 1, 1, 1, 0, 0, 0, 1], [1, 1, 1, 1, 0, 1, 0, 1, 0, 0, 1, 0, 0, 0, 1], [0, 0, 0, 0, 1, 0, 1, 1, 0, 1, 1, 1, 1, 1, 0]]",25.0,5.0,Y,"{0: 30, 1: 35, 2: 40, 3: 45, 4: 50, 5: 55, 6: 60, 7: 65, 8: 70, 9: 75, 10: 80, 11: 85, 12: 90, 13: 95, 14: 25}","{(0, 1): 22, (0, 3): 1, (0, 4): 1, (0, 7): 1, (0, 8): 1, (0, 9): 1, (0, 11): 1, (0, 12): 1, (0, 13): 1, (1, 2): 10, (1, 4): 1, (1, 11): 1, (1, 13): 1, (2, 5): 27, (2, 8): 1, (2, 12): 1, (2, 13): 1, (3, 4): 39, (3, 6): 1, (3, 7): 1, (3, 11): 1, (3, 12): 1, (3, 13): 1, (4, 5): 4, (4, 6): 1, (4, 7): 1, (4, 8): 1, (4, 11): 1, (4, 14): 1, (5, 7): 1, (5, 8): 1, (5, 10): 1, (5, 11): 19, (5, 12): 1, (5, 13): 1, (6, 8): 1, (6, 9): 1, (6, 11): 55, (6, 14): 1, (7, 8): 1, (7, 13): 59, (7, 14): 1, (8, 9): 1, (8, 10): 53, (8, 12): 10, (9, 10): 1, (9, 11): 6, (9, 12): 64, (9, 14): 1, (10, 12): 11, (10, 13): 13, (10, 14): 1, (11, 14): 1, (12, 14): 1, (13, 14): 18}",2148.151397705078,280.0,45.0,785.0
75.0,Graph with 15 nodes and 47 edges,"[[0, 0, 0, 0, 1, 1, 0, 1, 1, 0, 1, 1, 1, 0, 0], [0, 0, 0, 0, 0, 1, 0, 0, 1, 1, 1, 0, 1, 1, 1], [0, 0, 0, 1, 0, 1, 0, 0, 0, 1, 1, 1, 1, 1, 1], [0, 0, 1, 0, 1, 0, 0, 0, 0, 0, 1, 0, 1, 0, 0], [1, 0, 0, 1, 0, 0, 1, 1, 1, 1, 0, 1, 1, 0, 0], [1, 1, 1, 0, 0, 0, 0, 0, 0, 0, 0, 0, 1, 0, 0], [0, 0, 0, 0, 1, 0, 0, 1, 0, 0, 1, 0, 1, 0, 1], [1, 0, 0, 0, 1, 0, 1, 0, 1, 0, 1, 0, 0, 1, 1], [1, 1, 0, 0, 1, 0, 0, 1, 0, 0, 0, 0, 0, 0, 0], [0, 1, 1, 0, 1, 0, 0, 0, 0, 0, 0, 1, 0, 1, 1], [1, 1, 1, 1, 0, 0, 1, 1, 0, 0, 0, 0, 0, 1, 0], [1, 0, 1, 0, 1, 0, 0, 0, 0, 1, 0, 0, 1, 0, 1], [1, 1, 1, 1, 1, 1, 1, 0, 0, 0, 0, 1, 0, 0, 0], [0, 1, 1, 0, 0, 0, 0, 1, 0, 1, 1, 0, 0, 0, 1], [0, 1, 1, 0, 0, 0, 1, 1, 0, 1, 0, 1, 0, 1, 0]]",14.0,2.0,Y,"{0: 22, 1: 42, 2: 40, 3: 32, 4: 36, 5: 18, 6: 20, 7: 26, 8: 14, 9: 16, 10: 24, 11: 38, 12: 28, 13: 34, 14: 30}","{(0, 4): 1, (0, 5): 12, (0, 7): 1, (0, 8): 1, (0, 10): 1, (0, 11): 5, (0, 12): 1, (1, 5): 1, (1, 8): 9, (1, 9): 1, (1, 10): 1, (1, 12): 5, (1, 13): 24, (1, 14): 1, (2, 3): 17, (2, 5): 4, (2, 9): 1, (2, 10): 14, (2, 11): 1, (2, 12): 1, (2, 13): 1, (2, 14): 1, (3, 4): 13, (3, 10): 1, (3, 12): 1, (4, 6): 1, (4, 7): 1, (4, 8): 1, (4, 9): 7, (4, 11): 11, (4, 12): 1, (5, 12): 1, (6, 7): 5, (6, 10): 1, (6, 12): 1, (6, 14): 12, (7, 8): 3, (7, 10): 5, (7, 13): 1, (7, 14): 10, (9, 11): 1, (9, 13): 5, (9, 14): 1, (10, 13): 1, (11, 12): 17, (11, 14): 3, (13, 14): 2}",136.85226440429688,272.0,45.0,769.0
75.0,Graph with 15 nodes and 47 edges,"[[0, 0, 0, 0, 1, 1, 0, 1, 1, 0, 1, 1, 1, 0, 0], [0, 0, 0, 0, 0, 1, 0, 0, 1, 1, 1, 0, 1, 1, 1], [0, 0, 0, 1, 0, 1, 0, 0, 0, 1, 1, 1, 1, 1, 1], [0, 0, 1, 0, 1, 0, 0, 0, 0, 0, 1, 0, 1, 0, 0], [1, 0, 0, 1, 0, 0, 1, 1, 1, 1, 0, 1, 1, 0, 0], [1, 1, 1, 0, 0, 0, 0, 0, 0, 0, 0, 0, 1, 0, 0], [0, 0, 0, 0, 1, 0, 0, 1, 0, 0, 1, 0, 1, 0, 1], [1, 0, 0, 0, 1, 0, 1, 0, 1, 0, 1, 0, 0, 1, 1], [1, 1, 0, 0, 1, 0, 0, 1, 0, 0, 0, 0, 0, 0, 0], [0, 1, 1, 0, 1, 0, 0, 0, 0, 0, 0, 1, 0, 1, 1], [1, 1, 1, 1, 0, 0, 1, 1, 0, 0, 0, 0, 0, 1, 0], [1, 0, 1, 0, 1, 0, 0, 0, 0, 1, 0, 0, 1, 0, 1], [1, 1, 1, 1, 1, 1, 1, 0, 0, 0, 0, 1, 0, 0, 0], [0, 1, 1, 0, 0, 0, 0, 1, 0, 1, 1, 0, 0, 0, 1], [0, 1, 1, 0, 0, 0, 1, 1, 0, 1, 0, 1, 0, 1, 0]]",21.0,1.0,Y,"{0: 33, 1: 25, 2: 30, 3: 23, 4: 28, 5: 27, 6: 26, 7: 35, 8: 24, 9: 22, 10: 29, 11: 21, 12: 34, 13: 31, 14: 32}","{(0, 4): 1, (0, 5): 24, (0, 7): 1, (0, 8): 4, (0, 10): 1, (0, 11): 1, (0, 12): 1, (1, 5): 1, (1, 8): 1, (1, 9): 17, (1, 10): 1, (1, 12): 3, (1, 13): 1, (1, 14): 1, (2, 3): 1, (2, 5): 1, (2, 9): 1, (2, 10): 16, (2, 11): 1, (2, 12): 1, (2, 13): 8, (2, 14): 1, (3, 4): 1, (3, 10): 1, (3, 12): 20, (4, 6): 1, (4, 7): 1, (4, 8): 18, (4, 9): 1, (4, 11): 4, (4, 12): 1, (5, 12): 1, (6, 7): 22, (6, 10): 1, (6, 12): 1, (6, 14): 1, (7, 8): 1, (7, 10): 8, (7, 13): 1, (7, 14): 1, (9, 11): 1, (9, 13): 1, (9, 14): 1, (10, 13): 1, (11, 12): 6, (11, 14): 8, (13, 14): 19}",2678.8711547851562,272.0,45.0,769.0
77.0,Graph with 15 nodes and 59 edges,"[[0, 1, 1, 0, 1, 1, 0, 1, 0, 0, 1, 0, 1, 0, 1], [1, 0, 1, 1, 1, 0, 1, 0, 1, 0, 0, 0, 1, 0, 0], [1, 1, 0, 0, 1, 0, 1, 0, 0, 1, 0, 0, 0, 0, 1], [0, 1, 0, 0, 1, 1, 0, 1, 1, 1, 1, 0, 1, 0, 1], [1, 1, 1, 1, 0, 1, 1, 0, 1, 0, 1, 1, 0, 1, 1], [1, 0, 0, 1, 1, 0, 1, 0, 1, 1, 1, 0, 1, 1, 1], [0, 1, 1, 0, 1, 1, 0, 1, 0, 1, 1, 1, 0, 0, 1], [1, 0, 0, 1, 0, 0, 1, 0, 0, 1, 1, 1, 0, 0, 1], [0, 1, 0, 1, 1, 1, 0, 0, 0, 1, 0, 1, 0, 0, 1], [0, 0, 1, 1, 0, 1, 1, 1, 1, 0, 1, 0, 1, 0, 1], [1, 0, 0, 1, 1, 1, 1, 1, 0, 1, 0, 0, 1, 0, 1], [0, 0, 0, 0, 1, 0, 1, 1, 1, 0, 0, 0, 1, 0, 0], [1, 1, 0, 1, 0, 1, 0, 0, 0, 1, 1, 1, 0, 1, 0], [0, 0, 0, 0, 1, 1, 0, 0, 0, 0, 0, 0, 1, 0, 0], [1, 0, 1, 1, 1, 1, 1, 1, 1, 1, 1, 0, 0, 0, 0]]",12.0,6.0,Y,"{0: 30, 1: 60, 2: 24, 3: 72, 4: 96, 5: 18, 6: 36, 7: 90, 8: 54, 9: 84, 10: 12, 11: 66, 12: 78, 13: 42, 14: 48}","{(0, 1): 1, (0, 2): 1, (0, 4): 23, (0, 5): 1, (0, 7): 1, (0, 10): 1, (0, 12): 1, (0, 14): 1, (1, 2): 1, (1, 3): 1, (1, 4): 33, (1, 6): 1, (1, 8): 1, (1, 12): 22, (2, 4): 1, (2, 6): 1, (2, 9): 1, (2, 14): 19, (3, 4): 1, (3, 5): 1, (3, 7): 1, (3, 8): 1, (3, 9): 1, (3, 10): 1, (3, 12): 44, (3, 14): 21, (4, 5): 1, (4, 6): 1, (4, 8): 1, (4, 10): 1, (4, 11): 1, (4, 13): 32, (4, 14): 1, (5, 6): 1, (5, 8): 1, (5, 9): 1, (5, 10): 1, (5, 12): 1, (5, 13): 9, (5, 14): 1, (6, 7): 13, (6, 9): 1, (6, 10): 1, (6, 11): 16, (6, 14): 1, (7, 9): 69, (7, 10): 4, (7, 11): 1, (7, 14): 1, (8, 9): 2, (8, 11): 47, (8, 14): 1, (9, 10): 1, (9, 12): 7, (9, 14): 1, (10, 12): 1, (10, 14): 1, (11, 12): 1, (12, 13): 1}",1208.0669403076172,284.0,45.0,793.0
79.0,Graph with 15 nodes and 56 edges,"[[0, 1, 0, 1, 0, 0, 0, 0, 0, 1, 1, 0, 1, 1, 1], [1, 0, 0, 1, 1, 0, 0, 0, 1, 0, 1, 1, 0, 1, 0], [0, 0, 0, 1, 0, 1, 1, 0, 1, 0, 1, 1, 1, 1, 0], [1, 1, 1, 0, 1, 0, 1, 0, 0, 0, 1, 0, 0, 1, 1], [0, 1, 0, 1, 0, 1, 0, 0, 1, 0, 1, 1, 0, 1, 1], [0, 0, 1, 0, 1, 0, 0, 1, 0, 1, 0, 0, 1, 1, 0], [0, 0, 1, 1, 0, 0, 0, 0, 0, 0, 1, 0, 0, 0, 1], [0, 0, 0, 0, 0, 1, 0, 0, 1, 0, 1, 1, 1, 1, 0], [0, 1, 1, 0, 1, 0, 0, 1, 0, 1, 0, 1, 0, 0, 1], [1, 0, 0, 0, 0, 1, 0, 0, 1, 0, 0, 1, 1, 1, 1], [1, 1, 1, 1, 1, 0, 1, 1, 0, 0, 0, 1, 1, 0, 0], [0, 1, 1, 0, 1, 0, 0, 1, 1, 1, 1, 0, 0, 1, 1], [1, 0, 1, 0, 0, 1, 0, 1, 0, 1, 1, 0, 0, 1, 0], [1, 1, 1, 1, 1, 1, 0, 1, 0, 1, 0, 1, 1, 0, 1], [1, 0, 0, 1, 1, 0, 1, 0, 1, 1, 0, 1, 0, 1, 0]]",19.0,7.0,Y,"{0: 26, 1: 33, 2: 40, 3: 47, 4: 54, 5: 61, 6: 68, 7: 75, 8: 82, 9: 89, 10: 96, 11: 103, 12: 110, 13: 117, 14: 19}","{(0, 1): 20, (0, 3): 1, (0, 9): 1, (0, 10): 1, (0, 12): 1, (0, 13): 1, (0, 14): 1, (1, 3): 8, (1, 4): 1, (1, 8): 1, (1, 10): 1, (1, 11): 1, (1, 13): 1, (2, 3): 33, (2, 5): 1, (2, 6): 1, (2, 8): 1, (2, 10): 1, (2, 11): 1, (2, 12): 1, (2, 13): 1, (3, 4): 1, (3, 6): 1, (3, 10): 1, (3, 13): 1, (3, 14): 1, (4, 5): 47, (4, 8): 1, (4, 10): 1, (4, 11): 1, (4, 13): 1, (4, 14): 1, (5, 7): 1, (5, 9): 1, (5, 12): 1, (5, 13): 10, (6, 10): 59, (6, 14): 7, (7, 8): 1, (7, 10): 1, (7, 11): 1, (7, 12): 70, (7, 13): 1, (8, 9): 76, (8, 11): 1, (8, 14): 1, (9, 11): 8, (9, 12): 1, (9, 13): 1, (9, 14): 1, (10, 11): 1, (10, 12): 30, (11, 13): 88, (11, 14): 1, (12, 13): 6, (13, 14): 6}",1821.0411071777344,281.0,45.0,787.0
79.0,Graph with 15 nodes and 56 edges,"[[0, 1, 0, 1, 0, 0, 0, 0, 0, 1, 1, 0, 1, 1, 1], [1, 0, 0, 1, 1, 0, 0, 0, 1, 0, 1, 1, 0, 1, 0], [0, 0, 0, 1, 0, 1, 1, 0, 1, 0, 1, 1, 1, 1, 0], [1, 1, 1, 0, 1, 0, 1, 0, 0, 0, 1, 0, 0, 1, 1], [0, 1, 0, 1, 0, 1, 0, 0, 1, 0, 1, 1, 0, 1, 1], [0, 0, 1, 0, 1, 0, 0, 1, 0, 1, 0, 0, 1, 1, 0], [0, 0, 1, 1, 0, 0, 0, 0, 0, 0, 1, 0, 0, 0, 1], [0, 0, 0, 0, 0, 1, 0, 0, 1, 0, 1, 1, 1, 1, 0], [0, 1, 1, 0, 1, 0, 0, 1, 0, 1, 0, 1, 0, 0, 1], [1, 0, 0, 0, 0, 1, 0, 0, 1, 0, 0, 1, 1, 1, 1], [1, 1, 1, 1, 1, 0, 1, 1, 0, 0, 0, 1, 1, 0, 0], [0, 1, 1, 0, 1, 0, 0, 1, 1, 1, 1, 0, 0, 1, 1], [1, 0, 1, 0, 0, 1, 0, 1, 0, 1, 1, 0, 0, 1, 0], [1, 1, 1, 1, 1, 1, 0, 1, 0, 1, 0, 1, 1, 0, 1], [1, 0, 0, 1, 1, 0, 1, 0, 1, 1, 0, 1, 0, 1, 0]]",24.0,2.0,Y,"{0: 42, 1: 46, 2: 30, 3: 32, 4: 44, 5: 50, 6: 36, 7: 26, 8: 52, 9: 28, 10: 40, 11: 24, 12: 38, 13: 34, 14: 48}","{(0, 1): 15, (0, 3): 1, (0, 9): 1, (0, 10): 19, (0, 12): 2, (0, 13): 1, (0, 14): 3, (1, 3): 2, (1, 4): 7, (1, 8): 15, (1, 10): 4, (1, 11): 2, (1, 13): 1, (2, 3): 4, (2, 5): 3, (2, 6): 6, (2, 8): 1, (2, 10): 7, (2, 11): 7, (2, 12): 1, (2, 13): 1, (3, 4): 7, (3, 6): 15, (3, 10): 1, (3, 13): 1, (3, 14): 1, (4, 5): 1, (4, 8): 19, (4, 10): 1, (4, 11): 1, (4, 13): 1, (4, 14): 7, (5, 7): 4, (5, 9): 10, (5, 12): 31, (5, 13): 1, (6, 10): 1, (6, 14): 14, (7, 8): 6, (7, 10): 5, (7, 11): 1, (7, 12): 1, (7, 13): 9, (8, 9): 1, (8, 11): 1, (8, 14): 9, (9, 11): 7, (9, 12): 1, (9, 13): 7, (9, 14): 1, (10, 11): 1, (10, 12): 1, (11, 13): 1, (11, 14): 3, (12, 13): 1, (13, 14): 10}",2634.0484619140625,281.0,45.0,787.0
80.0,Graph with 15 nodes and 67 edges,"[[0, 0, 0, 1, 0, 1, 1, 0, 1, 1, 1, 1, 0, 1, 0], [0, 0, 1, 1, 1, 0, 0, 1, 1, 1, 1, 0, 1, 0, 1], [0, 1, 0, 1, 1, 0, 1, 0, 1, 1, 1, 1, 0, 1, 1], [1, 1, 1, 0, 1, 0, 0, 1, 1, 1, 0, 1, 1, 1, 1], [0, 1, 1, 1, 0, 0, 1, 1, 1, 0, 1, 1, 0, 1, 0], [1, 0, 0, 0, 0, 0, 0, 0, 0, 0, 1, 1, 1, 1, 0], [1, 0, 1, 0, 1, 0, 0, 1, 1, 1, 1, 1, 0, 1, 0], [0, 1, 0, 1, 1, 0, 1, 0, 1, 0, 1, 1, 0, 1, 1], [1, 1, 1, 1, 1, 0, 1, 1, 0, 1, 1, 0, 0, 1, 0], [1, 1, 1, 1, 0, 0, 1, 0, 1, 0, 1, 1, 0, 1, 1], [1, 1, 1, 0, 1, 1, 1, 1, 1, 1, 0, 0, 0, 1, 0], [1, 0, 1, 1, 1, 1, 1, 1, 0, 1, 0, 0, 1, 0, 1], [0, 1, 0, 1, 0, 1, 0, 0, 0, 0, 0, 1, 0, 1, 0], [1, 0, 1, 1, 1, 1, 1, 1, 1, 1, 1, 0, 1, 0, 1], [0, 1, 1, 1, 0, 0, 0, 1, 0, 1, 0, 1, 0, 1, 0]]",11.0,5.0,Y,"{0: 31, 1: 56, 2: 46, 3: 61, 4: 76, 5: 66, 6: 41, 7: 26, 8: 36, 9: 11, 10: 16, 11: 71, 12: 51, 13: 81, 14: 21}","{(0, 3): 18, (0, 5): 2, (0, 6): 5, (0, 8): 1, (0, 9): 1, (0, 10): 1, (0, 11): 2, (0, 13): 1, (1, 2): 20, (1, 3): 1, (1, 4): 8, (1, 7): 10, (1, 8): 8, (1, 9): 1, (1, 10): 1, (1, 12): 5, (1, 14): 2, (2, 3): 1, (2, 4): 9, (2, 6): 1, (2, 8): 3, (2, 9): 1, (2, 10): 1, (2, 11): 1, (2, 13): 3, (2, 14): 6, (3, 4): 10, (3, 7): 1, (3, 8): 1, (3, 9): 1, (3, 11): 6, (3, 12): 1, (3, 13): 12, (3, 14): 9, (4, 6): 1, (4, 7): 3, (4, 8): 1, (4, 10): 1, (4, 11): 1, (4, 13): 42, (5, 10): 1, (5, 11): 29, (5, 12): 29, (5, 13): 5, (6, 7): 1, (6, 8): 13, (6, 9): 2, (6, 10): 1, (6, 11): 12, (6, 13): 5, (7, 8): 3, (7, 10): 1, (7, 11): 3, (7, 13): 3, (7, 14): 1, (8, 9): 1, (8, 10): 3, (8, 13): 2, (9, 10): 1, (9, 11): 1, (9, 13): 1, (9, 14): 1, (10, 13): 5, (11, 12): 15, (11, 14): 1, (12, 13): 1, (13, 14): 1}",123.9776611328125,292.0,45.0,809.0
81.0,Graph with 15 nodes and 53 edges,"[[0, 0, 1, 1, 1, 1, 0, 0, 0, 0, 1, 1, 0, 0, 0], [0, 0, 1, 1, 1, 1, 0, 1, 0, 0, 1, 0, 0, 0, 0], [1, 1, 0, 0, 0, 1, 1, 0, 0, 0, 1, 1, 1, 0, 1], [1, 1, 0, 0, 1, 0, 0, 0, 0, 1, 1, 0, 1, 1, 0], [1, 1, 0, 1, 0, 0, 1, 0, 0, 1, 1, 0, 1, 1, 0], [1, 1, 1, 0, 0, 0, 1, 0, 1, 1, 1, 0, 1, 0, 0], [0, 0, 1, 0, 1, 1, 0, 1, 1, 0, 1, 1, 0, 1, 1], [0, 1, 0, 0, 0, 0, 1, 0, 1, 0, 0, 1, 1, 1, 1], [0, 0, 0, 0, 0, 1, 1, 1, 0, 0, 0, 0, 1, 1, 0], [0, 0, 0, 1, 1, 1, 0, 0, 0, 0, 1, 0, 1, 0, 0], [1, 1, 1, 1, 1, 1, 1, 0, 0, 1, 0, 0, 1, 1, 1], [1, 0, 1, 0, 0, 0, 1, 1, 0, 0, 0, 0, 0, 0, 0], [0, 0, 1, 1, 1, 1, 0, 1, 1, 1, 1, 0, 0, 1, 1], [0, 0, 0, 1, 1, 0, 1, 1, 1, 0, 1, 0, 1, 0, 0], [0, 0, 1, 0, 0, 0, 1, 1, 0, 0, 1, 0, 1, 0, 0]]",7.0,7.0,Y,"{0: 14, 1: 21, 2: 28, 3: 35, 4: 42, 5: 49, 6: 56, 7: 63, 8: 70, 9: 77, 10: 84, 11: 91, 12: 98, 13: 105, 14: 7}","{(0, 2): 9, (0, 3): 1, (0, 4): 1, (0, 5): 1, (0, 10): 1, (0, 11): 1, (1, 2): 13, (1, 3): 4, (1, 4): 1, (1, 5): 1, (1, 7): 1, (1, 10): 1, (2, 5): 1, (2, 6): 1, (2, 10): 1, (2, 11): 1, (2, 12): 1, (2, 14): 1, (3, 4): 26, (3, 9): 1, (3, 10): 1, (3, 12): 1, (3, 13): 1, (4, 6): 10, (4, 9): 1, (4, 10): 1, (4, 12): 1, (4, 13): 1, (5, 6): 1, (5, 8): 36, (5, 9): 7, (5, 10): 1, (5, 12): 1, (6, 7): 1, (6, 8): 1, (6, 10): 1, (6, 11): 39, (6, 13): 1, (6, 14): 1, (7, 8): 4, (7, 11): 50, (7, 12): 1, (7, 13): 5, (7, 14): 1, (8, 12): 6, (8, 13): 23, (9, 10): 49, (9, 12): 19, (10, 12): 9, (10, 13): 16, (10, 14): 3, (12, 13): 58, (12, 14): 1}",1765.0127410888672,278.0,45.0,781.0
82.0,Graph with 15 nodes and 63 edges,"[[0, 0, 1, 1, 1, 1, 0, 0, 0, 1, 0, 1, 0, 0, 0], [0, 0, 0, 1, 1, 0, 1, 1, 0, 0, 1, 1, 0, 0, 0], [1, 0, 0, 1, 0, 1, 0, 1, 1, 0, 0, 1, 1, 1, 0], [1, 1, 1, 0, 1, 1, 1, 1, 1, 0, 0, 1, 0, 1, 1], [1, 1, 0, 1, 0, 1, 1, 0, 0, 1, 1, 0, 1, 0, 1], [1, 0, 1, 1, 1, 0, 0, 1, 1, 0, 1, 1, 1, 0, 0], [0, 1, 0, 1, 1, 0, 0, 1, 1, 1, 1, 0, 0, 0, 1], [0, 1, 1, 1, 0, 1, 1, 0, 0, 1, 1, 1, 0, 1, 1], [0, 0, 1, 1, 0, 1, 1, 0, 0, 1, 1, 1, 1, 1, 0], [1, 0, 0, 0, 1, 0, 1, 1, 1, 0, 1, 1, 0, 1, 1], [0, 1, 0, 0, 1, 1, 1, 1, 1, 1, 0, 1, 1, 1, 1], [1, 1, 1, 1, 0, 1, 0, 1, 1, 1, 1, 0, 0, 0, 1], [0, 0, 1, 0, 1, 1, 0, 0, 1, 0, 1, 0, 0, 1, 0], [0, 0, 1, 1, 0, 0, 0, 1, 1, 1, 1, 0, 1, 0, 0], [0, 0, 0, 1, 1, 0, 1, 1, 0, 1, 1, 1, 0, 0, 0]]",10.0,2.0,Y,"{0: 38, 1: 36, 2: 34, 3: 32, 4: 30, 5: 28, 6: 26, 7: 24, 8: 22, 9: 20, 10: 18, 11: 16, 12: 14, 13: 12, 14: 10}","{(0, 2): 1, (0, 3): 22, (0, 4): 1, (0, 5): 1, (0, 9): 6, (0, 11): 7, (1, 3): 1, (1, 4): 1, (1, 6): 10, (1, 7): 15, (1, 10): 8, (1, 11): 1, (2, 3): 1, (2, 5): 1, (2, 7): 1, (2, 8): 14, (2, 11): 1, (2, 12): 9, (2, 13): 6, (3, 4): 1, (3, 5): 1, (3, 6): 1, (3, 7): 1, (3, 8): 1, (3, 11): 1, (3, 13): 1, (3, 14): 1, (4, 5): 20, (4, 6): 2, (4, 9): 1, (4, 10): 1, (4, 12): 1, (4, 14): 2, (5, 7): 1, (5, 8): 1, (5, 10): 1, (5, 11): 1, (5, 12): 1, (6, 7): 1, (6, 8): 1, (6, 9): 7, (6, 10): 1, (6, 14): 3, (7, 9): 1, (7, 10): 1, (7, 11): 1, (7, 13): 1, (7, 14): 1, (8, 9): 1, (8, 10): 1, (8, 11): 1, (8, 12): 1, (8, 13): 1, (9, 10): 1, (9, 11): 1, (9, 13): 1, (9, 14): 1, (10, 11): 1, (10, 12): 1, (10, 13): 1, (10, 14): 1, (11, 14): 1, (12, 13): 1}",1721.8589782714844,288.0,45.0,801.0
82.0,Graph with 15 nodes and 63 edges,"[[0, 0, 1, 1, 1, 1, 0, 0, 0, 1, 0, 1, 0, 0, 0], [0, 0, 0, 1, 1, 0, 1, 1, 0, 0, 1, 1, 0, 0, 0], [1, 0, 0, 1, 0, 1, 0, 1, 1, 0, 0, 1, 1, 1, 0], [1, 1, 1, 0, 1, 1, 1, 1, 1, 0, 0, 1, 0, 1, 1], [1, 1, 0, 1, 0, 1, 1, 0, 0, 1, 1, 0, 1, 0, 1], [1, 0, 1, 1, 1, 0, 0, 1, 1, 0, 1, 1, 1, 0, 0], [0, 1, 0, 1, 1, 0, 0, 1, 1, 1, 1, 0, 0, 0, 1], [0, 1, 1, 1, 0, 1, 1, 0, 0, 1, 1, 1, 0, 1, 1], [0, 0, 1, 1, 0, 1, 1, 0, 0, 1, 1, 1, 1, 1, 0], [1, 0, 0, 0, 1, 0, 1, 1, 1, 0, 1, 1, 0, 1, 1], [0, 1, 0, 0, 1, 1, 1, 1, 1, 1, 0, 1, 1, 1, 1], [1, 1, 1, 1, 0, 1, 0, 1, 1, 1, 1, 0, 0, 0, 1], [0, 0, 1, 0, 1, 1, 0, 0, 1, 0, 1, 0, 0, 1, 0], [0, 0, 1, 1, 0, 0, 0, 1, 1, 1, 1, 0, 1, 0, 0], [0, 0, 0, 1, 1, 0, 1, 1, 0, 1, 1, 1, 0, 0, 0]]",11.0,9.0,Y,"{0: 137, 1: 128, 2: 119, 3: 110, 4: 101, 5: 92, 6: 83, 7: 74, 8: 65, 9: 56, 10: 47, 11: 38, 12: 29, 13: 20, 14: 11}","{(0, 2): 33, (0, 3): 100, (0, 4): 1, (0, 5): 1, (0, 9): 1, (0, 11): 1, (1, 3): 1, (1, 4): 1, (1, 6): 1, (1, 7): 59, (1, 10): 37, (1, 11): 29, (2, 3): 1, (2, 5): 80, (2, 7): 1, (2, 8): 1, (2, 11): 1, (2, 12): 1, (2, 13): 1, (3, 4): 1, (3, 5): 1, (3, 6): 1, (3, 7): 1, (3, 8): 1, (3, 11): 1, (3, 13): 1, (3, 14): 1, (4, 5): 5, (4, 6): 76, (4, 9): 1, (4, 10): 1, (4, 12): 10, (4, 14): 5, (5, 7): 1, (5, 8): 1, (5, 10): 1, (5, 11): 1, (5, 12): 1, (6, 7): 1, (6, 8): 1, (6, 9): 1, (6, 10): 1, (6, 14): 1, (7, 9): 1, (7, 10): 1, (7, 11): 1, (7, 13): 7, (7, 14): 1, (8, 9): 42, (8, 10): 1, (8, 11): 1, (8, 12): 15, (8, 13): 2, (9, 10): 1, (9, 11): 1, (9, 13): 7, (9, 14): 1, (10, 11): 1, (10, 12): 1, (10, 13): 1, (10, 14): 1, (11, 14): 1, (12, 13): 1}",1060.0090026855469,288.0,45.0,801.0
82.0,Graph with 15 nodes and 63 edges,"[[0, 0, 1, 1, 1, 1, 0, 0, 0, 1, 0, 1, 0, 0, 0], [0, 0, 0, 1, 1, 0, 1, 1, 0, 0, 1, 1, 0, 0, 0], [1, 0, 0, 1, 0, 1, 0, 1, 1, 0, 0, 1, 1, 1, 0], [1, 1, 1, 0, 1, 1, 1, 1, 1, 0, 0, 1, 0, 1, 1], [1, 1, 0, 1, 0, 1, 1, 0, 0, 1, 1, 0, 1, 0, 1], [1, 0, 1, 1, 1, 0, 0, 1, 1, 0, 1, 1, 1, 0, 0], [0, 1, 0, 1, 1, 0, 0, 1, 1, 1, 1, 0, 0, 0, 1], [0, 1, 1, 1, 0, 1, 1, 0, 0, 1, 1, 1, 0, 1, 1], [0, 0, 1, 1, 0, 1, 1, 0, 0, 1, 1, 1, 1, 1, 0], [1, 0, 0, 0, 1, 0, 1, 1, 1, 0, 1, 1, 0, 1, 1], [0, 1, 0, 0, 1, 1, 1, 1, 1, 1, 0, 1, 1, 1, 1], [1, 1, 1, 1, 0, 1, 0, 1, 1, 1, 1, 0, 0, 0, 1], [0, 0, 1, 0, 1, 1, 0, 0, 1, 0, 1, 0, 0, 1, 0], [0, 0, 1, 1, 0, 0, 0, 1, 1, 1, 1, 0, 1, 0, 0], [0, 0, 0, 1, 1, 0, 1, 1, 0, 1, 1, 1, 0, 0, 0]]",17.0,5.0,Y,"{0: 17, 1: 87, 2: 82, 3: 77, 4: 72, 5: 67, 6: 62, 7: 57, 8: 52, 9: 47, 10: 42, 11: 37, 12: 32, 13: 27, 14: 22}","{(0, 2): 1, (0, 3): 12, (0, 4): 1, (0, 5): 1, (0, 9): 1, (0, 11): 1, (1, 3): 1, (1, 4): 1, (1, 6): 1, (1, 7): 24, (1, 10): 32, (1, 11): 28, (2, 3): 56, (2, 5): 1, (2, 7): 1, (2, 8): 1, (2, 11): 1, (2, 12): 1, (2, 13): 20, (3, 4): 1, (3, 5): 1, (3, 6): 1, (3, 7): 1, (3, 8): 1, (3, 11): 1, (3, 13): 1, (3, 14): 1, (4, 5): 1, (4, 6): 23, (4, 9): 1, (4, 10): 1, (4, 12): 27, (4, 14): 16, (5, 7): 16, (5, 8): 44, (5, 10): 1, (5, 11): 1, (5, 12): 1, (6, 7): 2, (6, 8): 1, (6, 9): 32, (6, 10): 1, (6, 14): 1, (7, 9): 8, (7, 10): 1, (7, 11): 1, (7, 13): 2, (7, 14): 1, (8, 9): 1, (8, 10): 1, (8, 11): 1, (8, 12): 1, (8, 13): 1, (9, 10): 1, (9, 11): 1, (9, 13): 1, (9, 14): 1, (10, 11): 1, (10, 12): 1, (10, 13): 1, (10, 14): 1, (11, 14): 1, (12, 13): 1}",1114.1300201416016,288.0,45.0,801.0
83.0,Graph with 15 nodes and 56 edges,"[[0, 1, 1, 1, 1, 0, 1, 1, 1, 1, 0, 1, 1, 1, 1], [1, 0, 0, 1, 0, 1, 1, 0, 1, 1, 0, 0, 0, 1, 0], [1, 0, 0, 1, 0, 1, 0, 0, 1, 1, 1, 0, 1, 0, 0], [1, 1, 1, 0, 0, 1, 1, 0, 0, 1, 1, 1, 1, 0, 0], [1, 0, 0, 0, 0, 1, 1, 0, 1, 0, 0, 1, 1, 1, 0], [0, 1, 1, 1, 1, 0, 0, 1, 0, 0, 0, 1, 0, 1, 0], [1, 1, 0, 1, 1, 0, 0, 1, 1, 0, 0, 1, 1, 1, 0], [1, 0, 0, 0, 0, 1, 1, 0, 1, 0, 0, 1, 0, 0, 1], [1, 1, 1, 0, 1, 0, 1, 1, 0, 1, 0, 1, 1, 1, 0], [1, 1, 1, 1, 0, 0, 0, 0, 1, 0, 0, 0, 0, 1, 0], [0, 0, 1, 1, 0, 0, 0, 0, 0, 0, 0, 1, 0, 1, 0], [1, 0, 0, 1, 1, 1, 1, 1, 1, 0, 1, 0, 0, 1, 1], [1, 0, 1, 1, 1, 0, 1, 0, 1, 0, 0, 0, 0, 0, 0], [1, 1, 0, 0, 1, 1, 1, 0, 1, 1, 1, 1, 0, 0, 0], [1, 0, 0, 0, 0, 0, 0, 1, 0, 0, 0, 1, 0, 0, 0]]",11.0,9.0,Y,"{0: 29, 1: 20, 2: 38, 3: 47, 4: 56, 5: 65, 6: 74, 7: 83, 8: 92, 9: 101, 10: 110, 11: 119, 12: 128, 13: 137, 14: 11}","{(0, 1): 14, (0, 2): 5, (0, 3): 1, (0, 4): 1, (0, 6): 1, (0, 7): 1, (0, 8): 1, (0, 9): 1, (0, 11): 1, (0, 12): 1, (0, 13): 1, (0, 14): 1, (1, 3): 1, (1, 5): 1, (1, 6): 1, (1, 8): 1, (1, 9): 1, (1, 13): 1, (2, 3): 28, (2, 5): 1, (2, 8): 1, (2, 9): 1, (2, 10): 1, (2, 12): 1, (3, 5): 12, (3, 6): 1, (3, 9): 1, (3, 10): 1, (3, 11): 1, (3, 12): 1, (4, 5): 1, (4, 6): 1, (4, 8): 1, (4, 11): 1, (4, 12): 50, (4, 13): 1, (5, 7): 12, (5, 11): 37, (5, 13): 1, (6, 7): 66, (6, 8): 1, (6, 11): 1, (6, 12): 1, (6, 13): 1, (7, 8): 1, (7, 11): 2, (7, 14): 1, (8, 9): 10, (8, 11): 1, (8, 12): 74, (8, 13): 1, (9, 13): 87, (10, 11): 65, (10, 13): 43, (11, 13): 1, (11, 14): 9}",3015.0413513183594,281.0,45.0,787.0
84.0,Graph with 15 nodes and 51 edges,"[[0, 0, 0, 1, 1, 0, 0, 0, 1, 0, 1, 1, 0, 1, 0], [0, 0, 0, 1, 1, 0, 0, 0, 1, 0, 0, 1, 1, 1, 0], [0, 0, 0, 1, 0, 0, 0, 0, 1, 1, 0, 0, 1, 1, 1], [1, 1, 1, 0, 1, 1, 1, 0, 0, 0, 1, 1, 1, 1, 1], [1, 1, 0, 1, 0, 1, 1, 0, 1, 0, 1, 1, 1, 0, 0], [0, 0, 0, 1, 1, 0, 1, 0, 1, 0, 1, 1, 0, 0, 1], [0, 0, 0, 1, 1, 1, 0, 1, 1, 0, 0, 0, 0, 0, 0], [0, 0, 0, 0, 0, 0, 1, 0, 0, 0, 0, 1, 1, 0, 1], [1, 1, 1, 0, 1, 1, 1, 0, 0, 1, 1, 1, 0, 0, 1], [0, 0, 1, 0, 0, 0, 0, 0, 1, 0, 0, 0, 1, 0, 0], [1, 0, 0, 1, 1, 1, 0, 0, 1, 0, 0, 0, 0, 1, 0], [1, 1, 0, 1, 1, 1, 0, 1, 1, 0, 0, 0, 0, 1, 1], [0, 1, 1, 1, 1, 0, 0, 1, 0, 1, 0, 0, 0, 0, 0], [1, 1, 1, 1, 0, 0, 0, 0, 0, 0, 1, 1, 0, 0, 1], [0, 0, 1, 1, 0, 1, 0, 1, 1, 0, 0, 1, 0, 1, 0]]",25.0,1.0,Y,"{0: 35, 1: 37, 2: 28, 3: 31, 4: 34, 5: 36, 6: 25, 7: 29, 8: 38, 9: 27, 10: 26, 11: 32, 12: 30, 13: 33, 14: 39}","{(0, 3): 6, (0, 4): 2, (0, 8): 1, (0, 10): 21, (0, 11): 1, (0, 13): 4, (1, 3): 6, (1, 4): 4, (1, 8): 1, (1, 11): 1, (1, 12): 14, (1, 13): 11, (2, 3): 1, (2, 8): 2, (2, 9): 1, (2, 12): 8, (2, 13): 1, (2, 14): 15, (3, 4): 1, (3, 5): 8, (3, 6): 1, (3, 10): 1, (3, 11): 1, (3, 12): 1, (3, 13): 4, (3, 14): 1, (4, 5): 8, (4, 6): 13, (4, 8): 3, (4, 10): 1, (4, 11): 1, (4, 12): 1, (5, 6): 8, (5, 8): 1, (5, 10): 1, (5, 11): 5, (5, 14): 5, (6, 7): 2, (6, 8): 1, (7, 11): 18, (7, 12): 4, (7, 14): 5, (8, 9): 24, (8, 10): 1, (8, 11): 3, (8, 14): 1, (9, 12): 2, (10, 13): 1, (11, 13): 1, (11, 14): 1, (13, 14): 11}",1574.9931335449219,276.0,45.0,777.0
85.0,Graph with 15 nodes and 54 edges,"[[0, 0, 1, 0, 1, 1, 1, 1, 0, 1, 1, 1, 1, 1, 1], [0, 0, 0, 0, 1, 0, 0, 0, 0, 0, 0, 1, 0, 0, 1], [1, 0, 0, 0, 0, 0, 1, 1, 0, 1, 1, 1, 1, 1, 1], [0, 0, 0, 0, 0, 1, 0, 1, 0, 1, 1, 0, 0, 0, 0], [1, 1, 0, 0, 0, 0, 0, 1, 1, 1, 0, 1, 1, 0, 1], [1, 0, 0, 1, 0, 0, 1, 1, 0, 0, 0, 1, 1, 0, 0], [1, 0, 1, 0, 0, 1, 0, 1, 0, 1, 1, 1, 0, 1, 0], [1, 0, 1, 1, 1, 1, 1, 0, 0, 1, 1, 1, 0, 0, 1], [0, 0, 0, 0, 1, 0, 0, 0, 0, 1, 0, 0, 1, 0, 0], [1, 0, 1, 1, 1, 0, 1, 1, 1, 0, 0, 0, 0, 1, 1], [1, 0, 1, 1, 0, 0, 1, 1, 0, 0, 0, 0, 1, 1, 1], [1, 1, 1, 0, 1, 1, 1, 1, 0, 0, 0, 0, 0, 1, 0], [1, 0, 1, 0, 1, 1, 0, 0, 1, 0, 1, 0, 0, 1, 0], [1, 0, 1, 0, 0, 0, 1, 0, 0, 1, 1, 1, 1, 0, 0], [1, 1, 1, 0, 1, 0, 0, 1, 0, 1, 1, 0, 0, 0, 0]]",3.0,1.0,Y,"{0: 17, 1: 3, 2: 16, 3: 4, 4: 15, 5: 6, 6: 14, 7: 13, 8: 5, 9: 12, 10: 11, 11: 10, 12: 9, 13: 8, 14: 7}","{(0, 2): 1, (0, 4): 4, (0, 5): 1, (0, 6): 1, (0, 7): 4, (0, 9): 1, (0, 10): 1, (0, 11): 1, (0, 12): 1, (0, 13): 1, (0, 14): 1, (1, 4): 1, (1, 11): 1, (1, 14): 1, (2, 6): 5, (2, 7): 1, (2, 9): 1, (2, 10): 4, (2, 11): 1, (2, 12): 1, (2, 13): 1, (2, 14): 1, (3, 5): 1, (3, 7): 1, (3, 9): 1, (3, 10): 1, (4, 7): 1, (4, 8): 1, (4, 9): 3, (4, 11): 3, (4, 12): 1, (4, 14): 1, (5, 6): 1, (5, 7): 1, (5, 11): 1, (5, 12): 1, (6, 7): 1, (6, 9): 2, (6, 10): 1, (6, 11): 1, (6, 13): 2, (7, 9): 1, (7, 10): 1, (7, 11): 1, (7, 14): 1, (8, 9): 1, (8, 12): 3, (9, 13): 1, (9, 14): 1, (10, 12): 1, (10, 13): 1, (10, 14): 1, (11, 13): 1, (12, 13): 1}",1674.8905181884766,279.0,45.0,783.0
85.0,Graph with 15 nodes and 54 edges,"[[0, 0, 1, 0, 1, 1, 1, 1, 0, 1, 1, 1, 1, 1, 1], [0, 0, 0, 0, 1, 0, 0, 0, 0, 0, 0, 1, 0, 0, 1], [1, 0, 0, 0, 0, 0, 1, 1, 0, 1, 1, 1, 1, 1, 1], [0, 0, 0, 0, 0, 1, 0, 1, 0, 1, 1, 0, 0, 0, 0], [1, 1, 0, 0, 0, 0, 0, 1, 1, 1, 0, 1, 1, 0, 1], [1, 0, 0, 1, 0, 0, 1, 1, 0, 0, 0, 1, 1, 0, 0], [1, 0, 1, 0, 0, 1, 0, 1, 0, 1, 1, 1, 0, 1, 0], [1, 0, 1, 1, 1, 1, 1, 0, 0, 1, 1, 1, 0, 0, 1], [0, 0, 0, 0, 1, 0, 0, 0, 0, 1, 0, 0, 1, 0, 0], [1, 0, 1, 1, 1, 0, 1, 1, 1, 0, 0, 0, 0, 1, 1], [1, 0, 1, 1, 0, 0, 1, 1, 0, 0, 0, 0, 1, 1, 1], [1, 1, 1, 0, 1, 1, 1, 1, 0, 0, 0, 0, 0, 1, 0], [1, 0, 1, 0, 1, 1, 0, 0, 1, 0, 1, 0, 0, 1, 0], [1, 0, 1, 0, 0, 0, 1, 0, 0, 1, 1, 1, 1, 0, 0], [1, 1, 1, 0, 1, 0, 0, 1, 0, 1, 1, 0, 0, 0, 0]]",26.0,4.0,Y,"{0: 30, 1: 34, 2: 38, 3: 42, 4: 46, 5: 50, 6: 54, 7: 58, 8: 62, 9: 66, 10: 70, 11: 74, 12: 78, 13: 82, 14: 26}","{(0, 2): 20, (0, 4): 1, (0, 5): 1, (0, 6): 1, (0, 7): 1, (0, 9): 1, (0, 10): 1, (0, 11): 1, (0, 12): 1, (0, 13): 1, (0, 14): 1, (1, 4): 32, (1, 11): 1, (1, 14): 1, (2, 6): 11, (2, 7): 1, (2, 9): 1, (2, 10): 1, (2, 11): 1, (2, 12): 1, (2, 13): 1, (2, 14): 1, (3, 5): 39, (3, 7): 1, (3, 9): 1, (3, 10): 1, (4, 7): 8, (4, 8): 1, (4, 9): 1, (4, 11): 1, (4, 12): 1, (4, 14): 1, (5, 6): 1, (5, 7): 1, (5, 11): 7, (5, 12): 1, (6, 7): 1, (6, 9): 1, (6, 10): 1, (6, 11): 37, (6, 13): 1, (7, 9): 1, (7, 10): 18, (7, 11): 25, (7, 14): 1, (8, 9): 1, (8, 12): 60, (9, 13): 58, (9, 14): 1, (10, 12): 11, (10, 13): 17, (10, 14): 20, (11, 13): 1, (12, 13): 3}",1912.1170043945312,279.0,45.0,783.0
86.0,Graph with 15 nodes and 60 edges,"[[0, 0, 1, 1, 1, 1, 1, 1, 1, 0, 1, 1, 0, 1, 0], [0, 0, 1, 0, 0, 1, 1, 1, 0, 0, 0, 1, 1, 0, 1], [1, 1, 0, 0, 1, 1, 1, 1, 0, 1, 0, 1, 1, 1, 0], [1, 0, 0, 0, 0, 0, 0, 0, 0, 1, 1, 1, 0, 1, 1], [1, 0, 1, 0, 0, 1, 1, 1, 0, 0, 0, 1, 0, 0, 1], [1, 1, 1, 0, 1, 0, 1, 0, 0, 1, 1, 1, 1, 1, 1], [1, 1, 1, 0, 1, 1, 0, 0, 0, 0, 1, 1, 1, 1, 1], [1, 1, 1, 0, 1, 0, 0, 0, 1, 0, 1, 1, 1, 0, 1], [1, 0, 0, 0, 0, 0, 0, 1, 0, 1, 1, 0, 0, 0, 0], [0, 0, 1, 1, 0, 1, 0, 0, 1, 0, 1, 0, 0, 0, 0], [1, 0, 0, 1, 0, 1, 1, 1, 1, 1, 0, 1, 0, 0, 0], [1, 1, 1, 1, 1, 1, 1, 1, 0, 0, 1, 0, 1, 0, 1], [0, 1, 1, 0, 0, 1, 1, 1, 0, 0, 0, 1, 0, 1, 0], [1, 0, 1, 1, 0, 1, 1, 0, 0, 0, 0, 0, 1, 0, 1], [0, 1, 0, 1, 1, 1, 1, 1, 0, 0, 0, 1, 0, 1, 0]]",11.0,1.0,Y,"{0: 12, 1: 13, 2: 14, 3: 15, 4: 16, 5: 17, 6: 18, 7: 19, 8: 20, 9: 21, 10: 22, 11: 23, 12: 24, 13: 25, 14: 11}","{(0, 2): 3, (0, 3): 1, (0, 4): 1, (0, 5): 1, (0, 6): 1, (0, 7): 1, (0, 8): 1, (0, 10): 1, (0, 11): 1, (0, 13): 1, (1, 2): 3, (1, 5): 5, (1, 6): 1, (1, 7): 1, (1, 11): 1, (1, 12): 1, (1, 14): 1, (2, 4): 1, (2, 5): 1, (2, 6): 1, (2, 7): 1, (2, 9): 1, (2, 11): 1, (2, 12): 1, (2, 13): 1, (3, 9): 10, (3, 10): 1, (3, 11): 1, (3, 13): 1, (3, 14): 1, (4, 5): 3, (4, 6): 8, (4, 7): 1, (4, 11): 1, (4, 14): 1, (5, 6): 1, (5, 9): 1, (5, 10): 1, (5, 11): 1, (5, 12): 1, (5, 13): 1, (5, 14): 1, (6, 10): 2, (6, 11): 1, (6, 12): 1, (6, 13): 1, (6, 14): 1, (7, 8): 11, (7, 10): 1, (7, 11): 1, (7, 12): 1, (7, 14): 1, (8, 9): 6, (8, 10): 2, (9, 10): 3, (10, 11): 11, (11, 12): 3, (11, 14): 1, (12, 13): 16, (13, 14): 4}",2353.191375732422,285.0,45.0,795.0
88.0,Graph with 15 nodes and 56 edges,"[[0, 1, 1, 1, 1, 0, 0, 0, 1, 0, 0, 0, 0, 1, 1], [1, 0, 1, 0, 1, 0, 1, 0, 1, 0, 1, 1, 0, 0, 1], [1, 1, 0, 0, 0, 1, 1, 0, 1, 1, 1, 1, 1, 0, 0], [1, 0, 0, 0, 1, 1, 0, 1, 0, 0, 1, 1, 0, 1, 1], [1, 1, 0, 1, 0, 1, 0, 0, 0, 0, 1, 0, 0, 1, 1], [0, 0, 1, 1, 1, 0, 1, 1, 0, 1, 1, 0, 1, 0, 1], [0, 1, 1, 0, 0, 1, 0, 0, 1, 0, 0, 1, 0, 0, 0], [0, 0, 0, 1, 0, 1, 0, 0, 0, 1, 1, 1, 0, 1, 0], [1, 1, 1, 0, 0, 0, 1, 0, 0, 1, 1, 1, 1, 1, 0], [0, 0, 1, 0, 0, 1, 0, 1, 1, 0, 1, 0, 1, 0, 1], [0, 1, 1, 1, 1, 1, 0, 1, 1, 1, 0, 1, 0, 0, 0], [0, 1, 1, 1, 0, 0, 1, 1, 1, 0, 1, 0, 1, 0, 0], [0, 0, 1, 0, 0, 1, 0, 0, 1, 1, 0, 1, 0, 0, 1], [1, 0, 0, 1, 1, 0, 0, 1, 1, 0, 0, 0, 0, 0, 1], [1, 1, 0, 1, 1, 1, 0, 0, 0, 1, 0, 0, 1, 1, 0]]",27.0,1.0,Y,"{0: 40, 1: 28, 2: 33, 3: 37, 4: 30, 5: 41, 6: 31, 7: 27, 8: 32, 9: 38, 10: 36, 11: 39, 12: 34, 13: 29, 14: 35}","{(0, 1): 1, (0, 2): 13, (0, 3): 1, (0, 4): 1, (0, 8): 1, (0, 13): 22, (0, 14): 1, (1, 2): 1, (1, 4): 9, (1, 6): 6, (1, 8): 1, (1, 10): 1, (1, 11): 8, (1, 14): 1, (2, 5): 1, (2, 6): 1, (2, 8): 1, (2, 9): 1, (2, 10): 12, (2, 11): 1, (2, 12): 2, (3, 4): 1, (3, 5): 11, (3, 7): 15, (3, 10): 1, (3, 11): 6, (3, 13): 1, (3, 14): 1, (4, 5): 7, (4, 10): 10, (4, 13): 1, (4, 14): 1, (5, 6): 13, (5, 7): 1, (5, 9): 5, (5, 10): 1, (5, 12): 1, (5, 14): 1, (6, 8): 10, (6, 11): 1, (7, 9): 5, (7, 10): 4, (7, 11): 1, (7, 13): 1, (8, 9): 1, (8, 10): 1, (8, 11): 15, (8, 12): 1, (8, 13): 1, (9, 10): 1, (9, 12): 13, (9, 14): 12, (10, 11): 5, (11, 12): 2, (12, 14): 15, (13, 14): 3}",133.99124145507812,281.0,45.0,787.0
90.0,Graph with 15 nodes and 46 edges,"[[0, 0, 0, 0, 0, 1, 1, 0, 0, 0, 0, 1, 1, 1, 1], [0, 0, 0, 1, 0, 1, 1, 0, 0, 1, 0, 0, 0, 0, 0], [0, 0, 0, 0, 1, 1, 1, 1, 0, 0, 0, 1, 1, 1, 1], [0, 1, 0, 0, 1, 1, 0, 0, 0, 0, 0, 0, 0, 0, 1], [0, 0, 1, 1, 0, 1, 0, 1, 1, 1, 0, 1, 1, 1, 0], [1, 1, 1, 1, 1, 0, 1, 1, 0, 1, 0, 0, 0, 1, 0], [1, 1, 1, 0, 0, 1, 0, 1, 0, 1, 0, 0, 1, 0, 1], [0, 0, 1, 0, 1, 1, 1, 0, 1, 0, 1, 0, 0, 1, 0], [0, 0, 0, 0, 1, 0, 0, 1, 0, 0, 0, 0, 0, 0, 0], [0, 1, 0, 0, 1, 1, 1, 0, 0, 0, 1, 0, 0, 1, 0], [0, 0, 0, 0, 0, 0, 0, 1, 0, 1, 0, 0, 0, 0, 0], [1, 0, 1, 0, 1, 0, 0, 0, 0, 0, 0, 0, 0, 1, 1], [1, 0, 1, 0, 1, 0, 1, 0, 0, 0, 0, 0, 0, 1, 1], [1, 0, 1, 0, 1, 1, 0, 1, 0, 1, 0, 1, 1, 0, 1], [1, 0, 1, 1, 0, 0, 1, 0, 0, 0, 0, 1, 1, 1, 0]]",11.0,3.0,Y,"{0: 53, 1: 35, 2: 47, 3: 41, 4: 50, 5: 38, 6: 32, 7: 17, 8: 26, 9: 20, 10: 14, 11: 23, 12: 11, 13: 44, 14: 29}","{(0, 5): 9, (0, 6): 9, (0, 11): 15, (0, 12): 3, (0, 13): 14, (0, 14): 3, (1, 3): 21, (1, 5): 2, (1, 6): 11, (1, 9): 1, (2, 4): 5, (2, 5): 2, (2, 6): 5, (2, 7): 5, (2, 11): 1, (2, 12): 2, (2, 13): 7, (2, 14): 20, (3, 4): 5, (3, 5): 13, (3, 14): 2, (4, 5): 1, (4, 7): 5, (4, 8): 23, (4, 9): 1, (4, 11): 3, (4, 12): 1, (4, 13): 6, (5, 6): 1, (5, 7): 1, (5, 9): 1, (5, 13): 8, (6, 7): 1, (6, 9): 1, (6, 12): 3, (6, 14): 1, (7, 8): 3, (7, 10): 1, (7, 13): 1, (9, 10): 13, (9, 13): 3, (11, 13): 3, (11, 14): 1, (12, 13): 1, (12, 14): 1, (13, 14): 1}",1856.088638305664,271.0,45.0,767.0
91.0,Graph with 15 nodes and 52 edges,"[[0, 0, 0, 0, 1, 0, 1, 1, 1, 0, 0, 1, 0, 1, 0], [0, 0, 1, 0, 0, 0, 1, 1, 0, 0, 0, 0, 1, 0, 0], [0, 1, 0, 0, 1, 0, 1, 0, 1, 1, 0, 1, 1, 1, 1], [0, 0, 0, 0, 1, 0, 1, 1, 0, 0, 0, 1, 0, 0, 1], [1, 0, 1, 1, 0, 1, 1, 1, 0, 0, 1, 1, 0, 0, 0], [0, 0, 0, 0, 1, 0, 0, 1, 0, 0, 0, 0, 1, 1, 0], [1, 1, 1, 1, 1, 0, 0, 0, 0, 0, 0, 0, 1, 1, 1], [1, 1, 0, 1, 1, 1, 0, 0, 0, 1, 0, 0, 1, 1, 0], [1, 0, 1, 0, 0, 0, 0, 0, 0, 1, 0, 1, 1, 1, 1], [0, 0, 1, 0, 0, 0, 0, 1, 1, 0, 1, 0, 1, 0, 1], [0, 0, 0, 0, 1, 0, 0, 0, 0, 1, 0, 1, 0, 1, 1], [1, 0, 1, 1, 1, 0, 0, 0, 1, 0, 1, 0, 0, 1, 0], [0, 1, 1, 0, 0, 1, 1, 1, 1, 1, 0, 0, 0, 1, 1], [1, 0, 1, 0, 0, 1, 1, 1, 1, 0, 1, 1, 1, 0, 1], [0, 0, 1, 1, 0, 0, 1, 0, 1, 1, 1, 0, 1, 1, 0]]",27.0,7.0,Y,"{0: 34, 1: 41, 2: 48, 3: 55, 4: 62, 5: 69, 6: 76, 7: 83, 8: 90, 9: 97, 10: 104, 11: 111, 12: 118, 13: 125, 14: 27}","{(0, 4): 29, (0, 6): 1, (0, 7): 1, (0, 8): 1, (0, 11): 1, (0, 13): 1, (1, 2): 38, (1, 6): 1, (1, 7): 1, (1, 12): 1, (2, 4): 3, (2, 6): 1, (2, 8): 1, (2, 9): 1, (2, 11): 1, (2, 12): 1, (2, 13): 1, (2, 14): 1, (3, 4): 25, (3, 6): 27, (3, 7): 1, (3, 11): 1, (3, 14): 1, (4, 5): 1, (4, 6): 1, (4, 7): 1, (4, 10): 1, (4, 11): 1, (5, 7): 1, (5, 12): 1, (5, 13): 66, (6, 12): 37, (6, 13): 1, (6, 14): 7, (7, 9): 1, (7, 12): 50, (7, 13): 27, (8, 9): 1, (8, 11): 84, (8, 12): 1, (8, 13): 1, (8, 14): 1, (9, 10): 79, (9, 12): 1, (9, 14): 14, (10, 11): 22, (10, 13): 1, (10, 14): 1, (11, 13): 1, (12, 13): 25, (12, 14): 1, (13, 14): 1}",1770.9732055664062,277.0,45.0,779.0
93.0,Graph with 15 nodes and 53 edges,"[[0, 1, 1, 0, 0, 1, 0, 1, 0, 1, 1, 1, 1, 1, 0], [1, 0, 1, 1, 0, 0, 1, 1, 0, 1, 1, 0, 1, 1, 1], [1, 1, 0, 0, 0, 0, 1, 1, 1, 0, 0, 0, 0, 1, 1], [0, 1, 0, 0, 1, 1, 0, 1, 0, 1, 0, 1, 1, 0, 0], [0, 0, 0, 1, 0, 0, 0, 0, 0, 1, 0, 1, 0, 0, 0], [1, 0, 0, 1, 0, 0, 1, 0, 0, 0, 0, 1, 1, 0, 0], [0, 1, 1, 0, 0, 1, 0, 1, 1, 0, 1, 1, 0, 0, 0], [1, 1, 1, 1, 0, 0, 1, 0, 1, 0, 1, 0, 0, 1, 1], [0, 0, 1, 0, 0, 0, 1, 1, 0, 0, 1, 1, 0, 1, 1], [1, 1, 0, 1, 1, 0, 0, 0, 0, 0, 0, 1, 0, 1, 0], [1, 1, 0, 0, 0, 0, 1, 1, 1, 0, 0, 0, 0, 0, 0], [1, 0, 0, 1, 1, 1, 1, 0, 1, 1, 0, 0, 1, 0, 1], [1, 1, 0, 1, 0, 1, 0, 0, 0, 0, 0, 1, 0, 1, 1], [1, 1, 1, 0, 0, 0, 0, 1, 1, 1, 0, 0, 1, 0, 1], [0, 1, 1, 0, 0, 0, 0, 1, 1, 0, 0, 1, 1, 1, 0]]",27.0,9.0,Y,"{0: 36, 1: 45, 2: 54, 3: 63, 4: 72, 5: 81, 6: 90, 7: 99, 8: 108, 9: 117, 10: 126, 11: 135, 12: 144, 13: 153, 14: 27}","{(0, 1): 28, (0, 2): 1, (0, 5): 1, (0, 7): 1, (0, 9): 1, (0, 10): 1, (0, 11): 1, (0, 12): 1, (0, 13): 1, (1, 2): 9, (1, 3): 1, (1, 6): 1, (1, 7): 1, (1, 9): 1, (1, 10): 1, (1, 12): 1, (1, 13): 1, (1, 14): 1, (2, 6): 40, (2, 7): 1, (2, 8): 1, (2, 13): 1, (2, 14): 1, (3, 4): 57, (3, 5): 1, (3, 7): 1, (3, 9): 1, (3, 11): 1, (3, 12): 1, (4, 9): 14, (4, 11): 1, (5, 6): 1, (5, 11): 1, (5, 12): 77, (6, 7): 1, (6, 8): 1, (6, 10): 45, (6, 11): 1, (7, 8): 1, (7, 10): 78, (7, 13): 14, (7, 14): 1, (8, 10): 1, (8, 11): 91, (8, 13): 1, (8, 14): 12, (9, 11): 37, (9, 13): 63, (11, 12): 1, (11, 14): 1, (12, 13): 62, (12, 14): 1, (13, 14): 10}",1886.8446350097656,278.0,45.0,781.0
94.0,Graph with 15 nodes and 49 edges,"[[0, 0, 0, 1, 0, 0, 0, 0, 1, 0, 1, 1, 0, 1, 1], [0, 0, 1, 0, 0, 0, 0, 0, 0, 0, 1, 0, 0, 0, 1], [0, 1, 0, 0, 1, 0, 0, 0, 0, 0, 1, 1, 1, 0, 1], [1, 0, 0, 0, 0, 1, 0, 0, 1, 1, 1, 0, 1, 0, 1], [0, 0, 1, 0, 0, 0, 1, 0, 1, 1, 0, 1, 0, 1, 1], [0, 0, 0, 1, 0, 0, 0, 0, 1, 0, 1, 0, 0, 0, 1], [0, 0, 0, 0, 1, 0, 0, 0, 1, 1, 1, 1, 0, 0, 0], [0, 0, 0, 0, 0, 0, 0, 0, 1, 1, 1, 0, 0, 0, 0], [1, 0, 0, 1, 1, 1, 1, 1, 0, 1, 1, 1, 1, 0, 1], [0, 0, 0, 1, 1, 0, 1, 1, 1, 0, 0, 0, 0, 0, 0], [1, 1, 1, 1, 0, 1, 1, 1, 1, 0, 0, 1, 0, 1, 1], [1, 0, 1, 0, 1, 0, 1, 0, 1, 0, 1, 0, 1, 0, 1], [0, 0, 1, 1, 0, 0, 0, 0, 1, 0, 0, 1, 0, 1, 1], [1, 0, 0, 0, 1, 0, 0, 0, 0, 0, 1, 0, 1, 0, 1], [1, 1, 1, 1, 1, 1, 0, 0, 1, 0, 1, 1, 1, 1, 0]]",9.0,7.0,Y,"{0: 100, 1: 86, 2: 93, 3: 107, 4: 9, 5: 23, 6: 30, 7: 51, 8: 16, 9: 72, 10: 44, 11: 65, 12: 37, 13: 58, 14: 79}","{(0, 3): 27, (0, 8): 1, (0, 10): 1, (0, 11): 35, (0, 13): 1, (0, 14): 35, (1, 2): 84, (1, 10): 1, (1, 14): 1, (2, 4): 1, (2, 10): 1, (2, 11): 1, (2, 12): 1, (2, 14): 5, (3, 5): 20, (3, 8): 1, (3, 9): 53, (3, 10): 1, (3, 12): 4, (3, 14): 1, (4, 6): 3, (4, 8): 1, (4, 9): 1, (4, 11): 1, (4, 13): 1, (4, 14): 1, (5, 8): 1, (5, 10): 1, (5, 14): 1, (6, 8): 1, (6, 9): 1, (6, 10): 1, (6, 11): 24, (7, 8): 1, (7, 9): 16, (7, 10): 34, (8, 9): 1, (8, 10): 1, (8, 11): 1, (8, 12): 6, (8, 14): 1, (10, 11): 1, (10, 13): 1, (10, 14): 1, (11, 12): 1, (11, 14): 1, (12, 13): 24, (12, 14): 1, (13, 14): 31}",5038.976669311523,274.0,45.0,773.0
94.0,Graph with 15 nodes and 49 edges,"[[0, 0, 0, 1, 0, 0, 0, 0, 1, 0, 1, 1, 0, 1, 1], [0, 0, 1, 0, 0, 0, 0, 0, 0, 0, 1, 0, 0, 0, 1], [0, 1, 0, 0, 1, 0, 0, 0, 0, 0, 1, 1, 1, 0, 1], [1, 0, 0, 0, 0, 1, 0, 0, 1, 1, 1, 0, 1, 0, 1], [0, 0, 1, 0, 0, 0, 1, 0, 1, 1, 0, 1, 0, 1, 1], [0, 0, 0, 1, 0, 0, 0, 0, 1, 0, 1, 0, 0, 0, 1], [0, 0, 0, 0, 1, 0, 0, 0, 1, 1, 1, 1, 0, 0, 0], [0, 0, 0, 0, 0, 0, 0, 0, 1, 1, 1, 0, 0, 0, 0], [1, 0, 0, 1, 1, 1, 1, 1, 0, 1, 1, 1, 1, 0, 1], [0, 0, 0, 1, 1, 0, 1, 1, 1, 0, 0, 0, 0, 0, 0], [1, 1, 1, 1, 0, 1, 1, 1, 1, 0, 0, 1, 0, 1, 1], [1, 0, 1, 0, 1, 0, 1, 0, 1, 0, 1, 0, 1, 0, 1], [0, 0, 1, 1, 0, 0, 0, 0, 1, 0, 0, 1, 0, 1, 1], [1, 0, 0, 0, 1, 0, 0, 0, 0, 0, 1, 0, 1, 0, 1], [1, 1, 1, 1, 1, 1, 0, 0, 1, 0, 1, 1, 1, 1, 0]]",20.0,6.0,Y,"{0: 26, 1: 32, 2: 38, 3: 44, 4: 50, 5: 56, 6: 62, 7: 68, 8: 74, 9: 80, 10: 86, 11: 92, 12: 98, 13: 104, 14: 20}","{(0, 3): 21, (0, 8): 1, (0, 10): 1, (0, 11): 1, (0, 13): 1, (0, 14): 1, (1, 2): 30, (1, 10): 1, (1, 14): 1, (2, 4): 4, (2, 10): 1, (2, 11): 1, (2, 12): 1, (2, 14): 1, (3, 5): 18, (3, 8): 1, (3, 9): 1, (3, 10): 1, (3, 12): 1, (3, 14): 1, (4, 6): 41, (4, 8): 1, (4, 9): 1, (4, 11): 1, (4, 13): 1, (4, 14): 1, (5, 8): 1, (5, 10): 27, (5, 14): 10, (6, 8): 1, (6, 9): 1, (6, 10): 1, (6, 11): 18, (7, 8): 1, (7, 9): 66, (7, 10): 1, (8, 9): 11, (8, 10): 15, (8, 11): 40, (8, 12): 1, (8, 14): 1, (10, 11): 1, (10, 13): 36, (10, 14): 1, (11, 12): 29, (11, 14): 1, (12, 13): 65, (12, 14): 1, (13, 14): 1}",1955.9860229492188,274.0,45.0,773.0
94.0,Graph with 15 nodes and 49 edges,"[[0, 0, 0, 1, 0, 0, 0, 0, 1, 0, 1, 1, 0, 1, 1], [0, 0, 1, 0, 0, 0, 0, 0, 0, 0, 1, 0, 0, 0, 1], [0, 1, 0, 0, 1, 0, 0, 0, 0, 0, 1, 1, 1, 0, 1], [1, 0, 0, 0, 0, 1, 0, 0, 1, 1, 1, 0, 1, 0, 1], [0, 0, 1, 0, 0, 0, 1, 0, 1, 1, 0, 1, 0, 1, 1], [0, 0, 0, 1, 0, 0, 0, 0, 1, 0, 1, 0, 0, 0, 1], [0, 0, 0, 0, 1, 0, 0, 0, 1, 1, 1, 1, 0, 0, 0], [0, 0, 0, 0, 0, 0, 0, 0, 1, 1, 1, 0, 0, 0, 0], [1, 0, 0, 1, 1, 1, 1, 1, 0, 1, 1, 1, 1, 0, 1], [0, 0, 0, 1, 1, 0, 1, 1, 1, 0, 0, 0, 0, 0, 0], [1, 1, 1, 1, 0, 1, 1, 1, 1, 0, 0, 1, 0, 1, 1], [1, 0, 1, 0, 1, 0, 1, 0, 1, 0, 1, 0, 1, 0, 1], [0, 0, 1, 1, 0, 0, 0, 0, 1, 0, 0, 1, 0, 1, 1], [1, 0, 0, 0, 1, 0, 0, 0, 0, 0, 1, 0, 1, 0, 1], [1, 1, 1, 1, 1, 1, 0, 0, 1, 0, 1, 1, 1, 1, 0]]",23.0,3.0,Y,"{0: 26, 1: 29, 2: 32, 3: 35, 4: 38, 5: 41, 6: 44, 7: 47, 8: 50, 9: 53, 10: 56, 11: 59, 12: 62, 13: 65, 14: 23}","{(0, 3): 21, (0, 8): 1, (0, 10): 1, (0, 11): 1, (0, 13): 1, (0, 14): 1, (1, 2): 27, (1, 10): 1, (1, 14): 1, (2, 4): 1, (2, 10): 1, (2, 11): 1, (2, 12): 1, (2, 14): 1, (3, 5): 9, (3, 8): 1, (3, 9): 1, (3, 10): 1, (3, 12): 1, (3, 14): 1, (4, 6): 32, (4, 8): 1, (4, 9): 1, (4, 11): 1, (4, 13): 1, (4, 14): 1, (5, 8): 30, (5, 10): 1, (5, 14): 1, (6, 8): 8, (6, 9): 2, (6, 10): 1, (6, 11): 1, (7, 8): 1, (7, 9): 45, (7, 10): 1, (8, 9): 4, (8, 10): 1, (8, 11): 1, (8, 12): 1, (8, 14): 1, (10, 11): 46, (10, 13): 1, (10, 14): 1, (11, 12): 7, (11, 14): 1, (12, 13): 50, (12, 14): 2, (13, 14): 12}",1670.1221466064453,274.0,45.0,773.0
95.0,Graph with 15 nodes and 64 edges,"[[0, 1, 0, 0, 1, 1, 1, 1, 0, 1, 1, 1, 0, 1, 1], [1, 0, 1, 0, 1, 1, 1, 0, 0, 1, 1, 0, 0, 1, 0], [0, 1, 0, 0, 0, 0, 1, 1, 0, 0, 0, 0, 0, 0, 0], [0, 0, 0, 0, 1, 0, 0, 1, 1, 1, 1, 0, 1, 1, 0], [1, 1, 0, 1, 0, 0, 1, 1, 0, 1, 1, 0, 1, 1, 1], [1, 1, 0, 0, 0, 0, 1, 0, 1, 1, 1, 0, 1, 1, 1], [1, 1, 1, 0, 1, 1, 0, 0, 1, 1, 1, 1, 0, 1, 1], [1, 0, 1, 1, 1, 0, 0, 0, 0, 1, 0, 1, 1, 0, 0], [0, 0, 0, 1, 0, 1, 1, 0, 0, 1, 1, 1, 1, 1, 0], [1, 1, 0, 1, 1, 1, 1, 1, 1, 0, 1, 1, 1, 1, 0], [1, 1, 0, 1, 1, 1, 1, 0, 1, 1, 0, 0, 1, 1, 0], [1, 0, 0, 0, 0, 0, 1, 1, 1, 1, 0, 0, 1, 0, 1], [0, 0, 0, 1, 1, 1, 0, 1, 1, 1, 1, 1, 0, 1, 1], [1, 1, 0, 1, 1, 1, 1, 0, 1, 1, 1, 0, 1, 0, 0], [1, 0, 0, 0, 1, 1, 1, 0, 0, 0, 0, 1, 1, 0, 0]]",14.0,2.0,Y,"{0: 16, 1: 18, 2: 20, 3: 22, 4: 24, 5: 26, 6: 28, 7: 30, 8: 32, 9: 34, 10: 36, 11: 38, 12: 40, 13: 42, 14: 14}","{(0, 1): 7, (0, 4): 1, (0, 5): 1, (0, 6): 1, (0, 7): 1, (0, 9): 1, (0, 10): 1, (0, 11): 1, (0, 13): 1, (0, 14): 1, (1, 2): 5, (1, 4): 1, (1, 5): 1, (1, 6): 1, (1, 9): 1, (1, 10): 1, (1, 13): 1, (2, 6): 14, (2, 7): 1, (3, 4): 15, (3, 7): 2, (3, 8): 1, (3, 9): 1, (3, 10): 1, (3, 12): 1, (3, 13): 1, (4, 6): 1, (4, 7): 1, (4, 9): 1, (4, 10): 1, (4, 12): 1, (4, 13): 1, (4, 14): 1, (5, 6): 5, (5, 8): 4, (5, 9): 1, (5, 10): 1, (5, 12): 1, (5, 13): 11, (5, 14): 1, (6, 8): 1, (6, 9): 1, (6, 10): 1, (6, 11): 1, (6, 13): 1, (6, 14): 1, (7, 9): 1, (7, 11): 16, (7, 12): 8, (8, 9): 1, (8, 10): 12, (8, 11): 1, (8, 12): 11, (8, 13): 1, (9, 10): 1, (9, 11): 6, (9, 12): 1, (9, 13): 18, (10, 12): 11, (10, 13): 6, (11, 12): 4, (11, 14): 9, (12, 13): 1, (12, 14): 1}",1945.0187683105469,289.0,45.0,803.0
96.0,Graph with 15 nodes and 53 edges,"[[0, 0, 0, 0, 1, 1, 0, 0, 1, 0, 0, 1, 1, 0, 1], [0, 0, 1, 0, 0, 1, 1, 0, 0, 0, 1, 0, 1, 1, 0], [0, 1, 0, 1, 1, 1, 0, 0, 1, 0, 0, 1, 1, 0, 1], [0, 0, 1, 0, 0, 1, 1, 1, 1, 1, 1, 1, 0, 0, 0], [1, 0, 1, 0, 0, 1, 0, 0, 0, 1, 1, 1, 0, 0, 1], [1, 1, 1, 1, 1, 0, 0, 0, 0, 0, 0, 0, 0, 0, 0], [0, 1, 0, 1, 0, 0, 0, 0, 0, 1, 0, 1, 1, 1, 1], [0, 0, 0, 1, 0, 0, 0, 0, 1, 0, 1, 1, 0, 0, 1], [1, 0, 1, 1, 0, 0, 0, 1, 0, 1, 1, 1, 1, 0, 0], [0, 0, 0, 1, 1, 0, 1, 0, 1, 0, 0, 1, 0, 1, 1], [0, 1, 0, 1, 1, 0, 0, 1, 1, 0, 0, 1, 1, 0, 0], [1, 0, 1, 1, 1, 0, 1, 1, 1, 1, 1, 0, 1, 0, 1], [1, 1, 1, 0, 0, 0, 1, 0, 1, 0, 1, 1, 0, 0, 1], [0, 1, 0, 0, 0, 0, 1, 0, 0, 1, 0, 0, 0, 0, 1], [1, 0, 1, 0, 1, 0, 1, 1, 0, 1, 0, 1, 1, 1, 0]]",4.0,8.0,Y,"{0: 116, 1: 108, 2: 100, 3: 92, 4: 84, 5: 76, 6: 68, 7: 60, 8: 52, 9: 44, 10: 36, 11: 28, 12: 20, 13: 4, 14: 12}","{(0, 4): 1, (0, 5): 35, (0, 8): 45, (0, 11): 18, (0, 12): 13, (0, 14): 4, (1, 2): 1, (1, 5): 13, (1, 6): 62, (1, 10): 30, (1, 12): 1, (1, 13): 1, (2, 3): 1, (2, 4): 69, (2, 5): 25, (2, 8): 1, (2, 11): 1, (2, 12): 1, (2, 14): 1, (3, 5): 1, (3, 6): 1, (3, 7): 56, (3, 8): 1, (3, 9): 30, (3, 10): 1, (3, 11): 1, (4, 5): 2, (4, 9): 9, (4, 10): 1, (4, 11): 1, (4, 14): 1, (6, 9): 1, (6, 11): 1, (6, 12): 1, (6, 13): 1, (6, 14): 1, (7, 8): 1, (7, 10): 1, (7, 11): 1, (7, 14): 1, (8, 9): 1, (8, 10): 1, (8, 11): 1, (8, 12): 1, (9, 11): 1, (9, 13): 1, (9, 14): 1, (10, 11): 1, (10, 12): 1, (11, 12): 1, (11, 14): 1, (12, 14): 1, (13, 14): 1}",1090.0497436523438,278.0,45.0,781.0
96.0,Graph with 15 nodes and 53 edges,"[[0, 0, 0, 0, 1, 1, 0, 0, 1, 0, 0, 1, 1, 0, 1], [0, 0, 1, 0, 0, 1, 1, 0, 0, 0, 1, 0, 1, 1, 0], [0, 1, 0, 1, 1, 1, 0, 0, 1, 0, 0, 1, 1, 0, 1], [0, 0, 1, 0, 0, 1, 1, 1, 1, 1, 1, 1, 0, 0, 0], [1, 0, 1, 0, 0, 1, 0, 0, 0, 1, 1, 1, 0, 0, 1], [1, 1, 1, 1, 1, 0, 0, 0, 0, 0, 0, 0, 0, 0, 0], [0, 1, 0, 1, 0, 0, 0, 0, 0, 1, 0, 1, 1, 1, 1], [0, 0, 0, 1, 0, 0, 0, 0, 1, 0, 1, 1, 0, 0, 1], [1, 0, 1, 1, 0, 0, 0, 1, 0, 1, 1, 1, 1, 0, 0], [0, 0, 0, 1, 1, 0, 1, 0, 1, 0, 0, 1, 0, 1, 1], [0, 1, 0, 1, 1, 0, 0, 1, 1, 0, 0, 1, 1, 0, 0], [1, 0, 1, 1, 1, 0, 1, 1, 1, 1, 1, 0, 1, 0, 1], [1, 1, 1, 0, 0, 0, 1, 0, 1, 0, 1, 1, 0, 0, 1], [0, 1, 0, 0, 0, 0, 1, 0, 0, 1, 0, 0, 0, 0, 1], [1, 0, 1, 0, 1, 0, 1, 1, 0, 1, 0, 1, 1, 1, 0]]",19.0,3.0,Y,"{0: 22, 1: 25, 2: 28, 3: 31, 4: 34, 5: 37, 6: 40, 7: 43, 8: 46, 9: 49, 10: 52, 11: 55, 12: 58, 13: 61, 14: 19}","{(0, 4): 17, (0, 5): 1, (0, 8): 1, (0, 11): 1, (0, 12): 1, (0, 14): 1, (1, 2): 20, (1, 5): 1, (1, 6): 1, (1, 10): 1, (1, 12): 1, (1, 13): 1, (2, 3): 2, (2, 4): 1, (2, 5): 1, (2, 8): 1, (2, 11): 1, (2, 12): 1, (2, 14): 1, (3, 5): 23, (3, 6): 1, (3, 7): 1, (3, 8): 1, (3, 9): 1, (3, 10): 1, (3, 11): 1, (4, 5): 11, (4, 9): 2, (4, 10): 1, (4, 11): 1, (4, 14): 1, (6, 9): 1, (6, 11): 1, (6, 12): 28, (6, 13): 7, (6, 14): 1, (7, 8): 37, (7, 10): 1, (7, 11): 3, (7, 14): 1, (8, 9): 1, (8, 10): 3, (8, 11): 1, (8, 12): 1, (9, 11): 1, (9, 13): 42, (9, 14): 1, (10, 11): 32, (10, 12): 13, (11, 12): 12, (11, 14): 1, (12, 14): 1, (13, 14): 11}",1856.088638305664,278.0,45.0,781.0
97.0,Graph with 15 nodes and 44 edges,"[[0, 0, 1, 1, 0, 0, 0, 0, 1, 0, 0, 0, 0, 0, 1], [0, 0, 1, 0, 1, 1, 0, 0, 1, 0, 0, 0, 1, 1, 1], [1, 1, 0, 0, 1, 0, 1, 1, 0, 0, 0, 0, 0, 0, 0], [1, 0, 0, 0, 0, 0, 0, 0, 1, 0, 0, 0, 1, 0, 1], [0, 1, 1, 0, 0, 0, 1, 1, 1, 0, 0, 0, 1, 1, 1], [0, 1, 0, 0, 0, 0, 1, 1, 1, 0, 0, 1, 1, 0, 1], [0, 0, 1, 0, 1, 1, 0, 0, 0, 0, 1, 0, 1, 0, 0], [0, 0, 1, 0, 1, 1, 0, 0, 0, 1, 0, 1, 0, 0, 0], [1, 1, 0, 1, 1, 1, 0, 0, 0, 0, 1, 0, 0, 1, 1], [0, 0, 0, 0, 0, 0, 0, 1, 0, 0, 1, 0, 1, 0, 1], [0, 0, 0, 0, 0, 0, 1, 0, 1, 1, 0, 1, 0, 0, 1], [0, 0, 0, 0, 0, 1, 0, 1, 0, 0, 1, 0, 0, 1, 0], [0, 1, 0, 1, 1, 1, 1, 0, 0, 1, 0, 0, 0, 1, 1], [0, 1, 0, 0, 1, 0, 0, 0, 1, 0, 0, 1, 1, 0, 0], [1, 1, 0, 1, 1, 1, 0, 0, 1, 1, 1, 0, 1, 0, 0]]",19.0,5.0,Y,"{0: 24, 1: 29, 2: 34, 3: 39, 4: 44, 5: 49, 6: 54, 7: 59, 8: 64, 9: 69, 10: 74, 11: 79, 12: 84, 13: 89, 14: 19}","{(0, 2): 21, (0, 3): 1, (0, 8): 1, (0, 14): 1, (1, 2): 10, (1, 4): 14, (1, 5): 1, (1, 8): 1, (1, 12): 1, (1, 13): 1, (1, 14): 1, (2, 4): 1, (2, 6): 1, (2, 7): 1, (3, 8): 36, (3, 12): 1, (3, 14): 1, (4, 6): 24, (4, 7): 1, (4, 8): 1, (4, 12): 1, (4, 13): 1, (4, 14): 1, (5, 6): 1, (5, 7): 15, (5, 8): 1, (5, 11): 1, (5, 12): 29, (5, 14): 1, (6, 10): 1, (6, 12): 27, (7, 9): 41, (7, 11): 1, (8, 10): 22, (8, 13): 1, (8, 14): 1, (9, 10): 26, (9, 12): 1, (9, 14): 1, (10, 11): 14, (10, 14): 11, (11, 13): 63, (12, 13): 23, (12, 14): 1}",1771.2116241455078,269.0,45.0,763.0
98.0,Graph with 15 nodes and 57 edges,"[[0, 1, 0, 0, 1, 0, 1, 0, 1, 1, 0, 1, 1, 1, 0], [1, 0, 0, 1, 0, 0, 0, 1, 1, 0, 1, 1, 1, 1, 0], [0, 0, 0, 0, 1, 0, 1, 1, 1, 0, 1, 0, 0, 0, 1], [0, 1, 0, 0, 1, 0, 1, 1, 1, 1, 1, 0, 0, 1, 0], [1, 0, 1, 1, 0, 1, 0, 1, 0, 1, 0, 1, 1, 0, 0], [0, 0, 0, 0, 1, 0, 1, 1, 1, 0, 1, 0, 1, 1, 1], [1, 0, 1, 1, 0, 1, 0, 0, 0, 1, 1, 0, 1, 1, 0], [0, 1, 1, 1, 1, 1, 0, 0, 0, 1, 1, 0, 1, 0, 1], [1, 1, 1, 1, 0, 1, 0, 0, 0, 1, 1, 0, 0, 0, 0], [1, 0, 0, 1, 1, 0, 1, 1, 1, 0, 1, 0, 1, 1, 0], [0, 1, 1, 1, 0, 1, 1, 1, 1, 1, 0, 0, 0, 1, 0], [1, 1, 0, 0, 1, 0, 0, 0, 0, 0, 0, 0, 1, 1, 1], [1, 1, 0, 0, 1, 1, 1, 1, 0, 1, 0, 1, 0, 0, 0], [1, 1, 0, 1, 0, 1, 1, 0, 0, 1, 1, 1, 0, 0, 0], [0, 0, 1, 0, 0, 1, 0, 1, 0, 0, 0, 1, 0, 0, 0]]",23.0,9.0,Y,"{0: 32, 1: 41, 2: 50, 3: 59, 4: 68, 5: 77, 6: 86, 7: 95, 8: 104, 9: 113, 10: 122, 11: 131, 12: 140, 13: 149, 14: 23}","{(0, 1): 25, (0, 4): 1, (0, 6): 1, (0, 8): 1, (0, 9): 1, (0, 11): 1, (0, 12): 1, (0, 13): 1, (1, 3): 10, (1, 7): 1, (1, 8): 1, (1, 10): 1, (1, 11): 1, (1, 12): 1, (1, 13): 1, (2, 4): 45, (2, 6): 1, (2, 7): 1, (2, 8): 1, (2, 10): 1, (2, 14): 1, (3, 4): 17, (3, 6): 27, (3, 7): 1, (3, 8): 1, (3, 9): 1, (3, 10): 1, (3, 13): 1, (4, 5): 1, (4, 7): 1, (4, 9): 1, (4, 11): 1, (4, 12): 1, (5, 6): 1, (5, 7): 1, (5, 8): 41, (5, 10): 1, (5, 12): 30, (5, 13): 1, (5, 14): 1, (6, 9): 1, (6, 10): 1, (6, 12): 18, (6, 13): 36, (7, 9): 1, (7, 10): 1, (7, 12): 87, (7, 14): 1, (8, 9): 25, (8, 10): 34, (9, 10): 81, (9, 12): 1, (9, 13): 1, (10, 13): 1, (11, 12): 1, (11, 13): 107, (11, 14): 20}",1626.0147094726562,282.0,45.0,789.0
