graph_index,Graph,Adjacency_list,a,d,APG_label_availability,Vertex_labels,APG_label_availability,Vertex_labels,Edge_labels,Gurobi_runtime/microseconds,Gurobi_num_vars,Gurobi_num_constrs,Gurobi_nonzero_coefs
0.0,Graph with 15 nodes and 51 edges,"[[0, 0, 1, 1, 1, 0, 1, 1, 0, 1, 1, 0, 1, 1, 1], [0, 0, 0, 0, 0, 0, 1, 0, 1, 1, 1, 0, 1, 1, 1], [1, 0, 0, 0, 0, 1, 1, 0, 0, 0, 1, 0, 1, 1, 0], [1, 0, 0, 0, 0, 1, 1, 0, 1, 0, 1, 1, 1, 0, 0], [1, 0, 0, 0, 0, 0, 1, 0, 1, 0, 0, 0, 1, 1, 0], [0, 0, 1, 1, 0, 0, 1, 0, 1, 0, 0, 0, 1, 1, 0], [1, 1, 1, 1, 1, 1, 0, 0, 0, 0, 0, 0, 1, 0, 1], [1, 0, 0, 0, 0, 0, 0, 0, 0, 1, 1, 0, 1, 1, 0], [0, 1, 0, 1, 1, 1, 0, 0, 0, 0, 1, 0, 0, 0, 1], [1, 1, 0, 0, 0, 0, 0, 1, 0, 0, 1, 0, 1, 0, 0], [1, 1, 1, 1, 0, 0, 0, 1, 1, 1, 0, 1, 1, 0, 0], [0, 0, 0, 1, 0, 0, 0, 0, 0, 0, 1, 0, 1, 0, 0], [1, 1, 1, 1, 1, 1, 1, 1, 0, 1, 1, 1, 0, 0, 1], [1, 1, 1, 0, 1, 1, 0, 1, 0, 0, 0, 0, 0, 0, 1], [1, 1, 0, 0, 0, 0, 1, 0, 1, 0, 0, 0, 1, 1, 0]]",7.0,7.0,Y,"{0: 105, 1: 21, 2: 98, 3: 14, 4: 70, 5: 35, 6: 42, 7: 56, 8: 84, 9: 91, 10: 49, 11: 7, 12: 63, 13: 77, 14: 28}",Y,"{0: 105, 1: 21, 2: 98, 3: 14, 4: 70, 5: 35, 6: 42, 7: 56, 8: 84, 9: 91, 10: 49, 11: 7, 12: 63, 13: 77, 14: 28}","{(0, 2): 1, (0, 3): 3, (0, 4): 2, (0, 6): 1, (0, 7): 5, (0, 9): 36, (0, 10): 1, (0, 12): 47, (0, 13): 1, (0, 14): 8, (1, 6): 1, (1, 8): 9, (1, 9): 1, (1, 10): 1, (1, 12): 1, (1, 13): 5, (1, 14): 3, (2, 5): 26, (2, 6): 28, (2, 10): 7, (2, 12): 1, (2, 13): 35, (3, 5): 1, (3, 6): 3, (3, 8): 4, (3, 10): 1, (3, 11): 1, (3, 12): 1, (4, 6): 6, (4, 8): 43, (4, 12): 1, (4, 13): 18, (5, 6): 1, (5, 8): 1, (5, 12): 5, (5, 13): 1, (6, 12): 1, (6, 14): 1, (7, 9): 46, (7, 10): 1, (7, 12): 1, (7, 13): 3, (8, 10): 26, (8, 14): 1, (9, 10): 7, (9, 12): 1, (10, 11): 4, (10, 12): 1, (11, 12): 2, (12, 14): 1, (13, 14): 14}",55.07469177246094,51.0,15.0,102.0
2.0,Graph with 15 nodes and 59 edges,"[[0, 1, 1, 0, 1, 1, 0, 1, 0, 0, 1, 0, 1, 0, 1], [1, 0, 0, 1, 1, 1, 0, 1, 1, 1, 0, 0, 1, 0, 1], [1, 0, 0, 0, 0, 1, 1, 1, 0, 0, 0, 0, 0, 0, 1], [0, 1, 0, 0, 1, 1, 1, 0, 0, 1, 0, 1, 1, 1, 1], [1, 1, 0, 1, 0, 1, 1, 1, 1, 0, 1, 0, 1, 0, 1], [1, 1, 1, 1, 1, 0, 0, 0, 0, 0, 0, 1, 0, 1, 0], [0, 0, 1, 1, 1, 0, 0, 1, 1, 1, 1, 0, 1, 0, 0], [1, 1, 1, 0, 1, 0, 1, 0, 0, 1, 1, 1, 0, 1, 0], [0, 1, 0, 0, 1, 0, 1, 0, 0, 1, 0, 1, 1, 1, 0], [0, 1, 0, 1, 0, 0, 1, 1, 1, 0, 0, 0, 0, 0, 1], [1, 0, 0, 0, 1, 0, 1, 1, 0, 0, 0, 0, 1, 1, 0], [0, 0, 0, 1, 0, 1, 0, 1, 1, 0, 0, 0, 1, 1, 1], [1, 1, 0, 1, 1, 0, 1, 0, 1, 0, 1, 1, 0, 1, 1], [0, 0, 0, 1, 0, 1, 0, 1, 1, 0, 1, 1, 1, 0, 1], [1, 1, 1, 1, 1, 0, 0, 0, 0, 1, 0, 1, 1, 1, 0]]",16.0,4.0,Y,"{0: 20, 1: 24, 2: 28, 3: 32, 4: 36, 5: 40, 6: 44, 7: 48, 8: 52, 9: 56, 10: 60, 11: 64, 12: 68, 13: 72, 14: 16}",Y,"{0: 20, 1: 24, 2: 28, 3: 32, 4: 36, 5: 40, 6: 44, 7: 48, 8: 52, 9: 56, 10: 60, 11: 64, 12: 68, 13: 72, 14: 16}","{(0, 1): 1, (0, 2): 5, (0, 4): 1, (0, 5): 1, (0, 7): 1, (0, 10): 1, (0, 12): 9, (0, 14): 1, (1, 3): 12, (1, 4): 1, (1, 5): 1, (1, 7): 1, (1, 8): 1, (1, 9): 5, (1, 12): 1, (1, 14): 1, (2, 5): 3, (2, 6): 18, (2, 7): 1, (2, 14): 1, (3, 4): 1, (3, 5): 1, (3, 6): 5, (3, 9): 1, (3, 11): 1, (3, 12): 1, (3, 13): 9, (3, 14): 1, (4, 5): 7, (4, 6): 1, (4, 7): 1, (4, 8): 1, (4, 10): 21, (4, 12): 1, (4, 14): 1, (5, 11): 26, (5, 13): 1, (6, 7): 5, (6, 8): 1, (6, 9): 1, (6, 10): 1, (6, 12): 12, (7, 9): 2, (7, 10): 35, (7, 11): 1, (7, 13): 1, (8, 9): 46, (8, 11): 1, (8, 12): 1, (8, 13): 1, (9, 14): 1, (10, 12): 1, (10, 13): 1, (11, 12): 5, (11, 13): 26, (11, 14): 4, (12, 13): 32, (12, 14): 5, (13, 14): 1}",38.86222839355469,59.0,15.0,118.0
3.0,Graph with 15 nodes and 45 edges,"[[0, 0, 0, 0, 1, 0, 0, 0, 1, 0, 0, 1, 1, 0, 1], [0, 0, 0, 0, 1, 1, 1, 1, 0, 1, 1, 0, 0, 0, 1], [0, 0, 0, 0, 0, 0, 0, 1, 0, 1, 1, 1, 0, 1, 1], [0, 0, 0, 0, 0, 1, 0, 1, 0, 0, 0, 0, 1, 1, 1], [1, 1, 0, 0, 0, 0, 0, 0, 0, 0, 0, 1, 0, 1, 1], [0, 1, 0, 1, 0, 0, 1, 0, 0, 1, 1, 1, 0, 0, 0], [0, 1, 0, 0, 0, 1, 0, 1, 0, 0, 0, 1, 1, 0, 1], [0, 1, 1, 1, 0, 0, 1, 0, 1, 1, 0, 0, 1, 0, 0], [1, 0, 0, 0, 0, 0, 0, 1, 0, 0, 1, 1, 0, 0, 0], [0, 1, 1, 0, 0, 1, 0, 1, 0, 0, 1, 0, 0, 1, 0], [0, 1, 1, 0, 0, 1, 0, 0, 1, 1, 0, 0, 0, 0, 1], [1, 0, 1, 0, 1, 1, 1, 0, 1, 0, 0, 0, 1, 0, 1], [1, 0, 0, 1, 0, 0, 1, 1, 0, 0, 0, 1, 0, 0, 1], [0, 0, 1, 1, 1, 0, 0, 0, 0, 1, 0, 0, 0, 0, 0], [1, 1, 1, 1, 1, 0, 1, 0, 0, 0, 1, 1, 1, 0, 0]]",12.0,2.0,Y,"{0: 14, 1: 16, 2: 18, 3: 20, 4: 22, 5: 24, 6: 26, 7: 28, 8: 30, 9: 32, 10: 34, 11: 36, 12: 38, 13: 40, 14: 12}",Y,"{0: 14, 1: 16, 2: 18, 3: 20, 4: 22, 5: 24, 6: 26, 7: 28, 8: 30, 9: 32, 10: 34, 11: 36, 12: 38, 13: 40, 14: 12}","{(0, 4): 6, (0, 8): 3, (0, 11): 3, (0, 12): 1, (0, 14): 1, (1, 4): 3, (1, 5): 1, (1, 6): 2, (1, 7): 5, (1, 9): 1, (1, 10): 3, (1, 14): 1, (2, 7): 10, (2, 9): 4, (2, 10): 1, (2, 11): 1, (2, 13): 1, (2, 14): 1, (3, 5): 1, (3, 7): 5, (3, 12): 6, (3, 13): 7, (3, 14): 1, (4, 11): 1, (4, 13): 11, (4, 14): 1, (5, 6): 1, (5, 9): 3, (5, 10): 5, (5, 11): 13, (6, 7): 1, (6, 11): 3, (6, 12): 18, (6, 14): 1, (7, 8): 5, (7, 9): 1, (7, 12): 1, (8, 10): 19, (8, 11): 3, (9, 10): 2, (9, 13): 21, (10, 14): 4, (11, 12): 11, (11, 14): 1, (12, 14): 1}",44.10743713378906,45.0,15.0,90.0
5.0,Graph with 15 nodes and 53 edges,"[[0, 0, 1, 1, 1, 0, 1, 1, 1, 1, 0, 0, 0, 1, 1], [0, 0, 0, 1, 0, 1, 0, 1, 1, 1, 1, 0, 0, 0, 0], [1, 0, 0, 0, 1, 0, 1, 0, 1, 0, 1, 0, 1, 1, 1], [1, 1, 0, 0, 0, 1, 1, 0, 0, 0, 1, 1, 0, 1, 0], [1, 0, 1, 0, 0, 1, 1, 0, 1, 1, 0, 1, 0, 0, 1], [0, 1, 0, 1, 1, 0, 0, 1, 1, 0, 1, 0, 1, 0, 0], [1, 0, 1, 1, 1, 0, 0, 1, 1, 1, 0, 0, 1, 1, 0], [1, 1, 0, 0, 0, 1, 1, 0, 0, 0, 0, 0, 0, 1, 0], [1, 1, 1, 0, 1, 1, 1, 0, 0, 0, 0, 1, 0, 1, 1], [1, 1, 0, 0, 1, 0, 1, 0, 0, 0, 0, 1, 1, 1, 0], [0, 1, 1, 1, 0, 1, 0, 0, 0, 0, 0, 1, 0, 0, 0], [0, 0, 0, 1, 1, 0, 0, 0, 1, 1, 1, 0, 1, 0, 0], [0, 0, 1, 0, 0, 1, 1, 0, 0, 1, 0, 1, 0, 1, 0], [1, 0, 1, 1, 0, 0, 1, 1, 1, 1, 0, 0, 1, 0, 1], [1, 0, 1, 0, 1, 0, 0, 0, 1, 0, 0, 0, 0, 1, 0]]",26.0,4.0,Y,"{0: 78, 1: 42, 2: 74, 3: 46, 4: 30, 5: 62, 6: 54, 7: 58, 8: 82, 9: 38, 10: 66, 11: 34, 12: 26, 13: 70, 14: 50}",Y,"{0: 78, 1: 42, 2: 74, 3: 46, 4: 30, 5: 62, 6: 54, 7: 58, 8: 82, 9: 38, 10: 66, 11: 34, 12: 26, 13: 70, 14: 50}","{(0, 2): 1, (0, 3): 1, (0, 4): 2, (0, 6): 1, (0, 7): 32, (0, 8): 1, (0, 9): 1, (0, 13): 21, (0, 14): 18, (1, 3): 1, (1, 5): 18, (1, 7): 1, (1, 8): 1, (1, 9): 7, (1, 10): 14, (2, 4): 14, (2, 6): 1, (2, 8): 26, (2, 10): 10, (2, 12): 5, (2, 13): 16, (2, 14): 1, (3, 5): 15, (3, 6): 7, (3, 10): 20, (3, 11): 1, (3, 13): 1, (4, 5): 1, (4, 6): 1, (4, 8): 1, (4, 9): 9, (4, 11): 1, (4, 14): 1, (5, 7): 3, (5, 8): 23, (5, 10): 1, (5, 12): 1, (6, 7): 9, (6, 8): 1, (6, 9): 18, (6, 12): 9, (6, 13): 7, (7, 13): 13, (8, 11): 1, (8, 13): 4, (8, 14): 24, (9, 11): 1, (9, 12): 1, (9, 13): 1, (10, 11): 21, (11, 12): 9, (12, 13): 1, (13, 14): 6}",72.00241088867188,53.0,15.0,106.0
6.0,Graph with 15 nodes and 55 edges,"[[0, 1, 1, 1, 0, 1, 0, 1, 0, 1, 1, 1, 1, 0, 1], [1, 0, 0, 1, 1, 1, 1, 0, 1, 1, 1, 0, 1, 0, 1], [1, 0, 0, 0, 1, 0, 0, 0, 1, 0, 0, 1, 1, 1, 0], [1, 1, 0, 0, 0, 1, 1, 1, 0, 1, 1, 1, 1, 1, 0], [0, 1, 1, 0, 0, 0, 0, 0, 1, 0, 0, 0, 0, 0, 1], [1, 1, 0, 1, 0, 0, 1, 0, 1, 0, 0, 1, 1, 0, 1], [0, 1, 0, 1, 0, 1, 0, 1, 0, 0, 1, 0, 0, 1, 0], [1, 0, 0, 1, 0, 0, 1, 0, 0, 1, 1, 0, 0, 0, 1], [0, 1, 1, 0, 1, 1, 0, 0, 0, 1, 1, 0, 1, 1, 0], [1, 1, 0, 1, 0, 0, 0, 1, 1, 0, 0, 0, 1, 1, 0], [1, 1, 0, 1, 0, 0, 1, 1, 1, 0, 0, 0, 1, 0, 0], [1, 0, 1, 1, 0, 1, 0, 0, 0, 0, 0, 0, 1, 1, 0], [1, 1, 1, 1, 0, 1, 0, 0, 1, 1, 1, 1, 0, 0, 1], [0, 0, 1, 1, 0, 0, 1, 0, 1, 1, 0, 1, 0, 0, 0], [1, 1, 0, 0, 1, 1, 0, 1, 0, 0, 0, 0, 1, 0, 0]]",24.0,2.0,Y,"{0: 26, 1: 28, 2: 30, 3: 32, 4: 34, 5: 36, 6: 38, 7: 40, 8: 42, 9: 44, 10: 46, 11: 48, 12: 50, 13: 52, 14: 24}",Y,"{0: 26, 1: 28, 2: 30, 3: 32, 4: 34, 5: 36, 6: 38, 7: 40, 8: 42, 9: 44, 10: 46, 11: 48, 12: 50, 13: 52, 14: 24}","{(0, 1): 1, (0, 2): 1, (0, 3): 1, (0, 5): 1, (0, 7): 1, (0, 9): 1, (0, 10): 1, (0, 11): 17, (0, 12): 1, (0, 14): 1, (1, 3): 1, (1, 4): 13, (1, 5): 1, (1, 6): 1, (1, 8): 7, (1, 9): 1, (1, 10): 1, (1, 12): 1, (1, 14): 1, (2, 4): 1, (2, 8): 1, (2, 11): 1, (2, 12): 1, (2, 13): 25, (3, 5): 1, (3, 6): 1, (3, 7): 1, (3, 9): 1, (3, 10): 1, (3, 11): 20, (3, 12): 1, (3, 13): 4, (4, 8): 1, (4, 14): 19, (5, 6): 1, (5, 8): 1, (5, 11): 1, (5, 12): 29, (5, 14): 1, (6, 7): 1, (6, 10): 33, (6, 13): 1, (7, 9): 35, (7, 10): 1, (7, 14): 1, (8, 9): 1, (8, 10): 8, (8, 12): 13, (8, 13): 10, (9, 12): 1, (9, 13): 4, (10, 12): 1, (11, 12): 1, (11, 13): 8, (12, 14): 1}",824.9282836914062,55.0,15.0,110.0
7.0,Graph with 15 nodes and 58 edges,"[[0, 1, 1, 1, 0, 1, 0, 0, 1, 1, 1, 1, 1, 0, 1], [1, 0, 1, 1, 1, 1, 1, 1, 1, 1, 0, 1, 0, 1, 0], [1, 1, 0, 1, 0, 1, 1, 0, 1, 0, 1, 0, 1, 0, 1], [1, 1, 1, 0, 1, 1, 1, 1, 0, 0, 0, 0, 1, 0, 0], [0, 1, 0, 1, 0, 1, 0, 1, 0, 1, 1, 1, 1, 1, 0], [1, 1, 1, 1, 1, 0, 1, 0, 0, 0, 0, 0, 1, 0, 0], [0, 1, 1, 1, 0, 1, 0, 0, 0, 0, 0, 1, 0, 0, 1], [0, 1, 0, 1, 1, 0, 0, 0, 1, 0, 0, 1, 0, 1, 1], [1, 1, 1, 0, 0, 0, 0, 1, 0, 1, 0, 1, 0, 1, 0], [1, 1, 0, 0, 1, 0, 0, 0, 1, 0, 1, 0, 1, 0, 0], [1, 0, 1, 0, 1, 0, 0, 0, 0, 1, 0, 1, 1, 1, 1], [1, 1, 0, 0, 1, 0, 1, 1, 1, 0, 1, 0, 0, 0, 1], [1, 0, 1, 1, 1, 1, 0, 0, 0, 1, 1, 0, 0, 1, 0], [0, 1, 0, 0, 1, 0, 0, 1, 1, 0, 1, 0, 1, 0, 0], [1, 0, 1, 0, 0, 0, 1, 1, 0, 0, 1, 1, 0, 0, 0]]",7.0,7.0,Y,"{0: 14, 1: 105, 2: 98, 3: 91, 4: 84, 5: 7, 6: 77, 7: 70, 8: 63, 9: 56, 10: 49, 11: 42, 12: 35, 13: 28, 14: 21}",Y,"{0: 14, 1: 105, 2: 98, 3: 91, 4: 84, 5: 7, 6: 77, 7: 70, 8: 63, 9: 56, 10: 49, 11: 42, 12: 35, 13: 28, 14: 21}","{(0, 1): 3, (0, 2): 1, (0, 3): 3, (0, 5): 1, (0, 8): 1, (0, 9): 1, (0, 10): 1, (0, 11): 1, (0, 12): 1, (0, 14): 1, (1, 2): 1, (1, 3): 7, (1, 4): 22, (1, 5): 1, (1, 6): 5, (1, 7): 3, (1, 8): 22, (1, 9): 13, (1, 11): 11, (1, 13): 17, (2, 3): 35, (2, 5): 1, (2, 6): 25, (2, 8): 1, (2, 10): 1, (2, 12): 26, (2, 14): 7, (3, 4): 1, (3, 5): 1, (3, 6): 22, (3, 7): 19, (3, 12): 3, (4, 5): 1, (4, 7): 31, (4, 9): 1, (4, 10): 21, (4, 11): 1, (4, 12): 1, (4, 13): 5, (5, 6): 1, (5, 12): 1, (6, 11): 21, (6, 14): 3, (7, 8): 10, (7, 11): 3, (7, 13): 3, (7, 14): 1, (8, 9): 25, (8, 11): 3, (8, 13): 1, (9, 10): 15, (9, 12): 1, (10, 11): 1, (10, 12): 1, (10, 13): 1, (10, 14): 8, (11, 14): 1, (12, 13): 1}",65.08827209472656,58.0,15.0,116.0
7.0,Graph with 15 nodes and 58 edges,"[[0, 1, 1, 1, 0, 1, 0, 0, 1, 1, 1, 1, 1, 0, 1], [1, 0, 1, 1, 1, 1, 1, 1, 1, 1, 0, 1, 0, 1, 0], [1, 1, 0, 1, 0, 1, 1, 0, 1, 0, 1, 0, 1, 0, 1], [1, 1, 1, 0, 1, 1, 1, 1, 0, 0, 0, 0, 1, 0, 0], [0, 1, 0, 1, 0, 1, 0, 1, 0, 1, 1, 1, 1, 1, 0], [1, 1, 1, 1, 1, 0, 1, 0, 0, 0, 0, 0, 1, 0, 0], [0, 1, 1, 1, 0, 1, 0, 0, 0, 0, 0, 1, 0, 0, 1], [0, 1, 0, 1, 1, 0, 0, 0, 1, 0, 0, 1, 0, 1, 1], [1, 1, 1, 0, 0, 0, 0, 1, 0, 1, 0, 1, 0, 1, 0], [1, 1, 0, 0, 1, 0, 0, 0, 1, 0, 1, 0, 1, 0, 0], [1, 0, 1, 0, 1, 0, 0, 0, 0, 1, 0, 1, 1, 1, 1], [1, 1, 0, 0, 1, 0, 1, 1, 1, 0, 1, 0, 0, 0, 1], [1, 0, 1, 1, 1, 1, 0, 0, 0, 1, 1, 0, 0, 1, 0], [0, 1, 0, 0, 1, 0, 0, 1, 1, 0, 1, 0, 1, 0, 0], [1, 0, 1, 0, 0, 0, 1, 1, 0, 0, 1, 1, 0, 0, 0]]",15.0,3.0,Y,"{0: 27, 1: 30, 2: 33, 3: 45, 4: 24, 5: 48, 6: 18, 7: 15, 8: 42, 9: 57, 10: 36, 11: 51, 12: 54, 13: 21, 14: 39}",Y,"{0: 27, 1: 30, 2: 33, 3: 45, 4: 24, 5: 48, 6: 18, 7: 15, 8: 42, 9: 57, 10: 36, 11: 51, 12: 54, 13: 21, 14: 39}","{(0, 1): 3, (0, 2): 1, (0, 3): 5, (0, 5): 6, (0, 8): 2, (0, 9): 3, (0, 10): 3, (0, 11): 1, (0, 12): 1, (0, 14): 2, (1, 2): 1, (1, 3): 1, (1, 4): 1, (1, 5): 3, (1, 6): 1, (1, 7): 1, (1, 8): 1, (1, 9): 12, (1, 11): 1, (1, 13): 5, (2, 3): 1, (2, 5): 3, (2, 6): 2, (2, 8): 1, (2, 10): 1, (2, 12): 17, (2, 14): 6, (3, 4): 1, (3, 5): 25, (3, 6): 6, (3, 7): 1, (3, 12): 5, (4, 5): 1, (4, 7): 1, (4, 9): 3, (4, 10): 1, (4, 11): 3, (4, 12): 12, (4, 13): 1, (5, 6): 7, (5, 12): 3, (6, 11): 1, (6, 14): 1, (7, 8): 1, (7, 11): 1, (7, 13): 4, (7, 14): 6, (8, 9): 19, (8, 11): 17, (8, 13): 1, (9, 10): 8, (9, 12): 12, (10, 11): 9, (10, 12): 1, (10, 13): 7, (10, 14): 6, (11, 14): 18, (12, 13): 3}",85.8306884765625,58.0,15.0,116.0
7.0,Graph with 15 nodes and 58 edges,"[[0, 1, 1, 1, 0, 1, 0, 0, 1, 1, 1, 1, 1, 0, 1], [1, 0, 1, 1, 1, 1, 1, 1, 1, 1, 0, 1, 0, 1, 0], [1, 1, 0, 1, 0, 1, 1, 0, 1, 0, 1, 0, 1, 0, 1], [1, 1, 1, 0, 1, 1, 1, 1, 0, 0, 0, 0, 1, 0, 0], [0, 1, 0, 1, 0, 1, 0, 1, 0, 1, 1, 1, 1, 1, 0], [1, 1, 1, 1, 1, 0, 1, 0, 0, 0, 0, 0, 1, 0, 0], [0, 1, 1, 1, 0, 1, 0, 0, 0, 0, 0, 1, 0, 0, 1], [0, 1, 0, 1, 1, 0, 0, 0, 1, 0, 0, 1, 0, 1, 1], [1, 1, 1, 0, 0, 0, 0, 1, 0, 1, 0, 1, 0, 1, 0], [1, 1, 0, 0, 1, 0, 0, 0, 1, 0, 1, 0, 1, 0, 0], [1, 0, 1, 0, 1, 0, 0, 0, 0, 1, 0, 1, 1, 1, 1], [1, 1, 0, 0, 1, 0, 1, 1, 1, 0, 1, 0, 0, 0, 1], [1, 0, 1, 1, 1, 1, 0, 0, 0, 1, 1, 0, 0, 1, 0], [0, 1, 0, 0, 1, 0, 0, 1, 1, 0, 1, 0, 1, 0, 0], [1, 0, 1, 0, 0, 0, 1, 1, 0, 0, 1, 1, 0, 0, 0]]",19.0,3.0,Y,"{0: 22, 1: 25, 2: 28, 3: 31, 4: 34, 5: 37, 6: 40, 7: 43, 8: 46, 9: 49, 10: 52, 11: 55, 12: 58, 13: 61, 14: 19}",Y,"{0: 22, 1: 25, 2: 28, 3: 31, 4: 34, 5: 37, 6: 40, 7: 43, 8: 46, 9: 49, 10: 52, 11: 55, 12: 58, 13: 61, 14: 19}","{(0, 1): 1, (0, 2): 1, (0, 3): 1, (0, 5): 1, (0, 8): 1, (0, 9): 8, (0, 10): 6, (0, 11): 1, (0, 12): 1, (0, 14): 1, (1, 2): 1, (1, 3): 1, (1, 4): 1, (1, 5): 1, (1, 6): 13, (1, 7): 1, (1, 8): 1, (1, 9): 3, (1, 11): 1, (1, 13): 1, (2, 3): 1, (2, 5): 1, (2, 6): 3, (2, 8): 1, (2, 10): 1, (2, 12): 18, (2, 14): 1, (3, 4): 1, (3, 5): 24, (3, 6): 1, (3, 7): 1, (3, 12): 1, (4, 5): 1, (4, 7): 1, (4, 9): 9, (4, 10): 1, (4, 11): 1, (4, 12): 9, (4, 13): 10, (5, 6): 1, (5, 12): 8, (6, 11): 12, (6, 14): 10, (7, 8): 1, (7, 11): 2, (7, 13): 36, (7, 14): 1, (8, 9): 17, (8, 11): 17, (8, 13): 8, (9, 10): 11, (9, 12): 1, (10, 11): 16, (10, 12): 15, (10, 13): 1, (10, 14): 1, (11, 14): 5, (12, 13): 5}",64.13459777832031,58.0,15.0,116.0
7.0,Graph with 15 nodes and 58 edges,"[[0, 1, 1, 1, 0, 1, 0, 0, 1, 1, 1, 1, 1, 0, 1], [1, 0, 1, 1, 1, 1, 1, 1, 1, 1, 0, 1, 0, 1, 0], [1, 1, 0, 1, 0, 1, 1, 0, 1, 0, 1, 0, 1, 0, 1], [1, 1, 1, 0, 1, 1, 1, 1, 0, 0, 0, 0, 1, 0, 0], [0, 1, 0, 1, 0, 1, 0, 1, 0, 1, 1, 1, 1, 1, 0], [1, 1, 1, 1, 1, 0, 1, 0, 0, 0, 0, 0, 1, 0, 0], [0, 1, 1, 1, 0, 1, 0, 0, 0, 0, 0, 1, 0, 0, 1], [0, 1, 0, 1, 1, 0, 0, 0, 1, 0, 0, 1, 0, 1, 1], [1, 1, 1, 0, 0, 0, 0, 1, 0, 1, 0, 1, 0, 1, 0], [1, 1, 0, 0, 1, 0, 0, 0, 1, 0, 1, 0, 1, 0, 0], [1, 0, 1, 0, 1, 0, 0, 0, 0, 1, 0, 1, 1, 1, 1], [1, 1, 0, 0, 1, 0, 1, 1, 1, 0, 1, 0, 0, 0, 1], [1, 0, 1, 1, 1, 1, 0, 0, 0, 1, 1, 0, 0, 1, 0], [0, 1, 0, 0, 1, 0, 0, 1, 1, 0, 1, 0, 1, 0, 0], [1, 0, 1, 0, 0, 0, 1, 1, 0, 0, 1, 1, 0, 0, 0]]",22.0,4.0,Y,"{0: 26, 1: 30, 2: 34, 3: 38, 4: 42, 5: 46, 6: 50, 7: 54, 8: 58, 9: 62, 10: 66, 11: 70, 12: 74, 13: 78, 14: 22}",Y,"{0: 26, 1: 30, 2: 34, 3: 38, 4: 42, 5: 46, 6: 50, 7: 54, 8: 58, 9: 62, 10: 66, 11: 70, 12: 74, 13: 78, 14: 22}","{(0, 1): 1, (0, 2): 1, (0, 3): 1, (0, 5): 1, (0, 8): 1, (0, 9): 1, (0, 10): 1, (0, 11): 14, (0, 12): 4, (0, 14): 1, (1, 2): 1, (1, 3): 1, (1, 4): 1, (1, 5): 1, (1, 6): 11, (1, 7): 1, (1, 8): 10, (1, 9): 1, (1, 11): 1, (1, 13): 1, (2, 3): 1, (2, 5): 1, (2, 6): 1, (2, 8): 26, (2, 10): 1, (2, 12): 1, (2, 14): 1, (3, 4): 1, (3, 5): 1, (3, 6): 31, (3, 7): 1, (3, 12): 1, (4, 5): 1, (4, 7): 1, (4, 9): 30, (4, 10): 1, (4, 11): 5, (4, 12): 1, (4, 13): 1, (5, 6): 5, (5, 12): 36, (6, 11): 1, (6, 14): 1, (7, 8): 2, (7, 11): 1, (7, 13): 47, (7, 14): 1, (8, 9): 1, (8, 11): 1, (8, 13): 17, (9, 10): 1, (9, 12): 28, (10, 11): 40, (10, 12): 1, (10, 13): 10, (10, 14): 11, (11, 14): 7, (12, 13): 2}",46.96846008300781,58.0,15.0,116.0
8.0,Graph with 15 nodes and 49 edges,"[[0, 1, 1, 1, 0, 0, 1, 0, 1, 1, 1, 0, 0, 0, 0], [1, 0, 1, 0, 1, 0, 1, 0, 0, 1, 0, 1, 1, 0, 1], [1, 1, 0, 1, 1, 1, 0, 1, 0, 0, 1, 0, 0, 0, 0], [1, 0, 1, 0, 0, 1, 0, 0, 1, 0, 0, 0, 0, 1, 1], [0, 1, 1, 0, 0, 1, 1, 0, 0, 1, 1, 1, 1, 0, 1], [0, 0, 1, 1, 1, 0, 1, 0, 0, 0, 1, 1, 1, 0, 1], [1, 1, 0, 0, 1, 1, 0, 0, 0, 0, 1, 0, 1, 0, 0], [0, 0, 1, 0, 0, 0, 0, 0, 0, 1, 1, 0, 0, 0, 0], [1, 0, 0, 1, 0, 0, 0, 0, 0, 0, 0, 0, 1, 0, 1], [1, 1, 0, 0, 1, 0, 0, 1, 0, 0, 0, 1, 1, 0, 0], [1, 0, 1, 0, 1, 1, 1, 1, 0, 0, 0, 0, 1, 0, 1], [0, 1, 0, 0, 1, 1, 0, 0, 0, 1, 0, 0, 1, 0, 0], [0, 1, 0, 0, 1, 1, 1, 0, 1, 1, 1, 1, 0, 1, 1], [0, 0, 0, 1, 0, 0, 0, 0, 0, 0, 0, 0, 1, 0, 1], [0, 1, 0, 1, 1, 1, 0, 0, 1, 0, 1, 0, 1, 1, 0]]",3.0,9.0,Y,"{0: 12, 1: 129, 2: 120, 3: 111, 4: 102, 5: 93, 6: 84, 7: 3, 8: 75, 9: 66, 10: 57, 11: 48, 12: 39, 13: 30, 14: 21}",Y,"{0: 12, 1: 129, 2: 120, 3: 111, 4: 102, 5: 93, 6: 84, 7: 3, 8: 75, 9: 66, 10: 57, 11: 48, 12: 39, 13: 30, 14: 21}","{(0, 1): 1, (0, 2): 1, (0, 3): 1, (0, 6): 6, (0, 8): 1, (0, 9): 1, (0, 10): 1, (1, 2): 49, (1, 4): 1, (1, 6): 74, (1, 9): 1, (1, 11): 1, (1, 12): 1, (1, 14): 1, (2, 3): 17, (2, 4): 1, (2, 5): 1, (2, 7): 1, (2, 10): 50, (3, 5): 5, (3, 8): 72, (3, 13): 15, (3, 14): 1, (4, 5): 82, (4, 6): 1, (4, 9): 1, (4, 10): 1, (4, 11): 13, (4, 12): 1, (4, 14): 1, (5, 6): 1, (5, 10): 1, (5, 11): 1, (5, 12): 1, (5, 14): 1, (6, 10): 1, (6, 12): 1, (7, 9): 1, (7, 10): 1, (8, 12): 1, (8, 14): 1, (9, 11): 32, (9, 12): 30, (10, 12): 1, (10, 14): 1, (11, 12): 1, (12, 13): 1, (12, 14): 1, (13, 14): 14}",796.0796356201172,49.0,15.0,98.0
8.0,Graph with 15 nodes and 49 edges,"[[0, 1, 1, 1, 0, 0, 1, 0, 1, 1, 1, 0, 0, 0, 0], [1, 0, 1, 0, 1, 0, 1, 0, 0, 1, 0, 1, 1, 0, 1], [1, 1, 0, 1, 1, 1, 0, 1, 0, 0, 1, 0, 0, 0, 0], [1, 0, 1, 0, 0, 1, 0, 0, 1, 0, 0, 0, 0, 1, 1], [0, 1, 1, 0, 0, 1, 1, 0, 0, 1, 1, 1, 1, 0, 1], [0, 0, 1, 1, 1, 0, 1, 0, 0, 0, 1, 1, 1, 0, 1], [1, 1, 0, 0, 1, 1, 0, 0, 0, 0, 1, 0, 1, 0, 0], [0, 0, 1, 0, 0, 0, 0, 0, 0, 1, 1, 0, 0, 0, 0], [1, 0, 0, 1, 0, 0, 0, 0, 0, 0, 0, 0, 1, 0, 1], [1, 1, 0, 0, 1, 0, 0, 1, 0, 0, 0, 1, 1, 0, 0], [1, 0, 1, 0, 1, 1, 1, 1, 0, 0, 0, 0, 1, 0, 1], [0, 1, 0, 0, 1, 1, 0, 0, 0, 1, 0, 0, 1, 0, 0], [0, 1, 0, 0, 1, 1, 1, 0, 1, 1, 1, 1, 0, 1, 1], [0, 0, 0, 1, 0, 0, 0, 0, 0, 0, 0, 0, 1, 0, 1], [0, 1, 0, 1, 1, 1, 0, 0, 1, 0, 1, 0, 1, 1, 0]]",4.0,2.0,Y,"{0: 32, 1: 30, 2: 28, 3: 26, 4: 24, 5: 22, 6: 20, 7: 18, 8: 16, 9: 14, 10: 12, 11: 6, 12: 10, 13: 4, 14: 8}",Y,"{0: 32, 1: 30, 2: 28, 3: 26, 4: 24, 5: 22, 6: 20, 7: 18, 8: 16, 9: 14, 10: 12, 11: 6, 12: 10, 13: 4, 14: 8}","{(0, 1): 23, (0, 2): 1, (0, 3): 4, (0, 6): 1, (0, 8): 1, (0, 9): 1, (0, 10): 1, (1, 2): 1, (1, 4): 1, (1, 6): 1, (1, 9): 1, (1, 11): 1, (1, 12): 1, (1, 14): 1, (2, 3): 5, (2, 4): 10, (2, 5): 1, (2, 7): 9, (2, 10): 1, (3, 5): 1, (3, 8): 13, (3, 13): 2, (3, 14): 1, (4, 5): 1, (4, 6): 1, (4, 9): 2, (4, 10): 5, (4, 11): 2, (4, 12): 1, (4, 14): 1, (5, 6): 15, (5, 10): 1, (5, 11): 1, (5, 12): 1, (5, 14): 1, (6, 10): 1, (6, 12): 1, (7, 9): 8, (7, 10): 1, (8, 12): 1, (8, 14): 1, (9, 11): 1, (9, 12): 1, (10, 12): 1, (10, 14): 1, (11, 12): 1, (12, 13): 1, (12, 14): 1, (13, 14): 1}",41.961669921875,49.0,15.0,98.0
8.0,Graph with 15 nodes and 49 edges,"[[0, 1, 1, 1, 0, 0, 1, 0, 1, 1, 1, 0, 0, 0, 0], [1, 0, 1, 0, 1, 0, 1, 0, 0, 1, 0, 1, 1, 0, 1], [1, 1, 0, 1, 1, 1, 0, 1, 0, 0, 1, 0, 0, 0, 0], [1, 0, 1, 0, 0, 1, 0, 0, 1, 0, 0, 0, 0, 1, 1], [0, 1, 1, 0, 0, 1, 1, 0, 0, 1, 1, 1, 1, 0, 1], [0, 0, 1, 1, 1, 0, 1, 0, 0, 0, 1, 1, 1, 0, 1], [1, 1, 0, 0, 1, 1, 0, 0, 0, 0, 1, 0, 1, 0, 0], [0, 0, 1, 0, 0, 0, 0, 0, 0, 1, 1, 0, 0, 0, 0], [1, 0, 0, 1, 0, 0, 0, 0, 0, 0, 0, 0, 1, 0, 1], [1, 1, 0, 0, 1, 0, 0, 1, 0, 0, 0, 1, 1, 0, 0], [1, 0, 1, 0, 1, 1, 1, 1, 0, 0, 0, 0, 1, 0, 1], [0, 1, 0, 0, 1, 1, 0, 0, 0, 1, 0, 0, 1, 0, 0], [0, 1, 0, 0, 1, 1, 1, 0, 1, 1, 1, 1, 0, 1, 1], [0, 0, 0, 1, 0, 0, 0, 0, 0, 0, 0, 0, 1, 0, 1], [0, 1, 0, 1, 1, 1, 0, 0, 1, 0, 1, 0, 1, 1, 0]]",5.0,1.0,Y,"{0: 19, 1: 18, 2: 17, 3: 16, 4: 15, 5: 14, 6: 13, 7: 12, 8: 11, 9: 7, 10: 9, 11: 6, 12: 10, 13: 5, 14: 8}",Y,"{0: 19, 1: 18, 2: 17, 3: 16, 4: 15, 5: 14, 6: 13, 7: 12, 8: 11, 9: 7, 10: 9, 11: 6, 12: 10, 13: 5, 14: 8}","{(0, 1): 7, (0, 2): 1, (0, 3): 1, (0, 6): 1, (0, 8): 7, (0, 9): 1, (0, 10): 1, (1, 2): 1, (1, 4): 1, (1, 6): 4, (1, 9): 1, (1, 11): 2, (1, 12): 1, (1, 14): 1, (2, 3): 3, (2, 4): 1, (2, 5): 1, (2, 7): 9, (2, 10): 1, (3, 5): 6, (3, 8): 2, (3, 13): 3, (3, 14): 1, (4, 5): 2, (4, 6): 5, (4, 9): 1, (4, 10): 2, (4, 11): 1, (4, 12): 1, (4, 14): 1, (5, 6): 1, (5, 10): 1, (5, 11): 1, (5, 12): 1, (5, 14): 1, (6, 10): 1, (6, 12): 1, (7, 9): 2, (7, 10): 1, (8, 12): 1, (8, 14): 1, (9, 11): 1, (9, 12): 1, (10, 12): 1, (10, 14): 1, (11, 12): 1, (12, 13): 1, (12, 14): 1, (13, 14): 1}",37.90855407714844,49.0,15.0,98.0
9.0,Graph with 15 nodes and 55 edges,"[[0, 1, 1, 1, 0, 1, 0, 0, 0, 1, 0, 0, 0, 0, 0], [1, 0, 0, 0, 0, 1, 0, 0, 0, 1, 0, 0, 1, 0, 0], [1, 0, 0, 1, 0, 0, 0, 1, 0, 0, 1, 1, 0, 1, 0], [1, 0, 1, 0, 1, 1, 1, 1, 1, 1, 1, 1, 0, 1, 0], [0, 0, 0, 1, 0, 0, 1, 1, 0, 0, 1, 1, 1, 0, 0], [1, 1, 0, 1, 0, 0, 0, 1, 1, 1, 0, 1, 1, 0, 1], [0, 0, 0, 1, 1, 0, 0, 0, 0, 1, 0, 1, 0, 0, 1], [0, 0, 1, 1, 1, 1, 0, 0, 1, 1, 0, 1, 0, 0, 1], [0, 0, 0, 1, 0, 1, 0, 1, 0, 1, 1, 0, 0, 1, 1], [1, 1, 0, 1, 0, 1, 1, 1, 1, 0, 1, 1, 0, 1, 1], [0, 0, 1, 1, 1, 0, 0, 0, 1, 1, 0, 0, 0, 1, 1], [0, 0, 1, 1, 1, 1, 1, 1, 0, 1, 0, 0, 1, 1, 1], [0, 1, 0, 0, 1, 1, 0, 0, 0, 0, 0, 1, 0, 1, 1], [0, 0, 1, 1, 0, 0, 0, 0, 1, 1, 1, 1, 1, 0, 0], [0, 0, 0, 0, 0, 1, 1, 1, 1, 1, 1, 1, 1, 0, 0]]",29.0,7.0,Y,"{0: 29, 1: 127, 2: 120, 3: 113, 4: 106, 5: 99, 6: 92, 7: 85, 8: 78, 9: 71, 10: 64, 11: 57, 12: 50, 13: 43, 14: 36}",Y,"{0: 29, 1: 127, 2: 120, 3: 113, 4: 106, 5: 99, 6: 92, 7: 85, 8: 78, 9: 71, 10: 64, 11: 57, 12: 50, 13: 43, 14: 36}","{(0, 1): 25, (0, 2): 1, (0, 3): 1, (0, 5): 1, (0, 9): 1, (1, 5): 1, (1, 9): 56, (1, 12): 45, (2, 3): 1, (2, 7): 1, (2, 10): 32, (2, 11): 48, (2, 13): 37, (3, 4): 1, (3, 5): 1, (3, 6): 1, (3, 7): 1, (3, 8): 72, (3, 9): 6, (3, 10): 27, (3, 11): 1, (3, 13): 1, (4, 6): 87, (4, 7): 15, (4, 10): 1, (4, 11): 1, (4, 12): 1, (5, 7): 64, (5, 8): 1, (5, 9): 1, (5, 11): 1, (5, 12): 1, (5, 14): 28, (6, 9): 1, (6, 11): 1, (6, 14): 2, (7, 8): 1, (7, 9): 1, (7, 11): 1, (7, 14): 1, (8, 9): 1, (8, 10): 1, (8, 13): 1, (8, 14): 1, (9, 10): 1, (9, 11): 1, (9, 13): 1, (9, 14): 1, (10, 13): 1, (10, 14): 1, (11, 12): 1, (11, 13): 1, (11, 14): 1, (12, 13): 1, (12, 14): 1}",608.9210510253906,55.0,15.0,110.0
11.0,Graph with 15 nodes and 56 edges,"[[0, 0, 1, 0, 1, 1, 0, 1, 1, 0, 1, 1, 1, 0, 1], [0, 0, 0, 0, 1, 1, 0, 1, 0, 1, 1, 1, 0, 0, 1], [1, 0, 0, 1, 0, 0, 1, 0, 1, 0, 1, 1, 1, 1, 1], [0, 0, 1, 0, 1, 0, 0, 0, 0, 1, 1, 0, 0, 1, 0], [1, 1, 0, 1, 0, 0, 0, 1, 0, 1, 1, 0, 0, 0, 0], [1, 1, 0, 0, 0, 0, 1, 0, 0, 0, 1, 0, 1, 1, 1], [0, 0, 1, 0, 0, 1, 0, 1, 0, 1, 0, 1, 0, 1, 0], [1, 1, 0, 0, 1, 0, 1, 0, 0, 1, 0, 1, 1, 1, 0], [1, 0, 1, 0, 0, 0, 0, 0, 0, 1, 1, 0, 1, 0, 1], [0, 1, 0, 1, 1, 0, 1, 1, 1, 0, 1, 1, 1, 0, 0], [1, 1, 1, 1, 1, 1, 0, 0, 1, 1, 0, 1, 1, 0, 0], [1, 1, 1, 0, 0, 0, 1, 1, 0, 1, 1, 0, 1, 0, 0], [1, 0, 1, 0, 0, 1, 0, 1, 1, 1, 1, 1, 0, 1, 1], [0, 0, 1, 1, 0, 1, 1, 1, 0, 0, 0, 0, 1, 0, 0], [1, 1, 1, 0, 0, 1, 0, 0, 1, 0, 0, 0, 1, 0, 0]]",18.0,4.0,Y,"{0: 74, 1: 70, 2: 66, 3: 62, 4: 58, 5: 54, 6: 50, 7: 46, 8: 42, 9: 38, 10: 34, 11: 30, 12: 26, 13: 22, 14: 18}",Y,"{0: 74, 1: 70, 2: 66, 3: 62, 4: 58, 5: 54, 6: 50, 7: 46, 8: 42, 9: 38, 10: 34, 11: 30, 12: 26, 13: 22, 14: 18}","{(0, 2): 1, (0, 4): 1, (0, 5): 48, (0, 7): 19, (0, 8): 1, (0, 10): 1, (0, 11): 1, (0, 12): 1, (0, 14): 1, (1, 4): 1, (1, 5): 1, (1, 7): 13, (1, 9): 1, (1, 10): 20, (1, 11): 21, (1, 14): 13, (2, 3): 1, (2, 6): 27, (2, 8): 16, (2, 10): 1, (2, 11): 1, (2, 12): 17, (2, 13): 1, (2, 14): 1, (3, 4): 53, (3, 9): 1, (3, 10): 6, (3, 13): 1, (4, 7): 1, (4, 9): 1, (4, 10): 1, (5, 6): 1, (5, 10): 1, (5, 12): 1, (5, 13): 1, (5, 14): 1, (6, 7): 1, (6, 9): 1, (6, 11): 3, (6, 13): 17, (7, 9): 9, (7, 11): 1, (7, 12): 1, (7, 13): 1, (8, 9): 22, (8, 10): 1, (8, 12): 1, (8, 14): 1, (9, 10): 1, (9, 11): 1, (9, 12): 1, (10, 11): 1, (10, 12): 1, (11, 12): 1, (12, 13): 1, (12, 14): 1}",729.7992706298828,56.0,15.0,112.0
12.0,Graph with 15 nodes and 57 edges,"[[0, 1, 1, 0, 1, 0, 1, 1, 1, 1, 0, 1, 0, 0, 0], [1, 0, 0, 0, 1, 1, 0, 1, 0, 1, 1, 0, 1, 0, 1], [1, 0, 0, 1, 1, 1, 0, 0, 1, 1, 0, 1, 0, 1, 1], [0, 0, 1, 0, 1, 1, 0, 1, 0, 1, 0, 1, 1, 1, 1], [1, 1, 1, 1, 0, 0, 0, 1, 1, 0, 0, 0, 0, 0, 0], [0, 1, 1, 1, 0, 0, 1, 1, 0, 0, 0, 0, 0, 1, 1], [1, 0, 0, 0, 0, 1, 0, 0, 1, 0, 1, 0, 0, 0, 1], [1, 1, 0, 1, 1, 1, 0, 0, 1, 1, 0, 0, 0, 1, 0], [1, 0, 1, 0, 1, 0, 1, 1, 0, 0, 1, 0, 0, 1, 1], [1, 1, 1, 1, 0, 0, 0, 1, 0, 0, 1, 0, 1, 1, 1], [0, 1, 0, 0, 0, 0, 1, 0, 1, 1, 0, 1, 0, 0, 0], [1, 0, 1, 1, 0, 0, 0, 0, 0, 0, 1, 0, 1, 1, 1], [0, 1, 0, 1, 0, 0, 0, 0, 0, 1, 0, 1, 0, 1, 1], [0, 0, 1, 1, 0, 1, 0, 1, 1, 1, 0, 1, 1, 0, 1], [0, 1, 1, 1, 0, 1, 1, 0, 1, 1, 0, 1, 1, 1, 0]]",26.0,8.0,Y,"{0: 34, 1: 42, 2: 50, 3: 58, 4: 66, 5: 74, 6: 82, 7: 90, 8: 98, 9: 106, 10: 114, 11: 122, 12: 130, 13: 138, 14: 26}",Y,"{0: 34, 1: 42, 2: 50, 3: 58, 4: 66, 5: 74, 6: 82, 7: 90, 8: 98, 9: 106, 10: 114, 11: 122, 12: 130, 13: 138, 14: 26}","{(0, 1): 1, (0, 2): 1, (0, 4): 27, (0, 6): 1, (0, 7): 1, (0, 8): 1, (0, 9): 1, (0, 11): 1, (1, 4): 4, (1, 5): 1, (1, 7): 1, (1, 9): 1, (1, 10): 1, (1, 12): 32, (1, 14): 1, (2, 3): 1, (2, 4): 32, (2, 5): 1, (2, 8): 1, (2, 9): 1, (2, 11): 6, (2, 13): 6, (2, 14): 1, (3, 4): 1, (3, 5): 1, (3, 7): 1, (3, 9): 1, (3, 11): 1, (3, 12): 50, (3, 13): 1, (3, 14): 1, (4, 7): 1, (4, 8): 1, (5, 6): 1, (5, 7): 1, (5, 13): 68, (5, 14): 1, (6, 8): 78, (6, 10): 1, (6, 14): 1, (7, 8): 1, (7, 9): 83, (7, 13): 1, (8, 10): 1, (8, 13): 14, (8, 14): 1, (9, 10): 16, (9, 12): 1, (9, 13): 1, (9, 14): 1, (10, 11): 95, (11, 12): 1, (11, 13): 1, (11, 14): 17, (12, 13): 45, (12, 14): 1, (13, 14): 1}",1313.924789428711,57.0,15.0,114.0
16.0,Graph with 15 nodes and 51 edges,"[[0, 0, 0, 1, 0, 0, 0, 0, 0, 1, 0, 0, 1, 0, 1], [0, 0, 0, 1, 0, 0, 0, 0, 1, 1, 1, 1, 0, 0, 0], [0, 0, 0, 0, 0, 0, 1, 0, 0, 1, 0, 1, 1, 0, 1], [1, 1, 0, 0, 1, 1, 1, 0, 0, 1, 0, 1, 0, 1, 0], [0, 0, 0, 1, 0, 1, 1, 1, 0, 1, 0, 0, 1, 1, 1], [0, 0, 0, 1, 1, 0, 0, 0, 1, 1, 1, 1, 1, 1, 1], [0, 0, 1, 1, 1, 0, 0, 0, 0, 1, 1, 1, 0, 0, 0], [0, 0, 0, 0, 1, 0, 0, 0, 1, 0, 0, 0, 0, 0, 1], [0, 1, 0, 0, 0, 1, 0, 1, 0, 1, 0, 1, 0, 1, 0], [1, 1, 1, 1, 1, 1, 1, 0, 1, 0, 0, 1, 1, 1, 0], [0, 1, 0, 0, 0, 1, 1, 0, 0, 0, 0, 1, 0, 0, 1], [0, 1, 1, 1, 0, 1, 1, 0, 1, 1, 1, 0, 1, 1, 0], [1, 0, 1, 0, 1, 1, 0, 0, 0, 1, 0, 1, 0, 1, 0], [0, 0, 0, 1, 1, 1, 0, 0, 1, 1, 0, 1, 1, 0, 1], [1, 0, 1, 0, 1, 1, 0, 1, 0, 0, 1, 0, 0, 1, 0]]",22.0,6.0,Y,"{0: 40, 1: 70, 2: 34, 3: 94, 4: 58, 5: 76, 6: 22, 7: 100, 8: 64, 9: 106, 10: 28, 11: 82, 12: 52, 13: 88, 14: 46}",Y,"{0: 40, 1: 70, 2: 34, 3: 94, 4: 58, 5: 76, 6: 22, 7: 100, 8: 64, 9: 106, 10: 28, 11: 82, 12: 52, 13: 88, 14: 46}","{(0, 3): 15, (0, 9): 10, (0, 12): 14, (0, 14): 1, (1, 3): 1, (1, 8): 5, (1, 9): 2, (1, 10): 20, (1, 11): 42, (2, 6): 5, (2, 9): 19, (2, 11): 5, (2, 12): 4, (2, 14): 1, (3, 4): 27, (3, 5): 7, (3, 6): 5, (3, 9): 23, (3, 11): 1, (3, 13): 15, (4, 5): 1, (4, 6): 1, (4, 7): 15, (4, 9): 7, (4, 12): 1, (4, 13): 5, (4, 14): 1, (5, 8): 1, (5, 9): 1, (5, 10): 1, (5, 11): 19, (5, 12): 9, (5, 13): 26, (5, 14): 11, (6, 9): 1, (6, 10): 5, (6, 11): 5, (7, 8): 55, (7, 14): 30, (8, 9): 1, (8, 11): 1, (8, 13): 1, (9, 11): 1, (9, 12): 10, (9, 13): 31, (10, 11): 1, (10, 14): 1, (11, 12): 6, (11, 13): 1, (12, 13): 8, (13, 14): 1}",60.08148193359375,51.0,15.0,102.0
17.0,Graph with 15 nodes and 50 edges,"[[0, 1, 1, 0, 1, 0, 0, 1, 0, 1, 0, 1, 1, 0, 0], [1, 0, 1, 0, 1, 0, 1, 1, 0, 1, 0, 0, 0, 0, 0], [1, 1, 0, 0, 0, 0, 0, 0, 1, 1, 1, 1, 0, 1, 1], [0, 0, 0, 0, 1, 0, 0, 0, 1, 0, 0, 0, 1, 0, 0], [1, 1, 0, 1, 0, 1, 1, 0, 0, 1, 1, 1, 1, 0, 1], [0, 0, 0, 0, 1, 0, 1, 0, 1, 0, 1, 1, 0, 0, 0], [0, 1, 0, 0, 1, 1, 0, 0, 1, 0, 0, 1, 0, 0, 1], [1, 1, 0, 0, 0, 0, 0, 0, 0, 0, 0, 0, 1, 1, 1], [0, 0, 1, 1, 0, 1, 1, 0, 0, 1, 1, 1, 1, 0, 0], [1, 1, 1, 0, 1, 0, 0, 0, 1, 0, 0, 0, 1, 1, 0], [0, 0, 1, 0, 1, 1, 0, 0, 1, 0, 0, 1, 1, 0, 0], [1, 0, 1, 0, 1, 1, 1, 0, 1, 0, 1, 0, 0, 1, 1], [1, 0, 0, 1, 1, 0, 0, 1, 1, 1, 1, 0, 0, 1, 0], [0, 0, 1, 0, 0, 0, 0, 1, 0, 1, 0, 1, 1, 0, 1], [0, 0, 1, 0, 1, 0, 1, 1, 0, 0, 0, 1, 0, 1, 0]]",13.0,3.0,Y,"{0: 16, 1: 19, 2: 22, 3: 25, 4: 28, 5: 31, 6: 34, 7: 37, 8: 40, 9: 43, 10: 46, 11: 49, 12: 52, 13: 55, 14: 13}",Y,"{0: 16, 1: 19, 2: 22, 3: 25, 4: 28, 5: 31, 6: 34, 7: 37, 8: 40, 9: 43, 10: 46, 11: 49, 12: 52, 13: 55, 14: 13}","{(0, 1): 1, (0, 2): 1, (0, 4): 1, (0, 7): 10, (0, 9): 1, (0, 11): 1, (0, 12): 1, (1, 2): 1, (1, 4): 1, (1, 6): 1, (1, 7): 14, (1, 9): 1, (2, 8): 1, (2, 9): 1, (2, 10): 9, (2, 11): 1, (2, 13): 7, (2, 14): 1, (3, 4): 16, (3, 8): 1, (3, 12): 8, (4, 5): 1, (4, 6): 3, (4, 9): 1, (4, 10): 1, (4, 11): 1, (4, 12): 2, (4, 14): 1, (5, 6): 27, (5, 8): 1, (5, 10): 1, (5, 11): 1, (6, 8): 1, (6, 11): 1, (6, 14): 1, (7, 12): 1, (7, 13): 4, (7, 14): 8, (8, 9): 1, (8, 10): 33, (8, 11): 1, (8, 12): 1, (9, 12): 37, (9, 13): 1, (10, 11): 1, (10, 12): 1, (11, 13): 41, (11, 14): 1, (12, 13): 1, (13, 14): 1}",792.9801940917969,50.0,15.0,100.0
17.0,Graph with 15 nodes and 50 edges,"[[0, 1, 1, 0, 1, 0, 0, 1, 0, 1, 0, 1, 1, 0, 0], [1, 0, 1, 0, 1, 0, 1, 1, 0, 1, 0, 0, 0, 0, 0], [1, 1, 0, 0, 0, 0, 0, 0, 1, 1, 1, 1, 0, 1, 1], [0, 0, 0, 0, 1, 0, 0, 0, 1, 0, 0, 0, 1, 0, 0], [1, 1, 0, 1, 0, 1, 1, 0, 0, 1, 1, 1, 1, 0, 1], [0, 0, 0, 0, 1, 0, 1, 0, 1, 0, 1, 1, 0, 0, 0], [0, 1, 0, 0, 1, 1, 0, 0, 1, 0, 0, 1, 0, 0, 1], [1, 1, 0, 0, 0, 0, 0, 0, 0, 0, 0, 0, 1, 1, 1], [0, 0, 1, 1, 0, 1, 1, 0, 0, 1, 1, 1, 1, 0, 0], [1, 1, 1, 0, 1, 0, 0, 0, 1, 0, 0, 0, 1, 1, 0], [0, 0, 1, 0, 1, 1, 0, 0, 1, 0, 0, 1, 1, 0, 0], [1, 0, 1, 0, 1, 1, 1, 0, 1, 0, 1, 0, 0, 1, 1], [1, 0, 0, 1, 1, 0, 0, 1, 1, 1, 1, 0, 0, 1, 0], [0, 0, 1, 0, 0, 0, 0, 1, 0, 1, 0, 1, 1, 0, 1], [0, 0, 1, 0, 1, 0, 1, 1, 0, 0, 0, 1, 0, 1, 0]]",26.0,8.0,Y,"{0: 34, 1: 42, 2: 50, 3: 58, 4: 66, 5: 74, 6: 82, 7: 90, 8: 98, 9: 106, 10: 114, 11: 122, 12: 130, 13: 138, 14: 26}",Y,"{0: 34, 1: 42, 2: 50, 3: 58, 4: 66, 5: 74, 6: 82, 7: 90, 8: 98, 9: 106, 10: 114, 11: 122, 12: 130, 13: 138, 14: 26}","{(0, 1): 1, (0, 2): 1, (0, 4): 1, (0, 7): 1, (0, 9): 28, (0, 11): 1, (0, 12): 1, (1, 2): 6, (1, 4): 1, (1, 6): 27, (1, 7): 6, (1, 9): 1, (2, 8): 18, (2, 9): 1, (2, 10): 1, (2, 11): 1, (2, 13): 21, (2, 14): 1, (3, 4): 12, (3, 8): 1, (3, 12): 45, (4, 5): 1, (4, 6): 1, (4, 9): 1, (4, 10): 1, (4, 11): 7, (4, 12): 40, (4, 14): 1, (5, 6): 16, (5, 8): 1, (5, 10): 33, (5, 11): 23, (6, 8): 28, (6, 11): 4, (6, 14): 6, (7, 12): 13, (7, 13): 54, (7, 14): 16, (8, 9): 30, (8, 10): 18, (8, 11): 1, (8, 12): 1, (9, 12): 18, (9, 13): 27, (10, 11): 50, (10, 12): 11, (11, 13): 34, (11, 14): 1, (12, 13): 1, (13, 14): 1}",51.975250244140625,50.0,15.0,100.0
18.0,Graph with 15 nodes and 61 edges,"[[0, 0, 0, 0, 1, 1, 1, 1, 0, 0, 0, 0, 0, 0, 1], [0, 0, 0, 0, 1, 0, 1, 1, 1, 1, 0, 1, 1, 1, 1], [0, 0, 0, 1, 1, 1, 1, 0, 1, 1, 0, 0, 1, 1, 0], [0, 0, 1, 0, 1, 1, 0, 0, 0, 1, 1, 0, 1, 1, 0], [1, 1, 1, 1, 0, 0, 1, 1, 1, 1, 1, 1, 1, 1, 0], [1, 0, 1, 1, 0, 0, 1, 1, 1, 1, 0, 1, 1, 0, 0], [1, 1, 1, 0, 1, 1, 0, 1, 1, 1, 0, 1, 1, 1, 0], [1, 1, 0, 0, 1, 1, 1, 0, 0, 1, 1, 0, 0, 1, 1], [0, 1, 1, 0, 1, 1, 1, 0, 0, 0, 1, 1, 1, 1, 1], [0, 1, 1, 1, 1, 1, 1, 1, 0, 0, 0, 1, 1, 0, 0], [0, 0, 0, 1, 1, 0, 0, 1, 1, 0, 0, 0, 0, 0, 0], [0, 1, 0, 0, 1, 1, 1, 0, 1, 1, 0, 0, 1, 0, 0], [0, 1, 1, 1, 1, 1, 1, 0, 1, 1, 0, 1, 0, 1, 0], [0, 1, 1, 1, 1, 0, 1, 1, 1, 0, 0, 0, 1, 0, 0], [1, 1, 0, 0, 0, 0, 0, 1, 1, 0, 0, 0, 0, 0, 0]]",18.0,4.0,Y,"{0: 22, 1: 26, 2: 30, 3: 34, 4: 38, 5: 42, 6: 46, 7: 50, 8: 54, 9: 58, 10: 62, 11: 66, 12: 70, 13: 74, 14: 18}",Y,"{0: 22, 1: 26, 2: 30, 3: 34, 4: 38, 5: 42, 6: 46, 7: 50, 8: 54, 9: 58, 10: 62, 11: 66, 12: 70, 13: 74, 14: 18}","{(0, 4): 1, (0, 5): 1, (0, 6): 9, (0, 7): 10, (0, 14): 1, (1, 4): 1, (1, 6): 1, (1, 7): 1, (1, 8): 1, (1, 9): 1, (1, 11): 1, (1, 12): 1, (1, 13): 18, (1, 14): 1, (2, 3): 1, (2, 4): 1, (2, 5): 1, (2, 6): 1, (2, 8): 1, (2, 9): 1, (2, 12): 1, (2, 13): 23, (3, 4): 1, (3, 5): 1, (3, 9): 1, (3, 10): 28, (3, 12): 1, (3, 13): 1, (4, 6): 1, (4, 7): 1, (4, 8): 1, (4, 9): 1, (4, 10): 27, (4, 11): 1, (4, 12): 1, (4, 13): 1, (5, 6): 1, (5, 7): 1, (5, 8): 21, (5, 9): 1, (5, 11): 1, (5, 12): 14, (6, 7): 1, (6, 8): 1, (6, 9): 1, (6, 11): 1, (6, 12): 1, (6, 13): 28, (7, 9): 28, (7, 10): 6, (7, 13): 1, (7, 14): 1, (8, 10): 1, (8, 11): 1, (8, 12): 11, (8, 13): 1, (8, 14): 15, (9, 11): 23, (9, 12): 1, (11, 12): 38, (12, 13): 1}",832.0808410644531,61.0,15.0,122.0
19.0,Graph with 15 nodes and 58 edges,"[[0, 1, 0, 1, 1, 1, 1, 1, 1, 1, 0, 1, 1, 1, 0], [1, 0, 0, 1, 1, 0, 1, 0, 1, 0, 1, 0, 0, 0, 1], [0, 0, 0, 1, 0, 0, 1, 1, 0, 0, 1, 1, 1, 0, 0], [1, 1, 1, 0, 0, 0, 1, 0, 1, 1, 1, 1, 0, 0, 1], [1, 1, 0, 0, 0, 0, 0, 0, 1, 1, 0, 1, 1, 1, 1], [1, 0, 0, 0, 0, 0, 0, 1, 1, 1, 1, 0, 1, 1, 0], [1, 1, 1, 1, 0, 0, 0, 1, 1, 0, 1, 1, 1, 0, 1], [1, 0, 1, 0, 0, 1, 1, 0, 1, 0, 0, 0, 0, 1, 0], [1, 1, 0, 1, 1, 1, 1, 1, 0, 1, 0, 0, 1, 0, 0], [1, 0, 0, 1, 1, 1, 0, 0, 1, 0, 0, 0, 1, 1, 0], [0, 1, 1, 1, 0, 1, 1, 0, 0, 0, 0, 1, 0, 0, 1], [1, 0, 1, 1, 1, 0, 1, 0, 0, 0, 1, 0, 1, 0, 0], [1, 0, 1, 0, 1, 1, 1, 0, 1, 1, 0, 1, 0, 0, 1], [1, 0, 0, 0, 1, 1, 0, 1, 0, 1, 0, 0, 0, 0, 1], [0, 1, 0, 1, 1, 0, 1, 0, 0, 0, 1, 0, 1, 1, 0]]",9.0,3.0,Y,"{0: 51, 1: 48, 2: 45, 3: 42, 4: 39, 5: 36, 6: 33, 7: 30, 8: 27, 9: 24, 10: 21, 11: 18, 12: 15, 13: 12, 14: 9}",Y,"{0: 51, 1: 48, 2: 45, 3: 42, 4: 39, 5: 36, 6: 33, 7: 30, 8: 27, 9: 24, 10: 21, 11: 18, 12: 15, 13: 12, 14: 9}","{(0, 1): 24, (0, 3): 1, (0, 4): 1, (0, 5): 1, (0, 6): 10, (0, 7): 1, (0, 8): 1, (0, 9): 6, (0, 11): 1, (0, 12): 4, (0, 13): 1, (1, 3): 6, (1, 4): 14, (1, 6): 1, (1, 8): 1, (1, 10): 1, (1, 14): 1, (2, 3): 29, (2, 6): 1, (2, 7): 1, (2, 10): 1, (2, 11): 12, (2, 12): 1, (3, 6): 1, (3, 8): 1, (3, 9): 1, (3, 10): 1, (3, 11): 1, (3, 14): 1, (4, 8): 19, (4, 9): 1, (4, 11): 1, (4, 12): 1, (4, 13): 1, (4, 14): 1, (5, 7): 25, (5, 8): 1, (5, 9): 6, (5, 10): 1, (5, 12): 1, (5, 13): 1, (6, 7): 1, (6, 8): 1, (6, 10): 15, (6, 11): 1, (6, 12): 1, (6, 14): 1, (7, 8): 1, (7, 13): 1, (8, 9): 1, (8, 12): 1, (9, 12): 2, (9, 13): 7, (10, 11): 1, (10, 14): 1, (11, 12): 1, (12, 14): 3, (13, 14): 1}",27.179718017578125,58.0,15.0,116.0
19.0,Graph with 15 nodes and 58 edges,"[[0, 1, 0, 1, 1, 1, 1, 1, 1, 1, 0, 1, 1, 1, 0], [1, 0, 0, 1, 1, 0, 1, 0, 1, 0, 1, 0, 0, 0, 1], [0, 0, 0, 1, 0, 0, 1, 1, 0, 0, 1, 1, 1, 0, 0], [1, 1, 1, 0, 0, 0, 1, 0, 1, 1, 1, 1, 0, 0, 1], [1, 1, 0, 0, 0, 0, 0, 0, 1, 1, 0, 1, 1, 1, 1], [1, 0, 0, 0, 0, 0, 0, 1, 1, 1, 1, 0, 1, 1, 0], [1, 1, 1, 1, 0, 0, 0, 1, 1, 0, 1, 1, 1, 0, 1], [1, 0, 1, 0, 0, 1, 1, 0, 1, 0, 0, 0, 0, 1, 0], [1, 1, 0, 1, 1, 1, 1, 1, 0, 1, 0, 0, 1, 0, 0], [1, 0, 0, 1, 1, 1, 0, 0, 1, 0, 0, 0, 1, 1, 0], [0, 1, 1, 1, 0, 1, 1, 0, 0, 0, 0, 1, 0, 0, 1], [1, 0, 1, 1, 1, 0, 1, 0, 0, 0, 1, 0, 1, 0, 0], [1, 0, 1, 0, 1, 1, 1, 0, 1, 1, 0, 1, 0, 0, 1], [1, 0, 0, 0, 1, 1, 0, 1, 0, 1, 0, 0, 0, 0, 1], [0, 1, 0, 1, 1, 0, 1, 0, 0, 0, 1, 0, 1, 1, 0]]",21.0,9.0,Y,"{0: 30, 1: 39, 2: 48, 3: 57, 4: 66, 5: 75, 6: 84, 7: 93, 8: 102, 9: 111, 10: 120, 11: 129, 12: 138, 13: 147, 14: 21}",Y,"{0: 30, 1: 39, 2: 48, 3: 57, 4: 66, 5: 75, 6: 84, 7: 93, 8: 102, 9: 111, 10: 120, 11: 129, 12: 138, 13: 147, 14: 21}","{(0, 1): 1, (0, 3): 1, (0, 4): 1, (0, 5): 1, (0, 6): 1, (0, 7): 1, (0, 8): 1, (0, 9): 1, (0, 11): 1, (0, 12): 1, (0, 13): 20, (1, 3): 1, (1, 4): 1, (1, 6): 1, (1, 8): 1, (1, 10): 33, (1, 14): 1, (2, 3): 1, (2, 6): 1, (2, 7): 1, (2, 10): 43, (2, 11): 1, (2, 12): 1, (3, 6): 1, (3, 8): 1, (3, 9): 49, (3, 10): 1, (3, 11): 1, (3, 14): 1, (4, 8): 1, (4, 9): 1, (4, 11): 1, (4, 12): 1, (4, 13): 59, (4, 14): 1, (5, 7): 1, (5, 8): 1, (5, 9): 1, (5, 10): 26, (5, 12): 1, (5, 13): 44, (6, 7): 49, (6, 8): 27, (6, 10): 1, (6, 11): 1, (6, 12): 1, (6, 14): 1, (7, 8): 40, (7, 13): 1, (8, 9): 29, (8, 12): 1, (9, 12): 8, (9, 13): 22, (10, 11): 1, (10, 14): 15, (11, 12): 123, (12, 14): 1, (13, 14): 1}",1003.9806365966797,58.0,15.0,116.0
19.0,Graph with 15 nodes and 58 edges,"[[0, 1, 0, 1, 1, 1, 1, 1, 1, 1, 0, 1, 1, 1, 0], [1, 0, 0, 1, 1, 0, 1, 0, 1, 0, 1, 0, 0, 0, 1], [0, 0, 0, 1, 0, 0, 1, 1, 0, 0, 1, 1, 1, 0, 0], [1, 1, 1, 0, 0, 0, 1, 0, 1, 1, 1, 1, 0, 0, 1], [1, 1, 0, 0, 0, 0, 0, 0, 1, 1, 0, 1, 1, 1, 1], [1, 0, 0, 0, 0, 0, 0, 1, 1, 1, 1, 0, 1, 1, 0], [1, 1, 1, 1, 0, 0, 0, 1, 1, 0, 1, 1, 1, 0, 1], [1, 0, 1, 0, 0, 1, 1, 0, 1, 0, 0, 0, 0, 1, 0], [1, 1, 0, 1, 1, 1, 1, 1, 0, 1, 0, 0, 1, 0, 0], [1, 0, 0, 1, 1, 1, 0, 0, 1, 0, 0, 0, 1, 1, 0], [0, 1, 1, 1, 0, 1, 1, 0, 0, 0, 0, 1, 0, 0, 1], [1, 0, 1, 1, 1, 0, 1, 0, 0, 0, 1, 0, 1, 0, 0], [1, 0, 1, 0, 1, 1, 1, 0, 1, 1, 0, 1, 0, 0, 1], [1, 0, 0, 0, 1, 1, 0, 1, 0, 1, 0, 0, 0, 0, 1], [0, 1, 0, 1, 1, 0, 1, 0, 0, 0, 1, 0, 1, 1, 0]]",27.0,7.0,Y,"{0: 34, 1: 41, 2: 48, 3: 55, 4: 62, 5: 69, 6: 76, 7: 83, 8: 90, 9: 97, 10: 104, 11: 111, 12: 118, 13: 125, 14: 27}",Y,"{0: 34, 1: 41, 2: 48, 3: 55, 4: 62, 5: 69, 6: 76, 7: 83, 8: 90, 9: 97, 10: 104, 11: 111, 12: 118, 13: 125, 14: 27}","{(0, 1): 1, (0, 3): 1, (0, 4): 1, (0, 5): 1, (0, 6): 1, (0, 7): 1, (0, 8): 1, (0, 9): 1, (0, 11): 1, (0, 12): 1, (0, 13): 24, (1, 3): 1, (1, 4): 1, (1, 6): 1, (1, 8): 1, (1, 10): 35, (1, 14): 1, (2, 3): 1, (2, 6): 1, (2, 7): 1, (2, 10): 43, (2, 11): 1, (2, 12): 1, (3, 6): 47, (3, 8): 1, (3, 9): 1, (3, 10): 1, (3, 11): 1, (3, 14): 1, (4, 8): 1, (4, 9): 1, (4, 11): 1, (4, 12): 1, (4, 13): 55, (4, 14): 1, (5, 7): 1, (5, 8): 1, (5, 9): 61, (5, 10): 2, (5, 12): 2, (5, 13): 1, (6, 7): 1, (6, 8): 1, (6, 10): 21, (6, 11): 1, (6, 12): 1, (6, 14): 1, (7, 8): 78, (7, 13): 1, (8, 9): 5, (8, 12): 1, (9, 12): 5, (9, 13): 23, (10, 11): 1, (10, 14): 1, (11, 12): 105, (12, 14): 1, (13, 14): 21}",1030.9219360351562,58.0,15.0,116.0
20.0,Graph with 15 nodes and 49 edges,"[[0, 0, 1, 0, 0, 1, 0, 0, 0, 0, 0, 0, 1, 0, 0], [0, 0, 1, 1, 0, 0, 0, 0, 1, 0, 0, 0, 1, 0, 1], [1, 1, 0, 1, 0, 0, 0, 1, 0, 0, 1, 0, 0, 0, 1], [0, 1, 1, 0, 0, 0, 0, 0, 1, 1, 0, 1, 1, 1, 1], [0, 0, 0, 0, 0, 1, 1, 0, 1, 1, 1, 0, 1, 1, 1], [1, 0, 0, 0, 1, 0, 0, 1, 1, 1, 0, 1, 0, 1, 0], [0, 0, 0, 0, 1, 0, 0, 0, 0, 1, 1, 1, 1, 0, 1], [0, 0, 1, 0, 0, 1, 0, 0, 0, 0, 0, 1, 1, 0, 1], [0, 1, 0, 1, 1, 1, 0, 0, 0, 0, 0, 1, 0, 0, 0], [0, 0, 0, 1, 1, 1, 1, 0, 0, 0, 1, 0, 1, 1, 1], [0, 0, 1, 0, 1, 0, 1, 0, 0, 1, 0, 1, 0, 0, 0], [0, 0, 0, 1, 0, 1, 1, 1, 1, 0, 1, 0, 1, 0, 0], [1, 1, 0, 1, 1, 0, 1, 1, 0, 1, 0, 1, 0, 1, 1], [0, 0, 0, 1, 1, 1, 0, 0, 0, 1, 0, 0, 1, 0, 1], [0, 1, 1, 1, 1, 0, 1, 1, 0, 1, 0, 0, 1, 1, 0]]",16.0,6.0,Y,"{0: 22, 1: 28, 2: 34, 3: 40, 4: 46, 5: 52, 6: 58, 7: 64, 8: 70, 9: 76, 10: 82, 11: 88, 12: 94, 13: 100, 14: 16}",Y,"{0: 22, 1: 28, 2: 34, 3: 40, 4: 46, 5: 52, 6: 58, 7: 64, 8: 70, 9: 76, 10: 82, 11: 88, 12: 94, 13: 100, 14: 16}","{(0, 2): 1, (0, 5): 1, (0, 12): 20, (1, 2): 1, (1, 3): 1, (1, 8): 1, (1, 12): 24, (1, 14): 1, (2, 3): 1, (2, 7): 8, (2, 10): 22, (2, 14): 1, (3, 8): 1, (3, 9): 1, (3, 11): 1, (3, 12): 1, (3, 13): 33, (3, 14): 1, (4, 5): 1, (4, 6): 1, (4, 8): 1, (4, 9): 1, (4, 10): 39, (4, 12): 1, (4, 13): 1, (4, 14): 1, (5, 7): 46, (5, 8): 1, (5, 9): 1, (5, 11): 1, (5, 13): 1, (6, 9): 49, (6, 10): 4, (6, 11): 2, (6, 12): 1, (6, 14): 1, (7, 11): 1, (7, 12): 1, (7, 14): 8, (8, 11): 66, (9, 10): 1, (9, 12): 1, (9, 13): 21, (9, 14): 1, (10, 11): 16, (11, 12): 1, (12, 13): 43, (12, 14): 1, (13, 14): 1}",998.9738464355469,49.0,15.0,98.0
20.0,Graph with 15 nodes and 49 edges,"[[0, 0, 1, 0, 0, 1, 0, 0, 0, 0, 0, 0, 1, 0, 0], [0, 0, 1, 1, 0, 0, 0, 0, 1, 0, 0, 0, 1, 0, 1], [1, 1, 0, 1, 0, 0, 0, 1, 0, 0, 1, 0, 0, 0, 1], [0, 1, 1, 0, 0, 0, 0, 0, 1, 1, 0, 1, 1, 1, 1], [0, 0, 0, 0, 0, 1, 1, 0, 1, 1, 1, 0, 1, 1, 1], [1, 0, 0, 0, 1, 0, 0, 1, 1, 1, 0, 1, 0, 1, 0], [0, 0, 0, 0, 1, 0, 0, 0, 0, 1, 1, 1, 1, 0, 1], [0, 0, 1, 0, 0, 1, 0, 0, 0, 0, 0, 1, 1, 0, 1], [0, 1, 0, 1, 1, 1, 0, 0, 0, 0, 0, 1, 0, 0, 0], [0, 0, 0, 1, 1, 1, 1, 0, 0, 0, 1, 0, 1, 1, 1], [0, 0, 1, 0, 1, 0, 1, 0, 0, 1, 0, 1, 0, 0, 0], [0, 0, 0, 1, 0, 1, 1, 1, 1, 0, 1, 0, 1, 0, 0], [1, 1, 0, 1, 1, 0, 1, 1, 0, 1, 0, 1, 0, 1, 1], [0, 0, 0, 1, 1, 1, 0, 0, 0, 1, 0, 0, 1, 0, 1], [0, 1, 1, 1, 1, 0, 1, 1, 0, 1, 0, 0, 1, 1, 0]]",20.0,4.0,Y,"{0: 36, 1: 72, 2: 44, 3: 60, 4: 32, 5: 64, 6: 48, 7: 20, 8: 40, 9: 76, 10: 56, 11: 68, 12: 24, 13: 28, 14: 52}",Y,"{0: 36, 1: 72, 2: 44, 3: 60, 4: 32, 5: 64, 6: 48, 7: 20, 8: 40, 9: 76, 10: 56, 11: 68, 12: 24, 13: 28, 14: 52}","{(0, 2): 1, (0, 5): 20, (0, 12): 15, (1, 2): 1, (1, 3): 1, (1, 8): 25, (1, 12): 1, (1, 14): 44, (2, 3): 1, (2, 7): 1, (2, 10): 39, (2, 14): 1, (3, 8): 1, (3, 9): 1, (3, 11): 31, (3, 12): 1, (3, 13): 23, (3, 14): 1, (4, 5): 12, (4, 6): 1, (4, 8): 1, (4, 9): 14, (4, 10): 1, (4, 12): 1, (4, 13): 1, (4, 14): 1, (5, 7): 1, (5, 8): 12, (5, 9): 1, (5, 11): 17, (5, 13): 1, (6, 9): 43, (6, 10): 1, (6, 11): 1, (6, 12): 1, (6, 14): 1, (7, 11): 16, (7, 12): 1, (7, 14): 1, (8, 11): 1, (9, 10): 14, (9, 12): 1, (9, 13): 1, (9, 14): 1, (10, 11): 1, (11, 12): 1, (12, 13): 1, (12, 14): 1, (13, 14): 1}",374.07875061035156,49.0,15.0,98.0
23.0,Graph with 15 nodes and 49 edges,"[[0, 0, 0, 0, 0, 0, 1, 0, 0, 1, 1, 1, 0, 0, 1], [0, 0, 1, 0, 0, 0, 0, 0, 1, 0, 0, 0, 0, 1, 0], [0, 1, 0, 1, 1, 1, 0, 0, 1, 0, 0, 1, 0, 0, 1], [0, 0, 1, 0, 0, 1, 1, 1, 0, 1, 1, 1, 0, 1, 1], [0, 0, 1, 0, 0, 1, 1, 0, 0, 1, 0, 1, 0, 0, 0], [0, 0, 1, 1, 1, 0, 0, 0, 1, 0, 0, 0, 1, 0, 1], [1, 0, 0, 1, 1, 0, 0, 1, 1, 1, 1, 1, 0, 0, 1], [0, 0, 0, 1, 0, 0, 1, 0, 0, 0, 0, 0, 0, 1, 0], [0, 1, 1, 0, 0, 1, 1, 0, 0, 0, 0, 1, 1, 1, 1], [1, 0, 0, 1, 1, 0, 1, 0, 0, 0, 1, 1, 0, 1, 1], [1, 0, 0, 1, 0, 0, 1, 0, 0, 1, 0, 0, 1, 1, 1], [1, 0, 1, 1, 1, 0, 1, 0, 1, 1, 0, 0, 0, 0, 1], [0, 0, 0, 0, 0, 1, 0, 0, 1, 0, 1, 0, 0, 0, 1], [0, 1, 0, 1, 0, 0, 0, 1, 1, 1, 1, 0, 0, 0, 0], [1, 0, 1, 1, 0, 1, 1, 0, 1, 1, 1, 1, 1, 0, 0]]",8.0,4.0,Y,"{0: 28, 1: 16, 2: 32, 3: 60, 4: 48, 5: 20, 6: 56, 7: 36, 8: 24, 9: 8, 10: 44, 11: 40, 12: 52, 13: 12, 14: 64}",Y,"{0: 28, 1: 16, 2: 32, 3: 60, 4: 48, 5: 20, 6: 56, 7: 36, 8: 24, 9: 8, 10: 44, 11: 40, 12: 52, 13: 12, 14: 64}","{(0, 6): 1, (0, 9): 1, (0, 10): 1, (0, 11): 1, (0, 14): 24, (1, 2): 1, (1, 8): 8, (1, 13): 7, (2, 3): 1, (2, 4): 17, (2, 5): 1, (2, 8): 10, (2, 11): 1, (2, 14): 1, (3, 5): 1, (3, 6): 18, (3, 7): 34, (3, 9): 1, (3, 10): 2, (3, 11): 1, (3, 13): 1, (3, 14): 1, (4, 5): 1, (4, 6): 28, (4, 9): 1, (4, 11): 1, (5, 8): 1, (5, 12): 15, (5, 14): 1, (6, 7): 1, (6, 8): 1, (6, 9): 1, (6, 10): 3, (6, 11): 2, (6, 14): 1, (7, 13): 1, (8, 11): 1, (8, 12): 1, (8, 13): 1, (8, 14): 1, (9, 10): 1, (9, 11): 1, (9, 13): 1, (9, 14): 1, (10, 12): 35, (10, 13): 1, (10, 14): 1, (11, 14): 32, (12, 14): 1}",395.05958557128906,49.0,15.0,98.0
27.0,Graph with 15 nodes and 55 edges,"[[0, 0, 1, 0, 0, 0, 1, 0, 0, 1, 1, 1, 1, 0, 1], [0, 0, 0, 1, 0, 1, 1, 1, 1, 0, 1, 0, 1, 1, 0], [1, 0, 0, 1, 0, 0, 1, 1, 0, 0, 0, 0, 0, 0, 0], [0, 1, 1, 0, 1, 0, 0, 1, 1, 0, 1, 0, 1, 1, 1], [0, 0, 0, 1, 0, 1, 1, 0, 1, 0, 1, 0, 0, 0, 1], [0, 1, 0, 0, 1, 0, 1, 1, 0, 1, 1, 0, 1, 1, 0], [1, 1, 1, 0, 1, 1, 0, 0, 1, 0, 0, 1, 0, 0, 1], [0, 1, 1, 1, 0, 1, 0, 0, 1, 1, 1, 1, 0, 1, 0], [0, 1, 0, 1, 1, 0, 1, 1, 0, 0, 0, 0, 0, 1, 1], [1, 0, 0, 0, 0, 1, 0, 1, 0, 0, 1, 1, 0, 1, 1], [1, 1, 0, 1, 1, 1, 0, 1, 0, 1, 0, 0, 0, 1, 0], [1, 0, 0, 0, 0, 0, 1, 1, 0, 1, 0, 0, 1, 0, 1], [1, 1, 0, 1, 0, 1, 0, 0, 0, 0, 0, 1, 0, 0, 1], [0, 1, 0, 1, 0, 1, 0, 1, 1, 1, 1, 0, 0, 0, 1], [1, 0, 0, 1, 1, 0, 1, 0, 1, 1, 0, 1, 1, 1, 0]]",9.0,1.0,Y,"{0: 9, 1: 23, 2: 22, 3: 21, 4: 20, 5: 19, 6: 18, 7: 17, 8: 16, 9: 15, 10: 14, 11: 13, 12: 12, 13: 11, 14: 10}",Y,"{0: 9, 1: 23, 2: 22, 3: 21, 4: 20, 5: 19, 6: 18, 7: 17, 8: 16, 9: 15, 10: 14, 11: 13, 12: 12, 13: 11, 14: 10}","{(0, 2): 1, (0, 6): 1, (0, 9): 2, (0, 10): 1, (0, 11): 1, (0, 12): 2, (0, 14): 1, (1, 3): 1, (1, 5): 1, (1, 6): 7, (1, 7): 1, (1, 8): 7, (1, 10): 1, (1, 12): 4, (1, 13): 1, (2, 3): 13, (2, 6): 3, (2, 7): 5, (3, 4): 1, (3, 7): 1, (3, 8): 1, (3, 10): 1, (3, 12): 1, (3, 13): 1, (3, 14): 1, (4, 5): 11, (4, 6): 3, (4, 8): 1, (4, 10): 2, (4, 14): 2, (5, 6): 1, (5, 7): 1, (5, 9): 2, (5, 10): 1, (5, 12): 1, (5, 13): 1, (6, 8): 1, (6, 11): 1, (6, 14): 1, (7, 8): 1, (7, 9): 1, (7, 10): 5, (7, 11): 1, (7, 13): 1, (8, 13): 4, (8, 14): 1, (9, 10): 2, (9, 11): 6, (9, 13): 1, (9, 14): 1, (10, 13): 1, (11, 12): 3, (11, 14): 1, (12, 14): 1, (13, 14): 1}",48.160552978515625,55.0,15.0,110.0
29.0,Graph with 15 nodes and 53 edges,"[[0, 1, 1, 0, 0, 1, 1, 0, 1, 1, 1, 1, 0, 0, 1], [1, 0, 0, 1, 1, 1, 1, 0, 1, 0, 1, 0, 0, 0, 1], [1, 0, 0, 1, 1, 0, 0, 0, 0, 1, 1, 1, 1, 1, 0], [0, 1, 1, 0, 0, 1, 1, 0, 1, 1, 0, 1, 0, 1, 1], [0, 1, 1, 0, 0, 0, 0, 1, 0, 0, 0, 0, 0, 1, 0], [1, 1, 0, 1, 0, 0, 1, 1, 1, 0, 1, 1, 1, 0, 1], [1, 1, 0, 1, 0, 1, 0, 0, 0, 0, 0, 0, 0, 1, 0], [0, 0, 0, 0, 1, 1, 0, 0, 1, 0, 0, 0, 1, 0, 0], [1, 1, 0, 1, 0, 1, 0, 1, 0, 0, 0, 1, 1, 1, 1], [1, 0, 1, 1, 0, 0, 0, 0, 0, 0, 0, 0, 0, 0, 1], [1, 1, 1, 0, 0, 1, 0, 0, 0, 0, 0, 0, 0, 1, 0], [1, 0, 1, 1, 0, 1, 0, 0, 1, 0, 0, 0, 1, 1, 0], [0, 0, 1, 0, 0, 1, 0, 1, 1, 0, 0, 1, 0, 1, 1], [0, 0, 1, 1, 1, 0, 1, 0, 1, 0, 1, 1, 1, 0, 1], [1, 1, 0, 1, 0, 1, 0, 0, 1, 1, 0, 0, 1, 1, 0]]",11.0,7.0,Y,"{0: 18, 1: 25, 2: 32, 3: 39, 4: 46, 5: 53, 6: 60, 7: 67, 8: 74, 9: 81, 10: 88, 11: 95, 12: 11, 13: 102, 14: 109}",Y,"{0: 18, 1: 25, 2: 32, 3: 39, 4: 46, 5: 53, 6: 60, 7: 67, 8: 74, 9: 81, 10: 88, 11: 95, 12: 11, 13: 102, 14: 109}","{(0, 1): 1, (0, 2): 1, (0, 5): 1, (0, 6): 9, (0, 8): 1, (0, 9): 1, (0, 10): 1, (0, 11): 2, (0, 14): 1, (1, 3): 1, (1, 4): 1, (1, 5): 1, (1, 6): 18, (1, 8): 1, (1, 10): 1, (1, 14): 1, (2, 3): 1, (2, 4): 1, (2, 9): 1, (2, 10): 25, (2, 11): 1, (2, 12): 1, (2, 13): 1, (3, 5): 1, (3, 6): 31, (3, 8): 1, (3, 9): 1, (3, 11): 1, (3, 13): 1, (3, 14): 1, (4, 7): 43, (4, 13): 1, (5, 6): 1, (5, 7): 1, (5, 8): 8, (5, 10): 37, (5, 11): 1, (5, 12): 1, (5, 14): 1, (6, 13): 1, (7, 8): 18, (7, 12): 5, (8, 11): 18, (8, 12): 1, (8, 13): 1, (8, 14): 25, (9, 14): 78, (10, 13): 24, (11, 12): 1, (11, 13): 71, (12, 13): 1, (12, 14): 1, (13, 14): 1}",1001.1196136474609,53.0,15.0,106.0
30.0,Graph with 15 nodes and 52 edges,"[[0, 1, 1, 1, 0, 1, 1, 0, 0, 0, 1, 0, 0, 0, 0], [1, 0, 1, 0, 1, 1, 0, 0, 0, 1, 1, 0, 1, 0, 0], [1, 1, 0, 0, 1, 0, 0, 1, 1, 1, 0, 0, 1, 0, 1], [1, 0, 0, 0, 1, 0, 1, 1, 0, 1, 0, 0, 1, 1, 0], [0, 1, 1, 1, 0, 0, 1, 1, 1, 0, 0, 1, 0, 0, 1], [1, 1, 0, 0, 0, 0, 0, 0, 0, 0, 0, 0, 1, 0, 0], [1, 0, 0, 1, 1, 0, 0, 0, 1, 1, 0, 1, 0, 0, 1], [0, 0, 1, 1, 1, 0, 0, 0, 0, 1, 1, 0, 1, 1, 1], [0, 0, 1, 0, 1, 0, 1, 0, 0, 1, 0, 1, 1, 0, 1], [0, 1, 1, 1, 0, 0, 1, 1, 1, 0, 0, 1, 1, 0, 1], [1, 1, 0, 0, 0, 0, 0, 1, 0, 0, 0, 1, 0, 1, 1], [0, 0, 0, 0, 1, 0, 1, 0, 1, 1, 1, 0, 1, 0, 1], [0, 1, 1, 1, 0, 1, 0, 1, 1, 1, 0, 1, 0, 0, 1], [0, 0, 0, 1, 0, 0, 0, 1, 0, 0, 1, 0, 0, 0, 0], [0, 0, 1, 0, 1, 0, 1, 1, 1, 1, 1, 1, 1, 0, 0]]",28.0,6.0,Y,"{0: 76, 1: 58, 2: 88, 3: 64, 4: 46, 5: 52, 6: 40, 7: 106, 8: 82, 9: 112, 10: 70, 11: 28, 12: 94, 13: 34, 14: 100}",Y,"{0: 76, 1: 58, 2: 88, 3: 64, 4: 46, 5: 52, 6: 40, 7: 106, 8: 82, 9: 112, 10: 70, 11: 28, 12: 94, 13: 34, 14: 100}","{(0, 1): 1, (0, 2): 32, (0, 3): 1, (0, 5): 13, (0, 6): 1, (0, 10): 28, (1, 2): 1, (1, 4): 9, (1, 5): 38, (1, 9): 5, (1, 10): 3, (1, 12): 1, (2, 4): 31, (2, 7): 1, (2, 8): 5, (2, 9): 1, (2, 12): 5, (2, 14): 12, (3, 4): 1, (3, 6): 1, (3, 7): 44, (3, 9): 11, (3, 12): 1, (3, 13): 5, (4, 6): 1, (4, 7): 1, (4, 8): 1, (4, 11): 1, (4, 14): 1, (5, 12): 1, (6, 8): 30, (6, 9): 1, (6, 11): 1, (6, 14): 5, (7, 9): 1, (7, 10): 13, (7, 12): 32, (7, 13): 13, (7, 14): 1, (8, 9): 5, (8, 11): 1, (8, 12): 39, (8, 14): 1, (9, 11): 10, (9, 12): 5, (9, 14): 73, (10, 11): 5, (10, 13): 16, (10, 14): 5, (11, 12): 9, (11, 14): 1, (12, 14): 1}",61.03515625,52.0,15.0,104.0
32.0,Graph with 15 nodes and 53 edges,"[[0, 1, 0, 1, 1, 1, 0, 0, 0, 1, 0, 0, 1, 1, 1], [1, 0, 1, 0, 0, 0, 1, 0, 0, 1, 1, 1, 1, 1, 0], [0, 1, 0, 0, 1, 0, 1, 0, 1, 0, 1, 1, 0, 0, 1], [1, 0, 0, 0, 1, 1, 1, 1, 1, 0, 0, 0, 0, 1, 1], [1, 0, 1, 1, 0, 1, 0, 1, 0, 1, 0, 0, 0, 1, 0], [1, 0, 0, 1, 1, 0, 0, 0, 0, 1, 0, 0, 0, 1, 0], [0, 1, 1, 1, 0, 0, 0, 0, 0, 1, 1, 1, 1, 0, 1], [0, 0, 0, 1, 1, 0, 0, 0, 1, 0, 1, 1, 0, 1, 0], [0, 0, 1, 1, 0, 0, 0, 1, 0, 1, 1, 0, 0, 1, 0], [1, 1, 0, 0, 1, 1, 1, 0, 1, 0, 1, 1, 1, 0, 1], [0, 1, 1, 0, 0, 0, 1, 1, 1, 1, 0, 0, 1, 0, 0], [0, 1, 1, 0, 0, 0, 1, 1, 0, 1, 0, 0, 1, 0, 1], [1, 1, 0, 0, 0, 0, 1, 0, 0, 1, 1, 1, 0, 0, 0], [1, 1, 0, 1, 1, 1, 0, 1, 1, 0, 0, 0, 0, 0, 0], [1, 0, 1, 1, 0, 0, 1, 0, 0, 1, 0, 1, 0, 0, 0]]",15.0,7.0,Y,"{0: 15, 1: 113, 2: 106, 3: 99, 4: 92, 5: 85, 6: 78, 7: 71, 8: 64, 9: 57, 10: 50, 11: 43, 12: 36, 13: 29, 14: 22}",Y,"{0: 15, 1: 113, 2: 106, 3: 99, 4: 92, 5: 85, 6: 78, 7: 71, 8: 64, 9: 57, 10: 50, 11: 43, 12: 36, 13: 29, 14: 22}","{(0, 1): 1, (0, 3): 4, (0, 4): 1, (0, 5): 3, (0, 9): 3, (0, 12): 1, (0, 13): 1, (0, 14): 1, (1, 2): 86, (1, 6): 14, (1, 9): 1, (1, 10): 3, (1, 11): 1, (1, 12): 1, (1, 13): 6, (2, 4): 7, (2, 6): 1, (2, 8): 1, (2, 10): 1, (2, 11): 6, (2, 14): 4, (3, 4): 2, (3, 5): 2, (3, 6): 1, (3, 7): 17, (3, 8): 55, (3, 13): 13, (3, 14): 5, (4, 5): 71, (4, 7): 1, (4, 9): 9, (4, 13): 1, (5, 9): 8, (5, 13): 1, (6, 9): 21, (6, 10): 8, (6, 11): 1, (6, 12): 31, (6, 14): 1, (7, 8): 1, (7, 10): 27, (7, 11): 22, (7, 13): 3, (8, 9): 1, (8, 10): 2, (8, 13): 4, (9, 10): 8, (9, 11): 3, (9, 12): 1, (9, 14): 2, (10, 12): 1, (11, 12): 1, (11, 14): 9}",56.02836608886719,53.0,15.0,106.0
32.0,Graph with 15 nodes and 53 edges,"[[0, 1, 0, 1, 1, 1, 0, 0, 0, 1, 0, 0, 1, 1, 1], [1, 0, 1, 0, 0, 0, 1, 0, 0, 1, 1, 1, 1, 1, 0], [0, 1, 0, 0, 1, 0, 1, 0, 1, 0, 1, 1, 0, 0, 1], [1, 0, 0, 0, 1, 1, 1, 1, 1, 0, 0, 0, 0, 1, 1], [1, 0, 1, 1, 0, 1, 0, 1, 0, 1, 0, 0, 0, 1, 0], [1, 0, 0, 1, 1, 0, 0, 0, 0, 1, 0, 0, 0, 1, 0], [0, 1, 1, 1, 0, 0, 0, 0, 0, 1, 1, 1, 1, 0, 1], [0, 0, 0, 1, 1, 0, 0, 0, 1, 0, 1, 1, 0, 1, 0], [0, 0, 1, 1, 0, 0, 0, 1, 0, 1, 1, 0, 0, 1, 0], [1, 1, 0, 0, 1, 1, 1, 0, 1, 0, 1, 1, 1, 0, 1], [0, 1, 1, 0, 0, 0, 1, 1, 1, 1, 0, 0, 1, 0, 0], [0, 1, 1, 0, 0, 0, 1, 1, 0, 1, 0, 0, 1, 0, 1], [1, 1, 0, 0, 0, 0, 1, 0, 0, 1, 1, 1, 0, 0, 0], [1, 1, 0, 1, 1, 1, 0, 1, 1, 0, 0, 0, 0, 0, 0], [1, 0, 1, 1, 0, 0, 1, 0, 0, 1, 0, 1, 0, 0, 0]]",16.0,8.0,Y,"{0: 16, 1: 128, 2: 120, 3: 112, 4: 104, 5: 96, 6: 88, 7: 80, 8: 72, 9: 64, 10: 56, 11: 48, 12: 40, 13: 32, 14: 24}",Y,"{0: 16, 1: 128, 2: 120, 3: 112, 4: 104, 5: 96, 6: 88, 7: 80, 8: 72, 9: 64, 10: 56, 11: 48, 12: 40, 13: 32, 14: 24}","{(0, 1): 9, (0, 3): 1, (0, 4): 1, (0, 5): 1, (0, 9): 1, (0, 12): 1, (0, 13): 1, (0, 14): 1, (1, 2): 1, (1, 6): 1, (1, 9): 1, (1, 10): 13, (1, 11): 42, (1, 12): 35, (1, 13): 26, (2, 4): 1, (2, 6): 1, (2, 8): 59, (2, 10): 38, (2, 11): 1, (2, 14): 19, (3, 4): 1, (3, 5): 1, (3, 6): 28, (3, 7): 70, (3, 8): 9, (3, 13): 1, (3, 14): 1, (4, 5): 92, (4, 7): 6, (4, 9): 2, (4, 13): 1, (5, 9): 1, (5, 13): 1, (6, 9): 54, (6, 10): 1, (6, 11): 1, (6, 12): 1, (6, 14): 1, (7, 8): 1, (7, 10): 1, (7, 11): 1, (7, 13): 1, (8, 9): 1, (8, 10): 1, (8, 13): 1, (9, 10): 1, (9, 11): 1, (9, 12): 1, (9, 14): 1, (10, 12): 1, (11, 12): 1, (11, 14): 1}",370.97930908203125,53.0,15.0,106.0
32.0,Graph with 15 nodes and 53 edges,"[[0, 1, 0, 1, 1, 1, 0, 0, 0, 1, 0, 0, 1, 1, 1], [1, 0, 1, 0, 0, 0, 1, 0, 0, 1, 1, 1, 1, 1, 0], [0, 1, 0, 0, 1, 0, 1, 0, 1, 0, 1, 1, 0, 0, 1], [1, 0, 0, 0, 1, 1, 1, 1, 1, 0, 0, 0, 0, 1, 1], [1, 0, 1, 1, 0, 1, 0, 1, 0, 1, 0, 0, 0, 1, 0], [1, 0, 0, 1, 1, 0, 0, 0, 0, 1, 0, 0, 0, 1, 0], [0, 1, 1, 1, 0, 0, 0, 0, 0, 1, 1, 1, 1, 0, 1], [0, 0, 0, 1, 1, 0, 0, 0, 1, 0, 1, 1, 0, 1, 0], [0, 0, 1, 1, 0, 0, 0, 1, 0, 1, 1, 0, 0, 1, 0], [1, 1, 0, 0, 1, 1, 1, 0, 1, 0, 1, 1, 1, 0, 1], [0, 1, 1, 0, 0, 0, 1, 1, 1, 1, 0, 0, 1, 0, 0], [0, 1, 1, 0, 0, 0, 1, 1, 0, 1, 0, 0, 1, 0, 1], [1, 1, 0, 0, 0, 0, 1, 0, 0, 1, 1, 1, 0, 0, 0], [1, 1, 0, 1, 1, 1, 0, 1, 1, 0, 0, 0, 0, 0, 0], [1, 0, 1, 1, 0, 0, 1, 0, 0, 1, 0, 1, 0, 0, 0]]",17.0,1.0,Y,"{0: 31, 1: 30, 2: 29, 3: 28, 4: 27, 5: 26, 6: 25, 7: 24, 8: 23, 9: 22, 10: 21, 11: 20, 12: 19, 13: 18, 14: 17}",Y,"{0: 31, 1: 30, 2: 29, 3: 28, 4: 27, 5: 26, 6: 25, 7: 24, 8: 23, 9: 22, 10: 21, 11: 20, 12: 19, 13: 18, 14: 17}","{(0, 1): 1, (0, 3): 3, (0, 4): 9, (0, 5): 12, (0, 9): 1, (0, 12): 1, (0, 13): 3, (0, 14): 1, (1, 2): 3, (1, 6): 1, (1, 9): 9, (1, 10): 3, (1, 11): 3, (1, 12): 5, (1, 13): 5, (2, 4): 6, (2, 6): 5, (2, 8): 5, (2, 10): 1, (2, 11): 1, (2, 14): 8, (3, 4): 3, (3, 5): 8, (3, 6): 1, (3, 7): 3, (3, 8): 7, (3, 13): 1, (3, 14): 2, (4, 5): 1, (4, 7): 3, (4, 9): 2, (4, 13): 3, (5, 9): 1, (5, 13): 4, (6, 9): 1, (6, 10): 1, (6, 11): 7, (6, 12): 5, (6, 14): 4, (7, 8): 7, (7, 10): 8, (7, 11): 2, (7, 13): 1, (8, 9): 1, (8, 10): 2, (8, 13): 1, (9, 10): 1, (9, 11): 4, (9, 12): 1, (9, 14): 1, (10, 12): 5, (11, 12): 2, (11, 14): 1}",81.06231689453125,53.0,15.0,106.0
33.0,Graph with 15 nodes and 53 edges,"[[0, 0, 1, 0, 1, 0, 1, 0, 1, 1, 0, 0, 0, 1, 1], [0, 0, 1, 0, 1, 0, 1, 0, 0, 1, 0, 1, 0, 0, 1], [1, 1, 0, 0, 1, 0, 1, 1, 0, 1, 1, 0, 0, 1, 0], [0, 0, 0, 0, 0, 1, 0, 1, 0, 0, 1, 0, 0, 1, 1], [1, 1, 1, 0, 0, 0, 1, 0, 1, 1, 0, 0, 0, 1, 1], [0, 0, 0, 1, 0, 0, 1, 0, 1, 1, 0, 0, 1, 1, 0], [1, 1, 1, 0, 1, 1, 0, 1, 0, 1, 0, 0, 0, 1, 1], [0, 0, 1, 1, 0, 0, 1, 0, 1, 0, 1, 1, 1, 1, 1], [1, 0, 0, 0, 1, 1, 0, 1, 0, 0, 1, 0, 0, 1, 0], [1, 1, 1, 0, 1, 1, 1, 0, 0, 0, 0, 1, 0, 1, 1], [0, 0, 1, 1, 0, 0, 0, 1, 1, 0, 0, 1, 1, 0, 1], [0, 1, 0, 0, 0, 0, 0, 1, 0, 1, 1, 0, 0, 1, 0], [0, 0, 0, 0, 0, 1, 0, 1, 0, 0, 1, 0, 0, 0, 0], [1, 0, 1, 1, 1, 1, 1, 1, 1, 1, 0, 1, 0, 0, 0], [1, 1, 0, 1, 1, 0, 1, 1, 0, 1, 1, 0, 0, 0, 0]]",9.0,7.0,Y,"{0: 16, 1: 23, 2: 30, 3: 37, 4: 44, 5: 51, 6: 58, 7: 65, 8: 72, 9: 79, 10: 86, 11: 93, 12: 100, 13: 107, 14: 9}",Y,"{0: 16, 1: 23, 2: 30, 3: 37, 4: 44, 5: 51, 6: 58, 7: 65, 8: 72, 9: 79, 10: 86, 11: 93, 12: 100, 13: 107, 14: 9}","{(0, 2): 3, (0, 4): 2, (0, 6): 1, (0, 8): 1, (0, 9): 7, (0, 13): 1, (0, 14): 1, (1, 2): 1, (1, 4): 1, (1, 6): 1, (1, 9): 16, (1, 11): 3, (1, 14): 1, (2, 4): 1, (2, 6): 1, (2, 7): 1, (2, 9): 4, (2, 10): 1, (2, 13): 18, (3, 5): 21, (3, 7): 1, (3, 10): 2, (3, 13): 11, (3, 14): 2, (4, 6): 3, (4, 8): 30, (4, 9): 3, (4, 13): 3, (4, 14): 1, (5, 6): 9, (5, 8): 1, (5, 9): 1, (5, 12): 18, (5, 13): 1, (6, 7): 1, (6, 9): 12, (6, 13): 29, (6, 14): 1, (7, 8): 3, (7, 10): 1, (7, 11): 1, (7, 12): 55, (7, 13): 1, (7, 14): 1, (8, 10): 13, (8, 13): 24, (9, 11): 32, (9, 13): 3, (9, 14): 1, (10, 11): 41, (10, 12): 27, (10, 14): 1, (11, 13): 16}",64.13459777832031,53.0,15.0,106.0
33.0,Graph with 15 nodes and 53 edges,"[[0, 0, 1, 0, 1, 0, 1, 0, 1, 1, 0, 0, 0, 1, 1], [0, 0, 1, 0, 1, 0, 1, 0, 0, 1, 0, 1, 0, 0, 1], [1, 1, 0, 0, 1, 0, 1, 1, 0, 1, 1, 0, 0, 1, 0], [0, 0, 0, 0, 0, 1, 0, 1, 0, 0, 1, 0, 0, 1, 1], [1, 1, 1, 0, 0, 0, 1, 0, 1, 1, 0, 0, 0, 1, 1], [0, 0, 0, 1, 0, 0, 1, 0, 1, 1, 0, 0, 1, 1, 0], [1, 1, 1, 0, 1, 1, 0, 1, 0, 1, 0, 0, 0, 1, 1], [0, 0, 1, 1, 0, 0, 1, 0, 1, 0, 1, 1, 1, 1, 1], [1, 0, 0, 0, 1, 1, 0, 1, 0, 0, 1, 0, 0, 1, 0], [1, 1, 1, 0, 1, 1, 1, 0, 0, 0, 0, 1, 0, 1, 1], [0, 0, 1, 1, 0, 0, 0, 1, 1, 0, 0, 1, 1, 0, 1], [0, 1, 0, 0, 0, 0, 0, 1, 0, 1, 1, 0, 0, 1, 0], [0, 0, 0, 0, 0, 1, 0, 1, 0, 0, 1, 0, 0, 0, 0], [1, 0, 1, 1, 1, 1, 1, 1, 1, 1, 0, 1, 0, 0, 0], [1, 1, 0, 1, 1, 0, 1, 1, 0, 1, 1, 0, 0, 0, 0]]",15.0,1.0,Y,"{0: 28, 1: 29, 2: 22, 3: 18, 4: 15, 5: 19, 6: 20, 7: 21, 8: 27, 9: 25, 10: 23, 11: 16, 12: 17, 13: 26, 14: 24}",Y,"{0: 28, 1: 29, 2: 22, 3: 18, 4: 15, 5: 19, 6: 20, 7: 21, 8: 27, 9: 25, 10: 23, 11: 16, 12: 17, 13: 26, 14: 24}","{(0, 2): 7, (0, 4): 1, (0, 6): 3, (0, 8): 6, (0, 9): 8, (0, 13): 2, (0, 14): 1, (1, 2): 1, (1, 4): 3, (1, 6): 1, (1, 9): 1, (1, 11): 11, (1, 14): 12, (2, 4): 1, (2, 6): 1, (2, 7): 1, (2, 9): 3, (2, 10): 3, (2, 13): 5, (3, 5): 6, (3, 7): 1, (3, 10): 7, (3, 13): 3, (3, 14): 1, (4, 6): 1, (4, 8): 6, (4, 9): 1, (4, 13): 1, (4, 14): 1, (5, 6): 4, (5, 8): 2, (5, 9): 5, (5, 12): 1, (5, 13): 1, (6, 7): 1, (6, 9): 1, (6, 13): 3, (6, 14): 5, (7, 8): 3, (7, 10): 1, (7, 11): 1, (7, 12): 11, (7, 13): 1, (7, 14): 1, (8, 10): 5, (8, 13): 5, (9, 11): 1, (9, 13): 3, (9, 14): 2, (10, 11): 1, (10, 12): 5, (10, 14): 1, (11, 13): 2}",94.17533874511719,53.0,15.0,106.0
36.0,Graph with 15 nodes and 49 edges,"[[0, 1, 1, 1, 0, 0, 0, 1, 0, 1, 0, 1, 0, 0, 0], [1, 0, 0, 1, 1, 0, 0, 0, 1, 0, 1, 1, 0, 1, 0], [1, 0, 0, 0, 0, 0, 0, 0, 1, 0, 0, 0, 0, 0, 1], [1, 1, 0, 0, 0, 1, 1, 0, 1, 0, 0, 0, 0, 0, 1], [0, 1, 0, 0, 0, 0, 0, 1, 0, 1, 1, 0, 1, 1, 0], [0, 0, 0, 1, 0, 0, 0, 1, 1, 0, 1, 1, 0, 0, 0], [0, 0, 0, 1, 0, 0, 0, 0, 1, 1, 1, 1, 1, 1, 1], [1, 0, 0, 0, 1, 1, 0, 0, 1, 1, 1, 1, 0, 0, 0], [0, 1, 1, 1, 0, 1, 1, 1, 0, 1, 0, 0, 1, 0, 0], [1, 0, 0, 0, 1, 0, 1, 1, 1, 0, 1, 1, 0, 1, 1], [0, 1, 0, 0, 1, 1, 1, 1, 0, 1, 0, 0, 1, 1, 1], [1, 1, 0, 0, 0, 1, 1, 1, 0, 1, 0, 0, 1, 0, 1], [0, 0, 0, 0, 1, 0, 1, 0, 1, 0, 1, 1, 0, 0, 0], [0, 1, 0, 0, 1, 0, 1, 0, 0, 1, 1, 0, 0, 0, 0], [0, 0, 1, 1, 0, 0, 1, 0, 0, 1, 1, 1, 0, 0, 0]]",14.0,8.0,Y,"{0: 22, 1: 30, 2: 38, 3: 46, 4: 54, 5: 62, 6: 70, 7: 78, 8: 86, 9: 94, 10: 102, 11: 110, 12: 118, 13: 126, 14: 14}",Y,"{0: 22, 1: 30, 2: 38, 3: 46, 4: 54, 5: 62, 6: 70, 7: 78, 8: 86, 9: 94, 10: 102, 11: 110, 12: 118, 13: 126, 14: 14}","{(0, 1): 17, (0, 2): 1, (0, 3): 1, (0, 7): 1, (0, 9): 1, (0, 11): 1, (1, 3): 8, (1, 4): 1, (1, 8): 1, (1, 10): 1, (1, 11): 1, (1, 13): 1, (2, 8): 28, (2, 14): 9, (3, 5): 34, (3, 6): 1, (3, 8): 1, (3, 14): 1, (4, 7): 49, (4, 9): 1, (4, 10): 1, (4, 12): 1, (4, 13): 1, (5, 7): 24, (5, 8): 2, (5, 10): 1, (5, 11): 1, (6, 8): 51, (6, 9): 13, (6, 10): 1, (6, 11): 1, (6, 12): 1, (6, 13): 1, (6, 14): 1, (7, 8): 1, (7, 9): 1, (7, 10): 1, (7, 11): 1, (8, 9): 1, (8, 12): 1, (9, 10): 18, (9, 11): 1, (9, 13): 57, (9, 14): 1, (10, 12): 12, (10, 13): 66, (10, 14): 1, (11, 12): 103, (11, 14): 1}",844.9554443359375,49.0,15.0,98.0
36.0,Graph with 15 nodes and 49 edges,"[[0, 1, 1, 1, 0, 0, 0, 1, 0, 1, 0, 1, 0, 0, 0], [1, 0, 0, 1, 1, 0, 0, 0, 1, 0, 1, 1, 0, 1, 0], [1, 0, 0, 0, 0, 0, 0, 0, 1, 0, 0, 0, 0, 0, 1], [1, 1, 0, 0, 0, 1, 1, 0, 1, 0, 0, 0, 0, 0, 1], [0, 1, 0, 0, 0, 0, 0, 1, 0, 1, 1, 0, 1, 1, 0], [0, 0, 0, 1, 0, 0, 0, 1, 1, 0, 1, 1, 0, 0, 0], [0, 0, 0, 1, 0, 0, 0, 0, 1, 1, 1, 1, 1, 1, 1], [1, 0, 0, 0, 1, 1, 0, 0, 1, 1, 1, 1, 0, 0, 0], [0, 1, 1, 1, 0, 1, 1, 1, 0, 1, 0, 0, 1, 0, 0], [1, 0, 0, 0, 1, 0, 1, 1, 1, 0, 1, 1, 0, 1, 1], [0, 1, 0, 0, 1, 1, 1, 1, 0, 1, 0, 0, 1, 1, 1], [1, 1, 0, 0, 0, 1, 1, 1, 0, 1, 0, 0, 1, 0, 1], [0, 0, 0, 0, 1, 0, 1, 0, 1, 0, 1, 1, 0, 0, 0], [0, 1, 0, 0, 1, 0, 1, 0, 0, 1, 1, 0, 0, 0, 0], [0, 0, 1, 1, 0, 0, 1, 0, 0, 1, 1, 1, 0, 0, 0]]",18.0,8.0,Y,"{0: 130, 1: 122, 2: 114, 3: 106, 4: 98, 5: 90, 6: 82, 7: 74, 8: 66, 9: 58, 10: 50, 11: 42, 12: 34, 13: 26, 14: 18}",Y,"{0: 130, 1: 122, 2: 114, 3: 106, 4: 98, 5: 90, 6: 82, 7: 74, 8: 66, 9: 58, 10: 50, 11: 42, 12: 34, 13: 26, 14: 18}","{(0, 1): 26, (0, 2): 100, (0, 3): 1, (0, 7): 1, (0, 9): 1, (0, 11): 1, (1, 3): 57, (1, 4): 1, (1, 8): 1, (1, 10): 1, (1, 11): 35, (1, 13): 1, (2, 8): 1, (2, 14): 13, (3, 5): 16, (3, 6): 1, (3, 8): 30, (3, 14): 1, (4, 7): 68, (4, 9): 5, (4, 10): 1, (4, 12): 1, (4, 13): 22, (5, 7): 1, (5, 8): 30, (5, 10): 42, (5, 11): 1, (6, 8): 1, (6, 9): 46, (6, 10): 1, (6, 11): 1, (6, 12): 30, (6, 13): 1, (6, 14): 1, (7, 8): 1, (7, 9): 1, (7, 10): 1, (7, 11): 1, (8, 9): 1, (8, 12): 1, (9, 10): 1, (9, 11): 1, (9, 13): 1, (9, 14): 1, (10, 12): 1, (10, 13): 1, (10, 14): 1, (11, 12): 1, (11, 14): 1}",794.1722869873047,49.0,15.0,98.0
37.0,Graph with 15 nodes and 60 edges,"[[0, 1, 1, 1, 0, 1, 0, 0, 0, 0, 1, 1, 1, 0, 0], [1, 0, 1, 0, 1, 0, 1, 0, 0, 0, 1, 1, 1, 1, 1], [1, 1, 0, 0, 1, 1, 1, 1, 0, 1, 0, 0, 1, 0, 1], [1, 0, 0, 0, 1, 0, 1, 0, 1, 1, 1, 0, 1, 0, 0], [0, 1, 1, 1, 0, 0, 0, 0, 0, 1, 1, 1, 0, 0, 1], [1, 0, 1, 0, 0, 0, 1, 1, 1, 1, 1, 1, 1, 1, 1], [0, 1, 1, 1, 0, 1, 0, 0, 0, 0, 1, 1, 1, 1, 0], [0, 0, 1, 0, 0, 1, 0, 0, 1, 1, 1, 0, 0, 1, 0], [0, 0, 0, 1, 0, 1, 0, 1, 0, 1, 1, 0, 0, 1, 0], [0, 0, 1, 1, 1, 1, 0, 1, 1, 0, 1, 0, 1, 0, 0], [1, 1, 0, 1, 1, 1, 1, 1, 1, 1, 0, 1, 1, 1, 0], [1, 1, 0, 0, 1, 1, 1, 0, 0, 0, 1, 0, 1, 0, 0], [1, 1, 1, 1, 0, 1, 1, 0, 0, 1, 1, 1, 0, 1, 1], [0, 1, 0, 0, 0, 1, 1, 1, 1, 0, 1, 0, 1, 0, 0], [0, 1, 1, 0, 1, 1, 0, 0, 0, 0, 0, 0, 1, 0, 0]]",9.0,9.0,Y,"{0: 18, 1: 27, 2: 36, 3: 45, 4: 54, 5: 63, 6: 72, 7: 81, 8: 90, 9: 99, 10: 108, 11: 117, 12: 126, 13: 135, 14: 9}",Y,"{0: 18, 1: 27, 2: 36, 3: 45, 4: 54, 5: 63, 6: 72, 7: 81, 8: 90, 9: 99, 10: 108, 11: 117, 12: 126, 13: 135, 14: 9}","{(0, 1): 1, (0, 2): 1, (0, 3): 1, (0, 5): 1, (0, 10): 1, (0, 11): 7, (0, 12): 6, (1, 2): 1, (1, 4): 1, (1, 6): 1, (1, 10): 1, (1, 11): 1, (1, 12): 1, (1, 13): 19, (1, 14): 1, (2, 4): 1, (2, 5): 1, (2, 6): 4, (2, 7): 22, (2, 9): 1, (2, 12): 4, (2, 14): 1, (3, 4): 1, (3, 6): 7, (3, 8): 1, (3, 9): 33, (3, 10): 1, (3, 12): 1, (4, 9): 39, (4, 10): 1, (4, 11): 10, (4, 14): 1, (5, 6): 1, (5, 7): 1, (5, 8): 49, (5, 9): 1, (5, 10): 5, (5, 11): 1, (5, 12): 1, (5, 13): 1, (5, 14): 1, (6, 10): 1, (6, 11): 23, (6, 12): 31, (6, 13): 4, (7, 8): 28, (7, 9): 16, (7, 10): 1, (7, 13): 13, (8, 9): 1, (8, 10): 1, (8, 13): 10, (9, 10): 7, (9, 12): 1, (10, 11): 1, (10, 12): 1, (10, 13): 87, (11, 12): 74, (12, 13): 1, (12, 14): 5}",40.0543212890625,60.0,15.0,120.0
39.0,Graph with 15 nodes and 56 edges,"[[0, 1, 1, 0, 1, 0, 0, 1, 1, 1, 0, 0, 1, 0, 0], [1, 0, 1, 0, 1, 1, 1, 1, 0, 0, 0, 1, 0, 1, 0], [1, 1, 0, 1, 1, 0, 1, 0, 1, 1, 0, 1, 1, 0, 1], [0, 0, 1, 0, 1, 1, 1, 1, 0, 0, 0, 0, 1, 0, 1], [1, 1, 1, 1, 0, 0, 0, 1, 0, 1, 1, 0, 1, 1, 1], [0, 1, 0, 1, 0, 0, 0, 0, 1, 0, 0, 0, 0, 1, 1], [0, 1, 1, 1, 0, 0, 0, 0, 0, 1, 0, 0, 0, 1, 1], [1, 1, 0, 1, 1, 0, 0, 0, 1, 1, 0, 1, 0, 0, 0], [1, 0, 1, 0, 0, 1, 0, 1, 0, 1, 1, 0, 0, 1, 1], [1, 0, 1, 0, 1, 0, 1, 1, 1, 0, 0, 1, 1, 0, 1], [0, 0, 0, 0, 1, 0, 0, 0, 1, 0, 0, 1, 1, 0, 1], [0, 1, 1, 0, 0, 0, 0, 1, 0, 1, 1, 0, 1, 0, 0], [1, 0, 1, 1, 1, 0, 0, 0, 0, 1, 1, 1, 0, 1, 1], [0, 1, 0, 0, 1, 1, 1, 0, 1, 0, 0, 0, 1, 0, 0], [0, 0, 1, 1, 1, 1, 1, 0, 1, 1, 1, 0, 1, 0, 0]]",9.0,1.0,Y,"{0: 10, 1: 11, 2: 12, 3: 13, 4: 14, 5: 15, 6: 16, 7: 17, 8: 18, 9: 19, 10: 20, 11: 21, 12: 22, 13: 23, 14: 9}",Y,"{0: 10, 1: 11, 2: 12, 3: 13, 4: 14, 5: 15, 6: 16, 7: 17, 8: 18, 9: 19, 10: 20, 11: 21, 12: 22, 13: 23, 14: 9}","{(0, 1): 1, (0, 2): 1, (0, 4): 1, (0, 7): 4, (0, 8): 1, (0, 9): 1, (0, 12): 1, (1, 2): 1, (1, 4): 1, (1, 5): 4, (1, 6): 1, (1, 7): 1, (1, 11): 1, (1, 13): 1, (2, 3): 1, (2, 4): 1, (2, 6): 2, (2, 8): 1, (2, 9): 2, (2, 11): 1, (2, 12): 1, (2, 14): 1, (3, 4): 1, (3, 5): 5, (3, 6): 1, (3, 7): 3, (3, 12): 1, (3, 14): 1, (4, 7): 1, (4, 9): 1, (4, 10): 5, (4, 12): 1, (4, 13): 1, (4, 14): 1, (5, 8): 1, (5, 13): 4, (5, 14): 1, (6, 9): 5, (6, 13): 6, (6, 14): 1, (7, 8): 1, (7, 9): 6, (7, 11): 1, (8, 9): 1, (8, 10): 6, (8, 13): 6, (8, 14): 1, (9, 11): 1, (9, 12): 1, (9, 14): 1, (10, 11): 7, (10, 12): 1, (10, 14): 1, (11, 12): 10, (12, 13): 5, (12, 14): 1}",40.0543212890625,56.0,15.0,112.0
39.0,Graph with 15 nodes and 56 edges,"[[0, 1, 1, 0, 1, 0, 0, 1, 1, 1, 0, 0, 1, 0, 0], [1, 0, 1, 0, 1, 1, 1, 1, 0, 0, 0, 1, 0, 1, 0], [1, 1, 0, 1, 1, 0, 1, 0, 1, 1, 0, 1, 1, 0, 1], [0, 0, 1, 0, 1, 1, 1, 1, 0, 0, 0, 0, 1, 0, 1], [1, 1, 1, 1, 0, 0, 0, 1, 0, 1, 1, 0, 1, 1, 1], [0, 1, 0, 1, 0, 0, 0, 0, 1, 0, 0, 0, 0, 1, 1], [0, 1, 1, 1, 0, 0, 0, 0, 0, 1, 0, 0, 0, 1, 1], [1, 1, 0, 1, 1, 0, 0, 0, 1, 1, 0, 1, 0, 0, 0], [1, 0, 1, 0, 0, 1, 0, 1, 0, 1, 1, 0, 0, 1, 1], [1, 0, 1, 0, 1, 0, 1, 1, 1, 0, 0, 1, 1, 0, 1], [0, 0, 0, 0, 1, 0, 0, 0, 1, 0, 0, 1, 1, 0, 1], [0, 1, 1, 0, 0, 0, 0, 1, 0, 1, 1, 0, 1, 0, 0], [1, 0, 1, 1, 1, 0, 0, 0, 0, 1, 1, 1, 0, 1, 1], [0, 1, 0, 0, 1, 1, 1, 0, 1, 0, 0, 0, 1, 0, 0], [0, 0, 1, 1, 1, 1, 1, 0, 1, 1, 1, 0, 1, 0, 0]]",12.0,6.0,Y,"{0: 18, 1: 24, 2: 30, 3: 36, 4: 42, 5: 48, 6: 54, 7: 60, 8: 66, 9: 72, 10: 78, 11: 84, 12: 90, 13: 96, 14: 12}",Y,"{0: 18, 1: 24, 2: 30, 3: 36, 4: 42, 5: 48, 6: 54, 7: 60, 8: 66, 9: 72, 10: 78, 11: 84, 12: 90, 13: 96, 14: 12}","{(0, 1): 1, (0, 2): 1, (0, 4): 1, (0, 7): 1, (0, 8): 1, (0, 9): 1, (0, 12): 12, (1, 2): 1, (1, 4): 1, (1, 5): 1, (1, 6): 1, (1, 7): 1, (1, 11): 1, (1, 13): 17, (2, 3): 1, (2, 4): 1, (2, 6): 1, (2, 8): 1, (2, 9): 1, (2, 11): 1, (2, 12): 21, (2, 14): 1, (3, 4): 1, (3, 5): 1, (3, 6): 30, (3, 7): 1, (3, 12): 1, (3, 14): 1, (4, 7): 1, (4, 9): 1, (4, 10): 11, (4, 12): 1, (4, 13): 23, (4, 14): 1, (5, 8): 11, (5, 13): 34, (5, 14): 1, (6, 9): 1, (6, 13): 20, (6, 14): 1, (7, 8): 36, (7, 9): 1, (7, 11): 19, (8, 9): 14, (8, 10): 1, (8, 13): 1, (8, 14): 1, (9, 11): 1, (9, 12): 51, (9, 14): 1, (10, 11): 61, (10, 12): 1, (10, 14): 4, (11, 12): 1, (12, 13): 1, (12, 14): 1}",1082.1819305419922,56.0,15.0,112.0
40.0,Graph with 15 nodes and 56 edges,"[[0, 1, 1, 1, 0, 0, 0, 0, 1, 0, 1, 1, 0, 1, 1], [1, 0, 1, 0, 0, 1, 1, 1, 0, 1, 0, 0, 1, 1, 0], [1, 1, 0, 1, 1, 0, 1, 1, 1, 1, 1, 0, 0, 1, 1], [1, 0, 1, 0, 0, 1, 0, 0, 1, 0, 1, 1, 0, 1, 0], [0, 0, 1, 0, 0, 1, 1, 0, 1, 1, 1, 0, 0, 0, 0], [0, 1, 0, 1, 1, 0, 0, 1, 1, 0, 1, 1, 0, 1, 0], [0, 1, 1, 0, 1, 0, 0, 0, 0, 0, 0, 0, 1, 0, 1], [0, 1, 1, 0, 0, 1, 0, 0, 1, 1, 0, 0, 1, 1, 1], [1, 0, 1, 1, 1, 1, 0, 1, 0, 0, 0, 0, 1, 0, 1], [0, 1, 1, 0, 1, 0, 0, 1, 0, 0, 0, 0, 1, 1, 0], [1, 0, 1, 1, 1, 1, 0, 0, 0, 0, 0, 1, 1, 1, 1], [1, 0, 0, 1, 0, 1, 0, 0, 0, 0, 1, 0, 1, 0, 1], [0, 1, 0, 0, 0, 0, 1, 1, 1, 1, 1, 1, 0, 0, 0], [1, 1, 1, 1, 0, 1, 0, 1, 0, 1, 1, 0, 0, 0, 0], [1, 0, 1, 0, 0, 0, 1, 1, 1, 0, 1, 1, 0, 0, 0]]",8.0,6.0,Y,"{0: 14, 1: 20, 2: 26, 3: 32, 4: 38, 5: 44, 6: 50, 7: 56, 8: 62, 9: 68, 10: 74, 11: 80, 12: 86, 13: 92, 14: 8}",Y,"{0: 14, 1: 20, 2: 26, 3: 32, 4: 38, 5: 44, 6: 50, 7: 56, 8: 62, 9: 68, 10: 74, 11: 80, 12: 86, 13: 92, 14: 8}","{(0, 1): 1, (0, 2): 1, (0, 3): 1, (0, 8): 1, (0, 10): 1, (0, 11): 1, (0, 13): 7, (0, 14): 1, (1, 2): 1, (1, 5): 1, (1, 6): 1, (1, 7): 1, (1, 9): 13, (1, 12): 1, (1, 13): 1, (2, 3): 1, (2, 4): 1, (2, 6): 16, (2, 7): 1, (2, 8): 1, (2, 9): 1, (2, 10): 1, (2, 13): 1, (2, 14): 1, (3, 5): 1, (3, 8): 1, (3, 10): 9, (3, 11): 18, (3, 13): 1, (4, 5): 1, (4, 6): 30, (4, 8): 4, (4, 9): 1, (4, 10): 1, (5, 7): 1, (5, 8): 1, (5, 10): 1, (5, 11): 1, (5, 13): 37, (6, 12): 1, (6, 14): 2, (7, 8): 15, (7, 9): 1, (7, 12): 1, (7, 13): 35, (7, 14): 1, (8, 12): 38, (8, 14): 1, (9, 12): 43, (9, 13): 9, (10, 11): 58, (10, 12): 1, (10, 13): 1, (10, 14): 1, (11, 12): 1, (11, 14): 1}",1029.96826171875,56.0,15.0,112.0
41.0,Graph with 15 nodes and 58 edges,"[[0, 0, 0, 1, 1, 0, 1, 0, 0, 0, 0, 1, 1, 1, 1], [0, 0, 0, 1, 1, 1, 0, 1, 1, 1, 0, 1, 1, 0, 1], [0, 0, 0, 1, 1, 0, 1, 1, 1, 1, 0, 1, 0, 1, 1], [1, 1, 1, 0, 0, 1, 0, 1, 0, 0, 0, 0, 1, 0, 0], [1, 1, 1, 0, 0, 0, 1, 0, 1, 0, 0, 1, 1, 0, 0], [0, 1, 0, 1, 0, 0, 0, 1, 0, 1, 1, 1, 1, 0, 1], [1, 0, 1, 0, 1, 0, 0, 1, 1, 1, 1, 1, 1, 1, 0], [0, 1, 1, 1, 0, 1, 1, 0, 0, 1, 1, 0, 0, 0, 1], [0, 1, 1, 0, 1, 0, 1, 0, 0, 0, 0, 0, 1, 1, 0], [0, 1, 1, 0, 0, 1, 1, 1, 0, 0, 0, 0, 0, 1, 1], [0, 0, 0, 0, 0, 1, 1, 1, 0, 0, 0, 0, 1, 1, 1], [1, 1, 1, 0, 1, 1, 1, 0, 0, 0, 0, 0, 1, 0, 1], [1, 1, 0, 1, 1, 1, 1, 0, 1, 0, 1, 1, 0, 0, 1], [1, 0, 1, 0, 0, 0, 1, 0, 1, 1, 1, 0, 0, 0, 0], [1, 1, 1, 0, 0, 1, 0, 1, 0, 1, 1, 1, 1, 0, 0]]",18.0,4.0,Y,"{0: 22, 1: 26, 2: 30, 3: 34, 4: 38, 5: 42, 6: 46, 7: 50, 8: 54, 9: 58, 10: 62, 11: 66, 12: 70, 13: 74, 14: 18}",Y,"{0: 22, 1: 26, 2: 30, 3: 34, 4: 38, 5: 42, 6: 46, 7: 50, 8: 54, 9: 58, 10: 62, 11: 66, 12: 70, 13: 74, 14: 18}","{(0, 3): 1, (0, 4): 8, (0, 6): 1, (0, 11): 1, (0, 12): 1, (0, 13): 9, (0, 14): 1, (1, 3): 1, (1, 4): 1, (1, 5): 1, (1, 7): 1, (1, 8): 16, (1, 9): 3, (1, 11): 1, (1, 12): 1, (1, 14): 1, (2, 3): 3, (2, 4): 1, (2, 6): 1, (2, 7): 3, (2, 8): 3, (2, 9): 9, (2, 11): 6, (2, 13): 3, (2, 14): 1, (3, 5): 9, (3, 7): 11, (3, 12): 9, (4, 6): 4, (4, 8): 14, (4, 11): 1, (4, 12): 9, (5, 7): 1, (5, 9): 1, (5, 10): 1, (5, 11): 27, (5, 12): 1, (5, 14): 1, (6, 7): 1, (6, 8): 1, (6, 9): 1, (6, 10): 22, (6, 11): 1, (6, 12): 3, (6, 13): 11, (7, 9): 8, (7, 10): 20, (7, 14): 5, (8, 12): 19, (8, 13): 1, (9, 13): 35, (9, 14): 1, (10, 12): 1, (10, 13): 15, (10, 14): 3, (11, 12): 25, (11, 14): 4, (12, 14): 1}",71.04873657226562,58.0,15.0,116.0
43.0,Graph with 15 nodes and 51 edges,"[[0, 0, 1, 1, 0, 1, 0, 0, 0, 1, 1, 1, 1, 0, 0], [0, 0, 0, 1, 0, 0, 1, 0, 1, 0, 0, 0, 1, 1, 1], [1, 0, 0, 1, 1, 1, 0, 0, 1, 0, 0, 0, 0, 0, 0], [1, 1, 1, 0, 1, 1, 0, 0, 0, 0, 0, 1, 1, 0, 1], [0, 0, 1, 1, 0, 0, 0, 1, 1, 1, 0, 1, 0, 0, 0], [1, 0, 1, 1, 0, 0, 1, 1, 1, 1, 0, 1, 0, 1, 1], [0, 1, 0, 0, 0, 1, 0, 1, 0, 0, 1, 1, 1, 0, 1], [0, 0, 0, 0, 1, 1, 1, 0, 1, 0, 0, 1, 0, 1, 0], [0, 1, 1, 0, 1, 1, 0, 1, 0, 0, 0, 0, 1, 0, 0], [1, 0, 0, 0, 1, 1, 0, 0, 0, 0, 0, 0, 1, 1, 1], [1, 0, 0, 0, 0, 0, 1, 0, 0, 0, 0, 0, 1, 0, 0], [1, 0, 0, 1, 1, 1, 1, 1, 0, 0, 0, 0, 0, 1, 1], [1, 1, 0, 1, 0, 0, 1, 0, 1, 1, 1, 0, 0, 1, 1], [0, 1, 0, 0, 0, 1, 0, 1, 0, 1, 0, 1, 1, 0, 1], [0, 1, 0, 1, 0, 1, 1, 0, 0, 1, 0, 1, 1, 1, 0]]",28.0,8.0,Y,"{0: 132, 1: 76, 2: 116, 3: 60, 4: 92, 5: 100, 6: 52, 7: 68, 8: 28, 9: 124, 10: 84, 11: 44, 12: 140, 13: 36, 14: 108}",Y,"{0: 132, 1: 76, 2: 116, 3: 60, 4: 92, 5: 100, 6: 52, 7: 68, 8: 28, 9: 124, 10: 84, 11: 44, 12: 140, 13: 36, 14: 108}","{(0, 2): 38, (0, 3): 1, (0, 5): 1, (0, 9): 5, (0, 10): 48, (0, 11): 37, (0, 12): 2, (1, 3): 1, (1, 6): 42, (1, 8): 1, (1, 12): 1, (1, 13): 30, (1, 14): 1, (2, 3): 53, (2, 4): 1, (2, 5): 1, (2, 8): 23, (3, 4): 1, (3, 5): 1, (3, 11): 1, (3, 12): 1, (3, 14): 1, (4, 7): 1, (4, 8): 1, (4, 9): 87, (4, 11): 1, (5, 6): 1, (5, 7): 63, (5, 8): 1, (5, 9): 29, (5, 11): 1, (5, 13): 1, (5, 14): 1, (6, 7): 1, (6, 10): 5, (6, 11): 1, (6, 12): 1, (6, 14): 1, (7, 8): 1, (7, 11): 1, (7, 13): 1, (8, 12): 1, (9, 12): 1, (9, 13): 1, (9, 14): 1, (10, 12): 31, (11, 13): 1, (11, 14): 1, (12, 13): 1, (12, 14): 101, (13, 14): 1}",791.0728454589844,51.0,15.0,102.0
44.0,Graph with 15 nodes and 56 edges,"[[0, 0, 0, 1, 0, 0, 0, 1, 1, 0, 1, 1, 0, 1, 0], [0, 0, 0, 1, 1, 1, 0, 0, 1, 1, 1, 1, 1, 0, 1], [0, 0, 0, 0, 1, 0, 1, 1, 0, 1, 1, 1, 1, 0, 1], [1, 1, 0, 0, 1, 1, 0, 1, 1, 1, 1, 0, 1, 1, 0], [0, 1, 1, 1, 0, 0, 0, 0, 1, 1, 1, 0, 0, 1, 0], [0, 1, 0, 1, 0, 0, 1, 0, 0, 0, 1, 1, 0, 0, 1], [0, 0, 1, 0, 0, 1, 0, 0, 0, 0, 0, 1, 0, 1, 0], [1, 0, 1, 1, 0, 0, 0, 0, 1, 0, 0, 1, 1, 0, 0], [1, 1, 0, 1, 1, 0, 0, 1, 0, 0, 1, 0, 1, 1, 0], [0, 1, 1, 1, 1, 0, 0, 0, 0, 0, 1, 1, 1, 0, 0], [1, 1, 1, 1, 1, 1, 0, 0, 1, 1, 0, 0, 1, 1, 1], [1, 1, 1, 0, 0, 1, 1, 1, 0, 1, 0, 0, 0, 1, 0], [0, 1, 1, 1, 0, 0, 0, 1, 1, 1, 1, 0, 0, 1, 1], [1, 0, 0, 1, 1, 0, 1, 0, 1, 0, 1, 1, 1, 0, 0], [0, 1, 1, 0, 0, 1, 0, 0, 0, 0, 1, 0, 1, 0, 0]]",17.0,9.0,Y,"{0: 26, 1: 35, 2: 44, 3: 53, 4: 62, 5: 71, 6: 80, 7: 89, 8: 98, 9: 107, 10: 116, 11: 125, 12: 134, 13: 143, 14: 17}",Y,"{0: 26, 1: 35, 2: 44, 3: 53, 4: 62, 5: 71, 6: 80, 7: 89, 8: 98, 9: 107, 10: 116, 11: 125, 12: 134, 13: 143, 14: 17}","{(0, 3): 1, (0, 7): 1, (0, 8): 1, (0, 10): 1, (0, 11): 1, (0, 13): 21, (1, 3): 1, (1, 4): 1, (1, 5): 14, (1, 8): 1, (1, 9): 1, (1, 10): 1, (1, 11): 1, (1, 12): 14, (1, 14): 1, (2, 4): 1, (2, 6): 36, (2, 7): 1, (2, 9): 2, (2, 10): 1, (2, 11): 1, (2, 12): 1, (2, 14): 1, (3, 4): 1, (3, 5): 21, (3, 7): 1, (3, 8): 24, (3, 9): 1, (3, 10): 1, (3, 12): 1, (3, 13): 1, (4, 8): 32, (4, 9): 1, (4, 10): 25, (4, 13): 1, (5, 6): 2, (5, 10): 32, (5, 11): 1, (5, 14): 1, (6, 11): 1, (6, 13): 41, (7, 8): 14, (7, 11): 71, (7, 12): 1, (8, 10): 1, (8, 12): 24, (8, 13): 1, (9, 10): 28, (9, 11): 1, (9, 12): 73, (10, 12): 1, (10, 13): 24, (10, 14): 1, (11, 13): 48, (12, 13): 6, (12, 14): 13}",45.06111145019531,56.0,15.0,112.0
45.0,Graph with 15 nodes and 51 edges,"[[0, 1, 1, 0, 1, 0, 0, 0, 0, 1, 0, 1, 0, 0, 0], [1, 0, 1, 1, 1, 1, 1, 1, 1, 0, 0, 0, 0, 0, 0], [1, 1, 0, 0, 1, 0, 0, 0, 0, 1, 0, 0, 0, 1, 0], [0, 1, 0, 0, 0, 0, 1, 1, 1, 0, 0, 1, 0, 0, 0], [1, 1, 1, 0, 0, 0, 0, 0, 1, 0, 0, 1, 0, 1, 1], [0, 1, 0, 0, 0, 0, 1, 0, 0, 1, 0, 0, 1, 1, 0], [0, 1, 0, 1, 0, 1, 0, 0, 1, 1, 1, 1, 1, 1, 0], [0, 1, 0, 1, 0, 0, 0, 0, 0, 1, 1, 0, 1, 0, 0], [0, 1, 0, 1, 1, 0, 1, 0, 0, 0, 1, 0, 0, 1, 1], [1, 0, 1, 0, 0, 1, 1, 1, 0, 0, 1, 1, 1, 1, 1], [0, 0, 0, 0, 0, 0, 1, 1, 1, 1, 0, 1, 1, 0, 1], [1, 0, 0, 1, 1, 0, 1, 0, 0, 1, 1, 0, 1, 0, 1], [0, 0, 0, 0, 0, 1, 1, 1, 0, 1, 1, 1, 0, 0, 1], [0, 0, 1, 0, 1, 1, 1, 0, 1, 1, 0, 0, 0, 0, 1], [0, 0, 0, 0, 1, 0, 0, 0, 1, 1, 1, 1, 1, 1, 0]]",27.0,7.0,Y,"{0: 111, 1: 125, 2: 83, 3: 27, 4: 118, 5: 41, 6: 76, 7: 55, 8: 34, 9: 104, 10: 69, 11: 48, 12: 62, 13: 97, 14: 90}",Y,"{0: 111, 1: 125, 2: 83, 3: 27, 4: 118, 5: 41, 6: 76, 7: 55, 8: 34, 9: 104, 10: 69, 11: 48, 12: 62, 13: 97, 14: 90}","{(0, 1): 37, (0, 2): 26, (0, 4): 17, (0, 9): 30, (0, 11): 1, (1, 2): 15, (1, 3): 5, (1, 4): 3, (1, 5): 1, (1, 6): 21, (1, 7): 29, (1, 8): 14, (2, 4): 27, (2, 9): 12, (2, 13): 3, (3, 6): 19, (3, 7): 1, (3, 8): 1, (3, 11): 1, (4, 8): 7, (4, 11): 1, (4, 13): 40, (4, 14): 23, (5, 6): 1, (5, 9): 7, (5, 12): 5, (5, 13): 27, (6, 8): 1, (6, 9): 5, (6, 10): 3, (6, 11): 1, (6, 12): 5, (6, 13): 20, (7, 9): 3, (7, 10): 19, (7, 12): 3, (8, 10): 3, (8, 13): 5, (8, 14): 3, (9, 10): 2, (9, 11): 25, (9, 12): 1, (9, 13): 1, (9, 14): 18, (10, 11): 13, (10, 12): 18, (10, 14): 11, (11, 12): 1, (11, 14): 5, (12, 14): 29, (13, 14): 1}",102.04315185546875,51.0,15.0,102.0
47.0,Graph with 15 nodes and 49 edges,"[[0, 0, 0, 0, 0, 1, 1, 0, 0, 0, 0, 0, 0, 1, 0], [0, 0, 1, 1, 0, 0, 1, 0, 0, 0, 0, 1, 0, 0, 0], [0, 1, 0, 1, 1, 0, 1, 0, 1, 0, 0, 1, 0, 1, 0], [0, 1, 1, 0, 0, 0, 1, 1, 1, 1, 0, 0, 1, 1, 0], [0, 0, 1, 0, 0, 0, 0, 1, 0, 1, 1, 1, 0, 1, 1], [1, 0, 0, 0, 0, 0, 1, 1, 0, 0, 1, 0, 1, 1, 0], [1, 1, 1, 1, 0, 1, 0, 0, 0, 0, 1, 1, 1, 0, 1], [0, 0, 0, 1, 1, 1, 0, 0, 0, 1, 1, 1, 1, 0, 1], [0, 0, 1, 1, 0, 0, 0, 0, 0, 0, 1, 1, 0, 0, 1], [0, 0, 0, 1, 1, 0, 0, 1, 0, 0, 1, 0, 0, 1, 1], [0, 0, 0, 0, 1, 1, 1, 1, 1, 1, 0, 0, 1, 0, 1], [0, 1, 1, 0, 1, 0, 1, 1, 1, 0, 0, 0, 0, 1, 0], [0, 0, 0, 1, 0, 1, 1, 1, 0, 0, 1, 0, 0, 0, 1], [1, 0, 1, 1, 1, 1, 0, 0, 0, 1, 0, 1, 0, 0, 0], [0, 0, 0, 0, 1, 0, 1, 1, 1, 1, 1, 0, 1, 0, 0]]",6.0,8.0,Y,"{0: 14, 1: 22, 2: 30, 3: 38, 4: 46, 5: 54, 6: 62, 7: 70, 8: 78, 9: 86, 10: 94, 11: 102, 12: 6, 13: 110, 14: 118}",Y,"{0: 14, 1: 22, 2: 30, 3: 38, 4: 46, 5: 54, 6: 62, 7: 70, 8: 78, 9: 86, 10: 94, 11: 102, 12: 6, 13: 110, 14: 118}","{(0, 5): 1, (0, 6): 1, (0, 13): 12, (1, 2): 1, (1, 3): 1, (1, 6): 1, (1, 11): 19, (2, 3): 1, (2, 4): 1, (2, 6): 1, (2, 8): 24, (2, 11): 1, (2, 13): 1, (3, 6): 1, (3, 7): 1, (3, 8): 31, (3, 9): 1, (3, 12): 1, (3, 13): 1, (4, 7): 1, (4, 9): 2, (4, 10): 1, (4, 11): 1, (4, 13): 1, (4, 14): 39, (5, 6): 1, (5, 7): 1, (5, 10): 49, (5, 12): 1, (5, 13): 1, (6, 10): 1, (6, 11): 1, (6, 12): 1, (6, 14): 54, (7, 9): 1, (7, 10): 19, (7, 11): 45, (7, 12): 1, (7, 14): 1, (8, 10): 1, (8, 11): 1, (8, 14): 21, (9, 10): 21, (9, 13): 60, (9, 14): 1, (10, 12): 1, (10, 14): 1, (11, 13): 34, (12, 14): 1}",945.0912475585938,49.0,15.0,98.0
49.0,Graph with 15 nodes and 52 edges,"[[0, 0, 0, 0, 0, 1, 1, 1, 1, 0, 0, 1, 1, 1, 1], [0, 0, 0, 0, 1, 1, 0, 0, 1, 1, 1, 0, 1, 1, 0], [0, 0, 0, 0, 1, 1, 0, 1, 1, 1, 1, 0, 1, 0, 0], [0, 0, 0, 0, 0, 0, 1, 0, 0, 1, 0, 1, 0, 1, 1], [0, 1, 1, 0, 0, 0, 1, 1, 1, 1, 0, 1, 1, 0, 0], [1, 1, 1, 0, 0, 0, 0, 0, 0, 1, 0, 1, 1, 0, 1], [1, 0, 0, 1, 1, 0, 0, 1, 1, 1, 1, 0, 1, 0, 0], [1, 0, 1, 0, 1, 0, 1, 0, 1, 1, 1, 0, 1, 1, 0], [1, 1, 1, 0, 1, 0, 1, 1, 0, 0, 1, 1, 0, 0, 0], [0, 1, 1, 1, 1, 1, 1, 1, 0, 0, 1, 0, 0, 0, 0], [0, 1, 1, 0, 0, 0, 1, 1, 1, 1, 0, 0, 0, 0, 0], [1, 0, 0, 1, 1, 1, 0, 0, 1, 0, 0, 0, 0, 0, 0], [1, 1, 1, 0, 1, 1, 1, 1, 0, 0, 0, 0, 0, 0, 1], [1, 1, 0, 1, 0, 0, 0, 1, 0, 0, 0, 0, 0, 0, 1], [1, 0, 0, 1, 0, 1, 0, 0, 0, 0, 0, 0, 1, 1, 0]]",9.0,1.0,Y,"{0: 13, 1: 11, 2: 9, 3: 14, 4: 21, 5: 17, 6: 22, 7: 18, 8: 19, 9: 16, 10: 15, 11: 23, 12: 20, 13: 10, 14: 12}",Y,"{0: 13, 1: 11, 2: 9, 3: 14, 4: 21, 5: 17, 6: 22, 7: 18, 8: 19, 9: 16, 10: 15, 11: 23, 12: 20, 13: 10, 14: 12}","{(0, 5): 1, (0, 6): 1, (0, 7): 1, (0, 8): 1, (0, 11): 4, (0, 12): 3, (0, 13): 1, (0, 14): 1, (1, 4): 3, (1, 5): 1, (1, 8): 1, (1, 9): 3, (1, 10): 1, (1, 12): 1, (1, 13): 1, (2, 4): 1, (2, 5): 1, (2, 7): 1, (2, 8): 1, (2, 9): 3, (2, 10): 1, (2, 12): 1, (3, 6): 2, (3, 9): 1, (3, 11): 9, (3, 13): 1, (3, 14): 1, (4, 6): 3, (4, 7): 2, (4, 8): 5, (4, 9): 1, (4, 11): 5, (4, 12): 1, (5, 9): 2, (5, 11): 4, (5, 12): 7, (5, 14): 1, (6, 7): 3, (6, 8): 2, (6, 9): 1, (6, 10): 7, (6, 12): 3, (7, 8): 5, (7, 9): 3, (7, 10): 1, (7, 12): 1, (7, 13): 1, (8, 10): 3, (8, 11): 1, (9, 10): 2, (12, 14): 3, (13, 14): 6}",64.13459777832031,52.0,15.0,104.0
52.0,Graph with 15 nodes and 51 edges,"[[0, 1, 1, 1, 1, 0, 0, 1, 0, 1, 0, 0, 0, 1, 1], [1, 0, 0, 0, 0, 0, 0, 1, 1, 1, 1, 0, 1, 0, 0], [1, 0, 0, 0, 0, 1, 0, 1, 1, 0, 1, 1, 0, 0, 1], [1, 0, 0, 0, 0, 0, 0, 1, 0, 1, 1, 0, 1, 1, 1], [1, 0, 0, 0, 0, 1, 1, 0, 1, 1, 1, 0, 1, 0, 0], [0, 0, 1, 0, 1, 0, 0, 0, 1, 1, 0, 0, 0, 0, 1], [0, 0, 0, 0, 1, 0, 0, 0, 1, 0, 0, 1, 1, 1, 1], [1, 1, 1, 1, 0, 0, 0, 0, 0, 1, 0, 1, 0, 1, 1], [0, 1, 1, 0, 1, 1, 1, 0, 0, 0, 1, 0, 1, 0, 0], [1, 1, 0, 1, 1, 1, 0, 1, 0, 0, 0, 0, 1, 0, 1], [0, 1, 1, 1, 1, 0, 0, 0, 1, 0, 0, 1, 1, 0, 1], [0, 0, 1, 0, 0, 0, 1, 1, 0, 0, 1, 0, 0, 0, 0], [0, 1, 0, 1, 1, 0, 1, 0, 1, 1, 1, 0, 0, 0, 0], [1, 0, 0, 1, 0, 0, 1, 1, 0, 0, 0, 0, 0, 0, 1], [1, 0, 1, 1, 0, 1, 1, 1, 0, 1, 1, 0, 0, 1, 0]]",22.0,4.0,Y,"{0: 70, 1: 42, 2: 78, 3: 30, 4: 74, 5: 66, 6: 26, 7: 38, 8: 54, 9: 62, 10: 46, 11: 34, 12: 58, 13: 22, 14: 50}",Y,"{0: 70, 1: 42, 2: 78, 3: 30, 4: 74, 5: 66, 6: 26, 7: 38, 8: 54, 9: 62, 10: 46, 11: 34, 12: 58, 13: 22, 14: 50}","{(0, 1): 9, (0, 2): 1, (0, 3): 7, (0, 4): 14, (0, 7): 10, (0, 9): 27, (0, 13): 1, (0, 14): 1, (1, 7): 1, (1, 8): 1, (1, 9): 29, (1, 10): 1, (1, 12): 1, (2, 5): 21, (2, 7): 22, (2, 8): 1, (2, 10): 1, (2, 11): 31, (2, 14): 1, (3, 7): 1, (3, 9): 1, (3, 10): 1, (3, 12): 1, (3, 13): 18, (3, 14): 1, (4, 5): 1, (4, 6): 21, (4, 8): 1, (4, 9): 1, (4, 10): 35, (4, 12): 1, (5, 8): 1, (5, 9): 1, (5, 14): 42, (6, 8): 1, (6, 11): 1, (6, 12): 1, (6, 13): 1, (6, 14): 1, (7, 9): 1, (7, 11): 1, (7, 13): 1, (7, 14): 1, (8, 10): 1, (8, 12): 48, (9, 12): 1, (9, 14): 1, (10, 11): 1, (10, 12): 5, (10, 14): 1, (13, 14): 1}",944.1375732421875,51.0,15.0,102.0
53.0,Graph with 15 nodes and 46 edges,"[[0, 1, 0, 0, 0, 1, 0, 0, 0, 0, 0, 1, 0, 1, 1], [1, 0, 0, 0, 0, 1, 1, 0, 1, 0, 0, 1, 0, 1, 0], [0, 0, 0, 0, 0, 0, 0, 1, 1, 1, 0, 0, 0, 1, 1], [0, 0, 0, 0, 0, 0, 0, 0, 1, 0, 1, 0, 1, 0, 1], [0, 0, 0, 0, 0, 0, 1, 0, 1, 1, 0, 0, 1, 1, 0], [1, 1, 0, 0, 0, 0, 1, 1, 1, 1, 1, 1, 0, 1, 1], [0, 1, 0, 0, 1, 1, 0, 0, 1, 0, 0, 1, 0, 1, 0], [0, 0, 1, 0, 0, 1, 0, 0, 0, 0, 0, 1, 1, 1, 1], [0, 1, 1, 1, 1, 1, 1, 0, 0, 0, 1, 0, 1, 1, 0], [0, 0, 1, 0, 1, 1, 0, 0, 0, 0, 0, 1, 0, 0, 0], [0, 0, 0, 1, 0, 1, 0, 0, 1, 0, 0, 0, 0, 1, 0], [1, 1, 0, 0, 0, 1, 1, 1, 0, 1, 0, 0, 0, 1, 0], [0, 0, 0, 1, 1, 0, 0, 1, 1, 0, 0, 0, 0, 0, 0], [1, 1, 1, 0, 1, 1, 1, 1, 1, 0, 1, 1, 0, 0, 1], [1, 0, 1, 1, 0, 1, 0, 1, 0, 0, 0, 0, 0, 1, 0]]",6.0,2.0,Y,"{0: 8, 1: 10, 2: 12, 3: 14, 4: 16, 5: 18, 6: 20, 7: 22, 8: 24, 9: 26, 10: 28, 11: 30, 12: 32, 13: 34, 14: 6}",Y,"{0: 8, 1: 10, 2: 12, 3: 14, 4: 16, 5: 18, 6: 20, 7: 22, 8: 24, 9: 26, 10: 28, 11: 30, 12: 32, 13: 34, 14: 6}","{(0, 1): 1, (0, 5): 1, (0, 11): 4, (0, 13): 1, (0, 14): 1, (1, 5): 1, (1, 6): 2, (1, 8): 1, (1, 11): 4, (1, 13): 1, (2, 7): 1, (2, 8): 1, (2, 9): 8, (2, 13): 1, (2, 14): 1, (3, 8): 1, (3, 10): 11, (3, 12): 1, (3, 14): 1, (4, 6): 1, (4, 8): 1, (4, 9): 3, (4, 12): 1, (4, 13): 10, (5, 6): 1, (5, 7): 1, (5, 8): 1, (5, 9): 7, (5, 10): 2, (5, 11): 1, (5, 13): 2, (5, 14): 1, (6, 8): 4, (6, 11): 11, (6, 13): 1, (7, 11): 1, (7, 12): 17, (7, 13): 1, (7, 14): 1, (8, 10): 1, (8, 12): 13, (8, 13): 1, (9, 11): 8, (10, 13): 14, (11, 13): 1, (13, 14): 1}",46.01478576660156,46.0,15.0,92.0
53.0,Graph with 15 nodes and 46 edges,"[[0, 1, 0, 0, 0, 1, 0, 0, 0, 0, 0, 1, 0, 1, 1], [1, 0, 0, 0, 0, 1, 1, 0, 1, 0, 0, 1, 0, 1, 0], [0, 0, 0, 0, 0, 0, 0, 1, 1, 1, 0, 0, 0, 1, 1], [0, 0, 0, 0, 0, 0, 0, 0, 1, 0, 1, 0, 1, 0, 1], [0, 0, 0, 0, 0, 0, 1, 0, 1, 1, 0, 0, 1, 1, 0], [1, 1, 0, 0, 0, 0, 1, 1, 1, 1, 1, 1, 0, 1, 1], [0, 1, 0, 0, 1, 1, 0, 0, 1, 0, 0, 1, 0, 1, 0], [0, 0, 1, 0, 0, 1, 0, 0, 0, 0, 0, 1, 1, 1, 1], [0, 1, 1, 1, 1, 1, 1, 0, 0, 0, 1, 0, 1, 1, 0], [0, 0, 1, 0, 1, 1, 0, 0, 0, 0, 0, 1, 0, 0, 0], [0, 0, 0, 1, 0, 1, 0, 0, 1, 0, 0, 0, 0, 1, 0], [1, 1, 0, 0, 0, 1, 1, 1, 0, 1, 0, 0, 0, 1, 0], [0, 0, 0, 1, 1, 0, 0, 1, 1, 0, 0, 0, 0, 0, 0], [1, 1, 1, 0, 1, 1, 1, 1, 1, 0, 1, 1, 0, 0, 1], [1, 0, 1, 1, 0, 1, 0, 1, 0, 0, 0, 0, 0, 1, 0]]",20.0,4.0,Y,"{0: 48, 1: 44, 2: 72, 3: 60, 4: 32, 5: 64, 6: 24, 7: 20, 8: 28, 9: 76, 10: 36, 11: 68, 12: 56, 13: 40, 14: 52}",Y,"{0: 48, 1: 44, 2: 72, 3: 60, 4: 32, 5: 64, 6: 24, 7: 20, 8: 28, 9: 76, 10: 36, 11: 68, 12: 56, 13: 40, 14: 52}","{(0, 1): 3, (0, 5): 1, (0, 11): 38, (0, 13): 1, (0, 14): 5, (1, 5): 23, (1, 6): 15, (1, 8): 1, (1, 11): 1, (1, 13): 1, (2, 7): 2, (2, 8): 1, (2, 9): 25, (2, 13): 1, (2, 14): 43, (3, 8): 3, (3, 10): 33, (3, 12): 23, (3, 14): 1, (4, 6): 3, (4, 8): 1, (4, 9): 26, (4, 12): 1, (4, 13): 1, (5, 6): 3, (5, 7): 1, (5, 8): 1, (5, 9): 1, (5, 10): 1, (5, 11): 2, (5, 13): 30, (5, 14): 1, (6, 8): 1, (6, 11): 1, (6, 13): 1, (7, 11): 1, (7, 12): 14, (7, 13): 1, (7, 14): 1, (8, 10): 1, (8, 12): 18, (8, 13): 1, (9, 11): 24, (10, 13): 1, (11, 13): 1, (13, 14): 1}",935.0776672363281,46.0,15.0,92.0
53.0,Graph with 15 nodes and 46 edges,"[[0, 1, 0, 0, 0, 1, 0, 0, 0, 0, 0, 1, 0, 1, 1], [1, 0, 0, 0, 0, 1, 1, 0, 1, 0, 0, 1, 0, 1, 0], [0, 0, 0, 0, 0, 0, 0, 1, 1, 1, 0, 0, 0, 1, 1], [0, 0, 0, 0, 0, 0, 0, 0, 1, 0, 1, 0, 1, 0, 1], [0, 0, 0, 0, 0, 0, 1, 0, 1, 1, 0, 0, 1, 1, 0], [1, 1, 0, 0, 0, 0, 1, 1, 1, 1, 1, 1, 0, 1, 1], [0, 1, 0, 0, 1, 1, 0, 0, 1, 0, 0, 1, 0, 1, 0], [0, 0, 1, 0, 0, 1, 0, 0, 0, 0, 0, 1, 1, 1, 1], [0, 1, 1, 1, 1, 1, 1, 0, 0, 0, 1, 0, 1, 1, 0], [0, 0, 1, 0, 1, 1, 0, 0, 0, 0, 0, 1, 0, 0, 0], [0, 0, 0, 1, 0, 1, 0, 0, 1, 0, 0, 0, 0, 1, 0], [1, 1, 0, 0, 0, 1, 1, 1, 0, 1, 0, 0, 0, 1, 0], [0, 0, 0, 1, 1, 0, 0, 1, 1, 0, 0, 0, 0, 0, 0], [1, 1, 1, 0, 1, 1, 1, 1, 1, 0, 1, 1, 0, 0, 1], [1, 0, 1, 1, 0, 1, 0, 1, 0, 0, 0, 0, 0, 1, 0]]",25.0,5.0,Y,"{0: 90, 1: 45, 2: 70, 3: 30, 4: 65, 5: 75, 6: 40, 7: 50, 8: 60, 9: 85, 10: 25, 11: 35, 12: 95, 13: 80, 14: 55}",Y,"{0: 90, 1: 45, 2: 70, 3: 30, 4: 65, 5: 75, 6: 40, 7: 50, 8: 60, 9: 85, 10: 25, 11: 35, 12: 95, 13: 80, 14: 55}","{(0, 1): 40, (0, 5): 6, (0, 11): 22, (0, 13): 10, (0, 14): 12, (1, 5): 1, (1, 6): 1, (1, 8): 1, (1, 11): 1, (1, 13): 1, (2, 7): 1, (2, 8): 1, (2, 9): 66, (2, 13): 1, (2, 14): 1, (3, 8): 1, (3, 10): 1, (3, 12): 27, (3, 14): 1, (4, 6): 35, (4, 8): 1, (4, 9): 1, (4, 12): 15, (4, 13): 13, (5, 6): 1, (5, 7): 1, (5, 8): 1, (5, 9): 17, (5, 10): 22, (5, 11): 1, (5, 13): 1, (5, 14): 24, (6, 8): 1, (6, 11): 1, (6, 13): 1, (7, 11): 1, (7, 12): 1, (7, 13): 36, (7, 14): 10, (8, 10): 1, (8, 12): 52, (8, 13): 1, (9, 11): 1, (10, 13): 1, (11, 13): 8, (13, 14): 7}",31.948089599609375,46.0,15.0,92.0
55.0,Graph with 15 nodes and 51 edges,"[[0, 1, 1, 1, 1, 1, 1, 0, 0, 1, 1, 1, 0, 0, 0], [1, 0, 1, 0, 0, 0, 1, 0, 0, 0, 1, 1, 0, 0, 0], [1, 1, 0, 1, 0, 1, 0, 1, 0, 0, 0, 0, 1, 1, 1], [1, 0, 1, 0, 1, 0, 1, 0, 0, 0, 0, 0, 1, 0, 0], [1, 0, 0, 1, 0, 0, 0, 0, 1, 1, 0, 1, 0, 0, 1], [1, 0, 1, 0, 0, 0, 0, 0, 1, 1, 0, 1, 1, 1, 1], [1, 1, 0, 1, 0, 0, 0, 0, 0, 1, 1, 1, 1, 1, 1], [0, 0, 1, 0, 0, 0, 0, 0, 0, 0, 0, 1, 1, 0, 1], [0, 0, 0, 0, 1, 1, 0, 0, 0, 0, 1, 1, 1, 1, 1], [1, 0, 0, 0, 1, 1, 1, 0, 0, 0, 0, 0, 0, 0, 0], [1, 1, 0, 0, 0, 0, 1, 0, 1, 0, 0, 0, 1, 0, 1], [1, 1, 0, 0, 1, 1, 1, 1, 1, 0, 0, 0, 1, 0, 0], [0, 0, 1, 1, 0, 1, 1, 1, 1, 0, 1, 1, 0, 1, 0], [0, 0, 1, 0, 0, 1, 1, 0, 1, 0, 0, 0, 1, 0, 1], [0, 0, 1, 0, 1, 1, 1, 1, 1, 0, 1, 0, 0, 1, 0]]",10.0,4.0,Y,"{0: 62, 1: 26, 2: 54, 3: 38, 4: 50, 5: 46, 6: 34, 7: 14, 8: 42, 9: 58, 10: 10, 11: 30, 12: 66, 13: 18, 14: 22}",Y,"{0: 62, 1: 26, 2: 54, 3: 38, 4: 50, 5: 46, 6: 34, 7: 14, 8: 42, 9: 58, 10: 10, 11: 30, 12: 66, 13: 18, 14: 22}","{(0, 1): 17, (0, 2): 1, (0, 3): 1, (0, 4): 9, (0, 5): 1, (0, 6): 1, (0, 9): 30, (0, 10): 1, (0, 11): 1, (1, 2): 2, (1, 6): 1, (1, 10): 5, (1, 11): 1, (2, 3): 1, (2, 5): 12, (2, 7): 11, (2, 12): 25, (2, 13): 1, (2, 14): 1, (3, 4): 1, (3, 6): 1, (3, 12): 34, (4, 8): 1, (4, 9): 1, (4, 11): 23, (4, 14): 15, (5, 8): 26, (5, 9): 1, (5, 11): 1, (5, 12): 1, (5, 13): 3, (5, 14): 1, (6, 9): 26, (6, 10): 1, (6, 11): 1, (6, 12): 1, (6, 13): 1, (6, 14): 1, (7, 11): 1, (7, 12): 1, (7, 14): 1, (8, 10): 1, (8, 11): 1, (8, 12): 1, (8, 13): 11, (8, 14): 1, (10, 12): 1, (10, 14): 1, (11, 12): 1, (12, 13): 1, (13, 14): 1}",1066.9231414794922,51.0,15.0,102.0
56.0,Graph with 15 nodes and 56 edges,"[[0, 0, 1, 1, 0, 1, 0, 1, 0, 1, 1, 1, 1, 0, 1], [0, 0, 1, 0, 0, 0, 1, 1, 1, 0, 0, 0, 0, 0, 1], [1, 1, 0, 1, 0, 1, 1, 1, 1, 1, 0, 0, 1, 1, 1], [1, 0, 1, 0, 1, 0, 1, 0, 0, 0, 0, 0, 1, 1, 1], [0, 0, 0, 1, 0, 0, 1, 0, 1, 0, 1, 1, 1, 1, 0], [1, 0, 1, 0, 0, 0, 1, 1, 0, 0, 1, 1, 0, 1, 0], [0, 1, 1, 1, 1, 1, 0, 0, 0, 1, 0, 1, 0, 0, 0], [1, 1, 1, 0, 0, 1, 0, 0, 1, 1, 0, 1, 1, 1, 1], [0, 1, 1, 0, 1, 0, 0, 1, 0, 1, 0, 0, 0, 1, 0], [1, 0, 1, 0, 0, 0, 1, 1, 1, 0, 0, 1, 1, 0, 1], [1, 0, 0, 0, 1, 1, 0, 0, 0, 0, 0, 0, 0, 0, 0], [1, 0, 0, 0, 1, 1, 1, 1, 0, 1, 0, 0, 1, 1, 1], [1, 0, 1, 1, 1, 0, 0, 1, 0, 1, 0, 1, 0, 0, 1], [0, 0, 1, 1, 1, 1, 0, 1, 1, 0, 0, 1, 0, 0, 0], [1, 1, 1, 1, 0, 0, 0, 1, 0, 1, 0, 1, 1, 0, 0]]",18.0,2.0,Y,"{0: 46, 1: 44, 2: 42, 3: 40, 4: 38, 5: 36, 6: 34, 7: 32, 8: 30, 9: 28, 10: 26, 11: 24, 12: 22, 13: 20, 14: 18}",Y,"{0: 46, 1: 44, 2: 42, 3: 40, 4: 38, 5: 36, 6: 34, 7: 32, 8: 30, 9: 28, 10: 26, 11: 24, 12: 22, 13: 20, 14: 18}","{(0, 2): 2, (0, 3): 1, (0, 5): 1, (0, 7): 11, (0, 9): 16, (0, 10): 12, (0, 11): 1, (0, 12): 1, (0, 14): 1, (1, 2): 2, (1, 6): 11, (1, 7): 3, (1, 8): 17, (1, 14): 11, (2, 3): 20, (2, 5): 11, (2, 6): 1, (2, 7): 1, (2, 8): 1, (2, 9): 1, (2, 12): 1, (2, 13): 1, (2, 14): 1, (3, 4): 1, (3, 6): 1, (3, 12): 5, (3, 13): 11, (3, 14): 1, (4, 6): 1, (4, 8): 9, (4, 10): 11, (4, 11): 11, (4, 12): 1, (4, 13): 4, (5, 6): 18, (5, 7): 1, (5, 10): 3, (5, 11): 1, (5, 13): 1, (6, 9): 1, (6, 11): 1, (7, 8): 1, (7, 9): 1, (7, 11): 1, (7, 12): 11, (7, 13): 1, (7, 14): 1, (8, 9): 1, (8, 13): 1, (9, 11): 6, (9, 12): 1, (9, 14): 1, (11, 12): 1, (11, 13): 1, (11, 14): 1, (12, 14): 1}",58.88938903808594,56.0,15.0,112.0
57.0,Graph with 15 nodes and 56 edges,"[[0, 1, 1, 0, 1, 1, 1, 0, 0, 1, 1, 1, 1, 1, 1], [1, 0, 0, 0, 1, 1, 0, 1, 0, 0, 0, 1, 1, 1, 1], [1, 0, 0, 1, 1, 0, 1, 1, 1, 1, 0, 1, 0, 1, 1], [0, 0, 1, 0, 0, 1, 1, 1, 0, 1, 0, 0, 1, 1, 0], [1, 1, 1, 0, 0, 0, 0, 0, 0, 1, 1, 1, 0, 0, 0], [1, 1, 0, 1, 0, 0, 0, 0, 1, 1, 0, 0, 1, 0, 0], [1, 0, 1, 1, 0, 0, 0, 0, 0, 0, 1, 1, 1, 0, 0], [0, 1, 1, 1, 0, 0, 0, 0, 0, 1, 1, 0, 0, 1, 0], [0, 0, 1, 0, 0, 1, 0, 0, 0, 1, 1, 0, 1, 0, 0], [1, 0, 1, 1, 1, 1, 0, 1, 1, 0, 1, 1, 1, 1, 1], [1, 0, 0, 0, 1, 0, 1, 1, 1, 1, 0, 0, 1, 0, 0], [1, 1, 1, 0, 1, 0, 1, 0, 0, 1, 0, 0, 0, 0, 0], [1, 1, 0, 1, 0, 1, 1, 0, 1, 1, 1, 0, 0, 1, 1], [1, 1, 1, 1, 0, 0, 0, 1, 0, 1, 0, 0, 1, 0, 0], [1, 1, 1, 0, 0, 0, 0, 0, 0, 1, 0, 0, 1, 0, 0]]",16.0,2.0,Y,"{0: 24, 1: 42, 2: 20, 3: 28, 4: 22, 5: 38, 6: 18, 7: 16, 8: 26, 9: 44, 10: 36, 11: 40, 12: 30, 13: 34, 14: 32}",Y,"{0: 24, 1: 42, 2: 20, 3: 28, 4: 22, 5: 38, 6: 18, 7: 16, 8: 26, 9: 44, 10: 36, 11: 40, 12: 30, 13: 34, 14: 32}","{(0, 1): 1, (0, 2): 1, (0, 4): 1, (0, 5): 1, (0, 6): 1, (0, 9): 1, (0, 10): 1, (0, 11): 14, (0, 12): 1, (0, 13): 1, (0, 14): 1, (1, 4): 7, (1, 5): 14, (1, 7): 1, (1, 11): 9, (1, 12): 1, (1, 13): 1, (1, 14): 8, (2, 3): 1, (2, 4): 1, (2, 6): 1, (2, 7): 1, (2, 8): 1, (2, 9): 1, (2, 11): 1, (2, 13): 1, (2, 14): 11, (3, 5): 3, (3, 6): 1, (3, 7): 1, (3, 9): 1, (3, 12): 4, (3, 13): 17, (4, 9): 1, (4, 10): 11, (4, 11): 1, (5, 8): 10, (5, 9): 6, (5, 12): 4, (6, 10): 6, (6, 11): 8, (6, 12): 1, (7, 9): 1, (7, 10): 2, (7, 13): 10, (8, 9): 12, (8, 10): 2, (8, 12): 1, (9, 10): 7, (9, 11): 7, (9, 12): 1, (9, 13): 1, (9, 14): 5, (10, 12): 7, (12, 13): 3, (12, 14): 7}",56.02836608886719,56.0,15.0,112.0
58.0,Graph with 15 nodes and 44 edges,"[[0, 1, 1, 0, 1, 0, 1, 1, 1, 0, 0, 0, 0, 1, 1], [1, 0, 1, 0, 0, 0, 0, 0, 1, 1, 0, 1, 0, 0, 1], [1, 1, 0, 0, 0, 1, 1, 0, 0, 1, 0, 1, 1, 1, 1], [0, 0, 0, 0, 0, 1, 0, 1, 0, 1, 0, 0, 0, 0, 1], [1, 0, 0, 0, 0, 1, 0, 0, 0, 1, 1, 1, 0, 0, 0], [0, 0, 1, 1, 1, 0, 0, 0, 0, 0, 1, 0, 1, 1, 0], [1, 0, 1, 0, 0, 0, 0, 0, 0, 0, 1, 0, 0, 0, 1], [1, 0, 0, 1, 0, 0, 0, 0, 1, 1, 0, 1, 0, 1, 0], [1, 1, 0, 0, 0, 0, 0, 1, 0, 0, 1, 1, 0, 0, 0], [0, 1, 1, 1, 1, 0, 0, 1, 0, 0, 0, 0, 0, 0, 0], [0, 0, 0, 0, 1, 1, 1, 0, 1, 0, 0, 1, 0, 1, 0], [0, 1, 1, 0, 1, 0, 0, 1, 1, 0, 1, 0, 1, 0, 0], [0, 0, 1, 0, 0, 1, 0, 0, 0, 0, 0, 1, 0, 0, 1], [1, 0, 1, 0, 0, 1, 0, 1, 0, 0, 1, 0, 0, 0, 1], [1, 1, 1, 1, 0, 0, 1, 0, 0, 0, 0, 0, 1, 1, 0]]",16.0,8.0,Y,"{0: 24, 1: 32, 2: 40, 3: 48, 4: 56, 5: 64, 6: 72, 7: 80, 8: 88, 9: 96, 10: 104, 11: 112, 12: 16, 13: 120, 14: 128}",Y,"{0: 24, 1: 32, 2: 40, 3: 48, 4: 56, 5: 64, 6: 72, 7: 80, 8: 88, 9: 96, 10: 104, 11: 112, 12: 16, 13: 120, 14: 128}","{(0, 1): 1, (0, 2): 1, (0, 4): 8, (0, 6): 1, (0, 7): 1, (0, 8): 1, (0, 13): 10, (0, 14): 1, (1, 2): 1, (1, 8): 1, (1, 9): 27, (1, 11): 1, (1, 14): 1, (2, 5): 1, (2, 6): 1, (2, 9): 32, (2, 11): 1, (2, 12): 1, (2, 13): 1, (2, 14): 1, (3, 5): 1, (3, 7): 1, (3, 9): 4, (3, 14): 42, (4, 5): 14, (4, 9): 32, (4, 10): 1, (4, 11): 1, (5, 10): 46, (5, 12): 1, (5, 13): 1, (6, 10): 1, (6, 14): 69, (7, 8): 1, (7, 9): 1, (7, 11): 1, (7, 13): 75, (8, 10): 1, (8, 11): 84, (10, 11): 23, (10, 13): 32, (11, 12): 1, (12, 14): 13, (13, 14): 1}",844.9554443359375,44.0,15.0,88.0
60.0,Graph with 15 nodes and 49 edges,"[[0, 0, 1, 0, 0, 0, 0, 0, 0, 1, 0, 1, 0, 0, 0], [0, 0, 1, 0, 1, 1, 1, 1, 0, 1, 0, 1, 1, 0, 0], [1, 1, 0, 1, 0, 0, 1, 1, 0, 0, 1, 1, 0, 1, 1], [0, 0, 1, 0, 0, 1, 0, 1, 1, 1, 1, 1, 0, 1, 0], [0, 1, 0, 0, 0, 1, 0, 0, 0, 0, 0, 0, 0, 0, 0], [0, 1, 0, 1, 1, 0, 1, 1, 1, 0, 1, 1, 0, 0, 0], [0, 1, 1, 0, 0, 1, 0, 1, 1, 1, 0, 1, 0, 1, 0], [0, 1, 1, 1, 0, 1, 1, 0, 1, 0, 1, 0, 1, 0, 0], [0, 0, 0, 1, 0, 1, 1, 1, 0, 1, 1, 1, 0, 0, 1], [1, 1, 0, 1, 0, 0, 1, 0, 1, 0, 0, 0, 1, 0, 1], [0, 0, 1, 1, 0, 1, 0, 1, 1, 0, 0, 0, 0, 1, 0], [1, 1, 1, 1, 0, 1, 1, 0, 1, 0, 0, 0, 0, 1, 0], [0, 1, 0, 0, 0, 0, 0, 1, 0, 1, 0, 0, 0, 1, 0], [0, 0, 1, 1, 0, 0, 1, 0, 0, 0, 1, 1, 1, 0, 1], [0, 0, 1, 0, 0, 0, 0, 0, 1, 1, 0, 0, 0, 1, 0]]",5.0,1.0,Y,"{0: 6, 1: 9, 2: 10, 3: 11, 4: 7, 5: 12, 6: 13, 7: 14, 8: 15, 9: 8, 10: 16, 11: 17, 12: 18, 13: 19, 14: 5}",Y,"{0: 6, 1: 9, 2: 10, 3: 11, 4: 7, 5: 12, 6: 13, 7: 14, 8: 15, 9: 8, 10: 16, 11: 17, 12: 18, 13: 19, 14: 5}","{(0, 2): 1, (0, 9): 1, (0, 11): 4, (1, 2): 1, (1, 4): 2, (1, 5): 1, (1, 6): 1, (1, 7): 1, (1, 9): 1, (1, 11): 1, (1, 12): 1, (2, 3): 1, (2, 6): 1, (2, 7): 1, (2, 10): 1, (2, 11): 1, (2, 13): 1, (2, 14): 2, (3, 5): 1, (3, 7): 1, (3, 8): 1, (3, 9): 1, (3, 10): 2, (3, 11): 1, (3, 13): 3, (4, 5): 5, (5, 6): 1, (5, 7): 1, (5, 8): 1, (5, 10): 1, (5, 11): 1, (6, 7): 1, (6, 8): 1, (6, 9): 1, (6, 11): 6, (6, 13): 1, (7, 8): 1, (7, 10): 4, (7, 12): 4, (8, 9): 1, (8, 10): 7, (8, 11): 2, (8, 14): 1, (9, 12): 2, (9, 14): 1, (10, 13): 1, (11, 13): 1, (12, 13): 11, (13, 14): 1}",33.14018249511719,49.0,15.0,98.0
60.0,Graph with 15 nodes and 49 edges,"[[0, 0, 1, 0, 0, 0, 0, 0, 0, 1, 0, 1, 0, 0, 0], [0, 0, 1, 0, 1, 1, 1, 1, 0, 1, 0, 1, 1, 0, 0], [1, 1, 0, 1, 0, 0, 1, 1, 0, 0, 1, 1, 0, 1, 1], [0, 0, 1, 0, 0, 1, 0, 1, 1, 1, 1, 1, 0, 1, 0], [0, 1, 0, 0, 0, 1, 0, 0, 0, 0, 0, 0, 0, 0, 0], [0, 1, 0, 1, 1, 0, 1, 1, 1, 0, 1, 1, 0, 0, 0], [0, 1, 1, 0, 0, 1, 0, 1, 1, 1, 0, 1, 0, 1, 0], [0, 1, 1, 1, 0, 1, 1, 0, 1, 0, 1, 0, 1, 0, 0], [0, 0, 0, 1, 0, 1, 1, 1, 0, 1, 1, 1, 0, 0, 1], [1, 1, 0, 1, 0, 0, 1, 0, 1, 0, 0, 0, 1, 0, 1], [0, 0, 1, 1, 0, 1, 0, 1, 1, 0, 0, 0, 0, 1, 0], [1, 1, 1, 1, 0, 1, 1, 0, 1, 0, 0, 0, 0, 1, 0], [0, 1, 0, 0, 0, 0, 0, 1, 0, 1, 0, 0, 0, 1, 0], [0, 0, 1, 1, 0, 0, 1, 0, 0, 0, 1, 1, 1, 0, 1], [0, 0, 1, 0, 0, 0, 0, 0, 1, 1, 0, 0, 0, 1, 0]]",25.0,9.0,Y,"{0: 34, 1: 43, 2: 52, 3: 61, 4: 70, 5: 79, 6: 88, 7: 97, 8: 106, 9: 115, 10: 124, 11: 133, 12: 142, 13: 151, 14: 25}",Y,"{0: 34, 1: 43, 2: 52, 3: 61, 4: 70, 5: 79, 6: 88, 7: 97, 8: 106, 9: 115, 10: 124, 11: 133, 12: 142, 13: 151, 14: 25}","{(0, 2): 5, (0, 9): 1, (0, 11): 28, (1, 2): 1, (1, 4): 20, (1, 5): 1, (1, 6): 5, (1, 7): 9, (1, 9): 1, (1, 11): 1, (1, 12): 5, (2, 3): 9, (2, 6): 10, (2, 7): 13, (2, 10): 1, (2, 11): 3, (2, 13): 5, (2, 14): 5, (3, 5): 1, (3, 7): 1, (3, 8): 26, (3, 9): 3, (3, 10): 5, (3, 11): 15, (3, 13): 1, (4, 5): 50, (5, 6): 6, (5, 7): 1, (5, 8): 1, (5, 10): 9, (5, 11): 10, (6, 7): 21, (6, 8): 4, (6, 9): 5, (6, 11): 15, (6, 13): 22, (7, 8): 1, (7, 10): 7, (7, 12): 44, (8, 9): 13, (8, 10): 3, (8, 11): 40, (8, 14): 18, (9, 12): 91, (9, 14): 1, (10, 13): 99, (11, 13): 21, (12, 13): 2, (13, 14): 1}",85.11543273925781,49.0,15.0,98.0
61.0,Graph with 15 nodes and 57 edges,"[[0, 0, 0, 0, 0, 0, 1, 1, 0, 1, 0, 0, 1, 1, 1], [0, 0, 1, 1, 1, 1, 0, 0, 1, 0, 1, 1, 0, 1, 0], [0, 1, 0, 1, 1, 0, 1, 1, 0, 1, 0, 1, 0, 0, 0], [0, 1, 1, 0, 1, 1, 0, 1, 1, 1, 1, 0, 1, 1, 1], [0, 1, 1, 1, 0, 0, 1, 1, 0, 0, 0, 1, 0, 0, 0], [0, 1, 0, 1, 0, 0, 0, 1, 1, 0, 1, 1, 1, 0, 0], [1, 0, 1, 0, 1, 0, 0, 1, 0, 1, 1, 1, 0, 0, 0], [1, 0, 1, 1, 1, 1, 1, 0, 0, 0, 0, 0, 1, 0, 0], [0, 1, 0, 1, 0, 1, 0, 0, 0, 1, 1, 1, 0, 1, 1], [1, 0, 1, 1, 0, 0, 1, 0, 1, 0, 1, 0, 0, 1, 1], [0, 1, 0, 1, 0, 1, 1, 0, 1, 1, 0, 1, 0, 1, 1], [0, 1, 1, 0, 1, 1, 1, 0, 1, 0, 1, 0, 0, 1, 1], [1, 0, 0, 1, 0, 1, 0, 1, 0, 0, 0, 0, 0, 0, 1], [1, 1, 0, 1, 0, 0, 0, 0, 1, 1, 1, 1, 0, 0, 1], [1, 0, 0, 1, 0, 0, 0, 0, 1, 1, 1, 1, 1, 1, 0]]",12.0,4.0,Y,"{0: 12, 1: 68, 2: 64, 3: 60, 4: 56, 5: 52, 6: 48, 7: 44, 8: 40, 9: 36, 10: 32, 11: 28, 12: 24, 13: 20, 14: 16}",Y,"{0: 12, 1: 68, 2: 64, 3: 60, 4: 56, 5: 52, 6: 48, 7: 44, 8: 40, 9: 36, 10: 32, 11: 28, 12: 24, 13: 20, 14: 16}","{(0, 6): 1, (0, 7): 1, (0, 9): 1, (0, 12): 1, (0, 13): 1, (0, 14): 7, (1, 2): 1, (1, 3): 9, (1, 4): 5, (1, 5): 5, (1, 8): 33, (1, 10): 1, (1, 11): 1, (1, 13): 13, (2, 3): 1, (2, 4): 34, (2, 6): 1, (2, 7): 25, (2, 9): 1, (2, 11): 1, (3, 4): 1, (3, 5): 25, (3, 7): 1, (3, 8): 1, (3, 9): 1, (3, 10): 1, (3, 12): 18, (3, 13): 1, (3, 14): 1, (4, 6): 1, (4, 7): 14, (4, 11): 1, (5, 7): 1, (5, 8): 1, (5, 10): 18, (5, 11): 1, (5, 12): 1, (6, 7): 1, (6, 9): 29, (6, 10): 1, (6, 11): 14, (7, 12): 1, (8, 9): 1, (8, 10): 1, (8, 11): 1, (8, 13): 1, (8, 14): 1, (9, 10): 1, (9, 13): 1, (9, 14): 1, (10, 11): 7, (10, 13): 1, (10, 14): 1, (11, 13): 1, (11, 14): 1, (12, 14): 3, (13, 14): 1}",36.00120544433594,57.0,15.0,114.0
61.0,Graph with 15 nodes and 57 edges,"[[0, 0, 0, 0, 0, 0, 1, 1, 0, 1, 0, 0, 1, 1, 1], [0, 0, 1, 1, 1, 1, 0, 0, 1, 0, 1, 1, 0, 1, 0], [0, 1, 0, 1, 1, 0, 1, 1, 0, 1, 0, 1, 0, 0, 0], [0, 1, 1, 0, 1, 1, 0, 1, 1, 1, 1, 0, 1, 1, 1], [0, 1, 1, 1, 0, 0, 1, 1, 0, 0, 0, 1, 0, 0, 0], [0, 1, 0, 1, 0, 0, 0, 1, 1, 0, 1, 1, 1, 0, 0], [1, 0, 1, 0, 1, 0, 0, 1, 0, 1, 1, 1, 0, 0, 0], [1, 0, 1, 1, 1, 1, 1, 0, 0, 0, 0, 0, 1, 0, 0], [0, 1, 0, 1, 0, 1, 0, 0, 0, 1, 1, 1, 0, 1, 1], [1, 0, 1, 1, 0, 0, 1, 0, 1, 0, 1, 0, 0, 1, 1], [0, 1, 0, 1, 0, 1, 1, 0, 1, 1, 0, 1, 0, 1, 1], [0, 1, 1, 0, 1, 1, 1, 0, 1, 0, 1, 0, 0, 1, 1], [1, 0, 0, 1, 0, 1, 0, 1, 0, 0, 0, 0, 0, 0, 1], [1, 1, 0, 1, 0, 0, 0, 0, 1, 1, 1, 1, 0, 0, 1], [1, 0, 0, 1, 0, 0, 0, 0, 1, 1, 1, 1, 1, 1, 0]]",16.0,8.0,Y,"{0: 24, 1: 32, 2: 40, 3: 48, 4: 56, 5: 64, 6: 72, 7: 80, 8: 88, 9: 96, 10: 104, 11: 112, 12: 120, 13: 128, 14: 16}",Y,"{0: 24, 1: 32, 2: 40, 3: 48, 4: 56, 5: 64, 6: 72, 7: 80, 8: 88, 9: 96, 10: 104, 11: 112, 12: 120, 13: 128, 14: 16}","{(0, 6): 1, (0, 7): 1, (0, 9): 11, (0, 12): 1, (0, 13): 1, (0, 14): 9, (1, 2): 1, (1, 3): 1, (1, 4): 25, (1, 5): 1, (1, 8): 1, (1, 10): 1, (1, 11): 1, (1, 13): 1, (2, 3): 1, (2, 4): 1, (2, 6): 34, (2, 7): 1, (2, 9): 1, (2, 11): 1, (3, 4): 1, (3, 5): 1, (3, 7): 1, (3, 8): 1, (3, 9): 1, (3, 10): 38, (3, 12): 1, (3, 13): 1, (3, 14): 1, (4, 6): 1, (4, 7): 16, (4, 11): 12, (5, 7): 1, (5, 8): 1, (5, 10): 1, (5, 11): 1, (5, 12): 58, (6, 7): 1, (6, 9): 1, (6, 10): 1, (6, 11): 33, (7, 12): 59, (8, 9): 79, (8, 10): 1, (8, 11): 1, (8, 13): 3, (8, 14): 1, (9, 10): 1, (9, 13): 1, (9, 14): 1, (10, 11): 1, (10, 13): 59, (10, 14): 1, (11, 13): 61, (11, 14): 1, (12, 14): 1, (13, 14): 1}",500.9174346923828,57.0,15.0,114.0
62.0,Graph with 15 nodes and 49 edges,"[[0, 1, 0, 1, 0, 0, 0, 1, 0, 0, 0, 0, 0, 1, 1], [1, 0, 1, 0, 1, 1, 0, 1, 1, 0, 0, 0, 1, 0, 0], [0, 1, 0, 0, 1, 0, 1, 0, 1, 1, 0, 1, 0, 1, 0], [1, 0, 0, 0, 1, 1, 1, 0, 1, 1, 1, 1, 0, 1, 0], [0, 1, 1, 1, 0, 1, 1, 1, 0, 0, 0, 0, 0, 0, 1], [0, 1, 0, 1, 1, 0, 1, 1, 1, 0, 0, 0, 0, 1, 0], [0, 0, 1, 1, 1, 1, 0, 0, 1, 0, 1, 0, 1, 0, 1], [1, 1, 0, 0, 1, 1, 0, 0, 0, 1, 0, 1, 1, 0, 0], [0, 1, 1, 1, 0, 1, 1, 0, 0, 0, 1, 0, 0, 0, 0], [0, 0, 1, 1, 0, 0, 0, 1, 0, 0, 1, 0, 0, 1, 1], [0, 0, 0, 1, 0, 0, 1, 0, 1, 1, 0, 0, 1, 0, 1], [0, 0, 1, 1, 0, 0, 0, 1, 0, 0, 0, 0, 1, 1, 1], [0, 1, 0, 0, 0, 0, 1, 1, 0, 0, 1, 1, 0, 0, 0], [1, 0, 1, 1, 0, 1, 0, 0, 0, 1, 0, 1, 0, 0, 0], [1, 0, 0, 0, 1, 0, 1, 0, 0, 1, 1, 1, 0, 0, 0]]",5.0,1.0,Y,"{0: 5, 1: 19, 2: 18, 3: 17, 4: 16, 5: 15, 6: 14, 7: 13, 8: 12, 9: 11, 10: 10, 11: 9, 12: 8, 13: 7, 14: 6}",Y,"{0: 5, 1: 19, 2: 18, 3: 17, 4: 16, 5: 15, 6: 14, 7: 13, 8: 12, 9: 11, 10: 10, 11: 9, 12: 8, 13: 7, 14: 6}","{(0, 1): 1, (0, 3): 1, (0, 7): 1, (0, 13): 1, (0, 14): 1, (1, 2): 5, (1, 4): 1, (1, 5): 5, (1, 7): 1, (1, 8): 5, (1, 12): 1, (2, 4): 1, (2, 6): 5, (2, 8): 1, (2, 9): 4, (2, 11): 1, (2, 13): 1, (3, 4): 6, (3, 5): 1, (3, 6): 1, (3, 8): 2, (3, 9): 1, (3, 10): 3, (3, 11): 1, (3, 13): 1, (4, 5): 4, (4, 6): 2, (4, 7): 1, (4, 14): 1, (5, 6): 1, (5, 7): 1, (5, 8): 1, (5, 13): 2, (6, 8): 1, (6, 10): 1, (6, 12): 2, (6, 14): 1, (7, 9): 2, (7, 11): 4, (7, 12): 3, (8, 10): 2, (9, 10): 2, (9, 13): 1, (9, 14): 1, (10, 12): 1, (10, 14): 1, (11, 12): 1, (11, 13): 1, (11, 14): 1}",42.91534423828125,49.0,15.0,98.0
62.0,Graph with 15 nodes and 49 edges,"[[0, 1, 0, 1, 0, 0, 0, 1, 0, 0, 0, 0, 0, 1, 1], [1, 0, 1, 0, 1, 1, 0, 1, 1, 0, 0, 0, 1, 0, 0], [0, 1, 0, 0, 1, 0, 1, 0, 1, 1, 0, 1, 0, 1, 0], [1, 0, 0, 0, 1, 1, 1, 0, 1, 1, 1, 1, 0, 1, 0], [0, 1, 1, 1, 0, 1, 1, 1, 0, 0, 0, 0, 0, 0, 1], [0, 1, 0, 1, 1, 0, 1, 1, 1, 0, 0, 0, 0, 1, 0], [0, 0, 1, 1, 1, 1, 0, 0, 1, 0, 1, 0, 1, 0, 1], [1, 1, 0, 0, 1, 1, 0, 0, 0, 1, 0, 1, 1, 0, 0], [0, 1, 1, 1, 0, 1, 1, 0, 0, 0, 1, 0, 0, 0, 0], [0, 0, 1, 1, 0, 0, 0, 1, 0, 0, 1, 0, 0, 1, 1], [0, 0, 0, 1, 0, 0, 1, 0, 1, 1, 0, 0, 1, 0, 1], [0, 0, 1, 1, 0, 0, 0, 1, 0, 0, 0, 0, 1, 1, 1], [0, 1, 0, 0, 0, 0, 1, 1, 0, 0, 1, 1, 0, 0, 0], [1, 0, 1, 1, 0, 1, 0, 0, 0, 1, 0, 1, 0, 0, 0], [1, 0, 0, 0, 1, 0, 1, 0, 0, 1, 1, 1, 0, 0, 0]]",19.0,1.0,Y,"{0: 23, 1: 32, 2: 25, 3: 29, 4: 22, 5: 30, 6: 20, 7: 19, 8: 24, 9: 33, 10: 28, 11: 31, 12: 26, 13: 21, 14: 27}",Y,"{0: 23, 1: 32, 2: 25, 3: 29, 4: 22, 5: 30, 6: 20, 7: 19, 8: 24, 9: 33, 10: 28, 11: 31, 12: 26, 13: 21, 14: 27}","{(0, 1): 11, (0, 3): 1, (0, 7): 1, (0, 13): 7, (0, 14): 3, (1, 2): 1, (1, 4): 3, (1, 5): 3, (1, 7): 1, (1, 8): 6, (1, 12): 7, (2, 4): 1, (2, 6): 1, (2, 8): 1, (2, 9): 9, (2, 11): 11, (2, 13): 1, (3, 4): 1, (3, 5): 7, (3, 6): 3, (3, 8): 1, (3, 9): 9, (3, 10): 1, (3, 11): 1, (3, 13): 5, (4, 5): 3, (4, 6): 1, (4, 7): 3, (4, 14): 10, (5, 6): 1, (5, 7): 1, (5, 8): 10, (5, 13): 5, (6, 8): 1, (6, 10): 7, (6, 12): 5, (6, 14): 1, (7, 9): 3, (7, 11): 3, (7, 12): 7, (8, 10): 5, (9, 10): 10, (9, 13): 1, (9, 14): 1, (10, 12): 2, (10, 14): 3, (11, 12): 5, (11, 13): 2, (11, 14): 9}",76.05552673339844,49.0,15.0,98.0
63.0,Graph with 15 nodes and 57 edges,"[[0, 1, 0, 1, 1, 1, 1, 0, 0, 1, 0, 1, 1, 0, 1], [1, 0, 1, 1, 1, 0, 1, 0, 0, 1, 1, 0, 1, 0, 1], [0, 1, 0, 0, 1, 1, 0, 1, 0, 1, 1, 0, 0, 1, 0], [1, 1, 0, 0, 0, 0, 0, 1, 0, 1, 0, 1, 1, 1, 1], [1, 1, 1, 0, 0, 1, 0, 0, 1, 1, 1, 1, 1, 0, 0], [1, 0, 1, 0, 1, 0, 0, 0, 0, 1, 1, 1, 1, 1, 0], [1, 1, 0, 0, 0, 0, 0, 0, 0, 1, 0, 1, 0, 1, 1], [0, 0, 1, 1, 0, 0, 0, 0, 0, 1, 0, 1, 0, 0, 0], [0, 0, 0, 0, 1, 0, 0, 0, 0, 0, 1, 0, 1, 1, 1], [1, 1, 1, 1, 1, 1, 1, 1, 0, 0, 1, 1, 0, 1, 0], [0, 1, 1, 0, 1, 1, 0, 0, 1, 1, 0, 0, 1, 0, 0], [1, 0, 0, 1, 1, 1, 1, 1, 0, 1, 0, 0, 1, 1, 0], [1, 1, 0, 1, 1, 1, 0, 0, 1, 0, 1, 1, 0, 0, 0], [0, 0, 1, 1, 0, 1, 1, 0, 1, 1, 0, 1, 0, 0, 1], [1, 1, 0, 1, 0, 0, 1, 0, 1, 0, 0, 0, 0, 1, 0]]",19.0,1.0,Y,"{0: 33, 1: 32, 2: 31, 3: 30, 4: 29, 5: 28, 6: 27, 7: 26, 8: 25, 9: 24, 10: 23, 11: 22, 12: 21, 13: 20, 14: 19}",Y,"{0: 33, 1: 32, 2: 31, 3: 30, 4: 29, 5: 28, 6: 27, 7: 26, 8: 25, 9: 24, 10: 23, 11: 22, 12: 21, 13: 20, 14: 19}","{(0, 1): 6, (0, 3): 1, (0, 4): 1, (0, 5): 12, (0, 6): 9, (0, 9): 1, (0, 11): 1, (0, 12): 1, (0, 14): 1, (1, 2): 5, (1, 3): 6, (1, 4): 7, (1, 6): 1, (1, 9): 1, (1, 10): 2, (1, 12): 3, (1, 14): 1, (2, 4): 3, (2, 5): 1, (2, 7): 9, (2, 9): 8, (2, 10): 4, (2, 13): 1, (3, 7): 13, (3, 9): 1, (3, 11): 3, (3, 12): 2, (3, 13): 1, (3, 14): 3, (4, 5): 1, (4, 8): 7, (4, 9): 1, (4, 10): 7, (4, 11): 1, (4, 12): 1, (5, 9): 2, (5, 10): 1, (5, 11): 2, (5, 12): 4, (5, 13): 5, (6, 9): 1, (6, 11): 11, (6, 13): 2, (6, 14): 3, (7, 9): 3, (7, 11): 1, (8, 10): 1, (8, 12): 2, (8, 13): 5, (8, 14): 10, (9, 10): 1, (9, 11): 1, (9, 13): 4, (10, 12): 7, (11, 12): 1, (11, 13): 1, (13, 14): 1}",75.81710815429688,57.0,15.0,114.0
65.0,Graph with 15 nodes and 57 edges,"[[0, 0, 0, 0, 1, 1, 1, 1, 1, 1, 1, 1, 0, 1, 1], [0, 0, 1, 1, 1, 0, 1, 0, 1, 0, 1, 1, 0, 1, 0], [0, 1, 0, 0, 1, 0, 1, 0, 0, 0, 1, 0, 1, 0, 1], [0, 1, 0, 0, 1, 1, 0, 0, 0, 1, 0, 0, 1, 1, 0], [1, 1, 1, 1, 0, 0, 1, 0, 1, 1, 1, 1, 0, 0, 1], [1, 0, 0, 1, 0, 0, 1, 1, 0, 0, 0, 1, 1, 0, 0], [1, 1, 1, 0, 1, 1, 0, 1, 1, 0, 1, 0, 1, 1, 0], [1, 0, 0, 0, 0, 1, 1, 0, 0, 0, 1, 1, 0, 1, 0], [1, 1, 0, 0, 1, 0, 1, 0, 0, 0, 1, 1, 1, 1, 1], [1, 0, 0, 1, 1, 0, 0, 0, 0, 0, 0, 0, 1, 1, 1], [1, 1, 1, 0, 1, 0, 1, 1, 1, 0, 0, 0, 1, 0, 1], [1, 1, 0, 0, 1, 1, 0, 1, 1, 0, 0, 0, 0, 1, 0], [0, 0, 1, 1, 0, 1, 1, 0, 1, 1, 1, 0, 0, 0, 0], [1, 1, 0, 1, 0, 0, 1, 1, 1, 1, 0, 1, 0, 0, 0], [1, 0, 1, 0, 1, 0, 0, 0, 1, 1, 1, 0, 0, 0, 0]]",6.0,2.0,Y,"{0: 34, 1: 8, 2: 16, 3: 10, 4: 18, 5: 6, 6: 30, 7: 14, 8: 26, 9: 32, 10: 22, 11: 24, 12: 28, 13: 12, 14: 20}",Y,"{0: 34, 1: 8, 2: 16, 3: 10, 4: 18, 5: 6, 6: 30, 7: 14, 8: 26, 9: 32, 10: 22, 11: 24, 12: 28, 13: 12, 14: 20}","{(0, 4): 1, (0, 5): 1, (0, 6): 1, (0, 7): 1, (0, 8): 15, (0, 9): 5, (0, 10): 1, (0, 11): 7, (0, 13): 1, (0, 14): 1, (1, 2): 1, (1, 3): 1, (1, 4): 1, (1, 6): 1, (1, 8): 1, (1, 10): 1, (1, 11): 1, (1, 13): 1, (2, 4): 9, (2, 6): 1, (2, 10): 1, (2, 12): 3, (2, 14): 1, (3, 4): 1, (3, 5): 1, (3, 9): 5, (3, 12): 1, (3, 13): 1, (4, 6): 1, (4, 8): 1, (4, 9): 1, (4, 10): 1, (4, 11): 1, (4, 14): 1, (5, 6): 1, (5, 7): 1, (5, 11): 1, (5, 12): 1, (6, 7): 1, (6, 8): 1, (6, 10): 8, (6, 12): 14, (6, 13): 1, (7, 10): 1, (7, 11): 9, (7, 13): 1, (8, 10): 1, (8, 11): 4, (8, 12): 1, (8, 13): 1, (8, 14): 1, (9, 12): 1, (9, 13): 5, (9, 14): 15, (10, 12): 7, (10, 14): 1, (11, 13): 1}",1028.0609130859375,57.0,15.0,114.0
65.0,Graph with 15 nodes and 57 edges,"[[0, 0, 0, 0, 1, 1, 1, 1, 1, 1, 1, 1, 0, 1, 1], [0, 0, 1, 1, 1, 0, 1, 0, 1, 0, 1, 1, 0, 1, 0], [0, 1, 0, 0, 1, 0, 1, 0, 0, 0, 1, 0, 1, 0, 1], [0, 1, 0, 0, 1, 1, 0, 0, 0, 1, 0, 0, 1, 1, 0], [1, 1, 1, 1, 0, 0, 1, 0, 1, 1, 1, 1, 0, 0, 1], [1, 0, 0, 1, 0, 0, 1, 1, 0, 0, 0, 1, 1, 0, 0], [1, 1, 1, 0, 1, 1, 0, 1, 1, 0, 1, 0, 1, 1, 0], [1, 0, 0, 0, 0, 1, 1, 0, 0, 0, 1, 1, 0, 1, 0], [1, 1, 0, 0, 1, 0, 1, 0, 0, 0, 1, 1, 1, 1, 1], [1, 0, 0, 1, 1, 0, 0, 0, 0, 0, 0, 0, 1, 1, 1], [1, 1, 1, 0, 1, 0, 1, 1, 1, 0, 0, 0, 1, 0, 1], [1, 1, 0, 0, 1, 1, 0, 1, 1, 0, 0, 0, 0, 1, 0], [0, 0, 1, 1, 0, 1, 1, 0, 1, 1, 1, 0, 0, 0, 0], [1, 1, 0, 1, 0, 0, 1, 1, 1, 1, 0, 1, 0, 0, 0], [1, 0, 1, 0, 1, 0, 0, 0, 1, 1, 1, 0, 0, 0, 0]]",24.0,2.0,Y,"{0: 26, 1: 28, 2: 30, 3: 32, 4: 34, 5: 36, 6: 38, 7: 40, 8: 42, 9: 44, 10: 46, 11: 48, 12: 50, 13: 52, 14: 24}",Y,"{0: 26, 1: 28, 2: 30, 3: 32, 4: 34, 5: 36, 6: 38, 7: 40, 8: 42, 9: 44, 10: 46, 11: 48, 12: 50, 13: 52, 14: 24}","{(0, 4): 1, (0, 5): 1, (0, 6): 1, (0, 7): 1, (0, 8): 1, (0, 9): 1, (0, 10): 1, (0, 11): 1, (0, 13): 17, (0, 14): 1, (1, 2): 1, (1, 3): 1, (1, 4): 1, (1, 6): 1, (1, 8): 1, (1, 10): 1, (1, 11): 9, (1, 13): 13, (2, 4): 1, (2, 6): 1, (2, 10): 25, (2, 12): 1, (2, 14): 1, (3, 4): 1, (3, 5): 1, (3, 9): 1, (3, 12): 27, (3, 13): 1, (4, 6): 1, (4, 8): 1, (4, 9): 25, (4, 10): 1, (4, 11): 1, (4, 14): 1, (5, 6): 1, (5, 7): 31, (5, 11): 1, (5, 12): 1, (6, 7): 1, (6, 8): 1, (6, 10): 1, (6, 12): 13, (6, 13): 17, (7, 10): 5, (7, 11): 1, (7, 13): 1, (8, 10): 1, (8, 11): 34, (8, 12): 1, (8, 13): 1, (8, 14): 1, (9, 12): 6, (9, 13): 1, (9, 14): 10, (10, 12): 1, (10, 14): 10, (11, 13): 1}",1015.9015655517578,57.0,15.0,114.0
67.0,Graph with 15 nodes and 60 edges,"[[0, 0, 1, 1, 0, 1, 1, 0, 0, 0, 1, 1, 0, 1, 0], [0, 0, 1, 0, 1, 1, 1, 0, 1, 0, 0, 0, 1, 0, 1], [1, 1, 0, 1, 1, 1, 0, 0, 1, 0, 0, 1, 1, 0, 0], [1, 0, 1, 0, 1, 1, 1, 1, 0, 1, 1, 1, 1, 1, 1], [0, 1, 1, 1, 0, 1, 1, 0, 1, 1, 1, 1, 1, 1, 1], [1, 1, 1, 1, 1, 0, 0, 0, 0, 0, 0, 1, 0, 0, 0], [1, 1, 0, 1, 1, 0, 0, 1, 1, 0, 0, 1, 0, 0, 0], [0, 0, 0, 1, 0, 0, 1, 0, 1, 1, 1, 1, 1, 1, 0], [0, 1, 1, 0, 1, 0, 1, 1, 0, 1, 0, 1, 0, 1, 1], [0, 0, 0, 1, 1, 0, 0, 1, 1, 0, 1, 0, 0, 0, 1], [1, 0, 0, 1, 1, 0, 0, 1, 0, 1, 0, 1, 0, 1, 0], [1, 0, 1, 1, 1, 1, 1, 1, 1, 0, 1, 0, 1, 0, 1], [0, 1, 1, 1, 1, 0, 0, 1, 0, 0, 0, 1, 0, 1, 0], [1, 0, 0, 1, 1, 0, 0, 1, 1, 0, 1, 0, 1, 0, 0], [0, 1, 0, 1, 1, 0, 0, 0, 1, 1, 0, 1, 0, 0, 0]]",19.0,3.0,Y,"{0: 22, 1: 25, 2: 28, 3: 31, 4: 34, 5: 37, 6: 40, 7: 43, 8: 46, 9: 49, 10: 52, 11: 55, 12: 58, 13: 61, 14: 19}",Y,"{0: 22, 1: 25, 2: 28, 3: 31, 4: 34, 5: 37, 6: 40, 7: 43, 8: 46, 9: 49, 10: 52, 11: 55, 12: 58, 13: 61, 14: 19}","{(0, 2): 3, (0, 3): 1, (0, 5): 5, (0, 6): 1, (0, 10): 1, (0, 11): 7, (0, 13): 4, (1, 2): 1, (1, 4): 1, (1, 5): 13, (1, 6): 4, (1, 8): 4, (1, 12): 1, (1, 14): 1, (2, 3): 6, (2, 4): 9, (2, 5): 4, (2, 8): 1, (2, 11): 1, (2, 12): 3, (3, 4): 1, (3, 5): 1, (3, 6): 1, (3, 7): 1, (3, 9): 1, (3, 10): 10, (3, 11): 1, (3, 12): 6, (3, 13): 1, (3, 14): 1, (4, 5): 3, (4, 6): 4, (4, 8): 1, (4, 9): 4, (4, 10): 1, (4, 11): 1, (4, 12): 7, (4, 13): 1, (4, 14): 1, (5, 11): 11, (6, 7): 1, (6, 8): 19, (6, 11): 10, (7, 8): 11, (7, 9): 4, (7, 10): 2, (7, 11): 1, (7, 12): 4, (7, 13): 19, (8, 9): 4, (8, 11): 1, (8, 13): 4, (8, 14): 1, (9, 10): 32, (9, 14): 4, (10, 11): 4, (10, 13): 2, (11, 12): 7, (11, 14): 11, (12, 13): 30}",67.94929504394531,60.0,15.0,120.0
70.0,Graph with 15 nodes and 53 edges,"[[0, 1, 1, 1, 0, 0, 0, 0, 1, 1, 1, 0, 0, 1, 0], [1, 0, 0, 1, 0, 0, 0, 0, 0, 1, 1, 1, 1, 0, 0], [1, 0, 0, 1, 0, 1, 0, 1, 0, 1, 0, 1, 0, 1, 0], [1, 1, 1, 0, 1, 1, 0, 1, 1, 1, 1, 0, 0, 0, 1], [0, 0, 0, 1, 0, 0, 1, 0, 0, 0, 0, 1, 1, 0, 1], [0, 0, 1, 1, 0, 0, 1, 0, 1, 1, 1, 1, 1, 0, 0], [0, 0, 0, 0, 1, 1, 0, 1, 0, 1, 0, 0, 0, 0, 0], [0, 0, 1, 1, 0, 0, 1, 0, 1, 0, 1, 1, 1, 0, 0], [1, 0, 0, 1, 0, 1, 0, 1, 0, 1, 0, 0, 1, 0, 1], [1, 1, 1, 1, 0, 1, 1, 0, 1, 0, 1, 1, 0, 0, 1], [1, 1, 0, 1, 0, 1, 0, 1, 0, 1, 0, 0, 1, 0, 1], [0, 1, 1, 0, 1, 1, 0, 1, 0, 1, 0, 0, 1, 1, 0], [0, 1, 0, 0, 1, 1, 0, 1, 1, 0, 1, 1, 0, 0, 1], [1, 0, 1, 0, 0, 0, 0, 0, 0, 0, 0, 1, 0, 0, 1], [0, 0, 0, 1, 1, 0, 0, 0, 1, 1, 1, 0, 1, 1, 0]]",14.0,4.0,Y,"{0: 18, 1: 22, 2: 26, 3: 30, 4: 34, 5: 38, 6: 42, 7: 46, 8: 50, 9: 54, 10: 58, 11: 62, 12: 66, 13: 70, 14: 14}",Y,"{0: 18, 1: 22, 2: 26, 3: 30, 4: 34, 5: 38, 6: 42, 7: 46, 8: 50, 9: 54, 10: 58, 11: 62, 12: 66, 13: 70, 14: 14}","{(0, 1): 1, (0, 2): 1, (0, 3): 1, (0, 8): 1, (0, 9): 1, (0, 10): 1, (0, 13): 12, (1, 3): 1, (1, 9): 1, (1, 10): 1, (1, 11): 1, (1, 12): 17, (2, 3): 1, (2, 5): 1, (2, 7): 1, (2, 9): 1, (2, 11): 1, (2, 13): 20, (3, 4): 1, (3, 5): 18, (3, 7): 1, (3, 8): 1, (3, 9): 4, (3, 10): 1, (3, 14): 1, (4, 6): 30, (4, 11): 1, (4, 12): 1, (4, 14): 1, (5, 6): 10, (5, 8): 1, (5, 9): 1, (5, 10): 1, (5, 11): 1, (5, 12): 5, (6, 7): 1, (6, 9): 1, (7, 8): 1, (7, 10): 40, (7, 11): 1, (7, 12): 1, (8, 9): 31, (8, 12): 14, (8, 14): 1, (9, 10): 12, (9, 11): 1, (9, 14): 1, (10, 12): 1, (10, 14): 1, (11, 12): 19, (11, 13): 37, (12, 14): 8, (13, 14): 1}",923.8719940185547,53.0,15.0,106.0
70.0,Graph with 15 nodes and 53 edges,"[[0, 1, 1, 1, 0, 0, 0, 0, 1, 1, 1, 0, 0, 1, 0], [1, 0, 0, 1, 0, 0, 0, 0, 0, 1, 1, 1, 1, 0, 0], [1, 0, 0, 1, 0, 1, 0, 1, 0, 1, 0, 1, 0, 1, 0], [1, 1, 1, 0, 1, 1, 0, 1, 1, 1, 1, 0, 0, 0, 1], [0, 0, 0, 1, 0, 0, 1, 0, 0, 0, 0, 1, 1, 0, 1], [0, 0, 1, 1, 0, 0, 1, 0, 1, 1, 1, 1, 1, 0, 0], [0, 0, 0, 0, 1, 1, 0, 1, 0, 1, 0, 0, 0, 0, 0], [0, 0, 1, 1, 0, 0, 1, 0, 1, 0, 1, 1, 1, 0, 0], [1, 0, 0, 1, 0, 1, 0, 1, 0, 1, 0, 0, 1, 0, 1], [1, 1, 1, 1, 0, 1, 1, 0, 1, 0, 1, 1, 0, 0, 1], [1, 1, 0, 1, 0, 1, 0, 1, 0, 1, 0, 0, 1, 0, 1], [0, 1, 1, 0, 1, 1, 0, 1, 0, 1, 0, 0, 1, 1, 0], [0, 1, 0, 0, 1, 1, 0, 1, 1, 0, 1, 1, 0, 0, 1], [1, 0, 1, 0, 0, 0, 0, 0, 0, 0, 0, 1, 0, 0, 1], [0, 0, 0, 1, 1, 0, 0, 0, 1, 1, 1, 0, 1, 1, 0]]",21.0,3.0,Y,"{0: 63, 1: 33, 2: 24, 3: 30, 4: 60, 5: 27, 6: 42, 7: 21, 8: 36, 9: 57, 10: 54, 11: 51, 12: 48, 13: 39, 14: 45}",Y,"{0: 63, 1: 33, 2: 24, 3: 30, 4: 60, 5: 27, 6: 42, 7: 21, 8: 36, 9: 57, 10: 54, 11: 51, 12: 48, 13: 39, 14: 45}","{(0, 1): 17, (0, 2): 1, (0, 3): 1, (0, 8): 2, (0, 9): 16, (0, 10): 1, (0, 13): 25, (1, 3): 1, (1, 9): 1, (1, 10): 1, (1, 11): 1, (1, 12): 12, (2, 3): 18, (2, 5): 1, (2, 7): 1, (2, 9): 1, (2, 11): 1, (2, 13): 1, (3, 4): 1, (3, 5): 1, (3, 7): 1, (3, 8): 1, (3, 9): 1, (3, 10): 4, (3, 14): 1, (4, 6): 1, (4, 11): 33, (4, 12): 9, (4, 14): 16, (5, 6): 20, (5, 8): 1, (5, 9): 1, (5, 10): 1, (5, 11): 1, (5, 12): 1, (6, 7): 1, (6, 9): 20, (7, 8): 15, (7, 10): 1, (7, 11): 1, (7, 12): 1, (8, 9): 1, (8, 12): 1, (8, 14): 15, (9, 10): 14, (9, 11): 1, (9, 14): 1, (10, 12): 22, (10, 14): 10, (11, 12): 1, (11, 13): 12, (12, 14): 1, (13, 14): 1}",41.961669921875,53.0,15.0,106.0
71.0,Graph with 15 nodes and 52 edges,"[[0, 0, 1, 1, 1, 0, 1, 1, 1, 0, 1, 1, 0, 1, 0], [0, 0, 0, 0, 1, 0, 0, 0, 1, 0, 0, 1, 1, 1, 0], [1, 0, 0, 0, 1, 1, 0, 1, 0, 0, 1, 1, 1, 0, 1], [1, 0, 0, 0, 0, 1, 1, 1, 1, 1, 1, 0, 1, 1, 1], [1, 1, 1, 0, 0, 1, 1, 0, 1, 0, 0, 0, 0, 0, 0], [0, 0, 1, 1, 1, 0, 0, 0, 1, 1, 1, 1, 1, 0, 0], [1, 0, 0, 1, 1, 0, 0, 1, 0, 0, 1, 0, 0, 0, 1], [1, 0, 1, 1, 0, 0, 1, 0, 1, 0, 0, 0, 0, 0, 1], [1, 1, 0, 1, 1, 1, 0, 1, 0, 1, 0, 1, 1, 0, 0], [0, 0, 0, 1, 0, 1, 0, 0, 1, 0, 0, 0, 0, 0, 1], [1, 0, 1, 1, 0, 1, 1, 0, 0, 0, 0, 1, 1, 0, 0], [1, 1, 1, 0, 0, 1, 0, 0, 1, 0, 1, 0, 0, 0, 1], [0, 1, 1, 1, 0, 1, 0, 0, 1, 0, 1, 0, 0, 1, 1], [1, 1, 0, 1, 0, 0, 0, 0, 0, 0, 0, 0, 1, 0, 0], [0, 0, 1, 1, 0, 0, 1, 1, 0, 1, 0, 1, 1, 0, 0]]",7.0,3.0,Y,"{0: 46, 1: 31, 2: 13, 3: 19, 4: 16, 5: 49, 6: 28, 7: 34, 8: 43, 9: 40, 10: 7, 11: 37, 12: 25, 13: 22, 14: 10}",Y,"{0: 46, 1: 31, 2: 13, 3: 19, 4: 16, 5: 49, 6: 28, 7: 34, 8: 43, 9: 40, 10: 7, 11: 37, 12: 25, 13: 22, 14: 10}","{(0, 2): 1, (0, 3): 1, (0, 4): 1, (0, 6): 13, (0, 7): 17, (0, 8): 1, (0, 10): 1, (0, 11): 10, (0, 13): 1, (1, 4): 2, (1, 8): 8, (1, 11): 1, (1, 12): 1, (1, 13): 19, (2, 4): 1, (2, 5): 1, (2, 7): 6, (2, 10): 1, (2, 11): 1, (2, 12): 1, (2, 14): 1, (3, 5): 1, (3, 6): 1, (3, 7): 1, (3, 8): 1, (3, 9): 10, (3, 10): 1, (3, 12): 1, (3, 13): 1, (3, 14): 1, (4, 5): 6, (4, 6): 5, (4, 8): 1, (5, 8): 1, (5, 9): 19, (5, 10): 1, (5, 11): 19, (5, 12): 1, (6, 7): 7, (6, 10): 1, (6, 14): 1, (7, 8): 2, (7, 14): 1, (8, 9): 10, (8, 11): 1, (8, 12): 18, (9, 14): 1, (10, 11): 1, (10, 12): 1, (11, 14): 4, (12, 13): 1, (12, 14): 1}",42.91534423828125,52.0,15.0,104.0
71.0,Graph with 15 nodes and 52 edges,"[[0, 0, 1, 1, 1, 0, 1, 1, 1, 0, 1, 1, 0, 1, 0], [0, 0, 0, 0, 1, 0, 0, 0, 1, 0, 0, 1, 1, 1, 0], [1, 0, 0, 0, 1, 1, 0, 1, 0, 0, 1, 1, 1, 0, 1], [1, 0, 0, 0, 0, 1, 1, 1, 1, 1, 1, 0, 1, 1, 1], [1, 1, 1, 0, 0, 1, 1, 0, 1, 0, 0, 0, 0, 0, 0], [0, 0, 1, 1, 1, 0, 0, 0, 1, 1, 1, 1, 1, 0, 0], [1, 0, 0, 1, 1, 0, 0, 1, 0, 0, 1, 0, 0, 0, 1], [1, 0, 1, 1, 0, 0, 1, 0, 1, 0, 0, 0, 0, 0, 1], [1, 1, 0, 1, 1, 1, 0, 1, 0, 1, 0, 1, 1, 0, 0], [0, 0, 0, 1, 0, 1, 0, 0, 1, 0, 0, 0, 0, 0, 1], [1, 0, 1, 1, 0, 1, 1, 0, 0, 0, 0, 1, 1, 0, 0], [1, 1, 1, 0, 0, 1, 0, 0, 1, 0, 1, 0, 0, 0, 1], [0, 1, 1, 1, 0, 1, 0, 0, 1, 0, 1, 0, 0, 1, 1], [1, 1, 0, 1, 0, 0, 0, 0, 0, 0, 0, 0, 1, 0, 0], [0, 0, 1, 1, 0, 0, 1, 1, 0, 1, 0, 1, 1, 0, 0]]",29.0,3.0,Y,"{0: 32, 1: 35, 2: 38, 3: 41, 4: 44, 5: 47, 6: 50, 7: 53, 8: 56, 9: 59, 10: 62, 11: 65, 12: 68, 13: 71, 14: 29}",Y,"{0: 32, 1: 35, 2: 38, 3: 41, 4: 44, 5: 47, 6: 50, 7: 53, 8: 56, 9: 59, 10: 62, 11: 65, 12: 68, 13: 71, 14: 29}","{(0, 2): 3, (0, 3): 1, (0, 4): 1, (0, 6): 1, (0, 7): 14, (0, 8): 1, (0, 10): 9, (0, 11): 1, (0, 13): 1, (1, 4): 7, (1, 8): 6, (1, 11): 1, (1, 12): 1, (1, 13): 20, (2, 4): 1, (2, 5): 6, (2, 7): 3, (2, 10): 1, (2, 11): 16, (2, 12): 1, (2, 14): 7, (3, 5): 1, (3, 6): 2, (3, 7): 1, (3, 8): 1, (3, 9): 29, (3, 10): 3, (3, 12): 1, (3, 13): 1, (3, 14): 1, (4, 5): 9, (4, 6): 25, (4, 8): 1, (5, 8): 8, (5, 9): 18, (5, 10): 3, (5, 11): 1, (5, 12): 1, (6, 7): 12, (6, 10): 1, (6, 14): 9, (7, 8): 22, (7, 14): 1, (8, 9): 3, (8, 11): 1, (8, 12): 13, (9, 14): 9, (10, 11): 44, (10, 12): 1, (11, 14): 1, (12, 13): 49, (12, 14): 1}",90.83747863769531,52.0,15.0,104.0
72.0,Graph with 15 nodes and 51 edges,"[[0, 0, 0, 1, 0, 0, 0, 0, 1, 0, 1, 1, 0, 1, 0], [0, 0, 1, 1, 1, 0, 1, 0, 0, 0, 1, 1, 1, 1, 0], [0, 1, 0, 0, 1, 1, 0, 1, 0, 1, 0, 0, 0, 1, 1], [1, 1, 0, 0, 0, 0, 0, 0, 1, 0, 1, 0, 0, 0, 0], [0, 1, 1, 0, 0, 1, 1, 0, 1, 1, 1, 0, 0, 1, 1], [0, 0, 1, 0, 1, 0, 1, 1, 0, 0, 0, 1, 1, 0, 0], [0, 1, 0, 0, 1, 1, 0, 1, 0, 0, 1, 0, 1, 1, 1], [0, 0, 1, 0, 0, 1, 1, 0, 0, 0, 1, 0, 0, 0, 1], [1, 0, 0, 1, 1, 0, 0, 0, 0, 1, 0, 1, 1, 0, 1], [0, 0, 1, 0, 1, 0, 0, 0, 1, 0, 0, 0, 1, 0, 0], [1, 1, 0, 1, 1, 0, 1, 1, 0, 0, 0, 0, 0, 1, 1], [1, 1, 0, 0, 0, 1, 0, 0, 1, 0, 0, 0, 1, 1, 0], [0, 1, 0, 0, 0, 1, 1, 0, 1, 1, 0, 1, 0, 1, 1], [1, 1, 1, 0, 1, 0, 1, 0, 0, 0, 1, 1, 1, 0, 1], [0, 0, 1, 0, 1, 0, 1, 1, 1, 0, 1, 0, 1, 1, 0]]",17.0,9.0,Y,"{0: 26, 1: 35, 2: 44, 3: 53, 4: 62, 5: 71, 6: 80, 7: 89, 8: 98, 9: 107, 10: 116, 11: 125, 12: 134, 13: 143, 14: 17}",Y,"{0: 26, 1: 35, 2: 44, 3: 53, 4: 62, 5: 71, 6: 80, 7: 89, 8: 98, 9: 107, 10: 116, 11: 125, 12: 134, 13: 143, 14: 17}","{(0, 3): 7, (0, 8): 3, (0, 10): 6, (0, 11): 9, (0, 13): 1, (1, 2): 1, (1, 3): 1, (1, 4): 1, (1, 6): 5, (1, 10): 1, (1, 11): 10, (1, 12): 1, (1, 13): 15, (2, 4): 13, (2, 5): 3, (2, 7): 7, (2, 9): 18, (2, 13): 1, (2, 14): 1, (3, 8): 10, (3, 10): 35, (4, 5): 1, (4, 6): 1, (4, 8): 19, (4, 9): 24, (4, 10): 1, (4, 13): 1, (4, 14): 1, (5, 6): 34, (5, 7): 13, (5, 11): 11, (5, 12): 9, (6, 7): 1, (6, 10): 1, (6, 12): 36, (6, 13): 1, (6, 14): 1, (7, 10): 67, (7, 14): 1, (8, 9): 45, (8, 11): 19, (8, 12): 1, (8, 14): 1, (9, 12): 20, (10, 13): 1, (10, 14): 4, (11, 12): 11, (11, 13): 65, (12, 13): 53, (12, 14): 3, (13, 14): 5}",76.05552673339844,51.0,15.0,102.0
72.0,Graph with 15 nodes and 51 edges,"[[0, 0, 0, 1, 0, 0, 0, 0, 1, 0, 1, 1, 0, 1, 0], [0, 0, 1, 1, 1, 0, 1, 0, 0, 0, 1, 1, 1, 1, 0], [0, 1, 0, 0, 1, 1, 0, 1, 0, 1, 0, 0, 0, 1, 1], [1, 1, 0, 0, 0, 0, 0, 0, 1, 0, 1, 0, 0, 0, 0], [0, 1, 1, 0, 0, 1, 1, 0, 1, 1, 1, 0, 0, 1, 1], [0, 0, 1, 0, 1, 0, 1, 1, 0, 0, 0, 1, 1, 0, 0], [0, 1, 0, 0, 1, 1, 0, 1, 0, 0, 1, 0, 1, 1, 1], [0, 0, 1, 0, 0, 1, 1, 0, 0, 0, 1, 0, 0, 0, 1], [1, 0, 0, 1, 1, 0, 0, 0, 0, 1, 0, 1, 1, 0, 1], [0, 0, 1, 0, 1, 0, 0, 0, 1, 0, 0, 0, 1, 0, 0], [1, 1, 0, 1, 1, 0, 1, 1, 0, 0, 0, 0, 0, 1, 1], [1, 1, 0, 0, 0, 1, 0, 0, 1, 0, 0, 0, 1, 1, 0], [0, 1, 0, 0, 0, 1, 1, 0, 1, 1, 0, 1, 0, 1, 1], [1, 1, 1, 0, 1, 0, 1, 0, 0, 0, 1, 1, 1, 0, 1], [0, 0, 1, 0, 1, 0, 1, 1, 1, 0, 1, 0, 1, 1, 0]]",24.0,6.0,Y,"{0: 108, 1: 102, 2: 96, 3: 90, 4: 84, 5: 78, 6: 72, 7: 66, 8: 60, 9: 54, 10: 48, 11: 42, 12: 36, 13: 30, 14: 24}",Y,"{0: 108, 1: 102, 2: 96, 3: 90, 4: 84, 5: 78, 6: 72, 7: 66, 8: 60, 9: 54, 10: 48, 11: 42, 12: 36, 13: 30, 14: 24}","{(0, 3): 37, (0, 8): 50, (0, 10): 17, (0, 11): 1, (0, 13): 3, (1, 2): 11, (1, 3): 51, (1, 4): 12, (1, 6): 1, (1, 10): 1, (1, 11): 3, (1, 12): 5, (1, 13): 18, (2, 4): 9, (2, 5): 1, (2, 7): 26, (2, 9): 47, (2, 13): 1, (2, 14): 1, (3, 8): 1, (3, 10): 1, (4, 5): 39, (4, 6): 1, (4, 8): 1, (4, 9): 1, (4, 10): 19, (4, 13): 1, (4, 14): 1, (5, 6): 1, (5, 7): 1, (5, 11): 35, (5, 12): 1, (6, 7): 31, (6, 10): 3, (6, 12): 19, (6, 13): 3, (6, 14): 13, (7, 10): 5, (7, 14): 3, (8, 9): 3, (8, 11): 1, (8, 12): 3, (8, 14): 1, (9, 12): 3, (10, 13): 1, (10, 14): 1, (11, 12): 1, (11, 13): 1, (12, 13): 1, (12, 14): 3, (13, 14): 1}",70.09506225585938,51.0,15.0,102.0
73.0,Graph with 15 nodes and 48 edges,"[[0, 0, 0, 1, 0, 1, 1, 1, 1, 1, 0, 0, 1, 0, 1], [0, 0, 1, 0, 1, 0, 0, 1, 0, 1, 0, 0, 0, 0, 0], [0, 1, 0, 1, 0, 1, 0, 0, 1, 1, 1, 1, 0, 1, 1], [1, 0, 1, 0, 1, 0, 1, 1, 1, 0, 0, 0, 1, 0, 0], [0, 1, 0, 1, 0, 0, 0, 0, 0, 0, 1, 1, 0, 1, 0], [1, 0, 1, 0, 0, 0, 0, 1, 1, 0, 1, 1, 0, 0, 0], [1, 0, 0, 1, 0, 0, 0, 0, 1, 1, 0, 1, 1, 0, 1], [1, 1, 0, 1, 0, 1, 0, 0, 1, 0, 0, 0, 0, 0, 0], [1, 0, 1, 1, 0, 1, 1, 1, 0, 0, 0, 1, 0, 1, 1], [1, 1, 1, 0, 0, 0, 1, 0, 0, 0, 1, 1, 0, 1, 1], [0, 0, 1, 0, 1, 1, 0, 0, 0, 1, 0, 0, 1, 0, 0], [0, 0, 1, 0, 1, 1, 1, 0, 1, 1, 0, 0, 0, 1, 1], [1, 0, 0, 1, 0, 0, 1, 0, 0, 0, 1, 0, 0, 0, 0], [0, 0, 1, 0, 1, 0, 0, 0, 1, 1, 0, 1, 0, 0, 0], [1, 0, 1, 0, 0, 0, 1, 0, 1, 1, 0, 1, 0, 0, 0]]",12.0,6.0,Y,"{0: 18, 1: 24, 2: 30, 3: 36, 4: 42, 5: 48, 6: 54, 7: 60, 8: 66, 9: 72, 10: 78, 11: 84, 12: 90, 13: 96, 14: 12}",Y,"{0: 18, 1: 24, 2: 30, 3: 36, 4: 42, 5: 48, 6: 54, 7: 60, 8: 66, 9: 72, 10: 78, 11: 84, 12: 90, 13: 96, 14: 12}","{(0, 3): 1, (0, 5): 1, (0, 6): 1, (0, 7): 5, (0, 8): 1, (0, 9): 5, (0, 12): 3, (0, 14): 1, (1, 2): 1, (1, 4): 1, (1, 7): 21, (1, 9): 1, (2, 3): 1, (2, 5): 1, (2, 8): 1, (2, 9): 1, (2, 10): 22, (2, 11): 1, (2, 13): 1, (2, 14): 1, (3, 4): 1, (3, 6): 1, (3, 7): 1, (3, 8): 5, (3, 12): 26, (4, 10): 1, (4, 11): 1, (4, 13): 38, (5, 7): 11, (5, 8): 1, (5, 10): 33, (5, 11): 1, (6, 8): 1, (6, 9): 5, (6, 11): 5, (6, 12): 40, (6, 14): 1, (7, 8): 22, (8, 11): 5, (8, 13): 29, (8, 14): 1, (9, 10): 1, (9, 11): 47, (9, 13): 9, (9, 14): 3, (10, 12): 21, (11, 13): 19, (11, 14): 5}",66.99562072753906,48.0,15.0,96.0
73.0,Graph with 15 nodes and 48 edges,"[[0, 0, 0, 1, 0, 1, 1, 1, 1, 1, 0, 0, 1, 0, 1], [0, 0, 1, 0, 1, 0, 0, 1, 0, 1, 0, 0, 0, 0, 0], [0, 1, 0, 1, 0, 1, 0, 0, 1, 1, 1, 1, 0, 1, 1], [1, 0, 1, 0, 1, 0, 1, 1, 1, 0, 0, 0, 1, 0, 0], [0, 1, 0, 1, 0, 0, 0, 0, 0, 0, 1, 1, 0, 1, 0], [1, 0, 1, 0, 0, 0, 0, 1, 1, 0, 1, 1, 0, 0, 0], [1, 0, 0, 1, 0, 0, 0, 0, 1, 1, 0, 1, 1, 0, 1], [1, 1, 0, 1, 0, 1, 0, 0, 1, 0, 0, 0, 0, 0, 0], [1, 0, 1, 1, 0, 1, 1, 1, 0, 0, 0, 1, 0, 1, 1], [1, 1, 1, 0, 0, 0, 1, 0, 0, 0, 1, 1, 0, 1, 1], [0, 0, 1, 0, 1, 1, 0, 0, 0, 1, 0, 0, 1, 0, 0], [0, 0, 1, 0, 1, 1, 1, 0, 1, 1, 0, 0, 0, 1, 1], [1, 0, 0, 1, 0, 0, 1, 0, 0, 0, 1, 0, 0, 0, 0], [0, 0, 1, 0, 1, 0, 0, 0, 1, 1, 0, 1, 0, 0, 0], [1, 0, 1, 0, 0, 0, 1, 0, 1, 1, 0, 1, 0, 0, 0]]",19.0,1.0,Y,"{0: 20, 1: 21, 2: 22, 3: 23, 4: 24, 5: 25, 6: 26, 7: 27, 8: 28, 9: 29, 10: 30, 11: 31, 12: 32, 13: 33, 14: 19}",Y,"{0: 20, 1: 21, 2: 22, 3: 23, 4: 24, 5: 25, 6: 26, 7: 27, 8: 28, 9: 29, 10: 30, 11: 31, 12: 32, 13: 33, 14: 19}","{(0, 3): 2, (0, 5): 2, (0, 6): 1, (0, 7): 2, (0, 8): 1, (0, 9): 1, (0, 12): 10, (0, 14): 1, (1, 2): 10, (1, 4): 5, (1, 7): 5, (1, 9): 1, (2, 3): 1, (2, 5): 3, (2, 8): 1, (2, 9): 1, (2, 10): 1, (2, 11): 1, (2, 13): 3, (2, 14): 1, (3, 4): 1, (3, 6): 1, (3, 7): 7, (3, 8): 10, (3, 12): 1, (4, 10): 16, (4, 11): 1, (4, 13): 1, (5, 7): 12, (5, 8): 2, (5, 10): 5, (5, 11): 1, (6, 8): 1, (6, 9): 1, (6, 11): 3, (6, 12): 16, (6, 14): 3, (7, 8): 1, (8, 11): 6, (8, 13): 4, (8, 14): 2, (9, 10): 3, (9, 11): 2, (9, 13): 11, (9, 14): 9, (10, 12): 5, (11, 13): 14, (11, 14): 3}",56.02836608886719,48.0,15.0,96.0
74.0,Graph with 15 nodes and 55 edges,"[[0, 1, 0, 1, 1, 0, 0, 1, 1, 1, 0, 1, 1, 1, 0], [1, 0, 1, 0, 1, 0, 0, 0, 0, 0, 0, 1, 0, 1, 0], [0, 1, 0, 0, 0, 1, 0, 0, 1, 0, 0, 0, 1, 1, 0], [1, 0, 0, 0, 1, 0, 1, 1, 0, 0, 0, 1, 1, 1, 0], [1, 1, 0, 1, 0, 1, 1, 1, 1, 0, 0, 1, 0, 0, 1], [0, 0, 1, 0, 1, 0, 0, 1, 1, 0, 1, 1, 1, 1, 0], [0, 0, 0, 1, 1, 0, 0, 0, 1, 1, 0, 1, 0, 0, 1], [1, 0, 0, 1, 1, 1, 0, 0, 1, 0, 0, 0, 0, 1, 1], [1, 0, 1, 0, 1, 1, 1, 1, 0, 1, 1, 0, 1, 0, 0], [1, 0, 0, 0, 0, 0, 1, 0, 1, 0, 1, 1, 1, 0, 1], [0, 0, 0, 0, 0, 1, 0, 0, 1, 1, 0, 0, 1, 1, 1], [1, 1, 0, 1, 1, 1, 1, 0, 0, 1, 0, 0, 0, 0, 1], [1, 0, 1, 1, 0, 1, 0, 0, 1, 1, 1, 0, 0, 0, 1], [1, 1, 1, 1, 0, 1, 0, 1, 0, 0, 1, 0, 0, 0, 1], [0, 0, 0, 0, 1, 0, 1, 1, 0, 1, 1, 1, 1, 1, 0]]",10.0,6.0,Y,"{0: 16, 1: 22, 2: 28, 3: 34, 4: 40, 5: 46, 6: 52, 7: 58, 8: 64, 9: 70, 10: 76, 11: 82, 12: 88, 13: 94, 14: 10}",Y,"{0: 16, 1: 22, 2: 28, 3: 34, 4: 40, 5: 46, 6: 52, 7: 58, 8: 64, 9: 70, 10: 76, 11: 82, 12: 88, 13: 94, 14: 10}","{(0, 1): 1, (0, 3): 1, (0, 4): 1, (0, 7): 1, (0, 8): 1, (0, 9): 1, (0, 11): 6, (0, 12): 1, (0, 13): 3, (1, 2): 1, (1, 4): 13, (1, 11): 2, (1, 13): 5, (2, 5): 2, (2, 8): 1, (2, 12): 5, (2, 13): 19, (3, 4): 18, (3, 6): 6, (3, 7): 1, (3, 11): 5, (3, 12): 1, (3, 13): 2, (4, 5): 1, (4, 6): 1, (4, 7): 3, (4, 8): 1, (4, 11): 1, (4, 14): 1, (5, 7): 7, (5, 8): 1, (5, 10): 1, (5, 11): 24, (5, 12): 1, (5, 13): 9, (6, 8): 1, (6, 9): 3, (6, 11): 40, (6, 14): 1, (7, 8): 39, (7, 13): 6, (7, 14): 1, (8, 9): 13, (8, 10): 1, (8, 12): 6, (9, 10): 1, (9, 11): 1, (9, 12): 50, (9, 14): 1, (10, 12): 23, (10, 13): 49, (10, 14): 1, (11, 14): 3, (12, 14): 1, (13, 14): 1}",68.90296936035156,55.0,15.0,110.0
74.0,Graph with 15 nodes and 55 edges,"[[0, 1, 0, 1, 1, 0, 0, 1, 1, 1, 0, 1, 1, 1, 0], [1, 0, 1, 0, 1, 0, 0, 0, 0, 0, 0, 1, 0, 1, 0], [0, 1, 0, 0, 0, 1, 0, 0, 1, 0, 0, 0, 1, 1, 0], [1, 0, 0, 0, 1, 0, 1, 1, 0, 0, 0, 1, 1, 1, 0], [1, 1, 0, 1, 0, 1, 1, 1, 1, 0, 0, 1, 0, 0, 1], [0, 0, 1, 0, 1, 0, 0, 1, 1, 0, 1, 1, 1, 1, 0], [0, 0, 0, 1, 1, 0, 0, 0, 1, 1, 0, 1, 0, 0, 1], [1, 0, 0, 1, 1, 1, 0, 0, 1, 0, 0, 0, 0, 1, 1], [1, 0, 1, 0, 1, 1, 1, 1, 0, 1, 1, 0, 1, 0, 0], [1, 0, 0, 0, 0, 0, 1, 0, 1, 0, 1, 1, 1, 0, 1], [0, 0, 0, 0, 0, 1, 0, 0, 1, 1, 0, 0, 1, 1, 1], [1, 1, 0, 1, 1, 1, 1, 0, 0, 1, 0, 0, 0, 0, 1], [1, 0, 1, 1, 0, 1, 0, 0, 1, 1, 1, 0, 0, 0, 1], [1, 1, 1, 1, 0, 1, 0, 1, 0, 0, 1, 0, 0, 0, 1], [0, 0, 0, 0, 1, 0, 1, 1, 0, 1, 1, 1, 1, 1, 0]]",25.0,5.0,Y,"{0: 30, 1: 35, 2: 40, 3: 45, 4: 50, 5: 55, 6: 60, 7: 65, 8: 70, 9: 75, 10: 80, 11: 85, 12: 90, 13: 95, 14: 25}",Y,"{0: 30, 1: 35, 2: 40, 3: 45, 4: 50, 5: 55, 6: 60, 7: 65, 8: 70, 9: 75, 10: 80, 11: 85, 12: 90, 13: 95, 14: 25}","{(0, 1): 1, (0, 3): 5, (0, 4): 1, (0, 7): 9, (0, 8): 1, (0, 9): 1, (0, 11): 2, (0, 12): 9, (0, 13): 1, (1, 2): 13, (1, 4): 9, (1, 11): 1, (1, 13): 11, (2, 5): 1, (2, 8): 24, (2, 12): 1, (2, 13): 1, (3, 4): 24, (3, 6): 1, (3, 7): 1, (3, 11): 5, (3, 12): 1, (3, 13): 8, (4, 5): 1, (4, 6): 1, (4, 7): 1, (4, 8): 9, (4, 11): 1, (4, 14): 3, (5, 7): 1, (5, 8): 2, (5, 10): 1, (5, 11): 5, (5, 12): 39, (5, 13): 5, (6, 8): 1, (6, 9): 1, (6, 11): 55, (6, 14): 1, (7, 8): 1, (7, 13): 51, (7, 14): 1, (8, 9): 9, (8, 10): 15, (8, 12): 8, (9, 10): 30, (9, 11): 15, (9, 12): 18, (9, 14): 1, (10, 12): 13, (10, 13): 11, (10, 14): 10, (11, 14): 1, (12, 14): 1, (13, 14): 7}",60.79673767089844,55.0,15.0,110.0
75.0,Graph with 15 nodes and 47 edges,"[[0, 0, 0, 0, 1, 1, 0, 1, 1, 0, 1, 1, 1, 0, 0], [0, 0, 0, 0, 0, 1, 0, 0, 1, 1, 1, 0, 1, 1, 1], [0, 0, 0, 1, 0, 1, 0, 0, 0, 1, 1, 1, 1, 1, 1], [0, 0, 1, 0, 1, 0, 0, 0, 0, 0, 1, 0, 1, 0, 0], [1, 0, 0, 1, 0, 0, 1, 1, 1, 1, 0, 1, 1, 0, 0], [1, 1, 1, 0, 0, 0, 0, 0, 0, 0, 0, 0, 1, 0, 0], [0, 0, 0, 0, 1, 0, 0, 1, 0, 0, 1, 0, 1, 0, 1], [1, 0, 0, 0, 1, 0, 1, 0, 1, 0, 1, 0, 0, 1, 1], [1, 1, 0, 0, 1, 0, 0, 1, 0, 0, 0, 0, 0, 0, 0], [0, 1, 1, 0, 1, 0, 0, 0, 0, 0, 0, 1, 0, 1, 1], [1, 1, 1, 1, 0, 0, 1, 1, 0, 0, 0, 0, 0, 1, 0], [1, 0, 1, 0, 1, 0, 0, 0, 0, 1, 0, 0, 1, 0, 1], [1, 1, 1, 1, 1, 1, 1, 0, 0, 0, 0, 1, 0, 0, 0], [0, 1, 1, 0, 0, 0, 0, 1, 0, 1, 1, 0, 0, 0, 1], [0, 1, 1, 0, 0, 0, 1, 1, 0, 1, 0, 1, 0, 1, 0]]",14.0,2.0,Y,"{0: 22, 1: 42, 2: 40, 3: 32, 4: 36, 5: 18, 6: 20, 7: 26, 8: 14, 9: 16, 10: 24, 11: 38, 12: 28, 13: 34, 14: 30}",Y,"{0: 22, 1: 42, 2: 40, 3: 32, 4: 36, 5: 18, 6: 20, 7: 26, 8: 14, 9: 16, 10: 24, 11: 38, 12: 28, 13: 34, 14: 30}","{(0, 4): 7, (0, 5): 1, (0, 7): 7, (0, 8): 1, (0, 10): 1, (0, 11): 4, (0, 12): 1, (1, 5): 15, (1, 8): 9, (1, 9): 5, (1, 10): 3, (1, 12): 4, (1, 13): 5, (1, 14): 1, (2, 3): 5, (2, 5): 1, (2, 9): 1, (2, 10): 1, (2, 11): 3, (2, 12): 3, (2, 13): 23, (2, 14): 3, (3, 4): 7, (3, 10): 5, (3, 12): 15, (4, 6): 3, (4, 7): 10, (4, 8): 1, (4, 9): 3, (4, 11): 4, (4, 12): 1, (5, 12): 1, (6, 7): 3, (6, 10): 12, (6, 12): 1, (6, 14): 1, (7, 8): 3, (7, 10): 1, (7, 13): 1, (7, 14): 1, (9, 11): 5, (9, 13): 1, (9, 14): 1, (10, 13): 1, (11, 12): 2, (11, 14): 20, (13, 14): 3}",68.90296936035156,47.0,15.0,94.0
75.0,Graph with 15 nodes and 47 edges,"[[0, 0, 0, 0, 1, 1, 0, 1, 1, 0, 1, 1, 1, 0, 0], [0, 0, 0, 0, 0, 1, 0, 0, 1, 1, 1, 0, 1, 1, 1], [0, 0, 0, 1, 0, 1, 0, 0, 0, 1, 1, 1, 1, 1, 1], [0, 0, 1, 0, 1, 0, 0, 0, 0, 0, 1, 0, 1, 0, 0], [1, 0, 0, 1, 0, 0, 1, 1, 1, 1, 0, 1, 1, 0, 0], [1, 1, 1, 0, 0, 0, 0, 0, 0, 0, 0, 0, 1, 0, 0], [0, 0, 0, 0, 1, 0, 0, 1, 0, 0, 1, 0, 1, 0, 1], [1, 0, 0, 0, 1, 0, 1, 0, 1, 0, 1, 0, 0, 1, 1], [1, 1, 0, 0, 1, 0, 0, 1, 0, 0, 0, 0, 0, 0, 0], [0, 1, 1, 0, 1, 0, 0, 0, 0, 0, 0, 1, 0, 1, 1], [1, 1, 1, 1, 0, 0, 1, 1, 0, 0, 0, 0, 0, 1, 0], [1, 0, 1, 0, 1, 0, 0, 0, 0, 1, 0, 0, 1, 0, 1], [1, 1, 1, 1, 1, 1, 1, 0, 0, 0, 0, 1, 0, 0, 0], [0, 1, 1, 0, 0, 0, 0, 1, 0, 1, 1, 0, 0, 0, 1], [0, 1, 1, 0, 0, 0, 1, 1, 0, 1, 0, 1, 0, 1, 0]]",21.0,1.0,Y,"{0: 33, 1: 25, 2: 30, 3: 23, 4: 28, 5: 27, 6: 26, 7: 35, 8: 24, 9: 22, 10: 29, 11: 21, 12: 34, 13: 31, 14: 32}",Y,"{0: 33, 1: 25, 2: 30, 3: 23, 4: 28, 5: 27, 6: 26, 7: 35, 8: 24, 9: 22, 10: 29, 11: 21, 12: 34, 13: 31, 14: 32}","{(0, 4): 1, (0, 5): 24, (0, 7): 4, (0, 8): 1, (0, 10): 1, (0, 11): 1, (0, 12): 1, (1, 5): 1, (1, 8): 3, (1, 9): 1, (1, 10): 1, (1, 12): 1, (1, 13): 17, (1, 14): 1, (2, 3): 1, (2, 5): 1, (2, 9): 1, (2, 10): 16, (2, 11): 1, (2, 12): 8, (2, 13): 1, (2, 14): 1, (3, 4): 1, (3, 10): 1, (3, 12): 20, (4, 6): 1, (4, 7): 3, (4, 8): 19, (4, 9): 1, (4, 11): 1, (4, 12): 1, (5, 12): 1, (6, 7): 22, (6, 10): 1, (6, 12): 1, (6, 14): 1, (7, 8): 1, (7, 10): 1, (7, 13): 3, (7, 14): 1, (9, 11): 4, (9, 13): 1, (9, 14): 14, (10, 13): 8, (11, 12): 1, (11, 14): 13, (13, 14): 1}",774.1451263427734,47.0,15.0,94.0
77.0,Graph with 15 nodes and 59 edges,"[[0, 1, 1, 0, 1, 1, 0, 1, 0, 0, 1, 0, 1, 0, 1], [1, 0, 1, 1, 1, 0, 1, 0, 1, 0, 0, 0, 1, 0, 0], [1, 1, 0, 0, 1, 0, 1, 0, 0, 1, 0, 0, 0, 0, 1], [0, 1, 0, 0, 1, 1, 0, 1, 1, 1, 1, 0, 1, 0, 1], [1, 1, 1, 1, 0, 1, 1, 0, 1, 0, 1, 1, 0, 1, 1], [1, 0, 0, 1, 1, 0, 1, 0, 1, 1, 1, 0, 1, 1, 1], [0, 1, 1, 0, 1, 1, 0, 1, 0, 1, 1, 1, 0, 0, 1], [1, 0, 0, 1, 0, 0, 1, 0, 0, 1, 1, 1, 0, 0, 1], [0, 1, 0, 1, 1, 1, 0, 0, 0, 1, 0, 1, 0, 0, 1], [0, 0, 1, 1, 0, 1, 1, 1, 1, 0, 1, 0, 1, 0, 1], [1, 0, 0, 1, 1, 1, 1, 1, 0, 1, 0, 0, 1, 0, 1], [0, 0, 0, 0, 1, 0, 1, 1, 1, 0, 0, 0, 1, 0, 0], [1, 1, 0, 1, 0, 1, 0, 0, 0, 1, 1, 1, 0, 1, 0], [0, 0, 0, 0, 1, 1, 0, 0, 0, 0, 0, 0, 1, 0, 0], [1, 0, 1, 1, 1, 1, 1, 1, 1, 1, 1, 0, 0, 0, 0]]",12.0,6.0,Y,"{0: 30, 1: 60, 2: 24, 3: 72, 4: 96, 5: 18, 6: 36, 7: 90, 8: 54, 9: 84, 10: 12, 11: 66, 12: 78, 13: 42, 14: 48}",Y,"{0: 30, 1: 60, 2: 24, 3: 72, 4: 96, 5: 18, 6: 36, 7: 90, 8: 54, 9: 84, 10: 12, 11: 66, 12: 78, 13: 42, 14: 48}","{(0, 1): 3, (0, 2): 1, (0, 4): 1, (0, 5): 1, (0, 7): 5, (0, 10): 4, (0, 12): 12, (0, 14): 3, (1, 2): 3, (1, 3): 3, (1, 4): 2, (1, 6): 2, (1, 8): 33, (1, 12): 14, (2, 4): 4, (2, 6): 1, (2, 9): 9, (2, 14): 6, (3, 4): 50, (3, 5): 1, (3, 7): 8, (3, 8): 2, (3, 9): 1, (3, 10): 1, (3, 12): 5, (3, 14): 1, (4, 5): 1, (4, 6): 13, (4, 8): 11, (4, 10): 1, (4, 11): 7, (4, 13): 5, (4, 14): 1, (5, 6): 1, (5, 8): 5, (5, 9): 1, (5, 10): 1, (5, 12): 4, (5, 13): 2, (5, 14): 1, (6, 7): 1, (6, 9): 4, (6, 10): 1, (6, 11): 12, (6, 14): 1, (7, 9): 34, (7, 10): 1, (7, 11): 40, (7, 14): 1, (8, 9): 1, (8, 11): 1, (8, 14): 1, (9, 10): 1, (9, 12): 1, (9, 14): 32, (10, 12): 1, (10, 14): 1, (11, 12): 6, (12, 13): 35}",72.00241088867188,59.0,15.0,118.0
79.0,Graph with 15 nodes and 56 edges,"[[0, 1, 0, 1, 0, 0, 0, 0, 0, 1, 1, 0, 1, 1, 1], [1, 0, 0, 1, 1, 0, 0, 0, 1, 0, 1, 1, 0, 1, 0], [0, 0, 0, 1, 0, 1, 1, 0, 1, 0, 1, 1, 1, 1, 0], [1, 1, 1, 0, 1, 0, 1, 0, 0, 0, 1, 0, 0, 1, 1], [0, 1, 0, 1, 0, 1, 0, 0, 1, 0, 1, 1, 0, 1, 1], [0, 0, 1, 0, 1, 0, 0, 1, 0, 1, 0, 0, 1, 1, 0], [0, 0, 1, 1, 0, 0, 0, 0, 0, 0, 1, 0, 0, 0, 1], [0, 0, 0, 0, 0, 1, 0, 0, 1, 0, 1, 1, 1, 1, 0], [0, 1, 1, 0, 1, 0, 0, 1, 0, 1, 0, 1, 0, 0, 1], [1, 0, 0, 0, 0, 1, 0, 0, 1, 0, 0, 1, 1, 1, 1], [1, 1, 1, 1, 1, 0, 1, 1, 0, 0, 0, 1, 1, 0, 0], [0, 1, 1, 0, 1, 0, 0, 1, 1, 1, 1, 0, 0, 1, 1], [1, 0, 1, 0, 0, 1, 0, 1, 0, 1, 1, 0, 0, 1, 0], [1, 1, 1, 1, 1, 1, 0, 1, 0, 1, 0, 1, 1, 0, 1], [1, 0, 0, 1, 1, 0, 1, 0, 1, 1, 0, 1, 0, 1, 0]]",19.0,7.0,Y,"{0: 26, 1: 33, 2: 40, 3: 47, 4: 54, 5: 61, 6: 68, 7: 75, 8: 82, 9: 89, 10: 96, 11: 103, 12: 110, 13: 117, 14: 19}",Y,"{0: 26, 1: 33, 2: 40, 3: 47, 4: 54, 5: 61, 6: 68, 7: 75, 8: 82, 9: 89, 10: 96, 11: 103, 12: 110, 13: 117, 14: 19}","{(0, 1): 1, (0, 3): 1, (0, 9): 1, (0, 10): 1, (0, 12): 20, (0, 13): 1, (0, 14): 1, (1, 3): 1, (1, 4): 24, (1, 8): 1, (1, 10): 4, (1, 11): 1, (1, 13): 1, (2, 3): 1, (2, 5): 1, (2, 6): 15, (2, 8): 1, (2, 10): 1, (2, 11): 1, (2, 12): 19, (2, 13): 1, (3, 4): 1, (3, 6): 40, (3, 10): 1, (3, 13): 1, (3, 14): 1, (4, 5): 1, (4, 8): 1, (4, 10): 24, (4, 11): 1, (4, 13): 1, (4, 14): 1, (5, 7): 1, (5, 9): 1, (5, 12): 56, (5, 13): 1, (6, 10): 1, (6, 14): 12, (7, 8): 1, (7, 10): 1, (7, 11): 1, (7, 12): 1, (7, 13): 70, (8, 9): 76, (8, 11): 1, (8, 14): 1, (9, 11): 1, (9, 12): 8, (9, 13): 1, (9, 14): 1, (10, 11): 58, (10, 12): 5, (11, 13): 38, (11, 14): 1, (12, 13): 1, (13, 14): 1}",751.0185241699219,56.0,15.0,112.0
79.0,Graph with 15 nodes and 56 edges,"[[0, 1, 0, 1, 0, 0, 0, 0, 0, 1, 1, 0, 1, 1, 1], [1, 0, 0, 1, 1, 0, 0, 0, 1, 0, 1, 1, 0, 1, 0], [0, 0, 0, 1, 0, 1, 1, 0, 1, 0, 1, 1, 1, 1, 0], [1, 1, 1, 0, 1, 0, 1, 0, 0, 0, 1, 0, 0, 1, 1], [0, 1, 0, 1, 0, 1, 0, 0, 1, 0, 1, 1, 0, 1, 1], [0, 0, 1, 0, 1, 0, 0, 1, 0, 1, 0, 0, 1, 1, 0], [0, 0, 1, 1, 0, 0, 0, 0, 0, 0, 1, 0, 0, 0, 1], [0, 0, 0, 0, 0, 1, 0, 0, 1, 0, 1, 1, 1, 1, 0], [0, 1, 1, 0, 1, 0, 0, 1, 0, 1, 0, 1, 0, 0, 1], [1, 0, 0, 0, 0, 1, 0, 0, 1, 0, 0, 1, 1, 1, 1], [1, 1, 1, 1, 1, 0, 1, 1, 0, 0, 0, 1, 1, 0, 0], [0, 1, 1, 0, 1, 0, 0, 1, 1, 1, 1, 0, 0, 1, 1], [1, 0, 1, 0, 0, 1, 0, 1, 0, 1, 1, 0, 0, 1, 0], [1, 1, 1, 1, 1, 1, 0, 1, 0, 1, 0, 1, 1, 0, 1], [1, 0, 0, 1, 1, 0, 1, 0, 1, 1, 0, 1, 0, 1, 0]]",24.0,2.0,Y,"{0: 42, 1: 46, 2: 30, 3: 32, 4: 44, 5: 50, 6: 36, 7: 26, 8: 52, 9: 28, 10: 40, 11: 24, 12: 38, 13: 34, 14: 48}",Y,"{0: 42, 1: 46, 2: 30, 3: 32, 4: 44, 5: 50, 6: 36, 7: 26, 8: 52, 9: 28, 10: 40, 11: 24, 12: 38, 13: 34, 14: 48}","{(0, 1): 3, (0, 3): 1, (0, 9): 1, (0, 10): 28, (0, 12): 7, (0, 13): 1, (0, 14): 1, (1, 3): 1, (1, 4): 10, (1, 8): 1, (1, 10): 2, (1, 11): 6, (1, 13): 23, (2, 3): 1, (2, 5): 7, (2, 6): 8, (2, 8): 1, (2, 10): 2, (2, 11): 1, (2, 12): 9, (2, 13): 1, (3, 4): 1, (3, 6): 25, (3, 10): 1, (3, 13): 1, (3, 14): 1, (4, 5): 3, (4, 8): 1, (4, 10): 1, (4, 11): 1, (4, 13): 1, (4, 14): 26, (5, 7): 19, (5, 9): 1, (5, 12): 18, (5, 13): 2, (6, 10): 1, (6, 14): 2, (7, 8): 1, (7, 10): 3, (7, 11): 1, (7, 12): 1, (7, 13): 1, (8, 9): 22, (8, 11): 11, (8, 14): 15, (9, 11): 1, (9, 12): 1, (9, 13): 1, (9, 14): 1, (10, 11): 1, (10, 12): 1, (11, 13): 1, (11, 14): 1, (12, 13): 1, (13, 14): 1}",1152.9922485351562,56.0,15.0,112.0
80.0,Graph with 15 nodes and 67 edges,"[[0, 0, 0, 1, 0, 1, 1, 0, 1, 1, 1, 1, 0, 1, 0], [0, 0, 1, 1, 1, 0, 0, 1, 1, 1, 1, 0, 1, 0, 1], [0, 1, 0, 1, 1, 0, 1, 0, 1, 1, 1, 1, 0, 1, 1], [1, 1, 1, 0, 1, 0, 0, 1, 1, 1, 0, 1, 1, 1, 1], [0, 1, 1, 1, 0, 0, 1, 1, 1, 0, 1, 1, 0, 1, 0], [1, 0, 0, 0, 0, 0, 0, 0, 0, 0, 1, 1, 1, 1, 0], [1, 0, 1, 0, 1, 0, 0, 1, 1, 1, 1, 1, 0, 1, 0], [0, 1, 0, 1, 1, 0, 1, 0, 1, 0, 1, 1, 0, 1, 1], [1, 1, 1, 1, 1, 0, 1, 1, 0, 1, 1, 0, 0, 1, 0], [1, 1, 1, 1, 0, 0, 1, 0, 1, 0, 1, 1, 0, 1, 1], [1, 1, 1, 0, 1, 1, 1, 1, 1, 1, 0, 0, 0, 1, 0], [1, 0, 1, 1, 1, 1, 1, 1, 0, 1, 0, 0, 1, 0, 1], [0, 1, 0, 1, 0, 1, 0, 0, 0, 0, 0, 1, 0, 1, 0], [1, 0, 1, 1, 1, 1, 1, 1, 1, 1, 1, 0, 1, 0, 1], [0, 1, 1, 1, 0, 0, 0, 1, 0, 1, 0, 1, 0, 1, 0]]",11.0,5.0,Y,"{0: 31, 1: 56, 2: 46, 3: 61, 4: 76, 5: 66, 6: 41, 7: 26, 8: 36, 9: 11, 10: 16, 11: 71, 12: 51, 13: 81, 14: 21}",Y,"{0: 31, 1: 56, 2: 46, 3: 61, 4: 76, 5: 66, 6: 41, 7: 26, 8: 36, 9: 11, 10: 16, 11: 71, 12: 51, 13: 81, 14: 21}","{(0, 3): 1, (0, 5): 1, (0, 6): 1, (0, 8): 20, (0, 9): 1, (0, 10): 1, (0, 11): 1, (0, 13): 5, (1, 2): 23, (1, 3): 13, (1, 4): 1, (1, 7): 1, (1, 8): 2, (1, 9): 1, (1, 10): 1, (1, 12): 11, (1, 14): 3, (2, 3): 1, (2, 4): 11, (2, 6): 1, (2, 8): 1, (2, 9): 1, (2, 10): 1, (2, 11): 1, (2, 13): 2, (2, 14): 4, (3, 4): 16, (3, 7): 3, (3, 8): 4, (3, 9): 2, (3, 11): 1, (3, 12): 1, (3, 13): 15, (3, 14): 4, (4, 6): 30, (4, 7): 7, (4, 8): 2, (4, 10): 7, (4, 11): 1, (4, 13): 1, (5, 10): 1, (5, 11): 53, (5, 12): 1, (5, 13): 10, (6, 7): 1, (6, 8): 3, (6, 9): 1, (6, 10): 1, (6, 11): 1, (6, 13): 2, (7, 8): 1, (7, 10): 1, (7, 11): 6, (7, 13): 4, (7, 14): 2, (8, 9): 1, (8, 10): 1, (8, 13): 1, (9, 10): 1, (9, 11): 1, (9, 13): 1, (9, 14): 1, (10, 13): 1, (11, 12): 4, (11, 14): 2, (12, 13): 34, (13, 14): 5}",80.108642578125,67.0,15.0,134.0
81.0,Graph with 15 nodes and 53 edges,"[[0, 0, 1, 1, 1, 1, 0, 0, 0, 0, 1, 1, 0, 0, 0], [0, 0, 1, 1, 1, 1, 0, 1, 0, 0, 1, 0, 0, 0, 0], [1, 1, 0, 0, 0, 1, 1, 0, 0, 0, 1, 1, 1, 0, 1], [1, 1, 0, 0, 1, 0, 0, 0, 0, 1, 1, 0, 1, 1, 0], [1, 1, 0, 1, 0, 0, 1, 0, 0, 1, 1, 0, 1, 1, 0], [1, 1, 1, 0, 0, 0, 1, 0, 1, 1, 1, 0, 1, 0, 0], [0, 0, 1, 0, 1, 1, 0, 1, 1, 0, 1, 1, 0, 1, 1], [0, 1, 0, 0, 0, 0, 1, 0, 1, 0, 0, 1, 1, 1, 1], [0, 0, 0, 0, 0, 1, 1, 1, 0, 0, 0, 0, 1, 1, 0], [0, 0, 0, 1, 1, 1, 0, 0, 0, 0, 1, 0, 1, 0, 0], [1, 1, 1, 1, 1, 1, 1, 0, 0, 1, 0, 0, 1, 1, 1], [1, 0, 1, 0, 0, 0, 1, 1, 0, 0, 0, 0, 0, 0, 0], [0, 0, 1, 1, 1, 1, 0, 1, 1, 1, 1, 0, 0, 1, 1], [0, 0, 0, 1, 1, 0, 1, 1, 1, 0, 1, 0, 1, 0, 0], [0, 0, 1, 0, 0, 0, 1, 1, 0, 0, 1, 0, 1, 0, 0]]",7.0,7.0,Y,"{0: 14, 1: 21, 2: 28, 3: 35, 4: 42, 5: 49, 6: 56, 7: 63, 8: 70, 9: 77, 10: 84, 11: 91, 12: 98, 13: 105, 14: 7}",Y,"{0: 14, 1: 21, 2: 28, 3: 35, 4: 42, 5: 49, 6: 56, 7: 63, 8: 70, 9: 77, 10: 84, 11: 91, 12: 98, 13: 105, 14: 7}","{(0, 2): 1, (0, 3): 1, (0, 4): 1, (0, 5): 1, (0, 10): 1, (0, 11): 9, (1, 2): 1, (1, 3): 1, (1, 4): 1, (1, 5): 1, (1, 7): 1, (1, 10): 16, (2, 5): 1, (2, 6): 1, (2, 10): 1, (2, 11): 1, (2, 12): 21, (2, 14): 1, (3, 4): 1, (3, 9): 1, (3, 10): 1, (3, 12): 1, (3, 13): 29, (4, 6): 1, (4, 9): 15, (4, 10): 1, (4, 12): 1, (4, 13): 21, (5, 6): 1, (5, 8): 42, (5, 9): 1, (5, 10): 1, (5, 12): 1, (6, 7): 1, (6, 8): 25, (6, 10): 1, (6, 11): 24, (6, 13): 1, (6, 14): 1, (7, 8): 1, (7, 11): 57, (7, 12): 1, (7, 13): 1, (7, 14): 1, (8, 12): 1, (8, 13): 1, (9, 10): 1, (9, 12): 59, (10, 12): 9, (10, 13): 51, (10, 14): 1, (12, 13): 1, (12, 14): 3}",977.0393371582031,53.0,15.0,106.0
82.0,Graph with 15 nodes and 63 edges,"[[0, 0, 1, 1, 1, 1, 0, 0, 0, 1, 0, 1, 0, 0, 0], [0, 0, 0, 1, 1, 0, 1, 1, 0, 0, 1, 1, 0, 0, 0], [1, 0, 0, 1, 0, 1, 0, 1, 1, 0, 0, 1, 1, 1, 0], [1, 1, 1, 0, 1, 1, 1, 1, 1, 0, 0, 1, 0, 1, 1], [1, 1, 0, 1, 0, 1, 1, 0, 0, 1, 1, 0, 1, 0, 1], [1, 0, 1, 1, 1, 0, 0, 1, 1, 0, 1, 1, 1, 0, 0], [0, 1, 0, 1, 1, 0, 0, 1, 1, 1, 1, 0, 0, 0, 1], [0, 1, 1, 1, 0, 1, 1, 0, 0, 1, 1, 1, 0, 1, 1], [0, 0, 1, 1, 0, 1, 1, 0, 0, 1, 1, 1, 1, 1, 0], [1, 0, 0, 0, 1, 0, 1, 1, 1, 0, 1, 1, 0, 1, 1], [0, 1, 0, 0, 1, 1, 1, 1, 1, 1, 0, 1, 1, 1, 1], [1, 1, 1, 1, 0, 1, 0, 1, 1, 1, 1, 0, 0, 0, 1], [0, 0, 1, 0, 1, 1, 0, 0, 1, 0, 1, 0, 0, 1, 0], [0, 0, 1, 1, 0, 0, 0, 1, 1, 1, 1, 0, 1, 0, 0], [0, 0, 0, 1, 1, 0, 1, 1, 0, 1, 1, 1, 0, 0, 0]]",10.0,2.0,Y,"{0: 38, 1: 36, 2: 34, 3: 32, 4: 30, 5: 28, 6: 26, 7: 24, 8: 22, 9: 20, 10: 18, 11: 16, 12: 14, 13: 12, 14: 10}",Y,"{0: 38, 1: 36, 2: 34, 3: 32, 4: 30, 5: 28, 6: 26, 7: 24, 8: 22, 9: 20, 10: 18, 11: 16, 12: 14, 13: 12, 14: 10}","{(0, 2): 3, (0, 3): 12, (0, 4): 12, (0, 5): 5, (0, 9): 5, (0, 11): 1, (1, 3): 5, (1, 4): 11, (1, 6): 15, (1, 7): 1, (1, 10): 3, (1, 11): 1, (2, 3): 3, (2, 5): 12, (2, 7): 2, (2, 8): 5, (2, 11): 6, (2, 12): 1, (2, 13): 2, (3, 4): 1, (3, 5): 1, (3, 6): 1, (3, 7): 5, (3, 8): 1, (3, 11): 1, (3, 13): 1, (3, 14): 1, (4, 5): 1, (4, 6): 1, (4, 9): 1, (4, 10): 1, (4, 12): 1, (4, 14): 1, (5, 7): 1, (5, 8): 1, (5, 10): 1, (5, 11): 1, (5, 12): 5, (6, 7): 1, (6, 8): 5, (6, 9): 1, (6, 10): 1, (6, 14): 1, (7, 9): 2, (7, 10): 1, (7, 11): 2, (7, 13): 5, (7, 14): 4, (8, 9): 2, (8, 10): 1, (8, 11): 1, (8, 12): 5, (8, 13): 1, (9, 10): 6, (9, 11): 1, (9, 13): 1, (9, 14): 1, (10, 11): 1, (10, 12): 1, (10, 13): 1, (10, 14): 1, (11, 14): 1, (12, 13): 1}",65.08827209472656,63.0,15.0,126.0
82.0,Graph with 15 nodes and 63 edges,"[[0, 0, 1, 1, 1, 1, 0, 0, 0, 1, 0, 1, 0, 0, 0], [0, 0, 0, 1, 1, 0, 1, 1, 0, 0, 1, 1, 0, 0, 0], [1, 0, 0, 1, 0, 1, 0, 1, 1, 0, 0, 1, 1, 1, 0], [1, 1, 1, 0, 1, 1, 1, 1, 1, 0, 0, 1, 0, 1, 1], [1, 1, 0, 1, 0, 1, 1, 0, 0, 1, 1, 0, 1, 0, 1], [1, 0, 1, 1, 1, 0, 0, 1, 1, 0, 1, 1, 1, 0, 0], [0, 1, 0, 1, 1, 0, 0, 1, 1, 1, 1, 0, 0, 0, 1], [0, 1, 1, 1, 0, 1, 1, 0, 0, 1, 1, 1, 0, 1, 1], [0, 0, 1, 1, 0, 1, 1, 0, 0, 1, 1, 1, 1, 1, 0], [1, 0, 0, 0, 1, 0, 1, 1, 1, 0, 1, 1, 0, 1, 1], [0, 1, 0, 0, 1, 1, 1, 1, 1, 1, 0, 1, 1, 1, 1], [1, 1, 1, 1, 0, 1, 0, 1, 1, 1, 1, 0, 0, 0, 1], [0, 0, 1, 0, 1, 1, 0, 0, 1, 0, 1, 0, 0, 1, 0], [0, 0, 1, 1, 0, 0, 0, 1, 1, 1, 1, 0, 1, 0, 0], [0, 0, 0, 1, 1, 0, 1, 1, 0, 1, 1, 1, 0, 0, 0]]",11.0,9.0,Y,"{0: 137, 1: 128, 2: 119, 3: 110, 4: 101, 5: 92, 6: 83, 7: 74, 8: 65, 9: 56, 10: 47, 11: 38, 12: 29, 13: 20, 14: 11}",Y,"{0: 137, 1: 128, 2: 119, 3: 110, 4: 101, 5: 92, 6: 83, 7: 74, 8: 65, 9: 56, 10: 47, 11: 38, 12: 29, 13: 20, 14: 11}","{(0, 2): 1, (0, 3): 100, (0, 4): 33, (0, 5): 1, (0, 9): 1, (0, 11): 1, (1, 3): 1, (1, 4): 61, (1, 6): 63, (1, 7): 1, (1, 10): 1, (1, 11): 1, (2, 3): 1, (2, 5): 84, (2, 7): 29, (2, 8): 1, (2, 11): 1, (2, 12): 1, (2, 13): 1, (3, 4): 1, (3, 5): 1, (3, 6): 1, (3, 7): 1, (3, 8): 1, (3, 11): 1, (3, 13): 1, (3, 14): 1, (4, 5): 1, (4, 6): 1, (4, 9): 1, (4, 10): 1, (4, 12): 1, (4, 14): 1, (5, 7): 1, (5, 8): 1, (5, 10): 1, (5, 11): 1, (5, 12): 1, (6, 7): 14, (6, 8): 1, (6, 9): 1, (6, 10): 1, (6, 14): 1, (7, 9): 24, (7, 10): 1, (7, 11): 1, (7, 13): 1, (7, 14): 1, (8, 9): 25, (8, 10): 18, (8, 11): 6, (8, 12): 11, (8, 13): 1, (9, 10): 1, (9, 11): 1, (9, 13): 1, (9, 14): 1, (10, 11): 20, (10, 12): 1, (10, 13): 1, (10, 14): 1, (11, 14): 5, (12, 13): 14}",670.9098815917969,63.0,15.0,126.0
82.0,Graph with 15 nodes and 63 edges,"[[0, 0, 1, 1, 1, 1, 0, 0, 0, 1, 0, 1, 0, 0, 0], [0, 0, 0, 1, 1, 0, 1, 1, 0, 0, 1, 1, 0, 0, 0], [1, 0, 0, 1, 0, 1, 0, 1, 1, 0, 0, 1, 1, 1, 0], [1, 1, 1, 0, 1, 1, 1, 1, 1, 0, 0, 1, 0, 1, 1], [1, 1, 0, 1, 0, 1, 1, 0, 0, 1, 1, 0, 1, 0, 1], [1, 0, 1, 1, 1, 0, 0, 1, 1, 0, 1, 1, 1, 0, 0], [0, 1, 0, 1, 1, 0, 0, 1, 1, 1, 1, 0, 0, 0, 1], [0, 1, 1, 1, 0, 1, 1, 0, 0, 1, 1, 1, 0, 1, 1], [0, 0, 1, 1, 0, 1, 1, 0, 0, 1, 1, 1, 1, 1, 0], [1, 0, 0, 0, 1, 0, 1, 1, 1, 0, 1, 1, 0, 1, 1], [0, 1, 0, 0, 1, 1, 1, 1, 1, 1, 0, 1, 1, 1, 1], [1, 1, 1, 1, 0, 1, 0, 1, 1, 1, 1, 0, 0, 0, 1], [0, 0, 1, 0, 1, 1, 0, 0, 1, 0, 1, 0, 0, 1, 0], [0, 0, 1, 1, 0, 0, 0, 1, 1, 1, 1, 0, 1, 0, 0], [0, 0, 0, 1, 1, 0, 1, 1, 0, 1, 1, 1, 0, 0, 0]]",17.0,5.0,Y,"{0: 17, 1: 87, 2: 82, 3: 77, 4: 72, 5: 67, 6: 62, 7: 57, 8: 52, 9: 47, 10: 42, 11: 37, 12: 32, 13: 27, 14: 22}",Y,"{0: 17, 1: 87, 2: 82, 3: 77, 4: 72, 5: 67, 6: 62, 7: 57, 8: 52, 9: 47, 10: 42, 11: 37, 12: 32, 13: 27, 14: 22}","{(0, 2): 7, (0, 3): 5, (0, 4): 1, (0, 5): 1, (0, 9): 2, (0, 11): 1, (1, 3): 1, (1, 4): 18, (1, 6): 26, (1, 7): 30, (1, 10): 7, (1, 11): 5, (2, 3): 4, (2, 5): 52, (2, 7): 5, (2, 8): 5, (2, 11): 7, (2, 12): 1, (2, 13): 1, (3, 4): 25, (3, 5): 4, (3, 6): 13, (3, 7): 1, (3, 8): 1, (3, 11): 1, (3, 13): 21, (3, 14): 1, (4, 5): 1, (4, 6): 1, (4, 9): 3, (4, 10): 5, (4, 12): 17, (4, 14): 1, (5, 7): 5, (5, 8): 1, (5, 10): 1, (5, 11): 1, (5, 12): 1, (6, 7): 1, (6, 8): 18, (6, 9): 1, (6, 10): 1, (6, 14): 1, (7, 9): 1, (7, 10): 2, (7, 11): 1, (7, 13): 1, (7, 14): 10, (8, 9): 9, (8, 10): 5, (8, 11): 1, (8, 12): 11, (8, 13): 1, (9, 10): 11, (9, 11): 12, (9, 13): 1, (9, 14): 7, (10, 11): 7, (10, 12): 1, (10, 13): 1, (10, 14): 1, (11, 14): 1, (12, 13): 1}",51.021575927734375,63.0,15.0,126.0
83.0,Graph with 15 nodes and 56 edges,"[[0, 1, 1, 1, 1, 0, 1, 1, 1, 1, 0, 1, 1, 1, 1], [1, 0, 0, 1, 0, 1, 1, 0, 1, 1, 0, 0, 0, 1, 0], [1, 0, 0, 1, 0, 1, 0, 0, 1, 1, 1, 0, 1, 0, 0], [1, 1, 1, 0, 0, 1, 1, 0, 0, 1, 1, 1, 1, 0, 0], [1, 0, 0, 0, 0, 1, 1, 0, 1, 0, 0, 1, 1, 1, 0], [0, 1, 1, 1, 1, 0, 0, 1, 0, 0, 0, 1, 0, 1, 0], [1, 1, 0, 1, 1, 0, 0, 1, 1, 0, 0, 1, 1, 1, 0], [1, 0, 0, 0, 0, 1, 1, 0, 1, 0, 0, 1, 0, 0, 1], [1, 1, 1, 0, 1, 0, 1, 1, 0, 1, 0, 1, 1, 1, 0], [1, 1, 1, 1, 0, 0, 0, 0, 1, 0, 0, 0, 0, 1, 0], [0, 0, 1, 1, 0, 0, 0, 0, 0, 0, 0, 1, 0, 1, 0], [1, 0, 0, 1, 1, 1, 1, 1, 1, 0, 1, 0, 0, 1, 1], [1, 0, 1, 1, 1, 0, 1, 0, 1, 0, 0, 0, 0, 0, 0], [1, 1, 0, 0, 1, 1, 1, 0, 1, 1, 1, 1, 0, 0, 0], [1, 0, 0, 0, 0, 0, 0, 1, 0, 0, 0, 1, 0, 0, 0]]",11.0,9.0,Y,"{0: 29, 1: 20, 2: 38, 3: 47, 4: 56, 5: 65, 6: 74, 7: 83, 8: 92, 9: 101, 10: 110, 11: 119, 12: 128, 13: 137, 14: 11}",Y,"{0: 29, 1: 20, 2: 38, 3: 47, 4: 56, 5: 65, 6: 74, 7: 83, 8: 92, 9: 101, 10: 110, 11: 119, 12: 128, 13: 137, 14: 11}","{(0, 1): 1, (0, 2): 1, (0, 3): 1, (0, 4): 1, (0, 6): 1, (0, 7): 1, (0, 8): 1, (0, 9): 1, (0, 11): 1, (0, 12): 18, (0, 13): 1, (0, 14): 1, (1, 3): 1, (1, 5): 1, (1, 6): 1, (1, 8): 1, (1, 9): 14, (1, 13): 1, (2, 3): 1, (2, 5): 1, (2, 8): 1, (2, 9): 1, (2, 10): 1, (2, 12): 32, (3, 5): 1, (3, 6): 1, (3, 9): 1, (3, 10): 39, (3, 11): 1, (3, 12): 1, (4, 5): 1, (4, 6): 1, (4, 8): 1, (4, 11): 1, (4, 12): 50, (4, 13): 1, (5, 7): 18, (5, 11): 42, (5, 13): 1, (6, 7): 1, (6, 8): 51, (6, 11): 1, (6, 12): 16, (6, 13): 1, (7, 8): 1, (7, 11): 61, (7, 14): 1, (8, 9): 23, (8, 11): 1, (8, 12): 11, (8, 13): 1, (9, 13): 61, (10, 11): 1, (10, 13): 69, (11, 13): 1, (11, 14): 9}",1286.9834899902344,56.0,15.0,112.0
84.0,Graph with 15 nodes and 51 edges,"[[0, 0, 0, 1, 1, 0, 0, 0, 1, 0, 1, 1, 0, 1, 0], [0, 0, 0, 1, 1, 0, 0, 0, 1, 0, 0, 1, 1, 1, 0], [0, 0, 0, 1, 0, 0, 0, 0, 1, 1, 0, 0, 1, 1, 1], [1, 1, 1, 0, 1, 1, 1, 0, 0, 0, 1, 1, 1, 1, 1], [1, 1, 0, 1, 0, 1, 1, 0, 1, 0, 1, 1, 1, 0, 0], [0, 0, 0, 1, 1, 0, 1, 0, 1, 0, 1, 1, 0, 0, 1], [0, 0, 0, 1, 1, 1, 0, 1, 1, 0, 0, 0, 0, 0, 0], [0, 0, 0, 0, 0, 0, 1, 0, 0, 0, 0, 1, 1, 0, 1], [1, 1, 1, 0, 1, 1, 1, 0, 0, 1, 1, 1, 0, 0, 1], [0, 0, 1, 0, 0, 0, 0, 0, 1, 0, 0, 0, 1, 0, 0], [1, 0, 0, 1, 1, 1, 0, 0, 1, 0, 0, 0, 0, 1, 0], [1, 1, 0, 1, 1, 1, 0, 1, 1, 0, 0, 0, 0, 1, 1], [0, 1, 1, 1, 1, 0, 0, 1, 0, 1, 0, 0, 0, 0, 0], [1, 1, 1, 1, 0, 0, 0, 0, 0, 0, 1, 1, 0, 0, 1], [0, 0, 1, 1, 0, 1, 0, 1, 1, 0, 0, 1, 0, 1, 0]]",25.0,1.0,Y,"{0: 35, 1: 37, 2: 28, 3: 31, 4: 34, 5: 36, 6: 25, 7: 29, 8: 38, 9: 27, 10: 26, 11: 32, 12: 30, 13: 33, 14: 39}",Y,"{0: 35, 1: 37, 2: 28, 3: 31, 4: 34, 5: 36, 6: 25, 7: 29, 8: 38, 9: 27, 10: 26, 11: 32, 12: 30, 13: 33, 14: 39}","{(0, 3): 1, (0, 4): 2, (0, 8): 13, (0, 10): 9, (0, 11): 1, (0, 13): 9, (1, 3): 1, (1, 4): 12, (1, 8): 1, (1, 11): 16, (1, 12): 6, (1, 13): 1, (2, 3): 1, (2, 8): 1, (2, 9): 15, (2, 12): 1, (2, 13): 5, (2, 14): 5, (3, 4): 1, (3, 5): 11, (3, 6): 4, (3, 10): 1, (3, 11): 1, (3, 12): 1, (3, 13): 2, (3, 14): 7, (4, 5): 3, (4, 6): 1, (4, 8): 8, (4, 10): 5, (4, 11): 1, (4, 12): 1, (5, 6): 10, (5, 8): 1, (5, 10): 1, (5, 11): 5, (5, 14): 5, (6, 7): 9, (6, 8): 1, (7, 11): 1, (7, 12): 10, (7, 14): 9, (8, 9): 1, (8, 10): 1, (8, 11): 1, (8, 14): 10, (9, 12): 11, (10, 13): 9, (11, 13): 5, (11, 14): 1, (13, 14): 2}",68.90296936035156,51.0,15.0,102.0
85.0,Graph with 15 nodes and 54 edges,"[[0, 0, 1, 0, 1, 1, 1, 1, 0, 1, 1, 1, 1, 1, 1], [0, 0, 0, 0, 1, 0, 0, 0, 0, 0, 0, 1, 0, 0, 1], [1, 0, 0, 0, 0, 0, 1, 1, 0, 1, 1, 1, 1, 1, 1], [0, 0, 0, 0, 0, 1, 0, 1, 0, 1, 1, 0, 0, 0, 0], [1, 1, 0, 0, 0, 0, 0, 1, 1, 1, 0, 1, 1, 0, 1], [1, 0, 0, 1, 0, 0, 1, 1, 0, 0, 0, 1, 1, 0, 0], [1, 0, 1, 0, 0, 1, 0, 1, 0, 1, 1, 1, 0, 1, 0], [1, 0, 1, 1, 1, 1, 1, 0, 0, 1, 1, 1, 0, 0, 1], [0, 0, 0, 0, 1, 0, 0, 0, 0, 1, 0, 0, 1, 0, 0], [1, 0, 1, 1, 1, 0, 1, 1, 1, 0, 0, 0, 0, 1, 1], [1, 0, 1, 1, 0, 0, 1, 1, 0, 0, 0, 0, 1, 1, 1], [1, 1, 1, 0, 1, 1, 1, 1, 0, 0, 0, 0, 0, 1, 0], [1, 0, 1, 0, 1, 1, 0, 0, 1, 0, 1, 0, 0, 1, 0], [1, 0, 1, 0, 0, 0, 1, 0, 0, 1, 1, 1, 1, 0, 0], [1, 1, 1, 0, 1, 0, 0, 1, 0, 1, 1, 0, 0, 0, 0]]",3.0,1.0,Y,"{0: 17, 1: 3, 2: 16, 3: 4, 4: 15, 5: 6, 6: 14, 7: 13, 8: 5, 9: 12, 10: 11, 11: 10, 12: 9, 13: 8, 14: 7}",Y,"{0: 17, 1: 3, 2: 16, 3: 4, 4: 15, 5: 6, 6: 14, 7: 13, 8: 5, 9: 12, 10: 11, 11: 10, 12: 9, 13: 8, 14: 7}","{(0, 2): 2, (0, 4): 5, (0, 5): 1, (0, 6): 2, (0, 7): 1, (0, 9): 1, (0, 10): 1, (0, 11): 1, (0, 12): 1, (0, 13): 1, (0, 14): 1, (1, 4): 1, (1, 11): 1, (1, 14): 1, (2, 6): 6, (2, 7): 1, (2, 9): 1, (2, 10): 1, (2, 11): 2, (2, 12): 1, (2, 13): 1, (2, 14): 1, (3, 5): 1, (3, 7): 1, (3, 9): 1, (3, 10): 1, (4, 7): 1, (4, 8): 1, (4, 9): 4, (4, 11): 1, (4, 12): 1, (4, 14): 1, (5, 6): 1, (5, 7): 1, (5, 11): 1, (5, 12): 1, (6, 7): 1, (6, 9): 1, (6, 10): 1, (6, 11): 1, (6, 13): 1, (7, 9): 1, (7, 10): 4, (7, 11): 1, (7, 14): 1, (8, 9): 1, (8, 12): 3, (9, 13): 1, (9, 14): 1, (10, 12): 1, (10, 13): 1, (10, 14): 1, (11, 13): 2, (12, 13): 1}",509.02366638183594,54.0,15.0,108.0
85.0,Graph with 15 nodes and 54 edges,"[[0, 0, 1, 0, 1, 1, 1, 1, 0, 1, 1, 1, 1, 1, 1], [0, 0, 0, 0, 1, 0, 0, 0, 0, 0, 0, 1, 0, 0, 1], [1, 0, 0, 0, 0, 0, 1, 1, 0, 1, 1, 1, 1, 1, 1], [0, 0, 0, 0, 0, 1, 0, 1, 0, 1, 1, 0, 0, 0, 0], [1, 1, 0, 0, 0, 0, 0, 1, 1, 1, 0, 1, 1, 0, 1], [1, 0, 0, 1, 0, 0, 1, 1, 0, 0, 0, 1, 1, 0, 0], [1, 0, 1, 0, 0, 1, 0, 1, 0, 1, 1, 1, 0, 1, 0], [1, 0, 1, 1, 1, 1, 1, 0, 0, 1, 1, 1, 0, 0, 1], [0, 0, 0, 0, 1, 0, 0, 0, 0, 1, 0, 0, 1, 0, 0], [1, 0, 1, 1, 1, 0, 1, 1, 1, 0, 0, 0, 0, 1, 1], [1, 0, 1, 1, 0, 0, 1, 1, 0, 0, 0, 0, 1, 1, 1], [1, 1, 1, 0, 1, 1, 1, 1, 0, 0, 0, 0, 0, 1, 0], [1, 0, 1, 0, 1, 1, 0, 0, 1, 0, 1, 0, 0, 1, 0], [1, 0, 1, 0, 0, 0, 1, 0, 0, 1, 1, 1, 1, 0, 0], [1, 1, 1, 0, 1, 0, 0, 1, 0, 1, 1, 0, 0, 0, 0]]",26.0,4.0,Y,"{0: 30, 1: 34, 2: 38, 3: 42, 4: 46, 5: 50, 6: 54, 7: 58, 8: 62, 9: 66, 10: 70, 11: 74, 12: 78, 13: 82, 14: 26}",Y,"{0: 30, 1: 34, 2: 38, 3: 42, 4: 46, 5: 50, 6: 54, 7: 58, 8: 62, 9: 66, 10: 70, 11: 74, 12: 78, 13: 82, 14: 26}","{(0, 2): 1, (0, 4): 1, (0, 5): 1, (0, 6): 1, (0, 7): 1, (0, 9): 20, (0, 10): 1, (0, 11): 1, (0, 12): 1, (0, 13): 1, (0, 14): 1, (1, 4): 13, (1, 11): 1, (1, 14): 20, (2, 6): 1, (2, 7): 1, (2, 9): 1, (2, 10): 1, (2, 11): 19, (2, 12): 12, (2, 13): 1, (2, 14): 1, (3, 5): 1, (3, 7): 1, (3, 9): 1, (3, 10): 39, (4, 7): 1, (4, 8): 27, (4, 9): 1, (4, 11): 1, (4, 12): 1, (4, 14): 1, (5, 6): 1, (5, 7): 1, (5, 11): 1, (5, 12): 45, (6, 7): 1, (6, 9): 1, (6, 10): 9, (6, 11): 1, (6, 13): 39, (7, 9): 1, (7, 10): 1, (7, 11): 49, (7, 14): 1, (8, 9): 34, (8, 12): 1, (9, 13): 6, (9, 14): 1, (10, 12): 1, (10, 13): 17, (10, 14): 1, (11, 13): 1, (12, 13): 17}",721.2162017822266,54.0,15.0,108.0
86.0,Graph with 15 nodes and 60 edges,"[[0, 0, 1, 1, 1, 1, 1, 1, 1, 0, 1, 1, 0, 1, 0], [0, 0, 1, 0, 0, 1, 1, 1, 0, 0, 0, 1, 1, 0, 1], [1, 1, 0, 0, 1, 1, 1, 1, 0, 1, 0, 1, 1, 1, 0], [1, 0, 0, 0, 0, 0, 0, 0, 0, 1, 1, 1, 0, 1, 1], [1, 0, 1, 0, 0, 1, 1, 1, 0, 0, 0, 1, 0, 0, 1], [1, 1, 1, 0, 1, 0, 1, 0, 0, 1, 1, 1, 1, 1, 1], [1, 1, 1, 0, 1, 1, 0, 0, 0, 0, 1, 1, 1, 1, 1], [1, 1, 1, 0, 1, 0, 0, 0, 1, 0, 1, 1, 1, 0, 1], [1, 0, 0, 0, 0, 0, 0, 1, 0, 1, 1, 0, 0, 0, 0], [0, 0, 1, 1, 0, 1, 0, 0, 1, 0, 1, 0, 0, 0, 0], [1, 0, 0, 1, 0, 1, 1, 1, 1, 1, 0, 1, 0, 0, 0], [1, 1, 1, 1, 1, 1, 1, 1, 0, 0, 1, 0, 1, 0, 1], [0, 1, 1, 0, 0, 1, 1, 1, 0, 0, 0, 1, 0, 1, 0], [1, 0, 1, 1, 0, 1, 1, 0, 0, 0, 0, 0, 1, 0, 1], [0, 1, 0, 1, 1, 1, 1, 1, 0, 0, 0, 1, 0, 1, 0]]",11.0,1.0,Y,"{0: 12, 1: 13, 2: 14, 3: 15, 4: 16, 5: 17, 6: 18, 7: 19, 8: 20, 9: 21, 10: 22, 11: 23, 12: 24, 13: 25, 14: 11}",Y,"{0: 12, 1: 13, 2: 14, 3: 15, 4: 16, 5: 17, 6: 18, 7: 19, 8: 20, 9: 21, 10: 22, 11: 23, 12: 24, 13: 25, 14: 11}","{(0, 2): 1, (0, 3): 1, (0, 4): 1, (0, 5): 1, (0, 6): 1, (0, 7): 1, (0, 8): 1, (0, 10): 1, (0, 11): 1, (0, 13): 3, (1, 2): 2, (1, 5): 1, (1, 6): 1, (1, 7): 1, (1, 11): 1, (1, 12): 6, (1, 14): 1, (2, 4): 1, (2, 5): 1, (2, 6): 1, (2, 7): 1, (2, 9): 1, (2, 11): 1, (2, 12): 4, (2, 13): 1, (3, 9): 1, (3, 10): 1, (3, 11): 1, (3, 13): 10, (3, 14): 1, (4, 5): 1, (4, 6): 1, (4, 7): 5, (4, 11): 6, (4, 14): 1, (5, 6): 1, (5, 9): 1, (5, 10): 1, (5, 11): 2, (5, 12): 1, (5, 13): 6, (5, 14): 1, (6, 10): 1, (6, 11): 1, (6, 12): 7, (6, 13): 1, (6, 14): 3, (7, 8): 5, (7, 10): 1, (7, 11): 1, (7, 12): 3, (7, 14): 1, (8, 9): 11, (8, 10): 3, (9, 10): 7, (10, 11): 7, (11, 12): 1, (11, 14): 1, (12, 13): 2, (13, 14): 2}",38.14697265625,60.0,15.0,120.0
88.0,Graph with 15 nodes and 56 edges,"[[0, 1, 1, 1, 1, 0, 0, 0, 1, 0, 0, 0, 0, 1, 1], [1, 0, 1, 0, 1, 0, 1, 0, 1, 0, 1, 1, 0, 0, 1], [1, 1, 0, 0, 0, 1, 1, 0, 1, 1, 1, 1, 1, 0, 0], [1, 0, 0, 0, 1, 1, 0, 1, 0, 0, 1, 1, 0, 1, 1], [1, 1, 0, 1, 0, 1, 0, 0, 0, 0, 1, 0, 0, 1, 1], [0, 0, 1, 1, 1, 0, 1, 1, 0, 1, 1, 0, 1, 0, 1], [0, 1, 1, 0, 0, 1, 0, 0, 1, 0, 0, 1, 0, 0, 0], [0, 0, 0, 1, 0, 1, 0, 0, 0, 1, 1, 1, 0, 1, 0], [1, 1, 1, 0, 0, 0, 1, 0, 0, 1, 1, 1, 1, 1, 0], [0, 0, 1, 0, 0, 1, 0, 1, 1, 0, 1, 0, 1, 0, 1], [0, 1, 1, 1, 1, 1, 0, 1, 1, 1, 0, 1, 0, 0, 0], [0, 1, 1, 1, 0, 0, 1, 1, 1, 0, 1, 0, 1, 0, 0], [0, 0, 1, 0, 0, 1, 0, 0, 1, 1, 0, 1, 0, 0, 1], [1, 0, 0, 1, 1, 0, 0, 1, 1, 0, 0, 0, 0, 0, 1], [1, 1, 0, 1, 1, 1, 0, 0, 0, 1, 0, 0, 1, 1, 0]]",27.0,1.0,Y,"{0: 40, 1: 28, 2: 33, 3: 37, 4: 30, 5: 41, 6: 31, 7: 27, 8: 32, 9: 38, 10: 36, 11: 39, 12: 34, 13: 29, 14: 35}",Y,"{0: 40, 1: 28, 2: 33, 3: 37, 4: 30, 5: 41, 6: 31, 7: 27, 8: 32, 9: 38, 10: 36, 11: 39, 12: 34, 13: 29, 14: 35}","{(0, 1): 3, (0, 2): 3, (0, 3): 6, (0, 4): 3, (0, 8): 1, (0, 13): 19, (0, 14): 5, (1, 2): 3, (1, 4): 1, (1, 6): 13, (1, 8): 1, (1, 10): 1, (1, 11): 1, (1, 14): 5, (2, 5): 1, (2, 6): 1, (2, 8): 1, (2, 9): 13, (2, 10): 3, (2, 11): 7, (2, 12): 1, (3, 4): 3, (3, 5): 1, (3, 7): 15, (3, 10): 1, (3, 11): 2, (3, 13): 4, (3, 14): 5, (4, 5): 1, (4, 10): 11, (4, 13): 3, (4, 14): 8, (5, 6): 9, (5, 7): 1, (5, 9): 10, (5, 10): 1, (5, 12): 8, (5, 14): 9, (6, 8): 2, (6, 11): 6, (7, 9): 5, (7, 10): 3, (7, 11): 2, (7, 13): 1, (8, 9): 1, (8, 10): 1, (8, 11): 7, (8, 12): 17, (8, 13): 1, (9, 10): 2, (9, 12): 6, (9, 14): 1, (10, 11): 13, (11, 12): 1, (12, 14): 1, (13, 14): 1}",72.95608520507812,56.0,15.0,112.0
90.0,Graph with 15 nodes and 46 edges,"[[0, 0, 0, 0, 0, 1, 1, 0, 0, 0, 0, 1, 1, 1, 1], [0, 0, 0, 1, 0, 1, 1, 0, 0, 1, 0, 0, 0, 0, 0], [0, 0, 0, 0, 1, 1, 1, 1, 0, 0, 0, 1, 1, 1, 1], [0, 1, 0, 0, 1, 1, 0, 0, 0, 0, 0, 0, 0, 0, 1], [0, 0, 1, 1, 0, 1, 0, 1, 1, 1, 0, 1, 1, 1, 0], [1, 1, 1, 1, 1, 0, 1, 1, 0, 1, 0, 0, 0, 1, 0], [1, 1, 1, 0, 0, 1, 0, 1, 0, 1, 0, 0, 1, 0, 1], [0, 0, 1, 0, 1, 1, 1, 0, 1, 0, 1, 0, 0, 1, 0], [0, 0, 0, 0, 1, 0, 0, 1, 0, 0, 0, 0, 0, 0, 0], [0, 1, 0, 0, 1, 1, 1, 0, 0, 0, 1, 0, 0, 1, 0], [0, 0, 0, 0, 0, 0, 0, 1, 0, 1, 0, 0, 0, 0, 0], [1, 0, 1, 0, 1, 0, 0, 0, 0, 0, 0, 0, 0, 1, 1], [1, 0, 1, 0, 1, 0, 1, 0, 0, 0, 0, 0, 0, 1, 1], [1, 0, 1, 0, 1, 1, 0, 1, 0, 1, 0, 1, 1, 0, 1], [1, 0, 1, 1, 0, 0, 1, 0, 0, 0, 0, 1, 1, 1, 0]]",11.0,3.0,Y,"{0: 53, 1: 35, 2: 47, 3: 41, 4: 50, 5: 38, 6: 32, 7: 17, 8: 26, 9: 20, 10: 14, 11: 23, 12: 11, 13: 44, 14: 29}",Y,"{0: 53, 1: 35, 2: 47, 3: 41, 4: 50, 5: 38, 6: 32, 7: 17, 8: 26, 9: 20, 10: 14, 11: 23, 12: 11, 13: 44, 14: 29}","{(0, 5): 9, (0, 6): 1, (0, 11): 19, (0, 12): 6, (0, 13): 3, (0, 14): 15, (1, 3): 30, (1, 5): 1, (1, 6): 1, (1, 9): 3, (2, 4): 6, (2, 5): 1, (2, 6): 25, (2, 7): 11, (2, 11): 1, (2, 12): 1, (2, 13): 1, (2, 14): 1, (3, 4): 1, (3, 5): 1, (3, 14): 9, (4, 5): 1, (4, 7): 1, (4, 8): 25, (4, 9): 1, (4, 11): 1, (4, 12): 1, (4, 13): 13, (5, 6): 1, (5, 7): 1, (5, 9): 1, (5, 13): 22, (6, 7): 1, (6, 9): 1, (6, 12): 1, (6, 14): 1, (7, 8): 1, (7, 10): 1, (7, 13): 1, (9, 10): 13, (9, 13): 1, (11, 13): 1, (11, 14): 1, (12, 13): 1, (12, 14): 1, (13, 14): 1}",881.195068359375,46.0,15.0,92.0
91.0,Graph with 15 nodes and 52 edges,"[[0, 0, 0, 0, 1, 0, 1, 1, 1, 0, 0, 1, 0, 1, 0], [0, 0, 1, 0, 0, 0, 1, 1, 0, 0, 0, 0, 1, 0, 0], [0, 1, 0, 0, 1, 0, 1, 0, 1, 1, 0, 1, 1, 1, 1], [0, 0, 0, 0, 1, 0, 1, 1, 0, 0, 0, 1, 0, 0, 1], [1, 0, 1, 1, 0, 1, 1, 1, 0, 0, 1, 1, 0, 0, 0], [0, 0, 0, 0, 1, 0, 0, 1, 0, 0, 0, 0, 1, 1, 0], [1, 1, 1, 1, 1, 0, 0, 0, 0, 0, 0, 0, 1, 1, 1], [1, 1, 0, 1, 1, 1, 0, 0, 0, 1, 0, 0, 1, 1, 0], [1, 0, 1, 0, 0, 0, 0, 0, 0, 1, 0, 1, 1, 1, 1], [0, 0, 1, 0, 0, 0, 0, 1, 1, 0, 1, 0, 1, 0, 1], [0, 0, 0, 0, 1, 0, 0, 0, 0, 1, 0, 1, 0, 1, 1], [1, 0, 1, 1, 1, 0, 0, 0, 1, 0, 1, 0, 0, 1, 0], [0, 1, 1, 0, 0, 1, 1, 1, 1, 1, 0, 0, 0, 1, 1], [1, 0, 1, 0, 0, 1, 1, 1, 1, 0, 1, 1, 1, 0, 1], [0, 0, 1, 1, 0, 0, 1, 0, 1, 1, 1, 0, 1, 1, 0]]",27.0,7.0,Y,"{0: 34, 1: 41, 2: 48, 3: 55, 4: 62, 5: 69, 6: 76, 7: 83, 8: 90, 9: 97, 10: 104, 11: 111, 12: 118, 13: 125, 14: 27}",Y,"{0: 34, 1: 41, 2: 48, 3: 55, 4: 62, 5: 69, 6: 76, 7: 83, 8: 90, 9: 97, 10: 104, 11: 111, 12: 118, 13: 125, 14: 27}","{(0, 4): 1, (0, 6): 1, (0, 7): 1, (0, 8): 8, (0, 11): 1, (0, 13): 22, (1, 2): 1, (1, 6): 19, (1, 7): 5, (1, 12): 16, (2, 4): 1, (2, 6): 1, (2, 8): 1, (2, 9): 1, (2, 11): 40, (2, 12): 1, (2, 13): 1, (2, 14): 1, (3, 4): 1, (3, 6): 51, (3, 7): 1, (3, 11): 1, (3, 14): 1, (4, 5): 25, (4, 6): 1, (4, 7): 31, (4, 10): 1, (4, 11): 1, (5, 7): 42, (5, 12): 1, (5, 13): 1, (6, 12): 1, (6, 13): 1, (6, 14): 1, (7, 9): 1, (7, 12): 1, (7, 13): 1, (8, 9): 1, (8, 11): 66, (8, 12): 1, (8, 13): 1, (8, 14): 12, (9, 10): 92, (9, 12): 1, (9, 14): 1, (10, 11): 1, (10, 13): 1, (10, 14): 9, (11, 13): 1, (12, 13): 95, (12, 14): 1, (13, 14): 1}",1078.1288146972656,52.0,15.0,104.0
93.0,Graph with 15 nodes and 53 edges,"[[0, 1, 1, 0, 0, 1, 0, 1, 0, 1, 1, 1, 1, 1, 0], [1, 0, 1, 1, 0, 0, 1, 1, 0, 1, 1, 0, 1, 1, 1], [1, 1, 0, 0, 0, 0, 1, 1, 1, 0, 0, 0, 0, 1, 1], [0, 1, 0, 0, 1, 1, 0, 1, 0, 1, 0, 1, 1, 0, 0], [0, 0, 0, 1, 0, 0, 0, 0, 0, 1, 0, 1, 0, 0, 0], [1, 0, 0, 1, 0, 0, 1, 0, 0, 0, 0, 1, 1, 0, 0], [0, 1, 1, 0, 0, 1, 0, 1, 1, 0, 1, 1, 0, 0, 0], [1, 1, 1, 1, 0, 0, 1, 0, 1, 0, 1, 0, 0, 1, 1], [0, 0, 1, 0, 0, 0, 1, 1, 0, 0, 1, 1, 0, 1, 1], [1, 1, 0, 1, 1, 0, 0, 0, 0, 0, 0, 1, 0, 1, 0], [1, 1, 0, 0, 0, 0, 1, 1, 1, 0, 0, 0, 0, 0, 0], [1, 0, 0, 1, 1, 1, 1, 0, 1, 1, 0, 0, 1, 0, 1], [1, 1, 0, 1, 0, 1, 0, 0, 0, 0, 0, 1, 0, 1, 1], [1, 1, 1, 0, 0, 0, 0, 1, 1, 1, 0, 0, 1, 0, 1], [0, 1, 1, 0, 0, 0, 0, 1, 1, 0, 0, 1, 1, 1, 0]]",27.0,9.0,Y,"{0: 36, 1: 45, 2: 54, 3: 63, 4: 72, 5: 81, 6: 90, 7: 99, 8: 108, 9: 117, 10: 126, 11: 135, 12: 144, 13: 153, 14: 27}",Y,"{0: 36, 1: 45, 2: 54, 3: 63, 4: 72, 5: 81, 6: 90, 7: 99, 8: 108, 9: 117, 10: 126, 11: 135, 12: 144, 13: 153, 14: 27}","{(0, 1): 1, (0, 2): 1, (0, 5): 1, (0, 7): 1, (0, 9): 1, (0, 10): 28, (0, 11): 1, (0, 12): 1, (0, 13): 1, (1, 2): 1, (1, 3): 1, (1, 6): 1, (1, 7): 1, (1, 9): 35, (1, 10): 2, (1, 12): 1, (1, 13): 1, (1, 14): 1, (2, 6): 1, (2, 7): 10, (2, 8): 39, (2, 13): 1, (2, 14): 1, (3, 4): 1, (3, 5): 1, (3, 7): 1, (3, 9): 57, (3, 11): 1, (3, 12): 1, (4, 9): 21, (4, 11): 50, (5, 6): 1, (5, 11): 77, (5, 12): 1, (6, 7): 1, (6, 8): 1, (6, 10): 84, (6, 11): 1, (7, 8): 54, (7, 10): 1, (7, 13): 9, (7, 14): 21, (8, 10): 11, (8, 11): 1, (8, 13): 1, (8, 14): 1, (9, 11): 2, (9, 13): 1, (11, 12): 1, (11, 14): 1, (12, 13): 138, (12, 14): 1, (13, 14): 1}",1277.923583984375,53.0,15.0,106.0
94.0,Graph with 15 nodes and 49 edges,"[[0, 0, 0, 1, 0, 0, 0, 0, 1, 0, 1, 1, 0, 1, 1], [0, 0, 1, 0, 0, 0, 0, 0, 0, 0, 1, 0, 0, 0, 1], [0, 1, 0, 0, 1, 0, 0, 0, 0, 0, 1, 1, 1, 0, 1], [1, 0, 0, 0, 0, 1, 0, 0, 1, 1, 1, 0, 1, 0, 1], [0, 0, 1, 0, 0, 0, 1, 0, 1, 1, 0, 1, 0, 1, 1], [0, 0, 0, 1, 0, 0, 0, 0, 1, 0, 1, 0, 0, 0, 1], [0, 0, 0, 0, 1, 0, 0, 0, 1, 1, 1, 1, 0, 0, 0], [0, 0, 0, 0, 0, 0, 0, 0, 1, 1, 1, 0, 0, 0, 0], [1, 0, 0, 1, 1, 1, 1, 1, 0, 1, 1, 1, 1, 0, 1], [0, 0, 0, 1, 1, 0, 1, 1, 1, 0, 0, 0, 0, 0, 0], [1, 1, 1, 1, 0, 1, 1, 1, 1, 0, 0, 1, 0, 1, 1], [1, 0, 1, 0, 1, 0, 1, 0, 1, 0, 1, 0, 1, 0, 1], [0, 0, 1, 1, 0, 0, 0, 0, 1, 0, 0, 1, 0, 1, 1], [1, 0, 0, 0, 1, 0, 0, 0, 0, 0, 1, 0, 1, 0, 1], [1, 1, 1, 1, 1, 1, 0, 0, 1, 0, 1, 1, 1, 1, 0]]",9.0,7.0,Y,"{0: 100, 1: 86, 2: 93, 3: 107, 4: 9, 5: 23, 6: 30, 7: 51, 8: 16, 9: 72, 10: 44, 11: 65, 12: 37, 13: 58, 14: 79}",Y,"{0: 100, 1: 86, 2: 93, 3: 107, 4: 9, 5: 23, 6: 30, 7: 51, 8: 16, 9: 72, 10: 44, 11: 65, 12: 37, 13: 58, 14: 79}","{(0, 3): 42, (0, 8): 1, (0, 10): 1, (0, 11): 1, (0, 13): 54, (0, 14): 1, (1, 2): 16, (1, 10): 1, (1, 14): 69, (2, 4): 3, (2, 10): 1, (2, 11): 40, (2, 12): 32, (2, 14): 1, (3, 5): 20, (3, 8): 1, (3, 9): 8, (3, 10): 34, (3, 12): 1, (3, 14): 1, (4, 6): 1, (4, 8): 1, (4, 9): 1, (4, 11): 1, (4, 13): 1, (4, 14): 1, (5, 8): 1, (5, 10): 1, (5, 14): 1, (6, 8): 1, (6, 9): 13, (6, 10): 1, (6, 11): 14, (7, 8): 1, (7, 9): 49, (7, 10): 1, (8, 9): 1, (8, 10): 1, (8, 11): 6, (8, 12): 1, (8, 14): 1, (10, 11): 1, (10, 13): 1, (10, 14): 1, (11, 12): 1, (11, 14): 1, (12, 13): 1, (12, 14): 1, (13, 14): 1}",840.9023284912109,49.0,15.0,98.0
94.0,Graph with 15 nodes and 49 edges,"[[0, 0, 0, 1, 0, 0, 0, 0, 1, 0, 1, 1, 0, 1, 1], [0, 0, 1, 0, 0, 0, 0, 0, 0, 0, 1, 0, 0, 0, 1], [0, 1, 0, 0, 1, 0, 0, 0, 0, 0, 1, 1, 1, 0, 1], [1, 0, 0, 0, 0, 1, 0, 0, 1, 1, 1, 0, 1, 0, 1], [0, 0, 1, 0, 0, 0, 1, 0, 1, 1, 0, 1, 0, 1, 1], [0, 0, 0, 1, 0, 0, 0, 0, 1, 0, 1, 0, 0, 0, 1], [0, 0, 0, 0, 1, 0, 0, 0, 1, 1, 1, 1, 0, 0, 0], [0, 0, 0, 0, 0, 0, 0, 0, 1, 1, 1, 0, 0, 0, 0], [1, 0, 0, 1, 1, 1, 1, 1, 0, 1, 1, 1, 1, 0, 1], [0, 0, 0, 1, 1, 0, 1, 1, 1, 0, 0, 0, 0, 0, 0], [1, 1, 1, 1, 0, 1, 1, 1, 1, 0, 0, 1, 0, 1, 1], [1, 0, 1, 0, 1, 0, 1, 0, 1, 0, 1, 0, 1, 0, 1], [0, 0, 1, 1, 0, 0, 0, 0, 1, 0, 0, 1, 0, 1, 1], [1, 0, 0, 0, 1, 0, 0, 0, 0, 0, 1, 0, 1, 0, 1], [1, 1, 1, 1, 1, 1, 0, 0, 1, 0, 1, 1, 1, 1, 0]]",20.0,6.0,Y,"{0: 26, 1: 32, 2: 38, 3: 44, 4: 50, 5: 56, 6: 62, 7: 68, 8: 74, 9: 80, 10: 86, 11: 92, 12: 98, 13: 104, 14: 20}",Y,"{0: 26, 1: 32, 2: 38, 3: 44, 4: 50, 5: 56, 6: 62, 7: 68, 8: 74, 9: 80, 10: 86, 11: 92, 12: 98, 13: 104, 14: 20}","{(0, 3): 1, (0, 8): 1, (0, 10): 1, (0, 11): 1, (0, 13): 21, (0, 14): 1, (1, 2): 3, (1, 10): 28, (1, 14): 1, (2, 4): 1, (2, 10): 1, (2, 11): 2, (2, 12): 30, (2, 14): 1, (3, 5): 38, (3, 8): 1, (3, 9): 1, (3, 10): 1, (3, 12): 1, (3, 14): 1, (4, 6): 1, (4, 8): 1, (4, 9): 2, (4, 11): 1, (4, 13): 43, (4, 14): 1, (5, 8): 16, (5, 10): 1, (5, 14): 1, (6, 8): 1, (6, 9): 58, (6, 10): 1, (6, 11): 1, (7, 8): 49, (7, 9): 18, (7, 10): 1, (8, 9): 1, (8, 10): 1, (8, 11): 1, (8, 12): 1, (8, 14): 1, (10, 11): 22, (10, 13): 28, (10, 14): 1, (11, 12): 63, (11, 14): 1, (12, 13): 2, (12, 14): 1, (13, 14): 10}",958.9195251464844,49.0,15.0,98.0
94.0,Graph with 15 nodes and 49 edges,"[[0, 0, 0, 1, 0, 0, 0, 0, 1, 0, 1, 1, 0, 1, 1], [0, 0, 1, 0, 0, 0, 0, 0, 0, 0, 1, 0, 0, 0, 1], [0, 1, 0, 0, 1, 0, 0, 0, 0, 0, 1, 1, 1, 0, 1], [1, 0, 0, 0, 0, 1, 0, 0, 1, 1, 1, 0, 1, 0, 1], [0, 0, 1, 0, 0, 0, 1, 0, 1, 1, 0, 1, 0, 1, 1], [0, 0, 0, 1, 0, 0, 0, 0, 1, 0, 1, 0, 0, 0, 1], [0, 0, 0, 0, 1, 0, 0, 0, 1, 1, 1, 1, 0, 0, 0], [0, 0, 0, 0, 0, 0, 0, 0, 1, 1, 1, 0, 0, 0, 0], [1, 0, 0, 1, 1, 1, 1, 1, 0, 1, 1, 1, 1, 0, 1], [0, 0, 0, 1, 1, 0, 1, 1, 1, 0, 0, 0, 0, 0, 0], [1, 1, 1, 1, 0, 1, 1, 1, 1, 0, 0, 1, 0, 1, 1], [1, 0, 1, 0, 1, 0, 1, 0, 1, 0, 1, 0, 1, 0, 1], [0, 0, 1, 1, 0, 0, 0, 0, 1, 0, 0, 1, 0, 1, 1], [1, 0, 0, 0, 1, 0, 0, 0, 0, 0, 1, 0, 1, 0, 1], [1, 1, 1, 1, 1, 1, 0, 0, 1, 0, 1, 1, 1, 1, 0]]",23.0,3.0,Y,"{0: 26, 1: 29, 2: 32, 3: 35, 4: 38, 5: 41, 6: 44, 7: 47, 8: 50, 9: 53, 10: 56, 11: 59, 12: 62, 13: 65, 14: 23}",Y,"{0: 26, 1: 29, 2: 32, 3: 35, 4: 38, 5: 41, 6: 44, 7: 47, 8: 50, 9: 53, 10: 56, 11: 59, 12: 62, 13: 65, 14: 23}","{(0, 3): 1, (0, 8): 1, (0, 10): 1, (0, 11): 17, (0, 13): 5, (0, 14): 1, (1, 2): 27, (1, 10): 1, (1, 14): 1, (2, 4): 1, (2, 10): 1, (2, 11): 1, (2, 12): 1, (2, 14): 1, (3, 5): 26, (3, 8): 1, (3, 9): 4, (3, 10): 1, (3, 12): 1, (3, 14): 1, (4, 6): 32, (4, 8): 1, (4, 9): 1, (4, 11): 1, (4, 13): 1, (4, 14): 1, (5, 8): 1, (5, 10): 1, (5, 14): 13, (6, 8): 1, (6, 9): 9, (6, 10): 1, (6, 11): 1, (7, 8): 19, (7, 9): 17, (7, 10): 11, (8, 9): 22, (8, 10): 1, (8, 11): 1, (8, 12): 1, (8, 14): 1, (10, 11): 36, (10, 13): 1, (10, 14): 1, (11, 12): 1, (11, 14): 1, (12, 13): 57, (12, 14): 1, (13, 14): 1}",715.9709930419922,49.0,15.0,98.0
95.0,Graph with 15 nodes and 64 edges,"[[0, 1, 0, 0, 1, 1, 1, 1, 0, 1, 1, 1, 0, 1, 1], [1, 0, 1, 0, 1, 1, 1, 0, 0, 1, 1, 0, 0, 1, 0], [0, 1, 0, 0, 0, 0, 1, 1, 0, 0, 0, 0, 0, 0, 0], [0, 0, 0, 0, 1, 0, 0, 1, 1, 1, 1, 0, 1, 1, 0], [1, 1, 0, 1, 0, 0, 1, 1, 0, 1, 1, 0, 1, 1, 1], [1, 1, 0, 0, 0, 0, 1, 0, 1, 1, 1, 0, 1, 1, 1], [1, 1, 1, 0, 1, 1, 0, 0, 1, 1, 1, 1, 0, 1, 1], [1, 0, 1, 1, 1, 0, 0, 0, 0, 1, 0, 1, 1, 0, 0], [0, 0, 0, 1, 0, 1, 1, 0, 0, 1, 1, 1, 1, 1, 0], [1, 1, 0, 1, 1, 1, 1, 1, 1, 0, 1, 1, 1, 1, 0], [1, 1, 0, 1, 1, 1, 1, 0, 1, 1, 0, 0, 1, 1, 0], [1, 0, 0, 0, 0, 0, 1, 1, 1, 1, 0, 0, 1, 0, 1], [0, 0, 0, 1, 1, 1, 0, 1, 1, 1, 1, 1, 0, 1, 1], [1, 1, 0, 1, 1, 1, 1, 0, 1, 1, 1, 0, 1, 0, 0], [1, 0, 0, 0, 1, 1, 1, 0, 0, 0, 0, 1, 1, 0, 0]]",14.0,2.0,Y,"{0: 16, 1: 18, 2: 20, 3: 22, 4: 24, 5: 26, 6: 28, 7: 30, 8: 32, 9: 34, 10: 36, 11: 38, 12: 40, 13: 42, 14: 14}",Y,"{0: 16, 1: 18, 2: 20, 3: 22, 4: 24, 5: 26, 6: 28, 7: 30, 8: 32, 9: 34, 10: 36, 11: 38, 12: 40, 13: 42, 14: 14}","{(0, 1): 3, (0, 4): 1, (0, 5): 1, (0, 6): 1, (0, 7): 1, (0, 9): 1, (0, 10): 1, (0, 11): 3, (0, 13): 1, (0, 14): 3, (1, 2): 4, (1, 4): 1, (1, 5): 1, (1, 6): 1, (1, 9): 1, (1, 10): 3, (1, 13): 4, (2, 6): 3, (2, 7): 13, (3, 4): 1, (3, 7): 2, (3, 8): 3, (3, 9): 1, (3, 10): 13, (3, 12): 1, (3, 13): 1, (4, 6): 1, (4, 7): 7, (4, 9): 1, (4, 10): 3, (4, 12): 5, (4, 13): 3, (4, 14): 1, (5, 6): 1, (5, 8): 1, (5, 9): 1, (5, 10): 1, (5, 12): 1, (5, 13): 18, (5, 14): 1, (6, 8): 1, (6, 9): 1, (6, 10): 1, (6, 11): 14, (6, 13): 1, (6, 14): 3, (7, 9): 5, (7, 11): 1, (7, 12): 1, (8, 9): 1, (8, 10): 4, (8, 11): 13, (8, 12): 7, (8, 13): 2, (9, 10): 1, (9, 11): 3, (9, 12): 17, (9, 13): 1, (10, 12): 1, (10, 13): 8, (11, 12): 1, (11, 14): 3, (12, 13): 3, (12, 14): 3}",86.06910705566406,64.0,15.0,128.0
96.0,Graph with 15 nodes and 53 edges,"[[0, 0, 0, 0, 1, 1, 0, 0, 1, 0, 0, 1, 1, 0, 1], [0, 0, 1, 0, 0, 1, 1, 0, 0, 0, 1, 0, 1, 1, 0], [0, 1, 0, 1, 1, 1, 0, 0, 1, 0, 0, 1, 1, 0, 1], [0, 0, 1, 0, 0, 1, 1, 1, 1, 1, 1, 1, 0, 0, 0], [1, 0, 1, 0, 0, 1, 0, 0, 0, 1, 1, 1, 0, 0, 1], [1, 1, 1, 1, 1, 0, 0, 0, 0, 0, 0, 0, 0, 0, 0], [0, 1, 0, 1, 0, 0, 0, 0, 0, 1, 0, 1, 1, 1, 1], [0, 0, 0, 1, 0, 0, 0, 0, 1, 0, 1, 1, 0, 0, 1], [1, 0, 1, 1, 0, 0, 0, 1, 0, 1, 1, 1, 1, 0, 0], [0, 0, 0, 1, 1, 0, 1, 0, 1, 0, 0, 1, 0, 1, 1], [0, 1, 0, 1, 1, 0, 0, 1, 1, 0, 0, 1, 1, 0, 0], [1, 0, 1, 1, 1, 0, 1, 1, 1, 1, 1, 0, 1, 0, 1], [1, 1, 1, 0, 0, 0, 1, 0, 1, 0, 1, 1, 0, 0, 1], [0, 1, 0, 0, 0, 0, 1, 0, 0, 1, 0, 0, 0, 0, 1], [1, 0, 1, 0, 1, 0, 1, 1, 0, 1, 0, 1, 1, 1, 0]]",4.0,8.0,Y,"{0: 116, 1: 108, 2: 100, 3: 92, 4: 84, 5: 76, 6: 68, 7: 60, 8: 52, 9: 44, 10: 36, 11: 28, 12: 20, 13: 4, 14: 12}",Y,"{0: 116, 1: 108, 2: 100, 3: 92, 4: 84, 5: 76, 6: 68, 7: 60, 8: 52, 9: 44, 10: 36, 11: 28, 12: 20, 13: 4, 14: 12}","{(0, 4): 66, (0, 5): 14, (0, 8): 21, (0, 11): 10, (0, 12): 1, (0, 14): 4, (1, 2): 59, (1, 5): 10, (1, 6): 19, (1, 10): 6, (1, 12): 13, (1, 13): 1, (2, 3): 17, (2, 4): 1, (2, 5): 11, (2, 8): 1, (2, 11): 9, (2, 12): 1, (2, 14): 1, (3, 5): 34, (3, 6): 11, (3, 7): 18, (3, 8): 1, (3, 9): 5, (3, 10): 5, (3, 11): 1, (4, 5): 7, (4, 9): 1, (4, 10): 7, (4, 11): 1, (4, 14): 1, (6, 9): 34, (6, 11): 1, (6, 12): 1, (6, 13): 1, (6, 14): 1, (7, 8): 25, (7, 10): 15, (7, 11): 1, (7, 14): 1, (8, 9): 1, (8, 10): 1, (8, 11): 1, (8, 12): 1, (9, 11): 1, (9, 13): 1, (9, 14): 1, (10, 11): 1, (10, 12): 1, (11, 12): 1, (11, 14): 1, (12, 14): 1, (13, 14): 1}",62.9425048828125,53.0,15.0,106.0
96.0,Graph with 15 nodes and 53 edges,"[[0, 0, 0, 0, 1, 1, 0, 0, 1, 0, 0, 1, 1, 0, 1], [0, 0, 1, 0, 0, 1, 1, 0, 0, 0, 1, 0, 1, 1, 0], [0, 1, 0, 1, 1, 1, 0, 0, 1, 0, 0, 1, 1, 0, 1], [0, 0, 1, 0, 0, 1, 1, 1, 1, 1, 1, 1, 0, 0, 0], [1, 0, 1, 0, 0, 1, 0, 0, 0, 1, 1, 1, 0, 0, 1], [1, 1, 1, 1, 1, 0, 0, 0, 0, 0, 0, 0, 0, 0, 0], [0, 1, 0, 1, 0, 0, 0, 0, 0, 1, 0, 1, 1, 1, 1], [0, 0, 0, 1, 0, 0, 0, 0, 1, 0, 1, 1, 0, 0, 1], [1, 0, 1, 1, 0, 0, 0, 1, 0, 1, 1, 1, 1, 0, 0], [0, 0, 0, 1, 1, 0, 1, 0, 1, 0, 0, 1, 0, 1, 1], [0, 1, 0, 1, 1, 0, 0, 1, 1, 0, 0, 1, 1, 0, 0], [1, 0, 1, 1, 1, 0, 1, 1, 1, 1, 1, 0, 1, 0, 1], [1, 1, 1, 0, 0, 0, 1, 0, 1, 0, 1, 1, 0, 0, 1], [0, 1, 0, 0, 0, 0, 1, 0, 0, 1, 0, 0, 0, 0, 1], [1, 0, 1, 0, 1, 0, 1, 1, 0, 1, 0, 1, 1, 1, 0]]",19.0,3.0,Y,"{0: 22, 1: 25, 2: 28, 3: 31, 4: 34, 5: 37, 6: 40, 7: 43, 8: 46, 9: 49, 10: 52, 11: 55, 12: 58, 13: 61, 14: 19}",Y,"{0: 22, 1: 25, 2: 28, 3: 31, 4: 34, 5: 37, 6: 40, 7: 43, 8: 46, 9: 49, 10: 52, 11: 55, 12: 58, 13: 61, 14: 19}","{(0, 4): 1, (0, 5): 1, (0, 8): 1, (0, 11): 17, (0, 12): 1, (0, 14): 1, (1, 2): 1, (1, 5): 20, (1, 6): 1, (1, 10): 1, (1, 12): 1, (1, 13): 1, (2, 3): 1, (2, 4): 4, (2, 5): 1, (2, 8): 1, (2, 11): 1, (2, 12): 18, (2, 14): 1, (3, 5): 1, (3, 6): 1, (3, 7): 1, (3, 8): 1, (3, 9): 1, (3, 10): 24, (3, 11): 1, (4, 5): 14, (4, 9): 5, (4, 10): 1, (4, 11): 1, (4, 14): 8, (6, 9): 1, (6, 11): 15, (6, 12): 1, (6, 13): 20, (6, 14): 1, (7, 8): 39, (7, 10): 1, (7, 11): 1, (7, 14): 1, (8, 9): 1, (8, 10): 1, (8, 11): 1, (8, 12): 1, (9, 11): 1, (9, 13): 39, (9, 14): 1, (10, 11): 1, (10, 12): 23, (11, 12): 12, (11, 14): 4, (12, 14): 1, (13, 14): 1}",25.987625122070312,53.0,15.0,106.0
97.0,Graph with 15 nodes and 44 edges,"[[0, 0, 1, 1, 0, 0, 0, 0, 1, 0, 0, 0, 0, 0, 1], [0, 0, 1, 0, 1, 1, 0, 0, 1, 0, 0, 0, 1, 1, 1], [1, 1, 0, 0, 1, 0, 1, 1, 0, 0, 0, 0, 0, 0, 0], [1, 0, 0, 0, 0, 0, 0, 0, 1, 0, 0, 0, 1, 0, 1], [0, 1, 1, 0, 0, 0, 1, 1, 1, 0, 0, 0, 1, 1, 1], [0, 1, 0, 0, 0, 0, 1, 1, 1, 0, 0, 1, 1, 0, 1], [0, 0, 1, 0, 1, 1, 0, 0, 0, 0, 1, 0, 1, 0, 0], [0, 0, 1, 0, 1, 1, 0, 0, 0, 1, 0, 1, 0, 0, 0], [1, 1, 0, 1, 1, 1, 0, 0, 0, 0, 1, 0, 0, 1, 1], [0, 0, 0, 0, 0, 0, 0, 1, 0, 0, 1, 0, 1, 0, 1], [0, 0, 0, 0, 0, 0, 1, 0, 1, 1, 0, 1, 0, 0, 1], [0, 0, 0, 0, 0, 1, 0, 1, 0, 0, 1, 0, 0, 1, 0], [0, 1, 0, 1, 1, 1, 1, 0, 0, 1, 0, 0, 0, 1, 1], [0, 1, 0, 0, 1, 0, 0, 0, 1, 0, 0, 1, 1, 0, 0], [1, 1, 0, 1, 1, 1, 0, 0, 1, 1, 1, 0, 1, 0, 0]]",19.0,5.0,Y,"{0: 24, 1: 29, 2: 34, 3: 39, 4: 44, 5: 49, 6: 54, 7: 59, 8: 64, 9: 69, 10: 74, 11: 79, 12: 84, 13: 89, 14: 19}",Y,"{0: 24, 1: 29, 2: 34, 3: 39, 4: 44, 5: 49, 6: 54, 7: 59, 8: 64, 9: 69, 10: 74, 11: 79, 12: 84, 13: 89, 14: 19}","{(0, 2): 13, (0, 3): 1, (0, 8): 9, (0, 14): 1, (1, 2): 7, (1, 4): 5, (1, 5): 1, (1, 8): 1, (1, 12): 13, (1, 13): 1, (1, 14): 1, (2, 4): 1, (2, 6): 8, (2, 7): 5, (3, 8): 5, (3, 12): 32, (3, 14): 1, (4, 6): 5, (4, 7): 5, (4, 8): 5, (4, 12): 1, (4, 13): 17, (4, 14): 5, (5, 6): 1, (5, 7): 5, (5, 8): 1, (5, 11): 23, (5, 12): 17, (5, 14): 1, (6, 10): 35, (6, 12): 5, (7, 9): 43, (7, 11): 1, (8, 10): 19, (8, 13): 19, (8, 14): 5, (9, 10): 14, (9, 12): 11, (9, 14): 1, (10, 11): 5, (10, 14): 1, (11, 13): 50, (12, 13): 2, (12, 14): 3}",76.05552673339844,44.0,15.0,88.0
98.0,Graph with 15 nodes and 57 edges,"[[0, 1, 0, 0, 1, 0, 1, 0, 1, 1, 0, 1, 1, 1, 0], [1, 0, 0, 1, 0, 0, 0, 1, 1, 0, 1, 1, 1, 1, 0], [0, 0, 0, 0, 1, 0, 1, 1, 1, 0, 1, 0, 0, 0, 1], [0, 1, 0, 0, 1, 0, 1, 1, 1, 1, 1, 0, 0, 1, 0], [1, 0, 1, 1, 0, 1, 0, 1, 0, 1, 0, 1, 1, 0, 0], [0, 0, 0, 0, 1, 0, 1, 1, 1, 0, 1, 0, 1, 1, 1], [1, 0, 1, 1, 0, 1, 0, 0, 0, 1, 1, 0, 1, 1, 0], [0, 1, 1, 1, 1, 1, 0, 0, 0, 1, 1, 0, 1, 0, 1], [1, 1, 1, 1, 0, 1, 0, 0, 0, 1, 1, 0, 0, 0, 0], [1, 0, 0, 1, 1, 0, 1, 1, 1, 0, 1, 0, 1, 1, 0], [0, 1, 1, 1, 0, 1, 1, 1, 1, 1, 0, 0, 0, 1, 0], [1, 1, 0, 0, 1, 0, 0, 0, 0, 0, 0, 0, 1, 1, 1], [1, 1, 0, 0, 1, 1, 1, 1, 0, 1, 0, 1, 0, 0, 0], [1, 1, 0, 1, 0, 1, 1, 0, 0, 1, 1, 1, 0, 0, 0], [0, 0, 1, 0, 0, 1, 0, 1, 0, 0, 0, 1, 0, 0, 0]]",23.0,9.0,Y,"{0: 32, 1: 41, 2: 50, 3: 59, 4: 68, 5: 77, 6: 86, 7: 95, 8: 104, 9: 113, 10: 122, 11: 131, 12: 140, 13: 149, 14: 23}",Y,"{0: 32, 1: 41, 2: 50, 3: 59, 4: 68, 5: 77, 6: 86, 7: 95, 8: 104, 9: 113, 10: 122, 11: 131, 12: 140, 13: 149, 14: 23}","{(0, 1): 5, (0, 4): 1, (0, 6): 17, (0, 8): 1, (0, 9): 1, (0, 11): 1, (0, 12): 1, (0, 13): 5, (1, 3): 1, (1, 7): 1, (1, 8): 19, (1, 10): 1, (1, 11): 8, (1, 12): 1, (1, 13): 5, (2, 4): 5, (2, 6): 5, (2, 7): 15, (2, 8): 5, (2, 10): 15, (2, 14): 5, (3, 4): 1, (3, 6): 1, (3, 7): 1, (3, 8): 26, (3, 9): 9, (3, 10): 1, (3, 13): 19, (4, 5): 1, (4, 7): 5, (4, 9): 1, (4, 11): 53, (4, 12): 1, (5, 6): 5, (5, 7): 8, (5, 8): 5, (5, 10): 1, (5, 12): 51, (5, 13): 5, (5, 14): 1, (6, 9): 1, (6, 10): 1, (6, 12): 3, (6, 13): 53, (7, 9): 23, (7, 10): 40, (7, 12): 1, (7, 14): 1, (8, 9): 43, (8, 10): 5, (9, 10): 1, (9, 12): 30, (9, 13): 4, (10, 13): 57, (11, 12): 52, (11, 13): 1, (11, 14): 16}",59.1278076171875,57.0,15.0,114.0
