graph_index,Graph,Adjacency_list,a,d,APG_label_availability,Vertex_labels,APG_label_availability,Vertex_labels,Edge_labels,Gurobi_runtime/microseconds,Gurobi_num_vars,Gurobi_num_constrs,Gurobi_nonzero_coefs
1.0,Graph with 12 nodes and 29 edges,"[[0, 1, 0, 0, 0, 0, 0, 0, 0, 0, 0, 1], [1, 0, 0, 1, 0, 1, 0, 0, 0, 0, 0, 1], [0, 0, 0, 1, 1, 0, 0, 0, 0, 1, 1, 0], [0, 1, 1, 0, 0, 0, 1, 0, 1, 1, 1, 1], [0, 0, 1, 0, 0, 1, 0, 1, 0, 0, 0, 1], [0, 1, 0, 0, 1, 0, 1, 1, 1, 1, 1, 0], [0, 0, 0, 1, 0, 1, 0, 1, 1, 0, 0, 1], [0, 0, 0, 0, 1, 1, 1, 0, 0, 0, 1, 0], [0, 0, 0, 1, 0, 1, 1, 0, 0, 1, 1, 0], [0, 0, 1, 1, 0, 1, 0, 0, 1, 0, 1, 0], [0, 0, 1, 1, 0, 1, 0, 1, 1, 1, 0, 0], [1, 1, 0, 1, 1, 0, 1, 0, 0, 0, 0, 0]]",18.0,1.0,Y,"{0: 29, 1: 28, 2: 27, 3: 26, 4: 25, 5: 24, 6: 23, 7: 22, 8: 21, 9: 20, 10: 19, 11: 18}",Y,"{0: 29, 1: 28, 2: 27, 3: 26, 4: 25, 5: 24, 6: 23, 7: 22, 8: 21, 9: 20, 10: 19, 11: 18}","{(0, 1): 15, (0, 11): 14, (1, 3): 10, (1, 5): 2, (1, 11): 1, (2, 3): 8, (2, 4): 8, (2, 9): 1, (2, 10): 10, (3, 6): 1, (3, 8): 3, (3, 9): 2, (3, 10): 1, (3, 11): 1, (4, 5): 1, (4, 7): 15, (4, 11): 1, (5, 6): 14, (5, 7): 3, (5, 8): 1, (5, 9): 1, (5, 10): 2, (6, 7): 3, (6, 8): 4, (6, 11): 1, (7, 10): 1, (8, 9): 12, (8, 10): 1, (9, 10): 4}",43.8690185546875,29.0,12.0,58.0
2.0,Graph with 12 nodes and 33 edges,"[[0, 1, 1, 0, 1, 1, 0, 0, 1, 0, 1, 0], [1, 0, 0, 0, 1, 0, 0, 1, 1, 1, 0, 1], [1, 0, 0, 1, 0, 1, 0, 1, 1, 0, 0, 1], [0, 0, 1, 0, 1, 1, 0, 0, 1, 1, 0, 1], [1, 1, 0, 1, 0, 1, 1, 0, 0, 0, 0, 0], [1, 0, 1, 1, 1, 0, 0, 0, 1, 0, 0, 1], [0, 0, 0, 0, 1, 0, 0, 0, 1, 0, 1, 1], [0, 1, 1, 0, 0, 0, 0, 0, 0, 1, 0, 0], [1, 1, 1, 1, 0, 1, 1, 0, 0, 1, 1, 0], [0, 1, 0, 1, 0, 0, 0, 1, 1, 0, 1, 0], [1, 0, 0, 0, 0, 0, 1, 0, 1, 1, 0, 1], [0, 1, 1, 1, 0, 1, 1, 0, 0, 0, 1, 0]]",4.0,1.0,Y,"{0: 15, 1: 14, 2: 13, 3: 12, 4: 11, 5: 10, 6: 4, 7: 9, 8: 8, 9: 7, 10: 5, 11: 6}",Y,"{0: 15, 1: 14, 2: 13, 3: 12, 4: 11, 5: 10, 6: 4, 7: 9, 8: 8, 9: 7, 10: 5, 11: 6}","{(0, 1): 1, (0, 2): 1, (0, 4): 6, (0, 5): 5, (0, 8): 1, (0, 10): 1, (1, 4): 2, (1, 7): 6, (1, 8): 1, (1, 9): 3, (1, 11): 1, (2, 3): 7, (2, 5): 1, (2, 7): 2, (2, 8): 1, (2, 11): 1, (3, 4): 1, (3, 5): 1, (3, 8): 1, (3, 9): 1, (3, 11): 1, (4, 5): 1, (4, 6): 1, (5, 8): 1, (5, 11): 1, (6, 8): 1, (6, 10): 1, (6, 11): 1, (7, 9): 1, (8, 9): 1, (8, 10): 1, (9, 10): 1, (10, 11): 1}",580.0724029541016,33.0,12.0,66.0
3.0,Graph with 12 nodes and 37 edges,"[[0, 1, 0, 0, 0, 1, 0, 0, 1, 1, 1, 0], [1, 0, 0, 0, 1, 1, 0, 0, 0, 1, 1, 1], [0, 0, 0, 1, 1, 0, 1, 1, 0, 1, 1, 1], [0, 0, 1, 0, 1, 0, 0, 1, 1, 0, 1, 0], [0, 1, 1, 1, 0, 0, 1, 0, 1, 1, 1, 1], [1, 1, 0, 0, 0, 0, 0, 0, 0, 1, 1, 1], [0, 0, 1, 0, 1, 0, 0, 0, 0, 1, 1, 1], [0, 0, 1, 1, 0, 0, 0, 0, 1, 0, 1, 1], [1, 0, 0, 1, 1, 0, 0, 1, 0, 1, 0, 0], [1, 1, 1, 0, 1, 1, 1, 0, 1, 0, 0, 0], [1, 1, 1, 1, 1, 1, 1, 1, 0, 0, 0, 1], [0, 1, 1, 0, 1, 1, 1, 1, 0, 0, 1, 0]]",11.0,7.0,Y,"{0: 18, 1: 25, 2: 32, 3: 39, 4: 46, 5: 53, 6: 60, 7: 67, 8: 74, 9: 81, 10: 88, 11: 11}",Y,"{0: 18, 1: 25, 2: 32, 3: 39, 4: 46, 5: 53, 6: 60, 7: 67, 8: 74, 9: 81, 10: 88, 11: 11}","{(0, 1): 1, (0, 5): 5, (0, 8): 6, (0, 9): 1, (0, 10): 5, (1, 4): 5, (1, 5): 12, (1, 9): 1, (1, 10): 1, (1, 11): 5, (2, 3): 5, (2, 4): 1, (2, 6): 6, (2, 7): 5, (2, 9): 13, (2, 10): 1, (2, 11): 1, (3, 4): 9, (3, 7): 1, (3, 8): 12, (3, 10): 12, (4, 6): 15, (4, 8): 5, (4, 9): 7, (4, 10): 3, (4, 11): 1, (5, 9): 22, (5, 10): 13, (5, 11): 1, (6, 9): 16, (6, 10): 22, (6, 11): 1, (7, 8): 30, (7, 10): 30, (7, 11): 1, (8, 9): 21, (10, 11): 1}",93.93692016601562,37.0,12.0,74.0
5.0,Graph with 12 nodes and 28 edges,"[[0, 1, 0, 0, 1, 0, 0, 0, 0, 0, 1, 1], [1, 0, 0, 0, 0, 1, 1, 1, 0, 0, 1, 0], [0, 0, 0, 0, 1, 1, 1, 0, 1, 1, 0, 0], [0, 0, 0, 0, 1, 0, 0, 1, 1, 0, 0, 1], [1, 0, 1, 1, 0, 0, 1, 1, 0, 0, 1, 0], [0, 1, 1, 0, 0, 0, 0, 1, 0, 0, 1, 1], [0, 1, 1, 0, 1, 0, 0, 1, 0, 0, 0, 0], [0, 1, 0, 1, 1, 1, 1, 0, 0, 1, 0, 1], [0, 0, 1, 1, 0, 0, 0, 0, 0, 1, 0, 0], [0, 0, 1, 0, 0, 0, 0, 1, 1, 0, 1, 0], [1, 1, 0, 0, 1, 1, 0, 0, 0, 1, 0, 0], [1, 0, 0, 1, 0, 1, 0, 1, 0, 0, 0, 0]]",18.0,7.0,Y,"{0: 25, 1: 32, 2: 39, 3: 46, 4: 53, 5: 60, 6: 67, 7: 74, 8: 81, 9: 88, 10: 95, 11: 18}",Y,"{0: 25, 1: 32, 2: 39, 3: 46, 4: 53, 5: 60, 6: 67, 7: 74, 8: 81, 9: 88, 10: 95, 11: 18}","{(0, 1): 1, (0, 4): 1, (0, 10): 22, (0, 11): 1, (1, 5): 1, (1, 6): 1, (1, 7): 1, (1, 10): 28, (2, 4): 1, (2, 5): 1, (2, 6): 35, (2, 8): 1, (2, 9): 1, (3, 4): 29, (3, 7): 1, (3, 8): 1, (3, 11): 15, (4, 6): 1, (4, 7): 1, (4, 10): 20, (5, 7): 39, (5, 10): 18, (5, 11): 1, (6, 7): 30, (7, 9): 1, (7, 11): 1, (8, 9): 79, (9, 10): 7}",878.8108825683594,28.0,12.0,56.0
6.0,Graph with 12 nodes and 37 edges,"[[0, 1, 0, 0, 0, 1, 0, 1, 0, 1, 1, 1], [1, 0, 0, 1, 1, 1, 0, 1, 1, 1, 1, 1], [0, 0, 0, 1, 0, 1, 1, 1, 0, 1, 1, 0], [0, 1, 1, 0, 0, 1, 0, 1, 1, 0, 0, 0], [0, 1, 0, 0, 0, 1, 1, 1, 0, 1, 0, 0], [1, 1, 1, 1, 1, 0, 1, 1, 0, 0, 1, 0], [0, 0, 1, 0, 1, 1, 0, 1, 1, 1, 1, 1], [1, 1, 1, 1, 1, 1, 1, 0, 1, 0, 0, 0], [0, 1, 0, 1, 0, 0, 1, 1, 0, 0, 1, 0], [1, 1, 1, 0, 1, 0, 1, 0, 0, 0, 0, 0], [1, 1, 1, 0, 0, 1, 1, 0, 1, 0, 0, 0], [1, 1, 0, 0, 0, 0, 1, 0, 0, 0, 0, 0]]",28.0,2.0,Y,"{0: 50, 1: 48, 2: 46, 3: 44, 4: 42, 5: 40, 6: 38, 7: 36, 8: 34, 9: 32, 10: 30, 11: 28}",Y,"{0: 50, 1: 48, 2: 46, 3: 44, 4: 42, 5: 40, 6: 38, 7: 36, 8: 34, 9: 32, 10: 30, 11: 28}","{(0, 1): 7, (0, 5): 14, (0, 7): 1, (0, 9): 1, (0, 10): 1, (0, 11): 26, (1, 3): 1, (1, 4): 1, (1, 5): 5, (1, 7): 1, (1, 8): 30, (1, 9): 1, (1, 10): 1, (1, 11): 1, (2, 3): 12, (2, 5): 1, (2, 6): 1, (2, 7): 1, (2, 9): 6, (2, 10): 25, (3, 5): 1, (3, 7): 29, (3, 8): 1, (4, 5): 1, (4, 6): 16, (4, 7): 1, (4, 9): 23, (5, 6): 16, (5, 7): 1, (5, 10): 1, (6, 7): 1, (6, 8): 1, (6, 9): 1, (6, 10): 1, (6, 11): 1, (7, 8): 1, (8, 10): 1}",1029.0145874023438,37.0,12.0,74.0
6.0,Graph with 12 nodes and 37 edges,"[[0, 1, 0, 0, 0, 1, 0, 1, 0, 1, 1, 1], [1, 0, 0, 1, 1, 1, 0, 1, 1, 1, 1, 1], [0, 0, 0, 1, 0, 1, 1, 1, 0, 1, 1, 0], [0, 1, 1, 0, 0, 1, 0, 1, 1, 0, 0, 0], [0, 1, 0, 0, 0, 1, 1, 1, 0, 1, 0, 0], [1, 1, 1, 1, 1, 0, 1, 1, 0, 0, 1, 0], [0, 0, 1, 0, 1, 1, 0, 1, 1, 1, 1, 1], [1, 1, 1, 1, 1, 1, 1, 0, 1, 0, 0, 0], [0, 1, 0, 1, 0, 0, 1, 1, 0, 0, 1, 0], [1, 1, 1, 0, 1, 0, 1, 0, 0, 0, 0, 0], [1, 1, 1, 0, 0, 1, 1, 0, 1, 0, 0, 0], [1, 1, 0, 0, 0, 0, 1, 0, 0, 0, 0, 0]]",28.0,8.0,Y,"{0: 100, 1: 60, 2: 92, 3: 44, 4: 116, 5: 28, 6: 108, 7: 84, 8: 36, 9: 68, 10: 76, 11: 52}",Y,"{0: 100, 1: 60, 2: 92, 3: 44, 4: 116, 5: 28, 6: 108, 7: 84, 8: 36, 9: 68, 10: 76, 11: 52}","{(0, 1): 1, (0, 5): 21, (0, 7): 1, (0, 9): 1, (0, 10): 26, (0, 11): 50, (1, 3): 1, (1, 4): 1, (1, 5): 1, (1, 7): 1, (1, 8): 1, (1, 9): 29, (1, 10): 24, (1, 11): 1, (2, 3): 9, (2, 5): 1, (2, 6): 79, (2, 7): 1, (2, 9): 1, (2, 10): 1, (3, 5): 1, (3, 7): 1, (3, 8): 32, (4, 5): 1, (4, 6): 1, (4, 7): 77, (4, 9): 36, (5, 6): 1, (5, 7): 1, (5, 10): 1, (6, 7): 1, (6, 8): 1, (6, 9): 1, (6, 10): 23, (6, 11): 1, (7, 8): 1, (8, 10): 1}",475.88348388671875,37.0,12.0,74.0
7.0,Graph with 12 nodes and 30 edges,"[[0, 0, 1, 1, 0, 1, 0, 1, 1, 1, 0, 0], [0, 0, 0, 0, 1, 0, 1, 1, 1, 1, 0, 1], [1, 0, 0, 0, 0, 0, 0, 1, 0, 0, 0, 0], [1, 0, 0, 0, 1, 1, 0, 0, 0, 1, 1, 0], [0, 1, 0, 1, 0, 0, 0, 1, 1, 1, 1, 0], [1, 0, 0, 1, 0, 0, 1, 0, 1, 1, 1, 0], [0, 1, 0, 0, 0, 1, 0, 0, 0, 1, 0, 0], [1, 1, 1, 0, 1, 0, 0, 0, 1, 0, 0, 1], [1, 1, 0, 0, 1, 1, 0, 1, 0, 0, 1, 0], [1, 1, 0, 1, 1, 1, 1, 0, 0, 0, 1, 0], [0, 0, 0, 1, 1, 1, 0, 0, 1, 1, 0, 0], [0, 1, 0, 0, 0, 0, 0, 1, 0, 0, 0, 0]]",7.0,2.0,Y,"{0: 9, 1: 11, 2: 13, 3: 15, 4: 17, 5: 19, 6: 21, 7: 23, 8: 25, 9: 27, 10: 29, 11: 7}",Y,"{0: 9, 1: 11, 2: 13, 3: 15, 4: 17, 5: 19, 6: 21, 7: 23, 8: 25, 9: 27, 10: 29, 11: 7}","{(0, 2): 4, (0, 3): 1, (0, 5): 1, (0, 7): 1, (0, 8): 1, (0, 9): 1, (1, 4): 1, (1, 6): 5, (1, 7): 2, (1, 8): 1, (1, 9): 1, (1, 11): 1, (2, 7): 9, (3, 4): 2, (3, 5): 1, (3, 9): 10, (3, 10): 1, (4, 7): 4, (4, 8): 7, (4, 9): 1, (4, 10): 2, (5, 6): 9, (5, 8): 1, (5, 9): 1, (5, 10): 6, (6, 9): 7, (7, 8): 1, (7, 11): 6, (8, 10): 14, (9, 10): 6}",40.0543212890625,30.0,12.0,60.0
7.0,Graph with 12 nodes and 30 edges,"[[0, 0, 1, 1, 0, 1, 0, 1, 1, 1, 0, 0], [0, 0, 0, 0, 1, 0, 1, 1, 1, 1, 0, 1], [1, 0, 0, 0, 0, 0, 0, 1, 0, 0, 0, 0], [1, 0, 0, 0, 1, 1, 0, 0, 0, 1, 1, 0], [0, 1, 0, 1, 0, 0, 0, 1, 1, 1, 1, 0], [1, 0, 0, 1, 0, 0, 1, 0, 1, 1, 1, 0], [0, 1, 0, 0, 0, 1, 0, 0, 0, 1, 0, 0], [1, 1, 1, 0, 1, 0, 0, 0, 1, 0, 0, 1], [1, 1, 0, 0, 1, 1, 0, 1, 0, 0, 1, 0], [1, 1, 0, 1, 1, 1, 1, 0, 0, 0, 1, 0], [0, 0, 0, 1, 1, 1, 0, 0, 1, 1, 0, 0], [0, 1, 0, 0, 0, 0, 0, 1, 0, 0, 0, 0]]",29.0,6.0,Y,"{0: 35, 1: 41, 2: 47, 3: 53, 4: 59, 5: 65, 6: 71, 7: 77, 8: 83, 9: 89, 10: 95, 11: 29}",Y,"{0: 35, 1: 41, 2: 47, 3: 53, 4: 59, 5: 65, 6: 71, 7: 77, 8: 83, 9: 89, 10: 95, 11: 29}","{(0, 2): 6, (0, 3): 1, (0, 5): 1, (0, 7): 1, (0, 8): 1, (0, 9): 25, (1, 4): 1, (1, 6): 36, (1, 7): 1, (1, 8): 1, (1, 9): 1, (1, 11): 1, (2, 7): 41, (3, 4): 1, (3, 5): 1, (3, 9): 26, (3, 10): 24, (4, 7): 1, (4, 8): 1, (4, 9): 1, (4, 10): 54, (5, 6): 1, (5, 8): 60, (5, 9): 1, (5, 10): 1, (6, 9): 34, (7, 8): 5, (7, 11): 28, (8, 10): 15, (9, 10): 1}",712.1562957763672,30.0,12.0,60.0
10.0,Graph with 12 nodes and 41 edges,"[[0, 0, 1, 1, 1, 0, 1, 1, 1, 1, 0, 1], [0, 0, 0, 1, 1, 0, 0, 0, 1, 1, 1, 0], [1, 0, 0, 0, 0, 1, 0, 1, 0, 0, 0, 1], [1, 1, 0, 0, 1, 1, 1, 1, 1, 1, 0, 1], [1, 1, 0, 1, 0, 1, 1, 1, 0, 1, 0, 0], [0, 0, 1, 1, 1, 0, 0, 1, 0, 0, 1, 1], [1, 0, 0, 1, 1, 0, 0, 1, 1, 1, 0, 1], [1, 0, 1, 1, 1, 1, 1, 0, 1, 1, 1, 0], [1, 1, 0, 1, 0, 0, 1, 1, 0, 1, 0, 1], [1, 1, 0, 1, 1, 0, 1, 1, 1, 0, 1, 1], [0, 1, 0, 0, 0, 1, 0, 1, 0, 1, 0, 0], [1, 0, 1, 1, 0, 1, 1, 0, 1, 1, 0, 0]]",16.0,4.0,Y,"{0: 56, 1: 28, 2: 36, 3: 24, 4: 48, 5: 52, 6: 60, 7: 32, 8: 16, 9: 44, 10: 20, 11: 40}",Y,"{0: 56, 1: 28, 2: 36, 3: 24, 4: 48, 5: 52, 6: 60, 7: 32, 8: 16, 9: 44, 10: 20, 11: 40}","{(0, 2): 7, (0, 3): 7, (0, 4): 2, (0, 6): 7, (0, 7): 1, (0, 8): 1, (0, 9): 24, (0, 11): 7, (1, 3): 1, (1, 4): 18, (1, 8): 1, (1, 9): 1, (1, 10): 7, (2, 5): 21, (2, 7): 1, (2, 11): 7, (3, 4): 1, (3, 5): 1, (3, 6): 7, (3, 7): 1, (3, 8): 4, (3, 9): 1, (3, 11): 1, (4, 5): 13, (4, 6): 12, (4, 7): 1, (4, 9): 1, (5, 7): 7, (5, 10): 9, (5, 11): 1, (6, 7): 10, (6, 8): 7, (6, 9): 1, (6, 11): 16, (7, 8): 1, (7, 9): 7, (7, 10): 3, (8, 9): 1, (8, 11): 1, (9, 10): 1, (9, 11): 7}",60.08148193359375,41.0,12.0,82.0
13.0,Graph with 12 nodes and 32 edges,"[[0, 0, 0, 1, 1, 0, 1, 0, 0, 0, 0, 1], [0, 0, 1, 0, 0, 0, 1, 0, 0, 1, 1, 1], [0, 1, 0, 1, 1, 1, 0, 1, 0, 0, 0, 0], [1, 0, 1, 0, 1, 1, 1, 1, 1, 0, 0, 1], [1, 0, 1, 1, 0, 1, 1, 0, 1, 1, 0, 0], [0, 0, 1, 1, 1, 0, 1, 0, 0, 0, 0, 1], [1, 1, 0, 1, 1, 1, 0, 0, 1, 0, 1, 1], [0, 0, 1, 1, 0, 0, 0, 0, 0, 0, 0, 1], [0, 0, 0, 1, 1, 0, 1, 0, 0, 1, 1, 0], [0, 1, 0, 0, 1, 0, 0, 0, 1, 0, 0, 0], [0, 1, 0, 0, 0, 0, 1, 0, 1, 0, 0, 1], [1, 1, 0, 1, 0, 1, 1, 1, 0, 0, 1, 0]]",9.0,9.0,Y,"{0: 18, 1: 27, 2: 36, 3: 45, 4: 54, 5: 63, 6: 72, 7: 81, 8: 90, 9: 99, 10: 9, 11: 108}",Y,"{0: 18, 1: 27, 2: 36, 3: 45, 4: 54, 5: 63, 6: 72, 7: 81, 8: 90, 9: 99, 10: 9, 11: 108}","{(0, 3): 10, (0, 4): 1, (0, 6): 4, (0, 11): 3, (1, 2): 6, (1, 6): 1, (1, 9): 18, (1, 10): 1, (1, 11): 1, (2, 3): 1, (2, 4): 1, (2, 5): 1, (2, 7): 27, (3, 4): 1, (3, 5): 11, (3, 6): 1, (3, 7): 7, (3, 8): 13, (3, 11): 1, (4, 5): 15, (4, 6): 4, (4, 8): 13, (4, 9): 19, (5, 6): 23, (5, 11): 13, (6, 8): 1, (6, 10): 1, (6, 11): 37, (7, 11): 47, (8, 9): 62, (8, 10): 1, (10, 11): 6}",46.96846008300781,32.0,12.0,64.0
14.0,Graph with 12 nodes and 31 edges,"[[0, 1, 0, 1, 0, 0, 1, 0, 0, 0, 0, 0], [1, 0, 0, 1, 0, 1, 1, 0, 1, 1, 1, 1], [0, 0, 0, 1, 0, 0, 0, 0, 1, 1, 0, 0], [1, 1, 1, 0, 1, 1, 0, 1, 0, 0, 0, 0], [0, 0, 0, 1, 0, 0, 1, 0, 0, 0, 0, 0], [0, 1, 0, 1, 0, 0, 1, 1, 1, 1, 0, 0], [1, 1, 0, 0, 1, 1, 0, 0, 0, 1, 1, 1], [0, 0, 0, 1, 0, 1, 0, 0, 1, 1, 1, 1], [0, 1, 1, 0, 0, 1, 0, 1, 0, 0, 1, 0], [0, 1, 1, 0, 0, 1, 1, 1, 0, 0, 0, 1], [0, 1, 0, 0, 0, 0, 1, 1, 1, 0, 0, 1], [0, 1, 0, 0, 0, 0, 1, 1, 0, 1, 1, 0]]",8.0,7.0,Y,"{0: 15, 1: 22, 2: 29, 3: 36, 4: 43, 5: 50, 6: 57, 7: 64, 8: 71, 9: 78, 10: 85, 11: 8}",Y,"{0: 15, 1: 22, 2: 29, 3: 36, 4: 43, 5: 50, 6: 57, 7: 64, 8: 71, 9: 78, 10: 85, 11: 8}","{(0, 1): 5, (0, 3): 1, (0, 6): 9, (1, 3): 1, (1, 5): 5, (1, 6): 1, (1, 8): 1, (1, 9): 1, (1, 10): 7, (1, 11): 1, (2, 3): 5, (2, 8): 13, (2, 9): 11, (3, 4): 21, (3, 5): 1, (3, 7): 7, (4, 6): 22, (5, 6): 1, (5, 7): 13, (5, 8): 6, (5, 9): 24, (6, 9): 5, (6, 10): 18, (6, 11): 1, (7, 8): 1, (7, 9): 33, (7, 10): 9, (7, 11): 1, (8, 10): 50, (9, 11): 4, (10, 11): 1}",81.06231689453125,31.0,12.0,62.0
14.0,Graph with 12 nodes and 31 edges,"[[0, 1, 0, 1, 0, 0, 1, 0, 0, 0, 0, 0], [1, 0, 0, 1, 0, 1, 1, 0, 1, 1, 1, 1], [0, 0, 0, 1, 0, 0, 0, 0, 1, 1, 0, 0], [1, 1, 1, 0, 1, 1, 0, 1, 0, 0, 0, 0], [0, 0, 0, 1, 0, 0, 1, 0, 0, 0, 0, 0], [0, 1, 0, 1, 0, 0, 1, 1, 1, 1, 0, 0], [1, 1, 0, 0, 1, 1, 0, 0, 0, 1, 1, 1], [0, 0, 0, 1, 0, 1, 0, 0, 1, 1, 1, 1], [0, 1, 1, 0, 0, 1, 0, 1, 0, 0, 1, 0], [0, 1, 1, 0, 0, 1, 1, 1, 0, 0, 0, 1], [0, 1, 0, 0, 0, 0, 1, 1, 1, 0, 0, 1], [0, 1, 0, 0, 0, 0, 1, 1, 0, 1, 1, 0]]",15.0,5.0,Y,"{0: 20, 1: 25, 2: 30, 3: 35, 4: 40, 5: 45, 6: 50, 7: 55, 8: 60, 9: 65, 10: 70, 11: 15}",Y,"{0: 20, 1: 25, 2: 30, 3: 35, 4: 40, 5: 45, 6: 50, 7: 55, 8: 60, 9: 65, 10: 70, 11: 15}","{(0, 1): 1, (0, 3): 1, (0, 6): 18, (1, 3): 1, (1, 5): 18, (1, 6): 1, (1, 8): 1, (1, 9): 1, (1, 10): 1, (1, 11): 1, (2, 3): 1, (2, 8): 1, (2, 9): 28, (3, 4): 13, (3, 5): 1, (3, 7): 18, (4, 6): 27, (5, 6): 1, (5, 7): 1, (5, 8): 1, (5, 9): 23, (6, 9): 1, (6, 10): 1, (6, 11): 1, (7, 8): 2, (7, 9): 11, (7, 10): 12, (7, 11): 11, (8, 10): 55, (9, 11): 1, (10, 11): 1}",502.1095275878906,31.0,12.0,62.0
14.0,Graph with 12 nodes and 31 edges,"[[0, 1, 0, 1, 0, 0, 1, 0, 0, 0, 0, 0], [1, 0, 0, 1, 0, 1, 1, 0, 1, 1, 1, 1], [0, 0, 0, 1, 0, 0, 0, 0, 1, 1, 0, 0], [1, 1, 1, 0, 1, 1, 0, 1, 0, 0, 0, 0], [0, 0, 0, 1, 0, 0, 1, 0, 0, 0, 0, 0], [0, 1, 0, 1, 0, 0, 1, 1, 1, 1, 0, 0], [1, 1, 0, 0, 1, 1, 0, 0, 0, 1, 1, 1], [0, 0, 0, 1, 0, 1, 0, 0, 1, 1, 1, 1], [0, 1, 1, 0, 0, 1, 0, 1, 0, 0, 1, 0], [0, 1, 1, 0, 0, 1, 1, 1, 0, 0, 0, 1], [0, 1, 0, 0, 0, 0, 1, 1, 1, 0, 0, 1], [0, 1, 0, 0, 0, 0, 1, 1, 0, 1, 1, 0]]",20.0,1.0,Y,"{0: 22, 1: 29, 2: 31, 3: 20, 4: 24, 5: 28, 6: 21, 7: 26, 8: 30, 9: 23, 10: 25, 11: 27}",Y,"{0: 22, 1: 29, 2: 31, 3: 20, 4: 24, 5: 28, 6: 21, 7: 26, 8: 30, 9: 23, 10: 25, 11: 27}","{(0, 1): 20, (0, 3): 1, (0, 6): 1, (1, 3): 1, (1, 5): 1, (1, 6): 1, (1, 8): 1, (1, 9): 1, (1, 10): 3, (1, 11): 1, (2, 3): 1, (2, 8): 25, (2, 9): 5, (3, 4): 15, (3, 5): 1, (3, 7): 1, (4, 6): 9, (5, 6): 1, (5, 7): 21, (5, 8): 1, (5, 9): 3, (6, 9): 1, (6, 10): 7, (6, 11): 1, (7, 8): 1, (7, 9): 1, (7, 10): 1, (7, 11): 1, (8, 10): 2, (9, 11): 12, (10, 11): 12}",735.0444793701172,31.0,12.0,62.0
14.0,Graph with 12 nodes and 31 edges,"[[0, 1, 0, 1, 0, 0, 1, 0, 0, 0, 0, 0], [1, 0, 0, 1, 0, 1, 1, 0, 1, 1, 1, 1], [0, 0, 0, 1, 0, 0, 0, 0, 1, 1, 0, 0], [1, 1, 1, 0, 1, 1, 0, 1, 0, 0, 0, 0], [0, 0, 0, 1, 0, 0, 1, 0, 0, 0, 0, 0], [0, 1, 0, 1, 0, 0, 1, 1, 1, 1, 0, 0], [1, 1, 0, 0, 1, 1, 0, 0, 0, 1, 1, 1], [0, 0, 0, 1, 0, 1, 0, 0, 1, 1, 1, 1], [0, 1, 1, 0, 0, 1, 0, 1, 0, 0, 1, 0], [0, 1, 1, 0, 0, 1, 1, 1, 0, 0, 0, 1], [0, 1, 0, 0, 0, 0, 1, 1, 1, 0, 0, 1], [0, 1, 0, 0, 0, 0, 1, 1, 0, 1, 1, 0]]",21.0,1.0,Y,"{0: 31, 1: 24, 2: 32, 3: 23, 4: 22, 5: 25, 6: 26, 7: 27, 8: 29, 9: 21, 10: 28, 11: 30}",Y,"{0: 31, 1: 24, 2: 32, 3: 23, 4: 22, 5: 25, 6: 26, 7: 27, 8: 29, 9: 21, 10: 28, 11: 30}","{(0, 1): 17, (0, 3): 1, (0, 6): 13, (1, 3): 1, (1, 5): 1, (1, 6): 1, (1, 8): 1, (1, 9): 1, (1, 10): 1, (1, 11): 1, (2, 3): 1, (2, 8): 24, (2, 9): 7, (3, 4): 18, (3, 5): 1, (3, 7): 1, (4, 6): 4, (5, 6): 1, (5, 7): 20, (5, 8): 1, (5, 9): 1, (6, 9): 5, (6, 10): 1, (6, 11): 1, (7, 8): 1, (7, 9): 1, (7, 10): 3, (7, 11): 1, (8, 10): 2, (9, 11): 6, (10, 11): 21}",406.9805145263672,31.0,12.0,62.0
14.0,Graph with 12 nodes and 31 edges,"[[0, 1, 0, 1, 0, 0, 1, 0, 0, 0, 0, 0], [1, 0, 0, 1, 0, 1, 1, 0, 1, 1, 1, 1], [0, 0, 0, 1, 0, 0, 0, 0, 1, 1, 0, 0], [1, 1, 1, 0, 1, 1, 0, 1, 0, 0, 0, 0], [0, 0, 0, 1, 0, 0, 1, 0, 0, 0, 0, 0], [0, 1, 0, 1, 0, 0, 1, 1, 1, 1, 0, 0], [1, 1, 0, 0, 1, 1, 0, 0, 0, 1, 1, 1], [0, 0, 0, 1, 0, 1, 0, 0, 1, 1, 1, 1], [0, 1, 1, 0, 0, 1, 0, 1, 0, 0, 1, 0], [0, 1, 1, 0, 0, 1, 1, 1, 0, 0, 0, 1], [0, 1, 0, 0, 0, 0, 1, 1, 1, 0, 0, 1], [0, 1, 0, 0, 0, 0, 1, 1, 0, 1, 1, 0]]",26.0,9.0,Y,"{0: 35, 1: 44, 2: 53, 3: 62, 4: 71, 5: 80, 6: 89, 7: 98, 8: 107, 9: 116, 10: 125, 11: 26}",Y,"{0: 35, 1: 44, 2: 53, 3: 62, 4: 71, 5: 80, 6: 89, 7: 98, 8: 107, 9: 116, 10: 125, 11: 26}","{(0, 1): 16, (0, 3): 5, (0, 6): 14, (1, 3): 1, (1, 5): 3, (1, 6): 1, (1, 8): 1, (1, 9): 1, (1, 10): 20, (1, 11): 1, (2, 3): 5, (2, 8): 7, (2, 9): 41, (3, 4): 47, (3, 5): 1, (3, 7): 3, (4, 6): 24, (5, 6): 3, (5, 7): 3, (5, 8): 1, (5, 9): 69, (6, 9): 3, (6, 10): 43, (6, 11): 1, (7, 8): 74, (7, 9): 1, (7, 10): 16, (7, 11): 1, (8, 10): 24, (9, 11): 1, (10, 11): 22}",74.86343383789062,31.0,12.0,62.0
15.0,Graph with 12 nodes and 36 edges,"[[0, 1, 1, 1, 0, 1, 1, 1, 0, 0, 0, 0], [1, 0, 0, 1, 1, 1, 1, 0, 1, 1, 1, 0], [1, 0, 0, 1, 0, 1, 1, 0, 1, 0, 0, 0], [1, 1, 1, 0, 1, 1, 0, 1, 1, 0, 0, 1], [0, 1, 0, 1, 0, 0, 1, 0, 1, 0, 1, 0], [1, 1, 1, 1, 0, 0, 0, 1, 1, 0, 1, 0], [1, 1, 1, 0, 1, 0, 0, 1, 1, 1, 0, 1], [1, 0, 0, 1, 0, 1, 1, 0, 1, 0, 0, 1], [0, 1, 1, 1, 1, 1, 1, 1, 0, 0, 1, 0], [0, 1, 0, 0, 0, 0, 1, 0, 0, 0, 0, 0], [0, 1, 0, 0, 1, 1, 0, 0, 1, 0, 0, 1], [0, 0, 0, 1, 0, 0, 1, 1, 0, 0, 1, 0]]",10.0,5.0,Y,"{0: 15, 1: 20, 2: 25, 3: 30, 4: 35, 5: 40, 6: 45, 7: 50, 8: 55, 9: 10, 10: 60, 11: 65}",Y,"{0: 15, 1: 20, 2: 25, 3: 30, 4: 35, 5: 40, 6: 45, 7: 50, 8: 55, 9: 10, 10: 60, 11: 65}","{(0, 1): 1, (0, 2): 1, (0, 3): 1, (0, 5): 10, (0, 6): 1, (0, 7): 1, (1, 3): 1, (1, 4): 1, (1, 5): 3, (1, 6): 1, (1, 8): 1, (1, 9): 1, (1, 10): 11, (2, 3): 1, (2, 5): 21, (2, 6): 1, (2, 8): 1, (3, 4): 1, (3, 5): 1, (3, 7): 1, (3, 8): 1, (3, 11): 23, (4, 6): 1, (4, 8): 1, (4, 10): 31, (5, 7): 1, (5, 8): 1, (5, 10): 3, (6, 7): 1, (6, 8): 1, (6, 9): 9, (6, 11): 30, (7, 8): 35, (7, 11): 11, (8, 10): 14, (10, 11): 1}",813.0073547363281,36.0,12.0,72.0
15.0,Graph with 12 nodes and 36 edges,"[[0, 1, 1, 1, 0, 1, 1, 1, 0, 0, 0, 0], [1, 0, 0, 1, 1, 1, 1, 0, 1, 1, 1, 0], [1, 0, 0, 1, 0, 1, 1, 0, 1, 0, 0, 0], [1, 1, 1, 0, 1, 1, 0, 1, 1, 0, 0, 1], [0, 1, 0, 1, 0, 0, 1, 0, 1, 0, 1, 0], [1, 1, 1, 1, 0, 0, 0, 1, 1, 0, 1, 0], [1, 1, 1, 0, 1, 0, 0, 1, 1, 1, 0, 1], [1, 0, 0, 1, 0, 1, 1, 0, 1, 0, 0, 1], [0, 1, 1, 1, 1, 1, 1, 1, 0, 0, 1, 0], [0, 1, 0, 0, 0, 0, 1, 0, 0, 0, 0, 0], [0, 1, 0, 0, 1, 1, 0, 0, 1, 0, 0, 1], [0, 0, 0, 1, 0, 0, 1, 1, 0, 0, 1, 0]]",13.0,9.0,Y,"{0: 103, 1: 76, 2: 49, 3: 94, 4: 40, 5: 112, 6: 67, 7: 22, 8: 31, 9: 85, 10: 58, 11: 13}",Y,"{0: 103, 1: 76, 2: 49, 3: 94, 4: 40, 5: 112, 6: 67, 7: 22, 8: 31, 9: 85, 10: 58, 11: 13}","{(0, 1): 1, (0, 2): 31, (0, 3): 1, (0, 5): 58, (0, 6): 1, (0, 7): 11, (1, 3): 45, (1, 4): 1, (1, 5): 1, (1, 6): 1, (1, 8): 1, (1, 9): 25, (1, 10): 1, (2, 3): 1, (2, 5): 1, (2, 6): 1, (2, 8): 15, (3, 4): 1, (3, 5): 43, (3, 7): 1, (3, 8): 1, (3, 11): 1, (4, 6): 1, (4, 8): 1, (4, 10): 36, (5, 7): 7, (5, 8): 1, (5, 10): 1, (6, 7): 1, (6, 8): 1, (6, 9): 60, (6, 11): 1, (7, 8): 1, (7, 11): 1, (8, 10): 10, (10, 11): 10}",624.1798400878906,36.0,12.0,72.0
15.0,Graph with 12 nodes and 36 edges,"[[0, 1, 1, 1, 0, 1, 1, 1, 0, 0, 0, 0], [1, 0, 0, 1, 1, 1, 1, 0, 1, 1, 1, 0], [1, 0, 0, 1, 0, 1, 1, 0, 1, 0, 0, 0], [1, 1, 1, 0, 1, 1, 0, 1, 1, 0, 0, 1], [0, 1, 0, 1, 0, 0, 1, 0, 1, 0, 1, 0], [1, 1, 1, 1, 0, 0, 0, 1, 1, 0, 1, 0], [1, 1, 1, 0, 1, 0, 0, 1, 1, 1, 0, 1], [1, 0, 0, 1, 0, 1, 1, 0, 1, 0, 0, 1], [0, 1, 1, 1, 1, 1, 1, 1, 0, 0, 1, 0], [0, 1, 0, 0, 0, 0, 1, 0, 0, 0, 0, 0], [0, 1, 0, 0, 1, 1, 0, 0, 1, 0, 0, 1], [0, 0, 0, 1, 0, 0, 1, 1, 0, 0, 1, 0]]",20.0,1.0,Y,"{0: 22, 1: 30, 2: 21, 3: 20, 4: 24, 5: 28, 6: 26, 7: 31, 8: 29, 9: 23, 10: 27, 11: 25}",Y,"{0: 22, 1: 30, 2: 21, 3: 20, 4: 24, 5: 28, 6: 26, 7: 31, 8: 29, 9: 23, 10: 27, 11: 25}","{(0, 1): 1, (0, 2): 1, (0, 3): 1, (0, 5): 1, (0, 6): 1, (0, 7): 17, (1, 3): 1, (1, 4): 1, (1, 5): 1, (1, 6): 1, (1, 8): 1, (1, 9): 20, (1, 10): 4, (2, 3): 1, (2, 5): 1, (2, 6): 17, (2, 8): 1, (3, 4): 13, (3, 5): 1, (3, 7): 1, (3, 8): 1, (3, 11): 1, (4, 6): 1, (4, 8): 1, (4, 10): 8, (5, 7): 1, (5, 8): 22, (5, 10): 1, (6, 7): 1, (6, 8): 1, (6, 9): 3, (6, 11): 1, (7, 8): 1, (7, 11): 10, (8, 10): 1, (10, 11): 13}",29.087066650390625,36.0,12.0,72.0
18.0,Graph with 12 nodes and 29 edges,"[[0, 0, 0, 0, 0, 0, 0, 1, 0, 0, 1, 1], [0, 0, 1, 1, 0, 0, 0, 0, 0, 1, 1, 1], [0, 1, 0, 0, 0, 1, 1, 0, 1, 0, 1, 0], [0, 1, 0, 0, 1, 0, 0, 1, 0, 0, 1, 0], [0, 0, 0, 1, 0, 0, 0, 1, 0, 1, 1, 1], [0, 0, 1, 0, 0, 0, 0, 0, 0, 0, 0, 1], [0, 0, 1, 0, 0, 0, 0, 0, 1, 1, 1, 1], [1, 0, 0, 1, 1, 0, 0, 0, 1, 1, 0, 0], [0, 0, 1, 0, 0, 0, 1, 1, 0, 0, 0, 0], [0, 1, 0, 0, 1, 0, 1, 1, 0, 0, 1, 1], [1, 1, 1, 1, 1, 0, 1, 0, 0, 1, 0, 1], [1, 1, 0, 0, 1, 1, 1, 0, 0, 1, 1, 0]]",12.0,1.0,Y,"{0: 14, 1: 16, 2: 13, 3: 17, 4: 22, 5: 12, 6: 18, 7: 23, 8: 20, 9: 15, 10: 21, 11: 19}",Y,"{0: 14, 1: 16, 2: 13, 3: 17, 4: 22, 5: 12, 6: 18, 7: 23, 8: 20, 9: 15, 10: 21, 11: 19}","{(0, 7): 1, (0, 10): 10, (0, 11): 3, (1, 2): 1, (1, 3): 12, (1, 9): 1, (1, 10): 1, (1, 11): 1, (2, 5): 1, (2, 6): 1, (2, 8): 9, (2, 10): 1, (3, 4): 3, (3, 7): 1, (3, 10): 1, (4, 7): 13, (4, 9): 4, (4, 10): 1, (4, 11): 1, (5, 11): 11, (6, 8): 10, (6, 9): 1, (6, 10): 5, (6, 11): 1, (7, 8): 1, (7, 9): 7, (9, 10): 1, (9, 11): 1, (10, 11): 1}",663.9957427978516,29.0,12.0,58.0
18.0,Graph with 12 nodes and 29 edges,"[[0, 0, 0, 0, 0, 0, 0, 1, 0, 0, 1, 1], [0, 0, 1, 1, 0, 0, 0, 0, 0, 1, 1, 1], [0, 1, 0, 0, 0, 1, 1, 0, 1, 0, 1, 0], [0, 1, 0, 0, 1, 0, 0, 1, 0, 0, 1, 0], [0, 0, 0, 1, 0, 0, 0, 1, 0, 1, 1, 1], [0, 0, 1, 0, 0, 0, 0, 0, 0, 0, 0, 1], [0, 0, 1, 0, 0, 0, 0, 0, 1, 1, 1, 1], [1, 0, 0, 1, 1, 0, 0, 0, 1, 1, 0, 0], [0, 0, 1, 0, 0, 0, 1, 1, 0, 0, 0, 0], [0, 1, 0, 0, 1, 0, 1, 1, 0, 0, 1, 1], [1, 1, 1, 1, 1, 0, 1, 0, 0, 1, 0, 1], [1, 1, 0, 0, 1, 1, 1, 0, 0, 1, 1, 0]]",14.0,5.0,Y,"{0: 69, 1: 39, 2: 59, 3: 34, 4: 19, 5: 24, 6: 49, 7: 64, 8: 14, 9: 44, 10: 29, 11: 54}",Y,"{0: 69, 1: 39, 2: 59, 3: 34, 4: 19, 5: 24, 6: 49, 7: 64, 8: 14, 9: 44, 10: 29, 11: 54}","{(0, 7): 33, (0, 10): 16, (0, 11): 20, (1, 2): 1, (1, 3): 21, (1, 9): 3, (1, 10): 5, (1, 11): 9, (2, 5): 23, (2, 6): 20, (2, 8): 12, (2, 10): 3, (3, 4): 11, (3, 7): 1, (3, 10): 1, (4, 7): 1, (4, 9): 5, (4, 10): 1, (4, 11): 1, (5, 11): 1, (6, 8): 1, (6, 9): 6, (6, 10): 1, (6, 11): 21, (7, 8): 1, (7, 9): 28, (9, 10): 1, (9, 11): 1, (10, 11): 1}",47.92213439941406,29.0,12.0,58.0
19.0,Graph with 12 nodes and 29 edges,"[[0, 1, 0, 1, 1, 1, 0, 0, 0, 1, 0, 0], [1, 0, 1, 0, 0, 0, 0, 0, 1, 0, 0, 1], [0, 1, 0, 0, 1, 0, 0, 0, 0, 1, 1, 1], [1, 0, 0, 0, 0, 1, 1, 1, 0, 0, 0, 1], [1, 0, 1, 0, 0, 0, 0, 1, 1, 1, 0, 0], [1, 0, 0, 1, 0, 0, 0, 0, 1, 0, 1, 0], [0, 0, 0, 1, 0, 0, 0, 1, 0, 1, 1, 1], [0, 0, 0, 1, 1, 0, 1, 0, 0, 1, 0, 1], [0, 1, 0, 0, 1, 1, 0, 0, 0, 0, 1, 0], [1, 0, 1, 0, 1, 0, 1, 1, 0, 0, 0, 1], [0, 0, 1, 0, 0, 1, 1, 0, 1, 0, 0, 0], [0, 1, 1, 1, 0, 0, 1, 1, 0, 1, 0, 0]]",24.0,2.0,Y,"{0: 28, 1: 32, 2: 34, 3: 24, 4: 26, 5: 40, 6: 36, 7: 46, 8: 44, 9: 30, 10: 42, 11: 38}",Y,"{0: 28, 1: 32, 2: 34, 3: 24, 4: 26, 5: 40, 6: 36, 7: 46, 8: 44, 9: 30, 10: 42, 11: 38}","{(0, 1): 4, (0, 3): 1, (0, 4): 1, (0, 5): 21, (0, 9): 1, (1, 2): 1, (1, 8): 26, (1, 11): 1, (2, 4): 1, (2, 9): 1, (2, 10): 30, (2, 11): 1, (3, 5): 8, (3, 6): 1, (3, 7): 5, (3, 11): 9, (4, 7): 7, (4, 8): 16, (4, 9): 1, (5, 8): 1, (5, 10): 10, (6, 7): 32, (6, 9): 1, (6, 10): 1, (6, 11): 1, (7, 9): 1, (7, 11): 1, (8, 10): 1, (9, 11): 25}",778.1982421875,29.0,12.0,58.0
19.0,Graph with 12 nodes and 29 edges,"[[0, 1, 0, 1, 1, 1, 0, 0, 0, 1, 0, 0], [1, 0, 1, 0, 0, 0, 0, 0, 1, 0, 0, 1], [0, 1, 0, 0, 1, 0, 0, 0, 0, 1, 1, 1], [1, 0, 0, 0, 0, 1, 1, 1, 0, 0, 0, 1], [1, 0, 1, 0, 0, 0, 0, 1, 1, 1, 0, 0], [1, 0, 0, 1, 0, 0, 0, 0, 1, 0, 1, 0], [0, 0, 0, 1, 0, 0, 0, 1, 0, 1, 1, 1], [0, 0, 0, 1, 1, 0, 1, 0, 0, 1, 0, 1], [0, 1, 0, 0, 1, 1, 0, 0, 0, 0, 1, 0], [1, 0, 1, 0, 1, 0, 1, 1, 0, 0, 0, 1], [0, 0, 1, 0, 0, 1, 1, 0, 1, 0, 0, 0], [0, 1, 1, 1, 0, 0, 1, 1, 0, 1, 0, 0]]",24.0,4.0,Y,"{0: 28, 1: 36, 2: 40, 3: 44, 4: 48, 5: 52, 6: 24, 7: 56, 8: 60, 9: 64, 10: 32, 11: 68}",Y,"{0: 28, 1: 36, 2: 40, 3: 44, 4: 48, 5: 52, 6: 24, 7: 56, 8: 60, 9: 64, 10: 32, 11: 68}","{(0, 1): 2, (0, 3): 1, (0, 4): 4, (0, 5): 9, (0, 9): 12, (1, 2): 17, (1, 8): 7, (1, 11): 10, (2, 4): 2, (2, 9): 13, (2, 10): 7, (2, 11): 1, (3, 5): 3, (3, 6): 7, (3, 7): 3, (3, 11): 30, (4, 7): 8, (4, 8): 29, (4, 9): 5, (5, 8): 21, (5, 10): 19, (6, 7): 5, (6, 9): 6, (6, 10): 3, (6, 11): 3, (7, 9): 22, (7, 11): 18, (8, 10): 3, (9, 11): 6}",71.04873657226562,29.0,12.0,58.0
21.0,Graph with 12 nodes and 25 edges,"[[0, 0, 0, 1, 1, 1, 0, 0, 1, 0, 0, 0], [0, 0, 0, 0, 0, 1, 0, 0, 1, 0, 0, 0], [0, 0, 0, 0, 1, 0, 0, 0, 0, 0, 0, 1], [1, 0, 0, 0, 1, 0, 0, 0, 1, 1, 0, 0], [1, 0, 1, 1, 0, 1, 0, 1, 0, 1, 1, 1], [1, 1, 0, 0, 1, 0, 1, 1, 0, 1, 0, 0], [0, 0, 0, 0, 0, 1, 0, 0, 1, 1, 0, 1], [0, 0, 0, 0, 1, 1, 0, 0, 0, 1, 0, 0], [1, 1, 0, 1, 0, 0, 1, 0, 0, 0, 0, 0], [0, 0, 0, 1, 1, 1, 1, 1, 0, 0, 1, 0], [0, 0, 0, 0, 1, 0, 0, 0, 0, 1, 0, 1], [0, 0, 1, 0, 1, 0, 1, 0, 0, 0, 1, 0]]",10.0,3.0,Y,"{0: 13, 1: 16, 2: 19, 3: 22, 4: 25, 5: 28, 6: 31, 7: 34, 8: 37, 9: 40, 10: 10, 11: 43}",Y,"{0: 13, 1: 16, 2: 19, 3: 22, 4: 25, 5: 28, 6: 31, 7: 34, 8: 37, 9: 40, 10: 10, 11: 43}","{(0, 3): 1, (0, 4): 1, (0, 5): 9, (0, 8): 2, (1, 5): 1, (1, 8): 15, (2, 4): 1, (2, 11): 18, (3, 4): 5, (3, 8): 15, (3, 9): 1, (4, 5): 3, (4, 7): 3, (4, 9): 1, (4, 10): 5, (4, 11): 6, (5, 6): 1, (5, 7): 9, (5, 9): 5, (6, 8): 5, (6, 9): 10, (6, 11): 15, (7, 9): 22, (9, 10): 1, (10, 11): 4}",61.98883056640625,25.0,12.0,50.0
22.0,Graph with 12 nodes and 32 edges,"[[0, 0, 1, 1, 0, 0, 1, 0, 1, 1, 1, 1], [0, 0, 1, 0, 0, 1, 0, 0, 1, 0, 0, 0], [1, 1, 0, 0, 1, 0, 0, 1, 1, 1, 0, 1], [1, 0, 0, 0, 1, 1, 1, 0, 1, 0, 1, 1], [0, 0, 1, 1, 0, 0, 0, 1, 1, 1, 1, 0], [0, 1, 0, 1, 0, 0, 0, 0, 1, 0, 0, 1], [1, 0, 0, 1, 0, 0, 0, 0, 1, 1, 0, 1], [0, 0, 1, 0, 1, 0, 0, 0, 0, 1, 1, 0], [1, 1, 1, 1, 1, 1, 1, 0, 0, 0, 0, 0], [1, 0, 1, 0, 1, 0, 1, 1, 0, 0, 0, 0], [1, 0, 0, 1, 1, 0, 0, 1, 0, 0, 0, 0], [1, 0, 1, 1, 0, 1, 1, 0, 0, 0, 0, 0]]",16.0,9.0,Y,"{0: 97, 1: 52, 2: 115, 3: 70, 4: 16, 5: 34, 6: 25, 7: 106, 8: 43, 9: 88, 10: 61, 11: 79}",Y,"{0: 97, 1: 52, 2: 115, 3: 70, 4: 16, 5: 34, 6: 25, 7: 106, 8: 43, 9: 88, 10: 61, 11: 79}","{(0, 2): 6, (0, 3): 7, (0, 6): 4, (0, 8): 7, (0, 9): 59, (0, 10): 9, (0, 11): 5, (1, 2): 9, (1, 5): 16, (1, 8): 27, (2, 4): 1, (2, 7): 56, (2, 8): 1, (2, 9): 26, (2, 11): 16, (3, 4): 1, (3, 5): 8, (3, 6): 9, (3, 8): 5, (3, 10): 1, (3, 11): 39, (4, 7): 5, (4, 8): 1, (4, 9): 1, (4, 10): 7, (5, 8): 1, (5, 11): 9, (6, 8): 1, (6, 9): 1, (6, 11): 10, (7, 9): 1, (7, 10): 44}",55.07469177246094,32.0,12.0,64.0
24.0,Graph with 12 nodes and 27 edges,"[[0, 1, 0, 1, 0, 1, 0, 0, 1, 1, 0, 0], [1, 0, 0, 0, 0, 0, 1, 1, 1, 0, 0, 1], [0, 0, 0, 0, 0, 0, 0, 1, 0, 1, 0, 0], [1, 0, 0, 0, 1, 0, 0, 1, 0, 0, 1, 1], [0, 0, 0, 1, 0, 0, 0, 0, 1, 1, 0, 0], [1, 0, 0, 0, 0, 0, 0, 1, 1, 0, 0, 1], [0, 1, 0, 0, 0, 0, 0, 0, 0, 1, 0, 0], [0, 1, 1, 1, 0, 1, 0, 0, 1, 0, 0, 1], [1, 1, 0, 0, 1, 1, 0, 1, 0, 1, 1, 1], [1, 0, 1, 0, 1, 0, 1, 0, 1, 0, 0, 1], [0, 0, 0, 1, 0, 0, 0, 0, 1, 0, 0, 0], [0, 1, 0, 1, 0, 1, 0, 1, 1, 1, 0, 0]]",20.0,1.0,Y,"{0: 31, 1: 25, 2: 24, 3: 30, 4: 21, 5: 26, 6: 27, 7: 29, 8: 28, 9: 23, 10: 20, 11: 22}",Y,"{0: 31, 1: 25, 2: 24, 3: 30, 4: 21, 5: 26, 6: 27, 7: 29, 8: 28, 9: 23, 10: 20, 11: 22}","{(0, 1): 1, (0, 3): 10, (0, 5): 18, (0, 8): 1, (0, 9): 1, (1, 6): 21, (1, 7): 1, (1, 8): 1, (1, 11): 1, (2, 7): 23, (2, 9): 1, (3, 4): 1, (3, 7): 1, (3, 10): 17, (3, 11): 1, (4, 8): 19, (4, 9): 1, (5, 7): 2, (5, 8): 1, (5, 11): 5, (6, 9): 6, (7, 8): 1, (7, 11): 1, (8, 9): 1, (8, 10): 3, (8, 11): 1, (9, 11): 13}",525.9513854980469,27.0,12.0,54.0
24.0,Graph with 12 nodes and 27 edges,"[[0, 1, 0, 1, 0, 1, 0, 0, 1, 1, 0, 0], [1, 0, 0, 0, 0, 0, 1, 1, 1, 0, 0, 1], [0, 0, 0, 0, 0, 0, 0, 1, 0, 1, 0, 0], [1, 0, 0, 0, 1, 0, 0, 1, 0, 0, 1, 1], [0, 0, 0, 1, 0, 0, 0, 0, 1, 1, 0, 0], [1, 0, 0, 0, 0, 0, 0, 1, 1, 0, 0, 1], [0, 1, 0, 0, 0, 0, 0, 0, 0, 1, 0, 0], [0, 1, 1, 1, 0, 1, 0, 0, 1, 0, 0, 1], [1, 1, 0, 0, 1, 1, 0, 1, 0, 1, 1, 1], [1, 0, 1, 0, 1, 0, 1, 0, 1, 0, 0, 1], [0, 0, 0, 1, 0, 0, 0, 0, 1, 0, 0, 0], [0, 1, 0, 1, 0, 1, 0, 1, 1, 1, 0, 0]]",28.0,9.0,Y,"{0: 37, 1: 46, 2: 55, 3: 64, 4: 73, 5: 82, 6: 91, 7: 100, 8: 109, 9: 118, 10: 28, 11: 127}",Y,"{0: 37, 1: 46, 2: 55, 3: 64, 4: 73, 5: 82, 6: 91, 7: 100, 8: 109, 9: 118, 10: 28, 11: 127}","{(0, 1): 1, (0, 3): 1, (0, 5): 33, (0, 8): 1, (0, 9): 1, (1, 6): 41, (1, 7): 2, (1, 8): 1, (1, 11): 1, (2, 7): 48, (2, 9): 7, (3, 4): 60, (3, 7): 1, (3, 10): 1, (3, 11): 1, (4, 8): 12, (4, 9): 1, (5, 7): 47, (5, 8): 1, (5, 11): 1, (6, 9): 50, (7, 8): 1, (7, 11): 1, (8, 9): 1, (8, 10): 27, (8, 11): 65, (9, 11): 58}",452.0416259765625,27.0,12.0,54.0
26.0,Graph with 12 nodes and 33 edges,"[[0, 0, 0, 1, 0, 0, 1, 0, 0, 0, 1, 0], [0, 0, 0, 0, 0, 1, 1, 0, 0, 0, 0, 1], [0, 0, 0, 1, 0, 1, 0, 1, 1, 0, 0, 0], [1, 0, 1, 0, 0, 1, 1, 0, 0, 1, 1, 0], [0, 0, 0, 0, 0, 1, 1, 0, 1, 1, 0, 0], [0, 1, 1, 1, 1, 0, 1, 0, 0, 1, 1, 1], [1, 1, 0, 1, 1, 1, 0, 0, 1, 1, 1, 1], [0, 0, 1, 0, 0, 0, 0, 0, 1, 0, 1, 0], [0, 0, 1, 0, 1, 0, 1, 1, 0, 1, 1, 0], [0, 0, 0, 1, 1, 1, 1, 0, 1, 0, 1, 1], [1, 0, 0, 1, 0, 1, 1, 1, 1, 1, 0, 1], [0, 1, 0, 0, 0, 1, 1, 0, 0, 1, 1, 0]]",25.0,1.0,Y,"{0: 25, 1: 28, 2: 27, 3: 32, 4: 29, 5: 30, 6: 31, 7: 26, 8: 34, 9: 36, 10: 35, 11: 33}",Y,"{0: 25, 1: 28, 2: 27, 3: 32, 4: 29, 5: 30, 6: 31, 7: 26, 8: 34, 9: 36, 10: 35, 11: 33}","{(0, 3): 6, (0, 6): 18, (0, 10): 1, (1, 5): 1, (1, 6): 1, (1, 11): 26, (2, 3): 22, (2, 5): 1, (2, 7): 1, (2, 8): 3, (3, 5): 1, (3, 6): 1, (3, 9): 1, (3, 10): 1, (4, 5): 23, (4, 6): 3, (4, 8): 2, (4, 9): 1, (5, 6): 1, (5, 9): 1, (5, 10): 1, (5, 11): 1, (6, 8): 1, (6, 9): 3, (6, 10): 1, (6, 11): 2, (7, 8): 24, (7, 10): 1, (8, 9): 1, (8, 10): 3, (9, 10): 26, (9, 11): 3, (10, 11): 1}",44.82269287109375,33.0,12.0,66.0
27.0,Graph with 12 nodes and 29 edges,"[[0, 1, 0, 1, 0, 0, 1, 0, 0, 0, 0, 0], [1, 0, 1, 0, 0, 1, 1, 0, 1, 0, 0, 0], [0, 1, 0, 0, 0, 0, 0, 0, 0, 0, 1, 0], [1, 0, 0, 0, 1, 0, 1, 0, 1, 0, 1, 1], [0, 0, 0, 1, 0, 1, 1, 0, 1, 0, 1, 0], [0, 1, 0, 0, 1, 0, 0, 0, 1, 1, 1, 1], [1, 1, 0, 1, 1, 0, 0, 0, 1, 1, 0, 1], [0, 0, 0, 0, 0, 0, 0, 0, 1, 0, 0, 1], [0, 1, 0, 1, 1, 1, 1, 1, 0, 0, 1, 1], [0, 0, 0, 0, 0, 1, 1, 0, 0, 0, 0, 1], [0, 0, 1, 1, 1, 1, 0, 0, 1, 0, 0, 0], [0, 0, 0, 1, 0, 1, 1, 1, 1, 1, 0, 0]]",9.0,3.0,Y,"{0: 12, 1: 15, 2: 18, 3: 21, 4: 24, 5: 27, 6: 30, 7: 33, 8: 36, 9: 39, 10: 42, 11: 9}",Y,"{0: 12, 1: 15, 2: 18, 3: 21, 4: 24, 5: 27, 6: 30, 7: 33, 8: 36, 9: 39, 10: 42, 11: 9}","{(0, 1): 1, (0, 3): 10, (0, 6): 1, (1, 2): 4, (1, 5): 1, (1, 6): 8, (1, 8): 1, (2, 10): 14, (3, 4): 1, (3, 6): 1, (3, 8): 1, (3, 10): 7, (3, 11): 1, (4, 5): 2, (4, 6): 1, (4, 8): 1, (4, 10): 19, (5, 8): 1, (5, 9): 21, (5, 10): 1, (5, 11): 1, (6, 8): 1, (6, 9): 17, (6, 11): 1, (7, 8): 29, (7, 11): 4, (8, 10): 1, (8, 11): 1, (9, 11): 1}",41.00799560546875,29.0,12.0,58.0
27.0,Graph with 12 nodes and 29 edges,"[[0, 1, 0, 1, 0, 0, 1, 0, 0, 0, 0, 0], [1, 0, 1, 0, 0, 1, 1, 0, 1, 0, 0, 0], [0, 1, 0, 0, 0, 0, 0, 0, 0, 0, 1, 0], [1, 0, 0, 0, 1, 0, 1, 0, 1, 0, 1, 1], [0, 0, 0, 1, 0, 1, 1, 0, 1, 0, 1, 0], [0, 1, 0, 0, 1, 0, 0, 0, 1, 1, 1, 1], [1, 1, 0, 1, 1, 0, 0, 0, 1, 1, 0, 1], [0, 0, 0, 0, 0, 0, 0, 0, 1, 0, 0, 1], [0, 1, 0, 1, 1, 1, 1, 1, 0, 0, 1, 1], [0, 0, 0, 0, 0, 1, 1, 0, 0, 0, 0, 1], [0, 0, 1, 1, 1, 1, 0, 0, 1, 0, 0, 0], [0, 0, 0, 1, 0, 1, 1, 1, 1, 1, 0, 0]]",17.0,1.0,Y,"{0: 19, 1: 21, 2: 28, 3: 22, 4: 27, 5: 25, 6: 23, 7: 17, 8: 18, 9: 20, 10: 26, 11: 24}",Y,"{0: 19, 1: 21, 2: 28, 3: 22, 4: 27, 5: 25, 6: 23, 7: 17, 8: 18, 9: 20, 10: 26, 11: 24}","{(0, 1): 1, (0, 3): 5, (0, 6): 13, (1, 2): 15, (1, 5): 3, (1, 6): 1, (1, 8): 1, (2, 10): 13, (3, 4): 11, (3, 6): 3, (3, 8): 1, (3, 10): 1, (3, 11): 1, (4, 5): 6, (4, 6): 3, (4, 8): 3, (4, 10): 4, (5, 8): 1, (5, 9): 7, (5, 10): 7, (5, 11): 1, (6, 8): 1, (6, 9): 1, (6, 11): 1, (7, 8): 9, (7, 11): 8, (8, 10): 1, (8, 11): 1, (9, 11): 12}",51.975250244140625,29.0,12.0,58.0
27.0,Graph with 12 nodes and 29 edges,"[[0, 1, 0, 1, 0, 0, 1, 0, 0, 0, 0, 0], [1, 0, 1, 0, 0, 1, 1, 0, 1, 0, 0, 0], [0, 1, 0, 0, 0, 0, 0, 0, 0, 0, 1, 0], [1, 0, 0, 0, 1, 0, 1, 0, 1, 0, 1, 1], [0, 0, 0, 1, 0, 1, 1, 0, 1, 0, 1, 0], [0, 1, 0, 0, 1, 0, 0, 0, 1, 1, 1, 1], [1, 1, 0, 1, 1, 0, 0, 0, 1, 1, 0, 1], [0, 0, 0, 0, 0, 0, 0, 0, 1, 0, 0, 1], [0, 1, 0, 1, 1, 1, 1, 1, 0, 0, 1, 1], [0, 0, 0, 0, 0, 1, 1, 0, 0, 0, 0, 1], [0, 0, 1, 1, 1, 1, 0, 0, 1, 0, 0, 0], [0, 0, 0, 1, 0, 1, 1, 1, 1, 1, 0, 0]]",27.0,9.0,Y,"{0: 117, 1: 90, 2: 63, 3: 108, 4: 54, 5: 99, 6: 81, 7: 27, 8: 36, 9: 72, 10: 126, 11: 45}",Y,"{0: 117, 1: 90, 2: 63, 3: 108, 4: 54, 5: 99, 6: 81, 7: 27, 8: 36, 9: 72, 10: 126, 11: 45}","{(0, 1): 47, (0, 3): 51, (0, 6): 19, (1, 2): 16, (1, 5): 12, (1, 6): 14, (1, 8): 1, (2, 10): 47, (3, 4): 3, (3, 6): 17, (3, 8): 5, (3, 10): 19, (3, 11): 13, (4, 5): 7, (4, 6): 5, (4, 8): 1, (4, 10): 38, (5, 8): 4, (5, 9): 58, (5, 10): 13, (5, 11): 5, (6, 8): 1, (6, 9): 13, (6, 11): 12, (7, 8): 14, (7, 11): 13, (8, 10): 9, (8, 11): 1, (9, 11): 1}",82.0159912109375,29.0,12.0,58.0
27.0,Graph with 12 nodes and 29 edges,"[[0, 1, 0, 1, 0, 0, 1, 0, 0, 0, 0, 0], [1, 0, 1, 0, 0, 1, 1, 0, 1, 0, 0, 0], [0, 1, 0, 0, 0, 0, 0, 0, 0, 0, 1, 0], [1, 0, 0, 0, 1, 0, 1, 0, 1, 0, 1, 1], [0, 0, 0, 1, 0, 1, 1, 0, 1, 0, 1, 0], [0, 1, 0, 0, 1, 0, 0, 0, 1, 1, 1, 1], [1, 1, 0, 1, 1, 0, 0, 0, 1, 1, 0, 1], [0, 0, 0, 0, 0, 0, 0, 0, 1, 0, 0, 1], [0, 1, 0, 1, 1, 1, 1, 1, 0, 0, 1, 1], [0, 0, 0, 0, 0, 1, 1, 0, 0, 0, 0, 1], [0, 0, 1, 1, 1, 1, 0, 0, 1, 0, 0, 0], [0, 0, 0, 1, 0, 1, 1, 1, 1, 1, 0, 0]]",28.0,6.0,Y,"{0: 34, 1: 40, 2: 46, 3: 52, 4: 58, 5: 64, 6: 70, 7: 76, 8: 82, 9: 88, 10: 94, 11: 28}",Y,"{0: 34, 1: 40, 2: 46, 3: 52, 4: 58, 5: 64, 6: 70, 7: 76, 8: 82, 9: 88, 10: 94, 11: 28}","{(0, 1): 5, (0, 3): 1, (0, 6): 28, (1, 2): 1, (1, 5): 1, (1, 6): 10, (1, 8): 23, (2, 10): 45, (3, 4): 28, (3, 6): 1, (3, 8): 1, (3, 10): 20, (3, 11): 1, (4, 5): 1, (4, 6): 1, (4, 8): 1, (4, 10): 27, (5, 8): 1, (5, 9): 59, (5, 10): 1, (5, 11): 1, (6, 8): 1, (6, 9): 28, (6, 11): 1, (7, 8): 53, (7, 11): 23, (8, 10): 1, (8, 11): 1, (9, 11): 1}",581.9797515869141,29.0,12.0,58.0
28.0,Graph with 12 nodes and 35 edges,"[[0, 1, 0, 1, 1, 0, 1, 0, 1, 0, 1, 0], [1, 0, 1, 0, 1, 0, 0, 0, 1, 1, 1, 0], [0, 1, 0, 1, 1, 0, 0, 0, 0, 1, 1, 0], [1, 0, 1, 0, 0, 0, 0, 1, 0, 0, 0, 0], [1, 1, 1, 0, 0, 0, 1, 0, 1, 1, 1, 1], [0, 0, 0, 0, 0, 0, 1, 1, 0, 1, 0, 1], [1, 0, 0, 0, 1, 1, 0, 1, 1, 0, 1, 1], [0, 0, 0, 1, 0, 1, 1, 0, 0, 0, 0, 1], [1, 1, 0, 0, 1, 0, 1, 0, 0, 1, 1, 0], [0, 1, 1, 0, 1, 1, 0, 0, 1, 0, 1, 1], [1, 1, 1, 0, 1, 0, 1, 0, 1, 1, 0, 1], [0, 0, 0, 0, 1, 1, 1, 1, 0, 1, 1, 0]]",14.0,7.0,Y,"{0: 91, 1: 84, 2: 77, 3: 70, 4: 63, 5: 56, 6: 49, 7: 42, 8: 35, 9: 28, 10: 21, 11: 14}",Y,"{0: 91, 1: 84, 2: 77, 3: 70, 4: 63, 5: 56, 6: 49, 7: 42, 8: 35, 9: 28, 10: 21, 11: 14}","{(0, 1): 17, (0, 3): 40, (0, 4): 10, (0, 6): 9, (0, 8): 9, (0, 10): 6, (1, 2): 29, (1, 4): 19, (1, 8): 17, (1, 9): 1, (1, 10): 1, (2, 3): 29, (2, 4): 5, (2, 9): 13, (2, 10): 1, (3, 7): 1, (4, 6): 25, (4, 8): 1, (4, 9): 1, (4, 10): 1, (4, 11): 1, (5, 6): 6, (5, 7): 39, (5, 9): 2, (5, 11): 9, (6, 7): 1, (6, 8): 6, (6, 10): 1, (6, 11): 1, (7, 11): 1, (8, 9): 1, (8, 10): 1, (9, 10): 9, (9, 11): 1, (10, 11): 1}",77.96287536621094,35.0,12.0,70.0
30.0,Graph with 12 nodes and 29 edges,"[[0, 1, 1, 1, 1, 0, 0, 1, 0, 0, 1, 0], [1, 0, 0, 1, 1, 0, 1, 0, 1, 1, 0, 1], [1, 0, 0, 1, 0, 0, 1, 0, 1, 1, 0, 1], [1, 1, 1, 0, 0, 1, 1, 0, 1, 1, 0, 0], [1, 1, 0, 0, 0, 1, 0, 0, 0, 0, 1, 0], [0, 0, 0, 1, 1, 0, 1, 0, 0, 1, 0, 0], [0, 1, 1, 1, 0, 1, 0, 1, 0, 0, 1, 0], [1, 0, 0, 0, 0, 0, 1, 0, 0, 0, 0, 1], [0, 1, 1, 1, 0, 0, 0, 0, 0, 0, 0, 1], [0, 1, 1, 1, 0, 1, 0, 0, 0, 0, 0, 0], [1, 0, 0, 0, 1, 0, 1, 0, 0, 0, 0, 0], [0, 1, 1, 0, 0, 0, 0, 1, 1, 0, 0, 0]]",11.0,4.0,Y,"{0: 15, 1: 19, 2: 23, 3: 27, 4: 31, 5: 35, 6: 39, 7: 43, 8: 47, 9: 51, 10: 11, 11: 55}",Y,"{0: 15, 1: 19, 2: 23, 3: 27, 4: 31, 5: 35, 6: 39, 7: 43, 8: 47, 9: 51, 10: 11, 11: 55}","{(0, 1): 1, (0, 2): 10, (0, 3): 1, (0, 4): 1, (0, 7): 1, (0, 10): 1, (1, 3): 1, (1, 4): 5, (1, 6): 1, (1, 8): 1, (1, 9): 9, (1, 11): 1, (2, 3): 1, (2, 6): 1, (2, 8): 1, (2, 9): 9, (2, 11): 1, (3, 5): 1, (3, 6): 4, (3, 8): 3, (3, 9): 16, (4, 5): 16, (4, 10): 9, (5, 6): 1, (5, 9): 17, (6, 7): 31, (6, 10): 1, (7, 11): 11, (8, 11): 42}",38.86222839355469,29.0,12.0,58.0
31.0,Graph with 12 nodes and 26 edges,"[[0, 1, 0, 0, 1, 0, 1, 1, 0, 0, 1, 0], [1, 0, 0, 1, 1, 1, 0, 0, 0, 0, 1, 0], [0, 0, 0, 1, 1, 1, 0, 0, 0, 0, 1, 1], [0, 1, 1, 0, 0, 0, 0, 0, 0, 0, 1, 1], [1, 1, 1, 0, 0, 1, 0, 1, 0, 1, 0, 1], [0, 1, 1, 0, 1, 0, 0, 0, 0, 1, 0, 0], [1, 0, 0, 0, 0, 0, 0, 0, 0, 1, 0, 0], [1, 0, 0, 0, 1, 0, 0, 0, 0, 1, 1, 0], [0, 0, 0, 0, 0, 0, 0, 0, 0, 0, 1, 0], [0, 0, 0, 0, 1, 1, 1, 1, 0, 0, 0, 1], [1, 1, 1, 1, 0, 0, 0, 1, 1, 0, 0, 0], [0, 0, 1, 1, 1, 0, 0, 0, 0, 1, 0, 0]]",2.0,3.0,Y,"{0: 20, 1: 14, 2: 11, 3: 5, 4: 32, 5: 26, 6: 2, 7: 8, 8: 29, 9: 23, 10: 35, 11: 17}",Y,"{0: 20, 1: 14, 2: 11, 3: 5, 4: 32, 5: 26, 6: 2, 7: 8, 8: 29, 9: 23, 10: 35, 11: 17}","{(0, 1): 8, (0, 4): 5, (0, 6): 1, (0, 7): 5, (0, 10): 1, (1, 3): 1, (1, 4): 3, (1, 5): 1, (1, 10): 1, (2, 3): 1, (2, 4): 3, (2, 5): 4, (2, 10): 1, (2, 11): 2, (3, 10): 2, (3, 11): 1, (4, 5): 12, (4, 7): 1, (4, 9): 3, (4, 11): 5, (5, 9): 9, (6, 9): 1, (7, 9): 1, (7, 10): 1, (8, 10): 29, (9, 11): 9}",67.94929504394531,26.0,12.0,52.0
32.0,Graph with 12 nodes and 34 edges,"[[0, 0, 0, 1, 0, 0, 1, 0, 0, 0, 0, 1], [0, 0, 0, 0, 1, 0, 0, 1, 0, 0, 1, 0], [0, 0, 0, 0, 1, 1, 0, 1, 1, 1, 1, 0], [1, 0, 0, 0, 0, 1, 1, 1, 1, 1, 0, 0], [0, 1, 1, 0, 0, 1, 1, 1, 0, 0, 1, 1], [0, 0, 1, 1, 1, 0, 0, 1, 0, 1, 1, 0], [1, 0, 0, 1, 1, 0, 0, 1, 0, 1, 1, 0], [0, 1, 1, 1, 1, 1, 1, 0, 0, 1, 1, 1], [0, 0, 1, 1, 0, 0, 0, 0, 0, 0, 1, 0], [0, 0, 1, 1, 0, 1, 1, 1, 0, 0, 1, 1], [0, 1, 1, 0, 1, 1, 1, 1, 1, 1, 0, 0], [1, 0, 0, 0, 1, 0, 0, 1, 0, 1, 0, 0]]",13.0,4.0,Y,"{0: 57, 1: 53, 2: 49, 3: 45, 4: 41, 5: 37, 6: 33, 7: 29, 8: 25, 9: 21, 10: 17, 11: 13}",Y,"{0: 57, 1: 53, 2: 49, 3: 45, 4: 41, 5: 37, 6: 33, 7: 29, 8: 25, 9: 21, 10: 17, 11: 13}","{(0, 3): 34, (0, 6): 22, (0, 11): 1, (1, 4): 35, (1, 7): 17, (1, 10): 1, (2, 4): 1, (2, 5): 18, (2, 7): 1, (2, 8): 23, (2, 9): 5, (2, 10): 1, (3, 5): 1, (3, 6): 7, (3, 7): 1, (3, 8): 1, (3, 9): 1, (4, 5): 1, (4, 6): 1, (4, 7): 1, (4, 10): 1, (4, 11): 1, (5, 7): 5, (5, 9): 2, (5, 10): 10, (6, 7): 1, (6, 9): 1, (6, 10): 1, (7, 9): 1, (7, 10): 1, (7, 11): 1, (8, 10): 1, (9, 10): 1, (9, 11): 10}",633.0013275146484,34.0,12.0,68.0
32.0,Graph with 12 nodes and 34 edges,"[[0, 0, 0, 1, 0, 0, 1, 0, 0, 0, 0, 1], [0, 0, 0, 0, 1, 0, 0, 1, 0, 0, 1, 0], [0, 0, 0, 0, 1, 1, 0, 1, 1, 1, 1, 0], [1, 0, 0, 0, 0, 1, 1, 1, 1, 1, 0, 0], [0, 1, 1, 0, 0, 1, 1, 1, 0, 0, 1, 1], [0, 0, 1, 1, 1, 0, 0, 1, 0, 1, 1, 0], [1, 0, 0, 1, 1, 0, 0, 1, 0, 1, 1, 0], [0, 1, 1, 1, 1, 1, 1, 0, 0, 1, 1, 1], [0, 0, 1, 1, 0, 0, 0, 0, 0, 0, 1, 0], [0, 0, 1, 1, 0, 1, 1, 1, 0, 0, 1, 1], [0, 1, 1, 0, 1, 1, 1, 1, 1, 1, 0, 0], [1, 0, 0, 0, 1, 0, 0, 1, 0, 1, 0, 0]]",23.0,7.0,Y,"{0: 23, 1: 100, 2: 93, 3: 86, 4: 79, 5: 72, 6: 65, 7: 58, 8: 51, 9: 44, 10: 37, 11: 30}",Y,"{0: 23, 1: 100, 2: 93, 3: 86, 4: 79, 5: 72, 6: 65, 7: 58, 8: 51, 9: 44, 10: 37, 11: 30}","{(0, 3): 1, (0, 6): 1, (0, 11): 21, (1, 4): 73, (1, 7): 26, (1, 10): 1, (2, 4): 1, (2, 5): 40, (2, 7): 1, (2, 8): 49, (2, 9): 1, (2, 10): 1, (3, 5): 1, (3, 6): 44, (3, 7): 1, (3, 8): 1, (3, 9): 38, (4, 5): 1, (4, 6): 1, (4, 7): 1, (4, 10): 1, (4, 11): 1, (5, 7): 17, (5, 9): 1, (5, 10): 12, (6, 7): 1, (6, 9): 1, (6, 10): 17, (7, 9): 1, (7, 10): 3, (7, 11): 7, (8, 10): 1, (9, 10): 1, (9, 11): 1}",825.1667022705078,34.0,12.0,68.0
35.0,Graph with 12 nodes and 25 edges,"[[0, 0, 0, 1, 1, 0, 1, 0, 0, 1, 0, 0], [0, 0, 1, 1, 0, 1, 1, 0, 0, 1, 0, 0], [0, 1, 0, 0, 0, 1, 0, 0, 0, 0, 0, 1], [1, 1, 0, 0, 1, 0, 1, 1, 0, 1, 1, 1], [1, 0, 0, 1, 0, 0, 1, 1, 0, 0, 0, 0], [0, 1, 1, 0, 0, 0, 0, 0, 0, 0, 0, 0], [1, 1, 0, 1, 1, 0, 0, 1, 1, 0, 0, 1], [0, 0, 0, 1, 1, 0, 1, 0, 1, 0, 0, 1], [0, 0, 0, 0, 0, 0, 1, 1, 0, 0, 0, 0], [1, 1, 0, 1, 0, 0, 0, 0, 0, 0, 1, 0], [0, 0, 0, 1, 0, 0, 0, 0, 0, 1, 0, 0], [0, 0, 1, 1, 0, 0, 1, 1, 0, 0, 0, 0]]",17.0,7.0,Y,"{0: 24, 1: 31, 2: 38, 3: 45, 4: 52, 5: 59, 6: 66, 7: 73, 8: 80, 9: 87, 10: 94, 11: 17}",Y,"{0: 24, 1: 31, 2: 38, 3: 45, 4: 52, 5: 59, 6: 66, 7: 73, 8: 80, 9: 87, 10: 94, 11: 17}","{(0, 3): 1, (0, 4): 15, (0, 6): 4, (0, 9): 4, (1, 2): 1, (1, 3): 5, (1, 5): 23, (1, 6): 1, (1, 9): 1, (2, 5): 36, (2, 11): 1, (3, 4): 12, (3, 6): 1, (3, 7): 11, (3, 9): 1, (3, 10): 13, (3, 11): 1, (4, 6): 16, (4, 7): 9, (6, 7): 1, (6, 8): 31, (6, 11): 12, (7, 8): 49, (7, 11): 3, (9, 10): 81}",52.928924560546875,25.0,12.0,50.0
37.0,Graph with 12 nodes and 36 edges,"[[0, 1, 0, 0, 1, 1, 1, 1, 1, 0, 1, 1], [1, 0, 1, 1, 0, 0, 0, 1, 0, 1, 0, 1], [0, 1, 0, 1, 1, 1, 0, 0, 1, 0, 0, 1], [0, 1, 1, 0, 1, 1, 0, 0, 1, 1, 0, 0], [1, 0, 1, 1, 0, 1, 0, 0, 0, 1, 0, 0], [1, 0, 1, 1, 1, 0, 1, 1, 0, 1, 1, 0], [1, 0, 0, 0, 0, 1, 0, 1, 1, 1, 0, 1], [1, 1, 0, 0, 0, 1, 1, 0, 0, 1, 1, 0], [1, 0, 1, 1, 0, 0, 1, 0, 0, 0, 1, 0], [0, 1, 0, 1, 1, 1, 1, 1, 0, 0, 0, 1], [1, 0, 0, 0, 0, 1, 0, 1, 1, 0, 0, 0], [1, 1, 1, 0, 0, 0, 1, 0, 0, 1, 0, 0]]",6.0,9.0,Y,"{0: 87, 1: 15, 2: 24, 3: 69, 4: 42, 5: 96, 6: 78, 7: 60, 8: 6, 9: 105, 10: 33, 11: 51}",Y,"{0: 87, 1: 15, 2: 24, 3: 69, 4: 42, 5: 96, 6: 78, 7: 60, 8: 6, 9: 105, 10: 33, 11: 51}","{(0, 1): 1, (0, 4): 3, (0, 5): 12, (0, 6): 20, (0, 7): 3, (0, 8): 1, (0, 10): 21, (0, 11): 26, (1, 2): 3, (1, 3): 5, (1, 7): 2, (1, 9): 1, (1, 11): 3, (2, 3): 10, (2, 4): 7, (2, 5): 1, (2, 8): 1, (2, 11): 2, (3, 4): 1, (3, 5): 45, (3, 8): 2, (3, 9): 6, (4, 5): 30, (4, 9): 1, (5, 6): 1, (5, 7): 1, (5, 9): 1, (5, 10): 5, (6, 7): 1, (6, 8): 1, (6, 9): 42, (6, 11): 13, (7, 9): 47, (7, 10): 6, (8, 10): 1, (9, 11): 7}",70.09506225585938,36.0,12.0,72.0
37.0,Graph with 12 nodes and 36 edges,"[[0, 1, 0, 0, 1, 1, 1, 1, 1, 0, 1, 1], [1, 0, 1, 1, 0, 0, 0, 1, 0, 1, 0, 1], [0, 1, 0, 1, 1, 1, 0, 0, 1, 0, 0, 1], [0, 1, 1, 0, 1, 1, 0, 0, 1, 1, 0, 0], [1, 0, 1, 1, 0, 1, 0, 0, 0, 1, 0, 0], [1, 0, 1, 1, 1, 0, 1, 1, 0, 1, 1, 0], [1, 0, 0, 0, 0, 1, 0, 1, 1, 1, 0, 1], [1, 1, 0, 0, 0, 1, 1, 0, 0, 1, 1, 0], [1, 0, 1, 1, 0, 0, 1, 0, 0, 0, 1, 0], [0, 1, 0, 1, 1, 1, 1, 1, 0, 0, 0, 1], [1, 0, 0, 0, 0, 1, 0, 1, 1, 0, 0, 0], [1, 1, 1, 0, 0, 0, 1, 0, 0, 1, 0, 0]]",23.0,1.0,Y,"{0: 25, 1: 27, 2: 24, 3: 28, 4: 33, 5: 31, 6: 29, 7: 34, 8: 23, 9: 26, 10: 32, 11: 30}",Y,"{0: 25, 1: 27, 2: 24, 3: 28, 4: 33, 5: 31, 6: 29, 7: 34, 8: 23, 9: 26, 10: 32, 11: 30}","{(0, 1): 1, (0, 4): 1, (0, 5): 1, (0, 6): 1, (0, 7): 13, (0, 8): 6, (0, 10): 1, (0, 11): 1, (1, 2): 1, (1, 3): 6, (1, 7): 1, (1, 9): 1, (1, 11): 17, (2, 3): 1, (2, 4): 11, (2, 5): 9, (2, 8): 1, (2, 11): 1, (3, 4): 10, (3, 5): 1, (3, 8): 1, (3, 9): 9, (4, 5): 1, (4, 9): 10, (5, 6): 1, (5, 7): 1, (5, 9): 1, (5, 10): 16, (6, 7): 17, (6, 8): 1, (6, 9): 1, (6, 11): 8, (7, 9): 1, (7, 10): 1, (8, 10): 14, (9, 11): 3}",30.040740966796875,36.0,12.0,72.0
38.0,Graph with 12 nodes and 33 edges,"[[0, 0, 1, 0, 0, 1, 1, 1, 0, 1, 1, 1], [0, 0, 0, 1, 0, 1, 0, 1, 1, 1, 0, 0], [1, 0, 0, 1, 1, 1, 1, 1, 0, 1, 1, 1], [0, 1, 1, 0, 0, 1, 0, 0, 0, 1, 1, 0], [0, 0, 1, 0, 0, 0, 0, 0, 0, 1, 1, 0], [1, 1, 1, 1, 0, 0, 0, 1, 1, 1, 1, 0], [1, 0, 1, 0, 0, 0, 0, 1, 0, 0, 1, 0], [1, 1, 1, 0, 0, 1, 1, 0, 1, 0, 0, 0], [0, 1, 0, 0, 0, 1, 0, 1, 0, 0, 0, 1], [1, 1, 1, 1, 1, 1, 0, 0, 0, 0, 0, 0], [1, 0, 1, 1, 1, 1, 1, 0, 0, 0, 0, 0], [1, 0, 1, 0, 0, 0, 0, 0, 1, 0, 0, 0]]",15.0,7.0,Y,"{0: 64, 1: 43, 2: 71, 3: 15, 4: 36, 5: 57, 6: 50, 7: 92, 8: 85, 9: 22, 10: 29, 11: 78}",Y,"{0: 64, 1: 43, 2: 71, 3: 15, 4: 36, 5: 57, 6: 50, 7: 92, 8: 85, 9: 22, 10: 29, 11: 78}","{(0, 2): 17, (0, 5): 1, (0, 6): 11, (0, 7): 4, (0, 9): 9, (0, 10): 1, (0, 11): 21, (1, 3): 1, (1, 5): 1, (1, 7): 33, (1, 8): 7, (1, 9): 1, (2, 3): 1, (2, 4): 19, (2, 5): 7, (2, 6): 11, (2, 7): 9, (2, 9): 1, (2, 10): 1, (2, 11): 5, (3, 5): 3, (3, 9): 1, (3, 10): 9, (4, 9): 1, (4, 10): 16, (5, 7): 14, (5, 8): 21, (5, 9): 9, (5, 10): 1, (6, 7): 27, (6, 10): 1, (7, 8): 5, (8, 11): 52}",53.16734313964844,33.0,12.0,66.0
39.0,Graph with 12 nodes and 34 edges,"[[0, 0, 0, 1, 0, 1, 0, 0, 1, 1, 1, 0], [0, 0, 0, 1, 0, 0, 0, 0, 1, 0, 0, 0], [0, 0, 0, 1, 0, 0, 0, 1, 1, 0, 1, 1], [1, 1, 1, 0, 1, 1, 0, 0, 1, 1, 0, 0], [0, 0, 0, 1, 0, 1, 1, 0, 0, 1, 1, 1], [1, 0, 0, 1, 1, 0, 0, 1, 1, 1, 1, 0], [0, 0, 0, 0, 1, 0, 0, 1, 0, 1, 1, 0], [0, 0, 1, 0, 0, 1, 1, 0, 1, 1, 0, 1], [1, 1, 1, 1, 0, 1, 0, 1, 0, 1, 1, 0], [1, 0, 0, 1, 1, 1, 1, 1, 1, 0, 0, 0], [1, 0, 1, 0, 1, 1, 1, 0, 1, 0, 0, 1], [0, 0, 1, 0, 1, 0, 0, 1, 0, 0, 1, 0]]",9.0,2.0,Y,"{0: 9, 1: 17, 2: 23, 3: 19, 4: 29, 5: 25, 6: 21, 7: 13, 8: 11, 9: 31, 10: 27, 11: 15}",Y,"{0: 9, 1: 17, 2: 23, 3: 19, 4: 29, 5: 25, 6: 21, 7: 13, 8: 11, 9: 31, 10: 27, 11: 15}","{(0, 3): 1, (0, 5): 1, (0, 8): 1, (0, 9): 1, (0, 10): 5, (1, 3): 13, (1, 8): 4, (2, 3): 1, (2, 7): 1, (2, 8): 1, (2, 10): 16, (2, 11): 4, (3, 4): 1, (3, 5): 1, (3, 8): 1, (3, 9): 1, (4, 5): 18, (4, 6): 1, (4, 9): 7, (4, 10): 1, (4, 11): 1, (5, 7): 1, (5, 8): 1, (5, 9): 2, (5, 10): 1, (6, 7): 1, (6, 9): 18, (6, 10): 1, (7, 8): 1, (7, 9): 1, (7, 11): 8, (8, 9): 1, (8, 10): 1, (10, 11): 2}",322.10350036621094,34.0,12.0,68.0
39.0,Graph with 12 nodes and 34 edges,"[[0, 0, 0, 1, 0, 1, 0, 0, 1, 1, 1, 0], [0, 0, 0, 1, 0, 0, 0, 0, 1, 0, 0, 0], [0, 0, 0, 1, 0, 0, 0, 1, 1, 0, 1, 1], [1, 1, 1, 0, 1, 1, 0, 0, 1, 1, 0, 0], [0, 0, 0, 1, 0, 1, 1, 0, 0, 1, 1, 1], [1, 0, 0, 1, 1, 0, 0, 1, 1, 1, 1, 0], [0, 0, 0, 0, 1, 0, 0, 1, 0, 1, 1, 0], [0, 0, 1, 0, 0, 1, 1, 0, 1, 1, 0, 1], [1, 1, 1, 1, 0, 1, 0, 1, 0, 1, 1, 0], [1, 0, 0, 1, 1, 1, 1, 1, 1, 0, 0, 0], [1, 0, 1, 0, 1, 1, 1, 0, 1, 0, 0, 1], [0, 0, 1, 0, 1, 0, 0, 1, 0, 0, 1, 0]]",21.0,4.0,Y,"{0: 21, 1: 65, 2: 61, 3: 57, 4: 53, 5: 49, 6: 45, 7: 41, 8: 37, 9: 33, 10: 29, 11: 25}",Y,"{0: 21, 1: 65, 2: 61, 3: 57, 4: 53, 5: 49, 6: 45, 7: 41, 8: 37, 9: 33, 10: 29, 11: 25}","{(0, 3): 1, (0, 5): 17, (0, 8): 1, (0, 9): 1, (0, 10): 1, (1, 3): 35, (1, 8): 30, (2, 3): 1, (2, 7): 36, (2, 8): 1, (2, 10): 1, (2, 11): 22, (3, 4): 1, (3, 5): 17, (3, 8): 1, (3, 9): 1, (4, 5): 1, (4, 6): 26, (4, 9): 1, (4, 10): 23, (4, 11): 1, (5, 7): 1, (5, 8): 1, (5, 9): 11, (5, 10): 1, (6, 7): 1, (6, 9): 17, (6, 10): 1, (7, 8): 1, (7, 9): 1, (7, 11): 1, (8, 9): 1, (8, 10): 1, (10, 11): 1}",41.00799560546875,34.0,12.0,68.0
42.0,Graph with 12 nodes and 41 edges,"[[0, 0, 0, 1, 0, 1, 0, 1, 0, 1, 1, 1], [0, 0, 0, 1, 1, 0, 1, 1, 0, 1, 1, 1], [0, 0, 0, 1, 1, 1, 1, 1, 1, 1, 0, 0], [1, 1, 1, 0, 1, 1, 0, 0, 1, 0, 1, 0], [0, 1, 1, 1, 0, 1, 1, 1, 0, 0, 1, 0], [1, 0, 1, 1, 1, 0, 1, 0, 1, 0, 0, 1], [0, 1, 1, 0, 1, 1, 0, 1, 0, 0, 1, 1], [1, 1, 1, 0, 1, 0, 1, 0, 1, 1, 1, 1], [0, 0, 1, 1, 0, 1, 0, 1, 0, 0, 1, 1], [1, 1, 1, 0, 0, 0, 0, 1, 0, 0, 1, 0], [1, 1, 0, 1, 1, 0, 1, 1, 1, 1, 0, 0], [1, 1, 0, 0, 0, 1, 1, 1, 1, 0, 0, 0]]",26.0,7.0,Y,"{0: 33, 1: 40, 2: 47, 3: 54, 4: 61, 5: 68, 6: 75, 7: 82, 8: 89, 9: 96, 10: 103, 11: 26}",Y,"{0: 33, 1: 40, 2: 47, 3: 54, 4: 61, 5: 68, 6: 75, 7: 82, 8: 89, 9: 96, 10: 103, 11: 26}","{(0, 3): 1, (0, 5): 26, (0, 7): 1, (0, 9): 2, (0, 10): 2, (0, 11): 1, (1, 3): 1, (1, 4): 2, (1, 6): 1, (1, 7): 1, (1, 9): 33, (1, 10): 1, (1, 11): 1, (2, 3): 1, (2, 4): 1, (2, 5): 1, (2, 6): 1, (2, 7): 6, (2, 8): 36, (2, 9): 1, (3, 4): 1, (3, 5): 1, (3, 8): 48, (3, 10): 1, (4, 5): 17, (4, 6): 1, (4, 7): 1, (4, 10): 38, (5, 6): 2, (5, 8): 1, (5, 11): 20, (6, 7): 68, (6, 10): 1, (6, 11): 1, (7, 8): 1, (7, 9): 2, (7, 10): 1, (7, 11): 1, (8, 10): 1, (8, 11): 2, (9, 10): 58}",1099.8249053955078,41.0,12.0,82.0
47.0,Graph with 12 nodes and 35 edges,"[[0, 1, 0, 1, 1, 0, 1, 1, 1, 0, 0, 1], [1, 0, 1, 1, 1, 1, 1, 1, 0, 0, 0, 0], [0, 1, 0, 1, 0, 0, 1, 0, 0, 1, 0, 1], [1, 1, 1, 0, 0, 0, 0, 1, 0, 0, 1, 1], [1, 1, 0, 0, 0, 1, 0, 0, 0, 0, 0, 0], [0, 1, 0, 0, 1, 0, 0, 1, 0, 1, 1, 1], [1, 1, 1, 0, 0, 0, 0, 0, 1, 1, 1, 0], [1, 1, 0, 1, 0, 1, 0, 0, 1, 0, 1, 0], [1, 0, 0, 0, 0, 0, 1, 1, 0, 1, 1, 1], [0, 0, 1, 0, 0, 1, 1, 0, 1, 0, 1, 0], [0, 0, 0, 1, 0, 1, 1, 1, 1, 1, 0, 1], [1, 0, 1, 1, 0, 1, 0, 0, 1, 0, 1, 0]]",16.0,2.0,Y,"{0: 16, 1: 20, 2: 18, 3: 26, 4: 36, 5: 32, 6: 28, 7: 38, 8: 30, 9: 22, 10: 34, 11: 24}",Y,"{0: 16, 1: 20, 2: 18, 3: 26, 4: 36, 5: 32, 6: 28, 7: 38, 8: 30, 9: 22, 10: 34, 11: 24}","{(0, 1): 7, (0, 3): 1, (0, 4): 4, (0, 6): 1, (0, 7): 1, (0, 8): 1, (0, 11): 1, (1, 2): 1, (1, 3): 1, (1, 4): 5, (1, 5): 1, (1, 6): 1, (1, 7): 4, (2, 3): 1, (2, 6): 8, (2, 9): 1, (2, 11): 7, (3, 7): 20, (3, 10): 2, (3, 11): 1, (4, 5): 27, (5, 7): 1, (5, 9): 1, (5, 10): 1, (5, 11): 1, (6, 8): 4, (6, 9): 4, (6, 10): 10, (7, 8): 11, (7, 10): 1, (8, 9): 9, (8, 10): 2, (8, 11): 3, (9, 10): 7, (10, 11): 11}",46.01478576660156,35.0,12.0,70.0
48.0,Graph with 12 nodes and 36 edges,"[[0, 1, 0, 0, 0, 0, 0, 1, 1, 1, 1, 0], [1, 0, 0, 0, 1, 1, 1, 0, 0, 1, 0, 0], [0, 0, 0, 1, 1, 1, 1, 1, 1, 0, 0, 0], [0, 0, 1, 0, 1, 1, 1, 1, 1, 0, 1, 0], [0, 1, 1, 1, 0, 1, 0, 0, 1, 1, 0, 0], [0, 1, 1, 1, 1, 0, 0, 0, 1, 1, 1, 1], [0, 1, 1, 1, 0, 0, 0, 0, 1, 1, 0, 0], [1, 0, 1, 1, 0, 0, 0, 0, 0, 0, 0, 1], [1, 0, 1, 1, 1, 1, 1, 0, 0, 1, 1, 0], [1, 1, 0, 0, 1, 1, 1, 0, 1, 0, 1, 1], [1, 0, 0, 1, 0, 1, 0, 0, 1, 1, 0, 1], [0, 0, 0, 0, 0, 1, 0, 1, 0, 1, 1, 0]]",12.0,3.0,Y,"{0: 45, 1: 42, 2: 39, 3: 36, 4: 33, 5: 30, 6: 27, 7: 24, 8: 21, 9: 18, 10: 15, 11: 12}",Y,"{0: 45, 1: 42, 2: 39, 3: 36, 4: 33, 5: 30, 6: 27, 7: 24, 8: 21, 9: 18, 10: 15, 11: 12}","{(0, 1): 32, (0, 7): 4, (0, 8): 1, (0, 9): 3, (0, 10): 5, (1, 4): 1, (1, 5): 1, (1, 6): 3, (1, 9): 5, (2, 3): 3, (2, 4): 16, (2, 5): 1, (2, 6): 1, (2, 7): 16, (2, 8): 2, (3, 4): 7, (3, 5): 8, (3, 6): 13, (3, 7): 3, (3, 8): 1, (3, 10): 1, (4, 5): 7, (4, 8): 1, (4, 9): 1, (5, 8): 3, (5, 9): 1, (5, 10): 2, (5, 11): 7, (6, 8): 9, (6, 9): 1, (7, 11): 1, (8, 9): 1, (8, 10): 3, (9, 10): 3, (9, 11): 3, (10, 11): 1}",72.95608520507812,36.0,12.0,72.0
50.0,Graph with 12 nodes and 36 edges,"[[0, 0, 1, 1, 0, 1, 0, 1, 0, 0, 0, 1], [0, 0, 0, 0, 1, 0, 1, 0, 1, 0, 1, 0], [1, 0, 0, 0, 1, 0, 1, 1, 1, 0, 1, 0], [1, 0, 0, 0, 0, 0, 0, 1, 0, 0, 0, 1], [0, 1, 1, 0, 0, 1, 0, 1, 1, 0, 1, 1], [1, 0, 0, 0, 1, 0, 1, 1, 1, 1, 1, 1], [0, 1, 1, 0, 0, 1, 0, 1, 1, 1, 1, 1], [1, 0, 1, 1, 1, 1, 1, 0, 0, 1, 0, 0], [0, 1, 1, 0, 1, 1, 1, 0, 0, 0, 0, 1], [0, 0, 0, 0, 0, 1, 1, 1, 0, 0, 0, 1], [0, 1, 1, 0, 1, 1, 1, 0, 0, 0, 0, 1], [1, 0, 0, 1, 1, 1, 1, 0, 1, 1, 1, 0]]",8.0,1.0,Y,"{0: 19, 1: 18, 2: 17, 3: 16, 4: 15, 5: 14, 6: 13, 7: 12, 8: 11, 9: 10, 10: 9, 11: 8}",Y,"{0: 19, 1: 18, 2: 17, 3: 16, 4: 15, 5: 14, 6: 13, 7: 12, 8: 11, 9: 10, 10: 9, 11: 8}","{(0, 2): 7, (0, 3): 9, (0, 5): 1, (0, 7): 1, (0, 11): 1, (1, 4): 9, (1, 6): 3, (1, 8): 5, (1, 10): 1, (2, 4): 1, (2, 6): 3, (2, 7): 1, (2, 8): 1, (2, 10): 4, (3, 7): 6, (3, 11): 1, (4, 5): 1, (4, 7): 1, (4, 8): 1, (4, 10): 1, (4, 11): 1, (5, 6): 1, (5, 7): 1, (5, 8): 1, (5, 9): 7, (5, 10): 1, (5, 11): 1, (6, 7): 1, (6, 8): 2, (6, 9): 1, (6, 10): 1, (6, 11): 1, (7, 9): 1, (8, 11): 1, (9, 11): 1, (10, 11): 1}",689.9833679199219,36.0,12.0,72.0
51.0,Graph with 12 nodes and 35 edges,"[[0, 1, 0, 1, 0, 1, 1, 1, 0, 0, 1, 1], [1, 0, 0, 1, 0, 0, 1, 0, 0, 1, 0, 1], [0, 0, 0, 1, 1, 1, 0, 0, 0, 1, 0, 1], [1, 1, 1, 0, 1, 0, 1, 1, 1, 1, 0, 1], [0, 0, 1, 1, 0, 1, 0, 1, 0, 1, 0, 0], [1, 0, 1, 0, 1, 0, 0, 0, 1, 0, 0, 0], [1, 1, 0, 1, 0, 0, 0, 1, 1, 1, 1, 0], [1, 0, 0, 1, 1, 0, 1, 0, 0, 0, 1, 0], [0, 0, 0, 1, 0, 1, 1, 0, 0, 1, 1, 0], [0, 1, 1, 1, 1, 0, 1, 0, 1, 0, 0, 1], [1, 0, 0, 0, 0, 0, 1, 1, 1, 0, 0, 1], [1, 1, 1, 1, 0, 0, 0, 0, 0, 1, 1, 0]]",15.0,4.0,Y,"{0: 51, 1: 27, 2: 15, 3: 31, 4: 39, 5: 47, 6: 43, 7: 59, 8: 19, 9: 55, 10: 35, 11: 23}",Y,"{0: 51, 1: 27, 2: 15, 3: 31, 4: 39, 5: 47, 6: 43, 7: 59, 8: 19, 9: 55, 10: 35, 11: 23}","{(0, 1): 1, (0, 3): 1, (0, 5): 20, (0, 6): 13, (0, 7): 14, (0, 10): 1, (0, 11): 1, (1, 3): 1, (1, 6): 1, (1, 9): 23, (1, 11): 1, (2, 3): 1, (2, 4): 1, (2, 5): 11, (2, 9): 1, (2, 11): 1, (3, 4): 1, (3, 6): 1, (3, 7): 1, (3, 8): 1, (3, 9): 23, (3, 11): 1, (4, 5): 1, (4, 7): 35, (4, 9): 1, (5, 8): 15, (6, 7): 8, (6, 8): 1, (6, 9): 1, (6, 10): 18, (7, 10): 1, (8, 9): 1, (8, 10): 1, (9, 11): 5, (10, 11): 14}",714.0636444091797,35.0,12.0,70.0
51.0,Graph with 12 nodes and 35 edges,"[[0, 1, 0, 1, 0, 1, 1, 1, 0, 0, 1, 1], [1, 0, 0, 1, 0, 0, 1, 0, 0, 1, 0, 1], [0, 0, 0, 1, 1, 1, 0, 0, 0, 1, 0, 1], [1, 1, 1, 0, 1, 0, 1, 1, 1, 1, 0, 1], [0, 0, 1, 1, 0, 1, 0, 1, 0, 1, 0, 0], [1, 0, 1, 0, 1, 0, 0, 0, 1, 0, 0, 0], [1, 1, 0, 1, 0, 0, 0, 1, 1, 1, 1, 0], [1, 0, 0, 1, 1, 0, 1, 0, 0, 0, 1, 0], [0, 0, 0, 1, 0, 1, 1, 0, 0, 1, 1, 0], [0, 1, 1, 1, 1, 0, 1, 0, 1, 0, 0, 1], [1, 0, 0, 0, 0, 0, 1, 1, 1, 0, 0, 1], [1, 1, 1, 1, 0, 0, 0, 0, 0, 1, 1, 0]]",17.0,4.0,Y,"{0: 21, 1: 25, 2: 29, 3: 33, 4: 37, 5: 41, 6: 45, 7: 49, 8: 53, 9: 57, 10: 61, 11: 17}",Y,"{0: 21, 1: 25, 2: 29, 3: 33, 4: 37, 5: 41, 6: 45, 7: 49, 8: 53, 9: 57, 10: 61, 11: 17}","{(0, 1): 1, (0, 3): 1, (0, 5): 1, (0, 6): 1, (0, 7): 1, (0, 10): 15, (0, 11): 1, (1, 3): 8, (1, 6): 3, (1, 9): 1, (1, 11): 12, (2, 3): 7, (2, 4): 1, (2, 5): 1, (2, 9): 19, (2, 11): 1, (3, 4): 1, (3, 6): 1, (3, 7): 1, (3, 8): 12, (3, 9): 1, (3, 11): 1, (4, 5): 1, (4, 7): 1, (4, 9): 33, (5, 8): 38, (6, 7): 20, (6, 8): 1, (6, 9): 1, (6, 10): 18, (7, 10): 26, (8, 9): 1, (8, 10): 1, (9, 11): 1, (10, 11): 1}",732.8987121582031,35.0,12.0,70.0
52.0,Graph with 12 nodes and 33 edges,"[[0, 0, 0, 1, 0, 1, 0, 0, 1, 1, 1, 1], [0, 0, 1, 1, 0, 0, 1, 1, 0, 1, 1, 0], [0, 1, 0, 1, 0, 1, 0, 0, 0, 0, 1, 1], [1, 1, 1, 0, 0, 0, 0, 1, 0, 1, 1, 0], [0, 0, 0, 0, 0, 0, 0, 1, 0, 0, 1, 1], [1, 0, 1, 0, 0, 0, 1, 0, 1, 0, 1, 0], [0, 1, 0, 0, 0, 1, 0, 0, 0, 1, 1, 0], [0, 1, 0, 1, 1, 0, 0, 0, 1, 1, 1, 0], [1, 0, 0, 0, 0, 1, 0, 1, 0, 1, 1, 0], [1, 1, 0, 1, 0, 0, 1, 1, 1, 0, 0, 1], [1, 1, 1, 1, 1, 1, 1, 1, 1, 0, 0, 0], [1, 0, 1, 0, 1, 0, 0, 0, 0, 1, 0, 0]]",18.0,8.0,Y,"{0: 26, 1: 34, 2: 42, 3: 50, 4: 58, 5: 66, 6: 74, 7: 82, 8: 90, 9: 98, 10: 106, 11: 18}",Y,"{0: 26, 1: 34, 2: 42, 3: 50, 4: 58, 5: 66, 6: 74, 7: 82, 8: 90, 9: 98, 10: 106, 11: 18}","{(0, 3): 1, (0, 5): 1, (0, 8): 18, (0, 9): 4, (0, 10): 1, (0, 11): 1, (1, 2): 1, (1, 3): 1, (1, 6): 29, (1, 7): 1, (1, 9): 1, (1, 10): 1, (2, 3): 1, (2, 5): 38, (2, 10): 1, (2, 11): 1, (3, 7): 1, (3, 9): 45, (3, 10): 1, (4, 7): 32, (4, 10): 11, (4, 11): 15, (5, 6): 1, (5, 8): 25, (5, 10): 1, (6, 9): 1, (6, 10): 43, (7, 8): 1, (7, 9): 1, (7, 10): 46, (8, 9): 45, (8, 10): 1, (9, 11): 1}",849.0085601806641,33.0,12.0,66.0
53.0,Graph with 12 nodes and 38 edges,"[[0, 0, 1, 0, 1, 1, 1, 1, 1, 0, 1, 0], [0, 0, 0, 0, 1, 0, 1, 1, 1, 1, 0, 0], [1, 0, 0, 1, 1, 1, 1, 1, 0, 1, 0, 0], [0, 0, 1, 0, 1, 1, 1, 1, 0, 0, 1, 1], [1, 1, 1, 1, 0, 0, 0, 0, 0, 1, 0, 1], [1, 0, 1, 1, 0, 0, 1, 0, 1, 1, 1, 0], [1, 1, 1, 1, 0, 1, 0, 1, 0, 1, 0, 0], [1, 1, 1, 1, 0, 0, 1, 0, 1, 0, 1, 0], [1, 1, 0, 0, 0, 1, 0, 1, 0, 1, 1, 1], [0, 1, 1, 0, 1, 1, 1, 0, 1, 0, 1, 0], [1, 0, 0, 1, 0, 1, 0, 1, 1, 1, 0, 0], [0, 0, 0, 1, 1, 0, 0, 0, 1, 0, 0, 0]]",20.0,5.0,Y,"{0: 25, 1: 30, 2: 35, 3: 40, 4: 45, 5: 50, 6: 55, 7: 60, 8: 65, 9: 70, 10: 75, 11: 20}",Y,"{0: 25, 1: 30, 2: 35, 3: 40, 4: 45, 5: 50, 6: 55, 7: 60, 8: 65, 9: 70, 10: 75, 11: 20}","{(0, 2): 7, (0, 4): 1, (0, 5): 1, (0, 6): 2, (0, 7): 5, (0, 8): 1, (0, 10): 8, (1, 4): 13, (1, 6): 1, (1, 7): 12, (1, 8): 2, (1, 9): 2, (2, 3): 3, (2, 4): 7, (2, 5): 14, (2, 6): 1, (2, 7): 2, (2, 9): 1, (3, 4): 5, (3, 5): 3, (3, 6): 15, (3, 7): 10, (3, 10): 1, (3, 11): 3, (4, 9): 12, (4, 11): 7, (5, 6): 8, (5, 8): 13, (5, 9): 1, (5, 10): 10, (6, 7): 13, (6, 9): 15, (7, 8): 5, (7, 10): 13, (8, 9): 15, (8, 10): 19, (8, 11): 10, (9, 10): 24}",84.87701416015625,38.0,12.0,76.0
53.0,Graph with 12 nodes and 38 edges,"[[0, 0, 1, 0, 1, 1, 1, 1, 1, 0, 1, 0], [0, 0, 0, 0, 1, 0, 1, 1, 1, 1, 0, 0], [1, 0, 0, 1, 1, 1, 1, 1, 0, 1, 0, 0], [0, 0, 1, 0, 1, 1, 1, 1, 0, 0, 1, 1], [1, 1, 1, 1, 0, 0, 0, 0, 0, 1, 0, 1], [1, 0, 1, 1, 0, 0, 1, 0, 1, 1, 1, 0], [1, 1, 1, 1, 0, 1, 0, 1, 0, 1, 0, 0], [1, 1, 1, 1, 0, 0, 1, 0, 1, 0, 1, 0], [1, 1, 0, 0, 0, 1, 0, 1, 0, 1, 1, 1], [0, 1, 1, 0, 1, 1, 1, 0, 1, 0, 1, 0], [1, 0, 0, 1, 0, 1, 0, 1, 1, 1, 0, 0], [0, 0, 0, 1, 1, 0, 0, 0, 1, 0, 0, 0]]",29.0,5.0,Y,"{0: 84, 1: 29, 2: 34, 3: 79, 4: 49, 5: 69, 6: 59, 7: 54, 8: 39, 9: 44, 10: 74, 11: 64}",Y,"{0: 84, 1: 29, 2: 34, 3: 79, 4: 49, 5: 69, 6: 59, 7: 54, 8: 39, 9: 44, 10: 74, 11: 64}","{(0, 2): 1, (0, 4): 1, (0, 5): 38, (0, 6): 1, (0, 7): 1, (0, 8): 1, (0, 10): 41, (1, 4): 1, (1, 6): 1, (1, 7): 1, (1, 8): 1, (1, 9): 25, (2, 3): 1, (2, 4): 28, (2, 5): 1, (2, 6): 1, (2, 7): 1, (2, 9): 1, (3, 4): 1, (3, 5): 1, (3, 6): 1, (3, 7): 1, (3, 10): 28, (3, 11): 46, (4, 9): 1, (4, 11): 17, (5, 6): 25, (5, 8): 1, (5, 9): 1, (5, 10): 2, (6, 7): 16, (6, 9): 14, (7, 8): 33, (7, 10): 1, (8, 9): 1, (8, 10): 1, (8, 11): 1, (9, 10): 1}",463.0088806152344,38.0,12.0,76.0
54.0,Graph with 12 nodes and 31 edges,"[[0, 0, 0, 0, 0, 0, 1, 0, 1, 1, 1, 0], [0, 0, 1, 1, 0, 1, 1, 1, 0, 0, 1, 1], [0, 1, 0, 1, 1, 0, 0, 1, 0, 0, 0, 1], [0, 1, 1, 0, 1, 1, 0, 1, 0, 0, 1, 1], [0, 0, 1, 1, 0, 1, 0, 1, 0, 0, 0, 0], [0, 1, 0, 1, 1, 0, 0, 0, 0, 1, 1, 1], [1, 1, 0, 0, 0, 0, 0, 0, 0, 1, 0, 0], [0, 1, 1, 1, 1, 0, 0, 0, 1, 0, 1, 1], [1, 0, 0, 0, 0, 0, 0, 1, 0, 0, 0, 0], [1, 0, 0, 0, 0, 1, 1, 0, 0, 0, 1, 0], [1, 1, 0, 1, 0, 1, 0, 1, 0, 1, 0, 1], [0, 1, 1, 1, 0, 1, 0, 1, 0, 0, 1, 0]]",5.0,4.0,Y,"{0: 9, 1: 29, 2: 21, 3: 41, 4: 13, 5: 45, 6: 17, 7: 33, 8: 25, 9: 5, 10: 49, 11: 37}",Y,"{0: 9, 1: 29, 2: 21, 3: 41, 4: 13, 5: 45, 6: 17, 7: 33, 8: 25, 9: 5, 10: 49, 11: 37}","{(0, 6): 1, (0, 8): 6, (0, 9): 1, (0, 10): 1, (1, 2): 2, (1, 3): 1, (1, 5): 1, (1, 6): 14, (1, 7): 1, (1, 10): 9, (1, 11): 1, (2, 3): 1, (2, 4): 9, (2, 7): 8, (2, 11): 1, (3, 4): 1, (3, 5): 7, (3, 7): 1, (3, 10): 29, (3, 11): 1, (4, 5): 1, (4, 7): 2, (5, 9): 1, (5, 10): 5, (5, 11): 30, (6, 9): 2, (7, 8): 19, (7, 10): 1, (7, 11): 1, (9, 10): 1, (10, 11): 3}",40.0543212890625,31.0,12.0,62.0
54.0,Graph with 12 nodes and 31 edges,"[[0, 0, 0, 0, 0, 0, 1, 0, 1, 1, 1, 0], [0, 0, 1, 1, 0, 1, 1, 1, 0, 0, 1, 1], [0, 1, 0, 1, 1, 0, 0, 1, 0, 0, 0, 1], [0, 1, 1, 0, 1, 1, 0, 1, 0, 0, 1, 1], [0, 0, 1, 1, 0, 1, 0, 1, 0, 0, 0, 0], [0, 1, 0, 1, 1, 0, 0, 0, 0, 1, 1, 1], [1, 1, 0, 0, 0, 0, 0, 0, 0, 1, 0, 0], [0, 1, 1, 1, 1, 0, 0, 0, 1, 0, 1, 1], [1, 0, 0, 0, 0, 0, 0, 1, 0, 0, 0, 0], [1, 0, 0, 0, 0, 1, 1, 0, 0, 0, 1, 0], [1, 1, 0, 1, 0, 1, 0, 1, 0, 1, 0, 1], [0, 1, 1, 1, 0, 1, 0, 1, 0, 0, 1, 0]]",11.0,1.0,Y,"{0: 14, 1: 13, 2: 12, 3: 18, 4: 11, 5: 16, 6: 17, 7: 15, 8: 20, 9: 22, 10: 21, 11: 19}",Y,"{0: 14, 1: 13, 2: 12, 3: 18, 4: 11, 5: 16, 6: 17, 7: 15, 8: 20, 9: 22, 10: 21, 11: 19}","{(0, 6): 1, (0, 8): 11, (0, 9): 1, (0, 10): 1, (1, 2): 2, (1, 3): 1, (1, 5): 6, (1, 6): 1, (1, 7): 1, (1, 10): 1, (1, 11): 1, (2, 3): 1, (2, 4): 3, (2, 7): 1, (2, 11): 5, (3, 4): 6, (3, 5): 1, (3, 7): 1, (3, 10): 7, (3, 11): 1, (4, 5): 1, (4, 7): 1, (5, 9): 1, (5, 10): 1, (5, 11): 6, (6, 9): 15, (7, 8): 9, (7, 10): 1, (7, 11): 1, (9, 10): 5, (10, 11): 5}",36.00120544433594,31.0,12.0,62.0
54.0,Graph with 12 nodes and 31 edges,"[[0, 0, 0, 0, 0, 0, 1, 0, 1, 1, 1, 0], [0, 0, 1, 1, 0, 1, 1, 1, 0, 0, 1, 1], [0, 1, 0, 1, 1, 0, 0, 1, 0, 0, 0, 1], [0, 1, 1, 0, 1, 1, 0, 1, 0, 0, 1, 1], [0, 0, 1, 1, 0, 1, 0, 1, 0, 0, 0, 0], [0, 1, 0, 1, 1, 0, 0, 0, 0, 1, 1, 1], [1, 1, 0, 0, 0, 0, 0, 0, 0, 1, 0, 0], [0, 1, 1, 1, 1, 0, 0, 0, 1, 0, 1, 1], [1, 0, 0, 0, 0, 0, 0, 1, 0, 0, 0, 0], [1, 0, 0, 0, 0, 1, 1, 0, 0, 0, 1, 0], [1, 1, 0, 1, 0, 1, 0, 1, 0, 1, 0, 1], [0, 1, 1, 1, 0, 1, 0, 1, 0, 0, 1, 0]]",23.0,8.0,Y,"{0: 31, 1: 39, 2: 47, 3: 55, 4: 63, 5: 71, 6: 79, 7: 87, 8: 95, 9: 103, 10: 111, 11: 23}",Y,"{0: 31, 1: 39, 2: 47, 3: 55, 4: 63, 5: 71, 6: 79, 7: 87, 8: 95, 9: 103, 10: 111, 11: 23}","{(0, 6): 5, (0, 8): 24, (0, 9): 1, (0, 10): 1, (1, 2): 33, (1, 3): 1, (1, 5): 1, (1, 6): 1, (1, 7): 1, (1, 10): 1, (1, 11): 1, (2, 3): 1, (2, 4): 11, (2, 7): 1, (2, 11): 1, (3, 4): 12, (3, 5): 1, (3, 7): 1, (3, 10): 38, (3, 11): 1, (4, 5): 39, (4, 7): 1, (5, 9): 1, (5, 10): 21, (5, 11): 8, (6, 9): 73, (7, 8): 71, (7, 10): 11, (7, 11): 1, (9, 10): 28, (10, 11): 11}",37.90855407714844,31.0,12.0,62.0
57.0,Graph with 12 nodes and 38 edges,"[[0, 1, 0, 1, 0, 1, 1, 0, 1, 0, 0, 1], [1, 0, 0, 1, 0, 0, 1, 1, 1, 0, 1, 1], [0, 0, 0, 1, 0, 1, 1, 0, 0, 1, 0, 0], [1, 1, 1, 0, 0, 1, 1, 1, 1, 1, 0, 1], [0, 0, 0, 0, 0, 1, 1, 1, 1, 1, 0, 0], [1, 0, 1, 1, 1, 0, 1, 0, 1, 1, 0, 0], [1, 1, 1, 1, 1, 1, 0, 1, 1, 0, 1, 0], [0, 1, 0, 1, 1, 0, 1, 0, 1, 1, 1, 0], [1, 1, 0, 1, 1, 1, 1, 1, 0, 0, 0, 0], [0, 0, 1, 1, 1, 1, 0, 1, 0, 0, 1, 0], [0, 1, 0, 0, 0, 0, 1, 1, 0, 1, 0, 1], [1, 1, 0, 1, 0, 0, 0, 0, 0, 0, 1, 0]]",6.0,2.0,Y,"{0: 8, 1: 10, 2: 12, 3: 14, 4: 16, 5: 18, 6: 20, 7: 22, 8: 24, 9: 26, 10: 28, 11: 6}",Y,"{0: 8, 1: 10, 2: 12, 3: 14, 4: 16, 5: 18, 6: 20, 7: 22, 8: 24, 9: 26, 10: 28, 11: 6}","{(0, 1): 1, (0, 3): 1, (0, 5): 1, (0, 6): 1, (0, 8): 1, (0, 11): 3, (1, 3): 1, (1, 6): 1, (1, 7): 1, (1, 8): 4, (1, 10): 1, (1, 11): 1, (2, 3): 1, (2, 5): 2, (2, 6): 2, (2, 9): 7, (3, 5): 3, (3, 6): 1, (3, 7): 1, (3, 8): 1, (3, 9): 4, (3, 11): 1, (4, 5): 1, (4, 6): 1, (4, 7): 1, (4, 8): 11, (4, 9): 2, (5, 6): 7, (5, 8): 1, (5, 9): 3, (6, 7): 1, (6, 8): 5, (6, 10): 1, (7, 8): 1, (7, 9): 1, (7, 10): 16, (9, 10): 9, (10, 11): 1}",44.10743713378906,38.0,12.0,76.0
59.0,Graph with 12 nodes and 28 edges,"[[0, 0, 0, 1, 1, 0, 0, 1, 0, 0, 0, 0], [0, 0, 1, 1, 0, 0, 1, 0, 0, 1, 0, 0], [0, 1, 0, 1, 0, 1, 1, 1, 1, 1, 1, 1], [1, 1, 1, 0, 0, 1, 1, 1, 0, 0, 1, 0], [1, 0, 0, 0, 0, 1, 0, 1, 0, 0, 0, 0], [0, 0, 1, 1, 1, 0, 0, 0, 0, 0, 0, 0], [0, 1, 1, 1, 0, 0, 0, 0, 0, 1, 0, 0], [1, 0, 1, 1, 1, 0, 0, 0, 1, 1, 1, 1], [0, 0, 1, 0, 0, 0, 0, 1, 0, 0, 0, 0], [0, 1, 1, 0, 0, 0, 1, 1, 0, 0, 0, 1], [0, 0, 1, 1, 0, 0, 0, 1, 0, 0, 0, 1], [0, 0, 1, 0, 0, 0, 0, 1, 0, 1, 1, 0]]",20.0,8.0,Y,"{0: 28, 1: 36, 2: 44, 3: 52, 4: 60, 5: 68, 6: 76, 7: 84, 8: 92, 9: 100, 10: 20, 11: 108}",Y,"{0: 28, 1: 36, 2: 44, 3: 52, 4: 60, 5: 68, 6: 76, 7: 84, 8: 92, 9: 100, 10: 20, 11: 108}","{(0, 3): 26, (0, 4): 1, (0, 7): 1, (1, 2): 1, (1, 3): 1, (1, 6): 33, (1, 9): 1, (2, 3): 1, (2, 5): 1, (2, 6): 1, (2, 7): 1, (2, 8): 28, (2, 9): 1, (2, 10): 1, (2, 11): 9, (3, 5): 9, (3, 6): 13, (3, 7): 1, (3, 10): 1, (4, 5): 58, (4, 7): 1, (6, 9): 29, (7, 8): 64, (7, 9): 1, (7, 10): 1, (7, 11): 14, (9, 11): 68, (10, 11): 17}",36.00120544433594,28.0,12.0,56.0
59.0,Graph with 12 nodes and 28 edges,"[[0, 0, 0, 1, 1, 0, 0, 1, 0, 0, 0, 0], [0, 0, 1, 1, 0, 0, 1, 0, 0, 1, 0, 0], [0, 1, 0, 1, 0, 1, 1, 1, 1, 1, 1, 1], [1, 1, 1, 0, 0, 1, 1, 1, 0, 0, 1, 0], [1, 0, 0, 0, 0, 1, 0, 1, 0, 0, 0, 0], [0, 0, 1, 1, 1, 0, 0, 0, 0, 0, 0, 0], [0, 1, 1, 1, 0, 0, 0, 0, 0, 1, 0, 0], [1, 0, 1, 1, 1, 0, 0, 0, 1, 1, 1, 1], [0, 0, 1, 0, 0, 0, 0, 1, 0, 0, 0, 0], [0, 1, 1, 0, 0, 0, 1, 1, 0, 0, 0, 1], [0, 0, 1, 1, 0, 0, 0, 1, 0, 0, 0, 1], [0, 0, 1, 0, 0, 0, 0, 1, 0, 1, 1, 0]]",28.0,7.0,Y,"{0: 63, 1: 49, 2: 105, 3: 56, 4: 91, 5: 98, 6: 35, 7: 84, 8: 42, 9: 70, 10: 28, 11: 77}",Y,"{0: 63, 1: 49, 2: 105, 3: 56, 4: 91, 5: 98, 6: 35, 7: 84, 8: 42, 9: 70, 10: 28, 11: 77}","{(0, 3): 1, (0, 4): 37, (0, 7): 25, (1, 2): 1, (1, 3): 1, (1, 6): 26, (1, 9): 21, (2, 3): 1, (2, 5): 47, (2, 6): 1, (2, 7): 1, (2, 8): 41, (2, 9): 1, (2, 10): 1, (2, 11): 11, (3, 5): 50, (3, 6): 1, (3, 7): 1, (3, 10): 1, (4, 5): 1, (4, 7): 53, (6, 9): 7, (7, 8): 1, (7, 9): 1, (7, 10): 1, (7, 11): 1, (9, 11): 40, (10, 11): 25}",1155.1380157470703,28.0,12.0,56.0
63.0,Graph with 12 nodes and 26 edges,"[[0, 0, 0, 1, 0, 0, 0, 0, 0, 1, 1, 1], [0, 0, 0, 1, 0, 1, 0, 1, 0, 1, 0, 0], [0, 0, 0, 1, 1, 0, 0, 0, 1, 0, 0, 0], [1, 1, 1, 0, 0, 1, 0, 1, 0, 0, 0, 0], [0, 0, 1, 0, 0, 0, 1, 1, 0, 1, 0, 1], [0, 1, 0, 1, 0, 0, 0, 1, 0, 1, 1, 0], [0, 0, 0, 0, 1, 0, 0, 0, 0, 0, 1, 1], [0, 1, 0, 1, 1, 1, 0, 0, 0, 0, 0, 1], [0, 0, 1, 0, 0, 0, 0, 0, 0, 1, 1, 0], [1, 1, 0, 0, 1, 1, 0, 0, 1, 0, 1, 0], [1, 0, 0, 0, 0, 1, 1, 0, 1, 1, 0, 0], [1, 0, 0, 0, 1, 0, 1, 1, 0, 0, 0, 0]]",6.0,9.0,Y,"{0: 78, 1: 42, 2: 69, 3: 105, 4: 6, 5: 15, 6: 33, 7: 96, 8: 87, 9: 24, 10: 60, 11: 51}",Y,"{0: 78, 1: 42, 2: 69, 3: 105, 4: 6, 5: 15, 6: 33, 7: 96, 8: 87, 9: 24, 10: 60, 11: 51}","{(0, 3): 18, (0, 9): 11, (0, 10): 1, (0, 11): 48, (1, 3): 21, (1, 5): 1, (1, 7): 19, (1, 9): 1, (2, 3): 1, (2, 4): 1, (2, 8): 67, (3, 5): 1, (3, 7): 64, (4, 6): 2, (4, 7): 1, (4, 9): 1, (4, 11): 1, (5, 7): 11, (5, 9): 1, (5, 10): 1, (6, 10): 30, (6, 11): 1, (7, 11): 1, (8, 9): 1, (8, 10): 19, (9, 10): 9}",624.1798400878906,26.0,12.0,52.0
64.0,Graph with 12 nodes and 38 edges,"[[0, 1, 1, 0, 1, 1, 0, 1, 1, 1, 1, 0], [1, 0, 0, 1, 1, 0, 1, 1, 0, 1, 0, 0], [1, 0, 0, 0, 1, 1, 1, 0, 1, 0, 0, 1], [0, 1, 0, 0, 0, 0, 0, 0, 0, 1, 1, 0], [1, 1, 1, 0, 0, 0, 1, 1, 0, 1, 0, 0], [1, 0, 1, 0, 0, 0, 1, 1, 1, 1, 0, 1], [0, 1, 1, 0, 1, 1, 0, 0, 1, 1, 1, 0], [1, 1, 0, 0, 1, 1, 0, 0, 0, 1, 1, 1], [1, 0, 1, 0, 0, 1, 1, 0, 0, 0, 1, 1], [1, 1, 0, 1, 1, 1, 1, 1, 0, 0, 0, 1], [1, 0, 0, 1, 0, 0, 1, 1, 1, 0, 0, 1], [0, 0, 1, 0, 0, 1, 0, 1, 1, 1, 1, 0]]",18.0,7.0,Y,"{0: 32, 1: 46, 2: 25, 3: 53, 4: 88, 5: 74, 6: 60, 7: 95, 8: 18, 9: 39, 10: 81, 11: 67}",Y,"{0: 32, 1: 46, 2: 25, 3: 53, 4: 88, 5: 74, 6: 60, 7: 95, 8: 18, 9: 39, 10: 81, 11: 67}","{(0, 1): 20, (0, 2): 1, (0, 4): 5, (0, 5): 1, (0, 7): 1, (0, 8): 1, (0, 9): 1, (0, 10): 2, (1, 3): 1, (1, 4): 1, (1, 6): 1, (1, 7): 22, (1, 9): 1, (2, 4): 1, (2, 5): 1, (2, 6): 1, (2, 8): 1, (2, 11): 20, (3, 9): 1, (3, 10): 51, (4, 6): 54, (4, 7): 1, (4, 9): 26, (5, 6): 1, (5, 7): 68, (5, 8): 1, (5, 9): 1, (5, 11): 1, (6, 8): 1, (6, 9): 1, (6, 10): 1, (7, 9): 1, (7, 10): 1, (7, 11): 1, (8, 10): 1, (8, 11): 13, (9, 11): 7, (10, 11): 25}",981.0924530029297,38.0,12.0,76.0
66.0,Graph with 12 nodes and 29 edges,"[[0, 1, 1, 0, 1, 0, 0, 0, 1, 0, 0, 0], [1, 0, 1, 0, 0, 1, 0, 1, 0, 1, 0, 1], [1, 1, 0, 1, 1, 1, 1, 1, 1, 1, 1, 0], [0, 0, 1, 0, 0, 0, 0, 1, 1, 0, 1, 0], [1, 0, 1, 0, 0, 0, 1, 0, 0, 0, 1, 0], [0, 1, 1, 0, 0, 0, 1, 0, 1, 0, 1, 0], [0, 0, 1, 0, 1, 1, 0, 0, 0, 0, 0, 1], [0, 1, 1, 1, 0, 0, 0, 0, 0, 0, 0, 0], [1, 0, 1, 1, 0, 1, 0, 0, 0, 1, 1, 1], [0, 1, 1, 0, 0, 0, 0, 0, 1, 0, 0, 0], [0, 0, 1, 1, 1, 1, 0, 0, 1, 0, 0, 0], [0, 1, 0, 0, 0, 0, 1, 0, 1, 0, 0, 0]]",9.0,4.0,Y,"{0: 13, 1: 17, 2: 21, 3: 25, 4: 29, 5: 33, 6: 37, 7: 41, 8: 45, 9: 9, 10: 49, 11: 53}",Y,"{0: 13, 1: 17, 2: 21, 3: 25, 4: 29, 5: 33, 6: 37, 7: 41, 8: 45, 9: 9, 10: 49, 11: 53}","{(0, 1): 1, (0, 2): 1, (0, 4): 6, (0, 8): 5, (1, 2): 1, (1, 5): 1, (1, 7): 12, (1, 9): 1, (1, 11): 1, (2, 3): 2, (2, 4): 1, (2, 5): 2, (2, 6): 1, (2, 7): 8, (2, 8): 1, (2, 9): 1, (2, 10): 3, (3, 7): 21, (3, 8): 1, (3, 10): 1, (4, 6): 1, (4, 10): 21, (5, 6): 5, (5, 8): 5, (5, 10): 20, (6, 11): 30, (8, 9): 7, (8, 10): 4, (8, 11): 22}",67.94929504394531,29.0,12.0,58.0
66.0,Graph with 12 nodes and 29 edges,"[[0, 1, 1, 0, 1, 0, 0, 0, 1, 0, 0, 0], [1, 0, 1, 0, 0, 1, 0, 1, 0, 1, 0, 1], [1, 1, 0, 1, 1, 1, 1, 1, 1, 1, 1, 0], [0, 0, 1, 0, 0, 0, 0, 1, 1, 0, 1, 0], [1, 0, 1, 0, 0, 0, 1, 0, 0, 0, 1, 0], [0, 1, 1, 0, 0, 0, 1, 0, 1, 0, 1, 0], [0, 0, 1, 0, 1, 1, 0, 0, 0, 0, 0, 1], [0, 1, 1, 1, 0, 0, 0, 0, 0, 0, 0, 0], [1, 0, 1, 1, 0, 1, 0, 0, 0, 1, 1, 1], [0, 1, 1, 0, 0, 0, 0, 0, 1, 0, 0, 0], [0, 0, 1, 1, 1, 1, 0, 0, 1, 0, 0, 0], [0, 1, 0, 0, 0, 0, 1, 0, 1, 0, 0, 0]]",23.0,9.0,Y,"{0: 122, 1: 86, 2: 68, 3: 50, 4: 113, 5: 77, 6: 104, 7: 32, 8: 95, 9: 23, 10: 59, 11: 41}",Y,"{0: 122, 1: 86, 2: 68, 3: 50, 4: 113, 5: 77, 6: 104, 7: 32, 8: 95, 9: 23, 10: 59, 11: 41}","{(0, 1): 57, (0, 2): 19, (0, 4): 34, (0, 8): 12, (1, 2): 7, (1, 5): 14, (1, 7): 1, (1, 9): 1, (1, 11): 6, (2, 3): 1, (2, 4): 5, (2, 5): 6, (2, 6): 1, (2, 7): 26, (2, 8): 1, (2, 9): 1, (2, 10): 1, (3, 7): 5, (3, 8): 43, (3, 10): 1, (4, 6): 48, (4, 10): 26, (5, 6): 21, (5, 8): 11, (5, 10): 25, (6, 11): 34, (8, 9): 21, (8, 10): 6, (8, 11): 1}",61.03515625,29.0,12.0,58.0
67.0,Graph with 12 nodes and 31 edges,"[[0, 0, 1, 1, 1, 1, 1, 1, 0, 1, 0, 1], [0, 0, 0, 0, 0, 1, 0, 0, 0, 1, 1, 0], [1, 0, 0, 0, 0, 0, 0, 1, 0, 1, 0, 0], [1, 0, 0, 0, 1, 1, 0, 1, 0, 0, 1, 1], [1, 0, 0, 1, 0, 0, 1, 0, 1, 1, 0, 1], [1, 1, 0, 1, 0, 0, 0, 0, 0, 0, 1, 0], [1, 0, 0, 0, 1, 0, 0, 0, 0, 1, 1, 1], [1, 0, 1, 1, 0, 0, 0, 0, 1, 0, 1, 0], [0, 0, 0, 0, 1, 0, 0, 1, 0, 0, 1, 0], [1, 1, 1, 0, 1, 0, 1, 0, 0, 0, 1, 0], [0, 1, 0, 1, 0, 1, 1, 1, 1, 1, 0, 1], [1, 0, 0, 1, 1, 0, 1, 0, 0, 0, 1, 0]]",28.0,7.0,Y,"{0: 84, 1: 56, 2: 91, 3: 63, 4: 98, 5: 70, 6: 28, 7: 105, 8: 49, 9: 42, 10: 35, 11: 77}",Y,"{0: 84, 1: 56, 2: 91, 3: 63, 4: 98, 5: 70, 6: 28, 7: 105, 8: 49, 9: 42, 10: 35, 11: 77}","{(0, 2): 38, (0, 3): 1, (0, 4): 1, (0, 5): 1, (0, 6): 1, (0, 7): 1, (0, 9): 1, (0, 11): 40, (1, 5): 54, (1, 9): 1, (1, 10): 1, (2, 7): 41, (2, 9): 12, (3, 4): 58, (3, 5): 1, (3, 7): 1, (3, 10): 1, (3, 11): 1, (4, 6): 1, (4, 8): 1, (4, 9): 26, (4, 11): 11, (5, 10): 14, (6, 9): 1, (6, 10): 1, (6, 11): 24, (7, 8): 47, (7, 10): 15, (8, 10): 1, (9, 10): 1, (10, 11): 1}",1055.002212524414,31.0,12.0,62.0
68.0,Graph with 12 nodes and 37 edges,"[[0, 1, 0, 1, 1, 0, 1, 0, 1, 1, 1, 1], [1, 0, 0, 1, 0, 0, 1, 1, 1, 1, 1, 1], [0, 0, 0, 0, 0, 1, 0, 0, 1, 0, 1, 0], [1, 1, 0, 0, 1, 1, 1, 0, 1, 0, 1, 1], [1, 0, 0, 1, 0, 0, 0, 0, 1, 1, 0, 1], [0, 0, 1, 1, 0, 0, 1, 0, 1, 1, 0, 1], [1, 1, 0, 1, 0, 1, 0, 1, 1, 1, 0, 0], [0, 1, 0, 0, 0, 0, 1, 0, 1, 0, 0, 1], [1, 1, 1, 1, 1, 1, 1, 1, 0, 0, 0, 0], [1, 1, 0, 0, 1, 1, 1, 0, 0, 0, 0, 1], [1, 1, 1, 1, 0, 0, 0, 0, 0, 0, 0, 0], [1, 1, 0, 1, 1, 1, 0, 1, 0, 1, 0, 0]]",14.0,8.0,Y,"{0: 22, 1: 30, 2: 38, 3: 46, 4: 54, 5: 62, 6: 70, 7: 78, 8: 94, 9: 86, 10: 14, 11: 102}",Y,"{0: 22, 1: 30, 2: 38, 3: 46, 4: 54, 5: 62, 6: 70, 7: 78, 8: 94, 9: 86, 10: 14, 11: 102}","{(0, 1): 15, (0, 3): 1, (0, 4): 1, (0, 6): 1, (0, 8): 1, (0, 9): 1, (0, 10): 1, (0, 11): 1, (1, 3): 9, (1, 6): 1, (1, 7): 1, (1, 8): 1, (1, 9): 1, (1, 10): 1, (1, 11): 1, (2, 5): 36, (2, 8): 1, (2, 10): 1, (3, 4): 21, (3, 5): 1, (3, 6): 1, (3, 8): 1, (3, 10): 11, (3, 11): 1, (4, 8): 30, (4, 9): 1, (4, 11): 1, (5, 6): 22, (5, 8): 1, (5, 9): 1, (5, 11): 1, (6, 7): 23, (6, 8): 21, (6, 9): 1, (7, 8): 38, (7, 11): 16, (9, 11): 81}",813.0073547363281,37.0,12.0,74.0
69.0,Graph with 12 nodes and 20 edges,"[[0, 1, 0, 1, 0, 1, 0, 0, 0, 1, 1, 0], [1, 0, 0, 0, 0, 1, 1, 0, 0, 0, 0, 0], [0, 0, 0, 0, 1, 0, 0, 0, 0, 0, 0, 0], [1, 0, 0, 0, 0, 0, 0, 0, 0, 1, 0, 1], [0, 0, 1, 0, 0, 0, 0, 0, 1, 1, 1, 1], [1, 1, 0, 0, 0, 0, 1, 1, 1, 0, 0, 0], [0, 1, 0, 0, 0, 1, 0, 0, 0, 0, 0, 0], [0, 0, 0, 0, 0, 1, 0, 0, 0, 1, 0, 0], [0, 0, 0, 0, 1, 1, 0, 0, 0, 1, 0, 0], [1, 0, 0, 1, 1, 0, 0, 1, 1, 0, 1, 0], [1, 0, 0, 0, 1, 0, 0, 0, 0, 1, 0, 0], [0, 0, 0, 1, 1, 0, 0, 0, 0, 0, 0, 0]]",4.0,3.0,Y,"{0: 34, 1: 13, 2: 31, 3: 22, 4: 37, 5: 28, 6: 7, 7: 4, 8: 16, 9: 25, 10: 19, 11: 10}",Y,"{0: 34, 1: 13, 2: 31, 3: 22, 4: 37, 5: 28, 6: 7, 7: 4, 8: 16, 9: 25, 10: 19, 11: 10}","{(0, 1): 9, (0, 3): 12, (0, 5): 11, (0, 9): 1, (0, 10): 1, (1, 5): 1, (1, 6): 3, (2, 4): 31, (3, 9): 1, (3, 11): 9, (4, 8): 1, (4, 9): 1, (4, 10): 3, (4, 11): 1, (5, 6): 4, (5, 7): 1, (5, 8): 11, (7, 9): 3, (8, 9): 4, (9, 10): 15}",50.067901611328125,20.0,12.0,40.0
69.0,Graph with 12 nodes and 20 edges,"[[0, 1, 0, 1, 0, 1, 0, 0, 0, 1, 1, 0], [1, 0, 0, 0, 0, 1, 1, 0, 0, 0, 0, 0], [0, 0, 0, 0, 1, 0, 0, 0, 0, 0, 0, 0], [1, 0, 0, 0, 0, 0, 0, 0, 0, 1, 0, 1], [0, 0, 1, 0, 0, 0, 0, 0, 1, 1, 1, 1], [1, 1, 0, 0, 0, 0, 1, 1, 1, 0, 0, 0], [0, 1, 0, 0, 0, 1, 0, 0, 0, 0, 0, 0], [0, 0, 0, 0, 0, 1, 0, 0, 0, 1, 0, 0], [0, 0, 0, 0, 1, 1, 0, 0, 0, 1, 0, 0], [1, 0, 0, 1, 1, 0, 0, 1, 1, 0, 1, 0], [1, 0, 0, 0, 1, 0, 0, 0, 0, 1, 0, 0], [0, 0, 0, 1, 1, 0, 0, 0, 0, 0, 0, 0]]",8.0,4.0,Y,"{0: 52, 1: 20, 2: 8, 3: 36, 4: 44, 5: 40, 6: 16, 7: 32, 8: 48, 9: 28, 10: 24, 11: 12}",Y,"{0: 52, 1: 20, 2: 8, 3: 36, 4: 44, 5: 40, 6: 16, 7: 32, 8: 48, 9: 28, 10: 24, 11: 12}","{(0, 1): 7, (0, 3): 21, (0, 5): 3, (0, 9): 1, (0, 10): 20, (1, 5): 1, (1, 6): 12, (2, 4): 8, (3, 9): 4, (3, 11): 11, (4, 8): 31, (4, 9): 3, (4, 10): 1, (4, 11): 1, (5, 6): 4, (5, 7): 31, (5, 8): 1, (7, 9): 1, (8, 9): 16, (9, 10): 3}",54.12101745605469,20.0,12.0,40.0
69.0,Graph with 12 nodes and 20 edges,"[[0, 1, 0, 1, 0, 1, 0, 0, 0, 1, 1, 0], [1, 0, 0, 0, 0, 1, 1, 0, 0, 0, 0, 0], [0, 0, 0, 0, 1, 0, 0, 0, 0, 0, 0, 0], [1, 0, 0, 0, 0, 0, 0, 0, 0, 1, 0, 1], [0, 0, 1, 0, 0, 0, 0, 0, 1, 1, 1, 1], [1, 1, 0, 0, 0, 0, 1, 1, 1, 0, 0, 0], [0, 1, 0, 0, 0, 1, 0, 0, 0, 0, 0, 0], [0, 0, 0, 0, 0, 1, 0, 0, 0, 1, 0, 0], [0, 0, 0, 0, 1, 1, 0, 0, 0, 1, 0, 0], [1, 0, 0, 1, 1, 0, 0, 1, 1, 0, 1, 0], [1, 0, 0, 0, 1, 0, 0, 0, 0, 1, 0, 0], [0, 0, 0, 1, 1, 0, 0, 0, 0, 0, 0, 0]]",19.0,3.0,Y,"{0: 49, 1: 28, 2: 22, 3: 43, 4: 46, 5: 52, 6: 34, 7: 40, 8: 19, 9: 37, 10: 25, 11: 31}",Y,"{0: 49, 1: 28, 2: 22, 3: 43, 4: 46, 5: 52, 6: 34, 7: 40, 8: 19, 9: 37, 10: 25, 11: 31}","{(0, 1): 3, (0, 3): 19, (0, 5): 1, (0, 9): 16, (0, 10): 10, (1, 5): 1, (1, 6): 24, (2, 4): 22, (3, 9): 1, (3, 11): 23, (4, 8): 1, (4, 9): 1, (4, 10): 14, (4, 11): 8, (5, 6): 10, (5, 7): 39, (5, 8): 1, (7, 9): 1, (8, 9): 17, (9, 10): 1}",712.8715515136719,20.0,12.0,40.0
69.0,Graph with 12 nodes and 20 edges,"[[0, 1, 0, 1, 0, 1, 0, 0, 0, 1, 1, 0], [1, 0, 0, 0, 0, 1, 1, 0, 0, 0, 0, 0], [0, 0, 0, 0, 1, 0, 0, 0, 0, 0, 0, 0], [1, 0, 0, 0, 0, 0, 0, 0, 0, 1, 0, 1], [0, 0, 1, 0, 0, 0, 0, 0, 1, 1, 1, 1], [1, 1, 0, 0, 0, 0, 1, 1, 1, 0, 0, 0], [0, 1, 0, 0, 0, 1, 0, 0, 0, 0, 0, 0], [0, 0, 0, 0, 0, 1, 0, 0, 0, 1, 0, 0], [0, 0, 0, 0, 1, 1, 0, 0, 0, 1, 0, 0], [1, 0, 0, 1, 1, 0, 0, 1, 1, 0, 1, 0], [1, 0, 0, 0, 1, 0, 0, 0, 0, 1, 0, 0], [0, 0, 0, 1, 1, 0, 0, 0, 0, 0, 0, 0]]",20.0,1.0,Y,"{0: 28, 1: 23, 2: 20, 3: 25, 4: 31, 5: 27, 6: 22, 7: 26, 8: 24, 9: 29, 10: 30, 11: 21}",Y,"{0: 28, 1: 23, 2: 20, 3: 25, 4: 31, 5: 27, 6: 22, 7: 26, 8: 24, 9: 29, 10: 30, 11: 21}","{(0, 1): 1, (0, 3): 1, (0, 5): 1, (0, 9): 1, (0, 10): 24, (1, 5): 1, (1, 6): 21, (2, 4): 20, (3, 9): 4, (3, 11): 20, (4, 8): 4, (4, 9): 1, (4, 10): 5, (4, 11): 1, (5, 6): 1, (5, 7): 12, (5, 8): 12, (7, 9): 14, (8, 9): 8, (9, 10): 1}",49.82948303222656,20.0,12.0,40.0
70.0,Graph with 12 nodes and 31 edges,"[[0, 1, 1, 0, 0, 1, 0, 0, 0, 1, 1, 1], [1, 0, 0, 0, 1, 0, 0, 1, 0, 0, 1, 0], [1, 0, 0, 0, 1, 0, 0, 1, 1, 1, 1, 0], [0, 0, 0, 0, 0, 0, 1, 0, 1, 1, 1, 1], [0, 1, 1, 0, 0, 0, 0, 1, 1, 0, 0, 0], [1, 0, 0, 0, 0, 0, 0, 0, 0, 0, 1, 1], [0, 0, 0, 1, 0, 0, 0, 0, 0, 1, 0, 1], [0, 1, 1, 0, 1, 0, 0, 0, 0, 1, 1, 1], [0, 0, 1, 1, 1, 0, 0, 0, 0, 0, 0, 1], [1, 0, 1, 1, 0, 0, 1, 1, 0, 0, 1, 0], [1, 1, 1, 1, 0, 1, 0, 1, 0, 1, 0, 1], [1, 0, 0, 1, 0, 1, 1, 1, 1, 0, 1, 0]]",6.0,6.0,Y,"{0: 18, 1: 42, 2: 30, 3: 60, 4: 6, 5: 54, 6: 48, 7: 24, 8: 36, 9: 12, 10: 72, 11: 66}",Y,"{0: 18, 1: 42, 2: 30, 3: 60, 4: 6, 5: 54, 6: 48, 7: 24, 8: 36, 9: 12, 10: 72, 11: 66}","{(0, 1): 1, (0, 2): 1, (0, 5): 13, (0, 9): 1, (0, 10): 1, (0, 11): 1, (1, 4): 1, (1, 7): 9, (1, 10): 31, (2, 4): 1, (2, 7): 5, (2, 8): 21, (2, 9): 1, (2, 10): 1, (3, 6): 46, (3, 8): 11, (3, 9): 1, (3, 10): 1, (3, 11): 1, (4, 7): 1, (4, 8): 3, (5, 10): 8, (5, 11): 33, (6, 9): 1, (6, 11): 1, (7, 9): 7, (7, 10): 1, (7, 11): 1, (8, 11): 1, (9, 10): 1, (10, 11): 28}",818.9678192138672,31.0,12.0,62.0
71.0,Graph with 12 nodes and 36 edges,"[[0, 1, 1, 0, 1, 1, 0, 1, 0, 0, 1, 1], [1, 0, 1, 0, 1, 1, 1, 0, 0, 1, 0, 0], [1, 1, 0, 1, 0, 0, 1, 0, 0, 0, 1, 1], [0, 0, 1, 0, 1, 0, 1, 1, 1, 0, 1, 1], [1, 1, 0, 1, 0, 0, 1, 1, 1, 0, 1, 1], [1, 1, 0, 0, 0, 0, 0, 1, 0, 0, 1, 0], [0, 1, 1, 1, 1, 0, 0, 0, 0, 1, 1, 0], [1, 0, 0, 1, 1, 1, 0, 0, 1, 1, 0, 1], [0, 0, 0, 1, 1, 0, 0, 1, 0, 0, 1, 0], [0, 1, 0, 0, 0, 0, 1, 1, 0, 0, 0, 0], [1, 0, 1, 1, 1, 1, 1, 0, 1, 0, 0, 1], [1, 0, 1, 1, 1, 0, 0, 1, 0, 0, 1, 0]]",10.0,1.0,Y,"{0: 12, 1: 18, 2: 15, 3: 14, 4: 20, 5: 10, 6: 16, 7: 17, 8: 21, 9: 13, 10: 19, 11: 11}",Y,"{0: 12, 1: 18, 2: 15, 3: 14, 4: 20, 5: 10, 6: 16, 7: 17, 8: 21, 9: 13, 10: 19, 11: 11}","{(0, 1): 1, (0, 2): 1, (0, 4): 1, (0, 5): 6, (0, 7): 1, (0, 10): 1, (0, 11): 1, (1, 2): 5, (1, 4): 1, (1, 5): 2, (1, 6): 1, (1, 9): 8, (2, 3): 2, (2, 6): 1, (2, 10): 1, (2, 11): 5, (3, 4): 3, (3, 6): 3, (3, 7): 1, (3, 8): 3, (3, 10): 1, (3, 11): 1, (4, 6): 4, (4, 7): 3, (4, 8): 5, (4, 10): 1, (4, 11): 2, (5, 7): 1, (5, 10): 1, (6, 9): 1, (6, 10): 6, (7, 8): 6, (7, 9): 4, (7, 11): 1, (8, 10): 7, (10, 11): 1}",54.12101745605469,36.0,12.0,72.0
73.0,Graph with 12 nodes and 38 edges,"[[0, 1, 1, 0, 0, 0, 0, 1, 0, 1, 1, 0], [1, 0, 1, 0, 0, 0, 1, 0, 1, 0, 1, 0], [1, 1, 0, 1, 1, 0, 0, 0, 1, 1, 1, 1], [0, 0, 1, 0, 1, 0, 0, 1, 1, 0, 1, 0], [0, 0, 1, 1, 0, 1, 1, 1, 1, 1, 0, 0], [0, 0, 0, 0, 1, 0, 1, 0, 1, 1, 0, 1], [0, 1, 0, 0, 1, 1, 0, 0, 0, 1, 1, 1], [1, 0, 0, 1, 1, 0, 0, 0, 1, 1, 1, 1], [0, 1, 1, 1, 1, 1, 0, 1, 0, 0, 1, 0], [1, 0, 1, 0, 1, 1, 1, 1, 0, 0, 0, 1], [1, 1, 1, 1, 0, 0, 1, 1, 1, 0, 0, 1], [0, 0, 1, 0, 0, 1, 1, 1, 0, 1, 1, 0]]",11.0,5.0,Y,"{0: 51, 1: 41, 2: 31, 3: 36, 4: 26, 5: 46, 6: 61, 7: 56, 8: 66, 9: 16, 10: 21, 11: 11}",Y,"{0: 51, 1: 41, 2: 31, 3: 36, 4: 26, 5: 46, 6: 61, 7: 56, 8: 66, 9: 16, 10: 21, 11: 11}","{(0, 1): 1, (0, 2): 24, (0, 7): 11, (0, 9): 1, (0, 10): 14, (1, 2): 1, (1, 6): 1, (1, 8): 37, (1, 10): 1, (2, 3): 1, (2, 4): 1, (2, 8): 1, (2, 9): 1, (2, 10): 1, (2, 11): 1, (3, 4): 11, (3, 7): 15, (3, 8): 8, (3, 10): 1, (4, 5): 1, (4, 6): 10, (4, 7): 1, (4, 8): 1, (4, 9): 1, (5, 6): 42, (5, 8): 1, (5, 9): 1, (5, 11): 1, (6, 9): 1, (6, 10): 1, (6, 11): 6, (7, 8): 17, (7, 9): 10, (7, 10): 1, (7, 11): 1, (8, 10): 1, (9, 11): 1, (10, 11): 1}",903.1295776367188,38.0,12.0,76.0
73.0,Graph with 12 nodes and 38 edges,"[[0, 1, 1, 0, 0, 0, 0, 1, 0, 1, 1, 0], [1, 0, 1, 0, 0, 0, 1, 0, 1, 0, 1, 0], [1, 1, 0, 1, 1, 0, 0, 0, 1, 1, 1, 1], [0, 0, 1, 0, 1, 0, 0, 1, 1, 0, 1, 0], [0, 0, 1, 1, 0, 1, 1, 1, 1, 1, 0, 0], [0, 0, 0, 0, 1, 0, 1, 0, 1, 1, 0, 1], [0, 1, 0, 0, 1, 1, 0, 0, 0, 1, 1, 1], [1, 0, 0, 1, 1, 0, 0, 0, 1, 1, 1, 1], [0, 1, 1, 1, 1, 1, 0, 1, 0, 0, 1, 0], [1, 0, 1, 0, 1, 1, 1, 1, 0, 0, 0, 1], [1, 1, 1, 1, 0, 0, 1, 1, 1, 0, 0, 1], [0, 0, 1, 0, 0, 1, 1, 1, 0, 1, 1, 0]]",18.0,1.0,Y,"{0: 20, 1: 22, 2: 19, 3: 23, 4: 28, 5: 26, 6: 24, 7: 29, 8: 18, 9: 21, 10: 27, 11: 25}",Y,"{0: 20, 1: 22, 2: 19, 3: 23, 4: 28, 5: 26, 6: 24, 7: 29, 8: 18, 9: 21, 10: 27, 11: 25}","{(0, 1): 15, (0, 2): 1, (0, 7): 2, (0, 9): 1, (0, 10): 1, (1, 2): 3, (1, 6): 2, (1, 8): 1, (1, 10): 1, (2, 3): 1, (2, 4): 1, (2, 8): 1, (2, 9): 9, (2, 10): 1, (2, 11): 2, (3, 4): 4, (3, 7): 1, (3, 8): 1, (3, 10): 16, (4, 5): 1, (4, 6): 3, (4, 7): 15, (4, 8): 1, (4, 9): 3, (5, 6): 8, (5, 8): 12, (5, 9): 1, (5, 11): 4, (6, 9): 4, (6, 10): 1, (6, 11): 6, (7, 8): 1, (7, 9): 2, (7, 10): 1, (7, 11): 7, (8, 10): 1, (9, 11): 1, (10, 11): 5}",51.975250244140625,38.0,12.0,76.0
74.0,Graph with 12 nodes and 36 edges,"[[0, 0, 1, 0, 1, 0, 1, 0, 1, 1, 1, 1], [0, 0, 1, 0, 1, 0, 1, 1, 1, 0, 1, 0], [1, 1, 0, 0, 0, 1, 0, 0, 0, 0, 1, 0], [0, 0, 0, 0, 1, 1, 0, 1, 1, 0, 0, 1], [1, 1, 0, 1, 0, 0, 1, 0, 1, 0, 0, 1], [0, 0, 1, 1, 0, 0, 1, 1, 0, 1, 1, 1], [1, 1, 0, 0, 1, 1, 0, 0, 0, 1, 1, 1], [0, 1, 0, 1, 0, 1, 0, 0, 1, 0, 0, 1], [1, 1, 0, 1, 1, 0, 0, 1, 0, 1, 1, 0], [1, 0, 0, 0, 0, 1, 1, 0, 1, 0, 0, 0], [1, 1, 1, 0, 0, 1, 1, 0, 1, 0, 0, 1], [1, 0, 0, 1, 1, 1, 1, 1, 0, 0, 1, 0]]",25.0,4.0,Y,"{0: 29, 1: 37, 2: 41, 3: 45, 4: 49, 5: 53, 6: 25, 7: 57, 8: 61, 9: 65, 10: 33, 11: 69}",Y,"{0: 29, 1: 37, 2: 41, 3: 45, 4: 49, 5: 53, 6: 25, 7: 57, 8: 61, 9: 65, 10: 33, 11: 69}","{(0, 2): 1, (0, 4): 3, (0, 6): 1, (0, 8): 1, (0, 9): 21, (0, 10): 1, (0, 11): 1, (1, 2): 14, (1, 4): 11, (1, 6): 5, (1, 7): 1, (1, 8): 1, (1, 10): 5, (2, 5): 23, (2, 10): 3, (3, 4): 1, (3, 5): 5, (3, 7): 36, (3, 8): 1, (3, 11): 2, (4, 6): 9, (4, 8): 4, (4, 11): 21, (5, 6): 1, (5, 7): 1, (5, 9): 3, (5, 10): 1, (5, 11): 19, (6, 9): 5, (6, 10): 1, (6, 11): 3, (7, 8): 13, (7, 11): 6, (8, 9): 36, (8, 10): 5, (10, 11): 17}",66.04194641113281,36.0,12.0,72.0
77.0,Graph with 12 nodes and 26 edges,"[[0, 1, 0, 1, 0, 0, 0, 0, 0, 0, 0, 0], [1, 0, 1, 0, 1, 0, 0, 0, 0, 1, 1, 1], [0, 1, 0, 1, 0, 1, 0, 0, 0, 1, 0, 0], [1, 0, 1, 0, 1, 0, 0, 0, 0, 1, 0, 1], [0, 1, 0, 1, 0, 0, 0, 0, 0, 1, 0, 1], [0, 0, 1, 0, 0, 0, 1, 0, 0, 0, 1, 1], [0, 0, 0, 0, 0, 1, 0, 0, 1, 1, 0, 1], [0, 0, 0, 0, 0, 0, 0, 0, 0, 0, 1, 0], [0, 0, 0, 0, 0, 0, 1, 0, 0, 1, 1, 1], [0, 1, 1, 1, 1, 0, 1, 0, 1, 0, 0, 1], [0, 1, 0, 0, 0, 1, 0, 1, 1, 0, 0, 0], [0, 1, 0, 1, 1, 1, 1, 0, 1, 1, 0, 0]]",2.0,1.0,Y,"{0: 2, 1: 7, 2: 5, 3: 6, 4: 8, 5: 9, 6: 10, 7: 3, 8: 4, 9: 11, 10: 12, 11: 13}",Y,"{0: 2, 1: 7, 2: 5, 3: 6, 4: 8, 5: 9, 6: 10, 7: 3, 8: 4, 9: 11, 10: 12, 11: 13}","{(0, 1): 1, (0, 3): 1, (1, 2): 1, (1, 4): 1, (1, 9): 1, (1, 10): 2, (1, 11): 1, (2, 3): 2, (2, 5): 1, (2, 9): 1, (3, 4): 1, (3, 9): 1, (3, 11): 1, (4, 9): 4, (4, 11): 2, (5, 6): 1, (5, 10): 6, (5, 11): 1, (6, 8): 1, (6, 9): 2, (6, 11): 6, (7, 10): 3, (8, 9): 1, (8, 10): 1, (8, 11): 1, (9, 11): 1}",46.01478576660156,26.0,12.0,52.0
77.0,Graph with 12 nodes and 26 edges,"[[0, 1, 0, 1, 0, 0, 0, 0, 0, 0, 0, 0], [1, 0, 1, 0, 1, 0, 0, 0, 0, 1, 1, 1], [0, 1, 0, 1, 0, 1, 0, 0, 0, 1, 0, 0], [1, 0, 1, 0, 1, 0, 0, 0, 0, 1, 0, 1], [0, 1, 0, 1, 0, 0, 0, 0, 0, 1, 0, 1], [0, 0, 1, 0, 0, 0, 1, 0, 0, 0, 1, 1], [0, 0, 0, 0, 0, 1, 0, 0, 1, 1, 0, 1], [0, 0, 0, 0, 0, 0, 0, 0, 0, 0, 1, 0], [0, 0, 0, 0, 0, 0, 1, 0, 0, 1, 1, 1], [0, 1, 1, 1, 1, 0, 1, 0, 1, 0, 0, 1], [0, 1, 0, 0, 0, 1, 0, 1, 1, 0, 0, 0], [0, 1, 0, 1, 1, 1, 1, 0, 1, 1, 0, 0]]",24.0,6.0,Y,"{0: 24, 1: 90, 2: 66, 3: 54, 4: 36, 5: 78, 6: 48, 7: 30, 8: 84, 9: 72, 10: 60, 11: 42}",Y,"{0: 24, 1: 90, 2: 66, 3: 54, 4: 36, 5: 78, 6: 48, 7: 30, 8: 84, 9: 72, 10: 60, 11: 42}","{(0, 1): 22, (0, 3): 2, (1, 2): 25, (1, 4): 20, (1, 9): 21, (1, 10): 1, (1, 11): 1, (2, 3): 13, (2, 5): 27, (2, 9): 1, (3, 4): 14, (3, 9): 13, (3, 11): 12, (4, 9): 1, (4, 11): 1, (5, 6): 25, (5, 10): 25, (5, 11): 1, (6, 8): 21, (6, 9): 1, (6, 11): 1, (7, 10): 30, (8, 9): 34, (8, 10): 4, (8, 11): 25, (9, 11): 1}",54.836273193359375,26.0,12.0,52.0
78.0,Graph with 12 nodes and 31 edges,"[[0, 1, 1, 0, 1, 1, 0, 1, 0, 0, 0, 0], [1, 0, 1, 1, 1, 0, 0, 1, 1, 0, 1, 1], [1, 1, 0, 1, 1, 0, 1, 0, 1, 1, 1, 1], [0, 1, 1, 0, 1, 1, 0, 1, 0, 1, 0, 1], [1, 1, 1, 1, 0, 1, 0, 0, 0, 0, 0, 1], [1, 0, 0, 1, 1, 0, 0, 1, 1, 0, 1, 0], [0, 0, 1, 0, 0, 0, 0, 0, 0, 0, 0, 0], [1, 1, 0, 1, 0, 1, 0, 0, 0, 0, 0, 0], [0, 1, 1, 0, 0, 1, 0, 0, 0, 0, 1, 1], [0, 0, 1, 1, 0, 0, 0, 0, 0, 0, 0, 0], [0, 1, 1, 0, 0, 1, 0, 0, 1, 0, 0, 0], [0, 1, 1, 1, 1, 0, 0, 0, 1, 0, 0, 0]]",3.0,5.0,Y,"{0: 8, 1: 58, 2: 13, 3: 53, 4: 48, 5: 43, 6: 3, 7: 38, 8: 33, 9: 28, 10: 23, 11: 18}",Y,"{0: 8, 1: 58, 2: 13, 3: 53, 4: 48, 5: 43, 6: 3, 7: 38, 8: 33, 9: 28, 10: 23, 11: 18}","{(0, 1): 1, (0, 2): 1, (0, 4): 1, (0, 5): 1, (0, 7): 4, (1, 2): 2, (1, 3): 1, (1, 4): 10, (1, 7): 1, (1, 8): 28, (1, 10): 14, (1, 11): 1, (2, 3): 1, (2, 4): 1, (2, 6): 3, (2, 8): 2, (2, 9): 1, (2, 10): 1, (2, 11): 1, (3, 4): 21, (3, 5): 1, (3, 7): 1, (3, 9): 27, (3, 11): 1, (4, 5): 1, (4, 11): 14, (5, 7): 32, (5, 8): 1, (5, 10): 7, (8, 10): 1, (8, 11): 1}",784.1587066650391,31.0,12.0,62.0
78.0,Graph with 12 nodes and 31 edges,"[[0, 1, 1, 0, 1, 1, 0, 1, 0, 0, 0, 0], [1, 0, 1, 1, 1, 0, 0, 1, 1, 0, 1, 1], [1, 1, 0, 1, 1, 0, 1, 0, 1, 1, 1, 1], [0, 1, 1, 0, 1, 1, 0, 1, 0, 1, 0, 1], [1, 1, 1, 1, 0, 1, 0, 0, 0, 0, 0, 1], [1, 0, 0, 1, 1, 0, 0, 1, 1, 0, 1, 0], [0, 0, 1, 0, 0, 0, 0, 0, 0, 0, 0, 0], [1, 1, 0, 1, 0, 1, 0, 0, 0, 0, 0, 0], [0, 1, 1, 0, 0, 1, 0, 0, 0, 0, 1, 1], [0, 0, 1, 1, 0, 0, 0, 0, 0, 0, 0, 0], [0, 1, 1, 0, 0, 1, 0, 0, 1, 0, 0, 0], [0, 1, 1, 1, 1, 0, 0, 0, 1, 0, 0, 0]]",21.0,4.0,Y,"{0: 65, 1: 61, 2: 57, 3: 53, 4: 49, 5: 45, 6: 41, 7: 37, 8: 33, 9: 29, 10: 25, 11: 21}",Y,"{0: 65, 1: 61, 2: 57, 3: 53, 4: 49, 5: 45, 6: 41, 7: 37, 8: 33, 9: 29, 10: 25, 11: 21}","{(0, 1): 1, (0, 2): 5, (0, 4): 28, (0, 5): 9, (0, 7): 22, (1, 2): 5, (1, 3): 1, (1, 4): 1, (1, 7): 1, (1, 8): 29, (1, 10): 22, (1, 11): 1, (2, 3): 1, (2, 4): 1, (2, 6): 41, (2, 8): 1, (2, 9): 1, (2, 10): 1, (2, 11): 1, (3, 4): 1, (3, 5): 20, (3, 7): 1, (3, 9): 28, (3, 11): 1, (4, 5): 1, (4, 11): 17, (5, 7): 13, (5, 8): 1, (5, 10): 1, (8, 10): 1, (8, 11): 1}",869.0357208251953,31.0,12.0,62.0
79.0,Graph with 12 nodes and 35 edges,"[[0, 0, 0, 0, 0, 0, 1, 1, 1, 1, 0, 0], [0, 0, 1, 1, 1, 0, 1, 1, 1, 1, 1, 1], [0, 1, 0, 1, 0, 0, 0, 0, 0, 0, 1, 1], [0, 1, 1, 0, 0, 0, 0, 1, 1, 0, 1, 1], [0, 1, 0, 0, 0, 1, 0, 1, 0, 1, 0, 1], [0, 0, 0, 0, 1, 0, 0, 1, 1, 1, 1, 0], [1, 1, 0, 0, 0, 0, 0, 0, 0, 0, 0, 0], [1, 1, 0, 1, 1, 1, 0, 0, 0, 1, 1, 0], [1, 1, 0, 1, 0, 1, 0, 0, 0, 0, 1, 1], [1, 1, 0, 0, 1, 1, 0, 1, 0, 0, 1, 1], [0, 1, 1, 1, 0, 1, 0, 1, 1, 1, 0, 1], [0, 1, 1, 1, 1, 0, 0, 0, 1, 1, 1, 0]]",19.0,4.0,Y,"{0: 23, 1: 27, 2: 31, 3: 35, 4: 39, 5: 43, 6: 19, 7: 47, 8: 51, 9: 55, 10: 59, 11: 63}",Y,"{0: 23, 1: 27, 2: 31, 3: 35, 4: 39, 5: 43, 6: 19, 7: 47, 8: 51, 9: 55, 10: 59, 11: 63}","{(0, 6): 18, (0, 7): 1, (0, 8): 1, (0, 9): 3, (1, 2): 1, (1, 3): 5, (1, 4): 1, (1, 6): 1, (1, 7): 9, (1, 8): 1, (1, 9): 7, (1, 10): 1, (1, 11): 1, (2, 3): 1, (2, 10): 20, (2, 11): 9, (3, 7): 19, (3, 8): 6, (3, 10): 1, (3, 11): 3, (4, 5): 21, (4, 7): 1, (4, 9): 11, (4, 11): 5, (5, 7): 3, (5, 8): 1, (5, 9): 17, (5, 10): 1, (7, 9): 5, (7, 10): 9, (8, 10): 9, (8, 11): 33, (9, 10): 9, (9, 11): 3, (10, 11): 9}",56.98204040527344,35.0,12.0,70.0
82.0,Graph with 12 nodes and 30 edges,"[[0, 1, 1, 1, 0, 1, 1, 0, 1, 1, 1, 1], [1, 0, 1, 1, 0, 1, 0, 0, 0, 1, 1, 0], [1, 1, 0, 1, 0, 1, 0, 0, 0, 0, 1, 0], [1, 1, 1, 0, 0, 0, 1, 1, 0, 0, 1, 0], [0, 0, 0, 0, 0, 1, 0, 0, 0, 1, 1, 0], [1, 1, 1, 0, 1, 0, 1, 1, 0, 0, 0, 0], [1, 0, 0, 1, 0, 1, 0, 0, 1, 0, 0, 1], [0, 0, 0, 1, 0, 1, 0, 0, 0, 0, 1, 0], [1, 0, 0, 0, 0, 0, 1, 0, 0, 0, 1, 0], [1, 1, 0, 0, 1, 0, 0, 0, 0, 0, 1, 0], [1, 1, 1, 1, 1, 0, 0, 1, 1, 1, 0, 0], [1, 0, 0, 0, 0, 0, 1, 0, 0, 0, 0, 0]]",11.0,2.0,Y,"{0: 33, 1: 17, 2: 11, 3: 25, 4: 21, 5: 27, 6: 19, 7: 31, 8: 13, 9: 15, 10: 29, 11: 23}",Y,"{0: 33, 1: 17, 2: 11, 3: 25, 4: 21, 5: 27, 6: 19, 7: 31, 8: 13, 9: 15, 10: 29, 11: 23}","{(0, 1): 1, (0, 2): 1, (0, 3): 1, (0, 5): 1, (0, 6): 1, (0, 8): 10, (0, 9): 1, (0, 10): 9, (0, 11): 8, (1, 2): 1, (1, 3): 1, (1, 5): 6, (1, 9): 1, (1, 10): 7, (2, 3): 1, (2, 5): 1, (2, 10): 7, (3, 6): 1, (3, 7): 20, (3, 10): 1, (4, 5): 8, (4, 9): 12, (4, 10): 1, (5, 6): 1, (5, 7): 10, (6, 8): 1, (6, 11): 15, (7, 10): 1, (8, 10): 2, (9, 10): 1}",1039.0281677246094,30.0,12.0,60.0
82.0,Graph with 12 nodes and 30 edges,"[[0, 1, 1, 1, 0, 1, 1, 0, 1, 1, 1, 1], [1, 0, 1, 1, 0, 1, 0, 0, 0, 1, 1, 0], [1, 1, 0, 1, 0, 1, 0, 0, 0, 0, 1, 0], [1, 1, 1, 0, 0, 0, 1, 1, 0, 0, 1, 0], [0, 0, 0, 0, 0, 1, 0, 0, 0, 1, 1, 0], [1, 1, 1, 0, 1, 0, 1, 1, 0, 0, 0, 0], [1, 0, 0, 1, 0, 1, 0, 0, 1, 0, 0, 1], [0, 0, 0, 1, 0, 1, 0, 0, 0, 0, 1, 0], [1, 0, 0, 0, 0, 0, 1, 0, 0, 0, 1, 0], [1, 1, 0, 0, 1, 0, 0, 0, 0, 0, 1, 0], [1, 1, 1, 1, 1, 0, 0, 1, 1, 1, 0, 0], [1, 0, 0, 0, 0, 0, 1, 0, 0, 0, 0, 0]]",15.0,5.0,Y,"{0: 20, 1: 25, 2: 30, 3: 35, 4: 40, 5: 45, 6: 50, 7: 55, 8: 60, 9: 65, 10: 70, 11: 15}",Y,"{0: 20, 1: 25, 2: 30, 3: 35, 4: 40, 5: 45, 6: 50, 7: 55, 8: 60, 9: 65, 10: 70, 11: 15}","{(0, 1): 1, (0, 2): 1, (0, 3): 1, (0, 5): 1, (0, 6): 12, (0, 8): 1, (0, 9): 1, (0, 10): 1, (0, 11): 1, (1, 2): 1, (1, 3): 1, (1, 5): 1, (1, 9): 20, (1, 10): 1, (2, 3): 1, (2, 5): 11, (2, 10): 16, (3, 6): 7, (3, 7): 24, (3, 10): 1, (4, 5): 1, (4, 9): 38, (4, 10): 1, (5, 6): 1, (5, 7): 30, (6, 8): 16, (6, 11): 14, (7, 10): 1, (8, 10): 43, (9, 10): 6}",1075.0293731689453,30.0,12.0,60.0
84.0,Graph with 12 nodes and 27 edges,"[[0, 0, 0, 0, 0, 0, 0, 1, 1, 0, 1, 1], [0, 0, 1, 1, 1, 1, 0, 0, 1, 1, 1, 1], [0, 1, 0, 0, 0, 0, 1, 1, 0, 0, 0, 1], [0, 1, 0, 0, 0, 0, 1, 0, 1, 0, 0, 0], [0, 1, 0, 0, 0, 1, 1, 0, 0, 0, 1, 0], [0, 1, 0, 0, 1, 0, 1, 0, 0, 0, 1, 1], [0, 0, 1, 1, 1, 1, 0, 1, 0, 0, 0, 0], [1, 0, 1, 0, 0, 0, 1, 0, 0, 0, 1, 0], [1, 1, 0, 1, 0, 0, 0, 0, 0, 1, 1, 0], [0, 1, 0, 0, 0, 0, 0, 0, 1, 0, 0, 0], [1, 1, 0, 0, 1, 1, 0, 1, 1, 0, 0, 0], [1, 1, 1, 0, 0, 1, 0, 0, 0, 0, 0, 0]]",8.0,3.0,Y,"{0: 11, 1: 14, 2: 17, 3: 20, 4: 23, 5: 26, 6: 29, 7: 32, 8: 35, 9: 38, 10: 41, 11: 8}",Y,"{0: 11, 1: 14, 2: 17, 3: 20, 4: 23, 5: 26, 6: 29, 7: 32, 8: 35, 9: 38, 10: 41, 11: 8}","{(0, 7): 1, (0, 8): 1, (0, 10): 8, (0, 11): 1, (1, 2): 1, (1, 3): 1, (1, 4): 1, (1, 5): 1, (1, 8): 1, (1, 9): 7, (1, 10): 1, (1, 11): 1, (2, 6): 1, (2, 7): 10, (2, 11): 5, (3, 6): 18, (3, 8): 1, (4, 5): 13, (4, 6): 8, (4, 10): 1, (5, 6): 1, (5, 10): 10, (5, 11): 1, (6, 7): 1, (7, 10): 20, (8, 9): 31, (8, 10): 1}",36.95487976074219,27.0,12.0,54.0
84.0,Graph with 12 nodes and 27 edges,"[[0, 0, 0, 0, 0, 0, 0, 1, 1, 0, 1, 1], [0, 0, 1, 1, 1, 1, 0, 0, 1, 1, 1, 1], [0, 1, 0, 0, 0, 0, 1, 1, 0, 0, 0, 1], [0, 1, 0, 0, 0, 0, 1, 0, 1, 0, 0, 0], [0, 1, 0, 0, 0, 1, 1, 0, 0, 0, 1, 0], [0, 1, 0, 0, 1, 0, 1, 0, 0, 0, 1, 1], [0, 0, 1, 1, 1, 1, 0, 1, 0, 0, 0, 0], [1, 0, 1, 0, 0, 0, 1, 0, 0, 0, 1, 0], [1, 1, 0, 1, 0, 0, 0, 0, 0, 1, 1, 0], [0, 1, 0, 0, 0, 0, 0, 0, 1, 0, 0, 0], [1, 1, 0, 0, 1, 1, 0, 1, 1, 0, 0, 0], [1, 1, 1, 0, 0, 1, 0, 0, 0, 0, 0, 0]]",15.0,2.0,Y,"{0: 17, 1: 19, 2: 21, 3: 23, 4: 25, 5: 27, 6: 29, 7: 31, 8: 33, 9: 35, 10: 37, 11: 15}",Y,"{0: 17, 1: 19, 2: 21, 3: 23, 4: 25, 5: 27, 6: 29, 7: 31, 8: 33, 9: 35, 10: 37, 11: 15}","{(0, 7): 5, (0, 8): 3, (0, 10): 8, (0, 11): 1, (1, 2): 1, (1, 3): 1, (1, 4): 1, (1, 5): 1, (1, 8): 1, (1, 9): 12, (1, 10): 1, (1, 11): 1, (2, 6): 3, (2, 7): 12, (2, 11): 5, (3, 6): 21, (3, 8): 1, (4, 5): 14, (4, 6): 3, (4, 10): 7, (5, 6): 1, (5, 10): 3, (5, 11): 8, (6, 7): 1, (7, 10): 13, (8, 9): 23, (8, 10): 5}",69.85664367675781,27.0,12.0,54.0
85.0,Graph with 12 nodes and 27 edges,"[[0, 0, 0, 0, 1, 1, 0, 1, 1, 0, 0, 1], [0, 0, 1, 0, 1, 0, 0, 1, 0, 0, 1, 0], [0, 1, 0, 0, 0, 0, 1, 0, 1, 1, 1, 1], [0, 0, 0, 0, 1, 1, 0, 0, 1, 0, 0, 0], [1, 1, 0, 1, 0, 0, 0, 1, 0, 1, 1, 0], [1, 0, 0, 1, 0, 0, 1, 0, 0, 0, 1, 1], [0, 0, 1, 0, 0, 1, 0, 0, 0, 0, 1, 0], [1, 1, 0, 0, 1, 0, 0, 0, 0, 0, 1, 1], [1, 0, 1, 1, 0, 0, 0, 0, 0, 0, 0, 0], [0, 0, 1, 0, 1, 0, 0, 0, 0, 0, 0, 0], [0, 1, 1, 0, 1, 1, 1, 1, 0, 0, 0, 1], [1, 0, 1, 0, 0, 1, 0, 1, 0, 0, 1, 0]]",6.0,1.0,Y,"{0: 7, 1: 8, 2: 9, 3: 10, 4: 11, 5: 12, 6: 13, 7: 14, 8: 15, 9: 6, 10: 16, 11: 17}",Y,"{0: 7, 1: 8, 2: 9, 3: 10, 4: 11, 5: 12, 6: 13, 7: 14, 8: 15, 9: 6, 10: 16, 11: 17}","{(0, 4): 1, (0, 5): 1, (0, 7): 1, (0, 8): 3, (0, 11): 1, (1, 2): 1, (1, 4): 2, (1, 7): 4, (1, 10): 1, (2, 6): 1, (2, 8): 4, (2, 9): 1, (2, 10): 1, (2, 11): 1, (3, 4): 1, (3, 5): 1, (3, 8): 8, (4, 7): 1, (4, 9): 5, (4, 10): 1, (5, 6): 2, (5, 10): 1, (5, 11): 7, (6, 10): 10, (7, 10): 1, (7, 11): 7, (10, 11): 1}",40.0543212890625,27.0,12.0,54.0
86.0,Graph with 12 nodes and 26 edges,"[[0, 1, 0, 0, 0, 1, 0, 0, 0, 0, 0, 0], [1, 0, 1, 0, 1, 0, 1, 0, 1, 0, 0, 1], [0, 1, 0, 0, 0, 1, 0, 0, 0, 1, 1, 0], [0, 0, 0, 0, 1, 0, 0, 0, 0, 0, 1, 1], [0, 1, 0, 1, 0, 1, 1, 1, 1, 0, 0, 1], [1, 0, 1, 0, 1, 0, 0, 1, 0, 0, 0, 0], [0, 1, 0, 0, 1, 0, 0, 1, 1, 1, 0, 0], [0, 0, 0, 0, 1, 1, 1, 0, 1, 0, 1, 1], [0, 1, 0, 0, 1, 0, 1, 1, 0, 0, 0, 0], [0, 0, 1, 0, 0, 0, 1, 0, 0, 0, 1, 0], [0, 0, 1, 1, 0, 0, 0, 1, 0, 1, 0, 0], [0, 1, 0, 1, 1, 0, 0, 1, 0, 0, 0, 0]]",11.0,2.0,Y,"{0: 15, 1: 25, 2: 31, 3: 29, 4: 33, 5: 19, 6: 21, 7: 13, 8: 23, 9: 17, 10: 27, 11: 11}",Y,"{0: 15, 1: 25, 2: 31, 3: 29, 4: 33, 5: 19, 6: 21, 7: 13, 8: 23, 9: 17, 10: 27, 11: 11}","{(0, 1): 1, (0, 5): 14, (1, 2): 3, (1, 4): 8, (1, 6): 1, (1, 8): 11, (1, 11): 1, (2, 5): 3, (2, 9): 1, (2, 10): 24, (3, 4): 20, (3, 10): 1, (3, 11): 8, (4, 5): 1, (4, 6): 1, (4, 7): 1, (4, 8): 1, (4, 11): 1, (5, 7): 1, (6, 7): 1, (6, 8): 3, (6, 9): 15, (7, 8): 8, (7, 10): 1, (7, 11): 1, (9, 10): 1}",30.040740966796875,26.0,12.0,52.0
86.0,Graph with 12 nodes and 26 edges,"[[0, 1, 0, 0, 0, 1, 0, 0, 0, 0, 0, 0], [1, 0, 1, 0, 1, 0, 1, 0, 1, 0, 0, 1], [0, 1, 0, 0, 0, 1, 0, 0, 0, 1, 1, 0], [0, 0, 0, 0, 1, 0, 0, 0, 0, 0, 1, 1], [0, 1, 0, 1, 0, 1, 1, 1, 1, 0, 0, 1], [1, 0, 1, 0, 1, 0, 0, 1, 0, 0, 0, 0], [0, 1, 0, 0, 1, 0, 0, 1, 1, 1, 0, 0], [0, 0, 0, 0, 1, 1, 1, 0, 1, 0, 1, 1], [0, 1, 0, 0, 1, 0, 1, 1, 0, 0, 0, 0], [0, 0, 1, 0, 0, 0, 1, 0, 0, 0, 1, 0], [0, 0, 1, 1, 0, 0, 0, 1, 0, 1, 0, 0], [0, 1, 0, 1, 1, 0, 0, 1, 0, 0, 0, 0]]",17.0,3.0,Y,"{0: 44, 1: 50, 2: 35, 3: 29, 4: 32, 5: 20, 6: 47, 7: 17, 8: 26, 9: 41, 10: 23, 11: 38}",Y,"{0: 44, 1: 50, 2: 35, 3: 29, 4: 32, 5: 20, 6: 47, 7: 17, 8: 26, 9: 41, 10: 23, 11: 38}","{(0, 1): 35, (0, 5): 9, (1, 2): 1, (1, 4): 5, (1, 6): 5, (1, 8): 1, (1, 11): 3, (2, 5): 1, (2, 9): 20, (2, 10): 13, (3, 4): 1, (3, 10): 3, (3, 11): 25, (4, 5): 9, (4, 6): 1, (4, 7): 1, (4, 8): 8, (4, 11): 7, (5, 7): 1, (6, 7): 10, (6, 8): 16, (6, 9): 15, (7, 8): 1, (7, 10): 1, (7, 11): 3, (9, 10): 6}",53.882598876953125,26.0,12.0,52.0
86.0,Graph with 12 nodes and 26 edges,"[[0, 1, 0, 0, 0, 1, 0, 0, 0, 0, 0, 0], [1, 0, 1, 0, 1, 0, 1, 0, 1, 0, 0, 1], [0, 1, 0, 0, 0, 1, 0, 0, 0, 1, 1, 0], [0, 0, 0, 0, 1, 0, 0, 0, 0, 0, 1, 1], [0, 1, 0, 1, 0, 1, 1, 1, 1, 0, 0, 1], [1, 0, 1, 0, 1, 0, 0, 1, 0, 0, 0, 0], [0, 1, 0, 0, 1, 0, 0, 1, 1, 1, 0, 0], [0, 0, 0, 0, 1, 1, 1, 0, 1, 0, 1, 1], [0, 1, 0, 0, 1, 0, 1, 1, 0, 0, 0, 0], [0, 0, 1, 0, 0, 0, 1, 0, 0, 0, 1, 0], [0, 0, 1, 1, 0, 0, 0, 1, 0, 1, 0, 0], [0, 1, 0, 1, 1, 0, 0, 1, 0, 0, 0, 0]]",27.0,6.0,Y,"{0: 39, 1: 51, 2: 75, 3: 33, 4: 87, 5: 63, 6: 57, 7: 93, 8: 27, 9: 45, 10: 81, 11: 69}",Y,"{0: 39, 1: 51, 2: 75, 3: 33, 4: 87, 5: 63, 6: 57, 7: 93, 8: 27, 9: 45, 10: 81, 11: 69}","{(0, 1): 1, (0, 5): 38, (1, 2): 30, (1, 4): 1, (1, 6): 17, (1, 8): 1, (1, 11): 1, (2, 5): 23, (2, 9): 21, (2, 10): 1, (3, 4): 1, (3, 10): 1, (3, 11): 31, (4, 5): 1, (4, 6): 37, (4, 7): 10, (4, 8): 1, (4, 11): 36, (5, 7): 1, (6, 7): 1, (6, 8): 1, (6, 9): 1, (7, 8): 24, (7, 10): 56, (7, 11): 1, (9, 10): 23}",993.0133819580078,26.0,12.0,52.0
88.0,Graph with 12 nodes and 28 edges,"[[0, 1, 0, 1, 1, 0, 0, 0, 1, 0, 1, 0], [1, 0, 0, 0, 1, 0, 0, 0, 1, 0, 1, 1], [0, 0, 0, 1, 1, 0, 1, 0, 0, 0, 0, 0], [1, 0, 1, 0, 1, 0, 0, 0, 1, 0, 1, 1], [1, 1, 1, 1, 0, 1, 0, 0, 1, 0, 0, 0], [0, 0, 0, 0, 1, 0, 1, 0, 1, 0, 1, 1], [0, 0, 1, 0, 0, 1, 0, 1, 0, 0, 0, 0], [0, 0, 0, 0, 0, 0, 1, 0, 1, 1, 1, 1], [1, 1, 0, 1, 1, 1, 0, 1, 0, 0, 0, 1], [0, 0, 0, 0, 0, 0, 0, 1, 0, 0, 0, 0], [1, 1, 0, 1, 0, 1, 0, 1, 0, 0, 0, 0], [0, 1, 0, 1, 0, 1, 0, 1, 1, 0, 0, 0]]",19.0,7.0,Y,"{0: 96, 1: 47, 2: 61, 3: 82, 4: 26, 5: 33, 6: 68, 7: 89, 8: 19, 9: 75, 10: 54, 11: 40}",Y,"{0: 96, 1: 47, 2: 61, 3: 82, 4: 26, 5: 33, 6: 68, 7: 89, 8: 19, 9: 75, 10: 54, 11: 40}","{(0, 1): 40, (0, 3): 25, (0, 4): 10, (0, 8): 4, (0, 10): 17, (1, 4): 1, (1, 8): 1, (1, 10): 1, (1, 11): 4, (2, 3): 1, (2, 4): 12, (2, 6): 48, (3, 4): 1, (3, 8): 9, (3, 10): 24, (3, 11): 22, (4, 5): 1, (4, 8): 1, (5, 6): 19, (5, 8): 1, (5, 10): 1, (5, 11): 11, (6, 7): 1, (7, 8): 1, (7, 9): 75, (7, 10): 11, (7, 11): 1, (8, 11): 2}",46.01478576660156,28.0,12.0,56.0
90.0,Graph with 12 nodes and 36 edges,"[[0, 1, 0, 1, 1, 0, 0, 1, 1, 0, 0, 0], [1, 0, 1, 1, 0, 1, 1, 1, 0, 0, 1, 1], [0, 1, 0, 0, 1, 1, 1, 1, 0, 0, 1, 0], [1, 1, 0, 0, 1, 1, 1, 0, 1, 1, 1, 1], [1, 0, 1, 1, 0, 0, 0, 1, 1, 1, 0, 1], [0, 1, 1, 1, 0, 0, 0, 1, 1, 0, 0, 0], [0, 1, 1, 1, 0, 0, 0, 0, 1, 0, 0, 1], [1, 1, 1, 0, 1, 1, 0, 0, 1, 0, 0, 0], [1, 0, 0, 1, 1, 1, 1, 1, 0, 0, 1, 0], [0, 0, 0, 1, 1, 0, 0, 0, 0, 0, 1, 0], [0, 1, 1, 1, 0, 0, 0, 0, 1, 1, 0, 1], [0, 1, 0, 1, 1, 0, 1, 0, 0, 0, 1, 0]]",4.0,1.0,Y,"{0: 6, 1: 14, 2: 11, 3: 15, 4: 13, 5: 5, 6: 8, 7: 9, 8: 12, 9: 4, 10: 10, 11: 7}",Y,"{0: 6, 1: 14, 2: 11, 3: 15, 4: 13, 5: 5, 6: 8, 7: 9, 8: 12, 9: 4, 10: 10, 11: 7}","{(0, 1): 2, (0, 3): 1, (0, 4): 1, (0, 7): 1, (0, 8): 1, (1, 2): 1, (1, 3): 3, (1, 5): 1, (1, 6): 1, (1, 7): 1, (1, 10): 2, (1, 11): 3, (2, 4): 2, (2, 5): 1, (2, 6): 1, (2, 7): 2, (2, 10): 4, (3, 4): 5, (3, 5): 1, (3, 6): 1, (3, 8): 1, (3, 9): 1, (3, 10): 1, (3, 11): 1, (4, 7): 1, (4, 8): 1, (4, 9): 2, (4, 11): 1, (5, 7): 1, (5, 8): 1, (6, 8): 4, (6, 11): 1, (7, 8): 3, (8, 10): 1, (9, 10): 1, (10, 11): 1}",30.994415283203125,36.0,12.0,72.0
91.0,Graph with 12 nodes and 35 edges,"[[0, 0, 0, 1, 0, 1, 1, 0, 0, 1, 0, 1], [0, 0, 0, 0, 0, 1, 1, 1, 0, 1, 1, 0], [0, 0, 0, 0, 1, 0, 1, 1, 1, 0, 0, 0], [1, 0, 0, 0, 1, 0, 1, 0, 0, 0, 1, 0], [0, 0, 1, 1, 0, 1, 1, 0, 1, 0, 1, 0], [1, 1, 0, 0, 1, 0, 1, 0, 1, 1, 1, 1], [1, 1, 1, 1, 1, 1, 0, 1, 1, 0, 0, 1], [0, 1, 1, 0, 0, 0, 1, 0, 1, 0, 1, 1], [0, 0, 1, 0, 1, 1, 1, 1, 0, 1, 0, 0], [1, 1, 0, 0, 0, 1, 0, 0, 1, 0, 1, 1], [0, 1, 0, 1, 1, 1, 0, 1, 0, 1, 0, 0], [1, 0, 0, 0, 0, 1, 1, 1, 0, 1, 0, 0]]",6.0,2.0,Y,"{0: 22, 1: 14, 2: 28, 3: 12, 4: 26, 5: 10, 6: 20, 7: 6, 8: 18, 9: 24, 10: 16, 11: 8}",Y,"{0: 22, 1: 14, 2: 28, 3: 12, 4: 26, 5: 10, 6: 20, 7: 6, 8: 18, 9: 24, 10: 16, 11: 8}","{(0, 3): 5, (0, 5): 1, (0, 6): 3, (0, 9): 9, (0, 11): 4, (1, 5): 1, (1, 6): 5, (1, 7): 1, (1, 9): 5, (1, 10): 2, (2, 4): 13, (2, 6): 2, (2, 7): 1, (2, 8): 12, (3, 4): 3, (3, 6): 3, (3, 10): 1, (4, 5): 1, (4, 6): 2, (4, 8): 1, (4, 10): 6, (5, 6): 1, (5, 8): 1, (5, 9): 3, (5, 10): 1, (5, 11): 1, (6, 7): 1, (6, 8): 2, (6, 11): 1, (7, 8): 1, (7, 10): 1, (7, 11): 1, (8, 9): 1, (9, 10): 5, (9, 11): 1}",66.04194641113281,35.0,12.0,70.0
94.0,Graph with 12 nodes and 33 edges,"[[0, 0, 1, 1, 0, 0, 0, 0, 0, 0, 0, 1], [0, 0, 1, 1, 1, 1, 1, 0, 0, 0, 0, 0], [1, 1, 0, 1, 1, 1, 1, 0, 1, 1, 1, 1], [1, 1, 1, 0, 1, 0, 1, 1, 1, 0, 0, 0], [0, 1, 1, 1, 0, 1, 0, 0, 0, 0, 0, 0], [0, 1, 1, 0, 1, 0, 1, 1, 0, 1, 1, 1], [0, 1, 1, 1, 0, 1, 0, 0, 1, 1, 0, 1], [0, 0, 0, 1, 0, 1, 0, 0, 0, 0, 1, 1], [0, 0, 1, 1, 0, 0, 1, 0, 0, 0, 0, 1], [0, 0, 1, 0, 0, 1, 1, 0, 0, 0, 0, 0], [0, 0, 1, 0, 0, 1, 0, 1, 0, 0, 0, 1], [1, 0, 1, 0, 0, 1, 1, 1, 1, 0, 1, 0]]",19.0,3.0,Y,"{0: 52, 1: 46, 2: 49, 3: 28, 4: 34, 5: 43, 6: 40, 7: 19, 8: 25, 9: 37, 10: 22, 11: 31}",Y,"{0: 52, 1: 46, 2: 49, 3: 28, 4: 34, 5: 43, 6: 40, 7: 19, 8: 25, 9: 37, 10: 22, 11: 31}","{(0, 2): 40, (0, 3): 11, (0, 11): 1, (1, 2): 1, (1, 3): 12, (1, 4): 31, (1, 5): 1, (1, 6): 1, (2, 3): 1, (2, 4): 1, (2, 5): 1, (2, 6): 1, (2, 8): 1, (2, 9): 1, (2, 10): 1, (2, 11): 1, (3, 4): 1, (3, 6): 1, (3, 7): 1, (3, 8): 1, (4, 5): 1, (5, 6): 1, (5, 7): 15, (5, 9): 2, (5, 10): 18, (5, 11): 4, (6, 8): 1, (6, 9): 34, (6, 11): 1, (7, 10): 2, (7, 11): 1, (8, 11): 22, (10, 11): 1}",963.9263153076172,33.0,12.0,66.0
94.0,Graph with 12 nodes and 33 edges,"[[0, 0, 1, 1, 0, 0, 0, 0, 0, 0, 0, 1], [0, 0, 1, 1, 1, 1, 1, 0, 0, 0, 0, 0], [1, 1, 0, 1, 1, 1, 1, 0, 1, 1, 1, 1], [1, 1, 1, 0, 1, 0, 1, 1, 1, 0, 0, 0], [0, 1, 1, 1, 0, 1, 0, 0, 0, 0, 0, 0], [0, 1, 1, 0, 1, 0, 1, 1, 0, 1, 1, 1], [0, 1, 1, 1, 0, 1, 0, 0, 1, 1, 0, 1], [0, 0, 0, 1, 0, 1, 0, 0, 0, 0, 1, 1], [0, 0, 1, 1, 0, 0, 1, 0, 0, 0, 0, 1], [0, 0, 1, 0, 0, 1, 1, 0, 0, 0, 0, 0], [0, 0, 1, 0, 0, 1, 0, 1, 0, 0, 0, 1], [1, 0, 1, 0, 0, 1, 1, 1, 1, 0, 1, 0]]",20.0,3.0,Y,"{0: 53, 1: 32, 2: 50, 3: 29, 4: 35, 5: 44, 6: 47, 7: 20, 8: 26, 9: 41, 10: 23, 11: 38}",Y,"{0: 53, 1: 32, 2: 50, 3: 29, 4: 35, 5: 44, 6: 47, 7: 20, 8: 26, 9: 41, 10: 23, 11: 38}","{(0, 2): 33, (0, 3): 19, (0, 11): 1, (1, 2): 1, (1, 3): 1, (1, 4): 28, (1, 5): 1, (1, 6): 1, (2, 3): 1, (2, 4): 1, (2, 5): 4, (2, 6): 1, (2, 8): 1, (2, 9): 6, (2, 10): 1, (2, 11): 1, (3, 4): 5, (3, 6): 1, (3, 7): 1, (3, 8): 1, (4, 5): 1, (5, 6): 1, (5, 7): 1, (5, 9): 34, (5, 10): 1, (5, 11): 1, (6, 8): 18, (6, 9): 1, (6, 11): 24, (7, 10): 17, (7, 11): 1, (8, 11): 6, (10, 11): 4}",871.8967437744141,33.0,12.0,66.0
94.0,Graph with 12 nodes and 33 edges,"[[0, 0, 1, 1, 0, 0, 0, 0, 0, 0, 0, 1], [0, 0, 1, 1, 1, 1, 1, 0, 0, 0, 0, 0], [1, 1, 0, 1, 1, 1, 1, 0, 1, 1, 1, 1], [1, 1, 1, 0, 1, 0, 1, 1, 1, 0, 0, 0], [0, 1, 1, 1, 0, 1, 0, 0, 0, 0, 0, 0], [0, 1, 1, 0, 1, 0, 1, 1, 0, 1, 1, 1], [0, 1, 1, 1, 0, 1, 0, 0, 1, 1, 0, 1], [0, 0, 0, 1, 0, 1, 0, 0, 0, 0, 1, 1], [0, 0, 1, 1, 0, 0, 1, 0, 0, 0, 0, 1], [0, 0, 1, 0, 0, 1, 1, 0, 0, 0, 0, 0], [0, 0, 1, 0, 0, 1, 0, 1, 0, 0, 0, 1], [1, 0, 1, 0, 0, 1, 1, 1, 1, 0, 1, 0]]",23.0,4.0,Y,"{0: 35, 1: 59, 2: 55, 3: 39, 4: 43, 5: 67, 6: 63, 7: 23, 8: 27, 9: 51, 10: 31, 11: 47}",Y,"{0: 35, 1: 59, 2: 55, 3: 39, 4: 43, 5: 67, 6: 63, 7: 23, 8: 27, 9: 51, 10: 31, 11: 47}","{(0, 2): 33, (0, 3): 1, (0, 11): 1, (1, 2): 1, (1, 3): 1, (1, 4): 8, (1, 5): 1, (1, 6): 48, (2, 3): 1, (2, 4): 1, (2, 5): 13, (2, 6): 1, (2, 8): 1, (2, 9): 2, (2, 10): 1, (2, 11): 1, (3, 4): 33, (3, 6): 1, (3, 7): 1, (3, 8): 1, (4, 5): 1, (5, 6): 1, (5, 7): 1, (5, 9): 48, (5, 10): 1, (5, 11): 1, (6, 8): 1, (6, 9): 1, (6, 11): 10, (7, 10): 20, (7, 11): 1, (8, 11): 24, (10, 11): 9}",1253.1280517578125,33.0,12.0,66.0
96.0,Graph with 12 nodes and 39 edges,"[[0, 1, 1, 0, 1, 1, 1, 0, 0, 0, 0, 1], [1, 0, 0, 1, 1, 0, 0, 1, 1, 1, 1, 1], [1, 0, 0, 0, 1, 1, 1, 1, 1, 1, 0, 0], [0, 1, 0, 0, 1, 1, 1, 0, 0, 1, 0, 1], [1, 1, 1, 1, 0, 1, 1, 1, 0, 1, 1, 0], [1, 0, 1, 1, 1, 0, 0, 0, 0, 1, 0, 0], [1, 0, 1, 1, 1, 0, 0, 1, 1, 0, 1, 1], [0, 1, 1, 0, 1, 0, 1, 0, 1, 1, 1, 0], [0, 1, 1, 0, 0, 0, 1, 1, 0, 0, 0, 1], [0, 1, 1, 1, 1, 1, 0, 1, 0, 0, 0, 1], [0, 1, 0, 0, 1, 0, 1, 1, 0, 0, 0, 0], [1, 1, 0, 1, 0, 0, 1, 0, 1, 1, 0, 0]]",15.0,8.0,Y,"{0: 103, 1: 39, 2: 63, 3: 15, 4: 95, 5: 55, 6: 87, 7: 31, 8: 79, 9: 47, 10: 23, 11: 71}",Y,"{0: 103, 1: 39, 2: 63, 3: 15, 4: 95, 5: 55, 6: 87, 7: 31, 8: 79, 9: 47, 10: 23, 11: 71}","{(0, 1): 29, (0, 2): 1, (0, 4): 1, (0, 5): 1, (0, 6): 5, (0, 11): 66, (1, 3): 1, (1, 4): 1, (1, 7): 1, (1, 8): 4, (1, 9): 1, (1, 10): 1, (1, 11): 1, (2, 4): 1, (2, 5): 1, (2, 6): 1, (2, 7): 1, (2, 8): 57, (2, 9): 1, (3, 4): 1, (3, 5): 10, (3, 6): 1, (3, 9): 1, (3, 11): 1, (4, 5): 2, (4, 6): 76, (4, 7): 1, (4, 9): 1, (4, 10): 11, (5, 9): 41, (6, 7): 1, (6, 8): 1, (6, 10): 1, (6, 11): 1, (7, 8): 16, (7, 9): 1, (7, 10): 10, (8, 11): 1, (9, 11): 1}",828.0277252197266,39.0,12.0,78.0
96.0,Graph with 12 nodes and 39 edges,"[[0, 1, 1, 0, 1, 1, 1, 0, 0, 0, 0, 1], [1, 0, 0, 1, 1, 0, 0, 1, 1, 1, 1, 1], [1, 0, 0, 0, 1, 1, 1, 1, 1, 1, 0, 0], [0, 1, 0, 0, 1, 1, 1, 0, 0, 1, 0, 1], [1, 1, 1, 1, 0, 1, 1, 1, 0, 1, 1, 0], [1, 0, 1, 1, 1, 0, 0, 0, 0, 1, 0, 0], [1, 0, 1, 1, 1, 0, 0, 1, 1, 0, 1, 1], [0, 1, 1, 0, 1, 0, 1, 0, 1, 1, 1, 0], [0, 1, 1, 0, 0, 0, 1, 1, 0, 0, 0, 1], [0, 1, 1, 1, 1, 1, 0, 1, 0, 0, 0, 1], [0, 1, 0, 0, 1, 0, 1, 1, 0, 0, 0, 0], [1, 1, 0, 1, 0, 0, 1, 0, 1, 1, 0, 0]]",16.0,2.0,Y,"{0: 18, 1: 20, 2: 22, 3: 24, 4: 26, 5: 28, 6: 30, 7: 32, 8: 34, 9: 36, 10: 38, 11: 16}",Y,"{0: 18, 1: 20, 2: 22, 3: 24, 4: 26, 5: 28, 6: 30, 7: 32, 8: 34, 9: 36, 10: 38, 11: 16}","{(0, 1): 1, (0, 2): 1, (0, 4): 1, (0, 5): 13, (0, 6): 1, (0, 11): 1, (1, 3): 1, (1, 4): 1, (1, 7): 1, (1, 8): 1, (1, 9): 1, (1, 10): 13, (1, 11): 1, (2, 4): 1, (2, 5): 1, (2, 6): 1, (2, 7): 1, (2, 8): 16, (2, 9): 1, (3, 4): 1, (3, 5): 1, (3, 6): 1, (3, 9): 19, (3, 11): 1, (4, 5): 1, (4, 6): 1, (4, 7): 1, (4, 9): 1, (4, 10): 18, (5, 9): 12, (6, 7): 20, (6, 8): 4, (6, 10): 1, (6, 11): 1, (7, 8): 2, (7, 9): 1, (7, 10): 6, (8, 11): 11, (9, 11): 1}",329.9713134765625,39.0,12.0,78.0
96.0,Graph with 12 nodes and 39 edges,"[[0, 1, 1, 0, 1, 1, 1, 0, 0, 0, 0, 1], [1, 0, 0, 1, 1, 0, 0, 1, 1, 1, 1, 1], [1, 0, 0, 0, 1, 1, 1, 1, 1, 1, 0, 0], [0, 1, 0, 0, 1, 1, 1, 0, 0, 1, 0, 1], [1, 1, 1, 1, 0, 1, 1, 1, 0, 1, 1, 0], [1, 0, 1, 1, 1, 0, 0, 0, 0, 1, 0, 0], [1, 0, 1, 1, 1, 0, 0, 1, 1, 0, 1, 1], [0, 1, 1, 0, 1, 0, 1, 0, 1, 1, 1, 0], [0, 1, 1, 0, 0, 0, 1, 1, 0, 0, 0, 1], [0, 1, 1, 1, 1, 1, 0, 1, 0, 0, 0, 1], [0, 1, 0, 0, 1, 0, 1, 1, 0, 0, 0, 0], [1, 1, 0, 1, 0, 0, 1, 0, 1, 1, 0, 0]]",19.0,7.0,Y,"{0: 33, 1: 47, 2: 26, 3: 54, 4: 89, 5: 75, 6: 61, 7: 96, 8: 19, 9: 40, 10: 82, 11: 68}",Y,"{0: 33, 1: 47, 2: 26, 3: 54, 4: 89, 5: 75, 6: 61, 7: 96, 8: 19, 9: 40, 10: 82, 11: 68}","{(0, 1): 1, (0, 2): 1, (0, 4): 1, (0, 5): 28, (0, 6): 1, (0, 11): 1, (1, 3): 1, (1, 4): 1, (1, 7): 35, (1, 8): 1, (1, 9): 1, (1, 10): 6, (1, 11): 1, (2, 4): 1, (2, 5): 20, (2, 6): 1, (2, 7): 1, (2, 8): 1, (2, 9): 1, (3, 4): 1, (3, 5): 25, (3, 6): 1, (3, 9): 1, (3, 11): 25, (4, 5): 1, (4, 6): 30, (4, 7): 1, (4, 9): 1, (4, 10): 52, (5, 9): 1, (6, 7): 1, (6, 8): 1, (6, 10): 1, (6, 11): 25, (7, 8): 1, (7, 9): 34, (7, 10): 23, (8, 11): 15, (9, 11): 1}",935.0776672363281,39.0,12.0,78.0
97.0,Graph with 12 nodes and 34 edges,"[[0, 0, 1, 1, 1, 0, 0, 1, 1, 0, 1, 0], [0, 0, 1, 1, 1, 0, 1, 1, 1, 1, 0, 0], [1, 1, 0, 1, 0, 1, 1, 1, 0, 1, 1, 0], [1, 1, 1, 0, 1, 0, 1, 0, 0, 0, 0, 0], [1, 1, 0, 1, 0, 0, 0, 0, 0, 1, 1, 1], [0, 0, 1, 0, 0, 0, 1, 0, 1, 0, 0, 0], [0, 1, 1, 1, 0, 1, 0, 1, 1, 1, 1, 1], [1, 1, 1, 0, 0, 0, 1, 0, 0, 0, 1, 0], [1, 1, 0, 0, 0, 1, 1, 0, 0, 0, 0, 1], [0, 1, 1, 0, 1, 0, 1, 0, 0, 0, 1, 0], [1, 0, 1, 0, 1, 0, 1, 1, 0, 1, 0, 0], [0, 0, 0, 0, 1, 0, 1, 0, 1, 0, 0, 0]]",8.0,4.0,Y,"{0: 52, 1: 36, 2: 12, 3: 20, 4: 48, 5: 8, 6: 16, 7: 24, 8: 32, 9: 28, 10: 44, 11: 40}",Y,"{0: 52, 1: 36, 2: 12, 3: 20, 4: 48, 5: 8, 6: 16, 7: 24, 8: 32, 9: 28, 10: 44, 11: 40}","{(0, 2): 1, (0, 3): 10, (0, 4): 14, (0, 7): 15, (0, 8): 1, (0, 10): 11, (1, 2): 4, (1, 3): 7, (1, 4): 6, (1, 6): 4, (1, 7): 5, (1, 8): 3, (1, 9): 7, (2, 3): 1, (2, 5): 2, (2, 6): 1, (2, 7): 1, (2, 9): 1, (2, 10): 1, (3, 4): 1, (3, 6): 1, (4, 9): 1, (4, 10): 9, (4, 11): 17, (5, 6): 1, (5, 8): 5, (6, 7): 2, (6, 8): 1, (6, 9): 1, (6, 10): 4, (6, 11): 1, (7, 10): 1, (8, 11): 22, (9, 10): 18}",66.04194641113281,34.0,12.0,68.0
97.0,Graph with 12 nodes and 34 edges,"[[0, 0, 1, 1, 1, 0, 0, 1, 1, 0, 1, 0], [0, 0, 1, 1, 1, 0, 1, 1, 1, 1, 0, 0], [1, 1, 0, 1, 0, 1, 1, 1, 0, 1, 1, 0], [1, 1, 1, 0, 1, 0, 1, 0, 0, 0, 0, 0], [1, 1, 0, 1, 0, 0, 0, 0, 0, 1, 1, 1], [0, 0, 1, 0, 0, 0, 1, 0, 1, 0, 0, 0], [0, 1, 1, 1, 0, 1, 0, 1, 1, 1, 1, 1], [1, 1, 1, 0, 0, 0, 1, 0, 0, 0, 1, 0], [1, 1, 0, 0, 0, 1, 1, 0, 0, 0, 0, 1], [0, 1, 1, 0, 1, 0, 1, 0, 0, 0, 1, 0], [1, 0, 1, 0, 1, 0, 1, 1, 0, 1, 0, 0], [0, 0, 0, 0, 1, 0, 1, 0, 1, 0, 0, 0]]",15.0,6.0,Y,"{0: 15, 1: 81, 2: 75, 3: 69, 4: 63, 5: 57, 6: 51, 7: 45, 8: 39, 9: 33, 10: 27, 11: 21}",Y,"{0: 15, 1: 81, 2: 75, 3: 69, 4: 63, 5: 57, 6: 51, 7: 45, 8: 39, 9: 33, 10: 27, 11: 21}","{(0, 2): 1, (0, 3): 1, (0, 4): 1, (0, 7): 9, (0, 8): 2, (0, 10): 1, (1, 2): 1, (1, 3): 23, (1, 4): 29, (1, 6): 13, (1, 7): 7, (1, 8): 3, (1, 9): 5, (2, 3): 17, (2, 5): 32, (2, 6): 1, (2, 7): 10, (2, 9): 7, (2, 10): 6, (3, 4): 27, (3, 6): 1, (4, 9): 2, (4, 10): 3, (4, 11): 1, (5, 6): 5, (5, 8): 20, (6, 7): 15, (6, 8): 1, (6, 9): 7, (6, 10): 1, (6, 11): 7, (7, 10): 4, (8, 11): 13, (9, 10): 12}",69.85664367675781,34.0,12.0,68.0
98.0,Graph with 12 nodes and 30 edges,"[[0, 0, 0, 0, 1, 1, 1, 0, 0, 0, 1, 1], [0, 0, 1, 1, 1, 1, 1, 1, 0, 0, 1, 0], [0, 1, 0, 0, 0, 0, 1, 1, 0, 1, 0, 0], [0, 1, 0, 0, 0, 0, 0, 1, 0, 0, 0, 1], [1, 1, 0, 0, 0, 1, 0, 1, 1, 1, 0, 0], [1, 1, 0, 0, 1, 0, 0, 1, 1, 0, 1, 1], [1, 1, 1, 0, 0, 0, 0, 0, 1, 0, 0, 1], [0, 1, 1, 1, 1, 1, 0, 0, 0, 0, 0, 1], [0, 0, 0, 0, 1, 1, 1, 0, 0, 1, 1, 0], [0, 0, 1, 0, 1, 0, 0, 0, 1, 0, 0, 0], [1, 1, 0, 0, 0, 1, 0, 0, 1, 0, 0, 0], [1, 0, 0, 1, 0, 1, 1, 1, 0, 0, 0, 0]]",4.0,9.0,Y,"{0: 22, 1: 31, 2: 13, 3: 40, 4: 49, 5: 58, 6: 67, 7: 76, 8: 85, 9: 94, 10: 4, 11: 103}",Y,"{0: 22, 1: 31, 2: 13, 3: 40, 4: 49, 5: 58, 6: 67, 7: 76, 8: 85, 9: 94, 10: 4, 11: 103}","{(0, 4): 1, (0, 5): 1, (0, 6): 8, (0, 10): 1, (0, 11): 11, (1, 2): 1, (1, 3): 1, (1, 4): 1, (1, 5): 1, (1, 6): 25, (1, 7): 1, (1, 10): 1, (2, 6): 1, (2, 7): 10, (2, 9): 1, (3, 7): 21, (3, 11): 18, (4, 5): 1, (4, 7): 2, (4, 8): 1, (4, 9): 43, (5, 7): 11, (5, 8): 1, (5, 10): 1, (5, 11): 42, (6, 8): 32, (6, 11): 1, (7, 11): 31, (8, 9): 50, (8, 10): 1}",36.95487976074219,30.0,12.0,60.0
98.0,Graph with 12 nodes and 30 edges,"[[0, 0, 0, 0, 1, 1, 1, 0, 0, 0, 1, 1], [0, 0, 1, 1, 1, 1, 1, 1, 0, 0, 1, 0], [0, 1, 0, 0, 0, 0, 1, 1, 0, 1, 0, 0], [0, 1, 0, 0, 0, 0, 0, 1, 0, 0, 0, 1], [1, 1, 0, 0, 0, 1, 0, 1, 1, 1, 0, 0], [1, 1, 0, 0, 1, 0, 0, 1, 1, 0, 1, 1], [1, 1, 1, 0, 0, 0, 0, 0, 1, 0, 0, 1], [0, 1, 1, 1, 1, 1, 0, 0, 0, 0, 0, 1], [0, 0, 0, 0, 1, 1, 1, 0, 0, 1, 1, 0], [0, 0, 1, 0, 1, 0, 0, 0, 1, 0, 0, 0], [1, 1, 0, 0, 0, 1, 0, 0, 1, 0, 0, 0], [1, 0, 0, 1, 0, 1, 1, 1, 0, 0, 0, 0]]",19.0,2.0,Y,"{0: 19, 1: 25, 2: 23, 3: 33, 4: 27, 5: 29, 6: 31, 7: 21, 8: 37, 9: 41, 10: 39, 11: 35}",Y,"{0: 19, 1: 25, 2: 23, 3: 33, 4: 27, 5: 29, 6: 31, 7: 21, 8: 37, 9: 41, 10: 39, 11: 35}","{(0, 4): 1, (0, 5): 1, (0, 6): 1, (0, 10): 8, (0, 11): 8, (1, 2): 1, (1, 3): 16, (1, 4): 1, (1, 5): 1, (1, 6): 4, (1, 7): 1, (1, 10): 1, (2, 6): 1, (2, 7): 1, (2, 9): 20, (3, 7): 16, (3, 11): 1, (4, 5): 1, (4, 7): 1, (4, 8): 15, (4, 9): 8, (5, 7): 1, (5, 8): 1, (5, 10): 23, (5, 11): 1, (6, 8): 1, (6, 11): 24, (7, 11): 1, (8, 9): 13, (8, 10): 7}",761.0321044921875,30.0,12.0,60.0
99.0,Graph with 12 nodes and 37 edges,"[[0, 1, 0, 0, 1, 0, 1, 1, 0, 1, 1, 1], [1, 0, 1, 1, 1, 1, 1, 1, 1, 0, 0, 1], [0, 1, 0, 1, 1, 1, 0, 1, 1, 1, 1, 0], [0, 1, 1, 0, 0, 0, 0, 1, 0, 0, 0, 0], [1, 1, 1, 0, 0, 1, 0, 0, 1, 1, 0, 0], [0, 1, 1, 0, 1, 0, 1, 0, 0, 0, 0, 0], [1, 1, 0, 0, 0, 1, 0, 1, 1, 1, 1, 1], [1, 1, 1, 1, 0, 0, 1, 0, 1, 0, 1, 1], [0, 1, 1, 0, 1, 0, 1, 1, 0, 1, 1, 0], [1, 0, 1, 0, 1, 0, 1, 0, 1, 0, 0, 0], [1, 0, 1, 0, 0, 0, 1, 1, 1, 0, 0, 0], [1, 1, 0, 0, 0, 0, 1, 1, 0, 0, 0, 0]]",9.0,1.0,Y,"{0: 20, 1: 16, 2: 19, 3: 9, 4: 15, 5: 12, 6: 13, 7: 14, 8: 17, 9: 18, 10: 11, 11: 10}",Y,"{0: 20, 1: 16, 2: 19, 3: 9, 4: 15, 5: 12, 6: 13, 7: 14, 8: 17, 9: 18, 10: 11, 11: 10}","{(0, 1): 1, (0, 4): 1, (0, 6): 6, (0, 7): 1, (0, 9): 1, (0, 10): 3, (0, 11): 7, (1, 2): 1, (1, 3): 1, (1, 4): 1, (1, 5): 8, (1, 6): 1, (1, 7): 1, (1, 8): 1, (1, 11): 1, (2, 3): 1, (2, 4): 1, (2, 5): 2, (2, 7): 1, (2, 8): 1, (2, 9): 11, (2, 10): 1, (3, 7): 7, (4, 5): 1, (4, 8): 7, (4, 9): 4, (5, 6): 1, (6, 7): 1, (6, 8): 1, (6, 9): 1, (6, 10): 1, (6, 11): 1, (7, 8): 1, (7, 10): 1, (7, 11): 1, (8, 9): 1, (8, 10): 5}",35.04753112792969,37.0,12.0,74.0
99.0,Graph with 12 nodes and 37 edges,"[[0, 1, 0, 0, 1, 0, 1, 1, 0, 1, 1, 1], [1, 0, 1, 1, 1, 1, 1, 1, 1, 0, 0, 1], [0, 1, 0, 1, 1, 1, 0, 1, 1, 1, 1, 0], [0, 1, 1, 0, 0, 0, 0, 1, 0, 0, 0, 0], [1, 1, 1, 0, 0, 1, 0, 0, 1, 1, 0, 0], [0, 1, 1, 0, 1, 0, 1, 0, 0, 0, 0, 0], [1, 1, 0, 0, 0, 1, 0, 1, 1, 1, 1, 1], [1, 1, 1, 1, 0, 0, 1, 0, 1, 0, 1, 1], [0, 1, 1, 0, 1, 0, 1, 1, 0, 1, 1, 0], [1, 0, 1, 0, 1, 0, 1, 0, 1, 0, 0, 0], [1, 0, 1, 0, 0, 0, 1, 1, 1, 0, 0, 0], [1, 1, 0, 0, 0, 0, 1, 1, 0, 0, 0, 0]]",22.0,2.0,Y,"{0: 22, 1: 44, 2: 42, 3: 40, 4: 38, 5: 36, 6: 34, 7: 32, 8: 30, 9: 28, 10: 26, 11: 24}",Y,"{0: 22, 1: 44, 2: 42, 3: 40, 4: 38, 5: 36, 6: 34, 7: 32, 8: 30, 9: 28, 10: 26, 11: 24}","{(0, 1): 1, (0, 4): 6, (0, 6): 1, (0, 7): 1, (0, 9): 1, (0, 10): 1, (0, 11): 11, (1, 2): 20, (1, 3): 1, (1, 4): 1, (1, 5): 7, (1, 6): 1, (1, 7): 1, (1, 8): 1, (1, 11): 11, (2, 3): 14, (2, 4): 3, (2, 5): 1, (2, 7): 1, (2, 8): 1, (2, 9): 1, (2, 10): 1, (3, 7): 25, (4, 5): 1, (4, 8): 3, (4, 9): 24, (5, 6): 27, (6, 7): 1, (6, 8): 1, (6, 9): 1, (6, 10): 1, (6, 11): 1, (7, 8): 1, (7, 10): 1, (7, 11): 1, (8, 9): 1, (8, 10): 22}",892.8775787353516,37.0,12.0,74.0
