graph_index,Graph,Adjacency_list,a,d,APG_label_availability,Vertex_labels,Edge_labels,Gurobi_runtime/microseconds,Gurobi_num_vars,Gurobi_num_constrs,Gurobi_nonzero_coefs
0.0,Graph with 16 nodes and 57 edges,"[[0, 1, 0, 0, 1, 0, 0, 0, 0, 0, 0, 0, 0, 0, 0, 0], [1, 0, 0, 1, 0, 1, 1, 1, 1, 0, 1, 0, 1, 1, 1, 0], [0, 0, 0, 1, 1, 0, 1, 0, 1, 0, 1, 1, 0, 0, 0, 0], [0, 1, 1, 0, 0, 0, 1, 1, 0, 1, 0, 1, 1, 0, 1, 1], [1, 0, 1, 0, 0, 1, 0, 0, 1, 0, 1, 0, 0, 0, 1, 0], [0, 1, 0, 0, 1, 0, 0, 1, 0, 0, 1, 0, 0, 1, 1, 1], [0, 1, 1, 1, 0, 0, 0, 1, 0, 0, 0, 0, 1, 1, 0, 1], [0, 1, 0, 1, 0, 1, 1, 0, 1, 1, 1, 0, 1, 0, 0, 1], [0, 1, 1, 0, 1, 0, 0, 1, 0, 0, 1, 1, 0, 0, 1, 0], [0, 0, 0, 1, 0, 0, 0, 1, 0, 0, 0, 0, 0, 0, 1, 1], [0, 1, 1, 0, 1, 1, 0, 1, 1, 0, 0, 0, 0, 0, 0, 1], [0, 0, 1, 1, 0, 0, 0, 0, 1, 0, 0, 0, 1, 1, 1, 1], [0, 1, 0, 1, 0, 0, 1, 1, 0, 0, 0, 1, 0, 0, 1, 1], [0, 1, 0, 0, 0, 1, 1, 0, 0, 0, 0, 1, 0, 0, 1, 1], [0, 1, 0, 1, 1, 1, 0, 0, 1, 1, 0, 1, 1, 1, 0, 1], [0, 0, 0, 1, 0, 1, 1, 1, 0, 1, 1, 1, 1, 1, 1, 0]]",10.0,8.0,Y,"{0: 18, 1: 26, 2: 34, 3: 42, 4: 50, 5: 58, 6: 66, 7: 74, 8: 82, 9: 90, 10: 98, 11: 106, 12: 114, 13: 122, 14: 130, 15: 10}","{(0, 1): 17, (0, 4): 1, (1, 3): 1, (1, 5): 1, (1, 6): 1, (1, 7): 1, (1, 8): 1, (1, 10): 1, (1, 12): 1, (1, 13): 1, (1, 14): 1, (2, 3): 29, (2, 4): 1, (2, 6): 1, (2, 8): 1, (2, 10): 1, (2, 11): 1, (3, 6): 1, (3, 7): 1, (3, 9): 1, (3, 11): 1, (3, 12): 6, (3, 14): 1, (3, 15): 1, (4, 5): 1, (4, 8): 1, (4, 10): 45, (4, 14): 1, (5, 7): 1, (5, 10): 29, (5, 13): 24, (5, 14): 1, (5, 15): 1, (6, 7): 1, (6, 12): 1, (6, 13): 60, (6, 15): 1, (7, 8): 60, (7, 9): 1, (7, 10): 4, (7, 12): 4, (7, 15): 1, (8, 10): 17, (8, 11): 1, (8, 14): 1, (9, 14): 87, (9, 15): 1, (10, 15): 1, (11, 12): 100, (11, 13): 1, (11, 14): 1, (11, 15): 1, (12, 14): 1, (12, 15): 1, (13, 14): 35, (13, 15): 1, (14, 15): 1}",2408.0276489257812,313.0,48.0,882.0
1.0,Graph with 16 nodes and 49 edges,"[[0, 1, 0, 1, 1, 0, 1, 0, 0, 0, 1, 1, 1, 0, 0, 0], [1, 0, 0, 0, 0, 1, 0, 0, 1, 1, 0, 0, 1, 0, 0, 0], [0, 0, 0, 1, 0, 0, 0, 1, 1, 1, 1, 0, 0, 1, 1, 0], [1, 0, 1, 0, 1, 0, 0, 0, 0, 1, 0, 0, 1, 1, 1, 0], [1, 0, 0, 1, 0, 0, 0, 0, 1, 0, 0, 0, 0, 1, 1, 0], [0, 1, 0, 0, 0, 0, 0, 0, 0, 1, 0, 0, 0, 1, 1, 0], [1, 0, 0, 0, 0, 0, 0, 0, 1, 1, 0, 1, 1, 0, 1, 0], [0, 0, 1, 0, 0, 0, 0, 0, 1, 0, 0, 1, 1, 1, 1, 1], [0, 1, 1, 0, 1, 0, 1, 1, 0, 1, 0, 0, 1, 0, 1, 0], [0, 1, 1, 1, 0, 1, 1, 0, 1, 0, 1, 0, 0, 0, 1, 1], [1, 0, 1, 0, 0, 0, 0, 0, 0, 1, 0, 0, 0, 0, 0, 0], [1, 0, 0, 0, 0, 0, 1, 1, 0, 0, 0, 0, 1, 0, 1, 0], [1, 1, 0, 1, 0, 0, 1, 1, 1, 0, 0, 1, 0, 0, 0, 0], [0, 0, 1, 1, 1, 1, 0, 1, 0, 0, 0, 0, 0, 0, 0, 0], [0, 0, 1, 1, 1, 1, 1, 1, 1, 1, 0, 1, 0, 0, 0, 1], [0, 0, 0, 0, 0, 0, 0, 1, 0, 1, 0, 0, 0, 0, 1, 0]]",8.0,3.0,Y,"{0: 11, 1: 14, 2: 17, 3: 20, 4: 23, 5: 26, 6: 29, 7: 32, 8: 35, 9: 38, 10: 41, 11: 44, 12: 47, 13: 50, 14: 53, 15: 8}","{(0, 1): 5, (0, 3): 1, (0, 4): 1, (0, 6): 1, (0, 10): 1, (0, 11): 1, (0, 12): 1, (1, 5): 6, (1, 8): 1, (1, 9): 1, (1, 12): 1, (2, 3): 2, (2, 7): 1, (2, 8): 1, (2, 9): 1, (2, 10): 10, (2, 13): 1, (2, 14): 1, (3, 4): 1, (3, 9): 1, (3, 12): 1, (3, 13): 13, (3, 14): 1, (4, 8): 1, (4, 13): 17, (4, 14): 3, (5, 9): 1, (5, 13): 18, (5, 14): 1, (6, 8): 1, (6, 9): 1, (6, 11): 8, (6, 12): 1, (6, 14): 17, (7, 8): 1, (7, 11): 13, (7, 12): 14, (7, 13): 1, (7, 14): 1, (7, 15): 1, (8, 9): 1, (8, 12): 28, (8, 14): 1, (9, 10): 30, (9, 14): 1, (9, 15): 1, (11, 12): 1, (11, 14): 21, (14, 15): 6}",2042.0551300048828,305.0,48.0,866.0
1.0,Graph with 16 nodes and 49 edges,"[[0, 1, 0, 1, 1, 0, 1, 0, 0, 0, 1, 1, 1, 0, 0, 0], [1, 0, 0, 0, 0, 1, 0, 0, 1, 1, 0, 0, 1, 0, 0, 0], [0, 0, 0, 1, 0, 0, 0, 1, 1, 1, 1, 0, 0, 1, 1, 0], [1, 0, 1, 0, 1, 0, 0, 0, 0, 1, 0, 0, 1, 1, 1, 0], [1, 0, 0, 1, 0, 0, 0, 0, 1, 0, 0, 0, 0, 1, 1, 0], [0, 1, 0, 0, 0, 0, 0, 0, 0, 1, 0, 0, 0, 1, 1, 0], [1, 0, 0, 0, 0, 0, 0, 0, 1, 1, 0, 1, 1, 0, 1, 0], [0, 0, 1, 0, 0, 0, 0, 0, 1, 0, 0, 1, 1, 1, 1, 1], [0, 1, 1, 0, 1, 0, 1, 1, 0, 1, 0, 0, 1, 0, 1, 0], [0, 1, 1, 1, 0, 1, 1, 0, 1, 0, 1, 0, 0, 0, 1, 1], [1, 0, 1, 0, 0, 0, 0, 0, 0, 1, 0, 0, 0, 0, 0, 0], [1, 0, 0, 0, 0, 0, 1, 1, 0, 0, 0, 0, 1, 0, 1, 0], [1, 1, 0, 1, 0, 0, 1, 1, 1, 0, 0, 1, 0, 0, 0, 0], [0, 0, 1, 1, 1, 1, 0, 1, 0, 0, 0, 0, 0, 0, 0, 0], [0, 0, 1, 1, 1, 1, 1, 1, 1, 1, 0, 1, 0, 0, 0, 1], [0, 0, 0, 0, 0, 0, 0, 1, 0, 1, 0, 0, 0, 0, 1, 0]]",10.0,9.0,Y,"{0: 19, 1: 28, 2: 37, 3: 46, 4: 55, 5: 64, 6: 73, 7: 82, 8: 91, 9: 100, 10: 109, 11: 118, 12: 127, 13: 136, 14: 145, 15: 10}","{(0, 1): 13, (0, 3): 1, (0, 4): 1, (0, 6): 1, (0, 10): 1, (0, 11): 1, (0, 12): 1, (1, 5): 12, (1, 8): 1, (1, 9): 1, (1, 12): 1, (2, 3): 16, (2, 7): 1, (2, 8): 1, (2, 9): 1, (2, 10): 16, (2, 13): 1, (2, 14): 1, (3, 4): 1, (3, 9): 1, (3, 12): 1, (3, 13): 1, (3, 14): 25, (4, 8): 1, (4, 13): 8, (4, 14): 44, (5, 9): 1, (5, 13): 50, (5, 14): 1, (6, 8): 1, (6, 9): 1, (6, 11): 42, (6, 12): 1, (6, 14): 27, (7, 8): 1, (7, 11): 1, (7, 12): 1, (7, 13): 76, (7, 14): 1, (7, 15): 1, (8, 9): 1, (8, 12): 49, (8, 14): 36, (9, 10): 92, (9, 14): 1, (9, 15): 1, (11, 12): 73, (11, 14): 1, (14, 15): 8}",1935.9588623046875,305.0,48.0,866.0
2.0,Graph with 16 nodes and 54 edges,"[[0, 0, 0, 1, 0, 1, 0, 0, 0, 1, 0, 0, 1, 0, 0, 0], [0, 0, 0, 0, 1, 0, 0, 0, 1, 0, 1, 1, 0, 0, 0, 1], [0, 0, 0, 0, 1, 1, 0, 1, 0, 1, 0, 1, 1, 1, 1, 0], [1, 0, 0, 0, 1, 1, 1, 0, 0, 0, 1, 1, 1, 1, 0, 0], [0, 1, 1, 1, 0, 1, 1, 0, 1, 1, 1, 1, 0, 0, 0, 0], [1, 0, 1, 1, 1, 0, 1, 1, 0, 0, 0, 0, 1, 0, 1, 0], [0, 0, 0, 1, 1, 1, 0, 1, 1, 0, 0, 0, 0, 0, 1, 0], [0, 0, 1, 0, 0, 1, 1, 0, 0, 0, 0, 1, 1, 0, 1, 0], [0, 1, 0, 0, 1, 0, 1, 0, 0, 0, 1, 0, 0, 1, 1, 0], [1, 0, 1, 0, 1, 0, 0, 0, 0, 0, 0, 1, 1, 0, 0, 1], [0, 1, 0, 1, 1, 0, 0, 0, 1, 0, 0, 1, 1, 0, 0, 1], [0, 1, 1, 1, 1, 0, 0, 1, 0, 1, 1, 0, 1, 0, 1, 0], [1, 0, 1, 1, 0, 1, 0, 1, 0, 1, 1, 1, 0, 1, 1, 1], [0, 0, 1, 1, 0, 0, 0, 0, 1, 0, 0, 0, 1, 0, 0, 0], [0, 0, 1, 0, 0, 1, 1, 1, 1, 0, 0, 1, 1, 0, 0, 0], [0, 1, 0, 0, 0, 0, 0, 0, 0, 1, 1, 0, 1, 0, 0, 0]]",4.0,5.0,Y,"{0: 4, 1: 9, 2: 79, 3: 74, 4: 69, 5: 64, 6: 59, 7: 54, 8: 49, 9: 44, 10: 39, 11: 34, 12: 14, 13: 29, 14: 24, 15: 19}","{(0, 3): 1, (0, 5): 1, (0, 9): 1, (0, 12): 1, (1, 4): 5, (1, 8): 1, (1, 10): 1, (1, 11): 1, (1, 15): 1, (2, 4): 1, (2, 5): 1, (2, 7): 1, (2, 9): 2, (2, 11): 26, (2, 12): 4, (2, 13): 26, (2, 14): 18, (3, 4): 1, (3, 5): 1, (3, 6): 35, (3, 10): 33, (3, 11): 1, (3, 12): 1, (3, 13): 1, (4, 5): 1, (4, 6): 2, (4, 8): 34, (4, 9): 23, (4, 10): 1, (4, 11): 1, (5, 6): 9, (5, 7): 49, (5, 12): 1, (5, 14): 1, (6, 7): 1, (6, 8): 11, (6, 14): 1, (7, 11): 1, (7, 12): 1, (7, 14): 1, (8, 10): 1, (8, 13): 1, (8, 14): 1, (9, 11): 1, (9, 12): 1, (9, 15): 16, (10, 11): 1, (10, 12): 1, (10, 15): 1, (11, 12): 1, (11, 14): 1, (12, 13): 1, (12, 14): 1, (12, 15): 1}",1689.1956329345703,310.0,48.0,876.0
2.0,Graph with 16 nodes and 54 edges,"[[0, 0, 0, 1, 0, 1, 0, 0, 0, 1, 0, 0, 1, 0, 0, 0], [0, 0, 0, 0, 1, 0, 0, 0, 1, 0, 1, 1, 0, 0, 0, 1], [0, 0, 0, 0, 1, 1, 0, 1, 0, 1, 0, 1, 1, 1, 1, 0], [1, 0, 0, 0, 1, 1, 1, 0, 0, 0, 1, 1, 1, 1, 0, 0], [0, 1, 1, 1, 0, 1, 1, 0, 1, 1, 1, 1, 0, 0, 0, 0], [1, 0, 1, 1, 1, 0, 1, 1, 0, 0, 0, 0, 1, 0, 1, 0], [0, 0, 0, 1, 1, 1, 0, 1, 1, 0, 0, 0, 0, 0, 1, 0], [0, 0, 1, 0, 0, 1, 1, 0, 0, 0, 0, 1, 1, 0, 1, 0], [0, 1, 0, 0, 1, 0, 1, 0, 0, 0, 1, 0, 0, 1, 1, 0], [1, 0, 1, 0, 1, 0, 0, 0, 0, 0, 0, 1, 1, 0, 0, 1], [0, 1, 0, 1, 1, 0, 0, 0, 1, 0, 0, 1, 1, 0, 0, 1], [0, 1, 1, 1, 1, 0, 0, 1, 0, 1, 1, 0, 1, 0, 1, 0], [1, 0, 1, 1, 0, 1, 0, 1, 0, 1, 1, 1, 0, 1, 1, 1], [0, 0, 1, 1, 0, 0, 0, 0, 1, 0, 0, 0, 1, 0, 0, 0], [0, 0, 1, 0, 0, 1, 1, 1, 1, 0, 0, 1, 1, 0, 0, 0], [0, 1, 0, 0, 0, 0, 0, 0, 0, 1, 1, 0, 1, 0, 0, 0]]",18.0,6.0,Y,"{0: 108, 1: 102, 2: 96, 3: 90, 4: 84, 5: 78, 6: 72, 7: 66, 8: 60, 9: 54, 10: 48, 11: 42, 12: 36, 13: 30, 14: 24, 15: 18}","{(0, 3): 35, (0, 5): 71, (0, 9): 1, (0, 12): 1, (1, 4): 43, (1, 8): 42, (1, 10): 1, (1, 11): 1, (1, 15): 15, (2, 4): 1, (2, 5): 1, (2, 7): 1, (2, 9): 49, (2, 11): 1, (2, 12): 26, (2, 13): 16, (2, 14): 1, (3, 4): 1, (3, 5): 1, (3, 6): 1, (3, 10): 42, (3, 11): 1, (3, 12): 1, (3, 13): 8, (4, 5): 1, (4, 6): 1, (4, 8): 1, (4, 9): 1, (4, 10): 1, (4, 11): 34, (5, 6): 1, (5, 7): 1, (5, 12): 1, (5, 14): 1, (6, 7): 60, (6, 8): 1, (6, 14): 8, (7, 11): 1, (7, 12): 1, (7, 14): 2, (8, 10): 1, (8, 13): 5, (8, 14): 10, (9, 11): 1, (9, 12): 1, (9, 15): 1, (10, 11): 1, (10, 12): 1, (10, 15): 1, (11, 12): 1, (11, 14): 1, (12, 13): 1, (12, 14): 1, (12, 15): 1}",1700.1628875732422,310.0,48.0,876.0
3.0,Graph with 16 nodes and 65 edges,"[[0, 0, 0, 1, 1, 1, 0, 1, 1, 1, 1, 1, 0, 1, 1, 1], [0, 0, 1, 0, 0, 1, 0, 0, 1, 1, 0, 1, 1, 0, 1, 0], [0, 1, 0, 0, 0, 0, 0, 1, 0, 1, 1, 1, 1, 0, 1, 1], [1, 0, 0, 0, 1, 0, 0, 1, 0, 1, 1, 1, 1, 0, 1, 1], [1, 0, 0, 1, 0, 0, 1, 1, 0, 0, 0, 1, 1, 0, 1, 0], [1, 1, 0, 0, 0, 0, 1, 0, 1, 0, 1, 0, 1, 1, 0, 0], [0, 0, 0, 0, 1, 1, 0, 0, 1, 0, 0, 1, 0, 1, 0, 1], [1, 0, 1, 1, 1, 0, 0, 0, 0, 0, 1, 1, 0, 1, 0, 1], [1, 1, 0, 0, 0, 1, 1, 0, 0, 1, 0, 1, 0, 1, 1, 1], [1, 1, 1, 1, 0, 0, 0, 0, 1, 0, 1, 1, 0, 0, 1, 1], [1, 0, 1, 1, 0, 1, 0, 1, 0, 1, 0, 0, 0, 0, 0, 0], [1, 1, 1, 1, 1, 0, 1, 1, 1, 1, 0, 0, 1, 0, 1, 0], [0, 1, 1, 1, 1, 1, 0, 0, 0, 0, 0, 1, 0, 0, 1, 0], [1, 0, 0, 0, 0, 1, 1, 1, 1, 0, 0, 0, 0, 0, 0, 1], [1, 1, 1, 1, 1, 0, 0, 0, 1, 1, 0, 1, 1, 0, 0, 1], [1, 0, 1, 1, 0, 0, 1, 1, 1, 1, 0, 0, 0, 1, 1, 0]]",15.0,4.0,Y,"{0: 19, 1: 23, 2: 27, 3: 31, 4: 35, 5: 39, 6: 43, 7: 47, 8: 51, 9: 55, 10: 59, 11: 63, 12: 67, 13: 71, 14: 75, 15: 15}","{(0, 3): 9, (0, 4): 1, (0, 5): 1, (0, 7): 1, (0, 8): 1, (0, 9): 1, (0, 10): 1, (0, 11): 1, (0, 13): 1, (0, 14): 1, (0, 15): 1, (1, 2): 17, (1, 5): 1, (1, 8): 1, (1, 9): 1, (1, 11): 1, (1, 12): 1, (1, 14): 1, (2, 7): 4, (2, 9): 1, (2, 10): 1, (2, 11): 1, (2, 12): 1, (2, 14): 1, (2, 15): 1, (3, 4): 15, (3, 7): 1, (3, 9): 1, (3, 10): 1, (3, 11): 1, (3, 12): 1, (3, 14): 1, (3, 15): 1, (4, 6): 1, (4, 7): 15, (4, 11): 1, (4, 12): 1, (4, 14): 1, (5, 6): 5, (5, 8): 1, (5, 10): 3, (5, 12): 15, (5, 13): 13, (6, 8): 1, (6, 11): 11, (6, 13): 24, (6, 15): 1, (7, 10): 13, (7, 11): 5, (7, 13): 1, (7, 15): 7, (8, 9): 1, (8, 11): 1, (8, 13): 31, (8, 14): 13, (8, 15): 1, (9, 10): 40, (9, 11): 8, (9, 14): 1, (9, 15): 1, (11, 12): 13, (11, 14): 20, (12, 14): 35, (13, 15): 1, (14, 15): 1}",2069.9501037597656,321.0,48.0,898.0
5.0,Graph with 16 nodes and 62 edges,"[[0, 0, 1, 0, 0, 0, 1, 1, 0, 0, 0, 0, 0, 1, 1, 0], [0, 0, 1, 0, 1, 1, 0, 1, 1, 0, 0, 1, 0, 1, 1, 1], [1, 1, 0, 1, 0, 0, 0, 1, 1, 0, 1, 1, 0, 0, 1, 0], [0, 0, 1, 0, 0, 1, 1, 0, 1, 1, 0, 1, 0, 1, 0, 0], [0, 1, 0, 0, 0, 1, 1, 0, 0, 0, 1, 1, 1, 0, 1, 1], [0, 1, 0, 1, 1, 0, 0, 1, 1, 1, 0, 0, 1, 0, 0, 1], [1, 0, 0, 1, 1, 0, 0, 0, 1, 1, 0, 1, 0, 1, 0, 0], [1, 1, 1, 0, 0, 1, 0, 0, 1, 1, 0, 1, 0, 1, 1, 0], [0, 1, 1, 1, 0, 1, 1, 1, 0, 0, 0, 0, 1, 1, 0, 0], [0, 0, 0, 1, 0, 1, 1, 1, 0, 0, 1, 1, 0, 0, 1, 1], [0, 0, 1, 0, 1, 0, 0, 0, 0, 1, 0, 0, 0, 0, 0, 1], [0, 1, 1, 1, 1, 0, 1, 1, 0, 1, 0, 0, 1, 1, 0, 1], [0, 0, 0, 0, 1, 1, 0, 0, 1, 0, 0, 1, 0, 1, 1, 1], [1, 1, 0, 1, 0, 0, 1, 1, 1, 0, 0, 1, 1, 0, 1, 1], [1, 1, 1, 0, 1, 0, 0, 1, 0, 1, 0, 0, 1, 1, 0, 0], [0, 1, 0, 0, 1, 1, 0, 0, 0, 1, 1, 1, 1, 1, 0, 0]]",19.0,1.0,Y,"{0: 34, 1: 33, 2: 32, 3: 31, 4: 30, 5: 29, 6: 28, 7: 27, 8: 26, 9: 25, 10: 24, 11: 23, 12: 22, 13: 21, 14: 20, 15: 19}","{(0, 2): 1, (0, 6): 1, (0, 7): 7, (0, 13): 12, (0, 14): 13, (1, 2): 1, (1, 4): 1, (1, 5): 1, (1, 7): 1, (1, 8): 1, (1, 11): 14, (1, 13): 1, (1, 14): 1, (1, 15): 12, (2, 3): 1, (2, 7): 1, (2, 8): 5, (2, 10): 21, (2, 11): 1, (2, 14): 1, (3, 5): 1, (3, 6): 1, (3, 8): 8, (3, 9): 18, (3, 11): 1, (3, 13): 1, (4, 5): 1, (4, 6): 16, (4, 10): 1, (4, 11): 1, (4, 12): 8, (4, 14): 1, (4, 15): 1, (5, 7): 13, (5, 8): 2, (5, 9): 1, (5, 12): 9, (5, 15): 1, (6, 8): 7, (6, 9): 1, (6, 11): 1, (6, 13): 1, (7, 8): 1, (7, 9): 1, (7, 11): 1, (7, 13): 1, (7, 14): 1, (8, 12): 1, (8, 13): 1, (9, 10): 1, (9, 11): 1, (9, 14): 1, (9, 15): 1, (10, 15): 1, (11, 12): 1, (11, 13): 1, (11, 15): 1, (12, 13): 1, (12, 14): 1, (12, 15): 1, (13, 14): 1, (13, 15): 1}",1474.142074584961,318.0,48.0,892.0
9.0,Graph with 16 nodes and 62 edges,"[[0, 0, 0, 0, 0, 1, 1, 0, 0, 0, 1, 1, 1, 1, 0, 1], [0, 0, 1, 1, 0, 0, 0, 1, 1, 0, 1, 0, 0, 1, 1, 0], [0, 1, 0, 0, 0, 1, 0, 0, 1, 0, 1, 0, 0, 0, 0, 0], [0, 1, 0, 0, 0, 1, 0, 1, 0, 0, 0, 0, 1, 1, 0, 0], [0, 0, 0, 0, 0, 1, 0, 1, 0, 0, 1, 1, 0, 1, 1, 0], [1, 0, 1, 1, 1, 0, 1, 0, 1, 0, 0, 1, 1, 0, 1, 1], [1, 0, 0, 0, 0, 1, 0, 1, 1, 1, 0, 1, 1, 1, 0, 0], [0, 1, 0, 1, 1, 0, 1, 0, 1, 1, 1, 1, 0, 0, 0, 1], [0, 1, 1, 0, 0, 1, 1, 1, 0, 1, 1, 0, 0, 1, 0, 0], [0, 0, 0, 0, 0, 0, 1, 1, 1, 0, 0, 1, 1, 1, 1, 1], [1, 1, 1, 0, 1, 0, 0, 1, 1, 0, 0, 1, 1, 1, 1, 0], [1, 0, 0, 0, 1, 1, 1, 1, 0, 1, 1, 0, 0, 1, 1, 0], [1, 0, 0, 1, 0, 1, 1, 0, 0, 1, 1, 0, 0, 1, 0, 0], [1, 1, 0, 1, 1, 0, 1, 0, 1, 1, 1, 1, 1, 0, 1, 1], [0, 1, 0, 0, 1, 1, 0, 0, 0, 1, 1, 1, 0, 1, 0, 1], [1, 0, 0, 0, 0, 1, 0, 1, 0, 1, 0, 0, 0, 1, 1, 0]]",21.0,8.0,Y,"{0: 29, 1: 37, 2: 45, 3: 53, 4: 61, 5: 69, 6: 77, 7: 85, 8: 93, 9: 101, 10: 109, 11: 117, 12: 125, 13: 133, 14: 141, 15: 21}","{(0, 5): 23, (0, 6): 1, (0, 10): 1, (0, 11): 1, (0, 12): 1, (0, 13): 1, (0, 15): 1, (1, 2): 31, (1, 3): 1, (1, 7): 1, (1, 8): 1, (1, 10): 1, (1, 13): 1, (1, 14): 1, (2, 5): 12, (2, 8): 1, (2, 10): 1, (3, 5): 27, (3, 7): 23, (3, 12): 1, (3, 13): 1, (4, 5): 1, (4, 7): 55, (4, 10): 1, (4, 11): 2, (4, 13): 1, (4, 14): 1, (5, 6): 1, (5, 8): 1, (5, 11): 1, (5, 12): 1, (5, 14): 1, (5, 15): 1, (6, 7): 1, (6, 8): 1, (6, 9): 24, (6, 11): 7, (6, 12): 41, (6, 13): 1, (7, 8): 1, (7, 9): 1, (7, 10): 1, (7, 11): 1, (7, 15): 1, (8, 9): 24, (8, 10): 47, (8, 13): 17, (9, 11): 48, (9, 12): 1, (9, 13): 1, (9, 14): 1, (9, 15): 1, (10, 11): 1, (10, 12): 33, (10, 13): 1, (10, 14): 22, (11, 13): 9, (11, 14): 47, (12, 13): 47, (13, 14): 52, (13, 15): 1, (14, 15): 16}",2243.9956665039062,318.0,48.0,892.0
9.0,Graph with 16 nodes and 62 edges,"[[0, 0, 0, 0, 0, 1, 1, 0, 0, 0, 1, 1, 1, 1, 0, 1], [0, 0, 1, 1, 0, 0, 0, 1, 1, 0, 1, 0, 0, 1, 1, 0], [0, 1, 0, 0, 0, 1, 0, 0, 1, 0, 1, 0, 0, 0, 0, 0], [0, 1, 0, 0, 0, 1, 0, 1, 0, 0, 0, 0, 1, 1, 0, 0], [0, 0, 0, 0, 0, 1, 0, 1, 0, 0, 1, 1, 0, 1, 1, 0], [1, 0, 1, 1, 1, 0, 1, 0, 1, 0, 0, 1, 1, 0, 1, 1], [1, 0, 0, 0, 0, 1, 0, 1, 1, 1, 0, 1, 1, 1, 0, 0], [0, 1, 0, 1, 1, 0, 1, 0, 1, 1, 1, 1, 0, 0, 0, 1], [0, 1, 1, 0, 0, 1, 1, 1, 0, 1, 1, 0, 0, 1, 0, 0], [0, 0, 0, 0, 0, 0, 1, 1, 1, 0, 0, 1, 1, 1, 1, 1], [1, 1, 1, 0, 1, 0, 0, 1, 1, 0, 0, 1, 1, 1, 1, 0], [1, 0, 0, 0, 1, 1, 1, 1, 0, 1, 1, 0, 0, 1, 1, 0], [1, 0, 0, 1, 0, 1, 1, 0, 0, 1, 1, 0, 0, 1, 0, 0], [1, 1, 0, 1, 1, 0, 1, 0, 1, 1, 1, 1, 1, 0, 1, 1], [0, 1, 0, 0, 1, 1, 0, 0, 0, 1, 1, 1, 0, 1, 0, 1], [1, 0, 0, 0, 0, 1, 0, 1, 0, 1, 0, 0, 0, 1, 1, 0]]",23.0,7.0,Y,"{0: 30, 1: 37, 2: 44, 3: 51, 4: 58, 5: 65, 6: 72, 7: 79, 8: 86, 9: 93, 10: 100, 11: 107, 12: 114, 13: 121, 14: 128, 15: 23}","{(0, 5): 24, (0, 6): 1, (0, 10): 1, (0, 11): 1, (0, 12): 1, (0, 13): 1, (0, 15): 1, (1, 2): 31, (1, 3): 1, (1, 7): 1, (1, 8): 1, (1, 10): 1, (1, 13): 1, (1, 14): 1, (2, 5): 11, (2, 8): 1, (2, 10): 1, (3, 5): 23, (3, 7): 25, (3, 12): 1, (3, 13): 1, (4, 5): 1, (4, 7): 47, (4, 10): 1, (4, 11): 1, (4, 13): 1, (4, 14): 7, (5, 6): 1, (5, 8): 1, (5, 11): 1, (5, 12): 1, (5, 14): 1, (5, 15): 1, (6, 7): 1, (6, 8): 1, (6, 9): 1, (6, 11): 1, (6, 12): 65, (6, 13): 1, (7, 8): 1, (7, 9): 1, (7, 10): 1, (7, 11): 1, (7, 15): 1, (8, 9): 1, (8, 10): 31, (8, 13): 49, (9, 11): 23, (9, 12): 44, (9, 13): 1, (9, 14): 21, (9, 15): 1, (10, 11): 1, (10, 12): 1, (10, 13): 61, (10, 14): 1, (11, 13): 1, (11, 14): 77, (12, 13): 1, (13, 14): 2, (13, 15): 1, (14, 15): 18}",2603.0540466308594,318.0,48.0,892.0
13.0,Graph with 16 nodes and 57 edges,"[[0, 1, 1, 1, 0, 1, 1, 0, 1, 0, 0, 0, 0, 0, 0, 1], [1, 0, 1, 0, 1, 0, 0, 1, 1, 1, 1, 1, 0, 1, 1, 0], [1, 1, 0, 0, 0, 0, 1, 1, 1, 0, 0, 1, 1, 1, 0, 0], [1, 0, 0, 0, 1, 1, 1, 1, 1, 0, 0, 1, 0, 1, 0, 0], [0, 1, 0, 1, 0, 0, 1, 1, 0, 1, 0, 1, 1, 0, 0, 0], [1, 0, 0, 1, 0, 0, 0, 0, 0, 1, 0, 0, 1, 1, 0, 1], [1, 0, 1, 1, 1, 0, 0, 1, 1, 0, 1, 0, 1, 0, 1, 0], [0, 1, 1, 1, 1, 0, 1, 0, 0, 0, 0, 1, 0, 0, 1, 1], [1, 1, 1, 1, 0, 0, 1, 0, 0, 0, 0, 0, 1, 1, 1, 0], [0, 1, 0, 0, 1, 1, 0, 0, 0, 0, 0, 1, 1, 0, 1, 1], [0, 1, 0, 0, 0, 0, 1, 0, 0, 0, 0, 1, 0, 0, 0, 1], [0, 1, 1, 1, 1, 0, 0, 1, 0, 1, 1, 0, 0, 0, 0, 0], [0, 0, 1, 0, 1, 1, 1, 0, 1, 1, 0, 0, 0, 0, 0, 1], [0, 1, 1, 1, 0, 1, 0, 0, 1, 0, 0, 0, 0, 0, 0, 0], [0, 1, 0, 0, 0, 0, 1, 1, 1, 1, 0, 0, 0, 0, 0, 1], [1, 0, 0, 0, 0, 1, 0, 1, 0, 1, 1, 0, 1, 0, 1, 0]]",7.0,8.0,Y,"{0: 15, 1: 23, 2: 31, 3: 39, 4: 47, 5: 55, 6: 63, 7: 71, 8: 79, 9: 87, 10: 95, 11: 103, 12: 111, 13: 119, 14: 127, 15: 7}","{(0, 1): 9, (0, 2): 1, (0, 3): 1, (0, 5): 1, (0, 6): 1, (0, 8): 1, (0, 15): 1, (1, 2): 6, (1, 4): 1, (1, 7): 1, (1, 8): 1, (1, 9): 1, (1, 10): 1, (1, 11): 1, (1, 13): 1, (1, 14): 1, (2, 6): 19, (2, 7): 1, (2, 8): 1, (2, 11): 1, (2, 12): 1, (2, 13): 1, (3, 4): 1, (3, 5): 1, (3, 6): 1, (3, 7): 1, (3, 8): 1, (3, 11): 1, (3, 13): 32, (4, 6): 1, (4, 7): 14, (4, 9): 1, (4, 11): 1, (4, 12): 28, (5, 9): 1, (5, 12): 1, (5, 13): 50, (5, 15): 1, (6, 7): 1, (6, 8): 1, (6, 10): 1, (6, 12): 1, (6, 14): 37, (7, 11): 6, (7, 14): 46, (7, 15): 1, (8, 12): 1, (8, 13): 35, (8, 14): 38, (9, 11): 1, (9, 12): 78, (9, 14): 4, (9, 15): 1, (10, 11): 92, (10, 15): 1, (12, 15): 1, (14, 15): 1}",2178.9073944091797,313.0,48.0,882.0
13.0,Graph with 16 nodes and 57 edges,"[[0, 1, 1, 1, 0, 1, 1, 0, 1, 0, 0, 0, 0, 0, 0, 1], [1, 0, 1, 0, 1, 0, 0, 1, 1, 1, 1, 1, 0, 1, 1, 0], [1, 1, 0, 0, 0, 0, 1, 1, 1, 0, 0, 1, 1, 1, 0, 0], [1, 0, 0, 0, 1, 1, 1, 1, 1, 0, 0, 1, 0, 1, 0, 0], [0, 1, 0, 1, 0, 0, 1, 1, 0, 1, 0, 1, 1, 0, 0, 0], [1, 0, 0, 1, 0, 0, 0, 0, 0, 1, 0, 0, 1, 1, 0, 1], [1, 0, 1, 1, 1, 0, 0, 1, 1, 0, 1, 0, 1, 0, 1, 0], [0, 1, 1, 1, 1, 0, 1, 0, 0, 0, 0, 1, 0, 0, 1, 1], [1, 1, 1, 1, 0, 0, 1, 0, 0, 0, 0, 0, 1, 1, 1, 0], [0, 1, 0, 0, 1, 1, 0, 0, 0, 0, 0, 1, 1, 0, 1, 1], [0, 1, 0, 0, 0, 0, 1, 0, 0, 0, 0, 1, 0, 0, 0, 1], [0, 1, 1, 1, 1, 0, 0, 1, 0, 1, 1, 0, 0, 0, 0, 0], [0, 0, 1, 0, 1, 1, 1, 0, 1, 1, 0, 0, 0, 0, 0, 1], [0, 1, 1, 1, 0, 1, 0, 0, 1, 0, 0, 0, 0, 0, 0, 0], [0, 1, 0, 0, 0, 0, 1, 1, 1, 1, 0, 0, 0, 0, 0, 1], [1, 0, 0, 0, 0, 1, 0, 1, 0, 1, 1, 0, 1, 0, 1, 0]]",11.0,2.0,Y,"{0: 33, 1: 41, 2: 15, 3: 21, 4: 23, 5: 19, 6: 35, 7: 29, 8: 17, 9: 27, 10: 11, 11: 25, 12: 39, 13: 13, 14: 37, 15: 31}","{(0, 1): 27, (0, 2): 1, (0, 3): 1, (0, 5): 1, (0, 6): 1, (0, 8): 1, (0, 15): 1, (1, 2): 1, (1, 4): 1, (1, 7): 1, (1, 8): 1, (1, 9): 1, (1, 10): 1, (1, 11): 1, (1, 13): 6, (1, 14): 1, (2, 6): 1, (2, 7): 1, (2, 8): 3, (2, 11): 6, (2, 12): 1, (2, 13): 1, (3, 4): 1, (3, 5): 14, (3, 6): 1, (3, 7): 1, (3, 8): 1, (3, 11): 1, (3, 13): 1, (4, 6): 1, (4, 7): 1, (4, 9): 1, (4, 11): 1, (4, 12): 17, (5, 9): 1, (5, 12): 1, (5, 13): 1, (5, 15): 1, (6, 7): 1, (6, 8): 1, (6, 10): 1, (6, 12): 1, (6, 14): 27, (7, 11): 1, (7, 14): 1, (7, 15): 22, (8, 12): 5, (8, 13): 4, (8, 14): 1, (9, 11): 7, (9, 12): 13, (9, 14): 3, (9, 15): 1, (10, 11): 8, (10, 15): 1, (12, 15): 1, (14, 15): 4}",2907.991409301758,313.0,48.0,882.0
13.0,Graph with 16 nodes and 57 edges,"[[0, 1, 1, 1, 0, 1, 1, 0, 1, 0, 0, 0, 0, 0, 0, 1], [1, 0, 1, 0, 1, 0, 0, 1, 1, 1, 1, 1, 0, 1, 1, 0], [1, 1, 0, 0, 0, 0, 1, 1, 1, 0, 0, 1, 1, 1, 0, 0], [1, 0, 0, 0, 1, 1, 1, 1, 1, 0, 0, 1, 0, 1, 0, 0], [0, 1, 0, 1, 0, 0, 1, 1, 0, 1, 0, 1, 1, 0, 0, 0], [1, 0, 0, 1, 0, 0, 0, 0, 0, 1, 0, 0, 1, 1, 0, 1], [1, 0, 1, 1, 1, 0, 0, 1, 1, 0, 1, 0, 1, 0, 1, 0], [0, 1, 1, 1, 1, 0, 1, 0, 0, 0, 0, 1, 0, 0, 1, 1], [1, 1, 1, 1, 0, 0, 1, 0, 0, 0, 0, 0, 1, 1, 1, 0], [0, 1, 0, 0, 1, 1, 0, 0, 0, 0, 0, 1, 1, 0, 1, 1], [0, 1, 0, 0, 0, 0, 1, 0, 0, 0, 0, 1, 0, 0, 0, 1], [0, 1, 1, 1, 1, 0, 0, 1, 0, 1, 1, 0, 0, 0, 0, 0], [0, 0, 1, 0, 1, 1, 1, 0, 1, 1, 0, 0, 0, 0, 0, 1], [0, 1, 1, 1, 0, 1, 0, 0, 1, 0, 0, 0, 0, 0, 0, 0], [0, 1, 0, 0, 0, 0, 1, 1, 1, 1, 0, 0, 0, 0, 0, 1], [1, 0, 0, 0, 0, 1, 0, 1, 0, 1, 1, 0, 1, 0, 1, 0]]",16.0,1.0,Y,"{0: 17, 1: 18, 2: 19, 3: 20, 4: 21, 5: 22, 6: 23, 7: 24, 8: 25, 9: 26, 10: 27, 11: 28, 12: 29, 13: 30, 14: 31, 15: 16}","{(0, 1): 9, (0, 2): 3, (0, 3): 1, (0, 5): 1, (0, 6): 1, (0, 8): 1, (0, 15): 1, (1, 2): 1, (1, 4): 1, (1, 7): 1, (1, 8): 1, (1, 9): 1, (1, 10): 1, (1, 11): 1, (1, 13): 1, (1, 14): 1, (2, 6): 10, (2, 7): 1, (2, 8): 1, (2, 11): 1, (2, 12): 1, (2, 13): 1, (3, 4): 13, (3, 5): 1, (3, 6): 1, (3, 7): 1, (3, 8): 1, (3, 11): 1, (3, 13): 1, (4, 6): 1, (4, 7): 3, (4, 9): 1, (4, 11): 1, (4, 12): 1, (5, 9): 1, (5, 12): 7, (5, 13): 11, (5, 15): 1, (6, 7): 1, (6, 8): 1, (6, 10): 6, (6, 12): 1, (6, 14): 1, (7, 11): 4, (7, 14): 12, (7, 15): 1, (8, 12): 1, (8, 13): 16, (8, 14): 3, (9, 11): 1, (9, 12): 8, (9, 14): 13, (9, 15): 1, (10, 11): 19, (10, 15): 1, (12, 15): 10, (14, 15): 1}",1837.9688262939453,313.0,48.0,882.0
15.0,Graph with 16 nodes and 63 edges,"[[0, 1, 0, 1, 1, 1, 1, 1, 0, 1, 0, 1, 0, 1, 1, 0], [1, 0, 1, 0, 1, 1, 0, 1, 1, 1, 0, 1, 0, 1, 1, 0], [0, 1, 0, 0, 1, 1, 0, 0, 0, 1, 1, 0, 0, 0, 1, 0], [1, 0, 0, 0, 1, 1, 1, 1, 0, 1, 0, 1, 0, 1, 1, 0], [1, 1, 1, 1, 0, 0, 0, 1, 0, 1, 1, 0, 0, 1, 1, 1], [1, 1, 1, 1, 0, 0, 1, 1, 1, 0, 0, 1, 1, 0, 0, 0], [1, 0, 0, 1, 0, 1, 0, 0, 0, 1, 1, 1, 1, 1, 0, 1], [1, 1, 0, 1, 1, 1, 0, 0, 0, 0, 1, 0, 1, 0, 1, 1], [0, 1, 0, 0, 0, 1, 0, 0, 0, 0, 0, 0, 1, 0, 0, 0], [1, 1, 1, 1, 1, 0, 1, 0, 0, 0, 1, 0, 0, 1, 0, 0], [0, 0, 1, 0, 1, 0, 1, 1, 0, 1, 0, 0, 1, 1, 1, 0], [1, 1, 0, 1, 0, 1, 1, 0, 0, 0, 0, 0, 1, 0, 1, 0], [0, 0, 0, 0, 0, 1, 1, 1, 1, 0, 1, 1, 0, 1, 0, 1], [1, 1, 0, 1, 1, 0, 1, 0, 0, 1, 1, 0, 1, 0, 0, 0], [1, 1, 1, 1, 1, 0, 0, 1, 0, 0, 1, 1, 0, 0, 0, 0], [0, 0, 0, 0, 1, 0, 1, 1, 0, 0, 0, 0, 1, 0, 0, 0]]",11.0,1.0,Y,"{0: 12, 1: 13, 2: 14, 3: 15, 4: 16, 5: 17, 6: 18, 7: 19, 8: 20, 9: 21, 10: 22, 11: 23, 12: 24, 13: 25, 14: 26, 15: 11}","{(0, 1): 3, (0, 3): 1, (0, 4): 1, (0, 5): 1, (0, 6): 1, (0, 7): 1, (0, 9): 1, (0, 11): 1, (0, 13): 1, (0, 14): 1, (1, 2): 2, (1, 4): 1, (1, 5): 1, (1, 7): 1, (1, 8): 1, (1, 9): 1, (1, 11): 1, (1, 13): 1, (1, 14): 1, (2, 4): 7, (2, 5): 2, (2, 9): 1, (2, 10): 1, (2, 14): 1, (3, 4): 1, (3, 5): 7, (3, 6): 1, (3, 7): 1, (3, 9): 1, (3, 11): 1, (3, 13): 1, (3, 14): 1, (4, 7): 1, (4, 9): 1, (4, 10): 1, (4, 13): 1, (4, 14): 1, (4, 15): 1, (5, 6): 1, (5, 7): 1, (5, 8): 2, (5, 11): 1, (5, 12): 1, (6, 9): 10, (6, 10): 1, (6, 11): 1, (6, 12): 1, (6, 13): 1, (6, 15): 1, (7, 10): 2, (7, 12): 1, (7, 14): 3, (7, 15): 8, (8, 12): 17, (9, 10): 1, (9, 13): 5, (10, 12): 1, (10, 13): 14, (10, 14): 1, (11, 12): 1, (11, 14): 17, (12, 13): 1, (12, 15): 1}",1935.0051879882812,319.0,48.0,894.0
15.0,Graph with 16 nodes and 63 edges,"[[0, 1, 0, 1, 1, 1, 1, 1, 0, 1, 0, 1, 0, 1, 1, 0], [1, 0, 1, 0, 1, 1, 0, 1, 1, 1, 0, 1, 0, 1, 1, 0], [0, 1, 0, 0, 1, 1, 0, 0, 0, 1, 1, 0, 0, 0, 1, 0], [1, 0, 0, 0, 1, 1, 1, 1, 0, 1, 0, 1, 0, 1, 1, 0], [1, 1, 1, 1, 0, 0, 0, 1, 0, 1, 1, 0, 0, 1, 1, 1], [1, 1, 1, 1, 0, 0, 1, 1, 1, 0, 0, 1, 1, 0, 0, 0], [1, 0, 0, 1, 0, 1, 0, 0, 0, 1, 1, 1, 1, 1, 0, 1], [1, 1, 0, 1, 1, 1, 0, 0, 0, 0, 1, 0, 1, 0, 1, 1], [0, 1, 0, 0, 0, 1, 0, 0, 0, 0, 0, 0, 1, 0, 0, 0], [1, 1, 1, 1, 1, 0, 1, 0, 0, 0, 1, 0, 0, 1, 0, 0], [0, 0, 1, 0, 1, 0, 1, 1, 0, 1, 0, 0, 1, 1, 1, 0], [1, 1, 0, 1, 0, 1, 1, 0, 0, 0, 0, 0, 1, 0, 1, 0], [0, 0, 0, 0, 0, 1, 1, 1, 1, 0, 1, 1, 0, 1, 0, 1], [1, 1, 0, 1, 1, 0, 1, 0, 0, 1, 1, 0, 1, 0, 0, 0], [1, 1, 1, 1, 1, 0, 0, 1, 0, 0, 1, 1, 0, 0, 0, 0], [0, 0, 0, 0, 1, 0, 1, 1, 0, 0, 0, 0, 1, 0, 0, 0]]",13.0,3.0,Y,"{0: 58, 1: 55, 2: 52, 3: 49, 4: 46, 5: 43, 6: 40, 7: 37, 8: 34, 9: 31, 10: 28, 11: 25, 12: 22, 13: 19, 14: 16, 15: 13}","{(0, 1): 1, (0, 3): 41, (0, 4): 1, (0, 5): 9, (0, 6): 1, (0, 7): 1, (0, 9): 1, (0, 11): 1, (0, 13): 1, (0, 14): 1, (1, 2): 1, (1, 4): 1, (1, 5): 1, (1, 7): 1, (1, 8): 23, (1, 9): 24, (1, 11): 1, (1, 13): 1, (1, 14): 1, (2, 4): 37, (2, 5): 1, (2, 9): 1, (2, 10): 3, (2, 14): 9, (3, 4): 1, (3, 5): 1, (3, 6): 1, (3, 7): 1, (3, 9): 1, (3, 11): 1, (3, 13): 1, (3, 14): 1, (4, 7): 1, (4, 9): 1, (4, 10): 1, (4, 13): 1, (4, 14): 1, (4, 15): 1, (5, 6): 1, (5, 7): 4, (5, 8): 10, (5, 11): 1, (5, 12): 15, (6, 9): 1, (6, 10): 1, (6, 11): 19, (6, 12): 1, (6, 13): 12, (6, 15): 3, (7, 10): 19, (7, 12): 1, (7, 14): 1, (7, 15): 8, (8, 12): 1, (9, 10): 1, (9, 13): 1, (10, 12): 1, (10, 13): 1, (10, 14): 1, (11, 12): 1, (11, 14): 1, (12, 13): 1, (12, 15): 1}",1758.8138580322266,319.0,48.0,894.0
15.0,Graph with 16 nodes and 63 edges,"[[0, 1, 0, 1, 1, 1, 1, 1, 0, 1, 0, 1, 0, 1, 1, 0], [1, 0, 1, 0, 1, 1, 0, 1, 1, 1, 0, 1, 0, 1, 1, 0], [0, 1, 0, 0, 1, 1, 0, 0, 0, 1, 1, 0, 0, 0, 1, 0], [1, 0, 0, 0, 1, 1, 1, 1, 0, 1, 0, 1, 0, 1, 1, 0], [1, 1, 1, 1, 0, 0, 0, 1, 0, 1, 1, 0, 0, 1, 1, 1], [1, 1, 1, 1, 0, 0, 1, 1, 1, 0, 0, 1, 1, 0, 0, 0], [1, 0, 0, 1, 0, 1, 0, 0, 0, 1, 1, 1, 1, 1, 0, 1], [1, 1, 0, 1, 1, 1, 0, 0, 0, 0, 1, 0, 1, 0, 1, 1], [0, 1, 0, 0, 0, 1, 0, 0, 0, 0, 0, 0, 1, 0, 0, 0], [1, 1, 1, 1, 1, 0, 1, 0, 0, 0, 1, 0, 0, 1, 0, 0], [0, 0, 1, 0, 1, 0, 1, 1, 0, 1, 0, 0, 1, 1, 1, 0], [1, 1, 0, 1, 0, 1, 1, 0, 0, 0, 0, 0, 1, 0, 1, 0], [0, 0, 0, 0, 0, 1, 1, 1, 1, 0, 1, 1, 0, 1, 0, 1], [1, 1, 0, 1, 1, 0, 1, 0, 0, 1, 1, 0, 1, 0, 0, 0], [1, 1, 1, 1, 1, 0, 0, 1, 0, 0, 1, 1, 0, 0, 0, 0], [0, 0, 0, 0, 1, 0, 1, 1, 0, 0, 0, 0, 1, 0, 0, 0]]",14.0,2.0,Y,"{0: 16, 1: 18, 2: 20, 3: 22, 4: 24, 5: 26, 6: 28, 7: 30, 8: 32, 9: 34, 10: 36, 11: 38, 12: 40, 13: 42, 14: 44, 15: 14}","{(0, 1): 7, (0, 3): 1, (0, 4): 1, (0, 5): 1, (0, 6): 1, (0, 7): 1, (0, 9): 1, (0, 11): 1, (0, 13): 1, (0, 14): 1, (1, 2): 3, (1, 4): 1, (1, 5): 1, (1, 7): 1, (1, 8): 1, (1, 9): 1, (1, 11): 1, (1, 13): 1, (1, 14): 1, (2, 4): 13, (2, 5): 1, (2, 9): 1, (2, 10): 1, (2, 14): 1, (3, 4): 3, (3, 5): 12, (3, 6): 1, (3, 7): 1, (3, 9): 1, (3, 11): 1, (3, 13): 1, (3, 14): 1, (4, 7): 1, (4, 9): 1, (4, 10): 1, (4, 13): 1, (4, 14): 1, (4, 15): 1, (5, 6): 3, (5, 7): 1, (5, 8): 1, (5, 11): 5, (5, 12): 1, (6, 9): 1, (6, 10): 6, (6, 11): 1, (6, 12): 1, (6, 13): 5, (6, 15): 9, (7, 10): 16, (7, 12): 1, (7, 14): 7, (7, 15): 1, (8, 12): 30, (9, 10): 1, (9, 13): 27, (10, 12): 2, (10, 13): 5, (10, 14): 4, (11, 12): 1, (11, 14): 28, (12, 13): 1, (12, 15): 3}",2223.0148315429688,319.0,48.0,894.0
15.0,Graph with 16 nodes and 63 edges,"[[0, 1, 0, 1, 1, 1, 1, 1, 0, 1, 0, 1, 0, 1, 1, 0], [1, 0, 1, 0, 1, 1, 0, 1, 1, 1, 0, 1, 0, 1, 1, 0], [0, 1, 0, 0, 1, 1, 0, 0, 0, 1, 1, 0, 0, 0, 1, 0], [1, 0, 0, 0, 1, 1, 1, 1, 0, 1, 0, 1, 0, 1, 1, 0], [1, 1, 1, 1, 0, 0, 0, 1, 0, 1, 1, 0, 0, 1, 1, 1], [1, 1, 1, 1, 0, 0, 1, 1, 1, 0, 0, 1, 1, 0, 0, 0], [1, 0, 0, 1, 0, 1, 0, 0, 0, 1, 1, 1, 1, 1, 0, 1], [1, 1, 0, 1, 1, 1, 0, 0, 0, 0, 1, 0, 1, 0, 1, 1], [0, 1, 0, 0, 0, 1, 0, 0, 0, 0, 0, 0, 1, 0, 0, 0], [1, 1, 1, 1, 1, 0, 1, 0, 0, 0, 1, 0, 0, 1, 0, 0], [0, 0, 1, 0, 1, 0, 1, 1, 0, 1, 0, 0, 1, 1, 1, 0], [1, 1, 0, 1, 0, 1, 1, 0, 0, 0, 0, 0, 1, 0, 1, 0], [0, 0, 0, 0, 0, 1, 1, 1, 1, 0, 1, 1, 0, 1, 0, 1], [1, 1, 0, 1, 1, 0, 1, 0, 0, 1, 1, 0, 1, 0, 0, 0], [1, 1, 1, 1, 1, 0, 0, 1, 0, 0, 1, 1, 0, 0, 0, 0], [0, 0, 0, 0, 1, 0, 1, 1, 0, 0, 0, 0, 1, 0, 0, 0]]",15.0,1.0,Y,"{0: 16, 1: 17, 2: 18, 3: 19, 4: 20, 5: 21, 6: 22, 7: 23, 8: 24, 9: 25, 10: 26, 11: 27, 12: 28, 13: 29, 14: 30, 15: 15}","{(0, 1): 7, (0, 3): 1, (0, 4): 1, (0, 5): 1, (0, 6): 1, (0, 7): 1, (0, 9): 1, (0, 11): 1, (0, 13): 1, (0, 14): 1, (1, 2): 2, (1, 4): 1, (1, 5): 1, (1, 7): 1, (1, 8): 1, (1, 9): 1, (1, 11): 1, (1, 13): 1, (1, 14): 1, (2, 4): 11, (2, 5): 2, (2, 9): 1, (2, 10): 1, (2, 14): 1, (3, 4): 1, (3, 5): 11, (3, 6): 1, (3, 7): 1, (3, 9): 1, (3, 11): 1, (3, 13): 1, (3, 14): 1, (4, 7): 1, (4, 9): 1, (4, 10): 1, (4, 13): 1, (4, 14): 1, (4, 15): 1, (5, 6): 1, (5, 7): 1, (5, 8): 2, (5, 11): 1, (5, 12): 1, (6, 9): 14, (6, 10): 1, (6, 11): 1, (6, 12): 1, (6, 13): 1, (6, 15): 1, (7, 10): 2, (7, 12): 1, (7, 14): 3, (7, 15): 12, (8, 12): 21, (9, 10): 1, (9, 13): 5, (10, 12): 1, (10, 13): 18, (10, 14): 1, (11, 12): 1, (11, 14): 21, (12, 13): 1, (12, 15): 1}",2160.0723266601562,319.0,48.0,894.0
16.0,Graph with 16 nodes and 64 edges,"[[0, 1, 0, 1, 1, 1, 1, 1, 0, 0, 0, 1, 0, 0, 0, 0], [1, 0, 1, 0, 1, 0, 0, 1, 1, 1, 1, 1, 0, 1, 0, 1], [0, 1, 0, 1, 0, 0, 0, 0, 0, 1, 0, 1, 1, 1, 1, 0], [1, 0, 1, 0, 1, 0, 0, 0, 1, 1, 1, 1, 0, 0, 0, 1], [1, 1, 0, 1, 0, 1, 0, 1, 1, 0, 0, 0, 0, 0, 1, 0], [1, 0, 0, 0, 1, 0, 1, 0, 1, 1, 0, 1, 1, 0, 1, 0], [1, 0, 0, 0, 0, 1, 0, 0, 1, 1, 1, 0, 0, 1, 1, 1], [1, 1, 0, 0, 1, 0, 0, 0, 1, 1, 0, 0, 1, 0, 1, 1], [0, 1, 0, 1, 1, 1, 1, 1, 0, 0, 1, 0, 1, 1, 0, 0], [0, 1, 1, 1, 0, 1, 1, 1, 0, 0, 1, 0, 1, 1, 0, 1], [0, 1, 0, 1, 0, 0, 1, 0, 1, 1, 0, 1, 0, 0, 0, 1], [1, 1, 1, 1, 0, 1, 0, 0, 0, 0, 1, 0, 0, 1, 0, 0], [0, 0, 1, 0, 0, 1, 0, 1, 1, 1, 0, 0, 0, 1, 1, 1], [0, 1, 1, 0, 0, 0, 1, 0, 1, 1, 0, 1, 1, 0, 1, 0], [0, 0, 1, 0, 1, 1, 1, 1, 0, 0, 0, 0, 1, 1, 0, 1], [0, 1, 0, 1, 0, 0, 1, 1, 0, 1, 1, 0, 1, 0, 1, 0]]",27.0,6.0,Y,"{0: 105, 1: 117, 2: 81, 3: 87, 4: 99, 5: 27, 6: 63, 7: 75, 8: 33, 9: 111, 10: 45, 11: 39, 12: 93, 13: 57, 14: 69, 15: 51}","{(0, 1): 1, (0, 3): 7, (0, 4): 93, (0, 5): 1, (0, 6): 1, (0, 7): 1, (0, 11): 1, (1, 2): 43, (1, 4): 1, (1, 7): 4, (1, 8): 25, (1, 9): 1, (1, 10): 39, (1, 11): 1, (1, 13): 1, (1, 15): 1, (2, 3): 1, (2, 9): 1, (2, 11): 33, (2, 12): 1, (2, 13): 1, (2, 14): 1, (3, 4): 1, (3, 8): 1, (3, 9): 74, (3, 10): 1, (3, 11): 1, (3, 15): 1, (4, 5): 1, (4, 7): 1, (4, 8): 1, (4, 14): 1, (5, 6): 1, (5, 8): 1, (5, 9): 20, (5, 11): 1, (5, 12): 1, (5, 14): 1, (6, 8): 1, (6, 9): 7, (6, 10): 1, (6, 13): 50, (6, 14): 1, (6, 15): 1, (7, 8): 1, (7, 9): 1, (7, 12): 65, (7, 14): 1, (7, 15): 1, (8, 10): 1, (8, 12): 1, (8, 13): 1, (9, 10): 1, (9, 12): 4, (9, 13): 1, (9, 15): 1, (10, 11): 1, (10, 15): 1, (11, 13): 1, (12, 13): 1, (12, 14): 19, (12, 15): 1, (13, 14): 1, (14, 15): 44}",2538.919448852539,320.0,48.0,896.0
16.0,Graph with 16 nodes and 64 edges,"[[0, 1, 0, 1, 1, 1, 1, 1, 0, 0, 0, 1, 0, 0, 0, 0], [1, 0, 1, 0, 1, 0, 0, 1, 1, 1, 1, 1, 0, 1, 0, 1], [0, 1, 0, 1, 0, 0, 0, 0, 0, 1, 0, 1, 1, 1, 1, 0], [1, 0, 1, 0, 1, 0, 0, 0, 1, 1, 1, 1, 0, 0, 0, 1], [1, 1, 0, 1, 0, 1, 0, 1, 1, 0, 0, 0, 0, 0, 1, 0], [1, 0, 0, 0, 1, 0, 1, 0, 1, 1, 0, 1, 1, 0, 1, 0], [1, 0, 0, 0, 0, 1, 0, 0, 1, 1, 1, 0, 0, 1, 1, 1], [1, 1, 0, 0, 1, 0, 0, 0, 1, 1, 0, 0, 1, 0, 1, 1], [0, 1, 0, 1, 1, 1, 1, 1, 0, 0, 1, 0, 1, 1, 0, 0], [0, 1, 1, 1, 0, 1, 1, 1, 0, 0, 1, 0, 1, 1, 0, 1], [0, 1, 0, 1, 0, 0, 1, 0, 1, 1, 0, 1, 0, 0, 0, 1], [1, 1, 1, 1, 0, 1, 0, 0, 0, 0, 1, 0, 0, 1, 0, 0], [0, 0, 1, 0, 0, 1, 0, 1, 1, 1, 0, 0, 0, 1, 1, 1], [0, 1, 1, 0, 0, 0, 1, 0, 1, 1, 0, 1, 1, 0, 1, 0], [0, 0, 1, 0, 1, 1, 1, 1, 0, 0, 0, 0, 1, 1, 0, 1], [0, 1, 0, 1, 0, 0, 1, 1, 0, 1, 1, 0, 1, 0, 1, 0]]",29.0,1.0,Y,"{0: 38, 1: 42, 2: 35, 3: 32, 4: 41, 5: 44, 6: 39, 7: 36, 8: 37, 9: 43, 10: 29, 11: 31, 12: 30, 13: 34, 14: 33, 15: 40}","{(0, 1): 12, (0, 3): 1, (0, 4): 20, (0, 5): 1, (0, 6): 1, (0, 7): 2, (0, 11): 1, (1, 2): 21, (1, 4): 1, (1, 7): 1, (1, 8): 1, (1, 9): 1, (1, 10): 1, (1, 11): 1, (1, 13): 1, (1, 15): 2, (2, 3): 2, (2, 9): 1, (2, 11): 2, (2, 12): 1, (2, 13): 5, (2, 14): 3, (3, 4): 4, (3, 8): 1, (3, 9): 21, (3, 10): 1, (3, 11): 1, (3, 15): 1, (4, 5): 11, (4, 7): 1, (4, 8): 1, (4, 14): 3, (5, 6): 16, (5, 8): 2, (5, 9): 2, (5, 11): 1, (5, 12): 1, (5, 14): 10, (6, 8): 1, (6, 9): 1, (6, 10): 14, (6, 13): 4, (6, 14): 1, (6, 15): 1, (7, 8): 28, (7, 9): 1, (7, 12): 1, (7, 14): 1, (7, 15): 1, (8, 10): 1, (8, 12): 1, (8, 13): 1, (9, 10): 1, (9, 12): 8, (9, 13): 3, (9, 15): 4, (10, 11): 7, (10, 15): 4, (11, 13): 18, (12, 13): 1, (12, 14): 2, (12, 15): 15, (13, 14): 1, (14, 15): 12}",1956.939697265625,320.0,48.0,896.0
18.0,Graph with 16 nodes and 61 edges,"[[0, 0, 0, 0, 0, 1, 1, 0, 1, 0, 1, 1, 1, 0, 0, 1], [0, 0, 1, 1, 1, 1, 1, 1, 1, 0, 1, 1, 0, 0, 0, 0], [0, 1, 0, 1, 0, 0, 1, 0, 0, 1, 1, 1, 0, 0, 1, 0], [0, 1, 1, 0, 0, 0, 0, 1, 1, 0, 1, 1, 0, 0, 1, 1], [0, 1, 0, 0, 0, 1, 1, 1, 0, 1, 0, 1, 1, 1, 0, 1], [1, 1, 0, 0, 1, 0, 1, 0, 1, 0, 0, 1, 0, 0, 0, 1], [1, 1, 1, 0, 1, 1, 0, 0, 0, 0, 1, 0, 1, 0, 1, 0], [0, 1, 0, 1, 1, 0, 0, 0, 0, 0, 0, 1, 0, 1, 1, 0], [1, 1, 0, 1, 0, 1, 0, 0, 0, 1, 1, 0, 0, 1, 0, 0], [0, 0, 1, 0, 1, 0, 0, 0, 1, 0, 0, 1, 1, 1, 1, 1], [1, 1, 1, 1, 0, 0, 1, 0, 1, 0, 0, 1, 0, 0, 1, 0], [1, 1, 1, 1, 1, 1, 0, 1, 0, 1, 1, 0, 0, 0, 1, 1], [1, 0, 0, 0, 1, 0, 1, 0, 0, 1, 0, 0, 0, 1, 1, 1], [0, 0, 0, 0, 1, 0, 0, 1, 1, 1, 0, 0, 1, 0, 0, 0], [0, 0, 1, 1, 0, 0, 1, 1, 0, 1, 1, 1, 1, 0, 0, 0], [1, 0, 0, 1, 1, 1, 0, 0, 0, 1, 0, 1, 1, 0, 0, 0]]",17.0,7.0,Y,"{0: 38, 1: 45, 2: 115, 3: 66, 4: 108, 5: 101, 6: 73, 7: 94, 8: 17, 9: 80, 10: 24, 11: 122, 12: 59, 13: 52, 14: 87, 15: 31}","{(0, 5): 1, (0, 6): 1, (0, 8): 1, (0, 10): 1, (0, 11): 32, (0, 12): 1, (0, 15): 1, (1, 2): 1, (1, 3): 1, (1, 4): 1, (1, 5): 1, (1, 6): 1, (1, 7): 1, (1, 8): 11, (1, 10): 1, (1, 11): 27, (2, 3): 1, (2, 6): 1, (2, 9): 1, (2, 10): 1, (2, 11): 55, (2, 14): 55, (3, 7): 1, (3, 8): 1, (3, 10): 10, (3, 11): 1, (3, 14): 26, (3, 15): 25, (4, 5): 37, (4, 6): 1, (4, 7): 42, (4, 9): 22, (4, 11): 1, (4, 12): 2, (4, 13): 1, (4, 15): 1, (5, 6): 59, (5, 8): 1, (5, 11): 1, (5, 15): 1, (6, 10): 8, (6, 12): 1, (6, 14): 1, (7, 11): 1, (7, 13): 48, (7, 14): 1, (8, 9): 1, (8, 10): 1, (8, 13): 1, (9, 11): 1, (9, 12): 52, (9, 13): 1, (9, 14): 1, (9, 15): 1, (10, 11): 1, (10, 14): 1, (11, 14): 1, (11, 15): 1, (12, 13): 1, (12, 14): 1, (12, 15): 1}",1426.9351959228516,317.0,48.0,890.0
19.0,Graph with 16 nodes and 48 edges,"[[0, 1, 0, 0, 1, 0, 1, 0, 1, 0, 1, 1, 0, 1, 0, 0], [1, 0, 1, 1, 1, 1, 0, 0, 0, 1, 0, 0, 0, 0, 0, 0], [0, 1, 0, 1, 0, 0, 0, 0, 1, 0, 0, 0, 0, 0, 1, 0], [0, 1, 1, 0, 1, 0, 1, 0, 0, 1, 1, 0, 0, 1, 0, 0], [1, 1, 0, 1, 0, 1, 0, 0, 0, 0, 1, 0, 1, 1, 0, 0], [0, 1, 0, 0, 1, 0, 0, 1, 0, 1, 1, 1, 1, 0, 0, 0], [1, 0, 0, 1, 0, 0, 0, 0, 0, 0, 0, 0, 1, 1, 0, 0], [0, 0, 0, 0, 0, 1, 0, 0, 1, 1, 1, 0, 1, 0, 1, 1], [1, 0, 1, 0, 0, 0, 0, 1, 0, 1, 0, 1, 0, 0, 0, 1], [0, 1, 0, 1, 0, 1, 0, 1, 1, 0, 1, 0, 1, 0, 1, 0], [1, 0, 0, 1, 1, 1, 0, 1, 0, 1, 0, 0, 0, 1, 0, 0], [1, 0, 0, 0, 0, 1, 0, 0, 1, 0, 0, 0, 1, 1, 0, 0], [0, 0, 0, 0, 1, 1, 1, 1, 0, 1, 0, 1, 0, 0, 1, 0], [1, 0, 0, 1, 1, 0, 1, 0, 0, 0, 1, 1, 0, 0, 1, 0], [0, 0, 1, 0, 0, 0, 0, 1, 0, 1, 0, 0, 1, 1, 0, 0], [0, 0, 0, 0, 0, 0, 0, 1, 1, 0, 0, 0, 0, 0, 0, 0]]",17.0,9.0,Y,"{0: 26, 1: 35, 2: 44, 3: 53, 4: 62, 5: 71, 6: 80, 7: 89, 8: 98, 9: 107, 10: 116, 11: 125, 12: 134, 13: 143, 14: 152, 15: 17}","{(0, 1): 20, (0, 4): 1, (0, 6): 1, (0, 8): 1, (0, 10): 1, (0, 11): 1, (0, 13): 1, (1, 2): 11, (1, 3): 1, (1, 4): 1, (1, 5): 1, (1, 9): 1, (2, 3): 31, (2, 8): 1, (2, 14): 1, (3, 4): 17, (3, 6): 1, (3, 9): 1, (3, 10): 1, (3, 13): 1, (4, 5): 4, (4, 10): 37, (4, 12): 1, (4, 13): 1, (5, 7): 1, (5, 9): 62, (5, 10): 1, (5, 11): 1, (5, 12): 1, (6, 12): 2, (6, 13): 76, (7, 8): 1, (7, 9): 23, (7, 10): 50, (7, 12): 1, (7, 14): 12, (7, 15): 1, (8, 9): 1, (8, 11): 78, (8, 15): 16, (9, 10): 17, (9, 12): 1, (9, 14): 1, (10, 13): 9, (11, 12): 44, (11, 13): 1, (12, 14): 84, (13, 14): 54}",1892.08984375,304.0,48.0,864.0
19.0,Graph with 16 nodes and 48 edges,"[[0, 1, 0, 0, 1, 0, 1, 0, 1, 0, 1, 1, 0, 1, 0, 0], [1, 0, 1, 1, 1, 1, 0, 0, 0, 1, 0, 0, 0, 0, 0, 0], [0, 1, 0, 1, 0, 0, 0, 0, 1, 0, 0, 0, 0, 0, 1, 0], [0, 1, 1, 0, 1, 0, 1, 0, 0, 1, 1, 0, 0, 1, 0, 0], [1, 1, 0, 1, 0, 1, 0, 0, 0, 0, 1, 0, 1, 1, 0, 0], [0, 1, 0, 0, 1, 0, 0, 1, 0, 1, 1, 1, 1, 0, 0, 0], [1, 0, 0, 1, 0, 0, 0, 0, 0, 0, 0, 0, 1, 1, 0, 0], [0, 0, 0, 0, 0, 1, 0, 0, 1, 1, 1, 0, 1, 0, 1, 1], [1, 0, 1, 0, 0, 0, 0, 1, 0, 1, 0, 1, 0, 0, 0, 1], [0, 1, 0, 1, 0, 1, 0, 1, 1, 0, 1, 0, 1, 0, 1, 0], [1, 0, 0, 1, 1, 1, 0, 1, 0, 1, 0, 0, 0, 1, 0, 0], [1, 0, 0, 0, 0, 1, 0, 0, 1, 0, 0, 0, 1, 1, 0, 0], [0, 0, 0, 0, 1, 1, 1, 1, 0, 1, 0, 1, 0, 0, 1, 0], [1, 0, 0, 1, 1, 0, 1, 0, 0, 0, 1, 1, 0, 0, 1, 0], [0, 0, 1, 0, 0, 0, 0, 1, 0, 1, 0, 0, 1, 1, 0, 0], [0, 0, 0, 0, 0, 0, 0, 1, 1, 0, 0, 0, 0, 0, 0, 0]]",19.0,7.0,Y,"{0: 26, 1: 33, 2: 40, 3: 47, 4: 54, 5: 61, 6: 68, 7: 75, 8: 82, 9: 89, 10: 96, 11: 103, 12: 110, 13: 117, 14: 124, 15: 19}","{(0, 1): 20, (0, 4): 1, (0, 6): 1, (0, 8): 1, (0, 10): 1, (0, 11): 1, (0, 13): 1, (1, 2): 9, (1, 3): 1, (1, 4): 1, (1, 5): 1, (1, 9): 1, (2, 3): 29, (2, 8): 1, (2, 14): 1, (3, 4): 13, (3, 6): 1, (3, 9): 1, (3, 10): 1, (3, 13): 1, (4, 5): 1, (4, 10): 30, (4, 12): 1, (4, 13): 7, (5, 7): 1, (5, 9): 1, (5, 10): 50, (5, 11): 1, (5, 12): 6, (6, 12): 1, (6, 13): 65, (7, 8): 60, (7, 9): 1, (7, 10): 1, (7, 12): 1, (7, 14): 10, (7, 15): 1, (8, 9): 1, (8, 11): 1, (8, 15): 18, (9, 10): 1, (9, 12): 1, (9, 14): 82, (10, 13): 12, (11, 12): 99, (11, 13): 1, (12, 14): 1, (13, 14): 30}",2082.1094512939453,304.0,48.0,864.0
19.0,Graph with 16 nodes and 48 edges,"[[0, 1, 0, 0, 1, 0, 1, 0, 1, 0, 1, 1, 0, 1, 0, 0], [1, 0, 1, 1, 1, 1, 0, 0, 0, 1, 0, 0, 0, 0, 0, 0], [0, 1, 0, 1, 0, 0, 0, 0, 1, 0, 0, 0, 0, 0, 1, 0], [0, 1, 1, 0, 1, 0, 1, 0, 0, 1, 1, 0, 0, 1, 0, 0], [1, 1, 0, 1, 0, 1, 0, 0, 0, 0, 1, 0, 1, 1, 0, 0], [0, 1, 0, 0, 1, 0, 0, 1, 0, 1, 1, 1, 1, 0, 0, 0], [1, 0, 0, 1, 0, 0, 0, 0, 0, 0, 0, 0, 1, 1, 0, 0], [0, 0, 0, 0, 0, 1, 0, 0, 1, 1, 1, 0, 1, 0, 1, 1], [1, 0, 1, 0, 0, 0, 0, 1, 0, 1, 0, 1, 0, 0, 0, 1], [0, 1, 0, 1, 0, 1, 0, 1, 1, 0, 1, 0, 1, 0, 1, 0], [1, 0, 0, 1, 1, 1, 0, 1, 0, 1, 0, 0, 0, 1, 0, 0], [1, 0, 0, 0, 0, 1, 0, 0, 1, 0, 0, 0, 1, 1, 0, 0], [0, 0, 0, 0, 1, 1, 1, 1, 0, 1, 0, 1, 0, 0, 1, 0], [1, 0, 0, 1, 1, 0, 1, 0, 0, 0, 1, 1, 0, 0, 1, 0], [0, 0, 1, 0, 0, 0, 0, 1, 0, 1, 0, 0, 1, 1, 0, 0], [0, 0, 0, 0, 0, 0, 0, 1, 1, 0, 0, 0, 0, 0, 0, 0]]",24.0,1.0,Y,"{0: 39, 1: 38, 2: 37, 3: 36, 4: 35, 5: 34, 6: 33, 7: 32, 8: 31, 9: 30, 10: 29, 11: 28, 12: 27, 13: 26, 14: 25, 15: 24}","{(0, 1): 1, (0, 4): 1, (0, 6): 1, (0, 8): 1, (0, 10): 1, (0, 11): 14, (0, 13): 20, (1, 2): 1, (1, 3): 1, (1, 4): 1, (1, 5): 11, (1, 9): 23, (2, 3): 21, (2, 8): 1, (2, 14): 14, (3, 4): 1, (3, 6): 10, (3, 9): 1, (3, 10): 1, (3, 13): 1, (4, 5): 7, (4, 10): 23, (4, 12): 1, (4, 13): 1, (5, 7): 12, (5, 9): 1, (5, 10): 1, (5, 11): 1, (5, 12): 1, (6, 12): 21, (6, 13): 1, (7, 8): 1, (7, 9): 1, (7, 10): 1, (7, 12): 1, (7, 14): 8, (7, 15): 8, (8, 9): 1, (8, 11): 11, (8, 15): 16, (9, 10): 1, (9, 12): 1, (9, 14): 1, (10, 13): 1, (11, 12): 1, (11, 13): 1, (12, 14): 1, (13, 14): 1}",1555.9196472167969,304.0,48.0,864.0
21.0,Graph with 16 nodes and 69 edges,"[[0, 0, 1, 1, 1, 1, 0, 1, 0, 0, 1, 0, 0, 0, 1, 0], [0, 0, 1, 0, 0, 0, 1, 1, 1, 0, 1, 1, 1, 1, 1, 1], [1, 1, 0, 1, 1, 0, 0, 1, 1, 1, 1, 1, 1, 0, 1, 0], [1, 0, 1, 0, 0, 1, 0, 0, 1, 1, 1, 0, 1, 0, 1, 0], [1, 0, 1, 0, 0, 0, 1, 0, 1, 1, 1, 1, 1, 1, 1, 1], [1, 0, 0, 1, 0, 0, 0, 1, 1, 0, 1, 0, 0, 1, 1, 1], [0, 1, 0, 0, 1, 0, 0, 1, 0, 0, 0, 1, 1, 0, 0, 0], [1, 1, 1, 0, 0, 1, 1, 0, 1, 1, 0, 1, 0, 0, 1, 1], [0, 1, 1, 1, 1, 1, 0, 1, 0, 1, 0, 0, 0, 1, 1, 0], [0, 0, 1, 1, 1, 0, 0, 1, 1, 0, 0, 1, 0, 0, 0, 1], [1, 1, 1, 1, 1, 1, 0, 0, 0, 0, 0, 0, 1, 0, 0, 1], [0, 1, 1, 0, 1, 0, 1, 1, 0, 1, 0, 0, 1, 0, 1, 0], [0, 1, 1, 1, 1, 0, 1, 0, 0, 0, 1, 1, 0, 0, 1, 1], [0, 1, 0, 0, 1, 1, 0, 0, 1, 0, 0, 0, 0, 0, 1, 1], [1, 1, 1, 1, 1, 1, 0, 1, 1, 0, 0, 1, 1, 1, 0, 1], [0, 1, 0, 0, 1, 1, 0, 1, 0, 1, 1, 0, 1, 1, 1, 0]]",10.0,6.0,Y,"{0: 16, 1: 22, 2: 28, 3: 34, 4: 40, 5: 46, 6: 52, 7: 58, 8: 64, 9: 70, 10: 76, 11: 82, 12: 88, 13: 94, 14: 100, 15: 10}","{(0, 2): 10, (0, 3): 1, (0, 4): 1, (0, 5): 1, (0, 7): 1, (0, 10): 1, (0, 14): 1, (1, 2): 9, (1, 6): 5, (1, 7): 1, (1, 8): 1, (1, 10): 1, (1, 11): 1, (1, 12): 1, (1, 13): 1, (1, 14): 1, (1, 15): 1, (2, 3): 1, (2, 4): 1, (2, 7): 1, (2, 8): 1, (2, 9): 1, (2, 10): 1, (2, 11): 1, (2, 12): 1, (2, 14): 1, (3, 5): 27, (3, 8): 1, (3, 9): 1, (3, 10): 1, (3, 12): 1, (3, 14): 1, (4, 6): 30, (4, 8): 1, (4, 9): 1, (4, 10): 1, (4, 11): 1, (4, 12): 1, (4, 13): 1, (4, 14): 1, (4, 15): 1, (5, 7): 1, (5, 8): 13, (5, 10): 1, (5, 13): 1, (5, 14): 1, (5, 15): 1, (6, 7): 1, (6, 11): 15, (6, 12): 1, (7, 8): 1, (7, 9): 10, (7, 11): 40, (7, 14): 1, (7, 15): 1, (8, 9): 44, (8, 13): 1, (8, 14): 1, (9, 11): 11, (9, 15): 2, (10, 12): 69, (10, 15): 1, (11, 12): 12, (11, 14): 1, (12, 14): 1, (12, 15): 1, (13, 14): 89, (13, 15): 1, (14, 15): 1}",2521.991729736328,325.0,48.0,906.0
21.0,Graph with 16 nodes and 69 edges,"[[0, 0, 1, 1, 1, 1, 0, 1, 0, 0, 1, 0, 0, 0, 1, 0], [0, 0, 1, 0, 0, 0, 1, 1, 1, 0, 1, 1, 1, 1, 1, 1], [1, 1, 0, 1, 1, 0, 0, 1, 1, 1, 1, 1, 1, 0, 1, 0], [1, 0, 1, 0, 0, 1, 0, 0, 1, 1, 1, 0, 1, 0, 1, 0], [1, 0, 1, 0, 0, 0, 1, 0, 1, 1, 1, 1, 1, 1, 1, 1], [1, 0, 0, 1, 0, 0, 0, 1, 1, 0, 1, 0, 0, 1, 1, 1], [0, 1, 0, 0, 1, 0, 0, 1, 0, 0, 0, 1, 1, 0, 0, 0], [1, 1, 1, 0, 0, 1, 1, 0, 1, 1, 0, 1, 0, 0, 1, 1], [0, 1, 1, 1, 1, 1, 0, 1, 0, 1, 0, 0, 0, 1, 1, 0], [0, 0, 1, 1, 1, 0, 0, 1, 1, 0, 0, 1, 0, 0, 0, 1], [1, 1, 1, 1, 1, 1, 0, 0, 0, 0, 0, 0, 1, 0, 0, 1], [0, 1, 1, 0, 1, 0, 1, 1, 0, 1, 0, 0, 1, 0, 1, 0], [0, 1, 1, 1, 1, 0, 1, 0, 0, 0, 1, 1, 0, 0, 1, 1], [0, 1, 0, 0, 1, 1, 0, 0, 1, 0, 0, 0, 0, 0, 1, 1], [1, 1, 1, 1, 1, 1, 0, 1, 1, 0, 0, 1, 1, 1, 0, 1], [0, 1, 0, 0, 1, 1, 0, 1, 0, 1, 1, 0, 1, 1, 1, 0]]",29.0,7.0,Y,"{0: 36, 1: 43, 2: 50, 3: 57, 4: 64, 5: 71, 6: 78, 7: 85, 8: 92, 9: 99, 10: 106, 11: 113, 12: 120, 13: 127, 14: 134, 15: 29}","{(0, 2): 30, (0, 3): 1, (0, 4): 1, (0, 5): 1, (0, 7): 1, (0, 10): 1, (0, 14): 1, (1, 2): 11, (1, 6): 24, (1, 7): 1, (1, 8): 1, (1, 10): 1, (1, 11): 1, (1, 12): 1, (1, 13): 1, (1, 14): 1, (1, 15): 1, (2, 3): 1, (2, 4): 1, (2, 7): 1, (2, 8): 1, (2, 9): 1, (2, 10): 1, (2, 11): 1, (2, 12): 1, (2, 14): 1, (3, 5): 50, (3, 8): 1, (3, 9): 1, (3, 10): 1, (3, 12): 1, (3, 14): 1, (4, 6): 51, (4, 8): 4, (4, 9): 1, (4, 10): 1, (4, 11): 1, (4, 12): 1, (4, 13): 1, (4, 14): 1, (4, 15): 1, (5, 7): 15, (5, 8): 1, (5, 10): 1, (5, 13): 1, (5, 14): 1, (5, 15): 1, (6, 7): 1, (6, 11): 1, (6, 12): 1, (7, 8): 62, (7, 9): 1, (7, 11): 1, (7, 14): 1, (7, 15): 1, (8, 9): 20, (8, 13): 1, (8, 14): 1, (9, 11): 74, (9, 15): 1, (10, 12): 99, (10, 15): 1, (11, 12): 14, (11, 14): 20, (12, 14): 1, (12, 15): 1, (13, 14): 103, (13, 15): 20, (14, 15): 2}",2264.0228271484375,325.0,48.0,906.0
22.0,Graph with 16 nodes and 59 edges,"[[0, 1, 1, 0, 0, 1, 0, 0, 0, 0, 1, 1, 1, 0, 0, 0], [1, 0, 0, 1, 1, 1, 1, 0, 0, 1, 0, 1, 0, 0, 1, 1], [1, 0, 0, 0, 1, 0, 0, 1, 1, 0, 0, 1, 0, 0, 1, 0], [0, 1, 0, 0, 0, 0, 0, 0, 1, 0, 0, 1, 1, 0, 0, 0], [0, 1, 1, 0, 0, 0, 1, 0, 0, 1, 1, 1, 0, 1, 1, 1], [1, 1, 0, 0, 0, 0, 1, 0, 1, 1, 0, 1, 1, 0, 0, 1], [0, 1, 0, 0, 1, 1, 0, 0, 0, 0, 0, 1, 1, 1, 0, 1], [0, 0, 1, 0, 0, 0, 0, 0, 1, 1, 0, 1, 1, 1, 1, 0], [0, 0, 1, 1, 0, 1, 0, 1, 0, 0, 0, 1, 0, 1, 1, 1], [0, 1, 0, 0, 1, 1, 0, 1, 0, 0, 0, 0, 1, 1, 1, 1], [1, 0, 0, 0, 1, 0, 0, 0, 0, 0, 0, 0, 0, 1, 1, 1], [1, 1, 1, 1, 1, 1, 1, 1, 1, 0, 0, 0, 0, 1, 0, 0], [1, 0, 0, 1, 0, 1, 1, 1, 0, 1, 0, 0, 0, 0, 1, 1], [0, 0, 0, 0, 1, 0, 1, 1, 1, 1, 1, 1, 0, 0, 0, 0], [0, 1, 1, 0, 1, 0, 0, 1, 1, 1, 1, 0, 1, 0, 0, 0], [0, 1, 0, 0, 1, 1, 1, 0, 1, 1, 1, 0, 1, 0, 0, 0]]",19.0,8.0,Y,"{0: 27, 1: 35, 2: 43, 3: 51, 4: 59, 5: 67, 6: 75, 7: 83, 8: 91, 9: 99, 10: 107, 11: 115, 12: 123, 13: 131, 14: 139, 15: 19}","{(0, 1): 22, (0, 2): 1, (0, 5): 1, (0, 10): 1, (0, 11): 1, (0, 12): 1, (1, 3): 6, (1, 4): 1, (1, 5): 1, (1, 6): 1, (1, 9): 1, (1, 11): 1, (1, 14): 1, (1, 15): 1, (2, 4): 38, (2, 7): 1, (2, 8): 1, (2, 11): 1, (2, 14): 1, (3, 8): 43, (3, 11): 1, (3, 12): 1, (4, 6): 14, (4, 9): 1, (4, 10): 1, (4, 11): 1, (4, 13): 1, (4, 14): 1, (4, 15): 1, (5, 6): 1, (5, 8): 1, (5, 9): 1, (5, 11): 60, (5, 12): 1, (5, 15): 1, (6, 11): 30, (6, 12): 27, (6, 13): 1, (6, 15): 1, (7, 8): 1, (7, 9): 1, (7, 11): 1, (7, 12): 1, (7, 13): 1, (7, 14): 77, (8, 11): 18, (8, 13): 1, (8, 14): 25, (8, 15): 1, (9, 12): 59, (9, 13): 34, (9, 14): 1, (9, 15): 1, (10, 13): 92, (10, 14): 1, (10, 15): 12, (11, 13): 1, (12, 14): 32, (12, 15): 1}",2048.015594482422,315.0,48.0,886.0
23.0,Graph with 16 nodes and 64 edges,"[[0, 1, 1, 0, 1, 0, 0, 0, 1, 1, 0, 0, 0, 1, 1, 1], [1, 0, 1, 1, 0, 0, 1, 0, 0, 0, 0, 0, 0, 1, 0, 1], [1, 1, 0, 1, 1, 1, 0, 1, 1, 0, 0, 1, 1, 0, 1, 0], [0, 1, 1, 0, 0, 0, 1, 1, 1, 1, 0, 1, 0, 1, 0, 1], [1, 0, 1, 0, 0, 1, 0, 0, 0, 1, 1, 0, 1, 0, 1, 0], [0, 0, 1, 0, 1, 0, 0, 0, 1, 0, 1, 1, 1, 0, 1, 1], [0, 1, 0, 1, 0, 0, 0, 0, 1, 0, 1, 0, 0, 0, 1, 1], [0, 0, 1, 1, 0, 0, 0, 0, 0, 1, 0, 1, 1, 1, 1, 0], [1, 0, 1, 1, 0, 1, 1, 0, 0, 1, 0, 0, 0, 0, 1, 1], [1, 0, 0, 1, 1, 0, 0, 1, 1, 0, 1, 0, 1, 1, 0, 0], [0, 0, 0, 0, 1, 1, 1, 0, 0, 1, 0, 1, 0, 0, 1, 1], [0, 0, 1, 1, 0, 1, 0, 1, 0, 0, 1, 0, 1, 0, 1, 1], [0, 0, 1, 0, 1, 1, 0, 1, 0, 1, 0, 1, 0, 0, 1, 1], [1, 1, 0, 1, 0, 0, 0, 1, 0, 1, 0, 0, 0, 0, 0, 1], [1, 0, 1, 0, 1, 1, 1, 1, 1, 0, 1, 1, 1, 0, 0, 1], [1, 1, 0, 1, 0, 1, 1, 0, 1, 0, 1, 1, 1, 1, 1, 0]]",27.0,3.0,Y,"{0: 30, 1: 33, 2: 36, 3: 39, 4: 42, 5: 45, 6: 48, 7: 51, 8: 54, 9: 57, 10: 60, 11: 63, 12: 66, 13: 69, 14: 72, 15: 27}","{(0, 1): 23, (0, 2): 1, (0, 4): 1, (0, 8): 1, (0, 9): 1, (0, 13): 1, (0, 14): 1, (0, 15): 1, (1, 2): 6, (1, 3): 1, (1, 6): 1, (1, 13): 1, (1, 15): 1, (2, 3): 22, (2, 4): 1, (2, 5): 1, (2, 7): 1, (2, 8): 1, (2, 11): 1, (2, 12): 1, (2, 14): 1, (3, 6): 10, (3, 7): 1, (3, 8): 1, (3, 9): 1, (3, 11): 1, (3, 13): 1, (3, 15): 1, (4, 5): 36, (4, 9): 1, (4, 10): 1, (4, 12): 1, (4, 14): 1, (5, 8): 1, (5, 10): 1, (5, 11): 3, (5, 12): 1, (5, 14): 1, (5, 15): 1, (6, 8): 17, (6, 10): 4, (6, 14): 1, (6, 15): 15, (7, 9): 1, (7, 11): 5, (7, 12): 1, (7, 13): 41, (7, 14): 1, (8, 9): 29, (8, 14): 3, (8, 15): 1, (9, 10): 1, (9, 12): 1, (9, 13): 22, (10, 11): 49, (10, 14): 3, (10, 15): 1, (11, 12): 2, (11, 14): 1, (11, 15): 1, (12, 14): 58, (12, 15): 1, (13, 15): 3, (14, 15): 1}",1935.0051879882812,320.0,48.0,896.0
24.0,Graph with 16 nodes and 66 edges,"[[0, 1, 0, 1, 1, 0, 0, 0, 0, 0, 1, 0, 1, 1, 0, 1], [1, 0, 1, 1, 0, 0, 0, 1, 1, 0, 1, 0, 0, 0, 1, 1], [0, 1, 0, 1, 1, 1, 0, 1, 0, 1, 1, 1, 0, 0, 0, 1], [1, 1, 1, 0, 0, 1, 1, 0, 0, 0, 0, 1, 1, 0, 0, 1], [1, 0, 1, 0, 0, 1, 1, 1, 1, 0, 0, 0, 1, 0, 1, 1], [0, 0, 1, 1, 1, 0, 1, 1, 0, 1, 0, 1, 0, 0, 1, 1], [0, 0, 0, 1, 1, 1, 0, 1, 1, 1, 0, 0, 1, 1, 0, 1], [0, 1, 1, 0, 1, 1, 1, 0, 0, 0, 1, 1, 1, 1, 0, 0], [0, 1, 0, 0, 1, 0, 1, 0, 0, 0, 1, 0, 1, 1, 1, 1], [0, 0, 1, 0, 0, 1, 1, 0, 0, 0, 0, 0, 0, 0, 1, 1], [1, 1, 1, 0, 0, 0, 0, 1, 1, 0, 0, 1, 1, 0, 0, 0], [0, 0, 1, 1, 0, 1, 0, 1, 0, 0, 1, 0, 1, 0, 1, 1], [1, 0, 0, 1, 1, 0, 1, 1, 1, 0, 1, 1, 0, 0, 0, 1], [1, 0, 0, 0, 0, 0, 1, 1, 1, 0, 0, 0, 0, 0, 1, 1], [0, 1, 0, 0, 1, 1, 0, 0, 1, 1, 0, 1, 0, 1, 0, 1], [1, 1, 1, 1, 1, 1, 1, 0, 1, 1, 0, 1, 1, 1, 1, 0]]",25.0,5.0,Y,"{0: 25, 1: 80, 2: 95, 3: 30, 4: 40, 5: 65, 6: 45, 7: 100, 8: 55, 9: 75, 10: 60, 11: 90, 12: 85, 13: 35, 14: 70, 15: 50}","{(0, 1): 1, (0, 3): 1, (0, 4): 1, (0, 10): 5, (0, 12): 1, (0, 13): 3, (0, 15): 13, (1, 2): 1, (1, 3): 9, (1, 7): 9, (1, 8): 5, (1, 10): 1, (1, 14): 53, (1, 15): 1, (2, 3): 1, (2, 4): 5, (2, 5): 1, (2, 7): 24, (2, 9): 56, (2, 10): 1, (2, 11): 5, (2, 15): 1, (3, 5): 1, (3, 6): 1, (3, 11): 1, (3, 12): 15, (3, 15): 1, (4, 5): 1, (4, 6): 1, (4, 7): 28, (4, 8): 1, (4, 12): 1, (4, 14): 1, (4, 15): 1, (5, 6): 34, (5, 7): 5, (5, 9): 8, (5, 11): 13, (5, 14): 1, (5, 15): 1, (6, 7): 1, (6, 8): 1, (6, 9): 1, (6, 12): 4, (6, 13): 1, (6, 15): 1, (7, 10): 1, (7, 11): 1, (7, 12): 5, (7, 13): 26, (8, 10): 1, (8, 12): 38, (8, 13): 1, (8, 14): 7, (8, 15): 1, (9, 14): 5, (9, 15): 5, (10, 11): 42, (10, 12): 9, (11, 12): 9, (11, 14): 1, (11, 15): 18, (12, 15): 3, (13, 14): 1, (13, 15): 3, (14, 15): 1}",128.9844512939453,322.0,48.0,900.0
26.0,Graph with 16 nodes and 64 edges,"[[0, 1, 0, 1, 1, 0, 1, 0, 0, 0, 0, 1, 0, 0, 1, 1], [1, 0, 1, 0, 1, 0, 0, 0, 1, 1, 0, 0, 1, 1, 1, 1], [0, 1, 0, 0, 1, 1, 1, 0, 0, 1, 0, 1, 0, 0, 1, 0], [1, 0, 0, 0, 0, 1, 1, 1, 0, 1, 1, 0, 0, 1, 1, 1], [1, 1, 1, 0, 0, 0, 1, 1, 1, 0, 0, 1, 0, 0, 1, 1], [0, 0, 1, 1, 0, 0, 1, 0, 1, 0, 1, 0, 1, 1, 0, 1], [1, 0, 1, 1, 1, 1, 0, 1, 1, 0, 0, 0, 0, 1, 0, 1], [0, 0, 0, 1, 1, 0, 1, 0, 0, 0, 1, 0, 0, 0, 0, 0], [0, 1, 0, 0, 1, 1, 1, 0, 0, 1, 0, 1, 0, 0, 1, 1], [0, 1, 1, 1, 0, 0, 0, 0, 1, 0, 1, 1, 0, 1, 0, 1], [0, 0, 0, 1, 0, 1, 0, 1, 0, 1, 0, 1, 0, 0, 1, 1], [1, 0, 1, 0, 1, 0, 0, 0, 1, 1, 1, 0, 1, 1, 0, 1], [0, 1, 0, 0, 0, 1, 0, 0, 0, 0, 0, 1, 0, 1, 0, 1], [0, 1, 0, 1, 0, 1, 1, 0, 0, 1, 0, 1, 1, 0, 1, 0], [1, 1, 1, 1, 1, 0, 0, 0, 1, 0, 1, 0, 0, 1, 0, 1], [1, 1, 0, 1, 1, 1, 1, 0, 1, 1, 1, 1, 1, 0, 1, 0]]",10.0,8.0,Y,"{0: 18, 1: 26, 2: 34, 3: 42, 4: 50, 5: 58, 6: 66, 7: 74, 8: 82, 9: 90, 10: 98, 11: 106, 12: 114, 13: 122, 14: 10, 15: 130}","{(0, 1): 12, (0, 3): 1, (0, 4): 1, (0, 6): 1, (0, 11): 1, (0, 14): 1, (0, 15): 1, (1, 2): 7, (1, 4): 1, (1, 8): 1, (1, 9): 1, (1, 12): 1, (1, 13): 1, (1, 14): 1, (1, 15): 1, (2, 4): 22, (2, 5): 1, (2, 6): 1, (2, 9): 1, (2, 11): 1, (2, 14): 1, (3, 5): 34, (3, 6): 1, (3, 7): 1, (3, 9): 1, (3, 10): 1, (3, 13): 1, (3, 14): 1, (3, 15): 1, (4, 6): 21, (4, 7): 1, (4, 8): 1, (4, 11): 1, (4, 14): 1, (4, 15): 1, (5, 6): 1, (5, 8): 1, (5, 10): 1, (5, 12): 1, (5, 13): 18, (5, 15): 1, (6, 7): 1, (6, 8): 1, (6, 13): 38, (6, 15): 1, (7, 10): 71, (8, 9): 1, (8, 11): 1, (8, 14): 1, (8, 15): 75, (9, 10): 7, (9, 11): 1, (9, 13): 61, (9, 15): 17, (10, 11): 16, (10, 14): 1, (10, 15): 1, (11, 12): 83, (11, 13): 1, (11, 15): 1, (12, 13): 1, (12, 15): 28, (13, 14): 1, (14, 15): 2}",2300.0240325927734,320.0,48.0,896.0
27.0,Graph with 16 nodes and 61 edges,"[[0, 0, 0, 1, 1, 1, 0, 0, 1, 1, 1, 0, 1, 0, 0, 0], [0, 0, 0, 0, 1, 0, 0, 1, 1, 1, 0, 1, 0, 0, 0, 1], [0, 0, 0, 1, 0, 1, 1, 1, 0, 1, 0, 1, 1, 1, 0, 0], [1, 0, 1, 0, 0, 0, 1, 0, 0, 1, 1, 0, 0, 1, 0, 1], [1, 1, 0, 0, 0, 0, 1, 1, 0, 0, 0, 0, 1, 1, 0, 0], [1, 0, 1, 0, 0, 0, 1, 0, 1, 0, 0, 1, 0, 0, 1, 0], [0, 0, 1, 1, 1, 1, 0, 1, 1, 0, 1, 1, 0, 1, 0, 1], [0, 1, 1, 0, 1, 0, 1, 0, 0, 1, 0, 1, 1, 1, 1, 1], [1, 1, 0, 0, 0, 1, 1, 0, 0, 0, 1, 1, 1, 0, 1, 0], [1, 1, 1, 1, 0, 0, 0, 1, 0, 0, 0, 0, 1, 1, 0, 1], [1, 0, 0, 1, 0, 0, 1, 0, 1, 0, 0, 1, 1, 1, 1, 0], [0, 1, 1, 0, 0, 1, 1, 1, 1, 0, 1, 0, 0, 0, 0, 0], [1, 0, 1, 0, 1, 0, 0, 1, 1, 1, 1, 0, 0, 0, 1, 0], [0, 0, 1, 1, 1, 0, 1, 1, 0, 1, 1, 0, 0, 0, 1, 1], [0, 0, 0, 0, 0, 1, 0, 1, 1, 0, 1, 0, 1, 1, 0, 1], [0, 1, 0, 1, 0, 0, 1, 1, 0, 1, 0, 0, 0, 1, 1, 0]]",25.0,3.0,Y,"{0: 28, 1: 31, 2: 34, 3: 37, 4: 40, 5: 43, 6: 46, 7: 49, 8: 52, 9: 55, 10: 58, 11: 61, 12: 64, 13: 67, 14: 70, 15: 25}","{(0, 3): 22, (0, 4): 1, (0, 5): 1, (0, 8): 1, (0, 9): 1, (0, 10): 1, (0, 12): 1, (1, 4): 26, (1, 7): 1, (1, 8): 1, (1, 9): 1, (1, 11): 1, (1, 15): 1, (2, 3): 10, (2, 5): 18, (2, 6): 1, (2, 7): 1, (2, 9): 1, (2, 11): 1, (2, 12): 1, (2, 13): 1, (3, 6): 1, (3, 9): 1, (3, 10): 1, (3, 13): 1, (3, 15): 1, (4, 6): 10, (4, 7): 1, (4, 12): 1, (4, 13): 1, (5, 6): 1, (5, 8): 1, (5, 11): 14, (5, 14): 8, (6, 7): 1, (6, 8): 28, (6, 10): 1, (6, 11): 1, (6, 13): 1, (6, 15): 1, (7, 9): 19, (7, 11): 22, (7, 12): 1, (7, 13): 1, (7, 14): 1, (7, 15): 1, (8, 10): 1, (8, 11): 18, (8, 12): 1, (8, 14): 1, (9, 12): 1, (9, 13): 12, (9, 15): 19, (10, 11): 4, (10, 12): 1, (10, 13): 48, (10, 14): 1, (12, 14): 57, (13, 14): 1, (13, 15): 1, (14, 15): 1}",1974.1058349609375,317.0,48.0,890.0
30.0,Graph with 16 nodes and 60 edges,"[[0, 1, 0, 0, 0, 1, 1, 0, 0, 1, 1, 1, 1, 1, 0, 1], [1, 0, 1, 0, 1, 1, 0, 1, 0, 1, 1, 0, 0, 1, 1, 0], [0, 1, 0, 0, 0, 0, 0, 1, 1, 0, 1, 0, 0, 0, 0, 0], [0, 0, 0, 0, 1, 1, 1, 1, 0, 0, 1, 1, 0, 1, 0, 1], [0, 1, 0, 1, 0, 0, 1, 1, 0, 0, 0, 0, 1, 0, 1, 1], [1, 1, 0, 1, 0, 0, 0, 0, 0, 1, 0, 1, 0, 0, 1, 0], [1, 0, 0, 1, 1, 0, 0, 1, 0, 1, 1, 1, 1, 1, 1, 1], [0, 1, 1, 1, 1, 0, 1, 0, 0, 0, 1, 1, 0, 1, 0, 0], [0, 0, 1, 0, 0, 0, 0, 0, 0, 1, 1, 0, 0, 0, 0, 0], [1, 1, 0, 0, 0, 1, 1, 0, 1, 0, 0, 1, 0, 1, 0, 1], [1, 1, 1, 1, 0, 0, 1, 1, 1, 0, 0, 0, 0, 1, 1, 0], [1, 0, 0, 1, 0, 1, 1, 1, 0, 1, 0, 0, 1, 1, 0, 0], [1, 0, 0, 0, 1, 0, 1, 0, 0, 0, 0, 1, 0, 0, 1, 1], [1, 1, 0, 1, 0, 0, 1, 1, 0, 1, 1, 1, 0, 0, 1, 1], [0, 1, 0, 0, 1, 1, 1, 0, 0, 0, 1, 0, 1, 1, 0, 0], [1, 0, 0, 1, 1, 0, 1, 0, 0, 1, 0, 0, 1, 1, 0, 0]]",7.0,5.0,Y,"{0: 17, 1: 22, 2: 12, 3: 27, 4: 32, 5: 37, 6: 42, 7: 47, 8: 52, 9: 57, 10: 62, 11: 67, 12: 72, 13: 77, 14: 82, 15: 7}","{(0, 1): 9, (0, 5): 1, (0, 6): 1, (0, 9): 1, (0, 10): 1, (0, 11): 1, (0, 12): 1, (0, 13): 1, (0, 15): 1, (1, 2): 6, (1, 4): 1, (1, 5): 1, (1, 7): 1, (1, 9): 1, (1, 10): 1, (1, 13): 1, (1, 14): 1, (2, 7): 4, (2, 8): 1, (2, 10): 1, (3, 4): 20, (3, 5): 1, (3, 6): 1, (3, 7): 1, (3, 10): 1, (3, 11): 1, (3, 13): 1, (3, 15): 1, (4, 6): 1, (4, 7): 1, (4, 12): 1, (4, 14): 7, (4, 15): 1, (5, 9): 1, (5, 11): 1, (5, 14): 32, (6, 7): 1, (6, 9): 1, (6, 10): 1, (6, 11): 1, (6, 12): 1, (6, 13): 1, (6, 14): 32, (6, 15): 1, (7, 10): 12, (7, 11): 1, (7, 13): 26, (8, 9): 8, (8, 10): 43, (9, 11): 1, (9, 13): 43, (9, 15): 1, (10, 13): 1, (10, 14): 1, (11, 12): 60, (11, 13): 1, (12, 14): 8, (12, 15): 1, (13, 14): 1, (13, 15): 1}",2172.9469299316406,316.0,48.0,888.0
30.0,Graph with 16 nodes and 60 edges,"[[0, 1, 0, 0, 0, 1, 1, 0, 0, 1, 1, 1, 1, 1, 0, 1], [1, 0, 1, 0, 1, 1, 0, 1, 0, 1, 1, 0, 0, 1, 1, 0], [0, 1, 0, 0, 0, 0, 0, 1, 1, 0, 1, 0, 0, 0, 0, 0], [0, 0, 0, 0, 1, 1, 1, 1, 0, 0, 1, 1, 0, 1, 0, 1], [0, 1, 0, 1, 0, 0, 1, 1, 0, 0, 0, 0, 1, 0, 1, 1], [1, 1, 0, 1, 0, 0, 0, 0, 0, 1, 0, 1, 0, 0, 1, 0], [1, 0, 0, 1, 1, 0, 0, 1, 0, 1, 1, 1, 1, 1, 1, 1], [0, 1, 1, 1, 1, 0, 1, 0, 0, 0, 1, 1, 0, 1, 0, 0], [0, 0, 1, 0, 0, 0, 0, 0, 0, 1, 1, 0, 0, 0, 0, 0], [1, 1, 0, 0, 0, 1, 1, 0, 1, 0, 0, 1, 0, 1, 0, 1], [1, 1, 1, 1, 0, 0, 1, 1, 1, 0, 0, 0, 0, 1, 1, 0], [1, 0, 0, 1, 0, 1, 1, 1, 0, 1, 0, 0, 1, 1, 0, 0], [1, 0, 0, 0, 1, 0, 1, 0, 0, 0, 0, 1, 0, 0, 1, 1], [1, 1, 0, 1, 0, 0, 1, 1, 0, 1, 1, 1, 0, 0, 1, 1], [0, 1, 0, 0, 1, 1, 1, 0, 0, 0, 1, 0, 1, 1, 0, 0], [1, 0, 0, 1, 1, 0, 1, 0, 0, 1, 0, 0, 1, 1, 0, 0]]",13.0,4.0,Y,"{0: 73, 1: 69, 2: 65, 3: 61, 4: 57, 5: 53, 6: 49, 7: 45, 8: 41, 9: 37, 10: 33, 11: 29, 12: 25, 13: 21, 14: 17, 15: 13}","{(0, 1): 3, (0, 5): 1, (0, 6): 39, (0, 9): 1, (0, 10): 25, (0, 11): 1, (0, 12): 1, (0, 13): 1, (0, 15): 1, (1, 2): 1, (1, 4): 1, (1, 5): 48, (1, 7): 1, (1, 9): 1, (1, 10): 1, (1, 13): 12, (1, 14): 1, (2, 7): 26, (2, 8): 37, (2, 10): 1, (3, 4): 42, (3, 5): 1, (3, 6): 1, (3, 7): 13, (3, 10): 1, (3, 11): 1, (3, 13): 1, (3, 15): 1, (4, 6): 1, (4, 7): 1, (4, 12): 10, (4, 14): 1, (4, 15): 1, (5, 9): 1, (5, 11): 1, (5, 14): 1, (6, 7): 1, (6, 9): 1, (6, 10): 1, (6, 11): 1, (6, 12): 1, (6, 13): 1, (6, 14): 1, (6, 15): 1, (7, 10): 1, (7, 11): 1, (7, 13): 1, (8, 9): 3, (8, 10): 1, (9, 11): 22, (9, 13): 1, (9, 15): 7, (10, 13): 1, (10, 14): 1, (11, 12): 1, (11, 13): 1, (12, 14): 11, (12, 15): 1, (13, 14): 1, (13, 15): 1}",1147.0317840576172,316.0,48.0,888.0
30.0,Graph with 16 nodes and 60 edges,"[[0, 1, 0, 0, 0, 1, 1, 0, 0, 1, 1, 1, 1, 1, 0, 1], [1, 0, 1, 0, 1, 1, 0, 1, 0, 1, 1, 0, 0, 1, 1, 0], [0, 1, 0, 0, 0, 0, 0, 1, 1, 0, 1, 0, 0, 0, 0, 0], [0, 0, 0, 0, 1, 1, 1, 1, 0, 0, 1, 1, 0, 1, 0, 1], [0, 1, 0, 1, 0, 0, 1, 1, 0, 0, 0, 0, 1, 0, 1, 1], [1, 1, 0, 1, 0, 0, 0, 0, 0, 1, 0, 1, 0, 0, 1, 0], [1, 0, 0, 1, 1, 0, 0, 1, 0, 1, 1, 1, 1, 1, 1, 1], [0, 1, 1, 1, 1, 0, 1, 0, 0, 0, 1, 1, 0, 1, 0, 0], [0, 0, 1, 0, 0, 0, 0, 0, 0, 1, 1, 0, 0, 0, 0, 0], [1, 1, 0, 0, 0, 1, 1, 0, 1, 0, 0, 1, 0, 1, 0, 1], [1, 1, 1, 1, 0, 0, 1, 1, 1, 0, 0, 0, 0, 1, 1, 0], [1, 0, 0, 1, 0, 1, 1, 1, 0, 1, 0, 0, 1, 1, 0, 0], [1, 0, 0, 0, 1, 0, 1, 0, 0, 0, 0, 1, 0, 0, 1, 1], [1, 1, 0, 1, 0, 0, 1, 1, 0, 1, 1, 1, 0, 0, 1, 1], [0, 1, 0, 0, 1, 1, 1, 0, 0, 0, 1, 0, 1, 1, 0, 0], [1, 0, 0, 1, 1, 0, 1, 0, 0, 1, 0, 0, 1, 1, 0, 0]]",23.0,2.0,Y,"{0: 53, 1: 47, 2: 27, 3: 23, 4: 29, 5: 37, 6: 51, 7: 33, 8: 45, 9: 39, 10: 49, 11: 35, 12: 31, 13: 41, 14: 25, 15: 43}","{(0, 1): 1, (0, 5): 1, (0, 6): 1, (0, 9): 1, (0, 10): 1, (0, 11): 14, (0, 12): 26, (0, 13): 2, (0, 15): 6, (1, 2): 1, (1, 4): 1, (1, 5): 8, (1, 7): 2, (1, 9): 1, (1, 10): 1, (1, 13): 31, (1, 14): 1, (2, 7): 1, (2, 8): 14, (2, 10): 11, (3, 4): 15, (3, 5): 2, (3, 6): 1, (3, 7): 1, (3, 10): 1, (3, 11): 1, (3, 13): 1, (3, 15): 1, (4, 6): 9, (4, 7): 1, (4, 12): 1, (4, 14): 1, (4, 15): 1, (5, 9): 1, (5, 11): 15, (5, 14): 10, (6, 7): 25, (6, 9): 1, (6, 10): 1, (6, 11): 1, (6, 12): 1, (6, 13): 1, (6, 14): 9, (6, 15): 1, (7, 10): 1, (7, 11): 1, (7, 13): 1, (8, 9): 1, (8, 10): 30, (9, 11): 1, (9, 13): 1, (9, 15): 32, (10, 13): 1, (10, 14): 2, (11, 12): 1, (11, 13): 1, (12, 14): 1, (12, 15): 1, (13, 14): 1, (13, 15): 1}",2467.1554565429688,316.0,48.0,888.0
30.0,Graph with 16 nodes and 60 edges,"[[0, 1, 0, 0, 0, 1, 1, 0, 0, 1, 1, 1, 1, 1, 0, 1], [1, 0, 1, 0, 1, 1, 0, 1, 0, 1, 1, 0, 0, 1, 1, 0], [0, 1, 0, 0, 0, 0, 0, 1, 1, 0, 1, 0, 0, 0, 0, 0], [0, 0, 0, 0, 1, 1, 1, 1, 0, 0, 1, 1, 0, 1, 0, 1], [0, 1, 0, 1, 0, 0, 1, 1, 0, 0, 0, 0, 1, 0, 1, 1], [1, 1, 0, 1, 0, 0, 0, 0, 0, 1, 0, 1, 0, 0, 1, 0], [1, 0, 0, 1, 1, 0, 0, 1, 0, 1, 1, 1, 1, 1, 1, 1], [0, 1, 1, 1, 1, 0, 1, 0, 0, 0, 1, 1, 0, 1, 0, 0], [0, 0, 1, 0, 0, 0, 0, 0, 0, 1, 1, 0, 0, 0, 0, 0], [1, 1, 0, 0, 0, 1, 1, 0, 1, 0, 0, 1, 0, 1, 0, 1], [1, 1, 1, 1, 0, 0, 1, 1, 1, 0, 0, 0, 0, 1, 1, 0], [1, 0, 0, 1, 0, 1, 1, 1, 0, 1, 0, 0, 1, 1, 0, 0], [1, 0, 0, 0, 1, 0, 1, 0, 0, 0, 0, 1, 0, 0, 1, 1], [1, 1, 0, 1, 0, 0, 1, 1, 0, 1, 1, 1, 0, 0, 1, 1], [0, 1, 0, 0, 1, 1, 1, 0, 0, 0, 1, 0, 1, 1, 0, 0], [1, 0, 0, 1, 1, 0, 1, 0, 0, 1, 0, 0, 1, 1, 0, 0]]",24.0,2.0,Y,"{0: 54, 1: 48, 2: 28, 3: 24, 4: 30, 5: 38, 6: 52, 7: 34, 8: 46, 9: 40, 10: 50, 11: 36, 12: 32, 13: 42, 14: 26, 15: 44}","{(0, 1): 1, (0, 5): 1, (0, 6): 1, (0, 9): 1, (0, 10): 1, (0, 11): 20, (0, 12): 27, (0, 13): 1, (0, 15): 1, (1, 2): 1, (1, 4): 1, (1, 5): 8, (1, 7): 1, (1, 9): 1, (1, 10): 1, (1, 13): 33, (1, 14): 1, (2, 7): 1, (2, 8): 14, (2, 10): 12, (3, 4): 12, (3, 5): 1, (3, 6): 1, (3, 7): 1, (3, 10): 1, (3, 11): 1, (3, 13): 1, (3, 15): 6, (4, 6): 13, (4, 7): 1, (4, 12): 1, (4, 14): 1, (4, 15): 1, (5, 9): 1, (5, 11): 10, (5, 14): 17, (6, 7): 27, (6, 9): 1, (6, 10): 1, (6, 11): 1, (6, 12): 1, (6, 13): 1, (6, 14): 4, (6, 15): 1, (7, 10): 1, (7, 11): 1, (7, 13): 1, (8, 9): 1, (8, 10): 31, (9, 11): 1, (9, 13): 1, (9, 15): 33, (10, 13): 1, (10, 14): 1, (11, 12): 1, (11, 13): 1, (12, 14): 1, (12, 15): 1, (13, 14): 1, (13, 15): 1}",2357.006072998047,316.0,48.0,888.0
31.0,Graph with 16 nodes and 57 edges,"[[0, 1, 1, 1, 0, 0, 0, 0, 1, 0, 1, 0, 0, 0, 1, 0], [1, 0, 0, 1, 0, 1, 1, 0, 1, 0, 1, 0, 1, 1, 0, 0], [1, 0, 0, 0, 0, 1, 1, 1, 1, 0, 1, 0, 1, 0, 1, 1], [1, 1, 0, 0, 1, 1, 0, 1, 0, 0, 1, 1, 1, 1, 0, 0], [0, 0, 0, 1, 0, 1, 0, 1, 0, 1, 0, 1, 1, 1, 0, 1], [0, 1, 1, 1, 1, 0, 1, 1, 0, 1, 1, 0, 0, 1, 0, 1], [0, 1, 1, 0, 0, 1, 0, 1, 0, 0, 0, 0, 0, 1, 1, 0], [0, 0, 1, 1, 1, 1, 1, 0, 0, 0, 0, 0, 0, 0, 1, 0], [1, 1, 1, 0, 0, 0, 0, 0, 0, 0, 0, 1, 0, 1, 1, 0], [0, 0, 0, 0, 1, 1, 0, 0, 0, 0, 0, 0, 0, 0, 1, 0], [1, 1, 1, 1, 0, 1, 0, 0, 0, 0, 0, 0, 1, 1, 1, 0], [0, 0, 0, 1, 1, 0, 0, 0, 1, 0, 0, 0, 1, 1, 0, 0], [0, 1, 1, 1, 1, 0, 0, 0, 0, 0, 1, 1, 0, 0, 1, 0], [0, 1, 0, 1, 1, 1, 1, 0, 1, 0, 1, 1, 0, 0, 1, 0], [1, 0, 1, 0, 0, 0, 1, 1, 1, 1, 1, 0, 1, 1, 0, 1], [0, 0, 1, 0, 1, 1, 0, 0, 0, 0, 0, 0, 0, 0, 1, 0]]",4.0,5.0,Y,"{0: 14, 1: 19, 2: 24, 3: 29, 4: 34, 5: 39, 6: 44, 7: 49, 8: 54, 9: 9, 10: 59, 11: 64, 12: 69, 13: 74, 14: 79, 15: 4}","{(0, 1): 9, (0, 2): 1, (0, 3): 1, (0, 8): 1, (0, 10): 1, (0, 14): 1, (1, 3): 4, (1, 5): 1, (1, 6): 1, (1, 8): 1, (1, 10): 1, (1, 12): 1, (1, 13): 1, (2, 5): 16, (2, 6): 1, (2, 7): 1, (2, 8): 1, (2, 10): 1, (2, 12): 1, (2, 14): 1, (2, 15): 1, (3, 4): 18, (3, 5): 1, (3, 7): 1, (3, 10): 1, (3, 11): 1, (3, 12): 1, (3, 13): 1, (4, 5): 1, (4, 7): 1, (4, 9): 1, (4, 11): 10, (4, 12): 1, (4, 13): 1, (4, 15): 1, (5, 6): 1, (5, 7): 1, (5, 9): 1, (5, 10): 15, (5, 13): 1, (5, 15): 1, (6, 7): 39, (6, 13): 1, (6, 14): 1, (7, 14): 6, (8, 11): 26, (8, 13): 16, (8, 14): 9, (9, 14): 7, (10, 12): 38, (10, 13): 1, (10, 14): 1, (11, 12): 26, (11, 13): 1, (12, 14): 1, (13, 14): 51, (14, 15): 1}",2281.9042205810547,313.0,48.0,882.0
31.0,Graph with 16 nodes and 57 edges,"[[0, 1, 1, 1, 0, 0, 0, 0, 1, 0, 1, 0, 0, 0, 1, 0], [1, 0, 0, 1, 0, 1, 1, 0, 1, 0, 1, 0, 1, 1, 0, 0], [1, 0, 0, 0, 0, 1, 1, 1, 1, 0, 1, 0, 1, 0, 1, 1], [1, 1, 0, 0, 1, 1, 0, 1, 0, 0, 1, 1, 1, 1, 0, 0], [0, 0, 0, 1, 0, 1, 0, 1, 0, 1, 0, 1, 1, 1, 0, 1], [0, 1, 1, 1, 1, 0, 1, 1, 0, 1, 1, 0, 0, 1, 0, 1], [0, 1, 1, 0, 0, 1, 0, 1, 0, 0, 0, 0, 0, 1, 1, 0], [0, 0, 1, 1, 1, 1, 1, 0, 0, 0, 0, 0, 0, 0, 1, 0], [1, 1, 1, 0, 0, 0, 0, 0, 0, 0, 0, 1, 0, 1, 1, 0], [0, 0, 0, 0, 1, 1, 0, 0, 0, 0, 0, 0, 0, 0, 1, 0], [1, 1, 1, 1, 0, 1, 0, 0, 0, 0, 0, 0, 1, 1, 1, 0], [0, 0, 0, 1, 1, 0, 0, 0, 1, 0, 0, 0, 1, 1, 0, 0], [0, 1, 1, 1, 1, 0, 0, 0, 0, 0, 1, 1, 0, 0, 1, 0], [0, 1, 0, 1, 1, 1, 1, 0, 1, 0, 1, 1, 0, 0, 1, 0], [1, 0, 1, 0, 0, 0, 1, 1, 1, 1, 1, 0, 1, 1, 0, 1], [0, 0, 1, 0, 1, 1, 0, 0, 0, 0, 0, 0, 0, 0, 1, 0]]",11.0,7.0,Y,"{0: 18, 1: 25, 2: 32, 3: 39, 4: 46, 5: 53, 6: 60, 7: 67, 8: 74, 9: 81, 10: 88, 11: 95, 12: 102, 13: 109, 14: 116, 15: 11}","{(0, 1): 13, (0, 2): 1, (0, 3): 1, (0, 8): 1, (0, 10): 1, (0, 14): 1, (1, 3): 6, (1, 5): 1, (1, 6): 1, (1, 8): 1, (1, 10): 1, (1, 12): 1, (1, 13): 1, (2, 5): 24, (2, 6): 1, (2, 7): 1, (2, 8): 1, (2, 10): 1, (2, 12): 1, (2, 14): 1, (2, 15): 1, (3, 4): 26, (3, 5): 1, (3, 7): 1, (3, 10): 1, (3, 11): 1, (3, 12): 1, (3, 13): 1, (4, 5): 1, (4, 7): 1, (4, 9): 6, (4, 11): 7, (4, 12): 3, (4, 13): 1, (4, 15): 1, (5, 6): 1, (5, 7): 6, (5, 9): 12, (5, 10): 1, (5, 13): 1, (5, 15): 5, (6, 7): 44, (6, 13): 12, (6, 14): 1, (7, 14): 14, (8, 11): 14, (8, 13): 56, (8, 14): 1, (9, 14): 63, (10, 12): 23, (10, 13): 33, (10, 14): 27, (11, 12): 72, (11, 13): 1, (12, 14): 1, (13, 14): 3, (14, 15): 4}",2414.9417877197266,313.0,48.0,882.0
32.0,Graph with 16 nodes and 76 edges,"[[0, 1, 1, 0, 0, 1, 0, 0, 1, 1, 1, 1, 0, 1, 1, 1], [1, 0, 1, 0, 0, 1, 0, 1, 1, 0, 1, 1, 1, 1, 1, 1], [1, 1, 0, 1, 0, 1, 1, 1, 1, 0, 1, 1, 1, 1, 1, 1], [0, 0, 1, 0, 1, 0, 1, 1, 1, 1, 1, 0, 1, 0, 1, 0], [0, 0, 0, 1, 0, 1, 0, 1, 0, 1, 0, 0, 0, 1, 1, 0], [1, 1, 1, 0, 1, 0, 1, 0, 0, 1, 0, 1, 0, 0, 1, 0], [0, 0, 1, 1, 0, 1, 0, 1, 1, 1, 1, 1, 1, 1, 1, 0], [0, 1, 1, 1, 1, 0, 1, 0, 1, 1, 1, 0, 0, 1, 1, 0], [1, 1, 1, 1, 0, 0, 1, 1, 0, 0, 1, 1, 1, 0, 0, 0], [1, 0, 0, 1, 1, 1, 1, 1, 0, 0, 0, 1, 0, 0, 1, 0], [1, 1, 1, 1, 0, 0, 1, 1, 1, 0, 0, 1, 1, 1, 1, 0], [1, 1, 1, 0, 0, 1, 1, 0, 1, 1, 1, 0, 1, 1, 0, 1], [0, 1, 1, 1, 0, 0, 1, 0, 1, 0, 1, 1, 0, 0, 1, 1], [1, 1, 1, 0, 1, 0, 1, 1, 0, 0, 1, 1, 0, 0, 0, 0], [1, 1, 1, 1, 1, 1, 1, 1, 0, 1, 1, 0, 1, 0, 0, 1], [1, 1, 1, 0, 0, 0, 0, 0, 0, 0, 0, 1, 1, 0, 1, 0]]",9.0,5.0,Y,"{0: 19, 1: 24, 2: 29, 3: 14, 4: 34, 5: 39, 6: 44, 7: 49, 8: 54, 9: 59, 10: 64, 11: 69, 12: 74, 13: 79, 14: 84, 15: 9}","{(0, 1): 10, (0, 2): 1, (0, 5): 1, (0, 8): 1, (0, 9): 1, (0, 10): 1, (0, 11): 1, (0, 13): 1, (0, 14): 1, (0, 15): 1, (1, 2): 5, (1, 5): 1, (1, 7): 1, (1, 8): 1, (1, 10): 1, (1, 11): 1, (1, 12): 1, (1, 13): 1, (1, 14): 1, (1, 15): 1, (2, 3): 6, (2, 5): 8, (2, 6): 1, (2, 7): 1, (2, 8): 1, (2, 10): 1, (2, 11): 1, (2, 12): 1, (2, 13): 1, (2, 14): 1, (2, 15): 1, (3, 4): 1, (3, 6): 1, (3, 7): 1, (3, 8): 1, (3, 9): 1, (3, 10): 1, (3, 12): 1, (3, 14): 1, (4, 5): 25, (4, 7): 1, (4, 9): 1, (4, 13): 1, (4, 14): 5, (5, 6): 1, (5, 9): 1, (5, 11): 1, (5, 14): 1, (6, 7): 1, (6, 8): 1, (6, 9): 8, (6, 10): 3, (6, 11): 1, (6, 12): 1, (6, 13): 23, (6, 14): 3, (7, 8): 3, (7, 9): 3, (7, 10): 2, (7, 13): 31, (7, 14): 5, (8, 10): 32, (8, 11): 1, (8, 12): 13, (9, 11): 32, (9, 14): 12, (10, 11): 1, (10, 12): 1, (10, 13): 9, (10, 14): 12, (11, 12): 15, (11, 13): 12, (11, 15): 3, (12, 14): 40, (12, 15): 1, (14, 15): 2}",2187.967300415039,332.0,48.0,920.0
32.0,Graph with 16 nodes and 76 edges,"[[0, 1, 1, 0, 0, 1, 0, 0, 1, 1, 1, 1, 0, 1, 1, 1], [1, 0, 1, 0, 0, 1, 0, 1, 1, 0, 1, 1, 1, 1, 1, 1], [1, 1, 0, 1, 0, 1, 1, 1, 1, 0, 1, 1, 1, 1, 1, 1], [0, 0, 1, 0, 1, 0, 1, 1, 1, 1, 1, 0, 1, 0, 1, 0], [0, 0, 0, 1, 0, 1, 0, 1, 0, 1, 0, 0, 0, 1, 1, 0], [1, 1, 1, 0, 1, 0, 1, 0, 0, 1, 0, 1, 0, 0, 1, 0], [0, 0, 1, 1, 0, 1, 0, 1, 1, 1, 1, 1, 1, 1, 1, 0], [0, 1, 1, 1, 1, 0, 1, 0, 1, 1, 1, 0, 0, 1, 1, 0], [1, 1, 1, 1, 0, 0, 1, 1, 0, 0, 1, 1, 1, 0, 0, 0], [1, 0, 0, 1, 1, 1, 1, 1, 0, 0, 0, 1, 0, 0, 1, 0], [1, 1, 1, 1, 0, 0, 1, 1, 1, 0, 0, 1, 1, 1, 1, 0], [1, 1, 1, 0, 0, 1, 1, 0, 1, 1, 1, 0, 1, 1, 0, 1], [0, 1, 1, 1, 0, 0, 1, 0, 1, 0, 1, 1, 0, 0, 1, 1], [1, 1, 1, 0, 1, 0, 1, 1, 0, 0, 1, 1, 0, 0, 0, 0], [1, 1, 1, 1, 1, 1, 1, 1, 0, 1, 1, 0, 1, 0, 0, 1], [1, 1, 1, 0, 0, 0, 0, 0, 0, 0, 0, 1, 1, 0, 1, 0]]",12.0,1.0,Y,"{0: 13, 1: 14, 2: 15, 3: 16, 4: 17, 5: 18, 6: 19, 7: 20, 8: 21, 9: 22, 10: 23, 11: 24, 12: 25, 13: 26, 14: 27, 15: 12}","{(0, 1): 4, (0, 2): 1, (0, 5): 1, (0, 8): 1, (0, 9): 1, (0, 10): 1, (0, 11): 1, (0, 13): 1, (0, 14): 1, (0, 15): 1, (1, 2): 1, (1, 5): 1, (1, 7): 1, (1, 8): 1, (1, 10): 1, (1, 11): 1, (1, 12): 1, (1, 13): 1, (1, 14): 1, (1, 15): 1, (2, 3): 3, (2, 5): 1, (2, 6): 1, (2, 7): 1, (2, 8): 1, (2, 10): 1, (2, 11): 1, (2, 12): 1, (2, 13): 1, (2, 14): 1, (2, 15): 1, (3, 4): 6, (3, 6): 1, (3, 7): 1, (3, 8): 1, (3, 9): 1, (3, 10): 1, (3, 12): 1, (3, 14): 1, (4, 5): 7, (4, 7): 1, (4, 9): 1, (4, 13): 1, (4, 14): 1, (5, 6): 1, (5, 9): 1, (5, 11): 4, (5, 14): 2, (6, 7): 1, (6, 8): 3, (6, 9): 1, (6, 10): 1, (6, 11): 1, (6, 12): 1, (6, 13): 7, (6, 14): 1, (7, 8): 1, (7, 9): 11, (7, 10): 1, (7, 13): 1, (7, 14): 1, (8, 10): 1, (8, 11): 11, (8, 12): 1, (9, 11): 1, (9, 14): 5, (10, 11): 1, (10, 12): 1, (10, 13): 13, (10, 14): 1, (11, 12): 1, (11, 13): 1, (11, 15): 1, (12, 14): 11, (12, 15): 7, (14, 15): 1}",2510.7860565185547,332.0,48.0,920.0
33.0,Graph with 16 nodes and 55 edges,"[[0, 0, 1, 0, 0, 0, 1, 0, 1, 0, 0, 0, 1, 0, 1, 1], [0, 0, 0, 1, 0, 0, 1, 1, 0, 0, 1, 0, 0, 1, 0, 0], [1, 0, 0, 0, 0, 0, 0, 0, 1, 1, 1, 1, 0, 1, 0, 0], [0, 1, 0, 0, 0, 1, 1, 0, 1, 0, 0, 1, 1, 1, 0, 0], [0, 0, 0, 0, 0, 0, 1, 1, 1, 1, 0, 1, 0, 0, 0, 0], [0, 0, 0, 1, 0, 0, 1, 1, 0, 0, 0, 0, 1, 1, 0, 0], [1, 1, 0, 1, 1, 1, 0, 1, 1, 0, 1, 1, 1, 0, 1, 0], [0, 1, 0, 0, 1, 1, 1, 0, 1, 1, 1, 0, 0, 1, 1, 0], [1, 0, 1, 1, 1, 0, 1, 1, 0, 1, 1, 0, 0, 1, 1, 0], [0, 0, 1, 0, 1, 0, 0, 1, 1, 0, 1, 0, 0, 0, 1, 1], [0, 1, 1, 0, 0, 0, 1, 1, 1, 1, 0, 1, 0, 0, 0, 0], [0, 0, 1, 1, 1, 0, 1, 0, 0, 0, 1, 0, 1, 0, 0, 1], [1, 0, 0, 1, 0, 1, 1, 0, 0, 0, 0, 1, 0, 0, 1, 1], [0, 1, 1, 1, 0, 1, 0, 1, 1, 0, 0, 0, 0, 0, 0, 1], [1, 0, 0, 0, 0, 0, 1, 1, 1, 1, 0, 0, 1, 0, 0, 0], [1, 0, 0, 0, 0, 0, 0, 0, 0, 1, 0, 1, 1, 1, 0, 0]]",8.0,4.0,Y,"{0: 12, 1: 16, 2: 20, 3: 24, 4: 28, 5: 32, 6: 36, 7: 40, 8: 44, 9: 48, 10: 52, 11: 56, 12: 60, 13: 64, 14: 68, 15: 8}","{(0, 2): 7, (0, 6): 1, (0, 8): 1, (0, 12): 1, (0, 14): 1, (0, 15): 1, (1, 3): 12, (1, 6): 1, (1, 7): 1, (1, 10): 1, (1, 13): 1, (2, 8): 9, (2, 9): 1, (2, 10): 1, (2, 11): 1, (2, 13): 1, (3, 5): 7, (3, 6): 1, (3, 8): 1, (3, 11): 1, (3, 12): 1, (3, 13): 1, (4, 6): 24, (4, 7): 1, (4, 8): 1, (4, 9): 1, (4, 11): 1, (5, 6): 1, (5, 7): 7, (5, 12): 1, (5, 13): 16, (6, 7): 1, (6, 8): 1, (6, 10): 1, (6, 11): 3, (6, 12): 1, (6, 14): 1, (7, 8): 1, (7, 9): 1, (7, 10): 1, (7, 13): 26, (7, 14): 1, (8, 9): 1, (8, 10): 7, (8, 13): 15, (8, 14): 7, (9, 10): 16, (9, 14): 27, (9, 15): 1, (10, 11): 25, (11, 12): 24, (11, 15): 1, (12, 14): 31, (12, 15): 1, (13, 15): 4}",2099.9908447265625,311.0,48.0,878.0
33.0,Graph with 16 nodes and 55 edges,"[[0, 0, 1, 0, 0, 0, 1, 0, 1, 0, 0, 0, 1, 0, 1, 1], [0, 0, 0, 1, 0, 0, 1, 1, 0, 0, 1, 0, 0, 1, 0, 0], [1, 0, 0, 0, 0, 0, 0, 0, 1, 1, 1, 1, 0, 1, 0, 0], [0, 1, 0, 0, 0, 1, 1, 0, 1, 0, 0, 1, 1, 1, 0, 0], [0, 0, 0, 0, 0, 0, 1, 1, 1, 1, 0, 1, 0, 0, 0, 0], [0, 0, 0, 1, 0, 0, 1, 1, 0, 0, 0, 0, 1, 1, 0, 0], [1, 1, 0, 1, 1, 1, 0, 1, 1, 0, 1, 1, 1, 0, 1, 0], [0, 1, 0, 0, 1, 1, 1, 0, 1, 1, 1, 0, 0, 1, 1, 0], [1, 0, 1, 1, 1, 0, 1, 1, 0, 1, 1, 0, 0, 1, 1, 0], [0, 0, 1, 0, 1, 0, 0, 1, 1, 0, 1, 0, 0, 0, 1, 1], [0, 1, 1, 0, 0, 0, 1, 1, 1, 1, 0, 1, 0, 0, 0, 0], [0, 0, 1, 1, 1, 0, 1, 0, 0, 0, 1, 0, 1, 0, 0, 1], [1, 0, 0, 1, 0, 1, 1, 0, 0, 0, 0, 1, 0, 0, 1, 1], [0, 1, 1, 1, 0, 1, 0, 1, 1, 0, 0, 0, 0, 0, 0, 1], [1, 0, 0, 0, 0, 0, 1, 1, 1, 1, 0, 0, 1, 0, 0, 0], [1, 0, 0, 0, 0, 0, 0, 0, 0, 1, 0, 1, 1, 1, 0, 0]]",27.0,3.0,Y,"{0: 30, 1: 33, 2: 36, 3: 39, 4: 42, 5: 45, 6: 48, 7: 51, 8: 54, 9: 57, 10: 60, 11: 63, 12: 66, 13: 69, 14: 72, 15: 27}","{(0, 2): 25, (0, 6): 1, (0, 8): 1, (0, 12): 1, (0, 14): 1, (0, 15): 1, (1, 3): 29, (1, 6): 1, (1, 7): 1, (1, 10): 1, (1, 13): 1, (2, 8): 7, (2, 9): 1, (2, 10): 1, (2, 11): 1, (2, 13): 1, (3, 5): 5, (3, 6): 1, (3, 8): 1, (3, 11): 1, (3, 12): 1, (3, 13): 1, (4, 6): 38, (4, 7): 1, (4, 8): 1, (4, 9): 1, (4, 11): 1, (5, 6): 1, (5, 7): 9, (5, 12): 1, (5, 13): 29, (6, 7): 1, (6, 8): 1, (6, 10): 1, (6, 11): 1, (6, 12): 1, (6, 14): 1, (7, 8): 1, (7, 9): 5, (7, 10): 1, (7, 13): 13, (7, 14): 19, (8, 9): 31, (8, 10): 1, (8, 13): 1, (8, 14): 9, (9, 10): 17, (9, 14): 1, (9, 15): 1, (10, 11): 38, (11, 12): 20, (11, 15): 1, (12, 14): 41, (12, 15): 1, (13, 15): 23}",2277.1358489990234,311.0,48.0,878.0
36.0,Graph with 16 nodes and 58 edges,"[[0, 0, 0, 0, 1, 1, 1, 1, 1, 0, 0, 0, 0, 0, 1, 1], [0, 0, 0, 1, 0, 1, 0, 1, 0, 1, 1, 0, 0, 0, 0, 1], [0, 0, 0, 0, 0, 1, 0, 0, 0, 1, 1, 1, 1, 1, 1, 1], [0, 1, 0, 0, 0, 0, 1, 1, 1, 1, 0, 1, 0, 1, 1, 1], [1, 0, 0, 0, 0, 0, 0, 0, 0, 0, 1, 1, 0, 0, 0, 0], [1, 1, 1, 0, 0, 0, 1, 0, 1, 1, 0, 0, 0, 0, 1, 1], [1, 0, 0, 1, 0, 1, 0, 0, 1, 0, 1, 0, 1, 1, 0, 1], [1, 1, 0, 1, 0, 0, 0, 0, 0, 1, 0, 1, 0, 0, 0, 1], [1, 0, 0, 1, 0, 1, 1, 0, 0, 1, 0, 0, 1, 0, 0, 1], [0, 1, 1, 1, 0, 1, 0, 1, 1, 0, 1, 0, 0, 1, 1, 0], [0, 1, 1, 0, 1, 0, 1, 0, 0, 1, 0, 1, 1, 0, 0, 1], [0, 0, 1, 1, 1, 0, 0, 1, 0, 0, 1, 0, 0, 1, 1, 0], [0, 0, 1, 0, 0, 0, 1, 0, 1, 0, 1, 0, 0, 1, 0, 0], [0, 0, 1, 1, 0, 0, 1, 0, 0, 1, 0, 1, 1, 0, 0, 1], [1, 0, 1, 1, 0, 1, 0, 0, 0, 1, 0, 1, 0, 0, 0, 1], [1, 1, 1, 1, 0, 1, 1, 1, 1, 0, 1, 0, 0, 1, 1, 0]]",15.0,6.0,Y,"{0: 105, 1: 45, 2: 21, 3: 75, 4: 93, 5: 69, 6: 27, 7: 99, 8: 15, 9: 87, 10: 63, 11: 57, 12: 51, 13: 81, 14: 33, 15: 39}","{(0, 4): 13, (0, 5): 50, (0, 6): 1, (0, 7): 18, (0, 8): 9, (0, 14): 13, (0, 15): 1, (1, 3): 31, (1, 5): 4, (1, 7): 7, (1, 9): 1, (1, 10): 1, (1, 15): 1, (2, 5): 1, (2, 9): 1, (2, 10): 1, (2, 11): 1, (2, 12): 14, (2, 13): 1, (2, 14): 1, (2, 15): 1, (3, 6): 1, (3, 7): 5, (3, 8): 1, (3, 9): 1, (3, 11): 1, (3, 13): 25, (3, 14): 9, (3, 15): 1, (4, 10): 35, (4, 11): 45, (5, 6): 1, (5, 8): 1, (5, 9): 1, (5, 14): 1, (5, 15): 10, (6, 8): 1, (6, 10): 1, (6, 12): 1, (6, 13): 14, (6, 15): 7, (7, 9): 67, (7, 11): 1, (7, 15): 1, (8, 9): 1, (8, 12): 1, (8, 15): 1, (9, 10): 7, (9, 13): 1, (9, 14): 7, (10, 11): 7, (10, 12): 7, (10, 15): 4, (11, 13): 1, (11, 14): 1, (12, 13): 28, (13, 15): 11, (14, 15): 1}",3523.111343383789,314.0,48.0,884.0
37.0,Graph with 16 nodes and 50 edges,"[[0, 1, 0, 0, 0, 1, 0, 0, 0, 0, 0, 0, 0, 0, 0, 1], [1, 0, 0, 0, 1, 0, 0, 0, 1, 1, 1, 1, 0, 1, 0, 1], [0, 0, 0, 0, 0, 1, 0, 1, 0, 1, 0, 0, 0, 0, 1, 1], [0, 0, 0, 0, 0, 1, 1, 1, 0, 1, 0, 1, 1, 0, 1, 1], [0, 1, 0, 0, 0, 0, 0, 1, 0, 0, 0, 0, 0, 0, 0, 0], [1, 0, 1, 1, 0, 0, 0, 0, 1, 1, 0, 0, 0, 0, 0, 1], [0, 0, 0, 1, 0, 0, 0, 0, 1, 1, 0, 1, 1, 0, 0, 1], [0, 0, 1, 1, 1, 0, 0, 0, 0, 0, 1, 0, 1, 1, 1, 0], [0, 1, 0, 0, 0, 1, 1, 0, 0, 0, 1, 1, 1, 0, 1, 0], [0, 1, 1, 1, 0, 1, 1, 0, 0, 0, 1, 1, 0, 1, 0, 1], [0, 1, 0, 0, 0, 0, 0, 1, 1, 1, 0, 1, 1, 0, 0, 1], [0, 1, 0, 1, 0, 0, 1, 0, 1, 1, 1, 0, 1, 1, 0, 0], [0, 0, 0, 1, 0, 0, 1, 1, 1, 0, 1, 1, 0, 0, 0, 1], [0, 1, 0, 0, 0, 0, 0, 1, 0, 1, 0, 1, 0, 0, 0, 0], [0, 0, 1, 1, 0, 0, 0, 1, 1, 0, 0, 0, 0, 0, 0, 0], [1, 1, 1, 1, 0, 1, 1, 0, 0, 1, 1, 0, 1, 0, 0, 0]]",26.0,8.0,Y,"{0: 50, 1: 122, 2: 58, 3: 42, 4: 114, 5: 90, 6: 66, 7: 74, 8: 130, 9: 82, 10: 34, 11: 98, 12: 106, 13: 138, 14: 26, 15: 146}","{(0, 1): 1, (0, 5): 1, (0, 15): 48, (1, 4): 46, (1, 8): 1, (1, 9): 1, (1, 10): 1, (1, 11): 1, (1, 13): 1, (1, 15): 70, (2, 5): 1, (2, 7): 1, (2, 9): 16, (2, 14): 23, (2, 15): 17, (3, 5): 1, (3, 6): 1, (3, 7): 1, (3, 9): 1, (3, 11): 1, (3, 12): 35, (3, 14): 1, (3, 15): 1, (4, 7): 68, (5, 8): 84, (5, 9): 2, (5, 15): 1, (6, 8): 1, (6, 9): 1, (6, 11): 1, (6, 12): 61, (6, 15): 1, (7, 10): 1, (7, 12): 1, (7, 13): 1, (7, 14): 1, (8, 10): 28, (8, 11): 14, (8, 12): 1, (8, 14): 1, (9, 10): 1, (9, 11): 1, (9, 13): 58, (9, 15): 1, (10, 11): 1, (10, 12): 1, (10, 15): 1, (11, 12): 1, (11, 13): 78, (12, 15): 6}",1433.8493347167969,306.0,48.0,868.0
38.0,Graph with 16 nodes and 57 edges,"[[0, 1, 0, 1, 1, 0, 0, 0, 1, 0, 0, 0, 1, 1, 0, 1], [1, 0, 0, 1, 1, 1, 0, 1, 0, 0, 1, 1, 1, 0, 1, 0], [0, 0, 0, 1, 1, 1, 0, 1, 1, 1, 0, 0, 0, 1, 1, 1], [1, 1, 1, 0, 1, 0, 0, 0, 0, 1, 0, 1, 1, 0, 0, 0], [1, 1, 1, 1, 0, 1, 0, 0, 0, 1, 0, 1, 0, 1, 0, 1], [0, 1, 1, 0, 1, 0, 1, 1, 1, 1, 0, 0, 1, 0, 0, 0], [0, 0, 0, 0, 0, 1, 0, 1, 0, 0, 0, 1, 1, 0, 1, 0], [0, 1, 1, 0, 0, 1, 1, 0, 0, 0, 0, 0, 0, 0, 1, 1], [1, 0, 1, 0, 0, 1, 0, 0, 0, 1, 1, 0, 1, 0, 1, 1], [0, 0, 1, 1, 1, 1, 0, 0, 1, 0, 1, 0, 0, 0, 0, 0], [0, 1, 0, 0, 0, 0, 0, 0, 1, 1, 0, 0, 0, 1, 0, 1], [0, 1, 0, 1, 1, 0, 1, 0, 0, 0, 0, 0, 1, 0, 1, 1], [1, 1, 0, 1, 0, 1, 1, 0, 1, 0, 0, 1, 0, 0, 1, 0], [1, 0, 1, 0, 1, 0, 0, 0, 0, 0, 1, 0, 0, 0, 1, 0], [0, 1, 1, 0, 0, 0, 1, 1, 1, 0, 0, 1, 1, 1, 0, 0], [1, 0, 1, 0, 1, 0, 0, 1, 1, 0, 1, 1, 0, 0, 0, 0]]",11.0,3.0,Y,"{0: 14, 1: 17, 2: 20, 3: 23, 4: 26, 5: 29, 6: 32, 7: 35, 8: 38, 9: 41, 10: 44, 11: 47, 12: 50, 13: 53, 14: 56, 15: 11}","{(0, 1): 8, (0, 3): 1, (0, 4): 1, (0, 8): 1, (0, 12): 1, (0, 13): 1, (0, 15): 1, (1, 3): 2, (1, 4): 1, (1, 5): 1, (1, 7): 1, (1, 10): 1, (1, 11): 1, (1, 12): 1, (1, 14): 1, (2, 3): 12, (2, 4): 1, (2, 5): 1, (2, 7): 1, (2, 8): 1, (2, 9): 1, (2, 13): 1, (2, 14): 1, (2, 15): 1, (3, 4): 5, (3, 9): 1, (3, 11): 1, (3, 12): 1, (4, 5): 1, (4, 9): 1, (4, 11): 14, (4, 13): 1, (4, 15): 1, (5, 6): 11, (5, 7): 1, (5, 8): 5, (5, 9): 8, (5, 12): 1, (6, 7): 9, (6, 11): 8, (6, 12): 3, (6, 14): 1, (7, 14): 18, (7, 15): 5, (8, 9): 27, (8, 10): 1, (8, 12): 1, (8, 14): 1, (8, 15): 1, (9, 10): 3, (10, 13): 38, (10, 15): 1, (11, 12): 21, (11, 14): 1, (11, 15): 1, (12, 14): 21, (13, 14): 12}",2306.9381713867188,313.0,48.0,882.0
39.0,Graph with 16 nodes and 58 edges,"[[0, 0, 0, 0, 0, 0, 0, 0, 0, 1, 1, 0, 0, 0, 1, 0], [0, 0, 1, 0, 1, 1, 0, 0, 0, 1, 0, 0, 0, 0, 0, 1], [0, 1, 0, 1, 0, 1, 1, 1, 1, 0, 0, 0, 0, 0, 0, 1], [0, 0, 1, 0, 0, 1, 1, 0, 1, 1, 1, 1, 1, 1, 1, 0], [0, 1, 0, 0, 0, 0, 1, 1, 0, 1, 1, 1, 1, 1, 0, 1], [0, 1, 1, 1, 0, 0, 0, 0, 0, 1, 1, 1, 1, 0, 0, 1], [0, 0, 1, 1, 1, 0, 0, 1, 0, 0, 0, 0, 0, 1, 0, 1], [0, 0, 1, 0, 1, 0, 1, 0, 0, 1, 0, 1, 1, 0, 1, 1], [0, 0, 1, 1, 0, 0, 0, 0, 0, 0, 1, 1, 0, 0, 1, 0], [1, 1, 0, 1, 1, 1, 0, 1, 0, 0, 1, 1, 1, 0, 0, 0], [1, 0, 0, 1, 1, 1, 0, 0, 1, 1, 0, 1, 1, 1, 0, 1], [0, 0, 0, 1, 1, 1, 0, 1, 1, 1, 1, 0, 0, 0, 1, 1], [0, 0, 0, 1, 1, 1, 0, 1, 0, 1, 1, 0, 0, 1, 1, 0], [0, 0, 0, 1, 1, 0, 1, 0, 0, 0, 1, 0, 1, 0, 0, 0], [1, 0, 0, 1, 0, 0, 0, 1, 1, 0, 0, 1, 1, 0, 0, 0], [0, 1, 1, 0, 1, 1, 1, 1, 0, 0, 1, 1, 0, 0, 0, 0]]",6.0,8.0,Y,"{0: 14, 1: 22, 2: 30, 3: 38, 4: 46, 5: 54, 6: 62, 7: 70, 8: 78, 9: 86, 10: 94, 11: 102, 12: 110, 13: 118, 14: 6, 15: 126}","{(0, 9): 12, (0, 10): 1, (0, 14): 1, (1, 2): 18, (1, 4): 1, (1, 5): 1, (1, 9): 1, (1, 15): 1, (2, 3): 7, (2, 5): 1, (2, 6): 1, (2, 7): 1, (2, 8): 1, (2, 15): 1, (3, 5): 23, (3, 6): 1, (3, 8): 1, (3, 9): 1, (3, 10): 1, (3, 11): 1, (3, 12): 1, (3, 13): 1, (3, 14): 1, (4, 6): 38, (4, 7): 1, (4, 9): 1, (4, 10): 1, (4, 11): 1, (4, 12): 1, (4, 13): 1, (4, 15): 1, (5, 9): 1, (5, 10): 1, (5, 11): 1, (5, 12): 1, (5, 15): 25, (6, 7): 1, (6, 13): 1, (6, 15): 20, (7, 9): 54, (7, 11): 8, (7, 12): 1, (7, 14): 1, (7, 15): 3, (8, 10): 1, (8, 11): 74, (8, 14): 1, (9, 10): 1, (9, 11): 14, (9, 12): 1, (10, 11): 1, (10, 12): 1, (10, 13): 12, (10, 15): 74, (11, 14): 1, (11, 15): 1, (12, 13): 103, (12, 14): 1}",2016.0675048828125,314.0,48.0,884.0
39.0,Graph with 16 nodes and 58 edges,"[[0, 0, 0, 0, 0, 0, 0, 0, 0, 1, 1, 0, 0, 0, 1, 0], [0, 0, 1, 0, 1, 1, 0, 0, 0, 1, 0, 0, 0, 0, 0, 1], [0, 1, 0, 1, 0, 1, 1, 1, 1, 0, 0, 0, 0, 0, 0, 1], [0, 0, 1, 0, 0, 1, 1, 0, 1, 1, 1, 1, 1, 1, 1, 0], [0, 1, 0, 0, 0, 0, 1, 1, 0, 1, 1, 1, 1, 1, 0, 1], [0, 1, 1, 1, 0, 0, 0, 0, 0, 1, 1, 1, 1, 0, 0, 1], [0, 0, 1, 1, 1, 0, 0, 1, 0, 0, 0, 0, 0, 1, 0, 1], [0, 0, 1, 0, 1, 0, 1, 0, 0, 1, 0, 1, 1, 0, 1, 1], [0, 0, 1, 1, 0, 0, 0, 0, 0, 0, 1, 1, 0, 0, 1, 0], [1, 1, 0, 1, 1, 1, 0, 1, 0, 0, 1, 1, 1, 0, 0, 0], [1, 0, 0, 1, 1, 1, 0, 0, 1, 1, 0, 1, 1, 1, 0, 1], [0, 0, 0, 1, 1, 1, 0, 1, 1, 1, 1, 0, 0, 0, 1, 1], [0, 0, 0, 1, 1, 1, 0, 1, 0, 1, 1, 0, 0, 1, 1, 0], [0, 0, 0, 1, 1, 0, 1, 0, 0, 0, 1, 0, 1, 0, 0, 0], [1, 0, 0, 1, 0, 0, 0, 1, 1, 0, 0, 1, 1, 0, 0, 0], [0, 1, 1, 0, 1, 1, 1, 1, 0, 0, 1, 1, 0, 0, 0, 0]]",15.0,8.0,Y,"{0: 23, 1: 31, 2: 39, 3: 47, 4: 55, 5: 63, 6: 71, 7: 79, 8: 87, 9: 95, 10: 103, 11: 111, 12: 119, 13: 127, 14: 135, 15: 15}","{(0, 9): 21, (0, 10): 1, (0, 14): 1, (1, 2): 27, (1, 4): 1, (1, 5): 1, (1, 9): 1, (1, 15): 1, (2, 3): 7, (2, 5): 1, (2, 6): 1, (2, 7): 1, (2, 8): 1, (2, 15): 1, (3, 5): 32, (3, 6): 1, (3, 8): 1, (3, 9): 1, (3, 10): 1, (3, 11): 1, (3, 12): 1, (3, 13): 1, (3, 14): 1, (4, 6): 47, (4, 7): 1, (4, 9): 1, (4, 10): 1, (4, 11): 1, (4, 12): 1, (4, 13): 1, (4, 15): 1, (5, 9): 4, (5, 10): 1, (5, 11): 15, (5, 12): 1, (5, 15): 8, (6, 7): 1, (6, 13): 20, (6, 15): 1, (7, 9): 1, (7, 11): 25, (7, 12): 2, (7, 14): 47, (7, 15): 1, (8, 10): 1, (8, 11): 1, (8, 14): 83, (9, 10): 1, (9, 11): 64, (9, 12): 1, (10, 11): 1, (10, 12): 51, (10, 13): 44, (10, 15): 1, (11, 14): 2, (11, 15): 1, (12, 13): 61, (12, 14): 1}",2089.977264404297,314.0,48.0,884.0
40.0,Graph with 16 nodes and 66 edges,"[[0, 0, 1, 1, 1, 0, 0, 0, 1, 0, 1, 1, 1, 0, 1, 1], [0, 0, 1, 1, 1, 0, 1, 1, 1, 1, 0, 1, 1, 0, 1, 0], [1, 1, 0, 0, 0, 1, 0, 1, 0, 0, 0, 1, 0, 0, 1, 1], [1, 1, 0, 0, 1, 1, 1, 1, 0, 1, 1, 1, 1, 0, 1, 1], [1, 1, 0, 1, 0, 1, 1, 1, 1, 0, 0, 0, 0, 1, 1, 0], [0, 0, 1, 1, 1, 0, 1, 0, 0, 1, 1, 0, 0, 1, 0, 1], [0, 1, 0, 1, 1, 1, 0, 1, 1, 0, 0, 0, 0, 1, 0, 1], [0, 1, 1, 1, 1, 0, 1, 0, 1, 0, 0, 0, 0, 0, 1, 0], [1, 1, 0, 0, 1, 0, 1, 1, 0, 0, 0, 1, 0, 0, 1, 0], [0, 1, 0, 1, 0, 1, 0, 0, 0, 0, 1, 1, 0, 1, 0, 1], [1, 0, 0, 1, 0, 1, 0, 0, 0, 1, 0, 1, 0, 0, 1, 0], [1, 1, 1, 1, 0, 0, 0, 0, 1, 1, 1, 0, 1, 1, 0, 1], [1, 1, 0, 1, 0, 0, 0, 0, 0, 0, 0, 1, 0, 1, 0, 1], [0, 0, 0, 0, 1, 1, 1, 0, 0, 1, 0, 1, 1, 0, 1, 0], [1, 1, 1, 1, 1, 0, 0, 1, 1, 0, 1, 0, 0, 1, 0, 1], [1, 0, 1, 1, 0, 1, 1, 0, 0, 1, 0, 1, 1, 0, 1, 0]]",10.0,6.0,Y,"{0: 16, 1: 22, 2: 28, 3: 34, 4: 40, 5: 46, 6: 52, 7: 58, 8: 64, 9: 70, 10: 76, 11: 82, 12: 88, 13: 94, 14: 100, 15: 10}","{(0, 2): 8, (0, 3): 1, (0, 4): 1, (0, 8): 1, (0, 10): 1, (0, 11): 1, (0, 12): 1, (0, 14): 1, (0, 15): 1, (1, 2): 13, (1, 3): 1, (1, 4): 1, (1, 6): 1, (1, 7): 1, (1, 8): 1, (1, 9): 1, (1, 11): 1, (1, 12): 1, (1, 14): 1, (2, 5): 3, (2, 7): 1, (2, 11): 1, (2, 14): 1, (2, 15): 1, (3, 4): 23, (3, 5): 1, (3, 6): 1, (3, 7): 1, (3, 9): 1, (3, 10): 1, (3, 11): 1, (3, 12): 1, (3, 14): 1, (3, 15): 1, (4, 5): 1, (4, 6): 1, (4, 7): 1, (4, 8): 10, (4, 13): 1, (4, 14): 1, (5, 6): 37, (5, 9): 1, (5, 10): 1, (5, 13): 1, (5, 15): 1, (6, 7): 8, (6, 8): 1, (6, 13): 1, (6, 15): 2, (7, 8): 35, (7, 14): 11, (8, 11): 10, (8, 14): 6, (9, 10): 1, (9, 11): 64, (9, 13): 1, (9, 15): 1, (10, 11): 1, (10, 14): 71, (11, 12): 1, (11, 13): 1, (11, 15): 1, (12, 13): 83, (12, 15): 1, (13, 14): 6, (14, 15): 1}",2260.2081298828125,322.0,48.0,900.0
41.0,Graph with 16 nodes and 57 edges,"[[0, 0, 1, 0, 1, 1, 1, 1, 0, 0, 1, 1, 1, 0, 0, 1], [0, 0, 0, 1, 0, 1, 1, 0, 0, 0, 1, 1, 0, 0, 0, 0], [1, 0, 0, 0, 0, 1, 0, 0, 0, 0, 0, 1, 0, 0, 1, 1], [0, 1, 0, 0, 0, 0, 0, 0, 1, 1, 0, 1, 0, 0, 0, 1], [1, 0, 0, 0, 0, 0, 0, 1, 1, 1, 1, 1, 0, 1, 1, 1], [1, 1, 1, 0, 0, 0, 0, 0, 0, 1, 1, 1, 0, 0, 1, 1], [1, 1, 0, 0, 0, 0, 0, 1, 0, 1, 1, 0, 0, 1, 0, 0], [1, 0, 0, 0, 1, 0, 1, 0, 0, 1, 1, 0, 1, 0, 1, 0], [0, 0, 0, 1, 1, 0, 0, 0, 0, 1, 0, 1, 0, 1, 0, 0], [0, 0, 0, 1, 1, 1, 1, 1, 1, 0, 1, 1, 0, 0, 0, 0], [1, 1, 0, 0, 1, 1, 1, 1, 0, 1, 0, 1, 1, 1, 1, 0], [1, 1, 1, 1, 1, 1, 0, 0, 1, 1, 1, 0, 0, 0, 1, 0], [1, 0, 0, 0, 0, 0, 0, 1, 0, 0, 1, 0, 0, 1, 1, 1], [0, 0, 0, 0, 1, 0, 1, 0, 1, 0, 1, 0, 1, 0, 0, 0], [0, 0, 1, 0, 1, 1, 0, 1, 0, 0, 1, 1, 1, 0, 0, 1], [1, 0, 1, 1, 1, 1, 0, 0, 0, 0, 0, 0, 1, 0, 1, 0]]",11.0,2.0,Y,"{0: 41, 1: 39, 2: 37, 3: 35, 4: 33, 5: 31, 6: 29, 7: 27, 8: 25, 9: 23, 10: 21, 11: 19, 12: 17, 13: 15, 14: 13, 15: 11}","{(0, 2): 1, (0, 4): 1, (0, 5): 1, (0, 6): 1, (0, 7): 21, (0, 10): 6, (0, 11): 1, (0, 12): 8, (0, 15): 1, (1, 3): 12, (1, 5): 1, (1, 6): 24, (1, 10): 1, (1, 11): 1, (2, 5): 24, (2, 11): 5, (2, 14): 6, (2, 15): 1, (3, 8): 15, (3, 9): 1, (3, 11): 6, (3, 15): 1, (4, 7): 1, (4, 8): 1, (4, 9): 16, (4, 10): 6, (4, 11): 1, (4, 13): 1, (4, 14): 1, (4, 15): 5, (5, 9): 1, (5, 10): 1, (5, 11): 1, (5, 14): 1, (5, 15): 1, (6, 7): 1, (6, 9): 1, (6, 10): 1, (6, 13): 1, (7, 9): 1, (7, 10): 1, (7, 12): 1, (7, 14): 1, (8, 9): 1, (8, 11): 1, (8, 13): 7, (9, 10): 1, (9, 11): 1, (10, 11): 1, (10, 12): 1, (10, 13): 1, (10, 14): 1, (11, 14): 1, (12, 13): 5, (12, 14): 1, (12, 15): 1, (14, 15): 1}",1220.9415435791016,313.0,48.0,882.0
41.0,Graph with 16 nodes and 57 edges,"[[0, 0, 1, 0, 1, 1, 1, 1, 0, 0, 1, 1, 1, 0, 0, 1], [0, 0, 0, 1, 0, 1, 1, 0, 0, 0, 1, 1, 0, 0, 0, 0], [1, 0, 0, 0, 0, 1, 0, 0, 0, 0, 0, 1, 0, 0, 1, 1], [0, 1, 0, 0, 0, 0, 0, 0, 1, 1, 0, 1, 0, 0, 0, 1], [1, 0, 0, 0, 0, 0, 0, 1, 1, 1, 1, 1, 0, 1, 1, 1], [1, 1, 1, 0, 0, 0, 0, 0, 0, 1, 1, 1, 0, 0, 1, 1], [1, 1, 0, 0, 0, 0, 0, 1, 0, 1, 1, 0, 0, 1, 0, 0], [1, 0, 0, 0, 1, 0, 1, 0, 0, 1, 1, 0, 1, 0, 1, 0], [0, 0, 0, 1, 1, 0, 0, 0, 0, 1, 0, 1, 0, 1, 0, 0], [0, 0, 0, 1, 1, 1, 1, 1, 1, 0, 1, 1, 0, 0, 0, 0], [1, 1, 0, 0, 1, 1, 1, 1, 0, 1, 0, 1, 1, 1, 1, 0], [1, 1, 1, 1, 1, 1, 0, 0, 1, 1, 1, 0, 0, 0, 1, 0], [1, 0, 0, 0, 0, 0, 0, 1, 0, 0, 1, 0, 0, 1, 1, 1], [0, 0, 0, 0, 1, 0, 1, 0, 1, 0, 1, 0, 1, 0, 0, 0], [0, 0, 1, 0, 1, 1, 0, 1, 0, 0, 1, 1, 1, 0, 0, 1], [1, 0, 1, 1, 1, 1, 0, 0, 0, 0, 0, 0, 1, 0, 1, 0]]",20.0,3.0,Y,"{0: 65, 1: 62, 2: 59, 3: 56, 4: 53, 5: 50, 6: 47, 7: 44, 8: 41, 9: 38, 10: 35, 11: 32, 12: 29, 13: 26, 14: 23, 15: 20}","{(0, 2): 1, (0, 4): 1, (0, 5): 1, (0, 6): 1, (0, 7): 38, (0, 10): 20, (0, 11): 1, (0, 12): 1, (0, 15): 1, (1, 3): 17, (1, 5): 1, (1, 6): 42, (1, 10): 1, (1, 11): 1, (2, 5): 43, (2, 11): 13, (2, 14): 1, (2, 15): 1, (3, 8): 23, (3, 9): 4, (3, 11): 11, (3, 15): 1, (4, 7): 1, (4, 8): 1, (4, 9): 27, (4, 10): 6, (4, 11): 1, (4, 13): 1, (4, 14): 1, (4, 15): 14, (5, 9): 1, (5, 10): 1, (5, 11): 1, (5, 14): 1, (5, 15): 1, (6, 7): 1, (6, 9): 1, (6, 10): 1, (6, 13): 1, (7, 9): 1, (7, 10): 1, (7, 12): 1, (7, 14): 1, (8, 9): 2, (8, 11): 1, (8, 13): 14, (9, 10): 1, (9, 11): 1, (10, 11): 1, (10, 12): 1, (10, 13): 1, (10, 14): 1, (11, 14): 1, (12, 13): 9, (12, 14): 16, (12, 15): 1, (14, 15): 1}",1237.8692626953125,313.0,48.0,882.0
42.0,Graph with 16 nodes and 63 edges,"[[0, 0, 0, 0, 0, 1, 1, 0, 0, 1, 0, 1, 0, 1, 1, 1], [0, 0, 0, 0, 1, 1, 0, 0, 1, 1, 1, 1, 0, 0, 0, 0], [0, 0, 0, 1, 0, 1, 1, 0, 1, 1, 1, 0, 1, 0, 0, 0], [0, 0, 1, 0, 0, 1, 0, 1, 1, 1, 1, 0, 1, 1, 1, 0], [0, 1, 0, 0, 0, 1, 0, 0, 1, 0, 1, 1, 1, 1, 0, 1], [1, 1, 1, 1, 1, 0, 0, 0, 0, 0, 1, 1, 1, 0, 0, 1], [1, 0, 1, 0, 0, 0, 0, 1, 0, 1, 0, 0, 0, 1, 1, 1], [0, 0, 0, 1, 0, 0, 1, 0, 0, 1, 1, 0, 0, 1, 0, 1], [0, 1, 1, 1, 1, 0, 0, 0, 0, 1, 0, 1, 1, 0, 1, 0], [1, 1, 1, 1, 0, 0, 1, 1, 1, 0, 1, 0, 1, 1, 1, 1], [0, 1, 1, 1, 1, 1, 0, 1, 0, 1, 0, 0, 0, 1, 0, 1], [1, 1, 0, 0, 1, 1, 0, 0, 1, 0, 0, 0, 1, 0, 0, 0], [0, 0, 1, 1, 1, 1, 0, 0, 1, 1, 0, 1, 0, 0, 1, 0], [1, 0, 0, 1, 1, 0, 1, 1, 0, 1, 1, 0, 0, 0, 1, 0], [1, 0, 0, 1, 0, 0, 1, 0, 1, 1, 0, 0, 1, 1, 0, 1], [1, 0, 0, 0, 1, 1, 1, 1, 0, 1, 1, 0, 0, 0, 1, 0]]",17.0,4.0,Y,"{0: 21, 1: 25, 2: 29, 3: 33, 4: 37, 5: 41, 6: 45, 7: 49, 8: 53, 9: 57, 10: 61, 11: 65, 12: 69, 13: 73, 14: 77, 15: 17}","{(0, 5): 15, (0, 6): 1, (0, 9): 1, (0, 11): 1, (0, 13): 1, (0, 14): 1, (0, 15): 1, (1, 4): 20, (1, 5): 1, (1, 8): 1, (1, 9): 1, (1, 10): 1, (1, 11): 1, (2, 3): 23, (2, 5): 1, (2, 6): 1, (2, 8): 1, (2, 9): 1, (2, 10): 1, (2, 12): 1, (3, 5): 3, (3, 7): 1, (3, 8): 1, (3, 9): 1, (3, 10): 1, (3, 12): 1, (3, 13): 1, (3, 14): 1, (4, 5): 11, (4, 8): 1, (4, 10): 1, (4, 11): 1, (4, 12): 1, (4, 13): 1, (4, 15): 1, (5, 10): 1, (5, 11): 1, (5, 12): 1, (5, 15): 7, (6, 7): 1, (6, 9): 1, (6, 13): 39, (6, 14): 1, (6, 15): 1, (7, 9): 1, (7, 10): 44, (7, 13): 1, (7, 15): 1, (8, 9): 1, (8, 11): 1, (8, 12): 1, (8, 14): 46, (9, 10): 7, (9, 12): 1, (9, 13): 23, (9, 14): 18, (9, 15): 1, (10, 13): 1, (10, 15): 4, (11, 12): 60, (12, 14): 3, (13, 14): 6, (14, 15): 1}",2025.1274108886719,319.0,48.0,894.0
42.0,Graph with 16 nodes and 63 edges,"[[0, 0, 0, 0, 0, 1, 1, 0, 0, 1, 0, 1, 0, 1, 1, 1], [0, 0, 0, 0, 1, 1, 0, 0, 1, 1, 1, 1, 0, 0, 0, 0], [0, 0, 0, 1, 0, 1, 1, 0, 1, 1, 1, 0, 1, 0, 0, 0], [0, 0, 1, 0, 0, 1, 0, 1, 1, 1, 1, 0, 1, 1, 1, 0], [0, 1, 0, 0, 0, 1, 0, 0, 1, 0, 1, 1, 1, 1, 0, 1], [1, 1, 1, 1, 1, 0, 0, 0, 0, 0, 1, 1, 1, 0, 0, 1], [1, 0, 1, 0, 0, 0, 0, 1, 0, 1, 0, 0, 0, 1, 1, 1], [0, 0, 0, 1, 0, 0, 1, 0, 0, 1, 1, 0, 0, 1, 0, 1], [0, 1, 1, 1, 1, 0, 0, 0, 0, 1, 0, 1, 1, 0, 1, 0], [1, 1, 1, 1, 0, 0, 1, 1, 1, 0, 1, 0, 1, 1, 1, 1], [0, 1, 1, 1, 1, 1, 0, 1, 0, 1, 0, 0, 0, 1, 0, 1], [1, 1, 0, 0, 1, 1, 0, 0, 1, 0, 0, 0, 1, 0, 0, 0], [0, 0, 1, 1, 1, 1, 0, 0, 1, 1, 0, 1, 0, 0, 1, 0], [1, 0, 0, 1, 1, 0, 1, 1, 0, 1, 1, 0, 0, 0, 1, 0], [1, 0, 0, 1, 0, 0, 1, 0, 1, 1, 0, 0, 1, 1, 0, 1], [1, 0, 0, 0, 1, 1, 1, 1, 0, 1, 1, 0, 0, 0, 1, 0]]",25.0,8.0,Y,"{0: 57, 1: 113, 2: 49, 3: 97, 4: 33, 5: 121, 6: 129, 7: 89, 8: 105, 9: 145, 10: 65, 11: 41, 12: 25, 13: 81, 14: 73, 15: 137}","{(0, 5): 1, (0, 6): 1, (0, 9): 51, (0, 11): 1, (0, 13): 1, (0, 14): 1, (0, 15): 1, (1, 4): 1, (1, 5): 1, (1, 8): 1, (1, 9): 84, (1, 10): 1, (1, 11): 25, (2, 3): 1, (2, 5): 1, (2, 6): 1, (2, 8): 1, (2, 9): 1, (2, 10): 26, (2, 12): 18, (3, 5): 89, (3, 7): 1, (3, 8): 1, (3, 9): 1, (3, 10): 1, (3, 12): 1, (3, 13): 1, (3, 14): 1, (4, 5): 1, (4, 8): 22, (4, 10): 1, (4, 11): 1, (4, 12): 1, (4, 13): 1, (4, 15): 5, (5, 10): 1, (5, 11): 1, (5, 12): 1, (5, 15): 25, (6, 7): 1, (6, 9): 1, (6, 13): 22, (6, 14): 1, (6, 15): 102, (7, 9): 1, (7, 10): 32, (7, 13): 53, (7, 15): 1, (8, 9): 1, (8, 11): 12, (8, 12): 1, (8, 14): 66, (9, 10): 1, (9, 12): 1, (9, 13): 1, (9, 14): 1, (9, 15): 1, (10, 13): 1, (10, 15): 1, (11, 12): 1, (12, 14): 1, (13, 14): 1, (14, 15): 1}",1255.035400390625,319.0,48.0,894.0
43.0,Graph with 16 nodes and 66 edges,"[[0, 1, 1, 0, 1, 1, 1, 0, 0, 1, 1, 1, 0, 1, 1, 1], [1, 0, 1, 1, 0, 1, 0, 0, 0, 0, 1, 1, 1, 0, 0, 1], [1, 1, 0, 1, 1, 0, 1, 0, 0, 0, 1, 0, 0, 0, 1, 0], [0, 1, 1, 0, 0, 1, 0, 0, 0, 1, 1, 1, 0, 1, 1, 1], [1, 0, 1, 0, 0, 1, 1, 0, 1, 0, 0, 0, 1, 1, 1, 0], [1, 1, 0, 1, 1, 0, 0, 0, 1, 0, 1, 0, 1, 0, 0, 0], [1, 0, 1, 0, 1, 0, 0, 0, 0, 1, 0, 1, 1, 1, 0, 1], [0, 0, 0, 0, 0, 0, 0, 0, 1, 1, 0, 1, 1, 1, 1, 0], [0, 0, 0, 0, 1, 1, 0, 1, 0, 1, 0, 1, 0, 0, 0, 1], [1, 0, 0, 1, 0, 0, 1, 1, 1, 0, 1, 1, 1, 1, 1, 0], [1, 1, 1, 1, 0, 1, 0, 0, 0, 1, 0, 0, 0, 1, 1, 1], [1, 1, 0, 1, 0, 0, 1, 1, 1, 1, 0, 0, 1, 0, 1, 0], [0, 1, 0, 0, 1, 1, 1, 1, 0, 1, 0, 1, 0, 0, 1, 0], [1, 0, 0, 1, 1, 0, 1, 1, 0, 1, 1, 0, 0, 0, 1, 0], [1, 0, 1, 1, 1, 0, 0, 1, 0, 1, 1, 1, 1, 1, 0, 1], [1, 1, 0, 1, 0, 0, 1, 0, 1, 0, 1, 0, 0, 0, 1, 0]]",28.0,5.0,Y,"{0: 33, 1: 38, 2: 43, 3: 48, 4: 53, 5: 58, 6: 63, 7: 68, 8: 73, 9: 78, 10: 83, 11: 88, 12: 93, 13: 98, 14: 103, 15: 28}","{(0, 1): 23, (0, 2): 1, (0, 4): 1, (0, 5): 1, (0, 6): 1, (0, 9): 1, (0, 10): 1, (0, 11): 1, (0, 13): 1, (0, 14): 1, (0, 15): 1, (1, 2): 9, (1, 3): 1, (1, 5): 1, (1, 10): 1, (1, 11): 1, (1, 12): 1, (1, 15): 1, (2, 3): 29, (2, 4): 1, (2, 6): 1, (2, 10): 1, (2, 14): 1, (3, 5): 12, (3, 9): 1, (3, 10): 1, (3, 11): 1, (3, 13): 1, (3, 14): 1, (3, 15): 1, (4, 5): 41, (4, 6): 1, (4, 8): 1, (4, 12): 1, (4, 13): 1, (4, 14): 6, (5, 8): 1, (5, 10): 1, (5, 12): 1, (6, 9): 1, (6, 11): 1, (6, 12): 12, (6, 13): 45, (6, 15): 1, (7, 8): 63, (7, 9): 1, (7, 11): 1, (7, 12): 1, (7, 13): 1, (7, 14): 1, (8, 9): 1, (8, 11): 6, (8, 15): 1, (9, 10): 1, (9, 11): 1, (9, 12): 1, (9, 13): 1, (9, 14): 69, (10, 13): 41, (10, 14): 14, (10, 15): 22, (11, 12): 75, (11, 14): 1, (12, 14): 1, (13, 14): 7, (14, 15): 1}",2125.978469848633,322.0,48.0,900.0
46.0,Graph with 16 nodes and 71 edges,"[[0, 1, 1, 1, 1, 1, 0, 0, 1, 0, 1, 0, 1, 1, 0, 0], [1, 0, 0, 1, 0, 1, 0, 1, 1, 1, 0, 1, 1, 1, 1, 1], [1, 0, 0, 1, 1, 0, 0, 0, 1, 0, 1, 1, 1, 0, 0, 1], [1, 1, 1, 0, 0, 1, 0, 1, 0, 1, 1, 1, 1, 0, 0, 0], [1, 0, 1, 0, 0, 0, 0, 1, 0, 0, 0, 0, 1, 1, 0, 1], [1, 1, 0, 1, 0, 0, 1, 1, 1, 1, 1, 0, 1, 1, 1, 1], [0, 0, 0, 0, 0, 1, 0, 0, 1, 1, 1, 1, 1, 0, 0, 1], [0, 1, 0, 1, 1, 1, 0, 0, 0, 0, 1, 1, 0, 1, 1, 1], [1, 1, 1, 0, 0, 1, 1, 0, 0, 1, 0, 0, 0, 0, 1, 0], [0, 1, 0, 1, 0, 1, 1, 0, 1, 0, 0, 1, 0, 1, 1, 0], [1, 0, 1, 1, 0, 1, 1, 1, 0, 0, 0, 1, 0, 1, 1, 1], [0, 1, 1, 1, 0, 0, 1, 1, 0, 1, 1, 0, 1, 1, 0, 0], [1, 1, 1, 1, 1, 1, 1, 0, 0, 0, 0, 1, 0, 1, 0, 1], [1, 1, 0, 0, 1, 1, 0, 1, 0, 1, 1, 1, 1, 0, 0, 1], [0, 1, 0, 0, 0, 1, 0, 1, 1, 1, 1, 0, 0, 0, 0, 1], [0, 1, 1, 0, 1, 1, 1, 1, 0, 0, 1, 0, 1, 1, 1, 0]]",14.0,5.0,Y,"{0: 19, 1: 24, 2: 29, 3: 34, 4: 39, 5: 44, 6: 49, 7: 54, 8: 59, 9: 64, 10: 69, 11: 74, 12: 79, 13: 84, 14: 89, 15: 14}","{(0, 1): 11, (0, 2): 1, (0, 3): 1, (0, 4): 1, (0, 5): 1, (0, 8): 1, (0, 10): 1, (0, 12): 1, (0, 13): 1, (1, 3): 4, (1, 5): 1, (1, 7): 1, (1, 8): 1, (1, 9): 1, (1, 11): 1, (1, 12): 1, (1, 13): 1, (1, 14): 1, (1, 15): 1, (2, 3): 22, (2, 4): 1, (2, 8): 1, (2, 10): 1, (2, 11): 1, (2, 12): 1, (2, 15): 1, (3, 5): 2, (3, 7): 1, (3, 9): 1, (3, 10): 1, (3, 11): 1, (3, 12): 1, (4, 7): 34, (4, 12): 1, (4, 13): 1, (4, 15): 1, (5, 6): 32, (5, 7): 1, (5, 8): 1, (5, 9): 1, (5, 10): 1, (5, 12): 1, (5, 13): 1, (5, 14): 1, (5, 15): 1, (6, 8): 4, (6, 9): 9, (6, 10): 1, (6, 11): 1, (6, 12): 1, (6, 15): 1, (7, 10): 13, (7, 11): 1, (7, 13): 1, (7, 14): 1, (7, 15): 1, (8, 9): 1, (8, 14): 50, (9, 11): 1, (9, 13): 16, (9, 14): 34, (10, 11): 1, (10, 13): 44, (10, 14): 1, (10, 15): 5, (11, 12): 60, (11, 13): 7, (12, 13): 11, (12, 15): 1, (13, 15): 1, (14, 15): 1}",2167.940139770508,327.0,48.0,910.0
47.0,Graph with 16 nodes and 69 edges,"[[0, 0, 1, 0, 1, 1, 1, 0, 1, 0, 0, 0, 1, 1, 1, 0], [0, 0, 0, 1, 1, 1, 1, 0, 0, 1, 1, 0, 1, 1, 0, 1], [1, 0, 0, 0, 1, 0, 1, 1, 1, 1, 1, 0, 1, 0, 1, 1], [0, 1, 0, 0, 0, 1, 0, 1, 1, 0, 1, 0, 0, 1, 1, 1], [1, 1, 1, 0, 0, 1, 1, 0, 1, 1, 1, 1, 0, 0, 1, 0], [1, 1, 0, 1, 1, 0, 0, 0, 1, 0, 1, 0, 1, 1, 1, 0], [1, 1, 1, 0, 1, 0, 0, 1, 1, 1, 1, 1, 1, 1, 1, 1], [0, 0, 1, 1, 0, 0, 1, 0, 0, 1, 0, 1, 0, 1, 0, 0], [1, 0, 1, 1, 1, 1, 1, 0, 0, 0, 1, 0, 1, 0, 1, 0], [0, 1, 1, 0, 1, 0, 1, 1, 0, 0, 0, 1, 0, 0, 0, 0], [0, 1, 1, 1, 1, 1, 1, 0, 1, 0, 0, 0, 1, 1, 1, 1], [0, 0, 0, 0, 1, 0, 1, 1, 0, 1, 0, 0, 0, 0, 0, 1], [1, 1, 1, 0, 0, 1, 1, 0, 1, 0, 1, 0, 0, 0, 1, 0], [1, 1, 0, 1, 0, 1, 1, 1, 0, 0, 1, 0, 0, 0, 0, 1], [1, 0, 1, 1, 1, 1, 1, 0, 1, 0, 1, 0, 1, 0, 0, 1], [0, 1, 1, 1, 0, 0, 1, 0, 0, 0, 1, 1, 0, 1, 1, 0]]",6.0,8.0,Y,"{0: 22, 1: 30, 2: 38, 3: 46, 4: 54, 5: 62, 6: 70, 7: 14, 8: 78, 9: 86, 10: 94, 11: 6, 12: 102, 13: 110, 14: 118, 15: 126}","{(0, 2): 15, (0, 4): 1, (0, 5): 1, (0, 6): 1, (0, 8): 1, (0, 12): 1, (0, 13): 1, (0, 14): 1, (1, 3): 22, (1, 4): 1, (1, 5): 1, (1, 6): 1, (1, 9): 1, (1, 10): 1, (1, 12): 1, (1, 13): 1, (1, 15): 1, (2, 4): 15, (2, 6): 1, (2, 7): 1, (2, 8): 1, (2, 9): 1, (2, 10): 1, (2, 12): 1, (2, 14): 1, (2, 15): 1, (3, 5): 18, (3, 7): 1, (3, 8): 1, (3, 10): 1, (3, 13): 1, (3, 14): 1, (3, 15): 1, (4, 5): 17, (4, 6): 1, (4, 8): 1, (4, 9): 15, (4, 10): 1, (4, 11): 1, (4, 14): 1, (5, 8): 7, (5, 10): 1, (5, 12): 1, (5, 13): 1, (5, 14): 15, (6, 7): 1, (6, 8): 1, (6, 9): 58, (6, 10): 1, (6, 11): 1, (6, 12): 1, (6, 13): 1, (6, 14): 1, (6, 15): 1, (7, 9): 9, (7, 11): 1, (7, 13): 1, (8, 10): 64, (8, 12): 1, (8, 14): 1, (9, 11): 2, (10, 12): 1, (10, 13): 3, (10, 14): 1, (10, 15): 19, (11, 15): 1, (12, 14): 95, (13, 15): 101, (14, 15): 1}",2164.125442504883,325.0,48.0,906.0
47.0,Graph with 16 nodes and 69 edges,"[[0, 0, 1, 0, 1, 1, 1, 0, 1, 0, 0, 0, 1, 1, 1, 0], [0, 0, 0, 1, 1, 1, 1, 0, 0, 1, 1, 0, 1, 1, 0, 1], [1, 0, 0, 0, 1, 0, 1, 1, 1, 1, 1, 0, 1, 0, 1, 1], [0, 1, 0, 0, 0, 1, 0, 1, 1, 0, 1, 0, 0, 1, 1, 1], [1, 1, 1, 0, 0, 1, 1, 0, 1, 1, 1, 1, 0, 0, 1, 0], [1, 1, 0, 1, 1, 0, 0, 0, 1, 0, 1, 0, 1, 1, 1, 0], [1, 1, 1, 0, 1, 0, 0, 1, 1, 1, 1, 1, 1, 1, 1, 1], [0, 0, 1, 1, 0, 0, 1, 0, 0, 1, 0, 1, 0, 1, 0, 0], [1, 0, 1, 1, 1, 1, 1, 0, 0, 0, 1, 0, 1, 0, 1, 0], [0, 1, 1, 0, 1, 0, 1, 1, 0, 0, 0, 1, 0, 0, 0, 0], [0, 1, 1, 1, 1, 1, 1, 0, 1, 0, 0, 0, 1, 1, 1, 1], [0, 0, 0, 0, 1, 0, 1, 1, 0, 1, 0, 0, 0, 0, 0, 1], [1, 1, 1, 0, 0, 1, 1, 0, 1, 0, 1, 0, 0, 0, 1, 0], [1, 1, 0, 1, 0, 1, 1, 1, 0, 0, 1, 0, 0, 0, 0, 1], [1, 0, 1, 1, 1, 1, 1, 0, 1, 0, 1, 0, 1, 0, 0, 1], [0, 1, 1, 1, 0, 0, 1, 0, 0, 0, 1, 1, 0, 1, 1, 0]]",27.0,5.0,Y,"{0: 32, 1: 37, 2: 42, 3: 47, 4: 52, 5: 57, 6: 62, 7: 67, 8: 72, 9: 77, 10: 82, 11: 87, 12: 92, 13: 97, 14: 102, 15: 27}","{(0, 2): 25, (0, 4): 1, (0, 5): 1, (0, 6): 1, (0, 8): 1, (0, 12): 1, (0, 13): 1, (0, 14): 1, (1, 3): 29, (1, 4): 1, (1, 5): 1, (1, 6): 1, (1, 9): 1, (1, 10): 1, (1, 12): 1, (1, 13): 1, (1, 15): 1, (2, 4): 9, (2, 6): 1, (2, 7): 1, (2, 8): 1, (2, 9): 1, (2, 10): 1, (2, 12): 1, (2, 14): 1, (2, 15): 1, (3, 5): 12, (3, 7): 1, (3, 8): 1, (3, 10): 1, (3, 13): 1, (3, 14): 1, (3, 15): 1, (4, 5): 35, (4, 6): 1, (4, 8): 1, (4, 9): 1, (4, 10): 1, (4, 11): 1, (4, 14): 1, (5, 8): 4, (5, 10): 1, (5, 12): 1, (5, 13): 1, (5, 14): 1, (6, 7): 1, (6, 8): 1, (6, 9): 1, (6, 10): 1, (6, 11): 1, (6, 12): 1, (6, 13): 1, (6, 14): 50, (6, 15): 1, (7, 9): 17, (7, 11): 28, (7, 13): 19, (8, 10): 1, (8, 12): 61, (8, 14): 1, (9, 11): 56, (10, 12): 1, (10, 13): 72, (10, 14): 1, (10, 15): 1, (11, 15): 1, (12, 14): 25, (13, 15): 1, (14, 15): 20}",2151.966094970703,325.0,48.0,906.0
48.0,Graph with 16 nodes and 52 edges,"[[0, 1, 0, 0, 1, 1, 0, 1, 1, 0, 1, 1, 1, 0, 0, 0], [1, 0, 0, 1, 0, 1, 0, 0, 1, 1, 1, 0, 0, 1, 1, 1], [0, 0, 0, 1, 0, 0, 1, 0, 1, 0, 0, 0, 0, 1, 1, 0], [0, 1, 1, 0, 1, 0, 0, 1, 0, 0, 0, 1, 1, 0, 1, 1], [1, 0, 0, 1, 0, 1, 0, 1, 0, 0, 0, 1, 1, 0, 1, 1], [1, 1, 0, 0, 1, 0, 0, 0, 0, 0, 0, 0, 0, 0, 0, 0], [0, 0, 1, 0, 0, 0, 0, 0, 0, 1, 0, 1, 0, 1, 1, 0], [1, 0, 0, 1, 1, 0, 0, 0, 0, 0, 0, 1, 1, 0, 0, 1], [1, 1, 1, 0, 0, 0, 0, 0, 0, 0, 0, 0, 1, 1, 0, 1], [0, 1, 0, 0, 0, 0, 1, 0, 0, 0, 1, 0, 0, 1, 1, 0], [1, 1, 0, 0, 0, 0, 0, 0, 0, 1, 0, 0, 1, 1, 0, 0], [1, 0, 0, 1, 1, 0, 1, 1, 0, 0, 0, 0, 0, 1, 0, 0], [1, 0, 0, 1, 1, 0, 0, 1, 1, 0, 1, 0, 0, 0, 0, 1], [0, 1, 1, 0, 0, 0, 1, 0, 1, 1, 1, 1, 0, 0, 1, 1], [0, 1, 1, 1, 1, 0, 1, 0, 0, 1, 0, 0, 0, 1, 0, 0], [0, 1, 0, 1, 1, 0, 0, 1, 1, 0, 0, 0, 1, 1, 0, 0]]",3.0,3.0,Y,"{0: 12, 1: 15, 2: 9, 3: 18, 4: 21, 5: 3, 6: 24, 7: 27, 8: 30, 9: 33, 10: 36, 11: 6, 12: 39, 13: 42, 14: 45, 15: 48}","{(0, 1): 5, (0, 4): 1, (0, 5): 1, (0, 7): 1, (0, 8): 1, (0, 10): 1, (0, 11): 1, (0, 12): 1, (1, 3): 3, (1, 5): 1, (1, 8): 1, (1, 9): 1, (1, 10): 1, (1, 13): 1, (1, 14): 1, (1, 15): 1, (2, 3): 5, (2, 6): 1, (2, 8): 1, (2, 13): 1, (2, 14): 1, (3, 4): 1, (3, 7): 5, (3, 11): 1, (3, 12): 1, (3, 14): 1, (3, 15): 1, (4, 5): 1, (4, 7): 14, (4, 11): 1, (4, 12): 1, (4, 14): 1, (4, 15): 1, (6, 9): 1, (6, 11): 1, (6, 13): 8, (6, 14): 13, (7, 11): 1, (7, 12): 5, (7, 15): 1, (8, 12): 5, (8, 13): 1, (8, 15): 21, (9, 10): 29, (9, 13): 1, (9, 14): 1, (10, 12): 4, (10, 13): 1, (11, 13): 1, (12, 15): 22, (13, 14): 27, (13, 15): 1}",2101.898193359375,308.0,48.0,872.0
48.0,Graph with 16 nodes and 52 edges,"[[0, 1, 0, 0, 1, 1, 0, 1, 1, 0, 1, 1, 1, 0, 0, 0], [1, 0, 0, 1, 0, 1, 0, 0, 1, 1, 1, 0, 0, 1, 1, 1], [0, 0, 0, 1, 0, 0, 1, 0, 1, 0, 0, 0, 0, 1, 1, 0], [0, 1, 1, 0, 1, 0, 0, 1, 0, 0, 0, 1, 1, 0, 1, 1], [1, 0, 0, 1, 0, 1, 0, 1, 0, 0, 0, 1, 1, 0, 1, 1], [1, 1, 0, 0, 1, 0, 0, 0, 0, 0, 0, 0, 0, 0, 0, 0], [0, 0, 1, 0, 0, 0, 0, 0, 0, 1, 0, 1, 0, 1, 1, 0], [1, 0, 0, 1, 1, 0, 0, 0, 0, 0, 0, 1, 1, 0, 0, 1], [1, 1, 1, 0, 0, 0, 0, 0, 0, 0, 0, 0, 1, 1, 0, 1], [0, 1, 0, 0, 0, 0, 1, 0, 0, 0, 1, 0, 0, 1, 1, 0], [1, 1, 0, 0, 0, 0, 0, 0, 0, 1, 0, 0, 1, 1, 0, 0], [1, 0, 0, 1, 1, 0, 1, 1, 0, 0, 0, 0, 0, 1, 0, 0], [1, 0, 0, 1, 1, 0, 0, 1, 1, 0, 1, 0, 0, 0, 0, 1], [0, 1, 1, 0, 0, 0, 1, 0, 1, 1, 1, 1, 0, 0, 1, 1], [0, 1, 1, 1, 1, 0, 1, 0, 0, 1, 0, 0, 0, 1, 0, 0], [0, 1, 0, 1, 1, 0, 0, 1, 1, 0, 0, 0, 1, 1, 0, 0]]",24.0,1.0,Y,"{0: 39, 1: 35, 2: 27, 3: 36, 4: 24, 5: 37, 6: 38, 7: 33, 8: 34, 9: 32, 10: 25, 11: 29, 12: 30, 13: 31, 14: 26, 15: 28}","{(0, 1): 1, (0, 4): 1, (0, 5): 15, (0, 7): 1, (0, 8): 1, (0, 10): 1, (0, 11): 1, (0, 12): 18, (1, 3): 1, (1, 5): 21, (1, 8): 1, (1, 9): 7, (1, 10): 1, (1, 13): 1, (1, 14): 1, (1, 15): 1, (2, 3): 1, (2, 6): 16, (2, 8): 8, (2, 13): 1, (2, 14): 1, (3, 4): 6, (3, 7): 18, (3, 11): 1, (3, 12): 7, (3, 14): 1, (3, 15): 1, (4, 5): 1, (4, 7): 11, (4, 11): 2, (4, 12): 1, (4, 14): 1, (4, 15): 1, (6, 9): 1, (6, 11): 1, (6, 13): 1, (6, 14): 19, (7, 11): 1, (7, 12): 1, (7, 15): 1, (8, 12): 1, (8, 13): 1, (8, 15): 22, (9, 10): 21, (9, 13): 1, (9, 14): 2, (10, 12): 1, (10, 13): 1, (11, 13): 23, (12, 15): 1, (13, 14): 1, (13, 15): 1}",2717.0181274414062,308.0,48.0,872.0
51.0,Graph with 16 nodes and 65 edges,"[[0, 0, 1, 1, 1, 0, 1, 1, 0, 0, 0, 1, 1, 0, 0, 1], [0, 0, 0, 0, 0, 1, 1, 0, 0, 0, 0, 0, 1, 0, 0, 1], [1, 0, 0, 1, 0, 1, 1, 1, 0, 0, 0, 0, 1, 1, 0, 1], [1, 0, 1, 0, 0, 1, 0, 0, 1, 0, 0, 0, 0, 1, 0, 0], [1, 0, 0, 0, 0, 1, 1, 1, 0, 1, 1, 1, 1, 1, 0, 1], [0, 1, 1, 1, 1, 0, 0, 0, 1, 1, 1, 1, 1, 1, 0, 0], [1, 1, 1, 0, 1, 0, 0, 0, 1, 1, 1, 0, 0, 0, 1, 0], [1, 0, 1, 0, 1, 0, 0, 0, 0, 0, 1, 0, 1, 0, 1, 1], [0, 0, 0, 1, 0, 1, 1, 0, 0, 1, 0, 1, 0, 1, 1, 0], [0, 0, 0, 0, 1, 1, 1, 0, 1, 0, 1, 1, 1, 1, 1, 1], [0, 0, 0, 0, 1, 1, 1, 1, 0, 1, 0, 0, 1, 1, 0, 1], [1, 0, 0, 0, 1, 1, 0, 0, 1, 1, 0, 0, 1, 0, 1, 0], [1, 1, 1, 0, 1, 1, 0, 1, 0, 1, 1, 1, 0, 1, 1, 0], [0, 0, 1, 1, 1, 1, 0, 0, 1, 1, 1, 0, 1, 0, 1, 1], [0, 0, 0, 0, 0, 0, 1, 1, 1, 1, 0, 1, 1, 1, 0, 1], [1, 1, 1, 0, 1, 0, 0, 1, 0, 1, 1, 0, 0, 1, 1, 0]]",9.0,6.0,Y,"{0: 9, 1: 99, 2: 93, 3: 87, 4: 15, 5: 81, 6: 75, 7: 69, 8: 63, 9: 57, 10: 51, 11: 45, 12: 39, 13: 33, 14: 27, 15: 21}","{(0, 2): 1, (0, 3): 1, (0, 4): 1, (0, 6): 1, (0, 7): 1, (0, 11): 1, (0, 12): 2, (0, 15): 1, (1, 5): 1, (1, 6): 57, (1, 12): 28, (1, 15): 13, (2, 3): 1, (2, 5): 1, (2, 6): 1, (2, 7): 63, (2, 12): 1, (2, 13): 24, (2, 15): 1, (3, 5): 27, (3, 8): 57, (3, 13): 1, (4, 5): 1, (4, 6): 6, (4, 7): 1, (4, 9): 1, (4, 10): 1, (4, 11): 1, (4, 12): 1, (4, 13): 1, (4, 15): 1, (5, 8): 1, (5, 9): 1, (5, 10): 9, (5, 11): 38, (5, 12): 1, (5, 13): 1, (6, 8): 1, (6, 9): 1, (6, 10): 1, (6, 14): 7, (7, 10): 1, (7, 12): 1, (7, 14): 1, (7, 15): 1, (8, 9): 1, (8, 11): 1, (8, 13): 1, (8, 14): 1, (9, 10): 36, (9, 11): 1, (9, 12): 1, (9, 13): 1, (9, 14): 13, (9, 15): 1, (10, 12): 1, (10, 13): 1, (10, 15): 1, (11, 12): 1, (11, 14): 2, (12, 13): 1, (12, 14): 1, (13, 14): 1, (13, 15): 1, (14, 15): 1}",1561.1648559570312,321.0,48.0,898.0
51.0,Graph with 16 nodes and 65 edges,"[[0, 0, 1, 1, 1, 0, 1, 1, 0, 0, 0, 1, 1, 0, 0, 1], [0, 0, 0, 0, 0, 1, 1, 0, 0, 0, 0, 0, 1, 0, 0, 1], [1, 0, 0, 1, 0, 1, 1, 1, 0, 0, 0, 0, 1, 1, 0, 1], [1, 0, 1, 0, 0, 1, 0, 0, 1, 0, 0, 0, 0, 1, 0, 0], [1, 0, 0, 0, 0, 1, 1, 1, 0, 1, 1, 1, 1, 1, 0, 1], [0, 1, 1, 1, 1, 0, 0, 0, 1, 1, 1, 1, 1, 1, 0, 0], [1, 1, 1, 0, 1, 0, 0, 0, 1, 1, 1, 0, 0, 0, 1, 0], [1, 0, 1, 0, 1, 0, 0, 0, 0, 0, 1, 0, 1, 0, 1, 1], [0, 0, 0, 1, 0, 1, 1, 0, 0, 1, 0, 1, 0, 1, 1, 0], [0, 0, 0, 0, 1, 1, 1, 0, 1, 0, 1, 1, 1, 1, 1, 1], [0, 0, 0, 0, 1, 1, 1, 1, 0, 1, 0, 0, 1, 1, 0, 1], [1, 0, 0, 0, 1, 1, 0, 0, 1, 1, 0, 0, 1, 0, 1, 0], [1, 1, 1, 0, 1, 1, 0, 1, 0, 1, 1, 1, 0, 1, 1, 0], [0, 0, 1, 1, 1, 1, 0, 0, 1, 1, 1, 0, 1, 0, 1, 1], [0, 0, 0, 0, 0, 0, 1, 1, 1, 1, 0, 1, 1, 1, 0, 1], [1, 1, 1, 0, 1, 0, 0, 1, 0, 1, 1, 0, 0, 1, 1, 0]]",9.0,7.0,Y,"{0: 9, 1: 114, 2: 107, 3: 100, 4: 16, 5: 93, 6: 86, 7: 79, 8: 72, 9: 65, 10: 58, 11: 51, 12: 44, 13: 37, 14: 30, 15: 23}","{(0, 2): 1, (0, 3): 1, (0, 4): 1, (0, 6): 1, (0, 7): 1, (0, 11): 1, (0, 12): 2, (0, 15): 1, (1, 5): 1, (1, 6): 65, (1, 12): 33, (1, 15): 15, (2, 3): 1, (2, 5): 1, (2, 6): 1, (2, 7): 73, (2, 12): 1, (2, 13): 28, (2, 15): 1, (3, 5): 31, (3, 8): 66, (3, 13): 1, (4, 5): 1, (4, 6): 7, (4, 7): 1, (4, 9): 1, (4, 10): 1, (4, 11): 1, (4, 12): 1, (4, 13): 1, (4, 15): 1, (5, 8): 1, (5, 9): 1, (5, 10): 10, (5, 11): 45, (5, 12): 1, (5, 13): 1, (6, 8): 1, (6, 9): 1, (6, 10): 1, (6, 14): 9, (7, 10): 1, (7, 12): 1, (7, 14): 1, (7, 15): 1, (8, 9): 1, (8, 11): 1, (8, 13): 1, (8, 14): 1, (9, 10): 42, (9, 11): 1, (9, 12): 1, (9, 13): 1, (9, 14): 15, (9, 15): 1, (10, 12): 1, (10, 13): 1, (10, 15): 1, (11, 12): 1, (11, 14): 1, (12, 13): 1, (12, 14): 1, (13, 14): 1, (13, 15): 1, (14, 15): 1}",1670.1221466064453,321.0,48.0,898.0
51.0,Graph with 16 nodes and 65 edges,"[[0, 0, 1, 1, 1, 0, 1, 1, 0, 0, 0, 1, 1, 0, 0, 1], [0, 0, 0, 0, 0, 1, 1, 0, 0, 0, 0, 0, 1, 0, 0, 1], [1, 0, 0, 1, 0, 1, 1, 1, 0, 0, 0, 0, 1, 1, 0, 1], [1, 0, 1, 0, 0, 1, 0, 0, 1, 0, 0, 0, 0, 1, 0, 0], [1, 0, 0, 0, 0, 1, 1, 1, 0, 1, 1, 1, 1, 1, 0, 1], [0, 1, 1, 1, 1, 0, 0, 0, 1, 1, 1, 1, 1, 1, 0, 0], [1, 1, 1, 0, 1, 0, 0, 0, 1, 1, 1, 0, 0, 0, 1, 0], [1, 0, 1, 0, 1, 0, 0, 0, 0, 0, 1, 0, 1, 0, 1, 1], [0, 0, 0, 1, 0, 1, 1, 0, 0, 1, 0, 1, 0, 1, 1, 0], [0, 0, 0, 0, 1, 1, 1, 0, 1, 0, 1, 1, 1, 1, 1, 1], [0, 0, 0, 0, 1, 1, 1, 1, 0, 1, 0, 0, 1, 1, 0, 1], [1, 0, 0, 0, 1, 1, 0, 0, 1, 1, 0, 0, 1, 0, 1, 0], [1, 1, 1, 0, 1, 1, 0, 1, 0, 1, 1, 1, 0, 1, 1, 0], [0, 0, 1, 1, 1, 1, 0, 0, 1, 1, 1, 0, 1, 0, 1, 1], [0, 0, 0, 0, 0, 0, 1, 1, 1, 1, 0, 1, 1, 1, 0, 1], [1, 1, 1, 0, 1, 0, 0, 1, 0, 1, 1, 0, 0, 1, 1, 0]]",12.0,3.0,Y,"{0: 12, 1: 57, 2: 54, 3: 51, 4: 48, 5: 45, 6: 42, 7: 39, 8: 36, 9: 33, 10: 30, 11: 27, 12: 24, 13: 21, 14: 18, 15: 15}","{(0, 2): 1, (0, 3): 1, (0, 4): 1, (0, 6): 1, (0, 7): 1, (0, 11): 1, (0, 12): 5, (0, 15): 1, (1, 5): 5, (1, 6): 35, (1, 12): 10, (1, 15): 7, (2, 3): 1, (2, 5): 4, (2, 6): 1, (2, 7): 33, (2, 12): 1, (2, 13): 12, (2, 15): 1, (3, 5): 18, (3, 8): 30, (3, 13): 1, (4, 5): 1, (4, 6): 1, (4, 7): 1, (4, 9): 1, (4, 10): 19, (4, 11): 21, (4, 12): 1, (4, 13): 1, (4, 15): 1, (5, 8): 1, (5, 9): 11, (5, 10): 2, (5, 11): 1, (5, 12): 1, (5, 13): 1, (6, 8): 1, (6, 9): 1, (6, 10): 1, (6, 14): 1, (7, 10): 1, (7, 12): 1, (7, 14): 1, (7, 15): 1, (8, 9): 1, (8, 11): 1, (8, 13): 1, (8, 14): 1, (9, 10): 4, (9, 11): 1, (9, 12): 1, (9, 13): 1, (9, 14): 11, (9, 15): 1, (10, 12): 1, (10, 13): 1, (10, 15): 1, (11, 12): 1, (11, 14): 1, (12, 13): 1, (12, 14): 1, (13, 14): 1, (13, 15): 1, (14, 15): 1}",1258.1348419189453,321.0,48.0,898.0
53.0,Graph with 16 nodes and 65 edges,"[[0, 1, 0, 1, 1, 0, 1, 1, 0, 1, 1, 0, 1, 1, 0, 1], [1, 0, 0, 1, 0, 1, 1, 0, 1, 0, 1, 1, 0, 0, 1, 1], [0, 0, 0, 1, 1, 1, 0, 1, 0, 1, 0, 0, 1, 1, 0, 1], [1, 1, 1, 0, 1, 0, 0, 0, 0, 1, 0, 1, 0, 1, 1, 1], [1, 0, 1, 1, 0, 1, 0, 1, 1, 0, 0, 1, 0, 0, 0, 1], [0, 1, 1, 0, 1, 0, 1, 0, 0, 0, 0, 1, 0, 1, 1, 0], [1, 1, 0, 0, 0, 1, 0, 0, 0, 1, 0, 0, 1, 1, 0, 1], [1, 0, 1, 0, 1, 0, 0, 0, 0, 0, 1, 0, 1, 1, 1, 1], [0, 1, 0, 0, 1, 0, 0, 0, 0, 1, 1, 1, 0, 0, 1, 0], [1, 0, 1, 1, 0, 0, 1, 0, 1, 0, 1, 0, 0, 1, 1, 1], [1, 1, 0, 0, 0, 0, 0, 1, 1, 1, 0, 0, 0, 1, 1, 0], [0, 1, 0, 1, 1, 1, 0, 0, 1, 0, 0, 0, 1, 1, 0, 1], [1, 0, 1, 0, 0, 0, 1, 1, 0, 0, 0, 1, 0, 1, 0, 0], [1, 0, 1, 1, 0, 1, 1, 1, 0, 1, 1, 1, 1, 0, 1, 0], [0, 1, 0, 1, 0, 1, 0, 1, 1, 1, 1, 0, 0, 1, 0, 0], [1, 1, 1, 1, 1, 0, 1, 1, 0, 1, 0, 1, 0, 0, 0, 0]]",27.0,2.0,Y,"{0: 29, 1: 31, 2: 33, 3: 35, 4: 37, 5: 39, 6: 41, 7: 43, 8: 45, 9: 47, 10: 49, 11: 51, 12: 53, 13: 55, 14: 57, 15: 27}","{(0, 1): 20, (0, 3): 1, (0, 4): 1, (0, 6): 1, (0, 7): 1, (0, 9): 1, (0, 10): 1, (0, 12): 1, (0, 13): 1, (0, 15): 1, (1, 3): 4, (1, 5): 1, (1, 6): 1, (1, 8): 1, (1, 10): 1, (1, 11): 1, (1, 14): 1, (1, 15): 1, (2, 3): 24, (2, 4): 3, (2, 5): 1, (2, 7): 1, (2, 9): 1, (2, 12): 1, (2, 13): 1, (2, 15): 1, (3, 4): 1, (3, 9): 1, (3, 11): 1, (3, 13): 1, (3, 14): 1, (3, 15): 1, (4, 5): 28, (4, 7): 1, (4, 8): 1, (4, 11): 1, (4, 15): 1, (5, 6): 1, (5, 11): 1, (5, 13): 1, (5, 14): 6, (6, 9): 30, (6, 12): 1, (6, 13): 6, (6, 15): 1, (7, 10): 1, (7, 12): 24, (7, 13): 6, (7, 14): 1, (7, 15): 8, (8, 9): 1, (8, 10): 1, (8, 11): 2, (8, 14): 39, (9, 10): 10, (9, 13): 1, (9, 14): 1, (9, 15): 1, (10, 13): 28, (10, 14): 7, (11, 12): 25, (11, 13): 8, (11, 15): 12, (12, 13): 1, (13, 14): 1}",2135.9920501708984,321.0,48.0,898.0
55.0,Graph with 16 nodes and 56 edges,"[[0, 1, 1, 0, 1, 0, 1, 1, 0, 1, 0, 1, 1, 0, 0, 1], [1, 0, 1, 0, 1, 0, 0, 0, 1, 0, 1, 1, 0, 0, 1, 1], [1, 1, 0, 1, 0, 0, 1, 1, 0, 0, 0, 1, 0, 0, 1, 0], [0, 0, 1, 0, 1, 0, 0, 1, 0, 0, 0, 1, 0, 0, 0, 0], [1, 1, 0, 1, 0, 1, 1, 1, 0, 1, 0, 0, 1, 0, 0, 1], [0, 0, 0, 0, 1, 0, 0, 0, 0, 1, 1, 0, 0, 1, 0, 0], [1, 0, 1, 0, 1, 0, 0, 1, 0, 1, 1, 0, 1, 1, 0, 1], [1, 0, 1, 1, 1, 0, 1, 0, 0, 0, 1, 0, 1, 1, 0, 1], [0, 1, 0, 0, 0, 0, 0, 0, 0, 1, 1, 0, 1, 1, 0, 0], [1, 0, 0, 0, 1, 1, 1, 0, 1, 0, 0, 0, 0, 0, 1, 1], [0, 1, 0, 0, 0, 1, 1, 1, 1, 0, 0, 1, 0, 0, 0, 1], [1, 1, 1, 1, 0, 0, 0, 0, 0, 0, 1, 0, 1, 1, 0, 0], [1, 0, 0, 0, 1, 0, 1, 1, 1, 0, 0, 1, 0, 1, 0, 1], [0, 0, 0, 0, 0, 1, 1, 1, 1, 0, 0, 1, 1, 0, 1, 0], [0, 1, 1, 0, 0, 0, 0, 0, 0, 1, 0, 0, 0, 1, 0, 0], [1, 1, 0, 0, 1, 0, 1, 1, 0, 1, 1, 0, 1, 0, 0, 0]]",14.0,2.0,Y,"{0: 16, 1: 18, 2: 20, 3: 22, 4: 24, 5: 26, 6: 28, 7: 30, 8: 32, 9: 34, 10: 36, 11: 38, 12: 40, 13: 42, 14: 44, 15: 14}","{(0, 1): 8, (0, 2): 1, (0, 4): 1, (0, 6): 1, (0, 7): 1, (0, 9): 1, (0, 11): 1, (0, 12): 1, (0, 15): 1, (1, 2): 4, (1, 4): 1, (1, 8): 1, (1, 10): 1, (1, 11): 1, (1, 14): 1, (1, 15): 1, (2, 3): 11, (2, 6): 1, (2, 7): 1, (2, 11): 1, (2, 14): 1, (3, 4): 9, (3, 7): 1, (3, 11): 1, (4, 5): 8, (4, 6): 1, (4, 7): 1, (4, 9): 1, (4, 12): 1, (4, 15): 1, (5, 9): 1, (5, 10): 16, (5, 13): 1, (6, 7): 13, (6, 9): 1, (6, 10): 1, (6, 12): 8, (6, 13): 1, (6, 15): 1, (7, 10): 4, (7, 12): 1, (7, 13): 1, (7, 15): 7, (8, 9): 1, (8, 10): 1, (8, 12): 26, (8, 13): 3, (9, 14): 28, (9, 15): 1, (10, 11): 12, (10, 15): 1, (11, 12): 1, (11, 13): 21, (12, 13): 1, (12, 15): 1, (13, 14): 14}",1904.9644470214844,312.0,48.0,880.0
56.0,Graph with 16 nodes and 61 edges,"[[0, 0, 0, 1, 1, 0, 0, 0, 0, 1, 1, 1, 0, 0, 1, 0], [0, 0, 0, 1, 1, 1, 1, 1, 1, 0, 0, 0, 0, 1, 0, 1], [0, 0, 0, 1, 1, 1, 1, 0, 0, 0, 0, 0, 1, 0, 0, 1], [1, 1, 1, 0, 1, 0, 0, 0, 0, 0, 1, 0, 0, 0, 1, 0], [1, 1, 1, 1, 0, 1, 1, 0, 0, 0, 1, 0, 1, 0, 1, 0], [0, 1, 1, 0, 1, 0, 0, 1, 1, 1, 1, 1, 0, 1, 0, 0], [0, 1, 1, 0, 1, 0, 0, 1, 1, 1, 1, 1, 1, 1, 0, 1], [0, 1, 0, 0, 0, 1, 1, 0, 0, 1, 0, 1, 1, 1, 0, 1], [0, 1, 0, 0, 0, 1, 1, 0, 0, 0, 1, 0, 1, 1, 0, 1], [1, 0, 0, 0, 0, 1, 1, 1, 0, 0, 1, 0, 1, 0, 1, 1], [1, 0, 0, 1, 1, 1, 1, 0, 1, 1, 0, 0, 1, 0, 0, 0], [1, 0, 0, 0, 0, 1, 1, 1, 0, 0, 0, 0, 1, 1, 0, 0], [0, 0, 1, 0, 1, 0, 1, 1, 1, 1, 1, 1, 0, 1, 1, 0], [0, 1, 0, 0, 0, 1, 1, 1, 1, 0, 0, 1, 1, 0, 0, 1], [1, 0, 0, 1, 1, 0, 0, 0, 0, 1, 0, 0, 1, 0, 0, 0], [0, 1, 1, 0, 0, 0, 1, 1, 1, 1, 0, 0, 0, 1, 0, 0]]",28.0,7.0,Y,"{0: 35, 1: 42, 2: 49, 3: 56, 4: 63, 5: 70, 6: 77, 7: 84, 8: 91, 9: 98, 10: 105, 11: 112, 12: 119, 13: 126, 14: 133, 15: 28}","{(0, 3): 30, (0, 4): 1, (0, 9): 1, (0, 10): 1, (0, 11): 1, (0, 14): 1, (1, 3): 22, (1, 4): 14, (1, 5): 1, (1, 6): 1, (1, 7): 1, (1, 8): 1, (1, 13): 1, (1, 15): 1, (2, 3): 1, (2, 4): 42, (2, 5): 3, (2, 6): 1, (2, 12): 1, (2, 15): 1, (3, 4): 1, (3, 10): 1, (3, 14): 1, (4, 5): 1, (4, 6): 1, (4, 10): 1, (4, 12): 1, (4, 14): 1, (5, 7): 60, (5, 8): 1, (5, 9): 1, (5, 10): 1, (5, 11): 1, (5, 13): 1, (6, 7): 1, (6, 8): 1, (6, 9): 1, (6, 10): 1, (6, 11): 1, (6, 12): 1, (6, 13): 67, (6, 15): 1, (7, 9): 1, (7, 11): 18, (7, 12): 1, (7, 13): 1, (7, 15): 1, (8, 10): 64, (8, 12): 1, (8, 13): 1, (8, 15): 22, (9, 10): 35, (9, 12): 1, (9, 14): 57, (9, 15): 1, (10, 12): 1, (11, 12): 38, (11, 13): 53, (12, 13): 1, (12, 14): 73, (13, 15): 1}",2131.938934326172,317.0,48.0,890.0
58.0,Graph with 16 nodes and 62 edges,"[[0, 0, 1, 1, 1, 0, 0, 1, 1, 1, 1, 0, 1, 0, 1, 0], [0, 0, 0, 1, 1, 0, 0, 0, 1, 0, 0, 1, 0, 0, 0, 1], [1, 0, 0, 0, 0, 0, 0, 0, 0, 0, 1, 0, 0, 1, 0, 1], [1, 1, 0, 0, 1, 0, 1, 0, 0, 0, 1, 1, 0, 1, 1, 1], [1, 1, 0, 1, 0, 1, 0, 0, 1, 0, 1, 1, 1, 1, 1, 1], [0, 0, 0, 0, 1, 0, 0, 0, 1, 0, 1, 0, 1, 0, 1, 1], [0, 0, 0, 1, 0, 0, 0, 1, 0, 0, 0, 0, 1, 0, 0, 0], [1, 0, 0, 0, 0, 0, 1, 0, 1, 0, 1, 1, 1, 1, 1, 1], [1, 1, 0, 0, 1, 1, 0, 1, 0, 1, 1, 1, 0, 1, 1, 1], [1, 0, 0, 0, 0, 0, 0, 0, 1, 0, 1, 1, 0, 1, 0, 1], [1, 0, 1, 1, 1, 1, 0, 1, 1, 1, 0, 0, 1, 1, 1, 0], [0, 1, 0, 1, 1, 0, 0, 1, 1, 1, 0, 0, 1, 1, 0, 0], [1, 0, 0, 0, 1, 1, 1, 1, 0, 0, 1, 1, 0, 0, 0, 1], [0, 0, 1, 1, 1, 0, 0, 1, 1, 1, 1, 1, 0, 0, 0, 0], [1, 0, 0, 1, 1, 1, 0, 1, 1, 0, 1, 0, 0, 0, 0, 0], [0, 1, 1, 1, 1, 1, 0, 1, 1, 1, 0, 0, 1, 0, 0, 0]]",22.0,6.0,Y,"{0: 28, 1: 34, 2: 40, 3: 46, 4: 52, 5: 58, 6: 64, 7: 70, 8: 76, 9: 82, 10: 88, 11: 94, 12: 100, 13: 106, 14: 112, 15: 22}","{(0, 2): 20, (0, 3): 1, (0, 4): 1, (0, 7): 1, (0, 8): 1, (0, 9): 1, (0, 10): 1, (0, 12): 1, (0, 14): 1, (1, 3): 30, (1, 4): 1, (1, 8): 1, (1, 11): 1, (1, 15): 1, (2, 10): 18, (2, 13): 1, (2, 15): 1, (3, 4): 9, (3, 6): 1, (3, 10): 1, (3, 11): 1, (3, 13): 1, (3, 14): 1, (3, 15): 1, (4, 5): 34, (4, 8): 1, (4, 10): 1, (4, 11): 1, (4, 12): 1, (4, 13): 1, (4, 14): 1, (4, 15): 1, (5, 8): 1, (5, 10): 1, (5, 12): 1, (5, 14): 20, (5, 15): 1, (6, 7): 1, (6, 12): 62, (7, 8): 1, (7, 10): 1, (7, 11): 1, (7, 12): 1, (7, 13): 62, (7, 14): 1, (7, 15): 1, (8, 9): 1, (8, 10): 1, (8, 11): 1, (8, 13): 1, (8, 14): 66, (8, 15): 1, (9, 10): 1, (9, 11): 74, (9, 13): 4, (9, 15): 1, (10, 12): 6, (10, 13): 35, (10, 14): 22, (11, 12): 14, (11, 13): 1, (12, 15): 14}",2001.047134399414,318.0,48.0,892.0
59.0,Graph with 16 nodes and 57 edges,"[[0, 0, 1, 0, 0, 1, 1, 0, 0, 0, 0, 0, 0, 1, 0, 1], [0, 0, 0, 0, 0, 0, 0, 1, 0, 1, 1, 1, 1, 0, 0, 1], [1, 0, 0, 0, 1, 1, 0, 1, 0, 1, 1, 0, 0, 0, 0, 1], [0, 0, 0, 0, 0, 0, 1, 0, 1, 1, 1, 0, 1, 1, 1, 0], [0, 0, 1, 0, 0, 1, 1, 0, 0, 1, 1, 1, 1, 0, 0, 1], [1, 0, 1, 0, 1, 0, 0, 0, 1, 1, 1, 0, 1, 1, 1, 0], [1, 0, 0, 1, 1, 0, 0, 0, 1, 1, 1, 1, 1, 1, 1, 0], [0, 1, 1, 0, 0, 0, 0, 0, 0, 0, 1, 1, 0, 0, 0, 1], [0, 0, 0, 1, 0, 1, 1, 0, 0, 1, 0, 0, 1, 0, 0, 1], [0, 1, 1, 1, 1, 1, 1, 0, 1, 0, 1, 0, 0, 1, 1, 1], [0, 1, 1, 1, 1, 1, 1, 1, 0, 1, 0, 0, 0, 0, 0, 0], [0, 1, 0, 0, 1, 0, 1, 1, 0, 0, 0, 0, 1, 0, 1, 0], [0, 1, 0, 1, 1, 1, 1, 0, 1, 0, 0, 1, 0, 0, 0, 0], [1, 0, 0, 1, 0, 1, 1, 0, 0, 1, 0, 0, 0, 0, 0, 1], [0, 0, 0, 1, 0, 1, 1, 0, 0, 1, 0, 1, 0, 0, 0, 0], [1, 1, 1, 0, 1, 0, 0, 1, 1, 1, 0, 0, 0, 1, 0, 0]]",8.0,7.0,Y,"{0: 106, 1: 36, 2: 64, 3: 71, 4: 29, 5: 22, 6: 113, 7: 57, 8: 8, 9: 85, 10: 50, 11: 43, 12: 92, 13: 78, 14: 15, 15: 99}","{(0, 2): 32, (0, 5): 1, (0, 6): 44, (0, 13): 28, (0, 15): 1, (1, 7): 4, (1, 9): 28, (1, 10): 1, (1, 11): 1, (1, 12): 1, (1, 15): 1, (2, 4): 22, (2, 5): 1, (2, 7): 1, (2, 9): 6, (2, 10): 1, (2, 15): 1, (3, 6): 1, (3, 8): 3, (3, 9): 1, (3, 10): 1, (3, 12): 63, (3, 13): 1, (3, 14): 1, (4, 5): 1, (4, 6): 1, (4, 9): 1, (4, 10): 1, (4, 11): 1, (4, 12): 1, (4, 15): 1, (5, 8): 1, (5, 9): 1, (5, 10): 1, (5, 12): 1, (5, 13): 4, (5, 14): 11, (6, 8): 1, (6, 9): 1, (6, 10): 1, (6, 11): 38, (6, 12): 24, (6, 13): 1, (6, 14): 1, (7, 10): 1, (7, 11): 1, (7, 15): 50, (8, 9): 1, (8, 12): 1, (8, 15): 1, (9, 10): 43, (9, 13): 1, (9, 14): 1, (9, 15): 1, (11, 12): 1, (11, 14): 1, (13, 15): 43}",2727.031707763672,313.0,48.0,882.0
60.0,Graph with 16 nodes and 59 edges,"[[0, 1, 0, 0, 1, 0, 1, 1, 0, 1, 0, 1, 1, 0, 0, 0], [1, 0, 0, 1, 1, 1, 0, 0, 1, 0, 1, 0, 1, 0, 1, 1], [0, 0, 0, 0, 0, 0, 1, 0, 0, 0, 0, 1, 1, 1, 0, 1], [0, 1, 0, 0, 1, 0, 1, 0, 0, 1, 0, 0, 1, 0, 0, 1], [1, 1, 0, 1, 0, 0, 0, 0, 1, 0, 0, 0, 1, 0, 0, 0], [0, 1, 0, 0, 0, 0, 0, 1, 1, 0, 0, 1, 1, 1, 1, 0], [1, 0, 1, 1, 0, 0, 0, 1, 0, 1, 1, 1, 1, 0, 1, 0], [1, 0, 0, 0, 0, 1, 1, 0, 1, 0, 0, 1, 1, 0, 0, 1], [0, 1, 0, 0, 1, 1, 0, 1, 0, 0, 0, 0, 1, 1, 1, 0], [1, 0, 0, 1, 0, 0, 1, 0, 0, 0, 1, 1, 1, 1, 1, 1], [0, 1, 0, 0, 0, 0, 1, 0, 0, 1, 0, 0, 1, 0, 0, 0], [1, 0, 1, 0, 0, 1, 1, 1, 0, 1, 0, 0, 1, 1, 1, 0], [1, 1, 1, 1, 1, 1, 1, 1, 1, 1, 1, 1, 0, 0, 1, 1], [0, 0, 1, 0, 0, 1, 0, 0, 1, 1, 0, 1, 0, 0, 0, 0], [0, 1, 0, 0, 0, 1, 1, 0, 1, 1, 0, 1, 1, 0, 0, 1], [0, 1, 1, 1, 0, 0, 0, 1, 0, 1, 0, 0, 1, 0, 1, 0]]",7.0,9.0,Y,"{0: 7, 1: 16, 2: 142, 3: 133, 4: 124, 5: 115, 6: 106, 7: 97, 8: 88, 9: 79, 10: 70, 11: 61, 12: 52, 13: 43, 14: 34, 15: 25}","{(0, 1): 1, (0, 4): 1, (0, 6): 1, (0, 7): 1, (0, 9): 1, (0, 11): 1, (0, 12): 1, (1, 3): 1, (1, 4): 1, (1, 5): 1, (1, 8): 1, (1, 10): 1, (1, 12): 8, (1, 14): 1, (1, 15): 1, (2, 6): 1, (2, 11): 51, (2, 12): 32, (2, 13): 39, (2, 15): 19, (3, 4): 119, (3, 6): 1, (3, 9): 10, (3, 12): 1, (3, 15): 1, (4, 8): 2, (4, 12): 1, (5, 7): 1, (5, 8): 81, (5, 11): 3, (5, 12): 1, (5, 13): 1, (5, 14): 27, (6, 7): 91, (6, 9): 2, (6, 10): 7, (6, 11): 1, (6, 12): 1, (6, 14): 1, (7, 8): 1, (7, 11): 1, (7, 12): 1, (7, 15): 1, (8, 12): 1, (8, 13): 1, (8, 14): 1, (9, 10): 61, (9, 11): 1, (9, 12): 1, (9, 13): 1, (9, 14): 1, (9, 15): 1, (10, 12): 1, (11, 12): 1, (11, 13): 1, (11, 14): 1, (12, 14): 1, (12, 15): 1, (14, 15): 1}",1353.9791107177734,315.0,48.0,886.0
62.0,Graph with 16 nodes and 61 edges,"[[0, 0, 0, 1, 1, 0, 0, 1, 0, 1, 0, 1, 0, 0, 1, 1], [0, 0, 1, 1, 0, 0, 1, 1, 0, 1, 0, 0, 1, 0, 0, 0], [0, 1, 0, 0, 0, 1, 0, 0, 1, 1, 0, 0, 1, 0, 0, 1], [1, 1, 0, 0, 0, 1, 0, 0, 1, 0, 0, 0, 1, 0, 1, 1], [1, 0, 0, 0, 0, 1, 0, 1, 1, 1, 1, 1, 1, 1, 0, 0], [0, 0, 1, 1, 1, 0, 1, 1, 1, 0, 0, 0, 0, 1, 1, 0], [0, 1, 0, 0, 0, 1, 0, 1, 0, 1, 1, 1, 1, 0, 1, 1], [1, 1, 0, 0, 1, 1, 1, 0, 0, 0, 1, 1, 0, 1, 1, 0], [0, 0, 1, 1, 1, 1, 0, 0, 0, 1, 0, 1, 0, 1, 0, 0], [1, 1, 1, 0, 1, 0, 1, 0, 1, 0, 1, 1, 0, 0, 0, 1], [0, 0, 0, 0, 1, 0, 1, 1, 0, 1, 0, 1, 1, 0, 0, 1], [1, 0, 0, 0, 1, 0, 1, 1, 1, 1, 1, 0, 1, 0, 1, 0], [0, 1, 1, 1, 1, 0, 1, 0, 0, 0, 1, 1, 0, 0, 0, 0], [0, 0, 0, 0, 1, 1, 0, 1, 1, 0, 0, 0, 0, 0, 1, 1], [1, 0, 0, 1, 0, 1, 1, 1, 0, 0, 0, 1, 0, 1, 0, 1], [1, 0, 1, 1, 0, 0, 1, 0, 0, 1, 1, 0, 0, 1, 1, 0]]",12.0,8.0,Y,"{0: 20, 1: 28, 2: 36, 3: 44, 4: 52, 5: 60, 6: 68, 7: 76, 8: 84, 9: 92, 10: 100, 11: 108, 12: 116, 13: 124, 14: 132, 15: 12}","{(0, 3): 14, (0, 4): 1, (0, 7): 1, (0, 9): 1, (0, 11): 1, (0, 14): 1, (0, 15): 1, (1, 2): 23, (1, 3): 1, (1, 6): 1, (1, 7): 1, (1, 9): 1, (1, 12): 1, (2, 5): 9, (2, 8): 1, (2, 9): 1, (2, 12): 1, (2, 15): 1, (3, 5): 25, (3, 8): 1, (3, 12): 1, (3, 14): 1, (3, 15): 1, (4, 5): 21, (4, 7): 24, (4, 8): 1, (4, 9): 1, (4, 10): 1, (4, 11): 1, (4, 12): 1, (4, 13): 1, (5, 6): 1, (5, 7): 1, (5, 8): 1, (5, 13): 1, (5, 14): 1, (6, 7): 27, (6, 9): 3, (6, 10): 26, (6, 11): 1, (6, 12): 3, (6, 14): 5, (6, 15): 1, (7, 10): 5, (7, 11): 9, (7, 13): 3, (7, 14): 5, (8, 9): 56, (8, 11): 9, (8, 13): 15, (9, 10): 1, (9, 11): 25, (9, 15): 3, (10, 11): 3, (10, 12): 63, (10, 15): 1, (11, 12): 46, (11, 14): 13, (13, 14): 103, (13, 15): 1, (14, 15): 3}",1876.8310546875,317.0,48.0,890.0
67.0,Graph with 16 nodes and 69 edges,"[[0, 1, 1, 1, 1, 1, 0, 1, 0, 1, 1, 1, 1, 1, 0, 0], [1, 0, 1, 0, 1, 0, 1, 1, 0, 0, 0, 0, 0, 1, 0, 1], [1, 1, 0, 1, 0, 1, 1, 1, 0, 0, 0, 0, 1, 0, 1, 0], [1, 0, 1, 0, 0, 1, 1, 1, 0, 0, 0, 1, 0, 0, 0, 1], [1, 1, 0, 0, 0, 0, 1, 1, 0, 1, 1, 0, 0, 0, 1, 1], [1, 0, 1, 1, 0, 0, 0, 1, 1, 1, 0, 0, 0, 0, 0, 1], [0, 1, 1, 1, 1, 0, 0, 1, 0, 0, 1, 1, 1, 0, 0, 1], [1, 1, 1, 1, 1, 1, 1, 0, 1, 1, 1, 1, 1, 1, 0, 0], [0, 0, 0, 0, 0, 1, 0, 1, 0, 1, 0, 1, 0, 1, 0, 0], [1, 0, 0, 0, 1, 1, 0, 1, 1, 0, 0, 1, 1, 1, 1, 1], [1, 0, 0, 0, 1, 0, 1, 1, 0, 0, 0, 1, 0, 1, 1, 1], [1, 0, 0, 1, 0, 0, 1, 1, 1, 1, 1, 0, 1, 1, 1, 1], [1, 0, 1, 0, 0, 0, 1, 1, 0, 1, 0, 1, 0, 1, 0, 1], [1, 1, 0, 0, 0, 0, 0, 1, 1, 1, 1, 1, 1, 0, 0, 1], [0, 0, 1, 0, 1, 0, 0, 0, 0, 1, 1, 1, 0, 0, 0, 1], [0, 1, 0, 1, 1, 1, 1, 0, 0, 1, 1, 1, 1, 1, 1, 0]]",5.0,6.0,Y,"{0: 83, 1: 71, 2: 77, 3: 89, 4: 53, 5: 65, 6: 17, 7: 95, 8: 5, 9: 23, 10: 59, 11: 29, 12: 11, 13: 35, 14: 41, 15: 47}","{(0, 1): 1, (0, 2): 1, (0, 3): 1, (0, 4): 1, (0, 5): 1, (0, 7): 73, (0, 9): 1, (0, 10): 1, (0, 11): 1, (0, 12): 1, (0, 13): 1, (1, 2): 59, (1, 4): 1, (1, 6): 1, (1, 7): 1, (1, 13): 1, (1, 15): 7, (2, 3): 1, (2, 5): 12, (2, 6): 1, (2, 7): 1, (2, 12): 1, (2, 14): 1, (3, 5): 48, (3, 6): 9, (3, 7): 11, (3, 11): 1, (3, 15): 18, (4, 6): 1, (4, 7): 1, (4, 9): 1, (4, 10): 11, (4, 14): 36, (4, 15): 1, (5, 7): 1, (5, 8): 1, (5, 9): 1, (5, 15): 1, (6, 7): 1, (6, 10): 1, (6, 11): 1, (6, 12): 1, (6, 15): 1, (7, 8): 1, (7, 9): 1, (7, 10): 1, (7, 11): 1, (7, 12): 1, (7, 13): 1, (8, 9): 1, (8, 11): 1, (8, 13): 1, (9, 11): 1, (9, 12): 1, (9, 13): 1, (9, 14): 1, (9, 15): 14, (10, 11): 16, (10, 13): 27, (10, 14): 1, (10, 15): 1, (11, 12): 4, (11, 13): 1, (11, 14): 1, (11, 15): 1, (12, 13): 1, (12, 15): 1, (13, 15): 1, (14, 15): 1}",3173.1128692626953,325.0,48.0,906.0
67.0,Graph with 16 nodes and 69 edges,"[[0, 1, 1, 1, 1, 1, 0, 1, 0, 1, 1, 1, 1, 1, 0, 0], [1, 0, 1, 0, 1, 0, 1, 1, 0, 0, 0, 0, 0, 1, 0, 1], [1, 1, 0, 1, 0, 1, 1, 1, 0, 0, 0, 0, 1, 0, 1, 0], [1, 0, 1, 0, 0, 1, 1, 1, 0, 0, 0, 1, 0, 0, 0, 1], [1, 1, 0, 0, 0, 0, 1, 1, 0, 1, 1, 0, 0, 0, 1, 1], [1, 0, 1, 1, 0, 0, 0, 1, 1, 1, 0, 0, 0, 0, 0, 1], [0, 1, 1, 1, 1, 0, 0, 1, 0, 0, 1, 1, 1, 0, 0, 1], [1, 1, 1, 1, 1, 1, 1, 0, 1, 1, 1, 1, 1, 1, 0, 0], [0, 0, 0, 0, 0, 1, 0, 1, 0, 1, 0, 1, 0, 1, 0, 0], [1, 0, 0, 0, 1, 1, 0, 1, 1, 0, 0, 1, 1, 1, 1, 1], [1, 0, 0, 0, 1, 0, 1, 1, 0, 0, 0, 1, 0, 1, 1, 1], [1, 0, 0, 1, 0, 0, 1, 1, 1, 1, 1, 0, 1, 1, 1, 1], [1, 0, 1, 0, 0, 0, 1, 1, 0, 1, 0, 1, 0, 1, 0, 1], [1, 1, 0, 0, 0, 0, 0, 1, 1, 1, 1, 1, 1, 0, 0, 1], [0, 0, 1, 0, 1, 0, 0, 0, 0, 1, 1, 1, 0, 0, 0, 1], [0, 1, 0, 1, 1, 1, 1, 0, 0, 1, 1, 1, 1, 1, 1, 0]]",16.0,7.0,Y,"{0: 23, 1: 30, 2: 37, 3: 44, 4: 51, 5: 58, 6: 65, 7: 72, 8: 79, 9: 86, 10: 93, 11: 100, 12: 107, 13: 114, 14: 121, 15: 16}","{(0, 1): 13, (0, 2): 1, (0, 3): 1, (0, 4): 1, (0, 5): 1, (0, 7): 1, (0, 9): 1, (0, 10): 1, (0, 11): 1, (0, 12): 1, (0, 13): 1, (1, 2): 12, (1, 4): 1, (1, 6): 1, (1, 7): 1, (1, 13): 1, (1, 15): 1, (2, 3): 19, (2, 5): 1, (2, 6): 1, (2, 7): 1, (2, 12): 1, (2, 14): 1, (3, 5): 20, (3, 6): 1, (3, 7): 1, (3, 11): 1, (3, 15): 1, (4, 6): 44, (4, 7): 1, (4, 9): 1, (4, 10): 1, (4, 14): 1, (4, 15): 1, (5, 7): 33, (5, 8): 1, (5, 9): 1, (5, 15): 1, (6, 7): 1, (6, 10): 14, (6, 11): 1, (6, 12): 1, (6, 15): 1, (7, 8): 28, (7, 9): 1, (7, 10): 1, (7, 11): 1, (7, 12): 1, (7, 13): 1, (8, 9): 48, (8, 11): 1, (8, 13): 1, (9, 11): 1, (9, 12): 1, (9, 13): 1, (9, 14): 30, (9, 15): 1, (10, 11): 1, (10, 13): 44, (10, 14): 30, (10, 15): 1, (11, 12): 38, (11, 13): 1, (11, 14): 53, (11, 15): 1, (12, 13): 63, (12, 15): 1, (13, 15): 1, (14, 15): 6}",2733.945846557617,325.0,48.0,906.0
69.0,Graph with 16 nodes and 60 edges,"[[0, 1, 0, 0, 0, 0, 0, 1, 1, 0, 0, 0, 1, 1, 1, 1], [1, 0, 0, 1, 1, 1, 0, 1, 0, 0, 0, 0, 1, 1, 0, 0], [0, 0, 0, 1, 0, 0, 1, 1, 1, 1, 0, 1, 0, 0, 0, 1], [0, 1, 1, 0, 0, 0, 0, 0, 0, 1, 1, 0, 1, 1, 1, 1], [0, 1, 0, 0, 0, 0, 1, 1, 1, 1, 0, 0, 1, 0, 1, 0], [0, 1, 0, 0, 0, 0, 0, 0, 0, 1, 0, 1, 0, 0, 0, 0], [0, 0, 1, 0, 1, 0, 0, 1, 0, 1, 0, 0, 1, 1, 1, 1], [1, 1, 1, 0, 1, 0, 1, 0, 1, 1, 0, 0, 1, 0, 0, 1], [1, 0, 1, 0, 1, 0, 0, 1, 0, 1, 0, 1, 1, 0, 0, 1], [0, 0, 1, 1, 1, 1, 1, 1, 1, 0, 0, 1, 1, 0, 1, 1], [0, 0, 0, 1, 0, 0, 0, 0, 0, 0, 0, 1, 1, 1, 0, 0], [0, 0, 1, 0, 0, 1, 0, 0, 1, 1, 1, 0, 1, 0, 1, 1], [1, 1, 0, 1, 1, 0, 1, 1, 1, 1, 1, 1, 0, 0, 1, 1], [1, 1, 0, 1, 0, 0, 1, 0, 0, 0, 1, 0, 0, 0, 0, 0], [1, 0, 0, 1, 1, 0, 1, 0, 0, 1, 0, 1, 1, 0, 0, 0], [1, 0, 1, 1, 0, 0, 1, 1, 1, 1, 0, 1, 1, 0, 0, 0]]",10.0,4.0,Y,"{0: 10, 1: 70, 2: 66, 3: 62, 4: 58, 5: 54, 6: 50, 7: 46, 8: 42, 9: 14, 10: 38, 11: 34, 12: 30, 13: 26, 14: 22, 15: 18}","{(0, 1): 1, (0, 7): 1, (0, 8): 1, (0, 12): 4, (0, 13): 1, (0, 14): 1, (0, 15): 1, (1, 3): 1, (1, 4): 1, (1, 5): 23, (1, 7): 6, (1, 12): 16, (1, 13): 22, (2, 3): 1, (2, 6): 1, (2, 7): 22, (2, 8): 35, (2, 9): 1, (2, 11): 1, (2, 15): 5, (3, 9): 1, (3, 10): 35, (3, 12): 1, (3, 13): 1, (3, 14): 16, (3, 15): 6, (4, 6): 42, (4, 7): 11, (4, 8): 1, (4, 9): 1, (4, 12): 1, (4, 14): 1, (5, 9): 4, (5, 11): 27, (6, 7): 2, (6, 9): 1, (6, 12): 1, (6, 13): 1, (6, 14): 1, (6, 15): 1, (7, 8): 1, (7, 9): 1, (7, 12): 1, (7, 15): 1, (8, 9): 1, (8, 11): 1, (8, 12): 1, (8, 15): 1, (9, 11): 1, (9, 12): 1, (9, 14): 1, (9, 15): 1, (10, 11): 1, (10, 12): 1, (10, 13): 1, (11, 12): 1, (11, 14): 1, (11, 15): 1, (12, 14): 1, (12, 15): 1}",1831.0546875,316.0,48.0,888.0
69.0,Graph with 16 nodes and 60 edges,"[[0, 1, 0, 0, 0, 0, 0, 1, 1, 0, 0, 0, 1, 1, 1, 1], [1, 0, 0, 1, 1, 1, 0, 1, 0, 0, 0, 0, 1, 1, 0, 0], [0, 0, 0, 1, 0, 0, 1, 1, 1, 1, 0, 1, 0, 0, 0, 1], [0, 1, 1, 0, 0, 0, 0, 0, 0, 1, 1, 0, 1, 1, 1, 1], [0, 1, 0, 0, 0, 0, 1, 1, 1, 1, 0, 0, 1, 0, 1, 0], [0, 1, 0, 0, 0, 0, 0, 0, 0, 1, 0, 1, 0, 0, 0, 0], [0, 0, 1, 0, 1, 0, 0, 1, 0, 1, 0, 0, 1, 1, 1, 1], [1, 1, 1, 0, 1, 0, 1, 0, 1, 1, 0, 0, 1, 0, 0, 1], [1, 0, 1, 0, 1, 0, 0, 1, 0, 1, 0, 1, 1, 0, 0, 1], [0, 0, 1, 1, 1, 1, 1, 1, 1, 0, 0, 1, 1, 0, 1, 1], [0, 0, 0, 1, 0, 0, 0, 0, 0, 0, 0, 1, 1, 1, 0, 0], [0, 0, 1, 0, 0, 1, 0, 0, 1, 1, 1, 0, 1, 0, 1, 1], [1, 1, 0, 1, 1, 0, 1, 1, 1, 1, 1, 1, 0, 0, 1, 1], [1, 1, 0, 1, 0, 0, 1, 0, 0, 0, 1, 0, 0, 0, 0, 0], [1, 0, 0, 1, 1, 0, 1, 0, 0, 1, 0, 1, 1, 0, 0, 0], [1, 0, 1, 1, 0, 0, 1, 1, 1, 1, 0, 1, 1, 0, 0, 0]]",17.0,7.0,Y,"{0: 24, 1: 31, 2: 38, 3: 45, 4: 52, 5: 59, 6: 66, 7: 73, 8: 80, 9: 87, 10: 94, 11: 101, 12: 108, 13: 115, 14: 122, 15: 17}","{(0, 1): 18, (0, 7): 1, (0, 8): 1, (0, 12): 1, (0, 13): 1, (0, 14): 1, (0, 15): 1, (1, 3): 8, (1, 4): 1, (1, 5): 1, (1, 7): 1, (1, 12): 1, (1, 13): 1, (2, 3): 31, (2, 6): 2, (2, 7): 1, (2, 8): 1, (2, 9): 1, (2, 11): 1, (2, 15): 1, (3, 9): 1, (3, 10): 1, (3, 12): 1, (3, 13): 1, (3, 14): 1, (3, 15): 1, (4, 6): 38, (4, 7): 1, (4, 8): 1, (4, 9): 1, (4, 12): 1, (4, 14): 9, (5, 9): 1, (5, 11): 57, (6, 7): 1, (6, 9): 1, (6, 12): 1, (6, 13): 21, (6, 14): 1, (6, 15): 1, (7, 8): 14, (7, 9): 1, (7, 12): 44, (7, 15): 9, (8, 9): 1, (8, 11): 7, (8, 12): 54, (8, 15): 1, (9, 11): 1, (9, 12): 1, (9, 14): 77, (9, 15): 1, (10, 11): 1, (10, 12): 1, (10, 13): 91, (11, 12): 1, (11, 14): 32, (11, 15): 1, (12, 14): 1, (12, 15): 1}",2256.8702697753906,316.0,48.0,888.0
69.0,Graph with 16 nodes and 60 edges,"[[0, 1, 0, 0, 0, 0, 0, 1, 1, 0, 0, 0, 1, 1, 1, 1], [1, 0, 0, 1, 1, 1, 0, 1, 0, 0, 0, 0, 1, 1, 0, 0], [0, 0, 0, 1, 0, 0, 1, 1, 1, 1, 0, 1, 0, 0, 0, 1], [0, 1, 1, 0, 0, 0, 0, 0, 0, 1, 1, 0, 1, 1, 1, 1], [0, 1, 0, 0, 0, 0, 1, 1, 1, 1, 0, 0, 1, 0, 1, 0], [0, 1, 0, 0, 0, 0, 0, 0, 0, 1, 0, 1, 0, 0, 0, 0], [0, 0, 1, 0, 1, 0, 0, 1, 0, 1, 0, 0, 1, 1, 1, 1], [1, 1, 1, 0, 1, 0, 1, 0, 1, 1, 0, 0, 1, 0, 0, 1], [1, 0, 1, 0, 1, 0, 0, 1, 0, 1, 0, 1, 1, 0, 0, 1], [0, 0, 1, 1, 1, 1, 1, 1, 1, 0, 0, 1, 1, 0, 1, 1], [0, 0, 0, 1, 0, 0, 0, 0, 0, 0, 0, 1, 1, 1, 0, 0], [0, 0, 1, 0, 0, 1, 0, 0, 1, 1, 1, 0, 1, 0, 1, 1], [1, 1, 0, 1, 1, 0, 1, 1, 1, 1, 1, 1, 0, 0, 1, 1], [1, 1, 0, 1, 0, 0, 1, 0, 0, 0, 1, 0, 0, 0, 0, 0], [1, 0, 0, 1, 1, 0, 1, 0, 0, 1, 0, 1, 1, 0, 0, 0], [1, 0, 1, 1, 0, 0, 1, 1, 1, 1, 0, 1, 1, 0, 0, 0]]",25.0,2.0,Y,"{0: 49, 1: 27, 2: 25, 3: 33, 4: 39, 5: 41, 6: 55, 7: 37, 8: 31, 9: 43, 10: 29, 11: 47, 12: 51, 13: 45, 14: 35, 15: 53}","{(0, 1): 15, (0, 7): 1, (0, 8): 1, (0, 12): 1, (0, 13): 1, (0, 14): 29, (0, 15): 1, (1, 3): 1, (1, 4): 1, (1, 5): 1, (1, 7): 1, (1, 12): 7, (1, 13): 1, (2, 3): 1, (2, 6): 1, (2, 7): 1, (2, 8): 1, (2, 9): 1, (2, 11): 3, (2, 15): 17, (3, 9): 1, (3, 10): 1, (3, 12): 1, (3, 13): 26, (3, 14): 1, (3, 15): 1, (4, 6): 33, (4, 7): 1, (4, 8): 1, (4, 9): 1, (4, 12): 1, (4, 14): 1, (5, 9): 33, (5, 11): 7, (6, 7): 1, (6, 9): 1, (6, 12): 1, (6, 13): 16, (6, 14): 1, (6, 15): 1, (7, 8): 1, (7, 9): 1, (7, 12): 1, (7, 15): 29, (8, 9): 1, (8, 11): 24, (8, 12): 1, (8, 15): 1, (9, 11): 1, (9, 12): 1, (9, 14): 1, (9, 15): 1, (10, 11): 1, (10, 12): 26, (10, 13): 1, (11, 12): 9, (11, 14): 1, (11, 15): 1, (12, 14): 1, (12, 15): 1}",2305.9844970703125,316.0,48.0,888.0
70.0,Graph with 16 nodes and 64 edges,"[[0, 1, 0, 1, 0, 0, 0, 0, 1, 1, 1, 1, 1, 1, 0, 0], [1, 0, 0, 0, 0, 0, 0, 0, 0, 1, 1, 0, 0, 1, 0, 1], [0, 0, 0, 1, 1, 0, 0, 0, 1, 0, 1, 1, 0, 1, 0, 1], [1, 0, 1, 0, 0, 1, 1, 1, 1, 0, 1, 0, 1, 1, 1, 1], [0, 0, 1, 0, 0, 0, 0, 0, 1, 1, 1, 0, 1, 0, 0, 0], [0, 0, 0, 1, 0, 0, 0, 1, 1, 0, 1, 0, 0, 0, 1, 0], [0, 0, 0, 1, 0, 0, 0, 1, 0, 1, 1, 1, 0, 1, 1, 1], [0, 0, 0, 1, 0, 1, 1, 0, 1, 0, 1, 1, 1, 1, 1, 1], [1, 0, 1, 1, 1, 1, 0, 1, 0, 1, 0, 1, 1, 1, 0, 0], [1, 1, 0, 0, 1, 0, 1, 0, 1, 0, 1, 0, 1, 1, 0, 0], [1, 1, 1, 1, 1, 1, 1, 1, 0, 1, 0, 0, 0, 1, 0, 1], [1, 0, 1, 0, 0, 0, 1, 1, 1, 0, 0, 0, 1, 1, 1, 1], [1, 0, 0, 1, 1, 0, 0, 1, 1, 1, 0, 1, 0, 0, 0, 0], [1, 1, 1, 1, 0, 0, 1, 1, 1, 1, 1, 1, 0, 0, 0, 1], [0, 0, 0, 1, 0, 1, 1, 1, 0, 0, 0, 1, 0, 0, 0, 0], [0, 1, 1, 1, 0, 0, 1, 1, 0, 0, 1, 1, 0, 1, 0, 0]]",5.0,9.0,Y,"{0: 23, 1: 14, 2: 32, 3: 41, 4: 50, 5: 59, 6: 68, 7: 77, 8: 86, 9: 95, 10: 104, 11: 113, 12: 122, 13: 131, 14: 5, 15: 140}","{(0, 1): 10, (0, 3): 7, (0, 8): 1, (0, 9): 1, (0, 10): 1, (0, 11): 1, (0, 12): 1, (0, 13): 1, (1, 9): 1, (1, 10): 1, (1, 13): 1, (1, 15): 1, (2, 3): 25, (2, 4): 2, (2, 8): 1, (2, 10): 1, (2, 11): 1, (2, 13): 1, (2, 15): 1, (3, 5): 1, (3, 6): 1, (3, 7): 1, (3, 8): 1, (3, 10): 1, (3, 12): 1, (3, 13): 1, (3, 14): 1, (3, 15): 1, (4, 8): 45, (4, 9): 1, (4, 10): 1, (4, 12): 1, (5, 7): 1, (5, 8): 5, (5, 10): 51, (5, 14): 1, (6, 7): 46, (6, 9): 1, (6, 10): 5, (6, 11): 1, (6, 13): 1, (6, 14): 1, (6, 15): 12, (7, 8): 11, (7, 10): 1, (7, 11): 1, (7, 12): 1, (7, 13): 1, (7, 14): 1, (7, 15): 13, (8, 9): 1, (8, 11): 1, (8, 12): 19, (8, 13): 1, (9, 10): 1, (9, 12): 78, (9, 13): 11, (10, 13): 40, (10, 15): 1, (11, 12): 21, (11, 13): 24, (11, 14): 1, (11, 15): 62, (13, 15): 49}",2660.036087036133,320.0,48.0,896.0
71.0,Graph with 16 nodes and 57 edges,"[[0, 1, 0, 1, 1, 1, 0, 0, 1, 1, 0, 1, 1, 0, 1, 1], [1, 0, 1, 1, 0, 1, 1, 0, 1, 0, 0, 0, 0, 1, 0, 1], [0, 1, 0, 0, 0, 1, 0, 1, 1, 0, 0, 0, 0, 0, 0, 0], [1, 1, 0, 0, 0, 0, 1, 0, 0, 1, 1, 0, 0, 1, 1, 1], [1, 0, 0, 0, 0, 1, 0, 0, 1, 1, 0, 0, 0, 0, 0, 0], [1, 1, 1, 0, 1, 0, 0, 0, 0, 1, 0, 1, 1, 0, 1, 1], [0, 1, 0, 1, 0, 0, 0, 0, 0, 1, 0, 0, 1, 0, 0, 1], [0, 0, 1, 0, 0, 0, 0, 0, 1, 0, 1, 0, 0, 1, 1, 0], [1, 1, 1, 0, 1, 0, 0, 1, 0, 1, 0, 0, 1, 1, 1, 0], [1, 0, 0, 1, 1, 1, 1, 0, 1, 0, 1, 1, 0, 1, 0, 0], [0, 0, 0, 1, 0, 0, 0, 1, 0, 1, 0, 0, 1, 0, 0, 1], [1, 0, 0, 0, 0, 1, 0, 0, 0, 1, 0, 0, 1, 1, 1, 0], [1, 0, 0, 0, 0, 1, 1, 0, 1, 0, 1, 1, 0, 0, 1, 0], [0, 1, 0, 1, 0, 0, 0, 1, 1, 1, 0, 1, 0, 0, 1, 1], [1, 0, 0, 1, 0, 1, 0, 1, 1, 0, 0, 1, 1, 1, 0, 1], [1, 1, 0, 1, 0, 1, 1, 0, 0, 0, 1, 0, 0, 1, 1, 0]]",24.0,8.0,Y,"{0: 32, 1: 40, 2: 48, 3: 56, 4: 64, 5: 72, 6: 80, 7: 88, 8: 96, 9: 104, 10: 112, 11: 120, 12: 128, 13: 136, 14: 144, 15: 24}","{(0, 1): 23, (0, 3): 1, (0, 4): 1, (0, 5): 1, (0, 8): 1, (0, 9): 1, (0, 11): 1, (0, 12): 1, (0, 14): 1, (0, 15): 1, (1, 2): 11, (1, 3): 1, (1, 5): 1, (1, 6): 1, (1, 8): 1, (1, 13): 1, (1, 15): 1, (2, 5): 35, (2, 7): 1, (2, 8): 1, (3, 6): 49, (3, 9): 1, (3, 10): 1, (3, 13): 1, (3, 14): 1, (3, 15): 1, (4, 5): 1, (4, 8): 48, (4, 9): 14, (5, 9): 22, (5, 11): 9, (5, 12): 1, (5, 14): 1, (5, 15): 1, (6, 9): 12, (6, 12): 17, (6, 15): 1, (7, 8): 1, (7, 10): 68, (7, 13): 17, (7, 14): 1, (8, 9): 1, (8, 12): 8, (8, 13): 34, (8, 14): 1, (9, 10): 1, (9, 11): 41, (9, 13): 11, (10, 12): 41, (10, 15): 1, (11, 12): 1, (11, 13): 38, (11, 14): 30, (12, 14): 59, (13, 14): 33, (13, 15): 1, (14, 15): 17}",2199.888229370117,313.0,48.0,882.0
72.0,Graph with 16 nodes and 55 edges,"[[0, 0, 1, 0, 0, 0, 1, 1, 0, 0, 1, 0, 1, 0, 0, 1], [0, 0, 0, 1, 1, 0, 1, 0, 1, 0, 1, 1, 1, 1, 1, 1], [1, 0, 0, 0, 0, 0, 0, 0, 1, 1, 0, 0, 0, 0, 1, 0], [0, 1, 0, 0, 0, 0, 1, 0, 1, 0, 1, 0, 0, 1, 1, 1], [0, 1, 0, 0, 0, 0, 0, 1, 0, 1, 1, 0, 1, 0, 0, 1], [0, 0, 0, 0, 0, 0, 1, 0, 0, 1, 0, 0, 0, 0, 1, 0], [1, 1, 0, 1, 0, 1, 0, 0, 1, 1, 0, 0, 1, 0, 1, 1], [1, 0, 0, 0, 1, 0, 0, 0, 1, 0, 1, 0, 1, 1, 0, 0], [0, 1, 1, 1, 0, 0, 1, 1, 0, 0, 1, 1, 0, 0, 1, 0], [0, 0, 1, 0, 1, 1, 1, 0, 0, 0, 0, 0, 0, 1, 1, 1], [1, 1, 0, 1, 1, 0, 0, 1, 1, 0, 0, 1, 0, 1, 1, 0], [0, 1, 0, 0, 0, 0, 0, 0, 1, 0, 1, 0, 1, 0, 0, 1], [1, 1, 0, 0, 1, 0, 1, 1, 0, 0, 0, 1, 0, 1, 0, 0], [0, 1, 0, 1, 0, 0, 0, 1, 0, 1, 1, 0, 1, 0, 1, 0], [0, 1, 1, 1, 0, 1, 1, 0, 1, 1, 1, 0, 0, 1, 0, 0], [1, 1, 0, 1, 1, 0, 1, 0, 0, 1, 0, 1, 0, 0, 0, 0]]",13.0,3.0,Y,"{0: 16, 1: 19, 2: 22, 3: 25, 4: 28, 5: 31, 6: 34, 7: 37, 8: 40, 9: 43, 10: 46, 11: 49, 12: 52, 13: 55, 14: 58, 15: 13}","{(0, 2): 11, (0, 6): 1, (0, 7): 1, (0, 10): 1, (0, 12): 1, (0, 15): 1, (1, 3): 10, (1, 4): 1, (1, 6): 1, (1, 8): 1, (1, 10): 1, (1, 11): 1, (1, 12): 1, (1, 13): 1, (1, 14): 1, (1, 15): 1, (2, 8): 9, (2, 9): 1, (2, 14): 1, (3, 6): 10, (3, 8): 1, (3, 10): 1, (3, 13): 1, (3, 14): 1, (3, 15): 1, (4, 7): 1, (4, 9): 1, (4, 10): 1, (4, 12): 23, (4, 15): 1, (5, 6): 3, (5, 9): 20, (5, 14): 8, (6, 8): 1, (6, 9): 1, (6, 12): 10, (6, 14): 6, (6, 15): 1, (7, 8): 1, (7, 10): 1, (7, 12): 1, (7, 13): 32, (8, 10): 1, (8, 11): 25, (8, 14): 1, (9, 13): 18, (9, 14): 1, (9, 15): 1, (10, 11): 1, (10, 13): 1, (10, 14): 38, (11, 12): 15, (11, 15): 7, (12, 13): 1, (13, 14): 1}",2074.9568939208984,311.0,48.0,878.0
72.0,Graph with 16 nodes and 55 edges,"[[0, 0, 1, 0, 0, 0, 1, 1, 0, 0, 1, 0, 1, 0, 0, 1], [0, 0, 0, 1, 1, 0, 1, 0, 1, 0, 1, 1, 1, 1, 1, 1], [1, 0, 0, 0, 0, 0, 0, 0, 1, 1, 0, 0, 0, 0, 1, 0], [0, 1, 0, 0, 0, 0, 1, 0, 1, 0, 1, 0, 0, 1, 1, 1], [0, 1, 0, 0, 0, 0, 0, 1, 0, 1, 1, 0, 1, 0, 0, 1], [0, 0, 0, 0, 0, 0, 1, 0, 0, 1, 0, 0, 0, 0, 1, 0], [1, 1, 0, 1, 0, 1, 0, 0, 1, 1, 0, 0, 1, 0, 1, 1], [1, 0, 0, 0, 1, 0, 0, 0, 1, 0, 1, 0, 1, 1, 0, 0], [0, 1, 1, 1, 0, 0, 1, 1, 0, 0, 1, 1, 0, 0, 1, 0], [0, 0, 1, 0, 1, 1, 1, 0, 0, 0, 0, 0, 0, 1, 1, 1], [1, 1, 0, 1, 1, 0, 0, 1, 1, 0, 0, 1, 0, 1, 1, 0], [0, 1, 0, 0, 0, 0, 0, 0, 1, 0, 1, 0, 1, 0, 0, 1], [1, 1, 0, 0, 1, 0, 1, 1, 0, 0, 0, 1, 0, 1, 0, 0], [0, 1, 0, 1, 0, 0, 0, 1, 0, 1, 1, 0, 1, 0, 1, 0], [0, 1, 1, 1, 0, 1, 1, 0, 1, 1, 1, 0, 0, 1, 0, 0], [1, 1, 0, 1, 1, 0, 1, 0, 0, 1, 0, 1, 0, 0, 0, 0]]",22.0,3.0,Y,"{0: 25, 1: 28, 2: 31, 3: 34, 4: 37, 5: 40, 6: 43, 7: 46, 8: 49, 9: 52, 10: 55, 11: 58, 12: 61, 13: 64, 14: 67, 15: 22}","{(0, 2): 20, (0, 6): 1, (0, 7): 1, (0, 10): 1, (0, 12): 1, (0, 15): 1, (1, 3): 19, (1, 4): 1, (1, 6): 1, (1, 8): 1, (1, 10): 1, (1, 11): 1, (1, 12): 1, (1, 13): 1, (1, 14): 1, (1, 15): 1, (2, 8): 9, (2, 9): 1, (2, 14): 1, (3, 6): 10, (3, 8): 1, (3, 10): 1, (3, 13): 1, (3, 14): 1, (3, 15): 1, (4, 7): 6, (4, 9): 21, (4, 10): 1, (4, 12): 7, (4, 15): 1, (5, 6): 13, (5, 9): 22, (5, 14): 5, (6, 8): 9, (6, 9): 4, (6, 12): 3, (6, 14): 1, (6, 15): 1, (7, 8): 3, (7, 10): 1, (7, 12): 8, (7, 13): 27, (8, 10): 3, (8, 11): 22, (8, 14): 1, (9, 13): 1, (9, 14): 1, (9, 15): 2, (10, 11): 1, (10, 13): 1, (10, 14): 45, (11, 12): 19, (11, 15): 15, (12, 13): 22, (13, 14): 11}",1847.0287322998047,311.0,48.0,878.0
72.0,Graph with 16 nodes and 55 edges,"[[0, 0, 1, 0, 0, 0, 1, 1, 0, 0, 1, 0, 1, 0, 0, 1], [0, 0, 0, 1, 1, 0, 1, 0, 1, 0, 1, 1, 1, 1, 1, 1], [1, 0, 0, 0, 0, 0, 0, 0, 1, 1, 0, 0, 0, 0, 1, 0], [0, 1, 0, 0, 0, 0, 1, 0, 1, 0, 1, 0, 0, 1, 1, 1], [0, 1, 0, 0, 0, 0, 0, 1, 0, 1, 1, 0, 1, 0, 0, 1], [0, 0, 0, 0, 0, 0, 1, 0, 0, 1, 0, 0, 0, 0, 1, 0], [1, 1, 0, 1, 0, 1, 0, 0, 1, 1, 0, 0, 1, 0, 1, 1], [1, 0, 0, 0, 1, 0, 0, 0, 1, 0, 1, 0, 1, 1, 0, 0], [0, 1, 1, 1, 0, 0, 1, 1, 0, 0, 1, 1, 0, 0, 1, 0], [0, 0, 1, 0, 1, 1, 1, 0, 0, 0, 0, 0, 0, 1, 1, 1], [1, 1, 0, 1, 1, 0, 0, 1, 1, 0, 0, 1, 0, 1, 1, 0], [0, 1, 0, 0, 0, 0, 0, 0, 1, 0, 1, 0, 1, 0, 0, 1], [1, 1, 0, 0, 1, 0, 1, 1, 0, 0, 0, 1, 0, 1, 0, 0], [0, 1, 0, 1, 0, 0, 0, 1, 0, 1, 1, 0, 1, 0, 1, 0], [0, 1, 1, 1, 0, 1, 1, 0, 1, 1, 1, 0, 0, 1, 0, 0], [1, 1, 0, 1, 1, 0, 1, 0, 0, 1, 0, 1, 0, 0, 0, 0]]",28.0,4.0,Y,"{0: 32, 1: 36, 2: 40, 3: 44, 4: 48, 5: 52, 6: 56, 7: 60, 8: 64, 9: 68, 10: 72, 11: 76, 12: 80, 13: 84, 14: 88, 15: 28}","{(0, 2): 27, (0, 6): 1, (0, 7): 1, (0, 10): 1, (0, 12): 1, (0, 15): 1, (1, 3): 27, (1, 4): 1, (1, 6): 1, (1, 8): 1, (1, 10): 1, (1, 11): 1, (1, 12): 1, (1, 13): 1, (1, 14): 1, (1, 15): 1, (2, 8): 11, (2, 9): 1, (2, 14): 1, (3, 6): 12, (3, 8): 1, (3, 10): 1, (3, 13): 1, (3, 14): 1, (3, 15): 1, (4, 7): 1, (4, 9): 1, (4, 10): 1, (4, 12): 43, (4, 15): 1, (5, 6): 6, (5, 9): 32, (5, 14): 14, (6, 8): 1, (6, 9): 1, (6, 12): 32, (6, 14): 1, (6, 15): 1, (7, 8): 1, (7, 10): 1, (7, 12): 1, (7, 13): 55, (8, 10): 1, (8, 11): 47, (8, 14): 1, (9, 13): 24, (9, 14): 8, (9, 15): 1, (10, 11): 5, (10, 13): 1, (10, 14): 60, (11, 12): 1, (11, 15): 22, (12, 13): 1, (13, 14): 1}",2224.2069244384766,311.0,48.0,878.0
76.0,Graph with 16 nodes and 61 edges,"[[0, 1, 1, 0, 0, 0, 1, 0, 1, 1, 1, 0, 1, 1, 0, 1], [1, 0, 1, 0, 0, 1, 0, 1, 1, 1, 0, 1, 0, 1, 0, 0], [1, 1, 0, 0, 0, 1, 0, 0, 0, 1, 0, 1, 0, 0, 1, 0], [0, 0, 0, 0, 0, 1, 1, 0, 0, 0, 0, 0, 1, 1, 1, 1], [0, 0, 0, 0, 0, 1, 0, 0, 0, 0, 1, 1, 0, 1, 1, 1], [0, 1, 1, 1, 1, 0, 1, 0, 0, 1, 1, 0, 0, 1, 0, 1], [1, 0, 0, 1, 0, 1, 0, 1, 1, 1, 1, 1, 0, 0, 1, 1], [0, 1, 0, 0, 0, 0, 1, 0, 1, 1, 0, 1, 0, 0, 1, 0], [1, 1, 0, 0, 0, 0, 1, 1, 0, 0, 1, 1, 1, 1, 1, 1], [1, 1, 1, 0, 0, 1, 1, 1, 0, 0, 1, 0, 0, 0, 0, 0], [1, 0, 0, 0, 1, 1, 1, 0, 1, 1, 0, 1, 0, 0, 0, 0], [0, 1, 1, 0, 1, 0, 1, 1, 1, 0, 1, 0, 1, 1, 0, 0], [1, 0, 0, 1, 0, 0, 0, 0, 1, 0, 0, 1, 0, 0, 0, 1], [1, 1, 0, 1, 1, 1, 0, 0, 1, 0, 0, 1, 0, 0, 1, 1], [0, 0, 1, 1, 1, 0, 1, 1, 1, 0, 0, 0, 0, 1, 0, 0], [1, 0, 0, 1, 1, 1, 1, 0, 1, 0, 0, 0, 1, 1, 0, 0]]",18.0,5.0,Y,"{0: 18, 1: 93, 2: 88, 3: 83, 4: 78, 5: 73, 6: 68, 7: 63, 8: 58, 9: 53, 10: 48, 11: 43, 12: 38, 13: 33, 14: 28, 15: 23}","{(0, 1): 1, (0, 2): 1, (0, 6): 1, (0, 8): 10, (0, 9): 1, (0, 10): 1, (0, 12): 1, (0, 13): 1, (0, 15): 1, (1, 2): 1, (1, 5): 1, (1, 7): 1, (1, 8): 40, (1, 9): 1, (1, 11): 23, (1, 13): 25, (2, 5): 65, (2, 9): 2, (2, 11): 1, (2, 14): 18, (3, 5): 1, (3, 6): 45, (3, 12): 34, (3, 13): 1, (3, 14): 1, (3, 15): 1, (4, 5): 1, (4, 10): 42, (4, 11): 13, (4, 13): 1, (4, 14): 5, (4, 15): 16, (5, 6): 1, (5, 9): 1, (5, 10): 1, (5, 13): 1, (5, 15): 1, (6, 7): 14, (6, 8): 1, (6, 9): 2, (6, 10): 1, (6, 11): 1, (6, 14): 1, (6, 15): 1, (7, 8): 1, (7, 9): 45, (7, 11): 1, (7, 14): 1, (8, 10): 1, (8, 11): 1, (8, 12): 1, (8, 13): 1, (8, 14): 1, (8, 15): 1, (9, 10): 1, (10, 11): 1, (11, 12): 1, (11, 13): 1, (12, 15): 1, (13, 14): 1, (13, 15): 1}",1302.957534790039,317.0,48.0,890.0
77.0,Graph with 16 nodes and 63 edges,"[[0, 1, 1, 0, 1, 0, 0, 0, 0, 0, 1, 1, 1, 1, 1, 0], [1, 0, 0, 0, 1, 0, 1, 1, 0, 0, 0, 1, 1, 1, 0, 0], [1, 0, 0, 1, 0, 1, 1, 1, 1, 1, 0, 0, 1, 1, 0, 1], [0, 0, 1, 0, 0, 1, 0, 0, 1, 1, 1, 0, 0, 0, 0, 0], [1, 1, 0, 0, 0, 0, 0, 1, 0, 1, 0, 0, 1, 1, 1, 0], [0, 0, 1, 1, 0, 0, 1, 0, 1, 1, 1, 1, 0, 1, 1, 1], [0, 1, 1, 0, 0, 1, 0, 0, 0, 1, 0, 1, 0, 0, 0, 0], [0, 1, 1, 0, 1, 0, 0, 0, 0, 0, 1, 1, 1, 0, 0, 0], [0, 0, 1, 1, 0, 1, 0, 0, 0, 0, 1, 0, 1, 0, 1, 1], [0, 0, 1, 1, 1, 1, 1, 0, 0, 0, 1, 1, 0, 1, 1, 1], [1, 0, 0, 1, 0, 1, 0, 1, 1, 1, 0, 1, 0, 0, 1, 1], [1, 1, 0, 0, 0, 1, 1, 1, 0, 1, 1, 0, 1, 0, 0, 1], [1, 1, 1, 0, 1, 0, 0, 1, 1, 0, 0, 1, 0, 1, 0, 1], [1, 1, 1, 0, 1, 1, 0, 0, 0, 1, 0, 0, 1, 0, 0, 1], [1, 0, 0, 0, 1, 1, 0, 0, 1, 1, 1, 0, 0, 0, 0, 1], [0, 0, 1, 0, 0, 1, 0, 0, 1, 1, 1, 1, 1, 1, 1, 0]]",8.0,5.0,Y,"{0: 13, 1: 18, 2: 23, 3: 28, 4: 33, 5: 38, 6: 43, 7: 48, 8: 53, 9: 58, 10: 63, 11: 68, 12: 73, 13: 78, 14: 8, 15: 83}","{(0, 1): 6, (0, 2): 1, (0, 4): 1, (0, 10): 1, (0, 11): 1, (0, 12): 1, (0, 13): 1, (0, 14): 1, (1, 4): 7, (1, 6): 1, (1, 7): 1, (1, 11): 1, (1, 12): 1, (1, 13): 1, (2, 3): 14, (2, 5): 1, (2, 6): 1, (2, 7): 1, (2, 8): 1, (2, 9): 1, (2, 12): 1, (2, 13): 1, (2, 15): 1, (3, 5): 11, (3, 8): 1, (3, 9): 1, (3, 10): 1, (4, 7): 21, (4, 9): 1, (4, 12): 1, (4, 13): 1, (4, 14): 1, (5, 6): 1, (5, 8): 1, (5, 9): 1, (5, 10): 1, (5, 11): 1, (5, 13): 1, (5, 14): 1, (5, 15): 19, (6, 9): 1, (6, 11): 39, (7, 10): 1, (7, 11): 1, (7, 12): 23, (8, 10): 23, (8, 12): 1, (8, 14): 1, (8, 15): 25, (9, 10): 1, (9, 11): 1, (9, 13): 49, (9, 14): 1, (9, 15): 1, (10, 11): 2, (10, 14): 1, (10, 15): 32, (11, 12): 21, (11, 15): 1, (12, 13): 23, (12, 15): 1, (13, 15): 1, (14, 15): 2}",2039.9093627929688,319.0,48.0,894.0
77.0,Graph with 16 nodes and 63 edges,"[[0, 1, 1, 0, 1, 0, 0, 0, 0, 0, 1, 1, 1, 1, 1, 0], [1, 0, 0, 0, 1, 0, 1, 1, 0, 0, 0, 1, 1, 1, 0, 0], [1, 0, 0, 1, 0, 1, 1, 1, 1, 1, 0, 0, 1, 1, 0, 1], [0, 0, 1, 0, 0, 1, 0, 0, 1, 1, 1, 0, 0, 0, 0, 0], [1, 1, 0, 0, 0, 0, 0, 1, 0, 1, 0, 0, 1, 1, 1, 0], [0, 0, 1, 1, 0, 0, 1, 0, 1, 1, 1, 1, 0, 1, 1, 1], [0, 1, 1, 0, 0, 1, 0, 0, 0, 1, 0, 1, 0, 0, 0, 0], [0, 1, 1, 0, 1, 0, 0, 0, 0, 0, 1, 1, 1, 0, 0, 0], [0, 0, 1, 1, 0, 1, 0, 0, 0, 0, 1, 0, 1, 0, 1, 1], [0, 0, 1, 1, 1, 1, 1, 0, 0, 0, 1, 1, 0, 1, 1, 1], [1, 0, 0, 1, 0, 1, 0, 1, 1, 1, 0, 1, 0, 0, 1, 1], [1, 1, 0, 0, 0, 1, 1, 1, 0, 1, 1, 0, 1, 0, 0, 1], [1, 1, 1, 0, 1, 0, 0, 1, 1, 0, 0, 1, 0, 1, 0, 1], [1, 1, 1, 0, 1, 1, 0, 0, 0, 1, 0, 0, 1, 0, 0, 1], [1, 0, 0, 0, 1, 1, 0, 0, 1, 1, 1, 0, 0, 0, 0, 1], [0, 0, 1, 0, 0, 1, 0, 0, 1, 1, 1, 1, 1, 1, 1, 0]]",11.0,3.0,Y,"{0: 56, 1: 53, 2: 50, 3: 47, 4: 44, 5: 41, 6: 38, 7: 35, 8: 32, 9: 29, 10: 26, 11: 23, 12: 20, 13: 17, 14: 14, 15: 11}","{(0, 1): 1, (0, 2): 41, (0, 4): 1, (0, 10): 1, (0, 11): 1, (0, 12): 1, (0, 13): 2, (0, 14): 8, (1, 4): 1, (1, 6): 14, (1, 7): 1, (1, 11): 15, (1, 12): 12, (1, 13): 9, (2, 3): 1, (2, 5): 1, (2, 6): 1, (2, 7): 1, (2, 8): 1, (2, 9): 1, (2, 12): 1, (2, 13): 1, (2, 15): 1, (3, 5): 1, (3, 8): 15, (3, 9): 12, (3, 10): 18, (4, 7): 30, (4, 9): 9, (4, 12): 1, (4, 13): 1, (4, 14): 1, (5, 6): 21, (5, 8): 11, (5, 9): 1, (5, 10): 1, (5, 11): 1, (5, 13): 1, (5, 14): 1, (5, 15): 2, (6, 9): 1, (6, 11): 1, (7, 10): 1, (7, 11): 1, (7, 12): 1, (8, 10): 1, (8, 12): 1, (8, 14): 1, (8, 15): 2, (9, 10): 1, (9, 11): 1, (9, 13): 1, (9, 14): 1, (9, 15): 1, (10, 11): 1, (10, 14): 1, (10, 15): 1, (11, 12): 1, (11, 15): 1, (12, 13): 1, (12, 15): 1, (13, 15): 1, (14, 15): 1}",1497.030258178711,319.0,48.0,894.0
80.0,Graph with 16 nodes and 55 edges,"[[0, 1, 1, 0, 0, 1, 0, 1, 0, 1, 1, 0, 0, 0, 0, 0], [1, 0, 0, 1, 0, 0, 0, 0, 0, 0, 0, 0, 0, 0, 0, 0], [1, 0, 0, 1, 1, 0, 1, 0, 0, 0, 1, 0, 1, 0, 0, 1], [0, 1, 1, 0, 1, 1, 0, 0, 1, 1, 1, 1, 0, 1, 0, 0], [0, 0, 1, 1, 0, 1, 0, 1, 0, 0, 1, 0, 1, 0, 0, 1], [1, 0, 0, 1, 1, 0, 0, 0, 1, 0, 0, 1, 0, 1, 0, 1], [0, 0, 1, 0, 0, 0, 0, 1, 1, 1, 0, 1, 0, 0, 1, 0], [1, 0, 0, 0, 1, 0, 1, 0, 1, 1, 1, 1, 1, 0, 1, 0], [0, 0, 0, 1, 0, 1, 1, 1, 0, 0, 0, 0, 1, 0, 0, 0], [1, 0, 0, 1, 0, 0, 1, 1, 0, 0, 1, 0, 0, 0, 1, 1], [1, 0, 1, 1, 1, 0, 0, 1, 0, 1, 0, 1, 1, 1, 0, 0], [0, 0, 0, 1, 0, 1, 1, 1, 0, 0, 1, 0, 1, 0, 1, 1], [0, 0, 1, 0, 1, 0, 0, 1, 1, 0, 1, 1, 0, 1, 1, 1], [0, 0, 0, 1, 0, 1, 0, 0, 0, 0, 1, 0, 1, 0, 1, 0], [0, 0, 0, 0, 0, 0, 1, 1, 0, 1, 0, 1, 1, 1, 0, 1], [0, 0, 1, 0, 1, 1, 0, 0, 0, 1, 0, 1, 1, 0, 1, 0]]",12.0,3.0,Y,"{0: 15, 1: 18, 2: 21, 3: 24, 4: 27, 5: 30, 6: 33, 7: 36, 8: 39, 9: 42, 10: 45, 11: 48, 12: 51, 13: 54, 14: 57, 15: 12}","{(0, 1): 10, (0, 2): 1, (0, 5): 1, (0, 7): 1, (0, 9): 1, (0, 10): 1, (1, 3): 8, (2, 3): 9, (2, 4): 7, (2, 6): 1, (2, 10): 1, (2, 12): 1, (2, 15): 1, (3, 4): 1, (3, 5): 1, (3, 8): 1, (3, 9): 1, (3, 10): 1, (3, 11): 1, (3, 13): 1, (4, 5): 15, (4, 7): 1, (4, 10): 1, (4, 12): 1, (4, 15): 1, (5, 8): 1, (5, 11): 4, (5, 13): 7, (5, 15): 1, (6, 7): 2, (6, 8): 12, (6, 9): 15, (6, 11): 2, (6, 14): 1, (7, 8): 18, (7, 9): 1, (7, 10): 1, (7, 11): 1, (7, 12): 5, (7, 14): 6, (8, 12): 7, (9, 10): 22, (9, 14): 1, (9, 15): 1, (10, 11): 5, (10, 12): 5, (10, 13): 8, (11, 12): 28, (11, 14): 6, (11, 15): 1, (12, 13): 1, (12, 14): 1, (12, 15): 2, (13, 14): 37, (14, 15): 5}",2683.877944946289,311.0,48.0,878.0
80.0,Graph with 16 nodes and 55 edges,"[[0, 1, 1, 0, 0, 1, 0, 1, 0, 1, 1, 0, 0, 0, 0, 0], [1, 0, 0, 1, 0, 0, 0, 0, 0, 0, 0, 0, 0, 0, 0, 0], [1, 0, 0, 1, 1, 0, 1, 0, 0, 0, 1, 0, 1, 0, 0, 1], [0, 1, 1, 0, 1, 1, 0, 0, 1, 1, 1, 1, 0, 1, 0, 0], [0, 0, 1, 1, 0, 1, 0, 1, 0, 0, 1, 0, 1, 0, 0, 1], [1, 0, 0, 1, 1, 0, 0, 0, 1, 0, 0, 1, 0, 1, 0, 1], [0, 0, 1, 0, 0, 0, 0, 1, 1, 1, 0, 1, 0, 0, 1, 0], [1, 0, 0, 0, 1, 0, 1, 0, 1, 1, 1, 1, 1, 0, 1, 0], [0, 0, 0, 1, 0, 1, 1, 1, 0, 0, 0, 0, 1, 0, 0, 0], [1, 0, 0, 1, 0, 0, 1, 1, 0, 0, 1, 0, 0, 0, 1, 1], [1, 0, 1, 1, 1, 0, 0, 1, 0, 1, 0, 1, 1, 1, 0, 0], [0, 0, 0, 1, 0, 1, 1, 1, 0, 0, 1, 0, 1, 0, 1, 1], [0, 0, 1, 0, 1, 0, 0, 1, 1, 0, 1, 1, 0, 1, 1, 1], [0, 0, 0, 1, 0, 1, 0, 0, 0, 0, 1, 0, 1, 0, 1, 0], [0, 0, 0, 0, 0, 0, 1, 1, 0, 1, 0, 1, 1, 1, 0, 1], [0, 0, 1, 0, 1, 1, 0, 0, 0, 1, 0, 1, 1, 0, 1, 0]]",13.0,6.0,Y,"{0: 19, 1: 25, 2: 31, 3: 37, 4: 43, 5: 49, 6: 55, 7: 61, 8: 67, 9: 73, 10: 79, 11: 85, 12: 91, 13: 97, 14: 103, 15: 13}","{(0, 1): 14, (0, 2): 1, (0, 5): 1, (0, 7): 1, (0, 9): 1, (0, 10): 1, (1, 3): 11, (2, 3): 19, (2, 4): 7, (2, 6): 1, (2, 10): 1, (2, 12): 1, (2, 15): 1, (3, 4): 1, (3, 5): 1, (3, 8): 1, (3, 9): 1, (3, 10): 1, (3, 11): 1, (3, 13): 1, (4, 5): 31, (4, 7): 1, (4, 10): 1, (4, 12): 1, (4, 15): 1, (5, 8): 1, (5, 11): 8, (5, 13): 1, (5, 15): 6, (6, 7): 1, (6, 8): 50, (6, 9): 1, (6, 11): 1, (6, 14): 1, (7, 8): 14, (7, 9): 1, (7, 10): 1, (7, 11): 40, (7, 12): 1, (7, 14): 1, (8, 12): 1, (9, 10): 1, (9, 14): 66, (9, 15): 2, (10, 11): 1, (10, 12): 31, (10, 13): 41, (11, 12): 1, (11, 14): 32, (11, 15): 1, (12, 13): 53, (12, 14): 1, (12, 15): 1, (13, 14): 1, (14, 15): 1}",2380.1326751708984,311.0,48.0,878.0
81.0,Graph with 16 nodes and 59 edges,"[[0, 1, 0, 0, 1, 0, 1, 0, 0, 1, 1, 1, 0, 1, 0, 0], [1, 0, 1, 0, 1, 1, 0, 1, 0, 1, 1, 1, 0, 0, 0, 1], [0, 1, 0, 1, 1, 1, 0, 0, 0, 0, 0, 1, 1, 1, 1, 1], [0, 0, 1, 0, 1, 0, 1, 1, 1, 1, 0, 0, 1, 1, 0, 1], [1, 1, 1, 1, 0, 0, 0, 0, 1, 0, 0, 0, 0, 1, 0, 0], [0, 1, 1, 0, 0, 0, 1, 1, 1, 0, 0, 0, 1, 1, 1, 1], [1, 0, 0, 1, 0, 1, 0, 1, 0, 1, 0, 1, 0, 1, 1, 0], [0, 1, 0, 1, 0, 1, 1, 0, 0, 0, 0, 0, 0, 0, 0, 1], [0, 0, 0, 1, 1, 1, 0, 0, 0, 0, 1, 1, 0, 0, 1, 0], [1, 1, 0, 1, 0, 0, 1, 0, 0, 0, 1, 0, 1, 1, 1, 1], [1, 1, 0, 0, 0, 0, 0, 0, 1, 1, 0, 0, 0, 1, 0, 0], [1, 1, 1, 0, 0, 0, 1, 0, 1, 0, 0, 0, 1, 0, 1, 1], [0, 0, 1, 1, 0, 1, 0, 0, 0, 1, 0, 1, 0, 0, 0, 0], [1, 0, 1, 1, 1, 1, 1, 0, 0, 1, 1, 0, 0, 0, 1, 0], [0, 0, 1, 0, 0, 1, 1, 0, 1, 1, 0, 1, 0, 1, 0, 0], [0, 1, 1, 1, 0, 1, 0, 1, 0, 1, 0, 1, 0, 0, 0, 0]]",8.0,7.0,Y,"{0: 15, 1: 22, 2: 29, 3: 36, 4: 43, 5: 50, 6: 57, 7: 64, 8: 71, 9: 78, 10: 85, 11: 92, 12: 99, 13: 106, 14: 113, 15: 8}","{(0, 1): 9, (0, 4): 1, (0, 6): 1, (0, 9): 1, (0, 10): 1, (0, 11): 1, (0, 13): 1, (1, 2): 6, (1, 4): 1, (1, 5): 1, (1, 7): 1, (1, 9): 1, (1, 10): 1, (1, 11): 1, (1, 15): 1, (2, 3): 16, (2, 4): 1, (2, 5): 1, (2, 11): 1, (2, 12): 1, (2, 13): 1, (2, 14): 1, (2, 15): 1, (3, 4): 13, (3, 6): 1, (3, 7): 1, (3, 8): 1, (3, 9): 1, (3, 12): 1, (3, 13): 1, (3, 15): 1, (4, 8): 1, (4, 13): 26, (5, 6): 1, (5, 7): 11, (5, 8): 1, (5, 12): 11, (5, 13): 22, (5, 14): 1, (5, 15): 1, (6, 7): 49, (6, 9): 1, (6, 11): 1, (6, 13): 1, (6, 14): 2, (7, 15): 2, (8, 10): 66, (8, 11): 1, (8, 14): 1, (9, 10): 1, (9, 12): 1, (9, 13): 1, (9, 14): 70, (9, 15): 1, (10, 13): 16, (11, 12): 85, (11, 14): 1, (11, 15): 1, (13, 14): 37}",2133.1310272216797,315.0,48.0,886.0
81.0,Graph with 16 nodes and 59 edges,"[[0, 1, 0, 0, 1, 0, 1, 0, 0, 1, 1, 1, 0, 1, 0, 0], [1, 0, 1, 0, 1, 1, 0, 1, 0, 1, 1, 1, 0, 0, 0, 1], [0, 1, 0, 1, 1, 1, 0, 0, 0, 0, 0, 1, 1, 1, 1, 1], [0, 0, 1, 0, 1, 0, 1, 1, 1, 1, 0, 0, 1, 1, 0, 1], [1, 1, 1, 1, 0, 0, 0, 0, 1, 0, 0, 0, 0, 1, 0, 0], [0, 1, 1, 0, 0, 0, 1, 1, 1, 0, 0, 0, 1, 1, 1, 1], [1, 0, 0, 1, 0, 1, 0, 1, 0, 1, 0, 1, 0, 1, 1, 0], [0, 1, 0, 1, 0, 1, 1, 0, 0, 0, 0, 0, 0, 0, 0, 1], [0, 0, 0, 1, 1, 1, 0, 0, 0, 0, 1, 1, 0, 0, 1, 0], [1, 1, 0, 1, 0, 0, 1, 0, 0, 0, 1, 0, 1, 1, 1, 1], [1, 1, 0, 0, 0, 0, 0, 0, 1, 1, 0, 0, 0, 1, 0, 0], [1, 1, 1, 0, 0, 0, 1, 0, 1, 0, 0, 0, 1, 0, 1, 1], [0, 0, 1, 1, 0, 1, 0, 0, 0, 1, 0, 1, 0, 0, 0, 0], [1, 0, 1, 1, 1, 1, 1, 0, 0, 1, 1, 0, 0, 0, 1, 0], [0, 0, 1, 0, 0, 1, 1, 0, 1, 1, 0, 1, 0, 1, 0, 0], [0, 1, 1, 1, 0, 1, 0, 1, 0, 1, 0, 1, 0, 0, 0, 0]]",27.0,7.0,Y,"{0: 34, 1: 41, 2: 48, 3: 55, 4: 62, 5: 69, 6: 76, 7: 83, 8: 90, 9: 97, 10: 104, 11: 111, 12: 118, 13: 125, 14: 132, 15: 27}","{(0, 1): 28, (0, 4): 1, (0, 6): 1, (0, 9): 1, (0, 10): 1, (0, 11): 1, (0, 13): 1, (1, 2): 6, (1, 4): 1, (1, 5): 1, (1, 7): 1, (1, 9): 1, (1, 10): 1, (1, 11): 1, (1, 15): 1, (2, 3): 35, (2, 4): 1, (2, 5): 1, (2, 11): 1, (2, 12): 1, (2, 13): 1, (2, 14): 1, (2, 15): 1, (3, 4): 13, (3, 6): 1, (3, 7): 1, (3, 8): 1, (3, 9): 1, (3, 12): 1, (3, 13): 1, (3, 15): 1, (4, 8): 1, (4, 13): 45, (5, 6): 1, (5, 7): 51, (5, 8): 1, (5, 12): 11, (5, 13): 1, (5, 14): 1, (5, 15): 1, (6, 7): 9, (6, 9): 1, (6, 11): 1, (6, 13): 41, (6, 14): 21, (7, 15): 21, (8, 10): 68, (8, 11): 1, (8, 14): 18, (9, 10): 1, (9, 12): 1, (9, 13): 1, (9, 14): 89, (9, 15): 1, (10, 13): 33, (11, 12): 104, (11, 14): 1, (11, 15): 1, (13, 14): 1}",2265.2149200439453,315.0,48.0,886.0
85.0,Graph with 16 nodes and 62 edges,"[[0, 0, 0, 0, 0, 1, 1, 0, 0, 0, 1, 1, 0, 0, 1, 1], [0, 0, 0, 1, 1, 1, 1, 0, 0, 1, 0, 0, 1, 0, 1, 0], [0, 0, 0, 1, 0, 0, 1, 0, 0, 0, 0, 1, 0, 0, 0, 0], [0, 1, 1, 0, 0, 0, 1, 1, 0, 1, 1, 0, 1, 1, 0, 0], [0, 1, 0, 0, 0, 1, 1, 1, 1, 0, 0, 0, 1, 0, 0, 1], [1, 1, 0, 0, 1, 0, 1, 0, 1, 1, 0, 0, 0, 1, 0, 1], [1, 1, 1, 1, 1, 1, 0, 1, 1, 1, 1, 0, 1, 1, 1, 1], [0, 0, 0, 1, 1, 0, 1, 0, 0, 0, 0, 1, 1, 1, 0, 0], [0, 0, 0, 0, 1, 1, 1, 0, 0, 1, 0, 0, 0, 1, 0, 1], [0, 1, 0, 1, 0, 1, 1, 0, 1, 0, 1, 1, 1, 1, 0, 0], [1, 0, 0, 1, 0, 0, 1, 0, 0, 1, 0, 1, 1, 0, 1, 0], [1, 0, 1, 0, 0, 0, 0, 1, 0, 1, 1, 0, 1, 1, 0, 1], [0, 1, 0, 1, 1, 0, 1, 1, 0, 1, 1, 1, 0, 1, 1, 1], [0, 0, 0, 1, 0, 1, 1, 1, 1, 1, 0, 1, 1, 0, 0, 1], [1, 1, 0, 0, 0, 0, 1, 0, 0, 0, 1, 0, 1, 0, 0, 1], [1, 0, 0, 0, 1, 1, 1, 0, 1, 0, 0, 1, 1, 1, 1, 0]]",5.0,3.0,Y,"{0: 41, 1: 8, 2: 5, 3: 29, 4: 14, 5: 17, 6: 47, 7: 35, 8: 44, 9: 26, 10: 38, 11: 20, 12: 23, 13: 50, 14: 11, 15: 32}","{(0, 5): 4, (0, 6): 5, (0, 10): 17, (0, 11): 2, (0, 14): 1, (0, 15): 12, (1, 3): 1, (1, 4): 1, (1, 5): 1, (1, 6): 1, (1, 9): 2, (1, 12): 1, (1, 14): 1, (2, 3): 1, (2, 6): 1, (2, 11): 3, (3, 6): 7, (3, 7): 1, (3, 9): 2, (3, 10): 11, (3, 12): 3, (3, 13): 3, (4, 5): 1, (4, 6): 3, (4, 7): 3, (4, 8): 3, (4, 12): 2, (4, 15): 1, (5, 6): 1, (5, 8): 7, (5, 9): 1, (5, 13): 1, (5, 15): 1, (6, 7): 1, (6, 8): 8, (6, 9): 1, (6, 10): 4, (6, 12): 7, (6, 13): 3, (6, 14): 1, (6, 15): 4, (7, 11): 1, (7, 12): 3, (7, 13): 26, (8, 9): 16, (8, 13): 4, (8, 15): 6, (9, 10): 1, (9, 11): 1, (9, 12): 1, (9, 13): 1, (10, 11): 1, (10, 12): 1, (10, 14): 3, (11, 12): 1, (11, 13): 9, (11, 15): 2, (12, 13): 2, (12, 14): 1, (12, 15): 1, (13, 15): 1, (14, 15): 4}",2558.9466094970703,318.0,48.0,892.0
85.0,Graph with 16 nodes and 62 edges,"[[0, 0, 0, 0, 0, 1, 1, 0, 0, 0, 1, 1, 0, 0, 1, 1], [0, 0, 0, 1, 1, 1, 1, 0, 0, 1, 0, 0, 1, 0, 1, 0], [0, 0, 0, 1, 0, 0, 1, 0, 0, 0, 0, 1, 0, 0, 0, 0], [0, 1, 1, 0, 0, 0, 1, 1, 0, 1, 1, 0, 1, 1, 0, 0], [0, 1, 0, 0, 0, 1, 1, 1, 1, 0, 0, 0, 1, 0, 0, 1], [1, 1, 0, 0, 1, 0, 1, 0, 1, 1, 0, 0, 0, 1, 0, 1], [1, 1, 1, 1, 1, 1, 0, 1, 1, 1, 1, 0, 1, 1, 1, 1], [0, 0, 0, 1, 1, 0, 1, 0, 0, 0, 0, 1, 1, 1, 0, 0], [0, 0, 0, 0, 1, 1, 1, 0, 0, 1, 0, 0, 0, 1, 0, 1], [0, 1, 0, 1, 0, 1, 1, 0, 1, 0, 1, 1, 1, 1, 0, 0], [1, 0, 0, 1, 0, 0, 1, 0, 0, 1, 0, 1, 1, 0, 1, 0], [1, 0, 1, 0, 0, 0, 0, 1, 0, 1, 1, 0, 1, 1, 0, 1], [0, 1, 0, 1, 1, 0, 1, 1, 0, 1, 1, 1, 0, 1, 1, 1], [0, 0, 0, 1, 0, 1, 1, 1, 1, 1, 0, 1, 1, 0, 0, 1], [1, 1, 0, 0, 0, 0, 1, 0, 0, 0, 1, 0, 1, 0, 0, 1], [1, 0, 0, 0, 1, 1, 1, 0, 1, 0, 0, 1, 1, 1, 1, 0]]",11.0,7.0,Y,"{0: 11, 1: 116, 2: 109, 3: 102, 4: 95, 5: 88, 6: 18, 7: 81, 8: 74, 9: 67, 10: 60, 11: 53, 12: 46, 13: 39, 14: 32, 15: 25}","{(0, 5): 1, (0, 6): 5, (0, 10): 1, (0, 11): 1, (0, 14): 1, (0, 15): 2, (1, 3): 1, (1, 4): 1, (1, 5): 49, (1, 6): 1, (1, 9): 1, (1, 12): 36, (1, 14): 27, (2, 3): 62, (2, 6): 1, (2, 11): 46, (3, 6): 1, (3, 7): 1, (3, 9): 1, (3, 10): 4, (3, 12): 1, (3, 13): 31, (4, 5): 1, (4, 6): 1, (4, 7): 76, (4, 8): 14, (4, 12): 1, (4, 15): 1, (5, 6): 1, (5, 8): 33, (5, 9): 1, (5, 13): 1, (5, 15): 1, (6, 7): 1, (6, 8): 1, (6, 9): 1, (6, 10): 1, (6, 12): 1, (6, 13): 1, (6, 14): 1, (6, 15): 1, (7, 11): 1, (7, 12): 1, (7, 13): 1, (8, 9): 9, (8, 13): 1, (8, 15): 16, (9, 10): 51, (9, 11): 1, (9, 12): 1, (9, 13): 1, (10, 11): 1, (10, 12): 1, (10, 14): 1, (11, 12): 1, (11, 13): 1, (11, 15): 1, (12, 13): 1, (12, 14): 1, (12, 15): 1, (13, 15): 1, (14, 15): 1}",1615.0474548339844,318.0,48.0,892.0
86.0,Graph with 16 nodes and 69 edges,"[[0, 1, 1, 0, 1, 1, 0, 0, 0, 1, 1, 1, 0, 1, 0, 0], [1, 0, 1, 1, 0, 1, 1, 0, 1, 0, 1, 1, 1, 0, 0, 1], [1, 1, 0, 1, 0, 0, 1, 1, 1, 0, 1, 1, 1, 1, 1, 1], [0, 1, 1, 0, 1, 0, 0, 0, 1, 0, 1, 0, 0, 0, 0, 0], [1, 0, 0, 1, 0, 1, 1, 0, 1, 0, 1, 1, 1, 1, 0, 0], [1, 1, 0, 0, 1, 0, 1, 1, 0, 0, 0, 1, 0, 0, 0, 0], [0, 1, 1, 0, 1, 1, 0, 1, 0, 1, 1, 1, 1, 1, 1, 0], [0, 0, 1, 0, 0, 1, 1, 0, 1, 0, 0, 1, 1, 0, 1, 1], [0, 1, 1, 1, 1, 0, 0, 1, 0, 1, 0, 1, 0, 1, 1, 1], [1, 0, 0, 0, 0, 0, 1, 0, 1, 0, 1, 1, 1, 0, 1, 0], [1, 1, 1, 1, 1, 0, 1, 0, 0, 1, 0, 0, 1, 1, 0, 1], [1, 1, 1, 0, 1, 1, 1, 1, 1, 1, 0, 0, 1, 0, 1, 1], [0, 1, 1, 0, 1, 0, 1, 1, 0, 1, 1, 1, 0, 0, 0, 0], [1, 0, 1, 0, 1, 0, 1, 0, 1, 0, 1, 0, 0, 0, 1, 0], [0, 0, 1, 0, 0, 0, 1, 1, 1, 1, 0, 1, 0, 1, 0, 1], [0, 1, 1, 0, 0, 0, 0, 1, 1, 0, 1, 1, 0, 0, 1, 0]]",13.0,1.0,Y,"{0: 28, 1: 27, 2: 26, 3: 25, 4: 24, 5: 23, 6: 22, 7: 21, 8: 20, 9: 19, 10: 18, 11: 17, 12: 16, 13: 15, 14: 14, 15: 13}","{(0, 1): 1, (0, 2): 1, (0, 4): 1, (0, 5): 1, (0, 9): 13, (0, 10): 1, (0, 11): 1, (0, 13): 9, (1, 2): 1, (1, 3): 14, (1, 5): 1, (1, 6): 1, (1, 8): 1, (1, 10): 1, (1, 11): 5, (1, 12): 1, (1, 15): 1, (2, 3): 1, (2, 6): 12, (2, 7): 1, (2, 8): 4, (2, 10): 1, (2, 11): 1, (2, 12): 1, (2, 13): 1, (2, 14): 1, (2, 15): 1, (3, 4): 8, (3, 8): 1, (3, 10): 1, (4, 5): 9, (4, 6): 1, (4, 8): 1, (4, 10): 1, (4, 11): 1, (4, 12): 1, (4, 13): 1, (5, 6): 1, (5, 7): 10, (5, 11): 1, (6, 7): 1, (6, 9): 1, (6, 10): 1, (6, 11): 1, (6, 12): 1, (6, 13): 1, (6, 14): 1, (7, 8): 1, (7, 11): 1, (7, 12): 1, (7, 14): 1, (7, 15): 5, (8, 9): 1, (8, 11): 1, (8, 13): 1, (8, 14): 7, (8, 15): 2, (9, 10): 1, (9, 11): 1, (9, 12): 1, (9, 14): 1, (10, 12): 9, (10, 13): 1, (10, 15): 1, (11, 12): 1, (11, 14): 1, (11, 15): 2, (13, 14): 1, (14, 15): 1}",1441.0018920898438,325.0,48.0,906.0
87.0,Graph with 16 nodes and 55 edges,"[[0, 0, 1, 0, 0, 1, 0, 0, 0, 1, 1, 0, 1, 1, 0, 1], [0, 0, 1, 1, 1, 0, 0, 0, 1, 1, 0, 0, 1, 0, 1, 0], [1, 1, 0, 0, 0, 0, 0, 1, 0, 0, 0, 0, 1, 0, 0, 1], [0, 1, 0, 0, 0, 0, 1, 0, 1, 0, 0, 0, 0, 0, 1, 0], [0, 1, 0, 0, 0, 1, 1, 0, 1, 0, 1, 0, 1, 1, 0, 0], [1, 0, 0, 0, 1, 0, 0, 0, 1, 1, 0, 1, 0, 1, 1, 0], [0, 0, 0, 1, 1, 0, 0, 0, 0, 1, 0, 1, 0, 1, 0, 1], [0, 0, 1, 0, 0, 0, 0, 0, 1, 0, 0, 1, 1, 1, 0, 0], [0, 1, 0, 1, 1, 1, 0, 1, 0, 1, 0, 1, 0, 0, 0, 0], [1, 1, 0, 0, 0, 1, 1, 0, 1, 0, 1, 0, 1, 0, 1, 1], [1, 0, 0, 0, 1, 0, 0, 0, 0, 1, 0, 0, 1, 1, 0, 1], [0, 0, 0, 0, 0, 1, 1, 1, 1, 0, 0, 0, 1, 1, 1, 1], [1, 1, 1, 0, 1, 0, 0, 1, 0, 1, 1, 1, 0, 1, 0, 0], [1, 0, 0, 0, 1, 1, 1, 1, 0, 0, 1, 1, 1, 0, 0, 1], [0, 1, 0, 1, 0, 1, 0, 0, 0, 1, 0, 1, 0, 0, 0, 1], [1, 0, 1, 0, 0, 0, 1, 0, 0, 1, 1, 1, 0, 1, 1, 0]]",4.0,7.0,Y,"{0: 18, 1: 25, 2: 32, 3: 4, 4: 39, 5: 46, 6: 53, 7: 60, 8: 67, 9: 74, 10: 81, 11: 88, 12: 95, 13: 102, 14: 109, 15: 11}","{(0, 2): 12, (0, 5): 1, (0, 9): 1, (0, 10): 1, (0, 12): 1, (0, 13): 1, (0, 15): 1, (1, 2): 17, (1, 3): 1, (1, 4): 3, (1, 8): 1, (1, 9): 1, (1, 12): 1, (1, 14): 1, (2, 7): 1, (2, 12): 1, (2, 15): 1, (3, 6): 1, (3, 8): 1, (3, 14): 1, (4, 5): 31, (4, 6): 1, (4, 8): 1, (4, 10): 1, (4, 12): 1, (4, 13): 1, (5, 8): 10, (5, 9): 1, (5, 11): 1, (5, 13): 1, (5, 14): 1, (6, 9): 7, (6, 11): 7, (6, 13): 36, (6, 15): 1, (7, 8): 31, (7, 11): 4, (7, 12): 14, (7, 13): 10, (8, 9): 6, (8, 11): 17, (9, 10): 4, (9, 12): 1, (9, 14): 52, (9, 15): 1, (10, 12): 49, (10, 13): 22, (10, 15): 4, (11, 12): 1, (11, 13): 4, (11, 14): 53, (11, 15): 1, (12, 13): 26, (13, 15): 1, (14, 15): 1}",2346.038818359375,311.0,48.0,878.0
88.0,Graph with 16 nodes and 68 edges,"[[0, 1, 1, 0, 0, 1, 0, 0, 1, 1, 1, 0, 1, 0, 0, 1], [1, 0, 0, 1, 0, 1, 0, 1, 0, 1, 1, 1, 1, 1, 0, 1], [1, 0, 0, 0, 0, 0, 1, 1, 0, 0, 1, 1, 1, 0, 1, 1], [0, 1, 0, 0, 1, 1, 0, 1, 1, 1, 1, 1, 1, 1, 0, 0], [0, 0, 0, 1, 0, 1, 0, 1, 1, 0, 1, 0, 1, 1, 1, 1], [1, 1, 0, 1, 1, 0, 0, 0, 1, 1, 1, 0, 0, 1, 1, 1], [0, 0, 1, 0, 0, 0, 0, 1, 0, 0, 0, 1, 1, 1, 0, 0], [0, 1, 1, 1, 1, 0, 1, 0, 0, 1, 0, 0, 0, 1, 0, 1], [1, 0, 0, 1, 1, 1, 0, 0, 0, 1, 0, 0, 1, 0, 1, 0], [1, 1, 0, 1, 0, 1, 0, 1, 1, 0, 1, 0, 0, 0, 0, 0], [1, 1, 1, 1, 1, 1, 0, 0, 0, 1, 0, 1, 1, 1, 1, 1], [0, 1, 1, 1, 0, 0, 1, 0, 0, 0, 1, 0, 0, 1, 1, 0], [1, 1, 1, 1, 1, 0, 1, 0, 1, 0, 1, 0, 0, 0, 0, 0], [0, 1, 0, 1, 1, 1, 1, 1, 0, 0, 1, 1, 0, 0, 1, 1], [0, 0, 1, 0, 1, 1, 0, 0, 1, 0, 1, 1, 0, 1, 0, 1], [1, 1, 1, 0, 1, 1, 0, 1, 0, 0, 1, 0, 0, 1, 1, 0]]",8.0,5.0,Y,"{0: 13, 1: 18, 2: 23, 3: 28, 4: 33, 5: 38, 6: 43, 7: 48, 8: 53, 9: 58, 10: 63, 11: 68, 12: 73, 13: 78, 14: 8, 15: 83}","{(0, 1): 6, (0, 2): 1, (0, 5): 1, (0, 8): 1, (0, 9): 1, (0, 10): 1, (0, 12): 1, (0, 15): 1, (1, 3): 4, (1, 5): 1, (1, 7): 1, (1, 9): 1, (1, 10): 1, (1, 11): 1, (1, 12): 1, (1, 13): 1, (1, 15): 1, (2, 6): 16, (2, 7): 1, (2, 10): 1, (2, 11): 1, (2, 12): 1, (2, 14): 1, (2, 15): 1, (3, 4): 16, (3, 5): 1, (3, 7): 1, (3, 8): 1, (3, 9): 1, (3, 10): 1, (3, 11): 1, (3, 12): 1, (3, 13): 1, (4, 5): 1, (4, 7): 8, (4, 8): 1, (4, 10): 1, (4, 12): 1, (4, 13): 1, (4, 14): 1, (4, 15): 3, (5, 8): 1, (5, 9): 1, (5, 10): 1, (5, 13): 1, (5, 14): 1, (5, 15): 29, (6, 7): 1, (6, 11): 1, (6, 12): 24, (6, 13): 1, (7, 9): 1, (7, 13): 1, (7, 15): 34, (8, 9): 47, (8, 12): 1, (8, 14): 1, (9, 10): 6, (10, 11): 1, (10, 12): 43, (10, 13): 1, (10, 14): 1, (10, 15): 5, (11, 13): 62, (11, 14): 1, (13, 14): 1, (13, 15): 8, (14, 15): 1}",2753.019332885742,324.0,48.0,904.0
88.0,Graph with 16 nodes and 68 edges,"[[0, 1, 1, 0, 0, 1, 0, 0, 1, 1, 1, 0, 1, 0, 0, 1], [1, 0, 0, 1, 0, 1, 0, 1, 0, 1, 1, 1, 1, 1, 0, 1], [1, 0, 0, 0, 0, 0, 1, 1, 0, 0, 1, 1, 1, 0, 1, 1], [0, 1, 0, 0, 1, 1, 0, 1, 1, 1, 1, 1, 1, 1, 0, 0], [0, 0, 0, 1, 0, 1, 0, 1, 1, 0, 1, 0, 1, 1, 1, 1], [1, 1, 0, 1, 1, 0, 0, 0, 1, 1, 1, 0, 0, 1, 1, 1], [0, 0, 1, 0, 0, 0, 0, 1, 0, 0, 0, 1, 1, 1, 0, 0], [0, 1, 1, 1, 1, 0, 1, 0, 0, 1, 0, 0, 0, 1, 0, 1], [1, 0, 0, 1, 1, 1, 0, 0, 0, 1, 0, 0, 1, 0, 1, 0], [1, 1, 0, 1, 0, 1, 0, 1, 1, 0, 1, 0, 0, 0, 0, 0], [1, 1, 1, 1, 1, 1, 0, 0, 0, 1, 0, 1, 1, 1, 1, 1], [0, 1, 1, 1, 0, 0, 1, 0, 0, 0, 1, 0, 0, 1, 1, 0], [1, 1, 1, 1, 1, 0, 1, 0, 1, 0, 1, 0, 0, 0, 0, 0], [0, 1, 0, 1, 1, 1, 1, 1, 0, 0, 1, 1, 0, 0, 1, 1], [0, 0, 1, 0, 1, 1, 0, 0, 1, 0, 1, 1, 0, 1, 0, 1], [1, 1, 1, 0, 1, 1, 0, 1, 0, 0, 1, 0, 0, 1, 1, 0]]",8.0,8.0,Y,"{0: 96, 1: 48, 2: 56, 3: 64, 4: 128, 5: 72, 6: 8, 7: 112, 8: 88, 9: 24, 10: 80, 11: 16, 12: 104, 13: 120, 14: 32, 15: 40}","{(0, 1): 21, (0, 2): 1, (0, 5): 1, (0, 8): 1, (0, 9): 1, (0, 10): 69, (0, 12): 1, (0, 15): 1, (1, 3): 1, (1, 5): 1, (1, 7): 1, (1, 9): 1, (1, 10): 1, (1, 11): 1, (1, 12): 1, (1, 13): 1, (1, 15): 19, (2, 6): 4, (2, 7): 5, (2, 10): 1, (2, 11): 1, (2, 12): 42, (2, 14): 1, (2, 15): 1, (3, 4): 55, (3, 5): 1, (3, 7): 1, (3, 8): 1, (3, 9): 1, (3, 10): 1, (3, 11): 1, (3, 12): 1, (3, 13): 1, (4, 5): 1, (4, 7): 1, (4, 8): 1, (4, 10): 1, (4, 12): 37, (4, 13): 19, (4, 14): 12, (4, 15): 1, (5, 8): 63, (5, 9): 1, (5, 10): 1, (5, 13): 1, (5, 14): 1, (5, 15): 1, (6, 7): 1, (6, 11): 1, (6, 12): 1, (6, 13): 1, (7, 9): 18, (7, 13): 84, (7, 15): 1, (8, 9): 1, (8, 12): 20, (8, 14): 1, (9, 10): 1, (10, 11): 1, (10, 12): 1, (10, 13): 1, (10, 14): 1, (10, 15): 1, (11, 13): 10, (11, 14): 1, (13, 14): 1, (13, 15): 1, (14, 15): 14}",2789.020538330078,324.0,48.0,904.0
88.0,Graph with 16 nodes and 68 edges,"[[0, 1, 1, 0, 0, 1, 0, 0, 1, 1, 1, 0, 1, 0, 0, 1], [1, 0, 0, 1, 0, 1, 0, 1, 0, 1, 1, 1, 1, 1, 0, 1], [1, 0, 0, 0, 0, 0, 1, 1, 0, 0, 1, 1, 1, 0, 1, 1], [0, 1, 0, 0, 1, 1, 0, 1, 1, 1, 1, 1, 1, 1, 0, 0], [0, 0, 0, 1, 0, 1, 0, 1, 1, 0, 1, 0, 1, 1, 1, 1], [1, 1, 0, 1, 1, 0, 0, 0, 1, 1, 1, 0, 0, 1, 1, 1], [0, 0, 1, 0, 0, 0, 0, 1, 0, 0, 0, 1, 1, 1, 0, 0], [0, 1, 1, 1, 1, 0, 1, 0, 0, 1, 0, 0, 0, 1, 0, 1], [1, 0, 0, 1, 1, 1, 0, 0, 0, 1, 0, 0, 1, 0, 1, 0], [1, 1, 0, 1, 0, 1, 0, 1, 1, 0, 1, 0, 0, 0, 0, 0], [1, 1, 1, 1, 1, 1, 0, 0, 0, 1, 0, 1, 1, 1, 1, 1], [0, 1, 1, 1, 0, 0, 1, 0, 0, 0, 1, 0, 0, 1, 1, 0], [1, 1, 1, 1, 1, 0, 1, 0, 1, 0, 1, 0, 0, 0, 0, 0], [0, 1, 0, 1, 1, 1, 1, 1, 0, 0, 1, 1, 0, 0, 1, 1], [0, 0, 1, 0, 1, 1, 0, 0, 1, 0, 1, 1, 0, 1, 0, 1], [1, 1, 1, 0, 1, 1, 0, 1, 0, 0, 1, 0, 0, 1, 1, 0]]",11.0,2.0,Y,"{0: 37, 1: 41, 2: 15, 3: 19, 4: 23, 5: 27, 6: 35, 7: 11, 8: 31, 9: 21, 10: 39, 11: 13, 12: 33, 13: 29, 14: 25, 15: 17}","{(0, 1): 1, (0, 2): 1, (0, 5): 1, (0, 8): 13, (0, 9): 1, (0, 10): 18, (0, 12): 1, (0, 15): 1, (1, 3): 1, (1, 5): 1, (1, 7): 4, (1, 9): 15, (1, 10): 7, (1, 11): 1, (1, 12): 1, (1, 13): 1, (1, 15): 9, (2, 6): 1, (2, 7): 1, (2, 10): 5, (2, 11): 1, (2, 12): 4, (2, 14): 1, (2, 15): 1, (3, 4): 1, (3, 5): 1, (3, 7): 1, (3, 8): 10, (3, 9): 1, (3, 10): 1, (3, 11): 1, (3, 12): 1, (3, 13): 1, (4, 5): 1, (4, 7): 1, (4, 8): 1, (4, 10): 1, (4, 12): 15, (4, 13): 1, (4, 14): 1, (4, 15): 1, (5, 8): 1, (5, 9): 1, (5, 10): 1, (5, 13): 1, (5, 14): 18, (5, 15): 1, (6, 7): 1, (6, 11): 7, (6, 12): 6, (6, 13): 20, (7, 9): 1, (7, 13): 1, (7, 15): 1, (8, 9): 1, (8, 12): 4, (8, 14): 1, (9, 10): 1, (10, 11): 1, (10, 12): 1, (10, 13): 1, (10, 14): 1, (10, 15): 1, (11, 13): 1, (11, 14): 1, (13, 14): 1, (13, 15): 1, (14, 15): 1}",3108.0245971679688,324.0,48.0,904.0
89.0,Graph with 16 nodes and 58 edges,"[[0, 0, 1, 1, 1, 0, 1, 0, 0, 1, 0, 0, 1, 0, 1, 1], [0, 0, 1, 1, 1, 1, 1, 1, 0, 0, 1, 0, 0, 1, 0, 0], [1, 1, 0, 0, 0, 1, 0, 1, 1, 1, 0, 1, 0, 1, 0, 0], [1, 1, 0, 0, 1, 0, 0, 0, 0, 0, 1, 1, 0, 0, 1, 1], [1, 1, 0, 1, 0, 1, 0, 0, 0, 0, 1, 1, 1, 0, 1, 1], [0, 1, 1, 0, 1, 0, 0, 1, 1, 0, 0, 1, 0, 0, 1, 1], [1, 1, 0, 0, 0, 0, 0, 1, 1, 1, 0, 0, 1, 1, 0, 1], [0, 1, 1, 0, 0, 1, 1, 0, 1, 0, 0, 1, 1, 0, 0, 1], [0, 0, 1, 0, 0, 1, 1, 1, 0, 0, 0, 0, 1, 0, 0, 0], [1, 0, 1, 0, 0, 0, 1, 0, 0, 0, 1, 0, 1, 0, 0, 1], [0, 1, 0, 1, 1, 0, 0, 0, 0, 1, 0, 0, 1, 0, 0, 0], [0, 0, 1, 1, 1, 1, 0, 1, 0, 0, 0, 0, 1, 1, 0, 0], [1, 0, 0, 0, 1, 0, 1, 1, 1, 1, 1, 1, 0, 0, 1, 1], [0, 1, 1, 0, 0, 0, 1, 0, 0, 0, 0, 1, 0, 0, 0, 1], [1, 0, 0, 1, 1, 1, 0, 0, 0, 0, 0, 0, 1, 0, 0, 0], [1, 0, 0, 1, 1, 1, 1, 1, 0, 1, 0, 0, 1, 1, 0, 0]]",24.0,8.0,Y,"{0: 32, 1: 40, 2: 48, 3: 56, 4: 64, 5: 72, 6: 80, 7: 88, 8: 96, 9: 104, 10: 112, 11: 120, 12: 128, 13: 136, 14: 144, 15: 24}","{(0, 2): 25, (0, 3): 1, (0, 4): 1, (0, 6): 1, (0, 9): 1, (0, 12): 1, (0, 14): 1, (0, 15): 1, (1, 2): 17, (1, 3): 17, (1, 4): 1, (1, 5): 1, (1, 6): 1, (1, 7): 1, (1, 10): 1, (1, 13): 1, (2, 5): 1, (2, 7): 1, (2, 8): 1, (2, 9): 1, (2, 11): 1, (2, 13): 1, (3, 4): 34, (3, 10): 1, (3, 11): 1, (3, 14): 1, (3, 15): 1, (4, 5): 1, (4, 10): 1, (4, 11): 1, (4, 12): 1, (4, 14): 23, (4, 15): 1, (5, 7): 43, (5, 8): 15, (5, 11): 1, (5, 14): 9, (5, 15): 1, (6, 7): 1, (6, 8): 55, (6, 9): 1, (6, 12): 1, (6, 13): 19, (6, 15): 1, (7, 8): 24, (7, 11): 1, (7, 12): 1, (7, 15): 16, (8, 12): 1, (9, 10): 99, (9, 12): 1, (9, 15): 1, (10, 12): 10, (11, 12): 1, (11, 13): 114, (12, 14): 110, (12, 15): 1, (13, 15): 1}",2027.9884338378906,314.0,48.0,884.0
91.0,Graph with 16 nodes and 54 edges,"[[0, 0, 0, 1, 0, 1, 0, 1, 1, 0, 1, 1, 1, 0, 0, 0], [0, 0, 0, 1, 1, 1, 1, 0, 0, 0, 1, 0, 0, 1, 1, 0], [0, 0, 0, 0, 0, 1, 0, 0, 0, 1, 0, 1, 0, 1, 1, 0], [1, 1, 0, 0, 1, 1, 0, 0, 1, 0, 0, 1, 1, 0, 0, 0], [0, 1, 0, 1, 0, 0, 1, 1, 0, 0, 1, 0, 0, 0, 1, 0], [1, 1, 1, 1, 0, 0, 0, 1, 0, 1, 1, 1, 1, 0, 0, 0], [0, 1, 0, 0, 1, 0, 0, 0, 0, 0, 0, 0, 0, 0, 0, 0], [1, 0, 0, 0, 1, 1, 0, 0, 1, 0, 1, 1, 1, 1, 1, 0], [1, 0, 0, 1, 0, 0, 0, 1, 0, 1, 0, 0, 0, 1, 1, 1], [0, 0, 1, 0, 0, 1, 0, 0, 1, 0, 0, 0, 1, 1, 0, 0], [1, 1, 0, 0, 1, 1, 0, 1, 0, 0, 0, 1, 0, 1, 0, 0], [1, 0, 1, 1, 0, 1, 0, 1, 0, 0, 1, 0, 1, 1, 0, 1], [1, 0, 0, 1, 0, 1, 0, 1, 0, 1, 0, 1, 0, 1, 0, 1], [0, 1, 1, 0, 0, 0, 0, 1, 1, 1, 1, 1, 1, 0, 0, 1], [0, 1, 1, 0, 1, 0, 0, 1, 1, 0, 0, 0, 0, 0, 0, 1], [0, 0, 0, 0, 0, 0, 0, 0, 1, 0, 0, 1, 1, 1, 1, 0]]",3.0,6.0,Y,"{0: 15, 1: 21, 2: 27, 3: 33, 4: 39, 5: 45, 6: 3, 7: 51, 8: 57, 9: 63, 10: 69, 11: 75, 12: 81, 13: 87, 14: 93, 15: 9}","{(0, 3): 1, (0, 5): 3, (0, 7): 3, (0, 8): 1, (0, 10): 1, (0, 11): 3, (0, 12): 3, (1, 3): 3, (1, 4): 1, (1, 5): 2, (1, 6): 1, (1, 10): 1, (1, 13): 1, (1, 14): 12, (2, 5): 1, (2, 9): 3, (2, 11): 21, (2, 13): 1, (2, 14): 1, (3, 4): 1, (3, 5): 1, (3, 8): 3, (3, 11): 22, (3, 12): 2, (4, 6): 2, (4, 7): 1, (4, 10): 13, (4, 14): 21, (5, 7): 3, (5, 9): 3, (5, 10): 3, (5, 11): 15, (5, 12): 14, (7, 8): 1, (7, 10): 2, (7, 11): 5, (7, 12): 5, (7, 13): 1, (7, 14): 30, (8, 9): 1, (8, 13): 24, (8, 14): 26, (8, 15): 1, (9, 12): 49, (9, 13): 7, (10, 11): 5, (10, 13): 44, (11, 12): 1, (11, 13): 1, (11, 15): 2, (12, 13): 6, (12, 15): 1, (13, 15): 2, (14, 15): 3}",1977.9205322265625,310.0,48.0,876.0
91.0,Graph with 16 nodes and 54 edges,"[[0, 0, 0, 1, 0, 1, 0, 1, 1, 0, 1, 1, 1, 0, 0, 0], [0, 0, 0, 1, 1, 1, 1, 0, 0, 0, 1, 0, 0, 1, 1, 0], [0, 0, 0, 0, 0, 1, 0, 0, 0, 1, 0, 1, 0, 1, 1, 0], [1, 1, 0, 0, 1, 1, 0, 0, 1, 0, 0, 1, 1, 0, 0, 0], [0, 1, 0, 1, 0, 0, 1, 1, 0, 0, 1, 0, 0, 0, 1, 0], [1, 1, 1, 1, 0, 0, 0, 1, 0, 1, 1, 1, 1, 0, 0, 0], [0, 1, 0, 0, 1, 0, 0, 0, 0, 0, 0, 0, 0, 0, 0, 0], [1, 0, 0, 0, 1, 1, 0, 0, 1, 0, 1, 1, 1, 1, 1, 0], [1, 0, 0, 1, 0, 0, 0, 1, 0, 1, 0, 0, 0, 1, 1, 1], [0, 0, 1, 0, 0, 1, 0, 0, 1, 0, 0, 0, 1, 1, 0, 0], [1, 1, 0, 0, 1, 1, 0, 1, 0, 0, 0, 1, 0, 1, 0, 0], [1, 0, 1, 1, 0, 1, 0, 1, 0, 0, 1, 0, 1, 1, 0, 1], [1, 0, 0, 1, 0, 1, 0, 1, 0, 1, 0, 1, 0, 1, 0, 1], [0, 1, 1, 0, 0, 0, 0, 1, 1, 1, 1, 1, 1, 0, 0, 1], [0, 1, 1, 0, 1, 0, 0, 1, 1, 0, 0, 0, 0, 0, 0, 1], [0, 0, 0, 0, 0, 0, 0, 0, 1, 0, 0, 1, 1, 1, 1, 0]]",14.0,9.0,Y,"{0: 104, 1: 59, 2: 68, 3: 122, 4: 131, 5: 50, 6: 14, 7: 140, 8: 149, 9: 32, 10: 86, 11: 95, 12: 23, 13: 113, 14: 41, 15: 77}","{(0, 3): 80, (0, 5): 1, (0, 7): 1, (0, 8): 19, (0, 10): 1, (0, 11): 1, (0, 12): 1, (1, 3): 1, (1, 4): 1, (1, 5): 1, (1, 6): 1, (1, 10): 1, (1, 13): 53, (1, 14): 1, (2, 5): 6, (2, 9): 28, (2, 11): 1, (2, 13): 1, (2, 14): 32, (3, 4): 22, (3, 5): 1, (3, 8): 1, (3, 11): 1, (3, 12): 16, (4, 6): 13, (4, 7): 10, (4, 10): 80, (4, 14): 5, (5, 7): 37, (5, 9): 1, (5, 10): 1, (5, 11): 1, (5, 12): 1, (7, 8): 1, (7, 10): 1, (7, 11): 87, (7, 12): 1, (7, 13): 1, (7, 14): 1, (8, 9): 1, (8, 13): 53, (8, 14): 1, (8, 15): 73, (9, 12): 1, (9, 13): 1, (10, 11): 1, (10, 13): 1, (11, 12): 1, (11, 13): 1, (11, 15): 1, (12, 13): 1, (12, 15): 1, (13, 15): 1, (14, 15): 1}",3030.7769775390625,310.0,48.0,876.0
92.0,Graph with 16 nodes and 55 edges,"[[0, 1, 0, 0, 0, 1, 1, 1, 0, 1, 1, 0, 0, 1, 0, 1], [1, 0, 1, 1, 1, 1, 0, 0, 0, 1, 1, 1, 1, 1, 1, 0], [0, 1, 0, 1, 0, 0, 1, 1, 0, 1, 1, 0, 0, 0, 0, 0], [0, 1, 1, 0, 0, 0, 0, 1, 0, 0, 1, 0, 0, 0, 0, 0], [0, 1, 0, 0, 0, 1, 1, 1, 1, 0, 1, 0, 0, 0, 0, 1], [1, 1, 0, 0, 1, 0, 1, 1, 1, 1, 1, 0, 0, 0, 0, 0], [1, 0, 1, 0, 1, 1, 0, 0, 1, 0, 0, 1, 1, 0, 0, 1], [1, 0, 1, 1, 1, 1, 0, 0, 0, 0, 1, 0, 0, 1, 0, 1], [0, 0, 0, 0, 1, 1, 1, 0, 0, 0, 0, 0, 1, 0, 1, 1], [1, 1, 1, 0, 0, 1, 0, 0, 0, 0, 1, 1, 0, 1, 1, 0], [1, 1, 1, 1, 1, 1, 0, 1, 0, 1, 0, 0, 1, 0, 0, 0], [0, 1, 0, 0, 0, 0, 1, 0, 0, 1, 0, 0, 0, 1, 0, 1], [0, 1, 0, 0, 0, 0, 1, 0, 1, 0, 1, 0, 0, 0, 0, 0], [1, 1, 0, 0, 0, 0, 0, 1, 0, 1, 0, 1, 0, 0, 1, 0], [0, 1, 0, 0, 0, 0, 0, 0, 1, 1, 0, 0, 0, 1, 0, 1], [1, 0, 0, 0, 1, 0, 1, 1, 1, 0, 0, 1, 0, 0, 1, 0]]",15.0,8.0,Y,"{0: 23, 1: 31, 2: 39, 3: 47, 4: 55, 5: 63, 6: 71, 7: 79, 8: 87, 9: 95, 10: 103, 11: 111, 12: 119, 13: 127, 14: 135, 15: 15}","{(0, 1): 16, (0, 5): 1, (0, 6): 1, (0, 7): 1, (0, 9): 1, (0, 10): 1, (0, 13): 1, (0, 15): 1, (1, 2): 6, (1, 3): 1, (1, 4): 1, (1, 5): 1, (1, 9): 1, (1, 10): 1, (1, 11): 1, (1, 12): 1, (1, 13): 1, (1, 14): 1, (2, 3): 29, (2, 6): 1, (2, 7): 1, (2, 9): 1, (2, 10): 1, (3, 7): 16, (3, 10): 1, (4, 5): 7, (4, 6): 1, (4, 7): 1, (4, 8): 1, (4, 10): 43, (4, 15): 1, (5, 6): 1, (5, 7): 23, (5, 8): 1, (5, 9): 28, (5, 10): 1, (6, 8): 1, (6, 11): 1, (6, 12): 64, (6, 15): 1, (7, 10): 1, (7, 13): 35, (7, 15): 1, (8, 12): 1, (8, 14): 82, (8, 15): 1, (9, 10): 1, (9, 11): 20, (9, 13): 1, (9, 14): 42, (10, 12): 53, (11, 13): 88, (11, 15): 1, (13, 14): 1, (14, 15): 9}",2039.9093627929688,311.0,48.0,878.0
95.0,Graph with 16 nodes and 65 edges,"[[0, 1, 1, 0, 1, 1, 0, 0, 0, 1, 1, 0, 0, 1, 1, 1], [1, 0, 1, 1, 1, 1, 1, 0, 0, 0, 0, 0, 1, 1, 0, 1], [1, 1, 0, 0, 0, 0, 0, 0, 1, 1, 1, 0, 1, 0, 1, 1], [0, 1, 0, 0, 1, 1, 0, 1, 0, 0, 1, 1, 1, 0, 1, 1], [1, 1, 0, 1, 0, 0, 0, 1, 0, 1, 0, 0, 1, 0, 1, 1], [1, 1, 0, 1, 0, 0, 1, 0, 0, 1, 0, 1, 0, 1, 0, 0], [0, 1, 0, 0, 0, 1, 0, 1, 0, 1, 0, 1, 0, 0, 0, 1], [0, 0, 0, 1, 1, 0, 1, 0, 1, 1, 1, 0, 1, 0, 1, 0], [0, 0, 1, 0, 0, 0, 0, 1, 0, 1, 1, 1, 1, 0, 1, 1], [1, 0, 1, 0, 1, 1, 1, 1, 1, 0, 0, 1, 0, 1, 0, 0], [1, 0, 1, 1, 0, 0, 0, 1, 1, 0, 0, 1, 1, 0, 1, 0], [0, 0, 0, 1, 0, 1, 1, 0, 1, 1, 1, 0, 0, 1, 0, 1], [0, 1, 1, 1, 1, 0, 0, 1, 1, 0, 1, 0, 0, 0, 1, 0], [1, 1, 0, 0, 0, 1, 0, 0, 0, 1, 0, 1, 0, 0, 0, 1], [1, 0, 1, 1, 1, 0, 0, 1, 1, 0, 1, 0, 1, 0, 0, 1], [1, 1, 1, 1, 1, 0, 1, 0, 1, 0, 0, 1, 0, 1, 1, 0]]",6.0,3.0,Y,"{0: 48, 1: 42, 2: 24, 3: 45, 4: 21, 5: 9, 6: 6, 7: 12, 8: 15, 9: 27, 10: 18, 11: 51, 12: 39, 13: 36, 14: 30, 15: 33}","{(0, 1): 34, (0, 2): 1, (0, 4): 1, (0, 5): 3, (0, 9): 1, (0, 10): 1, (0, 13): 1, (0, 14): 1, (0, 15): 5, (1, 2): 1, (1, 3): 1, (1, 4): 1, (1, 5): 1, (1, 6): 1, (1, 12): 1, (1, 13): 1, (1, 15): 1, (2, 8): 1, (2, 9): 1, (2, 10): 1, (2, 12): 1, (2, 14): 1, (2, 15): 17, (3, 4): 10, (3, 5): 1, (3, 7): 1, (3, 10): 1, (3, 11): 28, (3, 12): 1, (3, 14): 1, (3, 15): 1, (4, 7): 5, (4, 9): 1, (4, 12): 1, (4, 14): 1, (4, 15): 1, (5, 6): 1, (5, 9): 1, (5, 11): 1, (5, 13): 1, (6, 7): 1, (6, 9): 1, (6, 11): 1, (6, 15): 1, (7, 8): 1, (7, 9): 1, (7, 10): 1, (7, 12): 1, (7, 14): 1, (8, 9): 5, (8, 10): 1, (8, 11): 1, (8, 12): 1, (8, 14): 1, (8, 15): 4, (9, 11): 1, (9, 13): 15, (10, 11): 1, (10, 12): 11, (10, 14): 1, (11, 13): 17, (11, 15): 1, (12, 14): 22, (13, 15): 1, (14, 15): 1}",2398.0140686035156,321.0,48.0,898.0
95.0,Graph with 16 nodes and 65 edges,"[[0, 1, 1, 0, 1, 1, 0, 0, 0, 1, 1, 0, 0, 1, 1, 1], [1, 0, 1, 1, 1, 1, 1, 0, 0, 0, 0, 0, 1, 1, 0, 1], [1, 1, 0, 0, 0, 0, 0, 0, 1, 1, 1, 0, 1, 0, 1, 1], [0, 1, 0, 0, 1, 1, 0, 1, 0, 0, 1, 1, 1, 0, 1, 1], [1, 1, 0, 1, 0, 0, 0, 1, 0, 1, 0, 0, 1, 0, 1, 1], [1, 1, 0, 1, 0, 0, 1, 0, 0, 1, 0, 1, 0, 1, 0, 0], [0, 1, 0, 0, 0, 1, 0, 1, 0, 1, 0, 1, 0, 0, 0, 1], [0, 0, 0, 1, 1, 0, 1, 0, 1, 1, 1, 0, 1, 0, 1, 0], [0, 0, 1, 0, 0, 0, 0, 1, 0, 1, 1, 1, 1, 0, 1, 1], [1, 0, 1, 0, 1, 1, 1, 1, 1, 0, 0, 1, 0, 1, 0, 0], [1, 0, 1, 1, 0, 0, 0, 1, 1, 0, 0, 1, 1, 0, 1, 0], [0, 0, 0, 1, 0, 1, 1, 0, 1, 1, 1, 0, 0, 1, 0, 1], [0, 1, 1, 1, 1, 0, 0, 1, 1, 0, 1, 0, 0, 0, 1, 0], [1, 1, 0, 0, 0, 1, 0, 0, 0, 1, 0, 1, 0, 0, 0, 1], [1, 0, 1, 1, 1, 0, 0, 1, 1, 0, 1, 0, 1, 0, 0, 1], [1, 1, 1, 1, 1, 0, 1, 0, 1, 0, 0, 1, 0, 1, 1, 0]]",6.0,4.0,Y,"{0: 14, 1: 18, 2: 22, 3: 26, 4: 30, 5: 34, 6: 10, 7: 38, 8: 42, 9: 46, 10: 50, 11: 54, 12: 58, 13: 6, 14: 62, 15: 66}","{(0, 1): 6, (0, 2): 1, (0, 4): 1, (0, 5): 1, (0, 9): 1, (0, 10): 1, (0, 13): 1, (0, 14): 1, (0, 15): 1, (1, 2): 5, (1, 3): 1, (1, 4): 1, (1, 5): 1, (1, 6): 1, (1, 12): 1, (1, 13): 1, (1, 15): 1, (2, 8): 11, (2, 9): 1, (2, 10): 1, (2, 12): 1, (2, 14): 1, (2, 15): 1, (3, 4): 18, (3, 5): 1, (3, 7): 1, (3, 10): 1, (3, 11): 1, (3, 12): 1, (3, 14): 1, (3, 15): 1, (4, 7): 1, (4, 9): 1, (4, 12): 1, (4, 14): 1, (4, 15): 6, (5, 6): 5, (5, 9): 8, (5, 11): 17, (5, 13): 1, (6, 7): 1, (6, 9): 1, (6, 11): 1, (6, 15): 1, (7, 8): 1, (7, 9): 1, (7, 10): 1, (7, 12): 31, (7, 14): 1, (8, 9): 1, (8, 10): 1, (8, 11): 1, (8, 12): 3, (8, 14): 1, (8, 15): 23, (9, 11): 31, (9, 13): 1, (10, 11): 1, (10, 12): 19, (10, 14): 25, (11, 13): 1, (11, 15): 1, (12, 14): 1, (13, 15): 1, (14, 15): 30}",2256.155014038086,321.0,48.0,898.0
95.0,Graph with 16 nodes and 65 edges,"[[0, 1, 1, 0, 1, 1, 0, 0, 0, 1, 1, 0, 0, 1, 1, 1], [1, 0, 1, 1, 1, 1, 1, 0, 0, 0, 0, 0, 1, 1, 0, 1], [1, 1, 0, 0, 0, 0, 0, 0, 1, 1, 1, 0, 1, 0, 1, 1], [0, 1, 0, 0, 1, 1, 0, 1, 0, 0, 1, 1, 1, 0, 1, 1], [1, 1, 0, 1, 0, 0, 0, 1, 0, 1, 0, 0, 1, 0, 1, 1], [1, 1, 0, 1, 0, 0, 1, 0, 0, 1, 0, 1, 0, 1, 0, 0], [0, 1, 0, 0, 0, 1, 0, 1, 0, 1, 0, 1, 0, 0, 0, 1], [0, 0, 0, 1, 1, 0, 1, 0, 1, 1, 1, 0, 1, 0, 1, 0], [0, 0, 1, 0, 0, 0, 0, 1, 0, 1, 1, 1, 1, 0, 1, 1], [1, 0, 1, 0, 1, 1, 1, 1, 1, 0, 0, 1, 0, 1, 0, 0], [1, 0, 1, 1, 0, 0, 0, 1, 1, 0, 0, 1, 1, 0, 1, 0], [0, 0, 0, 1, 0, 1, 1, 0, 1, 1, 1, 0, 0, 1, 0, 1], [0, 1, 1, 1, 1, 0, 0, 1, 1, 0, 1, 0, 0, 0, 1, 0], [1, 1, 0, 0, 0, 1, 0, 0, 0, 1, 0, 1, 0, 0, 0, 1], [1, 0, 1, 1, 1, 0, 0, 1, 1, 0, 1, 0, 1, 0, 0, 1], [1, 1, 1, 1, 1, 0, 1, 0, 1, 0, 0, 1, 0, 1, 1, 0]]",22.0,6.0,Y,"{0: 46, 1: 52, 2: 82, 3: 28, 4: 76, 5: 58, 6: 106, 7: 88, 8: 94, 9: 40, 10: 22, 11: 100, 12: 64, 13: 34, 14: 70, 15: 112}","{(0, 1): 1, (0, 2): 1, (0, 4): 1, (0, 5): 38, (0, 9): 1, (0, 10): 1, (0, 13): 1, (0, 14): 1, (0, 15): 1, (1, 2): 1, (1, 3): 1, (1, 4): 1, (1, 5): 1, (1, 6): 1, (1, 12): 1, (1, 13): 1, (1, 15): 44, (2, 8): 1, (2, 9): 1, (2, 10): 1, (2, 12): 1, (2, 14): 16, (2, 15): 60, (3, 4): 1, (3, 5): 1, (3, 7): 1, (3, 10): 1, (3, 11): 1, (3, 12): 1, (3, 14): 20, (3, 15): 1, (4, 7): 1, (4, 9): 1, (4, 12): 42, (4, 14): 28, (4, 15): 1, (5, 6): 1, (5, 9): 1, (5, 11): 1, (5, 13): 15, (6, 7): 1, (6, 9): 9, (6, 11): 93, (6, 15): 1, (7, 8): 65, (7, 9): 1, (7, 10): 2, (7, 12): 16, (7, 14): 1, (8, 9): 10, (8, 10): 14, (8, 11): 1, (8, 12): 1, (8, 14): 1, (8, 15): 1, (9, 11): 1, (9, 13): 15, (10, 11): 1, (10, 12): 1, (10, 14): 1, (11, 13): 1, (11, 15): 1, (12, 14): 1, (13, 15): 1, (14, 15): 1}",1445.0550079345703,321.0,48.0,898.0
95.0,Graph with 16 nodes and 65 edges,"[[0, 1, 1, 0, 1, 1, 0, 0, 0, 1, 1, 0, 0, 1, 1, 1], [1, 0, 1, 1, 1, 1, 1, 0, 0, 0, 0, 0, 1, 1, 0, 1], [1, 1, 0, 0, 0, 0, 0, 0, 1, 1, 1, 0, 1, 0, 1, 1], [0, 1, 0, 0, 1, 1, 0, 1, 0, 0, 1, 1, 1, 0, 1, 1], [1, 1, 0, 1, 0, 0, 0, 1, 0, 1, 0, 0, 1, 0, 1, 1], [1, 1, 0, 1, 0, 0, 1, 0, 0, 1, 0, 1, 0, 1, 0, 0], [0, 1, 0, 0, 0, 1, 0, 1, 0, 1, 0, 1, 0, 0, 0, 1], [0, 0, 0, 1, 1, 0, 1, 0, 1, 1, 1, 0, 1, 0, 1, 0], [0, 0, 1, 0, 0, 0, 0, 1, 0, 1, 1, 1, 1, 0, 1, 1], [1, 0, 1, 0, 1, 1, 1, 1, 1, 0, 0, 1, 0, 1, 0, 0], [1, 0, 1, 1, 0, 0, 0, 1, 1, 0, 0, 1, 1, 0, 1, 0], [0, 0, 0, 1, 0, 1, 1, 0, 1, 1, 1, 0, 0, 1, 0, 1], [0, 1, 1, 1, 1, 0, 0, 1, 1, 0, 1, 0, 0, 0, 1, 0], [1, 1, 0, 0, 0, 1, 0, 0, 0, 1, 0, 1, 0, 0, 0, 1], [1, 0, 1, 1, 1, 0, 0, 1, 1, 0, 1, 0, 1, 0, 0, 1], [1, 1, 1, 1, 1, 0, 1, 0, 1, 0, 0, 1, 0, 1, 1, 0]]",27.0,4.0,Y,"{0: 31, 1: 35, 2: 39, 3: 43, 4: 47, 5: 51, 6: 55, 7: 59, 8: 63, 9: 67, 10: 71, 11: 75, 12: 79, 13: 83, 14: 87, 15: 27}","{(0, 1): 23, (0, 2): 1, (0, 4): 1, (0, 5): 1, (0, 9): 1, (0, 10): 1, (0, 13): 1, (0, 14): 1, (0, 15): 1, (1, 2): 5, (1, 3): 1, (1, 4): 1, (1, 5): 1, (1, 6): 1, (1, 12): 1, (1, 13): 1, (1, 15): 1, (2, 8): 28, (2, 9): 1, (2, 10): 1, (2, 12): 1, (2, 14): 1, (2, 15): 1, (3, 4): 35, (3, 5): 1, (3, 7): 1, (3, 10): 1, (3, 11): 1, (3, 12): 1, (3, 14): 1, (3, 15): 1, (4, 7): 6, (4, 9): 1, (4, 12): 1, (4, 14): 1, (4, 15): 1, (5, 6): 1, (5, 9): 1, (5, 11): 1, (5, 13): 45, (6, 7): 1, (6, 9): 50, (6, 11): 1, (6, 15): 1, (7, 8): 1, (7, 9): 1, (7, 10): 1, (7, 12): 47, (7, 14): 1, (8, 9): 1, (8, 10): 1, (8, 11): 1, (8, 12): 1, (8, 14): 29, (8, 15): 1, (9, 11): 1, (9, 13): 10, (10, 11): 50, (10, 12): 1, (10, 14): 15, (11, 13): 19, (11, 15): 1, (12, 14): 26, (13, 15): 7, (14, 15): 12}",2221.822738647461,321.0,48.0,898.0
96.0,Graph with 16 nodes and 58 edges,"[[0, 1, 1, 0, 1, 0, 0, 1, 1, 1, 0, 1, 1, 0, 0, 1], [1, 0, 1, 1, 1, 0, 0, 0, 1, 1, 0, 1, 1, 1, 0, 1], [1, 1, 0, 0, 0, 0, 0, 0, 0, 0, 0, 0, 0, 0, 1, 0], [0, 1, 0, 0, 1, 0, 0, 1, 0, 1, 0, 0, 0, 0, 0, 1], [1, 1, 0, 1, 0, 0, 0, 1, 1, 1, 0, 0, 1, 1, 0, 0], [0, 0, 0, 0, 0, 0, 1, 1, 1, 1, 0, 0, 0, 1, 0, 0], [0, 0, 0, 0, 0, 1, 0, 0, 1, 0, 1, 0, 1, 1, 1, 0], [1, 0, 0, 1, 1, 1, 0, 0, 1, 0, 1, 1, 1, 0, 1, 0], [1, 1, 0, 0, 1, 1, 1, 1, 0, 1, 0, 1, 0, 1, 1, 0], [1, 1, 0, 1, 1, 1, 0, 0, 1, 0, 0, 1, 1, 0, 1, 1], [0, 0, 0, 0, 0, 0, 1, 1, 0, 0, 0, 0, 1, 1, 0, 0], [1, 1, 0, 0, 0, 0, 0, 1, 1, 1, 0, 0, 1, 0, 1, 0], [1, 1, 0, 0, 1, 0, 1, 1, 0, 1, 1, 1, 0, 1, 0, 0], [0, 1, 0, 0, 1, 1, 1, 0, 1, 0, 1, 0, 1, 0, 1, 0], [0, 0, 1, 0, 0, 0, 1, 1, 1, 1, 0, 1, 0, 1, 0, 1], [1, 1, 0, 1, 0, 0, 0, 0, 0, 1, 0, 0, 0, 0, 1, 0]]",4.0,5.0,Y,"{0: 14, 1: 19, 2: 9, 3: 24, 4: 29, 5: 34, 6: 39, 7: 44, 8: 49, 9: 54, 10: 4, 11: 59, 12: 64, 13: 69, 14: 74, 15: 79}","{(0, 1): 6, (0, 2): 1, (0, 4): 1, (0, 7): 1, (0, 8): 1, (0, 9): 1, (0, 11): 1, (0, 12): 1, (0, 15): 1, (1, 2): 5, (1, 3): 1, (1, 4): 1, (1, 8): 1, (1, 9): 1, (1, 11): 1, (1, 12): 1, (1, 13): 1, (1, 15): 1, (2, 14): 3, (3, 4): 20, (3, 7): 1, (3, 9): 1, (3, 15): 1, (4, 7): 3, (4, 8): 1, (4, 9): 1, (4, 12): 1, (4, 13): 1, (5, 6): 1, (5, 7): 1, (5, 8): 6, (5, 9): 3, (5, 13): 23, (6, 8): 11, (6, 10): 1, (6, 12): 22, (6, 13): 3, (6, 14): 1, (7, 8): 1, (7, 10): 1, (7, 11): 19, (7, 12): 12, (7, 14): 5, (8, 9): 1, (8, 11): 7, (8, 13): 19, (8, 14): 1, (9, 11): 1, (9, 12): 1, (9, 14): 3, (9, 15): 41, (10, 12): 1, (10, 13): 1, (11, 12): 5, (11, 14): 25, (12, 13): 20, (13, 14): 1, (14, 15): 35}",1915.2164459228516,314.0,48.0,884.0
96.0,Graph with 16 nodes and 58 edges,"[[0, 1, 1, 0, 1, 0, 0, 1, 1, 1, 0, 1, 1, 0, 0, 1], [1, 0, 1, 1, 1, 0, 0, 0, 1, 1, 0, 1, 1, 1, 0, 1], [1, 1, 0, 0, 0, 0, 0, 0, 0, 0, 0, 0, 0, 0, 1, 0], [0, 1, 0, 0, 1, 0, 0, 1, 0, 1, 0, 0, 0, 0, 0, 1], [1, 1, 0, 1, 0, 0, 0, 1, 1, 1, 0, 0, 1, 1, 0, 0], [0, 0, 0, 0, 0, 0, 1, 1, 1, 1, 0, 0, 0, 1, 0, 0], [0, 0, 0, 0, 0, 1, 0, 0, 1, 0, 1, 0, 1, 1, 1, 0], [1, 0, 0, 1, 1, 1, 0, 0, 1, 0, 1, 1, 1, 0, 1, 0], [1, 1, 0, 0, 1, 1, 1, 1, 0, 1, 0, 1, 0, 1, 1, 0], [1, 1, 0, 1, 1, 1, 0, 0, 1, 0, 0, 1, 1, 0, 1, 1], [0, 0, 0, 0, 0, 0, 1, 1, 0, 0, 0, 0, 1, 1, 0, 0], [1, 1, 0, 0, 0, 0, 0, 1, 1, 1, 0, 0, 1, 0, 1, 0], [1, 1, 0, 0, 1, 0, 1, 1, 0, 1, 1, 1, 0, 1, 0, 0], [0, 1, 0, 0, 1, 1, 1, 0, 1, 0, 1, 0, 1, 0, 1, 0], [0, 0, 1, 0, 0, 0, 1, 1, 1, 1, 0, 1, 0, 1, 0, 1], [1, 1, 0, 1, 0, 0, 0, 0, 0, 1, 0, 0, 0, 0, 1, 0]]",7.0,6.0,Y,"{0: 19, 1: 25, 2: 13, 3: 31, 4: 37, 5: 43, 6: 49, 7: 55, 8: 61, 9: 67, 10: 73, 11: 79, 12: 85, 13: 91, 14: 97, 15: 7}","{(0, 1): 11, (0, 2): 1, (0, 4): 1, (0, 7): 1, (0, 8): 1, (0, 9): 1, (0, 11): 1, (0, 12): 1, (0, 15): 1, (1, 2): 6, (1, 3): 1, (1, 4): 1, (1, 8): 1, (1, 9): 1, (1, 11): 1, (1, 12): 1, (1, 13): 1, (1, 15): 1, (2, 14): 6, (3, 4): 27, (3, 7): 1, (3, 9): 1, (3, 15): 1, (4, 7): 4, (4, 8): 1, (4, 9): 1, (4, 12): 1, (4, 13): 1, (5, 6): 1, (5, 7): 1, (5, 8): 1, (5, 9): 1, (5, 13): 39, (6, 8): 1, (6, 10): 1, (6, 12): 1, (6, 13): 44, (6, 14): 1, (7, 8): 1, (7, 10): 1, (7, 11): 44, (7, 12): 1, (7, 14): 1, (8, 9): 1, (8, 11): 1, (8, 13): 1, (8, 14): 52, (9, 11): 23, (9, 12): 1, (9, 14): 34, (9, 15): 3, (10, 12): 69, (10, 13): 2, (11, 12): 8, (11, 14): 1, (12, 13): 2, (13, 14): 1, (14, 15): 1}",2669.095993041992,314.0,48.0,884.0
97.0,Graph with 16 nodes and 48 edges,"[[0, 0, 0, 1, 1, 0, 0, 1, 1, 1, 1, 0, 0, 0, 1, 0], [0, 0, 0, 1, 0, 1, 0, 1, 0, 0, 1, 0, 1, 0, 1, 0], [0, 0, 0, 0, 1, 1, 0, 0, 0, 0, 0, 1, 0, 1, 0, 1], [1, 1, 0, 0, 0, 0, 0, 0, 0, 0, 0, 1, 1, 1, 0, 1], [1, 0, 1, 0, 0, 1, 0, 0, 0, 0, 0, 0, 1, 0, 1, 0], [0, 1, 1, 0, 1, 0, 0, 1, 0, 0, 0, 0, 1, 1, 1, 0], [0, 0, 0, 0, 0, 0, 0, 0, 1, 1, 1, 0, 1, 1, 0, 0], [1, 1, 0, 0, 0, 1, 0, 0, 0, 1, 0, 1, 0, 0, 0, 0], [1, 0, 0, 0, 0, 0, 1, 0, 0, 0, 1, 0, 1, 1, 1, 0], [1, 0, 0, 0, 0, 0, 1, 1, 0, 0, 1, 1, 1, 1, 1, 0], [1, 1, 0, 0, 0, 0, 1, 0, 1, 1, 0, 0, 0, 0, 0, 0], [0, 0, 1, 1, 0, 0, 0, 1, 0, 1, 0, 0, 0, 0, 1, 0], [0, 1, 0, 1, 1, 1, 1, 0, 1, 1, 0, 0, 0, 0, 0, 1], [0, 0, 1, 1, 0, 1, 1, 0, 1, 1, 0, 0, 0, 0, 0, 1], [1, 1, 0, 0, 1, 1, 0, 0, 1, 1, 0, 1, 0, 0, 0, 0], [0, 0, 1, 1, 0, 0, 0, 0, 0, 0, 0, 0, 1, 1, 0, 0]]",21.0,1.0,Y,"{0: 21, 1: 32, 2: 35, 3: 22, 4: 24, 5: 29, 6: 25, 7: 36, 8: 23, 9: 31, 10: 28, 11: 34, 12: 33, 13: 27, 14: 30, 15: 26}","{(0, 3): 1, (0, 4): 1, (0, 7): 14, (0, 8): 1, (0, 9): 2, (0, 10): 1, (0, 14): 1, (1, 3): 6, (1, 5): 5, (1, 7): 1, (1, 10): 13, (1, 12): 6, (1, 14): 1, (2, 4): 1, (2, 5): 6, (2, 11): 18, (2, 13): 4, (2, 15): 6, (3, 11): 5, (3, 12): 1, (3, 13): 8, (3, 15): 1, (4, 5): 1, (4, 12): 1, (4, 14): 20, (5, 7): 14, (5, 12): 1, (5, 13): 1, (5, 14): 1, (6, 8): 10, (6, 9): 5, (6, 10): 8, (6, 12): 1, (6, 13): 1, (7, 9): 6, (7, 11): 1, (8, 10): 5, (8, 12): 1, (8, 13): 5, (8, 14): 1, (9, 10): 1, (9, 11): 5, (9, 12): 10, (9, 13): 1, (9, 14): 1, (11, 14): 5, (12, 15): 12, (13, 15): 7}",112.05673217773438,304.0,48.0,864.0
