graph_index,Graph,Adjacency_list,a,d,APG_label_availability,Vertex_labels,Edge_labels,Gurobi_runtime/microseconds,Gurobi_num_vars,Gurobi_num_constrs,Gurobi_nonzero_coefs
1.0,Graph with 19 nodes and 88 edges,"[[0, 1, 0, 0, 0, 0, 1, 0, 0, 1, 1, 0, 1, 0, 0, 0, 1, 1, 0], [1, 0, 1, 0, 0, 1, 0, 1, 1, 0, 0, 0, 1, 1, 1, 0, 1, 1, 0], [0, 1, 0, 0, 1, 1, 1, 0, 0, 1, 0, 1, 0, 0, 1, 0, 0, 0, 0], [0, 0, 0, 0, 0, 1, 0, 1, 0, 1, 0, 1, 1, 1, 0, 0, 1, 0, 1], [0, 0, 1, 0, 0, 1, 0, 0, 1, 1, 1, 0, 1, 0, 0, 0, 1, 1, 1], [0, 1, 1, 1, 1, 0, 1, 1, 1, 1, 0, 1, 0, 1, 0, 0, 1, 0, 1], [1, 0, 1, 0, 0, 1, 0, 0, 0, 0, 0, 1, 1, 1, 1, 1, 1, 1, 1], [0, 1, 0, 1, 0, 1, 0, 0, 1, 1, 0, 1, 0, 1, 1, 1, 0, 1, 1], [0, 1, 0, 0, 1, 1, 0, 1, 0, 0, 1, 1, 1, 0, 1, 0, 0, 1, 1], [1, 0, 1, 1, 1, 1, 0, 1, 0, 0, 0, 1, 1, 1, 0, 1, 0, 1, 0], [1, 0, 0, 0, 1, 0, 0, 0, 1, 0, 0, 1, 0, 1, 0, 1, 0, 0, 0], [0, 0, 1, 1, 0, 1, 1, 1, 1, 1, 1, 0, 1, 0, 0, 0, 1, 0, 0], [1, 1, 0, 1, 1, 0, 1, 0, 1, 1, 0, 1, 0, 0, 1, 1, 0, 0, 1], [0, 1, 0, 1, 0, 1, 1, 1, 0, 1, 1, 0, 0, 0, 1, 0, 1, 0, 0], [0, 1, 1, 0, 0, 0, 1, 1, 1, 0, 0, 0, 1, 1, 0, 1, 1, 0, 1], [0, 0, 0, 0, 0, 0, 1, 1, 0, 1, 1, 0, 1, 0, 1, 0, 1, 0, 1], [1, 1, 0, 1, 1, 1, 1, 0, 0, 0, 0, 1, 0, 1, 1, 1, 0, 0, 0], [1, 1, 0, 0, 1, 0, 1, 1, 1, 1, 0, 0, 0, 0, 0, 0, 0, 0, 0], [0, 0, 0, 1, 1, 1, 1, 1, 1, 0, 0, 0, 1, 0, 1, 1, 0, 0, 0]]",10.0,8.0,Y,"{0: 18, 1: 26, 2: 34, 3: 42, 4: 50, 5: 58, 6: 66, 7: 74, 8: 82, 9: 90, 10: 98, 11: 106, 12: 114, 13: 122, 14: 130, 15: 138, 16: 146, 17: 154, 18: 10}","{(0, 1): 12, (0, 6): 1, (0, 9): 1, (0, 10): 1, (0, 12): 1, (0, 16): 1, (0, 17): 1, (1, 2): 6, (1, 5): 1, (1, 7): 1, (1, 8): 1, (1, 12): 1, (1, 13): 1, (1, 14): 1, (1, 16): 1, (1, 17): 1, (2, 4): 23, (2, 5): 1, (2, 6): 1, (2, 9): 1, (2, 11): 1, (2, 14): 1, (3, 5): 35, (3, 7): 1, (3, 9): 1, (3, 11): 1, (3, 12): 1, (3, 13): 1, (3, 16): 1, (3, 18): 1, (4, 5): 13, (4, 8): 8, (4, 9): 1, (4, 10): 1, (4, 12): 1, (4, 16): 1, (4, 17): 1, (4, 18): 1, (5, 6): 1, (5, 7): 1, (5, 8): 1, (5, 9): 1, (5, 11): 1, (5, 13): 1, (5, 16): 1, (5, 18): 1, (6, 11): 1, (6, 12): 1, (6, 13): 17, (6, 14): 5, (6, 15): 1, (6, 16): 1, (6, 17): 36, (6, 18): 1, (7, 8): 1, (7, 9): 1, (7, 11): 1, (7, 13): 2, (7, 14): 5, (7, 15): 1, (7, 17): 59, (7, 18): 1, (8, 10): 1, (8, 11): 1, (8, 12): 1, (8, 14): 16, (8, 17): 51, (8, 18): 1, (9, 11): 39, (9, 12): 34, (9, 13): 1, (9, 15): 5, (9, 17): 5, (10, 11): 17, (10, 13): 54, (10, 15): 24, (11, 12): 26, (11, 16): 18, (12, 14): 19, (12, 15): 28, (12, 18): 1, (13, 14): 36, (13, 16): 9, (14, 15): 5, (14, 16): 41, (14, 18): 1, (15, 16): 72, (15, 18): 2}",3455.8773040771484,449.0,57.0,1259.0
4.0,Graph with 19 nodes and 84 edges,"[[0, 0, 0, 0, 0, 1, 0, 1, 0, 1, 1, 0, 0, 0, 1, 1, 1, 1, 0], [0, 0, 1, 1, 0, 1, 1, 1, 1, 1, 1, 1, 1, 0, 1, 0, 0, 0, 0], [0, 1, 0, 0, 1, 1, 1, 0, 1, 0, 0, 0, 0, 1, 1, 1, 1, 0, 1], [0, 1, 0, 0, 0, 1, 1, 1, 0, 1, 1, 1, 1, 0, 1, 1, 0, 1, 1], [0, 0, 1, 0, 0, 0, 1, 0, 0, 0, 1, 1, 0, 0, 1, 1, 1, 0, 0], [1, 1, 1, 1, 0, 0, 0, 1, 0, 1, 0, 1, 0, 0, 0, 0, 0, 0, 1], [0, 1, 1, 1, 1, 0, 0, 0, 0, 1, 0, 0, 1, 1, 0, 1, 0, 1, 1], [1, 1, 0, 1, 0, 1, 0, 0, 0, 1, 0, 0, 0, 0, 1, 1, 0, 0, 0], [0, 1, 1, 0, 0, 0, 0, 0, 0, 1, 1, 1, 1, 0, 0, 0, 1, 1, 1], [1, 1, 0, 1, 0, 1, 1, 1, 1, 0, 0, 1, 0, 1, 1, 0, 1, 1, 1], [1, 1, 0, 1, 1, 0, 0, 0, 1, 0, 0, 0, 1, 0, 1, 0, 1, 1, 1], [0, 1, 0, 1, 1, 1, 0, 0, 1, 1, 0, 0, 0, 0, 0, 0, 0, 1, 0], [0, 1, 0, 1, 0, 0, 1, 0, 1, 0, 1, 0, 0, 0, 0, 0, 0, 0, 1], [0, 0, 1, 0, 0, 0, 1, 0, 0, 1, 0, 0, 0, 0, 0, 1, 1, 1, 0], [1, 1, 1, 1, 1, 0, 0, 1, 0, 1, 1, 0, 0, 0, 0, 0, 1, 0, 0], [1, 0, 1, 1, 1, 0, 1, 1, 0, 0, 0, 0, 0, 1, 0, 0, 0, 1, 0], [1, 0, 1, 0, 1, 0, 0, 0, 1, 1, 1, 0, 0, 1, 1, 0, 0, 0, 0], [1, 0, 0, 1, 0, 0, 1, 0, 1, 1, 1, 1, 0, 1, 0, 1, 0, 0, 1], [0, 0, 1, 1, 0, 1, 1, 0, 1, 1, 1, 0, 1, 0, 0, 0, 0, 1, 0]]",19.0,7.0,Y,"{0: 26, 1: 33, 2: 40, 3: 47, 4: 54, 5: 61, 6: 68, 7: 75, 8: 82, 9: 89, 10: 96, 11: 103, 12: 110, 13: 117, 14: 124, 15: 131, 16: 138, 17: 145, 18: 19}","{(0, 5): 19, (0, 7): 1, (0, 9): 1, (0, 10): 1, (0, 14): 1, (0, 15): 1, (0, 16): 1, (0, 17): 1, (1, 2): 23, (1, 3): 1, (1, 5): 1, (1, 6): 1, (1, 7): 1, (1, 8): 1, (1, 9): 1, (1, 10): 1, (1, 11): 1, (1, 12): 1, (1, 14): 1, (2, 4): 9, (2, 5): 1, (2, 6): 1, (2, 8): 1, (2, 13): 1, (2, 14): 1, (2, 15): 1, (2, 16): 1, (2, 18): 1, (3, 5): 36, (3, 6): 1, (3, 7): 1, (3, 9): 1, (3, 10): 1, (3, 11): 1, (3, 12): 1, (3, 14): 1, (3, 15): 1, (3, 17): 1, (3, 18): 1, (4, 6): 1, (4, 10): 1, (4, 11): 1, (4, 14): 1, (4, 15): 40, (4, 16): 1, (5, 7): 1, (5, 9): 1, (5, 11): 1, (5, 18): 1, (6, 9): 1, (6, 12): 59, (6, 13): 1, (6, 15): 1, (6, 17): 1, (6, 18): 1, (7, 9): 1, (7, 14): 1, (7, 15): 69, (8, 9): 1, (8, 10): 1, (8, 11): 45, (8, 12): 30, (8, 16): 1, (8, 17): 1, (8, 18): 1, (9, 11): 1, (9, 13): 13, (9, 14): 65, (9, 16): 1, (9, 17): 1, (9, 18): 1, (10, 12): 8, (10, 14): 1, (10, 16): 80, (10, 17): 1, (10, 18): 1, (11, 17): 53, (12, 18): 11, (13, 15): 17, (13, 16): 1, (13, 17): 84, (14, 16): 52, (15, 17): 1, (17, 18): 1}",3123.9986419677734,445.0,57.0,1251.0
4.0,Graph with 19 nodes and 84 edges,"[[0, 0, 0, 0, 0, 1, 0, 1, 0, 1, 1, 0, 0, 0, 1, 1, 1, 1, 0], [0, 0, 1, 1, 0, 1, 1, 1, 1, 1, 1, 1, 1, 0, 1, 0, 0, 0, 0], [0, 1, 0, 0, 1, 1, 1, 0, 1, 0, 0, 0, 0, 1, 1, 1, 1, 0, 1], [0, 1, 0, 0, 0, 1, 1, 1, 0, 1, 1, 1, 1, 0, 1, 1, 0, 1, 1], [0, 0, 1, 0, 0, 0, 1, 0, 0, 0, 1, 1, 0, 0, 1, 1, 1, 0, 0], [1, 1, 1, 1, 0, 0, 0, 1, 0, 1, 0, 1, 0, 0, 0, 0, 0, 0, 1], [0, 1, 1, 1, 1, 0, 0, 0, 0, 1, 0, 0, 1, 1, 0, 1, 0, 1, 1], [1, 1, 0, 1, 0, 1, 0, 0, 0, 1, 0, 0, 0, 0, 1, 1, 0, 0, 0], [0, 1, 1, 0, 0, 0, 0, 0, 0, 1, 1, 1, 1, 0, 0, 0, 1, 1, 1], [1, 1, 0, 1, 0, 1, 1, 1, 1, 0, 0, 1, 0, 1, 1, 0, 1, 1, 1], [1, 1, 0, 1, 1, 0, 0, 0, 1, 0, 0, 0, 1, 0, 1, 0, 1, 1, 1], [0, 1, 0, 1, 1, 1, 0, 0, 1, 1, 0, 0, 0, 0, 0, 0, 0, 1, 0], [0, 1, 0, 1, 0, 0, 1, 0, 1, 0, 1, 0, 0, 0, 0, 0, 0, 0, 1], [0, 0, 1, 0, 0, 0, 1, 0, 0, 1, 0, 0, 0, 0, 0, 1, 1, 1, 0], [1, 1, 1, 1, 1, 0, 0, 1, 0, 1, 1, 0, 0, 0, 0, 0, 1, 0, 0], [1, 0, 1, 1, 1, 0, 1, 1, 0, 0, 0, 0, 0, 1, 0, 0, 0, 1, 0], [1, 0, 1, 0, 1, 0, 0, 0, 1, 1, 1, 0, 0, 1, 1, 0, 0, 0, 0], [1, 0, 0, 1, 0, 0, 1, 0, 1, 1, 1, 1, 0, 1, 0, 1, 0, 0, 1], [0, 0, 1, 1, 0, 1, 1, 0, 1, 1, 1, 0, 1, 0, 0, 0, 0, 1, 0]]",29.0,7.0,Y,"{0: 36, 1: 43, 2: 50, 3: 57, 4: 64, 5: 71, 6: 78, 7: 85, 8: 92, 9: 99, 10: 106, 11: 113, 12: 120, 13: 127, 14: 134, 15: 141, 16: 148, 17: 155, 18: 29}","{(0, 5): 29, (0, 7): 1, (0, 9): 1, (0, 10): 1, (0, 14): 1, (0, 15): 1, (0, 16): 1, (0, 17): 1, (1, 2): 33, (1, 3): 1, (1, 5): 1, (1, 6): 1, (1, 7): 1, (1, 8): 1, (1, 9): 1, (1, 10): 1, (1, 11): 1, (1, 12): 1, (1, 14): 1, (2, 4): 9, (2, 5): 1, (2, 6): 1, (2, 8): 1, (2, 13): 1, (2, 14): 1, (2, 15): 1, (2, 16): 1, (2, 18): 1, (3, 5): 36, (3, 6): 11, (3, 7): 1, (3, 9): 1, (3, 10): 1, (3, 11): 1, (3, 12): 1, (3, 14): 1, (3, 15): 1, (3, 17): 1, (3, 18): 1, (4, 6): 1, (4, 10): 1, (4, 11): 1, (4, 14): 46, (4, 15): 5, (4, 16): 1, (5, 7): 1, (5, 9): 1, (5, 11): 1, (5, 18): 1, (6, 9): 1, (6, 12): 59, (6, 13): 1, (6, 15): 1, (6, 17): 1, (6, 18): 1, (7, 9): 1, (7, 14): 1, (7, 15): 79, (8, 9): 1, (8, 10): 1, (8, 11): 84, (8, 12): 1, (8, 16): 1, (8, 17): 1, (8, 18): 1, (9, 11): 24, (9, 13): 1, (9, 14): 1, (9, 16): 1, (9, 17): 64, (9, 18): 1, (10, 12): 37, (10, 14): 1, (10, 16): 61, (10, 17): 1, (10, 18): 1, (11, 17): 1, (12, 18): 21, (13, 15): 46, (13, 16): 1, (13, 17): 77, (14, 16): 81, (15, 17): 7, (17, 18): 1}",3221.9886779785156,445.0,57.0,1251.0
5.0,Graph with 19 nodes and 80 edges,"[[0, 0, 1, 0, 0, 1, 0, 1, 0, 1, 1, 0, 1, 0, 0, 0, 0, 0, 0], [0, 0, 1, 0, 0, 0, 0, 0, 1, 0, 0, 0, 1, 1, 1, 1, 1, 1, 0], [1, 1, 0, 0, 0, 0, 0, 0, 0, 0, 0, 1, 0, 0, 1, 1, 0, 0, 1], [0, 0, 0, 0, 0, 0, 1, 1, 0, 0, 0, 0, 0, 0, 0, 1, 0, 0, 0], [0, 0, 0, 0, 0, 1, 0, 0, 0, 1, 1, 1, 1, 1, 0, 0, 1, 1, 0], [1, 0, 0, 0, 1, 0, 0, 1, 1, 0, 1, 0, 1, 0, 0, 1, 0, 1, 1], [0, 0, 0, 1, 0, 0, 0, 1, 1, 0, 1, 1, 1, 1, 1, 1, 1, 1, 1], [1, 0, 0, 1, 0, 1, 1, 0, 0, 1, 0, 0, 1, 1, 0, 0, 0, 0, 1], [0, 1, 0, 0, 0, 1, 1, 0, 0, 1, 1, 0, 1, 0, 1, 0, 0, 0, 0], [1, 0, 0, 0, 1, 0, 0, 1, 1, 0, 0, 1, 0, 1, 1, 1, 0, 1, 1], [1, 0, 0, 0, 1, 1, 1, 0, 1, 0, 0, 0, 1, 0, 1, 1, 0, 0, 1], [0, 0, 1, 0, 1, 0, 1, 0, 0, 1, 0, 0, 0, 1, 1, 0, 1, 1, 0], [1, 1, 0, 0, 1, 1, 1, 1, 1, 0, 1, 0, 0, 0, 0, 1, 1, 1, 0], [0, 1, 0, 0, 1, 0, 1, 1, 0, 1, 0, 1, 0, 0, 0, 1, 0, 1, 0], [0, 1, 1, 0, 0, 0, 1, 0, 1, 1, 1, 1, 0, 0, 0, 0, 1, 1, 0], [0, 1, 1, 1, 0, 1, 1, 0, 0, 1, 1, 0, 1, 1, 0, 0, 1, 1, 0], [0, 1, 0, 0, 1, 0, 1, 0, 0, 0, 0, 1, 1, 0, 1, 1, 0, 1, 0], [0, 1, 0, 0, 1, 1, 1, 0, 0, 1, 0, 1, 1, 1, 1, 1, 1, 0, 1], [0, 0, 1, 0, 0, 1, 1, 1, 0, 1, 1, 0, 0, 0, 0, 0, 0, 1, 0]]",5.0,9.0,Y,"{0: 23, 1: 32, 2: 41, 3: 5, 4: 50, 5: 59, 6: 68, 7: 77, 8: 86, 9: 95, 10: 104, 11: 113, 12: 122, 13: 131, 14: 140, 15: 149, 16: 158, 17: 167, 18: 14}","{(0, 2): 18, (0, 5): 1, (0, 7): 1, (0, 9): 1, (0, 10): 1, (0, 12): 1, (1, 2): 19, (1, 8): 7, (1, 12): 1, (1, 13): 1, (1, 14): 1, (1, 15): 1, (1, 16): 1, (1, 17): 1, (2, 11): 1, (2, 14): 1, (2, 15): 1, (2, 18): 1, (3, 6): 3, (3, 7): 1, (3, 15): 1, (4, 5): 43, (4, 9): 1, (4, 10): 1, (4, 11): 1, (4, 12): 1, (4, 13): 1, (4, 16): 1, (4, 17): 1, (5, 7): 9, (5, 8): 1, (5, 10): 1, (5, 12): 1, (5, 15): 1, (5, 17): 1, (5, 18): 1, (6, 7): 55, (6, 8): 1, (6, 10): 1, (6, 11): 1, (6, 12): 1, (6, 13): 1, (6, 14): 1, (6, 15): 1, (6, 16): 1, (6, 17): 1, (6, 18): 1, (7, 9): 1, (7, 12): 1, (7, 13): 8, (7, 18): 1, (8, 9): 61, (8, 10): 14, (8, 12): 1, (8, 14): 1, (9, 11): 1, (9, 13): 19, (9, 14): 1, (9, 15): 1, (9, 17): 8, (9, 18): 1, (10, 12): 31, (10, 14): 46, (10, 15): 1, (10, 18): 8, (11, 13): 14, (11, 14): 8, (11, 16): 86, (11, 17): 1, (12, 15): 39, (12, 16): 13, (12, 17): 32, (13, 15): 86, (13, 17): 1, (14, 16): 16, (14, 17): 65, (15, 16): 1, (15, 17): 16, (16, 17): 39, (17, 18): 1}",2463.102340698242,441.0,57.0,1243.0
6.0,Graph with 19 nodes and 82 edges,"[[0, 1, 0, 1, 1, 0, 0, 1, 0, 0, 1, 0, 0, 0, 1, 0, 1, 1, 0], [1, 0, 0, 0, 0, 1, 0, 1, 0, 0, 1, 0, 0, 0, 1, 0, 1, 0, 1], [0, 0, 0, 0, 1, 0, 0, 0, 1, 1, 0, 1, 0, 1, 0, 1, 1, 0, 0], [1, 0, 0, 0, 1, 0, 0, 1, 1, 0, 0, 1, 1, 1, 1, 1, 1, 1, 1], [1, 0, 1, 1, 0, 0, 0, 1, 0, 0, 1, 0, 0, 0, 0, 0, 0, 1, 1], [0, 1, 0, 0, 0, 0, 1, 1, 1, 0, 1, 0, 0, 1, 1, 0, 1, 1, 1], [0, 0, 0, 0, 0, 1, 0, 1, 0, 1, 0, 0, 1, 1, 0, 1, 0, 0, 0], [1, 1, 0, 1, 1, 1, 1, 0, 1, 0, 1, 0, 1, 0, 1, 1, 0, 0, 1], [0, 0, 1, 1, 0, 1, 0, 1, 0, 1, 1, 1, 1, 0, 0, 1, 0, 1, 1], [0, 0, 1, 0, 0, 0, 1, 0, 1, 0, 0, 0, 0, 0, 0, 0, 0, 1, 0], [1, 1, 0, 0, 1, 1, 0, 1, 1, 0, 0, 1, 1, 1, 0, 0, 1, 0, 0], [0, 0, 1, 1, 0, 0, 0, 0, 1, 0, 1, 0, 1, 1, 0, 0, 1, 1, 1], [0, 0, 0, 1, 0, 0, 1, 1, 1, 0, 1, 1, 0, 1, 0, 0, 0, 0, 0], [0, 0, 1, 1, 0, 1, 1, 0, 0, 0, 1, 1, 1, 0, 0, 0, 0, 1, 1], [1, 1, 0, 1, 0, 1, 0, 1, 0, 0, 0, 0, 0, 0, 0, 0, 0, 1, 0], [0, 0, 1, 1, 0, 0, 1, 1, 1, 0, 0, 0, 0, 0, 0, 0, 1, 1, 0], [1, 1, 1, 1, 0, 1, 0, 0, 0, 0, 1, 1, 0, 0, 0, 1, 0, 1, 1], [1, 0, 0, 1, 1, 1, 0, 0, 1, 1, 0, 1, 0, 1, 1, 1, 1, 0, 1], [0, 1, 0, 1, 1, 1, 0, 1, 1, 0, 0, 1, 0, 1, 0, 0, 1, 1, 0]]",4.0,2.0,Y,"{0: 40, 1: 38, 2: 36, 3: 34, 4: 32, 5: 30, 6: 6, 7: 28, 8: 26, 9: 4, 10: 24, 11: 22, 12: 20, 13: 18, 14: 16, 15: 8, 16: 14, 17: 12, 18: 10}","{(0, 1): 8, (0, 3): 1, (0, 4): 17, (0, 7): 1, (0, 10): 1, (0, 14): 10, (0, 16): 1, (0, 17): 1, (1, 5): 10, (1, 7): 1, (1, 10): 15, (1, 14): 2, (1, 16): 1, (1, 18): 1, (2, 4): 10, (2, 8): 16, (2, 9): 1, (2, 11): 5, (2, 13): 1, (2, 15): 2, (2, 16): 1, (3, 4): 1, (3, 7): 6, (3, 8): 1, (3, 11): 1, (3, 12): 14, (3, 13): 1, (3, 14): 1, (3, 15): 1, (3, 16): 5, (3, 17): 1, (3, 18): 1, (4, 7): 1, (4, 10): 1, (4, 17): 1, (4, 18): 1, (5, 6): 1, (5, 7): 12, (5, 8): 1, (5, 10): 1, (5, 13): 1, (5, 14): 1, (5, 16): 1, (5, 17): 1, (5, 18): 1, (6, 7): 1, (6, 9): 1, (6, 12): 1, (6, 13): 1, (6, 15): 1, (7, 8): 1, (7, 10): 1, (7, 12): 1, (7, 14): 1, (7, 15): 1, (7, 18): 1, (8, 9): 1, (8, 10): 1, (8, 11): 1, (8, 12): 1, (8, 15): 1, (8, 17): 1, (8, 18): 1, (9, 17): 1, (10, 11): 1, (10, 12): 1, (10, 13): 1, (10, 16): 1, (11, 12): 1, (11, 13): 10, (11, 16): 1, (11, 17): 1, (11, 18): 1, (12, 13): 1, (13, 17): 1, (13, 18): 1, (14, 17): 1, (15, 16): 1, (15, 17): 1, (16, 17): 1, (16, 18): 1, (17, 18): 1}",2350.0919342041016,443.0,57.0,1247.0
6.0,Graph with 19 nodes and 82 edges,"[[0, 1, 0, 1, 1, 0, 0, 1, 0, 0, 1, 0, 0, 0, 1, 0, 1, 1, 0], [1, 0, 0, 0, 0, 1, 0, 1, 0, 0, 1, 0, 0, 0, 1, 0, 1, 0, 1], [0, 0, 0, 0, 1, 0, 0, 0, 1, 1, 0, 1, 0, 1, 0, 1, 1, 0, 0], [1, 0, 0, 0, 1, 0, 0, 1, 1, 0, 0, 1, 1, 1, 1, 1, 1, 1, 1], [1, 0, 1, 1, 0, 0, 0, 1, 0, 0, 1, 0, 0, 0, 0, 0, 0, 1, 1], [0, 1, 0, 0, 0, 0, 1, 1, 1, 0, 1, 0, 0, 1, 1, 0, 1, 1, 1], [0, 0, 0, 0, 0, 1, 0, 1, 0, 1, 0, 0, 1, 1, 0, 1, 0, 0, 0], [1, 1, 0, 1, 1, 1, 1, 0, 1, 0, 1, 0, 1, 0, 1, 1, 0, 0, 1], [0, 0, 1, 1, 0, 1, 0, 1, 0, 1, 1, 1, 1, 0, 0, 1, 0, 1, 1], [0, 0, 1, 0, 0, 0, 1, 0, 1, 0, 0, 0, 0, 0, 0, 0, 0, 1, 0], [1, 1, 0, 0, 1, 1, 0, 1, 1, 0, 0, 1, 1, 1, 0, 0, 1, 0, 0], [0, 0, 1, 1, 0, 0, 0, 0, 1, 0, 1, 0, 1, 1, 0, 0, 1, 1, 1], [0, 0, 0, 1, 0, 0, 1, 1, 1, 0, 1, 1, 0, 1, 0, 0, 0, 0, 0], [0, 0, 1, 1, 0, 1, 1, 0, 0, 0, 1, 1, 1, 0, 0, 0, 0, 1, 1], [1, 1, 0, 1, 0, 1, 0, 1, 0, 0, 0, 0, 0, 0, 0, 0, 0, 1, 0], [0, 0, 1, 1, 0, 0, 1, 1, 1, 0, 0, 0, 0, 0, 0, 0, 1, 1, 0], [1, 1, 1, 1, 0, 1, 0, 0, 0, 0, 1, 1, 0, 0, 0, 1, 0, 1, 1], [1, 0, 0, 1, 1, 1, 0, 0, 1, 1, 0, 1, 0, 1, 1, 1, 1, 0, 1], [0, 1, 0, 1, 1, 1, 0, 1, 1, 0, 0, 1, 0, 1, 0, 0, 1, 1, 0]]",12.0,8.0,Y,"{0: 156, 1: 148, 2: 140, 3: 132, 4: 124, 5: 116, 6: 108, 7: 100, 8: 92, 9: 84, 10: 76, 11: 68, 12: 60, 13: 52, 14: 44, 15: 36, 16: 28, 17: 20, 18: 12}","{(0, 1): 1, (0, 3): 1, (0, 4): 1, (0, 7): 19, (0, 10): 67, (0, 14): 39, (0, 16): 19, (0, 17): 9, (1, 5): 70, (1, 7): 71, (1, 10): 1, (1, 14): 1, (1, 16): 1, (1, 18): 3, (2, 4): 1, (2, 8): 82, (2, 9): 1, (2, 11): 1, (2, 13): 24, (2, 15): 30, (2, 16): 1, (3, 4): 118, (3, 7): 1, (3, 8): 1, (3, 11): 3, (3, 12): 2, (3, 13): 1, (3, 14): 1, (3, 15): 1, (3, 16): 1, (3, 17): 1, (3, 18): 1, (4, 7): 1, (4, 10): 1, (4, 17): 1, (4, 18): 1, (5, 6): 23, (5, 7): 1, (5, 8): 1, (5, 10): 1, (5, 13): 16, (5, 14): 1, (5, 16): 1, (5, 17): 1, (5, 18): 1, (6, 7): 1, (6, 9): 81, (6, 12): 1, (6, 13): 1, (6, 15): 1, (7, 8): 1, (7, 10): 1, (7, 12): 1, (7, 14): 1, (7, 15): 1, (7, 18): 1, (8, 9): 1, (8, 10): 1, (8, 11): 1, (8, 12): 1, (8, 15): 1, (8, 17): 1, (8, 18): 1, (9, 17): 1, (10, 11): 1, (10, 12): 1, (10, 13): 1, (10, 16): 1, (11, 12): 53, (11, 13): 6, (11, 16): 1, (11, 17): 1, (11, 18): 1, (12, 13): 1, (13, 17): 1, (13, 18): 1, (14, 17): 1, (15, 16): 1, (15, 17): 1, (16, 17): 1, (16, 18): 1, (17, 18): 1}",2122.163772583008,443.0,57.0,1247.0
7.0,Graph with 19 nodes and 75 edges,"[[0, 0, 0, 1, 0, 0, 0, 1, 0, 0, 0, 1, 0, 1, 1, 0, 1, 0, 1], [0, 0, 0, 0, 0, 1, 0, 0, 1, 0, 0, 1, 0, 0, 0, 0, 0, 1, 0], [0, 0, 0, 0, 0, 0, 0, 1, 0, 0, 0, 0, 0, 0, 0, 0, 0, 0, 1], [1, 0, 0, 0, 0, 1, 1, 0, 0, 0, 1, 1, 0, 0, 0, 0, 1, 1, 1], [0, 0, 0, 0, 0, 0, 1, 1, 1, 0, 0, 1, 0, 1, 1, 0, 1, 0, 0], [0, 1, 0, 1, 0, 0, 1, 1, 0, 1, 0, 1, 1, 0, 0, 1, 0, 1, 0], [0, 0, 0, 1, 1, 1, 0, 1, 0, 1, 1, 0, 0, 0, 0, 0, 1, 1, 1], [1, 0, 1, 0, 1, 1, 1, 0, 1, 1, 0, 1, 1, 0, 1, 1, 0, 0, 0], [0, 1, 0, 0, 1, 0, 0, 1, 0, 0, 1, 1, 0, 1, 1, 0, 0, 0, 1], [0, 0, 0, 0, 0, 1, 1, 1, 0, 0, 1, 1, 1, 0, 1, 0, 1, 1, 1], [0, 0, 0, 1, 0, 0, 1, 0, 1, 1, 0, 0, 0, 0, 0, 1, 0, 1, 0], [1, 1, 0, 1, 1, 1, 0, 1, 1, 1, 0, 0, 0, 0, 1, 1, 1, 1, 1], [0, 0, 0, 0, 0, 1, 0, 1, 0, 1, 0, 0, 0, 1, 0, 0, 1, 0, 0], [1, 0, 0, 0, 1, 0, 0, 0, 1, 0, 0, 0, 1, 0, 0, 1, 1, 1, 0], [1, 0, 0, 0, 1, 0, 0, 1, 1, 1, 0, 1, 0, 0, 0, 1, 0, 1, 1], [0, 0, 0, 0, 0, 1, 0, 1, 0, 0, 1, 1, 0, 1, 1, 0, 0, 0, 0], [1, 0, 0, 1, 1, 0, 1, 0, 0, 1, 0, 1, 1, 1, 0, 0, 0, 1, 1], [0, 1, 0, 1, 0, 1, 1, 0, 0, 1, 1, 1, 0, 1, 1, 0, 1, 0, 0], [1, 0, 1, 1, 0, 0, 1, 0, 1, 1, 0, 1, 0, 0, 1, 0, 1, 0, 0]]",5.0,5.0,Y,"{0: 15, 1: 10, 2: 20, 3: 25, 4: 30, 5: 35, 6: 40, 7: 45, 8: 50, 9: 55, 10: 60, 11: 65, 12: 5, 13: 70, 14: 75, 15: 80, 16: 85, 17: 90, 18: 95}","{(0, 3): 9, (0, 7): 1, (0, 11): 1, (0, 13): 1, (0, 14): 1, (0, 16): 1, (0, 18): 1, (1, 5): 7, (1, 8): 1, (1, 11): 1, (1, 17): 1, (2, 7): 19, (2, 18): 1, (3, 5): 10, (3, 6): 1, (3, 10): 1, (3, 11): 1, (3, 16): 1, (3, 17): 1, (3, 18): 1, (4, 6): 24, (4, 7): 1, (4, 8): 1, (4, 11): 1, (4, 13): 1, (4, 14): 1, (4, 16): 1, (5, 6): 9, (5, 7): 3, (5, 9): 1, (5, 11): 1, (5, 12): 1, (5, 15): 2, (5, 17): 1, (6, 7): 1, (6, 9): 1, (6, 10): 1, (6, 16): 1, (6, 17): 1, (6, 18): 1, (7, 8): 1, (7, 9): 1, (7, 11): 1, (7, 12): 1, (7, 14): 1, (7, 15): 15, (8, 10): 10, (8, 11): 10, (8, 13): 3, (8, 14): 1, (8, 18): 23, (9, 10): 7, (9, 11): 1, (9, 12): 1, (9, 14): 1, (9, 16): 1, (9, 17): 40, (9, 18): 1, (10, 15): 20, (10, 17): 21, (11, 14): 1, (11, 15): 7, (11, 16): 25, (11, 17): 7, (11, 18): 8, (12, 13): 1, (12, 16): 1, (13, 15): 20, (13, 16): 37, (13, 17): 7, (14, 15): 16, (14, 17): 1, (14, 18): 52, (16, 17): 10, (16, 18): 7}",2671.0033416748047,436.0,57.0,1233.0
9.0,Graph with 19 nodes and 89 edges,"[[0, 0, 1, 0, 0, 0, 0, 1, 1, 1, 0, 0, 0, 0, 1, 0, 1, 1, 0], [0, 0, 0, 0, 0, 0, 1, 1, 0, 1, 1, 1, 0, 0, 1, 1, 0, 0, 0], [1, 0, 0, 1, 0, 1, 1, 0, 1, 0, 1, 1, 0, 1, 1, 1, 1, 1, 1], [0, 0, 1, 0, 0, 1, 0, 0, 0, 0, 0, 1, 1, 1, 0, 0, 0, 0, 1], [0, 0, 0, 0, 0, 1, 0, 0, 1, 0, 1, 1, 0, 1, 1, 1, 0, 0, 0], [0, 0, 1, 1, 1, 0, 0, 1, 1, 1, 1, 1, 1, 0, 1, 1, 0, 1, 0], [0, 1, 1, 0, 0, 0, 0, 1, 1, 1, 0, 0, 1, 1, 1, 0, 0, 0, 0], [1, 1, 0, 0, 0, 1, 1, 0, 1, 0, 0, 0, 1, 0, 0, 1, 1, 0, 1], [1, 0, 1, 0, 1, 1, 1, 1, 0, 1, 1, 0, 1, 1, 0, 0, 0, 0, 0], [1, 1, 0, 0, 0, 1, 1, 0, 1, 0, 1, 0, 0, 1, 0, 1, 1, 1, 1], [0, 1, 1, 0, 1, 1, 0, 0, 1, 1, 0, 0, 1, 0, 1, 0, 0, 0, 0], [0, 1, 1, 1, 1, 1, 0, 0, 0, 0, 0, 0, 1, 0, 1, 0, 1, 1, 1], [0, 0, 0, 1, 0, 1, 1, 1, 1, 0, 1, 1, 0, 1, 1, 1, 1, 1, 1], [0, 0, 1, 1, 1, 0, 1, 0, 1, 1, 0, 0, 1, 0, 0, 1, 1, 0, 1], [1, 1, 1, 0, 1, 1, 1, 0, 0, 0, 1, 1, 1, 0, 0, 0, 1, 1, 1], [0, 1, 1, 0, 1, 1, 0, 1, 0, 1, 0, 0, 1, 1, 0, 0, 1, 0, 0], [1, 0, 1, 0, 0, 0, 0, 1, 0, 1, 0, 1, 1, 1, 1, 1, 0, 1, 0], [1, 0, 1, 0, 0, 1, 0, 0, 0, 1, 0, 1, 1, 0, 1, 0, 1, 0, 0], [0, 0, 1, 1, 0, 0, 0, 1, 0, 1, 0, 1, 1, 1, 1, 0, 0, 0, 0]]",15.0,3.0,Y,"{0: 18, 1: 21, 2: 24, 3: 27, 4: 30, 5: 33, 6: 36, 7: 39, 8: 42, 9: 45, 10: 48, 11: 51, 12: 54, 13: 57, 14: 60, 15: 63, 16: 66, 17: 69, 18: 15}","{(0, 2): 12, (0, 7): 1, (0, 8): 1, (0, 9): 1, (0, 14): 1, (0, 16): 1, (0, 17): 1, (1, 6): 15, (1, 7): 1, (1, 9): 1, (1, 10): 1, (1, 11): 1, (1, 14): 1, (1, 15): 1, (2, 3): 1, (2, 5): 1, (2, 6): 1, (2, 8): 1, (2, 10): 1, (2, 11): 1, (2, 13): 1, (2, 14): 1, (2, 15): 1, (2, 16): 1, (2, 17): 1, (2, 18): 1, (3, 5): 22, (3, 11): 1, (3, 12): 1, (3, 13): 1, (3, 18): 1, (4, 5): 1, (4, 8): 24, (4, 10): 1, (4, 11): 1, (4, 13): 1, (4, 14): 1, (4, 15): 1, (5, 7): 1, (5, 8): 1, (5, 9): 1, (5, 10): 1, (5, 11): 1, (5, 12): 1, (5, 14): 1, (5, 15): 1, (5, 17): 1, (6, 7): 3, (6, 8): 1, (6, 9): 1, (6, 12): 1, (6, 13): 13, (6, 14): 1, (7, 8): 7, (7, 12): 1, (7, 15): 16, (7, 16): 1, (7, 18): 8, (8, 9): 1, (8, 10): 1, (8, 12): 1, (8, 13): 4, (9, 10): 10, (9, 13): 1, (9, 15): 23, (9, 16): 1, (9, 17): 4, (9, 18): 1, (10, 12): 1, (10, 14): 32, (11, 12): 1, (11, 14): 1, (11, 16): 1, (11, 17): 42, (11, 18): 1, (12, 13): 1, (12, 14): 1, (12, 15): 1, (12, 16): 42, (12, 17): 1, (12, 18): 1, (13, 15): 18, (13, 16): 16, (13, 18): 1, (14, 16): 1, (14, 17): 18, (14, 18): 1, (15, 16): 1, (16, 17): 1}",2681.9705963134766,450.0,57.0,1261.0
9.0,Graph with 19 nodes and 89 edges,"[[0, 0, 1, 0, 0, 0, 0, 1, 1, 1, 0, 0, 0, 0, 1, 0, 1, 1, 0], [0, 0, 0, 0, 0, 0, 1, 1, 0, 1, 1, 1, 0, 0, 1, 1, 0, 0, 0], [1, 0, 0, 1, 0, 1, 1, 0, 1, 0, 1, 1, 0, 1, 1, 1, 1, 1, 1], [0, 0, 1, 0, 0, 1, 0, 0, 0, 0, 0, 1, 1, 1, 0, 0, 0, 0, 1], [0, 0, 0, 0, 0, 1, 0, 0, 1, 0, 1, 1, 0, 1, 1, 1, 0, 0, 0], [0, 0, 1, 1, 1, 0, 0, 1, 1, 1, 1, 1, 1, 0, 1, 1, 0, 1, 0], [0, 1, 1, 0, 0, 0, 0, 1, 1, 1, 0, 0, 1, 1, 1, 0, 0, 0, 0], [1, 1, 0, 0, 0, 1, 1, 0, 1, 0, 0, 0, 1, 0, 0, 1, 1, 0, 1], [1, 0, 1, 0, 1, 1, 1, 1, 0, 1, 1, 0, 1, 1, 0, 0, 0, 0, 0], [1, 1, 0, 0, 0, 1, 1, 0, 1, 0, 1, 0, 0, 1, 0, 1, 1, 1, 1], [0, 1, 1, 0, 1, 1, 0, 0, 1, 1, 0, 0, 1, 0, 1, 0, 0, 0, 0], [0, 1, 1, 1, 1, 1, 0, 0, 0, 0, 0, 0, 1, 0, 1, 0, 1, 1, 1], [0, 0, 0, 1, 0, 1, 1, 1, 1, 0, 1, 1, 0, 1, 1, 1, 1, 1, 1], [0, 0, 1, 1, 1, 0, 1, 0, 1, 1, 0, 0, 1, 0, 0, 1, 1, 0, 1], [1, 1, 1, 0, 1, 1, 1, 0, 0, 0, 1, 1, 1, 0, 0, 0, 1, 1, 1], [0, 1, 1, 0, 1, 1, 0, 1, 0, 1, 0, 0, 1, 1, 0, 0, 1, 0, 0], [1, 0, 1, 0, 0, 0, 0, 1, 0, 1, 0, 1, 1, 1, 1, 1, 0, 1, 0], [1, 0, 1, 0, 0, 1, 0, 0, 0, 1, 0, 1, 1, 0, 1, 0, 1, 0, 0], [0, 0, 1, 1, 0, 0, 0, 1, 0, 1, 0, 1, 1, 1, 1, 0, 0, 0, 0]]",18.0,2.0,Y,"{0: 20, 1: 22, 2: 24, 3: 26, 4: 28, 5: 30, 6: 32, 7: 34, 8: 36, 9: 38, 10: 40, 11: 42, 12: 44, 13: 46, 14: 48, 15: 50, 16: 52, 17: 54, 18: 18}","{(0, 2): 12, (0, 7): 3, (0, 8): 1, (0, 9): 1, (0, 14): 1, (0, 16): 1, (0, 17): 1, (1, 6): 16, (1, 7): 1, (1, 9): 1, (1, 10): 1, (1, 11): 1, (1, 14): 1, (1, 15): 1, (2, 3): 1, (2, 5): 1, (2, 6): 1, (2, 8): 1, (2, 10): 1, (2, 11): 1, (2, 13): 1, (2, 14): 1, (2, 15): 1, (2, 16): 1, (2, 17): 1, (2, 18): 1, (3, 5): 19, (3, 11): 3, (3, 12): 1, (3, 13): 1, (3, 18): 1, (4, 5): 1, (4, 8): 22, (4, 10): 1, (4, 11): 1, (4, 13): 1, (4, 14): 1, (4, 15): 1, (5, 7): 1, (5, 8): 1, (5, 9): 1, (5, 10): 1, (5, 11): 1, (5, 12): 1, (5, 14): 1, (5, 15): 1, (5, 17): 1, (6, 7): 2, (6, 8): 1, (6, 9): 3, (6, 12): 1, (6, 13): 3, (6, 14): 5, (7, 8): 1, (7, 12): 1, (7, 15): 16, (7, 16): 1, (7, 18): 8, (8, 9): 1, (8, 10): 3, (8, 12): 3, (8, 13): 2, (9, 10): 11, (9, 13): 4, (9, 15): 10, (9, 16): 3, (9, 17): 1, (9, 18): 2, (10, 12): 5, (10, 14): 17, (11, 12): 1, (11, 14): 1, (11, 16): 1, (11, 17): 31, (11, 18): 1, (12, 13): 5, (12, 14): 1, (12, 15): 1, (12, 16): 22, (12, 17): 1, (12, 18): 1, (13, 15): 14, (13, 16): 14, (13, 18): 1, (14, 16): 1, (14, 17): 15, (14, 18): 3, (15, 16): 5, (16, 17): 3}",3625.154495239258,450.0,57.0,1261.0
11.0,Graph with 19 nodes and 77 edges,"[[0, 1, 0, 1, 1, 1, 1, 0, 0, 1, 0, 1, 1, 0, 1, 0, 0, 0, 1], [1, 0, 0, 1, 0, 0, 1, 0, 1, 0, 0, 1, 1, 1, 0, 0, 0, 1, 0], [0, 0, 0, 0, 1, 1, 1, 0, 1, 1, 1, 0, 0, 0, 0, 0, 1, 0, 0], [1, 1, 0, 0, 1, 1, 0, 0, 0, 1, 0, 0, 0, 1, 1, 0, 1, 0, 0], [1, 0, 1, 1, 0, 0, 0, 1, 1, 1, 1, 0, 1, 1, 0, 0, 1, 0, 1], [1, 0, 1, 1, 0, 0, 1, 1, 1, 0, 1, 0, 1, 0, 1, 0, 0, 0, 0], [1, 1, 1, 0, 0, 1, 0, 0, 0, 0, 1, 1, 1, 0, 1, 1, 1, 1, 0], [0, 0, 0, 0, 1, 1, 0, 0, 1, 0, 1, 1, 0, 1, 0, 0, 0, 0, 0], [0, 1, 1, 0, 1, 1, 0, 1, 0, 0, 0, 1, 0, 0, 0, 1, 0, 0, 0], [1, 0, 1, 1, 1, 0, 0, 0, 0, 0, 0, 0, 1, 0, 0, 1, 1, 0, 1], [0, 0, 1, 0, 1, 1, 1, 1, 0, 0, 0, 0, 1, 0, 0, 1, 0, 0, 1], [1, 1, 0, 0, 0, 0, 1, 1, 1, 0, 0, 0, 0, 0, 1, 0, 1, 0, 0], [1, 1, 0, 0, 1, 1, 1, 0, 0, 1, 1, 0, 0, 0, 1, 0, 0, 0, 0], [0, 1, 0, 1, 1, 0, 0, 1, 0, 0, 0, 0, 0, 0, 1, 1, 0, 1, 0], [1, 0, 0, 1, 0, 1, 1, 0, 0, 0, 0, 1, 1, 1, 0, 1, 1, 1, 1], [0, 0, 0, 0, 0, 0, 1, 0, 1, 1, 1, 0, 0, 1, 1, 0, 1, 0, 1], [0, 0, 1, 1, 1, 0, 1, 0, 0, 1, 0, 1, 0, 0, 1, 1, 0, 0, 0], [0, 1, 0, 0, 0, 0, 1, 0, 0, 0, 0, 0, 0, 1, 1, 0, 0, 0, 1], [1, 0, 0, 0, 1, 0, 0, 0, 0, 1, 1, 0, 0, 0, 1, 1, 0, 1, 0]]",9.0,3.0,Y,"{0: 15, 1: 12, 2: 18, 3: 21, 4: 24, 5: 27, 6: 30, 7: 33, 8: 36, 9: 39, 10: 42, 11: 45, 12: 48, 13: 51, 14: 54, 15: 57, 16: 60, 17: 63, 18: 9}","{(0, 1): 5, (0, 3): 2, (0, 4): 1, (0, 5): 1, (0, 6): 1, (0, 9): 1, (0, 11): 1, (0, 12): 1, (0, 14): 1, (0, 18): 1, (1, 3): 1, (1, 6): 1, (1, 8): 1, (1, 11): 1, (1, 12): 1, (1, 13): 1, (1, 17): 1, (2, 4): 12, (2, 5): 1, (2, 6): 1, (2, 8): 1, (2, 9): 1, (2, 10): 1, (2, 16): 1, (3, 4): 3, (3, 5): 11, (3, 9): 1, (3, 13): 1, (3, 14): 1, (3, 16): 1, (4, 7): 1, (4, 8): 1, (4, 9): 1, (4, 10): 1, (4, 12): 1, (4, 13): 1, (4, 16): 1, (4, 18): 1, (5, 6): 1, (5, 7): 1, (5, 8): 1, (5, 10): 1, (5, 12): 7, (5, 14): 3, (6, 10): 1, (6, 11): 10, (6, 12): 1, (6, 14): 1, (6, 15): 1, (6, 16): 1, (6, 17): 11, (7, 8): 1, (7, 10): 1, (7, 11): 1, (7, 13): 28, (8, 11): 1, (8, 15): 30, (9, 12): 1, (9, 15): 9, (9, 16): 24, (9, 18): 1, (10, 12): 35, (10, 15): 1, (10, 18): 1, (11, 14): 1, (11, 16): 30, (12, 14): 1, (13, 14): 1, (13, 15): 1, (13, 17): 18, (14, 15): 13, (14, 16): 1, (14, 17): 30, (14, 18): 1, (15, 16): 1, (15, 18): 1, (17, 18): 3}",3364.8014068603516,438.0,57.0,1237.0
12.0,Graph with 19 nodes and 82 edges,"[[0, 0, 0, 1, 1, 1, 1, 0, 1, 0, 1, 1, 1, 1, 1, 1, 1, 1, 0], [0, 0, 0, 1, 1, 0, 1, 0, 0, 1, 0, 0, 1, 1, 1, 1, 1, 1, 0], [0, 0, 0, 0, 0, 1, 1, 0, 0, 0, 0, 1, 0, 0, 0, 0, 1, 0, 0], [1, 1, 0, 0, 1, 0, 1, 1, 0, 0, 0, 1, 1, 0, 0, 1, 0, 1, 0], [1, 1, 0, 1, 0, 1, 1, 0, 0, 0, 1, 0, 1, 0, 0, 0, 1, 1, 0], [1, 0, 1, 0, 1, 0, 0, 1, 0, 1, 1, 0, 0, 0, 1, 0, 0, 1, 0], [1, 1, 1, 1, 1, 0, 0, 1, 0, 1, 1, 0, 0, 1, 0, 1, 1, 1, 1], [0, 0, 0, 1, 0, 1, 1, 0, 1, 0, 1, 0, 0, 0, 1, 0, 0, 0, 0], [1, 0, 0, 0, 0, 0, 0, 1, 0, 1, 0, 1, 1, 0, 0, 0, 0, 0, 1], [0, 1, 0, 0, 0, 1, 1, 0, 1, 0, 1, 1, 0, 0, 0, 1, 0, 0, 1], [1, 0, 0, 0, 1, 1, 1, 1, 0, 1, 0, 1, 0, 1, 1, 0, 0, 1, 0], [1, 0, 1, 1, 0, 0, 0, 0, 1, 1, 1, 0, 1, 0, 1, 0, 1, 0, 0], [1, 1, 0, 1, 1, 0, 0, 0, 1, 0, 0, 1, 0, 0, 1, 1, 1, 1, 1], [1, 1, 0, 0, 0, 0, 1, 0, 0, 0, 1, 0, 0, 0, 1, 0, 1, 0, 0], [1, 1, 0, 0, 0, 1, 0, 1, 0, 0, 1, 1, 1, 1, 0, 0, 1, 0, 0], [1, 1, 0, 1, 0, 0, 1, 0, 0, 1, 0, 0, 1, 0, 0, 0, 0, 1, 1], [1, 1, 1, 0, 1, 0, 1, 0, 0, 0, 0, 1, 1, 1, 1, 0, 0, 1, 0], [1, 1, 0, 1, 1, 1, 1, 0, 0, 0, 1, 0, 1, 0, 0, 1, 1, 0, 0], [0, 0, 0, 0, 0, 0, 1, 0, 1, 1, 0, 0, 1, 0, 0, 1, 0, 0, 0]]",26.0,4.0,Y,"{0: 26, 1: 98, 2: 94, 3: 90, 4: 86, 5: 82, 6: 78, 7: 74, 8: 70, 9: 66, 10: 62, 11: 58, 12: 54, 13: 50, 14: 46, 15: 42, 16: 38, 17: 34, 18: 30}","{(0, 3): 14, (0, 4): 1, (0, 5): 1, (0, 6): 1, (0, 8): 1, (0, 10): 1, (0, 11): 1, (0, 12): 1, (0, 13): 1, (0, 14): 1, (0, 15): 1, (0, 16): 1, (0, 17): 1, (1, 3): 1, (1, 4): 1, (1, 6): 66, (1, 9): 1, (1, 12): 1, (1, 13): 1, (1, 14): 1, (1, 15): 1, (1, 16): 1, (1, 17): 24, (2, 5): 14, (2, 6): 1, (2, 11): 50, (2, 16): 29, (3, 4): 1, (3, 6): 1, (3, 7): 1, (3, 11): 1, (3, 12): 34, (3, 15): 35, (3, 17): 2, (4, 5): 23, (4, 6): 1, (4, 10): 46, (4, 12): 11, (4, 16): 1, (4, 17): 1, (5, 7): 6, (5, 9): 35, (5, 10): 1, (5, 14): 1, (5, 17): 1, (6, 7): 1, (6, 9): 1, (6, 10): 1, (6, 13): 1, (6, 15): 1, (6, 16): 1, (6, 17): 1, (6, 18): 1, (7, 8): 64, (7, 10): 1, (7, 14): 1, (8, 9): 1, (8, 11): 1, (8, 12): 1, (8, 18): 2, (9, 10): 1, (9, 11): 1, (9, 15): 1, (9, 18): 25, (10, 11): 1, (10, 13): 8, (10, 14): 1, (10, 17): 1, (11, 12): 1, (11, 14): 1, (11, 16): 1, (12, 14): 1, (12, 15): 1, (12, 16): 1, (12, 17): 1, (12, 18): 1, (13, 14): 38, (13, 16): 1, (14, 16): 1, (15, 17): 1, (15, 18): 1, (16, 17): 1}",2184.8678588867188,443.0,57.0,1247.0
13.0,Graph with 19 nodes and 87 edges,"[[0, 0, 1, 0, 1, 1, 0, 0, 1, 0, 0, 1, 0, 0, 0, 1, 0, 1, 0], [0, 0, 1, 1, 0, 1, 0, 0, 0, 0, 0, 1, 0, 1, 0, 1, 1, 0, 1], [1, 1, 0, 1, 0, 0, 1, 0, 1, 0, 0, 1, 0, 0, 0, 1, 1, 1, 1], [0, 1, 1, 0, 1, 0, 0, 1, 1, 0, 0, 1, 0, 1, 1, 1, 0, 0, 1], [1, 0, 0, 1, 0, 0, 0, 0, 0, 0, 0, 0, 1, 1, 1, 0, 0, 0, 1], [1, 1, 0, 0, 0, 0, 0, 1, 0, 0, 0, 1, 0, 0, 1, 1, 0, 1, 0], [0, 0, 1, 0, 0, 0, 0, 1, 0, 0, 1, 0, 1, 1, 1, 1, 1, 1, 1], [0, 0, 0, 1, 0, 1, 1, 0, 0, 1, 0, 0, 0, 0, 0, 1, 1, 0, 1], [1, 0, 1, 1, 0, 0, 0, 0, 0, 1, 1, 1, 0, 0, 1, 1, 0, 0, 1], [0, 0, 0, 0, 0, 0, 0, 1, 1, 0, 1, 0, 0, 0, 1, 1, 0, 0, 1], [0, 0, 0, 0, 0, 0, 1, 0, 1, 1, 0, 0, 1, 1, 1, 1, 1, 1, 1], [1, 1, 1, 1, 0, 1, 0, 0, 1, 0, 0, 0, 0, 0, 0, 0, 0, 1, 0], [0, 0, 0, 0, 1, 0, 1, 0, 0, 0, 1, 0, 0, 0, 0, 1, 1, 1, 1], [0, 1, 0, 1, 1, 0, 1, 0, 0, 0, 1, 0, 0, 0, 1, 1, 1, 1, 1], [0, 0, 0, 1, 1, 1, 1, 0, 1, 1, 1, 0, 0, 1, 0, 1, 0, 1, 1], [1, 1, 1, 1, 0, 1, 1, 1, 1, 1, 1, 0, 1, 1, 1, 0, 1, 1, 0], [0, 1, 1, 0, 0, 0, 1, 1, 0, 0, 1, 0, 1, 1, 0, 1, 0, 1, 0], [1, 0, 1, 0, 0, 1, 1, 0, 0, 0, 1, 1, 1, 1, 1, 1, 1, 0, 1], [0, 1, 1, 1, 1, 0, 1, 1, 1, 1, 1, 0, 1, 1, 1, 0, 0, 1, 0]]",28.0,8.0,Y,"{0: 36, 1: 44, 2: 52, 3: 60, 4: 68, 5: 76, 6: 84, 7: 92, 8: 100, 9: 108, 10: 116, 11: 124, 12: 132, 13: 140, 14: 148, 15: 156, 16: 164, 17: 172, 18: 28}","{(0, 2): 30, (0, 4): 1, (0, 5): 1, (0, 8): 1, (0, 11): 1, (0, 15): 1, (0, 17): 1, (1, 2): 14, (1, 3): 24, (1, 5): 1, (1, 11): 1, (1, 13): 1, (1, 15): 1, (1, 16): 1, (1, 18): 1, (2, 3): 1, (2, 6): 1, (2, 8): 1, (2, 11): 1, (2, 15): 1, (2, 16): 1, (2, 17): 1, (2, 18): 1, (3, 4): 28, (3, 7): 1, (3, 8): 1, (3, 11): 1, (3, 13): 1, (3, 14): 1, (3, 15): 1, (3, 18): 1, (4, 12): 36, (4, 13): 1, (4, 14): 1, (4, 18): 1, (5, 7): 70, (5, 11): 1, (5, 14): 1, (5, 15): 1, (5, 17): 1, (6, 7): 17, (6, 10): 1, (6, 12): 10, (6, 13): 1, (6, 14): 11, (6, 15): 1, (6, 16): 32, (6, 17): 9, (6, 18): 1, (7, 9): 1, (7, 15): 1, (7, 16): 1, (7, 18): 1, (8, 9): 9, (8, 10): 1, (8, 11): 68, (8, 14): 17, (8, 15): 1, (8, 18): 1, (9, 10): 25, (9, 14): 3, (9, 15): 69, (9, 18): 1, (10, 12): 45, (10, 13): 31, (10, 14): 4, (10, 15): 1, (10, 16): 6, (10, 17): 1, (10, 18): 1, (11, 17): 51, (12, 15): 9, (12, 16): 21, (12, 17): 3, (12, 18): 8, (13, 14): 60, (13, 15): 3, (13, 16): 32, (13, 17): 9, (13, 18): 1, (14, 15): 40, (14, 17): 1, (14, 18): 9, (15, 16): 1, (15, 17): 25, (16, 17): 69, (17, 18): 1}",2713.918685913086,448.0,57.0,1257.0
14.0,Graph with 19 nodes and 99 edges,"[[0, 1, 1, 0, 0, 1, 1, 1, 1, 0, 0, 1, 1, 0, 0, 0, 0, 1, 1], [1, 0, 0, 0, 0, 0, 1, 1, 1, 0, 0, 0, 1, 1, 0, 1, 1, 1, 1], [1, 0, 0, 0, 1, 0, 0, 1, 0, 1, 1, 0, 0, 1, 1, 1, 0, 0, 1], [0, 0, 0, 0, 1, 1, 1, 0, 0, 1, 1, 1, 0, 1, 1, 1, 0, 1, 0], [0, 0, 1, 1, 0, 1, 0, 1, 1, 0, 0, 1, 1, 0, 0, 1, 1, 0, 1], [1, 0, 0, 1, 1, 0, 0, 0, 1, 1, 1, 0, 0, 1, 0, 0, 0, 1, 0], [1, 1, 0, 1, 0, 0, 0, 1, 0, 1, 1, 0, 0, 1, 1, 1, 1, 1, 1], [1, 1, 1, 0, 1, 0, 1, 0, 0, 0, 0, 1, 1, 1, 1, 0, 0, 0, 1], [1, 1, 0, 0, 1, 1, 0, 0, 0, 1, 1, 1, 1, 1, 1, 0, 1, 1, 1], [0, 0, 1, 1, 0, 1, 1, 0, 1, 0, 0, 1, 0, 1, 1, 1, 0, 0, 1], [0, 0, 1, 1, 0, 1, 1, 0, 1, 0, 0, 1, 1, 1, 1, 0, 0, 0, 1], [1, 0, 0, 1, 1, 0, 0, 1, 1, 1, 1, 0, 0, 0, 1, 0, 0, 0, 0], [1, 1, 0, 0, 1, 0, 0, 1, 1, 0, 1, 0, 0, 0, 1, 0, 1, 1, 0], [0, 1, 1, 1, 0, 1, 1, 1, 1, 1, 1, 0, 0, 0, 1, 1, 1, 1, 1], [0, 0, 1, 1, 0, 0, 1, 1, 1, 1, 1, 1, 1, 1, 0, 0, 0, 1, 1], [0, 1, 1, 1, 1, 0, 1, 0, 0, 1, 0, 0, 0, 1, 0, 0, 0, 1, 1], [0, 1, 0, 0, 1, 0, 1, 0, 1, 0, 0, 0, 1, 1, 0, 0, 0, 1, 1], [1, 1, 0, 1, 0, 1, 1, 0, 1, 0, 0, 0, 1, 1, 1, 1, 1, 0, 1], [1, 1, 1, 0, 1, 0, 1, 1, 1, 1, 1, 0, 0, 1, 1, 1, 1, 1, 0]]",18.0,4.0,Y,"{0: 22, 1: 26, 2: 30, 3: 34, 4: 38, 5: 42, 6: 46, 7: 50, 8: 54, 9: 58, 10: 62, 11: 66, 12: 70, 13: 74, 14: 78, 15: 82, 16: 86, 17: 90, 18: 18}","{(0, 1): 13, (0, 2): 1, (0, 5): 1, (0, 6): 1, (0, 7): 1, (0, 8): 1, (0, 11): 1, (0, 12): 1, (0, 17): 1, (0, 18): 1, (1, 6): 5, (1, 7): 1, (1, 8): 1, (1, 12): 1, (1, 13): 1, (1, 15): 1, (1, 16): 1, (1, 17): 1, (1, 18): 1, (2, 4): 22, (2, 7): 1, (2, 9): 1, (2, 10): 1, (2, 13): 1, (2, 14): 1, (2, 15): 1, (2, 18): 1, (3, 4): 8, (3, 5): 18, (3, 6): 1, (3, 9): 1, (3, 10): 1, (3, 11): 1, (3, 13): 1, (3, 14): 1, (3, 15): 1, (3, 17): 1, (4, 5): 1, (4, 7): 1, (4, 8): 1, (4, 11): 1, (4, 12): 1, (4, 15): 1, (4, 16): 1, (4, 18): 1, (5, 8): 18, (5, 9): 1, (5, 10): 1, (5, 13): 1, (5, 17): 1, (6, 7): 31, (6, 9): 1, (6, 10): 1, (6, 13): 1, (6, 14): 1, (6, 15): 1, (6, 16): 1, (6, 17): 1, (6, 18): 1, (7, 11): 11, (7, 12): 1, (7, 13): 1, (7, 14): 1, (7, 18): 1, (8, 9): 1, (8, 10): 10, (8, 11): 5, (8, 12): 3, (8, 13): 1, (8, 14): 6, (8, 16): 5, (8, 17): 1, (8, 18): 1, (9, 11): 39, (9, 13): 1, (9, 14): 3, (9, 15): 9, (9, 18): 1, (10, 11): 1, (10, 12): 25, (10, 13): 1, (10, 14): 18, (10, 18): 3, (11, 14): 7, (12, 14): 34, (12, 16): 3, (12, 17): 1, (13, 14): 3, (13, 15): 1, (13, 16): 59, (13, 17): 1, (13, 18): 1, (14, 17): 2, (14, 18): 1, (15, 17): 64, (15, 18): 3, (16, 17): 15, (16, 18): 1, (17, 18): 1}",2884.1495513916016,460.0,57.0,1281.0
17.0,Graph with 19 nodes and 91 edges,"[[0, 0, 1, 0, 1, 1, 0, 0, 0, 1, 1, 0, 1, 1, 0, 1, 1, 1, 1], [0, 0, 1, 1, 0, 1, 0, 1, 0, 0, 0, 1, 1, 1, 0, 0, 1, 0, 1], [1, 1, 0, 1, 1, 1, 1, 1, 1, 0, 0, 1, 1, 0, 1, 0, 1, 0, 0], [0, 1, 1, 0, 1, 0, 0, 1, 0, 1, 1, 0, 1, 0, 0, 1, 0, 0, 1], [1, 0, 1, 1, 0, 1, 0, 0, 0, 0, 0, 1, 1, 1, 1, 0, 1, 1, 1], [1, 1, 1, 0, 1, 0, 0, 1, 0, 0, 1, 1, 0, 0, 0, 1, 1, 1, 0], [0, 0, 1, 0, 0, 0, 0, 0, 1, 0, 1, 1, 0, 0, 0, 0, 0, 0, 1], [0, 1, 1, 1, 0, 1, 0, 0, 1, 0, 0, 1, 0, 1, 1, 1, 0, 1, 0], [0, 0, 1, 0, 0, 0, 1, 1, 0, 1, 0, 1, 0, 0, 0, 1, 1, 1, 1], [1, 0, 0, 1, 0, 0, 0, 0, 1, 0, 1, 1, 0, 0, 1, 0, 1, 0, 0], [1, 0, 0, 1, 0, 1, 1, 0, 0, 1, 0, 1, 1, 0, 0, 1, 1, 1, 0], [0, 1, 1, 0, 1, 1, 1, 1, 1, 1, 1, 0, 0, 0, 1, 1, 1, 1, 0], [1, 1, 1, 1, 1, 0, 0, 0, 0, 0, 1, 0, 0, 1, 0, 0, 1, 1, 0], [1, 1, 0, 0, 1, 0, 0, 1, 0, 0, 0, 0, 1, 0, 1, 0, 1, 0, 0], [0, 0, 1, 0, 1, 0, 0, 1, 0, 1, 0, 1, 0, 1, 0, 1, 1, 1, 1], [1, 0, 0, 1, 0, 1, 0, 1, 1, 0, 1, 1, 0, 0, 1, 0, 0, 0, 0], [1, 1, 1, 0, 1, 1, 0, 0, 1, 1, 1, 1, 1, 1, 1, 0, 0, 0, 1], [1, 0, 0, 0, 1, 1, 0, 1, 1, 0, 1, 1, 1, 0, 1, 0, 0, 0, 1], [1, 1, 0, 1, 1, 0, 1, 0, 1, 0, 0, 0, 0, 0, 1, 0, 1, 1, 0]]",8.0,6.0,Y,"{0: 20, 1: 26, 2: 32, 3: 38, 4: 44, 5: 50, 6: 14, 7: 56, 8: 62, 9: 68, 10: 74, 11: 80, 12: 86, 13: 92, 14: 98, 15: 8, 16: 104, 17: 110, 18: 116}","{(0, 2): 10, (0, 4): 1, (0, 5): 1, (0, 9): 1, (0, 10): 1, (0, 12): 1, (0, 13): 1, (0, 15): 1, (0, 16): 1, (0, 17): 1, (0, 18): 1, (1, 2): 12, (1, 3): 7, (1, 5): 1, (1, 7): 1, (1, 11): 1, (1, 12): 1, (1, 13): 1, (1, 16): 1, (1, 18): 1, (2, 3): 1, (2, 4): 1, (2, 5): 1, (2, 6): 1, (2, 7): 1, (2, 8): 1, (2, 11): 1, (2, 12): 1, (2, 14): 1, (2, 16): 1, (3, 4): 24, (3, 7): 1, (3, 9): 1, (3, 10): 1, (3, 12): 1, (3, 15): 1, (3, 18): 1, (4, 5): 11, (4, 11): 1, (4, 12): 1, (4, 13): 1, (4, 14): 1, (4, 16): 1, (4, 17): 1, (4, 18): 1, (5, 7): 11, (5, 10): 1, (5, 11): 8, (5, 15): 1, (5, 16): 2, (5, 17): 13, (6, 8): 2, (6, 10): 1, (6, 11): 3, (6, 18): 7, (7, 8): 6, (7, 11): 18, (7, 13): 15, (7, 14): 1, (7, 15): 1, (7, 17): 1, (8, 9): 31, (8, 11): 4, (8, 15): 1, (8, 16): 1, (8, 17): 9, (8, 18): 7, (9, 10): 14, (9, 11): 1, (9, 14): 1, (9, 16): 19, (10, 11): 31, (10, 12): 6, (10, 15): 1, (10, 16): 1, (10, 17): 17, (11, 14): 2, (11, 15): 1, (11, 16): 8, (11, 17): 1, (12, 13): 24, (12, 16): 1, (12, 17): 50, (13, 14): 49, (13, 16): 1, (14, 15): 1, (14, 16): 1, (14, 17): 13, (14, 18): 28, (16, 18): 66, (17, 18): 4}",3736.9728088378906,452.0,57.0,1265.0
18.0,Graph with 19 nodes and 90 edges,"[[0, 0, 1, 1, 0, 0, 1, 0, 0, 1, 0, 0, 0, 0, 1, 1, 0, 0, 0], [0, 0, 0, 0, 1, 1, 1, 0, 1, 1, 1, 1, 1, 0, 1, 0, 1, 1, 1], [1, 0, 0, 1, 1, 0, 0, 1, 1, 1, 0, 1, 0, 1, 1, 1, 0, 1, 1], [1, 0, 1, 0, 1, 1, 0, 0, 0, 0, 0, 1, 1, 1, 1, 0, 0, 1, 0], [0, 1, 1, 1, 0, 1, 1, 0, 0, 0, 0, 0, 0, 1, 0, 0, 1, 0, 1], [0, 1, 0, 1, 1, 0, 1, 1, 0, 1, 1, 0, 0, 1, 1, 0, 1, 1, 0], [1, 1, 0, 0, 1, 1, 0, 1, 1, 0, 0, 1, 1, 1, 0, 0, 1, 0, 0], [0, 0, 1, 0, 0, 1, 1, 0, 0, 1, 0, 1, 1, 0, 1, 1, 1, 0, 0], [0, 1, 1, 0, 0, 0, 1, 0, 0, 0, 1, 1, 0, 0, 1, 1, 0, 1, 1], [1, 1, 1, 0, 0, 1, 0, 1, 0, 0, 1, 1, 0, 1, 0, 1, 1, 0, 0], [0, 1, 0, 0, 0, 1, 0, 0, 1, 1, 0, 1, 1, 1, 1, 1, 0, 0, 0], [0, 1, 1, 1, 0, 0, 1, 1, 1, 1, 1, 0, 0, 0, 1, 0, 0, 1, 1], [0, 1, 0, 1, 0, 0, 1, 1, 0, 0, 1, 0, 0, 0, 0, 1, 0, 1, 0], [0, 0, 1, 1, 1, 1, 1, 0, 0, 1, 1, 0, 0, 0, 1, 0, 1, 1, 0], [1, 1, 1, 1, 0, 1, 0, 1, 1, 0, 1, 1, 0, 1, 0, 0, 1, 1, 1], [1, 0, 1, 0, 0, 0, 0, 1, 1, 1, 1, 0, 1, 0, 0, 0, 0, 1, 0], [0, 1, 0, 0, 1, 1, 1, 1, 0, 1, 0, 0, 0, 1, 1, 0, 0, 0, 1], [0, 1, 1, 1, 0, 1, 0, 0, 1, 0, 0, 1, 1, 1, 1, 1, 0, 0, 0], [0, 1, 1, 0, 1, 0, 0, 0, 1, 0, 0, 1, 0, 0, 1, 0, 1, 0, 0]]",22.0,6.0,Y,"{0: 28, 1: 34, 2: 40, 3: 46, 4: 52, 5: 58, 6: 64, 7: 70, 8: 76, 9: 82, 10: 88, 11: 94, 12: 100, 13: 106, 14: 112, 15: 118, 16: 124, 17: 130, 18: 22}","{(0, 2): 23, (0, 3): 1, (0, 6): 1, (0, 9): 1, (0, 14): 1, (0, 15): 1, (1, 4): 23, (1, 5): 1, (1, 6): 1, (1, 8): 1, (1, 9): 1, (1, 10): 1, (1, 11): 1, (1, 12): 1, (1, 14): 1, (1, 16): 1, (1, 17): 1, (1, 18): 1, (2, 3): 7, (2, 4): 1, (2, 7): 1, (2, 8): 1, (2, 9): 1, (2, 11): 1, (2, 13): 1, (2, 14): 1, (2, 15): 1, (2, 17): 1, (2, 18): 1, (3, 4): 23, (3, 5): 10, (3, 11): 1, (3, 12): 1, (3, 13): 1, (3, 14): 1, (3, 17): 1, (4, 5): 1, (4, 6): 1, (4, 13): 1, (4, 16): 1, (4, 18): 1, (5, 6): 39, (5, 7): 1, (5, 9): 1, (5, 10): 1, (5, 13): 1, (5, 14): 1, (5, 16): 1, (5, 17): 1, (6, 7): 1, (6, 8): 1, (6, 11): 1, (6, 12): 1, (6, 13): 1, (6, 16): 17, (7, 9): 1, (7, 11): 1, (7, 12): 18, (7, 14): 1, (7, 15): 45, (7, 16): 1, (8, 10): 41, (8, 11): 1, (8, 14): 1, (8, 15): 1, (8, 17): 28, (8, 18): 1, (9, 10): 1, (9, 11): 1, (9, 13): 73, (9, 15): 1, (9, 16): 1, (10, 11): 1, (10, 12): 1, (10, 13): 1, (10, 14): 40, (10, 15): 1, (11, 14): 1, (11, 17): 84, (11, 18): 1, (12, 15): 67, (12, 17): 11, (13, 14): 1, (13, 16): 25, (13, 17): 1, (14, 16): 61, (14, 17): 1, (14, 18): 1, (15, 17): 1, (16, 18): 16}",3529.071807861328,451.0,57.0,1263.0
19.0,Graph with 19 nodes and 78 edges,"[[0, 1, 0, 0, 0, 0, 0, 0, 0, 1, 0, 1, 0, 1, 1, 0, 0, 1, 1], [1, 0, 0, 1, 1, 0, 1, 0, 0, 1, 0, 1, 0, 0, 0, 1, 0, 1, 0], [0, 0, 0, 0, 1, 1, 0, 0, 1, 0, 1, 1, 1, 0, 1, 0, 1, 0, 1], [0, 1, 0, 0, 1, 1, 1, 0, 0, 1, 0, 1, 1, 0, 0, 0, 0, 1, 0], [0, 1, 1, 1, 0, 1, 0, 0, 1, 1, 0, 1, 1, 1, 1, 1, 0, 1, 0], [0, 0, 1, 1, 1, 0, 1, 0, 0, 0, 0, 0, 0, 0, 1, 1, 0, 0, 0], [0, 1, 0, 1, 0, 1, 0, 0, 1, 1, 1, 0, 0, 0, 0, 0, 1, 0, 1], [0, 0, 0, 0, 0, 0, 0, 0, 0, 0, 0, 0, 0, 0, 0, 0, 0, 1, 0], [0, 0, 1, 0, 1, 0, 1, 0, 0, 1, 1, 1, 1, 0, 1, 1, 1, 1, 1], [1, 1, 0, 1, 1, 0, 1, 0, 1, 0, 0, 0, 1, 1, 0, 1, 1, 0, 1], [0, 0, 1, 0, 0, 0, 1, 0, 1, 0, 0, 0, 1, 0, 1, 0, 0, 0, 0], [1, 1, 1, 1, 1, 0, 0, 0, 1, 0, 0, 0, 1, 1, 0, 0, 1, 1, 0], [0, 0, 1, 1, 1, 0, 0, 0, 1, 1, 1, 1, 0, 1, 0, 1, 1, 1, 0], [1, 0, 0, 0, 1, 0, 0, 0, 0, 1, 0, 1, 1, 0, 0, 0, 1, 1, 1], [1, 0, 1, 0, 1, 1, 0, 0, 1, 0, 1, 0, 0, 0, 0, 0, 1, 0, 1], [0, 1, 0, 0, 1, 1, 0, 0, 1, 1, 0, 0, 1, 0, 0, 0, 0, 1, 0], [0, 0, 1, 0, 0, 0, 1, 0, 1, 1, 0, 1, 1, 1, 1, 0, 0, 0, 0], [1, 1, 0, 1, 1, 0, 0, 1, 1, 0, 0, 1, 1, 1, 0, 1, 0, 0, 0], [1, 0, 1, 0, 0, 0, 1, 0, 1, 1, 0, 0, 0, 1, 1, 0, 0, 0, 0]]",6.0,6.0,Y,"{0: 18, 1: 24, 2: 30, 3: 36, 4: 42, 5: 12, 6: 48, 7: 54, 8: 60, 9: 66, 10: 6, 11: 72, 12: 78, 13: 84, 14: 90, 15: 96, 16: 102, 17: 108, 18: 114}","{(0, 1): 12, (0, 9): 1, (0, 11): 1, (0, 13): 1, (0, 14): 1, (0, 17): 1, (0, 18): 1, (1, 3): 6, (1, 4): 1, (1, 6): 1, (1, 9): 1, (1, 11): 1, (1, 15): 1, (1, 17): 1, (2, 4): 22, (2, 5): 1, (2, 8): 1, (2, 10): 1, (2, 11): 1, (2, 12): 1, (2, 14): 1, (2, 16): 1, (2, 18): 1, (3, 4): 10, (3, 5): 7, (3, 6): 2, (3, 9): 1, (3, 11): 8, (3, 12): 1, (3, 17): 1, (4, 5): 1, (4, 8): 1, (4, 9): 1, (4, 11): 1, (4, 12): 1, (4, 13): 1, (4, 14): 1, (4, 15): 1, (4, 17): 1, (5, 6): 1, (5, 14): 1, (5, 15): 1, (6, 8): 1, (6, 9): 2, (6, 10): 1, (6, 16): 4, (6, 18): 36, (7, 17): 54, (8, 9): 4, (8, 10): 1, (8, 11): 38, (8, 12): 1, (8, 14): 2, (8, 15): 8, (8, 16): 1, (8, 17): 1, (8, 18): 1, (9, 12): 1, (9, 13): 23, (9, 15): 30, (9, 16): 1, (9, 18): 1, (10, 12): 1, (10, 14): 2, (11, 12): 14, (11, 13): 1, (11, 16): 6, (11, 17): 1, (12, 13): 1, (12, 15): 20, (12, 16): 36, (12, 17): 1, (13, 16): 30, (13, 17): 12, (13, 18): 15, (14, 16): 23, (14, 18): 59, (15, 17): 35}",3149.0325927734375,439.0,57.0,1239.0
20.0,Graph with 19 nodes and 90 edges,"[[0, 1, 0, 1, 1, 0, 0, 1, 0, 0, 1, 0, 1, 1, 1, 1, 0, 1, 0], [1, 0, 1, 1, 0, 1, 0, 1, 1, 1, 0, 1, 0, 0, 1, 0, 0, 1, 1], [0, 1, 0, 1, 1, 0, 1, 0, 1, 0, 0, 1, 1, 0, 1, 0, 0, 0, 1], [1, 1, 1, 0, 0, 1, 0, 1, 1, 1, 0, 0, 0, 1, 0, 1, 0, 1, 1], [1, 0, 1, 0, 0, 1, 0, 1, 0, 1, 1, 1, 0, 1, 0, 0, 0, 1, 1], [0, 1, 0, 1, 1, 0, 0, 0, 0, 0, 0, 0, 1, 0, 0, 1, 0, 0, 1], [0, 0, 1, 0, 0, 0, 0, 1, 1, 1, 0, 0, 1, 1, 1, 1, 1, 0, 0], [1, 1, 0, 1, 1, 0, 1, 0, 1, 0, 1, 0, 0, 1, 1, 0, 0, 0, 1], [0, 1, 1, 1, 0, 0, 1, 1, 0, 1, 1, 0, 0, 0, 0, 0, 0, 1, 1], [0, 1, 0, 1, 1, 0, 1, 0, 1, 0, 1, 1, 1, 0, 1, 1, 1, 1, 1], [1, 0, 0, 0, 1, 0, 0, 1, 1, 1, 0, 1, 0, 1, 0, 0, 0, 0, 0], [0, 1, 1, 0, 1, 0, 0, 0, 0, 1, 1, 0, 0, 1, 0, 1, 0, 1, 0], [1, 0, 1, 0, 0, 1, 1, 0, 0, 1, 0, 0, 0, 1, 0, 0, 1, 0, 0], [1, 0, 0, 1, 1, 0, 1, 1, 0, 0, 1, 1, 1, 0, 0, 1, 1, 1, 1], [1, 1, 1, 0, 0, 0, 1, 1, 0, 1, 0, 0, 0, 0, 0, 1, 1, 0, 1], [1, 0, 0, 1, 0, 1, 1, 0, 0, 1, 0, 1, 0, 1, 1, 0, 1, 1, 1], [0, 0, 0, 0, 0, 0, 1, 0, 0, 1, 0, 0, 1, 1, 1, 1, 0, 0, 1], [1, 1, 0, 1, 1, 0, 0, 0, 1, 1, 0, 1, 0, 1, 0, 1, 0, 0, 0], [0, 1, 1, 1, 1, 1, 0, 1, 1, 1, 0, 0, 0, 1, 1, 1, 1, 0, 0]]",19.0,7.0,Y,"{0: 26, 1: 33, 2: 40, 3: 47, 4: 54, 5: 61, 6: 68, 7: 75, 8: 82, 9: 89, 10: 96, 11: 103, 12: 110, 13: 117, 14: 124, 15: 131, 16: 138, 17: 145, 18: 19}","{(0, 1): 17, (0, 3): 1, (0, 4): 1, (0, 7): 1, (0, 10): 1, (0, 12): 1, (0, 13): 1, (0, 14): 1, (0, 15): 1, (0, 17): 1, (1, 2): 7, (1, 3): 1, (1, 5): 1, (1, 7): 1, (1, 8): 1, (1, 9): 1, (1, 11): 1, (1, 14): 1, (1, 17): 1, (1, 18): 1, (2, 3): 26, (2, 4): 1, (2, 6): 1, (2, 8): 1, (2, 11): 1, (2, 12): 1, (2, 14): 1, (2, 18): 1, (3, 5): 12, (3, 7): 1, (3, 8): 1, (3, 9): 1, (3, 13): 1, (3, 15): 1, (3, 17): 1, (3, 18): 1, (4, 5): 45, (4, 7): 1, (4, 9): 1, (4, 10): 1, (4, 11): 1, (4, 13): 1, (4, 17): 1, (4, 18): 1, (5, 12): 1, (5, 15): 1, (5, 18): 1, (6, 7): 1, (6, 8): 1, (6, 9): 1, (6, 12): 1, (6, 13): 1, (6, 14): 1, (6, 15): 1, (6, 16): 60, (7, 8): 1, (7, 10): 66, (7, 13): 1, (7, 14): 1, (7, 18): 1, (8, 9): 1, (8, 10): 1, (8, 17): 74, (8, 18): 1, (9, 10): 1, (9, 11): 2, (9, 12): 1, (9, 14): 1, (9, 15): 1, (9, 16): 73, (9, 17): 4, (9, 18): 1, (10, 11): 23, (10, 13): 3, (11, 13): 1, (11, 15): 13, (11, 17): 61, (12, 13): 104, (12, 16): 1, (13, 15): 1, (13, 16): 1, (13, 17): 1, (13, 18): 1, (14, 15): 109, (14, 16): 1, (14, 18): 8, (15, 16): 1, (15, 17): 1, (15, 18): 1, (16, 18): 1}",3432.9891204833984,451.0,57.0,1263.0
21.0,Graph with 19 nodes and 92 edges,"[[0, 0, 1, 1, 1, 1, 1, 0, 0, 0, 1, 0, 1, 1, 1, 0, 1, 1, 1], [0, 0, 1, 0, 0, 1, 1, 1, 1, 1, 0, 1, 0, 1, 1, 0, 0, 1, 0], [1, 1, 0, 0, 1, 1, 0, 1, 0, 1, 0, 1, 0, 1, 0, 0, 0, 1, 1], [1, 0, 0, 0, 0, 1, 0, 1, 1, 1, 0, 0, 1, 1, 0, 1, 0, 0, 0], [1, 0, 1, 0, 0, 1, 1, 1, 0, 1, 0, 0, 0, 1, 0, 1, 1, 0, 1], [1, 1, 1, 1, 1, 0, 1, 1, 0, 1, 1, 1, 1, 0, 0, 1, 1, 1, 1], [1, 1, 0, 0, 1, 1, 0, 1, 1, 0, 0, 1, 0, 1, 0, 0, 1, 1, 1], [0, 1, 1, 1, 1, 1, 1, 0, 1, 0, 0, 1, 1, 0, 0, 1, 0, 0, 0], [0, 1, 0, 1, 0, 0, 1, 1, 0, 1, 0, 0, 0, 1, 0, 1, 0, 1, 1], [0, 1, 1, 1, 1, 1, 0, 0, 1, 0, 1, 0, 0, 1, 1, 1, 1, 0, 0], [1, 0, 0, 0, 0, 1, 0, 0, 0, 1, 0, 0, 1, 0, 0, 1, 0, 1, 0], [0, 1, 1, 0, 0, 1, 1, 1, 0, 0, 0, 0, 1, 0, 1, 1, 1, 0, 1], [1, 0, 0, 1, 0, 1, 0, 1, 0, 0, 1, 1, 0, 0, 1, 0, 0, 0, 0], [1, 1, 1, 1, 1, 0, 1, 0, 1, 1, 0, 0, 0, 0, 0, 1, 1, 0, 0], [1, 1, 0, 0, 0, 0, 0, 0, 0, 1, 0, 1, 1, 0, 0, 0, 1, 0, 1], [0, 0, 0, 1, 1, 1, 0, 1, 1, 1, 1, 1, 0, 1, 0, 0, 0, 1, 1], [1, 0, 0, 0, 1, 1, 1, 0, 0, 1, 0, 1, 0, 1, 1, 0, 0, 1, 0], [1, 1, 1, 0, 0, 1, 1, 0, 1, 0, 1, 0, 0, 0, 0, 1, 1, 0, 0], [1, 0, 1, 0, 1, 1, 1, 0, 1, 0, 0, 1, 0, 0, 1, 1, 0, 0, 0]]",7.0,5.0,Y,"{0: 12, 1: 97, 2: 92, 3: 87, 4: 82, 5: 17, 6: 77, 7: 72, 8: 67, 9: 62, 10: 7, 11: 57, 12: 52, 13: 47, 14: 42, 15: 37, 16: 32, 17: 27, 18: 22}","{(0, 2): 1, (0, 3): 1, (0, 4): 1, (0, 5): 1, (0, 6): 1, (0, 10): 1, (0, 12): 1, (0, 13): 1, (0, 14): 1, (0, 16): 1, (0, 17): 1, (0, 18): 1, (1, 2): 1, (1, 5): 3, (1, 6): 1, (1, 7): 1, (1, 8): 1, (1, 9): 1, (1, 11): 1, (1, 13): 33, (1, 14): 36, (1, 17): 19, (2, 4): 1, (2, 5): 1, (2, 7): 1, (2, 9): 18, (2, 11): 48, (2, 13): 6, (2, 17): 1, (2, 18): 14, (3, 5): 1, (3, 7): 1, (3, 8): 1, (3, 9): 9, (3, 12): 46, (3, 13): 1, (3, 15): 27, (4, 5): 1, (4, 6): 1, (4, 7): 48, (4, 9): 26, (4, 13): 1, (4, 15): 1, (4, 16): 1, (4, 18): 1, (5, 6): 1, (5, 7): 1, (5, 9): 1, (5, 10): 1, (5, 11): 1, (5, 12): 1, (5, 15): 1, (5, 16): 1, (5, 17): 1, (5, 18): 1, (6, 7): 1, (6, 8): 44, (6, 11): 1, (6, 13): 1, (6, 16): 24, (6, 17): 1, (6, 18): 1, (7, 8): 16, (7, 11): 1, (7, 12): 1, (7, 15): 1, (8, 9): 1, (8, 13): 1, (8, 15): 1, (8, 17): 1, (8, 18): 1, (9, 10): 2, (9, 13): 1, (9, 14): 1, (9, 15): 1, (9, 16): 1, (10, 12): 1, (10, 15): 1, (10, 17): 1, (11, 12): 1, (11, 14): 1, (11, 15): 1, (11, 16): 1, (11, 18): 1, (12, 14): 1, (13, 15): 1, (13, 16): 1, (14, 16): 1, (14, 18): 1, (15, 17): 1, (15, 18): 1, (16, 17): 1}",2074.9568939208984,453.0,57.0,1267.0
21.0,Graph with 19 nodes and 92 edges,"[[0, 0, 1, 1, 1, 1, 1, 0, 0, 0, 1, 0, 1, 1, 1, 0, 1, 1, 1], [0, 0, 1, 0, 0, 1, 1, 1, 1, 1, 0, 1, 0, 1, 1, 0, 0, 1, 0], [1, 1, 0, 0, 1, 1, 0, 1, 0, 1, 0, 1, 0, 1, 0, 0, 0, 1, 1], [1, 0, 0, 0, 0, 1, 0, 1, 1, 1, 0, 0, 1, 1, 0, 1, 0, 0, 0], [1, 0, 1, 0, 0, 1, 1, 1, 0, 1, 0, 0, 0, 1, 0, 1, 1, 0, 1], [1, 1, 1, 1, 1, 0, 1, 1, 0, 1, 1, 1, 1, 0, 0, 1, 1, 1, 1], [1, 1, 0, 0, 1, 1, 0, 1, 1, 0, 0, 1, 0, 1, 0, 0, 1, 1, 1], [0, 1, 1, 1, 1, 1, 1, 0, 1, 0, 0, 1, 1, 0, 0, 1, 0, 0, 0], [0, 1, 0, 1, 0, 0, 1, 1, 0, 1, 0, 0, 0, 1, 0, 1, 0, 1, 1], [0, 1, 1, 1, 1, 1, 0, 0, 1, 0, 1, 0, 0, 1, 1, 1, 1, 0, 0], [1, 0, 0, 0, 0, 1, 0, 0, 0, 1, 0, 0, 1, 0, 0, 1, 0, 1, 0], [0, 1, 1, 0, 0, 1, 1, 1, 0, 0, 0, 0, 1, 0, 1, 1, 1, 0, 1], [1, 0, 0, 1, 0, 1, 0, 1, 0, 0, 1, 1, 0, 0, 1, 0, 0, 0, 0], [1, 1, 1, 1, 1, 0, 1, 0, 1, 1, 0, 0, 0, 0, 0, 1, 1, 0, 0], [1, 1, 0, 0, 0, 0, 0, 0, 0, 1, 0, 1, 1, 0, 0, 0, 1, 0, 1], [0, 0, 0, 1, 1, 1, 0, 1, 1, 1, 1, 1, 0, 1, 0, 0, 0, 1, 1], [1, 0, 0, 0, 1, 1, 1, 0, 0, 1, 0, 1, 0, 1, 1, 0, 0, 1, 0], [1, 1, 1, 0, 0, 1, 1, 0, 1, 0, 1, 0, 0, 0, 0, 1, 1, 0, 0], [1, 0, 1, 0, 1, 1, 1, 0, 1, 0, 0, 1, 0, 0, 1, 1, 0, 0, 0]]",10.0,6.0,Y,"{0: 22, 1: 16, 2: 28, 3: 34, 4: 40, 5: 46, 6: 52, 7: 58, 8: 64, 9: 70, 10: 76, 11: 82, 12: 88, 13: 94, 14: 100, 15: 106, 16: 112, 17: 118, 18: 10}","{(0, 2): 11, (0, 3): 1, (0, 4): 1, (0, 5): 1, (0, 6): 1, (0, 10): 1, (0, 12): 1, (0, 13): 1, (0, 14): 1, (0, 16): 1, (0, 17): 1, (0, 18): 1, (1, 2): 7, (1, 5): 1, (1, 6): 1, (1, 7): 1, (1, 8): 1, (1, 9): 1, (1, 11): 1, (1, 13): 1, (1, 14): 1, (1, 17): 1, (2, 4): 3, (2, 5): 1, (2, 7): 1, (2, 9): 1, (2, 11): 1, (2, 13): 1, (2, 17): 1, (2, 18): 1, (3, 5): 27, (3, 7): 1, (3, 8): 1, (3, 9): 1, (3, 12): 1, (3, 13): 1, (3, 15): 1, (4, 5): 6, (4, 6): 1, (4, 7): 1, (4, 9): 5, (4, 13): 16, (4, 15): 1, (4, 16): 5, (4, 18): 1, (5, 6): 1, (5, 7): 1, (5, 9): 1, (5, 10): 1, (5, 11): 1, (5, 12): 1, (5, 15): 1, (5, 16): 1, (5, 17): 1, (5, 18): 1, (6, 7): 3, (6, 8): 8, (6, 11): 1, (6, 13): 1, (6, 16): 1, (6, 17): 33, (6, 18): 1, (7, 8): 37, (7, 11): 8, (7, 12): 3, (7, 15): 2, (8, 9): 2, (8, 13): 10, (8, 15): 2, (8, 17): 1, (8, 18): 2, (9, 10): 26, (9, 13): 6, (9, 14): 25, (9, 15): 1, (9, 16): 1, (10, 12): 39, (10, 15): 2, (10, 17): 7, (11, 12): 42, (11, 14): 15, (11, 15): 1, (11, 16): 11, (11, 18): 1, (12, 14): 1, (13, 15): 22, (13, 16): 35, (14, 16): 56, (14, 18): 1, (15, 17): 72, (15, 18): 1, (16, 17): 1}",3745.0790405273438,453.0,57.0,1267.0
21.0,Graph with 19 nodes and 92 edges,"[[0, 0, 1, 1, 1, 1, 1, 0, 0, 0, 1, 0, 1, 1, 1, 0, 1, 1, 1], [0, 0, 1, 0, 0, 1, 1, 1, 1, 1, 0, 1, 0, 1, 1, 0, 0, 1, 0], [1, 1, 0, 0, 1, 1, 0, 1, 0, 1, 0, 1, 0, 1, 0, 0, 0, 1, 1], [1, 0, 0, 0, 0, 1, 0, 1, 1, 1, 0, 0, 1, 1, 0, 1, 0, 0, 0], [1, 0, 1, 0, 0, 1, 1, 1, 0, 1, 0, 0, 0, 1, 0, 1, 1, 0, 1], [1, 1, 1, 1, 1, 0, 1, 1, 0, 1, 1, 1, 1, 0, 0, 1, 1, 1, 1], [1, 1, 0, 0, 1, 1, 0, 1, 1, 0, 0, 1, 0, 1, 0, 0, 1, 1, 1], [0, 1, 1, 1, 1, 1, 1, 0, 1, 0, 0, 1, 1, 0, 0, 1, 0, 0, 0], [0, 1, 0, 1, 0, 0, 1, 1, 0, 1, 0, 0, 0, 1, 0, 1, 0, 1, 1], [0, 1, 1, 1, 1, 1, 0, 0, 1, 0, 1, 0, 0, 1, 1, 1, 1, 0, 0], [1, 0, 0, 0, 0, 1, 0, 0, 0, 1, 0, 0, 1, 0, 0, 1, 0, 1, 0], [0, 1, 1, 0, 0, 1, 1, 1, 0, 0, 0, 0, 1, 0, 1, 1, 1, 0, 1], [1, 0, 0, 1, 0, 1, 0, 1, 0, 0, 1, 1, 0, 0, 1, 0, 0, 0, 0], [1, 1, 1, 1, 1, 0, 1, 0, 1, 1, 0, 0, 0, 0, 0, 1, 1, 0, 0], [1, 1, 0, 0, 0, 0, 0, 0, 0, 1, 0, 1, 1, 0, 0, 0, 1, 0, 1], [0, 0, 0, 1, 1, 1, 0, 1, 1, 1, 1, 1, 0, 1, 0, 0, 0, 1, 1], [1, 0, 0, 0, 1, 1, 1, 0, 0, 1, 0, 1, 0, 1, 1, 0, 0, 1, 0], [1, 1, 1, 0, 0, 1, 1, 0, 1, 0, 1, 0, 0, 0, 0, 1, 1, 0, 0], [1, 0, 1, 0, 1, 1, 1, 0, 1, 0, 0, 1, 0, 0, 1, 1, 0, 0, 0]]",16.0,4.0,Y,"{0: 20, 1: 24, 2: 28, 3: 32, 4: 36, 5: 40, 6: 44, 7: 48, 8: 52, 9: 56, 10: 60, 11: 64, 12: 68, 13: 72, 14: 76, 15: 80, 16: 84, 17: 88, 18: 16}","{(0, 2): 9, (0, 3): 1, (0, 4): 1, (0, 5): 1, (0, 6): 1, (0, 10): 1, (0, 12): 1, (0, 13): 1, (0, 14): 1, (0, 16): 1, (0, 17): 1, (0, 18): 1, (1, 2): 11, (1, 5): 5, (1, 6): 1, (1, 7): 1, (1, 8): 1, (1, 9): 1, (1, 11): 1, (1, 13): 1, (1, 14): 1, (1, 17): 1, (2, 4): 1, (2, 5): 1, (2, 7): 1, (2, 9): 1, (2, 11): 1, (2, 13): 1, (2, 17): 1, (2, 18): 1, (3, 5): 22, (3, 7): 4, (3, 8): 1, (3, 9): 1, (3, 12): 1, (3, 13): 1, (3, 15): 1, (4, 5): 1, (4, 6): 1, (4, 7): 17, (4, 9): 1, (4, 13): 10, (4, 15): 1, (4, 16): 1, (4, 18): 2, (5, 6): 1, (5, 7): 1, (5, 9): 1, (5, 10): 1, (5, 11): 1, (5, 12): 1, (5, 15): 1, (5, 16): 1, (5, 17): 1, (5, 18): 1, (6, 7): 7, (6, 8): 1, (6, 11): 1, (6, 13): 22, (6, 16): 7, (6, 17): 1, (6, 18): 1, (7, 8): 9, (7, 11): 3, (7, 12): 4, (7, 15): 1, (8, 9): 2, (8, 13): 33, (8, 15): 1, (8, 17): 3, (8, 18): 1, (9, 10): 35, (9, 13): 1, (9, 14): 5, (9, 15): 1, (9, 16): 7, (10, 12): 9, (10, 15): 1, (10, 17): 13, (11, 12): 50, (11, 14): 2, (11, 15): 1, (11, 16): 1, (11, 18): 3, (12, 14): 2, (13, 15): 1, (13, 16): 1, (14, 16): 64, (14, 18): 1, (15, 17): 66, (15, 18): 5, (16, 17): 1}",3497.8389739990234,453.0,57.0,1267.0
21.0,Graph with 19 nodes and 92 edges,"[[0, 0, 1, 1, 1, 1, 1, 0, 0, 0, 1, 0, 1, 1, 1, 0, 1, 1, 1], [0, 0, 1, 0, 0, 1, 1, 1, 1, 1, 0, 1, 0, 1, 1, 0, 0, 1, 0], [1, 1, 0, 0, 1, 1, 0, 1, 0, 1, 0, 1, 0, 1, 0, 0, 0, 1, 1], [1, 0, 0, 0, 0, 1, 0, 1, 1, 1, 0, 0, 1, 1, 0, 1, 0, 0, 0], [1, 0, 1, 0, 0, 1, 1, 1, 0, 1, 0, 0, 0, 1, 0, 1, 1, 0, 1], [1, 1, 1, 1, 1, 0, 1, 1, 0, 1, 1, 1, 1, 0, 0, 1, 1, 1, 1], [1, 1, 0, 0, 1, 1, 0, 1, 1, 0, 0, 1, 0, 1, 0, 0, 1, 1, 1], [0, 1, 1, 1, 1, 1, 1, 0, 1, 0, 0, 1, 1, 0, 0, 1, 0, 0, 0], [0, 1, 0, 1, 0, 0, 1, 1, 0, 1, 0, 0, 0, 1, 0, 1, 0, 1, 1], [0, 1, 1, 1, 1, 1, 0, 0, 1, 0, 1, 0, 0, 1, 1, 1, 1, 0, 0], [1, 0, 0, 0, 0, 1, 0, 0, 0, 1, 0, 0, 1, 0, 0, 1, 0, 1, 0], [0, 1, 1, 0, 0, 1, 1, 1, 0, 0, 0, 0, 1, 0, 1, 1, 1, 0, 1], [1, 0, 0, 1, 0, 1, 0, 1, 0, 0, 1, 1, 0, 0, 1, 0, 0, 0, 0], [1, 1, 1, 1, 1, 0, 1, 0, 1, 1, 0, 0, 0, 0, 0, 1, 1, 0, 0], [1, 1, 0, 0, 0, 0, 0, 0, 0, 1, 0, 1, 1, 0, 0, 0, 1, 0, 1], [0, 0, 0, 1, 1, 1, 0, 1, 1, 1, 1, 1, 0, 1, 0, 0, 0, 1, 1], [1, 0, 0, 0, 1, 1, 1, 0, 0, 1, 0, 1, 0, 1, 1, 0, 0, 1, 0], [1, 1, 1, 0, 0, 1, 1, 0, 1, 0, 1, 0, 0, 0, 0, 1, 1, 0, 0], [1, 0, 1, 0, 1, 1, 1, 0, 1, 0, 0, 1, 0, 0, 1, 1, 0, 0, 0]]",17.0,1.0,Y,"{0: 21, 1: 35, 2: 31, 3: 26, 4: 33, 5: 18, 6: 25, 7: 27, 8: 19, 9: 32, 10: 22, 11: 24, 12: 20, 13: 34, 14: 23, 15: 17, 16: 28, 17: 29, 18: 30}","{(0, 2): 1, (0, 3): 1, (0, 4): 1, (0, 5): 1, (0, 6): 1, (0, 10): 1, (0, 12): 1, (0, 13): 1, (0, 14): 10, (0, 16): 1, (0, 17): 1, (0, 18): 1, (1, 2): 1, (1, 5): 4, (1, 6): 1, (1, 7): 1, (1, 8): 1, (1, 9): 1, (1, 11): 1, (1, 13): 1, (1, 14): 3, (1, 17): 21, (2, 4): 1, (2, 5): 1, (2, 7): 1, (2, 9): 1, (2, 11): 1, (2, 13): 1, (2, 17): 1, (2, 18): 22, (3, 5): 1, (3, 7): 1, (3, 8): 1, (3, 9): 1, (3, 12): 1, (3, 13): 13, (3, 15): 7, (4, 5): 1, (4, 6): 1, (4, 7): 1, (4, 9): 1, (4, 13): 5, (4, 15): 1, (4, 16): 20, (4, 18): 1, (5, 6): 1, (5, 7): 1, (5, 9): 1, (5, 10): 1, (5, 11): 1, (5, 12): 1, (5, 15): 1, (5, 16): 1, (5, 17): 1, (5, 18): 1, (6, 7): 1, (6, 8): 1, (6, 11): 14, (6, 13): 2, (6, 16): 1, (6, 17): 1, (6, 18): 1, (7, 8): 4, (7, 11): 2, (7, 12): 14, (7, 15): 1, (8, 9): 1, (8, 13): 8, (8, 15): 1, (8, 17): 1, (8, 18): 1, (9, 10): 17, (9, 13): 1, (9, 14): 6, (9, 15): 1, (9, 16): 1, (10, 12): 1, (10, 15): 1, (10, 17): 1, (11, 12): 1, (11, 14): 1, (11, 15): 1, (11, 16): 1, (11, 18): 1, (12, 14): 1, (13, 15): 1, (13, 16): 1, (14, 16): 1, (14, 18): 1, (15, 17): 1, (15, 18): 1, (16, 17): 1}",1857.9959869384766,453.0,57.0,1267.0
22.0,Graph with 19 nodes and 78 edges,"[[0, 0, 0, 0, 0, 0, 0, 1, 0, 0, 0, 1, 0, 1, 1, 0, 0, 0, 0], [0, 0, 1, 0, 0, 1, 0, 0, 1, 0, 0, 1, 0, 1, 0, 1, 1, 0, 0], [0, 1, 0, 0, 1, 0, 1, 0, 0, 0, 0, 0, 1, 1, 1, 1, 1, 0, 0], [0, 0, 0, 0, 0, 1, 0, 0, 0, 0, 0, 0, 0, 1, 1, 0, 1, 1, 0], [0, 0, 1, 0, 0, 0, 0, 0, 0, 1, 1, 1, 0, 1, 1, 1, 0, 0, 0], [0, 1, 0, 1, 0, 0, 1, 1, 1, 0, 1, 0, 1, 1, 0, 0, 1, 0, 1], [0, 0, 1, 0, 0, 1, 0, 1, 1, 1, 0, 0, 1, 1, 0, 0, 0, 0, 0], [1, 0, 0, 0, 0, 1, 1, 0, 1, 1, 0, 0, 1, 1, 0, 0, 1, 1, 1], [0, 1, 0, 0, 0, 1, 1, 1, 0, 0, 1, 1, 0, 1, 0, 1, 1, 1, 0], [0, 0, 0, 0, 1, 0, 1, 1, 0, 0, 0, 1, 1, 1, 0, 0, 0, 1, 1], [0, 0, 0, 0, 1, 1, 0, 0, 1, 0, 0, 1, 0, 0, 1, 1, 1, 0, 1], [1, 1, 0, 0, 1, 0, 0, 0, 1, 1, 1, 0, 1, 1, 1, 0, 0, 1, 1], [0, 0, 1, 0, 0, 1, 1, 1, 0, 1, 0, 1, 0, 0, 1, 1, 0, 0, 0], [1, 1, 1, 1, 1, 1, 1, 1, 1, 1, 0, 1, 0, 0, 0, 1, 0, 1, 1], [1, 0, 1, 1, 1, 0, 0, 0, 0, 0, 1, 1, 1, 0, 0, 1, 0, 0, 0], [0, 1, 1, 0, 1, 0, 0, 0, 1, 0, 1, 0, 1, 1, 1, 0, 1, 0, 0], [0, 1, 1, 1, 0, 1, 0, 1, 1, 0, 1, 0, 0, 0, 0, 1, 0, 0, 1], [0, 0, 0, 1, 0, 0, 0, 1, 1, 1, 0, 1, 0, 1, 0, 0, 0, 0, 0], [0, 0, 0, 0, 0, 1, 0, 1, 0, 1, 1, 1, 0, 1, 0, 0, 1, 0, 0]]",13.0,5.0,Y,"{0: 18, 1: 23, 2: 28, 3: 33, 4: 38, 5: 43, 6: 48, 7: 53, 8: 58, 9: 63, 10: 68, 11: 73, 12: 78, 13: 83, 14: 88, 15: 93, 16: 98, 17: 103, 18: 13}","{(0, 7): 15, (0, 11): 1, (0, 13): 1, (0, 14): 1, (1, 2): 17, (1, 5): 1, (1, 8): 1, (1, 11): 1, (1, 13): 1, (1, 15): 1, (1, 16): 1, (2, 4): 5, (2, 6): 1, (2, 12): 1, (2, 13): 1, (2, 14): 1, (2, 15): 1, (2, 16): 1, (3, 5): 29, (3, 13): 1, (3, 14): 1, (3, 16): 1, (3, 17): 1, (4, 9): 28, (4, 10): 1, (4, 11): 1, (4, 13): 1, (4, 14): 1, (4, 15): 1, (5, 6): 6, (5, 7): 1, (5, 8): 1, (5, 10): 1, (5, 12): 1, (5, 13): 1, (5, 16): 1, (5, 18): 1, (6, 7): 30, (6, 8): 8, (6, 9): 1, (6, 12): 1, (6, 13): 1, (7, 8): 1, (7, 9): 1, (7, 12): 1, (7, 13): 1, (7, 16): 1, (7, 17): 1, (7, 18): 1, (8, 10): 42, (8, 11): 1, (8, 13): 1, (8, 15): 1, (8, 16): 1, (8, 17): 1, (9, 11): 29, (9, 12): 1, (9, 13): 1, (9, 17): 1, (9, 18): 1, (10, 11): 7, (10, 14): 13, (10, 15): 1, (10, 16): 2, (10, 18): 1, (11, 12): 1, (11, 13): 1, (11, 14): 1, (11, 17): 29, (11, 18): 1, (12, 14): 69, (12, 15): 3, (13, 15): 1, (13, 17): 70, (13, 18): 1, (14, 15): 1, (15, 16): 83, (16, 18): 7}",2754.9266815185547,439.0,57.0,1239.0
22.0,Graph with 19 nodes and 78 edges,"[[0, 0, 0, 0, 0, 0, 0, 1, 0, 0, 0, 1, 0, 1, 1, 0, 0, 0, 0], [0, 0, 1, 0, 0, 1, 0, 0, 1, 0, 0, 1, 0, 1, 0, 1, 1, 0, 0], [0, 1, 0, 0, 1, 0, 1, 0, 0, 0, 0, 0, 1, 1, 1, 1, 1, 0, 0], [0, 0, 0, 0, 0, 1, 0, 0, 0, 0, 0, 0, 0, 1, 1, 0, 1, 1, 0], [0, 0, 1, 0, 0, 0, 0, 0, 0, 1, 1, 1, 0, 1, 1, 1, 0, 0, 0], [0, 1, 0, 1, 0, 0, 1, 1, 1, 0, 1, 0, 1, 1, 0, 0, 1, 0, 1], [0, 0, 1, 0, 0, 1, 0, 1, 1, 1, 0, 0, 1, 1, 0, 0, 0, 0, 0], [1, 0, 0, 0, 0, 1, 1, 0, 1, 1, 0, 0, 1, 1, 0, 0, 1, 1, 1], [0, 1, 0, 0, 0, 1, 1, 1, 0, 0, 1, 1, 0, 1, 0, 1, 1, 1, 0], [0, 0, 0, 0, 1, 0, 1, 1, 0, 0, 0, 1, 1, 1, 0, 0, 0, 1, 1], [0, 0, 0, 0, 1, 1, 0, 0, 1, 0, 0, 1, 0, 0, 1, 1, 1, 0, 1], [1, 1, 0, 0, 1, 0, 0, 0, 1, 1, 1, 0, 1, 1, 1, 0, 0, 1, 1], [0, 0, 1, 0, 0, 1, 1, 1, 0, 1, 0, 1, 0, 0, 1, 1, 0, 0, 0], [1, 1, 1, 1, 1, 1, 1, 1, 1, 1, 0, 1, 0, 0, 0, 1, 0, 1, 1], [1, 0, 1, 1, 1, 0, 0, 0, 0, 0, 1, 1, 1, 0, 0, 1, 0, 0, 0], [0, 1, 1, 0, 1, 0, 0, 0, 1, 0, 1, 0, 1, 1, 1, 0, 1, 0, 0], [0, 1, 1, 1, 0, 1, 0, 1, 1, 0, 1, 0, 0, 0, 0, 1, 0, 0, 1], [0, 0, 0, 1, 0, 0, 0, 1, 1, 1, 0, 1, 0, 1, 0, 0, 0, 0, 0], [0, 0, 0, 0, 0, 1, 0, 1, 0, 1, 1, 1, 0, 1, 0, 0, 1, 0, 0]]",18.0,4.0,Y,"{0: 22, 1: 26, 2: 30, 3: 34, 4: 38, 5: 42, 6: 46, 7: 50, 8: 54, 9: 58, 10: 62, 11: 66, 12: 70, 13: 74, 14: 78, 15: 82, 16: 86, 17: 90, 18: 18}","{(0, 7): 19, (0, 11): 1, (0, 13): 1, (0, 14): 1, (1, 2): 20, (1, 5): 1, (1, 8): 1, (1, 11): 1, (1, 13): 1, (1, 15): 1, (1, 16): 1, (2, 4): 4, (2, 6): 1, (2, 12): 1, (2, 13): 1, (2, 14): 1, (2, 15): 1, (2, 16): 1, (3, 5): 30, (3, 13): 1, (3, 14): 1, (3, 16): 1, (3, 17): 1, (4, 9): 29, (4, 10): 1, (4, 11): 1, (4, 13): 1, (4, 14): 1, (4, 15): 1, (5, 6): 4, (5, 7): 1, (5, 8): 1, (5, 10): 1, (5, 12): 1, (5, 13): 1, (5, 16): 1, (5, 18): 1, (6, 7): 23, (6, 8): 15, (6, 9): 1, (6, 12): 1, (6, 13): 1, (7, 8): 1, (7, 9): 1, (7, 12): 1, (7, 13): 1, (7, 16): 1, (7, 17): 1, (7, 18): 1, (8, 10): 31, (8, 11): 1, (8, 13): 1, (8, 15): 1, (8, 16): 1, (8, 17): 1, (9, 11): 23, (9, 12): 1, (9, 13): 1, (9, 17): 1, (9, 18): 1, (10, 11): 10, (10, 14): 16, (10, 15): 1, (10, 16): 1, (10, 18): 1, (11, 12): 1, (11, 13): 1, (11, 14): 1, (11, 17): 25, (11, 18): 1, (12, 14): 56, (12, 15): 8, (13, 15): 1, (13, 17): 61, (13, 18): 1, (14, 15): 1, (15, 16): 67, (16, 18): 12}",2924.9191284179688,439.0,57.0,1239.0
24.0,Graph with 19 nodes and 67 edges,"[[0, 1, 0, 1, 1, 0, 1, 0, 1, 0, 1, 0, 0, 1, 1, 0, 1, 0, 0], [1, 0, 0, 1, 1, 0, 0, 0, 1, 0, 0, 1, 0, 1, 1, 1, 1, 0, 0], [0, 0, 0, 1, 1, 0, 0, 0, 0, 1, 0, 0, 1, 0, 0, 0, 0, 1, 0], [1, 1, 1, 0, 0, 1, 0, 0, 1, 1, 0, 0, 1, 0, 0, 1, 0, 1, 0], [1, 1, 1, 0, 0, 1, 0, 1, 0, 0, 0, 1, 0, 0, 0, 0, 0, 0, 0], [0, 0, 0, 1, 1, 0, 1, 1, 0, 1, 1, 0, 1, 0, 0, 1, 1, 1, 0], [1, 0, 0, 0, 0, 1, 0, 0, 0, 1, 0, 0, 0, 1, 1, 0, 0, 1, 0], [0, 0, 0, 0, 1, 1, 0, 0, 0, 1, 0, 1, 0, 0, 0, 0, 1, 0, 0], [1, 1, 0, 1, 0, 0, 0, 0, 0, 0, 0, 1, 0, 0, 0, 1, 0, 1, 1], [0, 0, 1, 1, 0, 1, 1, 1, 0, 0, 1, 0, 1, 0, 0, 0, 0, 0, 1], [1, 0, 0, 0, 0, 1, 0, 0, 0, 1, 0, 0, 1, 1, 0, 1, 0, 0, 1], [0, 1, 0, 0, 1, 0, 0, 1, 1, 0, 0, 0, 0, 1, 1, 0, 1, 0, 0], [0, 0, 1, 1, 0, 1, 0, 0, 0, 1, 1, 0, 0, 0, 1, 0, 0, 0, 0], [1, 1, 0, 0, 0, 0, 1, 0, 0, 0, 1, 1, 0, 0, 0, 1, 1, 0, 1], [1, 1, 0, 0, 0, 0, 1, 0, 0, 0, 0, 1, 1, 0, 0, 1, 0, 0, 1], [0, 1, 0, 1, 0, 1, 0, 0, 1, 0, 1, 0, 0, 1, 1, 0, 0, 1, 0], [1, 1, 0, 0, 0, 1, 0, 1, 0, 0, 0, 1, 0, 1, 0, 0, 0, 0, 0], [0, 0, 1, 1, 0, 1, 1, 0, 1, 0, 0, 0, 0, 0, 0, 1, 0, 0, 0], [0, 0, 0, 0, 0, 0, 0, 0, 1, 1, 1, 0, 0, 1, 1, 0, 0, 0, 0]]",13.0,7.0,Y,"{0: 20, 1: 27, 2: 34, 3: 41, 4: 48, 5: 55, 6: 62, 7: 69, 8: 76, 9: 83, 10: 90, 11: 97, 12: 104, 13: 111, 14: 118, 15: 125, 16: 132, 17: 139, 18: 13}","{(0, 1): 12, (0, 3): 1, (0, 4): 1, (0, 6): 1, (0, 8): 1, (0, 10): 1, (0, 13): 1, (0, 14): 1, (0, 16): 1, (1, 3): 8, (1, 4): 1, (1, 8): 1, (1, 11): 1, (1, 13): 1, (1, 14): 1, (1, 15): 1, (1, 16): 1, (2, 3): 26, (2, 4): 5, (2, 9): 1, (2, 12): 1, (2, 17): 1, (3, 5): 1, (3, 8): 1, (3, 9): 1, (3, 12): 1, (3, 15): 1, (3, 17): 1, (4, 5): 1, (4, 7): 37, (4, 11): 3, (5, 6): 1, (5, 7): 1, (5, 9): 1, (5, 10): 1, (5, 12): 1, (5, 15): 43, (5, 16): 4, (5, 17): 1, (6, 9): 1, (6, 13): 1, (6, 14): 1, (6, 17): 57, (7, 9): 1, (7, 11): 1, (7, 16): 29, (8, 11): 1, (8, 15): 1, (8, 17): 70, (8, 18): 1, (9, 10): 1, (9, 12): 76, (9, 18): 1, (10, 12): 1, (10, 13): 9, (10, 15): 68, (10, 18): 9, (11, 13): 1, (11, 14): 89, (11, 16): 1, (12, 14): 24, (13, 15): 1, (13, 16): 96, (13, 18): 1, (14, 15): 1, (14, 18): 1, (15, 17): 9}",2902.0309448242188,428.0,57.0,1217.0
24.0,Graph with 19 nodes and 67 edges,"[[0, 1, 0, 1, 1, 0, 1, 0, 1, 0, 1, 0, 0, 1, 1, 0, 1, 0, 0], [1, 0, 0, 1, 1, 0, 0, 0, 1, 0, 0, 1, 0, 1, 1, 1, 1, 0, 0], [0, 0, 0, 1, 1, 0, 0, 0, 0, 1, 0, 0, 1, 0, 0, 0, 0, 1, 0], [1, 1, 1, 0, 0, 1, 0, 0, 1, 1, 0, 0, 1, 0, 0, 1, 0, 1, 0], [1, 1, 1, 0, 0, 1, 0, 1, 0, 0, 0, 1, 0, 0, 0, 0, 0, 0, 0], [0, 0, 0, 1, 1, 0, 1, 1, 0, 1, 1, 0, 1, 0, 0, 1, 1, 1, 0], [1, 0, 0, 0, 0, 1, 0, 0, 0, 1, 0, 0, 0, 1, 1, 0, 0, 1, 0], [0, 0, 0, 0, 1, 1, 0, 0, 0, 1, 0, 1, 0, 0, 0, 0, 1, 0, 0], [1, 1, 0, 1, 0, 0, 0, 0, 0, 0, 0, 1, 0, 0, 0, 1, 0, 1, 1], [0, 0, 1, 1, 0, 1, 1, 1, 0, 0, 1, 0, 1, 0, 0, 0, 0, 0, 1], [1, 0, 0, 0, 0, 1, 0, 0, 0, 1, 0, 0, 1, 1, 0, 1, 0, 0, 1], [0, 1, 0, 0, 1, 0, 0, 1, 1, 0, 0, 0, 0, 1, 1, 0, 1, 0, 0], [0, 0, 1, 1, 0, 1, 0, 0, 0, 1, 1, 0, 0, 0, 1, 0, 0, 0, 0], [1, 1, 0, 0, 0, 0, 1, 0, 0, 0, 1, 1, 0, 0, 0, 1, 1, 0, 1], [1, 1, 0, 0, 0, 0, 1, 0, 0, 0, 0, 1, 1, 0, 0, 1, 0, 0, 1], [0, 1, 0, 1, 0, 1, 0, 0, 1, 0, 1, 0, 0, 1, 1, 0, 0, 1, 0], [1, 1, 0, 0, 0, 1, 0, 1, 0, 0, 0, 1, 0, 1, 0, 0, 0, 0, 0], [0, 0, 1, 1, 0, 1, 1, 0, 1, 0, 0, 0, 0, 0, 0, 1, 0, 0, 0], [0, 0, 0, 0, 0, 0, 0, 0, 1, 1, 1, 0, 0, 1, 1, 0, 0, 0, 0]]",23.0,1.0,Y,"{0: 24, 1: 25, 2: 26, 3: 27, 4: 28, 5: 29, 6: 30, 7: 31, 8: 32, 9: 33, 10: 34, 11: 35, 12: 36, 13: 37, 14: 38, 15: 39, 16: 40, 17: 41, 18: 23}","{(0, 1): 16, (0, 3): 1, (0, 4): 1, (0, 6): 1, (0, 8): 1, (0, 10): 1, (0, 13): 1, (0, 14): 1, (0, 16): 1, (1, 3): 2, (1, 4): 1, (1, 8): 1, (1, 11): 1, (1, 13): 1, (1, 14): 1, (1, 15): 1, (1, 16): 1, (2, 3): 18, (2, 4): 5, (2, 9): 1, (2, 12): 1, (2, 17): 1, (3, 5): 1, (3, 8): 1, (3, 9): 1, (3, 12): 1, (3, 15): 1, (3, 17): 1, (4, 5): 3, (4, 7): 13, (4, 11): 5, (5, 6): 1, (5, 7): 1, (5, 9): 3, (5, 10): 1, (5, 12): 5, (5, 15): 1, (5, 16): 12, (5, 17): 1, (6, 9): 3, (6, 13): 1, (6, 14): 1, (6, 17): 23, (7, 9): 1, (7, 11): 3, (7, 16): 13, (8, 11): 9, (8, 15): 7, (8, 17): 8, (8, 18): 5, (9, 10): 10, (9, 12): 10, (9, 18): 4, (10, 12): 10, (10, 13): 10, (10, 15): 1, (10, 18): 1, (11, 13): 5, (11, 14): 5, (11, 16): 7, (12, 14): 9, (13, 15): 8, (13, 16): 6, (13, 18): 5, (14, 15): 13, (14, 18): 8, (15, 17): 7}",3463.9835357666016,428.0,57.0,1217.0
25.0,Graph with 19 nodes and 84 edges,"[[0, 0, 0, 0, 1, 0, 0, 0, 0, 1, 0, 0, 0, 1, 1, 1, 1, 0, 1], [0, 0, 1, 0, 1, 1, 0, 0, 0, 1, 1, 0, 1, 0, 1, 0, 0, 0, 0], [0, 1, 0, 0, 0, 1, 1, 0, 0, 1, 0, 1, 1, 1, 0, 0, 0, 1, 0], [0, 0, 0, 0, 0, 0, 0, 1, 0, 0, 1, 1, 0, 0, 0, 0, 0, 0, 1], [1, 1, 0, 0, 0, 1, 1, 1, 1, 0, 1, 0, 0, 1, 0, 1, 1, 0, 1], [0, 1, 1, 0, 1, 0, 1, 0, 0, 0, 1, 0, 0, 1, 0, 0, 1, 0, 1], [0, 0, 1, 0, 1, 1, 0, 1, 1, 0, 1, 1, 1, 1, 0, 0, 1, 1, 1], [0, 0, 0, 1, 1, 0, 1, 0, 1, 1, 1, 0, 0, 1, 0, 1, 0, 1, 1], [0, 0, 0, 0, 1, 0, 1, 1, 0, 1, 1, 1, 1, 1, 0, 0, 0, 1, 1], [1, 1, 1, 0, 0, 0, 0, 1, 1, 0, 0, 0, 0, 0, 0, 0, 1, 1, 1], [0, 1, 0, 1, 1, 1, 1, 1, 1, 0, 0, 0, 1, 1, 1, 1, 1, 1, 0], [0, 0, 1, 1, 0, 0, 1, 0, 1, 0, 0, 0, 1, 1, 1, 1, 0, 1, 0], [0, 1, 1, 0, 0, 0, 1, 0, 1, 0, 1, 1, 0, 0, 0, 0, 0, 0, 0], [1, 0, 1, 0, 1, 1, 1, 1, 1, 0, 1, 1, 0, 0, 1, 1, 1, 1, 0], [1, 1, 0, 0, 0, 0, 0, 0, 0, 0, 1, 1, 0, 1, 0, 0, 1, 0, 0], [1, 0, 0, 0, 1, 0, 0, 1, 0, 0, 1, 1, 0, 1, 0, 0, 0, 0, 1], [1, 0, 0, 0, 1, 1, 1, 0, 0, 1, 1, 0, 0, 1, 1, 0, 0, 0, 1], [0, 0, 1, 0, 0, 0, 1, 1, 1, 1, 1, 1, 0, 1, 0, 0, 0, 0, 1], [1, 0, 0, 1, 1, 1, 1, 1, 1, 1, 0, 0, 0, 0, 0, 1, 1, 1, 0]]",17.0,7.0,Y,"{0: 24, 1: 31, 2: 38, 3: 45, 4: 52, 5: 59, 6: 66, 7: 73, 8: 80, 9: 87, 10: 94, 11: 101, 12: 108, 13: 115, 14: 122, 15: 129, 16: 136, 17: 143, 18: 17}","{(0, 4): 18, (0, 9): 1, (0, 13): 1, (0, 14): 1, (0, 15): 1, (0, 16): 1, (0, 18): 1, (1, 2): 25, (1, 4): 1, (1, 5): 1, (1, 9): 1, (1, 10): 1, (1, 12): 1, (1, 14): 1, (2, 5): 7, (2, 6): 1, (2, 9): 1, (2, 11): 1, (2, 12): 1, (2, 13): 1, (2, 17): 1, (3, 7): 42, (3, 10): 1, (3, 11): 1, (3, 18): 1, (4, 5): 25, (4, 6): 1, (4, 7): 1, (4, 8): 1, (4, 10): 1, (4, 13): 1, (4, 15): 1, (4, 16): 1, (4, 18): 1, (5, 6): 22, (5, 10): 1, (5, 13): 1, (5, 16): 1, (5, 18): 1, (6, 7): 23, (6, 8): 1, (6, 10): 1, (6, 11): 1, (6, 12): 1, (6, 13): 1, (6, 16): 1, (6, 17): 12, (6, 18): 1, (7, 8): 1, (7, 9): 1, (7, 10): 1, (7, 13): 1, (7, 15): 1, (7, 17): 1, (7, 18): 1, (8, 9): 1, (8, 10): 1, (8, 11): 1, (8, 12): 71, (8, 13): 1, (8, 17): 1, (8, 18): 1, (9, 16): 48, (9, 17): 33, (9, 18): 1, (10, 12): 1, (10, 13): 1, (10, 14): 1, (10, 15): 82, (10, 16): 1, (10, 17): 1, (11, 12): 33, (11, 13): 1, (11, 14): 26, (11, 15): 36, (11, 17): 1, (13, 14): 12, (13, 15): 1, (13, 16): 1, (13, 17): 92, (14, 16): 81, (15, 18): 7, (16, 18): 1, (17, 18): 1}",2955.913543701172,445.0,57.0,1251.0
27.0,Graph with 19 nodes and 77 edges,"[[0, 0, 0, 1, 1, 1, 0, 0, 1, 1, 0, 0, 1, 1, 1, 1, 0, 0, 1], [0, 0, 0, 1, 0, 0, 1, 1, 1, 0, 1, 0, 1, 0, 1, 0, 0, 0, 1], [0, 0, 0, 1, 0, 1, 0, 0, 0, 1, 1, 1, 0, 0, 1, 0, 0, 0, 0], [1, 1, 1, 0, 0, 0, 0, 1, 0, 0, 1, 0, 0, 1, 1, 0, 1, 1, 1], [1, 0, 0, 0, 0, 0, 0, 0, 1, 0, 0, 0, 0, 0, 1, 0, 0, 0, 1], [1, 0, 1, 0, 0, 0, 0, 0, 1, 1, 0, 1, 1, 0, 1, 1, 1, 1, 0], [0, 1, 0, 0, 0, 0, 0, 0, 0, 0, 1, 1, 1, 0, 0, 1, 0, 1, 0], [0, 1, 0, 1, 0, 0, 0, 0, 1, 0, 0, 0, 0, 1, 1, 0, 0, 0, 1], [1, 1, 0, 0, 1, 1, 0, 1, 0, 1, 1, 1, 0, 1, 0, 1, 1, 1, 1], [1, 0, 1, 0, 0, 1, 0, 0, 1, 0, 1, 1, 1, 0, 0, 0, 1, 0, 0], [0, 1, 1, 1, 0, 0, 1, 0, 1, 1, 0, 0, 1, 1, 0, 1, 0, 0, 1], [0, 0, 1, 0, 0, 1, 1, 0, 1, 1, 0, 0, 1, 0, 0, 1, 0, 1, 0], [1, 1, 0, 0, 0, 1, 1, 0, 0, 1, 1, 1, 0, 1, 0, 0, 1, 0, 0], [1, 0, 0, 1, 0, 0, 0, 1, 1, 0, 1, 0, 1, 0, 0, 0, 0, 1, 1], [1, 1, 1, 1, 1, 1, 0, 1, 0, 0, 0, 0, 0, 0, 0, 0, 0, 0, 1], [1, 0, 0, 0, 0, 1, 1, 0, 1, 0, 1, 1, 0, 0, 0, 0, 0, 1, 0], [0, 0, 0, 1, 0, 1, 0, 0, 1, 1, 0, 0, 1, 0, 0, 0, 0, 1, 0], [0, 0, 0, 1, 0, 1, 1, 0, 1, 0, 0, 1, 0, 1, 0, 1, 1, 0, 0], [1, 1, 0, 1, 1, 0, 0, 1, 1, 0, 1, 0, 0, 1, 1, 0, 0, 0, 0]]",9.0,7.0,Y,"{0: 23, 1: 16, 2: 30, 3: 37, 4: 44, 5: 51, 6: 58, 7: 65, 8: 72, 9: 79, 10: 86, 11: 93, 12: 100, 13: 107, 14: 114, 15: 121, 16: 128, 17: 135, 18: 9}","{(0, 3): 14, (0, 4): 1, (0, 5): 1, (0, 8): 1, (0, 9): 1, (0, 12): 1, (0, 13): 1, (0, 14): 1, (0, 15): 1, (0, 18): 1, (1, 3): 9, (1, 6): 1, (1, 7): 1, (1, 8): 1, (1, 10): 1, (1, 12): 1, (1, 14): 1, (1, 18): 1, (2, 3): 7, (2, 5): 19, (2, 9): 1, (2, 10): 1, (2, 11): 1, (2, 14): 1, (3, 7): 1, (3, 10): 1, (3, 13): 1, (3, 14): 1, (3, 16): 1, (3, 17): 1, (3, 18): 1, (4, 8): 1, (4, 14): 41, (4, 18): 1, (5, 8): 1, (5, 9): 1, (5, 11): 1, (5, 12): 1, (5, 14): 8, (5, 15): 17, (5, 16): 1, (5, 17): 1, (6, 10): 53, (6, 11): 1, (6, 12): 1, (6, 15): 1, (6, 17): 1, (7, 8): 1, (7, 13): 1, (7, 14): 60, (7, 18): 1, (8, 9): 1, (8, 10): 1, (8, 11): 1, (8, 13): 60, (8, 15): 1, (8, 16): 1, (8, 17): 1, (8, 18): 1, (9, 10): 1, (9, 11): 1, (9, 12): 1, (9, 16): 72, (10, 12): 1, (10, 13): 25, (10, 15): 1, (10, 18): 1, (11, 12): 70, (11, 15): 17, (11, 17): 1, (12, 13): 17, (12, 16): 7, (13, 17): 1, (13, 18): 1, (14, 18): 1, (15, 17): 83, (16, 17): 46}",3314.0182495117188,438.0,57.0,1237.0
27.0,Graph with 19 nodes and 77 edges,"[[0, 0, 0, 1, 1, 1, 0, 0, 1, 1, 0, 0, 1, 1, 1, 1, 0, 0, 1], [0, 0, 0, 1, 0, 0, 1, 1, 1, 0, 1, 0, 1, 0, 1, 0, 0, 0, 1], [0, 0, 0, 1, 0, 1, 0, 0, 0, 1, 1, 1, 0, 0, 1, 0, 0, 0, 0], [1, 1, 1, 0, 0, 0, 0, 1, 0, 0, 1, 0, 0, 1, 1, 0, 1, 1, 1], [1, 0, 0, 0, 0, 0, 0, 0, 1, 0, 0, 0, 0, 0, 1, 0, 0, 0, 1], [1, 0, 1, 0, 0, 0, 0, 0, 1, 1, 0, 1, 1, 0, 1, 1, 1, 1, 0], [0, 1, 0, 0, 0, 0, 0, 0, 0, 0, 1, 1, 1, 0, 0, 1, 0, 1, 0], [0, 1, 0, 1, 0, 0, 0, 0, 1, 0, 0, 0, 0, 1, 1, 0, 0, 0, 1], [1, 1, 0, 0, 1, 1, 0, 1, 0, 1, 1, 1, 0, 1, 0, 1, 1, 1, 1], [1, 0, 1, 0, 0, 1, 0, 0, 1, 0, 1, 1, 1, 0, 0, 0, 1, 0, 0], [0, 1, 1, 1, 0, 0, 1, 0, 1, 1, 0, 0, 1, 1, 0, 1, 0, 0, 1], [0, 0, 1, 0, 0, 1, 1, 0, 1, 1, 0, 0, 1, 0, 0, 1, 0, 1, 0], [1, 1, 0, 0, 0, 1, 1, 0, 0, 1, 1, 1, 0, 1, 0, 0, 1, 0, 0], [1, 0, 0, 1, 0, 0, 0, 1, 1, 0, 1, 0, 1, 0, 0, 0, 0, 1, 1], [1, 1, 1, 1, 1, 1, 0, 1, 0, 0, 0, 0, 0, 0, 0, 0, 0, 0, 1], [1, 0, 0, 0, 0, 1, 1, 0, 1, 0, 1, 1, 0, 0, 0, 0, 0, 1, 0], [0, 0, 0, 1, 0, 1, 0, 0, 1, 1, 0, 0, 1, 0, 0, 0, 0, 1, 0], [0, 0, 0, 1, 0, 1, 1, 0, 1, 0, 0, 1, 0, 1, 0, 1, 1, 0, 0], [1, 1, 0, 1, 1, 0, 0, 1, 1, 0, 1, 0, 0, 1, 1, 0, 0, 0, 0]]",14.0,4.0,Y,"{0: 18, 1: 22, 2: 26, 3: 30, 4: 34, 5: 38, 6: 42, 7: 46, 8: 50, 9: 54, 10: 58, 11: 62, 12: 66, 13: 70, 14: 74, 15: 78, 16: 82, 17: 86, 18: 14}","{(0, 3): 9, (0, 4): 1, (0, 5): 1, (0, 8): 1, (0, 9): 1, (0, 12): 1, (0, 13): 1, (0, 14): 1, (0, 15): 1, (0, 18): 1, (1, 3): 13, (1, 6): 3, (1, 7): 1, (1, 8): 1, (1, 10): 1, (1, 12): 1, (1, 14): 1, (1, 18): 1, (2, 3): 1, (2, 5): 21, (2, 9): 1, (2, 10): 1, (2, 11): 1, (2, 14): 1, (3, 7): 1, (3, 10): 1, (3, 13): 1, (3, 14): 1, (3, 16): 1, (3, 17): 1, (3, 18): 1, (4, 8): 18, (4, 14): 14, (4, 18): 1, (5, 8): 1, (5, 9): 1, (5, 11): 1, (5, 12): 1, (5, 14): 9, (5, 15): 1, (5, 16): 1, (5, 17): 1, (6, 10): 1, (6, 11): 1, (6, 12): 28, (6, 15): 1, (6, 17): 8, (7, 8): 1, (7, 13): 1, (7, 14): 41, (7, 18): 1, (8, 9): 1, (8, 10): 1, (8, 11): 1, (8, 13): 1, (8, 15): 1, (8, 16): 21, (8, 17): 1, (8, 18): 1, (9, 10): 1, (9, 11): 1, (9, 12): 1, (9, 16): 47, (10, 12): 31, (10, 13): 19, (10, 15): 1, (10, 18): 1, (11, 12): 1, (11, 15): 55, (11, 17): 1, (12, 13): 1, (12, 16): 1, (13, 17): 45, (13, 18): 1, (14, 18): 6, (15, 17): 18, (16, 17): 11}",3542.9000854492188,438.0,57.0,1237.0
29.0,Graph with 19 nodes and 79 edges,"[[0, 0, 1, 0, 1, 0, 0, 1, 0, 1, 1, 0, 0, 0, 0, 1, 0, 1, 0], [0, 0, 0, 0, 0, 0, 0, 0, 1, 0, 1, 0, 1, 0, 0, 0, 1, 0, 0], [1, 0, 0, 1, 0, 1, 1, 1, 1, 0, 0, 0, 0, 1, 1, 1, 1, 0, 1], [0, 0, 1, 0, 0, 1, 0, 0, 0, 0, 1, 0, 0, 1, 0, 1, 0, 1, 1], [1, 0, 0, 0, 0, 1, 0, 1, 1, 0, 1, 0, 0, 1, 0, 1, 1, 0, 1], [0, 0, 1, 1, 1, 0, 1, 0, 1, 1, 0, 1, 0, 1, 0, 0, 1, 0, 0], [0, 0, 1, 0, 0, 1, 0, 1, 0, 0, 1, 1, 1, 0, 1, 0, 0, 1, 0], [1, 0, 1, 0, 1, 0, 1, 0, 0, 1, 1, 0, 0, 1, 1, 0, 1, 0, 1], [0, 1, 1, 0, 1, 1, 0, 0, 0, 1, 1, 0, 1, 0, 1, 0, 1, 1, 0], [1, 0, 0, 0, 0, 1, 0, 1, 1, 0, 0, 1, 1, 0, 1, 1, 1, 0, 0], [1, 1, 0, 1, 1, 0, 1, 1, 1, 0, 0, 0, 0, 0, 0, 1, 1, 0, 1], [0, 0, 0, 0, 0, 1, 1, 0, 0, 1, 0, 0, 1, 0, 1, 1, 1, 1, 0], [0, 1, 0, 0, 0, 0, 1, 0, 1, 1, 0, 1, 0, 0, 0, 1, 0, 0, 0], [0, 0, 1, 1, 1, 1, 0, 1, 0, 0, 0, 0, 0, 0, 0, 1, 0, 1, 0], [0, 0, 1, 0, 0, 0, 1, 1, 1, 1, 0, 1, 0, 0, 0, 1, 1, 0, 0], [1, 0, 1, 1, 1, 0, 0, 0, 0, 1, 1, 1, 1, 1, 1, 0, 0, 0, 1], [0, 1, 1, 0, 1, 1, 0, 1, 1, 1, 1, 1, 0, 0, 1, 0, 0, 0, 1], [1, 0, 0, 1, 0, 0, 1, 0, 1, 0, 0, 1, 0, 1, 0, 0, 0, 0, 0], [0, 0, 1, 1, 1, 0, 0, 1, 0, 0, 1, 0, 0, 0, 0, 1, 1, 0, 0]]",26.0,6.0,Y,"{0: 134, 1: 128, 2: 122, 3: 116, 4: 110, 5: 104, 6: 98, 7: 92, 8: 86, 9: 80, 10: 74, 11: 68, 12: 62, 13: 56, 14: 50, 15: 44, 16: 38, 17: 32, 18: 26}","{(0, 2): 112, (0, 4): 1, (0, 7): 1, (0, 9): 1, (0, 10): 1, (0, 15): 1, (0, 17): 17, (1, 8): 1, (1, 10): 42, (1, 12): 57, (1, 16): 28, (2, 3): 1, (2, 5): 1, (2, 6): 1, (2, 7): 1, (2, 8): 1, (2, 13): 1, (2, 14): 1, (2, 15): 1, (2, 16): 1, (2, 18): 1, (3, 5): 1, (3, 10): 1, (3, 13): 48, (3, 15): 34, (3, 17): 11, (3, 18): 20, (4, 5): 1, (4, 7): 1, (4, 8): 77, (4, 10): 24, (4, 13): 3, (4, 15): 1, (4, 16): 1, (4, 18): 1, (5, 6): 1, (5, 8): 1, (5, 9): 37, (5, 11): 60, (5, 13): 1, (5, 16): 1, (6, 7): 48, (6, 10): 1, (6, 11): 2, (6, 12): 1, (6, 14): 43, (6, 17): 1, (7, 9): 36, (7, 10): 1, (7, 13): 1, (7, 14): 1, (7, 16): 1, (7, 18): 1, (8, 9): 1, (8, 10): 1, (8, 12): 1, (8, 14): 1, (8, 16): 1, (8, 17): 1, (9, 11): 1, (9, 12): 1, (9, 14): 1, (9, 15): 1, (9, 16): 1, (10, 15): 1, (10, 16): 1, (10, 18): 1, (11, 12): 1, (11, 14): 1, (11, 15): 1, (11, 16): 1, (11, 17): 1, (12, 15): 1, (13, 15): 1, (13, 17): 1, (14, 15): 1, (14, 16): 1, (15, 18): 1, (16, 18): 1}",2588.033676147461,440.0,57.0,1241.0
31.0,Graph with 19 nodes and 88 edges,"[[0, 0, 1, 1, 0, 0, 1, 0, 1, 1, 0, 1, 0, 1, 0, 1, 1, 1, 1], [0, 0, 1, 1, 1, 0, 0, 1, 0, 1, 1, 1, 0, 0, 0, 0, 1, 0, 1], [1, 1, 0, 1, 0, 0, 1, 1, 0, 0, 1, 0, 0, 1, 1, 0, 0, 1, 0], [1, 1, 1, 0, 1, 0, 0, 0, 1, 1, 0, 0, 1, 0, 0, 1, 0, 0, 1], [0, 1, 0, 1, 0, 0, 1, 1, 1, 0, 1, 1, 1, 0, 1, 0, 0, 0, 0], [0, 0, 0, 0, 0, 0, 1, 1, 1, 1, 0, 1, 1, 0, 0, 0, 1, 1, 0], [1, 0, 1, 0, 1, 1, 0, 0, 1, 0, 0, 1, 1, 0, 1, 0, 1, 0, 1], [0, 1, 1, 0, 1, 1, 0, 0, 1, 1, 0, 1, 0, 0, 0, 0, 1, 1, 0], [1, 0, 0, 1, 1, 1, 1, 1, 0, 1, 0, 0, 1, 1, 1, 1, 0, 0, 1], [1, 1, 0, 1, 0, 1, 0, 1, 1, 0, 1, 1, 1, 1, 1, 1, 1, 0, 1], [0, 1, 1, 0, 1, 0, 0, 0, 0, 1, 0, 0, 0, 0, 0, 0, 1, 1, 0], [1, 1, 0, 0, 1, 1, 1, 1, 0, 1, 0, 0, 0, 0, 0, 1, 0, 0, 0], [0, 0, 0, 1, 1, 1, 1, 0, 1, 1, 0, 0, 0, 0, 1, 1, 1, 1, 1], [1, 0, 1, 0, 0, 0, 0, 0, 1, 1, 0, 0, 0, 0, 0, 0, 0, 1, 1], [0, 0, 1, 0, 1, 0, 1, 0, 1, 1, 0, 0, 1, 0, 0, 1, 1, 0, 1], [1, 0, 0, 1, 0, 0, 0, 0, 1, 1, 0, 1, 1, 0, 1, 0, 0, 0, 1], [1, 1, 0, 0, 0, 1, 1, 1, 0, 1, 1, 0, 1, 0, 1, 0, 0, 1, 0], [1, 0, 1, 0, 0, 1, 0, 1, 0, 0, 1, 0, 1, 1, 0, 0, 1, 0, 0], [1, 1, 0, 1, 0, 0, 1, 0, 1, 1, 0, 0, 1, 1, 1, 1, 0, 0, 0]]",7.0,5.0,Y,"{0: 97, 1: 92, 2: 87, 3: 82, 4: 77, 5: 72, 6: 67, 7: 62, 8: 57, 9: 52, 10: 7, 11: 47, 12: 42, 13: 37, 14: 32, 15: 27, 16: 22, 17: 17, 18: 12}","{(0, 2): 79, (0, 3): 1, (0, 6): 1, (0, 8): 1, (0, 9): 9, (0, 11): 1, (0, 13): 1, (0, 15): 1, (0, 16): 1, (0, 17): 1, (0, 18): 1, (1, 2): 1, (1, 3): 1, (1, 4): 1, (1, 7): 1, (1, 9): 31, (1, 10): 1, (1, 11): 40, (1, 16): 13, (1, 18): 3, (2, 3): 1, (2, 6): 1, (2, 7): 1, (2, 10): 1, (2, 13): 1, (2, 14): 1, (2, 17): 1, (3, 4): 1, (3, 8): 24, (3, 9): 1, (3, 12): 32, (3, 15): 20, (3, 18): 1, (4, 6): 1, (4, 7): 46, (4, 8): 1, (4, 10): 2, (4, 11): 1, (4, 12): 1, (4, 14): 23, (5, 6): 57, (5, 7): 9, (5, 8): 1, (5, 9): 1, (5, 11): 1, (5, 12): 1, (5, 16): 1, (5, 17): 1, (6, 8): 1, (6, 11): 1, (6, 12): 1, (6, 14): 2, (6, 16): 1, (6, 18): 1, (7, 8): 1, (7, 9): 1, (7, 11): 1, (7, 16): 1, (7, 17): 1, (8, 9): 1, (8, 12): 1, (8, 13): 23, (8, 14): 1, (8, 15): 1, (8, 18): 1, (9, 10): 1, (9, 11): 1, (9, 12): 1, (9, 13): 1, (9, 14): 1, (9, 15): 1, (9, 16): 1, (9, 18): 1, (10, 16): 1, (10, 17): 1, (11, 15): 1, (12, 14): 1, (12, 15): 1, (12, 16): 1, (12, 17): 1, (12, 18): 1, (13, 17): 10, (13, 18): 1, (14, 15): 1, (14, 16): 1, (14, 18): 1, (15, 18): 1, (16, 17): 1}",1960.9928131103516,449.0,57.0,1259.0
31.0,Graph with 19 nodes and 88 edges,"[[0, 0, 1, 1, 0, 0, 1, 0, 1, 1, 0, 1, 0, 1, 0, 1, 1, 1, 1], [0, 0, 1, 1, 1, 0, 0, 1, 0, 1, 1, 1, 0, 0, 0, 0, 1, 0, 1], [1, 1, 0, 1, 0, 0, 1, 1, 0, 0, 1, 0, 0, 1, 1, 0, 0, 1, 0], [1, 1, 1, 0, 1, 0, 0, 0, 1, 1, 0, 0, 1, 0, 0, 1, 0, 0, 1], [0, 1, 0, 1, 0, 0, 1, 1, 1, 0, 1, 1, 1, 0, 1, 0, 0, 0, 0], [0, 0, 0, 0, 0, 0, 1, 1, 1, 1, 0, 1, 1, 0, 0, 0, 1, 1, 0], [1, 0, 1, 0, 1, 1, 0, 0, 1, 0, 0, 1, 1, 0, 1, 0, 1, 0, 1], [0, 1, 1, 0, 1, 1, 0, 0, 1, 1, 0, 1, 0, 0, 0, 0, 1, 1, 0], [1, 0, 0, 1, 1, 1, 1, 1, 0, 1, 0, 0, 1, 1, 1, 1, 0, 0, 1], [1, 1, 0, 1, 0, 1, 0, 1, 1, 0, 1, 1, 1, 1, 1, 1, 1, 0, 1], [0, 1, 1, 0, 1, 0, 0, 0, 0, 1, 0, 0, 0, 0, 0, 0, 1, 1, 0], [1, 1, 0, 0, 1, 1, 1, 1, 0, 1, 0, 0, 0, 0, 0, 1, 0, 0, 0], [0, 0, 0, 1, 1, 1, 1, 0, 1, 1, 0, 0, 0, 0, 1, 1, 1, 1, 1], [1, 0, 1, 0, 0, 0, 0, 0, 1, 1, 0, 0, 0, 0, 0, 0, 0, 1, 1], [0, 0, 1, 0, 1, 0, 1, 0, 1, 1, 0, 0, 1, 0, 0, 1, 1, 0, 1], [1, 0, 0, 1, 0, 0, 0, 0, 1, 1, 0, 1, 1, 0, 1, 0, 0, 0, 1], [1, 1, 0, 0, 0, 1, 1, 1, 0, 1, 1, 0, 1, 0, 1, 0, 0, 1, 0], [1, 0, 1, 0, 0, 1, 0, 1, 0, 0, 1, 0, 1, 1, 0, 0, 1, 0, 0], [1, 1, 0, 1, 0, 0, 1, 0, 1, 1, 0, 0, 1, 1, 1, 1, 0, 0, 0]]",18.0,8.0,Y,"{0: 26, 1: 34, 2: 42, 3: 50, 4: 58, 5: 66, 6: 74, 7: 82, 8: 90, 9: 98, 10: 106, 11: 114, 12: 122, 13: 130, 14: 138, 15: 146, 16: 154, 17: 162, 18: 18}","{(0, 2): 16, (0, 3): 1, (0, 6): 1, (0, 8): 1, (0, 9): 1, (0, 11): 1, (0, 13): 1, (0, 15): 1, (0, 16): 1, (0, 17): 1, (0, 18): 1, (1, 2): 19, (1, 3): 8, (1, 4): 1, (1, 7): 1, (1, 9): 1, (1, 10): 1, (1, 11): 1, (1, 16): 1, (1, 18): 1, (2, 3): 1, (2, 6): 1, (2, 7): 1, (2, 10): 1, (2, 13): 1, (2, 14): 1, (2, 17): 1, (3, 4): 35, (3, 8): 1, (3, 9): 1, (3, 12): 1, (3, 15): 1, (3, 18): 1, (4, 6): 16, (4, 7): 1, (4, 8): 1, (4, 10): 1, (4, 11): 1, (4, 12): 1, (4, 14): 1, (5, 6): 50, (5, 7): 1, (5, 8): 1, (5, 9): 1, (5, 11): 10, (5, 12): 1, (5, 16): 1, (5, 17): 1, (6, 8): 1, (6, 11): 1, (6, 12): 1, (6, 14): 1, (6, 16): 1, (6, 18): 1, (7, 8): 1, (7, 9): 1, (7, 11): 14, (7, 16): 1, (7, 17): 61, (8, 9): 1, (8, 12): 1, (8, 13): 79, (8, 14): 1, (8, 15): 1, (8, 18): 1, (9, 10): 1, (9, 11): 85, (9, 12): 1, (9, 13): 1, (9, 14): 1, (9, 15): 1, (9, 16): 1, (9, 18): 1, (10, 16): 45, (10, 17): 57, (11, 15): 1, (12, 14): 2, (12, 15): 11, (12, 16): 101, (12, 17): 1, (12, 18): 1, (13, 17): 39, (13, 18): 9, (14, 15): 129, (14, 16): 1, (14, 18): 1, (15, 18): 1, (16, 17): 1}",4432.916641235352,449.0,57.0,1259.0
31.0,Graph with 19 nodes and 88 edges,"[[0, 0, 1, 1, 0, 0, 1, 0, 1, 1, 0, 1, 0, 1, 0, 1, 1, 1, 1], [0, 0, 1, 1, 1, 0, 0, 1, 0, 1, 1, 1, 0, 0, 0, 0, 1, 0, 1], [1, 1, 0, 1, 0, 0, 1, 1, 0, 0, 1, 0, 0, 1, 1, 0, 0, 1, 0], [1, 1, 1, 0, 1, 0, 0, 0, 1, 1, 0, 0, 1, 0, 0, 1, 0, 0, 1], [0, 1, 0, 1, 0, 0, 1, 1, 1, 0, 1, 1, 1, 0, 1, 0, 0, 0, 0], [0, 0, 0, 0, 0, 0, 1, 1, 1, 1, 0, 1, 1, 0, 0, 0, 1, 1, 0], [1, 0, 1, 0, 1, 1, 0, 0, 1, 0, 0, 1, 1, 0, 1, 0, 1, 0, 1], [0, 1, 1, 0, 1, 1, 0, 0, 1, 1, 0, 1, 0, 0, 0, 0, 1, 1, 0], [1, 0, 0, 1, 1, 1, 1, 1, 0, 1, 0, 0, 1, 1, 1, 1, 0, 0, 1], [1, 1, 0, 1, 0, 1, 0, 1, 1, 0, 1, 1, 1, 1, 1, 1, 1, 0, 1], [0, 1, 1, 0, 1, 0, 0, 0, 0, 1, 0, 0, 0, 0, 0, 0, 1, 1, 0], [1, 1, 0, 0, 1, 1, 1, 1, 0, 1, 0, 0, 0, 0, 0, 1, 0, 0, 0], [0, 0, 0, 1, 1, 1, 1, 0, 1, 1, 0, 0, 0, 0, 1, 1, 1, 1, 1], [1, 0, 1, 0, 0, 0, 0, 0, 1, 1, 0, 0, 0, 0, 0, 0, 0, 1, 1], [0, 0, 1, 0, 1, 0, 1, 0, 1, 1, 0, 0, 1, 0, 0, 1, 1, 0, 1], [1, 0, 0, 1, 0, 0, 0, 0, 1, 1, 0, 1, 1, 0, 1, 0, 0, 0, 1], [1, 1, 0, 0, 0, 1, 1, 1, 0, 1, 1, 0, 1, 0, 1, 0, 0, 1, 0], [1, 0, 1, 0, 0, 1, 0, 1, 0, 0, 1, 0, 1, 1, 0, 0, 1, 0, 0], [1, 1, 0, 1, 0, 0, 1, 0, 1, 1, 0, 0, 1, 1, 1, 1, 0, 0, 0]]",22.0,4.0,Y,"{0: 26, 1: 30, 2: 34, 3: 38, 4: 42, 5: 46, 6: 50, 7: 54, 8: 58, 9: 62, 10: 66, 11: 70, 12: 74, 13: 78, 14: 82, 15: 86, 16: 90, 17: 94, 18: 22}","{(0, 2): 16, (0, 3): 1, (0, 6): 1, (0, 8): 1, (0, 9): 1, (0, 11): 1, (0, 13): 1, (0, 15): 1, (0, 16): 1, (0, 17): 1, (0, 18): 1, (1, 2): 11, (1, 3): 12, (1, 4): 1, (1, 7): 1, (1, 9): 1, (1, 10): 1, (1, 11): 1, (1, 16): 1, (1, 18): 1, (2, 3): 1, (2, 6): 1, (2, 7): 1, (2, 10): 1, (2, 13): 1, (2, 14): 1, (2, 17): 1, (3, 4): 19, (3, 8): 1, (3, 9): 1, (3, 12): 1, (3, 15): 1, (3, 18): 1, (4, 6): 16, (4, 7): 1, (4, 8): 1, (4, 10): 1, (4, 11): 1, (4, 12): 1, (4, 14): 1, (5, 6): 26, (5, 7): 1, (5, 8): 1, (5, 9): 2, (5, 11): 7, (5, 12): 5, (5, 16): 1, (5, 17): 3, (6, 8): 1, (6, 11): 1, (6, 12): 1, (6, 14): 1, (6, 16): 1, (6, 18): 1, (7, 8): 9, (7, 9): 1, (7, 11): 36, (7, 16): 1, (7, 17): 3, (8, 9): 20, (8, 12): 4, (8, 13): 5, (8, 14): 5, (8, 15): 7, (8, 18): 3, (9, 10): 3, (9, 11): 9, (9, 12): 8, (9, 13): 5, (9, 14): 7, (9, 15): 1, (9, 16): 2, (9, 18): 1, (10, 16): 47, (10, 17): 13, (11, 15): 14, (12, 14): 5, (12, 15): 17, (12, 16): 20, (12, 17): 5, (12, 18): 7, (13, 17): 65, (13, 18): 1, (14, 15): 44, (14, 16): 13, (14, 18): 5, (15, 18): 1, (16, 17): 3}",2815.0081634521484,449.0,57.0,1259.0
33.0,Graph with 19 nodes and 89 edges,"[[0, 0, 0, 1, 1, 1, 0, 0, 1, 1, 1, 1, 0, 0, 0, 1, 1, 1, 0], [0, 0, 0, 1, 1, 0, 0, 1, 1, 1, 1, 0, 0, 1, 0, 1, 1, 0, 1], [0, 0, 0, 1, 0, 1, 0, 0, 1, 1, 0, 1, 1, 0, 0, 1, 0, 0, 1], [1, 1, 1, 0, 0, 1, 0, 0, 1, 1, 0, 0, 0, 0, 1, 0, 1, 0, 1], [1, 1, 0, 0, 0, 0, 0, 1, 0, 1, 1, 1, 1, 1, 0, 0, 1, 0, 0], [1, 0, 1, 1, 0, 0, 1, 0, 0, 1, 1, 0, 0, 1, 1, 1, 1, 1, 1], [0, 0, 0, 0, 0, 1, 0, 0, 1, 0, 0, 0, 0, 0, 1, 0, 1, 0, 0], [0, 1, 0, 0, 1, 0, 0, 0, 0, 0, 1, 0, 0, 1, 0, 0, 1, 1, 1], [1, 1, 1, 1, 0, 0, 1, 0, 0, 0, 0, 1, 1, 0, 0, 1, 1, 1, 0], [1, 1, 1, 1, 1, 1, 0, 0, 0, 0, 0, 0, 1, 1, 1, 1, 0, 1, 1], [1, 1, 0, 0, 1, 1, 0, 1, 0, 0, 0, 1, 0, 0, 1, 1, 1, 1, 0], [1, 0, 1, 0, 1, 0, 0, 0, 1, 0, 1, 0, 0, 0, 0, 1, 0, 1, 1], [0, 0, 1, 0, 1, 0, 0, 0, 1, 1, 0, 0, 0, 1, 1, 1, 1, 0, 1], [0, 1, 0, 0, 1, 1, 0, 1, 0, 1, 0, 0, 1, 0, 0, 0, 1, 0, 0], [0, 0, 0, 1, 0, 1, 1, 0, 0, 1, 1, 0, 1, 0, 0, 1, 0, 1, 1], [1, 1, 1, 0, 0, 1, 0, 0, 1, 1, 1, 1, 1, 0, 1, 0, 1, 0, 1], [1, 1, 0, 1, 1, 1, 1, 1, 1, 0, 1, 0, 1, 1, 0, 1, 0, 0, 0], [1, 0, 0, 0, 0, 1, 0, 1, 1, 1, 1, 1, 0, 0, 1, 0, 0, 0, 1], [0, 1, 1, 1, 0, 1, 0, 1, 0, 1, 0, 1, 1, 0, 1, 1, 0, 1, 0]]",18.0,2.0,Y,"{0: 18, 1: 54, 2: 52, 3: 50, 4: 48, 5: 46, 6: 44, 7: 42, 8: 40, 9: 38, 10: 36, 11: 34, 12: 32, 13: 30, 14: 28, 15: 26, 16: 24, 17: 22, 18: 20}","{(0, 3): 1, (0, 4): 1, (0, 5): 1, (0, 8): 1, (0, 9): 9, (0, 10): 1, (0, 11): 1, (0, 15): 1, (0, 16): 1, (0, 17): 1, (1, 3): 1, (1, 4): 1, (1, 7): 1, (1, 8): 1, (1, 9): 19, (1, 10): 1, (1, 13): 1, (1, 15): 6, (1, 16): 13, (1, 18): 10, (2, 3): 1, (2, 5): 1, (2, 8): 1, (2, 9): 1, (2, 11): 13, (2, 12): 24, (2, 15): 10, (2, 18): 1, (3, 5): 1, (3, 8): 23, (3, 9): 1, (3, 14): 20, (3, 16): 1, (3, 18): 1, (4, 7): 1, (4, 9): 1, (4, 10): 3, (4, 11): 15, (4, 12): 1, (4, 13): 24, (4, 16): 1, (5, 6): 33, (5, 9): 1, (5, 10): 1, (5, 13): 1, (5, 14): 1, (5, 15): 1, (5, 16): 1, (5, 17): 3, (5, 18): 1, (6, 8): 9, (6, 14): 1, (6, 16): 1, (7, 10): 25, (7, 13): 1, (7, 16): 1, (7, 17): 12, (7, 18): 1, (8, 11): 1, (8, 12): 1, (8, 15): 1, (8, 16): 1, (8, 17): 1, (9, 12): 1, (9, 13): 1, (9, 14): 1, (9, 15): 1, (9, 17): 1, (9, 18): 1, (10, 11): 1, (10, 14): 1, (10, 15): 1, (10, 16): 1, (10, 17): 1, (11, 15): 1, (11, 17): 1, (11, 18): 1, (12, 13): 1, (12, 14): 1, (12, 15): 1, (12, 16): 1, (12, 18): 1, (13, 16): 1, (14, 15): 1, (14, 17): 1, (14, 18): 1, (15, 16): 1, (15, 18): 1, (17, 18): 1}",1693.9640045166016,450.0,57.0,1261.0
33.0,Graph with 19 nodes and 89 edges,"[[0, 0, 0, 1, 1, 1, 0, 0, 1, 1, 1, 1, 0, 0, 0, 1, 1, 1, 0], [0, 0, 0, 1, 1, 0, 0, 1, 1, 1, 1, 0, 0, 1, 0, 1, 1, 0, 1], [0, 0, 0, 1, 0, 1, 0, 0, 1, 1, 0, 1, 1, 0, 0, 1, 0, 0, 1], [1, 1, 1, 0, 0, 1, 0, 0, 1, 1, 0, 0, 0, 0, 1, 0, 1, 0, 1], [1, 1, 0, 0, 0, 0, 0, 1, 0, 1, 1, 1, 1, 1, 0, 0, 1, 0, 0], [1, 0, 1, 1, 0, 0, 1, 0, 0, 1, 1, 0, 0, 1, 1, 1, 1, 1, 1], [0, 0, 0, 0, 0, 1, 0, 0, 1, 0, 0, 0, 0, 0, 1, 0, 1, 0, 0], [0, 1, 0, 0, 1, 0, 0, 0, 0, 0, 1, 0, 0, 1, 0, 0, 1, 1, 1], [1, 1, 1, 1, 0, 0, 1, 0, 0, 0, 0, 1, 1, 0, 0, 1, 1, 1, 0], [1, 1, 1, 1, 1, 1, 0, 0, 0, 0, 0, 0, 1, 1, 1, 1, 0, 1, 1], [1, 1, 0, 0, 1, 1, 0, 1, 0, 0, 0, 1, 0, 0, 1, 1, 1, 1, 0], [1, 0, 1, 0, 1, 0, 0, 0, 1, 0, 1, 0, 0, 0, 0, 1, 0, 1, 1], [0, 0, 1, 0, 1, 0, 0, 0, 1, 1, 0, 0, 0, 1, 1, 1, 1, 0, 1], [0, 1, 0, 0, 1, 1, 0, 1, 0, 1, 0, 0, 1, 0, 0, 0, 1, 0, 0], [0, 0, 0, 1, 0, 1, 1, 0, 0, 1, 1, 0, 1, 0, 0, 1, 0, 1, 1], [1, 1, 1, 0, 0, 1, 0, 0, 1, 1, 1, 1, 1, 0, 1, 0, 1, 0, 1], [1, 1, 0, 1, 1, 1, 1, 1, 1, 0, 1, 0, 1, 1, 0, 1, 0, 0, 0], [1, 0, 0, 0, 0, 1, 0, 1, 1, 1, 1, 1, 0, 0, 1, 0, 0, 0, 1], [0, 1, 1, 1, 0, 1, 0, 1, 0, 1, 0, 1, 1, 0, 1, 1, 0, 1, 0]]",28.0,6.0,Y,"{0: 34, 1: 40, 2: 46, 3: 52, 4: 58, 5: 64, 6: 70, 7: 76, 8: 82, 9: 88, 10: 94, 11: 100, 12: 106, 13: 112, 14: 118, 15: 124, 16: 130, 17: 136, 18: 28}","{(0, 3): 25, (0, 4): 1, (0, 5): 1, (0, 8): 1, (0, 9): 1, (0, 10): 1, (0, 11): 1, (0, 15): 1, (0, 16): 1, (0, 17): 1, (1, 3): 20, (1, 4): 12, (1, 7): 1, (1, 8): 1, (1, 9): 1, (1, 10): 1, (1, 13): 1, (1, 15): 1, (1, 16): 1, (1, 18): 1, (2, 3): 1, (2, 5): 39, (2, 8): 1, (2, 9): 1, (2, 11): 1, (2, 12): 1, (2, 15): 1, (2, 18): 1, (3, 5): 1, (3, 8): 1, (3, 9): 1, (3, 14): 1, (3, 16): 1, (3, 18): 1, (4, 7): 39, (4, 9): 1, (4, 10): 1, (4, 11): 1, (4, 12): 1, (4, 13): 1, (4, 16): 1, (5, 6): 15, (5, 9): 1, (5, 10): 1, (5, 13): 1, (5, 14): 1, (5, 15): 1, (5, 16): 1, (5, 17): 1, (5, 18): 1, (6, 8): 1, (6, 14): 49, (6, 16): 5, (7, 10): 1, (7, 13): 32, (7, 16): 1, (7, 17): 1, (7, 18): 1, (8, 11): 3, (8, 12): 41, (8, 15): 1, (8, 16): 31, (8, 17): 1, (9, 12): 1, (9, 13): 9, (9, 14): 32, (9, 15): 23, (9, 17): 1, (9, 18): 16, (10, 11): 1, (10, 14): 31, (10, 15): 1, (10, 16): 1, (10, 17): 55, (11, 15): 16, (11, 17): 74, (11, 18): 3, (12, 13): 1, (12, 14): 1, (12, 15): 58, (12, 16): 1, (12, 18): 1, (13, 16): 67, (14, 15): 1, (14, 17): 1, (14, 18): 1, (15, 16): 19, (15, 18): 1, (17, 18): 1}",2966.165542602539,450.0,57.0,1261.0
34.0,Graph with 19 nodes and 78 edges,"[[0, 0, 0, 0, 0, 1, 0, 0, 1, 0, 0, 0, 0, 0, 1, 0, 0, 0, 0], [0, 0, 1, 0, 1, 1, 0, 0, 0, 1, 0, 1, 1, 1, 0, 0, 0, 1, 0], [0, 1, 0, 0, 0, 0, 1, 1, 1, 0, 0, 0, 0, 0, 1, 1, 1, 0, 1], [0, 0, 0, 0, 1, 1, 1, 0, 0, 0, 1, 1, 0, 1, 1, 0, 0, 0, 0], [0, 1, 0, 1, 0, 1, 0, 0, 0, 1, 0, 0, 0, 1, 0, 0, 1, 0, 1], [1, 1, 0, 1, 1, 0, 1, 1, 1, 1, 0, 0, 0, 1, 0, 0, 1, 0, 1], [0, 0, 1, 1, 0, 1, 0, 1, 1, 0, 0, 0, 0, 1, 1, 1, 0, 0, 0], [0, 0, 1, 0, 0, 1, 1, 0, 0, 0, 1, 0, 0, 0, 1, 1, 1, 1, 1], [1, 0, 1, 0, 0, 1, 1, 0, 0, 1, 0, 1, 1, 0, 1, 0, 0, 0, 0], [0, 1, 0, 0, 1, 1, 0, 0, 1, 0, 0, 0, 0, 1, 1, 1, 0, 1, 1], [0, 0, 0, 1, 0, 0, 0, 1, 0, 0, 0, 1, 1, 0, 1, 1, 1, 0, 1], [0, 1, 0, 1, 0, 0, 0, 0, 1, 0, 1, 0, 1, 0, 0, 1, 0, 1, 1], [0, 1, 0, 0, 0, 0, 0, 0, 1, 0, 1, 1, 0, 0, 1, 0, 1, 1, 1], [0, 1, 0, 1, 1, 1, 1, 0, 0, 1, 0, 0, 0, 0, 0, 0, 1, 1, 0], [1, 0, 1, 1, 0, 0, 1, 1, 1, 1, 1, 0, 1, 0, 0, 0, 0, 1, 0], [0, 0, 1, 0, 0, 0, 1, 1, 0, 1, 1, 1, 0, 0, 0, 0, 0, 1, 1], [0, 0, 1, 0, 1, 1, 0, 1, 0, 0, 1, 0, 1, 1, 0, 0, 0, 0, 1], [0, 1, 0, 0, 0, 0, 0, 1, 0, 1, 0, 1, 1, 1, 1, 1, 0, 0, 1], [0, 0, 1, 0, 1, 1, 0, 1, 0, 1, 1, 1, 1, 0, 0, 1, 1, 1, 0]]",29.0,9.0,Y,"{0: 173, 1: 83, 2: 92, 3: 191, 4: 29, 5: 182, 6: 137, 7: 110, 8: 155, 9: 74, 10: 146, 11: 119, 12: 164, 13: 101, 14: 47, 15: 38, 16: 65, 17: 56, 18: 128}","{(0, 5): 171, (0, 8): 1, (0, 14): 1, (1, 2): 1, (1, 4): 1, (1, 5): 1, (1, 9): 1, (1, 11): 1, (1, 12): 76, (1, 13): 1, (1, 17): 1, (2, 6): 31, (2, 7): 1, (2, 8): 55, (2, 14): 1, (2, 15): 1, (2, 16): 1, (2, 18): 1, (3, 4): 1, (3, 5): 2, (3, 6): 100, (3, 10): 85, (3, 11): 1, (3, 13): 1, (3, 14): 1, (4, 5): 1, (4, 9): 1, (4, 13): 23, (4, 16): 1, (4, 18): 1, (5, 6): 1, (5, 7): 1, (5, 8): 1, (5, 9): 1, (5, 13): 1, (5, 16): 1, (5, 18): 1, (6, 7): 1, (6, 8): 1, (6, 13): 1, (6, 14): 1, (6, 15): 1, (7, 10): 55, (7, 14): 1, (7, 15): 1, (7, 16): 1, (7, 17): 48, (7, 18): 1, (8, 9): 1, (8, 11): 1, (8, 12): 57, (8, 14): 38, (9, 13): 66, (9, 14): 1, (9, 15): 1, (9, 17): 1, (9, 18): 1, (10, 11): 1, (10, 12): 1, (10, 14): 1, (10, 15): 1, (10, 16): 1, (10, 18): 1, (11, 12): 21, (11, 15): 31, (11, 17): 1, (11, 18): 62, (12, 14): 1, (12, 16): 1, (12, 17): 1, (12, 18): 6, (13, 16): 7, (13, 17): 1, (14, 17): 1, (15, 17): 1, (15, 18): 1, (16, 18): 52, (17, 18): 1}",3038.8832092285156,439.0,57.0,1239.0
35.0,Graph with 19 nodes and 86 edges,"[[0, 1, 0, 1, 1, 0, 0, 1, 1, 1, 1, 0, 0, 0, 0, 0, 1, 1, 0], [1, 0, 0, 0, 0, 1, 0, 0, 0, 1, 1, 0, 0, 0, 0, 0, 1, 0, 1], [0, 0, 0, 1, 1, 1, 1, 1, 1, 0, 0, 0, 0, 1, 0, 1, 0, 1, 0], [1, 0, 1, 0, 1, 0, 1, 1, 0, 0, 0, 0, 0, 0, 0, 0, 1, 1, 0], [1, 0, 1, 1, 0, 0, 0, 1, 1, 1, 1, 0, 1, 0, 1, 0, 1, 1, 0], [0, 1, 1, 0, 0, 0, 1, 1, 1, 0, 0, 0, 1, 1, 1, 1, 0, 1, 1], [0, 0, 1, 1, 0, 1, 0, 1, 1, 0, 1, 0, 0, 0, 1, 1, 1, 0, 1], [1, 0, 1, 1, 1, 1, 1, 0, 0, 1, 1, 0, 0, 1, 0, 1, 1, 0, 1], [1, 0, 1, 0, 1, 1, 1, 0, 0, 0, 1, 0, 1, 0, 0, 0, 1, 1, 0], [1, 1, 0, 0, 1, 0, 0, 1, 0, 0, 0, 0, 1, 0, 1, 1, 0, 0, 1], [1, 1, 0, 0, 1, 0, 1, 1, 1, 0, 0, 1, 1, 1, 1, 0, 0, 0, 1], [0, 0, 0, 0, 0, 0, 0, 0, 0, 0, 1, 0, 0, 1, 1, 1, 1, 0, 0], [0, 0, 0, 0, 1, 1, 0, 0, 1, 1, 1, 0, 0, 0, 1, 1, 0, 1, 1], [0, 0, 1, 0, 0, 1, 0, 1, 0, 0, 1, 1, 0, 0, 0, 0, 0, 0, 1], [0, 0, 0, 0, 1, 1, 1, 0, 0, 1, 1, 1, 1, 0, 0, 0, 1, 1, 0], [0, 0, 1, 0, 0, 1, 1, 1, 0, 1, 0, 1, 1, 0, 0, 0, 1, 0, 1], [1, 1, 0, 1, 1, 0, 1, 1, 1, 0, 0, 1, 0, 0, 1, 1, 0, 1, 0], [1, 0, 1, 1, 1, 1, 0, 0, 1, 0, 0, 0, 1, 0, 1, 0, 1, 0, 1], [0, 1, 0, 0, 0, 1, 1, 1, 0, 1, 1, 0, 1, 1, 0, 1, 0, 1, 0]]",17.0,7.0,Y,"{0: 24, 1: 31, 2: 38, 3: 45, 4: 52, 5: 59, 6: 66, 7: 73, 8: 80, 9: 87, 10: 94, 11: 101, 12: 108, 13: 115, 14: 122, 15: 129, 16: 136, 17: 143, 18: 17}","{(0, 1): 16, (0, 3): 1, (0, 4): 1, (0, 7): 1, (0, 8): 1, (0, 9): 1, (0, 10): 1, (0, 16): 1, (0, 17): 1, (1, 5): 11, (1, 9): 1, (1, 10): 1, (1, 16): 1, (1, 18): 1, (2, 3): 30, (2, 4): 1, (2, 5): 1, (2, 6): 1, (2, 7): 1, (2, 8): 1, (2, 13): 1, (2, 15): 1, (2, 17): 1, (3, 4): 10, (3, 6): 1, (3, 7): 1, (3, 16): 1, (3, 17): 1, (4, 7): 33, (4, 8): 1, (4, 9): 1, (4, 10): 1, (4, 12): 1, (4, 14): 1, (4, 16): 1, (4, 17): 1, (5, 6): 39, (5, 7): 1, (5, 8): 1, (5, 12): 1, (5, 13): 1, (5, 14): 1, (5, 15): 1, (5, 17): 1, (5, 18): 1, (6, 7): 1, (6, 8): 17, (6, 10): 2, (6, 14): 1, (6, 15): 1, (6, 16): 2, (6, 18): 1, (7, 9): 2, (7, 10): 1, (7, 13): 25, (7, 15): 5, (7, 16): 1, (7, 18): 1, (8, 10): 1, (8, 12): 3, (8, 16): 1, (8, 17): 54, (9, 12): 5, (9, 14): 9, (9, 15): 67, (9, 18): 1, (10, 11): 1, (10, 12): 1, (10, 13): 83, (10, 14): 1, (10, 18): 1, (11, 13): 1, (11, 14): 45, (11, 15): 2, (11, 16): 52, (12, 14): 52, (12, 15): 42, (12, 17): 2, (12, 18): 1, (13, 18): 4, (14, 16): 1, (14, 17): 11, (15, 16): 9, (15, 18): 1, (16, 17): 66, (17, 18): 5}",3126.1444091796875,447.0,57.0,1255.0
35.0,Graph with 19 nodes and 86 edges,"[[0, 1, 0, 1, 1, 0, 0, 1, 1, 1, 1, 0, 0, 0, 0, 0, 1, 1, 0], [1, 0, 0, 0, 0, 1, 0, 0, 0, 1, 1, 0, 0, 0, 0, 0, 1, 0, 1], [0, 0, 0, 1, 1, 1, 1, 1, 1, 0, 0, 0, 0, 1, 0, 1, 0, 1, 0], [1, 0, 1, 0, 1, 0, 1, 1, 0, 0, 0, 0, 0, 0, 0, 0, 1, 1, 0], [1, 0, 1, 1, 0, 0, 0, 1, 1, 1, 1, 0, 1, 0, 1, 0, 1, 1, 0], [0, 1, 1, 0, 0, 0, 1, 1, 1, 0, 0, 0, 1, 1, 1, 1, 0, 1, 1], [0, 0, 1, 1, 0, 1, 0, 1, 1, 0, 1, 0, 0, 0, 1, 1, 1, 0, 1], [1, 0, 1, 1, 1, 1, 1, 0, 0, 1, 1, 0, 0, 1, 0, 1, 1, 0, 1], [1, 0, 1, 0, 1, 1, 1, 0, 0, 0, 1, 0, 1, 0, 0, 0, 1, 1, 0], [1, 1, 0, 0, 1, 0, 0, 1, 0, 0, 0, 0, 1, 0, 1, 1, 0, 0, 1], [1, 1, 0, 0, 1, 0, 1, 1, 1, 0, 0, 1, 1, 1, 1, 0, 0, 0, 1], [0, 0, 0, 0, 0, 0, 0, 0, 0, 0, 1, 0, 0, 1, 1, 1, 1, 0, 0], [0, 0, 0, 0, 1, 1, 0, 0, 1, 1, 1, 0, 0, 0, 1, 1, 0, 1, 1], [0, 0, 1, 0, 0, 1, 0, 1, 0, 0, 1, 1, 0, 0, 0, 0, 0, 0, 1], [0, 0, 0, 0, 1, 1, 1, 0, 0, 1, 1, 1, 1, 0, 0, 0, 1, 1, 0], [0, 0, 1, 0, 0, 1, 1, 1, 0, 1, 0, 1, 1, 0, 0, 0, 1, 0, 1], [1, 1, 0, 1, 1, 0, 1, 1, 1, 0, 0, 1, 0, 0, 1, 1, 0, 1, 0], [1, 0, 1, 1, 1, 1, 0, 0, 1, 0, 0, 0, 1, 0, 1, 0, 1, 0, 1], [0, 1, 0, 0, 0, 1, 1, 1, 0, 1, 1, 0, 1, 1, 0, 1, 0, 1, 0]]",24.0,6.0,Y,"{0: 30, 1: 36, 2: 42, 3: 48, 4: 54, 5: 60, 6: 66, 7: 72, 8: 78, 9: 84, 10: 90, 11: 96, 12: 102, 13: 108, 14: 114, 15: 120, 16: 126, 17: 132, 18: 24}","{(0, 1): 22, (0, 3): 1, (0, 4): 1, (0, 7): 1, (0, 8): 1, (0, 9): 1, (0, 10): 1, (0, 16): 1, (0, 17): 1, (1, 5): 10, (1, 9): 1, (1, 10): 1, (1, 16): 1, (1, 18): 1, (2, 3): 34, (2, 4): 1, (2, 5): 1, (2, 6): 1, (2, 7): 1, (2, 8): 1, (2, 13): 1, (2, 15): 1, (2, 17): 1, (3, 4): 9, (3, 6): 1, (3, 7): 1, (3, 16): 1, (3, 17): 1, (4, 7): 36, (4, 8): 1, (4, 9): 1, (4, 10): 1, (4, 12): 1, (4, 14): 1, (4, 16): 1, (4, 17): 1, (5, 6): 41, (5, 7): 1, (5, 8): 1, (5, 12): 1, (5, 13): 1, (5, 14): 1, (5, 15): 1, (5, 17): 1, (5, 18): 1, (6, 7): 1, (6, 8): 6, (6, 10): 1, (6, 14): 3, (6, 15): 1, (6, 16): 10, (6, 18): 1, (7, 9): 6, (7, 10): 3, (7, 13): 11, (7, 15): 3, (7, 16): 7, (7, 18): 1, (8, 10): 15, (8, 12): 2, (8, 16): 1, (8, 17): 50, (9, 12): 1, (9, 14): 1, (9, 15): 70, (9, 18): 3, (10, 11): 1, (10, 12): 1, (10, 13): 64, (10, 14): 1, (10, 18): 1, (11, 13): 20, (11, 14): 25, (11, 15): 1, (11, 16): 49, (12, 14): 55, (12, 15): 39, (12, 17): 1, (12, 18): 1, (13, 18): 11, (14, 16): 3, (14, 17): 24, (15, 16): 1, (15, 18): 3, (16, 17): 51, (17, 18): 1}",2932.0716857910156,447.0,57.0,1255.0
36.0,Graph with 19 nodes and 88 edges,"[[0, 0, 0, 1, 1, 0, 1, 0, 0, 0, 0, 0, 0, 1, 1, 1, 1, 0, 0], [0, 0, 0, 1, 1, 1, 1, 1, 1, 0, 0, 0, 1, 1, 0, 0, 0, 1, 1], [0, 0, 0, 1, 0, 0, 1, 0, 0, 0, 0, 0, 0, 1, 1, 1, 0, 1, 0], [1, 1, 1, 0, 1, 1, 0, 1, 1, 0, 0, 0, 1, 1, 1, 0, 1, 1, 0], [1, 1, 0, 1, 0, 1, 1, 1, 1, 0, 1, 1, 0, 1, 1, 1, 0, 0, 0], [0, 1, 0, 1, 1, 0, 0, 1, 1, 1, 1, 0, 0, 0, 0, 0, 0, 1, 0], [1, 1, 1, 0, 1, 0, 0, 1, 1, 1, 1, 1, 0, 1, 1, 1, 0, 0, 1], [0, 1, 0, 1, 1, 1, 1, 0, 1, 0, 1, 1, 0, 0, 0, 1, 0, 0, 0], [0, 1, 0, 1, 1, 1, 1, 1, 0, 0, 0, 1, 0, 1, 1, 0, 1, 1, 0], [0, 0, 0, 0, 0, 1, 1, 0, 0, 0, 1, 1, 0, 0, 0, 1, 0, 1, 1], [0, 0, 0, 0, 1, 1, 1, 1, 0, 1, 0, 0, 0, 0, 1, 0, 1, 1, 0], [0, 0, 0, 0, 1, 0, 1, 1, 1, 1, 0, 0, 1, 0, 1, 0, 0, 1, 1], [0, 1, 0, 1, 0, 0, 0, 0, 0, 0, 0, 1, 0, 1, 0, 1, 1, 1, 0], [1, 1, 1, 1, 1, 0, 1, 0, 1, 0, 0, 0, 1, 0, 1, 1, 0, 1, 1], [1, 0, 1, 1, 1, 0, 1, 0, 1, 0, 1, 1, 0, 1, 0, 0, 1, 1, 0], [1, 0, 1, 0, 1, 0, 1, 1, 0, 1, 0, 0, 1, 1, 0, 0, 0, 1, 0], [1, 0, 0, 1, 0, 0, 0, 0, 1, 0, 1, 0, 1, 0, 1, 0, 0, 0, 0], [0, 1, 1, 1, 0, 1, 0, 0, 1, 1, 1, 1, 1, 1, 1, 1, 0, 0, 1], [0, 1, 0, 0, 0, 0, 1, 0, 0, 1, 0, 1, 0, 1, 0, 0, 0, 1, 0]]",20.0,4.0,Y,"{0: 36, 1: 52, 2: 32, 3: 28, 4: 64, 5: 56, 6: 88, 7: 76, 8: 72, 9: 48, 10: 40, 11: 84, 12: 60, 13: 92, 14: 44, 15: 68, 16: 24, 17: 80, 18: 20}","{(0, 3): 4, (0, 4): 1, (0, 6): 27, (0, 13): 1, (0, 14): 1, (0, 15): 1, (0, 16): 1, (1, 3): 1, (1, 4): 1, (1, 5): 1, (1, 6): 1, (1, 7): 17, (1, 8): 1, (1, 12): 4, (1, 13): 16, (1, 17): 9, (1, 18): 1, (2, 3): 11, (2, 6): 11, (2, 13): 1, (2, 14): 1, (2, 15): 1, (2, 17): 7, (3, 4): 1, (3, 5): 1, (3, 7): 1, (3, 8): 1, (3, 12): 4, (3, 13): 1, (3, 14): 1, (3, 16): 1, (3, 17): 1, (4, 5): 1, (4, 6): 1, (4, 7): 13, (4, 8): 33, (4, 10): 1, (4, 11): 9, (4, 13): 1, (4, 14): 1, (4, 15): 1, (5, 7): 1, (5, 8): 9, (5, 9): 17, (5, 10): 21, (5, 17): 5, (6, 7): 1, (6, 8): 1, (6, 9): 9, (6, 10): 1, (6, 11): 16, (6, 13): 1, (6, 14): 1, (6, 15): 3, (6, 18): 15, (7, 8): 1, (7, 10): 13, (7, 11): 5, (7, 15): 24, (8, 11): 1, (8, 13): 4, (8, 14): 1, (8, 16): 19, (8, 17): 1, (9, 10): 1, (9, 11): 2, (9, 15): 1, (9, 17): 17, (9, 18): 1, (10, 14): 1, (10, 16): 1, (10, 17): 1, (11, 12): 1, (11, 14): 34, (11, 17): 15, (11, 18): 1, (12, 13): 36, (12, 15): 9, (12, 16): 1, (12, 17): 5, (13, 14): 1, (13, 15): 20, (13, 17): 9, (13, 18): 1, (14, 16): 1, (14, 17): 1, (15, 17): 8, (17, 18): 1}",183.10546875,449.0,57.0,1259.0
37.0,Graph with 19 nodes and 90 edges,"[[0, 1, 1, 1, 1, 0, 1, 0, 0, 1, 0, 1, 1, 0, 1, 1, 0, 1, 0], [1, 0, 0, 1, 1, 0, 0, 0, 0, 0, 0, 1, 0, 0, 0, 1, 1, 0, 1], [1, 0, 0, 0, 1, 1, 0, 0, 0, 1, 0, 0, 0, 1, 1, 0, 1, 1, 0], [1, 1, 0, 0, 0, 1, 0, 0, 1, 0, 1, 1, 0, 0, 1, 0, 1, 1, 0], [1, 1, 1, 0, 0, 1, 1, 0, 0, 0, 0, 1, 0, 0, 0, 1, 1, 0, 0], [0, 0, 1, 1, 1, 0, 1, 0, 1, 1, 0, 0, 1, 1, 0, 1, 1, 0, 1], [1, 0, 0, 0, 1, 1, 0, 1, 1, 0, 0, 0, 0, 1, 1, 1, 0, 1, 0], [0, 0, 0, 0, 0, 0, 1, 0, 0, 0, 0, 0, 0, 1, 1, 1, 0, 1, 0], [0, 0, 0, 1, 0, 1, 1, 0, 0, 0, 0, 0, 0, 1, 1, 1, 0, 1, 1], [1, 0, 1, 0, 0, 1, 0, 0, 0, 0, 1, 1, 1, 1, 0, 0, 1, 1, 1], [0, 0, 0, 1, 0, 0, 0, 0, 0, 1, 0, 1, 1, 0, 0, 1, 0, 1, 0], [1, 1, 0, 1, 1, 0, 0, 0, 0, 1, 1, 0, 1, 1, 1, 1, 1, 0, 1], [1, 0, 0, 0, 0, 1, 0, 0, 0, 1, 1, 1, 0, 0, 1, 0, 0, 1, 0], [0, 0, 1, 0, 0, 1, 1, 1, 1, 1, 0, 1, 0, 0, 1, 0, 1, 0, 1], [1, 0, 1, 1, 0, 0, 1, 1, 1, 0, 0, 1, 1, 1, 0, 1, 1, 1, 1], [1, 1, 0, 0, 1, 1, 1, 1, 1, 0, 1, 1, 0, 0, 1, 0, 1, 0, 1], [0, 1, 1, 1, 1, 1, 0, 0, 0, 1, 0, 1, 0, 1, 1, 1, 0, 1, 1], [1, 0, 1, 1, 0, 0, 1, 1, 1, 1, 1, 0, 1, 0, 1, 0, 1, 0, 1], [0, 1, 0, 0, 0, 1, 0, 0, 1, 1, 0, 1, 0, 1, 1, 1, 1, 1, 0]]",14.0,4.0,Y,"{0: 18, 1: 22, 2: 26, 3: 30, 4: 34, 5: 38, 6: 42, 7: 46, 8: 50, 9: 54, 10: 58, 11: 62, 12: 66, 13: 70, 14: 74, 15: 78, 16: 82, 17: 86, 18: 14}","{(0, 1): 8, (0, 2): 1, (0, 3): 1, (0, 4): 1, (0, 6): 1, (0, 9): 1, (0, 11): 1, (0, 12): 1, (0, 14): 1, (0, 15): 1, (0, 17): 1, (1, 3): 9, (1, 4): 1, (1, 11): 1, (1, 15): 1, (1, 16): 1, (1, 18): 1, (2, 4): 19, (2, 5): 1, (2, 9): 1, (2, 13): 1, (2, 14): 1, (2, 16): 1, (2, 17): 1, (3, 5): 14, (3, 8): 1, (3, 10): 1, (3, 11): 1, (3, 14): 1, (3, 16): 1, (3, 17): 1, (4, 5): 9, (4, 6): 1, (4, 11): 1, (4, 15): 1, (4, 16): 1, (5, 6): 7, (5, 8): 1, (5, 9): 1, (5, 12): 1, (5, 13): 1, (5, 15): 1, (5, 16): 1, (5, 18): 1, (6, 7): 28, (6, 8): 1, (6, 13): 1, (6, 14): 1, (6, 15): 1, (6, 17): 1, (7, 13): 1, (7, 14): 1, (7, 15): 1, (7, 17): 15, (8, 13): 1, (8, 14): 1, (8, 15): 43, (8, 17): 1, (8, 18): 1, (9, 10): 1, (9, 11): 1, (9, 12): 1, (9, 13): 45, (9, 16): 1, (9, 17): 1, (9, 18): 1, (10, 11): 1, (10, 12): 53, (10, 15): 1, (10, 17): 1, (11, 12): 1, (11, 13): 1, (11, 14): 1, (11, 15): 5, (11, 16): 47, (11, 18): 1, (12, 14): 1, (12, 17): 8, (13, 14): 1, (13, 16): 17, (13, 18): 1, (14, 15): 9, (14, 16): 1, (14, 17): 54, (14, 18): 1, (15, 16): 9, (15, 18): 5, (16, 17): 1, (16, 18): 1, (17, 18): 1}",3723.14453125,451.0,57.0,1263.0
38.0,Graph with 19 nodes and 95 edges,"[[0, 0, 0, 0, 0, 1, 1, 0, 1, 0, 1, 1, 1, 1, 1, 1, 0, 0, 0], [0, 0, 1, 1, 1, 1, 0, 0, 0, 1, 0, 0, 0, 0, 0, 1, 1, 1, 1], [0, 1, 0, 0, 0, 0, 1, 1, 0, 1, 1, 1, 1, 1, 0, 0, 1, 1, 0], [0, 1, 0, 0, 1, 0, 1, 1, 0, 0, 0, 1, 1, 0, 0, 0, 1, 1, 0], [0, 1, 0, 1, 0, 0, 1, 0, 1, 1, 0, 0, 0, 0, 1, 1, 0, 0, 1], [1, 1, 0, 0, 0, 0, 0, 1, 1, 0, 0, 0, 1, 1, 1, 1, 0, 0, 1], [1, 0, 1, 1, 1, 0, 0, 1, 0, 0, 0, 1, 1, 0, 1, 0, 1, 1, 0], [0, 0, 1, 1, 0, 1, 1, 0, 0, 0, 0, 1, 1, 1, 0, 1, 1, 1, 1], [1, 0, 0, 0, 1, 1, 0, 0, 0, 1, 0, 1, 1, 1, 0, 1, 0, 1, 1], [0, 1, 1, 0, 1, 0, 0, 0, 1, 0, 1, 0, 1, 1, 0, 0, 0, 1, 0], [1, 0, 1, 0, 0, 0, 0, 0, 0, 1, 0, 1, 1, 1, 1, 1, 0, 0, 1], [1, 0, 1, 1, 0, 0, 1, 1, 1, 0, 1, 0, 1, 0, 0, 1, 1, 1, 1], [1, 0, 1, 1, 0, 1, 1, 1, 1, 1, 1, 1, 0, 1, 1, 1, 0, 0, 1], [1, 0, 1, 0, 0, 1, 0, 1, 1, 1, 1, 0, 1, 0, 0, 1, 0, 1, 0], [1, 0, 0, 0, 1, 1, 1, 0, 0, 0, 1, 0, 1, 0, 0, 1, 0, 1, 0], [1, 1, 0, 0, 1, 1, 0, 1, 1, 0, 1, 1, 1, 1, 1, 0, 1, 1, 1], [0, 1, 1, 1, 0, 0, 1, 1, 0, 0, 0, 1, 0, 0, 0, 1, 0, 1, 0], [0, 1, 1, 1, 0, 0, 1, 1, 1, 1, 0, 1, 0, 1, 1, 1, 1, 0, 1], [0, 1, 0, 0, 1, 1, 0, 1, 1, 0, 1, 1, 1, 0, 0, 1, 0, 1, 0]]",15.0,9.0,Y,"{0: 24, 1: 33, 2: 42, 3: 51, 4: 60, 5: 69, 6: 78, 7: 87, 8: 96, 9: 105, 10: 114, 11: 123, 12: 132, 13: 141, 14: 150, 15: 159, 16: 168, 17: 177, 18: 15}","{(0, 5): 16, (0, 6): 1, (0, 8): 1, (0, 10): 1, (0, 11): 1, (0, 12): 1, (0, 13): 1, (0, 14): 1, (0, 15): 1, (1, 2): 25, (1, 3): 1, (1, 4): 1, (1, 5): 1, (1, 9): 1, (1, 15): 1, (1, 16): 1, (1, 17): 1, (1, 18): 1, (2, 6): 9, (2, 7): 1, (2, 9): 1, (2, 10): 1, (2, 11): 1, (2, 12): 1, (2, 13): 1, (2, 16): 1, (2, 17): 1, (3, 4): 44, (3, 6): 1, (3, 7): 1, (3, 11): 1, (3, 12): 1, (3, 16): 1, (3, 17): 1, (4, 6): 10, (4, 8): 1, (4, 9): 1, (4, 14): 1, (4, 15): 1, (4, 18): 1, (5, 7): 46, (5, 8): 1, (5, 12): 1, (5, 13): 1, (5, 14): 1, (5, 15): 1, (5, 18): 1, (6, 7): 32, (6, 11): 1, (6, 12): 1, (6, 14): 21, (6, 16): 1, (6, 17): 1, (7, 11): 1, (7, 12): 1, (7, 13): 1, (7, 15): 1, (7, 16): 1, (7, 17): 1, (7, 18): 1, (8, 9): 87, (8, 11): 1, (8, 12): 1, (8, 13): 1, (8, 15): 1, (8, 17): 1, (8, 18): 1, (9, 10): 1, (9, 12): 12, (9, 13): 1, (9, 17): 1, (10, 11): 1, (10, 12): 1, (10, 13): 101, (10, 14): 1, (10, 15): 1, (10, 18): 6, (11, 12): 108, (11, 15): 1, (11, 16): 5, (11, 17): 1, (11, 18): 1, (12, 13): 1, (12, 14): 1, (12, 15): 1, (12, 18): 1, (13, 15): 32, (13, 17): 1, (14, 15): 115, (14, 17): 9, (15, 16): 1, (15, 17): 1, (15, 18): 1, (16, 17): 157, (17, 18): 1}",2797.842025756836,456.0,57.0,1273.0
41.0,Graph with 19 nodes and 77 edges,"[[0, 1, 1, 1, 1, 0, 1, 0, 0, 0, 1, 1, 0, 0, 1, 1, 0, 0, 1], [1, 0, 1, 0, 0, 0, 0, 1, 0, 1, 0, 1, 0, 1, 0, 0, 1, 1, 0], [1, 1, 0, 1, 0, 1, 1, 1, 0, 0, 0, 1, 0, 0, 1, 1, 1, 0, 0], [1, 0, 1, 0, 1, 1, 0, 1, 1, 0, 0, 0, 0, 0, 0, 1, 0, 0, 0], [1, 0, 0, 1, 0, 0, 1, 0, 0, 1, 1, 1, 1, 1, 0, 0, 1, 0, 0], [0, 0, 1, 1, 0, 0, 1, 0, 0, 1, 1, 0, 1, 0, 0, 1, 0, 0, 0], [1, 0, 1, 0, 1, 1, 0, 0, 0, 1, 1, 1, 0, 0, 1, 1, 0, 1, 0], [0, 1, 1, 1, 0, 0, 0, 0, 1, 1, 1, 0, 0, 0, 0, 1, 1, 1, 1], [0, 0, 0, 1, 0, 0, 0, 1, 0, 1, 1, 0, 0, 0, 0, 1, 0, 0, 0], [0, 1, 0, 0, 1, 1, 1, 1, 1, 0, 1, 1, 1, 1, 0, 0, 0, 0, 0], [1, 0, 0, 0, 1, 1, 1, 1, 1, 1, 0, 0, 0, 0, 1, 1, 1, 0, 0], [1, 1, 1, 0, 1, 0, 1, 0, 0, 1, 0, 0, 1, 1, 0, 0, 1, 0, 1], [0, 0, 0, 0, 1, 1, 0, 0, 0, 1, 0, 1, 0, 0, 1, 0, 0, 0, 1], [0, 1, 0, 0, 1, 0, 0, 0, 0, 1, 0, 1, 0, 0, 0, 0, 1, 1, 0], [1, 0, 1, 0, 0, 0, 1, 0, 0, 0, 1, 0, 1, 0, 0, 0, 1, 0, 0], [1, 0, 1, 1, 0, 1, 1, 1, 1, 0, 1, 0, 0, 0, 0, 0, 0, 1, 1], [0, 1, 1, 0, 1, 0, 0, 1, 0, 0, 1, 1, 0, 1, 1, 0, 0, 1, 0], [0, 1, 0, 0, 0, 0, 1, 1, 0, 0, 0, 0, 0, 1, 0, 1, 1, 0, 0], [1, 0, 0, 0, 0, 0, 0, 1, 0, 0, 0, 1, 1, 0, 0, 1, 0, 0, 0]]",28.0,4.0,Y,"{0: 32, 1: 36, 2: 40, 3: 44, 4: 48, 5: 52, 6: 56, 7: 60, 8: 64, 9: 68, 10: 72, 11: 76, 12: 80, 13: 84, 14: 88, 15: 92, 16: 96, 17: 100, 18: 28}","{(0, 1): 23, (0, 2): 1, (0, 3): 1, (0, 4): 1, (0, 6): 1, (0, 10): 1, (0, 11): 1, (0, 14): 1, (0, 15): 1, (0, 18): 1, (1, 2): 7, (1, 7): 1, (1, 9): 1, (1, 11): 1, (1, 13): 1, (1, 16): 1, (1, 17): 1, (2, 3): 25, (2, 5): 1, (2, 6): 1, (2, 7): 1, (2, 11): 1, (2, 14): 1, (2, 15): 1, (2, 16): 1, (3, 4): 14, (3, 5): 1, (3, 7): 1, (3, 8): 1, (3, 15): 1, (4, 6): 27, (4, 9): 1, (4, 10): 1, (4, 11): 1, (4, 12): 1, (4, 13): 1, (4, 16): 1, (5, 6): 1, (5, 9): 1, (5, 10): 1, (5, 12): 46, (5, 15): 1, (6, 9): 1, (6, 10): 1, (6, 11): 21, (6, 14): 1, (6, 15): 1, (6, 17): 1, (7, 8): 9, (7, 9): 1, (7, 10): 1, (7, 15): 1, (7, 16): 1, (7, 17): 43, (7, 18): 1, (8, 9): 52, (8, 10): 1, (8, 15): 1, (9, 10): 1, (9, 11): 1, (9, 12): 1, (9, 13): 8, (10, 14): 1, (10, 15): 60, (10, 16): 4, (11, 12): 30, (11, 13): 18, (11, 16): 1, (11, 18): 1, (12, 14): 1, (12, 18): 1, (13, 16): 3, (13, 17): 53, (14, 16): 83, (15, 17): 1, (15, 18): 24, (16, 17): 1}",3595.113754272461,438.0,57.0,1237.0
42.0,Graph with 19 nodes and 87 edges,"[[0, 1, 0, 1, 0, 1, 0, 0, 1, 1, 0, 0, 1, 1, 1, 1, 0, 1, 0], [1, 0, 0, 0, 1, 0, 0, 0, 1, 1, 1, 0, 0, 0, 0, 0, 0, 1, 0], [0, 0, 0, 1, 0, 0, 1, 0, 1, 1, 0, 1, 1, 0, 0, 1, 0, 0, 1], [1, 0, 1, 0, 1, 1, 0, 1, 0, 1, 1, 1, 1, 0, 0, 0, 1, 1, 1], [0, 1, 0, 1, 0, 0, 1, 0, 1, 0, 0, 0, 0, 1, 1, 0, 0, 1, 1], [1, 0, 0, 1, 0, 0, 0, 0, 1, 1, 1, 0, 0, 1, 0, 1, 1, 0, 0], [0, 0, 1, 0, 1, 0, 0, 1, 0, 0, 1, 1, 0, 1, 1, 0, 0, 1, 1], [0, 0, 0, 1, 0, 0, 1, 0, 1, 1, 0, 1, 0, 1, 1, 1, 1, 0, 1], [1, 1, 1, 0, 1, 1, 0, 1, 0, 1, 0, 1, 1, 1, 1, 0, 0, 0, 0], [1, 1, 1, 1, 0, 1, 0, 1, 1, 0, 0, 1, 1, 1, 0, 1, 1, 0, 1], [0, 1, 0, 1, 0, 1, 1, 0, 0, 0, 0, 1, 0, 1, 1, 1, 1, 0, 1], [0, 0, 1, 1, 0, 0, 1, 1, 1, 1, 1, 0, 0, 0, 0, 0, 0, 0, 1], [1, 0, 1, 1, 0, 0, 0, 0, 1, 1, 0, 0, 0, 1, 1, 1, 1, 1, 0], [1, 0, 0, 0, 1, 1, 1, 1, 1, 1, 1, 0, 1, 0, 0, 0, 0, 1, 0], [1, 0, 0, 0, 1, 0, 1, 1, 1, 0, 1, 0, 1, 0, 0, 0, 0, 0, 0], [1, 0, 1, 0, 0, 1, 0, 1, 0, 1, 1, 0, 1, 0, 0, 0, 0, 1, 0], [0, 0, 0, 1, 0, 1, 0, 1, 0, 1, 1, 0, 1, 0, 0, 0, 0, 1, 1], [1, 1, 0, 1, 1, 0, 1, 0, 0, 0, 0, 0, 1, 1, 0, 1, 1, 0, 0], [0, 0, 1, 1, 1, 0, 1, 1, 0, 1, 1, 1, 0, 0, 0, 0, 1, 0, 0]]",16.0,2.0,Y,"{0: 52, 1: 48, 2: 24, 3: 50, 4: 42, 5: 38, 6: 34, 7: 28, 8: 18, 9: 44, 10: 20, 11: 30, 12: 22, 13: 16, 14: 32, 15: 46, 16: 26, 17: 40, 18: 36}","{(0, 1): 12, (0, 3): 1, (0, 5): 1, (0, 8): 1, (0, 9): 32, (0, 12): 1, (0, 13): 1, (0, 14): 1, (0, 15): 1, (0, 17): 1, (1, 4): 32, (1, 8): 1, (1, 9): 1, (1, 10): 1, (1, 17): 1, (2, 3): 4, (2, 6): 1, (2, 8): 1, (2, 9): 1, (2, 11): 14, (2, 12): 1, (2, 15): 1, (2, 18): 1, (3, 4): 1, (3, 5): 25, (3, 7): 1, (3, 9): 1, (3, 10): 1, (3, 11): 1, (3, 12): 1, (3, 16): 1, (3, 17): 12, (3, 18): 1, (4, 6): 1, (4, 8): 1, (4, 13): 1, (4, 14): 4, (4, 17): 1, (4, 18): 1, (5, 8): 1, (5, 9): 1, (5, 10): 1, (5, 13): 7, (5, 15): 1, (5, 16): 1, (6, 7): 1, (6, 10): 11, (6, 11): 1, (6, 13): 1, (6, 14): 10, (6, 17): 1, (6, 18): 7, (7, 8): 1, (7, 9): 1, (7, 11): 1, (7, 13): 1, (7, 14): 1, (7, 15): 19, (7, 16): 1, (7, 18): 1, (8, 9): 1, (8, 11): 7, (8, 12): 1, (8, 13): 1, (8, 14): 2, (9, 11): 1, (9, 12): 1, (9, 13): 1, (9, 15): 1, (9, 16): 1, (9, 18): 1, (10, 11): 1, (10, 13): 1, (10, 14): 1, (10, 15): 1, (10, 16): 1, (10, 18): 1, (11, 18): 4, (12, 13): 1, (12, 14): 13, (12, 15): 1, (12, 16): 1, (12, 17): 1, (13, 17): 1, (15, 17): 21, (16, 17): 1, (16, 18): 19}",4914.045333862305,448.0,57.0,1257.0
43.0,Graph with 19 nodes and 86 edges,"[[0, 0, 0, 1, 0, 0, 0, 0, 0, 1, 1, 0, 1, 1, 1, 0, 1, 1, 1], [0, 0, 1, 1, 0, 0, 1, 0, 1, 1, 1, 1, 0, 0, 1, 0, 0, 1, 0], [0, 1, 0, 1, 0, 1, 0, 0, 1, 0, 1, 1, 1, 0, 0, 0, 0, 0, 1], [1, 1, 1, 0, 0, 0, 1, 0, 1, 1, 0, 1, 0, 0, 0, 1, 1, 1, 1], [0, 0, 0, 0, 0, 0, 0, 1, 0, 0, 1, 0, 0, 0, 1, 1, 1, 1, 1], [0, 0, 1, 0, 0, 0, 1, 1, 0, 0, 0, 0, 0, 1, 0, 0, 0, 1, 1], [0, 1, 0, 1, 0, 1, 0, 1, 0, 0, 0, 0, 0, 1, 1, 1, 1, 0, 1], [0, 0, 0, 0, 1, 1, 1, 0, 1, 1, 1, 0, 0, 1, 0, 1, 0, 0, 0], [0, 1, 1, 1, 0, 0, 0, 1, 0, 0, 0, 0, 1, 0, 1, 1, 0, 0, 1], [1, 1, 0, 1, 0, 0, 0, 1, 0, 0, 0, 1, 1, 0, 1, 0, 0, 1, 1], [1, 1, 1, 0, 1, 0, 0, 1, 0, 0, 0, 1, 1, 0, 0, 1, 0, 1, 0], [0, 1, 1, 1, 0, 0, 0, 0, 0, 1, 1, 0, 0, 0, 0, 0, 1, 1, 0], [1, 0, 1, 0, 0, 0, 0, 0, 1, 1, 1, 0, 0, 0, 0, 1, 1, 0, 1], [1, 0, 0, 0, 0, 1, 1, 1, 0, 0, 0, 0, 0, 0, 0, 1, 1, 1, 1], [1, 1, 0, 0, 1, 0, 1, 0, 1, 1, 0, 0, 0, 0, 0, 1, 1, 1, 1], [0, 0, 0, 1, 1, 0, 1, 1, 1, 0, 1, 0, 1, 1, 1, 0, 0, 1, 0], [1, 0, 0, 1, 1, 0, 1, 0, 0, 0, 0, 1, 1, 1, 1, 0, 0, 1, 1], [1, 1, 0, 1, 1, 1, 0, 0, 0, 1, 1, 1, 0, 1, 1, 1, 1, 0, 1], [1, 0, 1, 1, 1, 1, 1, 0, 1, 1, 0, 0, 1, 1, 1, 0, 1, 1, 0]]",22.0,8.0,Y,"{0: 30, 1: 38, 2: 46, 3: 54, 4: 62, 5: 70, 6: 78, 7: 86, 8: 94, 9: 102, 10: 110, 11: 118, 12: 126, 13: 134, 14: 142, 15: 150, 16: 158, 17: 166, 18: 22}","{(0, 3): 22, (0, 9): 1, (0, 10): 1, (0, 12): 1, (0, 13): 1, (0, 14): 1, (0, 16): 1, (0, 17): 1, (0, 18): 1, (1, 2): 30, (1, 3): 1, (1, 6): 1, (1, 8): 1, (1, 9): 1, (1, 10): 1, (1, 11): 1, (1, 14): 1, (1, 17): 1, (2, 3): 10, (2, 5): 1, (2, 8): 1, (2, 10): 1, (2, 11): 1, (2, 12): 1, (2, 18): 1, (3, 6): 14, (3, 8): 1, (3, 9): 1, (3, 11): 1, (3, 15): 1, (3, 16): 1, (3, 17): 1, (3, 18): 1, (4, 7): 56, (4, 10): 1, (4, 14): 1, (4, 15): 1, (4, 16): 1, (4, 17): 1, (4, 18): 1, (5, 6): 57, (5, 7): 1, (5, 13): 1, (5, 17): 9, (5, 18): 1, (6, 7): 1, (6, 13): 1, (6, 14): 1, (6, 15): 1, (6, 16): 1, (6, 18): 1, (7, 8): 1, (7, 9): 1, (7, 10): 1, (7, 13): 24, (7, 15): 1, (8, 12): 1, (8, 14): 87, (8, 15): 1, (8, 18): 1, (9, 11): 1, (9, 12): 68, (9, 14): 27, (9, 17): 1, (9, 18): 1, (10, 11): 102, (10, 12): 1, (10, 15): 1, (10, 17): 1, (11, 16): 1, (11, 17): 11, (12, 15): 1, (12, 16): 52, (12, 18): 1, (13, 15): 1, (13, 16): 98, (13, 17): 7, (13, 18): 1, (14, 15): 12, (14, 16): 1, (14, 17): 1, (14, 18): 10, (15, 17): 130, (16, 17): 1, (16, 18): 1, (17, 18): 1}",4214.048385620117,447.0,57.0,1255.0
43.0,Graph with 19 nodes and 86 edges,"[[0, 0, 0, 1, 0, 0, 0, 0, 0, 1, 1, 0, 1, 1, 1, 0, 1, 1, 1], [0, 0, 1, 1, 0, 0, 1, 0, 1, 1, 1, 1, 0, 0, 1, 0, 0, 1, 0], [0, 1, 0, 1, 0, 1, 0, 0, 1, 0, 1, 1, 1, 0, 0, 0, 0, 0, 1], [1, 1, 1, 0, 0, 0, 1, 0, 1, 1, 0, 1, 0, 0, 0, 1, 1, 1, 1], [0, 0, 0, 0, 0, 0, 0, 1, 0, 0, 1, 0, 0, 0, 1, 1, 1, 1, 1], [0, 0, 1, 0, 0, 0, 1, 1, 0, 0, 0, 0, 0, 1, 0, 0, 0, 1, 1], [0, 1, 0, 1, 0, 1, 0, 1, 0, 0, 0, 0, 0, 1, 1, 1, 1, 0, 1], [0, 0, 0, 0, 1, 1, 1, 0, 1, 1, 1, 0, 0, 1, 0, 1, 0, 0, 0], [0, 1, 1, 1, 0, 0, 0, 1, 0, 0, 0, 0, 1, 0, 1, 1, 0, 0, 1], [1, 1, 0, 1, 0, 0, 0, 1, 0, 0, 0, 1, 1, 0, 1, 0, 0, 1, 1], [1, 1, 1, 0, 1, 0, 0, 1, 0, 0, 0, 1, 1, 0, 0, 1, 0, 1, 0], [0, 1, 1, 1, 0, 0, 0, 0, 0, 1, 1, 0, 0, 0, 0, 0, 1, 1, 0], [1, 0, 1, 0, 0, 0, 0, 0, 1, 1, 1, 0, 0, 0, 0, 1, 1, 0, 1], [1, 0, 0, 0, 0, 1, 1, 1, 0, 0, 0, 0, 0, 0, 0, 1, 1, 1, 1], [1, 1, 0, 0, 1, 0, 1, 0, 1, 1, 0, 0, 0, 0, 0, 1, 1, 1, 1], [0, 0, 0, 1, 1, 0, 1, 1, 1, 0, 1, 0, 1, 1, 1, 0, 0, 1, 0], [1, 0, 0, 1, 1, 0, 1, 0, 0, 0, 0, 1, 1, 1, 1, 0, 0, 1, 1], [1, 1, 0, 1, 1, 1, 0, 0, 0, 1, 1, 1, 0, 1, 1, 1, 1, 0, 1], [1, 0, 1, 1, 1, 1, 1, 0, 1, 1, 0, 0, 1, 1, 1, 0, 1, 1, 0]]",23.0,3.0,Y,"{0: 26, 1: 29, 2: 32, 3: 35, 4: 38, 5: 41, 6: 44, 7: 47, 8: 50, 9: 53, 10: 56, 11: 59, 12: 62, 13: 65, 14: 68, 15: 71, 16: 74, 17: 77, 18: 23}","{(0, 3): 18, (0, 9): 1, (0, 10): 1, (0, 12): 1, (0, 13): 1, (0, 14): 1, (0, 16): 1, (0, 17): 1, (0, 18): 1, (1, 2): 21, (1, 3): 1, (1, 6): 1, (1, 8): 1, (1, 9): 1, (1, 10): 1, (1, 11): 1, (1, 14): 1, (1, 17): 1, (2, 3): 5, (2, 5): 1, (2, 8): 1, (2, 10): 1, (2, 11): 1, (2, 12): 1, (2, 18): 1, (3, 6): 4, (3, 8): 1, (3, 9): 1, (3, 11): 1, (3, 15): 1, (3, 16): 1, (3, 17): 1, (3, 18): 1, (4, 7): 32, (4, 10): 1, (4, 14): 1, (4, 15): 1, (4, 16): 1, (4, 17): 1, (4, 18): 1, (5, 6): 33, (5, 7): 1, (5, 13): 1, (5, 17): 4, (5, 18): 1, (6, 7): 1, (6, 13): 1, (6, 14): 1, (6, 15): 1, (6, 16): 1, (6, 18): 1, (7, 8): 1, (7, 9): 1, (7, 10): 1, (7, 13): 9, (7, 15): 1, (8, 12): 9, (8, 14): 1, (8, 15): 35, (8, 18): 1, (9, 11): 6, (9, 12): 3, (9, 14): 36, (9, 17): 1, (9, 18): 3, (10, 11): 40, (10, 12): 9, (10, 15): 1, (10, 17): 1, (11, 16): 9, (11, 17): 1, (12, 15): 1, (12, 16): 37, (12, 18): 1, (13, 15): 9, (13, 16): 11, (13, 17): 32, (13, 18): 1, (14, 15): 6, (14, 16): 11, (14, 17): 9, (14, 18): 1, (15, 17): 15, (16, 17): 1, (16, 18): 1, (17, 18): 9}",2763.986587524414,447.0,57.0,1255.0
44.0,Graph with 19 nodes and 88 edges,"[[0, 1, 0, 1, 1, 1, 0, 1, 1, 1, 0, 0, 1, 1, 1, 1, 1, 1, 1], [1, 0, 1, 1, 1, 1, 0, 1, 0, 0, 0, 0, 1, 0, 0, 1, 0, 1, 0], [0, 1, 0, 0, 1, 0, 1, 1, 0, 0, 0, 0, 1, 0, 0, 1, 1, 1, 1], [1, 1, 0, 0, 1, 0, 0, 1, 1, 0, 1, 0, 0, 1, 1, 0, 0, 1, 0], [1, 1, 1, 1, 0, 0, 0, 1, 0, 0, 1, 0, 0, 1, 0, 1, 1, 1, 0], [1, 1, 0, 0, 0, 0, 0, 0, 0, 0, 0, 0, 0, 0, 0, 0, 1, 0, 0], [0, 0, 1, 0, 0, 0, 0, 1, 1, 0, 1, 1, 0, 1, 1, 0, 0, 0, 0], [1, 1, 1, 1, 1, 0, 1, 0, 0, 1, 1, 0, 0, 1, 0, 0, 1, 1, 0], [1, 0, 0, 1, 0, 0, 1, 0, 0, 1, 0, 1, 1, 0, 1, 1, 1, 0, 0], [1, 0, 0, 0, 0, 0, 0, 1, 1, 0, 1, 1, 0, 1, 0, 1, 1, 1, 1], [0, 0, 0, 1, 1, 0, 1, 1, 0, 1, 0, 1, 0, 0, 1, 1, 0, 0, 0], [0, 0, 0, 0, 0, 0, 1, 0, 1, 1, 1, 0, 0, 0, 0, 1, 0, 1, 0], [1, 1, 1, 0, 0, 0, 0, 0, 1, 0, 0, 0, 0, 0, 1, 1, 1, 1, 0], [1, 0, 0, 1, 1, 0, 1, 1, 0, 1, 0, 0, 0, 0, 1, 1, 0, 1, 1], [1, 0, 0, 1, 0, 0, 1, 0, 1, 0, 1, 0, 1, 1, 0, 0, 1, 1, 0], [1, 1, 1, 0, 1, 0, 0, 0, 1, 1, 1, 1, 1, 1, 0, 0, 1, 1, 1], [1, 0, 1, 0, 1, 1, 0, 1, 1, 1, 0, 0, 1, 0, 1, 1, 0, 0, 1], [1, 1, 1, 1, 1, 0, 0, 1, 0, 1, 0, 1, 1, 1, 1, 1, 0, 0, 1], [1, 0, 1, 0, 0, 0, 0, 0, 0, 1, 0, 0, 0, 1, 0, 1, 1, 1, 0]]",4.0,8.0,Y,"{0: 28, 1: 20, 2: 36, 3: 44, 4: 52, 5: 4, 6: 60, 7: 68, 8: 76, 9: 84, 10: 92, 11: 100, 12: 108, 13: 116, 14: 124, 15: 132, 16: 140, 17: 148, 18: 12}","{(0, 1): 12, (0, 3): 4, (0, 4): 1, (0, 5): 1, (0, 7): 1, (0, 8): 1, (0, 9): 1, (0, 12): 1, (0, 13): 1, (0, 14): 1, (0, 15): 1, (0, 16): 1, (0, 17): 1, (0, 18): 1, (1, 2): 1, (1, 3): 1, (1, 4): 1, (1, 5): 1, (1, 7): 1, (1, 12): 1, (1, 15): 1, (1, 17): 1, (2, 4): 28, (2, 6): 1, (2, 7): 1, (2, 12): 1, (2, 15): 1, (2, 16): 1, (2, 17): 1, (2, 18): 1, (3, 4): 16, (3, 7): 18, (3, 8): 1, (3, 10): 1, (3, 13): 1, (3, 14): 1, (3, 17): 1, (4, 7): 1, (4, 10): 1, (4, 13): 1, (4, 15): 1, (4, 16): 1, (4, 17): 1, (5, 16): 2, (6, 7): 41, (6, 8): 4, (6, 10): 11, (6, 11): 1, (6, 13): 1, (6, 14): 1, (7, 9): 1, (7, 10): 1, (7, 13): 1, (7, 16): 1, (7, 17): 1, (8, 9): 1, (8, 11): 1, (8, 12): 1, (8, 14): 1, (8, 15): 1, (8, 16): 65, (9, 10): 19, (9, 11): 21, (9, 13): 22, (9, 15): 11, (9, 16): 1, (9, 17): 6, (9, 18): 1, (10, 11): 11, (10, 14): 47, (10, 15): 1, (11, 15): 1, (11, 17): 65, (12, 14): 11, (12, 15): 76, (12, 16): 6, (12, 17): 11, (13, 14): 1, (13, 15): 30, (13, 17): 57, (13, 18): 1, (14, 16): 60, (14, 17): 1, (15, 16): 1, (15, 17): 1, (15, 18): 6, (16, 18): 1, (17, 18): 1}",3270.1492309570312,449.0,57.0,1259.0
44.0,Graph with 19 nodes and 88 edges,"[[0, 1, 0, 1, 1, 1, 0, 1, 1, 1, 0, 0, 1, 1, 1, 1, 1, 1, 1], [1, 0, 1, 1, 1, 1, 0, 1, 0, 0, 0, 0, 1, 0, 0, 1, 0, 1, 0], [0, 1, 0, 0, 1, 0, 1, 1, 0, 0, 0, 0, 1, 0, 0, 1, 1, 1, 1], [1, 1, 0, 0, 1, 0, 0, 1, 1, 0, 1, 0, 0, 1, 1, 0, 0, 1, 0], [1, 1, 1, 1, 0, 0, 0, 1, 0, 0, 1, 0, 0, 1, 0, 1, 1, 1, 0], [1, 1, 0, 0, 0, 0, 0, 0, 0, 0, 0, 0, 0, 0, 0, 0, 1, 0, 0], [0, 0, 1, 0, 0, 0, 0, 1, 1, 0, 1, 1, 0, 1, 1, 0, 0, 0, 0], [1, 1, 1, 1, 1, 0, 1, 0, 0, 1, 1, 0, 0, 1, 0, 0, 1, 1, 0], [1, 0, 0, 1, 0, 0, 1, 0, 0, 1, 0, 1, 1, 0, 1, 1, 1, 0, 0], [1, 0, 0, 0, 0, 0, 0, 1, 1, 0, 1, 1, 0, 1, 0, 1, 1, 1, 1], [0, 0, 0, 1, 1, 0, 1, 1, 0, 1, 0, 1, 0, 0, 1, 1, 0, 0, 0], [0, 0, 0, 0, 0, 0, 1, 0, 1, 1, 1, 0, 0, 0, 0, 1, 0, 1, 0], [1, 1, 1, 0, 0, 0, 0, 0, 1, 0, 0, 0, 0, 0, 1, 1, 1, 1, 0], [1, 0, 0, 1, 1, 0, 1, 1, 0, 1, 0, 0, 0, 0, 1, 1, 0, 1, 1], [1, 0, 0, 1, 0, 0, 1, 0, 1, 0, 1, 0, 1, 1, 0, 0, 1, 1, 0], [1, 1, 1, 0, 1, 0, 0, 0, 1, 1, 1, 1, 1, 1, 0, 0, 1, 1, 1], [1, 0, 1, 0, 1, 1, 0, 1, 1, 1, 0, 0, 1, 0, 1, 1, 0, 0, 1], [1, 1, 1, 1, 1, 0, 0, 1, 0, 1, 0, 1, 1, 1, 1, 1, 0, 0, 1], [1, 0, 1, 0, 0, 0, 0, 0, 0, 1, 0, 0, 0, 1, 0, 1, 1, 1, 0]]",7.0,1.0,Y,"{0: 25, 1: 17, 2: 14, 3: 15, 4: 20, 5: 10, 6: 9, 7: 21, 8: 13, 9: 19, 10: 12, 11: 8, 12: 11, 13: 18, 14: 16, 15: 23, 16: 22, 17: 24, 18: 7}","{(0, 1): 9, (0, 3): 4, (0, 4): 1, (0, 5): 1, (0, 7): 1, (0, 8): 1, (0, 9): 1, (0, 12): 1, (0, 13): 1, (0, 14): 1, (0, 15): 1, (0, 16): 1, (0, 17): 1, (0, 18): 1, (1, 2): 1, (1, 3): 1, (1, 4): 1, (1, 5): 1, (1, 7): 1, (1, 12): 1, (1, 15): 1, (1, 17): 1, (2, 4): 1, (2, 6): 1, (2, 7): 1, (2, 12): 1, (2, 15): 1, (2, 16): 1, (2, 17): 6, (2, 18): 1, (3, 4): 1, (3, 7): 1, (3, 8): 1, (3, 10): 1, (3, 13): 1, (3, 14): 1, (3, 17): 4, (4, 7): 1, (4, 10): 1, (4, 13): 1, (4, 15): 4, (4, 16): 5, (4, 17): 4, (5, 16): 8, (6, 7): 1, (6, 8): 1, (6, 10): 1, (6, 11): 1, (6, 13): 1, (6, 14): 3, (7, 9): 3, (7, 10): 1, (7, 13): 9, (7, 16): 1, (7, 17): 1, (8, 9): 1, (8, 11): 1, (8, 12): 4, (8, 14): 2, (8, 15): 1, (8, 16): 1, (9, 10): 1, (9, 11): 2, (9, 13): 1, (9, 15): 7, (9, 16): 1, (9, 17): 1, (9, 18): 1, (10, 11): 1, (10, 14): 5, (10, 15): 1, (11, 15): 2, (11, 17): 1, (12, 14): 1, (12, 15): 1, (12, 16): 1, (12, 17): 1, (13, 14): 1, (13, 15): 1, (13, 17): 1, (13, 18): 1, (14, 16): 1, (14, 17): 1, (15, 16): 1, (15, 17): 1, (15, 18): 1, (16, 18): 1, (17, 18): 1}",2817.1539306640625,449.0,57.0,1259.0
44.0,Graph with 19 nodes and 88 edges,"[[0, 1, 0, 1, 1, 1, 0, 1, 1, 1, 0, 0, 1, 1, 1, 1, 1, 1, 1], [1, 0, 1, 1, 1, 1, 0, 1, 0, 0, 0, 0, 1, 0, 0, 1, 0, 1, 0], [0, 1, 0, 0, 1, 0, 1, 1, 0, 0, 0, 0, 1, 0, 0, 1, 1, 1, 1], [1, 1, 0, 0, 1, 0, 0, 1, 1, 0, 1, 0, 0, 1, 1, 0, 0, 1, 0], [1, 1, 1, 1, 0, 0, 0, 1, 0, 0, 1, 0, 0, 1, 0, 1, 1, 1, 0], [1, 1, 0, 0, 0, 0, 0, 0, 0, 0, 0, 0, 0, 0, 0, 0, 1, 0, 0], [0, 0, 1, 0, 0, 0, 0, 1, 1, 0, 1, 1, 0, 1, 1, 0, 0, 0, 0], [1, 1, 1, 1, 1, 0, 1, 0, 0, 1, 1, 0, 0, 1, 0, 0, 1, 1, 0], [1, 0, 0, 1, 0, 0, 1, 0, 0, 1, 0, 1, 1, 0, 1, 1, 1, 0, 0], [1, 0, 0, 0, 0, 0, 0, 1, 1, 0, 1, 1, 0, 1, 0, 1, 1, 1, 1], [0, 0, 0, 1, 1, 0, 1, 1, 0, 1, 0, 1, 0, 0, 1, 1, 0, 0, 0], [0, 0, 0, 0, 0, 0, 1, 0, 1, 1, 1, 0, 0, 0, 0, 1, 0, 1, 0], [1, 1, 1, 0, 0, 0, 0, 0, 1, 0, 0, 0, 0, 0, 1, 1, 1, 1, 0], [1, 0, 0, 1, 1, 0, 1, 1, 0, 1, 0, 0, 0, 0, 1, 1, 0, 1, 1], [1, 0, 0, 1, 0, 0, 1, 0, 1, 0, 1, 0, 1, 1, 0, 0, 1, 1, 0], [1, 1, 1, 0, 1, 0, 0, 0, 1, 1, 1, 1, 1, 1, 0, 0, 1, 1, 1], [1, 0, 1, 0, 1, 1, 0, 1, 1, 1, 0, 0, 1, 0, 1, 1, 0, 0, 1], [1, 1, 1, 1, 1, 0, 0, 1, 0, 1, 0, 1, 1, 1, 1, 1, 0, 0, 1], [1, 0, 1, 0, 0, 0, 0, 0, 0, 1, 0, 0, 0, 1, 0, 1, 1, 1, 0]]",21.0,9.0,Y,"{0: 30, 1: 39, 2: 48, 3: 57, 4: 66, 5: 75, 6: 84, 7: 93, 8: 102, 9: 111, 10: 120, 11: 129, 12: 138, 13: 147, 14: 156, 15: 165, 16: 174, 17: 183, 18: 21}","{(0, 1): 17, (0, 3): 1, (0, 4): 1, (0, 5): 1, (0, 7): 1, (0, 8): 1, (0, 9): 1, (0, 12): 1, (0, 13): 1, (0, 14): 1, (0, 15): 1, (0, 16): 1, (0, 17): 1, (0, 18): 1, (1, 2): 15, (1, 3): 1, (1, 4): 1, (1, 5): 1, (1, 7): 1, (1, 12): 1, (1, 15): 1, (1, 17): 1, (2, 4): 26, (2, 6): 1, (2, 7): 1, (2, 12): 1, (2, 15): 1, (2, 16): 1, (2, 17): 1, (2, 18): 1, (3, 4): 32, (3, 7): 18, (3, 8): 1, (3, 10): 1, (3, 13): 1, (3, 14): 1, (3, 17): 1, (4, 7): 1, (4, 10): 1, (4, 13): 1, (4, 15): 1, (4, 16): 1, (4, 17): 1, (5, 16): 73, (6, 7): 1, (6, 8): 1, (6, 10): 1, (6, 11): 57, (6, 13): 1, (6, 14): 22, (7, 9): 1, (7, 10): 1, (7, 13): 1, (7, 16): 1, (7, 17): 66, (8, 9): 1, (8, 11): 68, (8, 12): 27, (8, 14): 1, (8, 15): 1, (8, 16): 1, (9, 10): 1, (9, 11): 1, (9, 13): 1, (9, 15): 13, (9, 16): 2, (9, 17): 89, (9, 18): 1, (10, 11): 1, (10, 14): 113, (10, 15): 1, (11, 15): 1, (11, 17): 1, (12, 14): 15, (12, 15): 1, (12, 16): 91, (12, 17): 1, (13, 14): 1, (13, 15): 138, (13, 17): 1, (13, 18): 1, (14, 16): 1, (14, 17): 1, (15, 16): 1, (15, 17): 4, (15, 18): 1, (16, 18): 1, (17, 18): 15}",3341.9132232666016,449.0,57.0,1259.0
45.0,Graph with 19 nodes and 99 edges,"[[0, 0, 1, 1, 0, 0, 1, 1, 1, 1, 0, 0, 1, 0, 0, 1, 0, 0, 1], [0, 0, 0, 1, 1, 0, 1, 1, 0, 0, 0, 1, 1, 1, 1, 1, 1, 0, 1], [1, 0, 0, 1, 1, 1, 0, 0, 1, 1, 1, 1, 1, 1, 1, 1, 0, 1, 0], [1, 1, 1, 0, 1, 1, 1, 1, 1, 1, 1, 1, 1, 1, 1, 0, 1, 1, 1], [0, 1, 1, 1, 0, 0, 0, 0, 0, 1, 1, 1, 1, 0, 0, 1, 1, 0, 0], [0, 0, 1, 1, 0, 0, 0, 1, 0, 0, 0, 1, 1, 0, 1, 0, 1, 0, 1], [1, 1, 0, 1, 0, 0, 0, 1, 1, 1, 1, 0, 1, 1, 1, 0, 0, 1, 0], [1, 1, 0, 1, 0, 1, 1, 0, 0, 0, 1, 0, 0, 1, 0, 1, 1, 0, 0], [1, 0, 1, 1, 0, 0, 1, 0, 0, 0, 0, 1, 0, 0, 0, 1, 1, 1, 0], [1, 0, 1, 1, 1, 0, 1, 0, 0, 0, 1, 1, 0, 0, 0, 0, 1, 0, 0], [0, 0, 1, 1, 1, 0, 1, 1, 0, 1, 0, 1, 0, 0, 0, 0, 0, 0, 1], [0, 1, 1, 1, 1, 1, 0, 0, 1, 1, 1, 0, 1, 1, 0, 0, 1, 1, 1], [1, 1, 1, 1, 1, 1, 1, 0, 0, 0, 0, 1, 0, 1, 1, 1, 0, 1, 0], [0, 1, 1, 1, 0, 0, 1, 1, 0, 0, 0, 1, 1, 0, 1, 1, 1, 1, 1], [0, 1, 1, 1, 0, 1, 1, 0, 0, 0, 0, 0, 1, 1, 0, 0, 1, 0, 0], [1, 1, 1, 0, 1, 0, 0, 1, 1, 0, 0, 0, 1, 1, 0, 0, 1, 0, 1], [0, 1, 0, 1, 1, 1, 0, 1, 1, 1, 0, 1, 0, 1, 1, 1, 0, 1, 1], [0, 0, 1, 1, 0, 0, 1, 0, 1, 0, 0, 1, 1, 1, 0, 0, 1, 0, 1], [1, 1, 0, 1, 0, 1, 0, 0, 0, 0, 1, 1, 0, 1, 0, 1, 1, 1, 0]]",17.0,7.0,Y,"{0: 24, 1: 31, 2: 38, 3: 45, 4: 52, 5: 59, 6: 66, 7: 73, 8: 80, 9: 87, 10: 94, 11: 101, 12: 108, 13: 115, 14: 122, 15: 129, 16: 136, 17: 143, 18: 17}","{(0, 2): 16, (0, 3): 1, (0, 6): 1, (0, 7): 1, (0, 8): 1, (0, 9): 1, (0, 12): 1, (0, 15): 1, (0, 18): 1, (1, 3): 21, (1, 4): 1, (1, 6): 1, (1, 7): 1, (1, 11): 1, (1, 12): 1, (1, 13): 1, (1, 14): 1, (1, 15): 1, (1, 16): 1, (1, 18): 1, (2, 3): 9, (2, 4): 3, (2, 5): 1, (2, 8): 1, (2, 9): 1, (2, 10): 1, (2, 11): 1, (2, 12): 1, (2, 13): 1, (2, 14): 1, (2, 15): 1, (2, 17): 1, (3, 4): 1, (3, 5): 1, (3, 6): 1, (3, 7): 1, (3, 8): 1, (3, 9): 1, (3, 10): 1, (3, 11): 1, (3, 12): 1, (3, 13): 1, (3, 14): 1, (3, 16): 1, (3, 17): 1, (3, 18): 1, (4, 9): 42, (4, 10): 1, (4, 11): 1, (4, 12): 1, (4, 15): 1, (4, 16): 1, (5, 7): 52, (5, 11): 1, (5, 12): 1, (5, 14): 1, (5, 16): 1, (5, 18): 1, (6, 7): 1, (6, 8): 1, (6, 9): 1, (6, 10): 27, (6, 12): 8, (6, 13): 16, (6, 14): 8, (6, 17): 1, (7, 10): 10, (7, 13): 5, (7, 15): 1, (7, 16): 1, (8, 11): 5, (8, 15): 56, (8, 16): 1, (8, 17): 14, (9, 10): 21, (9, 11): 10, (9, 16): 10, (10, 11): 32, (10, 18): 1, (11, 12): 1, (11, 13): 1, (11, 16): 8, (11, 17): 37, (11, 18): 2, (12, 13): 7, (12, 14): 37, (12, 15): 3, (12, 17): 46, (13, 14): 69, (13, 15): 2, (13, 16): 8, (13, 17): 1, (13, 18): 3, (14, 16): 4, (15, 16): 60, (15, 18): 3, (16, 17): 39, (16, 18): 1, (17, 18): 3}",3180.980682373047,460.0,57.0,1281.0
46.0,Graph with 19 nodes and 79 edges,"[[0, 1, 1, 1, 0, 1, 1, 1, 0, 0, 0, 0, 1, 0, 1, 0, 1, 0, 0], [1, 0, 1, 0, 0, 1, 0, 0, 1, 1, 1, 0, 1, 0, 0, 1, 0, 1, 0], [1, 1, 0, 0, 1, 1, 0, 1, 1, 0, 1, 1, 0, 1, 0, 1, 1, 0, 0], [1, 0, 0, 0, 0, 1, 1, 0, 1, 1, 0, 1, 0, 1, 0, 0, 0, 1, 0], [0, 0, 1, 0, 0, 0, 0, 1, 0, 0, 1, 0, 0, 0, 1, 0, 0, 1, 1], [1, 1, 1, 1, 0, 0, 0, 0, 1, 1, 0, 0, 0, 1, 0, 1, 1, 1, 1], [1, 0, 0, 1, 0, 0, 0, 0, 0, 0, 0, 0, 0, 0, 1, 1, 0, 1, 0], [1, 0, 1, 0, 1, 0, 0, 0, 0, 1, 0, 0, 0, 0, 0, 1, 1, 1, 0], [0, 1, 1, 1, 0, 1, 0, 0, 0, 0, 0, 0, 1, 0, 1, 0, 0, 0, 1], [0, 1, 0, 1, 0, 1, 0, 1, 0, 0, 1, 0, 1, 1, 0, 0, 0, 0, 0], [0, 1, 1, 0, 1, 0, 0, 0, 0, 1, 0, 0, 1, 0, 1, 1, 1, 1, 0], [0, 0, 1, 1, 0, 0, 0, 0, 0, 0, 0, 0, 1, 0, 1, 0, 0, 1, 0], [1, 1, 0, 0, 0, 0, 0, 0, 1, 1, 1, 1, 0, 1, 1, 1, 1, 1, 0], [0, 0, 1, 1, 0, 1, 0, 0, 0, 1, 0, 0, 1, 0, 0, 1, 0, 0, 0], [1, 0, 0, 0, 1, 0, 1, 0, 1, 0, 1, 1, 1, 0, 0, 0, 1, 1, 1], [0, 1, 1, 0, 0, 1, 1, 1, 0, 0, 1, 0, 1, 1, 0, 0, 0, 1, 1], [1, 0, 1, 0, 0, 1, 0, 1, 0, 0, 1, 0, 1, 0, 1, 0, 0, 0, 1], [0, 1, 0, 1, 1, 1, 1, 1, 0, 0, 1, 1, 1, 0, 1, 1, 0, 0, 1], [0, 0, 0, 0, 1, 1, 0, 0, 1, 0, 0, 0, 0, 0, 1, 1, 1, 1, 0]]",23.0,1.0,Y,"{0: 24, 1: 25, 2: 26, 3: 27, 4: 28, 5: 29, 6: 30, 7: 31, 8: 32, 9: 33, 10: 34, 11: 35, 12: 36, 13: 37, 14: 38, 15: 39, 16: 40, 17: 41, 18: 23}","{(0, 1): 16, (0, 2): 1, (0, 3): 1, (0, 5): 1, (0, 6): 1, (0, 7): 1, (0, 12): 1, (0, 14): 1, (0, 16): 1, (1, 2): 2, (1, 5): 1, (1, 8): 1, (1, 9): 1, (1, 10): 1, (1, 12): 1, (1, 15): 1, (1, 17): 1, (2, 4): 15, (2, 5): 1, (2, 7): 1, (2, 8): 1, (2, 10): 1, (2, 11): 1, (2, 13): 1, (2, 15): 1, (2, 16): 1, (3, 5): 19, (3, 6): 2, (3, 8): 1, (3, 9): 1, (3, 11): 1, (3, 13): 1, (3, 17): 1, (4, 7): 9, (4, 10): 1, (4, 14): 1, (4, 17): 1, (4, 18): 1, (5, 8): 1, (5, 9): 1, (5, 13): 1, (5, 15): 1, (5, 16): 1, (5, 17): 1, (5, 18): 1, (6, 14): 25, (6, 15): 1, (6, 17): 1, (7, 9): 17, (7, 15): 1, (7, 16): 1, (7, 17): 1, (8, 12): 26, (8, 14): 1, (8, 18): 1, (9, 10): 9, (9, 12): 1, (9, 13): 3, (10, 12): 1, (10, 14): 3, (10, 15): 1, (10, 16): 16, (10, 17): 1, (11, 12): 1, (11, 14): 2, (11, 17): 30, (12, 13): 1, (12, 14): 1, (12, 15): 1, (12, 16): 1, (12, 17): 1, (13, 15): 30, (14, 16): 2, (14, 17): 1, (14, 18): 1, (15, 17): 1, (15, 18): 1, (16, 18): 17, (17, 18): 1}",2979.9938201904297,440.0,57.0,1241.0
48.0,Graph with 19 nodes and 91 edges,"[[0, 0, 0, 0, 0, 0, 1, 1, 1, 1, 0, 0, 0, 1, 0, 1, 1, 0, 1], [0, 0, 1, 0, 1, 0, 1, 0, 0, 1, 0, 1, 0, 1, 1, 0, 0, 1, 1], [0, 1, 0, 1, 1, 1, 0, 0, 1, 1, 0, 0, 0, 1, 1, 1, 1, 1, 1], [0, 0, 1, 0, 0, 0, 1, 0, 1, 1, 1, 1, 0, 0, 1, 0, 0, 0, 0], [0, 1, 1, 0, 0, 0, 0, 1, 1, 1, 0, 0, 0, 0, 1, 1, 1, 0, 1], [0, 0, 1, 0, 0, 0, 1, 1, 0, 1, 1, 0, 1, 1, 0, 0, 0, 0, 1], [1, 1, 0, 1, 0, 1, 0, 1, 1, 0, 1, 1, 1, 1, 1, 0, 1, 0, 1], [1, 0, 0, 0, 1, 1, 1, 0, 1, 0, 1, 1, 1, 1, 1, 1, 0, 0, 0], [1, 0, 1, 1, 1, 0, 1, 1, 0, 0, 0, 0, 0, 1, 0, 1, 1, 1, 0], [1, 1, 1, 1, 1, 1, 0, 0, 0, 0, 1, 0, 1, 0, 0, 1, 0, 1, 0], [0, 0, 0, 1, 0, 1, 1, 1, 0, 1, 0, 1, 1, 0, 0, 1, 1, 1, 0], [0, 1, 0, 1, 0, 0, 1, 1, 0, 0, 1, 0, 1, 0, 1, 1, 1, 1, 1], [0, 0, 0, 0, 0, 1, 1, 1, 0, 1, 1, 1, 0, 0, 1, 0, 0, 1, 0], [1, 1, 1, 0, 0, 1, 1, 1, 1, 0, 0, 0, 0, 0, 1, 0, 1, 0, 1], [0, 1, 1, 1, 1, 0, 1, 1, 0, 0, 0, 1, 1, 1, 0, 0, 0, 0, 1], [1, 0, 1, 0, 1, 0, 0, 1, 1, 1, 1, 1, 0, 0, 0, 0, 0, 0, 0], [1, 0, 1, 0, 1, 0, 1, 0, 1, 0, 1, 1, 0, 1, 0, 0, 0, 1, 1], [0, 1, 1, 0, 0, 0, 0, 0, 1, 1, 1, 1, 1, 0, 0, 0, 1, 0, 0], [1, 1, 1, 0, 1, 1, 1, 0, 0, 0, 0, 1, 0, 1, 1, 0, 1, 0, 0]]",15.0,1.0,Y,"{0: 19, 1: 33, 2: 29, 3: 24, 4: 31, 5: 16, 6: 23, 7: 25, 8: 17, 9: 30, 10: 20, 11: 22, 12: 18, 13: 32, 14: 21, 15: 15, 16: 26, 17: 27, 18: 28}","{(0, 6): 11, (0, 7): 1, (0, 8): 1, (0, 9): 1, (0, 13): 1, (0, 15): 1, (0, 16): 1, (0, 18): 2, (1, 2): 1, (1, 4): 1, (1, 6): 1, (1, 9): 1, (1, 11): 1, (1, 13): 1, (1, 14): 1, (1, 17): 8, (1, 18): 18, (2, 3): 1, (2, 4): 18, (2, 5): 1, (2, 8): 1, (2, 9): 1, (2, 13): 1, (2, 14): 1, (2, 15): 1, (2, 16): 1, (2, 17): 1, (2, 18): 1, (3, 6): 1, (3, 8): 1, (3, 9): 1, (3, 10): 1, (3, 11): 7, (3, 14): 12, (4, 7): 1, (4, 8): 1, (4, 9): 1, (4, 14): 1, (4, 15): 1, (4, 16): 6, (4, 18): 1, (5, 6): 1, (5, 7): 1, (5, 9): 1, (5, 10): 1, (5, 12): 1, (5, 13): 9, (5, 18): 1, (6, 7): 1, (6, 8): 1, (6, 10): 1, (6, 11): 1, (6, 12): 1, (6, 13): 1, (6, 14): 1, (6, 16): 1, (6, 18): 1, (7, 8): 1, (7, 10): 1, (7, 11): 1, (7, 12): 1, (7, 13): 15, (7, 14): 1, (7, 15): 1, (8, 13): 1, (8, 15): 1, (8, 16): 8, (8, 17): 1, (9, 10): 1, (9, 12): 2, (9, 15): 8, (9, 17): 13, (10, 11): 2, (10, 12): 10, (10, 15): 1, (10, 16): 1, (10, 17): 1, (11, 12): 1, (11, 14): 1, (11, 15): 1, (11, 16): 5, (11, 17): 1, (11, 18): 1, (12, 14): 1, (12, 17): 1, (13, 14): 1, (13, 16): 1, (13, 18): 1, (14, 18): 1, (16, 17): 1, (16, 18): 1}",2176.046371459961,452.0,57.0,1265.0
50.0,Graph with 19 nodes and 84 edges,"[[0, 1, 1, 0, 1, 0, 1, 0, 0, 0, 0, 0, 0, 0, 0, 0, 1, 1, 0], [1, 0, 1, 0, 1, 0, 0, 1, 0, 0, 0, 0, 1, 0, 1, 1, 1, 1, 1], [1, 1, 0, 1, 1, 1, 1, 1, 0, 0, 1, 1, 1, 0, 1, 0, 0, 1, 1], [0, 0, 1, 0, 0, 0, 1, 0, 0, 0, 1, 1, 0, 1, 0, 1, 1, 1, 0], [1, 1, 1, 0, 0, 1, 1, 0, 1, 1, 0, 0, 0, 1, 0, 1, 0, 1, 0], [0, 0, 1, 0, 1, 0, 1, 1, 0, 1, 1, 0, 0, 1, 1, 0, 0, 1, 1], [1, 0, 1, 1, 1, 1, 0, 1, 0, 0, 0, 1, 0, 0, 0, 1, 1, 0, 1], [0, 1, 1, 0, 0, 1, 1, 0, 0, 0, 0, 1, 0, 0, 0, 0, 1, 0, 1], [0, 0, 0, 0, 1, 0, 0, 0, 0, 1, 1, 0, 0, 0, 0, 1, 1, 1, 0], [0, 0, 0, 0, 1, 1, 0, 0, 1, 0, 0, 1, 0, 1, 0, 1, 1, 1, 1], [0, 0, 1, 1, 0, 1, 0, 0, 1, 0, 0, 0, 0, 0, 0, 1, 0, 1, 0], [0, 0, 1, 1, 0, 0, 1, 1, 0, 1, 0, 0, 1, 0, 1, 1, 1, 0, 0], [0, 1, 1, 0, 0, 0, 0, 0, 0, 0, 0, 1, 0, 0, 1, 0, 1, 0, 0], [0, 0, 0, 1, 1, 1, 0, 0, 0, 1, 0, 0, 0, 0, 1, 1, 1, 0, 1], [0, 1, 1, 0, 0, 1, 0, 0, 0, 0, 0, 1, 1, 1, 0, 0, 0, 0, 0], [0, 1, 0, 1, 1, 0, 1, 0, 1, 1, 1, 1, 0, 1, 0, 0, 1, 1, 0], [1, 1, 0, 1, 0, 0, 1, 1, 1, 1, 0, 1, 1, 1, 0, 1, 0, 1, 1], [1, 1, 1, 1, 1, 1, 0, 0, 1, 1, 1, 0, 0, 0, 0, 1, 1, 0, 1], [0, 1, 1, 0, 0, 1, 1, 1, 0, 1, 0, 0, 0, 1, 0, 0, 1, 1, 0]]",19.0,1.0,Y,"{0: 19, 1: 37, 2: 36, 3: 35, 4: 34, 5: 33, 6: 32, 7: 31, 8: 30, 9: 29, 10: 28, 11: 27, 12: 26, 13: 25, 14: 24, 15: 23, 16: 22, 17: 21, 18: 20}","{(0, 1): 1, (0, 2): 1, (0, 4): 1, (0, 6): 1, (0, 16): 10, (0, 17): 5, (1, 2): 1, (1, 4): 1, (1, 7): 1, (1, 12): 1, (1, 14): 1, (1, 15): 12, (1, 16): 1, (1, 17): 6, (1, 18): 12, (2, 3): 1, (2, 4): 24, (2, 5): 1, (2, 6): 1, (2, 7): 1, (2, 10): 1, (2, 11): 1, (2, 12): 1, (2, 14): 1, (2, 17): 1, (2, 18): 1, (3, 6): 1, (3, 10): 1, (3, 11): 10, (3, 13): 18, (3, 15): 2, (3, 16): 1, (3, 17): 1, (4, 5): 1, (4, 6): 1, (4, 8): 1, (4, 9): 2, (4, 13): 1, (4, 15): 1, (4, 17): 1, (5, 6): 1, (5, 7): 2, (5, 9): 1, (5, 10): 18, (5, 13): 1, (5, 14): 6, (5, 17): 1, (5, 18): 1, (6, 7): 23, (6, 11): 1, (6, 15): 1, (6, 16): 1, (6, 18): 1, (7, 11): 2, (7, 16): 1, (7, 18): 1, (8, 9): 20, (8, 10): 6, (8, 15): 1, (8, 16): 1, (8, 17): 1, (9, 11): 1, (9, 13): 1, (9, 15): 1, (9, 16): 1, (9, 17): 1, (9, 18): 1, (10, 15): 1, (10, 17): 1, (11, 12): 9, (11, 14): 1, (11, 15): 1, (11, 16): 1, (12, 14): 14, (12, 16): 1, (13, 14): 1, (13, 15): 1, (13, 16): 1, (13, 18): 1, (15, 16): 1, (15, 17): 1, (16, 17): 1, (16, 18): 1, (17, 18): 1}",1737.1177673339844,445.0,57.0,1251.0
51.0,Graph with 19 nodes and 83 edges,"[[0, 1, 0, 0, 1, 0, 1, 1, 0, 0, 1, 0, 1, 1, 1, 0, 0, 1, 1], [1, 0, 0, 0, 1, 0, 0, 1, 1, 0, 0, 0, 1, 1, 0, 0, 1, 1, 1], [0, 0, 0, 0, 1, 0, 1, 0, 1, 1, 0, 1, 0, 0, 0, 0, 1, 1, 1], [0, 0, 0, 0, 1, 0, 1, 1, 1, 0, 0, 1, 1, 0, 0, 0, 1, 0, 1], [1, 1, 1, 1, 0, 1, 1, 1, 0, 1, 1, 1, 1, 0, 1, 1, 0, 0, 1], [0, 0, 0, 0, 1, 0, 0, 0, 0, 0, 1, 1, 1, 0, 0, 1, 1, 0, 0], [1, 0, 1, 1, 1, 0, 0, 1, 1, 1, 0, 1, 1, 0, 0, 1, 0, 0, 1], [1, 1, 0, 1, 1, 0, 1, 0, 1, 0, 1, 0, 1, 1, 0, 0, 0, 0, 0], [0, 1, 1, 1, 0, 0, 1, 1, 0, 0, 0, 0, 0, 0, 0, 1, 1, 0, 1], [0, 0, 1, 0, 1, 0, 1, 0, 0, 0, 0, 0, 0, 0, 0, 1, 1, 0, 0], [1, 0, 0, 0, 1, 1, 0, 1, 0, 0, 0, 0, 1, 1, 0, 0, 1, 1, 0], [0, 0, 1, 1, 1, 1, 1, 0, 0, 0, 0, 0, 1, 0, 1, 0, 0, 1, 1], [1, 1, 0, 1, 1, 1, 1, 1, 0, 0, 1, 1, 0, 0, 0, 0, 1, 0, 1], [1, 1, 0, 0, 0, 0, 0, 1, 0, 0, 1, 0, 0, 0, 1, 1, 1, 0, 0], [1, 0, 0, 0, 1, 0, 0, 0, 0, 0, 0, 1, 0, 1, 0, 1, 1, 0, 0], [0, 0, 0, 0, 1, 1, 1, 0, 1, 1, 0, 0, 0, 1, 1, 0, 0, 0, 1], [0, 1, 1, 1, 0, 1, 0, 0, 1, 1, 1, 0, 1, 1, 1, 0, 0, 1, 1], [1, 1, 1, 0, 0, 0, 0, 0, 0, 0, 1, 1, 0, 0, 0, 0, 1, 0, 0], [1, 1, 1, 1, 1, 0, 1, 0, 1, 0, 0, 1, 1, 0, 0, 1, 1, 0, 0]]",10.0,8.0,Y,"{0: 18, 1: 26, 2: 34, 3: 42, 4: 50, 5: 58, 6: 66, 7: 74, 8: 82, 9: 90, 10: 98, 11: 106, 12: 114, 13: 122, 14: 130, 15: 138, 16: 146, 17: 10, 18: 154}","{(0, 1): 9, (0, 4): 1, (0, 6): 1, (0, 7): 1, (0, 10): 1, (0, 12): 1, (0, 13): 1, (0, 14): 1, (0, 17): 1, (0, 18): 1, (1, 4): 10, (1, 7): 1, (1, 8): 1, (1, 12): 1, (1, 13): 1, (1, 16): 1, (1, 17): 1, (1, 18): 1, (2, 4): 27, (2, 6): 1, (2, 8): 1, (2, 9): 1, (2, 11): 1, (2, 16): 1, (2, 17): 1, (2, 18): 1, (3, 4): 2, (3, 6): 34, (3, 7): 1, (3, 8): 1, (3, 11): 1, (3, 12): 1, (3, 16): 1, (3, 18): 1, (4, 5): 1, (4, 6): 1, (4, 7): 1, (4, 9): 1, (4, 10): 1, (4, 11): 1, (4, 12): 1, (4, 14): 1, (4, 15): 1, (4, 18): 1, (5, 10): 1, (5, 11): 1, (5, 12): 1, (5, 15): 1, (5, 16): 53, (6, 7): 1, (6, 8): 1, (6, 9): 23, (6, 11): 1, (6, 12): 1, (6, 15): 1, (6, 18): 1, (7, 8): 1, (7, 10): 1, (7, 12): 1, (7, 13): 66, (8, 15): 1, (8, 16): 1, (8, 18): 75, (9, 15): 64, (9, 16): 1, (10, 12): 46, (10, 13): 24, (10, 16): 23, (10, 17): 1, (11, 12): 1, (11, 14): 98, (11, 17): 1, (11, 18): 1, (12, 16): 57, (12, 18): 3, (13, 14): 28, (13, 15): 1, (13, 16): 1, (14, 15): 1, (14, 16): 1, (15, 18): 68, (16, 17): 5, (16, 18): 1}",2846.956253051758,444.0,57.0,1249.0
52.0,Graph with 19 nodes and 98 edges,"[[0, 0, 1, 0, 1, 1, 0, 1, 1, 1, 1, 0, 1, 1, 0, 1, 0, 1, 1], [0, 0, 1, 0, 1, 1, 1, 1, 0, 1, 0, 1, 1, 1, 0, 1, 0, 1, 1], [1, 1, 0, 1, 0, 1, 0, 1, 0, 1, 1, 1, 1, 0, 1, 0, 0, 1, 1], [0, 0, 1, 0, 0, 1, 1, 0, 1, 0, 0, 0, 1, 0, 1, 1, 1, 1, 1], [1, 1, 0, 0, 0, 1, 1, 1, 1, 1, 1, 0, 0, 1, 1, 1, 0, 0, 0], [1, 1, 1, 1, 1, 0, 1, 0, 0, 1, 1, 0, 0, 1, 0, 0, 1, 0, 0], [0, 1, 0, 1, 1, 1, 0, 1, 1, 1, 1, 1, 0, 1, 0, 0, 1, 0, 1], [1, 1, 1, 0, 1, 0, 1, 0, 0, 1, 1, 1, 1, 1, 0, 1, 1, 0, 0], [1, 0, 0, 1, 1, 0, 1, 0, 0, 0, 0, 1, 0, 0, 1, 1, 0, 0, 0], [1, 1, 1, 0, 1, 1, 1, 1, 0, 0, 0, 0, 0, 0, 0, 1, 1, 1, 0], [1, 0, 1, 0, 1, 1, 1, 1, 0, 0, 0, 1, 1, 0, 0, 0, 1, 1, 1], [0, 1, 1, 0, 0, 0, 1, 1, 1, 0, 1, 0, 1, 0, 1, 1, 1, 0, 1], [1, 1, 1, 1, 0, 0, 0, 1, 0, 0, 1, 1, 0, 0, 0, 0, 1, 1, 1], [1, 1, 0, 0, 1, 1, 1, 1, 0, 0, 0, 0, 0, 0, 1, 0, 0, 0, 1], [0, 0, 1, 1, 1, 0, 0, 0, 1, 0, 0, 1, 0, 1, 0, 1, 0, 1, 0], [1, 1, 0, 1, 1, 0, 0, 1, 1, 1, 0, 1, 0, 0, 1, 0, 1, 0, 0], [0, 0, 0, 1, 0, 1, 1, 1, 0, 1, 1, 1, 1, 0, 0, 1, 0, 0, 1], [1, 1, 1, 1, 0, 0, 0, 0, 0, 1, 1, 0, 1, 0, 1, 0, 0, 0, 1], [1, 1, 1, 1, 0, 0, 1, 0, 0, 0, 1, 1, 1, 1, 0, 0, 1, 1, 0]]",28.0,6.0,Y,"{0: 34, 1: 40, 2: 46, 3: 52, 4: 58, 5: 64, 6: 70, 7: 76, 8: 82, 9: 88, 10: 94, 11: 100, 12: 106, 13: 112, 14: 118, 15: 124, 16: 130, 17: 136, 18: 28}","{(0, 2): 23, (0, 4): 1, (0, 5): 1, (0, 7): 1, (0, 8): 1, (0, 9): 1, (0, 10): 1, (0, 12): 1, (0, 13): 1, (0, 15): 1, (0, 17): 1, (0, 18): 1, (1, 2): 13, (1, 4): 17, (1, 5): 1, (1, 6): 1, (1, 7): 1, (1, 9): 1, (1, 11): 1, (1, 12): 1, (1, 13): 1, (1, 15): 1, (1, 17): 1, (1, 18): 1, (2, 3): 1, (2, 5): 1, (2, 7): 1, (2, 9): 1, (2, 10): 1, (2, 11): 1, (2, 12): 1, (2, 14): 1, (2, 17): 1, (2, 18): 1, (3, 5): 43, (3, 6): 1, (3, 8): 1, (3, 12): 1, (3, 14): 1, (3, 15): 1, (3, 16): 1, (3, 17): 1, (3, 18): 1, (4, 5): 13, (4, 6): 20, (4, 7): 1, (4, 8): 1, (4, 9): 1, (4, 10): 1, (4, 13): 1, (4, 14): 1, (4, 15): 1, (5, 6): 1, (5, 9): 1, (5, 10): 1, (5, 13): 1, (5, 16): 1, (6, 7): 1, (6, 8): 1, (6, 9): 1, (6, 10): 1, (6, 11): 1, (6, 13): 40, (6, 16): 1, (6, 18): 1, (7, 9): 1, (7, 10): 1, (7, 11): 1, (7, 12): 1, (7, 13): 1, (7, 15): 65, (7, 16): 1, (8, 11): 53, (8, 14): 1, (8, 15): 24, (9, 15): 1, (9, 16): 79, (9, 17): 1, (10, 11): 38, (10, 12): 1, (10, 16): 43, (10, 17): 1, (10, 18): 5, (11, 12): 1, (11, 14): 1, (11, 15): 1, (11, 16): 1, (11, 18): 1, (12, 16): 1, (12, 17): 97, (12, 18): 1, (13, 14): 66, (13, 18): 1, (14, 15): 28, (14, 17): 19, (15, 16): 1, (16, 18): 1, (17, 18): 14}",3674.030303955078,459.0,57.0,1279.0
53.0,Graph with 19 nodes and 89 edges,"[[0, 0, 0, 1, 0, 0, 1, 1, 1, 1, 1, 0, 0, 1, 1, 1, 1, 1, 1], [0, 0, 0, 0, 1, 0, 0, 1, 1, 1, 1, 0, 0, 0, 1, 0, 1, 0, 1], [0, 0, 0, 0, 0, 1, 0, 1, 0, 0, 0, 0, 0, 1, 0, 1, 0, 0, 1], [1, 0, 0, 0, 0, 0, 1, 0, 1, 0, 1, 1, 1, 1, 0, 1, 1, 0, 1], [0, 1, 0, 0, 0, 0, 1, 0, 1, 1, 0, 1, 1, 0, 1, 1, 0, 0, 0], [0, 0, 1, 0, 0, 0, 1, 0, 1, 0, 0, 0, 0, 1, 1, 0, 1, 1, 0], [1, 0, 0, 1, 1, 1, 0, 1, 1, 0, 0, 1, 0, 0, 1, 1, 1, 1, 0], [1, 1, 1, 0, 0, 0, 1, 0, 0, 0, 0, 1, 0, 0, 1, 1, 1, 0, 1], [1, 1, 0, 1, 1, 1, 1, 0, 0, 0, 0, 1, 0, 0, 0, 1, 0, 1, 0], [1, 1, 0, 0, 1, 0, 0, 0, 0, 0, 1, 1, 0, 1, 0, 0, 1, 1, 1], [1, 1, 0, 1, 0, 0, 0, 0, 0, 1, 0, 1, 1, 1, 0, 1, 0, 0, 1], [0, 0, 0, 1, 1, 0, 1, 1, 1, 1, 1, 0, 1, 0, 1, 1, 1, 1, 0], [0, 0, 0, 1, 1, 0, 0, 0, 0, 0, 1, 1, 0, 0, 1, 1, 1, 1, 0], [1, 0, 1, 1, 0, 1, 0, 0, 0, 1, 1, 0, 0, 0, 0, 0, 0, 0, 0], [1, 1, 0, 0, 1, 1, 1, 1, 0, 0, 0, 1, 1, 0, 0, 1, 1, 1, 1], [1, 0, 1, 1, 1, 0, 1, 1, 1, 0, 1, 1, 1, 0, 1, 0, 0, 0, 0], [1, 1, 0, 1, 0, 1, 1, 1, 0, 1, 0, 1, 1, 0, 1, 0, 0, 1, 1], [1, 0, 0, 0, 0, 1, 1, 0, 1, 1, 0, 1, 1, 0, 1, 0, 1, 0, 1], [1, 1, 1, 1, 0, 0, 0, 1, 0, 1, 1, 0, 0, 0, 1, 0, 1, 1, 0]]",6.0,4.0,Y,"{0: 14, 1: 10, 2: 6, 3: 78, 4: 74, 5: 70, 6: 66, 7: 62, 8: 58, 9: 54, 10: 50, 11: 46, 12: 42, 13: 38, 14: 34, 15: 30, 16: 26, 17: 22, 18: 18}","{(0, 3): 1, (0, 6): 1, (0, 7): 1, (0, 8): 3, (0, 9): 1, (0, 10): 1, (0, 13): 1, (0, 14): 1, (0, 15): 1, (0, 16): 1, (0, 17): 1, (0, 18): 1, (1, 4): 1, (1, 7): 1, (1, 8): 1, (1, 9): 1, (1, 10): 1, (1, 14): 1, (1, 16): 3, (1, 18): 1, (2, 5): 1, (2, 7): 1, (2, 13): 1, (2, 15): 2, (2, 18): 1, (3, 6): 1, (3, 8): 1, (3, 10): 1, (3, 11): 35, (3, 12): 1, (3, 13): 1, (3, 15): 15, (3, 16): 13, (3, 18): 9, (4, 6): 1, (4, 8): 1, (4, 9): 7, (4, 11): 1, (4, 12): 35, (4, 14): 23, (4, 15): 5, (5, 6): 1, (5, 8): 34, (5, 13): 31, (5, 14): 1, (5, 16): 1, (5, 17): 1, (6, 7): 54, (6, 8): 3, (6, 11): 1, (6, 14): 1, (6, 15): 1, (6, 16): 1, (6, 17): 1, (7, 11): 1, (7, 14): 1, (7, 15): 1, (7, 16): 1, (7, 18): 1, (8, 11): 1, (8, 15): 1, (8, 17): 13, (9, 10): 40, (9, 11): 1, (9, 13): 1, (9, 16): 1, (9, 17): 1, (9, 18): 1, (10, 11): 1, (10, 12): 1, (10, 13): 3, (10, 15): 1, (10, 18): 1, (11, 12): 1, (11, 14): 1, (11, 15): 1, (11, 16): 1, (11, 17): 1, (12, 14): 1, (12, 15): 1, (12, 16): 1, (12, 17): 1, (14, 15): 1, (14, 16): 1, (14, 17): 1, (14, 18): 1, (16, 17): 1, (16, 18): 1, (17, 18): 1}",2410.888671875,450.0,57.0,1261.0
53.0,Graph with 19 nodes and 89 edges,"[[0, 0, 0, 1, 0, 0, 1, 1, 1, 1, 1, 0, 0, 1, 1, 1, 1, 1, 1], [0, 0, 0, 0, 1, 0, 0, 1, 1, 1, 1, 0, 0, 0, 1, 0, 1, 0, 1], [0, 0, 0, 0, 0, 1, 0, 1, 0, 0, 0, 0, 0, 1, 0, 1, 0, 0, 1], [1, 0, 0, 0, 0, 0, 1, 0, 1, 0, 1, 1, 1, 1, 0, 1, 1, 0, 1], [0, 1, 0, 0, 0, 0, 1, 0, 1, 1, 0, 1, 1, 0, 1, 1, 0, 0, 0], [0, 0, 1, 0, 0, 0, 1, 0, 1, 0, 0, 0, 0, 1, 1, 0, 1, 1, 0], [1, 0, 0, 1, 1, 1, 0, 1, 1, 0, 0, 1, 0, 0, 1, 1, 1, 1, 0], [1, 1, 1, 0, 0, 0, 1, 0, 0, 0, 0, 1, 0, 0, 1, 1, 1, 0, 1], [1, 1, 0, 1, 1, 1, 1, 0, 0, 0, 0, 1, 0, 0, 0, 1, 0, 1, 0], [1, 1, 0, 0, 1, 0, 0, 0, 0, 0, 1, 1, 0, 1, 0, 0, 1, 1, 1], [1, 1, 0, 1, 0, 0, 0, 0, 0, 1, 0, 1, 1, 1, 0, 1, 0, 0, 1], [0, 0, 0, 1, 1, 0, 1, 1, 1, 1, 1, 0, 1, 0, 1, 1, 1, 1, 0], [0, 0, 0, 1, 1, 0, 0, 0, 0, 0, 1, 1, 0, 0, 1, 1, 1, 1, 0], [1, 0, 1, 1, 0, 1, 0, 0, 0, 1, 1, 0, 0, 0, 0, 0, 0, 0, 0], [1, 1, 0, 0, 1, 1, 1, 1, 0, 0, 0, 1, 1, 0, 0, 1, 1, 1, 1], [1, 0, 1, 1, 1, 0, 1, 1, 1, 0, 1, 1, 1, 0, 1, 0, 0, 0, 0], [1, 1, 0, 1, 0, 1, 1, 1, 0, 1, 0, 1, 1, 0, 1, 0, 0, 1, 1], [1, 0, 0, 0, 0, 1, 1, 0, 1, 1, 0, 1, 1, 0, 1, 0, 1, 0, 1], [1, 1, 1, 1, 0, 0, 0, 1, 0, 1, 1, 0, 0, 0, 1, 0, 1, 1, 0]]",13.0,5.0,Y,"{0: 18, 1: 23, 2: 28, 3: 33, 4: 38, 5: 43, 6: 48, 7: 53, 8: 58, 9: 63, 10: 68, 11: 73, 12: 78, 13: 83, 14: 88, 15: 93, 16: 98, 17: 103, 18: 13}","{(0, 3): 7, (0, 6): 1, (0, 7): 1, (0, 8): 1, (0, 9): 1, (0, 10): 1, (0, 13): 1, (0, 14): 1, (0, 15): 1, (0, 16): 1, (0, 17): 1, (0, 18): 1, (1, 4): 16, (1, 7): 1, (1, 8): 1, (1, 9): 1, (1, 10): 1, (1, 14): 1, (1, 16): 1, (1, 18): 1, (2, 5): 24, (2, 7): 1, (2, 13): 1, (2, 15): 1, (2, 18): 1, (3, 6): 18, (3, 8): 1, (3, 10): 1, (3, 11): 1, (3, 12): 1, (3, 13): 1, (3, 15): 1, (3, 16): 1, (3, 18): 1, (4, 6): 16, (4, 8): 1, (4, 9): 1, (4, 11): 1, (4, 12): 1, (4, 14): 1, (4, 15): 1, (5, 6): 6, (5, 8): 7, (5, 13): 1, (5, 14): 1, (5, 16): 3, (5, 17): 1, (6, 7): 1, (6, 8): 1, (6, 11): 1, (6, 14): 1, (6, 15): 1, (6, 16): 1, (6, 17): 1, (7, 11): 10, (7, 14): 1, (7, 15): 35, (7, 16): 1, (7, 18): 2, (8, 11): 40, (8, 15): 3, (8, 17): 3, (9, 10): 2, (9, 11): 1, (9, 13): 53, (9, 16): 2, (9, 17): 1, (9, 18): 1, (10, 11): 1, (10, 12): 1, (10, 13): 26, (10, 15): 34, (10, 18): 1, (11, 12): 1, (11, 14): 1, (11, 15): 14, (11, 16): 1, (11, 17): 1, (12, 14): 1, (12, 15): 1, (12, 16): 71, (12, 17): 1, (14, 15): 1, (14, 16): 1, (14, 17): 77, (14, 18): 1, (16, 17): 14, (16, 18): 1, (17, 18): 3}",3082.0369720458984,450.0,57.0,1261.0
54.0,Graph with 19 nodes and 86 edges,"[[0, 1, 0, 1, 0, 0, 1, 0, 1, 1, 1, 1, 1, 1, 0, 1, 1, 0, 0], [1, 0, 0, 0, 0, 1, 0, 1, 0, 0, 1, 1, 0, 0, 0, 0, 0, 1, 1], [0, 0, 0, 0, 0, 0, 1, 0, 0, 0, 0, 1, 0, 1, 1, 0, 0, 1, 1], [1, 0, 0, 0, 1, 1, 0, 0, 1, 1, 0, 0, 1, 1, 1, 1, 1, 1, 0], [0, 0, 0, 1, 0, 1, 0, 1, 0, 0, 0, 0, 1, 1, 0, 1, 1, 1, 1], [0, 1, 0, 1, 1, 0, 1, 0, 0, 0, 1, 0, 1, 0, 1, 0, 0, 1, 0], [1, 0, 1, 0, 0, 1, 0, 0, 0, 0, 1, 1, 1, 1, 0, 1, 0, 0, 1], [0, 1, 0, 0, 1, 0, 0, 0, 0, 0, 0, 1, 1, 1, 1, 0, 1, 0, 1], [1, 0, 0, 1, 0, 0, 0, 0, 0, 1, 0, 0, 1, 0, 1, 1, 0, 0, 0], [1, 0, 0, 1, 0, 0, 0, 0, 1, 0, 1, 1, 1, 1, 1, 1, 0, 1, 0], [1, 1, 0, 0, 0, 1, 1, 0, 0, 1, 0, 1, 0, 1, 1, 0, 0, 0, 1], [1, 1, 1, 0, 0, 0, 1, 1, 0, 1, 1, 0, 0, 0, 0, 1, 0, 1, 0], [1, 0, 0, 1, 1, 1, 1, 1, 1, 1, 0, 0, 0, 1, 0, 0, 0, 1, 1], [1, 0, 1, 1, 1, 0, 1, 1, 0, 1, 1, 0, 1, 0, 1, 1, 1, 0, 0], [0, 0, 1, 1, 0, 1, 0, 1, 1, 1, 1, 0, 0, 1, 0, 0, 1, 0, 0], [1, 0, 0, 1, 1, 0, 1, 0, 1, 1, 0, 1, 0, 1, 0, 0, 0, 1, 0], [1, 0, 0, 1, 1, 0, 0, 1, 0, 0, 0, 0, 0, 1, 1, 0, 0, 1, 1], [0, 1, 1, 1, 1, 1, 0, 0, 0, 1, 0, 1, 1, 0, 0, 1, 1, 0, 1], [0, 1, 1, 0, 1, 0, 1, 1, 0, 0, 1, 0, 1, 0, 0, 0, 1, 1, 0]]",16.0,8.0,Y,"{0: 24, 1: 32, 2: 40, 3: 48, 4: 56, 5: 64, 6: 72, 7: 80, 8: 88, 9: 96, 10: 104, 11: 112, 12: 120, 13: 128, 14: 136, 15: 144, 16: 152, 17: 160, 18: 16}","{(0, 1): 14, (0, 3): 1, (0, 6): 1, (0, 8): 1, (0, 9): 1, (0, 10): 1, (0, 11): 1, (0, 12): 1, (0, 13): 1, (0, 15): 1, (0, 16): 1, (1, 5): 13, (1, 7): 1, (1, 10): 1, (1, 11): 1, (1, 17): 1, (1, 18): 1, (2, 6): 35, (2, 11): 1, (2, 13): 1, (2, 14): 1, (2, 17): 1, (2, 18): 1, (3, 4): 38, (3, 5): 1, (3, 8): 1, (3, 9): 1, (3, 12): 1, (3, 13): 1, (3, 14): 1, (3, 15): 1, (3, 16): 1, (3, 17): 1, (4, 5): 11, (4, 7): 1, (4, 12): 1, (4, 13): 1, (4, 15): 1, (4, 16): 1, (4, 17): 1, (4, 18): 1, (5, 6): 30, (5, 10): 1, (5, 12): 1, (5, 14): 3, (5, 17): 4, (6, 10): 1, (6, 11): 1, (6, 12): 1, (6, 13): 1, (6, 15): 1, (6, 18): 1, (7, 11): 1, (7, 12): 3, (7, 13): 66, (7, 14): 5, (7, 16): 1, (7, 18): 2, (8, 9): 1, (8, 12): 28, (8, 14): 56, (8, 15): 1, (9, 10): 5, (9, 11): 1, (9, 12): 80, (9, 13): 1, (9, 14): 1, (9, 15): 2, (9, 17): 3, (10, 11): 10, (10, 13): 50, (10, 14): 32, (10, 18): 3, (11, 15): 95, (11, 17): 1, (12, 13): 1, (12, 17): 2, (12, 18): 1, (13, 14): 1, (13, 15): 3, (13, 16): 1, (14, 16): 36, (15, 17): 39, (16, 17): 106, (16, 18): 5, (17, 18): 1}",3895.0443267822266,447.0,57.0,1255.0
55.0,Graph with 19 nodes and 88 edges,"[[0, 0, 1, 0, 0, 1, 0, 0, 1, 0, 1, 1, 0, 1, 1, 1, 0, 1, 1], [0, 0, 0, 0, 0, 0, 0, 0, 1, 1, 0, 1, 1, 0, 1, 0, 0, 0, 0], [1, 0, 0, 1, 0, 0, 0, 1, 1, 0, 0, 1, 1, 1, 1, 1, 1, 1, 0], [0, 0, 1, 0, 1, 0, 0, 0, 0, 0, 1, 1, 0, 1, 0, 1, 0, 0, 0], [0, 0, 0, 1, 0, 1, 0, 0, 0, 0, 1, 1, 0, 1, 1, 0, 0, 0, 1], [1, 0, 0, 0, 1, 0, 1, 0, 1, 1, 1, 1, 1, 1, 0, 1, 1, 0, 0], [0, 0, 0, 0, 0, 1, 0, 0, 0, 0, 0, 1, 1, 0, 1, 0, 0, 0, 1], [0, 0, 1, 0, 0, 0, 0, 0, 1, 1, 1, 1, 0, 0, 1, 1, 1, 0, 0], [1, 1, 1, 0, 0, 1, 0, 1, 0, 0, 1, 1, 1, 0, 0, 0, 1, 1, 1], [0, 1, 0, 0, 0, 1, 0, 1, 0, 0, 0, 0, 1, 1, 1, 1, 0, 0, 1], [1, 0, 0, 1, 1, 1, 0, 1, 1, 0, 0, 1, 1, 1, 1, 0, 0, 1, 1], [1, 1, 1, 1, 1, 1, 1, 1, 1, 0, 1, 0, 0, 1, 1, 0, 0, 1, 0], [0, 1, 1, 0, 0, 1, 1, 0, 1, 1, 1, 0, 0, 0, 1, 1, 1, 1, 0], [1, 0, 1, 1, 1, 1, 0, 0, 0, 1, 1, 1, 0, 0, 1, 0, 0, 0, 0], [1, 1, 1, 0, 1, 0, 1, 1, 0, 1, 1, 1, 1, 1, 0, 1, 0, 1, 1], [1, 0, 1, 1, 0, 1, 0, 1, 0, 1, 0, 0, 1, 0, 1, 0, 0, 1, 0], [0, 0, 1, 0, 0, 1, 0, 1, 1, 0, 0, 0, 1, 0, 0, 0, 0, 1, 1], [1, 0, 1, 0, 0, 0, 0, 0, 1, 0, 1, 1, 1, 0, 1, 1, 1, 0, 1], [1, 0, 0, 0, 1, 0, 1, 0, 1, 1, 1, 0, 0, 0, 1, 0, 1, 1, 0]]",19.0,5.0,Y,"{0: 24, 1: 29, 2: 34, 3: 39, 4: 44, 5: 49, 6: 54, 7: 59, 8: 64, 9: 69, 10: 74, 11: 79, 12: 84, 13: 89, 14: 94, 15: 99, 16: 104, 17: 109, 18: 19}","{(0, 2): 15, (0, 5): 1, (0, 8): 1, (0, 10): 1, (0, 11): 1, (0, 13): 1, (0, 14): 1, (0, 15): 1, (0, 17): 1, (0, 18): 1, (1, 8): 25, (1, 9): 1, (1, 11): 1, (1, 12): 1, (1, 14): 1, (2, 3): 10, (2, 7): 1, (2, 8): 1, (2, 11): 1, (2, 12): 1, (2, 13): 1, (2, 14): 1, (2, 15): 1, (2, 16): 1, (2, 17): 1, (3, 4): 25, (3, 10): 1, (3, 11): 1, (3, 13): 1, (3, 15): 1, (4, 5): 14, (4, 10): 1, (4, 11): 1, (4, 13): 1, (4, 14): 1, (4, 18): 1, (5, 6): 26, (5, 8): 1, (5, 9): 1, (5, 10): 1, (5, 11): 1, (5, 12): 1, (5, 13): 1, (5, 15): 1, (5, 16): 1, (6, 11): 1, (6, 12): 1, (6, 14): 25, (6, 18): 1, (7, 8): 5, (7, 9): 18, (7, 10): 4, (7, 11): 9, (7, 14): 1, (7, 15): 1, (7, 16): 20, (8, 10): 2, (8, 11): 1, (8, 12): 4, (8, 16): 19, (8, 17): 3, (8, 18): 2, (9, 12): 21, (9, 13): 9, (9, 14): 1, (9, 15): 11, (9, 18): 7, (10, 11): 45, (10, 12): 1, (10, 13): 7, (10, 14): 1, (10, 17): 7, (10, 18): 3, (11, 13): 13, (11, 14): 1, (11, 17): 3, (12, 14): 1, (12, 15): 1, (12, 16): 51, (12, 17): 1, (13, 14): 55, (14, 15): 3, (14, 17): 1, (14, 18): 1, (15, 17): 79, (16, 17): 11, (16, 18): 1, (17, 18): 2}",2907.0377349853516,449.0,57.0,1259.0
56.0,Graph with 19 nodes and 80 edges,"[[0, 1, 0, 1, 0, 0, 1, 0, 0, 0, 0, 1, 1, 0, 0, 1, 0, 0, 0], [1, 0, 0, 1, 1, 0, 0, 0, 1, 0, 0, 1, 1, 0, 0, 1, 1, 1, 0], [0, 0, 0, 0, 1, 0, 1, 0, 1, 0, 1, 0, 1, 1, 0, 1, 1, 0, 1], [1, 1, 0, 0, 0, 0, 0, 0, 0, 0, 1, 0, 0, 0, 0, 1, 1, 1, 1], [0, 1, 1, 0, 0, 0, 0, 1, 1, 0, 0, 1, 1, 0, 0, 0, 1, 0, 1], [0, 0, 0, 0, 0, 0, 1, 0, 0, 0, 1, 1, 0, 1, 0, 1, 1, 1, 0], [1, 0, 1, 0, 0, 1, 0, 1, 1, 1, 1, 0, 0, 1, 1, 0, 0, 1, 0], [0, 0, 0, 0, 1, 0, 1, 0, 0, 0, 1, 1, 1, 1, 1, 0, 1, 0, 0], [0, 1, 1, 0, 1, 0, 1, 0, 0, 1, 0, 0, 1, 0, 0, 1, 1, 1, 0], [0, 0, 0, 0, 0, 0, 1, 0, 1, 0, 1, 0, 1, 1, 1, 0, 0, 1, 0], [0, 0, 1, 1, 0, 1, 1, 1, 0, 1, 0, 0, 0, 1, 0, 0, 1, 0, 0], [1, 1, 0, 0, 1, 1, 0, 1, 0, 0, 0, 0, 1, 1, 1, 0, 0, 0, 1], [1, 1, 1, 0, 1, 0, 0, 1, 1, 1, 0, 1, 0, 1, 1, 1, 1, 0, 0], [0, 0, 1, 0, 0, 1, 1, 1, 0, 1, 1, 1, 1, 0, 1, 1, 0, 1, 1], [0, 0, 0, 0, 0, 0, 1, 1, 0, 1, 0, 1, 1, 1, 0, 1, 1, 0, 0], [1, 1, 1, 1, 0, 1, 0, 0, 1, 0, 0, 0, 1, 1, 1, 0, 0, 0, 0], [0, 1, 1, 1, 1, 1, 0, 1, 1, 0, 1, 0, 1, 0, 1, 0, 0, 0, 0], [0, 1, 0, 1, 0, 1, 1, 0, 1, 1, 0, 0, 0, 1, 0, 0, 0, 0, 0], [0, 0, 1, 1, 1, 0, 0, 0, 0, 0, 0, 1, 0, 1, 0, 0, 0, 0, 0]]",10.0,8.0,Y,"{0: 18, 1: 26, 2: 34, 3: 42, 4: 50, 5: 58, 6: 66, 7: 74, 8: 82, 9: 90, 10: 98, 11: 106, 12: 114, 13: 122, 14: 130, 15: 138, 16: 146, 17: 154, 18: 10}","{(0, 1): 13, (0, 3): 1, (0, 6): 1, (0, 11): 1, (0, 12): 1, (0, 15): 1, (1, 3): 6, (1, 4): 1, (1, 8): 1, (1, 11): 1, (1, 12): 1, (1, 15): 1, (1, 16): 1, (1, 17): 1, (2, 4): 26, (2, 6): 1, (2, 8): 1, (2, 10): 1, (2, 12): 1, (2, 13): 1, (2, 15): 1, (2, 16): 1, (2, 18): 1, (3, 10): 31, (3, 15): 1, (3, 16): 1, (3, 17): 1, (3, 18): 1, (4, 7): 18, (4, 8): 1, (4, 11): 1, (4, 12): 1, (4, 16): 1, (4, 18): 1, (5, 6): 52, (5, 10): 1, (5, 11): 1, (5, 13): 1, (5, 15): 1, (5, 16): 1, (5, 17): 1, (6, 7): 1, (6, 8): 1, (6, 9): 1, (6, 10): 1, (6, 13): 1, (6, 14): 1, (6, 17): 6, (7, 10): 1, (7, 11): 1, (7, 12): 1, (7, 13): 1, (7, 14): 1, (7, 16): 50, (8, 9): 1, (8, 12): 1, (8, 15): 1, (8, 16): 1, (8, 17): 74, (9, 10): 1, (9, 12): 1, (9, 13): 1, (9, 14): 15, (9, 17): 70, (10, 13): 1, (10, 16): 61, (11, 12): 1, (11, 13): 98, (11, 14): 1, (11, 18): 1, (12, 13): 1, (12, 14): 24, (12, 15): 53, (12, 16): 28, (13, 14): 9, (13, 15): 1, (13, 17): 1, (13, 18): 6, (14, 15): 78, (14, 16): 1}",2969.026565551758,441.0,57.0,1243.0
56.0,Graph with 19 nodes and 80 edges,"[[0, 1, 0, 1, 0, 0, 1, 0, 0, 0, 0, 1, 1, 0, 0, 1, 0, 0, 0], [1, 0, 0, 1, 1, 0, 0, 0, 1, 0, 0, 1, 1, 0, 0, 1, 1, 1, 0], [0, 0, 0, 0, 1, 0, 1, 0, 1, 0, 1, 0, 1, 1, 0, 1, 1, 0, 1], [1, 1, 0, 0, 0, 0, 0, 0, 0, 0, 1, 0, 0, 0, 0, 1, 1, 1, 1], [0, 1, 1, 0, 0, 0, 0, 1, 1, 0, 0, 1, 1, 0, 0, 0, 1, 0, 1], [0, 0, 0, 0, 0, 0, 1, 0, 0, 0, 1, 1, 0, 1, 0, 1, 1, 1, 0], [1, 0, 1, 0, 0, 1, 0, 1, 1, 1, 1, 0, 0, 1, 1, 0, 0, 1, 0], [0, 0, 0, 0, 1, 0, 1, 0, 0, 0, 1, 1, 1, 1, 1, 0, 1, 0, 0], [0, 1, 1, 0, 1, 0, 1, 0, 0, 1, 0, 0, 1, 0, 0, 1, 1, 1, 0], [0, 0, 0, 0, 0, 0, 1, 0, 1, 0, 1, 0, 1, 1, 1, 0, 0, 1, 0], [0, 0, 1, 1, 0, 1, 1, 1, 0, 1, 0, 0, 0, 1, 0, 0, 1, 0, 0], [1, 1, 0, 0, 1, 1, 0, 1, 0, 0, 0, 0, 1, 1, 1, 0, 0, 0, 1], [1, 1, 1, 0, 1, 0, 0, 1, 1, 1, 0, 1, 0, 1, 1, 1, 1, 0, 0], [0, 0, 1, 0, 0, 1, 1, 1, 0, 1, 1, 1, 1, 0, 1, 1, 0, 1, 1], [0, 0, 0, 0, 0, 0, 1, 1, 0, 1, 0, 1, 1, 1, 0, 1, 1, 0, 0], [1, 1, 1, 1, 0, 1, 0, 0, 1, 0, 0, 0, 1, 1, 1, 0, 0, 0, 0], [0, 1, 1, 1, 1, 1, 0, 1, 1, 0, 1, 0, 1, 0, 1, 0, 0, 0, 0], [0, 1, 0, 1, 0, 1, 1, 0, 1, 1, 0, 0, 0, 1, 0, 0, 0, 0, 0], [0, 0, 1, 1, 1, 0, 0, 0, 0, 0, 0, 1, 0, 1, 0, 0, 0, 0, 0]]",15.0,7.0,Y,"{0: 22, 1: 29, 2: 36, 3: 43, 4: 50, 5: 57, 6: 64, 7: 71, 8: 78, 9: 85, 10: 92, 11: 99, 12: 106, 13: 113, 14: 120, 15: 127, 16: 134, 17: 141, 18: 15}","{(0, 1): 17, (0, 3): 1, (0, 6): 1, (0, 11): 1, (0, 12): 1, (0, 15): 1, (1, 3): 5, (1, 4): 1, (1, 8): 1, (1, 11): 1, (1, 12): 1, (1, 15): 1, (1, 16): 1, (1, 17): 1, (2, 4): 28, (2, 6): 1, (2, 8): 1, (2, 10): 1, (2, 12): 1, (2, 13): 1, (2, 15): 1, (2, 16): 1, (2, 18): 1, (3, 10): 33, (3, 15): 1, (3, 16): 1, (3, 17): 1, (3, 18): 1, (4, 7): 16, (4, 8): 1, (4, 11): 1, (4, 12): 1, (4, 16): 1, (4, 18): 1, (5, 6): 51, (5, 10): 1, (5, 11): 1, (5, 13): 1, (5, 15): 1, (5, 16): 1, (5, 17): 1, (6, 7): 1, (6, 8): 1, (6, 9): 1, (6, 10): 1, (6, 13): 1, (6, 14): 1, (6, 17): 5, (7, 10): 1, (7, 11): 1, (7, 12): 1, (7, 13): 1, (7, 14): 1, (7, 16): 49, (8, 9): 1, (8, 12): 1, (8, 15): 1, (8, 16): 1, (8, 17): 70, (9, 10): 1, (9, 12): 1, (9, 13): 1, (9, 14): 18, (9, 17): 62, (10, 13): 1, (10, 16): 53, (11, 12): 1, (11, 13): 91, (11, 14): 1, (11, 18): 1, (12, 13): 1, (12, 14): 24, (12, 15): 48, (12, 16): 25, (13, 14): 2, (13, 15): 1, (13, 17): 1, (13, 18): 11, (14, 15): 72, (14, 16): 1}",2854.1088104248047,441.0,57.0,1243.0
57.0,Graph with 19 nodes and 82 edges,"[[0, 1, 0, 0, 0, 0, 1, 1, 1, 1, 0, 1, 1, 0, 1, 0, 1, 1, 0], [1, 0, 0, 0, 1, 0, 1, 0, 0, 1, 1, 0, 0, 0, 0, 0, 0, 1, 0], [0, 0, 0, 0, 1, 0, 0, 1, 1, 1, 0, 1, 0, 0, 0, 1, 1, 0, 0], [0, 0, 0, 0, 0, 1, 1, 0, 0, 1, 0, 0, 1, 0, 0, 0, 1, 0, 1], [0, 1, 1, 0, 0, 1, 0, 0, 0, 0, 1, 1, 1, 0, 1, 0, 1, 1, 0], [0, 0, 0, 1, 1, 0, 0, 1, 1, 0, 0, 1, 0, 0, 1, 0, 1, 1, 1], [1, 1, 0, 1, 0, 0, 0, 0, 1, 0, 1, 1, 0, 1, 0, 1, 0, 1, 0], [1, 0, 1, 0, 0, 1, 0, 0, 0, 1, 0, 0, 0, 0, 0, 1, 1, 0, 1], [1, 0, 1, 0, 0, 1, 1, 0, 0, 0, 1, 0, 1, 1, 0, 1, 1, 1, 0], [1, 1, 1, 1, 0, 0, 0, 1, 0, 0, 1, 1, 1, 1, 1, 0, 1, 1, 0], [0, 1, 0, 0, 1, 0, 1, 0, 1, 1, 0, 1, 0, 1, 0, 1, 1, 0, 0], [1, 0, 1, 0, 1, 1, 1, 0, 0, 1, 1, 0, 1, 1, 0, 0, 1, 0, 1], [1, 0, 0, 1, 1, 0, 0, 0, 1, 1, 0, 1, 0, 1, 0, 0, 1, 0, 0], [0, 0, 0, 0, 0, 0, 1, 0, 1, 1, 1, 1, 1, 0, 0, 0, 1, 0, 1], [1, 0, 0, 0, 1, 1, 0, 0, 0, 1, 0, 0, 0, 0, 0, 1, 0, 1, 0], [0, 0, 1, 0, 0, 0, 1, 1, 1, 0, 1, 0, 0, 0, 1, 0, 0, 1, 1], [1, 0, 1, 1, 1, 1, 0, 1, 1, 1, 1, 1, 1, 1, 0, 0, 0, 0, 0], [1, 1, 0, 0, 1, 1, 1, 0, 1, 1, 0, 0, 0, 0, 1, 1, 0, 0, 1], [0, 0, 0, 1, 0, 1, 0, 1, 0, 0, 0, 1, 0, 1, 0, 1, 0, 1, 0]]",18.0,4.0,Y,"{0: 90, 1: 86, 2: 82, 3: 78, 4: 74, 5: 70, 6: 66, 7: 62, 8: 58, 9: 54, 10: 50, 11: 46, 12: 42, 13: 38, 14: 34, 15: 30, 16: 26, 17: 22, 18: 18}","{(0, 1): 39, (0, 6): 1, (0, 7): 1, (0, 8): 1, (0, 9): 43, (0, 11): 1, (0, 12): 1, (0, 14): 1, (0, 16): 1, (0, 17): 1, (1, 4): 41, (1, 6): 1, (1, 9): 1, (1, 10): 3, (1, 17): 1, (2, 4): 21, (2, 7): 56, (2, 8): 1, (2, 9): 1, (2, 11): 1, (2, 15): 1, (2, 16): 1, (3, 5): 39, (3, 6): 1, (3, 9): 1, (3, 12): 35, (3, 16): 1, (3, 18): 1, (4, 5): 1, (4, 10): 1, (4, 11): 1, (4, 12): 1, (4, 14): 6, (4, 16): 1, (4, 17): 1, (5, 7): 1, (5, 8): 1, (5, 11): 1, (5, 14): 24, (5, 16): 1, (5, 17): 1, (5, 18): 1, (6, 8): 13, (6, 10): 10, (6, 11): 25, (6, 13): 1, (6, 15): 1, (6, 17): 13, (7, 9): 1, (7, 15): 1, (7, 16): 1, (7, 18): 1, (8, 10): 1, (8, 12): 1, (8, 13): 1, (8, 15): 23, (8, 16): 15, (8, 17): 1, (9, 10): 1, (9, 11): 1, (9, 12): 1, (9, 13): 1, (9, 14): 1, (9, 16): 1, (9, 17): 1, (10, 11): 1, (10, 13): 31, (10, 15): 1, (10, 16): 1, (11, 12): 1, (11, 13): 1, (11, 16): 1, (11, 18): 12, (12, 13): 1, (12, 16): 1, (13, 16): 1, (13, 18): 1, (14, 15): 1, (14, 17): 1, (15, 17): 1, (15, 18): 1, (17, 18): 1}",1709.9380493164062,443.0,57.0,1247.0
57.0,Graph with 19 nodes and 82 edges,"[[0, 1, 0, 0, 0, 0, 1, 1, 1, 1, 0, 1, 1, 0, 1, 0, 1, 1, 0], [1, 0, 0, 0, 1, 0, 1, 0, 0, 1, 1, 0, 0, 0, 0, 0, 0, 1, 0], [0, 0, 0, 0, 1, 0, 0, 1, 1, 1, 0, 1, 0, 0, 0, 1, 1, 0, 0], [0, 0, 0, 0, 0, 1, 1, 0, 0, 1, 0, 0, 1, 0, 0, 0, 1, 0, 1], [0, 1, 1, 0, 0, 1, 0, 0, 0, 0, 1, 1, 1, 0, 1, 0, 1, 1, 0], [0, 0, 0, 1, 1, 0, 0, 1, 1, 0, 0, 1, 0, 0, 1, 0, 1, 1, 1], [1, 1, 0, 1, 0, 0, 0, 0, 1, 0, 1, 1, 0, 1, 0, 1, 0, 1, 0], [1, 0, 1, 0, 0, 1, 0, 0, 0, 1, 0, 0, 0, 0, 0, 1, 1, 0, 1], [1, 0, 1, 0, 0, 1, 1, 0, 0, 0, 1, 0, 1, 1, 0, 1, 1, 1, 0], [1, 1, 1, 1, 0, 0, 0, 1, 0, 0, 1, 1, 1, 1, 1, 0, 1, 1, 0], [0, 1, 0, 0, 1, 0, 1, 0, 1, 1, 0, 1, 0, 1, 0, 1, 1, 0, 0], [1, 0, 1, 0, 1, 1, 1, 0, 0, 1, 1, 0, 1, 1, 0, 0, 1, 0, 1], [1, 0, 0, 1, 1, 0, 0, 0, 1, 1, 0, 1, 0, 1, 0, 0, 1, 0, 0], [0, 0, 0, 0, 0, 0, 1, 0, 1, 1, 1, 1, 1, 0, 0, 0, 1, 0, 1], [1, 0, 0, 0, 1, 1, 0, 0, 0, 1, 0, 0, 0, 0, 0, 1, 0, 1, 0], [0, 0, 1, 0, 0, 0, 1, 1, 1, 0, 1, 0, 0, 0, 1, 0, 0, 1, 1], [1, 0, 1, 1, 1, 1, 0, 1, 1, 1, 1, 1, 1, 1, 0, 0, 0, 0, 0], [1, 1, 0, 0, 1, 1, 1, 0, 1, 1, 0, 0, 0, 0, 1, 1, 0, 0, 1], [0, 0, 0, 1, 0, 1, 0, 1, 0, 0, 0, 1, 0, 1, 0, 1, 0, 1, 0]]",19.0,9.0,Y,"{0: 28, 1: 37, 2: 46, 3: 55, 4: 64, 5: 73, 6: 82, 7: 91, 8: 100, 9: 109, 10: 118, 11: 127, 12: 136, 13: 145, 14: 154, 15: 163, 16: 172, 17: 181, 18: 19}","{(0, 1): 19, (0, 6): 1, (0, 7): 1, (0, 8): 1, (0, 9): 1, (0, 11): 1, (0, 12): 1, (0, 14): 1, (0, 16): 1, (0, 17): 1, (1, 4): 14, (1, 6): 1, (1, 9): 1, (1, 10): 1, (1, 17): 1, (2, 4): 40, (2, 7): 1, (2, 8): 1, (2, 9): 1, (2, 11): 1, (2, 15): 1, (2, 16): 1, (3, 5): 50, (3, 6): 1, (3, 9): 1, (3, 12): 1, (3, 16): 1, (3, 18): 1, (4, 5): 4, (4, 10): 1, (4, 11): 1, (4, 12): 1, (4, 14): 1, (4, 16): 1, (4, 17): 1, (5, 7): 13, (5, 8): 1, (5, 11): 1, (5, 14): 1, (5, 16): 1, (5, 17): 1, (5, 18): 1, (6, 8): 58, (6, 10): 1, (6, 11): 1, (6, 13): 1, (6, 15): 1, (6, 17): 17, (7, 9): 21, (7, 15): 41, (7, 16): 9, (7, 18): 5, (8, 10): 1, (8, 12): 10, (8, 13): 1, (8, 15): 17, (8, 16): 9, (8, 17): 1, (9, 10): 1, (9, 11): 1, (9, 12): 6, (9, 13): 9, (9, 14): 57, (9, 16): 1, (9, 17): 9, (10, 11): 1, (10, 13): 98, (10, 15): 13, (10, 16): 1, (11, 12): 32, (11, 13): 21, (11, 16): 66, (11, 18): 1, (12, 13): 5, (12, 16): 80, (13, 16): 1, (13, 18): 9, (14, 15): 17, (14, 17): 77, (15, 17): 72, (15, 18): 1, (17, 18): 1}",2722.024917602539,443.0,57.0,1247.0
60.0,Graph with 19 nodes and 93 edges,"[[0, 1, 1, 1, 1, 1, 1, 0, 0, 0, 0, 1, 1, 1, 0, 1, 0, 1, 0], [1, 0, 0, 1, 1, 1, 0, 0, 0, 0, 0, 1, 1, 0, 1, 1, 1, 0, 1], [1, 0, 0, 0, 1, 0, 0, 0, 0, 1, 1, 0, 1, 0, 0, 1, 0, 0, 0], [1, 1, 0, 0, 1, 1, 0, 1, 1, 1, 1, 1, 0, 0, 0, 0, 1, 0, 0], [1, 1, 1, 1, 0, 1, 1, 1, 0, 1, 0, 1, 0, 0, 0, 1, 1, 0, 1], [1, 1, 0, 1, 1, 0, 1, 0, 1, 0, 1, 0, 1, 1, 0, 0, 1, 0, 1], [1, 0, 0, 0, 1, 1, 0, 1, 0, 0, 1, 0, 1, 0, 1, 0, 1, 1, 0], [0, 0, 0, 1, 1, 0, 1, 0, 1, 1, 0, 1, 1, 0, 0, 1, 0, 1, 1], [0, 0, 0, 1, 0, 1, 0, 1, 0, 1, 1, 1, 1, 1, 1, 0, 1, 0, 1], [0, 0, 1, 1, 1, 0, 0, 1, 1, 0, 1, 0, 1, 0, 0, 0, 1, 0, 1], [0, 0, 1, 1, 0, 1, 1, 0, 1, 1, 0, 1, 1, 1, 0, 1, 1, 0, 1], [1, 1, 0, 1, 1, 0, 0, 1, 1, 0, 1, 0, 1, 0, 1, 1, 1, 1, 1], [1, 1, 1, 0, 0, 1, 1, 1, 1, 1, 1, 1, 0, 1, 0, 1, 0, 0, 1], [1, 0, 0, 0, 0, 1, 0, 0, 1, 0, 1, 0, 1, 0, 1, 0, 0, 1, 0], [0, 1, 0, 0, 0, 0, 1, 0, 1, 0, 0, 1, 0, 1, 0, 1, 0, 0, 1], [1, 1, 1, 0, 1, 0, 0, 1, 0, 0, 1, 1, 1, 0, 1, 0, 0, 0, 1], [0, 1, 0, 1, 1, 1, 1, 0, 1, 1, 1, 1, 0, 0, 0, 0, 0, 0, 0], [1, 0, 0, 0, 0, 0, 1, 1, 0, 0, 0, 1, 0, 1, 0, 0, 0, 0, 0], [0, 1, 0, 0, 1, 1, 0, 1, 1, 1, 1, 1, 1, 0, 1, 1, 0, 0, 0]]",6.0,6.0,Y,"{0: 18, 1: 24, 2: 12, 3: 30, 4: 36, 5: 42, 6: 48, 7: 54, 8: 60, 9: 66, 10: 72, 11: 78, 12: 84, 13: 90, 14: 96, 15: 102, 16: 108, 17: 6, 18: 114}","{(0, 1): 8, (0, 2): 1, (0, 3): 1, (0, 4): 1, (0, 5): 1, (0, 6): 1, (0, 11): 1, (0, 12): 1, (0, 13): 1, (0, 15): 1, (0, 17): 1, (1, 3): 8, (1, 4): 1, (1, 5): 1, (1, 11): 1, (1, 12): 1, (1, 14): 1, (1, 15): 1, (1, 16): 1, (1, 18): 1, (2, 4): 7, (2, 9): 1, (2, 10): 1, (2, 12): 1, (2, 15): 1, (3, 4): 14, (3, 5): 1, (3, 7): 1, (3, 8): 1, (3, 9): 1, (3, 10): 1, (3, 11): 1, (3, 16): 1, (4, 5): 6, (4, 6): 1, (4, 7): 1, (4, 9): 1, (4, 11): 1, (4, 15): 1, (4, 16): 1, (4, 18): 1, (5, 6): 27, (5, 8): 1, (5, 10): 1, (5, 12): 1, (5, 13): 1, (5, 16): 1, (5, 18): 1, (6, 7): 14, (6, 10): 1, (6, 12): 1, (6, 14): 1, (6, 16): 1, (6, 17): 1, (7, 8): 18, (7, 9): 7, (7, 11): 1, (7, 12): 1, (7, 15): 2, (7, 17): 1, (7, 18): 8, (8, 9): 1, (8, 10): 7, (8, 11): 9, (8, 12): 15, (8, 13): 3, (8, 14): 1, (8, 16): 3, (8, 18): 1, (9, 10): 1, (9, 12): 10, (9, 16): 42, (9, 18): 2, (10, 11): 1, (10, 12): 3, (10, 13): 1, (10, 15): 7, (10, 16): 27, (10, 18): 21, (11, 12): 3, (11, 14): 1, (11, 15): 10, (11, 16): 31, (11, 17): 2, (11, 18): 16, (12, 13): 20, (12, 15): 20, (12, 18): 7, (13, 14): 63, (13, 17): 1, (14, 15): 16, (14, 18): 13, (15, 18): 43}",3424.1676330566406,454.0,57.0,1269.0
60.0,Graph with 19 nodes and 93 edges,"[[0, 1, 1, 1, 1, 1, 1, 0, 0, 0, 0, 1, 1, 1, 0, 1, 0, 1, 0], [1, 0, 0, 1, 1, 1, 0, 0, 0, 0, 0, 1, 1, 0, 1, 1, 1, 0, 1], [1, 0, 0, 0, 1, 0, 0, 0, 0, 1, 1, 0, 1, 0, 0, 1, 0, 0, 0], [1, 1, 0, 0, 1, 1, 0, 1, 1, 1, 1, 1, 0, 0, 0, 0, 1, 0, 0], [1, 1, 1, 1, 0, 1, 1, 1, 0, 1, 0, 1, 0, 0, 0, 1, 1, 0, 1], [1, 1, 0, 1, 1, 0, 1, 0, 1, 0, 1, 0, 1, 1, 0, 0, 1, 0, 1], [1, 0, 0, 0, 1, 1, 0, 1, 0, 0, 1, 0, 1, 0, 1, 0, 1, 1, 0], [0, 0, 0, 1, 1, 0, 1, 0, 1, 1, 0, 1, 1, 0, 0, 1, 0, 1, 1], [0, 0, 0, 1, 0, 1, 0, 1, 0, 1, 1, 1, 1, 1, 1, 0, 1, 0, 1], [0, 0, 1, 1, 1, 0, 0, 1, 1, 0, 1, 0, 1, 0, 0, 0, 1, 0, 1], [0, 0, 1, 1, 0, 1, 1, 0, 1, 1, 0, 1, 1, 1, 0, 1, 1, 0, 1], [1, 1, 0, 1, 1, 0, 0, 1, 1, 0, 1, 0, 1, 0, 1, 1, 1, 1, 1], [1, 1, 1, 0, 0, 1, 1, 1, 1, 1, 1, 1, 0, 1, 0, 1, 0, 0, 1], [1, 0, 0, 0, 0, 1, 0, 0, 1, 0, 1, 0, 1, 0, 1, 0, 0, 1, 0], [0, 1, 0, 0, 0, 0, 1, 0, 1, 0, 0, 1, 0, 1, 0, 1, 0, 0, 1], [1, 1, 1, 0, 1, 0, 0, 1, 0, 0, 1, 1, 1, 0, 1, 0, 0, 0, 1], [0, 1, 0, 1, 1, 1, 1, 0, 1, 1, 1, 1, 0, 0, 0, 0, 0, 0, 0], [1, 0, 0, 0, 0, 0, 1, 1, 0, 0, 0, 1, 0, 1, 0, 0, 0, 0, 0], [0, 1, 0, 0, 1, 1, 0, 1, 1, 1, 1, 1, 1, 0, 1, 1, 0, 0, 0]]",21.0,7.0,Y,"{0: 21, 1: 147, 2: 140, 3: 133, 4: 126, 5: 119, 6: 112, 7: 105, 8: 98, 9: 91, 10: 84, 11: 77, 12: 70, 13: 63, 14: 56, 15: 49, 16: 42, 17: 35, 18: 28}","{(0, 1): 1, (0, 2): 1, (0, 3): 1, (0, 4): 1, (0, 5): 1, (0, 6): 1, (0, 11): 11, (0, 12): 1, (0, 13): 1, (0, 15): 1, (0, 17): 1, (1, 3): 1, (1, 4): 1, (1, 5): 1, (1, 11): 55, (1, 12): 1, (1, 14): 1, (1, 15): 34, (1, 16): 34, (1, 18): 18, (2, 4): 1, (2, 9): 1, (2, 10): 72, (2, 12): 58, (2, 15): 7, (3, 4): 1, (3, 5): 1, (3, 7): 1, (3, 8): 41, (3, 9): 83, (3, 10): 2, (3, 11): 1, (3, 16): 1, (4, 5): 1, (4, 6): 20, (4, 7): 96, (4, 9): 1, (4, 11): 1, (4, 15): 1, (4, 16): 1, (4, 18): 1, (5, 6): 6, (5, 8): 48, (5, 10): 1, (5, 12): 1, (5, 13): 57, (5, 16): 1, (5, 18): 1, (6, 7): 1, (6, 10): 1, (6, 12): 1, (6, 14): 50, (6, 16): 1, (6, 17): 31, (7, 8): 1, (7, 9): 1, (7, 11): 1, (7, 12): 1, (7, 15): 1, (7, 17): 1, (7, 18): 1, (8, 9): 1, (8, 10): 1, (8, 11): 1, (8, 12): 1, (8, 13): 1, (8, 14): 1, (8, 16): 1, (8, 18): 1, (9, 10): 1, (9, 12): 1, (9, 16): 1, (9, 18): 1, (10, 11): 1, (10, 12): 1, (10, 13): 1, (10, 15): 1, (10, 16): 1, (10, 18): 1, (11, 12): 1, (11, 14): 1, (11, 15): 1, (11, 16): 1, (11, 17): 1, (11, 18): 1, (12, 13): 1, (12, 15): 1, (12, 18): 1, (13, 14): 1, (13, 17): 1, (14, 15): 1, (14, 18): 1, (15, 18): 1}",2073.049545288086,454.0,57.0,1269.0
60.0,Graph with 19 nodes and 93 edges,"[[0, 1, 1, 1, 1, 1, 1, 0, 0, 0, 0, 1, 1, 1, 0, 1, 0, 1, 0], [1, 0, 0, 1, 1, 1, 0, 0, 0, 0, 0, 1, 1, 0, 1, 1, 1, 0, 1], [1, 0, 0, 0, 1, 0, 0, 0, 0, 1, 1, 0, 1, 0, 0, 1, 0, 0, 0], [1, 1, 0, 0, 1, 1, 0, 1, 1, 1, 1, 1, 0, 0, 0, 0, 1, 0, 0], [1, 1, 1, 1, 0, 1, 1, 1, 0, 1, 0, 1, 0, 0, 0, 1, 1, 0, 1], [1, 1, 0, 1, 1, 0, 1, 0, 1, 0, 1, 0, 1, 1, 0, 0, 1, 0, 1], [1, 0, 0, 0, 1, 1, 0, 1, 0, 0, 1, 0, 1, 0, 1, 0, 1, 1, 0], [0, 0, 0, 1, 1, 0, 1, 0, 1, 1, 0, 1, 1, 0, 0, 1, 0, 1, 1], [0, 0, 0, 1, 0, 1, 0, 1, 0, 1, 1, 1, 1, 1, 1, 0, 1, 0, 1], [0, 0, 1, 1, 1, 0, 0, 1, 1, 0, 1, 0, 1, 0, 0, 0, 1, 0, 1], [0, 0, 1, 1, 0, 1, 1, 0, 1, 1, 0, 1, 1, 1, 0, 1, 1, 0, 1], [1, 1, 0, 1, 1, 0, 0, 1, 1, 0, 1, 0, 1, 0, 1, 1, 1, 1, 1], [1, 1, 1, 0, 0, 1, 1, 1, 1, 1, 1, 1, 0, 1, 0, 1, 0, 0, 1], [1, 0, 0, 0, 0, 1, 0, 0, 1, 0, 1, 0, 1, 0, 1, 0, 0, 1, 0], [0, 1, 0, 0, 0, 0, 1, 0, 1, 0, 0, 1, 0, 1, 0, 1, 0, 0, 1], [1, 1, 1, 0, 1, 0, 0, 1, 0, 0, 1, 1, 1, 0, 1, 0, 0, 0, 1], [0, 1, 0, 1, 1, 1, 1, 0, 1, 1, 1, 1, 0, 0, 0, 0, 0, 0, 0], [1, 0, 0, 0, 0, 0, 1, 1, 0, 0, 0, 1, 0, 1, 0, 0, 0, 0, 0], [0, 1, 0, 0, 1, 1, 0, 1, 1, 1, 1, 1, 1, 0, 1, 1, 0, 0, 0]]",29.0,3.0,Y,"{0: 32, 1: 35, 2: 38, 3: 41, 4: 44, 5: 47, 6: 50, 7: 53, 8: 56, 9: 59, 10: 62, 11: 65, 12: 68, 13: 71, 14: 74, 15: 77, 16: 80, 17: 83, 18: 29}","{(0, 1): 22, (0, 2): 1, (0, 3): 1, (0, 4): 1, (0, 5): 1, (0, 6): 1, (0, 11): 1, (0, 12): 1, (0, 13): 1, (0, 15): 1, (0, 17): 1, (1, 3): 5, (1, 4): 1, (1, 5): 1, (1, 11): 1, (1, 12): 1, (1, 14): 1, (1, 15): 1, (1, 16): 1, (1, 18): 1, (2, 4): 33, (2, 9): 1, (2, 10): 1, (2, 12): 1, (2, 15): 1, (3, 4): 1, (3, 5): 28, (3, 7): 1, (3, 8): 1, (3, 9): 1, (3, 10): 1, (3, 11): 1, (3, 16): 1, (4, 5): 1, (4, 6): 1, (4, 7): 1, (4, 9): 1, (4, 11): 1, (4, 15): 1, (4, 16): 1, (4, 18): 1, (5, 6): 10, (5, 8): 1, (5, 10): 1, (5, 12): 1, (5, 13): 1, (5, 16): 1, (5, 18): 1, (6, 7): 1, (6, 10): 1, (6, 12): 1, (6, 14): 1, (6, 16): 1, (6, 17): 33, (7, 8): 1, (7, 9): 1, (7, 11): 1, (7, 12): 26, (7, 15): 19, (7, 17): 1, (7, 18): 1, (8, 9): 4, (8, 10): 1, (8, 11): 1, (8, 12): 1, (8, 13): 19, (8, 14): 1, (8, 16): 25, (8, 18): 1, (9, 10): 1, (9, 12): 1, (9, 16): 48, (9, 18): 1, (10, 11): 37, (10, 12): 15, (10, 13): 1, (10, 15): 1, (10, 16): 1, (10, 18): 1, (11, 12): 17, (11, 14): 1, (11, 15): 1, (11, 16): 1, (11, 17): 1, (11, 18): 1, (12, 13): 1, (12, 15): 1, (12, 18): 1, (13, 14): 1, (13, 17): 47, (14, 15): 50, (14, 18): 19, (15, 18): 1}",2991.914749145508,454.0,57.0,1269.0
62.0,Graph with 19 nodes and 81 edges,"[[0, 1, 1, 0, 0, 0, 1, 1, 0, 1, 1, 1, 1, 0, 0, 0, 1, 0, 0], [1, 0, 1, 1, 1, 1, 0, 1, 0, 0, 1, 1, 1, 0, 0, 0, 0, 1, 0], [1, 1, 0, 1, 1, 1, 0, 1, 0, 1, 1, 0, 0, 1, 0, 0, 0, 0, 0], [0, 1, 1, 0, 0, 0, 0, 0, 1, 0, 1, 0, 1, 0, 0, 1, 1, 1, 0], [0, 1, 1, 0, 0, 0, 1, 1, 0, 1, 1, 0, 1, 1, 1, 0, 1, 0, 1], [0, 1, 1, 0, 0, 0, 0, 1, 1, 0, 0, 0, 0, 1, 0, 0, 1, 0, 1], [1, 0, 0, 0, 1, 0, 0, 0, 0, 0, 0, 1, 0, 1, 1, 0, 0, 0, 0], [1, 1, 1, 0, 1, 1, 0, 0, 1, 1, 1, 1, 0, 1, 1, 1, 0, 1, 1], [0, 0, 0, 1, 0, 1, 0, 1, 0, 1, 0, 1, 0, 1, 0, 0, 1, 0, 1], [1, 0, 1, 0, 1, 0, 0, 1, 1, 0, 1, 0, 1, 0, 1, 1, 0, 1, 0], [1, 1, 1, 1, 1, 0, 0, 1, 0, 1, 0, 0, 1, 1, 0, 0, 1, 1, 0], [1, 1, 0, 0, 0, 0, 1, 1, 1, 0, 0, 0, 1, 0, 0, 1, 1, 0, 0], [1, 1, 0, 1, 1, 0, 0, 0, 0, 1, 1, 1, 0, 1, 0, 1, 0, 1, 0], [0, 0, 1, 0, 1, 1, 1, 1, 1, 0, 1, 0, 1, 0, 0, 0, 0, 1, 0], [0, 0, 0, 0, 1, 0, 1, 1, 0, 1, 0, 0, 0, 0, 0, 0, 0, 0, 0], [0, 0, 0, 1, 0, 0, 0, 1, 0, 1, 0, 1, 1, 0, 0, 0, 1, 0, 1], [1, 0, 0, 1, 1, 1, 0, 0, 1, 0, 1, 1, 0, 0, 0, 1, 0, 1, 0], [0, 1, 0, 1, 0, 0, 0, 1, 0, 1, 1, 0, 1, 1, 0, 0, 1, 0, 0], [0, 0, 0, 0, 1, 1, 0, 1, 1, 0, 0, 0, 0, 0, 0, 1, 0, 0, 0]]",5.0,1.0,Y,"{0: 9, 1: 10, 2: 23, 3: 8, 4: 11, 5: 7, 6: 5, 7: 14, 8: 22, 9: 21, 10: 20, 11: 19, 12: 18, 13: 17, 14: 15, 15: 16, 16: 13, 17: 12, 18: 6}","{(0, 1): 1, (0, 2): 1, (0, 6): 1, (0, 7): 1, (0, 9): 1, (0, 10): 1, (0, 11): 1, (0, 12): 1, (0, 16): 1, (1, 2): 1, (1, 3): 1, (1, 4): 1, (1, 5): 1, (1, 7): 1, (1, 10): 1, (1, 11): 1, (1, 12): 1, (1, 17): 1, (2, 3): 1, (2, 4): 1, (2, 5): 1, (2, 7): 1, (2, 9): 1, (2, 10): 7, (2, 13): 9, (3, 8): 1, (3, 10): 1, (3, 12): 1, (3, 15): 1, (3, 16): 1, (3, 17): 1, (4, 6): 1, (4, 7): 1, (4, 9): 1, (4, 10): 1, (4, 12): 1, (4, 13): 1, (4, 14): 1, (4, 16): 1, (4, 18): 1, (5, 7): 1, (5, 8): 1, (5, 13): 1, (5, 16): 1, (5, 18): 1, (6, 11): 1, (6, 13): 1, (6, 14): 1, (7, 8): 1, (7, 9): 1, (7, 10): 1, (7, 11): 1, (7, 13): 1, (7, 14): 1, (7, 15): 1, (7, 17): 1, (7, 18): 1, (8, 9): 1, (8, 11): 10, (8, 13): 1, (8, 16): 5, (8, 18): 2, (9, 10): 1, (9, 12): 1, (9, 14): 12, (9, 15): 1, (9, 17): 1, (10, 12): 1, (10, 13): 1, (10, 16): 1, (10, 17): 4, (11, 12): 1, (11, 15): 3, (11, 16): 1, (12, 13): 1, (12, 15): 8, (12, 17): 2, (13, 17): 1, (15, 16): 1, (15, 18): 1, (16, 17): 1}",2198.934555053711,442.0,57.0,1245.0
62.0,Graph with 19 nodes and 81 edges,"[[0, 1, 1, 0, 0, 0, 1, 1, 0, 1, 1, 1, 1, 0, 0, 0, 1, 0, 0], [1, 0, 1, 1, 1, 1, 0, 1, 0, 0, 1, 1, 1, 0, 0, 0, 0, 1, 0], [1, 1, 0, 1, 1, 1, 0, 1, 0, 1, 1, 0, 0, 1, 0, 0, 0, 0, 0], [0, 1, 1, 0, 0, 0, 0, 0, 1, 0, 1, 0, 1, 0, 0, 1, 1, 1, 0], [0, 1, 1, 0, 0, 0, 1, 1, 0, 1, 1, 0, 1, 1, 1, 0, 1, 0, 1], [0, 1, 1, 0, 0, 0, 0, 1, 1, 0, 0, 0, 0, 1, 0, 0, 1, 0, 1], [1, 0, 0, 0, 1, 0, 0, 0, 0, 0, 0, 1, 0, 1, 1, 0, 0, 0, 0], [1, 1, 1, 0, 1, 1, 0, 0, 1, 1, 1, 1, 0, 1, 1, 1, 0, 1, 1], [0, 0, 0, 1, 0, 1, 0, 1, 0, 1, 0, 1, 0, 1, 0, 0, 1, 0, 1], [1, 0, 1, 0, 1, 0, 0, 1, 1, 0, 1, 0, 1, 0, 1, 1, 0, 1, 0], [1, 1, 1, 1, 1, 0, 0, 1, 0, 1, 0, 0, 1, 1, 0, 0, 1, 1, 0], [1, 1, 0, 0, 0, 0, 1, 1, 1, 0, 0, 0, 1, 0, 0, 1, 1, 0, 0], [1, 1, 0, 1, 1, 0, 0, 0, 0, 1, 1, 1, 0, 1, 0, 1, 0, 1, 0], [0, 0, 1, 0, 1, 1, 1, 1, 1, 0, 1, 0, 1, 0, 0, 0, 0, 1, 0], [0, 0, 0, 0, 1, 0, 1, 1, 0, 1, 0, 0, 0, 0, 0, 0, 0, 0, 0], [0, 0, 0, 1, 0, 0, 0, 1, 0, 1, 0, 1, 1, 0, 0, 0, 1, 0, 1], [1, 0, 0, 1, 1, 1, 0, 0, 1, 0, 1, 1, 0, 0, 0, 1, 0, 1, 0], [0, 1, 0, 1, 0, 0, 0, 1, 0, 1, 1, 0, 1, 1, 0, 0, 1, 0, 0], [0, 0, 0, 0, 1, 1, 0, 1, 1, 0, 0, 0, 0, 0, 0, 1, 0, 0, 0]]",8.0,8.0,Y,"{0: 24, 1: 32, 2: 40, 3: 16, 4: 48, 5: 56, 6: 64, 7: 72, 8: 80, 9: 88, 10: 96, 11: 104, 12: 112, 13: 120, 14: 128, 15: 136, 16: 144, 17: 152, 18: 8}","{(0, 1): 16, (0, 2): 1, (0, 6): 1, (0, 7): 1, (0, 9): 1, (0, 10): 1, (0, 11): 1, (0, 12): 1, (0, 16): 1, (1, 2): 8, (1, 3): 1, (1, 4): 1, (1, 5): 1, (1, 7): 1, (1, 10): 1, (1, 11): 1, (1, 12): 1, (1, 17): 1, (2, 3): 9, (2, 4): 17, (2, 5): 1, (2, 7): 1, (2, 9): 1, (2, 10): 1, (2, 13): 1, (3, 8): 1, (3, 10): 1, (3, 12): 1, (3, 15): 1, (3, 16): 1, (3, 17): 1, (4, 6): 22, (4, 7): 1, (4, 9): 1, (4, 10): 1, (4, 12): 1, (4, 13): 1, (4, 14): 1, (4, 16): 1, (4, 18): 1, (5, 7): 1, (5, 8): 36, (5, 13): 12, (5, 16): 2, (5, 18): 3, (6, 11): 16, (6, 13): 24, (6, 14): 1, (7, 8): 1, (7, 9): 1, (7, 10): 1, (7, 11): 1, (7, 13): 1, (7, 14): 59, (7, 15): 1, (7, 17): 1, (7, 18): 1, (8, 9): 1, (8, 11): 3, (8, 13): 35, (8, 16): 1, (8, 18): 2, (9, 10): 1, (9, 12): 13, (9, 14): 67, (9, 15): 1, (9, 17): 1, (10, 12): 1, (10, 13): 2, (10, 16): 1, (10, 17): 85, (11, 12): 4, (11, 15): 2, (11, 16): 76, (12, 13): 1, (12, 15): 88, (12, 17): 1, (13, 17): 43, (15, 16): 42, (15, 18): 1, (16, 17): 19}",3273.01025390625,442.0,57.0,1245.0
62.0,Graph with 19 nodes and 81 edges,"[[0, 1, 1, 0, 0, 0, 1, 1, 0, 1, 1, 1, 1, 0, 0, 0, 1, 0, 0], [1, 0, 1, 1, 1, 1, 0, 1, 0, 0, 1, 1, 1, 0, 0, 0, 0, 1, 0], [1, 1, 0, 1, 1, 1, 0, 1, 0, 1, 1, 0, 0, 1, 0, 0, 0, 0, 0], [0, 1, 1, 0, 0, 0, 0, 0, 1, 0, 1, 0, 1, 0, 0, 1, 1, 1, 0], [0, 1, 1, 0, 0, 0, 1, 1, 0, 1, 1, 0, 1, 1, 1, 0, 1, 0, 1], [0, 1, 1, 0, 0, 0, 0, 1, 1, 0, 0, 0, 0, 1, 0, 0, 1, 0, 1], [1, 0, 0, 0, 1, 0, 0, 0, 0, 0, 0, 1, 0, 1, 1, 0, 0, 0, 0], [1, 1, 1, 0, 1, 1, 0, 0, 1, 1, 1, 1, 0, 1, 1, 1, 0, 1, 1], [0, 0, 0, 1, 0, 1, 0, 1, 0, 1, 0, 1, 0, 1, 0, 0, 1, 0, 1], [1, 0, 1, 0, 1, 0, 0, 1, 1, 0, 1, 0, 1, 0, 1, 1, 0, 1, 0], [1, 1, 1, 1, 1, 0, 0, 1, 0, 1, 0, 0, 1, 1, 0, 0, 1, 1, 0], [1, 1, 0, 0, 0, 0, 1, 1, 1, 0, 0, 0, 1, 0, 0, 1, 1, 0, 0], [1, 1, 0, 1, 1, 0, 0, 0, 0, 1, 1, 1, 0, 1, 0, 1, 0, 1, 0], [0, 0, 1, 0, 1, 1, 1, 1, 1, 0, 1, 0, 1, 0, 0, 0, 0, 1, 0], [0, 0, 0, 0, 1, 0, 1, 1, 0, 1, 0, 0, 0, 0, 0, 0, 0, 0, 0], [0, 0, 0, 1, 0, 0, 0, 1, 0, 1, 0, 1, 1, 0, 0, 0, 1, 0, 1], [1, 0, 0, 1, 1, 1, 0, 0, 1, 0, 1, 1, 0, 0, 0, 1, 0, 1, 0], [0, 1, 0, 1, 0, 0, 0, 1, 0, 1, 1, 0, 1, 1, 0, 0, 1, 0, 0], [0, 0, 0, 0, 1, 1, 0, 1, 1, 0, 0, 0, 0, 0, 0, 1, 0, 0, 0]]",10.0,4.0,Y,"{0: 14, 1: 18, 2: 22, 3: 26, 4: 30, 5: 34, 6: 38, 7: 42, 8: 46, 9: 50, 10: 54, 11: 58, 12: 62, 13: 66, 14: 70, 15: 74, 16: 78, 17: 82, 18: 10}","{(0, 1): 6, (0, 2): 1, (0, 6): 1, (0, 7): 1, (0, 9): 1, (0, 10): 1, (0, 11): 1, (0, 12): 1, (0, 16): 1, (1, 2): 4, (1, 3): 1, (1, 4): 1, (1, 5): 1, (1, 7): 1, (1, 10): 1, (1, 11): 1, (1, 12): 1, (1, 17): 1, (2, 3): 11, (2, 4): 1, (2, 5): 1, (2, 7): 1, (2, 9): 1, (2, 10): 1, (2, 13): 1, (3, 8): 9, (3, 10): 1, (3, 12): 1, (3, 15): 1, (3, 16): 1, (3, 17): 1, (4, 6): 20, (4, 7): 1, (4, 9): 1, (4, 10): 1, (4, 12): 1, (4, 13): 1, (4, 14): 1, (4, 16): 1, (4, 18): 1, (5, 7): 6, (5, 8): 4, (5, 13): 8, (5, 16): 13, (5, 18): 1, (6, 11): 1, (6, 13): 3, (6, 14): 13, (7, 8): 1, (7, 9): 1, (7, 10): 4, (7, 11): 1, (7, 13): 3, (7, 14): 18, (7, 15): 1, (7, 17): 2, (7, 18): 1, (8, 9): 2, (8, 11): 7, (8, 13): 10, (8, 16): 7, (8, 18): 6, (9, 10): 1, (9, 12): 1, (9, 14): 38, (9, 15): 1, (9, 17): 3, (10, 12): 21, (10, 13): 3, (10, 16): 3, (10, 17): 17, (11, 12): 11, (11, 15): 35, (11, 16): 1, (12, 13): 10, (12, 15): 1, (12, 17): 14, (13, 17): 27, (15, 16): 34, (15, 18): 1, (16, 17): 17}",3382.9212188720703,442.0,57.0,1245.0
64.0,Graph with 19 nodes and 80 edges,"[[0, 1, 1, 0, 0, 1, 1, 0, 0, 1, 1, 0, 0, 0, 0, 1, 1, 1, 1], [1, 0, 0, 1, 0, 0, 0, 0, 0, 0, 0, 0, 0, 1, 0, 0, 1, 0, 0], [1, 0, 0, 0, 0, 1, 0, 1, 0, 1, 1, 0, 1, 1, 0, 1, 1, 1, 0], [0, 1, 0, 0, 1, 0, 0, 1, 0, 1, 1, 1, 1, 1, 1, 1, 1, 0, 0], [0, 0, 0, 1, 0, 1, 1, 0, 0, 0, 0, 1, 1, 0, 1, 1, 0, 1, 0], [1, 0, 1, 0, 1, 0, 0, 1, 1, 0, 0, 1, 1, 0, 0, 1, 1, 0, 1], [1, 0, 0, 0, 1, 0, 0, 1, 0, 1, 0, 0, 0, 1, 1, 0, 1, 0, 1], [0, 0, 1, 1, 0, 1, 1, 0, 0, 1, 0, 1, 0, 0, 1, 1, 0, 1, 0], [0, 0, 0, 0, 0, 1, 0, 0, 0, 1, 1, 0, 0, 0, 0, 1, 0, 0, 1], [1, 0, 1, 1, 0, 0, 1, 1, 1, 0, 1, 0, 0, 1, 1, 0, 0, 0, 0], [1, 0, 1, 1, 0, 0, 0, 0, 1, 1, 0, 0, 0, 0, 1, 1, 0, 1, 1], [0, 0, 0, 1, 1, 1, 0, 1, 0, 0, 0, 0, 0, 0, 1, 1, 1, 1, 0], [0, 0, 1, 1, 1, 1, 0, 0, 0, 0, 0, 0, 0, 1, 1, 0, 0, 1, 1], [0, 1, 1, 1, 0, 0, 1, 0, 0, 1, 0, 0, 1, 0, 0, 0, 0, 0, 1], [0, 0, 0, 1, 1, 0, 1, 1, 0, 1, 1, 1, 1, 0, 0, 0, 0, 0, 1], [1, 0, 1, 1, 1, 1, 0, 1, 1, 0, 1, 1, 0, 0, 0, 0, 0, 0, 0], [1, 1, 1, 1, 0, 1, 1, 0, 0, 0, 0, 1, 0, 0, 0, 0, 0, 0, 1], [1, 0, 1, 0, 1, 0, 0, 1, 0, 0, 1, 1, 1, 0, 0, 0, 0, 0, 1], [1, 0, 0, 0, 0, 1, 1, 0, 1, 0, 1, 0, 1, 1, 1, 0, 1, 1, 0]]",20.0,2.0,Y,"{0: 22, 1: 24, 2: 26, 3: 28, 4: 30, 5: 32, 6: 34, 7: 36, 8: 38, 9: 40, 10: 42, 11: 44, 12: 46, 13: 48, 14: 50, 15: 52, 16: 54, 17: 56, 18: 20}","{(0, 1): 13, (0, 2): 1, (0, 5): 1, (0, 6): 1, (0, 9): 1, (0, 10): 1, (0, 15): 1, (0, 16): 1, (0, 17): 1, (0, 18): 1, (1, 3): 9, (1, 13): 1, (1, 16): 1, (2, 5): 17, (2, 7): 1, (2, 9): 1, (2, 10): 1, (2, 12): 1, (2, 13): 1, (2, 15): 1, (2, 16): 1, (2, 17): 1, (3, 4): 10, (3, 7): 1, (3, 9): 1, (3, 10): 1, (3, 11): 1, (3, 12): 1, (3, 13): 1, (3, 14): 1, (3, 15): 1, (3, 16): 1, (4, 5): 7, (4, 6): 1, (4, 11): 1, (4, 12): 1, (4, 14): 2, (4, 15): 7, (4, 17): 1, (5, 7): 1, (5, 8): 1, (5, 11): 1, (5, 12): 1, (5, 15): 1, (5, 16): 1, (5, 18): 1, (6, 7): 1, (6, 9): 1, (6, 13): 4, (6, 14): 14, (6, 16): 11, (6, 18): 1, (7, 9): 5, (7, 11): 1, (7, 14): 13, (7, 15): 6, (7, 17): 7, (8, 9): 1, (8, 10): 2, (8, 15): 33, (8, 18): 1, (9, 10): 7, (9, 13): 21, (9, 14): 2, (10, 14): 7, (10, 15): 1, (10, 17): 21, (10, 18): 1, (11, 14): 1, (11, 15): 1, (11, 16): 37, (11, 17): 1, (12, 13): 19, (12, 14): 1, (12, 17): 21, (12, 18): 1, (13, 18): 1, (14, 18): 9, (16, 18): 1, (17, 18): 3}",2702.951431274414,441.0,57.0,1243.0
65.0,Graph with 19 nodes and 93 edges,"[[0, 0, 0, 1, 1, 0, 0, 0, 0, 1, 0, 0, 0, 0, 0, 1, 0, 1, 0], [0, 0, 1, 0, 1, 0, 1, 1, 1, 0, 0, 1, 0, 1, 0, 1, 1, 1, 1], [0, 1, 0, 1, 0, 1, 1, 1, 0, 0, 1, 1, 1, 0, 1, 1, 0, 0, 1], [1, 0, 1, 0, 1, 1, 1, 0, 1, 1, 1, 1, 1, 1, 0, 0, 0, 1, 1], [1, 1, 0, 1, 0, 0, 0, 1, 1, 1, 1, 1, 0, 0, 1, 0, 1, 1, 0], [0, 0, 1, 1, 0, 0, 0, 1, 0, 0, 1, 0, 0, 0, 0, 1, 1, 1, 1], [0, 1, 1, 1, 0, 0, 0, 0, 0, 0, 0, 1, 1, 0, 1, 0, 1, 1, 1], [0, 1, 1, 0, 1, 1, 0, 0, 0, 0, 0, 0, 1, 0, 0, 0, 0, 0, 1], [0, 1, 0, 1, 1, 0, 0, 0, 0, 1, 0, 1, 1, 0, 1, 1, 1, 1, 0], [1, 0, 0, 1, 1, 0, 0, 0, 1, 0, 0, 1, 1, 1, 0, 0, 0, 1, 0], [0, 0, 1, 1, 1, 1, 0, 0, 0, 0, 0, 1, 0, 0, 1, 1, 0, 0, 1], [0, 1, 1, 1, 1, 0, 1, 0, 1, 1, 1, 0, 1, 1, 1, 1, 1, 0, 1], [0, 0, 1, 1, 0, 0, 1, 1, 1, 1, 0, 1, 0, 1, 1, 0, 1, 1, 1], [0, 1, 0, 1, 0, 0, 0, 0, 0, 1, 0, 1, 1, 0, 0, 1, 0, 1, 0], [0, 0, 1, 0, 1, 0, 1, 0, 1, 0, 1, 1, 1, 0, 0, 1, 1, 0, 1], [1, 1, 1, 0, 0, 1, 0, 0, 1, 0, 1, 1, 0, 1, 1, 0, 1, 1, 0], [0, 1, 0, 0, 1, 1, 1, 0, 1, 0, 0, 1, 1, 0, 1, 1, 0, 0, 0], [1, 1, 0, 1, 1, 1, 1, 0, 1, 1, 0, 0, 1, 1, 0, 1, 0, 0, 1], [0, 1, 1, 1, 0, 1, 1, 1, 0, 0, 1, 1, 1, 0, 1, 0, 0, 1, 0]]",14.0,2.0,Y,"{0: 16, 1: 18, 2: 20, 3: 22, 4: 24, 5: 26, 6: 28, 7: 30, 8: 32, 9: 34, 10: 36, 11: 38, 12: 40, 13: 42, 14: 44, 15: 46, 16: 48, 17: 50, 18: 14}","{(0, 3): 10, (0, 4): 3, (0, 9): 1, (0, 15): 1, (0, 17): 1, (1, 2): 8, (1, 4): 1, (1, 6): 1, (1, 7): 1, (1, 8): 1, (1, 11): 1, (1, 13): 1, (1, 15): 1, (1, 16): 1, (1, 17): 1, (1, 18): 1, (2, 3): 1, (2, 5): 3, (2, 6): 1, (2, 7): 1, (2, 10): 1, (2, 11): 1, (2, 12): 1, (2, 14): 1, (2, 15): 1, (2, 18): 1, (3, 4): 1, (3, 5): 1, (3, 6): 1, (3, 8): 1, (3, 9): 1, (3, 10): 1, (3, 11): 1, (3, 12): 1, (3, 13): 1, (3, 17): 1, (3, 18): 1, (4, 7): 12, (4, 8): 1, (4, 9): 1, (4, 10): 1, (4, 11): 1, (4, 14): 1, (4, 16): 1, (4, 17): 1, (5, 7): 14, (5, 10): 1, (5, 15): 1, (5, 16): 4, (5, 17): 1, (5, 18): 1, (6, 11): 1, (6, 12): 9, (6, 14): 9, (6, 16): 1, (6, 17): 1, (6, 18): 4, (7, 12): 1, (7, 18): 1, (8, 9): 20, (8, 11): 1, (8, 12): 1, (8, 14): 2, (8, 15): 1, (8, 16): 1, (8, 17): 3, (9, 11): 3, (9, 12): 1, (9, 13): 6, (9, 17): 1, (10, 11): 1, (10, 14): 18, (10, 15): 12, (10, 18): 1, (11, 12): 1, (11, 13): 1, (11, 14): 2, (11, 15): 9, (11, 16): 14, (11, 18): 1, (12, 13): 1, (12, 14): 5, (12, 16): 17, (12, 17): 1, (12, 18): 1, (13, 15): 1, (13, 17): 31, (14, 15): 4, (14, 16): 1, (14, 18): 1, (15, 16): 8, (15, 17): 7, (17, 18): 1}",2562.0460510253906,454.0,57.0,1269.0
65.0,Graph with 19 nodes and 93 edges,"[[0, 0, 0, 1, 1, 0, 0, 0, 0, 1, 0, 0, 0, 0, 0, 1, 0, 1, 0], [0, 0, 1, 0, 1, 0, 1, 1, 1, 0, 0, 1, 0, 1, 0, 1, 1, 1, 1], [0, 1, 0, 1, 0, 1, 1, 1, 0, 0, 1, 1, 1, 0, 1, 1, 0, 0, 1], [1, 0, 1, 0, 1, 1, 1, 0, 1, 1, 1, 1, 1, 1, 0, 0, 0, 1, 1], [1, 1, 0, 1, 0, 0, 0, 1, 1, 1, 1, 1, 0, 0, 1, 0, 1, 1, 0], [0, 0, 1, 1, 0, 0, 0, 1, 0, 0, 1, 0, 0, 0, 0, 1, 1, 1, 1], [0, 1, 1, 1, 0, 0, 0, 0, 0, 0, 0, 1, 1, 0, 1, 0, 1, 1, 1], [0, 1, 1, 0, 1, 1, 0, 0, 0, 0, 0, 0, 1, 0, 0, 0, 0, 0, 1], [0, 1, 0, 1, 1, 0, 0, 0, 0, 1, 0, 1, 1, 0, 1, 1, 1, 1, 0], [1, 0, 0, 1, 1, 0, 0, 0, 1, 0, 0, 1, 1, 1, 0, 0, 0, 1, 0], [0, 0, 1, 1, 1, 1, 0, 0, 0, 0, 0, 1, 0, 0, 1, 1, 0, 0, 1], [0, 1, 1, 1, 1, 0, 1, 0, 1, 1, 1, 0, 1, 1, 1, 1, 1, 0, 1], [0, 0, 1, 1, 0, 0, 1, 1, 1, 1, 0, 1, 0, 1, 1, 0, 1, 1, 1], [0, 1, 0, 1, 0, 0, 0, 0, 0, 1, 0, 1, 1, 0, 0, 1, 0, 1, 0], [0, 0, 1, 0, 1, 0, 1, 0, 1, 0, 1, 1, 1, 0, 0, 1, 1, 0, 1], [1, 1, 1, 0, 0, 1, 0, 0, 1, 0, 1, 1, 0, 1, 1, 0, 1, 1, 0], [0, 1, 0, 0, 1, 1, 1, 0, 1, 0, 0, 1, 1, 0, 1, 1, 0, 0, 0], [1, 1, 0, 1, 1, 1, 1, 0, 1, 1, 0, 0, 1, 1, 0, 1, 0, 0, 1], [0, 1, 1, 1, 0, 1, 1, 1, 0, 0, 1, 1, 1, 0, 1, 0, 0, 1, 0]]",15.0,1.0,Y,"{0: 19, 1: 33, 2: 29, 3: 24, 4: 31, 5: 16, 6: 23, 7: 25, 8: 17, 9: 30, 10: 20, 11: 22, 12: 18, 13: 32, 14: 21, 15: 15, 16: 26, 17: 27, 18: 28}","{(0, 3): 12, (0, 4): 1, (0, 9): 1, (0, 15): 1, (0, 17): 4, (1, 2): 1, (1, 4): 1, (1, 6): 1, (1, 7): 1, (1, 8): 1, (1, 11): 9, (1, 13): 1, (1, 15): 1, (1, 16): 1, (1, 17): 1, (1, 18): 15, (2, 3): 1, (2, 5): 1, (2, 6): 1, (2, 7): 1, (2, 10): 1, (2, 11): 1, (2, 12): 1, (2, 14): 12, (2, 15): 5, (2, 18): 4, (3, 4): 1, (3, 5): 1, (3, 6): 1, (3, 8): 1, (3, 9): 1, (3, 10): 1, (3, 11): 1, (3, 12): 1, (3, 13): 1, (3, 17): 1, (3, 18): 1, (4, 7): 6, (4, 8): 1, (4, 9): 1, (4, 10): 13, (4, 11): 1, (4, 14): 1, (4, 16): 1, (4, 17): 4, (5, 7): 9, (5, 10): 1, (5, 15): 1, (5, 16): 1, (5, 17): 1, (5, 18): 1, (6, 11): 1, (6, 12): 1, (6, 14): 1, (6, 16): 11, (6, 17): 5, (6, 18): 1, (7, 12): 7, (7, 18): 1, (8, 9): 1, (8, 11): 1, (8, 12): 1, (8, 14): 1, (8, 15): 1, (8, 16): 8, (8, 17): 1, (9, 11): 1, (9, 12): 1, (9, 13): 22, (9, 17): 2, (10, 11): 1, (10, 14): 1, (10, 15): 1, (10, 18): 1, (11, 12): 1, (11, 13): 1, (11, 14): 1, (11, 15): 1, (11, 16): 1, (11, 18): 1, (12, 13): 1, (12, 14): 1, (12, 16): 1, (12, 17): 1, (12, 18): 1, (13, 15): 1, (13, 17): 5, (14, 15): 1, (14, 16): 1, (14, 18): 1, (15, 16): 1, (15, 17): 1, (17, 18): 1}",2305.9844970703125,454.0,57.0,1269.0
65.0,Graph with 19 nodes and 93 edges,"[[0, 0, 0, 1, 1, 0, 0, 0, 0, 1, 0, 0, 0, 0, 0, 1, 0, 1, 0], [0, 0, 1, 0, 1, 0, 1, 1, 1, 0, 0, 1, 0, 1, 0, 1, 1, 1, 1], [0, 1, 0, 1, 0, 1, 1, 1, 0, 0, 1, 1, 1, 0, 1, 1, 0, 0, 1], [1, 0, 1, 0, 1, 1, 1, 0, 1, 1, 1, 1, 1, 1, 0, 0, 0, 1, 1], [1, 1, 0, 1, 0, 0, 0, 1, 1, 1, 1, 1, 0, 0, 1, 0, 1, 1, 0], [0, 0, 1, 1, 0, 0, 0, 1, 0, 0, 1, 0, 0, 0, 0, 1, 1, 1, 1], [0, 1, 1, 1, 0, 0, 0, 0, 0, 0, 0, 1, 1, 0, 1, 0, 1, 1, 1], [0, 1, 1, 0, 1, 1, 0, 0, 0, 0, 0, 0, 1, 0, 0, 0, 0, 0, 1], [0, 1, 0, 1, 1, 0, 0, 0, 0, 1, 0, 1, 1, 0, 1, 1, 1, 1, 0], [1, 0, 0, 1, 1, 0, 0, 0, 1, 0, 0, 1, 1, 1, 0, 0, 0, 1, 0], [0, 0, 1, 1, 1, 1, 0, 0, 0, 0, 0, 1, 0, 0, 1, 1, 0, 0, 1], [0, 1, 1, 1, 1, 0, 1, 0, 1, 1, 1, 0, 1, 1, 1, 1, 1, 0, 1], [0, 0, 1, 1, 0, 0, 1, 1, 1, 1, 0, 1, 0, 1, 1, 0, 1, 1, 1], [0, 1, 0, 1, 0, 0, 0, 0, 0, 1, 0, 1, 1, 0, 0, 1, 0, 1, 0], [0, 0, 1, 0, 1, 0, 1, 0, 1, 0, 1, 1, 1, 0, 0, 1, 1, 0, 1], [1, 1, 1, 0, 0, 1, 0, 0, 1, 0, 1, 1, 0, 1, 1, 0, 1, 1, 0], [0, 1, 0, 0, 1, 1, 1, 0, 1, 0, 0, 1, 1, 0, 1, 1, 0, 0, 0], [1, 1, 0, 1, 1, 1, 1, 0, 1, 1, 0, 0, 1, 1, 0, 1, 0, 0, 1], [0, 1, 1, 1, 0, 1, 1, 1, 0, 0, 1, 1, 1, 0, 1, 0, 0, 1, 0]]",25.0,7.0,Y,"{0: 32, 1: 39, 2: 46, 3: 53, 4: 60, 5: 67, 6: 74, 7: 81, 8: 88, 9: 95, 10: 102, 11: 109, 12: 116, 13: 123, 14: 130, 15: 137, 16: 144, 17: 151, 18: 25}","{(0, 3): 28, (0, 4): 1, (0, 9): 1, (0, 15): 1, (0, 17): 1, (1, 2): 29, (1, 4): 1, (1, 6): 1, (1, 7): 1, (1, 8): 1, (1, 11): 1, (1, 13): 1, (1, 15): 1, (1, 16): 1, (1, 17): 1, (1, 18): 1, (2, 3): 8, (2, 5): 1, (2, 6): 1, (2, 7): 1, (2, 10): 1, (2, 11): 1, (2, 12): 1, (2, 14): 1, (2, 15): 1, (2, 18): 1, (3, 4): 7, (3, 5): 1, (3, 6): 1, (3, 8): 1, (3, 9): 1, (3, 10): 1, (3, 11): 1, (3, 12): 1, (3, 13): 1, (3, 17): 1, (3, 18): 1, (4, 7): 44, (4, 8): 1, (4, 9): 1, (4, 10): 1, (4, 11): 1, (4, 14): 1, (4, 16): 1, (4, 17): 1, (5, 7): 33, (5, 10): 28, (5, 15): 1, (5, 16): 1, (5, 17): 1, (5, 18): 1, (6, 11): 1, (6, 12): 44, (6, 14): 1, (6, 16): 9, (6, 17): 1, (6, 18): 15, (7, 12): 1, (7, 18): 1, (8, 9): 1, (8, 11): 1, (8, 12): 1, (8, 14): 1, (8, 15): 1, (8, 16): 1, (8, 17): 79, (9, 11): 1, (9, 12): 1, (9, 13): 88, (9, 17): 1, (10, 11): 1, (10, 14): 30, (10, 15): 39, (10, 18): 1, (11, 12): 1, (11, 13): 1, (11, 14): 1, (11, 15): 1, (11, 16): 96, (11, 18): 1, (12, 13): 1, (12, 14): 1, (12, 16): 1, (12, 17): 62, (12, 18): 1, (13, 15): 30, (13, 17): 1, (14, 15): 60, (14, 16): 33, (14, 18): 1, (15, 16): 1, (15, 17): 1, (17, 18): 1}",2846.0025787353516,454.0,57.0,1269.0
66.0,Graph with 19 nodes and 85 edges,"[[0, 0, 0, 0, 1, 1, 0, 0, 1, 0, 1, 1, 0, 1, 0, 0, 1, 1, 1], [0, 0, 0, 0, 1, 0, 0, 0, 0, 1, 1, 0, 1, 0, 1, 0, 1, 0, 1], [0, 0, 0, 0, 1, 1, 1, 0, 0, 1, 0, 1, 1, 0, 1, 1, 0, 0, 1], [0, 0, 0, 0, 1, 1, 1, 1, 0, 1, 0, 1, 1, 0, 0, 1, 1, 1, 0], [1, 1, 1, 1, 0, 0, 0, 1, 1, 0, 1, 0, 0, 0, 1, 1, 0, 1, 0], [1, 0, 1, 1, 0, 0, 0, 0, 1, 0, 1, 0, 0, 0, 0, 0, 1, 0, 1], [0, 0, 1, 1, 0, 0, 0, 0, 1, 1, 0, 0, 0, 1, 1, 0, 1, 0, 0], [0, 0, 0, 1, 1, 0, 0, 0, 1, 1, 1, 1, 1, 0, 1, 0, 1, 1, 1], [1, 0, 0, 0, 1, 1, 1, 1, 0, 0, 1, 0, 1, 1, 1, 0, 1, 1, 1], [0, 1, 1, 1, 0, 0, 1, 1, 0, 0, 0, 1, 0, 1, 0, 1, 0, 0, 0], [1, 1, 0, 0, 1, 1, 0, 1, 1, 0, 0, 0, 0, 1, 0, 0, 0, 0, 1], [1, 0, 1, 1, 0, 0, 0, 1, 0, 1, 0, 0, 1, 1, 1, 1, 0, 0, 0], [0, 1, 1, 1, 0, 0, 0, 1, 1, 0, 0, 1, 0, 0, 0, 0, 0, 0, 0], [1, 0, 0, 0, 0, 0, 1, 0, 1, 1, 1, 1, 0, 0, 1, 0, 1, 1, 0], [0, 1, 1, 0, 1, 0, 1, 1, 1, 0, 0, 1, 0, 1, 0, 1, 1, 1, 0], [0, 0, 1, 1, 1, 0, 0, 0, 0, 1, 0, 1, 0, 0, 1, 0, 1, 0, 1], [1, 1, 0, 1, 0, 1, 1, 1, 1, 0, 0, 0, 0, 1, 1, 1, 0, 1, 0], [1, 0, 0, 1, 1, 0, 0, 1, 1, 0, 0, 0, 0, 1, 1, 0, 1, 0, 1], [1, 1, 1, 0, 0, 1, 0, 1, 1, 0, 1, 0, 0, 0, 0, 1, 0, 1, 0]]",15.0,7.0,Y,"{0: 22, 1: 29, 2: 36, 3: 43, 4: 50, 5: 57, 6: 64, 7: 71, 8: 78, 9: 85, 10: 92, 11: 99, 12: 106, 13: 113, 14: 120, 15: 127, 16: 134, 17: 141, 18: 15}","{(0, 4): 14, (0, 5): 1, (0, 8): 1, (0, 10): 1, (0, 11): 1, (0, 13): 1, (0, 16): 1, (0, 17): 1, (0, 18): 1, (1, 4): 23, (1, 9): 1, (1, 10): 1, (1, 12): 1, (1, 14): 1, (1, 16): 1, (1, 18): 1, (2, 4): 6, (2, 5): 23, (2, 6): 1, (2, 9): 1, (2, 11): 1, (2, 12): 1, (2, 14): 1, (2, 15): 1, (2, 18): 1, (3, 4): 1, (3, 5): 29, (3, 6): 6, (3, 7): 1, (3, 9): 1, (3, 11): 1, (3, 12): 1, (3, 15): 1, (3, 16): 1, (3, 17): 1, (4, 7): 1, (4, 8): 1, (4, 10): 1, (4, 14): 1, (4, 15): 1, (4, 17): 1, (5, 8): 1, (5, 10): 1, (5, 16): 1, (5, 18): 1, (6, 8): 45, (6, 9): 1, (6, 13): 1, (6, 14): 1, (6, 16): 9, (7, 8): 1, (7, 9): 1, (7, 10): 5, (7, 11): 3, (7, 12): 9, (7, 14): 5, (7, 16): 41, (7, 17): 3, (7, 18): 1, (8, 10): 9, (8, 12): 13, (8, 13): 1, (8, 14): 1, (8, 16): 1, (8, 17): 3, (8, 18): 1, (9, 11): 5, (9, 13): 1, (9, 15): 74, (10, 13): 73, (10, 18): 1, (11, 12): 81, (11, 13): 1, (11, 14): 5, (11, 15): 1, (13, 14): 17, (13, 16): 5, (13, 17): 13, (14, 15): 35, (14, 16): 1, (14, 17): 52, (15, 16): 7, (15, 18): 7, (16, 17): 66, (17, 18): 1}",3214.120864868164,446.0,57.0,1253.0
71.0,Graph with 19 nodes and 79 edges,"[[0, 0, 1, 1, 0, 0, 0, 1, 0, 0, 0, 0, 1, 1, 0, 1, 0, 1, 1], [0, 0, 0, 1, 0, 1, 0, 0, 0, 1, 1, 0, 1, 1, 1, 0, 0, 1, 1], [1, 0, 0, 0, 0, 0, 1, 1, 0, 0, 1, 1, 1, 0, 1, 1, 0, 1, 0], [1, 1, 0, 0, 0, 0, 0, 0, 0, 0, 0, 0, 1, 0, 0, 0, 0, 1, 0], [0, 0, 0, 0, 0, 0, 0, 0, 1, 0, 0, 0, 0, 0, 0, 1, 1, 0, 0], [0, 1, 0, 0, 0, 0, 0, 1, 1, 0, 0, 0, 1, 0, 0, 1, 1, 0, 1], [0, 0, 1, 0, 0, 0, 0, 1, 0, 0, 1, 1, 1, 1, 1, 0, 0, 0, 1], [1, 0, 1, 0, 0, 1, 1, 0, 0, 1, 0, 1, 0, 1, 1, 0, 0, 1, 1], [0, 0, 0, 0, 1, 1, 0, 0, 0, 1, 1, 0, 0, 0, 0, 0, 1, 1, 0], [0, 1, 0, 0, 0, 0, 0, 1, 1, 0, 1, 1, 0, 0, 1, 0, 1, 1, 1], [0, 1, 1, 0, 0, 0, 1, 0, 1, 1, 0, 1, 0, 1, 0, 1, 1, 1, 1], [0, 0, 1, 0, 0, 0, 1, 1, 0, 1, 1, 0, 0, 0, 0, 0, 0, 1, 0], [1, 1, 1, 1, 0, 1, 1, 0, 0, 0, 0, 0, 0, 0, 1, 0, 1, 1, 0], [1, 1, 0, 0, 0, 0, 1, 1, 0, 0, 1, 0, 0, 0, 0, 1, 0, 1, 1], [0, 1, 1, 0, 0, 0, 1, 1, 0, 1, 0, 0, 1, 0, 0, 0, 1, 1, 1], [1, 0, 1, 0, 1, 1, 0, 0, 0, 0, 1, 0, 0, 1, 0, 0, 0, 1, 1], [0, 0, 0, 0, 1, 1, 0, 0, 1, 1, 1, 0, 1, 0, 1, 0, 0, 1, 1], [1, 1, 1, 1, 0, 0, 0, 1, 1, 1, 1, 1, 1, 1, 1, 1, 1, 0, 0], [1, 1, 0, 0, 0, 1, 1, 1, 0, 1, 1, 0, 0, 1, 1, 1, 1, 0, 0]]",9.0,1.0,Y,"{0: 12, 1: 23, 2: 21, 3: 11, 4: 18, 5: 17, 6: 10, 7: 24, 8: 13, 9: 22, 10: 25, 11: 15, 12: 9, 13: 16, 14: 20, 15: 19, 16: 14, 17: 27, 18: 26}","{(0, 2): 1, (0, 3): 1, (0, 7): 1, (0, 12): 1, (0, 13): 1, (0, 15): 1, (0, 17): 5, (0, 18): 1, (1, 3): 1, (1, 5): 1, (1, 9): 1, (1, 10): 1, (1, 12): 1, (1, 13): 1, (1, 14): 1, (1, 17): 3, (1, 18): 13, (2, 6): 1, (2, 7): 1, (2, 10): 1, (2, 11): 1, (2, 12): 1, (2, 14): 5, (2, 15): 9, (2, 17): 1, (3, 12): 1, (3, 17): 8, (4, 8): 8, (4, 15): 4, (4, 16): 6, (5, 7): 8, (5, 8): 1, (5, 12): 1, (5, 15): 1, (5, 16): 1, (5, 18): 4, (6, 7): 1, (6, 10): 1, (6, 11): 1, (6, 12): 1, (6, 13): 1, (6, 14): 3, (6, 18): 1, (7, 9): 7, (7, 11): 1, (7, 13): 1, (7, 14): 2, (7, 17): 1, (7, 18): 1, (8, 9): 1, (8, 10): 1, (8, 16): 1, (8, 17): 1, (9, 10): 1, (9, 11): 4, (9, 14): 5, (9, 16): 1, (9, 17): 1, (9, 18): 1, (10, 11): 7, (10, 13): 9, (10, 15): 1, (10, 16): 1, (10, 17): 1, (10, 18): 1, (11, 17): 1, (12, 14): 1, (12, 16): 1, (12, 17): 1, (13, 15): 1, (13, 17): 1, (13, 18): 1, (14, 16): 1, (14, 17): 1, (14, 18): 1, (15, 17): 1, (15, 18): 1, (16, 17): 1, (16, 18): 1}",2872.943878173828,440.0,57.0,1241.0
71.0,Graph with 19 nodes and 79 edges,"[[0, 0, 1, 1, 0, 0, 0, 1, 0, 0, 0, 0, 1, 1, 0, 1, 0, 1, 1], [0, 0, 0, 1, 0, 1, 0, 0, 0, 1, 1, 0, 1, 1, 1, 0, 0, 1, 1], [1, 0, 0, 0, 0, 0, 1, 1, 0, 0, 1, 1, 1, 0, 1, 1, 0, 1, 0], [1, 1, 0, 0, 0, 0, 0, 0, 0, 0, 0, 0, 1, 0, 0, 0, 0, 1, 0], [0, 0, 0, 0, 0, 0, 0, 0, 1, 0, 0, 0, 0, 0, 0, 1, 1, 0, 0], [0, 1, 0, 0, 0, 0, 0, 1, 1, 0, 0, 0, 1, 0, 0, 1, 1, 0, 1], [0, 0, 1, 0, 0, 0, 0, 1, 0, 0, 1, 1, 1, 1, 1, 0, 0, 0, 1], [1, 0, 1, 0, 0, 1, 1, 0, 0, 1, 0, 1, 0, 1, 1, 0, 0, 1, 1], [0, 0, 0, 0, 1, 1, 0, 0, 0, 1, 1, 0, 0, 0, 0, 0, 1, 1, 0], [0, 1, 0, 0, 0, 0, 0, 1, 1, 0, 1, 1, 0, 0, 1, 0, 1, 1, 1], [0, 1, 1, 0, 0, 0, 1, 0, 1, 1, 0, 1, 0, 1, 0, 1, 1, 1, 1], [0, 0, 1, 0, 0, 0, 1, 1, 0, 1, 1, 0, 0, 0, 0, 0, 0, 1, 0], [1, 1, 1, 1, 0, 1, 1, 0, 0, 0, 0, 0, 0, 0, 1, 0, 1, 1, 0], [1, 1, 0, 0, 0, 0, 1, 1, 0, 0, 1, 0, 0, 0, 0, 1, 0, 1, 1], [0, 1, 1, 0, 0, 0, 1, 1, 0, 1, 0, 0, 1, 0, 0, 0, 1, 1, 1], [1, 0, 1, 0, 1, 1, 0, 0, 0, 0, 1, 0, 0, 1, 0, 0, 0, 1, 1], [0, 0, 0, 0, 1, 1, 0, 0, 1, 1, 1, 0, 1, 0, 1, 0, 0, 1, 1], [1, 1, 1, 1, 0, 0, 0, 1, 1, 1, 1, 1, 1, 1, 1, 1, 1, 0, 0], [1, 1, 0, 0, 0, 1, 1, 1, 0, 1, 1, 0, 0, 1, 1, 1, 1, 0, 0]]",11.0,9.0,Y,"{0: 20, 1: 29, 2: 38, 3: 47, 4: 56, 5: 65, 6: 74, 7: 83, 8: 92, 9: 101, 10: 110, 11: 119, 12: 128, 13: 137, 14: 146, 15: 155, 16: 164, 17: 173, 18: 11}","{(0, 2): 13, (0, 3): 1, (0, 7): 1, (0, 12): 1, (0, 13): 1, (0, 15): 1, (0, 17): 1, (0, 18): 1, (1, 3): 21, (1, 5): 1, (1, 9): 1, (1, 10): 1, (1, 12): 1, (1, 13): 1, (1, 14): 1, (1, 17): 1, (1, 18): 1, (2, 6): 18, (2, 7): 1, (2, 10): 1, (2, 11): 1, (2, 12): 1, (2, 14): 1, (2, 15): 1, (2, 17): 1, (3, 12): 24, (3, 17): 1, (4, 8): 45, (4, 15): 5, (4, 16): 6, (5, 7): 1, (5, 8): 1, (5, 12): 1, (5, 15): 1, (5, 16): 59, (5, 18): 1, (6, 7): 1, (6, 10): 1, (6, 11): 1, (6, 12): 1, (6, 13): 9, (6, 14): 42, (6, 18): 1, (7, 9): 1, (7, 11): 1, (7, 13): 74, (7, 14): 1, (7, 17): 1, (7, 18): 1, (8, 9): 1, (8, 10): 1, (8, 16): 1, (8, 17): 43, (9, 10): 1, (9, 11): 1, (9, 14): 1, (9, 16): 93, (9, 17): 1, (9, 18): 1, (10, 11): 1, (10, 13): 1, (10, 15): 100, (10, 16): 1, (10, 17): 1, (10, 18): 1, (11, 17): 114, (12, 14): 97, (12, 16): 1, (12, 17): 1, (13, 15): 45, (13, 17): 5, (13, 18): 1, (14, 16): 1, (14, 17): 1, (14, 18): 1, (15, 17): 1, (15, 18): 1, (16, 17): 1, (16, 18): 1}",2671.957015991211,440.0,57.0,1241.0
73.0,Graph with 19 nodes and 87 edges,"[[0, 1, 1, 1, 1, 1, 0, 1, 0, 1, 0, 1, 1, 1, 1, 1, 1, 1, 1], [1, 0, 0, 1, 0, 0, 1, 0, 0, 0, 0, 0, 1, 1, 0, 1, 0, 0, 0], [1, 0, 0, 1, 0, 0, 1, 0, 1, 0, 0, 0, 0, 1, 1, 0, 0, 1, 1], [1, 1, 1, 0, 0, 1, 1, 0, 0, 1, 1, 1, 1, 1, 1, 0, 0, 0, 0], [1, 0, 0, 0, 0, 1, 1, 0, 1, 0, 1, 1, 0, 1, 0, 0, 0, 0, 1], [1, 0, 0, 1, 1, 0, 0, 1, 0, 1, 0, 1, 0, 0, 0, 1, 0, 0, 0], [0, 1, 1, 1, 1, 0, 0, 1, 1, 1, 0, 0, 0, 1, 1, 1, 0, 0, 1], [1, 0, 0, 0, 0, 1, 1, 0, 0, 0, 0, 1, 0, 1, 0, 1, 1, 0, 1], [0, 0, 1, 0, 1, 0, 1, 0, 0, 1, 1, 1, 0, 1, 0, 0, 1, 0, 0], [1, 0, 0, 1, 0, 1, 1, 0, 1, 0, 0, 0, 0, 1, 1, 0, 1, 0, 1], [0, 0, 0, 1, 1, 0, 0, 0, 1, 0, 0, 1, 1, 0, 0, 1, 0, 1, 0], [1, 0, 0, 1, 1, 1, 0, 1, 1, 0, 1, 0, 0, 1, 0, 1, 1, 0, 1], [1, 1, 0, 1, 0, 0, 0, 0, 0, 0, 1, 0, 0, 1, 1, 0, 1, 1, 1], [1, 1, 1, 1, 1, 0, 1, 1, 1, 1, 0, 1, 1, 0, 1, 1, 0, 0, 0], [1, 0, 1, 1, 0, 0, 1, 0, 0, 1, 0, 0, 1, 1, 0, 0, 1, 1, 0], [1, 1, 0, 0, 0, 1, 1, 1, 0, 0, 1, 1, 0, 1, 0, 0, 1, 1, 0], [1, 0, 0, 0, 0, 0, 0, 1, 1, 1, 0, 1, 1, 0, 1, 1, 0, 0, 0], [1, 0, 1, 0, 0, 0, 0, 0, 0, 0, 1, 0, 1, 0, 1, 1, 0, 0, 1], [1, 0, 1, 0, 1, 0, 1, 1, 0, 1, 0, 1, 1, 0, 0, 0, 0, 1, 0]]",12.0,4.0,Y,"{0: 84, 1: 36, 2: 48, 3: 40, 4: 76, 5: 12, 6: 64, 7: 44, 8: 24, 9: 60, 10: 32, 11: 56, 12: 80, 13: 28, 14: 72, 15: 16, 16: 20, 17: 52, 18: 68}","{(0, 1): 31, (0, 2): 1, (0, 3): 1, (0, 4): 1, (0, 5): 1, (0, 7): 37, (0, 9): 1, (0, 11): 1, (0, 12): 1, (0, 13): 1, (0, 14): 1, (0, 15): 1, (0, 16): 1, (0, 17): 1, (0, 18): 4, (1, 3): 1, (1, 6): 1, (1, 12): 1, (1, 13): 1, (1, 15): 1, (2, 3): 1, (2, 6): 4, (2, 8): 1, (2, 13): 1, (2, 14): 1, (2, 17): 38, (2, 18): 1, (3, 5): 6, (3, 6): 1, (3, 9): 1, (3, 10): 25, (3, 11): 1, (3, 12): 1, (3, 13): 1, (3, 14): 1, (4, 5): 1, (4, 6): 26, (4, 8): 1, (4, 10): 1, (4, 11): 42, (4, 13): 1, (4, 18): 3, (5, 7): 1, (5, 9): 1, (5, 11): 1, (5, 15): 1, (6, 7): 1, (6, 8): 5, (6, 9): 1, (6, 13): 16, (6, 14): 1, (6, 15): 7, (6, 18): 1, (7, 11): 1, (7, 13): 1, (7, 15): 1, (7, 16): 1, (7, 18): 1, (8, 9): 1, (8, 10): 1, (8, 11): 1, (8, 13): 1, (8, 16): 13, (9, 13): 1, (9, 14): 1, (9, 16): 1, (9, 18): 52, (10, 11): 2, (10, 12): 1, (10, 15): 1, (10, 17): 1, (11, 13): 1, (11, 15): 1, (11, 16): 1, (11, 18): 4, (12, 13): 1, (12, 14): 64, (12, 16): 1, (12, 17): 9, (12, 18): 1, (13, 14): 1, (13, 15): 1, (14, 16): 1, (14, 17): 1, (15, 16): 1, (15, 17): 1, (17, 18): 1}",3895.998001098633,448.0,57.0,1257.0
75.0,Graph with 19 nodes and 80 edges,"[[0, 1, 0, 1, 0, 1, 1, 1, 0, 0, 0, 0, 0, 0, 1, 0, 1, 1, 1], [1, 0, 0, 1, 0, 0, 1, 0, 1, 0, 1, 0, 1, 0, 1, 1, 1, 0, 0], [0, 0, 0, 1, 1, 1, 1, 0, 1, 0, 1, 1, 1, 0, 1, 1, 1, 1, 0], [1, 1, 1, 0, 0, 1, 0, 0, 1, 0, 0, 1, 0, 1, 1, 1, 1, 0, 0], [0, 0, 1, 0, 0, 0, 1, 0, 0, 0, 0, 1, 0, 1, 1, 1, 1, 1, 0], [1, 0, 1, 1, 0, 0, 0, 1, 1, 0, 1, 0, 1, 0, 1, 1, 0, 1, 1], [1, 1, 1, 0, 1, 0, 0, 0, 1, 0, 0, 1, 1, 1, 0, 0, 0, 0, 1], [1, 0, 0, 0, 0, 1, 0, 0, 1, 0, 0, 0, 0, 1, 0, 0, 0, 1, 0], [0, 1, 1, 1, 0, 1, 1, 1, 0, 0, 1, 1, 0, 1, 0, 0, 0, 0, 0], [0, 0, 0, 0, 0, 0, 0, 0, 0, 0, 1, 0, 0, 0, 1, 1, 0, 1, 0], [0, 1, 1, 0, 0, 1, 0, 0, 1, 1, 0, 0, 1, 1, 1, 1, 1, 0, 1], [0, 0, 1, 1, 1, 0, 1, 0, 1, 0, 0, 0, 0, 0, 0, 1, 0, 0, 0], [0, 1, 1, 0, 0, 1, 1, 0, 0, 0, 1, 0, 0, 0, 0, 0, 1, 0, 1], [0, 0, 0, 1, 1, 0, 1, 1, 1, 0, 1, 0, 0, 0, 0, 0, 1, 0, 0], [1, 1, 1, 1, 1, 1, 0, 0, 0, 1, 1, 0, 0, 0, 0, 0, 1, 1, 0], [0, 1, 1, 1, 1, 1, 0, 0, 0, 1, 1, 1, 0, 0, 0, 0, 0, 1, 1], [1, 1, 1, 1, 1, 0, 0, 0, 0, 0, 1, 0, 1, 1, 1, 0, 0, 0, 0], [1, 0, 1, 0, 1, 1, 0, 1, 0, 1, 0, 0, 0, 0, 1, 1, 0, 0, 0], [1, 0, 0, 0, 0, 1, 1, 0, 0, 0, 1, 0, 1, 0, 0, 1, 0, 0, 0]]",25.0,9.0,Y,"{0: 34, 1: 43, 2: 52, 3: 61, 4: 70, 5: 79, 6: 88, 7: 97, 8: 106, 9: 115, 10: 124, 11: 133, 12: 142, 13: 151, 14: 160, 15: 169, 16: 178, 17: 187, 18: 25}","{(0, 1): 26, (0, 3): 1, (0, 5): 1, (0, 6): 1, (0, 7): 1, (0, 14): 1, (0, 16): 1, (0, 17): 1, (0, 18): 1, (1, 3): 10, (1, 6): 1, (1, 8): 1, (1, 10): 1, (1, 12): 1, (1, 14): 1, (1, 15): 1, (1, 16): 1, (2, 3): 41, (2, 4): 1, (2, 5): 1, (2, 6): 1, (2, 8): 1, (2, 10): 1, (2, 11): 1, (2, 12): 1, (2, 14): 1, (2, 15): 1, (2, 16): 1, (2, 17): 1, (3, 5): 3, (3, 8): 1, (3, 11): 1, (3, 13): 1, (3, 14): 1, (3, 15): 1, (3, 16): 1, (4, 6): 1, (4, 11): 1, (4, 13): 1, (4, 14): 63, (4, 15): 1, (4, 16): 1, (4, 17): 1, (5, 7): 2, (5, 8): 1, (5, 10): 1, (5, 12): 1, (5, 14): 66, (5, 15): 1, (5, 17): 1, (5, 18): 1, (6, 8): 1, (6, 11): 1, (6, 12): 1, (6, 13): 80, (6, 18): 1, (7, 8): 1, (7, 13): 1, (7, 17): 92, (8, 10): 33, (8, 11): 1, (8, 13): 66, (9, 10): 1, (9, 14): 24, (9, 15): 1, (9, 17): 89, (10, 12): 18, (10, 13): 1, (10, 14): 1, (10, 15): 14, (10, 16): 52, (10, 18): 1, (11, 15): 128, (12, 16): 119, (12, 18): 1, (13, 16): 1, (14, 16): 1, (14, 17): 1, (15, 17): 1, (15, 18): 20}",2737.9989624023438,441.0,57.0,1243.0
77.0,Graph with 19 nodes and 88 edges,"[[0, 0, 0, 1, 0, 0, 1, 0, 0, 1, 1, 0, 0, 0, 1, 1, 1, 1, 1], [0, 0, 1, 1, 1, 0, 0, 0, 0, 1, 1, 1, 1, 1, 0, 0, 1, 0, 0], [0, 1, 0, 0, 0, 1, 1, 0, 0, 0, 0, 0, 1, 0, 0, 0, 1, 1, 1], [1, 1, 0, 0, 1, 1, 1, 0, 1, 1, 0, 1, 0, 1, 0, 0, 0, 0, 1], [0, 1, 0, 1, 0, 0, 1, 0, 0, 0, 0, 0, 0, 1, 1, 1, 1, 1, 0], [0, 0, 1, 1, 0, 0, 1, 0, 1, 0, 1, 1, 1, 1, 0, 0, 0, 0, 1], [1, 0, 1, 1, 1, 1, 0, 1, 1, 1, 1, 0, 1, 1, 0, 0, 1, 0, 1], [0, 0, 0, 0, 0, 0, 1, 0, 1, 1, 1, 0, 0, 1, 0, 1, 0, 1, 0], [0, 0, 0, 1, 0, 1, 1, 1, 0, 0, 1, 1, 1, 0, 1, 0, 1, 1, 1], [1, 1, 0, 1, 0, 0, 1, 1, 0, 0, 0, 0, 1, 1, 1, 1, 1, 1, 1], [1, 1, 0, 0, 0, 1, 1, 1, 1, 0, 0, 0, 1, 1, 0, 0, 0, 0, 0], [0, 1, 0, 1, 0, 1, 0, 0, 1, 0, 0, 0, 1, 1, 1, 1, 0, 1, 1], [0, 1, 1, 0, 0, 1, 1, 0, 1, 1, 1, 1, 0, 0, 0, 1, 0, 0, 0], [0, 1, 0, 1, 1, 1, 1, 1, 0, 1, 1, 1, 0, 0, 1, 0, 1, 0, 0], [1, 0, 0, 0, 1, 0, 0, 0, 1, 1, 0, 1, 0, 1, 0, 1, 0, 0, 0], [1, 0, 0, 0, 1, 0, 0, 1, 0, 1, 0, 1, 1, 0, 1, 0, 1, 0, 1], [1, 1, 1, 0, 1, 0, 1, 0, 1, 1, 0, 0, 0, 1, 0, 1, 0, 1, 0], [1, 0, 1, 0, 1, 0, 0, 1, 1, 1, 0, 1, 0, 0, 0, 0, 1, 0, 0], [1, 0, 1, 1, 0, 1, 1, 0, 1, 1, 0, 1, 0, 0, 0, 1, 0, 0, 0]]",26.0,8.0,Y,"{0: 154, 1: 74, 2: 82, 3: 170, 4: 26, 5: 162, 6: 122, 7: 98, 8: 138, 9: 66, 10: 130, 11: 106, 12: 146, 13: 90, 14: 42, 15: 34, 16: 58, 17: 50, 18: 114}","{(0, 3): 146, (0, 6): 1, (0, 9): 1, (0, 10): 1, (0, 14): 1, (0, 15): 1, (0, 16): 1, (0, 17): 1, (0, 18): 1, (1, 2): 1, (1, 3): 1, (1, 4): 9, (1, 9): 1, (1, 10): 58, (1, 11): 1, (1, 12): 1, (1, 13): 1, (1, 16): 1, (2, 5): 1, (2, 6): 1, (2, 12): 76, (2, 16): 1, (2, 17): 1, (2, 18): 1, (3, 4): 1, (3, 5): 1, (3, 6): 1, (3, 8): 16, (3, 9): 1, (3, 11): 1, (3, 13): 1, (3, 18): 1, (4, 6): 1, (4, 13): 1, (4, 14): 1, (4, 15): 1, (4, 16): 1, (4, 17): 11, (5, 6): 1, (5, 8): 1, (5, 10): 65, (5, 11): 18, (5, 12): 1, (5, 13): 1, (5, 18): 73, (6, 7): 1, (6, 8): 1, (6, 9): 1, (6, 10): 1, (6, 12): 62, (6, 13): 1, (6, 16): 49, (6, 18): 1, (7, 8): 80, (7, 9): 1, (7, 10): 1, (7, 13): 1, (7, 15): 13, (7, 17): 1, (8, 10): 1, (8, 11): 1, (8, 12): 1, (8, 14): 1, (8, 16): 1, (8, 17): 1, (8, 18): 34, (9, 12): 1, (9, 13): 1, (9, 14): 23, (9, 15): 1, (9, 16): 1, (9, 17): 33, (9, 18): 1, (10, 12): 2, (10, 13): 1, (11, 12): 1, (11, 13): 80, (11, 14): 1, (11, 15): 1, (11, 17): 1, (11, 18): 1, (12, 15): 1, (13, 14): 1, (13, 16): 1, (14, 15): 14, (15, 16): 1, (15, 18): 1, (16, 17): 1}",3782.987594604492,449.0,57.0,1259.0
77.0,Graph with 19 nodes and 88 edges,"[[0, 0, 0, 1, 0, 0, 1, 0, 0, 1, 1, 0, 0, 0, 1, 1, 1, 1, 1], [0, 0, 1, 1, 1, 0, 0, 0, 0, 1, 1, 1, 1, 1, 0, 0, 1, 0, 0], [0, 1, 0, 0, 0, 1, 1, 0, 0, 0, 0, 0, 1, 0, 0, 0, 1, 1, 1], [1, 1, 0, 0, 1, 1, 1, 0, 1, 1, 0, 1, 0, 1, 0, 0, 0, 0, 1], [0, 1, 0, 1, 0, 0, 1, 0, 0, 0, 0, 0, 0, 1, 1, 1, 1, 1, 0], [0, 0, 1, 1, 0, 0, 1, 0, 1, 0, 1, 1, 1, 1, 0, 0, 0, 0, 1], [1, 0, 1, 1, 1, 1, 0, 1, 1, 1, 1, 0, 1, 1, 0, 0, 1, 0, 1], [0, 0, 0, 0, 0, 0, 1, 0, 1, 1, 1, 0, 0, 1, 0, 1, 0, 1, 0], [0, 0, 0, 1, 0, 1, 1, 1, 0, 0, 1, 1, 1, 0, 1, 0, 1, 1, 1], [1, 1, 0, 1, 0, 0, 1, 1, 0, 0, 0, 0, 1, 1, 1, 1, 1, 1, 1], [1, 1, 0, 0, 0, 1, 1, 1, 1, 0, 0, 0, 1, 1, 0, 0, 0, 0, 0], [0, 1, 0, 1, 0, 1, 0, 0, 1, 0, 0, 0, 1, 1, 1, 1, 0, 1, 1], [0, 1, 1, 0, 0, 1, 1, 0, 1, 1, 1, 1, 0, 0, 0, 1, 0, 0, 0], [0, 1, 0, 1, 1, 1, 1, 1, 0, 1, 1, 1, 0, 0, 1, 0, 1, 0, 0], [1, 0, 0, 0, 1, 0, 0, 0, 1, 1, 0, 1, 0, 1, 0, 1, 0, 0, 0], [1, 0, 0, 0, 1, 0, 0, 1, 0, 1, 0, 1, 1, 0, 1, 0, 1, 0, 1], [1, 1, 1, 0, 1, 0, 1, 0, 1, 1, 0, 0, 0, 1, 0, 1, 0, 1, 0], [1, 0, 1, 0, 1, 0, 0, 1, 1, 1, 0, 1, 0, 0, 0, 0, 1, 0, 0], [1, 0, 1, 1, 0, 1, 1, 0, 1, 1, 0, 1, 0, 0, 0, 1, 0, 0, 0]]",29.0,3.0,Y,"{0: 77, 1: 47, 2: 50, 3: 83, 4: 71, 5: 80, 6: 65, 7: 56, 8: 35, 9: 44, 10: 68, 11: 59, 12: 74, 13: 53, 14: 29, 15: 32, 16: 41, 17: 38, 18: 62}","{(0, 3): 69, (0, 6): 1, (0, 9): 1, (0, 10): 1, (0, 14): 1, (0, 15): 1, (0, 16): 1, (0, 17): 1, (0, 18): 1, (1, 2): 1, (1, 3): 1, (1, 4): 39, (1, 9): 1, (1, 10): 1, (1, 11): 1, (1, 12): 1, (1, 13): 1, (1, 16): 1, (2, 5): 1, (2, 6): 1, (2, 12): 44, (2, 16): 1, (2, 17): 1, (2, 18): 1, (3, 4): 1, (3, 5): 1, (3, 6): 1, (3, 8): 1, (3, 9): 1, (3, 11): 1, (3, 13): 1, (3, 18): 6, (4, 6): 1, (4, 13): 26, (4, 14): 1, (4, 15): 1, (4, 16): 1, (4, 17): 1, (5, 6): 1, (5, 8): 23, (5, 10): 1, (5, 11): 39, (5, 12): 12, (5, 13): 1, (5, 18): 1, (6, 7): 1, (6, 8): 1, (6, 9): 1, (6, 10): 7, (6, 12): 1, (6, 13): 1, (6, 16): 1, (6, 18): 47, (7, 8): 1, (7, 9): 1, (7, 10): 38, (7, 13): 1, (7, 15): 1, (7, 17): 13, (8, 10): 1, (8, 11): 1, (8, 12): 1, (8, 14): 1, (8, 16): 1, (8, 17): 1, (8, 18): 3, (9, 12): 1, (9, 13): 1, (9, 14): 23, (9, 15): 1, (9, 16): 1, (9, 17): 11, (9, 18): 1, (10, 12): 1, (10, 13): 18, (11, 12): 12, (11, 13): 1, (11, 14): 1, (11, 15): 1, (11, 17): 1, (11, 18): 1, (12, 15): 1, (13, 14): 1, (13, 16): 1, (14, 15): 1, (15, 16): 24, (15, 18): 1, (16, 17): 9}",3904.104232788086,449.0,57.0,1259.0
79.0,Graph with 19 nodes and 96 edges,"[[0, 0, 0, 0, 0, 1, 0, 1, 0, 1, 0, 0, 0, 0, 0, 1, 1, 1, 1], [0, 0, 0, 0, 1, 1, 1, 1, 0, 1, 0, 0, 1, 1, 0, 0, 0, 0, 1], [0, 0, 0, 1, 1, 1, 1, 0, 0, 1, 1, 1, 1, 1, 0, 1, 1, 1, 1], [0, 0, 1, 0, 1, 1, 1, 1, 1, 0, 0, 0, 0, 1, 1, 1, 1, 1, 1], [0, 1, 1, 1, 0, 1, 1, 0, 1, 0, 0, 0, 1, 1, 1, 1, 0, 0, 1], [1, 1, 1, 1, 1, 0, 0, 1, 0, 0, 0, 1, 0, 1, 1, 0, 0, 1, 0], [0, 1, 1, 1, 1, 0, 0, 0, 1, 0, 1, 0, 1, 0, 1, 0, 1, 0, 1], [1, 1, 0, 1, 0, 1, 0, 0, 0, 1, 1, 0, 1, 0, 0, 1, 1, 1, 0], [0, 0, 0, 1, 1, 0, 1, 0, 0, 1, 1, 0, 1, 1, 0, 0, 1, 1, 1], [1, 1, 1, 0, 0, 0, 0, 1, 1, 0, 0, 1, 1, 0, 1, 0, 0, 1, 1], [0, 0, 1, 0, 0, 0, 1, 1, 1, 0, 0, 1, 0, 1, 1, 0, 0, 0, 0], [0, 0, 1, 0, 0, 1, 0, 0, 0, 1, 1, 0, 1, 1, 1, 1, 0, 1, 0], [0, 1, 1, 0, 1, 0, 1, 1, 1, 1, 0, 1, 0, 0, 1, 0, 0, 0, 1], [0, 1, 1, 1, 1, 1, 0, 0, 1, 0, 1, 1, 0, 0, 1, 1, 0, 1, 1], [0, 0, 0, 1, 1, 1, 1, 0, 0, 1, 1, 1, 1, 1, 0, 1, 1, 1, 1], [1, 0, 1, 1, 1, 0, 0, 1, 0, 0, 0, 1, 0, 1, 1, 0, 0, 1, 1], [1, 0, 1, 1, 0, 0, 1, 1, 1, 0, 0, 0, 0, 0, 1, 0, 0, 0, 0], [1, 0, 1, 1, 0, 1, 0, 1, 1, 1, 0, 1, 0, 1, 1, 1, 0, 0, 0], [1, 1, 1, 1, 1, 0, 1, 0, 1, 1, 0, 0, 1, 1, 1, 1, 0, 0, 0]]",15.0,1.0,Y,"{0: 27, 1: 18, 2: 22, 3: 30, 4: 26, 5: 29, 6: 24, 7: 21, 8: 17, 9: 20, 10: 25, 11: 23, 12: 28, 13: 32, 14: 33, 15: 19, 16: 15, 17: 16, 18: 31}","{(0, 5): 1, (0, 7): 1, (0, 9): 1, (0, 15): 1, (0, 16): 2, (0, 17): 1, (0, 18): 20, (1, 4): 1, (1, 5): 1, (1, 6): 11, (1, 7): 1, (1, 9): 1, (1, 12): 1, (1, 13): 1, (1, 18): 1, (2, 3): 1, (2, 4): 1, (2, 5): 1, (2, 6): 1, (2, 9): 1, (2, 10): 1, (2, 11): 1, (2, 12): 1, (2, 13): 7, (2, 15): 1, (2, 16): 4, (2, 17): 1, (2, 18): 1, (3, 4): 1, (3, 5): 1, (3, 6): 5, (3, 7): 12, (3, 8): 1, (3, 13): 1, (3, 14): 1, (3, 15): 1, (3, 16): 4, (3, 17): 1, (3, 18): 1, (4, 5): 1, (4, 6): 1, (4, 8): 1, (4, 12): 16, (4, 13): 1, (4, 14): 1, (4, 15): 1, (4, 18): 1, (5, 7): 1, (5, 11): 15, (5, 13): 1, (5, 14): 1, (5, 17): 6, (6, 8): 1, (6, 10): 1, (6, 12): 1, (6, 14): 1, (6, 16): 1, (6, 18): 1, (7, 9): 1, (7, 10): 1, (7, 12): 1, (7, 15): 1, (7, 16): 1, (7, 17): 1, (8, 9): 1, (8, 10): 5, (8, 12): 4, (8, 13): 1, (8, 16): 1, (8, 17): 1, (8, 18): 1, (9, 11): 1, (9, 12): 1, (9, 14): 11, (9, 17): 1, (9, 18): 1, (10, 11): 1, (10, 13): 15, (10, 14): 1, (11, 12): 1, (11, 13): 1, (11, 14): 1, (11, 15): 1, (11, 17): 1, (12, 14): 1, (12, 18): 1, (13, 14): 1, (13, 15): 1, (13, 17): 1, (13, 18): 1, (14, 15): 10, (14, 16): 2, (14, 17): 1, (14, 18): 1, (15, 17): 1, (15, 18): 1}",3296.8521118164062,457.0,57.0,1275.0
79.0,Graph with 19 nodes and 96 edges,"[[0, 0, 0, 0, 0, 1, 0, 1, 0, 1, 0, 0, 0, 0, 0, 1, 1, 1, 1], [0, 0, 0, 0, 1, 1, 1, 1, 0, 1, 0, 0, 1, 1, 0, 0, 0, 0, 1], [0, 0, 0, 1, 1, 1, 1, 0, 0, 1, 1, 1, 1, 1, 0, 1, 1, 1, 1], [0, 0, 1, 0, 1, 1, 1, 1, 1, 0, 0, 0, 0, 1, 1, 1, 1, 1, 1], [0, 1, 1, 1, 0, 1, 1, 0, 1, 0, 0, 0, 1, 1, 1, 1, 0, 0, 1], [1, 1, 1, 1, 1, 0, 0, 1, 0, 0, 0, 1, 0, 1, 1, 0, 0, 1, 0], [0, 1, 1, 1, 1, 0, 0, 0, 1, 0, 1, 0, 1, 0, 1, 0, 1, 0, 1], [1, 1, 0, 1, 0, 1, 0, 0, 0, 1, 1, 0, 1, 0, 0, 1, 1, 1, 0], [0, 0, 0, 1, 1, 0, 1, 0, 0, 1, 1, 0, 1, 1, 0, 0, 1, 1, 1], [1, 1, 1, 0, 0, 0, 0, 1, 1, 0, 0, 1, 1, 0, 1, 0, 0, 1, 1], [0, 0, 1, 0, 0, 0, 1, 1, 1, 0, 0, 1, 0, 1, 1, 0, 0, 0, 0], [0, 0, 1, 0, 0, 1, 0, 0, 0, 1, 1, 0, 1, 1, 1, 1, 0, 1, 0], [0, 1, 1, 0, 1, 0, 1, 1, 1, 1, 0, 1, 0, 0, 1, 0, 0, 0, 1], [0, 1, 1, 1, 1, 1, 0, 0, 1, 0, 1, 1, 0, 0, 1, 1, 0, 1, 1], [0, 0, 0, 1, 1, 1, 1, 0, 0, 1, 1, 1, 1, 1, 0, 1, 1, 1, 1], [1, 0, 1, 1, 1, 0, 0, 1, 0, 0, 0, 1, 0, 1, 1, 0, 0, 1, 1], [1, 0, 1, 1, 0, 0, 1, 1, 1, 0, 0, 0, 0, 0, 1, 0, 0, 0, 0], [1, 0, 1, 1, 0, 1, 0, 1, 1, 1, 0, 1, 0, 1, 1, 1, 0, 0, 0], [1, 1, 1, 1, 1, 0, 1, 0, 1, 1, 0, 0, 1, 1, 1, 1, 0, 0, 0]]",15.0,9.0,Y,"{0: 15, 1: 177, 2: 168, 3: 159, 4: 150, 5: 141, 6: 132, 7: 123, 8: 114, 9: 105, 10: 96, 11: 87, 12: 78, 13: 69, 14: 60, 15: 51, 16: 42, 17: 33, 18: 24}","{(0, 5): 1, (0, 7): 1, (0, 9): 1, (0, 15): 1, (0, 16): 1, (0, 17): 1, (0, 18): 9, (1, 4): 1, (1, 5): 1, (1, 6): 1, (1, 7): 1, (1, 9): 41, (1, 12): 69, (1, 13): 58, (1, 18): 5, (2, 3): 1, (2, 4): 1, (2, 5): 132, (2, 6): 1, (2, 9): 1, (2, 10): 1, (2, 11): 25, (2, 12): 1, (2, 13): 1, (2, 15): 1, (2, 16): 1, (2, 17): 1, (2, 18): 1, (3, 4): 1, (3, 5): 1, (3, 6): 1, (3, 7): 114, (3, 8): 1, (3, 13): 1, (3, 14): 35, (3, 15): 1, (3, 16): 1, (3, 17): 1, (3, 18): 1, (4, 5): 1, (4, 6): 1, (4, 8): 86, (4, 12): 1, (4, 13): 1, (4, 14): 14, (4, 15): 42, (4, 18): 1, (5, 7): 1, (5, 11): 1, (5, 13): 1, (5, 14): 1, (5, 17): 1, (6, 8): 1, (6, 10): 88, (6, 12): 1, (6, 14): 1, (6, 16): 36, (6, 18): 1, (7, 9): 1, (7, 10): 1, (7, 12): 1, (7, 15): 1, (7, 16): 1, (7, 17): 1, (8, 9): 1, (8, 10): 1, (8, 12): 1, (8, 13): 1, (8, 16): 1, (8, 17): 20, (8, 18): 1, (9, 11): 53, (9, 12): 1, (9, 14): 1, (9, 17): 4, (9, 18): 1, (10, 11): 3, (10, 13): 1, (10, 14): 1, (11, 12): 1, (11, 13): 1, (11, 14): 1, (11, 15): 1, (11, 17): 1, (12, 14): 1, (12, 18): 1, (13, 14): 1, (13, 15): 1, (13, 17): 1, (13, 18): 1, (14, 15): 1, (14, 16): 1, (14, 17): 1, (14, 18): 1, (15, 17): 1, (15, 18): 1}",1693.9640045166016,457.0,57.0,1275.0
79.0,Graph with 19 nodes and 96 edges,"[[0, 0, 0, 0, 0, 1, 0, 1, 0, 1, 0, 0, 0, 0, 0, 1, 1, 1, 1], [0, 0, 0, 0, 1, 1, 1, 1, 0, 1, 0, 0, 1, 1, 0, 0, 0, 0, 1], [0, 0, 0, 1, 1, 1, 1, 0, 0, 1, 1, 1, 1, 1, 0, 1, 1, 1, 1], [0, 0, 1, 0, 1, 1, 1, 1, 1, 0, 0, 0, 0, 1, 1, 1, 1, 1, 1], [0, 1, 1, 1, 0, 1, 1, 0, 1, 0, 0, 0, 1, 1, 1, 1, 0, 0, 1], [1, 1, 1, 1, 1, 0, 0, 1, 0, 0, 0, 1, 0, 1, 1, 0, 0, 1, 0], [0, 1, 1, 1, 1, 0, 0, 0, 1, 0, 1, 0, 1, 0, 1, 0, 1, 0, 1], [1, 1, 0, 1, 0, 1, 0, 0, 0, 1, 1, 0, 1, 0, 0, 1, 1, 1, 0], [0, 0, 0, 1, 1, 0, 1, 0, 0, 1, 1, 0, 1, 1, 0, 0, 1, 1, 1], [1, 1, 1, 0, 0, 0, 0, 1, 1, 0, 0, 1, 1, 0, 1, 0, 0, 1, 1], [0, 0, 1, 0, 0, 0, 1, 1, 1, 0, 0, 1, 0, 1, 1, 0, 0, 0, 0], [0, 0, 1, 0, 0, 1, 0, 0, 0, 1, 1, 0, 1, 1, 1, 1, 0, 1, 0], [0, 1, 1, 0, 1, 0, 1, 1, 1, 1, 0, 1, 0, 0, 1, 0, 0, 0, 1], [0, 1, 1, 1, 1, 1, 0, 0, 1, 0, 1, 1, 0, 0, 1, 1, 0, 1, 1], [0, 0, 0, 1, 1, 1, 1, 0, 0, 1, 1, 1, 1, 1, 0, 1, 1, 1, 1], [1, 0, 1, 1, 1, 0, 0, 1, 0, 0, 0, 1, 0, 1, 1, 0, 0, 1, 1], [1, 0, 1, 1, 0, 0, 1, 1, 1, 0, 0, 0, 0, 0, 1, 0, 0, 0, 0], [1, 0, 1, 1, 0, 1, 0, 1, 1, 1, 0, 1, 0, 1, 1, 1, 0, 0, 0], [1, 1, 1, 1, 1, 0, 1, 0, 1, 1, 0, 0, 1, 1, 1, 1, 0, 0, 0]]",27.0,3.0,Y,"{0: 81, 1: 78, 2: 75, 3: 72, 4: 69, 5: 66, 6: 63, 7: 60, 8: 57, 9: 54, 10: 51, 11: 48, 12: 45, 13: 42, 14: 39, 15: 36, 16: 33, 17: 30, 18: 27}","{(0, 5): 1, (0, 7): 1, (0, 9): 1, (0, 15): 15, (0, 16): 27, (0, 17): 20, (0, 18): 16, (1, 4): 1, (1, 5): 1, (1, 6): 1, (1, 7): 1, (1, 9): 6, (1, 12): 36, (1, 13): 31, (1, 18): 1, (2, 3): 1, (2, 4): 1, (2, 5): 57, (2, 6): 1, (2, 9): 1, (2, 10): 1, (2, 11): 7, (2, 12): 1, (2, 13): 1, (2, 15): 1, (2, 16): 1, (2, 17): 1, (2, 18): 1, (3, 4): 1, (3, 5): 1, (3, 6): 1, (3, 7): 51, (3, 8): 1, (3, 13): 1, (3, 14): 11, (3, 15): 1, (3, 16): 1, (3, 17): 1, (3, 18): 1, (4, 5): 1, (4, 6): 1, (4, 8): 31, (4, 12): 1, (4, 13): 1, (4, 14): 17, (4, 15): 13, (4, 18): 1, (5, 7): 1, (5, 11): 1, (5, 13): 1, (5, 14): 1, (5, 17): 1, (6, 8): 11, (6, 10): 44, (6, 12): 1, (6, 14): 1, (6, 16): 1, (6, 18): 1, (7, 9): 1, (7, 10): 1, (7, 12): 1, (7, 15): 1, (7, 16): 1, (7, 17): 1, (8, 9): 7, (8, 10): 2, (8, 12): 1, (8, 13): 1, (8, 16): 1, (8, 17): 1, (8, 18): 1, (9, 11): 34, (9, 12): 1, (9, 14): 1, (9, 17): 1, (9, 18): 1, (10, 11): 1, (10, 13): 1, (10, 14): 1, (11, 12): 1, (11, 13): 1, (11, 14): 1, (11, 15): 1, (11, 17): 1, (12, 14): 1, (12, 18): 1, (13, 14): 1, (13, 15): 1, (13, 17): 1, (13, 18): 1, (14, 15): 1, (14, 16): 1, (14, 17): 1, (14, 18): 1, (15, 17): 1, (15, 18): 1}",2098.08349609375,457.0,57.0,1275.0
81.0,Graph with 19 nodes and 94 edges,"[[0, 1, 0, 0, 0, 1, 0, 1, 0, 1, 1, 0, 0, 1, 0, 0, 0, 1, 1], [1, 0, 0, 0, 0, 0, 1, 0, 1, 0, 0, 1, 1, 0, 1, 1, 0, 1, 1], [0, 0, 0, 1, 0, 0, 0, 0, 1, 1, 1, 1, 1, 0, 1, 1, 1, 0, 1], [0, 0, 1, 0, 1, 1, 1, 0, 0, 1, 1, 1, 1, 0, 1, 0, 1, 1, 0], [0, 0, 0, 1, 0, 0, 1, 1, 0, 0, 0, 0, 1, 1, 1, 1, 1, 1, 1], [1, 0, 0, 1, 0, 0, 1, 1, 1, 0, 1, 0, 0, 0, 0, 0, 1, 1, 0], [0, 1, 0, 1, 1, 1, 0, 1, 1, 0, 0, 1, 1, 0, 0, 1, 1, 1, 1], [1, 0, 0, 0, 1, 1, 1, 0, 0, 1, 0, 1, 1, 1, 1, 1, 1, 1, 0], [0, 1, 1, 0, 0, 1, 1, 0, 0, 0, 0, 1, 0, 0, 0, 1, 1, 0, 1], [1, 0, 1, 1, 0, 0, 0, 1, 0, 0, 0, 1, 0, 1, 1, 1, 0, 0, 1], [1, 0, 1, 1, 0, 1, 0, 0, 0, 0, 0, 1, 0, 1, 0, 0, 1, 0, 0], [0, 1, 1, 1, 0, 0, 1, 1, 1, 1, 1, 0, 1, 0, 0, 1, 1, 1, 0], [0, 1, 1, 1, 1, 0, 1, 1, 0, 0, 0, 1, 0, 1, 0, 0, 0, 1, 0], [1, 0, 0, 0, 1, 0, 0, 1, 0, 1, 1, 0, 1, 0, 0, 1, 0, 1, 1], [0, 1, 1, 1, 1, 0, 0, 1, 0, 1, 0, 0, 0, 0, 0, 0, 1, 1, 0], [0, 1, 1, 0, 1, 0, 1, 1, 1, 1, 0, 1, 0, 1, 0, 0, 1, 1, 0], [0, 0, 1, 1, 1, 1, 1, 1, 1, 0, 1, 1, 0, 0, 1, 1, 0, 1, 1], [1, 1, 0, 1, 1, 1, 1, 1, 0, 0, 0, 1, 1, 1, 1, 1, 1, 0, 0], [1, 1, 1, 0, 1, 0, 1, 0, 1, 1, 0, 0, 0, 1, 0, 0, 1, 0, 0]]",11.0,9.0,Y,"{0: 20, 1: 29, 2: 38, 3: 47, 4: 56, 5: 65, 6: 74, 7: 83, 8: 92, 9: 101, 10: 110, 11: 119, 12: 128, 13: 137, 14: 146, 15: 155, 16: 164, 17: 173, 18: 11}","{(0, 1): 13, (0, 5): 1, (0, 7): 1, (0, 9): 1, (0, 10): 1, (0, 13): 1, (0, 17): 1, (0, 18): 1, (1, 6): 9, (1, 8): 1, (1, 11): 1, (1, 12): 1, (1, 14): 1, (1, 15): 1, (1, 17): 1, (1, 18): 1, (2, 3): 29, (2, 8): 1, (2, 9): 1, (2, 10): 1, (2, 11): 1, (2, 12): 1, (2, 14): 1, (2, 15): 1, (2, 16): 1, (2, 18): 1, (3, 4): 9, (3, 5): 1, (3, 6): 1, (3, 9): 1, (3, 10): 1, (3, 11): 1, (3, 12): 1, (3, 14): 1, (3, 16): 1, (3, 17): 1, (4, 6): 39, (4, 7): 1, (4, 12): 1, (4, 13): 1, (4, 14): 1, (4, 15): 1, (4, 16): 1, (4, 17): 1, (4, 18): 1, (5, 6): 17, (5, 7): 42, (5, 8): 1, (5, 10): 1, (5, 16): 1, (5, 17): 1, (6, 7): 1, (6, 8): 1, (6, 11): 1, (6, 12): 1, (6, 15): 1, (6, 16): 1, (6, 17): 1, (6, 18): 1, (7, 9): 1, (7, 11): 1, (7, 12): 1, (7, 13): 1, (7, 14): 1, (7, 15): 1, (7, 16): 1, (7, 17): 31, (8, 11): 85, (8, 15): 1, (8, 16): 1, (8, 18): 1, (9, 11): 1, (9, 13): 1, (9, 14): 93, (9, 15): 1, (9, 18): 1, (10, 11): 24, (10, 13): 81, (10, 16): 1, (11, 12): 1, (11, 15): 1, (11, 16): 1, (11, 17): 1, (12, 13): 38, (12, 17): 83, (13, 15): 1, (13, 17): 10, (13, 18): 3, (14, 16): 47, (14, 17): 1, (15, 16): 106, (15, 17): 40, (16, 17): 1, (16, 18): 1}",3212.9287719726562,455.0,57.0,1271.0
81.0,Graph with 19 nodes and 94 edges,"[[0, 1, 0, 0, 0, 1, 0, 1, 0, 1, 1, 0, 0, 1, 0, 0, 0, 1, 1], [1, 0, 0, 0, 0, 0, 1, 0, 1, 0, 0, 1, 1, 0, 1, 1, 0, 1, 1], [0, 0, 0, 1, 0, 0, 0, 0, 1, 1, 1, 1, 1, 0, 1, 1, 1, 0, 1], [0, 0, 1, 0, 1, 1, 1, 0, 0, 1, 1, 1, 1, 0, 1, 0, 1, 1, 0], [0, 0, 0, 1, 0, 0, 1, 1, 0, 0, 0, 0, 1, 1, 1, 1, 1, 1, 1], [1, 0, 0, 1, 0, 0, 1, 1, 1, 0, 1, 0, 0, 0, 0, 0, 1, 1, 0], [0, 1, 0, 1, 1, 1, 0, 1, 1, 0, 0, 1, 1, 0, 0, 1, 1, 1, 1], [1, 0, 0, 0, 1, 1, 1, 0, 0, 1, 0, 1, 1, 1, 1, 1, 1, 1, 0], [0, 1, 1, 0, 0, 1, 1, 0, 0, 0, 0, 1, 0, 0, 0, 1, 1, 0, 1], [1, 0, 1, 1, 0, 0, 0, 1, 0, 0, 0, 1, 0, 1, 1, 1, 0, 0, 1], [1, 0, 1, 1, 0, 1, 0, 0, 0, 0, 0, 1, 0, 1, 0, 0, 1, 0, 0], [0, 1, 1, 1, 0, 0, 1, 1, 1, 1, 1, 0, 1, 0, 0, 1, 1, 1, 0], [0, 1, 1, 1, 1, 0, 1, 1, 0, 0, 0, 1, 0, 1, 0, 0, 0, 1, 0], [1, 0, 0, 0, 1, 0, 0, 1, 0, 1, 1, 0, 1, 0, 0, 1, 0, 1, 1], [0, 1, 1, 1, 1, 0, 0, 1, 0, 1, 0, 0, 0, 0, 0, 0, 1, 1, 0], [0, 1, 1, 0, 1, 0, 1, 1, 1, 1, 0, 1, 0, 1, 0, 0, 1, 1, 0], [0, 0, 1, 1, 1, 1, 1, 1, 1, 0, 1, 1, 0, 0, 1, 1, 0, 1, 1], [1, 1, 0, 1, 1, 1, 1, 1, 0, 0, 0, 1, 1, 1, 1, 1, 1, 0, 0], [1, 1, 1, 0, 1, 0, 1, 0, 1, 1, 0, 0, 0, 1, 0, 0, 1, 0, 0]]",17.0,3.0,Y,"{0: 71, 1: 68, 2: 65, 3: 62, 4: 59, 5: 56, 6: 53, 7: 50, 8: 47, 9: 44, 10: 41, 11: 38, 12: 35, 13: 32, 14: 29, 15: 26, 16: 23, 17: 20, 18: 17}","{(0, 1): 1, (0, 5): 1, (0, 7): 1, (0, 9): 1, (0, 10): 26, (0, 13): 24, (0, 17): 8, (0, 18): 9, (1, 6): 1, (1, 8): 1, (1, 11): 1, (1, 12): 24, (1, 14): 22, (1, 15): 16, (1, 17): 1, (1, 18): 1, (2, 3): 1, (2, 8): 1, (2, 9): 8, (2, 10): 10, (2, 11): 27, (2, 12): 4, (2, 14): 1, (2, 15): 1, (2, 16): 11, (2, 18): 1, (3, 4): 1, (3, 5): 2, (3, 6): 23, (3, 9): 29, (3, 10): 1, (3, 11): 1, (3, 12): 1, (3, 14): 1, (3, 16): 1, (3, 17): 1, (4, 6): 12, (4, 7): 39, (4, 12): 1, (4, 13): 1, (4, 14): 1, (4, 15): 1, (4, 16): 1, (4, 17): 1, (4, 18): 1, (5, 6): 9, (5, 7): 1, (5, 8): 40, (5, 10): 1, (5, 16): 1, (5, 17): 1, (6, 7): 1, (6, 8): 1, (6, 11): 1, (6, 12): 1, (6, 15): 1, (6, 16): 1, (6, 17): 1, (6, 18): 1, (7, 9): 1, (7, 11): 1, (7, 12): 1, (7, 13): 1, (7, 14): 1, (7, 15): 1, (7, 16): 1, (7, 17): 1, (8, 11): 1, (8, 15): 1, (8, 16): 1, (8, 18): 1, (9, 11): 1, (9, 13): 1, (9, 14): 1, (9, 15): 1, (9, 18): 1, (10, 11): 1, (10, 13): 1, (10, 16): 1, (11, 12): 1, (11, 15): 1, (11, 16): 1, (11, 17): 1, (12, 13): 1, (12, 17): 1, (13, 15): 1, (13, 17): 1, (13, 18): 1, (14, 16): 1, (14, 17): 1, (15, 16): 1, (15, 17): 1, (16, 17): 1, (16, 18): 1}",2516.031265258789,455.0,57.0,1271.0
82.0,Graph with 19 nodes and 88 edges,"[[0, 1, 0, 0, 0, 1, 0, 1, 1, 0, 1, 1, 0, 1, 0, 0, 0, 0, 1], [1, 0, 0, 0, 1, 0, 1, 1, 1, 1, 0, 0, 0, 1, 0, 0, 1, 0, 1], [0, 0, 0, 1, 0, 1, 1, 1, 0, 0, 1, 0, 1, 1, 1, 0, 0, 1, 1], [0, 0, 1, 0, 0, 0, 0, 0, 0, 0, 0, 1, 1, 1, 1, 0, 1, 0, 1], [0, 1, 0, 0, 0, 1, 0, 1, 1, 0, 1, 0, 1, 1, 1, 0, 0, 0, 0], [1, 0, 1, 0, 1, 0, 0, 0, 0, 0, 0, 0, 0, 0, 0, 0, 0, 0, 0], [0, 1, 1, 0, 0, 0, 0, 1, 0, 0, 1, 1, 1, 1, 1, 1, 1, 1, 1], [1, 1, 1, 0, 1, 0, 1, 0, 1, 1, 1, 0, 1, 1, 0, 0, 0, 1, 1], [1, 1, 0, 0, 1, 0, 0, 1, 0, 1, 0, 0, 0, 0, 1, 1, 0, 1, 1], [0, 1, 0, 0, 0, 0, 0, 1, 1, 0, 1, 0, 1, 0, 0, 1, 1, 1, 1], [1, 0, 1, 0, 1, 0, 1, 1, 0, 1, 0, 1, 1, 1, 1, 0, 1, 0, 0], [1, 0, 0, 1, 0, 0, 1, 0, 0, 0, 1, 0, 0, 1, 1, 1, 0, 0, 1], [0, 0, 1, 1, 1, 0, 1, 1, 0, 1, 1, 0, 0, 1, 1, 1, 0, 0, 1], [1, 1, 1, 1, 1, 0, 1, 1, 0, 0, 1, 1, 1, 0, 0, 1, 1, 1, 1], [0, 0, 1, 1, 1, 0, 1, 0, 1, 0, 1, 1, 1, 0, 0, 1, 0, 1, 1], [0, 0, 0, 0, 0, 0, 1, 0, 1, 1, 0, 1, 1, 1, 1, 0, 0, 0, 1], [0, 1, 0, 1, 0, 0, 1, 0, 0, 1, 1, 0, 0, 1, 0, 0, 0, 0, 0], [0, 0, 1, 0, 0, 0, 1, 1, 1, 1, 0, 0, 0, 1, 1, 0, 0, 0, 0], [1, 1, 1, 1, 0, 0, 1, 1, 1, 1, 0, 1, 1, 1, 1, 1, 0, 0, 0]]",3.0,9.0,Y,"{0: 21, 1: 30, 2: 39, 3: 48, 4: 57, 5: 3, 6: 66, 7: 75, 8: 84, 9: 93, 10: 102, 11: 111, 12: 120, 13: 129, 14: 138, 15: 147, 16: 156, 17: 12, 18: 165}","{(0, 1): 14, (0, 5): 1, (0, 7): 1, (0, 8): 1, (0, 10): 1, (0, 11): 1, (0, 13): 1, (0, 18): 1, (1, 4): 9, (1, 6): 1, (1, 7): 1, (1, 8): 1, (1, 9): 1, (1, 13): 1, (1, 16): 1, (1, 18): 1, (2, 3): 30, (2, 5): 1, (2, 6): 1, (2, 7): 1, (2, 10): 1, (2, 12): 1, (2, 13): 1, (2, 14): 1, (2, 17): 1, (2, 18): 1, (3, 11): 13, (3, 12): 1, (3, 13): 1, (3, 14): 1, (3, 16): 1, (3, 18): 1, (4, 5): 1, (4, 7): 42, (4, 8): 1, (4, 10): 1, (4, 12): 1, (4, 13): 1, (4, 14): 1, (6, 7): 23, (6, 10): 33, (6, 11): 1, (6, 12): 1, (6, 13): 1, (6, 14): 1, (6, 15): 1, (6, 16): 1, (6, 17): 1, (6, 18): 1, (7, 8): 1, (7, 9): 1, (7, 10): 1, (7, 12): 1, (7, 13): 1, (7, 17): 1, (7, 18): 1, (8, 9): 1, (8, 14): 1, (8, 15): 23, (8, 17): 1, (8, 18): 54, (9, 10): 1, (9, 12): 1, (9, 15): 1, (9, 16): 1, (9, 17): 1, (9, 18): 85, (10, 11): 1, (10, 12): 1, (10, 13): 1, (10, 14): 1, (10, 16): 60, (11, 13): 1, (11, 14): 92, (11, 15): 1, (11, 18): 1, (12, 13): 1, (12, 14): 17, (12, 15): 94, (12, 18): 1, (13, 15): 25, (13, 16): 92, (13, 17): 1, (13, 18): 1, (14, 15): 1, (14, 17): 6, (14, 18): 16, (15, 18): 1}",2922.05810546875,449.0,57.0,1259.0
83.0,Graph with 19 nodes and 80 edges,"[[0, 1, 0, 1, 1, 1, 1, 1, 0, 0, 0, 0, 1, 1, 0, 1, 1, 1, 1], [1, 0, 1, 1, 0, 1, 1, 1, 1, 1, 0, 1, 0, 0, 0, 0, 0, 0, 1], [0, 1, 0, 0, 0, 0, 0, 1, 0, 0, 0, 0, 1, 1, 0, 1, 1, 0, 1], [1, 1, 0, 0, 0, 1, 0, 0, 0, 1, 0, 0, 1, 0, 1, 1, 1, 1, 1], [1, 0, 0, 0, 0, 1, 0, 1, 1, 1, 0, 1, 1, 0, 0, 1, 0, 1, 1], [1, 1, 0, 1, 1, 0, 1, 0, 0, 0, 0, 0, 1, 0, 1, 0, 1, 0, 0], [1, 1, 0, 0, 0, 1, 0, 0, 1, 0, 0, 1, 0, 0, 0, 1, 0, 1, 0], [1, 1, 1, 0, 1, 0, 0, 0, 1, 1, 0, 0, 0, 0, 1, 0, 0, 0, 0], [0, 1, 0, 0, 1, 0, 1, 1, 0, 1, 1, 1, 1, 0, 0, 0, 0, 1, 0], [0, 1, 0, 1, 1, 0, 0, 1, 1, 0, 0, 1, 1, 0, 1, 0, 0, 1, 1], [0, 0, 0, 0, 0, 0, 0, 0, 1, 0, 0, 1, 0, 1, 1, 1, 0, 1, 0], [0, 1, 0, 0, 1, 0, 1, 0, 1, 1, 1, 0, 0, 0, 1, 1, 1, 1, 1], [1, 0, 1, 1, 1, 1, 0, 0, 1, 1, 0, 0, 0, 1, 1, 0, 0, 0, 0], [1, 0, 1, 0, 0, 0, 0, 0, 0, 0, 1, 0, 1, 0, 1, 0, 0, 0, 0], [0, 0, 0, 1, 0, 1, 0, 1, 0, 1, 1, 1, 1, 1, 0, 1, 1, 0, 0], [1, 0, 1, 1, 1, 0, 1, 0, 0, 0, 1, 1, 0, 0, 1, 0, 0, 0, 0], [1, 0, 1, 1, 0, 1, 0, 0, 0, 0, 0, 1, 0, 0, 1, 0, 0, 0, 0], [1, 0, 0, 1, 1, 0, 1, 0, 1, 1, 1, 1, 0, 0, 0, 0, 0, 0, 0], [1, 1, 1, 1, 1, 0, 0, 0, 0, 1, 0, 1, 0, 0, 0, 0, 0, 0, 0]]",21.0,1.0,Y,"{0: 39, 1: 38, 2: 37, 3: 36, 4: 35, 5: 34, 6: 33, 7: 32, 8: 31, 9: 30, 10: 29, 11: 28, 12: 27, 13: 26, 14: 25, 15: 24, 16: 23, 17: 22, 18: 21}","{(0, 1): 1, (0, 3): 27, (0, 4): 2, (0, 5): 1, (0, 6): 1, (0, 7): 1, (0, 12): 1, (0, 13): 1, (0, 15): 1, (0, 16): 1, (0, 17): 1, (0, 18): 1, (1, 2): 29, (1, 3): 1, (1, 5): 1, (1, 6): 1, (1, 7): 1, (1, 8): 1, (1, 9): 1, (1, 11): 1, (1, 18): 1, (2, 7): 1, (2, 12): 1, (2, 13): 1, (2, 15): 1, (2, 16): 1, (2, 18): 3, (3, 5): 1, (3, 9): 1, (3, 12): 1, (3, 14): 1, (3, 15): 1, (3, 16): 1, (3, 17): 1, (3, 18): 1, (4, 5): 1, (4, 7): 1, (4, 8): 1, (4, 9): 1, (4, 11): 1, (4, 12): 1, (4, 15): 1, (4, 17): 13, (4, 18): 13, (5, 6): 1, (5, 12): 1, (5, 14): 10, (5, 16): 18, (6, 8): 1, (6, 11): 9, (6, 15): 17, (6, 17): 3, (7, 8): 1, (7, 9): 20, (7, 14): 7, (8, 9): 1, (8, 10): 1, (8, 11): 7, (8, 12): 17, (8, 17): 1, (9, 11): 1, (9, 12): 2, (9, 14): 1, (9, 17): 1, (9, 18): 1, (10, 11): 4, (10, 13): 21, (10, 14): 1, (10, 15): 1, (10, 17): 1, (11, 14): 1, (11, 15): 1, (11, 16): 1, (11, 17): 1, (11, 18): 1, (12, 13): 2, (12, 14): 1, (13, 14): 1, (14, 15): 1, (14, 16): 1}",1935.0051879882812,441.0,57.0,1243.0
83.0,Graph with 19 nodes and 80 edges,"[[0, 1, 0, 1, 1, 1, 1, 1, 0, 0, 0, 0, 1, 1, 0, 1, 1, 1, 1], [1, 0, 1, 1, 0, 1, 1, 1, 1, 1, 0, 1, 0, 0, 0, 0, 0, 0, 1], [0, 1, 0, 0, 0, 0, 0, 1, 0, 0, 0, 0, 1, 1, 0, 1, 1, 0, 1], [1, 1, 0, 0, 0, 1, 0, 0, 0, 1, 0, 0, 1, 0, 1, 1, 1, 1, 1], [1, 0, 0, 0, 0, 1, 0, 1, 1, 1, 0, 1, 1, 0, 0, 1, 0, 1, 1], [1, 1, 0, 1, 1, 0, 1, 0, 0, 0, 0, 0, 1, 0, 1, 0, 1, 0, 0], [1, 1, 0, 0, 0, 1, 0, 0, 1, 0, 0, 1, 0, 0, 0, 1, 0, 1, 0], [1, 1, 1, 0, 1, 0, 0, 0, 1, 1, 0, 0, 0, 0, 1, 0, 0, 0, 0], [0, 1, 0, 0, 1, 0, 1, 1, 0, 1, 1, 1, 1, 0, 0, 0, 0, 1, 0], [0, 1, 0, 1, 1, 0, 0, 1, 1, 0, 0, 1, 1, 0, 1, 0, 0, 1, 1], [0, 0, 0, 0, 0, 0, 0, 0, 1, 0, 0, 1, 0, 1, 1, 1, 0, 1, 0], [0, 1, 0, 0, 1, 0, 1, 0, 1, 1, 1, 0, 0, 0, 1, 1, 1, 1, 1], [1, 0, 1, 1, 1, 1, 0, 0, 1, 1, 0, 0, 0, 1, 1, 0, 0, 0, 0], [1, 0, 1, 0, 0, 0, 0, 0, 0, 0, 1, 0, 1, 0, 1, 0, 0, 0, 0], [0, 0, 0, 1, 0, 1, 0, 1, 0, 1, 1, 1, 1, 1, 0, 1, 1, 0, 0], [1, 0, 1, 1, 1, 0, 1, 0, 0, 0, 1, 1, 0, 0, 1, 0, 0, 0, 0], [1, 0, 1, 1, 0, 1, 0, 0, 0, 0, 0, 1, 0, 0, 1, 0, 0, 0, 0], [1, 0, 0, 1, 1, 0, 1, 0, 1, 1, 1, 1, 0, 0, 0, 0, 0, 0, 0], [1, 1, 1, 1, 1, 0, 0, 0, 0, 1, 0, 1, 0, 0, 0, 0, 0, 0, 0]]",25.0,5.0,Y,"{0: 115, 1: 95, 2: 65, 3: 55, 4: 100, 5: 45, 6: 85, 7: 60, 8: 35, 9: 105, 10: 50, 11: 90, 12: 110, 13: 40, 14: 75, 15: 25, 16: 30, 17: 70, 18: 80}","{(0, 1): 1, (0, 3): 1, (0, 4): 38, (0, 5): 1, (0, 6): 1, (0, 7): 1, (0, 12): 1, (0, 13): 36, (0, 15): 1, (0, 16): 1, (0, 17): 1, (0, 18): 32, (1, 2): 45, (1, 3): 1, (1, 5): 1, (1, 6): 42, (1, 7): 1, (1, 8): 1, (1, 9): 1, (1, 11): 1, (1, 18): 1, (2, 7): 1, (2, 12): 15, (2, 13): 1, (2, 15): 1, (2, 16): 1, (2, 18): 1, (3, 5): 1, (3, 9): 1, (3, 12): 46, (3, 14): 1, (3, 15): 1, (3, 16): 1, (3, 17): 1, (3, 18): 1, (4, 5): 1, (4, 7): 54, (4, 8): 1, (4, 9): 1, (4, 11): 1, (4, 12): 1, (4, 15): 1, (4, 17): 1, (4, 18): 1, (5, 6): 38, (5, 12): 1, (5, 14): 1, (5, 16): 1, (6, 8): 1, (6, 11): 1, (6, 15): 1, (6, 17): 1, (7, 8): 1, (7, 9): 1, (7, 14): 1, (8, 9): 1, (8, 10): 26, (8, 11): 2, (8, 12): 1, (8, 17): 1, (9, 11): 34, (9, 12): 1, (9, 14): 1, (9, 17): 63, (9, 18): 1, (10, 11): 3, (10, 13): 1, (10, 14): 1, (10, 15): 18, (10, 17): 1, (11, 14): 1, (11, 15): 1, (11, 16): 2, (11, 17): 1, (11, 18): 43, (12, 13): 1, (12, 14): 43, (13, 14): 1, (14, 15): 1, (14, 16): 24}",3364.8014068603516,441.0,57.0,1243.0
86.0,Graph with 19 nodes and 81 edges,"[[0, 0, 1, 1, 1, 0, 1, 1, 0, 0, 0, 1, 0, 0, 0, 0, 0, 1, 1], [0, 0, 1, 0, 0, 1, 1, 1, 0, 0, 0, 0, 0, 1, 0, 0, 0, 1, 1], [1, 1, 0, 0, 0, 0, 0, 1, 1, 0, 1, 0, 0, 1, 0, 0, 1, 1, 0], [1, 0, 0, 0, 0, 1, 0, 1, 0, 0, 0, 0, 1, 1, 1, 1, 0, 0, 0], [1, 0, 0, 0, 0, 0, 0, 1, 1, 0, 1, 0, 1, 1, 0, 1, 1, 0, 1], [0, 1, 0, 1, 0, 0, 0, 1, 1, 0, 1, 0, 0, 1, 0, 1, 1, 1, 0], [1, 1, 0, 0, 0, 0, 0, 1, 1, 1, 1, 1, 0, 0, 0, 0, 1, 1, 0], [1, 1, 1, 1, 1, 1, 1, 0, 1, 1, 0, 1, 0, 0, 1, 0, 1, 1, 0], [0, 0, 1, 0, 1, 1, 1, 1, 0, 1, 0, 1, 1, 0, 1, 0, 0, 0, 1], [0, 0, 0, 0, 0, 0, 1, 1, 1, 0, 0, 0, 0, 1, 0, 0, 1, 1, 1], [0, 0, 1, 0, 1, 1, 1, 0, 0, 0, 0, 1, 0, 0, 1, 1, 0, 0, 0], [1, 0, 0, 0, 0, 0, 1, 1, 1, 0, 1, 0, 0, 1, 0, 0, 1, 1, 1], [0, 0, 0, 1, 1, 0, 0, 0, 1, 0, 0, 0, 0, 0, 0, 1, 1, 1, 0], [0, 1, 1, 1, 1, 1, 0, 0, 0, 1, 0, 1, 0, 0, 1, 0, 0, 1, 0], [0, 0, 0, 1, 0, 0, 0, 1, 1, 0, 1, 0, 0, 1, 0, 0, 1, 0, 0], [0, 0, 0, 1, 1, 1, 0, 0, 0, 0, 1, 0, 1, 0, 0, 0, 1, 0, 1], [0, 0, 1, 0, 1, 1, 1, 1, 0, 1, 0, 1, 1, 0, 1, 1, 0, 1, 0], [1, 1, 1, 0, 0, 1, 1, 1, 0, 1, 0, 1, 1, 1, 0, 0, 1, 0, 1], [1, 1, 0, 0, 1, 0, 0, 0, 1, 1, 0, 1, 0, 0, 0, 1, 0, 1, 0]]",21.0,3.0,Y,"{0: 24, 1: 27, 2: 30, 3: 33, 4: 36, 5: 39, 6: 42, 7: 45, 8: 48, 9: 51, 10: 54, 11: 57, 12: 60, 13: 63, 14: 66, 15: 69, 16: 72, 17: 75, 18: 21}","{(0, 2): 17, (0, 3): 1, (0, 4): 1, (0, 6): 1, (0, 7): 1, (0, 11): 1, (0, 17): 1, (0, 18): 1, (1, 2): 7, (1, 5): 15, (1, 6): 1, (1, 7): 1, (1, 13): 1, (1, 17): 1, (1, 18): 1, (2, 7): 1, (2, 8): 1, (2, 10): 1, (2, 13): 1, (2, 16): 1, (2, 17): 1, (3, 5): 17, (3, 7): 11, (3, 12): 1, (3, 13): 1, (3, 14): 1, (3, 15): 1, (4, 7): 23, (4, 8): 1, (4, 10): 1, (4, 12): 6, (4, 13): 1, (4, 15): 1, (4, 16): 1, (4, 18): 1, (5, 7): 1, (5, 8): 1, (5, 10): 1, (5, 13): 1, (5, 15): 1, (5, 16): 1, (5, 17): 1, (6, 7): 1, (6, 8): 1, (6, 9): 1, (6, 10): 9, (6, 11): 1, (6, 16): 1, (6, 17): 26, (7, 8): 1, (7, 9): 1, (7, 11): 1, (7, 14): 1, (7, 16): 1, (7, 17): 1, (8, 9): 1, (8, 11): 1, (8, 12): 39, (8, 14): 1, (8, 18): 1, (9, 13): 45, (9, 16): 1, (9, 17): 1, (9, 18): 1, (10, 11): 1, (10, 14): 1, (10, 15): 40, (11, 13): 1, (11, 16): 12, (11, 17): 38, (11, 18): 1, (12, 15): 11, (12, 16): 1, (12, 17): 2, (13, 14): 11, (13, 17): 1, (14, 16): 51, (15, 16): 1, (15, 18): 14, (16, 17): 1, (17, 18): 1}",3554.105758666992,442.0,57.0,1245.0
87.0,Graph with 19 nodes and 82 edges,"[[0, 1, 0, 0, 0, 1, 0, 0, 0, 1, 1, 1, 1, 1, 1, 0, 0, 1, 0], [1, 0, 0, 0, 1, 1, 0, 1, 0, 1, 0, 1, 1, 0, 0, 1, 1, 0, 0], [0, 0, 0, 1, 1, 1, 1, 1, 0, 0, 0, 1, 0, 0, 0, 0, 1, 1, 1], [0, 0, 1, 0, 0, 0, 1, 0, 1, 0, 1, 1, 1, 1, 0, 1, 1, 1, 0], [0, 1, 1, 0, 0, 1, 1, 0, 1, 1, 1, 0, 0, 1, 0, 1, 1, 1, 1], [1, 1, 1, 0, 1, 0, 1, 0, 0, 0, 0, 1, 1, 0, 0, 1, 0, 1, 0], [0, 0, 1, 1, 1, 1, 0, 0, 0, 0, 1, 0, 0, 1, 1, 0, 0, 0, 0], [0, 1, 1, 0, 0, 0, 0, 0, 0, 0, 1, 0, 0, 0, 1, 1, 0, 1, 0], [0, 0, 0, 1, 1, 0, 0, 0, 0, 1, 1, 0, 0, 0, 0, 0, 0, 1, 1], [1, 1, 0, 0, 1, 0, 0, 0, 1, 0, 1, 0, 1, 1, 0, 0, 1, 1, 0], [1, 0, 0, 1, 1, 0, 1, 1, 1, 1, 0, 0, 1, 1, 1, 0, 1, 0, 1], [1, 1, 1, 1, 0, 1, 0, 0, 0, 0, 0, 0, 1, 0, 1, 0, 0, 1, 0], [1, 1, 0, 1, 0, 1, 0, 0, 0, 1, 1, 1, 0, 0, 0, 0, 0, 0, 0], [1, 0, 0, 1, 1, 0, 1, 0, 0, 1, 1, 0, 0, 0, 1, 0, 0, 1, 1], [1, 0, 0, 0, 0, 0, 1, 1, 0, 0, 1, 1, 0, 1, 0, 1, 1, 0, 0], [0, 1, 0, 1, 1, 1, 0, 1, 0, 0, 0, 0, 0, 0, 1, 0, 0, 1, 0], [0, 1, 1, 1, 1, 0, 0, 0, 0, 1, 1, 0, 0, 0, 1, 0, 0, 0, 1], [1, 0, 1, 1, 1, 1, 0, 1, 1, 1, 0, 1, 0, 1, 0, 1, 0, 0, 1], [0, 0, 1, 0, 1, 0, 0, 0, 1, 0, 1, 0, 0, 1, 0, 0, 1, 1, 0]]",17.0,9.0,Y,"{0: 26, 1: 35, 2: 44, 3: 53, 4: 62, 5: 71, 6: 80, 7: 89, 8: 98, 9: 107, 10: 116, 11: 125, 12: 134, 13: 143, 14: 152, 15: 161, 16: 170, 17: 179, 18: 17}","{(0, 1): 18, (0, 5): 1, (0, 9): 1, (0, 10): 1, (0, 11): 1, (0, 12): 1, (0, 13): 1, (0, 14): 1, (0, 17): 1, (1, 4): 10, (1, 5): 1, (1, 7): 1, (1, 9): 1, (1, 11): 1, (1, 12): 1, (1, 15): 1, (1, 16): 1, (2, 3): 36, (2, 4): 1, (2, 5): 1, (2, 6): 1, (2, 7): 1, (2, 11): 1, (2, 16): 1, (2, 17): 1, (2, 18): 1, (3, 6): 9, (3, 8): 1, (3, 10): 1, (3, 11): 1, (3, 12): 1, (3, 13): 1, (3, 15): 1, (3, 16): 1, (3, 17): 1, (4, 5): 42, (4, 6): 1, (4, 8): 1, (4, 9): 1, (4, 10): 1, (4, 13): 1, (4, 15): 1, (4, 16): 1, (4, 17): 1, (4, 18): 1, (5, 6): 10, (5, 11): 1, (5, 12): 1, (5, 15): 1, (5, 17): 13, (6, 10): 5, (6, 13): 53, (6, 14): 1, (7, 10): 1, (7, 14): 1, (7, 15): 84, (7, 17): 1, (8, 9): 35, (8, 10): 25, (8, 17): 33, (8, 18): 3, (9, 10): 1, (9, 12): 42, (9, 13): 1, (9, 16): 17, (9, 17): 8, (10, 12): 1, (10, 13): 16, (10, 14): 1, (10, 16): 56, (10, 18): 7, (11, 12): 87, (11, 14): 7, (11, 17): 26, (13, 14): 49, (13, 17): 20, (13, 18): 1, (14, 15): 1, (14, 16): 91, (15, 17): 72, (16, 18): 2, (17, 18): 2}",2809.0476989746094,443.0,57.0,1247.0
87.0,Graph with 19 nodes and 82 edges,"[[0, 1, 0, 0, 0, 1, 0, 0, 0, 1, 1, 1, 1, 1, 1, 0, 0, 1, 0], [1, 0, 0, 0, 1, 1, 0, 1, 0, 1, 0, 1, 1, 0, 0, 1, 1, 0, 0], [0, 0, 0, 1, 1, 1, 1, 1, 0, 0, 0, 1, 0, 0, 0, 0, 1, 1, 1], [0, 0, 1, 0, 0, 0, 1, 0, 1, 0, 1, 1, 1, 1, 0, 1, 1, 1, 0], [0, 1, 1, 0, 0, 1, 1, 0, 1, 1, 1, 0, 0, 1, 0, 1, 1, 1, 1], [1, 1, 1, 0, 1, 0, 1, 0, 0, 0, 0, 1, 1, 0, 0, 1, 0, 1, 0], [0, 0, 1, 1, 1, 1, 0, 0, 0, 0, 1, 0, 0, 1, 1, 0, 0, 0, 0], [0, 1, 1, 0, 0, 0, 0, 0, 0, 0, 1, 0, 0, 0, 1, 1, 0, 1, 0], [0, 0, 0, 1, 1, 0, 0, 0, 0, 1, 1, 0, 0, 0, 0, 0, 0, 1, 1], [1, 1, 0, 0, 1, 0, 0, 0, 1, 0, 1, 0, 1, 1, 0, 0, 1, 1, 0], [1, 0, 0, 1, 1, 0, 1, 1, 1, 1, 0, 0, 1, 1, 1, 0, 1, 0, 1], [1, 1, 1, 1, 0, 1, 0, 0, 0, 0, 0, 0, 1, 0, 1, 0, 0, 1, 0], [1, 1, 0, 1, 0, 1, 0, 0, 0, 1, 1, 1, 0, 0, 0, 0, 0, 0, 0], [1, 0, 0, 1, 1, 0, 1, 0, 0, 1, 1, 0, 0, 0, 1, 0, 0, 1, 1], [1, 0, 0, 0, 0, 0, 1, 1, 0, 0, 1, 1, 0, 1, 0, 1, 1, 0, 0], [0, 1, 0, 1, 1, 1, 0, 1, 0, 0, 0, 0, 0, 0, 1, 0, 0, 1, 0], [0, 1, 1, 1, 1, 0, 0, 0, 0, 1, 1, 0, 0, 0, 1, 0, 0, 0, 1], [1, 0, 1, 1, 1, 1, 0, 1, 1, 1, 0, 1, 0, 1, 0, 1, 0, 0, 1], [0, 0, 1, 0, 1, 0, 0, 0, 1, 0, 1, 0, 0, 1, 0, 0, 1, 1, 0]]",24.0,2.0,Y,"{0: 60, 1: 58, 2: 56, 3: 54, 4: 52, 5: 50, 6: 48, 7: 46, 8: 44, 9: 42, 10: 40, 11: 38, 12: 36, 13: 34, 14: 32, 15: 30, 16: 28, 17: 26, 18: 24}","{(0, 1): 1, (0, 5): 15, (0, 9): 13, (0, 10): 1, (0, 11): 1, (0, 12): 26, (0, 13): 1, (0, 14): 1, (0, 17): 1, (1, 4): 32, (1, 5): 1, (1, 7): 1, (1, 9): 1, (1, 11): 5, (1, 12): 1, (1, 15): 1, (1, 16): 15, (2, 3): 1, (2, 4): 1, (2, 5): 2, (2, 6): 1, (2, 7): 41, (2, 11): 1, (2, 16): 7, (2, 17): 1, (2, 18): 1, (3, 6): 8, (3, 8): 1, (3, 10): 1, (3, 11): 1, (3, 12): 1, (3, 13): 1, (3, 15): 24, (3, 16): 1, (3, 17): 15, (4, 5): 1, (4, 6): 10, (4, 8): 1, (4, 9): 1, (4, 10): 1, (4, 13): 1, (4, 15): 1, (4, 16): 1, (4, 17): 1, (4, 18): 1, (5, 6): 1, (5, 11): 27, (5, 12): 1, (5, 15): 1, (5, 17): 1, (6, 10): 1, (6, 13): 26, (6, 14): 1, (7, 10): 1, (7, 14): 1, (7, 15): 1, (7, 17): 1, (8, 9): 22, (8, 10): 1, (8, 17): 1, (8, 18): 18, (9, 10): 1, (9, 12): 1, (9, 13): 1, (9, 16): 1, (9, 17): 1, (10, 12): 5, (10, 13): 1, (10, 14): 25, (10, 16): 1, (10, 18): 1, (11, 12): 1, (11, 14): 1, (11, 17): 1, (13, 14): 1, (13, 17): 1, (13, 18): 1, (14, 15): 1, (14, 16): 1, (15, 17): 1, (16, 18): 1, (17, 18): 1}",2579.927444458008,443.0,57.0,1247.0
87.0,Graph with 19 nodes and 82 edges,"[[0, 1, 0, 0, 0, 1, 0, 0, 0, 1, 1, 1, 1, 1, 1, 0, 0, 1, 0], [1, 0, 0, 0, 1, 1, 0, 1, 0, 1, 0, 1, 1, 0, 0, 1, 1, 0, 0], [0, 0, 0, 1, 1, 1, 1, 1, 0, 0, 0, 1, 0, 0, 0, 0, 1, 1, 1], [0, 0, 1, 0, 0, 0, 1, 0, 1, 0, 1, 1, 1, 1, 0, 1, 1, 1, 0], [0, 1, 1, 0, 0, 1, 1, 0, 1, 1, 1, 0, 0, 1, 0, 1, 1, 1, 1], [1, 1, 1, 0, 1, 0, 1, 0, 0, 0, 0, 1, 1, 0, 0, 1, 0, 1, 0], [0, 0, 1, 1, 1, 1, 0, 0, 0, 0, 1, 0, 0, 1, 1, 0, 0, 0, 0], [0, 1, 1, 0, 0, 0, 0, 0, 0, 0, 1, 0, 0, 0, 1, 1, 0, 1, 0], [0, 0, 0, 1, 1, 0, 0, 0, 0, 1, 1, 0, 0, 0, 0, 0, 0, 1, 1], [1, 1, 0, 0, 1, 0, 0, 0, 1, 0, 1, 0, 1, 1, 0, 0, 1, 1, 0], [1, 0, 0, 1, 1, 0, 1, 1, 1, 1, 0, 0, 1, 1, 1, 0, 1, 0, 1], [1, 1, 1, 1, 0, 1, 0, 0, 0, 0, 0, 0, 1, 0, 1, 0, 0, 1, 0], [1, 1, 0, 1, 0, 1, 0, 0, 0, 1, 1, 1, 0, 0, 0, 0, 0, 0, 0], [1, 0, 0, 1, 1, 0, 1, 0, 0, 1, 1, 0, 0, 0, 1, 0, 0, 1, 1], [1, 0, 0, 0, 0, 0, 1, 1, 0, 0, 1, 1, 0, 1, 0, 1, 1, 0, 0], [0, 1, 0, 1, 1, 1, 0, 1, 0, 0, 0, 0, 0, 0, 1, 0, 0, 1, 0], [0, 1, 1, 1, 1, 0, 0, 0, 0, 1, 1, 0, 0, 0, 1, 0, 0, 0, 1], [1, 0, 1, 1, 1, 1, 0, 1, 1, 1, 0, 1, 0, 1, 0, 1, 0, 0, 1], [0, 0, 1, 0, 1, 0, 0, 0, 1, 0, 1, 0, 0, 1, 0, 0, 1, 1, 0]]",28.0,8.0,Y,"{0: 36, 1: 44, 2: 52, 3: 60, 4: 68, 5: 76, 6: 84, 7: 92, 8: 100, 9: 108, 10: 116, 11: 124, 12: 132, 13: 140, 14: 148, 15: 156, 16: 164, 17: 172, 18: 28}","{(0, 1): 28, (0, 5): 1, (0, 9): 1, (0, 10): 1, (0, 11): 1, (0, 12): 1, (0, 13): 1, (0, 14): 1, (0, 17): 1, (1, 4): 9, (1, 5): 1, (1, 7): 1, (1, 9): 1, (1, 11): 1, (1, 12): 1, (1, 15): 1, (1, 16): 1, (2, 3): 44, (2, 4): 1, (2, 5): 1, (2, 6): 1, (2, 7): 1, (2, 11): 1, (2, 16): 1, (2, 17): 1, (2, 18): 1, (3, 6): 8, (3, 8): 1, (3, 10): 1, (3, 11): 1, (3, 12): 1, (3, 13): 1, (3, 15): 1, (3, 16): 1, (3, 17): 1, (4, 5): 49, (4, 6): 1, (4, 8): 1, (4, 9): 1, (4, 10): 1, (4, 13): 1, (4, 15): 1, (4, 16): 1, (4, 17): 1, (4, 18): 1, (5, 6): 1, (5, 11): 1, (5, 12): 1, (5, 15): 20, (5, 17): 1, (6, 10): 1, (6, 13): 71, (6, 14): 1, (7, 10): 1, (7, 14): 43, (7, 15): 8, (7, 17): 38, (8, 9): 1, (8, 10): 95, (8, 17): 1, (8, 18): 1, (9, 10): 1, (9, 12): 1, (9, 13): 62, (9, 16): 39, (9, 17): 1, (10, 12): 10, (10, 13): 1, (10, 14): 2, (10, 16): 1, (10, 18): 1, (11, 12): 117, (11, 14): 1, (11, 17): 1, (13, 14): 1, (13, 17): 1, (13, 18): 1, (14, 15): 1, (14, 16): 98, (15, 17): 124, (16, 18): 22, (17, 18): 1}",3459.930419921875,443.0,57.0,1247.0
88.0,Graph with 19 nodes and 80 edges,"[[0, 1, 0, 0, 1, 0, 0, 0, 1, 1, 0, 0, 0, 0, 0, 0, 0, 0, 1], [1, 0, 1, 1, 0, 1, 1, 0, 1, 0, 1, 0, 0, 0, 1, 0, 1, 1, 1], [0, 1, 0, 0, 0, 0, 0, 1, 0, 0, 0, 0, 1, 0, 0, 0, 0, 1, 1], [0, 1, 0, 0, 0, 1, 0, 1, 1, 1, 0, 1, 1, 1, 0, 0, 1, 1, 0], [1, 0, 0, 0, 0, 0, 0, 1, 1, 0, 0, 0, 0, 1, 1, 1, 1, 1, 0], [0, 1, 0, 1, 0, 0, 0, 0, 1, 1, 1, 1, 0, 1, 1, 1, 0, 0, 1], [0, 1, 0, 0, 0, 0, 0, 0, 1, 0, 1, 1, 1, 1, 1, 1, 0, 0, 0], [0, 0, 1, 1, 1, 0, 0, 0, 1, 1, 1, 0, 0, 1, 0, 0, 1, 0, 0], [1, 1, 0, 1, 1, 1, 1, 1, 0, 0, 1, 0, 1, 1, 1, 1, 0, 1, 0], [1, 0, 0, 1, 0, 1, 0, 1, 0, 0, 1, 0, 0, 0, 0, 1, 1, 0, 1], [0, 1, 0, 0, 0, 1, 1, 1, 1, 1, 0, 0, 0, 1, 1, 0, 1, 0, 0], [0, 0, 0, 1, 0, 1, 1, 0, 0, 0, 0, 0, 0, 0, 1, 1, 0, 0, 0], [0, 0, 1, 1, 0, 0, 1, 0, 1, 0, 0, 0, 0, 0, 1, 1, 0, 0, 0], [0, 0, 0, 1, 1, 1, 1, 1, 1, 0, 1, 0, 0, 0, 0, 1, 0, 0, 1], [0, 1, 0, 0, 1, 1, 1, 0, 1, 0, 1, 1, 1, 0, 0, 1, 1, 1, 0], [0, 0, 0, 0, 1, 1, 1, 0, 1, 1, 0, 1, 1, 1, 1, 0, 1, 0, 0], [0, 1, 0, 1, 1, 0, 0, 1, 0, 1, 1, 0, 0, 0, 1, 1, 0, 1, 0], [0, 1, 1, 1, 1, 0, 0, 0, 1, 0, 0, 0, 0, 0, 1, 0, 1, 0, 1], [1, 1, 1, 0, 0, 1, 0, 0, 0, 1, 0, 0, 0, 1, 0, 0, 0, 1, 0]]",16.0,6.0,Y,"{0: 22, 1: 28, 2: 34, 3: 40, 4: 46, 5: 52, 6: 58, 7: 64, 8: 70, 9: 76, 10: 82, 11: 88, 12: 94, 13: 100, 14: 106, 15: 112, 16: 118, 17: 124, 18: 16}","{(0, 1): 18, (0, 4): 1, (0, 8): 1, (0, 9): 1, (0, 18): 1, (1, 2): 1, (1, 3): 1, (1, 5): 1, (1, 6): 1, (1, 8): 1, (1, 10): 1, (1, 14): 1, (1, 16): 1, (1, 17): 1, (1, 18): 1, (2, 7): 30, (2, 12): 1, (2, 17): 1, (2, 18): 1, (3, 5): 31, (3, 7): 1, (3, 8): 1, (3, 9): 1, (3, 11): 1, (3, 12): 1, (3, 13): 1, (3, 16): 1, (3, 17): 1, (4, 7): 28, (4, 8): 12, (4, 13): 1, (4, 14): 1, (4, 15): 1, (4, 16): 1, (4, 17): 1, (5, 8): 1, (5, 9): 1, (5, 10): 1, (5, 11): 13, (5, 13): 1, (5, 14): 1, (5, 15): 1, (5, 18): 1, (6, 8): 1, (6, 10): 1, (6, 11): 51, (6, 12): 1, (6, 13): 1, (6, 14): 1, (6, 15): 1, (7, 8): 1, (7, 9): 1, (7, 10): 1, (7, 13): 1, (7, 16): 1, (8, 10): 1, (8, 12): 30, (8, 13): 1, (8, 14): 1, (8, 15): 1, (8, 17): 18, (9, 10): 1, (9, 15): 1, (9, 16): 69, (9, 18): 1, (10, 13): 49, (10, 14): 1, (10, 16): 26, (11, 14): 22, (11, 15): 1, (12, 14): 1, (12, 15): 60, (13, 15): 44, (13, 18): 1, (14, 15): 1, (14, 16): 1, (14, 17): 75, (15, 16): 1, (16, 17): 17, (17, 18): 10}",4175.901412963867,441.0,57.0,1243.0
88.0,Graph with 19 nodes and 80 edges,"[[0, 1, 0, 0, 1, 0, 0, 0, 1, 1, 0, 0, 0, 0, 0, 0, 0, 0, 1], [1, 0, 1, 1, 0, 1, 1, 0, 1, 0, 1, 0, 0, 0, 1, 0, 1, 1, 1], [0, 1, 0, 0, 0, 0, 0, 1, 0, 0, 0, 0, 1, 0, 0, 0, 0, 1, 1], [0, 1, 0, 0, 0, 1, 0, 1, 1, 1, 0, 1, 1, 1, 0, 0, 1, 1, 0], [1, 0, 0, 0, 0, 0, 0, 1, 1, 0, 0, 0, 0, 1, 1, 1, 1, 1, 0], [0, 1, 0, 1, 0, 0, 0, 0, 1, 1, 1, 1, 0, 1, 1, 1, 0, 0, 1], [0, 1, 0, 0, 0, 0, 0, 0, 1, 0, 1, 1, 1, 1, 1, 1, 0, 0, 0], [0, 0, 1, 1, 1, 0, 0, 0, 1, 1, 1, 0, 0, 1, 0, 0, 1, 0, 0], [1, 1, 0, 1, 1, 1, 1, 1, 0, 0, 1, 0, 1, 1, 1, 1, 0, 1, 0], [1, 0, 0, 1, 0, 1, 0, 1, 0, 0, 1, 0, 0, 0, 0, 1, 1, 0, 1], [0, 1, 0, 0, 0, 1, 1, 1, 1, 1, 0, 0, 0, 1, 1, 0, 1, 0, 0], [0, 0, 0, 1, 0, 1, 1, 0, 0, 0, 0, 0, 0, 0, 1, 1, 0, 0, 0], [0, 0, 1, 1, 0, 0, 1, 0, 1, 0, 0, 0, 0, 0, 1, 1, 0, 0, 0], [0, 0, 0, 1, 1, 1, 1, 1, 1, 0, 1, 0, 0, 0, 0, 1, 0, 0, 1], [0, 1, 0, 0, 1, 1, 1, 0, 1, 0, 1, 1, 1, 0, 0, 1, 1, 1, 0], [0, 0, 0, 0, 1, 1, 1, 0, 1, 1, 0, 1, 1, 1, 1, 0, 1, 0, 0], [0, 1, 0, 1, 1, 0, 0, 1, 0, 1, 1, 0, 0, 0, 1, 1, 0, 1, 0], [0, 1, 1, 1, 1, 0, 0, 0, 1, 0, 0, 0, 0, 0, 1, 0, 1, 0, 1], [1, 1, 1, 0, 0, 1, 0, 0, 0, 1, 0, 0, 0, 1, 0, 0, 0, 1, 0]]",26.0,2.0,Y,"{0: 28, 1: 30, 2: 32, 3: 34, 4: 36, 5: 38, 6: 40, 7: 42, 8: 44, 9: 46, 10: 48, 11: 50, 12: 52, 13: 54, 14: 56, 15: 58, 16: 60, 17: 62, 18: 26}","{(0, 1): 20, (0, 4): 5, (0, 8): 1, (0, 9): 1, (0, 18): 1, (1, 2): 1, (1, 3): 1, (1, 5): 1, (1, 6): 1, (1, 8): 1, (1, 10): 1, (1, 14): 1, (1, 16): 1, (1, 17): 1, (1, 18): 1, (2, 7): 28, (2, 12): 1, (2, 17): 1, (2, 18): 1, (3, 5): 25, (3, 7): 1, (3, 8): 1, (3, 9): 1, (3, 11): 1, (3, 12): 1, (3, 13): 1, (3, 16): 1, (3, 17): 1, (4, 7): 8, (4, 8): 18, (4, 13): 1, (4, 14): 1, (4, 15): 1, (4, 16): 1, (4, 17): 1, (5, 8): 1, (5, 9): 1, (5, 10): 1, (5, 11): 5, (5, 13): 1, (5, 14): 1, (5, 15): 1, (5, 18): 1, (6, 8): 1, (6, 10): 2, (6, 11): 29, (6, 12): 1, (6, 13): 1, (6, 14): 2, (6, 15): 3, (7, 8): 1, (7, 9): 1, (7, 10): 1, (7, 13): 1, (7, 16): 1, (8, 10): 1, (8, 12): 3, (8, 13): 7, (8, 14): 1, (8, 15): 1, (8, 17): 7, (9, 10): 4, (9, 15): 21, (9, 16): 6, (9, 18): 11, (10, 13): 28, (10, 14): 1, (10, 16): 9, (11, 14): 10, (11, 15): 5, (12, 14): 35, (12, 15): 11, (13, 15): 13, (13, 18): 1, (14, 15): 1, (14, 16): 1, (14, 17): 2, (15, 16): 1, (16, 17): 39, (17, 18): 10}",3524.0650177001953,441.0,57.0,1243.0
89.0,Graph with 19 nodes and 96 edges,"[[0, 0, 1, 0, 1, 0, 0, 1, 1, 1, 1, 0, 1, 1, 0, 0, 1, 1, 0], [0, 0, 0, 1, 0, 1, 0, 1, 1, 1, 0, 1, 1, 0, 0, 0, 1, 1, 0], [1, 0, 0, 0, 0, 1, 1, 1, 0, 1, 1, 1, 0, 0, 1, 0, 1, 1, 0], [0, 1, 0, 0, 1, 0, 0, 1, 0, 1, 1, 0, 1, 0, 0, 0, 0, 1, 1], [1, 0, 0, 1, 0, 0, 0, 1, 0, 0, 1, 1, 1, 1, 0, 0, 1, 0, 1], [0, 1, 1, 0, 0, 0, 0, 0, 1, 1, 1, 1, 1, 1, 1, 1, 0, 1, 1], [0, 0, 1, 0, 0, 0, 0, 1, 1, 1, 1, 0, 1, 1, 0, 1, 0, 1, 1], [1, 1, 1, 1, 1, 0, 1, 0, 1, 0, 1, 1, 0, 0, 1, 1, 1, 0, 1], [1, 1, 0, 0, 0, 1, 1, 1, 0, 1, 1, 1, 0, 0, 1, 1, 0, 0, 0], [1, 1, 1, 1, 0, 1, 1, 0, 1, 0, 0, 0, 1, 1, 0, 0, 1, 1, 0], [1, 0, 1, 1, 1, 1, 1, 1, 1, 0, 0, 0, 1, 1, 1, 0, 1, 1, 1], [0, 1, 1, 0, 1, 1, 0, 1, 1, 0, 0, 0, 0, 0, 1, 0, 0, 1, 0], [1, 1, 0, 1, 1, 1, 1, 0, 0, 1, 1, 0, 0, 1, 0, 1, 1, 1, 0], [1, 0, 0, 0, 1, 1, 1, 0, 0, 1, 1, 0, 1, 0, 1, 0, 1, 0, 0], [0, 0, 1, 0, 0, 1, 0, 1, 1, 0, 1, 1, 0, 1, 0, 0, 1, 0, 0], [0, 0, 0, 0, 0, 1, 1, 1, 1, 0, 0, 0, 1, 0, 0, 0, 1, 0, 1], [1, 1, 1, 0, 1, 0, 0, 1, 0, 1, 1, 0, 1, 1, 1, 1, 0, 0, 1], [1, 1, 1, 1, 0, 1, 1, 0, 0, 1, 1, 1, 1, 0, 0, 0, 0, 0, 1], [0, 0, 0, 1, 1, 1, 1, 1, 0, 0, 1, 0, 0, 0, 0, 1, 1, 1, 0]]",29.0,1.0,Y,"{0: 29, 1: 37, 2: 31, 3: 35, 4: 45, 5: 38, 6: 46, 7: 43, 8: 34, 9: 36, 10: 42, 11: 40, 12: 39, 13: 47, 14: 33, 15: 30, 16: 44, 17: 32, 18: 41}","{(0, 2): 5, (0, 4): 8, (0, 7): 1, (0, 8): 1, (0, 9): 1, (0, 10): 1, (0, 12): 5, (0, 13): 4, (0, 16): 1, (0, 17): 2, (1, 3): 1, (1, 5): 7, (1, 7): 1, (1, 8): 13, (1, 9): 1, (1, 11): 5, (1, 12): 1, (1, 16): 1, (1, 17): 7, (2, 5): 1, (2, 6): 8, (2, 7): 1, (2, 9): 1, (2, 10): 1, (2, 11): 9, (2, 14): 1, (2, 16): 3, (2, 17): 1, (3, 4): 1, (3, 7): 16, (3, 9): 1, (3, 10): 13, (3, 12): 1, (3, 17): 1, (3, 18): 1, (4, 7): 2, (4, 10): 1, (4, 11): 4, (4, 12): 14, (4, 13): 7, (4, 16): 7, (4, 18): 1, (5, 8): 1, (5, 9): 3, (5, 10): 1, (5, 11): 1, (5, 12): 5, (5, 13): 1, (5, 14): 3, (5, 15): 1, (5, 17): 1, (5, 18): 13, (6, 7): 1, (6, 8): 1, (6, 9): 8, (6, 10): 1, (6, 12): 3, (6, 13): 9, (6, 15): 1, (6, 17): 7, (6, 18): 7, (7, 8): 1, (7, 10): 3, (7, 11): 1, (7, 14): 13, (7, 15): 1, (7, 16): 1, (7, 18): 1, (8, 9): 7, (8, 10): 1, (8, 11): 7, (8, 14): 1, (8, 15): 1, (9, 12): 1, (9, 13): 11, (9, 16): 1, (9, 17): 1, (10, 12): 1, (10, 13): 12, (10, 14): 1, (10, 16): 4, (10, 17): 1, (10, 18): 1, (11, 14): 12, (11, 17): 1, (12, 13): 1, (12, 15): 5, (12, 16): 1, (12, 17): 1, (13, 14): 1, (13, 16): 1, (14, 16): 1, (15, 16): 18, (15, 18): 3, (16, 18): 5, (17, 18): 9}",169.99244689941406,457.0,57.0,1275.0
92.0,Graph with 19 nodes and 92 edges,"[[0, 1, 1, 0, 0, 0, 0, 1, 0, 0, 1, 1, 0, 1, 0, 1, 0, 1, 1], [1, 0, 1, 0, 0, 1, 0, 1, 0, 0, 1, 0, 0, 0, 0, 1, 0, 0, 0], [1, 1, 0, 0, 1, 0, 1, 0, 0, 0, 1, 1, 1, 1, 1, 1, 1, 1, 1], [0, 0, 0, 0, 1, 0, 1, 0, 1, 1, 1, 0, 1, 1, 0, 1, 1, 0, 0], [0, 0, 1, 1, 0, 0, 1, 1, 0, 0, 0, 0, 1, 1, 1, 1, 1, 0, 1], [0, 1, 0, 0, 0, 0, 1, 0, 0, 1, 1, 0, 0, 0, 1, 1, 0, 1, 0], [0, 0, 1, 1, 1, 1, 0, 1, 0, 1, 1, 1, 1, 1, 1, 1, 1, 0, 0], [1, 1, 0, 0, 1, 0, 1, 0, 1, 0, 1, 0, 1, 0, 1, 1, 0, 0, 1], [0, 0, 0, 1, 0, 0, 0, 1, 0, 1, 1, 0, 1, 0, 1, 1, 0, 0, 1], [0, 0, 0, 1, 0, 1, 1, 0, 1, 0, 1, 0, 0, 0, 0, 1, 0, 1, 1], [1, 1, 1, 1, 0, 1, 1, 1, 1, 1, 0, 0, 1, 1, 0, 0, 0, 1, 0], [1, 0, 1, 0, 0, 0, 1, 0, 0, 0, 0, 0, 1, 1, 0, 1, 1, 1, 1], [0, 0, 1, 1, 1, 0, 1, 1, 1, 0, 1, 1, 0, 0, 1, 1, 1, 1, 1], [1, 0, 1, 1, 1, 0, 1, 0, 0, 0, 1, 1, 0, 0, 1, 0, 1, 0, 1], [0, 0, 1, 0, 1, 1, 1, 1, 1, 0, 0, 0, 1, 1, 0, 0, 0, 0, 0], [1, 1, 1, 1, 1, 1, 1, 1, 1, 1, 0, 1, 1, 0, 0, 0, 1, 0, 0], [0, 0, 1, 1, 1, 0, 1, 0, 0, 0, 0, 1, 1, 1, 0, 1, 0, 0, 0], [1, 0, 1, 0, 0, 1, 0, 0, 0, 1, 1, 1, 1, 0, 0, 0, 0, 0, 1], [1, 0, 1, 0, 1, 0, 0, 1, 1, 1, 0, 1, 1, 1, 0, 0, 0, 1, 0]]",29.0,1.0,Y,"{0: 30, 1: 31, 2: 32, 3: 33, 4: 34, 5: 35, 6: 36, 7: 37, 8: 38, 9: 39, 10: 40, 11: 41, 12: 42, 13: 43, 14: 44, 15: 45, 16: 46, 17: 47, 18: 29}","{(0, 1): 22, (0, 2): 1, (0, 7): 1, (0, 10): 1, (0, 11): 1, (0, 13): 1, (0, 15): 1, (0, 17): 1, (0, 18): 1, (1, 2): 5, (1, 5): 1, (1, 7): 1, (1, 10): 1, (1, 15): 1, (2, 4): 16, (2, 6): 1, (2, 10): 1, (2, 11): 1, (2, 12): 1, (2, 13): 1, (2, 14): 1, (2, 15): 1, (2, 16): 1, (2, 17): 1, (2, 18): 1, (3, 4): 10, (3, 6): 16, (3, 8): 1, (3, 9): 1, (3, 10): 1, (3, 12): 1, (3, 13): 1, (3, 15): 1, (3, 16): 1, (4, 6): 1, (4, 7): 1, (4, 12): 1, (4, 13): 1, (4, 14): 1, (4, 15): 1, (4, 16): 1, (4, 18): 1, (5, 6): 9, (5, 9): 21, (5, 10): 1, (5, 14): 1, (5, 15): 1, (5, 17): 1, (6, 7): 1, (6, 9): 1, (6, 10): 1, (6, 11): 1, (6, 12): 1, (6, 13): 1, (6, 14): 1, (6, 15): 1, (6, 16): 1, (7, 8): 28, (7, 10): 1, (7, 12): 1, (7, 14): 1, (7, 15): 1, (7, 18): 1, (8, 9): 4, (8, 10): 1, (8, 12): 1, (8, 14): 1, (8, 15): 1, (8, 18): 1, (9, 10): 9, (9, 15): 1, (9, 17): 1, (9, 18): 1, (10, 12): 21, (10, 13): 1, (10, 17): 1, (11, 12): 7, (11, 13): 1, (11, 15): 1, (11, 16): 7, (11, 17): 21, (11, 18): 1, (12, 14): 4, (12, 15): 1, (12, 16): 1, (12, 17): 1, (12, 18): 1, (13, 14): 34, (13, 16): 1, (13, 18): 1, (15, 16): 33, (17, 18): 20}",2701.0440826416016,453.0,57.0,1267.0
93.0,Graph with 19 nodes and 93 edges,"[[0, 1, 1, 0, 0, 0, 0, 1, 0, 0, 1, 1, 0, 1, 0, 0, 1, 1, 1], [1, 0, 0, 1, 1, 1, 0, 0, 1, 1, 0, 0, 0, 1, 0, 0, 1, 1, 1], [1, 0, 0, 1, 1, 1, 1, 1, 0, 1, 1, 0, 1, 0, 0, 0, 1, 0, 1], [0, 1, 1, 0, 0, 0, 1, 0, 1, 0, 0, 1, 0, 1, 0, 1, 1, 0, 1], [0, 1, 1, 0, 0, 0, 1, 0, 1, 0, 0, 0, 0, 1, 0, 1, 1, 1, 0], [0, 1, 1, 0, 0, 0, 0, 1, 1, 1, 1, 0, 0, 1, 0, 0, 0, 1, 1], [0, 0, 1, 1, 1, 0, 0, 0, 0, 0, 0, 1, 0, 1, 1, 1, 1, 0, 0], [1, 0, 1, 0, 0, 1, 0, 0, 1, 1, 0, 0, 0, 1, 0, 1, 1, 1, 1], [0, 1, 0, 1, 1, 1, 0, 1, 0, 1, 1, 1, 0, 0, 1, 0, 0, 0, 1], [0, 1, 1, 0, 0, 1, 0, 1, 1, 0, 0, 1, 0, 1, 1, 1, 0, 0, 1], [1, 0, 1, 0, 0, 1, 0, 0, 1, 0, 0, 1, 1, 0, 0, 0, 1, 0, 1], [1, 0, 0, 1, 0, 0, 1, 0, 1, 1, 1, 0, 0, 1, 1, 1, 1, 1, 1], [0, 0, 1, 0, 0, 0, 0, 0, 0, 0, 1, 0, 0, 1, 0, 1, 1, 0, 1], [1, 1, 0, 1, 1, 1, 1, 1, 0, 1, 0, 1, 1, 0, 1, 1, 1, 0, 0], [0, 0, 0, 0, 0, 0, 1, 0, 1, 1, 0, 1, 0, 1, 0, 1, 1, 1, 0], [0, 0, 0, 1, 1, 0, 1, 1, 0, 1, 0, 1, 1, 1, 1, 0, 0, 0, 1], [1, 1, 1, 1, 1, 0, 1, 1, 0, 0, 1, 1, 1, 1, 1, 0, 0, 1, 1], [1, 1, 0, 0, 1, 1, 0, 1, 0, 0, 0, 1, 0, 0, 1, 0, 1, 0, 0], [1, 1, 1, 1, 0, 1, 0, 1, 1, 1, 1, 1, 1, 0, 0, 1, 1, 0, 0]]",6.0,8.0,Y,"{0: 22, 1: 30, 2: 38, 3: 46, 4: 54, 5: 62, 6: 70, 7: 78, 8: 86, 9: 94, 10: 102, 11: 110, 12: 6, 13: 118, 14: 126, 15: 134, 16: 142, 17: 150, 18: 14}","{(0, 1): 14, (0, 2): 1, (0, 7): 1, (0, 10): 1, (0, 11): 1, (0, 13): 1, (0, 16): 1, (0, 17): 1, (0, 18): 1, (1, 3): 8, (1, 4): 1, (1, 5): 1, (1, 8): 1, (1, 9): 1, (1, 13): 1, (1, 16): 1, (1, 17): 1, (1, 18): 1, (2, 3): 28, (2, 4): 1, (2, 5): 1, (2, 6): 1, (2, 7): 1, (2, 9): 1, (2, 10): 1, (2, 12): 1, (2, 16): 1, (2, 18): 1, (3, 6): 4, (3, 8): 1, (3, 11): 1, (3, 13): 1, (3, 15): 1, (3, 16): 1, (3, 18): 1, (4, 6): 47, (4, 8): 1, (4, 13): 1, (4, 15): 1, (4, 16): 1, (4, 17): 1, (5, 7): 54, (5, 8): 1, (5, 9): 1, (5, 10): 1, (5, 13): 1, (5, 17): 1, (5, 18): 1, (6, 11): 1, (6, 13): 1, (6, 14): 2, (6, 15): 13, (6, 16): 1, (7, 8): 1, (7, 9): 2, (7, 13): 1, (7, 15): 8, (7, 16): 1, (7, 17): 8, (7, 18): 1, (8, 9): 16, (8, 10): 62, (8, 11): 1, (8, 14): 1, (8, 18): 1, (9, 11): 1, (9, 13): 38, (9, 14): 29, (9, 15): 3, (9, 18): 2, (10, 11): 2, (10, 12): 1, (10, 16): 33, (10, 18): 1, (11, 13): 21, (11, 14): 1, (11, 15): 76, (11, 16): 3, (11, 17): 1, (11, 18): 1, (12, 13): 1, (12, 15): 1, (12, 16): 1, (12, 18): 1, (13, 14): 35, (13, 15): 15, (13, 16): 1, (14, 15): 15, (14, 16): 1, (14, 17): 42, (15, 18): 1, (16, 17): 95, (16, 18): 1}",2817.869186401367,454.0,57.0,1269.0
94.0,Graph with 19 nodes and 87 edges,"[[0, 1, 0, 0, 1, 0, 0, 0, 0, 0, 1, 1, 0, 1, 0, 0, 0, 0, 0], [1, 0, 1, 1, 0, 0, 1, 0, 0, 0, 0, 0, 1, 1, 1, 0, 0, 0, 1], [0, 1, 0, 1, 1, 0, 1, 0, 0, 1, 0, 1, 1, 1, 1, 0, 1, 1, 1], [0, 1, 1, 0, 0, 1, 0, 0, 0, 0, 1, 0, 1, 1, 1, 0, 1, 1, 1], [1, 0, 1, 0, 0, 0, 1, 1, 1, 1, 1, 1, 1, 1, 0, 0, 1, 1, 0], [0, 0, 0, 1, 0, 0, 0, 1, 1, 1, 1, 1, 0, 0, 0, 0, 0, 0, 1], [0, 1, 1, 0, 1, 0, 0, 0, 0, 1, 1, 0, 0, 1, 1, 1, 0, 0, 1], [0, 0, 0, 0, 1, 1, 0, 0, 1, 1, 0, 0, 0, 0, 1, 1, 1, 0, 1], [0, 0, 0, 0, 1, 1, 0, 1, 0, 0, 0, 1, 1, 0, 1, 1, 0, 0, 0], [0, 0, 1, 0, 1, 1, 1, 1, 0, 0, 1, 1, 1, 1, 0, 0, 1, 0, 0], [1, 0, 0, 1, 1, 1, 1, 0, 0, 1, 0, 0, 1, 1, 1, 0, 0, 1, 1], [1, 0, 1, 0, 1, 1, 0, 0, 1, 1, 0, 0, 0, 1, 1, 1, 1, 0, 1], [0, 1, 1, 1, 1, 0, 0, 0, 1, 1, 1, 0, 0, 0, 1, 1, 0, 0, 0], [1, 1, 1, 1, 1, 0, 1, 0, 0, 1, 1, 1, 0, 0, 1, 0, 1, 0, 0], [0, 1, 1, 1, 0, 0, 1, 1, 1, 0, 1, 1, 1, 1, 0, 1, 0, 1, 0], [0, 0, 0, 0, 0, 0, 1, 1, 1, 0, 0, 1, 1, 0, 1, 0, 1, 0, 1], [0, 0, 1, 1, 1, 0, 0, 1, 0, 1, 0, 1, 0, 1, 0, 1, 0, 0, 0], [0, 0, 1, 1, 1, 0, 0, 0, 0, 0, 1, 0, 0, 0, 1, 0, 0, 0, 1], [0, 1, 1, 1, 0, 1, 1, 1, 0, 0, 1, 1, 0, 0, 0, 1, 0, 1, 0]]",18.0,8.0,Y,"{0: 26, 1: 34, 2: 42, 3: 50, 4: 58, 5: 66, 6: 74, 7: 82, 8: 90, 9: 98, 10: 106, 11: 114, 12: 122, 13: 130, 14: 138, 15: 146, 16: 154, 17: 162, 18: 18}","{(0, 1): 22, (0, 4): 1, (0, 10): 1, (0, 11): 1, (0, 13): 1, (1, 2): 6, (1, 3): 1, (1, 6): 1, (1, 12): 1, (1, 13): 1, (1, 14): 1, (1, 18): 1, (2, 3): 26, (2, 4): 1, (2, 6): 1, (2, 9): 1, (2, 11): 1, (2, 12): 1, (2, 13): 1, (2, 14): 1, (2, 16): 1, (2, 17): 1, (2, 18): 1, (3, 5): 16, (3, 10): 1, (3, 12): 1, (3, 13): 1, (3, 14): 1, (3, 16): 1, (3, 17): 1, (3, 18): 1, (4, 6): 47, (4, 7): 1, (4, 8): 1, (4, 9): 1, (4, 10): 1, (4, 11): 1, (4, 12): 1, (4, 13): 1, (4, 16): 1, (4, 17): 1, (5, 7): 45, (5, 8): 1, (5, 9): 1, (5, 10): 1, (5, 11): 1, (5, 18): 1, (6, 9): 1, (6, 10): 1, (6, 13): 20, (6, 14): 1, (6, 15): 1, (6, 18): 1, (7, 8): 1, (7, 9): 1, (7, 14): 1, (7, 15): 1, (7, 16): 31, (7, 18): 1, (8, 11): 1, (8, 12): 84, (8, 14): 1, (8, 15): 1, (9, 10): 1, (9, 11): 1, (9, 12): 1, (9, 13): 3, (9, 16): 87, (10, 12): 1, (10, 13): 74, (10, 14): 1, (10, 17): 23, (10, 18): 1, (11, 13): 1, (11, 14): 1, (11, 15): 104, (11, 16): 1, (11, 18): 1, (12, 14): 1, (12, 15): 31, (13, 14): 1, (13, 16): 26, (14, 15): 1, (14, 17): 127, (15, 16): 6, (15, 18): 1, (17, 18): 9}",3810.1673126220703,448.0,57.0,1257.0
96.0,Graph with 19 nodes and 86 edges,"[[0, 0, 1, 1, 0, 1, 0, 0, 1, 1, 0, 1, 1, 1, 1, 1, 0, 1, 0], [0, 0, 0, 0, 0, 1, 0, 1, 0, 1, 0, 1, 0, 1, 0, 0, 0, 0, 1], [1, 0, 0, 0, 0, 1, 1, 1, 0, 0, 1, 1, 0, 1, 1, 1, 1, 0, 1], [1, 0, 0, 0, 0, 1, 0, 1, 0, 0, 1, 1, 0, 0, 1, 1, 1, 0, 1], [0, 0, 0, 0, 0, 0, 1, 1, 0, 1, 0, 1, 0, 0, 1, 0, 1, 0, 0], [1, 1, 1, 1, 0, 0, 1, 0, 1, 1, 1, 1, 1, 1, 0, 0, 0, 0, 1], [0, 0, 1, 0, 1, 1, 0, 0, 0, 0, 0, 1, 0, 0, 1, 0, 1, 0, 0], [0, 1, 1, 1, 1, 0, 0, 0, 0, 1, 0, 1, 1, 0, 0, 1, 1, 1, 0], [1, 0, 0, 0, 0, 1, 0, 0, 0, 0, 1, 1, 1, 0, 0, 1, 0, 0, 1], [1, 1, 0, 0, 1, 1, 0, 1, 0, 0, 1, 0, 1, 1, 0, 1, 1, 0, 0], [0, 0, 1, 1, 0, 1, 0, 0, 1, 1, 0, 1, 1, 0, 0, 1, 1, 0, 1], [1, 1, 1, 1, 1, 1, 1, 1, 1, 0, 1, 0, 1, 0, 0, 0, 0, 1, 1], [1, 0, 0, 0, 0, 1, 0, 1, 1, 1, 1, 1, 0, 1, 1, 0, 1, 0, 0], [1, 1, 1, 0, 0, 1, 0, 0, 0, 1, 0, 0, 1, 0, 0, 1, 0, 0, 1], [1, 0, 1, 1, 1, 0, 1, 0, 0, 0, 0, 0, 1, 0, 0, 0, 0, 0, 1], [1, 0, 1, 1, 0, 0, 0, 1, 1, 1, 1, 0, 0, 1, 0, 0, 0, 0, 1], [0, 0, 1, 1, 1, 0, 1, 1, 0, 1, 1, 0, 1, 0, 0, 0, 0, 1, 1], [1, 0, 0, 0, 0, 0, 0, 1, 0, 0, 0, 1, 0, 0, 0, 0, 1, 0, 1], [0, 1, 1, 1, 0, 1, 0, 0, 1, 0, 1, 1, 0, 1, 1, 1, 1, 1, 0]]",25.0,7.0,Y,"{0: 32, 1: 39, 2: 46, 3: 53, 4: 60, 5: 67, 6: 74, 7: 81, 8: 88, 9: 95, 10: 102, 11: 109, 12: 116, 13: 123, 14: 130, 15: 137, 16: 144, 17: 151, 18: 25}","{(0, 2): 22, (0, 3): 1, (0, 5): 1, (0, 8): 1, (0, 9): 1, (0, 11): 1, (0, 12): 1, (0, 13): 1, (0, 14): 1, (0, 15): 1, (0, 17): 1, (1, 5): 34, (1, 7): 1, (1, 9): 1, (1, 11): 1, (1, 13): 1, (1, 18): 1, (2, 5): 15, (2, 6): 1, (2, 7): 1, (2, 10): 1, (2, 11): 1, (2, 13): 1, (2, 14): 1, (2, 15): 1, (2, 16): 1, (2, 18): 1, (3, 5): 9, (3, 7): 37, (3, 10): 1, (3, 11): 1, (3, 14): 1, (3, 15): 1, (3, 16): 1, (3, 18): 1, (4, 6): 35, (4, 7): 1, (4, 9): 3, (4, 11): 1, (4, 14): 18, (4, 16): 2, (5, 6): 1, (5, 8): 1, (5, 9): 1, (5, 10): 1, (5, 11): 1, (5, 12): 1, (5, 13): 1, (5, 18): 1, (6, 11): 2, (6, 14): 34, (6, 16): 1, (7, 9): 21, (7, 11): 1, (7, 12): 1, (7, 15): 3, (7, 16): 1, (7, 17): 14, (8, 10): 21, (8, 11): 62, (8, 12): 1, (8, 15): 1, (8, 18): 1, (9, 10): 15, (9, 12): 18, (9, 13): 10, (9, 15): 14, (9, 16): 11, (10, 11): 24, (10, 12): 24, (10, 15): 13, (10, 16): 1, (10, 18): 1, (11, 12): 1, (11, 17): 12, (11, 18): 1, (12, 13): 6, (12, 14): 61, (12, 16): 2, (13, 15): 102, (13, 18): 1, (14, 18): 14, (15, 18): 1, (16, 17): 123, (16, 18): 1, (17, 18): 1}",2665.996551513672,447.0,57.0,1255.0
96.0,Graph with 19 nodes and 86 edges,"[[0, 0, 1, 1, 0, 1, 0, 0, 1, 1, 0, 1, 1, 1, 1, 1, 0, 1, 0], [0, 0, 0, 0, 0, 1, 0, 1, 0, 1, 0, 1, 0, 1, 0, 0, 0, 0, 1], [1, 0, 0, 0, 0, 1, 1, 1, 0, 0, 1, 1, 0, 1, 1, 1, 1, 0, 1], [1, 0, 0, 0, 0, 1, 0, 1, 0, 0, 1, 1, 0, 0, 1, 1, 1, 0, 1], [0, 0, 0, 0, 0, 0, 1, 1, 0, 1, 0, 1, 0, 0, 1, 0, 1, 0, 0], [1, 1, 1, 1, 0, 0, 1, 0, 1, 1, 1, 1, 1, 1, 0, 0, 0, 0, 1], [0, 0, 1, 0, 1, 1, 0, 0, 0, 0, 0, 1, 0, 0, 1, 0, 1, 0, 0], [0, 1, 1, 1, 1, 0, 0, 0, 0, 1, 0, 1, 1, 0, 0, 1, 1, 1, 0], [1, 0, 0, 0, 0, 1, 0, 0, 0, 0, 1, 1, 1, 0, 0, 1, 0, 0, 1], [1, 1, 0, 0, 1, 1, 0, 1, 0, 0, 1, 0, 1, 1, 0, 1, 1, 0, 0], [0, 0, 1, 1, 0, 1, 0, 0, 1, 1, 0, 1, 1, 0, 0, 1, 1, 0, 1], [1, 1, 1, 1, 1, 1, 1, 1, 1, 0, 1, 0, 1, 0, 0, 0, 0, 1, 1], [1, 0, 0, 0, 0, 1, 0, 1, 1, 1, 1, 1, 0, 1, 1, 0, 1, 0, 0], [1, 1, 1, 0, 0, 1, 0, 0, 0, 1, 0, 0, 1, 0, 0, 1, 0, 0, 1], [1, 0, 1, 1, 1, 0, 1, 0, 0, 0, 0, 0, 1, 0, 0, 0, 0, 0, 1], [1, 0, 1, 1, 0, 0, 0, 1, 1, 1, 1, 0, 0, 1, 0, 0, 0, 0, 1], [0, 0, 1, 1, 1, 0, 1, 1, 0, 1, 1, 0, 1, 0, 0, 0, 0, 1, 1], [1, 0, 0, 0, 0, 0, 0, 1, 0, 0, 0, 1, 0, 0, 0, 0, 1, 0, 1], [0, 1, 1, 1, 0, 1, 0, 0, 1, 0, 1, 1, 0, 1, 1, 1, 1, 1, 0]]",25.0,9.0,Y,"{0: 34, 1: 43, 2: 52, 3: 61, 4: 70, 5: 79, 6: 88, 7: 97, 8: 106, 9: 115, 10: 124, 11: 133, 12: 142, 13: 151, 14: 160, 15: 169, 16: 178, 17: 187, 18: 25}","{(0, 2): 24, (0, 3): 1, (0, 5): 1, (0, 8): 1, (0, 9): 1, (0, 11): 1, (0, 12): 1, (0, 13): 1, (0, 14): 1, (0, 15): 1, (0, 17): 1, (1, 5): 38, (1, 7): 1, (1, 9): 1, (1, 11): 1, (1, 13): 1, (1, 18): 1, (2, 5): 19, (2, 6): 1, (2, 7): 1, (2, 10): 1, (2, 11): 1, (2, 13): 1, (2, 14): 1, (2, 15): 1, (2, 16): 1, (2, 18): 1, (3, 5): 13, (3, 7): 41, (3, 10): 1, (3, 11): 1, (3, 14): 1, (3, 15): 1, (3, 16): 1, (3, 18): 1, (4, 6): 1, (4, 7): 1, (4, 9): 1, (4, 11): 1, (4, 14): 65, (4, 16): 1, (5, 6): 1, (5, 8): 1, (5, 9): 1, (5, 10): 1, (5, 11): 1, (5, 12): 1, (5, 13): 1, (5, 18): 1, (6, 11): 1, (6, 14): 83, (6, 16): 1, (7, 9): 1, (7, 11): 28, (7, 12): 1, (7, 15): 1, (7, 16): 1, (7, 17): 21, (8, 10): 28, (8, 11): 1, (8, 12): 1, (8, 15): 73, (8, 18): 1, (9, 10): 1, (9, 12): 1, (9, 13): 100, (9, 15): 1, (9, 16): 7, (10, 11): 1, (10, 12): 1, (10, 15): 88, (10, 16): 1, (10, 18): 1, (11, 12): 94, (11, 17): 1, (11, 18): 1, (12, 13): 33, (12, 14): 8, (12, 16): 1, (13, 15): 1, (13, 18): 13, (14, 18): 1, (15, 18): 2, (16, 17): 163, (16, 18): 1, (17, 18): 1}",2820.9686279296875,447.0,57.0,1255.0
96.0,Graph with 19 nodes and 86 edges,"[[0, 0, 1, 1, 0, 1, 0, 0, 1, 1, 0, 1, 1, 1, 1, 1, 0, 1, 0], [0, 0, 0, 0, 0, 1, 0, 1, 0, 1, 0, 1, 0, 1, 0, 0, 0, 0, 1], [1, 0, 0, 0, 0, 1, 1, 1, 0, 0, 1, 1, 0, 1, 1, 1, 1, 0, 1], [1, 0, 0, 0, 0, 1, 0, 1, 0, 0, 1, 1, 0, 0, 1, 1, 1, 0, 1], [0, 0, 0, 0, 0, 0, 1, 1, 0, 1, 0, 1, 0, 0, 1, 0, 1, 0, 0], [1, 1, 1, 1, 0, 0, 1, 0, 1, 1, 1, 1, 1, 1, 0, 0, 0, 0, 1], [0, 0, 1, 0, 1, 1, 0, 0, 0, 0, 0, 1, 0, 0, 1, 0, 1, 0, 0], [0, 1, 1, 1, 1, 0, 0, 0, 0, 1, 0, 1, 1, 0, 0, 1, 1, 1, 0], [1, 0, 0, 0, 0, 1, 0, 0, 0, 0, 1, 1, 1, 0, 0, 1, 0, 0, 1], [1, 1, 0, 0, 1, 1, 0, 1, 0, 0, 1, 0, 1, 1, 0, 1, 1, 0, 0], [0, 0, 1, 1, 0, 1, 0, 0, 1, 1, 0, 1, 1, 0, 0, 1, 1, 0, 1], [1, 1, 1, 1, 1, 1, 1, 1, 1, 0, 1, 0, 1, 0, 0, 0, 0, 1, 1], [1, 0, 0, 0, 0, 1, 0, 1, 1, 1, 1, 1, 0, 1, 1, 0, 1, 0, 0], [1, 1, 1, 0, 0, 1, 0, 0, 0, 1, 0, 0, 1, 0, 0, 1, 0, 0, 1], [1, 0, 1, 1, 1, 0, 1, 0, 0, 0, 0, 0, 1, 0, 0, 0, 0, 0, 1], [1, 0, 1, 1, 0, 0, 0, 1, 1, 1, 1, 0, 0, 1, 0, 0, 0, 0, 1], [0, 0, 1, 1, 1, 0, 1, 1, 0, 1, 1, 0, 1, 0, 0, 0, 0, 1, 1], [1, 0, 0, 0, 0, 0, 0, 1, 0, 0, 0, 1, 0, 0, 0, 0, 1, 0, 1], [0, 1, 1, 1, 0, 1, 0, 0, 1, 0, 1, 1, 0, 1, 1, 1, 1, 1, 0]]",27.0,7.0,Y,"{0: 27, 1: 153, 2: 146, 3: 139, 4: 132, 5: 125, 6: 118, 7: 111, 8: 104, 9: 97, 10: 90, 11: 83, 12: 76, 13: 69, 14: 62, 15: 55, 16: 48, 17: 41, 18: 34}","{(0, 2): 1, (0, 3): 1, (0, 5): 1, (0, 8): 1, (0, 9): 1, (0, 11): 17, (0, 12): 1, (0, 13): 1, (0, 14): 1, (0, 15): 1, (0, 17): 1, (1, 5): 1, (1, 7): 1, (1, 9): 11, (1, 11): 55, (1, 13): 62, (1, 18): 23, (2, 5): 1, (2, 6): 1, (2, 7): 1, (2, 10): 1, (2, 11): 1, (2, 13): 1, (2, 14): 52, (2, 15): 47, (2, 16): 39, (2, 18): 1, (3, 5): 1, (3, 7): 47, (3, 10): 81, (3, 11): 1, (3, 14): 5, (3, 15): 1, (3, 16): 1, (3, 18): 1, (4, 6): 31, (4, 7): 20, (4, 9): 78, (4, 11): 1, (4, 14): 1, (4, 16): 1, (5, 6): 83, (5, 8): 32, (5, 9): 1, (5, 10): 1, (5, 11): 1, (5, 12): 1, (5, 13): 1, (5, 18): 1, (6, 11): 1, (6, 14): 1, (6, 16): 1, (7, 9): 1, (7, 11): 1, (7, 12): 1, (7, 15): 1, (7, 16): 1, (7, 17): 37, (8, 10): 1, (8, 11): 1, (8, 12): 67, (8, 15): 1, (8, 18): 1, (9, 10): 1, (9, 12): 1, (9, 13): 1, (9, 15): 1, (9, 16): 1, (10, 11): 1, (10, 12): 1, (10, 15): 1, (10, 16): 1, (10, 18): 1, (11, 12): 1, (11, 17): 1, (11, 18): 1, (12, 13): 1, (12, 14): 1, (12, 16): 1, (13, 15): 1, (13, 18): 1, (14, 18): 1, (15, 18): 1, (16, 17): 1, (16, 18): 1, (17, 18): 1}",1939.0583038330078,447.0,57.0,1255.0
97.0,Graph with 19 nodes and 84 edges,"[[0, 0, 1, 0, 1, 0, 1, 0, 0, 0, 1, 0, 0, 0, 0, 1, 1, 0, 1], [0, 0, 1, 0, 0, 1, 0, 0, 0, 1, 0, 0, 1, 1, 0, 0, 1, 0, 1], [1, 1, 0, 1, 0, 1, 0, 1, 0, 1, 1, 0, 0, 0, 0, 0, 0, 1, 1], [0, 0, 1, 0, 0, 0, 1, 0, 0, 1, 0, 0, 1, 1, 0, 0, 0, 1, 0], [1, 0, 0, 0, 0, 0, 1, 1, 0, 1, 1, 1, 0, 0, 1, 1, 0, 1, 1], [0, 1, 1, 0, 0, 0, 0, 0, 1, 1, 1, 1, 1, 1, 0, 1, 1, 1, 0], [1, 0, 0, 1, 1, 0, 0, 0, 1, 0, 0, 0, 0, 1, 1, 0, 0, 0, 0], [0, 0, 1, 0, 1, 0, 0, 0, 0, 1, 0, 1, 0, 1, 1, 0, 1, 1, 0], [0, 0, 0, 0, 0, 1, 1, 0, 0, 1, 1, 1, 1, 0, 1, 0, 0, 0, 0], [0, 1, 1, 1, 1, 1, 0, 1, 1, 0, 0, 1, 1, 1, 0, 1, 0, 0, 1], [1, 0, 1, 0, 1, 1, 0, 0, 1, 0, 0, 1, 0, 0, 0, 0, 1, 1, 1], [0, 0, 0, 0, 1, 1, 0, 1, 1, 1, 1, 0, 1, 1, 1, 1, 1, 1, 0], [0, 1, 0, 1, 0, 1, 0, 0, 1, 1, 0, 1, 0, 1, 1, 1, 0, 0, 1], [0, 1, 0, 1, 0, 1, 1, 1, 0, 1, 0, 1, 1, 0, 0, 1, 0, 0, 1], [0, 0, 0, 0, 1, 0, 1, 1, 1, 0, 0, 1, 1, 0, 0, 1, 0, 1, 0], [1, 0, 0, 0, 1, 1, 0, 0, 0, 1, 0, 1, 1, 1, 1, 0, 0, 1, 0], [1, 1, 0, 0, 0, 1, 0, 1, 0, 0, 1, 1, 0, 0, 0, 0, 0, 1, 1], [0, 0, 1, 1, 1, 1, 0, 1, 0, 0, 1, 1, 0, 0, 1, 1, 1, 0, 0], [1, 1, 1, 0, 1, 0, 0, 0, 0, 1, 1, 0, 1, 1, 0, 0, 1, 0, 0]]",20.0,8.0,Y,"{0: 28, 1: 36, 2: 44, 3: 52, 4: 60, 5: 68, 6: 76, 7: 84, 8: 92, 9: 100, 10: 108, 11: 116, 12: 124, 13: 132, 14: 140, 15: 148, 16: 156, 17: 164, 18: 20}","{(0, 2): 22, (0, 4): 1, (0, 6): 1, (0, 10): 1, (0, 15): 1, (0, 16): 1, (0, 18): 1, (1, 2): 15, (1, 5): 16, (1, 9): 1, (1, 12): 1, (1, 13): 1, (1, 16): 1, (1, 18): 1, (2, 3): 1, (2, 5): 1, (2, 7): 1, (2, 9): 1, (2, 10): 1, (2, 17): 1, (2, 18): 1, (3, 6): 47, (3, 9): 1, (3, 12): 1, (3, 13): 1, (3, 17): 1, (4, 6): 25, (4, 7): 27, (4, 9): 1, (4, 10): 1, (4, 11): 1, (4, 14): 1, (4, 15): 1, (4, 17): 1, (4, 18): 1, (5, 8): 43, (5, 9): 1, (5, 10): 1, (5, 11): 1, (5, 12): 1, (5, 13): 1, (5, 15): 1, (5, 16): 1, (5, 17): 1, (6, 8): 1, (6, 13): 1, (6, 14): 1, (7, 9): 1, (7, 11): 1, (7, 13): 1, (7, 14): 1, (7, 16): 23, (7, 17): 29, (8, 9): 1, (8, 10): 44, (8, 11): 1, (8, 12): 1, (8, 14): 1, (9, 11): 1, (9, 12): 1, (9, 13): 37, (9, 15): 53, (9, 18): 1, (10, 11): 46, (10, 16): 1, (10, 17): 1, (10, 18): 12, (11, 12): 22, (11, 13): 1, (11, 14): 39, (11, 15): 1, (11, 16): 1, (11, 17): 1, (12, 13): 1, (12, 14): 94, (12, 15): 1, (12, 18): 1, (13, 15): 87, (13, 18): 1, (14, 15): 2, (14, 17): 1, (15, 17): 1, (16, 17): 127, (16, 18): 1}",3481.8649291992188,445.0,57.0,1251.0
