graph_index,Graph,Adjacency_list,a,d,APG_label_availability,Vertex_labels,Edge_labels,Gurobi_runtime/microseconds,Gurobi_num_vars,Gurobi_num_constrs,Gurobi_nonzero_coefs
1.0,Graph with 12 nodes and 29 edges,"[[0, 1, 0, 0, 0, 0, 0, 0, 0, 0, 0, 1], [1, 0, 0, 1, 0, 1, 0, 0, 0, 0, 0, 1], [0, 0, 0, 1, 1, 0, 0, 0, 0, 1, 1, 0], [0, 1, 1, 0, 0, 0, 1, 0, 1, 1, 1, 1], [0, 0, 1, 0, 0, 1, 0, 1, 0, 0, 0, 1], [0, 1, 0, 0, 1, 0, 1, 1, 1, 1, 1, 0], [0, 0, 0, 1, 0, 1, 0, 1, 1, 0, 0, 1], [0, 0, 0, 0, 1, 1, 1, 0, 0, 0, 1, 0], [0, 0, 0, 1, 0, 1, 1, 0, 0, 1, 1, 0], [0, 0, 1, 1, 0, 1, 0, 0, 1, 0, 1, 0], [0, 0, 1, 1, 0, 1, 0, 1, 1, 1, 0, 0], [1, 1, 0, 1, 1, 0, 1, 0, 0, 0, 0, 0]]",18.0,1.0,Y,"{0: 29, 1: 28, 2: 27, 3: 26, 4: 25, 5: 24, 6: 23, 7: 22, 8: 21, 9: 20, 10: 19, 11: 18}","{(0, 1): 15, (0, 11): 14, (1, 3): 11, (1, 5): 1, (1, 11): 1, (2, 3): 10, (2, 4): 5, (2, 9): 1, (2, 10): 11, (3, 6): 1, (3, 8): 1, (3, 9): 1, (3, 10): 1, (3, 11): 1, (4, 5): 18, (4, 7): 1, (4, 11): 1, (5, 6): 1, (5, 7): 1, (5, 8): 1, (5, 9): 1, (5, 10): 1, (6, 7): 17, (6, 8): 3, (6, 11): 1, (7, 10): 3, (8, 9): 15, (8, 10): 1, (9, 10): 2}",1243.1144714355469,173.0,36.0,490.0
2.0,Graph with 12 nodes and 33 edges,"[[0, 1, 1, 0, 1, 1, 0, 0, 1, 0, 1, 0], [1, 0, 0, 0, 1, 0, 0, 1, 1, 1, 0, 1], [1, 0, 0, 1, 0, 1, 0, 1, 1, 0, 0, 1], [0, 0, 1, 0, 1, 1, 0, 0, 1, 1, 0, 1], [1, 1, 0, 1, 0, 1, 1, 0, 0, 0, 0, 0], [1, 0, 1, 1, 1, 0, 0, 0, 1, 0, 0, 1], [0, 0, 0, 0, 1, 0, 0, 0, 1, 0, 1, 1], [0, 1, 1, 0, 0, 0, 0, 0, 0, 1, 0, 0], [1, 1, 1, 1, 0, 1, 1, 0, 0, 1, 1, 0], [0, 1, 0, 1, 0, 0, 0, 1, 1, 0, 1, 0], [1, 0, 0, 0, 0, 0, 1, 0, 1, 1, 0, 1], [0, 1, 1, 1, 0, 1, 1, 0, 0, 0, 1, 0]]",4.0,1.0,Y,"{0: 15, 1: 14, 2: 13, 3: 12, 4: 11, 5: 10, 6: 4, 7: 9, 8: 8, 9: 7, 10: 5, 11: 6}","{(0, 1): 1, (0, 2): 1, (0, 4): 6, (0, 5): 5, (0, 8): 1, (0, 10): 1, (1, 4): 2, (1, 7): 6, (1, 8): 1, (1, 9): 3, (1, 11): 1, (2, 3): 7, (2, 5): 1, (2, 7): 2, (2, 8): 1, (2, 11): 1, (3, 4): 1, (3, 5): 1, (3, 8): 1, (3, 9): 1, (3, 11): 1, (4, 5): 1, (4, 6): 1, (5, 8): 1, (5, 11): 1, (6, 8): 1, (6, 10): 1, (6, 11): 1, (7, 9): 1, (8, 9): 1, (8, 10): 1, (9, 10): 1, (10, 11): 1}",766.0388946533203,177.0,36.0,498.0
3.0,Graph with 12 nodes and 37 edges,"[[0, 1, 0, 0, 0, 1, 0, 0, 1, 1, 1, 0], [1, 0, 0, 0, 1, 1, 0, 0, 0, 1, 1, 1], [0, 0, 0, 1, 1, 0, 1, 1, 0, 1, 1, 1], [0, 0, 1, 0, 1, 0, 0, 1, 1, 0, 1, 0], [0, 1, 1, 1, 0, 0, 1, 0, 1, 1, 1, 1], [1, 1, 0, 0, 0, 0, 0, 0, 0, 1, 1, 1], [0, 0, 1, 0, 1, 0, 0, 0, 0, 1, 1, 1], [0, 0, 1, 1, 0, 0, 0, 0, 1, 0, 1, 1], [1, 0, 0, 1, 1, 0, 0, 1, 0, 1, 0, 0], [1, 1, 1, 0, 1, 1, 1, 0, 1, 0, 0, 0], [1, 1, 1, 1, 1, 1, 1, 1, 0, 0, 0, 1], [0, 1, 1, 0, 1, 1, 1, 1, 0, 0, 1, 0]]",11.0,7.0,Y,"{0: 18, 1: 25, 2: 32, 3: 39, 4: 46, 5: 53, 6: 60, 7: 67, 8: 74, 9: 81, 10: 88, 11: 11}","{(0, 1): 14, (0, 5): 1, (0, 8): 1, (0, 9): 1, (0, 10): 1, (1, 4): 7, (1, 5): 1, (1, 9): 1, (1, 10): 1, (1, 11): 1, (2, 3): 26, (2, 4): 1, (2, 6): 1, (2, 7): 1, (2, 9): 1, (2, 10): 1, (2, 11): 1, (3, 4): 10, (3, 7): 1, (3, 8): 1, (3, 10): 1, (4, 6): 24, (4, 8): 1, (4, 9): 1, (4, 10): 1, (4, 11): 1, (5, 9): 9, (5, 10): 37, (5, 11): 5, (6, 9): 25, (6, 10): 9, (6, 11): 1, (7, 8): 28, (7, 10): 36, (7, 11): 1, (8, 9): 43, (10, 11): 1}",1776.9336700439453,181.0,36.0,506.0
5.0,Graph with 12 nodes and 28 edges,"[[0, 1, 0, 0, 1, 0, 0, 0, 0, 0, 1, 1], [1, 0, 0, 0, 0, 1, 1, 1, 0, 0, 1, 0], [0, 0, 0, 0, 1, 1, 1, 0, 1, 1, 0, 0], [0, 0, 0, 0, 1, 0, 0, 1, 1, 0, 0, 1], [1, 0, 1, 1, 0, 0, 1, 1, 0, 0, 1, 0], [0, 1, 1, 0, 0, 0, 0, 1, 0, 0, 1, 1], [0, 1, 1, 0, 1, 0, 0, 1, 0, 0, 0, 0], [0, 1, 0, 1, 1, 1, 1, 0, 0, 1, 0, 1], [0, 0, 1, 1, 0, 0, 0, 0, 0, 1, 0, 0], [0, 0, 1, 0, 0, 0, 0, 1, 1, 0, 1, 0], [1, 1, 0, 0, 1, 1, 0, 0, 0, 1, 0, 0], [1, 0, 0, 1, 0, 1, 0, 1, 0, 0, 0, 0]]",18.0,7.0,Y,"{0: 25, 1: 32, 2: 39, 3: 46, 4: 53, 5: 60, 6: 67, 7: 74, 8: 81, 9: 88, 10: 95, 11: 18}","{(0, 1): 22, (0, 4): 1, (0, 10): 1, (0, 11): 1, (1, 5): 7, (1, 6): 1, (1, 7): 1, (1, 10): 1, (2, 4): 35, (2, 5): 1, (2, 6): 1, (2, 8): 1, (2, 9): 1, (3, 4): 2, (3, 7): 1, (3, 8): 42, (3, 11): 1, (4, 6): 11, (4, 7): 3, (4, 10): 1, (5, 7): 3, (5, 10): 44, (5, 11): 5, (6, 7): 54, (7, 9): 1, (7, 11): 11, (8, 9): 38, (9, 10): 48}",1341.8197631835938,172.0,36.0,488.0
6.0,Graph with 12 nodes and 37 edges,"[[0, 1, 0, 0, 0, 1, 0, 1, 0, 1, 1, 1], [1, 0, 0, 1, 1, 1, 0, 1, 1, 1, 1, 1], [0, 0, 0, 1, 0, 1, 1, 1, 0, 1, 1, 0], [0, 1, 1, 0, 0, 1, 0, 1, 1, 0, 0, 0], [0, 1, 0, 0, 0, 1, 1, 1, 0, 1, 0, 0], [1, 1, 1, 1, 1, 0, 1, 1, 0, 0, 1, 0], [0, 0, 1, 0, 1, 1, 0, 1, 1, 1, 1, 1], [1, 1, 1, 1, 1, 1, 1, 0, 1, 0, 0, 0], [0, 1, 0, 1, 0, 0, 1, 1, 0, 0, 1, 0], [1, 1, 1, 0, 1, 0, 1, 0, 0, 0, 0, 0], [1, 1, 1, 0, 0, 1, 1, 0, 1, 0, 0, 0], [1, 1, 0, 0, 0, 0, 1, 0, 0, 0, 0, 0]]",28.0,2.0,Y,"{0: 50, 1: 48, 2: 46, 3: 44, 4: 42, 5: 40, 6: 38, 7: 36, 8: 34, 9: 32, 10: 30, 11: 28}","{(0, 1): 40, (0, 5): 1, (0, 7): 1, (0, 9): 1, (0, 10): 1, (0, 11): 6, (1, 3): 1, (1, 4): 1, (1, 5): 1, (1, 7): 1, (1, 8): 1, (1, 9): 1, (1, 10): 1, (1, 11): 1, (2, 3): 1, (2, 5): 1, (2, 6): 11, (2, 7): 1, (2, 9): 7, (2, 10): 25, (3, 5): 1, (3, 7): 11, (3, 8): 30, (4, 5): 16, (4, 6): 1, (4, 7): 2, (4, 9): 22, (5, 6): 1, (5, 7): 18, (5, 10): 1, (6, 7): 1, (6, 8): 1, (6, 9): 1, (6, 10): 1, (6, 11): 21, (7, 8): 1, (8, 10): 1}",972.9862213134766,181.0,36.0,506.0
6.0,Graph with 12 nodes and 37 edges,"[[0, 1, 0, 0, 0, 1, 0, 1, 0, 1, 1, 1], [1, 0, 0, 1, 1, 1, 0, 1, 1, 1, 1, 1], [0, 0, 0, 1, 0, 1, 1, 1, 0, 1, 1, 0], [0, 1, 1, 0, 0, 1, 0, 1, 1, 0, 0, 0], [0, 1, 0, 0, 0, 1, 1, 1, 0, 1, 0, 0], [1, 1, 1, 1, 1, 0, 1, 1, 0, 0, 1, 0], [0, 0, 1, 0, 1, 1, 0, 1, 1, 1, 1, 1], [1, 1, 1, 1, 1, 1, 1, 0, 1, 0, 0, 0], [0, 1, 0, 1, 0, 0, 1, 1, 0, 0, 1, 0], [1, 1, 1, 0, 1, 0, 1, 0, 0, 0, 0, 0], [1, 1, 1, 0, 0, 1, 1, 0, 1, 0, 0, 0], [1, 1, 0, 0, 0, 0, 1, 0, 0, 0, 0, 0]]",28.0,8.0,Y,"{0: 100, 1: 60, 2: 92, 3: 44, 4: 116, 5: 28, 6: 108, 7: 84, 8: 36, 9: 68, 10: 76, 11: 52}","{(0, 1): 1, (0, 5): 1, (0, 7): 1, (0, 9): 1, (0, 10): 46, (0, 11): 50, (1, 3): 1, (1, 4): 1, (1, 5): 1, (1, 7): 52, (1, 8): 1, (1, 9): 1, (1, 10): 1, (1, 11): 1, (2, 3): 1, (2, 5): 1, (2, 6): 70, (2, 7): 3, (2, 9): 1, (2, 10): 16, (3, 5): 1, (3, 7): 23, (3, 8): 18, (4, 5): 21, (4, 6): 28, (4, 7): 2, (4, 9): 64, (5, 6): 1, (5, 7): 1, (5, 10): 1, (6, 7): 1, (6, 8): 5, (6, 9): 1, (6, 10): 1, (6, 11): 1, (7, 8): 1, (8, 10): 11}",1309.1564178466797,181.0,36.0,506.0
7.0,Graph with 12 nodes and 30 edges,"[[0, 0, 1, 1, 0, 1, 0, 1, 1, 1, 0, 0], [0, 0, 0, 0, 1, 0, 1, 1, 1, 1, 0, 1], [1, 0, 0, 0, 0, 0, 0, 1, 0, 0, 0, 0], [1, 0, 0, 0, 1, 1, 0, 0, 0, 1, 1, 0], [0, 1, 0, 1, 0, 0, 0, 1, 1, 1, 1, 0], [1, 0, 0, 1, 0, 0, 1, 0, 1, 1, 1, 0], [0, 1, 0, 0, 0, 1, 0, 0, 0, 1, 0, 0], [1, 1, 1, 0, 1, 0, 0, 0, 1, 0, 0, 1], [1, 1, 0, 0, 1, 1, 0, 1, 0, 0, 1, 0], [1, 1, 0, 1, 1, 1, 1, 0, 0, 0, 1, 0], [0, 0, 0, 1, 1, 1, 0, 0, 1, 1, 0, 0], [0, 1, 0, 0, 0, 0, 0, 1, 0, 0, 0, 0]]",7.0,2.0,Y,"{0: 9, 1: 11, 2: 13, 3: 15, 4: 17, 5: 19, 6: 21, 7: 23, 8: 25, 9: 27, 10: 29, 11: 7}","{(0, 2): 4, (0, 3): 1, (0, 5): 1, (0, 7): 1, (0, 8): 1, (0, 9): 1, (1, 4): 6, (1, 6): 1, (1, 7): 1, (1, 8): 1, (1, 9): 1, (1, 11): 1, (2, 7): 9, (3, 4): 7, (3, 5): 5, (3, 9): 1, (3, 10): 1, (4, 7): 1, (4, 8): 1, (4, 9): 1, (4, 10): 1, (5, 6): 9, (5, 8): 2, (5, 9): 1, (5, 10): 1, (6, 9): 11, (7, 8): 5, (7, 11): 6, (8, 10): 15, (9, 10): 11}",1343.9655303955078,174.0,36.0,492.0
7.0,Graph with 12 nodes and 30 edges,"[[0, 0, 1, 1, 0, 1, 0, 1, 1, 1, 0, 0], [0, 0, 0, 0, 1, 0, 1, 1, 1, 1, 0, 1], [1, 0, 0, 0, 0, 0, 0, 1, 0, 0, 0, 0], [1, 0, 0, 0, 1, 1, 0, 0, 0, 1, 1, 0], [0, 1, 0, 1, 0, 0, 0, 1, 1, 1, 1, 0], [1, 0, 0, 1, 0, 0, 1, 0, 1, 1, 1, 0], [0, 1, 0, 0, 0, 1, 0, 0, 0, 1, 0, 0], [1, 1, 1, 0, 1, 0, 0, 0, 1, 0, 0, 1], [1, 1, 0, 0, 1, 1, 0, 1, 0, 0, 1, 0], [1, 1, 0, 1, 1, 1, 1, 0, 0, 0, 1, 0], [0, 0, 0, 1, 1, 1, 0, 0, 1, 1, 0, 0], [0, 1, 0, 0, 0, 0, 0, 1, 0, 0, 0, 0]]",29.0,6.0,Y,"{0: 35, 1: 41, 2: 47, 3: 53, 4: 59, 5: 65, 6: 71, 7: 77, 8: 83, 9: 89, 10: 95, 11: 29}","{(0, 2): 30, (0, 3): 1, (0, 5): 1, (0, 7): 1, (0, 8): 1, (0, 9): 1, (1, 4): 36, (1, 6): 1, (1, 7): 1, (1, 8): 1, (1, 9): 1, (1, 11): 1, (2, 7): 17, (3, 4): 19, (3, 5): 31, (3, 9): 1, (3, 10): 1, (4, 7): 1, (4, 8): 1, (4, 9): 1, (4, 10): 1, (5, 6): 29, (5, 8): 2, (5, 9): 1, (5, 10): 1, (6, 9): 41, (7, 8): 29, (7, 11): 28, (8, 10): 49, (9, 10): 43}",1181.1256408691406,174.0,36.0,492.0
10.0,Graph with 12 nodes and 41 edges,"[[0, 0, 1, 1, 1, 0, 1, 1, 1, 1, 0, 1], [0, 0, 0, 1, 1, 0, 0, 0, 1, 1, 1, 0], [1, 0, 0, 0, 0, 1, 0, 1, 0, 0, 0, 1], [1, 1, 0, 0, 1, 1, 1, 1, 1, 1, 0, 1], [1, 1, 0, 1, 0, 1, 1, 1, 0, 1, 0, 0], [0, 0, 1, 1, 1, 0, 0, 1, 0, 0, 1, 1], [1, 0, 0, 1, 1, 0, 0, 1, 1, 1, 0, 1], [1, 0, 1, 1, 1, 1, 1, 0, 1, 1, 1, 0], [1, 1, 0, 1, 0, 0, 1, 1, 0, 1, 0, 1], [1, 1, 0, 1, 1, 0, 1, 1, 1, 0, 1, 1], [0, 1, 0, 0, 0, 1, 0, 1, 0, 1, 0, 0], [1, 0, 1, 1, 0, 1, 1, 0, 1, 1, 0, 0]]",16.0,4.0,Y,"{0: 56, 1: 28, 2: 36, 3: 24, 4: 48, 5: 52, 6: 60, 7: 32, 8: 16, 9: 44, 10: 20, 11: 40}","{(0, 2): 1, (0, 3): 1, (0, 4): 16, (0, 6): 1, (0, 7): 1, (0, 8): 1, (0, 9): 1, (0, 11): 34, (1, 3): 16, (1, 4): 9, (1, 8): 1, (1, 9): 1, (1, 10): 1, (2, 5): 32, (2, 7): 2, (2, 11): 1, (3, 4): 1, (3, 5): 1, (3, 6): 1, (3, 7): 1, (3, 8): 1, (3, 9): 1, (3, 11): 1, (4, 5): 16, (4, 6): 4, (4, 7): 1, (4, 9): 1, (5, 7): 1, (5, 10): 1, (5, 11): 1, (6, 7): 23, (6, 8): 10, (6, 9): 20, (6, 11): 1, (7, 8): 1, (7, 9): 1, (7, 10): 1, (8, 9): 1, (8, 11): 1, (9, 10): 17, (9, 11): 1}",1653.909683227539,185.0,36.0,514.0
13.0,Graph with 12 nodes and 32 edges,"[[0, 0, 0, 1, 1, 0, 1, 0, 0, 0, 0, 1], [0, 0, 1, 0, 0, 0, 1, 0, 0, 1, 1, 1], [0, 1, 0, 1, 1, 1, 0, 1, 0, 0, 0, 0], [1, 0, 1, 0, 1, 1, 1, 1, 1, 0, 0, 1], [1, 0, 1, 1, 0, 1, 1, 0, 1, 1, 0, 0], [0, 0, 1, 1, 1, 0, 1, 0, 0, 0, 0, 1], [1, 1, 0, 1, 1, 1, 0, 0, 1, 0, 1, 1], [0, 0, 1, 1, 0, 0, 0, 0, 0, 0, 0, 1], [0, 0, 0, 1, 1, 0, 1, 0, 0, 1, 1, 0], [0, 1, 0, 0, 1, 0, 0, 0, 1, 0, 0, 0], [0, 1, 0, 0, 0, 0, 1, 0, 1, 0, 0, 1], [1, 1, 0, 1, 0, 1, 1, 1, 0, 0, 1, 0]]",9.0,9.0,Y,"{0: 18, 1: 27, 2: 36, 3: 45, 4: 54, 5: 63, 6: 72, 7: 81, 8: 90, 9: 99, 10: 9, 11: 108}","{(0, 3): 15, (0, 4): 1, (0, 6): 1, (0, 11): 1, (1, 2): 23, (1, 6): 1, (1, 9): 1, (1, 10): 1, (1, 11): 1, (2, 3): 10, (2, 4): 1, (2, 5): 1, (2, 7): 1, (3, 4): 15, (3, 5): 1, (3, 6): 1, (3, 7): 1, (3, 8): 1, (3, 11): 1, (4, 5): 23, (4, 6): 1, (4, 8): 1, (4, 9): 12, (5, 6): 37, (5, 11): 1, (6, 8): 1, (6, 10): 6, (6, 11): 24, (7, 11): 79, (8, 9): 86, (8, 10): 1, (10, 11): 1}",1379.9667358398438,176.0,36.0,496.0
14.0,Graph with 12 nodes and 31 edges,"[[0, 1, 0, 1, 0, 0, 1, 0, 0, 0, 0, 0], [1, 0, 0, 1, 0, 1, 1, 0, 1, 1, 1, 1], [0, 0, 0, 1, 0, 0, 0, 0, 1, 1, 0, 0], [1, 1, 1, 0, 1, 1, 0, 1, 0, 0, 0, 0], [0, 0, 0, 1, 0, 0, 1, 0, 0, 0, 0, 0], [0, 1, 0, 1, 0, 0, 1, 1, 1, 1, 0, 0], [1, 1, 0, 0, 1, 1, 0, 0, 0, 1, 1, 1], [0, 0, 0, 1, 0, 1, 0, 0, 1, 1, 1, 1], [0, 1, 1, 0, 0, 1, 0, 1, 0, 0, 1, 0], [0, 1, 1, 0, 0, 1, 1, 1, 0, 0, 0, 1], [0, 1, 0, 0, 0, 0, 1, 1, 1, 0, 0, 1], [0, 1, 0, 0, 0, 0, 1, 1, 0, 1, 1, 0]]",8.0,7.0,Y,"{0: 15, 1: 22, 2: 29, 3: 36, 4: 43, 5: 50, 6: 57, 7: 64, 8: 71, 9: 78, 10: 85, 11: 8}","{(0, 1): 13, (0, 3): 1, (0, 6): 1, (1, 3): 3, (1, 5): 1, (1, 6): 1, (1, 8): 1, (1, 9): 1, (1, 10): 1, (1, 11): 1, (2, 3): 27, (2, 8): 1, (2, 9): 1, (3, 4): 3, (3, 5): 1, (3, 7): 1, (4, 6): 40, (5, 6): 9, (5, 7): 1, (5, 8): 5, (5, 9): 33, (6, 9): 1, (6, 10): 1, (6, 11): 4, (7, 8): 1, (7, 9): 41, (7, 10): 19, (7, 11): 1, (8, 10): 63, (9, 11): 1, (10, 11): 1}",2013.9217376708984,175.0,36.0,494.0
14.0,Graph with 12 nodes and 31 edges,"[[0, 1, 0, 1, 0, 0, 1, 0, 0, 0, 0, 0], [1, 0, 0, 1, 0, 1, 1, 0, 1, 1, 1, 1], [0, 0, 0, 1, 0, 0, 0, 0, 1, 1, 0, 0], [1, 1, 1, 0, 1, 1, 0, 1, 0, 0, 0, 0], [0, 0, 0, 1, 0, 0, 1, 0, 0, 0, 0, 0], [0, 1, 0, 1, 0, 0, 1, 1, 1, 1, 0, 0], [1, 1, 0, 0, 1, 1, 0, 0, 0, 1, 1, 1], [0, 0, 0, 1, 0, 1, 0, 0, 1, 1, 1, 1], [0, 1, 1, 0, 0, 1, 0, 1, 0, 0, 1, 0], [0, 1, 1, 0, 0, 1, 1, 1, 0, 0, 0, 1], [0, 1, 0, 0, 0, 0, 1, 1, 1, 0, 0, 1], [0, 1, 0, 0, 0, 0, 1, 1, 0, 1, 1, 0]]",15.0,5.0,Y,"{0: 20, 1: 25, 2: 30, 3: 35, 4: 40, 5: 45, 6: 50, 7: 55, 8: 60, 9: 65, 10: 70, 11: 15}","{(0, 1): 18, (0, 3): 1, (0, 6): 1, (1, 3): 1, (1, 5): 1, (1, 6): 1, (1, 8): 1, (1, 9): 1, (1, 10): 1, (1, 11): 1, (2, 3): 28, (2, 8): 1, (2, 9): 1, (3, 4): 3, (3, 5): 1, (3, 7): 1, (4, 6): 37, (5, 6): 1, (5, 7): 12, (5, 8): 1, (5, 9): 29, (6, 9): 1, (6, 10): 1, (6, 11): 8, (7, 8): 1, (7, 9): 32, (7, 10): 8, (7, 11): 1, (8, 10): 56, (9, 11): 1, (10, 11): 4}",1981.0199737548828,175.0,36.0,494.0
14.0,Graph with 12 nodes and 31 edges,"[[0, 1, 0, 1, 0, 0, 1, 0, 0, 0, 0, 0], [1, 0, 0, 1, 0, 1, 1, 0, 1, 1, 1, 1], [0, 0, 0, 1, 0, 0, 0, 0, 1, 1, 0, 0], [1, 1, 1, 0, 1, 1, 0, 1, 0, 0, 0, 0], [0, 0, 0, 1, 0, 0, 1, 0, 0, 0, 0, 0], [0, 1, 0, 1, 0, 0, 1, 1, 1, 1, 0, 0], [1, 1, 0, 0, 1, 1, 0, 0, 0, 1, 1, 1], [0, 0, 0, 1, 0, 1, 0, 0, 1, 1, 1, 1], [0, 1, 1, 0, 0, 1, 0, 1, 0, 0, 1, 0], [0, 1, 1, 0, 0, 1, 1, 1, 0, 0, 0, 1], [0, 1, 0, 0, 0, 0, 1, 1, 1, 0, 0, 1], [0, 1, 0, 0, 0, 0, 1, 1, 0, 1, 1, 0]]",20.0,1.0,Y,"{0: 22, 1: 29, 2: 31, 3: 20, 4: 24, 5: 28, 6: 21, 7: 26, 8: 30, 9: 23, 10: 25, 11: 27}","{(0, 1): 19, (0, 3): 2, (0, 6): 1, (1, 3): 1, (1, 5): 4, (1, 6): 1, (1, 8): 1, (1, 9): 1, (1, 10): 1, (1, 11): 1, (2, 3): 4, (2, 8): 16, (2, 9): 11, (3, 4): 9, (3, 5): 3, (3, 7): 1, (4, 6): 15, (5, 6): 1, (5, 7): 13, (5, 8): 4, (5, 9): 3, (6, 9): 1, (6, 10): 1, (6, 11): 1, (7, 8): 7, (7, 9): 3, (7, 10): 1, (7, 11): 1, (8, 10): 2, (9, 11): 4, (10, 11): 20}",89.88380432128906,175.0,36.0,494.0
14.0,Graph with 12 nodes and 31 edges,"[[0, 1, 0, 1, 0, 0, 1, 0, 0, 0, 0, 0], [1, 0, 0, 1, 0, 1, 1, 0, 1, 1, 1, 1], [0, 0, 0, 1, 0, 0, 0, 0, 1, 1, 0, 0], [1, 1, 1, 0, 1, 1, 0, 1, 0, 0, 0, 0], [0, 0, 0, 1, 0, 0, 1, 0, 0, 0, 0, 0], [0, 1, 0, 1, 0, 0, 1, 1, 1, 1, 0, 0], [1, 1, 0, 0, 1, 1, 0, 0, 0, 1, 1, 1], [0, 0, 0, 1, 0, 1, 0, 0, 1, 1, 1, 1], [0, 1, 1, 0, 0, 1, 0, 1, 0, 0, 1, 0], [0, 1, 1, 0, 0, 1, 1, 1, 0, 0, 0, 1], [0, 1, 0, 0, 0, 0, 1, 1, 1, 0, 0, 1], [0, 1, 0, 0, 0, 0, 1, 1, 0, 1, 1, 0]]",21.0,1.0,Y,"{0: 31, 1: 24, 2: 32, 3: 23, 4: 22, 5: 25, 6: 26, 7: 27, 8: 29, 9: 21, 10: 28, 11: 30}","{(0, 1): 14, (0, 3): 16, (0, 6): 1, (1, 3): 2, (1, 5): 1, (1, 6): 1, (1, 8): 1, (1, 9): 1, (1, 10): 1, (1, 11): 3, (2, 3): 1, (2, 8): 21, (2, 9): 10, (3, 4): 2, (3, 5): 1, (3, 7): 1, (4, 6): 20, (5, 6): 1, (5, 7): 16, (5, 8): 5, (5, 9): 1, (6, 9): 1, (6, 10): 1, (6, 11): 1, (7, 8): 1, (7, 9): 7, (7, 10): 1, (7, 11): 1, (8, 10): 1, (9, 11): 1, (10, 11): 24}",1710.8917236328125,175.0,36.0,494.0
14.0,Graph with 12 nodes and 31 edges,"[[0, 1, 0, 1, 0, 0, 1, 0, 0, 0, 0, 0], [1, 0, 0, 1, 0, 1, 1, 0, 1, 1, 1, 1], [0, 0, 0, 1, 0, 0, 0, 0, 1, 1, 0, 0], [1, 1, 1, 0, 1, 1, 0, 1, 0, 0, 0, 0], [0, 0, 0, 1, 0, 0, 1, 0, 0, 0, 0, 0], [0, 1, 0, 1, 0, 0, 1, 1, 1, 1, 0, 0], [1, 1, 0, 0, 1, 1, 0, 0, 0, 1, 1, 1], [0, 0, 0, 1, 0, 1, 0, 0, 1, 1, 1, 1], [0, 1, 1, 0, 0, 1, 0, 1, 0, 0, 1, 0], [0, 1, 1, 0, 0, 1, 1, 1, 0, 0, 0, 1], [0, 1, 0, 0, 0, 0, 1, 1, 1, 0, 0, 1], [0, 1, 0, 0, 0, 0, 1, 1, 0, 1, 1, 0]]",26.0,9.0,Y,"{0: 35, 1: 44, 2: 53, 3: 62, 4: 71, 5: 80, 6: 89, 7: 98, 8: 107, 9: 116, 10: 125, 11: 26}","{(0, 1): 33, (0, 3): 1, (0, 6): 1, (1, 3): 5, (1, 5): 1, (1, 6): 1, (1, 8): 1, (1, 9): 1, (1, 10): 1, (1, 11): 1, (2, 3): 51, (2, 8): 1, (2, 9): 1, (3, 4): 3, (3, 5): 1, (3, 7): 1, (4, 6): 68, (5, 6): 1, (5, 7): 1, (5, 8): 23, (5, 9): 53, (6, 9): 1, (6, 10): 1, (6, 11): 16, (7, 8): 1, (7, 9): 59, (7, 10): 35, (7, 11): 1, (8, 10): 81, (9, 11): 1, (10, 11): 7}",1516.103744506836,175.0,36.0,494.0
15.0,Graph with 12 nodes and 36 edges,"[[0, 1, 1, 1, 0, 1, 1, 1, 0, 0, 0, 0], [1, 0, 0, 1, 1, 1, 1, 0, 1, 1, 1, 0], [1, 0, 0, 1, 0, 1, 1, 0, 1, 0, 0, 0], [1, 1, 1, 0, 1, 1, 0, 1, 1, 0, 0, 1], [0, 1, 0, 1, 0, 0, 1, 0, 1, 0, 1, 0], [1, 1, 1, 1, 0, 0, 0, 1, 1, 0, 1, 0], [1, 1, 1, 0, 1, 0, 0, 1, 1, 1, 0, 1], [1, 0, 0, 1, 0, 1, 1, 0, 1, 0, 0, 1], [0, 1, 1, 1, 1, 1, 1, 1, 0, 0, 1, 0], [0, 1, 0, 0, 0, 0, 1, 0, 0, 0, 0, 0], [0, 1, 0, 0, 1, 1, 0, 0, 1, 0, 0, 1], [0, 0, 0, 1, 0, 0, 1, 1, 0, 0, 1, 0]]",10.0,5.0,Y,"{0: 15, 1: 20, 2: 25, 3: 30, 4: 35, 5: 40, 6: 45, 7: 50, 8: 55, 9: 10, 10: 60, 11: 65}","{(0, 1): 10, (0, 2): 1, (0, 3): 1, (0, 5): 1, (0, 6): 1, (0, 7): 1, (1, 3): 4, (1, 4): 1, (1, 5): 1, (1, 6): 1, (1, 8): 1, (1, 9): 1, (1, 10): 1, (2, 3): 20, (2, 5): 1, (2, 6): 1, (2, 8): 2, (3, 4): 1, (3, 5): 1, (3, 7): 1, (3, 8): 1, (3, 11): 1, (4, 6): 10, (4, 8): 22, (4, 10): 1, (5, 7): 1, (5, 8): 1, (5, 10): 34, (6, 7): 1, (6, 8): 4, (6, 9): 9, (6, 11): 18, (7, 8): 1, (7, 11): 45, (8, 10): 23, (10, 11): 1}",1757.8601837158203,180.0,36.0,504.0
15.0,Graph with 12 nodes and 36 edges,"[[0, 1, 1, 1, 0, 1, 1, 1, 0, 0, 0, 0], [1, 0, 0, 1, 1, 1, 1, 0, 1, 1, 1, 0], [1, 0, 0, 1, 0, 1, 1, 0, 1, 0, 0, 0], [1, 1, 1, 0, 1, 1, 0, 1, 1, 0, 0, 1], [0, 1, 0, 1, 0, 0, 1, 0, 1, 0, 1, 0], [1, 1, 1, 1, 0, 0, 0, 1, 1, 0, 1, 0], [1, 1, 1, 0, 1, 0, 0, 1, 1, 1, 0, 1], [1, 0, 0, 1, 0, 1, 1, 0, 1, 0, 0, 1], [0, 1, 1, 1, 1, 1, 1, 1, 0, 0, 1, 0], [0, 1, 0, 0, 0, 0, 1, 0, 0, 0, 0, 0], [0, 1, 0, 0, 1, 1, 0, 0, 1, 0, 0, 1], [0, 0, 0, 1, 0, 0, 1, 1, 0, 0, 1, 0]]",13.0,9.0,Y,"{0: 103, 1: 76, 2: 49, 3: 94, 4: 40, 5: 112, 6: 67, 7: 22, 8: 31, 9: 85, 10: 58, 11: 13}","{(0, 1): 1, (0, 2): 45, (0, 3): 4, (0, 5): 7, (0, 6): 45, (0, 7): 1, (1, 3): 1, (1, 4): 1, (1, 5): 1, (1, 6): 1, (1, 8): 1, (1, 9): 69, (1, 10): 1, (2, 3): 1, (2, 5): 1, (2, 6): 1, (2, 8): 1, (3, 4): 1, (3, 5): 65, (3, 7): 17, (3, 8): 1, (3, 11): 4, (4, 6): 1, (4, 8): 1, (4, 10): 36, (5, 7): 1, (5, 8): 24, (5, 10): 13, (6, 7): 1, (6, 8): 1, (6, 9): 16, (6, 11): 1, (7, 8): 1, (7, 11): 1, (8, 10): 1, (10, 11): 7}",1805.0670623779297,180.0,36.0,504.0
15.0,Graph with 12 nodes and 36 edges,"[[0, 1, 1, 1, 0, 1, 1, 1, 0, 0, 0, 0], [1, 0, 0, 1, 1, 1, 1, 0, 1, 1, 1, 0], [1, 0, 0, 1, 0, 1, 1, 0, 1, 0, 0, 0], [1, 1, 1, 0, 1, 1, 0, 1, 1, 0, 0, 1], [0, 1, 0, 1, 0, 0, 1, 0, 1, 0, 1, 0], [1, 1, 1, 1, 0, 0, 0, 1, 1, 0, 1, 0], [1, 1, 1, 0, 1, 0, 0, 1, 1, 1, 0, 1], [1, 0, 0, 1, 0, 1, 1, 0, 1, 0, 0, 1], [0, 1, 1, 1, 1, 1, 1, 1, 0, 0, 1, 0], [0, 1, 0, 0, 0, 0, 1, 0, 0, 0, 0, 0], [0, 1, 0, 0, 1, 1, 0, 0, 1, 0, 0, 1], [0, 0, 0, 1, 0, 0, 1, 1, 0, 0, 1, 0]]",20.0,1.0,Y,"{0: 22, 1: 30, 2: 21, 3: 20, 4: 24, 5: 28, 6: 26, 7: 31, 8: 29, 9: 23, 10: 27, 11: 25}","{(0, 1): 1, (0, 2): 4, (0, 3): 1, (0, 5): 5, (0, 6): 1, (0, 7): 10, (1, 3): 1, (1, 4): 3, (1, 5): 1, (1, 6): 2, (1, 8): 1, (1, 9): 20, (1, 10): 1, (2, 3): 2, (2, 5): 3, (2, 6): 5, (2, 8): 7, (3, 4): 1, (3, 5): 1, (3, 7): 1, (3, 8): 1, (3, 11): 12, (4, 6): 4, (4, 8): 13, (4, 10): 3, (5, 7): 7, (5, 8): 1, (5, 10): 10, (6, 7): 9, (6, 8): 1, (6, 9): 3, (6, 11): 1, (7, 8): 1, (7, 11): 3, (8, 10): 4, (10, 11): 9}",117.77877807617188,180.0,36.0,504.0
18.0,Graph with 12 nodes and 29 edges,"[[0, 0, 0, 0, 0, 0, 0, 1, 0, 0, 1, 1], [0, 0, 1, 1, 0, 0, 0, 0, 0, 1, 1, 1], [0, 1, 0, 0, 0, 1, 1, 0, 1, 0, 1, 0], [0, 1, 0, 0, 1, 0, 0, 1, 0, 0, 1, 0], [0, 0, 0, 1, 0, 0, 0, 1, 0, 1, 1, 1], [0, 0, 1, 0, 0, 0, 0, 0, 0, 0, 0, 1], [0, 0, 1, 0, 0, 0, 0, 0, 1, 1, 1, 1], [1, 0, 0, 1, 1, 0, 0, 0, 1, 1, 0, 0], [0, 0, 1, 0, 0, 0, 1, 1, 0, 0, 0, 0], [0, 1, 0, 0, 1, 0, 1, 1, 0, 0, 1, 1], [1, 1, 1, 1, 1, 0, 1, 0, 0, 1, 0, 1], [1, 1, 0, 0, 1, 1, 1, 0, 0, 1, 1, 0]]",12.0,1.0,Y,"{0: 14, 1: 16, 2: 13, 3: 17, 4: 22, 5: 12, 6: 18, 7: 23, 8: 20, 9: 15, 10: 21, 11: 19}","{(0, 7): 9, (0, 10): 4, (0, 11): 1, (1, 2): 4, (1, 3): 6, (1, 9): 1, (1, 10): 2, (1, 11): 3, (2, 5): 1, (2, 6): 2, (2, 8): 5, (2, 10): 1, (3, 4): 9, (3, 7): 1, (3, 10): 1, (4, 7): 1, (4, 9): 3, (4, 10): 8, (4, 11): 1, (5, 11): 11, (6, 8): 4, (6, 9): 8, (6, 10): 3, (6, 11): 1, (7, 8): 11, (7, 9): 1, (9, 10): 1, (9, 11): 1, (10, 11): 1}",76.05552673339844,173.0,36.0,490.0
18.0,Graph with 12 nodes and 29 edges,"[[0, 0, 0, 0, 0, 0, 0, 1, 0, 0, 1, 1], [0, 0, 1, 1, 0, 0, 0, 0, 0, 1, 1, 1], [0, 1, 0, 0, 0, 1, 1, 0, 1, 0, 1, 0], [0, 1, 0, 0, 1, 0, 0, 1, 0, 0, 1, 0], [0, 0, 0, 1, 0, 0, 0, 1, 0, 1, 1, 1], [0, 0, 1, 0, 0, 0, 0, 0, 0, 0, 0, 1], [0, 0, 1, 0, 0, 0, 0, 0, 1, 1, 1, 1], [1, 0, 0, 1, 1, 0, 0, 0, 1, 1, 0, 0], [0, 0, 1, 0, 0, 0, 1, 1, 0, 0, 0, 0], [0, 1, 0, 0, 1, 0, 1, 1, 0, 0, 1, 1], [1, 1, 1, 1, 1, 0, 1, 0, 0, 1, 0, 1], [1, 1, 0, 0, 1, 1, 1, 0, 0, 1, 1, 0]]",14.0,5.0,Y,"{0: 69, 1: 39, 2: 59, 3: 34, 4: 19, 5: 24, 6: 49, 7: 64, 8: 14, 9: 44, 10: 29, 11: 54}","{(0, 7): 59, (0, 10): 1, (0, 11): 9, (1, 2): 1, (1, 3): 19, (1, 9): 17, (1, 10): 1, (1, 11): 1, (2, 5): 1, (2, 6): 45, (2, 8): 11, (2, 10): 1, (3, 4): 1, (3, 7): 1, (3, 10): 13, (4, 7): 1, (4, 9): 6, (4, 10): 10, (4, 11): 1, (5, 11): 23, (6, 8): 1, (6, 9): 1, (6, 10): 1, (6, 11): 1, (7, 8): 2, (7, 9): 1, (9, 10): 1, (9, 11): 18, (10, 11): 1}",2167.940139770508,173.0,36.0,490.0
19.0,Graph with 12 nodes and 29 edges,"[[0, 1, 0, 1, 1, 1, 0, 0, 0, 1, 0, 0], [1, 0, 1, 0, 0, 0, 0, 0, 1, 0, 0, 1], [0, 1, 0, 0, 1, 0, 0, 0, 0, 1, 1, 1], [1, 0, 0, 0, 0, 1, 1, 1, 0, 0, 0, 1], [1, 0, 1, 0, 0, 0, 0, 1, 1, 1, 0, 0], [1, 0, 0, 1, 0, 0, 0, 0, 1, 0, 1, 0], [0, 0, 0, 1, 0, 0, 0, 1, 0, 1, 1, 1], [0, 0, 0, 1, 1, 0, 1, 0, 0, 1, 0, 1], [0, 1, 0, 0, 1, 1, 0, 0, 0, 0, 1, 0], [1, 0, 1, 0, 1, 0, 1, 1, 0, 0, 0, 1], [0, 0, 1, 0, 0, 1, 1, 0, 1, 0, 0, 0], [0, 1, 1, 1, 0, 0, 1, 1, 0, 1, 0, 0]]",24.0,2.0,Y,"{0: 28, 1: 32, 2: 34, 3: 24, 4: 26, 5: 40, 6: 36, 7: 46, 8: 44, 9: 30, 10: 42, 11: 38}","{(0, 1): 4, (0, 3): 1, (0, 4): 1, (0, 5): 21, (0, 9): 1, (1, 2): 20, (1, 8): 1, (1, 11): 7, (2, 4): 1, (2, 9): 11, (2, 10): 1, (2, 11): 1, (3, 5): 10, (3, 6): 1, (3, 7): 1, (3, 11): 11, (4, 7): 1, (4, 8): 22, (4, 9): 1, (5, 8): 1, (5, 10): 8, (6, 7): 20, (6, 9): 1, (6, 10): 13, (6, 11): 1, (7, 9): 11, (7, 11): 13, (8, 10): 20, (9, 11): 5}",65.08827209472656,173.0,36.0,490.0
19.0,Graph with 12 nodes and 29 edges,"[[0, 1, 0, 1, 1, 1, 0, 0, 0, 1, 0, 0], [1, 0, 1, 0, 0, 0, 0, 0, 1, 0, 0, 1], [0, 1, 0, 0, 1, 0, 0, 0, 0, 1, 1, 1], [1, 0, 0, 0, 0, 1, 1, 1, 0, 0, 0, 1], [1, 0, 1, 0, 0, 0, 0, 1, 1, 1, 0, 0], [1, 0, 0, 1, 0, 0, 0, 0, 1, 0, 1, 0], [0, 0, 0, 1, 0, 0, 0, 1, 0, 1, 1, 1], [0, 0, 0, 1, 1, 0, 1, 0, 0, 1, 0, 1], [0, 1, 0, 0, 1, 1, 0, 0, 0, 0, 1, 0], [1, 0, 1, 0, 1, 0, 1, 1, 0, 0, 0, 1], [0, 0, 1, 0, 0, 1, 1, 0, 1, 0, 0, 0], [0, 1, 1, 1, 0, 0, 1, 1, 0, 1, 0, 0]]",24.0,4.0,Y,"{0: 28, 1: 36, 2: 40, 3: 44, 4: 48, 5: 52, 6: 24, 7: 56, 8: 60, 9: 64, 10: 32, 11: 68}","{(0, 1): 1, (0, 3): 1, (0, 4): 1, (0, 5): 1, (0, 9): 24, (1, 2): 1, (1, 8): 1, (1, 11): 33, (2, 4): 1, (2, 9): 1, (2, 10): 6, (2, 11): 31, (3, 5): 1, (3, 6): 1, (3, 7): 40, (3, 11): 1, (4, 7): 9, (4, 8): 1, (4, 9): 36, (5, 8): 49, (5, 10): 1, (6, 7): 5, (6, 9): 1, (6, 10): 16, (6, 11): 1, (7, 9): 1, (7, 11): 1, (8, 10): 9, (9, 11): 1}",818.9678192138672,173.0,36.0,490.0
21.0,Graph with 12 nodes and 25 edges,"[[0, 0, 0, 1, 1, 1, 0, 0, 1, 0, 0, 0], [0, 0, 0, 0, 0, 1, 0, 0, 1, 0, 0, 0], [0, 0, 0, 0, 1, 0, 0, 0, 0, 0, 0, 1], [1, 0, 0, 0, 1, 0, 0, 0, 1, 1, 0, 0], [1, 0, 1, 1, 0, 1, 0, 1, 0, 1, 1, 1], [1, 1, 0, 0, 1, 0, 1, 1, 0, 1, 0, 0], [0, 0, 0, 0, 0, 1, 0, 0, 1, 1, 0, 1], [0, 0, 0, 0, 1, 1, 0, 0, 0, 1, 0, 0], [1, 1, 0, 1, 0, 0, 1, 0, 0, 0, 0, 0], [0, 0, 0, 1, 1, 1, 1, 1, 0, 0, 1, 0], [0, 0, 0, 0, 1, 0, 0, 0, 0, 1, 0, 1], [0, 0, 1, 0, 1, 0, 1, 0, 0, 0, 1, 0]]",10.0,3.0,Y,"{0: 13, 1: 16, 2: 19, 3: 22, 4: 25, 5: 28, 6: 31, 7: 34, 8: 37, 9: 40, 10: 10, 11: 43}","{(0, 3): 2, (0, 4): 1, (0, 5): 8, (0, 8): 2, (1, 5): 2, (1, 8): 14, (2, 4): 1, (2, 11): 18, (3, 4): 1, (3, 8): 13, (3, 9): 6, (4, 5): 1, (4, 7): 7, (4, 9): 12, (4, 10): 1, (4, 11): 1, (5, 6): 5, (5, 7): 10, (5, 9): 2, (6, 8): 8, (6, 9): 2, (6, 11): 16, (7, 9): 17, (9, 10): 1, (10, 11): 8}",1123.9051818847656,169.0,36.0,482.0
22.0,Graph with 12 nodes and 32 edges,"[[0, 0, 1, 1, 0, 0, 1, 0, 1, 1, 1, 1], [0, 0, 1, 0, 0, 1, 0, 0, 1, 0, 0, 0], [1, 1, 0, 0, 1, 0, 0, 1, 1, 1, 0, 1], [1, 0, 0, 0, 1, 1, 1, 0, 1, 0, 1, 1], [0, 0, 1, 1, 0, 0, 0, 1, 1, 1, 1, 0], [0, 1, 0, 1, 0, 0, 0, 0, 1, 0, 0, 1], [1, 0, 0, 1, 0, 0, 0, 0, 1, 1, 0, 1], [0, 0, 1, 0, 1, 0, 0, 0, 0, 1, 1, 0], [1, 1, 1, 1, 1, 1, 1, 0, 0, 0, 0, 0], [1, 0, 1, 0, 1, 0, 1, 1, 0, 0, 0, 0], [1, 0, 0, 1, 1, 0, 0, 1, 0, 0, 0, 0], [1, 0, 1, 1, 0, 1, 1, 0, 0, 0, 0, 0]]",16.0,9.0,Y,"{0: 97, 1: 52, 2: 115, 3: 70, 4: 16, 5: 34, 6: 25, 7: 106, 8: 43, 9: 88, 10: 61, 11: 79}","{(0, 2): 1, (0, 3): 1, (0, 6): 1, (0, 8): 31, (0, 9): 14, (0, 10): 1, (0, 11): 48, (1, 2): 47, (1, 5): 4, (1, 8): 1, (2, 4): 1, (2, 7): 63, (2, 8): 1, (2, 9): 1, (2, 11): 1, (3, 4): 1, (3, 5): 1, (3, 6): 1, (3, 8): 7, (3, 10): 58, (3, 11): 1, (4, 7): 1, (4, 8): 1, (4, 9): 11, (4, 10): 1, (5, 8): 1, (5, 11): 28, (6, 8): 1, (6, 9): 21, (6, 11): 1, (7, 9): 41, (7, 10): 1}",2149.820327758789,176.0,36.0,496.0
24.0,Graph with 12 nodes and 27 edges,"[[0, 1, 0, 1, 0, 1, 0, 0, 1, 1, 0, 0], [1, 0, 0, 0, 0, 0, 1, 1, 1, 0, 0, 1], [0, 0, 0, 0, 0, 0, 0, 1, 0, 1, 0, 0], [1, 0, 0, 0, 1, 0, 0, 1, 0, 0, 1, 1], [0, 0, 0, 1, 0, 0, 0, 0, 1, 1, 0, 0], [1, 0, 0, 0, 0, 0, 0, 1, 1, 0, 0, 1], [0, 1, 0, 0, 0, 0, 0, 0, 0, 1, 0, 0], [0, 1, 1, 1, 0, 1, 0, 0, 1, 0, 0, 1], [1, 1, 0, 0, 1, 1, 0, 1, 0, 1, 1, 1], [1, 0, 1, 0, 1, 0, 1, 0, 1, 0, 0, 1], [0, 0, 0, 1, 0, 0, 0, 0, 1, 0, 0, 0], [0, 1, 0, 1, 0, 1, 0, 1, 1, 1, 0, 0]]",20.0,1.0,Y,"{0: 31, 1: 25, 2: 24, 3: 30, 4: 21, 5: 26, 6: 27, 7: 29, 8: 28, 9: 23, 10: 20, 11: 22}","{(0, 1): 5, (0, 3): 1, (0, 5): 23, (0, 8): 1, (0, 9): 1, (1, 6): 9, (1, 7): 1, (1, 8): 1, (1, 11): 9, (2, 7): 23, (2, 9): 1, (3, 4): 18, (3, 7): 1, (3, 10): 1, (3, 11): 9, (4, 8): 2, (4, 9): 1, (5, 7): 1, (5, 8): 1, (5, 11): 1, (6, 9): 18, (7, 8): 2, (7, 11): 1, (8, 9): 1, (8, 10): 19, (8, 11): 1, (9, 11): 1}",2841.949462890625,171.0,36.0,486.0
24.0,Graph with 12 nodes and 27 edges,"[[0, 1, 0, 1, 0, 1, 0, 0, 1, 1, 0, 0], [1, 0, 0, 0, 0, 0, 1, 1, 1, 0, 0, 1], [0, 0, 0, 0, 0, 0, 0, 1, 0, 1, 0, 0], [1, 0, 0, 0, 1, 0, 0, 1, 0, 0, 1, 1], [0, 0, 0, 1, 0, 0, 0, 0, 1, 1, 0, 0], [1, 0, 0, 0, 0, 0, 0, 1, 1, 0, 0, 1], [0, 1, 0, 0, 0, 0, 0, 0, 0, 1, 0, 0], [0, 1, 1, 1, 0, 1, 0, 0, 1, 0, 0, 1], [1, 1, 0, 0, 1, 1, 0, 1, 0, 1, 1, 1], [1, 0, 1, 0, 1, 0, 1, 0, 1, 0, 0, 1], [0, 0, 0, 1, 0, 0, 0, 0, 1, 0, 0, 0], [0, 1, 0, 1, 0, 1, 0, 1, 1, 1, 0, 0]]",28.0,9.0,Y,"{0: 37, 1: 46, 2: 55, 3: 64, 4: 73, 5: 82, 6: 91, 7: 100, 8: 109, 9: 118, 10: 28, 11: 127}","{(0, 1): 2, (0, 3): 1, (0, 5): 32, (0, 8): 1, (0, 9): 1, (1, 6): 41, (1, 7): 1, (1, 8): 1, (1, 11): 1, (2, 7): 48, (2, 9): 7, (3, 4): 34, (3, 7): 1, (3, 10): 27, (3, 11): 1, (4, 8): 38, (4, 9): 1, (5, 7): 48, (5, 8): 1, (5, 11): 1, (6, 9): 50, (7, 8): 1, (7, 11): 1, (8, 9): 1, (8, 10): 1, (8, 11): 65, (9, 11): 58}",1431.9419860839844,171.0,36.0,486.0
26.0,Graph with 12 nodes and 33 edges,"[[0, 0, 0, 1, 0, 0, 1, 0, 0, 0, 1, 0], [0, 0, 0, 0, 0, 1, 1, 0, 0, 0, 0, 1], [0, 0, 0, 1, 0, 1, 0, 1, 1, 0, 0, 0], [1, 0, 1, 0, 0, 1, 1, 0, 0, 1, 1, 0], [0, 0, 0, 0, 0, 1, 1, 0, 1, 1, 0, 0], [0, 1, 1, 1, 1, 0, 1, 0, 0, 1, 1, 1], [1, 1, 0, 1, 1, 1, 0, 0, 1, 1, 1, 1], [0, 0, 1, 0, 0, 0, 0, 0, 1, 0, 1, 0], [0, 0, 1, 0, 1, 0, 1, 1, 0, 1, 1, 0], [0, 0, 0, 1, 1, 1, 1, 0, 1, 0, 1, 1], [1, 0, 0, 1, 0, 1, 1, 1, 1, 1, 0, 1], [0, 1, 0, 0, 0, 1, 1, 0, 0, 1, 1, 0]]",25.0,1.0,Y,"{0: 25, 1: 28, 2: 27, 3: 32, 4: 29, 5: 30, 6: 31, 7: 26, 8: 34, 9: 36, 10: 35, 11: 33}","{(0, 3): 1, (0, 6): 23, (0, 10): 1, (1, 5): 1, (1, 6): 1, (1, 11): 26, (2, 3): 1, (2, 5): 20, (2, 7): 1, (2, 8): 5, (3, 5): 1, (3, 6): 1, (3, 9): 2, (3, 10): 26, (4, 5): 1, (4, 6): 1, (4, 8): 1, (4, 9): 26, (5, 6): 1, (5, 9): 1, (5, 10): 1, (5, 11): 4, (6, 8): 1, (6, 9): 1, (6, 10): 1, (6, 11): 1, (7, 8): 22, (7, 10): 3, (8, 9): 4, (8, 10): 1, (9, 10): 1, (9, 11): 1, (10, 11): 1}",1109.1232299804688,177.0,36.0,498.0
27.0,Graph with 12 nodes and 29 edges,"[[0, 1, 0, 1, 0, 0, 1, 0, 0, 0, 0, 0], [1, 0, 1, 0, 0, 1, 1, 0, 1, 0, 0, 0], [0, 1, 0, 0, 0, 0, 0, 0, 0, 0, 1, 0], [1, 0, 0, 0, 1, 0, 1, 0, 1, 0, 1, 1], [0, 0, 0, 1, 0, 1, 1, 0, 1, 0, 1, 0], [0, 1, 0, 0, 1, 0, 0, 0, 1, 1, 1, 1], [1, 1, 0, 1, 1, 0, 0, 0, 1, 1, 0, 1], [0, 0, 0, 0, 0, 0, 0, 0, 1, 0, 0, 1], [0, 1, 0, 1, 1, 1, 1, 1, 0, 0, 1, 1], [0, 0, 0, 0, 0, 1, 1, 0, 0, 0, 0, 1], [0, 0, 1, 1, 1, 1, 0, 0, 1, 0, 0, 0], [0, 0, 0, 1, 0, 1, 1, 1, 1, 1, 0, 0]]",9.0,3.0,Y,"{0: 12, 1: 15, 2: 18, 3: 21, 4: 24, 5: 27, 6: 30, 7: 33, 8: 36, 9: 39, 10: 42, 11: 9}","{(0, 1): 10, (0, 3): 1, (0, 6): 1, (1, 2): 1, (1, 5): 2, (1, 6): 1, (1, 8): 1, (2, 10): 17, (3, 4): 7, (3, 6): 1, (3, 8): 1, (3, 10): 10, (3, 11): 1, (4, 5): 4, (4, 6): 2, (4, 8): 1, (4, 10): 10, (5, 8): 1, (5, 9): 15, (5, 10): 4, (5, 11): 1, (6, 8): 1, (6, 9): 23, (6, 11): 1, (7, 8): 29, (7, 11): 4, (8, 10): 1, (8, 11): 1, (9, 11): 1}",1260.995864868164,173.0,36.0,490.0
27.0,Graph with 12 nodes and 29 edges,"[[0, 1, 0, 1, 0, 0, 1, 0, 0, 0, 0, 0], [1, 0, 1, 0, 0, 1, 1, 0, 1, 0, 0, 0], [0, 1, 0, 0, 0, 0, 0, 0, 0, 0, 1, 0], [1, 0, 0, 0, 1, 0, 1, 0, 1, 0, 1, 1], [0, 0, 0, 1, 0, 1, 1, 0, 1, 0, 1, 0], [0, 1, 0, 0, 1, 0, 0, 0, 1, 1, 1, 1], [1, 1, 0, 1, 1, 0, 0, 0, 1, 1, 0, 1], [0, 0, 0, 0, 0, 0, 0, 0, 1, 0, 0, 1], [0, 1, 0, 1, 1, 1, 1, 1, 0, 0, 1, 1], [0, 0, 0, 0, 0, 1, 1, 0, 0, 0, 0, 1], [0, 0, 1, 1, 1, 1, 0, 0, 1, 0, 0, 0], [0, 0, 0, 1, 0, 1, 1, 1, 1, 1, 0, 0]]",17.0,1.0,Y,"{0: 19, 1: 21, 2: 28, 3: 22, 4: 27, 5: 25, 6: 23, 7: 17, 8: 18, 9: 20, 10: 26, 11: 24}","{(0, 1): 5, (0, 3): 4, (0, 6): 10, (1, 2): 12, (1, 5): 2, (1, 6): 1, (1, 8): 1, (2, 10): 16, (3, 4): 11, (3, 6): 1, (3, 8): 1, (3, 10): 4, (3, 11): 1, (4, 5): 10, (4, 6): 4, (4, 8): 1, (4, 10): 1, (5, 8): 3, (5, 9): 7, (5, 10): 1, (5, 11): 2, (6, 8): 1, (6, 9): 5, (6, 11): 1, (7, 8): 6, (7, 11): 11, (8, 10): 4, (8, 11): 1, (9, 11): 8}",122.78556823730469,173.0,36.0,490.0
27.0,Graph with 12 nodes and 29 edges,"[[0, 1, 0, 1, 0, 0, 1, 0, 0, 0, 0, 0], [1, 0, 1, 0, 0, 1, 1, 0, 1, 0, 0, 0], [0, 1, 0, 0, 0, 0, 0, 0, 0, 0, 1, 0], [1, 0, 0, 0, 1, 0, 1, 0, 1, 0, 1, 1], [0, 0, 0, 1, 0, 1, 1, 0, 1, 0, 1, 0], [0, 1, 0, 0, 1, 0, 0, 0, 1, 1, 1, 1], [1, 1, 0, 1, 1, 0, 0, 0, 1, 1, 0, 1], [0, 0, 0, 0, 0, 0, 0, 0, 1, 0, 0, 1], [0, 1, 0, 1, 1, 1, 1, 1, 0, 0, 1, 1], [0, 0, 0, 0, 0, 1, 1, 0, 0, 0, 0, 1], [0, 0, 1, 1, 1, 1, 0, 0, 1, 0, 0, 0], [0, 0, 0, 1, 0, 1, 1, 1, 1, 1, 0, 0]]",27.0,9.0,Y,"{0: 117, 1: 90, 2: 63, 3: 108, 4: 54, 5: 99, 6: 81, 7: 27, 8: 36, 9: 72, 10: 126, 11: 45}","{(0, 1): 1, (0, 3): 87, (0, 6): 29, (1, 2): 1, (1, 5): 86, (1, 6): 1, (1, 8): 1, (2, 10): 62, (3, 4): 1, (3, 6): 1, (3, 8): 1, (3, 10): 1, (3, 11): 17, (4, 5): 1, (4, 6): 1, (4, 8): 1, (4, 10): 50, (5, 8): 1, (5, 9): 1, (5, 10): 9, (5, 11): 1, (6, 8): 1, (6, 9): 47, (6, 11): 1, (7, 8): 26, (7, 11): 1, (8, 10): 4, (8, 11): 1, (9, 11): 24}",1816.9879913330078,173.0,36.0,490.0
27.0,Graph with 12 nodes and 29 edges,"[[0, 1, 0, 1, 0, 0, 1, 0, 0, 0, 0, 0], [1, 0, 1, 0, 0, 1, 1, 0, 1, 0, 0, 0], [0, 1, 0, 0, 0, 0, 0, 0, 0, 0, 1, 0], [1, 0, 0, 0, 1, 0, 1, 0, 1, 0, 1, 1], [0, 0, 0, 1, 0, 1, 1, 0, 1, 0, 1, 0], [0, 1, 0, 0, 1, 0, 0, 0, 1, 1, 1, 1], [1, 1, 0, 1, 1, 0, 0, 0, 1, 1, 0, 1], [0, 0, 0, 0, 0, 0, 0, 0, 1, 0, 0, 1], [0, 1, 0, 1, 1, 1, 1, 1, 0, 0, 1, 1], [0, 0, 0, 0, 0, 1, 1, 0, 0, 0, 0, 1], [0, 0, 1, 1, 1, 1, 0, 0, 1, 0, 0, 0], [0, 0, 0, 1, 0, 1, 1, 1, 1, 1, 0, 0]]",28.0,6.0,Y,"{0: 34, 1: 40, 2: 46, 3: 52, 4: 58, 5: 64, 6: 70, 7: 76, 8: 82, 9: 88, 10: 94, 11: 28}","{(0, 1): 32, (0, 3): 1, (0, 6): 1, (1, 2): 5, (1, 5): 1, (1, 6): 1, (1, 8): 1, (2, 10): 41, (3, 4): 47, (3, 6): 1, (3, 8): 1, (3, 10): 1, (3, 11): 1, (4, 5): 1, (4, 6): 1, (4, 8): 3, (4, 10): 6, (5, 8): 1, (5, 9): 20, (5, 10): 38, (5, 11): 3, (6, 8): 1, (6, 9): 60, (6, 11): 5, (7, 8): 66, (7, 11): 10, (8, 10): 8, (8, 11): 1, (9, 11): 8}",1383.066177368164,173.0,36.0,490.0
28.0,Graph with 12 nodes and 35 edges,"[[0, 1, 0, 1, 1, 0, 1, 0, 1, 0, 1, 0], [1, 0, 1, 0, 1, 0, 0, 0, 1, 1, 1, 0], [0, 1, 0, 1, 1, 0, 0, 0, 0, 1, 1, 0], [1, 0, 1, 0, 0, 0, 0, 1, 0, 0, 0, 0], [1, 1, 1, 0, 0, 0, 1, 0, 1, 1, 1, 1], [0, 0, 0, 0, 0, 0, 1, 1, 0, 1, 0, 1], [1, 0, 0, 0, 1, 1, 0, 1, 1, 0, 1, 1], [0, 0, 0, 1, 0, 1, 1, 0, 0, 0, 0, 1], [1, 1, 0, 0, 1, 0, 1, 0, 0, 1, 1, 0], [0, 1, 1, 0, 1, 1, 0, 0, 1, 0, 1, 1], [1, 1, 1, 0, 1, 0, 1, 0, 1, 1, 0, 1], [0, 0, 0, 0, 1, 1, 1, 1, 0, 1, 1, 0]]",14.0,7.0,Y,"{0: 91, 1: 84, 2: 77, 3: 70, 4: 63, 5: 56, 6: 49, 7: 42, 8: 35, 9: 28, 10: 21, 11: 14}","{(0, 1): 1, (0, 3): 3, (0, 4): 1, (0, 6): 42, (0, 8): 30, (0, 10): 14, (1, 2): 8, (1, 4): 56, (1, 8): 1, (1, 9): 17, (1, 10): 1, (2, 3): 66, (2, 4): 1, (2, 9): 1, (2, 10): 1, (3, 7): 1, (4, 6): 1, (4, 8): 1, (4, 9): 1, (4, 10): 1, (4, 11): 1, (5, 6): 2, (5, 7): 39, (5, 9): 6, (5, 11): 9, (6, 7): 1, (6, 8): 1, (6, 10): 1, (6, 11): 1, (7, 11): 1, (8, 9): 1, (8, 10): 1, (9, 10): 1, (9, 11): 1, (10, 11): 1}",785.82763671875,179.0,36.0,502.0
30.0,Graph with 12 nodes and 29 edges,"[[0, 1, 1, 1, 1, 0, 0, 1, 0, 0, 1, 0], [1, 0, 0, 1, 1, 0, 1, 0, 1, 1, 0, 1], [1, 0, 0, 1, 0, 0, 1, 0, 1, 1, 0, 1], [1, 1, 1, 0, 0, 1, 1, 0, 1, 1, 0, 0], [1, 1, 0, 0, 0, 1, 0, 0, 0, 0, 1, 0], [0, 0, 0, 1, 1, 0, 1, 0, 0, 1, 0, 0], [0, 1, 1, 1, 0, 1, 0, 1, 0, 0, 1, 0], [1, 0, 0, 0, 0, 0, 1, 0, 0, 0, 0, 1], [0, 1, 1, 1, 0, 0, 0, 0, 0, 0, 0, 1], [0, 1, 1, 1, 0, 1, 0, 0, 0, 0, 0, 0], [1, 0, 0, 0, 1, 0, 1, 0, 0, 0, 0, 0], [0, 1, 1, 0, 0, 0, 0, 1, 1, 0, 0, 0]]",11.0,4.0,Y,"{0: 15, 1: 19, 2: 23, 3: 27, 4: 31, 5: 35, 6: 39, 7: 43, 8: 47, 9: 51, 10: 11, 11: 55}","{(0, 1): 10, (0, 2): 1, (0, 3): 1, (0, 4): 1, (0, 7): 1, (0, 10): 1, (1, 3): 3, (1, 4): 2, (1, 6): 1, (1, 8): 1, (1, 9): 1, (1, 11): 1, (2, 3): 1, (2, 6): 2, (2, 8): 1, (2, 9): 17, (2, 11): 1, (3, 5): 1, (3, 6): 1, (3, 8): 1, (3, 9): 19, (4, 5): 19, (4, 10): 9, (5, 6): 1, (5, 9): 14, (6, 7): 33, (6, 10): 1, (7, 11): 9, (8, 11): 44}",1394.9871063232422,173.0,36.0,490.0
31.0,Graph with 12 nodes and 26 edges,"[[0, 1, 0, 0, 1, 0, 1, 1, 0, 0, 1, 0], [1, 0, 0, 1, 1, 1, 0, 0, 0, 0, 1, 0], [0, 0, 0, 1, 1, 1, 0, 0, 0, 0, 1, 1], [0, 1, 1, 0, 0, 0, 0, 0, 0, 0, 1, 1], [1, 1, 1, 0, 0, 1, 0, 1, 0, 1, 0, 1], [0, 1, 1, 0, 1, 0, 0, 0, 0, 1, 0, 0], [1, 0, 0, 0, 0, 0, 0, 0, 0, 1, 0, 0], [1, 0, 0, 0, 1, 0, 0, 0, 0, 1, 1, 0], [0, 0, 0, 0, 0, 0, 0, 0, 0, 0, 1, 0], [0, 0, 0, 0, 1, 1, 1, 1, 0, 0, 0, 1], [1, 1, 1, 1, 0, 0, 0, 1, 1, 0, 0, 0], [0, 0, 1, 1, 1, 0, 0, 0, 0, 1, 0, 0]]",2.0,3.0,Y,"{0: 20, 1: 14, 2: 11, 3: 5, 4: 32, 5: 26, 6: 2, 7: 8, 8: 29, 9: 23, 10: 35, 11: 17}","{(0, 1): 1, (0, 4): 11, (0, 6): 1, (0, 7): 5, (0, 10): 2, (1, 3): 1, (1, 4): 1, (1, 5): 10, (1, 10): 1, (2, 3): 1, (2, 4): 1, (2, 5): 6, (2, 10): 1, (2, 11): 2, (3, 10): 1, (3, 11): 2, (4, 5): 9, (4, 7): 1, (4, 9): 8, (4, 11): 1, (5, 9): 1, (6, 9): 1, (7, 9): 1, (7, 10): 1, (8, 10): 29, (9, 11): 12}",1331.8061828613281,170.0,36.0,484.0
32.0,Graph with 12 nodes and 34 edges,"[[0, 0, 0, 1, 0, 0, 1, 0, 0, 0, 0, 1], [0, 0, 0, 0, 1, 0, 0, 1, 0, 0, 1, 0], [0, 0, 0, 0, 1, 1, 0, 1, 1, 1, 1, 0], [1, 0, 0, 0, 0, 1, 1, 1, 1, 1, 0, 0], [0, 1, 1, 0, 0, 1, 1, 1, 0, 0, 1, 1], [0, 0, 1, 1, 1, 0, 0, 1, 0, 1, 1, 0], [1, 0, 0, 1, 1, 0, 0, 1, 0, 1, 1, 0], [0, 1, 1, 1, 1, 1, 1, 0, 0, 1, 1, 1], [0, 0, 1, 1, 0, 0, 0, 0, 0, 0, 1, 0], [0, 0, 1, 1, 0, 1, 1, 1, 0, 0, 1, 1], [0, 1, 1, 0, 1, 1, 1, 1, 1, 1, 0, 0], [1, 0, 0, 0, 1, 0, 0, 1, 0, 1, 0, 0]]",13.0,4.0,Y,"{0: 57, 1: 53, 2: 49, 3: 45, 4: 41, 5: 37, 6: 33, 7: 29, 8: 25, 9: 21, 10: 17, 11: 13}","{(0, 3): 34, (0, 6): 13, (0, 11): 10, (1, 4): 31, (1, 7): 21, (1, 10): 1, (2, 4): 5, (2, 5): 32, (2, 7): 1, (2, 8): 9, (2, 9): 1, (2, 10): 1, (3, 5): 1, (3, 6): 2, (3, 7): 1, (3, 8): 6, (3, 9): 1, (4, 5): 1, (4, 6): 1, (4, 7): 1, (4, 10): 1, (4, 11): 1, (5, 7): 1, (5, 9): 1, (5, 10): 1, (6, 7): 1, (6, 9): 15, (6, 10): 1, (7, 9): 1, (7, 10): 1, (7, 11): 1, (8, 10): 10, (9, 10): 1, (9, 11): 1}",1024.9614715576172,178.0,36.0,500.0
32.0,Graph with 12 nodes and 34 edges,"[[0, 0, 0, 1, 0, 0, 1, 0, 0, 0, 0, 1], [0, 0, 0, 0, 1, 0, 0, 1, 0, 0, 1, 0], [0, 0, 0, 0, 1, 1, 0, 1, 1, 1, 1, 0], [1, 0, 0, 0, 0, 1, 1, 1, 1, 1, 0, 0], [0, 1, 1, 0, 0, 1, 1, 1, 0, 0, 1, 1], [0, 0, 1, 1, 1, 0, 0, 1, 0, 1, 1, 0], [1, 0, 0, 1, 1, 0, 0, 1, 0, 1, 1, 0], [0, 1, 1, 1, 1, 1, 1, 0, 0, 1, 1, 1], [0, 0, 1, 1, 0, 0, 0, 0, 0, 0, 1, 0], [0, 0, 1, 1, 0, 1, 1, 1, 0, 0, 1, 1], [0, 1, 1, 0, 1, 1, 1, 1, 1, 1, 0, 0], [1, 0, 0, 0, 1, 0, 0, 1, 0, 1, 0, 0]]",23.0,7.0,Y,"{0: 23, 1: 100, 2: 93, 3: 86, 4: 79, 5: 72, 6: 65, 7: 58, 8: 51, 9: 44, 10: 37, 11: 30}","{(0, 3): 1, (0, 6): 1, (0, 11): 21, (1, 4): 20, (1, 7): 50, (1, 10): 30, (2, 4): 3, (2, 5): 1, (2, 7): 1, (2, 8): 49, (2, 9): 38, (2, 10): 1, (3, 5): 22, (3, 6): 60, (3, 7): 1, (3, 8): 1, (3, 9): 1, (4, 5): 46, (4, 6): 1, (4, 7): 1, (4, 10): 1, (4, 11): 7, (5, 7): 1, (5, 9): 1, (5, 10): 1, (6, 7): 1, (6, 9): 1, (6, 10): 1, (7, 9): 1, (7, 10): 1, (7, 11): 1, (8, 10): 1, (9, 10): 1, (9, 11): 1}",949.859619140625,178.0,36.0,500.0
35.0,Graph with 12 nodes and 25 edges,"[[0, 0, 0, 1, 1, 0, 1, 0, 0, 1, 0, 0], [0, 0, 1, 1, 0, 1, 1, 0, 0, 1, 0, 0], [0, 1, 0, 0, 0, 1, 0, 0, 0, 0, 0, 1], [1, 1, 0, 0, 1, 0, 1, 1, 0, 1, 1, 1], [1, 0, 0, 1, 0, 0, 1, 1, 0, 0, 0, 0], [0, 1, 1, 0, 0, 0, 0, 0, 0, 0, 0, 0], [1, 1, 0, 1, 1, 0, 0, 1, 1, 0, 0, 1], [0, 0, 0, 1, 1, 0, 1, 0, 1, 0, 0, 1], [0, 0, 0, 0, 0, 0, 1, 1, 0, 0, 0, 0], [1, 1, 0, 1, 0, 0, 0, 0, 0, 0, 1, 0], [0, 0, 0, 1, 0, 0, 0, 0, 0, 1, 0, 0], [0, 0, 1, 1, 0, 0, 1, 1, 0, 0, 0, 0]]",17.0,7.0,Y,"{0: 24, 1: 31, 2: 38, 3: 45, 4: 52, 5: 59, 6: 66, 7: 73, 8: 80, 9: 87, 10: 94, 11: 17}","{(0, 3): 1, (0, 4): 1, (0, 6): 17, (0, 9): 5, (1, 2): 1, (1, 3): 1, (1, 5): 27, (1, 6): 1, (1, 9): 1, (2, 5): 32, (2, 11): 5, (3, 4): 25, (3, 6): 1, (3, 7): 1, (3, 9): 1, (3, 10): 14, (3, 11): 1, (4, 6): 21, (4, 7): 5, (6, 7): 1, (6, 8): 24, (6, 11): 1, (7, 8): 56, (7, 11): 10, (9, 10): 80}",1315.1168823242188,169.0,36.0,482.0
37.0,Graph with 12 nodes and 36 edges,"[[0, 1, 0, 0, 1, 1, 1, 1, 1, 0, 1, 1], [1, 0, 1, 1, 0, 0, 0, 1, 0, 1, 0, 1], [0, 1, 0, 1, 1, 1, 0, 0, 1, 0, 0, 1], [0, 1, 1, 0, 1, 1, 0, 0, 1, 1, 0, 0], [1, 0, 1, 1, 0, 1, 0, 0, 0, 1, 0, 0], [1, 0, 1, 1, 1, 0, 1, 1, 0, 1, 1, 0], [1, 0, 0, 0, 0, 1, 0, 1, 1, 1, 0, 1], [1, 1, 0, 0, 0, 1, 1, 0, 0, 1, 1, 0], [1, 0, 1, 1, 0, 0, 1, 0, 0, 0, 1, 0], [0, 1, 0, 1, 1, 1, 1, 1, 0, 0, 0, 1], [1, 0, 0, 0, 0, 1, 0, 1, 1, 0, 0, 0], [1, 1, 1, 0, 0, 0, 1, 0, 0, 1, 0, 0]]",6.0,9.0,Y,"{0: 87, 1: 15, 2: 24, 3: 69, 4: 42, 5: 96, 6: 78, 7: 60, 8: 6, 9: 105, 10: 33, 11: 51}","{(0, 1): 1, (0, 4): 1, (0, 5): 61, (0, 6): 1, (0, 7): 1, (0, 8): 1, (0, 10): 1, (0, 11): 20, (1, 2): 1, (1, 3): 1, (1, 7): 10, (1, 9): 1, (1, 11): 1, (2, 3): 19, (2, 4): 1, (2, 5): 1, (2, 8): 1, (2, 11): 1, (3, 4): 38, (3, 5): 1, (3, 8): 1, (3, 9): 9, (4, 5): 1, (4, 9): 1, (5, 6): 1, (5, 7): 1, (5, 9): 1, (5, 10): 29, (6, 7): 1, (6, 8): 1, (6, 9): 46, (6, 11): 28, (7, 9): 46, (7, 10): 1, (8, 10): 2, (9, 11): 1}",933.8855743408203,180.0,36.0,504.0
37.0,Graph with 12 nodes and 36 edges,"[[0, 1, 0, 0, 1, 1, 1, 1, 1, 0, 1, 1], [1, 0, 1, 1, 0, 0, 0, 1, 0, 1, 0, 1], [0, 1, 0, 1, 1, 1, 0, 0, 1, 0, 0, 1], [0, 1, 1, 0, 1, 1, 0, 0, 1, 1, 0, 0], [1, 0, 1, 1, 0, 1, 0, 0, 0, 1, 0, 0], [1, 0, 1, 1, 1, 0, 1, 1, 0, 1, 1, 0], [1, 0, 0, 0, 0, 1, 0, 1, 1, 1, 0, 1], [1, 1, 0, 0, 0, 1, 1, 0, 0, 1, 1, 0], [1, 0, 1, 1, 0, 0, 1, 0, 0, 0, 1, 0], [0, 1, 0, 1, 1, 1, 1, 1, 0, 0, 0, 1], [1, 0, 0, 0, 0, 1, 0, 1, 1, 0, 0, 0], [1, 1, 1, 0, 0, 0, 1, 0, 0, 1, 0, 0]]",23.0,1.0,Y,"{0: 25, 1: 27, 2: 24, 3: 28, 4: 33, 5: 31, 6: 29, 7: 34, 8: 23, 9: 26, 10: 32, 11: 30}","{(0, 1): 5, (0, 4): 1, (0, 5): 1, (0, 6): 8, (0, 7): 4, (0, 8): 1, (0, 10): 1, (0, 11): 4, (1, 2): 3, (1, 3): 1, (1, 7): 1, (1, 9): 11, (1, 11): 6, (2, 3): 3, (2, 4): 5, (2, 5): 1, (2, 8): 1, (2, 11): 11, (3, 4): 17, (3, 5): 4, (3, 8): 2, (3, 9): 1, (4, 5): 1, (4, 9): 9, (5, 6): 6, (5, 7): 13, (5, 9): 1, (5, 10): 4, (6, 7): 1, (6, 8): 6, (6, 9): 1, (6, 11): 7, (7, 9): 1, (7, 10): 14, (8, 10): 13, (9, 11): 2}",102.04315185546875,180.0,36.0,504.0
38.0,Graph with 12 nodes and 33 edges,"[[0, 0, 1, 0, 0, 1, 1, 1, 0, 1, 1, 1], [0, 0, 0, 1, 0, 1, 0, 1, 1, 1, 0, 0], [1, 0, 0, 1, 1, 1, 1, 1, 0, 1, 1, 1], [0, 1, 1, 0, 0, 1, 0, 0, 0, 1, 1, 0], [0, 0, 1, 0, 0, 0, 0, 0, 0, 1, 1, 0], [1, 1, 1, 1, 0, 0, 0, 1, 1, 1, 1, 0], [1, 0, 1, 0, 0, 0, 0, 1, 0, 0, 1, 0], [1, 1, 1, 0, 0, 1, 1, 0, 1, 0, 0, 0], [0, 1, 0, 0, 0, 1, 0, 1, 0, 0, 0, 1], [1, 1, 1, 1, 1, 1, 0, 0, 0, 0, 0, 0], [1, 0, 1, 1, 1, 1, 1, 0, 0, 0, 0, 0], [1, 0, 1, 0, 0, 0, 0, 0, 1, 0, 0, 0]]",15.0,7.0,Y,"{0: 64, 1: 43, 2: 71, 3: 15, 4: 36, 5: 57, 6: 50, 7: 92, 8: 85, 9: 22, 10: 29, 11: 78}","{(0, 2): 1, (0, 5): 1, (0, 6): 1, (0, 7): 1, (0, 9): 1, (0, 10): 1, (0, 11): 58, (1, 3): 1, (1, 5): 27, (1, 7): 13, (1, 8): 1, (1, 9): 1, (2, 3): 11, (2, 4): 18, (2, 5): 1, (2, 6): 36, (2, 7): 1, (2, 9): 1, (2, 10): 1, (2, 11): 1, (3, 5): 1, (3, 9): 1, (3, 10): 1, (4, 9): 17, (4, 10): 1, (5, 7): 1, (5, 8): 1, (5, 9): 1, (5, 10): 24, (6, 7): 12, (6, 10): 1, (7, 8): 64, (8, 11): 19}",2048.969268798828,177.0,36.0,498.0
39.0,Graph with 12 nodes and 34 edges,"[[0, 0, 0, 1, 0, 1, 0, 0, 1, 1, 1, 0], [0, 0, 0, 1, 0, 0, 0, 0, 1, 0, 0, 0], [0, 0, 0, 1, 0, 0, 0, 1, 1, 0, 1, 1], [1, 1, 1, 0, 1, 1, 0, 0, 1, 1, 0, 0], [0, 0, 0, 1, 0, 1, 1, 0, 0, 1, 1, 1], [1, 0, 0, 1, 1, 0, 0, 1, 1, 1, 1, 0], [0, 0, 0, 0, 1, 0, 0, 1, 0, 1, 1, 0], [0, 0, 1, 0, 0, 1, 1, 0, 1, 1, 0, 1], [1, 1, 1, 1, 0, 1, 0, 1, 0, 1, 1, 0], [1, 0, 0, 1, 1, 1, 1, 1, 1, 0, 0, 0], [1, 0, 1, 0, 1, 1, 1, 0, 1, 0, 0, 1], [0, 0, 1, 0, 1, 0, 0, 1, 0, 0, 1, 0]]",9.0,2.0,Y,"{0: 9, 1: 17, 2: 23, 3: 19, 4: 29, 5: 25, 6: 21, 7: 13, 8: 11, 9: 31, 10: 27, 11: 15}","{(0, 3): 1, (0, 5): 3, (0, 8): 1, (0, 9): 3, (0, 10): 1, (1, 3): 13, (1, 8): 4, (2, 3): 1, (2, 7): 3, (2, 8): 1, (2, 10): 9, (2, 11): 9, (3, 4): 1, (3, 5): 1, (3, 8): 1, (3, 9): 1, (4, 5): 1, (4, 6): 10, (4, 9): 13, (4, 10): 2, (4, 11): 2, (5, 7): 6, (5, 8): 1, (5, 9): 6, (5, 10): 7, (6, 7): 1, (6, 9): 6, (6, 10): 4, (7, 8): 1, (7, 9): 1, (7, 11): 1, (8, 9): 1, (8, 10): 1, (10, 11): 3}",129.93812561035156,178.0,36.0,500.0
39.0,Graph with 12 nodes and 34 edges,"[[0, 0, 0, 1, 0, 1, 0, 0, 1, 1, 1, 0], [0, 0, 0, 1, 0, 0, 0, 0, 1, 0, 0, 0], [0, 0, 0, 1, 0, 0, 0, 1, 1, 0, 1, 1], [1, 1, 1, 0, 1, 1, 0, 0, 1, 1, 0, 0], [0, 0, 0, 1, 0, 1, 1, 0, 0, 1, 1, 1], [1, 0, 0, 1, 1, 0, 0, 1, 1, 1, 1, 0], [0, 0, 0, 0, 1, 0, 0, 1, 0, 1, 1, 0], [0, 0, 1, 0, 0, 1, 1, 0, 1, 1, 0, 1], [1, 1, 1, 1, 0, 1, 0, 1, 0, 1, 1, 0], [1, 0, 0, 1, 1, 1, 1, 1, 1, 0, 0, 0], [1, 0, 1, 0, 1, 1, 1, 0, 1, 0, 0, 1], [0, 0, 1, 0, 1, 0, 0, 1, 0, 0, 1, 0]]",21.0,4.0,Y,"{0: 21, 1: 65, 2: 61, 3: 57, 4: 53, 5: 49, 6: 45, 7: 41, 8: 37, 9: 33, 10: 29, 11: 25}","{(0, 3): 1, (0, 5): 1, (0, 8): 17, (0, 9): 1, (0, 10): 1, (1, 3): 51, (1, 8): 14, (2, 3): 1, (2, 7): 14, (2, 8): 1, (2, 10): 23, (2, 11): 22, (3, 4): 1, (3, 5): 1, (3, 8): 1, (3, 9): 1, (4, 5): 1, (4, 6): 42, (4, 9): 7, (4, 10): 1, (4, 11): 1, (5, 7): 23, (5, 8): 1, (5, 9): 21, (5, 10): 1, (6, 7): 1, (6, 9): 1, (6, 10): 1, (7, 8): 1, (7, 9): 1, (7, 11): 1, (8, 9): 1, (8, 10): 1, (10, 11): 1}",795.1259613037109,178.0,36.0,500.0
42.0,Graph with 12 nodes and 41 edges,"[[0, 0, 0, 1, 0, 1, 0, 1, 0, 1, 1, 1], [0, 0, 0, 1, 1, 0, 1, 1, 0, 1, 1, 1], [0, 0, 0, 1, 1, 1, 1, 1, 1, 1, 0, 0], [1, 1, 1, 0, 1, 1, 0, 0, 1, 0, 1, 0], [0, 1, 1, 1, 0, 1, 1, 1, 0, 0, 1, 0], [1, 0, 1, 1, 1, 0, 1, 0, 1, 0, 0, 1], [0, 1, 1, 0, 1, 1, 0, 1, 0, 0, 1, 1], [1, 1, 1, 0, 1, 0, 1, 0, 1, 1, 1, 1], [0, 0, 1, 1, 0, 1, 0, 1, 0, 0, 1, 1], [1, 1, 1, 0, 0, 0, 0, 1, 0, 0, 1, 0], [1, 1, 0, 1, 1, 0, 1, 1, 1, 1, 0, 0], [1, 1, 0, 0, 0, 1, 1, 1, 1, 0, 0, 0]]",26.0,7.0,Y,"{0: 33, 1: 40, 2: 47, 3: 54, 4: 61, 5: 68, 6: 75, 7: 82, 8: 89, 9: 96, 10: 103, 11: 26}","{(0, 3): 28, (0, 5): 1, (0, 7): 1, (0, 9): 1, (0, 10): 1, (0, 11): 1, (1, 3): 21, (1, 4): 14, (1, 6): 1, (1, 7): 1, (1, 9): 1, (1, 10): 1, (1, 11): 1, (2, 3): 1, (2, 4): 41, (2, 5): 1, (2, 6): 1, (2, 7): 1, (2, 8): 1, (2, 9): 1, (3, 4): 1, (3, 5): 1, (3, 8): 1, (3, 10): 1, (4, 5): 1, (4, 6): 1, (4, 7): 2, (4, 10): 1, (5, 6): 53, (5, 8): 9, (5, 11): 2, (6, 7): 4, (6, 10): 12, (6, 11): 3, (7, 8): 1, (7, 9): 68, (7, 10): 2, (7, 11): 2, (8, 10): 60, (8, 11): 17, (9, 10): 25}",1367.0921325683594,185.0,36.0,514.0
47.0,Graph with 12 nodes and 35 edges,"[[0, 1, 0, 1, 1, 0, 1, 1, 1, 0, 0, 1], [1, 0, 1, 1, 1, 1, 1, 1, 0, 0, 0, 0], [0, 1, 0, 1, 0, 0, 1, 0, 0, 1, 0, 1], [1, 1, 1, 0, 0, 0, 0, 1, 0, 0, 1, 1], [1, 1, 0, 0, 0, 1, 0, 0, 0, 0, 0, 0], [0, 1, 0, 0, 1, 0, 0, 1, 0, 1, 1, 1], [1, 1, 1, 0, 0, 0, 0, 0, 1, 1, 1, 0], [1, 1, 0, 1, 0, 1, 0, 0, 1, 0, 1, 0], [1, 0, 0, 0, 0, 0, 1, 1, 0, 1, 1, 1], [0, 0, 1, 0, 0, 1, 1, 0, 1, 0, 1, 0], [0, 0, 0, 1, 0, 1, 1, 1, 1, 1, 0, 1], [1, 0, 1, 1, 0, 1, 0, 0, 1, 0, 1, 0]]",16.0,2.0,Y,"{0: 16, 1: 20, 2: 18, 3: 26, 4: 36, 5: 32, 6: 28, 7: 38, 8: 30, 9: 22, 10: 34, 11: 24}","{(0, 1): 4, (0, 3): 1, (0, 4): 1, (0, 6): 1, (0, 7): 1, (0, 8): 4, (0, 11): 4, (1, 2): 1, (1, 3): 1, (1, 4): 10, (1, 5): 1, (1, 6): 1, (1, 7): 2, (2, 3): 12, (2, 6): 1, (2, 9): 3, (2, 11): 1, (3, 7): 3, (3, 10): 1, (3, 11): 8, (4, 5): 25, (5, 7): 1, (5, 9): 1, (5, 10): 3, (5, 11): 1, (6, 8): 9, (6, 9): 15, (6, 10): 1, (7, 8): 14, (7, 10): 17, (8, 9): 1, (8, 10): 1, (8, 11): 1, (9, 10): 2, (10, 11): 9}",91.07589721679688,179.0,36.0,502.0
48.0,Graph with 12 nodes and 36 edges,"[[0, 1, 0, 0, 0, 0, 0, 1, 1, 1, 1, 0], [1, 0, 0, 0, 1, 1, 1, 0, 0, 1, 0, 0], [0, 0, 0, 1, 1, 1, 1, 1, 1, 0, 0, 0], [0, 0, 1, 0, 1, 1, 1, 1, 1, 0, 1, 0], [0, 1, 1, 1, 0, 1, 0, 0, 1, 1, 0, 0], [0, 1, 1, 1, 1, 0, 0, 0, 1, 1, 1, 1], [0, 1, 1, 1, 0, 0, 0, 0, 1, 1, 0, 0], [1, 0, 1, 1, 0, 0, 0, 0, 0, 0, 0, 1], [1, 0, 1, 1, 1, 1, 1, 0, 0, 1, 1, 0], [1, 1, 0, 0, 1, 1, 1, 0, 1, 0, 1, 1], [1, 0, 0, 1, 0, 1, 0, 0, 1, 1, 0, 1], [0, 0, 0, 0, 0, 1, 0, 1, 0, 1, 1, 0]]",12.0,3.0,Y,"{0: 45, 1: 42, 2: 39, 3: 36, 4: 33, 5: 30, 6: 27, 7: 24, 8: 21, 9: 18, 10: 15, 11: 12}","{(0, 1): 38, (0, 7): 4, (0, 8): 1, (0, 9): 1, (0, 10): 1, (1, 4): 1, (1, 5): 1, (1, 6): 1, (1, 9): 1, (2, 3): 1, (2, 4): 25, (2, 5): 1, (2, 6): 10, (2, 7): 1, (2, 8): 1, (3, 4): 1, (3, 5): 1, (3, 6): 14, (3, 7): 17, (3, 8): 1, (3, 10): 1, (4, 5): 1, (4, 8): 1, (4, 9): 4, (5, 8): 14, (5, 9): 1, (5, 10): 10, (5, 11): 1, (6, 8): 1, (6, 9): 1, (7, 11): 2, (8, 9): 1, (8, 10): 1, (9, 10): 1, (9, 11): 8, (10, 11): 1}",998.9738464355469,180.0,36.0,504.0
50.0,Graph with 12 nodes and 36 edges,"[[0, 0, 1, 1, 0, 1, 0, 1, 0, 0, 0, 1], [0, 0, 0, 0, 1, 0, 1, 0, 1, 0, 1, 0], [1, 0, 0, 0, 1, 0, 1, 1, 1, 0, 1, 0], [1, 0, 0, 0, 0, 0, 0, 1, 0, 0, 0, 1], [0, 1, 1, 0, 0, 1, 0, 1, 1, 0, 1, 1], [1, 0, 0, 0, 1, 0, 1, 1, 1, 1, 1, 1], [0, 1, 1, 0, 0, 1, 0, 1, 1, 1, 1, 1], [1, 0, 1, 1, 1, 1, 1, 0, 0, 1, 0, 0], [0, 1, 1, 0, 1, 1, 1, 0, 0, 0, 0, 1], [0, 0, 0, 0, 0, 1, 1, 1, 0, 0, 0, 1], [0, 1, 1, 0, 1, 1, 1, 0, 0, 0, 0, 1], [1, 0, 0, 1, 1, 1, 1, 0, 1, 1, 1, 0]]",8.0,1.0,Y,"{0: 19, 1: 18, 2: 17, 3: 16, 4: 15, 5: 14, 6: 13, 7: 12, 8: 11, 9: 10, 10: 9, 11: 8}","{(0, 2): 2, (0, 3): 14, (0, 5): 1, (0, 7): 1, (0, 11): 1, (1, 4): 3, (1, 6): 5, (1, 8): 6, (1, 10): 4, (2, 4): 7, (2, 6): 1, (2, 7): 5, (2, 8): 1, (2, 10): 1, (3, 7): 1, (3, 11): 1, (4, 5): 1, (4, 7): 1, (4, 8): 1, (4, 10): 1, (4, 11): 1, (5, 6): 1, (5, 7): 1, (5, 8): 1, (5, 9): 7, (5, 10): 1, (5, 11): 1, (6, 7): 2, (6, 8): 1, (6, 9): 1, (6, 10): 1, (6, 11): 1, (7, 9): 1, (8, 11): 1, (9, 11): 1, (10, 11): 1}",690.9370422363281,180.0,36.0,504.0
51.0,Graph with 12 nodes and 35 edges,"[[0, 1, 0, 1, 0, 1, 1, 1, 0, 0, 1, 1], [1, 0, 0, 1, 0, 0, 1, 0, 0, 1, 0, 1], [0, 0, 0, 1, 1, 1, 0, 0, 0, 1, 0, 1], [1, 1, 1, 0, 1, 0, 1, 1, 1, 1, 0, 1], [0, 0, 1, 1, 0, 1, 0, 1, 0, 1, 0, 0], [1, 0, 1, 0, 1, 0, 0, 0, 1, 0, 0, 0], [1, 1, 0, 1, 0, 0, 0, 1, 1, 1, 1, 0], [1, 0, 0, 1, 1, 0, 1, 0, 0, 0, 1, 0], [0, 0, 0, 1, 0, 1, 1, 0, 0, 1, 1, 0], [0, 1, 1, 1, 1, 0, 1, 0, 1, 0, 0, 1], [1, 0, 0, 0, 0, 0, 1, 1, 1, 0, 0, 1], [1, 1, 1, 1, 0, 0, 0, 0, 0, 1, 1, 0]]",15.0,4.0,Y,"{0: 51, 1: 27, 2: 15, 3: 31, 4: 39, 5: 47, 6: 43, 7: 59, 8: 19, 9: 55, 10: 35, 11: 23}","{(0, 1): 1, (0, 3): 2, (0, 5): 40, (0, 6): 2, (0, 7): 1, (0, 10): 3, (0, 11): 2, (1, 3): 1, (1, 6): 5, (1, 9): 3, (1, 11): 17, (2, 3): 1, (2, 4): 1, (2, 5): 2, (2, 9): 10, (2, 11): 1, (3, 4): 7, (3, 6): 1, (3, 7): 5, (3, 8): 7, (3, 9): 6, (3, 11): 1, (4, 5): 2, (4, 7): 1, (4, 9): 28, (5, 8): 3, (6, 7): 26, (6, 8): 3, (6, 9): 4, (6, 10): 2, (7, 10): 26, (8, 9): 3, (8, 10): 3, (9, 11): 1, (10, 11): 1}",1380.92041015625,179.0,36.0,502.0
51.0,Graph with 12 nodes and 35 edges,"[[0, 1, 0, 1, 0, 1, 1, 1, 0, 0, 1, 1], [1, 0, 0, 1, 0, 0, 1, 0, 0, 1, 0, 1], [0, 0, 0, 1, 1, 1, 0, 0, 0, 1, 0, 1], [1, 1, 1, 0, 1, 0, 1, 1, 1, 1, 0, 1], [0, 0, 1, 1, 0, 1, 0, 1, 0, 1, 0, 0], [1, 0, 1, 0, 1, 0, 0, 0, 1, 0, 0, 0], [1, 1, 0, 1, 0, 0, 0, 1, 1, 1, 1, 0], [1, 0, 0, 1, 1, 0, 1, 0, 0, 0, 1, 0], [0, 0, 0, 1, 0, 1, 1, 0, 0, 1, 1, 0], [0, 1, 1, 1, 1, 0, 1, 0, 1, 0, 0, 1], [1, 0, 0, 0, 0, 0, 1, 1, 1, 0, 0, 1], [1, 1, 1, 1, 0, 0, 0, 0, 0, 1, 1, 0]]",17.0,4.0,Y,"{0: 21, 1: 25, 2: 29, 3: 33, 4: 37, 5: 41, 6: 45, 7: 49, 8: 53, 9: 57, 10: 61, 11: 17}","{(0, 1): 15, (0, 3): 1, (0, 5): 1, (0, 6): 1, (0, 7): 1, (0, 10): 1, (0, 11): 1, (1, 3): 7, (1, 6): 1, (1, 9): 1, (1, 11): 1, (2, 3): 19, (2, 4): 1, (2, 5): 7, (2, 9): 1, (2, 11): 1, (3, 4): 1, (3, 6): 1, (3, 7): 1, (3, 8): 1, (3, 9): 1, (3, 11): 1, (4, 5): 32, (4, 7): 1, (4, 9): 2, (5, 8): 1, (6, 7): 19, (6, 8): 1, (6, 9): 1, (6, 10): 21, (7, 10): 27, (8, 9): 39, (8, 10): 11, (9, 11): 12, (10, 11): 1}",1501.0833740234375,179.0,36.0,502.0
52.0,Graph with 12 nodes and 33 edges,"[[0, 0, 0, 1, 0, 1, 0, 0, 1, 1, 1, 1], [0, 0, 1, 1, 0, 0, 1, 1, 0, 1, 1, 0], [0, 1, 0, 1, 0, 1, 0, 0, 0, 0, 1, 1], [1, 1, 1, 0, 0, 0, 0, 1, 0, 1, 1, 0], [0, 0, 0, 0, 0, 0, 0, 1, 0, 0, 1, 1], [1, 0, 1, 0, 0, 0, 1, 0, 1, 0, 1, 0], [0, 1, 0, 0, 0, 1, 0, 0, 0, 1, 1, 0], [0, 1, 0, 1, 1, 0, 0, 0, 1, 1, 1, 0], [1, 0, 0, 0, 0, 1, 0, 1, 0, 1, 1, 0], [1, 1, 0, 1, 0, 0, 1, 1, 1, 0, 0, 1], [1, 1, 1, 1, 1, 1, 1, 1, 1, 0, 0, 0], [1, 0, 1, 0, 1, 0, 0, 0, 0, 1, 0, 0]]",18.0,8.0,Y,"{0: 26, 1: 34, 2: 42, 3: 50, 4: 58, 5: 66, 6: 74, 7: 82, 8: 90, 9: 98, 10: 106, 11: 18}","{(0, 3): 21, (0, 5): 1, (0, 8): 1, (0, 9): 1, (0, 10): 1, (0, 11): 1, (1, 2): 29, (1, 3): 1, (1, 6): 1, (1, 7): 1, (1, 9): 1, (1, 10): 1, (2, 3): 10, (2, 5): 1, (2, 10): 1, (2, 11): 1, (3, 7): 1, (3, 9): 16, (3, 10): 1, (4, 7): 56, (4, 10): 1, (4, 11): 1, (5, 6): 17, (5, 8): 3, (5, 10): 44, (6, 9): 1, (6, 10): 55, (7, 8): 22, (7, 9): 1, (7, 10): 1, (8, 9): 63, (8, 10): 1, (9, 11): 15}",1404.0470123291016,177.0,36.0,498.0
53.0,Graph with 12 nodes and 38 edges,"[[0, 0, 1, 0, 1, 1, 1, 1, 1, 0, 1, 0], [0, 0, 0, 0, 1, 0, 1, 1, 1, 1, 0, 0], [1, 0, 0, 1, 1, 1, 1, 1, 0, 1, 0, 0], [0, 0, 1, 0, 1, 1, 1, 1, 0, 0, 1, 1], [1, 1, 1, 1, 0, 0, 0, 0, 0, 1, 0, 1], [1, 0, 1, 1, 0, 0, 1, 0, 1, 1, 1, 0], [1, 1, 1, 1, 0, 1, 0, 1, 0, 1, 0, 0], [1, 1, 1, 1, 0, 0, 1, 0, 1, 0, 1, 0], [1, 1, 0, 0, 0, 1, 0, 1, 0, 1, 1, 1], [0, 1, 1, 0, 1, 1, 1, 0, 1, 0, 1, 0], [1, 0, 0, 1, 0, 1, 0, 1, 1, 1, 0, 0], [0, 0, 0, 1, 1, 0, 0, 0, 1, 0, 0, 0]]",20.0,5.0,Y,"{0: 25, 1: 30, 2: 35, 3: 40, 4: 45, 5: 50, 6: 55, 7: 60, 8: 65, 9: 70, 10: 75, 11: 20}","{(0, 2): 19, (0, 4): 1, (0, 5): 1, (0, 6): 1, (0, 7): 1, (0, 8): 1, (0, 10): 1, (1, 4): 26, (1, 6): 1, (1, 7): 1, (1, 8): 1, (1, 9): 1, (2, 3): 11, (2, 4): 1, (2, 5): 1, (2, 6): 1, (2, 7): 1, (2, 9): 1, (3, 4): 15, (3, 5): 1, (3, 6): 3, (3, 7): 6, (3, 10): 1, (3, 11): 3, (4, 9): 1, (4, 11): 1, (5, 6): 33, (5, 8): 5, (5, 9): 4, (5, 10): 5, (6, 7): 12, (6, 9): 4, (7, 8): 31, (7, 10): 8, (8, 9): 5, (8, 10): 6, (8, 11): 16, (9, 10): 54}",1544.952392578125,182.0,36.0,508.0
53.0,Graph with 12 nodes and 38 edges,"[[0, 0, 1, 0, 1, 1, 1, 1, 1, 0, 1, 0], [0, 0, 0, 0, 1, 0, 1, 1, 1, 1, 0, 0], [1, 0, 0, 1, 1, 1, 1, 1, 0, 1, 0, 0], [0, 0, 1, 0, 1, 1, 1, 1, 0, 0, 1, 1], [1, 1, 1, 1, 0, 0, 0, 0, 0, 1, 0, 1], [1, 0, 1, 1, 0, 0, 1, 0, 1, 1, 1, 0], [1, 1, 1, 1, 0, 1, 0, 1, 0, 1, 0, 0], [1, 1, 1, 1, 0, 0, 1, 0, 1, 0, 1, 0], [1, 1, 0, 0, 0, 1, 0, 1, 0, 1, 1, 1], [0, 1, 1, 0, 1, 1, 1, 0, 1, 0, 1, 0], [1, 0, 0, 1, 0, 1, 0, 1, 1, 1, 0, 0], [0, 0, 0, 1, 1, 0, 0, 0, 1, 0, 0, 0]]",29.0,5.0,Y,"{0: 84, 1: 29, 2: 34, 3: 79, 4: 49, 5: 69, 6: 59, 7: 54, 8: 39, 9: 44, 10: 74, 11: 64}","{(0, 2): 9, (0, 4): 1, (0, 5): 1, (0, 6): 25, (0, 7): 31, (0, 8): 8, (0, 10): 9, (1, 4): 1, (1, 6): 2, (1, 7): 5, (1, 8): 2, (1, 9): 19, (2, 3): 1, (2, 4): 17, (2, 5): 1, (2, 6): 1, (2, 7): 4, (2, 9): 1, (3, 4): 18, (3, 5): 11, (3, 6): 5, (3, 7): 1, (3, 10): 9, (3, 11): 34, (4, 9): 1, (4, 11): 11, (5, 6): 5, (5, 8): 1, (5, 9): 1, (5, 10): 49, (6, 7): 5, (6, 9): 16, (7, 8): 3, (7, 10): 5, (8, 9): 5, (8, 10): 1, (8, 11): 19, (9, 10): 1}",113.01040649414062,182.0,36.0,508.0
54.0,Graph with 12 nodes and 31 edges,"[[0, 0, 0, 0, 0, 0, 1, 0, 1, 1, 1, 0], [0, 0, 1, 1, 0, 1, 1, 1, 0, 0, 1, 1], [0, 1, 0, 1, 1, 0, 0, 1, 0, 0, 0, 1], [0, 1, 1, 0, 1, 1, 0, 1, 0, 0, 1, 1], [0, 0, 1, 1, 0, 1, 0, 1, 0, 0, 0, 0], [0, 1, 0, 1, 1, 0, 0, 0, 0, 1, 1, 1], [1, 1, 0, 0, 0, 0, 0, 0, 0, 1, 0, 0], [0, 1, 1, 1, 1, 0, 0, 0, 1, 0, 1, 1], [1, 0, 0, 0, 0, 0, 0, 1, 0, 0, 0, 0], [1, 0, 0, 0, 0, 1, 1, 0, 0, 0, 1, 0], [1, 1, 0, 1, 0, 1, 0, 1, 0, 1, 0, 1], [0, 1, 1, 1, 0, 1, 0, 1, 0, 0, 1, 0]]",5.0,4.0,Y,"{0: 9, 1: 29, 2: 21, 3: 41, 4: 13, 5: 45, 6: 17, 7: 33, 8: 25, 9: 5, 10: 49, 11: 37}","{(0, 6): 1, (0, 8): 1, (0, 9): 1, (0, 10): 6, (1, 2): 9, (1, 3): 1, (1, 5): 1, (1, 6): 15, (1, 7): 1, (1, 10): 1, (1, 11): 1, (2, 3): 1, (2, 4): 1, (2, 7): 1, (2, 11): 9, (3, 4): 1, (3, 5): 2, (3, 7): 4, (3, 10): 8, (3, 11): 24, (4, 5): 10, (4, 7): 1, (5, 9): 1, (5, 10): 30, (5, 11): 1, (6, 9): 1, (7, 8): 24, (7, 10): 1, (7, 11): 1, (9, 10): 2, (10, 11): 1}",931.0245513916016,175.0,36.0,494.0
54.0,Graph with 12 nodes and 31 edges,"[[0, 0, 0, 0, 0, 0, 1, 0, 1, 1, 1, 0], [0, 0, 1, 1, 0, 1, 1, 1, 0, 0, 1, 1], [0, 1, 0, 1, 1, 0, 0, 1, 0, 0, 0, 1], [0, 1, 1, 0, 1, 1, 0, 1, 0, 0, 1, 1], [0, 0, 1, 1, 0, 1, 0, 1, 0, 0, 0, 0], [0, 1, 0, 1, 1, 0, 0, 0, 0, 1, 1, 1], [1, 1, 0, 0, 0, 0, 0, 0, 0, 1, 0, 0], [0, 1, 1, 1, 1, 0, 0, 0, 1, 0, 1, 1], [1, 0, 0, 0, 0, 0, 0, 1, 0, 0, 0, 0], [1, 0, 0, 0, 0, 1, 1, 0, 0, 0, 1, 0], [1, 1, 0, 1, 0, 1, 0, 1, 0, 1, 0, 1], [0, 1, 1, 1, 0, 1, 0, 1, 0, 0, 1, 0]]",11.0,1.0,Y,"{0: 14, 1: 13, 2: 12, 3: 18, 4: 11, 5: 16, 6: 17, 7: 15, 8: 20, 9: 22, 10: 21, 11: 19}","{(0, 6): 1, (0, 8): 11, (0, 9): 1, (0, 10): 1, (1, 2): 1, (1, 3): 1, (1, 5): 1, (1, 6): 7, (1, 7): 1, (1, 10): 1, (1, 11): 1, (2, 3): 1, (2, 4): 1, (2, 7): 1, (2, 11): 8, (3, 4): 1, (3, 5): 3, (3, 7): 1, (3, 10): 4, (3, 11): 7, (4, 5): 8, (4, 7): 1, (5, 9): 1, (5, 10): 2, (5, 11): 1, (6, 9): 9, (7, 8): 9, (7, 10): 1, (7, 11): 1, (9, 10): 11, (10, 11): 1}",942.9454803466797,175.0,36.0,494.0
54.0,Graph with 12 nodes and 31 edges,"[[0, 0, 0, 0, 0, 0, 1, 0, 1, 1, 1, 0], [0, 0, 1, 1, 0, 1, 1, 1, 0, 0, 1, 1], [0, 1, 0, 1, 1, 0, 0, 1, 0, 0, 0, 1], [0, 1, 1, 0, 1, 1, 0, 1, 0, 0, 1, 1], [0, 0, 1, 1, 0, 1, 0, 1, 0, 0, 0, 0], [0, 1, 0, 1, 1, 0, 0, 0, 0, 1, 1, 1], [1, 1, 0, 0, 0, 0, 0, 0, 0, 1, 0, 0], [0, 1, 1, 1, 1, 0, 0, 0, 1, 0, 1, 1], [1, 0, 0, 0, 0, 0, 0, 1, 0, 0, 0, 0], [1, 0, 0, 0, 0, 1, 1, 0, 0, 0, 1, 0], [1, 1, 0, 1, 0, 1, 0, 1, 0, 1, 0, 1], [0, 1, 1, 1, 0, 1, 0, 1, 0, 0, 1, 0]]",23.0,8.0,Y,"{0: 31, 1: 39, 2: 47, 3: 55, 4: 63, 5: 71, 6: 79, 7: 87, 8: 95, 9: 103, 10: 111, 11: 23}","{(0, 6): 15, (0, 8): 14, (0, 9): 1, (0, 10): 1, (1, 2): 33, (1, 3): 1, (1, 5): 1, (1, 6): 1, (1, 7): 1, (1, 10): 1, (1, 11): 1, (2, 3): 1, (2, 4): 4, (2, 7): 1, (2, 11): 8, (3, 4): 1, (3, 5): 1, (3, 7): 1, (3, 10): 49, (3, 11): 1, (4, 5): 57, (4, 7): 1, (5, 9): 1, (5, 10): 10, (5, 11): 1, (6, 9): 63, (7, 8): 81, (7, 10): 1, (7, 11): 1, (9, 10): 38, (10, 11): 11}",1348.0186462402344,175.0,36.0,494.0
57.0,Graph with 12 nodes and 38 edges,"[[0, 1, 0, 1, 0, 1, 1, 0, 1, 0, 0, 1], [1, 0, 0, 1, 0, 0, 1, 1, 1, 0, 1, 1], [0, 0, 0, 1, 0, 1, 1, 0, 0, 1, 0, 0], [1, 1, 1, 0, 0, 1, 1, 1, 1, 1, 0, 1], [0, 0, 0, 0, 0, 1, 1, 1, 1, 1, 0, 0], [1, 0, 1, 1, 1, 0, 1, 0, 1, 1, 0, 0], [1, 1, 1, 1, 1, 1, 0, 1, 1, 0, 1, 0], [0, 1, 0, 1, 1, 0, 1, 0, 1, 1, 1, 0], [1, 1, 0, 1, 1, 1, 1, 1, 0, 0, 0, 0], [0, 0, 1, 1, 1, 1, 0, 1, 0, 0, 1, 0], [0, 1, 0, 0, 0, 0, 1, 1, 0, 1, 0, 1], [1, 1, 0, 1, 0, 0, 0, 0, 0, 0, 1, 0]]",6.0,2.0,Y,"{0: 8, 1: 10, 2: 12, 3: 14, 4: 16, 5: 18, 6: 20, 7: 22, 8: 24, 9: 26, 10: 28, 11: 6}","{(0, 1): 3, (0, 3): 1, (0, 5): 1, (0, 6): 1, (0, 8): 1, (0, 11): 1, (1, 3): 2, (1, 6): 1, (1, 7): 1, (1, 8): 1, (1, 10): 1, (1, 11): 1, (2, 3): 5, (2, 5): 5, (2, 6): 1, (2, 9): 1, (3, 5): 1, (3, 6): 1, (3, 7): 1, (3, 8): 1, (3, 9): 1, (3, 11): 1, (4, 5): 4, (4, 6): 1, (4, 7): 1, (4, 8): 1, (4, 9): 9, (5, 6): 1, (5, 8): 5, (5, 9): 1, (6, 7): 3, (6, 8): 4, (6, 10): 7, (7, 8): 11, (7, 9): 1, (7, 10): 4, (9, 10): 13, (10, 11): 3}",1305.1033020019531,182.0,36.0,508.0
59.0,Graph with 12 nodes and 28 edges,"[[0, 0, 0, 1, 1, 0, 0, 1, 0, 0, 0, 0], [0, 0, 1, 1, 0, 0, 1, 0, 0, 1, 0, 0], [0, 1, 0, 1, 0, 1, 1, 1, 1, 1, 1, 1], [1, 1, 1, 0, 0, 1, 1, 1, 0, 0, 1, 0], [1, 0, 0, 0, 0, 1, 0, 1, 0, 0, 0, 0], [0, 0, 1, 1, 1, 0, 0, 0, 0, 0, 0, 0], [0, 1, 1, 1, 0, 0, 0, 0, 0, 1, 0, 0], [1, 0, 1, 1, 1, 0, 0, 0, 1, 1, 1, 1], [0, 0, 1, 0, 0, 0, 0, 1, 0, 0, 0, 0], [0, 1, 1, 0, 0, 0, 1, 1, 0, 0, 0, 1], [0, 0, 1, 1, 0, 0, 0, 1, 0, 0, 0, 1], [0, 0, 1, 0, 0, 0, 0, 1, 0, 1, 1, 0]]",20.0,8.0,Y,"{0: 28, 1: 36, 2: 44, 3: 52, 4: 60, 5: 68, 6: 76, 7: 84, 8: 92, 9: 100, 10: 20, 11: 108}","{(0, 3): 13, (0, 4): 14, (0, 7): 1, (1, 2): 1, (1, 3): 1, (1, 6): 33, (1, 9): 1, (2, 3): 1, (2, 5): 1, (2, 6): 20, (2, 7): 1, (2, 8): 17, (2, 9): 1, (2, 10): 1, (2, 11): 1, (3, 5): 22, (3, 6): 13, (3, 7): 1, (3, 10): 1, (4, 5): 45, (4, 7): 1, (6, 9): 10, (7, 8): 75, (7, 9): 1, (7, 10): 1, (7, 11): 3, (9, 11): 87, (10, 11): 17}",1318.9315795898438,172.0,36.0,488.0
59.0,Graph with 12 nodes and 28 edges,"[[0, 0, 0, 1, 1, 0, 0, 1, 0, 0, 0, 0], [0, 0, 1, 1, 0, 0, 1, 0, 0, 1, 0, 0], [0, 1, 0, 1, 0, 1, 1, 1, 1, 1, 1, 1], [1, 1, 1, 0, 0, 1, 1, 1, 0, 0, 1, 0], [1, 0, 0, 0, 0, 1, 0, 1, 0, 0, 0, 0], [0, 0, 1, 1, 1, 0, 0, 0, 0, 0, 0, 0], [0, 1, 1, 1, 0, 0, 0, 0, 0, 1, 0, 0], [1, 0, 1, 1, 1, 0, 0, 0, 1, 1, 1, 1], [0, 0, 1, 0, 0, 0, 0, 1, 0, 0, 0, 0], [0, 1, 1, 0, 0, 0, 1, 1, 0, 0, 0, 1], [0, 0, 1, 1, 0, 0, 0, 1, 0, 0, 0, 1], [0, 0, 1, 0, 0, 0, 0, 1, 0, 1, 1, 0]]",28.0,7.0,Y,"{0: 63, 1: 49, 2: 105, 3: 56, 4: 91, 5: 98, 6: 35, 7: 84, 8: 42, 9: 70, 10: 28, 11: 77}","{(0, 3): 1, (0, 4): 1, (0, 7): 61, (1, 2): 15, (1, 3): 1, (1, 6): 32, (1, 9): 1, (2, 3): 27, (2, 5): 1, (2, 6): 1, (2, 7): 1, (2, 8): 41, (2, 9): 17, (2, 10): 1, (2, 11): 1, (3, 5): 24, (3, 6): 1, (3, 7): 1, (3, 10): 1, (4, 5): 73, (4, 7): 17, (6, 9): 1, (7, 8): 1, (7, 9): 1, (7, 10): 1, (7, 11): 1, (9, 11): 50, (10, 11): 25}",1990.0798797607422,172.0,36.0,488.0
63.0,Graph with 12 nodes and 26 edges,"[[0, 0, 0, 1, 0, 0, 0, 0, 0, 1, 1, 1], [0, 0, 0, 1, 0, 1, 0, 1, 0, 1, 0, 0], [0, 0, 0, 1, 1, 0, 0, 0, 1, 0, 0, 0], [1, 1, 1, 0, 0, 1, 0, 1, 0, 0, 0, 0], [0, 0, 1, 0, 0, 0, 1, 1, 0, 1, 0, 1], [0, 1, 0, 1, 0, 0, 0, 1, 0, 1, 1, 0], [0, 0, 0, 0, 1, 0, 0, 0, 0, 0, 1, 1], [0, 1, 0, 1, 1, 1, 0, 0, 0, 0, 0, 1], [0, 0, 1, 0, 0, 0, 0, 0, 0, 1, 1, 0], [1, 1, 0, 0, 1, 1, 0, 0, 1, 0, 1, 0], [1, 0, 0, 0, 0, 1, 1, 0, 1, 1, 0, 0], [1, 0, 0, 0, 1, 0, 1, 1, 0, 0, 0, 0]]",6.0,9.0,Y,"{0: 78, 1: 42, 2: 69, 3: 105, 4: 6, 5: 15, 6: 33, 7: 96, 8: 87, 9: 24, 10: 60, 11: 51}","{(0, 3): 21, (0, 9): 1, (0, 10): 38, (0, 11): 18, (1, 3): 1, (1, 5): 1, (1, 7): 21, (1, 9): 19, (2, 3): 1, (2, 4): 1, (2, 8): 67, (3, 5): 11, (3, 7): 71, (4, 6): 1, (4, 7): 2, (4, 9): 1, (4, 11): 1, (5, 7): 1, (5, 9): 1, (5, 10): 1, (6, 10): 1, (6, 11): 31, (7, 11): 1, (8, 9): 1, (8, 10): 19, (9, 10): 1}",1907.1102142333984,170.0,36.0,484.0
64.0,Graph with 12 nodes and 38 edges,"[[0, 1, 1, 0, 1, 1, 0, 1, 1, 1, 1, 0], [1, 0, 0, 1, 1, 0, 1, 1, 0, 1, 0, 0], [1, 0, 0, 0, 1, 1, 1, 0, 1, 0, 0, 1], [0, 1, 0, 0, 0, 0, 0, 0, 0, 1, 1, 0], [1, 1, 1, 0, 0, 0, 1, 1, 0, 1, 0, 0], [1, 0, 1, 0, 0, 0, 1, 1, 1, 1, 0, 1], [0, 1, 1, 0, 1, 1, 0, 0, 1, 1, 1, 0], [1, 1, 0, 0, 1, 1, 0, 0, 0, 1, 1, 1], [1, 0, 1, 0, 0, 1, 1, 0, 0, 0, 1, 1], [1, 1, 0, 1, 1, 1, 1, 1, 0, 0, 0, 1], [1, 0, 0, 1, 0, 0, 1, 1, 1, 0, 0, 1], [0, 0, 1, 0, 0, 1, 0, 1, 1, 1, 1, 0]]",18.0,7.0,Y,"{0: 32, 1: 46, 2: 25, 3: 53, 4: 88, 5: 74, 6: 60, 7: 95, 8: 18, 9: 39, 10: 81, 11: 67}","{(0, 1): 17, (0, 2): 1, (0, 4): 1, (0, 5): 9, (0, 7): 1, (0, 8): 1, (0, 9): 1, (0, 10): 1, (1, 3): 9, (1, 4): 9, (1, 6): 1, (1, 7): 9, (1, 9): 1, (2, 4): 4, (2, 5): 1, (2, 6): 5, (2, 8): 5, (2, 11): 9, (3, 9): 1, (3, 10): 43, (4, 6): 9, (4, 7): 33, (4, 9): 32, (5, 6): 34, (5, 7): 11, (5, 8): 9, (5, 9): 1, (5, 11): 9, (6, 8): 1, (6, 9): 1, (6, 10): 9, (7, 9): 1, (7, 10): 10, (7, 11): 30, (8, 10): 1, (8, 11): 1, (9, 11): 1, (10, 11): 17}",77.96287536621094,182.0,36.0,508.0
66.0,Graph with 12 nodes and 29 edges,"[[0, 1, 1, 0, 1, 0, 0, 0, 1, 0, 0, 0], [1, 0, 1, 0, 0, 1, 0, 1, 0, 1, 0, 1], [1, 1, 0, 1, 1, 1, 1, 1, 1, 1, 1, 0], [0, 0, 1, 0, 0, 0, 0, 1, 1, 0, 1, 0], [1, 0, 1, 0, 0, 0, 1, 0, 0, 0, 1, 0], [0, 1, 1, 0, 0, 0, 1, 0, 1, 0, 1, 0], [0, 0, 1, 0, 1, 1, 0, 0, 0, 0, 0, 1], [0, 1, 1, 1, 0, 0, 0, 0, 0, 0, 0, 0], [1, 0, 1, 1, 0, 1, 0, 0, 0, 1, 1, 1], [0, 1, 1, 0, 0, 0, 0, 0, 1, 0, 0, 0], [0, 0, 1, 1, 1, 1, 0, 0, 1, 0, 0, 0], [0, 1, 0, 0, 0, 0, 1, 0, 1, 0, 0, 0]]",9.0,4.0,Y,"{0: 13, 1: 17, 2: 21, 3: 25, 4: 29, 5: 33, 6: 37, 7: 41, 8: 45, 9: 9, 10: 49, 11: 53}","{(0, 1): 6, (0, 2): 1, (0, 4): 5, (0, 8): 1, (1, 2): 1, (1, 5): 1, (1, 7): 7, (1, 9): 1, (1, 11): 1, (2, 3): 1, (2, 4): 1, (2, 5): 1, (2, 6): 1, (2, 7): 12, (2, 8): 1, (2, 9): 1, (2, 10): 1, (3, 7): 22, (3, 8): 1, (3, 10): 1, (4, 6): 1, (4, 10): 22, (5, 6): 11, (5, 8): 1, (5, 10): 19, (6, 11): 24, (8, 9): 7, (8, 10): 6, (8, 11): 28}",1358.0322265625,173.0,36.0,490.0
66.0,Graph with 12 nodes and 29 edges,"[[0, 1, 1, 0, 1, 0, 0, 0, 1, 0, 0, 0], [1, 0, 1, 0, 0, 1, 0, 1, 0, 1, 0, 1], [1, 1, 0, 1, 1, 1, 1, 1, 1, 1, 1, 0], [0, 0, 1, 0, 0, 0, 0, 1, 1, 0, 1, 0], [1, 0, 1, 0, 0, 0, 1, 0, 0, 0, 1, 0], [0, 1, 1, 0, 0, 0, 1, 0, 1, 0, 1, 0], [0, 0, 1, 0, 1, 1, 0, 0, 0, 0, 0, 1], [0, 1, 1, 1, 0, 0, 0, 0, 0, 0, 0, 0], [1, 0, 1, 1, 0, 1, 0, 0, 0, 1, 1, 1], [0, 1, 1, 0, 0, 0, 0, 0, 1, 0, 0, 0], [0, 0, 1, 1, 1, 1, 0, 0, 1, 0, 0, 0], [0, 1, 0, 0, 0, 0, 1, 0, 1, 0, 0, 0]]",23.0,9.0,Y,"{0: 122, 1: 86, 2: 68, 3: 50, 4: 113, 5: 77, 6: 104, 7: 32, 8: 95, 9: 23, 10: 59, 11: 41}","{(0, 1): 1, (0, 2): 1, (0, 4): 78, (0, 8): 42, (1, 2): 1, (1, 5): 1, (1, 7): 23, (1, 9): 21, (1, 11): 39, (2, 3): 1, (2, 4): 1, (2, 5): 1, (2, 6): 1, (2, 7): 1, (2, 8): 9, (2, 9): 1, (2, 10): 51, (3, 7): 8, (3, 8): 40, (3, 10): 1, (4, 6): 29, (4, 10): 5, (5, 6): 73, (5, 8): 1, (5, 10): 1, (6, 11): 1, (8, 9): 1, (8, 10): 1, (8, 11): 1}",1771.9268798828125,173.0,36.0,490.0
67.0,Graph with 12 nodes and 31 edges,"[[0, 0, 1, 1, 1, 1, 1, 1, 0, 1, 0, 1], [0, 0, 0, 0, 0, 1, 0, 0, 0, 1, 1, 0], [1, 0, 0, 0, 0, 0, 0, 1, 0, 1, 0, 0], [1, 0, 0, 0, 1, 1, 0, 1, 0, 0, 1, 1], [1, 0, 0, 1, 0, 0, 1, 0, 1, 1, 0, 1], [1, 1, 0, 1, 0, 0, 0, 0, 0, 0, 1, 0], [1, 0, 0, 0, 1, 0, 0, 0, 0, 1, 1, 1], [1, 0, 1, 1, 0, 0, 0, 0, 1, 0, 1, 0], [0, 0, 0, 0, 1, 0, 0, 1, 0, 0, 1, 0], [1, 1, 1, 0, 1, 0, 1, 0, 0, 0, 1, 0], [0, 1, 0, 1, 0, 1, 1, 1, 1, 1, 0, 1], [1, 0, 0, 1, 1, 0, 1, 0, 0, 0, 1, 0]]",28.0,7.0,Y,"{0: 84, 1: 56, 2: 91, 3: 63, 4: 98, 5: 70, 6: 28, 7: 105, 8: 49, 9: 42, 10: 35, 11: 77}","{(0, 2): 23, (0, 3): 1, (0, 4): 1, (0, 5): 6, (0, 6): 13, (0, 7): 26, (0, 9): 1, (0, 11): 13, (1, 5): 33, (1, 9): 22, (1, 10): 1, (2, 7): 55, (2, 9): 13, (3, 4): 13, (3, 5): 8, (3, 7): 13, (3, 10): 1, (3, 11): 27, (4, 6): 12, (4, 8): 36, (4, 9): 1, (4, 11): 35, (5, 10): 23, (6, 9): 1, (6, 10): 1, (6, 11): 1, (7, 8): 10, (7, 10): 1, (8, 10): 3, (9, 10): 4, (10, 11): 1}",102.04315185546875,175.0,36.0,494.0
68.0,Graph with 12 nodes and 37 edges,"[[0, 1, 0, 1, 1, 0, 1, 0, 1, 1, 1, 1], [1, 0, 0, 1, 0, 0, 1, 1, 1, 1, 1, 1], [0, 0, 0, 0, 0, 1, 0, 0, 1, 0, 1, 0], [1, 1, 0, 0, 1, 1, 1, 0, 1, 0, 1, 1], [1, 0, 0, 1, 0, 0, 0, 0, 1, 1, 0, 1], [0, 0, 1, 1, 0, 0, 1, 0, 1, 1, 0, 1], [1, 1, 0, 1, 0, 1, 0, 1, 1, 1, 0, 0], [0, 1, 0, 0, 0, 0, 1, 0, 1, 0, 0, 1], [1, 1, 1, 1, 1, 1, 1, 1, 0, 0, 0, 0], [1, 1, 0, 0, 1, 1, 1, 0, 0, 0, 0, 1], [1, 1, 1, 1, 0, 0, 0, 0, 0, 0, 0, 0], [1, 1, 0, 1, 1, 1, 0, 1, 0, 1, 0, 0]]",14.0,8.0,Y,"{0: 22, 1: 30, 2: 38, 3: 46, 4: 54, 5: 62, 6: 70, 7: 78, 8: 94, 9: 86, 10: 14, 11: 102}","{(0, 1): 1, (0, 3): 1, (0, 4): 15, (0, 6): 1, (0, 8): 1, (0, 9): 1, (0, 10): 1, (0, 11): 1, (1, 3): 1, (1, 6): 1, (1, 7): 5, (1, 8): 9, (1, 9): 5, (1, 10): 1, (1, 11): 7, (2, 5): 13, (2, 8): 14, (2, 10): 11, (3, 4): 18, (3, 5): 1, (3, 6): 1, (3, 8): 17, (3, 10): 1, (3, 11): 6, (4, 8): 2, (4, 9): 12, (4, 11): 7, (5, 6): 25, (5, 8): 21, (5, 9): 1, (5, 11): 1, (6, 7): 1, (6, 8): 6, (6, 9): 35, (7, 8): 24, (7, 11): 48, (9, 11): 32}",1285.0761413574219,181.0,36.0,506.0
69.0,Graph with 12 nodes and 20 edges,"[[0, 1, 0, 1, 0, 1, 0, 0, 0, 1, 1, 0], [1, 0, 0, 0, 0, 1, 1, 0, 0, 0, 0, 0], [0, 0, 0, 0, 1, 0, 0, 0, 0, 0, 0, 0], [1, 0, 0, 0, 0, 0, 0, 0, 0, 1, 0, 1], [0, 0, 1, 0, 0, 0, 0, 0, 1, 1, 1, 1], [1, 1, 0, 0, 0, 0, 1, 1, 1, 0, 0, 0], [0, 1, 0, 0, 0, 1, 0, 0, 0, 0, 0, 0], [0, 0, 0, 0, 0, 1, 0, 0, 0, 1, 0, 0], [0, 0, 0, 0, 1, 1, 0, 0, 0, 1, 0, 0], [1, 0, 0, 1, 1, 0, 0, 1, 1, 0, 1, 0], [1, 0, 0, 0, 1, 0, 0, 0, 0, 1, 0, 0], [0, 0, 0, 1, 1, 0, 0, 0, 0, 0, 0, 0]]",4.0,3.0,Y,"{0: 34, 1: 13, 2: 31, 3: 22, 4: 37, 5: 28, 6: 7, 7: 4, 8: 16, 9: 25, 10: 19, 11: 10}","{(0, 1): 1, (0, 3): 1, (0, 5): 6, (0, 9): 9, (0, 10): 17, (1, 5): 6, (1, 6): 6, (2, 4): 31, (3, 9): 12, (3, 11): 9, (4, 8): 3, (4, 9): 1, (4, 10): 1, (4, 11): 1, (5, 6): 1, (5, 7): 3, (5, 8): 12, (7, 9): 1, (8, 9): 1, (9, 10): 1}",1018.0473327636719,164.0,36.0,472.0
69.0,Graph with 12 nodes and 20 edges,"[[0, 1, 0, 1, 0, 1, 0, 0, 0, 1, 1, 0], [1, 0, 0, 0, 0, 1, 1, 0, 0, 0, 0, 0], [0, 0, 0, 0, 1, 0, 0, 0, 0, 0, 0, 0], [1, 0, 0, 0, 0, 0, 0, 0, 0, 1, 0, 1], [0, 0, 1, 0, 0, 0, 0, 0, 1, 1, 1, 1], [1, 1, 0, 0, 0, 0, 1, 1, 1, 0, 0, 0], [0, 1, 0, 0, 0, 1, 0, 0, 0, 0, 0, 0], [0, 0, 0, 0, 0, 1, 0, 0, 0, 1, 0, 0], [0, 0, 0, 0, 1, 1, 0, 0, 0, 1, 0, 0], [1, 0, 0, 1, 1, 0, 0, 1, 1, 0, 1, 0], [1, 0, 0, 0, 1, 0, 0, 0, 0, 1, 0, 0], [0, 0, 0, 1, 1, 0, 0, 0, 0, 0, 0, 0]]",8.0,4.0,Y,"{0: 52, 1: 20, 2: 8, 3: 36, 4: 44, 5: 40, 6: 16, 7: 32, 8: 48, 9: 28, 10: 24, 11: 12}","{(0, 1): 4, (0, 3): 24, (0, 5): 1, (0, 9): 1, (0, 10): 22, (1, 5): 8, (1, 6): 8, (2, 4): 8, (3, 9): 1, (3, 11): 11, (4, 8): 33, (4, 9): 1, (4, 10): 1, (4, 11): 1, (5, 6): 8, (5, 7): 9, (5, 8): 14, (7, 9): 23, (8, 9): 1, (9, 10): 1}",2274.036407470703,164.0,36.0,472.0
69.0,Graph with 12 nodes and 20 edges,"[[0, 1, 0, 1, 0, 1, 0, 0, 0, 1, 1, 0], [1, 0, 0, 0, 0, 1, 1, 0, 0, 0, 0, 0], [0, 0, 0, 0, 1, 0, 0, 0, 0, 0, 0, 0], [1, 0, 0, 0, 0, 0, 0, 0, 0, 1, 0, 1], [0, 0, 1, 0, 0, 0, 0, 0, 1, 1, 1, 1], [1, 1, 0, 0, 0, 0, 1, 1, 1, 0, 0, 0], [0, 1, 0, 0, 0, 1, 0, 0, 0, 0, 0, 0], [0, 0, 0, 0, 0, 1, 0, 0, 0, 1, 0, 0], [0, 0, 0, 0, 1, 1, 0, 0, 0, 1, 0, 0], [1, 0, 0, 1, 1, 0, 0, 1, 1, 0, 1, 0], [1, 0, 0, 0, 1, 0, 0, 0, 0, 1, 0, 0], [0, 0, 0, 1, 1, 0, 0, 0, 0, 0, 0, 0]]",19.0,3.0,Y,"{0: 49, 1: 28, 2: 22, 3: 43, 4: 46, 5: 52, 6: 34, 7: 40, 8: 19, 9: 37, 10: 25, 11: 31}","{(0, 1): 1, (0, 3): 27, (0, 5): 2, (0, 9): 1, (0, 10): 18, (1, 5): 9, (1, 6): 18, (2, 4): 22, (3, 9): 1, (3, 11): 15, (4, 8): 1, (4, 9): 1, (4, 10): 6, (4, 11): 16, (5, 6): 16, (5, 7): 9, (5, 8): 16, (7, 9): 31, (8, 9): 2, (9, 10): 1}",1613.1401062011719,164.0,36.0,472.0
69.0,Graph with 12 nodes and 20 edges,"[[0, 1, 0, 1, 0, 1, 0, 0, 0, 1, 1, 0], [1, 0, 0, 0, 0, 1, 1, 0, 0, 0, 0, 0], [0, 0, 0, 0, 1, 0, 0, 0, 0, 0, 0, 0], [1, 0, 0, 0, 0, 0, 0, 0, 0, 1, 0, 1], [0, 0, 1, 0, 0, 0, 0, 0, 1, 1, 1, 1], [1, 1, 0, 0, 0, 0, 1, 1, 1, 0, 0, 0], [0, 1, 0, 0, 0, 1, 0, 0, 0, 0, 0, 0], [0, 0, 0, 0, 0, 1, 0, 0, 0, 1, 0, 0], [0, 0, 0, 0, 1, 1, 0, 0, 0, 1, 0, 0], [1, 0, 0, 1, 1, 0, 0, 1, 1, 0, 1, 0], [1, 0, 0, 0, 1, 0, 0, 0, 0, 1, 0, 0], [0, 0, 0, 1, 1, 0, 0, 0, 0, 0, 0, 0]]",20.0,1.0,Y,"{0: 28, 1: 23, 2: 20, 3: 25, 4: 31, 5: 27, 6: 22, 7: 26, 8: 24, 9: 29, 10: 30, 11: 21}","{(0, 1): 1, (0, 3): 4, (0, 5): 1, (0, 9): 1, (0, 10): 21, (1, 5): 1, (1, 6): 21, (2, 4): 20, (3, 9): 1, (3, 11): 20, (4, 8): 1, (4, 9): 1, (4, 10): 8, (4, 11): 1, (5, 6): 1, (5, 7): 2, (5, 8): 22, (7, 9): 24, (8, 9): 1, (9, 10): 1}",1982.9273223876953,164.0,36.0,472.0
70.0,Graph with 12 nodes and 31 edges,"[[0, 1, 1, 0, 0, 1, 0, 0, 0, 1, 1, 1], [1, 0, 0, 0, 1, 0, 0, 1, 0, 0, 1, 0], [1, 0, 0, 0, 1, 0, 0, 1, 1, 1, 1, 0], [0, 0, 0, 0, 0, 0, 1, 0, 1, 1, 1, 1], [0, 1, 1, 0, 0, 0, 0, 1, 1, 0, 0, 0], [1, 0, 0, 0, 0, 0, 0, 0, 0, 0, 1, 1], [0, 0, 0, 1, 0, 0, 0, 0, 0, 1, 0, 1], [0, 1, 1, 0, 1, 0, 0, 0, 0, 1, 1, 1], [0, 0, 1, 1, 1, 0, 0, 0, 0, 0, 0, 1], [1, 0, 1, 1, 0, 0, 1, 1, 0, 0, 1, 0], [1, 1, 1, 1, 0, 1, 0, 1, 0, 1, 0, 1], [1, 0, 0, 1, 0, 1, 1, 1, 1, 0, 1, 0]]",6.0,6.0,Y,"{0: 18, 1: 42, 2: 30, 3: 60, 4: 6, 5: 54, 6: 48, 7: 24, 8: 36, 9: 12, 10: 72, 11: 66}","{(0, 1): 1, (0, 2): 1, (0, 5): 1, (0, 9): 1, (0, 10): 13, (0, 11): 1, (1, 4): 1, (1, 7): 1, (1, 10): 39, (2, 4): 1, (2, 7): 3, (2, 8): 17, (2, 9): 7, (2, 10): 1, (3, 6): 39, (3, 8): 17, (3, 9): 1, (3, 10): 1, (3, 11): 2, (4, 7): 3, (4, 8): 1, (5, 10): 1, (5, 11): 52, (6, 9): 1, (6, 11): 8, (7, 9): 1, (7, 10): 15, (7, 11): 1, (8, 11): 1, (9, 10): 1, (10, 11): 1}",1101.0169982910156,175.0,36.0,494.0
71.0,Graph with 12 nodes and 36 edges,"[[0, 1, 1, 0, 1, 1, 0, 1, 0, 0, 1, 1], [1, 0, 1, 0, 1, 1, 1, 0, 0, 1, 0, 0], [1, 1, 0, 1, 0, 0, 1, 0, 0, 0, 1, 1], [0, 0, 1, 0, 1, 0, 1, 1, 1, 0, 1, 1], [1, 1, 0, 1, 0, 0, 1, 1, 1, 0, 1, 1], [1, 1, 0, 0, 0, 0, 0, 1, 0, 0, 1, 0], [0, 1, 1, 1, 1, 0, 0, 0, 0, 1, 1, 0], [1, 0, 0, 1, 1, 1, 0, 0, 1, 1, 0, 1], [0, 0, 0, 1, 1, 0, 0, 1, 0, 0, 1, 0], [0, 1, 0, 0, 0, 0, 1, 1, 0, 0, 0, 0], [1, 0, 1, 1, 1, 1, 1, 0, 1, 0, 0, 1], [1, 0, 1, 1, 1, 0, 0, 1, 0, 0, 1, 0]]",10.0,1.0,Y,"{0: 12, 1: 18, 2: 15, 3: 14, 4: 20, 5: 10, 6: 16, 7: 17, 8: 21, 9: 13, 10: 19, 11: 11}","{(0, 1): 1, (0, 2): 1, (0, 4): 4, (0, 5): 3, (0, 7): 1, (0, 10): 1, (0, 11): 1, (1, 2): 7, (1, 4): 1, (1, 5): 2, (1, 6): 4, (1, 9): 3, (2, 3): 1, (2, 6): 2, (2, 10): 1, (2, 11): 3, (3, 4): 1, (3, 6): 1, (3, 7): 6, (3, 8): 3, (3, 10): 1, (3, 11): 1, (4, 6): 1, (4, 7): 1, (4, 8): 6, (4, 10): 2, (4, 11): 4, (5, 7): 4, (5, 10): 1, (6, 9): 7, (6, 10): 1, (7, 8): 1, (7, 9): 3, (7, 11): 1, (8, 10): 11, (10, 11): 1}",116.82510375976562,180.0,36.0,504.0
73.0,Graph with 12 nodes and 38 edges,"[[0, 1, 1, 0, 0, 0, 0, 1, 0, 1, 1, 0], [1, 0, 1, 0, 0, 0, 1, 0, 1, 0, 1, 0], [1, 1, 0, 1, 1, 0, 0, 0, 1, 1, 1, 1], [0, 0, 1, 0, 1, 0, 0, 1, 1, 0, 1, 0], [0, 0, 1, 1, 0, 1, 1, 1, 1, 1, 0, 0], [0, 0, 0, 0, 1, 0, 1, 0, 1, 1, 0, 1], [0, 1, 0, 0, 1, 1, 0, 0, 0, 1, 1, 1], [1, 0, 0, 1, 1, 0, 0, 0, 1, 1, 1, 1], [0, 1, 1, 1, 1, 1, 0, 1, 0, 0, 1, 0], [1, 0, 1, 0, 1, 1, 1, 1, 0, 0, 0, 1], [1, 1, 1, 1, 0, 0, 1, 1, 1, 0, 0, 1], [0, 0, 1, 0, 0, 1, 1, 1, 0, 1, 1, 0]]",11.0,5.0,Y,"{0: 51, 1: 41, 2: 31, 3: 36, 4: 26, 5: 46, 6: 61, 7: 56, 8: 66, 9: 16, 10: 21, 11: 11}","{(0, 1): 3, (0, 2): 1, (0, 7): 45, (0, 9): 1, (0, 10): 1, (1, 2): 21, (1, 6): 15, (1, 8): 1, (1, 10): 1, (2, 3): 1, (2, 4): 1, (2, 8): 1, (2, 9): 1, (2, 10): 4, (2, 11): 1, (3, 4): 1, (3, 7): 1, (3, 8): 32, (3, 10): 1, (4, 5): 1, (4, 6): 20, (4, 7): 1, (4, 8): 1, (4, 9): 1, (5, 6): 14, (5, 8): 29, (5, 9): 1, (5, 11): 1, (6, 9): 10, (6, 10): 1, (6, 11): 1, (7, 8): 1, (7, 9): 1, (7, 10): 6, (7, 11): 1, (8, 10): 1, (9, 11): 1, (10, 11): 6}",1930.9520721435547,182.0,36.0,508.0
73.0,Graph with 12 nodes and 38 edges,"[[0, 1, 1, 0, 0, 0, 0, 1, 0, 1, 1, 0], [1, 0, 1, 0, 0, 0, 1, 0, 1, 0, 1, 0], [1, 1, 0, 1, 1, 0, 0, 0, 1, 1, 1, 1], [0, 0, 1, 0, 1, 0, 0, 1, 1, 0, 1, 0], [0, 0, 1, 1, 0, 1, 1, 1, 1, 1, 0, 0], [0, 0, 0, 0, 1, 0, 1, 0, 1, 1, 0, 1], [0, 1, 0, 0, 1, 1, 0, 0, 0, 1, 1, 1], [1, 0, 0, 1, 1, 0, 0, 0, 1, 1, 1, 1], [0, 1, 1, 1, 1, 1, 0, 1, 0, 0, 1, 0], [1, 0, 1, 0, 1, 1, 1, 1, 0, 0, 0, 1], [1, 1, 1, 1, 0, 0, 1, 1, 1, 0, 0, 1], [0, 0, 1, 0, 0, 1, 1, 1, 0, 1, 1, 0]]",18.0,1.0,Y,"{0: 20, 1: 22, 2: 19, 3: 23, 4: 28, 5: 26, 6: 24, 7: 29, 8: 18, 9: 21, 10: 27, 11: 25}","{(0, 1): 12, (0, 2): 1, (0, 7): 5, (0, 9): 1, (0, 10): 1, (1, 2): 3, (1, 6): 5, (1, 8): 1, (1, 10): 1, (2, 3): 6, (2, 4): 1, (2, 8): 1, (2, 9): 5, (2, 10): 1, (2, 11): 1, (3, 4): 1, (3, 7): 14, (3, 8): 1, (3, 10): 1, (4, 5): 16, (4, 6): 5, (4, 7): 1, (4, 8): 3, (4, 9): 1, (5, 6): 1, (5, 8): 1, (5, 9): 1, (5, 11): 7, (6, 9): 11, (6, 10): 1, (6, 11): 1, (7, 8): 1, (7, 9): 1, (7, 10): 2, (7, 11): 5, (8, 10): 10, (9, 11): 1, (10, 11): 10}",49.114227294921875,182.0,36.0,508.0
74.0,Graph with 12 nodes and 36 edges,"[[0, 0, 1, 0, 1, 0, 1, 0, 1, 1, 1, 1], [0, 0, 1, 0, 1, 0, 1, 1, 1, 0, 1, 0], [1, 1, 0, 0, 0, 1, 0, 0, 0, 0, 1, 0], [0, 0, 0, 0, 1, 1, 0, 1, 1, 0, 0, 1], [1, 1, 0, 1, 0, 0, 1, 0, 1, 0, 0, 1], [0, 0, 1, 1, 0, 0, 1, 1, 0, 1, 1, 1], [1, 1, 0, 0, 1, 1, 0, 0, 0, 1, 1, 1], [0, 1, 0, 1, 0, 1, 0, 0, 1, 0, 0, 1], [1, 1, 0, 1, 1, 0, 0, 1, 0, 1, 1, 0], [1, 0, 0, 0, 0, 1, 1, 0, 1, 0, 0, 0], [1, 1, 1, 0, 0, 1, 1, 0, 1, 0, 0, 1], [1, 0, 0, 1, 1, 1, 1, 1, 0, 0, 1, 0]]",25.0,4.0,Y,"{0: 29, 1: 37, 2: 41, 3: 45, 4: 49, 5: 53, 6: 25, 7: 57, 8: 61, 9: 65, 10: 33, 11: 69}","{(0, 2): 1, (0, 4): 1, (0, 6): 1, (0, 8): 1, (0, 9): 1, (0, 10): 1, (0, 11): 23, (1, 2): 1, (1, 4): 1, (1, 6): 1, (1, 7): 1, (1, 8): 6, (1, 10): 27, (2, 5): 38, (2, 10): 1, (3, 4): 1, (3, 5): 1, (3, 7): 41, (3, 8): 1, (3, 11): 1, (4, 6): 16, (4, 8): 1, (4, 11): 29, (5, 6): 1, (5, 7): 1, (5, 9): 10, (5, 10): 1, (5, 11): 1, (6, 9): 4, (6, 10): 1, (6, 11): 1, (7, 8): 1, (7, 11): 13, (8, 9): 50, (8, 10): 1, (10, 11): 1}",926.971435546875,180.0,36.0,504.0
77.0,Graph with 12 nodes and 26 edges,"[[0, 1, 0, 1, 0, 0, 0, 0, 0, 0, 0, 0], [1, 0, 1, 0, 1, 0, 0, 0, 0, 1, 1, 1], [0, 1, 0, 1, 0, 1, 0, 0, 0, 1, 0, 0], [1, 0, 1, 0, 1, 0, 0, 0, 0, 1, 0, 1], [0, 1, 0, 1, 0, 0, 0, 0, 0, 1, 0, 1], [0, 0, 1, 0, 0, 0, 1, 0, 0, 0, 1, 1], [0, 0, 0, 0, 0, 1, 0, 0, 1, 1, 0, 1], [0, 0, 0, 0, 0, 0, 0, 0, 0, 0, 1, 0], [0, 0, 0, 0, 0, 0, 1, 0, 0, 1, 1, 1], [0, 1, 1, 1, 1, 0, 1, 0, 1, 0, 0, 1], [0, 1, 0, 0, 0, 1, 0, 1, 1, 0, 0, 0], [0, 1, 0, 1, 1, 1, 1, 0, 1, 1, 0, 0]]",2.0,1.0,Y,"{0: 2, 1: 7, 2: 5, 3: 6, 4: 8, 5: 9, 6: 10, 7: 3, 8: 4, 9: 11, 10: 12, 11: 13}","{(0, 1): 1, (0, 3): 1, (1, 2): 1, (1, 4): 1, (1, 9): 1, (1, 10): 2, (1, 11): 1, (2, 3): 2, (2, 5): 1, (2, 9): 1, (3, 4): 1, (3, 9): 1, (3, 11): 1, (4, 9): 5, (4, 11): 1, (5, 6): 1, (5, 10): 6, (5, 11): 1, (6, 8): 1, (6, 9): 1, (6, 11): 7, (7, 10): 3, (8, 9): 1, (8, 10): 1, (8, 11): 1, (9, 11): 1}",1096.963882446289,170.0,36.0,484.0
77.0,Graph with 12 nodes and 26 edges,"[[0, 1, 0, 1, 0, 0, 0, 0, 0, 0, 0, 0], [1, 0, 1, 0, 1, 0, 0, 0, 0, 1, 1, 1], [0, 1, 0, 1, 0, 1, 0, 0, 0, 1, 0, 0], [1, 0, 1, 0, 1, 0, 0, 0, 0, 1, 0, 1], [0, 1, 0, 1, 0, 0, 0, 0, 0, 1, 0, 1], [0, 0, 1, 0, 0, 0, 1, 0, 0, 0, 1, 1], [0, 0, 0, 0, 0, 1, 0, 0, 1, 1, 0, 1], [0, 0, 0, 0, 0, 0, 0, 0, 0, 0, 1, 0], [0, 0, 0, 0, 0, 0, 1, 0, 0, 1, 1, 1], [0, 1, 1, 1, 1, 0, 1, 0, 1, 0, 0, 1], [0, 1, 0, 0, 0, 1, 0, 1, 1, 0, 0, 0], [0, 1, 0, 1, 1, 1, 1, 0, 1, 1, 0, 0]]",24.0,6.0,Y,"{0: 24, 1: 90, 2: 66, 3: 54, 4: 36, 5: 78, 6: 48, 7: 30, 8: 84, 9: 72, 10: 60, 11: 42}","{(0, 1): 23, (0, 3): 1, (1, 2): 1, (1, 4): 1, (1, 9): 1, (1, 10): 28, (1, 11): 36, (2, 3): 1, (2, 5): 63, (2, 9): 1, (3, 4): 33, (3, 9): 18, (3, 11): 1, (4, 9): 1, (4, 11): 1, (5, 6): 13, (5, 10): 1, (5, 11): 1, (6, 8): 33, (6, 9): 1, (6, 11): 1, (7, 10): 30, (8, 9): 49, (8, 10): 1, (8, 11): 1, (9, 11): 1}",2258.0623626708984,170.0,36.0,484.0
78.0,Graph with 12 nodes and 31 edges,"[[0, 1, 1, 0, 1, 1, 0, 1, 0, 0, 0, 0], [1, 0, 1, 1, 1, 0, 0, 1, 1, 0, 1, 1], [1, 1, 0, 1, 1, 0, 1, 0, 1, 1, 1, 1], [0, 1, 1, 0, 1, 1, 0, 1, 0, 1, 0, 1], [1, 1, 1, 1, 0, 1, 0, 0, 0, 0, 0, 1], [1, 0, 0, 1, 1, 0, 0, 1, 1, 0, 1, 0], [0, 0, 1, 0, 0, 0, 0, 0, 0, 0, 0, 0], [1, 1, 0, 1, 0, 1, 0, 0, 0, 0, 0, 0], [0, 1, 1, 0, 0, 1, 0, 0, 0, 0, 1, 1], [0, 0, 1, 1, 0, 0, 0, 0, 0, 0, 0, 0], [0, 1, 1, 0, 0, 1, 0, 0, 1, 0, 0, 0], [0, 1, 1, 1, 1, 0, 0, 0, 1, 0, 0, 0]]",3.0,5.0,Y,"{0: 8, 1: 58, 2: 13, 3: 53, 4: 48, 5: 43, 6: 3, 7: 38, 8: 33, 9: 28, 10: 23, 11: 18}","{(0, 1): 1, (0, 2): 3, (0, 4): 1, (0, 5): 1, (0, 7): 2, (1, 2): 1, (1, 3): 1, (1, 4): 1, (1, 7): 34, (1, 8): 1, (1, 10): 5, (1, 11): 14, (2, 3): 1, (2, 4): 1, (2, 6): 3, (2, 8): 1, (2, 9): 1, (2, 10): 1, (2, 11): 1, (3, 4): 20, (3, 5): 2, (3, 7): 1, (3, 9): 27, (3, 11): 1, (4, 5): 24, (4, 11): 1, (5, 7): 1, (5, 8): 14, (5, 10): 1, (8, 10): 16, (8, 11): 1}",1101.0169982910156,175.0,36.0,494.0
78.0,Graph with 12 nodes and 31 edges,"[[0, 1, 1, 0, 1, 1, 0, 1, 0, 0, 0, 0], [1, 0, 1, 1, 1, 0, 0, 1, 1, 0, 1, 1], [1, 1, 0, 1, 1, 0, 1, 0, 1, 1, 1, 1], [0, 1, 1, 0, 1, 1, 0, 1, 0, 1, 0, 1], [1, 1, 1, 1, 0, 1, 0, 0, 0, 0, 0, 1], [1, 0, 0, 1, 1, 0, 0, 1, 1, 0, 1, 0], [0, 0, 1, 0, 0, 0, 0, 0, 0, 0, 0, 0], [1, 1, 0, 1, 0, 1, 0, 0, 0, 0, 0, 0], [0, 1, 1, 0, 0, 1, 0, 0, 0, 0, 1, 1], [0, 0, 1, 1, 0, 0, 0, 0, 0, 0, 0, 0], [0, 1, 1, 0, 0, 1, 0, 0, 1, 0, 0, 0], [0, 1, 1, 1, 1, 0, 0, 0, 1, 0, 0, 0]]",21.0,4.0,Y,"{0: 65, 1: 61, 2: 57, 3: 53, 4: 49, 5: 45, 6: 41, 7: 37, 8: 33, 9: 29, 10: 25, 11: 21}","{(0, 1): 1, (0, 2): 1, (0, 4): 44, (0, 5): 18, (0, 7): 1, (1, 2): 9, (1, 3): 1, (1, 4): 1, (1, 7): 34, (1, 8): 1, (1, 10): 1, (1, 11): 13, (2, 3): 1, (2, 4): 1, (2, 6): 41, (2, 8): 1, (2, 9): 1, (2, 10): 1, (2, 11): 1, (3, 4): 1, (3, 5): 20, (3, 7): 1, (3, 9): 28, (3, 11): 1, (4, 5): 1, (4, 11): 1, (5, 7): 1, (5, 8): 4, (5, 10): 1, (8, 10): 22, (8, 11): 5}",1046.895980834961,175.0,36.0,494.0
79.0,Graph with 12 nodes and 35 edges,"[[0, 0, 0, 0, 0, 0, 1, 1, 1, 1, 0, 0], [0, 0, 1, 1, 1, 0, 1, 1, 1, 1, 1, 1], [0, 1, 0, 1, 0, 0, 0, 0, 0, 0, 1, 1], [0, 1, 1, 0, 0, 0, 0, 1, 1, 0, 1, 1], [0, 1, 0, 0, 0, 1, 0, 1, 0, 1, 0, 1], [0, 0, 0, 0, 1, 0, 0, 1, 1, 1, 1, 0], [1, 1, 0, 0, 0, 0, 0, 0, 0, 0, 0, 0], [1, 1, 0, 1, 1, 1, 0, 0, 0, 1, 1, 0], [1, 1, 0, 1, 0, 1, 0, 0, 0, 0, 1, 1], [1, 1, 0, 0, 1, 1, 0, 1, 0, 0, 1, 1], [0, 1, 1, 1, 0, 1, 0, 1, 1, 1, 0, 1], [0, 1, 1, 1, 1, 0, 0, 0, 1, 1, 1, 0]]",19.0,4.0,Y,"{0: 23, 1: 27, 2: 31, 3: 35, 4: 39, 5: 43, 6: 19, 7: 47, 8: 51, 9: 55, 10: 59, 11: 63}","{(0, 6): 18, (0, 7): 3, (0, 8): 1, (0, 9): 1, (1, 2): 19, (1, 3): 1, (1, 4): 1, (1, 6): 1, (1, 7): 1, (1, 8): 1, (1, 9): 1, (1, 10): 1, (1, 11): 1, (2, 3): 10, (2, 10): 1, (2, 11): 1, (3, 7): 21, (3, 8): 1, (3, 10): 1, (3, 11): 1, (4, 5): 25, (4, 7): 1, (4, 9): 1, (4, 11): 11, (5, 7): 12, (5, 8): 1, (5, 9): 4, (5, 10): 1, (7, 9): 1, (7, 10): 8, (8, 10): 17, (8, 11): 30, (9, 10): 29, (9, 11): 18, (10, 11): 1}",1474.142074584961,179.0,36.0,502.0
82.0,Graph with 12 nodes and 30 edges,"[[0, 1, 1, 1, 0, 1, 1, 0, 1, 1, 1, 1], [1, 0, 1, 1, 0, 1, 0, 0, 0, 1, 1, 0], [1, 1, 0, 1, 0, 1, 0, 0, 0, 0, 1, 0], [1, 1, 1, 0, 0, 0, 1, 1, 0, 0, 1, 0], [0, 0, 0, 0, 0, 1, 0, 0, 0, 1, 1, 0], [1, 1, 1, 0, 1, 0, 1, 1, 0, 0, 0, 0], [1, 0, 0, 1, 0, 1, 0, 0, 1, 0, 0, 1], [0, 0, 0, 1, 0, 1, 0, 0, 0, 0, 1, 0], [1, 0, 0, 0, 0, 0, 1, 0, 0, 0, 1, 0], [1, 1, 0, 0, 1, 0, 0, 0, 0, 0, 1, 0], [1, 1, 1, 1, 1, 0, 0, 1, 1, 1, 0, 0], [1, 0, 0, 0, 0, 0, 1, 0, 0, 0, 0, 0]]",11.0,2.0,Y,"{0: 33, 1: 17, 2: 11, 3: 25, 4: 21, 5: 27, 6: 19, 7: 31, 8: 13, 9: 15, 10: 29, 11: 23}","{(0, 1): 1, (0, 2): 1, (0, 3): 1, (0, 5): 1, (0, 6): 1, (0, 8): 4, (0, 9): 1, (0, 10): 1, (0, 11): 22, (1, 2): 1, (1, 3): 1, (1, 5): 1, (1, 9): 12, (1, 10): 1, (2, 3): 1, (2, 5): 7, (2, 10): 1, (3, 6): 8, (3, 7): 12, (3, 10): 2, (4, 5): 16, (4, 9): 1, (4, 10): 4, (5, 6): 1, (5, 7): 1, (6, 8): 8, (6, 11): 1, (7, 10): 18, (8, 10): 1, (9, 10): 1}",971.0788726806641,174.0,36.0,492.0
82.0,Graph with 12 nodes and 30 edges,"[[0, 1, 1, 1, 0, 1, 1, 0, 1, 1, 1, 1], [1, 0, 1, 1, 0, 1, 0, 0, 0, 1, 1, 0], [1, 1, 0, 1, 0, 1, 0, 0, 0, 0, 1, 0], [1, 1, 1, 0, 0, 0, 1, 1, 0, 0, 1, 0], [0, 0, 0, 0, 0, 1, 0, 0, 0, 1, 1, 0], [1, 1, 1, 0, 1, 0, 1, 1, 0, 0, 0, 0], [1, 0, 0, 1, 0, 1, 0, 0, 1, 0, 0, 1], [0, 0, 0, 1, 0, 1, 0, 0, 0, 0, 1, 0], [1, 0, 0, 0, 0, 0, 1, 0, 0, 0, 1, 0], [1, 1, 0, 0, 1, 0, 0, 0, 0, 0, 1, 0], [1, 1, 1, 1, 1, 0, 0, 1, 1, 1, 0, 0], [1, 0, 0, 0, 0, 0, 1, 0, 0, 0, 0, 0]]",15.0,5.0,Y,"{0: 20, 1: 25, 2: 30, 3: 35, 4: 40, 5: 45, 6: 50, 7: 55, 8: 60, 9: 65, 10: 70, 11: 15}","{(0, 1): 12, (0, 2): 1, (0, 3): 1, (0, 5): 1, (0, 6): 1, (0, 8): 1, (0, 9): 1, (0, 10): 1, (0, 11): 1, (1, 2): 9, (1, 3): 1, (1, 5): 1, (1, 9): 1, (1, 10): 1, (2, 3): 17, (2, 5): 1, (2, 10): 2, (3, 6): 1, (3, 7): 14, (3, 10): 1, (4, 5): 1, (4, 9): 32, (4, 10): 7, (5, 6): 1, (5, 7): 40, (6, 8): 33, (6, 11): 14, (7, 10): 1, (8, 10): 26, (9, 10): 31}",1425.9815216064453,174.0,36.0,492.0
84.0,Graph with 12 nodes and 27 edges,"[[0, 0, 0, 0, 0, 0, 0, 1, 1, 0, 1, 1], [0, 0, 1, 1, 1, 1, 0, 0, 1, 1, 1, 1], [0, 1, 0, 0, 0, 0, 1, 1, 0, 0, 0, 1], [0, 1, 0, 0, 0, 0, 1, 0, 1, 0, 0, 0], [0, 1, 0, 0, 0, 1, 1, 0, 0, 0, 1, 0], [0, 1, 0, 0, 1, 0, 1, 0, 0, 0, 1, 1], [0, 0, 1, 1, 1, 1, 0, 1, 0, 0, 0, 0], [1, 0, 1, 0, 0, 0, 1, 0, 0, 0, 1, 0], [1, 1, 0, 1, 0, 0, 0, 0, 0, 1, 1, 0], [0, 1, 0, 0, 0, 0, 0, 0, 1, 0, 0, 0], [1, 1, 0, 0, 1, 1, 0, 1, 1, 0, 0, 0], [1, 1, 1, 0, 0, 1, 0, 0, 0, 0, 0, 0]]",8.0,3.0,Y,"{0: 11, 1: 14, 2: 17, 3: 20, 4: 23, 5: 26, 6: 29, 7: 32, 8: 35, 9: 38, 10: 41, 11: 8}","{(0, 7): 8, (0, 8): 1, (0, 10): 1, (0, 11): 1, (1, 2): 1, (1, 3): 1, (1, 4): 1, (1, 5): 1, (1, 8): 1, (1, 9): 7, (1, 10): 1, (1, 11): 1, (2, 6): 1, (2, 7): 10, (2, 11): 5, (3, 6): 18, (3, 8): 1, (4, 5): 6, (4, 6): 1, (4, 10): 15, (5, 6): 1, (5, 10): 17, (5, 11): 1, (6, 7): 8, (7, 10): 6, (8, 9): 31, (8, 10): 1}",1360.8932495117188,171.0,36.0,486.0
84.0,Graph with 12 nodes and 27 edges,"[[0, 0, 0, 0, 0, 0, 0, 1, 1, 0, 1, 1], [0, 0, 1, 1, 1, 1, 0, 0, 1, 1, 1, 1], [0, 1, 0, 0, 0, 0, 1, 1, 0, 0, 0, 1], [0, 1, 0, 0, 0, 0, 1, 0, 1, 0, 0, 0], [0, 1, 0, 0, 0, 1, 1, 0, 0, 0, 1, 0], [0, 1, 0, 0, 1, 0, 1, 0, 0, 0, 1, 1], [0, 0, 1, 1, 1, 1, 0, 1, 0, 0, 0, 0], [1, 0, 1, 0, 0, 0, 1, 0, 0, 0, 1, 0], [1, 1, 0, 1, 0, 0, 0, 0, 0, 1, 1, 0], [0, 1, 0, 0, 0, 0, 0, 0, 1, 0, 0, 0], [1, 1, 0, 0, 1, 1, 0, 1, 1, 0, 0, 0], [1, 1, 1, 0, 0, 1, 0, 0, 0, 0, 0, 0]]",15.0,2.0,Y,"{0: 17, 1: 19, 2: 21, 3: 23, 4: 25, 5: 27, 6: 29, 7: 31, 8: 33, 9: 35, 10: 37, 11: 15}","{(0, 7): 14, (0, 8): 1, (0, 10): 1, (0, 11): 1, (1, 2): 7, (1, 3): 1, (1, 4): 1, (1, 5): 1, (1, 8): 1, (1, 9): 6, (1, 10): 1, (1, 11): 1, (2, 6): 2, (2, 7): 11, (2, 11): 1, (3, 6): 21, (3, 8): 1, (4, 5): 2, (4, 6): 1, (4, 10): 21, (5, 6): 1, (5, 10): 11, (5, 11): 12, (6, 7): 4, (7, 10): 2, (8, 9): 29, (8, 10): 1}",1121.9978332519531,171.0,36.0,486.0
85.0,Graph with 12 nodes and 27 edges,"[[0, 0, 0, 0, 1, 1, 0, 1, 1, 0, 0, 1], [0, 0, 1, 0, 1, 0, 0, 1, 0, 0, 1, 0], [0, 1, 0, 0, 0, 0, 1, 0, 1, 1, 1, 1], [0, 0, 0, 0, 1, 1, 0, 0, 1, 0, 0, 0], [1, 1, 0, 1, 0, 0, 0, 1, 0, 1, 1, 0], [1, 0, 0, 1, 0, 0, 1, 0, 0, 0, 1, 1], [0, 0, 1, 0, 0, 1, 0, 0, 0, 0, 1, 0], [1, 1, 0, 0, 1, 0, 0, 0, 0, 0, 1, 1], [1, 0, 1, 1, 0, 0, 0, 0, 0, 0, 0, 0], [0, 0, 1, 0, 1, 0, 0, 0, 0, 0, 0, 0], [0, 1, 1, 0, 1, 1, 1, 1, 0, 0, 0, 1], [1, 0, 1, 0, 0, 1, 0, 1, 0, 0, 1, 0]]",6.0,1.0,Y,"{0: 7, 1: 8, 2: 9, 3: 10, 4: 11, 5: 12, 6: 13, 7: 14, 8: 15, 9: 6, 10: 16, 11: 17}","{(0, 4): 1, (0, 5): 1, (0, 7): 1, (0, 8): 3, (0, 11): 1, (1, 2): 1, (1, 4): 2, (1, 7): 4, (1, 10): 1, (2, 6): 1, (2, 8): 4, (2, 9): 1, (2, 10): 1, (2, 11): 1, (3, 4): 1, (3, 5): 1, (3, 8): 8, (4, 7): 1, (4, 9): 5, (4, 10): 1, (5, 6): 8, (5, 10): 1, (5, 11): 1, (6, 10): 4, (7, 10): 1, (7, 11): 7, (10, 11): 7}",1698.9707946777344,171.0,36.0,486.0
86.0,Graph with 12 nodes and 26 edges,"[[0, 1, 0, 0, 0, 1, 0, 0, 0, 0, 0, 0], [1, 0, 1, 0, 1, 0, 1, 0, 1, 0, 0, 1], [0, 1, 0, 0, 0, 1, 0, 0, 0, 1, 1, 0], [0, 0, 0, 0, 1, 0, 0, 0, 0, 0, 1, 1], [0, 1, 0, 1, 0, 1, 1, 1, 1, 0, 0, 1], [1, 0, 1, 0, 1, 0, 0, 1, 0, 0, 0, 0], [0, 1, 0, 0, 1, 0, 0, 1, 1, 1, 0, 0], [0, 0, 0, 0, 1, 1, 1, 0, 1, 0, 1, 1], [0, 1, 0, 0, 1, 0, 1, 1, 0, 0, 0, 0], [0, 0, 1, 0, 0, 0, 1, 0, 0, 0, 1, 0], [0, 0, 1, 1, 0, 0, 0, 1, 0, 1, 0, 0], [0, 1, 0, 1, 1, 0, 0, 1, 0, 0, 0, 0]]",11.0,2.0,Y,"{0: 15, 1: 25, 2: 31, 3: 29, 4: 33, 5: 19, 6: 21, 7: 13, 8: 23, 9: 17, 10: 27, 11: 11}","{(0, 1): 14, (0, 5): 1, (1, 2): 7, (1, 4): 1, (1, 6): 1, (1, 8): 1, (1, 11): 1, (2, 5): 9, (2, 9): 1, (2, 10): 14, (3, 4): 10, (3, 10): 11, (3, 11): 8, (4, 5): 1, (4, 6): 1, (4, 7): 1, (4, 8): 18, (4, 11): 1, (5, 7): 8, (6, 7): 1, (6, 8): 3, (6, 9): 15, (7, 8): 1, (7, 10): 1, (7, 11): 1, (9, 10): 1}",1282.9303741455078,170.0,36.0,484.0
86.0,Graph with 12 nodes and 26 edges,"[[0, 1, 0, 0, 0, 1, 0, 0, 0, 0, 0, 0], [1, 0, 1, 0, 1, 0, 1, 0, 1, 0, 0, 1], [0, 1, 0, 0, 0, 1, 0, 0, 0, 1, 1, 0], [0, 0, 0, 0, 1, 0, 0, 0, 0, 0, 1, 1], [0, 1, 0, 1, 0, 1, 1, 1, 1, 0, 0, 1], [1, 0, 1, 0, 1, 0, 0, 1, 0, 0, 0, 0], [0, 1, 0, 0, 1, 0, 0, 1, 1, 1, 0, 0], [0, 0, 0, 0, 1, 1, 1, 0, 1, 0, 1, 1], [0, 1, 0, 0, 1, 0, 1, 1, 0, 0, 0, 0], [0, 0, 1, 0, 0, 0, 1, 0, 0, 0, 1, 0], [0, 0, 1, 1, 0, 0, 0, 1, 0, 1, 0, 0], [0, 1, 0, 1, 1, 0, 0, 1, 0, 0, 0, 0]]",17.0,3.0,Y,"{0: 44, 1: 50, 2: 35, 3: 29, 4: 32, 5: 20, 6: 47, 7: 17, 8: 26, 9: 41, 10: 23, 11: 38}","{(0, 1): 40, (0, 5): 4, (1, 2): 1, (1, 4): 1, (1, 6): 6, (1, 8): 1, (1, 11): 1, (2, 5): 14, (2, 9): 1, (2, 10): 19, (3, 4): 4, (3, 10): 1, (3, 11): 24, (4, 5): 1, (4, 6): 1, (4, 7): 1, (4, 8): 23, (4, 11): 1, (5, 7): 1, (6, 7): 1, (6, 8): 1, (6, 9): 38, (7, 8): 1, (7, 10): 1, (7, 11): 12, (9, 10): 2}",2120.0180053710938,170.0,36.0,484.0
86.0,Graph with 12 nodes and 26 edges,"[[0, 1, 0, 0, 0, 1, 0, 0, 0, 0, 0, 0], [1, 0, 1, 0, 1, 0, 1, 0, 1, 0, 0, 1], [0, 1, 0, 0, 0, 1, 0, 0, 0, 1, 1, 0], [0, 0, 0, 0, 1, 0, 0, 0, 0, 0, 1, 1], [0, 1, 0, 1, 0, 1, 1, 1, 1, 0, 0, 1], [1, 0, 1, 0, 1, 0, 0, 1, 0, 0, 0, 0], [0, 1, 0, 0, 1, 0, 0, 1, 1, 1, 0, 0], [0, 0, 0, 0, 1, 1, 1, 0, 1, 0, 1, 1], [0, 1, 0, 0, 1, 0, 1, 1, 0, 0, 0, 0], [0, 0, 1, 0, 0, 0, 1, 0, 0, 0, 1, 0], [0, 0, 1, 1, 0, 0, 0, 1, 0, 1, 0, 0], [0, 1, 0, 1, 1, 0, 0, 1, 0, 0, 0, 0]]",27.0,6.0,Y,"{0: 39, 1: 51, 2: 75, 3: 33, 4: 87, 5: 63, 6: 57, 7: 93, 8: 27, 9: 45, 10: 81, 11: 69}","{(0, 1): 18, (0, 5): 21, (1, 2): 5, (1, 4): 15, (1, 6): 5, (1, 8): 7, (1, 11): 1, (2, 5): 40, (2, 9): 1, (2, 10): 29, (3, 4): 20, (3, 10): 1, (3, 11): 12, (4, 5): 1, (4, 6): 27, (4, 7): 16, (4, 8): 7, (4, 11): 1, (5, 7): 1, (6, 7): 12, (6, 8): 12, (6, 9): 1, (7, 8): 1, (7, 10): 8, (7, 11): 55, (9, 10): 43}",110.86463928222656,170.0,36.0,484.0
88.0,Graph with 12 nodes and 28 edges,"[[0, 1, 0, 1, 1, 0, 0, 0, 1, 0, 1, 0], [1, 0, 0, 0, 1, 0, 0, 0, 1, 0, 1, 1], [0, 0, 0, 1, 1, 0, 1, 0, 0, 0, 0, 0], [1, 0, 1, 0, 1, 0, 0, 0, 1, 0, 1, 1], [1, 1, 1, 1, 0, 1, 0, 0, 1, 0, 0, 0], [0, 0, 0, 0, 1, 0, 1, 0, 1, 0, 1, 1], [0, 0, 1, 0, 0, 1, 0, 1, 0, 0, 0, 0], [0, 0, 0, 0, 0, 0, 1, 0, 1, 1, 1, 1], [1, 1, 0, 1, 1, 1, 0, 1, 0, 0, 0, 1], [0, 0, 0, 0, 0, 0, 0, 1, 0, 0, 0, 0], [1, 1, 0, 1, 0, 1, 0, 1, 0, 0, 0, 0], [0, 1, 0, 1, 0, 1, 0, 1, 1, 0, 0, 0]]",19.0,7.0,Y,"{0: 96, 1: 47, 2: 61, 3: 82, 4: 26, 5: 33, 6: 68, 7: 89, 8: 19, 9: 75, 10: 54, 11: 40}","{(0, 1): 1, (0, 3): 57, (0, 4): 1, (0, 8): 1, (0, 10): 36, (1, 4): 1, (1, 8): 13, (1, 10): 1, (1, 11): 31, (2, 3): 7, (2, 4): 21, (2, 6): 33, (3, 4): 1, (3, 8): 1, (3, 10): 15, (3, 11): 1, (4, 5): 1, (4, 8): 1, (5, 6): 24, (5, 8): 1, (5, 10): 1, (5, 11): 6, (6, 7): 11, (7, 8): 1, (7, 9): 75, (7, 10): 1, (7, 11): 1, (8, 11): 1}",2254.009246826172,172.0,36.0,488.0
90.0,Graph with 12 nodes and 36 edges,"[[0, 1, 0, 1, 1, 0, 0, 1, 1, 0, 0, 0], [1, 0, 1, 1, 0, 1, 1, 1, 0, 0, 1, 1], [0, 1, 0, 0, 1, 1, 1, 1, 0, 0, 1, 0], [1, 1, 0, 0, 1, 1, 1, 0, 1, 1, 1, 1], [1, 0, 1, 1, 0, 0, 0, 1, 1, 1, 0, 1], [0, 1, 1, 1, 0, 0, 0, 1, 1, 0, 0, 0], [0, 1, 1, 1, 0, 0, 0, 0, 1, 0, 0, 1], [1, 1, 1, 0, 1, 1, 0, 0, 1, 0, 0, 0], [1, 0, 0, 1, 1, 1, 1, 1, 0, 0, 1, 0], [0, 0, 0, 1, 1, 0, 0, 0, 0, 0, 1, 0], [0, 1, 1, 1, 0, 0, 0, 0, 1, 1, 0, 1], [0, 1, 0, 1, 1, 0, 1, 0, 0, 0, 1, 0]]",4.0,1.0,Y,"{0: 6, 1: 14, 2: 11, 3: 15, 4: 13, 5: 5, 6: 8, 7: 9, 8: 12, 9: 4, 10: 10, 11: 7}","{(0, 1): 1, (0, 3): 2, (0, 4): 1, (0, 7): 1, (0, 8): 1, (1, 2): 6, (1, 3): 1, (1, 5): 1, (1, 6): 1, (1, 7): 2, (1, 10): 1, (1, 11): 1, (2, 4): 1, (2, 5): 1, (2, 6): 1, (2, 7): 1, (2, 10): 1, (3, 4): 1, (3, 5): 1, (3, 6): 2, (3, 8): 1, (3, 9): 1, (3, 10): 4, (3, 11): 2, (4, 7): 3, (4, 8): 4, (4, 9): 1, (4, 11): 2, (5, 7): 1, (5, 8): 1, (6, 8): 3, (6, 11): 1, (7, 8): 1, (8, 10): 1, (9, 10): 2, (10, 11): 1}",1066.9231414794922,180.0,36.0,504.0
91.0,Graph with 12 nodes and 35 edges,"[[0, 0, 0, 1, 0, 1, 1, 0, 0, 1, 0, 1], [0, 0, 0, 0, 0, 1, 1, 1, 0, 1, 1, 0], [0, 0, 0, 0, 1, 0, 1, 1, 1, 0, 0, 0], [1, 0, 0, 0, 1, 0, 1, 0, 0, 0, 1, 0], [0, 0, 1, 1, 0, 1, 1, 0, 1, 0, 1, 0], [1, 1, 0, 0, 1, 0, 1, 0, 1, 1, 1, 1], [1, 1, 1, 1, 1, 1, 0, 1, 1, 0, 0, 1], [0, 1, 1, 0, 0, 0, 1, 0, 1, 0, 1, 1], [0, 0, 1, 0, 1, 1, 1, 1, 0, 1, 0, 0], [1, 1, 0, 0, 0, 1, 0, 0, 1, 0, 1, 1], [0, 1, 0, 1, 1, 1, 0, 1, 0, 1, 0, 0], [1, 0, 0, 0, 0, 1, 1, 1, 0, 1, 0, 0]]",6.0,2.0,Y,"{0: 22, 1: 14, 2: 28, 3: 12, 4: 26, 5: 10, 6: 20, 7: 6, 8: 18, 9: 24, 10: 16, 11: 8}","{(0, 3): 9, (0, 5): 2, (0, 6): 1, (0, 9): 9, (0, 11): 1, (1, 5): 2, (1, 6): 1, (1, 7): 1, (1, 9): 5, (1, 10): 5, (2, 4): 13, (2, 6): 1, (2, 7): 1, (2, 8): 13, (3, 4): 1, (3, 6): 1, (3, 10): 1, (4, 5): 1, (4, 6): 9, (4, 8): 1, (4, 10): 1, (5, 6): 1, (5, 8): 1, (5, 9): 1, (5, 10): 1, (5, 11): 1, (6, 7): 1, (6, 8): 1, (6, 11): 4, (7, 8): 1, (7, 10): 1, (7, 11): 1, (8, 9): 1, (9, 10): 7, (9, 11): 1}",102.04315185546875,179.0,36.0,502.0
94.0,Graph with 12 nodes and 33 edges,"[[0, 0, 1, 1, 0, 0, 0, 0, 0, 0, 0, 1], [0, 0, 1, 1, 1, 1, 1, 0, 0, 0, 0, 0], [1, 1, 0, 1, 1, 1, 1, 0, 1, 1, 1, 1], [1, 1, 1, 0, 1, 0, 1, 1, 1, 0, 0, 0], [0, 1, 1, 1, 0, 1, 0, 0, 0, 0, 0, 0], [0, 1, 1, 0, 1, 0, 1, 1, 0, 1, 1, 1], [0, 1, 1, 1, 0, 1, 0, 0, 1, 1, 0, 1], [0, 0, 0, 1, 0, 1, 0, 0, 0, 0, 1, 1], [0, 0, 1, 1, 0, 0, 1, 0, 0, 0, 0, 1], [0, 0, 1, 0, 0, 1, 1, 0, 0, 0, 0, 0], [0, 0, 1, 0, 0, 1, 0, 1, 0, 0, 0, 1], [1, 0, 1, 0, 0, 1, 1, 1, 1, 0, 1, 0]]",19.0,3.0,Y,"{0: 52, 1: 46, 2: 49, 3: 28, 4: 34, 5: 43, 6: 40, 7: 19, 8: 25, 9: 37, 10: 22, 11: 31}","{(0, 2): 11, (0, 3): 22, (0, 11): 19, (1, 2): 1, (1, 3): 1, (1, 4): 31, (1, 5): 1, (1, 6): 12, (2, 3): 1, (2, 4): 1, (2, 5): 3, (2, 6): 1, (2, 8): 2, (2, 9): 27, (2, 10): 1, (2, 11): 1, (3, 4): 1, (3, 6): 1, (3, 7): 1, (3, 8): 1, (4, 5): 1, (5, 6): 1, (5, 7): 16, (5, 9): 1, (5, 10): 19, (5, 11): 1, (6, 8): 15, (6, 9): 9, (6, 11): 1, (7, 10): 1, (7, 11): 1, (8, 11): 7, (10, 11): 1}",2022.0279693603516,177.0,36.0,498.0
94.0,Graph with 12 nodes and 33 edges,"[[0, 0, 1, 1, 0, 0, 0, 0, 0, 0, 0, 1], [0, 0, 1, 1, 1, 1, 1, 0, 0, 0, 0, 0], [1, 1, 0, 1, 1, 1, 1, 0, 1, 1, 1, 1], [1, 1, 1, 0, 1, 0, 1, 1, 1, 0, 0, 0], [0, 1, 1, 1, 0, 1, 0, 0, 0, 0, 0, 0], [0, 1, 1, 0, 1, 0, 1, 1, 0, 1, 1, 1], [0, 1, 1, 1, 0, 1, 0, 0, 1, 1, 0, 1], [0, 0, 0, 1, 0, 1, 0, 0, 0, 0, 1, 1], [0, 0, 1, 1, 0, 0, 1, 0, 0, 0, 0, 1], [0, 0, 1, 0, 0, 1, 1, 0, 0, 0, 0, 0], [0, 0, 1, 0, 0, 1, 0, 1, 0, 0, 0, 1], [1, 0, 1, 0, 0, 1, 1, 1, 1, 0, 1, 0]]",20.0,3.0,Y,"{0: 53, 1: 32, 2: 50, 3: 29, 4: 35, 5: 44, 6: 47, 7: 20, 8: 26, 9: 41, 10: 23, 11: 38}","{(0, 2): 1, (0, 3): 20, (0, 11): 32, (1, 2): 1, (1, 3): 1, (1, 4): 10, (1, 5): 1, (1, 6): 19, (2, 3): 1, (2, 4): 1, (2, 5): 1, (2, 6): 1, (2, 8): 1, (2, 9): 39, (2, 10): 3, (2, 11): 1, (3, 4): 4, (3, 6): 1, (3, 7): 1, (3, 8): 1, (4, 5): 20, (5, 6): 1, (5, 7): 9, (5, 9): 1, (5, 10): 10, (5, 11): 1, (6, 8): 23, (6, 9): 1, (6, 11): 1, (7, 10): 9, (7, 11): 1, (8, 11): 1, (10, 11): 1}",1909.9712371826172,177.0,36.0,498.0
94.0,Graph with 12 nodes and 33 edges,"[[0, 0, 1, 1, 0, 0, 0, 0, 0, 0, 0, 1], [0, 0, 1, 1, 1, 1, 1, 0, 0, 0, 0, 0], [1, 1, 0, 1, 1, 1, 1, 0, 1, 1, 1, 1], [1, 1, 1, 0, 1, 0, 1, 1, 1, 0, 0, 0], [0, 1, 1, 1, 0, 1, 0, 0, 0, 0, 0, 0], [0, 1, 1, 0, 1, 0, 1, 1, 0, 1, 1, 1], [0, 1, 1, 1, 0, 1, 0, 0, 1, 1, 0, 1], [0, 0, 0, 1, 0, 1, 0, 0, 0, 0, 1, 1], [0, 0, 1, 1, 0, 0, 1, 0, 0, 0, 0, 1], [0, 0, 1, 0, 0, 1, 1, 0, 0, 0, 0, 0], [0, 0, 1, 0, 0, 1, 0, 1, 0, 0, 0, 1], [1, 0, 1, 0, 0, 1, 1, 1, 1, 0, 1, 0]]",23.0,4.0,Y,"{0: 35, 1: 59, 2: 55, 3: 39, 4: 43, 5: 67, 6: 63, 7: 23, 8: 27, 9: 51, 10: 31, 11: 47}","{(0, 2): 23, (0, 3): 6, (0, 11): 6, (1, 2): 9, (1, 3): 24, (1, 4): 15, (1, 5): 1, (1, 6): 10, (2, 3): 1, (2, 4): 7, (2, 5): 1, (2, 6): 1, (2, 8): 4, (2, 9): 6, (2, 10): 2, (2, 11): 1, (3, 4): 5, (3, 6): 1, (3, 7): 1, (3, 8): 1, (4, 5): 16, (5, 6): 5, (5, 7): 5, (5, 9): 37, (5, 10): 1, (5, 11): 1, (6, 8): 21, (6, 9): 8, (6, 11): 17, (7, 10): 12, (7, 11): 5, (8, 11): 1, (10, 11): 16}",1883.0299377441406,177.0,36.0,498.0
96.0,Graph with 12 nodes and 39 edges,"[[0, 1, 1, 0, 1, 1, 1, 0, 0, 0, 0, 1], [1, 0, 0, 1, 1, 0, 0, 1, 1, 1, 1, 1], [1, 0, 0, 0, 1, 1, 1, 1, 1, 1, 0, 0], [0, 1, 0, 0, 1, 1, 1, 0, 0, 1, 0, 1], [1, 1, 1, 1, 0, 1, 1, 1, 0, 1, 1, 0], [1, 0, 1, 1, 1, 0, 0, 0, 0, 1, 0, 0], [1, 0, 1, 1, 1, 0, 0, 1, 1, 0, 1, 1], [0, 1, 1, 0, 1, 0, 1, 0, 1, 1, 1, 0], [0, 1, 1, 0, 0, 0, 1, 1, 0, 0, 0, 1], [0, 1, 1, 1, 1, 1, 0, 1, 0, 0, 0, 1], [0, 1, 0, 0, 1, 0, 1, 1, 0, 0, 0, 0], [1, 1, 0, 1, 0, 0, 1, 0, 1, 1, 0, 0]]",15.0,8.0,Y,"{0: 103, 1: 39, 2: 63, 3: 15, 4: 95, 5: 55, 6: 87, 7: 31, 8: 79, 9: 47, 10: 23, 11: 71}","{(0, 1): 1, (0, 2): 1, (0, 4): 1, (0, 5): 11, (0, 6): 35, (0, 11): 54, (1, 3): 1, (1, 4): 27, (1, 7): 6, (1, 8): 1, (1, 9): 1, (1, 10): 1, (1, 11): 1, (2, 4): 1, (2, 5): 1, (2, 6): 1, (2, 7): 1, (2, 8): 57, (2, 9): 1, (3, 4): 10, (3, 5): 1, (3, 6): 1, (3, 9): 1, (3, 11): 1, (4, 5): 1, (4, 6): 46, (4, 7): 1, (4, 9): 1, (4, 10): 7, (5, 9): 41, (6, 7): 1, (6, 8): 1, (6, 10): 1, (6, 11): 1, (7, 8): 7, (7, 9): 1, (7, 10): 14, (8, 11): 13, (9, 11): 1}",1595.0202941894531,183.0,36.0,510.0
96.0,Graph with 12 nodes and 39 edges,"[[0, 1, 1, 0, 1, 1, 1, 0, 0, 0, 0, 1], [1, 0, 0, 1, 1, 0, 0, 1, 1, 1, 1, 1], [1, 0, 0, 0, 1, 1, 1, 1, 1, 1, 0, 0], [0, 1, 0, 0, 1, 1, 1, 0, 0, 1, 0, 1], [1, 1, 1, 1, 0, 1, 1, 1, 0, 1, 1, 0], [1, 0, 1, 1, 1, 0, 0, 0, 0, 1, 0, 0], [1, 0, 1, 1, 1, 0, 0, 1, 1, 0, 1, 1], [0, 1, 1, 0, 1, 0, 1, 0, 1, 1, 1, 0], [0, 1, 1, 0, 0, 0, 1, 1, 0, 0, 0, 1], [0, 1, 1, 1, 1, 1, 0, 1, 0, 0, 0, 1], [0, 1, 0, 0, 1, 0, 1, 1, 0, 0, 0, 0], [1, 1, 0, 1, 0, 0, 1, 0, 1, 1, 0, 0]]",16.0,2.0,Y,"{0: 18, 1: 20, 2: 22, 3: 24, 4: 26, 5: 28, 6: 30, 7: 32, 8: 34, 9: 36, 10: 38, 11: 16}","{(0, 1): 13, (0, 2): 1, (0, 4): 1, (0, 5): 1, (0, 6): 1, (0, 11): 1, (1, 3): 1, (1, 4): 1, (1, 7): 1, (1, 8): 1, (1, 9): 1, (1, 10): 1, (1, 11): 1, (2, 4): 2, (2, 5): 1, (2, 6): 1, (2, 7): 1, (2, 8): 4, (2, 9): 12, (3, 4): 1, (3, 5): 12, (3, 6): 2, (3, 9): 1, (3, 11): 7, (4, 5): 1, (4, 6): 1, (4, 7): 1, (4, 9): 7, (4, 10): 11, (5, 9): 13, (6, 7): 1, (6, 8): 11, (6, 10): 12, (6, 11): 1, (7, 8): 13, (7, 9): 1, (7, 10): 14, (8, 11): 5, (9, 11): 1}",1479.8641204833984,183.0,36.0,510.0
96.0,Graph with 12 nodes and 39 edges,"[[0, 1, 1, 0, 1, 1, 1, 0, 0, 0, 0, 1], [1, 0, 0, 1, 1, 0, 0, 1, 1, 1, 1, 1], [1, 0, 0, 0, 1, 1, 1, 1, 1, 1, 0, 0], [0, 1, 0, 0, 1, 1, 1, 0, 0, 1, 0, 1], [1, 1, 1, 1, 0, 1, 1, 1, 0, 1, 1, 0], [1, 0, 1, 1, 1, 0, 0, 0, 0, 1, 0, 0], [1, 0, 1, 1, 1, 0, 0, 1, 1, 0, 1, 1], [0, 1, 1, 0, 1, 0, 1, 0, 1, 1, 1, 0], [0, 1, 1, 0, 0, 0, 1, 1, 0, 0, 0, 1], [0, 1, 1, 1, 1, 1, 0, 1, 0, 0, 0, 1], [0, 1, 0, 0, 1, 0, 1, 1, 0, 0, 0, 0], [1, 1, 0, 1, 0, 0, 1, 0, 1, 1, 0, 0]]",19.0,7.0,Y,"{0: 33, 1: 47, 2: 26, 3: 54, 4: 89, 5: 75, 6: 61, 7: 96, 8: 19, 9: 40, 10: 82, 11: 68}","{(0, 1): 3, (0, 2): 1, (0, 4): 2, (0, 5): 11, (0, 6): 1, (0, 11): 15, (1, 3): 1, (1, 4): 8, (1, 7): 1, (1, 8): 1, (1, 9): 3, (1, 10): 17, (1, 11): 13, (2, 4): 3, (2, 5): 1, (2, 6): 1, (2, 7): 16, (2, 8): 1, (2, 9): 3, (3, 4): 7, (3, 5): 26, (3, 6): 1, (3, 9): 1, (3, 11): 18, (4, 5): 16, (4, 6): 5, (4, 7): 3, (4, 9): 10, (4, 10): 35, (5, 9): 21, (6, 7): 45, (6, 8): 1, (6, 10): 1, (6, 11): 6, (7, 8): 1, (7, 9): 1, (7, 10): 29, (8, 11): 15, (9, 11): 1}",128.9844512939453,183.0,36.0,510.0
97.0,Graph with 12 nodes and 34 edges,"[[0, 0, 1, 1, 1, 0, 0, 1, 1, 0, 1, 0], [0, 0, 1, 1, 1, 0, 1, 1, 1, 1, 0, 0], [1, 1, 0, 1, 0, 1, 1, 1, 0, 1, 1, 0], [1, 1, 1, 0, 1, 0, 1, 0, 0, 0, 0, 0], [1, 1, 0, 1, 0, 0, 0, 0, 0, 1, 1, 1], [0, 0, 1, 0, 0, 0, 1, 0, 1, 0, 0, 0], [0, 1, 1, 1, 0, 1, 0, 1, 1, 1, 1, 1], [1, 1, 1, 0, 0, 0, 1, 0, 0, 0, 1, 0], [1, 1, 0, 0, 0, 1, 1, 0, 0, 0, 0, 1], [0, 1, 1, 0, 1, 0, 1, 0, 0, 0, 1, 0], [1, 0, 1, 0, 1, 0, 1, 1, 0, 1, 0, 0], [0, 0, 0, 0, 1, 0, 1, 0, 1, 0, 0, 0]]",8.0,4.0,Y,"{0: 52, 1: 36, 2: 12, 3: 20, 4: 48, 5: 8, 6: 16, 7: 24, 8: 32, 9: 28, 10: 44, 11: 40}","{(0, 2): 1, (0, 3): 1, (0, 4): 4, (0, 7): 16, (0, 8): 1, (0, 10): 29, (1, 2): 1, (1, 3): 1, (1, 4): 1, (1, 6): 8, (1, 7): 1, (1, 8): 10, (1, 9): 14, (2, 3): 1, (2, 5): 1, (2, 6): 1, (2, 7): 5, (2, 9): 1, (2, 10): 1, (3, 4): 16, (3, 6): 1, (4, 9): 1, (4, 10): 1, (4, 11): 25, (5, 6): 1, (5, 8): 6, (6, 7): 1, (6, 8): 1, (6, 9): 1, (6, 10): 1, (6, 11): 1, (7, 10): 1, (8, 11): 14, (9, 10): 11}",2285.003662109375,178.0,36.0,500.0
97.0,Graph with 12 nodes and 34 edges,"[[0, 0, 1, 1, 1, 0, 0, 1, 1, 0, 1, 0], [0, 0, 1, 1, 1, 0, 1, 1, 1, 1, 0, 0], [1, 1, 0, 1, 0, 1, 1, 1, 0, 1, 1, 0], [1, 1, 1, 0, 1, 0, 1, 0, 0, 0, 0, 0], [1, 1, 0, 1, 0, 0, 0, 0, 0, 1, 1, 1], [0, 0, 1, 0, 0, 0, 1, 0, 1, 0, 0, 0], [0, 1, 1, 1, 0, 1, 0, 1, 1, 1, 1, 1], [1, 1, 1, 0, 0, 0, 1, 0, 0, 0, 1, 0], [1, 1, 0, 0, 0, 1, 1, 0, 0, 0, 0, 1], [0, 1, 1, 0, 1, 0, 1, 0, 0, 0, 1, 0], [1, 0, 1, 0, 1, 0, 1, 1, 0, 1, 0, 0], [0, 0, 0, 0, 1, 0, 1, 0, 1, 0, 0, 0]]",15.0,6.0,Y,"{0: 15, 1: 81, 2: 75, 3: 69, 4: 63, 5: 57, 6: 51, 7: 45, 8: 39, 9: 33, 10: 27, 11: 21}","{(0, 2): 10, (0, 3): 1, (0, 4): 1, (0, 7): 1, (0, 8): 1, (0, 10): 1, (1, 2): 1, (1, 3): 1, (1, 4): 1, (1, 6): 42, (1, 7): 6, (1, 8): 1, (1, 9): 29, (2, 3): 7, (2, 5): 39, (2, 6): 1, (2, 7): 15, (2, 9): 1, (2, 10): 1, (3, 4): 58, (3, 6): 2, (4, 9): 1, (4, 10): 1, (4, 11): 1, (5, 6): 1, (5, 8): 17, (6, 7): 1, (6, 8): 1, (6, 9): 1, (6, 10): 1, (6, 11): 1, (7, 10): 22, (8, 11): 19, (9, 10): 1}",789.8807525634766,178.0,36.0,500.0
98.0,Graph with 12 nodes and 30 edges,"[[0, 0, 0, 0, 1, 1, 1, 0, 0, 0, 1, 1], [0, 0, 1, 1, 1, 1, 1, 1, 0, 0, 1, 0], [0, 1, 0, 0, 0, 0, 1, 1, 0, 1, 0, 0], [0, 1, 0, 0, 0, 0, 0, 1, 0, 0, 0, 1], [1, 1, 0, 0, 0, 1, 0, 1, 1, 1, 0, 0], [1, 1, 0, 0, 1, 0, 0, 1, 1, 0, 1, 1], [1, 1, 1, 0, 0, 0, 0, 0, 1, 0, 0, 1], [0, 1, 1, 1, 1, 1, 0, 0, 0, 0, 0, 1], [0, 0, 0, 0, 1, 1, 1, 0, 0, 1, 1, 0], [0, 0, 1, 0, 1, 0, 0, 0, 1, 0, 0, 0], [1, 1, 0, 0, 0, 1, 0, 0, 1, 0, 0, 0], [1, 0, 0, 1, 0, 1, 1, 1, 0, 0, 0, 0]]",4.0,9.0,Y,"{0: 22, 1: 31, 2: 13, 3: 40, 4: 49, 5: 58, 6: 67, 7: 76, 8: 85, 9: 94, 10: 4, 11: 103}","{(0, 4): 18, (0, 5): 1, (0, 6): 1, (0, 10): 1, (0, 11): 1, (1, 2): 10, (1, 3): 16, (1, 4): 1, (1, 5): 1, (1, 6): 1, (1, 7): 1, (1, 10): 1, (2, 6): 1, (2, 7): 1, (2, 9): 1, (3, 7): 6, (3, 11): 18, (4, 5): 1, (4, 7): 1, (4, 8): 6, (4, 9): 22, (5, 7): 47, (5, 8): 6, (5, 10): 1, (5, 11): 1, (6, 8): 1, (6, 11): 63, (7, 11): 20, (8, 9): 71, (8, 10): 1}",1486.063003540039,174.0,36.0,492.0
98.0,Graph with 12 nodes and 30 edges,"[[0, 0, 0, 0, 1, 1, 1, 0, 0, 0, 1, 1], [0, 0, 1, 1, 1, 1, 1, 1, 0, 0, 1, 0], [0, 1, 0, 0, 0, 0, 1, 1, 0, 1, 0, 0], [0, 1, 0, 0, 0, 0, 0, 1, 0, 0, 0, 1], [1, 1, 0, 0, 0, 1, 0, 1, 1, 1, 0, 0], [1, 1, 0, 0, 1, 0, 0, 1, 1, 0, 1, 1], [1, 1, 1, 0, 0, 0, 0, 0, 1, 0, 0, 1], [0, 1, 1, 1, 1, 1, 0, 0, 0, 0, 0, 1], [0, 0, 0, 0, 1, 1, 1, 0, 0, 1, 1, 0], [0, 0, 1, 0, 1, 0, 0, 0, 1, 0, 0, 0], [1, 1, 0, 0, 0, 1, 0, 0, 1, 0, 0, 0], [1, 0, 0, 1, 0, 1, 1, 1, 0, 0, 0, 0]]",19.0,2.0,Y,"{0: 19, 1: 25, 2: 23, 3: 33, 4: 27, 5: 29, 6: 31, 7: 21, 8: 37, 9: 41, 10: 39, 11: 35}","{(0, 4): 1, (0, 5): 2, (0, 6): 1, (0, 10): 1, (0, 11): 14, (1, 2): 1, (1, 3): 1, (1, 4): 1, (1, 5): 1, (1, 6): 1, (1, 7): 1, (1, 10): 19, (2, 6): 1, (2, 7): 1, (2, 9): 20, (3, 7): 15, (3, 11): 17, (4, 5): 1, (4, 7): 1, (4, 8): 3, (4, 9): 20, (5, 7): 1, (5, 8): 5, (5, 10): 18, (5, 11): 1, (6, 8): 27, (6, 11): 1, (7, 11): 2, (8, 9): 1, (8, 10): 1}",801.08642578125,174.0,36.0,492.0
99.0,Graph with 12 nodes and 37 edges,"[[0, 1, 0, 0, 1, 0, 1, 1, 0, 1, 1, 1], [1, 0, 1, 1, 1, 1, 1, 1, 1, 0, 0, 1], [0, 1, 0, 1, 1, 1, 0, 1, 1, 1, 1, 0], [0, 1, 1, 0, 0, 0, 0, 1, 0, 0, 0, 0], [1, 1, 1, 0, 0, 1, 0, 0, 1, 1, 0, 0], [0, 1, 1, 0, 1, 0, 1, 0, 0, 0, 0, 0], [1, 1, 0, 0, 0, 1, 0, 1, 1, 1, 1, 1], [1, 1, 1, 1, 0, 0, 1, 0, 1, 0, 1, 1], [0, 1, 1, 0, 1, 0, 1, 1, 0, 1, 1, 0], [1, 0, 1, 0, 1, 0, 1, 0, 1, 0, 0, 0], [1, 0, 1, 0, 0, 0, 1, 1, 1, 0, 0, 0], [1, 1, 0, 0, 0, 0, 1, 1, 0, 0, 0, 0]]",9.0,1.0,Y,"{0: 20, 1: 16, 2: 19, 3: 9, 4: 15, 5: 12, 6: 13, 7: 14, 8: 17, 9: 18, 10: 11, 11: 10}","{(0, 1): 1, (0, 4): 1, (0, 6): 1, (0, 7): 2, (0, 9): 1, (0, 10): 7, (0, 11): 7, (1, 2): 1, (1, 3): 2, (1, 4): 1, (1, 5): 7, (1, 6): 1, (1, 7): 1, (1, 8): 1, (1, 11): 1, (2, 3): 1, (2, 4): 1, (2, 5): 2, (2, 7): 1, (2, 8): 11, (2, 9): 1, (2, 10): 1, (3, 7): 6, (4, 5): 2, (4, 8): 1, (4, 9): 9, (5, 6): 1, (6, 7): 1, (6, 8): 1, (6, 9): 6, (6, 10): 1, (6, 11): 1, (7, 8): 1, (7, 10): 1, (7, 11): 1, (8, 9): 1, (8, 10): 1}",1546.1444854736328,181.0,36.0,506.0
99.0,Graph with 12 nodes and 37 edges,"[[0, 1, 0, 0, 1, 0, 1, 1, 0, 1, 1, 1], [1, 0, 1, 1, 1, 1, 1, 1, 1, 0, 0, 1], [0, 1, 0, 1, 1, 1, 0, 1, 1, 1, 1, 0], [0, 1, 1, 0, 0, 0, 0, 1, 0, 0, 0, 0], [1, 1, 1, 0, 0, 1, 0, 0, 1, 1, 0, 0], [0, 1, 1, 0, 1, 0, 1, 0, 0, 0, 0, 0], [1, 1, 0, 0, 0, 1, 0, 1, 1, 1, 1, 1], [1, 1, 1, 1, 0, 0, 1, 0, 1, 0, 1, 1], [0, 1, 1, 0, 1, 0, 1, 1, 0, 1, 1, 0], [1, 0, 1, 0, 1, 0, 1, 0, 1, 0, 0, 0], [1, 0, 1, 0, 0, 0, 1, 1, 1, 0, 0, 0], [1, 1, 0, 0, 0, 0, 1, 1, 0, 0, 0, 0]]",22.0,2.0,Y,"{0: 22, 1: 44, 2: 42, 3: 40, 4: 38, 5: 36, 6: 34, 7: 32, 8: 30, 9: 28, 10: 26, 11: 24}","{(0, 1): 16, (0, 4): 1, (0, 6): 1, (0, 7): 1, (0, 9): 1, (0, 10): 1, (0, 11): 1, (1, 2): 8, (1, 3): 14, (1, 4): 1, (1, 5): 1, (1, 6): 1, (1, 7): 1, (1, 8): 1, (1, 11): 1, (2, 3): 1, (2, 4): 1, (2, 5): 1, (2, 7): 1, (2, 8): 1, (2, 9): 7, (2, 10): 22, (3, 7): 25, (4, 5): 27, (4, 8): 7, (4, 9): 1, (5, 6): 7, (6, 7): 1, (6, 8): 1, (6, 9): 1, (6, 10): 1, (6, 11): 21, (7, 8): 1, (7, 10): 1, (7, 11): 1, (8, 9): 18, (8, 10): 1}",739.0975952148438,181.0,36.0,506.0
