graph_index,Graph,Adjacency_list,a,d,APG_label_availability,Vertex_labels,APG_label_availability,Vertex_labels,Edge_labels,Gurobi_runtime/microseconds,Gurobi_num_vars,Gurobi_num_constrs,Gurobi_nonzero_coefs
1.0,Graph with 21 nodes and 92 edges,"[[0, 1, 1, 0, 0, 0, 0, 1, 0, 0, 0, 0, 0, 1, 0, 1, 0, 1, 1, 0, 1], [1, 0, 0, 1, 1, 0, 1, 0, 1, 0, 0, 1, 1, 1, 0, 0, 0, 0, 1, 1, 0], [1, 0, 0, 1, 1, 0, 0, 0, 0, 0, 0, 0, 0, 0, 1, 0, 1, 1, 0, 0, 0], [0, 1, 1, 0, 0, 0, 0, 0, 1, 0, 0, 1, 0, 1, 1, 1, 0, 0, 1, 0, 1], [0, 1, 1, 0, 0, 1, 1, 0, 1, 0, 0, 1, 1, 0, 1, 1, 1, 0, 1, 1, 0], [0, 0, 0, 0, 1, 0, 0, 1, 0, 0, 1, 0, 1, 0, 1, 1, 0, 1, 0, 1, 1], [0, 1, 0, 0, 1, 0, 0, 1, 1, 1, 1, 1, 0, 0, 0, 0, 0, 1, 1, 0, 1], [1, 0, 0, 0, 0, 1, 1, 0, 1, 0, 0, 1, 1, 0, 1, 1, 1, 1, 0, 1, 0], [0, 1, 0, 1, 1, 0, 1, 1, 0, 0, 1, 1, 1, 0, 0, 0, 0, 0, 0, 1, 0], [0, 0, 0, 0, 0, 0, 1, 0, 0, 0, 0, 1, 0, 0, 0, 1, 1, 1, 0, 1, 0], [0, 0, 0, 0, 0, 1, 1, 0, 1, 0, 0, 0, 0, 0, 0, 0, 1, 0, 0, 1, 1], [0, 1, 0, 1, 1, 0, 1, 1, 1, 1, 0, 0, 1, 0, 1, 0, 0, 0, 0, 0, 0], [0, 1, 0, 0, 1, 1, 0, 1, 1, 0, 0, 1, 0, 0, 0, 0, 0, 1, 0, 1, 1], [1, 1, 0, 1, 0, 0, 0, 0, 0, 0, 0, 0, 0, 0, 1, 0, 1, 1, 0, 0, 1], [0, 0, 1, 1, 1, 1, 0, 1, 0, 0, 0, 1, 0, 1, 0, 0, 0, 0, 1, 0, 0], [1, 0, 0, 1, 1, 1, 0, 1, 0, 1, 0, 0, 0, 0, 0, 0, 1, 1, 0, 0, 1], [0, 0, 1, 0, 1, 0, 0, 1, 0, 1, 1, 0, 0, 1, 0, 1, 0, 1, 0, 0, 0], [1, 0, 1, 0, 0, 1, 1, 1, 0, 1, 0, 0, 1, 1, 0, 1, 1, 0, 1, 0, 1], [1, 1, 0, 1, 1, 0, 1, 0, 0, 0, 0, 0, 0, 0, 1, 0, 0, 1, 0, 0, 0], [0, 1, 0, 0, 1, 1, 0, 1, 1, 1, 1, 0, 1, 0, 0, 0, 0, 0, 0, 0, 1], [1, 0, 0, 1, 0, 1, 1, 0, 0, 0, 1, 0, 1, 1, 0, 1, 0, 1, 0, 1, 0]]",26.0,8.0,Y,"{0: 34, 1: 42, 2: 50, 3: 58, 4: 66, 5: 74, 6: 82, 7: 90, 8: 98, 9: 106, 10: 114, 11: 122, 12: 130, 13: 138, 14: 146, 15: 154, 16: 162, 17: 170, 18: 178, 19: 186, 20: 26}",Y,"{0: 34, 1: 42, 2: 50, 3: 58, 4: 66, 5: 74, 6: 82, 7: 90, 8: 98, 9: 106, 10: 114, 11: 122, 12: 130, 13: 138, 14: 146, 15: 154, 16: 162, 17: 170, 18: 178, 19: 186, 20: 26}","{(0, 1): 1, (0, 2): 1, (0, 7): 1, (0, 13): 1, (0, 15): 27, (0, 17): 1, (0, 18): 1, (0, 20): 1, (1, 3): 1, (1, 4): 1, (1, 6): 1, (1, 8): 1, (1, 11): 1, (1, 12): 1, (1, 13): 33, (1, 18): 1, (1, 19): 1, (2, 3): 45, (2, 4): 1, (2, 14): 1, (2, 16): 1, (2, 17): 1, (3, 8): 1, (3, 11): 1, (3, 13): 1, (3, 14): 6, (3, 15): 1, (3, 18): 1, (3, 20): 1, (4, 5): 1, (4, 6): 1, (4, 8): 1, (4, 11): 55, (4, 12): 1, (4, 14): 1, (4, 15): 1, (4, 16): 1, (4, 18): 1, (4, 19): 1, (5, 7): 1, (5, 10): 1, (5, 12): 1, (5, 14): 1, (5, 15): 66, (5, 17): 1, (5, 19): 1, (5, 20): 1, (6, 7): 1, (6, 8): 1, (6, 9): 1, (6, 10): 1, (6, 11): 1, (6, 17): 1, (6, 18): 73, (6, 20): 1, (7, 8): 1, (7, 11): 42, (7, 12): 1, (7, 14): 1, (7, 15): 39, (7, 16): 1, (7, 17): 1, (7, 19): 1, (8, 10): 1, (8, 11): 1, (8, 12): 1, (8, 19): 90, (9, 11): 7, (9, 15): 1, (9, 16): 95, (9, 17): 1, (9, 19): 1, (10, 16): 61, (10, 19): 49, (10, 20): 1, (11, 12): 1, (11, 14): 13, (12, 17): 82, (12, 19): 41, (12, 20): 1, (13, 14): 100, (13, 16): 1, (13, 17): 1, (13, 20): 1, (14, 18): 23, (15, 16): 1, (15, 17): 1, (15, 20): 17, (16, 17): 1, (17, 18): 78, (17, 20): 1, (19, 20): 1}",883.1024169921875,92.0,21.0,184.0
3.0,Graph with 21 nodes and 103 edges,"[[0, 1, 0, 0, 0, 1, 1, 0, 1, 1, 1, 1, 1, 0, 0, 1, 1, 1, 0, 1, 1], [1, 0, 1, 0, 0, 1, 0, 0, 1, 0, 0, 1, 1, 1, 0, 1, 0, 0, 1, 0, 1], [0, 1, 0, 1, 1, 0, 1, 1, 0, 0, 0, 1, 0, 1, 1, 0, 0, 1, 1, 1, 0], [0, 0, 1, 0, 1, 0, 0, 1, 0, 0, 1, 0, 1, 0, 0, 0, 1, 0, 0, 0, 0], [0, 0, 1, 1, 0, 0, 0, 1, 1, 0, 0, 1, 0, 0, 0, 1, 1, 0, 1, 1, 1], [1, 1, 0, 0, 0, 0, 1, 1, 0, 0, 0, 0, 0, 0, 1, 1, 0, 0, 1, 1, 1], [1, 0, 1, 0, 0, 1, 0, 0, 0, 0, 0, 1, 1, 1, 1, 1, 1, 1, 0, 1, 1], [0, 0, 1, 1, 1, 1, 0, 0, 1, 1, 1, 0, 1, 0, 1, 0, 1, 1, 0, 0, 0], [1, 1, 0, 0, 1, 0, 0, 1, 0, 1, 0, 1, 1, 0, 1, 1, 0, 0, 0, 1, 1], [1, 0, 0, 0, 0, 0, 0, 1, 1, 0, 0, 1, 1, 0, 1, 1, 1, 1, 1, 0, 0], [1, 0, 0, 1, 0, 0, 0, 1, 0, 0, 0, 0, 0, 1, 0, 0, 1, 0, 0, 1, 0], [1, 1, 1, 0, 1, 0, 1, 0, 1, 1, 0, 0, 1, 0, 0, 0, 1, 1, 0, 1, 0], [1, 1, 0, 1, 0, 0, 1, 1, 1, 1, 0, 1, 0, 1, 1, 1, 0, 0, 1, 1, 0], [0, 1, 1, 0, 0, 0, 1, 0, 0, 0, 1, 0, 1, 0, 1, 0, 0, 0, 0, 1, 0], [0, 0, 1, 0, 0, 1, 1, 1, 1, 1, 0, 0, 1, 1, 0, 1, 1, 0, 0, 0, 1], [1, 1, 0, 0, 1, 1, 1, 0, 1, 1, 0, 0, 1, 0, 1, 0, 0, 0, 0, 0, 0], [1, 0, 0, 1, 1, 0, 1, 1, 0, 1, 1, 1, 0, 0, 1, 0, 0, 1, 1, 1, 0], [1, 0, 1, 0, 0, 0, 1, 1, 0, 1, 0, 1, 0, 0, 0, 0, 1, 0, 1, 0, 0], [0, 1, 1, 0, 1, 1, 0, 0, 0, 1, 0, 0, 1, 0, 0, 0, 1, 1, 0, 0, 0], [1, 0, 1, 0, 1, 1, 1, 0, 1, 0, 1, 1, 1, 1, 0, 0, 1, 0, 0, 0, 0], [1, 1, 0, 0, 1, 1, 1, 0, 1, 0, 0, 0, 0, 0, 1, 0, 0, 0, 0, 0, 0]]",6.0,4.0,Y,"{0: 18, 1: 14, 2: 22, 3: 10, 4: 26, 5: 30, 6: 34, 7: 38, 8: 42, 9: 46, 10: 6, 11: 50, 12: 54, 13: 58, 14: 62, 15: 66, 16: 70, 17: 74, 18: 78, 19: 82, 20: 86}",Y,"{0: 18, 1: 14, 2: 22, 3: 10, 4: 26, 5: 30, 6: 34, 7: 38, 8: 42, 9: 46, 10: 6, 11: 50, 12: 54, 13: 58, 14: 62, 15: 66, 16: 70, 17: 74, 18: 78, 19: 82, 20: 86}","{(0, 1): 1, (0, 5): 1, (0, 6): 1, (0, 8): 1, (0, 9): 1, (0, 10): 1, (0, 11): 1, (0, 12): 1, (0, 15): 2, (0, 16): 1, (0, 17): 1, (0, 19): 1, (0, 20): 5, (1, 2): 1, (1, 5): 1, (1, 8): 1, (1, 11): 1, (1, 12): 1, (1, 13): 1, (1, 15): 1, (1, 18): 5, (1, 20): 1, (2, 3): 1, (2, 4): 1, (2, 6): 1, (2, 7): 1, (2, 11): 1, (2, 13): 4, (2, 14): 3, (2, 17): 1, (2, 18): 7, (2, 19): 1, (3, 4): 1, (3, 7): 5, (3, 10): 1, (3, 12): 1, (3, 16): 1, (4, 7): 1, (4, 8): 1, (4, 11): 1, (4, 15): 17, (4, 16): 1, (4, 18): 1, (4, 19): 1, (4, 20): 1, (5, 6): 1, (5, 7): 1, (5, 14): 1, (5, 15): 1, (5, 18): 22, (5, 19): 1, (5, 20): 1, (6, 11): 1, (6, 12): 1, (6, 13): 1, (6, 14): 1, (6, 15): 1, (6, 16): 1, (6, 17): 1, (6, 19): 1, (6, 20): 23, (7, 8): 1, (7, 9): 1, (7, 10): 1, (7, 12): 1, (7, 14): 1, (7, 16): 16, (7, 17): 9, (8, 9): 1, (8, 11): 1, (8, 12): 8, (8, 14): 1, (8, 15): 1, (8, 19): 1, (8, 20): 25, (9, 11): 1, (9, 12): 1, (9, 14): 1, (9, 15): 8, (9, 16): 1, (9, 17): 6, (9, 18): 25, (10, 13): 1, (10, 16): 1, (10, 19): 1, (11, 12): 9, (11, 16): 1, (11, 17): 32, (11, 19): 1, (12, 13): 10, (12, 14): 1, (12, 15): 18, (12, 18): 1, (12, 19): 1, (13, 14): 5, (13, 19): 36, (14, 15): 17, (14, 16): 1, (14, 20): 30, (16, 17): 8, (16, 18): 1, (16, 19): 37, (17, 18): 16}",62.9425048828125,103.0,21.0,206.0
3.0,Graph with 21 nodes and 103 edges,"[[0, 1, 0, 0, 0, 1, 1, 0, 1, 1, 1, 1, 1, 0, 0, 1, 1, 1, 0, 1, 1], [1, 0, 1, 0, 0, 1, 0, 0, 1, 0, 0, 1, 1, 1, 0, 1, 0, 0, 1, 0, 1], [0, 1, 0, 1, 1, 0, 1, 1, 0, 0, 0, 1, 0, 1, 1, 0, 0, 1, 1, 1, 0], [0, 0, 1, 0, 1, 0, 0, 1, 0, 0, 1, 0, 1, 0, 0, 0, 1, 0, 0, 0, 0], [0, 0, 1, 1, 0, 0, 0, 1, 1, 0, 0, 1, 0, 0, 0, 1, 1, 0, 1, 1, 1], [1, 1, 0, 0, 0, 0, 1, 1, 0, 0, 0, 0, 0, 0, 1, 1, 0, 0, 1, 1, 1], [1, 0, 1, 0, 0, 1, 0, 0, 0, 0, 0, 1, 1, 1, 1, 1, 1, 1, 0, 1, 1], [0, 0, 1, 1, 1, 1, 0, 0, 1, 1, 1, 0, 1, 0, 1, 0, 1, 1, 0, 0, 0], [1, 1, 0, 0, 1, 0, 0, 1, 0, 1, 0, 1, 1, 0, 1, 1, 0, 0, 0, 1, 1], [1, 0, 0, 0, 0, 0, 0, 1, 1, 0, 0, 1, 1, 0, 1, 1, 1, 1, 1, 0, 0], [1, 0, 0, 1, 0, 0, 0, 1, 0, 0, 0, 0, 0, 1, 0, 0, 1, 0, 0, 1, 0], [1, 1, 1, 0, 1, 0, 1, 0, 1, 1, 0, 0, 1, 0, 0, 0, 1, 1, 0, 1, 0], [1, 1, 0, 1, 0, 0, 1, 1, 1, 1, 0, 1, 0, 1, 1, 1, 0, 0, 1, 1, 0], [0, 1, 1, 0, 0, 0, 1, 0, 0, 0, 1, 0, 1, 0, 1, 0, 0, 0, 0, 1, 0], [0, 0, 1, 0, 0, 1, 1, 1, 1, 1, 0, 0, 1, 1, 0, 1, 1, 0, 0, 0, 1], [1, 1, 0, 0, 1, 1, 1, 0, 1, 1, 0, 0, 1, 0, 1, 0, 0, 0, 0, 0, 0], [1, 0, 0, 1, 1, 0, 1, 1, 0, 1, 1, 1, 0, 0, 1, 0, 0, 1, 1, 1, 0], [1, 0, 1, 0, 0, 0, 1, 1, 0, 1, 0, 1, 0, 0, 0, 0, 1, 0, 1, 0, 0], [0, 1, 1, 0, 1, 1, 0, 0, 0, 1, 0, 0, 1, 0, 0, 0, 1, 1, 0, 0, 0], [1, 0, 1, 0, 1, 1, 1, 0, 1, 0, 1, 1, 1, 1, 0, 0, 1, 0, 0, 0, 0], [1, 1, 0, 0, 1, 1, 1, 0, 1, 0, 0, 0, 0, 0, 1, 0, 0, 0, 0, 0, 0]]",18.0,6.0,Y,"{0: 24, 1: 30, 2: 36, 3: 42, 4: 48, 5: 54, 6: 60, 7: 66, 8: 72, 9: 78, 10: 84, 11: 90, 12: 96, 13: 102, 14: 108, 15: 114, 16: 120, 17: 126, 18: 132, 19: 138, 20: 18}",Y,"{0: 24, 1: 30, 2: 36, 3: 42, 4: 48, 5: 54, 6: 60, 7: 66, 8: 72, 9: 78, 10: 84, 11: 90, 12: 96, 13: 102, 14: 108, 15: 114, 16: 120, 17: 126, 18: 132, 19: 138, 20: 18}","{(0, 1): 1, (0, 5): 1, (0, 6): 1, (0, 8): 1, (0, 9): 1, (0, 10): 1, (0, 11): 1, (0, 12): 1, (0, 15): 10, (0, 16): 1, (0, 17): 1, (0, 19): 3, (0, 20): 1, (1, 2): 1, (1, 5): 1, (1, 8): 9, (1, 11): 1, (1, 12): 1, (1, 13): 3, (1, 15): 3, (1, 18): 1, (1, 20): 9, (2, 3): 1, (2, 4): 1, (2, 6): 1, (2, 7): 1, (2, 11): 1, (2, 13): 5, (2, 14): 1, (2, 17): 1, (2, 18): 11, (2, 19): 12, (3, 4): 1, (3, 7): 30, (3, 10): 5, (3, 12): 1, (3, 16): 4, (4, 7): 1, (4, 8): 1, (4, 11): 10, (4, 15): 10, (4, 16): 1, (4, 18): 11, (4, 19): 11, (4, 20): 1, (5, 6): 1, (5, 7): 1, (5, 14): 1, (5, 15): 5, (5, 18): 12, (5, 19): 30, (5, 20): 2, (6, 11): 8, (6, 12): 1, (6, 13): 28, (6, 14): 1, (6, 15): 1, (6, 16): 1, (6, 17): 1, (6, 19): 13, (6, 20): 3, (7, 8): 1, (7, 9): 11, (7, 10): 1, (7, 12): 1, (7, 14): 1, (7, 16): 1, (7, 17): 17, (8, 9): 1, (8, 11): 11, (8, 12): 3, (8, 14): 1, (8, 15): 42, (8, 19): 1, (8, 20): 1, (9, 11): 1, (9, 12): 1, (9, 14): 39, (9, 15): 11, (9, 16): 1, (9, 17): 11, (9, 18): 1, (10, 13): 17, (10, 16): 59, (10, 19): 1, (11, 12): 32, (11, 16): 11, (11, 17): 1, (11, 19): 13, (12, 13): 1, (12, 14): 1, (12, 15): 22, (12, 18): 1, (12, 19): 30, (13, 14): 47, (13, 19): 1, (14, 15): 10, (14, 16): 5, (14, 20): 1, (16, 17): 6, (16, 18): 7, (16, 19): 23, (17, 18): 88}",92.98324584960938,103.0,21.0,206.0
3.0,Graph with 21 nodes and 103 edges,"[[0, 1, 0, 0, 0, 1, 1, 0, 1, 1, 1, 1, 1, 0, 0, 1, 1, 1, 0, 1, 1], [1, 0, 1, 0, 0, 1, 0, 0, 1, 0, 0, 1, 1, 1, 0, 1, 0, 0, 1, 0, 1], [0, 1, 0, 1, 1, 0, 1, 1, 0, 0, 0, 1, 0, 1, 1, 0, 0, 1, 1, 1, 0], [0, 0, 1, 0, 1, 0, 0, 1, 0, 0, 1, 0, 1, 0, 0, 0, 1, 0, 0, 0, 0], [0, 0, 1, 1, 0, 0, 0, 1, 1, 0, 0, 1, 0, 0, 0, 1, 1, 0, 1, 1, 1], [1, 1, 0, 0, 0, 0, 1, 1, 0, 0, 0, 0, 0, 0, 1, 1, 0, 0, 1, 1, 1], [1, 0, 1, 0, 0, 1, 0, 0, 0, 0, 0, 1, 1, 1, 1, 1, 1, 1, 0, 1, 1], [0, 0, 1, 1, 1, 1, 0, 0, 1, 1, 1, 0, 1, 0, 1, 0, 1, 1, 0, 0, 0], [1, 1, 0, 0, 1, 0, 0, 1, 0, 1, 0, 1, 1, 0, 1, 1, 0, 0, 0, 1, 1], [1, 0, 0, 0, 0, 0, 0, 1, 1, 0, 0, 1, 1, 0, 1, 1, 1, 1, 1, 0, 0], [1, 0, 0, 1, 0, 0, 0, 1, 0, 0, 0, 0, 0, 1, 0, 0, 1, 0, 0, 1, 0], [1, 1, 1, 0, 1, 0, 1, 0, 1, 1, 0, 0, 1, 0, 0, 0, 1, 1, 0, 1, 0], [1, 1, 0, 1, 0, 0, 1, 1, 1, 1, 0, 1, 0, 1, 1, 1, 0, 0, 1, 1, 0], [0, 1, 1, 0, 0, 0, 1, 0, 0, 0, 1, 0, 1, 0, 1, 0, 0, 0, 0, 1, 0], [0, 0, 1, 0, 0, 1, 1, 1, 1, 1, 0, 0, 1, 1, 0, 1, 1, 0, 0, 0, 1], [1, 1, 0, 0, 1, 1, 1, 0, 1, 1, 0, 0, 1, 0, 1, 0, 0, 0, 0, 0, 0], [1, 0, 0, 1, 1, 0, 1, 1, 0, 1, 1, 1, 0, 0, 1, 0, 0, 1, 1, 1, 0], [1, 0, 1, 0, 0, 0, 1, 1, 0, 1, 0, 1, 0, 0, 0, 0, 1, 0, 1, 0, 0], [0, 1, 1, 0, 1, 1, 0, 0, 0, 1, 0, 0, 1, 0, 0, 0, 1, 1, 0, 0, 0], [1, 0, 1, 0, 1, 1, 1, 0, 1, 0, 1, 1, 1, 1, 0, 0, 1, 0, 0, 0, 0], [1, 1, 0, 0, 1, 1, 1, 0, 1, 0, 0, 0, 0, 0, 1, 0, 0, 0, 0, 0, 0]]",28.0,2.0,Y,"{0: 30, 1: 32, 2: 34, 3: 36, 4: 38, 5: 40, 6: 42, 7: 44, 8: 46, 9: 48, 10: 50, 11: 52, 12: 54, 13: 56, 14: 58, 15: 60, 16: 62, 17: 64, 18: 66, 19: 68, 20: 28}",Y,"{0: 30, 1: 32, 2: 34, 3: 36, 4: 38, 5: 40, 6: 42, 7: 44, 8: 46, 9: 48, 10: 50, 11: 52, 12: 54, 13: 56, 14: 58, 15: 60, 16: 62, 17: 64, 18: 66, 19: 68, 20: 28}","{(0, 1): 1, (0, 5): 1, (0, 6): 1, (0, 8): 1, (0, 9): 1, (0, 10): 15, (0, 11): 1, (0, 12): 1, (0, 15): 1, (0, 16): 1, (0, 17): 4, (0, 19): 1, (0, 20): 1, (1, 2): 1, (1, 5): 1, (1, 8): 1, (1, 11): 1, (1, 12): 1, (1, 13): 1, (1, 15): 1, (1, 18): 23, (1, 20): 1, (2, 3): 1, (2, 4): 1, (2, 6): 1, (2, 7): 1, (2, 11): 1, (2, 13): 1, (2, 14): 1, (2, 17): 24, (2, 18): 1, (2, 19): 1, (3, 4): 1, (3, 7): 1, (3, 10): 31, (3, 12): 1, (3, 16): 1, (4, 7): 1, (4, 8): 1, (4, 11): 17, (4, 15): 1, (4, 16): 1, (4, 18): 1, (4, 19): 13, (4, 20): 1, (5, 6): 1, (5, 7): 1, (5, 14): 1, (5, 15): 32, (5, 18): 1, (5, 19): 1, (5, 20): 1, (6, 11): 1, (6, 12): 31, (6, 13): 1, (6, 14): 1, (6, 15): 1, (6, 16): 1, (6, 17): 1, (6, 19): 1, (6, 20): 1, (7, 8): 1, (7, 9): 1, (7, 10): 1, (7, 12): 1, (7, 14): 1, (7, 16): 34, (7, 17): 1, (8, 9): 3, (8, 11): 1, (8, 12): 1, (8, 14): 1, (8, 15): 1, (8, 19): 13, (8, 20): 22, (9, 11): 26, (9, 12): 1, (9, 14): 1, (9, 15): 1, (9, 16): 1, (9, 17): 12, (9, 18): 1, (10, 13): 1, (10, 16): 1, (10, 19): 1, (11, 12): 1, (11, 16): 1, (11, 17): 1, (11, 19): 1, (12, 13): 1, (12, 14): 12, (12, 15): 1, (12, 18): 1, (12, 19): 1, (13, 14): 17, (13, 19): 34, (14, 15): 21, (14, 16): 1, (14, 20): 1, (16, 17): 1, (16, 18): 18, (16, 19): 1, (17, 18): 20}",1024.9614715576172,103.0,21.0,206.0
3.0,Graph with 21 nodes and 103 edges,"[[0, 1, 0, 0, 0, 1, 1, 0, 1, 1, 1, 1, 1, 0, 0, 1, 1, 1, 0, 1, 1], [1, 0, 1, 0, 0, 1, 0, 0, 1, 0, 0, 1, 1, 1, 0, 1, 0, 0, 1, 0, 1], [0, 1, 0, 1, 1, 0, 1, 1, 0, 0, 0, 1, 0, 1, 1, 0, 0, 1, 1, 1, 0], [0, 0, 1, 0, 1, 0, 0, 1, 0, 0, 1, 0, 1, 0, 0, 0, 1, 0, 0, 0, 0], [0, 0, 1, 1, 0, 0, 0, 1, 1, 0, 0, 1, 0, 0, 0, 1, 1, 0, 1, 1, 1], [1, 1, 0, 0, 0, 0, 1, 1, 0, 0, 0, 0, 0, 0, 1, 1, 0, 0, 1, 1, 1], [1, 0, 1, 0, 0, 1, 0, 0, 0, 0, 0, 1, 1, 1, 1, 1, 1, 1, 0, 1, 1], [0, 0, 1, 1, 1, 1, 0, 0, 1, 1, 1, 0, 1, 0, 1, 0, 1, 1, 0, 0, 0], [1, 1, 0, 0, 1, 0, 0, 1, 0, 1, 0, 1, 1, 0, 1, 1, 0, 0, 0, 1, 1], [1, 0, 0, 0, 0, 0, 0, 1, 1, 0, 0, 1, 1, 0, 1, 1, 1, 1, 1, 0, 0], [1, 0, 0, 1, 0, 0, 0, 1, 0, 0, 0, 0, 0, 1, 0, 0, 1, 0, 0, 1, 0], [1, 1, 1, 0, 1, 0, 1, 0, 1, 1, 0, 0, 1, 0, 0, 0, 1, 1, 0, 1, 0], [1, 1, 0, 1, 0, 0, 1, 1, 1, 1, 0, 1, 0, 1, 1, 1, 0, 0, 1, 1, 0], [0, 1, 1, 0, 0, 0, 1, 0, 0, 0, 1, 0, 1, 0, 1, 0, 0, 0, 0, 1, 0], [0, 0, 1, 0, 0, 1, 1, 1, 1, 1, 0, 0, 1, 1, 0, 1, 1, 0, 0, 0, 1], [1, 1, 0, 0, 1, 1, 1, 0, 1, 1, 0, 0, 1, 0, 1, 0, 0, 0, 0, 0, 0], [1, 0, 0, 1, 1, 0, 1, 1, 0, 1, 1, 1, 0, 0, 1, 0, 0, 1, 1, 1, 0], [1, 0, 1, 0, 0, 0, 1, 1, 0, 1, 0, 1, 0, 0, 0, 0, 1, 0, 1, 0, 0], [0, 1, 1, 0, 1, 1, 0, 0, 0, 1, 0, 0, 1, 0, 0, 0, 1, 1, 0, 0, 0], [1, 0, 1, 0, 1, 1, 1, 0, 1, 0, 1, 1, 1, 1, 0, 0, 1, 0, 0, 0, 0], [1, 1, 0, 0, 1, 1, 1, 0, 1, 0, 0, 0, 0, 0, 1, 0, 0, 0, 0, 0, 0]]",28.0,4.0,Y,"{0: 32, 1: 36, 2: 40, 3: 44, 4: 48, 5: 52, 6: 56, 7: 60, 8: 64, 9: 68, 10: 72, 11: 76, 12: 80, 13: 84, 14: 88, 15: 92, 16: 96, 17: 100, 18: 104, 19: 108, 20: 28}",Y,"{0: 32, 1: 36, 2: 40, 3: 44, 4: 48, 5: 52, 6: 56, 7: 60, 8: 64, 9: 68, 10: 72, 11: 76, 12: 80, 13: 84, 14: 88, 15: 92, 16: 96, 17: 100, 18: 104, 19: 108, 20: 28}","{(0, 1): 1, (0, 5): 1, (0, 6): 5, (0, 8): 1, (0, 9): 1, (0, 10): 5, (0, 11): 10, (0, 12): 1, (0, 15): 3, (0, 16): 1, (0, 17): 1, (0, 19): 1, (0, 20): 1, (1, 2): 5, (1, 5): 1, (1, 8): 1, (1, 11): 1, (1, 12): 1, (1, 13): 1, (1, 15): 5, (1, 18): 15, (1, 20): 5, (2, 3): 1, (2, 4): 1, (2, 6): 1, (2, 7): 1, (2, 11): 1, (2, 13): 11, (2, 14): 1, (2, 17): 2, (2, 18): 10, (2, 19): 6, (3, 4): 1, (3, 7): 5, (3, 10): 1, (3, 12): 29, (3, 16): 7, (4, 7): 5, (4, 8): 1, (4, 11): 1, (4, 15): 7, (4, 16): 1, (4, 18): 1, (4, 19): 29, (4, 20): 1, (5, 6): 1, (5, 7): 1, (5, 14): 1, (5, 15): 1, (5, 18): 44, (5, 19): 1, (5, 20): 1, (6, 11): 13, (6, 12): 1, (6, 13): 20, (6, 14): 1, (6, 15): 1, (6, 16): 1, (6, 17): 1, (6, 19): 3, (6, 20): 8, (7, 8): 7, (7, 9): 1, (7, 10): 36, (7, 12): 1, (7, 14): 1, (7, 16): 1, (7, 17): 1, (8, 9): 26, (8, 11): 1, (8, 12): 5, (8, 14): 5, (8, 15): 5, (8, 19): 5, (8, 20): 7, (9, 11): 14, (9, 12): 5, (9, 14): 1, (9, 15): 7, (9, 16): 1, (9, 17): 1, (9, 18): 11, (10, 13): 7, (10, 16): 1, (10, 19): 22, (11, 12): 24, (11, 16): 1, (11, 17): 8, (11, 19): 2, (12, 13): 3, (12, 14): 1, (12, 15): 1, (12, 18): 7, (12, 19): 1, (13, 14): 9, (13, 19): 33, (14, 15): 62, (14, 16): 1, (14, 20): 5, (16, 17): 73, (16, 18): 3, (16, 19): 5, (17, 18): 13}",99.18212890625,103.0,21.0,206.0
5.0,Graph with 21 nodes and 101 edges,"[[0, 1, 1, 1, 0, 0, 0, 0, 0, 1, 1, 1, 1, 1, 0, 0, 1, 0, 0, 0, 1], [1, 0, 1, 0, 0, 0, 1, 1, 0, 1, 0, 1, 1, 0, 0, 0, 1, 1, 0, 0, 1], [1, 1, 0, 1, 1, 0, 1, 0, 1, 0, 0, 0, 1, 1, 0, 1, 0, 0, 1, 1, 0], [1, 0, 1, 0, 0, 1, 1, 0, 0, 0, 0, 0, 0, 0, 1, 1, 0, 0, 0, 0, 1], [0, 0, 1, 0, 0, 0, 0, 0, 1, 1, 1, 1, 0, 0, 1, 0, 0, 1, 0, 0, 0], [0, 0, 0, 1, 0, 0, 0, 0, 0, 1, 0, 1, 1, 0, 0, 0, 1, 1, 1, 1, 0], [0, 1, 1, 1, 0, 0, 0, 0, 1, 1, 1, 1, 0, 0, 0, 0, 1, 0, 1, 0, 0], [0, 1, 0, 0, 0, 0, 0, 0, 1, 0, 1, 0, 0, 1, 0, 1, 0, 1, 1, 1, 0], [0, 0, 1, 0, 1, 0, 1, 1, 0, 0, 1, 0, 1, 0, 0, 1, 1, 1, 0, 0, 0], [1, 1, 0, 0, 1, 1, 1, 0, 0, 0, 1, 0, 0, 1, 0, 0, 0, 1, 1, 1, 0], [1, 0, 0, 0, 1, 0, 1, 1, 1, 1, 0, 1, 1, 1, 1, 1, 0, 1, 0, 1, 0], [1, 1, 0, 0, 1, 1, 1, 0, 0, 0, 1, 0, 1, 1, 0, 1, 1, 1, 1, 1, 1], [1, 1, 1, 0, 0, 1, 0, 0, 1, 0, 1, 1, 0, 0, 0, 1, 1, 1, 0, 1, 1], [1, 0, 1, 0, 0, 0, 0, 1, 0, 1, 1, 1, 0, 0, 0, 1, 1, 1, 0, 0, 0], [0, 0, 0, 1, 1, 0, 0, 0, 0, 0, 1, 0, 0, 0, 0, 1, 0, 0, 0, 1, 0], [0, 0, 1, 1, 0, 0, 0, 1, 1, 0, 1, 1, 1, 1, 1, 0, 1, 1, 1, 0, 0], [1, 1, 0, 0, 0, 1, 1, 0, 1, 0, 0, 1, 1, 1, 0, 1, 0, 0, 0, 0, 0], [0, 1, 0, 0, 1, 1, 0, 1, 1, 1, 1, 1, 1, 1, 0, 1, 0, 0, 0, 1, 0], [0, 0, 1, 0, 0, 1, 1, 1, 0, 1, 0, 1, 0, 0, 0, 1, 0, 0, 0, 1, 1], [0, 0, 1, 0, 0, 1, 0, 1, 0, 1, 1, 1, 1, 0, 1, 0, 0, 1, 1, 0, 1], [1, 1, 0, 1, 0, 0, 0, 0, 0, 0, 0, 1, 1, 0, 0, 0, 0, 0, 1, 1, 0]]",12.0,6.0,Y,"{0: 18, 1: 24, 2: 30, 3: 36, 4: 42, 5: 48, 6: 54, 7: 60, 8: 66, 9: 72, 10: 78, 11: 84, 12: 90, 13: 96, 14: 102, 15: 108, 16: 114, 17: 120, 18: 126, 19: 132, 20: 12}",Y,"{0: 18, 1: 24, 2: 30, 3: 36, 4: 42, 5: 48, 6: 54, 7: 60, 8: 66, 9: 72, 10: 78, 11: 84, 12: 90, 13: 96, 14: 102, 15: 108, 16: 114, 17: 120, 18: 126, 19: 132, 20: 12}","{(0, 1): 1, (0, 2): 1, (0, 3): 1, (0, 9): 1, (0, 10): 5, (0, 11): 1, (0, 12): 5, (0, 13): 1, (0, 16): 1, (0, 20): 1, (1, 2): 1, (1, 6): 4, (1, 7): 1, (1, 9): 1, (1, 11): 7, (1, 12): 2, (1, 16): 3, (1, 17): 3, (1, 20): 1, (2, 3): 1, (2, 4): 3, (2, 6): 1, (2, 8): 3, (2, 12): 1, (2, 13): 14, (2, 15): 1, (2, 18): 3, (2, 19): 1, (3, 5): 1, (3, 6): 3, (3, 14): 27, (3, 15): 2, (3, 20): 1, (4, 8): 7, (4, 9): 1, (4, 10): 24, (4, 11): 1, (4, 14): 3, (4, 17): 3, (5, 9): 13, (5, 11): 1, (5, 12): 2, (5, 16): 7, (5, 17): 9, (5, 18): 14, (5, 19): 1, (6, 8): 1, (6, 9): 5, (6, 10): 4, (6, 11): 1, (6, 16): 28, (6, 18): 7, (7, 8): 6, (7, 10): 1, (7, 13): 1, (7, 15): 3, (7, 17): 1, (7, 18): 36, (7, 19): 11, (8, 10): 1, (8, 12): 1, (8, 15): 1, (8, 16): 1, (8, 17): 45, (9, 10): 16, (9, 13): 32, (9, 17): 1, (9, 18): 1, (9, 19): 1, (10, 11): 1, (10, 12): 1, (10, 13): 7, (10, 14): 9, (10, 15): 1, (10, 17): 1, (10, 19): 7, (11, 12): 57, (11, 13): 1, (11, 15): 1, (11, 16): 1, (11, 17): 1, (11, 18): 1, (11, 19): 9, (11, 20): 1, (12, 15): 1, (12, 16): 9, (12, 17): 7, (12, 19): 1, (12, 20): 3, (13, 15): 1, (13, 16): 34, (13, 17): 5, (14, 15): 62, (14, 19): 1, (15, 16): 30, (15, 17): 4, (15, 18): 1, (17, 19): 40, (18, 19): 59, (18, 20): 4, (19, 20): 1}",90.83747863769531,101.0,21.0,202.0
6.0,Graph with 21 nodes and 116 edges,"[[0, 0, 1, 0, 0, 1, 0, 1, 1, 1, 1, 1, 1, 0, 0, 1, 0, 0, 0, 0, 0], [0, 0, 0, 1, 0, 0, 0, 0, 1, 1, 0, 0, 1, 0, 1, 1, 0, 0, 1, 1, 1], [1, 0, 0, 1, 1, 1, 0, 1, 0, 0, 1, 1, 1, 0, 1, 0, 0, 0, 0, 1, 0], [0, 1, 1, 0, 1, 0, 0, 0, 0, 1, 1, 1, 0, 1, 0, 1, 1, 1, 0, 1, 0], [0, 0, 1, 1, 0, 1, 1, 1, 1, 1, 0, 1, 1, 1, 0, 1, 1, 1, 0, 1, 0], [1, 0, 1, 0, 1, 0, 0, 0, 0, 1, 0, 1, 1, 0, 0, 0, 0, 0, 1, 0, 0], [0, 0, 0, 0, 1, 0, 0, 0, 1, 0, 1, 1, 1, 1, 1, 1, 1, 1, 0, 0, 0], [1, 0, 1, 0, 1, 0, 0, 0, 1, 1, 1, 0, 0, 0, 0, 1, 1, 1, 0, 1, 1], [1, 1, 0, 0, 1, 0, 1, 1, 0, 1, 1, 1, 0, 1, 0, 1, 0, 0, 0, 0, 1], [1, 1, 0, 1, 1, 1, 0, 1, 1, 0, 0, 0, 0, 0, 1, 0, 0, 0, 1, 1, 1], [1, 0, 1, 1, 0, 0, 1, 1, 1, 0, 0, 0, 1, 1, 0, 1, 1, 1, 1, 1, 0], [1, 0, 1, 1, 1, 1, 1, 0, 1, 0, 0, 0, 1, 1, 1, 1, 1, 0, 1, 1, 1], [1, 1, 1, 0, 1, 1, 1, 0, 0, 0, 1, 1, 0, 1, 1, 0, 1, 1, 0, 0, 0], [0, 0, 0, 1, 1, 0, 1, 0, 1, 0, 1, 1, 1, 0, 1, 0, 1, 1, 1, 1, 1], [0, 1, 1, 0, 0, 0, 1, 0, 0, 1, 0, 1, 1, 1, 0, 1, 1, 1, 1, 1, 0], [1, 1, 0, 1, 1, 0, 1, 1, 1, 0, 1, 1, 0, 0, 1, 0, 0, 1, 1, 1, 1], [0, 0, 0, 1, 1, 0, 1, 1, 0, 0, 1, 1, 1, 1, 1, 0, 0, 0, 1, 0, 0], [0, 0, 0, 1, 1, 0, 1, 1, 0, 0, 1, 0, 1, 1, 1, 1, 0, 0, 0, 0, 0], [0, 1, 0, 0, 0, 1, 0, 0, 0, 1, 1, 1, 0, 1, 1, 1, 1, 0, 0, 1, 0], [0, 1, 1, 1, 1, 0, 0, 1, 0, 1, 1, 1, 0, 1, 1, 1, 0, 0, 1, 0, 1], [0, 1, 0, 0, 0, 0, 0, 1, 1, 1, 0, 1, 0, 1, 0, 1, 0, 0, 0, 1, 0]]",18.0,1.0,Y,"{0: 19, 1: 20, 2: 21, 3: 22, 4: 23, 5: 24, 6: 25, 7: 26, 8: 27, 9: 28, 10: 29, 11: 30, 12: 31, 13: 32, 14: 33, 15: 34, 16: 35, 17: 36, 18: 37, 19: 38, 20: 18}",Y,"{0: 19, 1: 20, 2: 21, 3: 22, 4: 23, 5: 24, 6: 25, 7: 26, 8: 27, 9: 28, 10: 29, 11: 30, 12: 31, 13: 32, 14: 33, 15: 34, 16: 35, 17: 36, 18: 37, 19: 38, 20: 18}","{(0, 2): 8, (0, 5): 1, (0, 7): 1, (0, 8): 1, (0, 9): 2, (0, 10): 1, (0, 11): 3, (0, 12): 1, (0, 15): 1, (1, 3): 1, (1, 8): 1, (1, 9): 6, (1, 12): 5, (1, 14): 1, (1, 15): 1, (1, 18): 1, (1, 19): 3, (1, 20): 1, (2, 3): 1, (2, 4): 1, (2, 5): 3, (2, 7): 1, (2, 10): 1, (2, 11): 1, (2, 12): 1, (2, 14): 1, (2, 19): 3, (3, 4): 1, (3, 9): 1, (3, 10): 1, (3, 11): 1, (3, 13): 3, (3, 15): 3, (3, 16): 1, (3, 17): 1, (3, 19): 8, (4, 5): 1, (4, 6): 1, (4, 7): 1, (4, 8): 1, (4, 9): 1, (4, 11): 1, (4, 12): 1, (4, 13): 1, (4, 15): 1, (4, 16): 1, (4, 17): 10, (4, 19): 1, (5, 9): 5, (5, 11): 1, (5, 12): 5, (5, 18): 8, (6, 8): 1, (6, 10): 1, (6, 11): 1, (6, 12): 1, (6, 13): 6, (6, 14): 5, (6, 15): 1, (6, 16): 3, (6, 17): 5, (7, 8): 1, (7, 9): 7, (7, 10): 5, (7, 15): 6, (7, 16): 1, (7, 17): 1, (7, 19): 1, (7, 20): 1, (8, 9): 2, (8, 10): 1, (8, 11): 1, (8, 13): 3, (8, 15): 14, (8, 20): 1, (9, 14): 1, (9, 18): 1, (9, 19): 1, (9, 20): 1, (10, 12): 1, (10, 13): 1, (10, 15): 1, (10, 16): 1, (10, 17): 13, (10, 18): 1, (10, 19): 1, (11, 12): 12, (11, 13): 1, (11, 14): 1, (11, 15): 1, (11, 16): 3, (11, 18): 1, (11, 19): 1, (11, 20): 1, (12, 13): 1, (12, 14): 1, (12, 16): 1, (12, 17): 1, (13, 14): 1, (13, 16): 1, (13, 17): 1, (13, 18): 1, (13, 19): 1, (13, 20): 11, (14, 15): 1, (14, 16): 16, (14, 17): 3, (14, 18): 1, (14, 19): 1, (15, 17): 1, (15, 18): 1, (15, 19): 1, (15, 20): 1, (16, 18): 7, (18, 19): 15, (19, 20): 1}",55.07469177246094,116.0,21.0,232.0
7.0,Graph with 21 nodes and 106 edges,"[[0, 0, 1, 1, 1, 0, 1, 1, 0, 1, 1, 1, 1, 1, 1, 0, 1, 1, 0, 1, 0], [0, 0, 0, 0, 1, 1, 0, 0, 0, 1, 1, 1, 1, 1, 0, 0, 1, 0, 1, 1, 0], [1, 0, 0, 0, 0, 1, 0, 0, 1, 0, 1, 1, 1, 0, 0, 1, 0, 0, 1, 0, 1], [1, 0, 0, 0, 0, 0, 1, 1, 1, 0, 0, 0, 0, 0, 1, 0, 0, 1, 1, 0, 0], [1, 1, 0, 0, 0, 1, 1, 0, 0, 0, 0, 0, 0, 0, 1, 0, 0, 1, 1, 1, 1], [0, 1, 1, 0, 1, 0, 1, 1, 0, 1, 1, 0, 0, 1, 0, 0, 0, 1, 0, 1, 0], [1, 0, 0, 1, 1, 1, 0, 1, 1, 1, 0, 0, 1, 1, 0, 0, 0, 0, 1, 0, 1], [1, 0, 0, 1, 0, 1, 1, 0, 0, 0, 1, 0, 0, 1, 1, 1, 1, 0, 0, 1, 1], [0, 0, 1, 1, 0, 0, 1, 0, 0, 1, 1, 1, 1, 0, 0, 1, 0, 0, 1, 1, 0], [1, 1, 0, 0, 0, 1, 1, 0, 1, 0, 1, 0, 1, 1, 1, 1, 0, 0, 1, 0, 1], [1, 1, 1, 0, 0, 1, 0, 1, 1, 1, 0, 1, 0, 0, 0, 0, 0, 1, 0, 0, 1], [1, 1, 1, 0, 0, 0, 0, 0, 1, 0, 1, 0, 0, 1, 1, 1, 1, 0, 0, 1, 1], [1, 1, 1, 0, 0, 0, 1, 0, 1, 1, 0, 0, 0, 1, 1, 0, 0, 1, 1, 1, 0], [1, 1, 0, 0, 0, 1, 1, 1, 0, 1, 0, 1, 1, 0, 0, 1, 1, 1, 0, 1, 0], [1, 0, 0, 1, 1, 0, 0, 1, 0, 1, 0, 1, 1, 0, 0, 0, 1, 0, 1, 0, 0], [0, 0, 1, 0, 0, 0, 0, 1, 1, 1, 0, 1, 0, 1, 0, 0, 0, 0, 1, 0, 0], [1, 1, 0, 0, 0, 0, 0, 1, 0, 0, 0, 1, 0, 1, 1, 0, 0, 1, 0, 0, 1], [1, 0, 0, 1, 1, 1, 0, 0, 0, 0, 1, 0, 1, 1, 0, 0, 1, 0, 1, 0, 1], [0, 1, 1, 1, 1, 0, 1, 0, 1, 1, 0, 0, 1, 0, 1, 1, 0, 1, 0, 0, 0], [1, 1, 0, 0, 1, 1, 0, 1, 1, 0, 0, 1, 1, 1, 0, 0, 0, 0, 0, 0, 1], [0, 0, 1, 0, 1, 0, 1, 1, 0, 1, 1, 1, 0, 0, 0, 0, 1, 1, 0, 1, 0]]",10.0,8.0,Y,"{0: 26, 1: 18, 2: 34, 3: 42, 4: 50, 5: 58, 6: 66, 7: 74, 8: 82, 9: 90, 10: 98, 11: 106, 12: 114, 13: 122, 14: 130, 15: 138, 16: 146, 17: 154, 18: 162, 19: 170, 20: 10}",Y,"{0: 26, 1: 18, 2: 34, 3: 42, 4: 50, 5: 58, 6: 66, 7: 74, 8: 82, 9: 90, 10: 98, 11: 106, 12: 114, 13: 122, 14: 130, 15: 138, 16: 146, 17: 154, 18: 162, 19: 170, 20: 10}","{(0, 2): 1, (0, 3): 1, (0, 4): 1, (0, 6): 1, (0, 7): 1, (0, 9): 1, (0, 10): 1, (0, 11): 1, (0, 12): 1, (0, 13): 1, (0, 14): 1, (0, 16): 1, (0, 17): 13, (0, 19): 1, (1, 4): 1, (1, 5): 1, (1, 9): 1, (1, 10): 1, (1, 11): 1, (1, 12): 1, (1, 13): 1, (1, 16): 9, (1, 18): 1, (1, 19): 1, (2, 5): 1, (2, 8): 1, (2, 10): 1, (2, 11): 1, (2, 12): 1, (2, 15): 26, (2, 18): 1, (2, 20): 1, (3, 6): 1, (3, 7): 1, (3, 8): 1, (3, 14): 1, (3, 17): 36, (3, 18): 1, (4, 5): 1, (4, 6): 1, (4, 14): 1, (4, 17): 1, (4, 18): 1, (4, 19): 42, (4, 20): 1, (5, 6): 1, (5, 7): 1, (5, 9): 1, (5, 10): 49, (5, 13): 1, (5, 17): 1, (5, 19): 1, (6, 7): 1, (6, 8): 56, (6, 9): 1, (6, 12): 1, (6, 13): 1, (6, 18): 1, (6, 20): 1, (7, 10): 1, (7, 13): 1, (7, 14): 1, (7, 15): 1, (7, 16): 64, (7, 19): 1, (7, 20): 1, (8, 9): 1, (8, 10): 1, (8, 11): 1, (8, 12): 1, (8, 15): 18, (8, 18): 1, (8, 19): 1, (9, 10): 1, (9, 12): 1, (9, 13): 1, (9, 14): 54, (9, 15): 1, (9, 18): 26, (9, 20): 1, (10, 11): 1, (10, 17): 41, (10, 20): 1, (11, 13): 1, (11, 14): 49, (11, 15): 1, (11, 16): 48, (11, 19): 1, (11, 20): 1, (12, 13): 1, (12, 14): 1, (12, 17): 58, (12, 18): 38, (12, 19): 10, (13, 15): 1, (13, 16): 1, (13, 17): 1, (13, 19): 111, (14, 16): 21, (14, 18): 1, (15, 18): 90, (16, 17): 1, (16, 20): 1, (17, 18): 1, (17, 20): 1, (19, 20): 1}",1322.031021118164,106.0,21.0,212.0
9.0,Graph with 21 nodes and 112 edges,"[[0, 1, 0, 0, 1, 1, 0, 0, 1, 0, 0, 0, 0, 0, 0, 1, 1, 0, 0, 1, 0], [1, 0, 0, 0, 1, 0, 0, 1, 1, 1, 1, 0, 0, 1, 0, 0, 1, 1, 1, 0, 1], [0, 0, 0, 1, 1, 1, 1, 1, 1, 0, 0, 0, 1, 1, 0, 1, 1, 1, 0, 1, 1], [0, 0, 1, 0, 1, 0, 0, 0, 1, 1, 0, 1, 0, 0, 0, 0, 1, 0, 0, 1, 1], [1, 1, 1, 1, 0, 1, 0, 0, 1, 1, 1, 0, 1, 0, 0, 1, 0, 0, 1, 0, 0], [1, 0, 1, 0, 1, 0, 0, 1, 1, 1, 1, 0, 0, 0, 0, 1, 1, 0, 1, 0, 0], [0, 0, 1, 0, 0, 0, 0, 1, 1, 0, 1, 0, 0, 0, 1, 1, 0, 1, 1, 0, 1], [0, 1, 1, 0, 0, 1, 1, 0, 0, 0, 0, 1, 1, 1, 1, 1, 1, 0, 0, 1, 1], [1, 1, 1, 1, 1, 1, 1, 0, 0, 0, 0, 1, 0, 0, 1, 0, 1, 1, 1, 1, 1], [0, 1, 0, 1, 1, 1, 0, 0, 0, 0, 1, 0, 1, 1, 1, 0, 0, 1, 0, 1, 0], [0, 1, 0, 0, 1, 1, 1, 0, 0, 1, 0, 1, 1, 0, 1, 0, 1, 0, 1, 0, 1], [0, 0, 0, 1, 0, 0, 0, 1, 1, 0, 1, 0, 1, 1, 1, 0, 0, 1, 1, 1, 0], [0, 0, 1, 0, 1, 0, 0, 1, 0, 1, 1, 1, 0, 1, 1, 1, 1, 1, 1, 0, 0], [0, 1, 1, 0, 0, 0, 0, 1, 0, 1, 0, 1, 1, 0, 1, 0, 1, 1, 0, 0, 0], [0, 0, 0, 0, 0, 0, 1, 1, 1, 1, 1, 1, 1, 1, 0, 0, 0, 1, 0, 1, 1], [1, 0, 1, 0, 1, 1, 1, 1, 0, 0, 0, 0, 1, 0, 0, 0, 1, 1, 1, 0, 1], [1, 1, 1, 1, 0, 1, 0, 1, 1, 0, 1, 0, 1, 1, 0, 1, 0, 0, 0, 0, 1], [0, 1, 1, 0, 0, 0, 1, 0, 1, 1, 0, 1, 1, 1, 1, 1, 0, 0, 1, 1, 0], [0, 1, 0, 0, 1, 1, 1, 0, 1, 0, 1, 1, 1, 0, 0, 1, 0, 1, 0, 0, 0], [1, 0, 1, 1, 0, 0, 0, 1, 1, 1, 0, 1, 0, 0, 1, 0, 0, 1, 0, 0, 1], [0, 1, 1, 1, 0, 0, 1, 1, 1, 0, 1, 0, 0, 0, 1, 1, 1, 0, 0, 1, 0]]",26.0,8.0,Y,"{0: 34, 1: 42, 2: 50, 3: 58, 4: 66, 5: 74, 6: 82, 7: 90, 8: 98, 9: 106, 10: 114, 11: 122, 12: 130, 13: 138, 14: 146, 15: 154, 16: 162, 17: 170, 18: 178, 19: 186, 20: 26}",Y,"{0: 34, 1: 42, 2: 50, 3: 58, 4: 66, 5: 74, 6: 82, 7: 90, 8: 98, 9: 106, 10: 114, 11: 122, 12: 130, 13: 138, 14: 146, 15: 154, 16: 162, 17: 170, 18: 178, 19: 186, 20: 26}","{(0, 1): 1, (0, 4): 1, (0, 5): 1, (0, 8): 1, (0, 15): 1, (0, 16): 1, (0, 19): 28, (1, 4): 1, (1, 7): 1, (1, 8): 1, (1, 9): 32, (1, 10): 1, (1, 13): 1, (1, 16): 1, (1, 17): 1, (1, 18): 1, (1, 20): 1, (2, 3): 1, (2, 4): 1, (2, 5): 1, (2, 6): 1, (2, 7): 1, (2, 8): 1, (2, 12): 1, (2, 13): 1, (2, 15): 1, (2, 16): 1, (2, 17): 1, (2, 19): 38, (2, 20): 1, (3, 4): 1, (3, 8): 1, (3, 9): 1, (3, 11): 1, (3, 16): 1, (3, 19): 51, (3, 20): 1, (4, 5): 1, (4, 8): 1, (4, 9): 1, (4, 10): 1, (4, 12): 1, (4, 15): 1, (4, 18): 56, (5, 7): 1, (5, 8): 1, (5, 9): 1, (5, 10): 1, (5, 15): 1, (5, 16): 65, (5, 18): 1, (6, 7): 1, (6, 8): 1, (6, 10): 1, (6, 14): 74, (6, 15): 1, (6, 17): 1, (6, 18): 1, (6, 20): 1, (7, 11): 41, (7, 12): 1, (7, 13): 1, (7, 14): 1, (7, 15): 26, (7, 16): 14, (7, 19): 1, (7, 20): 1, (8, 11): 1, (8, 14): 1, (8, 16): 38, (8, 17): 1, (8, 18): 1, (8, 19): 48, (8, 20): 1, (9, 10): 1, (9, 12): 1, (9, 13): 1, (9, 14): 1, (9, 17): 66, (9, 19): 1, (10, 11): 1, (10, 12): 1, (10, 14): 63, (10, 16): 1, (10, 18): 42, (10, 20): 1, (11, 12): 1, (11, 13): 1, (11, 14): 1, (11, 17): 1, (11, 18): 73, (11, 19): 1, (12, 13): 1, (12, 14): 1, (12, 15): 119, (12, 16): 1, (12, 17): 1, (12, 18): 1, (13, 14): 1, (13, 16): 37, (13, 17): 94, (14, 17): 1, (14, 19): 1, (14, 20): 1, (15, 16): 1, (15, 17): 1, (15, 18): 1, (15, 20): 1, (16, 20): 1, (17, 18): 1, (17, 19): 1, (19, 20): 16}",1171.8273162841797,112.0,21.0,224.0
10.0,Graph with 21 nodes and 101 edges,"[[0, 1, 1, 0, 1, 0, 1, 1, 0, 1, 1, 1, 0, 0, 0, 1, 1, 0, 0, 1, 0], [1, 0, 0, 0, 1, 0, 1, 0, 0, 1, 0, 0, 1, 0, 1, 0, 0, 0, 0, 0, 1], [1, 0, 0, 0, 1, 1, 1, 0, 1, 0, 1, 1, 1, 0, 0, 0, 1, 1, 0, 0, 1], [0, 0, 0, 0, 1, 0, 1, 0, 0, 1, 1, 1, 1, 0, 0, 0, 0, 0, 1, 1, 0], [1, 1, 1, 1, 0, 1, 0, 0, 1, 1, 0, 1, 1, 1, 1, 1, 1, 1, 0, 0, 0], [0, 0, 1, 0, 1, 0, 0, 0, 1, 0, 0, 0, 0, 0, 0, 1, 0, 0, 0, 1, 0], [1, 1, 1, 1, 0, 0, 0, 1, 1, 1, 1, 0, 0, 1, 1, 0, 0, 1, 1, 1, 1], [1, 0, 0, 0, 0, 0, 1, 0, 0, 1, 0, 0, 1, 0, 0, 1, 0, 0, 0, 0, 1], [0, 0, 1, 0, 1, 1, 1, 0, 0, 1, 1, 0, 0, 0, 0, 1, 1, 0, 1, 1, 0], [1, 1, 0, 1, 1, 0, 1, 1, 1, 0, 0, 0, 0, 1, 0, 1, 0, 1, 0, 1, 0], [1, 0, 1, 1, 0, 0, 1, 0, 1, 0, 0, 1, 0, 1, 0, 0, 0, 1, 1, 0, 0], [1, 0, 1, 1, 1, 0, 0, 0, 0, 0, 1, 0, 1, 1, 0, 1, 0, 0, 0, 1, 1], [0, 1, 1, 1, 1, 0, 0, 1, 0, 0, 0, 1, 0, 1, 1, 1, 0, 1, 0, 1, 1], [0, 0, 0, 0, 1, 0, 1, 0, 0, 1, 1, 1, 1, 0, 0, 1, 1, 1, 0, 1, 0], [0, 1, 0, 0, 1, 0, 1, 0, 0, 0, 0, 0, 1, 0, 0, 0, 1, 0, 0, 1, 1], [1, 0, 0, 0, 1, 1, 0, 1, 1, 1, 0, 1, 1, 1, 0, 0, 0, 0, 0, 0, 0], [1, 0, 1, 0, 1, 0, 0, 0, 1, 0, 0, 0, 0, 1, 1, 0, 0, 1, 1, 1, 0], [0, 0, 1, 0, 1, 0, 1, 0, 0, 1, 1, 0, 1, 1, 0, 0, 1, 0, 1, 1, 1], [0, 0, 0, 1, 0, 0, 1, 0, 1, 0, 1, 0, 0, 0, 0, 0, 1, 1, 0, 1, 0], [1, 0, 0, 1, 0, 1, 1, 0, 1, 1, 0, 1, 1, 1, 1, 0, 1, 1, 1, 0, 0], [0, 1, 1, 0, 0, 0, 1, 1, 0, 0, 0, 1, 1, 0, 1, 0, 0, 1, 0, 0, 0]]",20.0,5.0,Y,"{0: 25, 1: 30, 2: 35, 3: 40, 4: 45, 5: 50, 6: 55, 7: 60, 8: 65, 9: 70, 10: 75, 11: 80, 12: 85, 13: 90, 14: 95, 15: 100, 16: 105, 17: 110, 18: 115, 19: 120, 20: 20}",Y,"{0: 25, 1: 30, 2: 35, 3: 40, 4: 45, 5: 50, 6: 55, 7: 60, 8: 65, 9: 70, 10: 75, 11: 80, 12: 85, 13: 90, 14: 95, 15: 100, 16: 105, 17: 110, 18: 115, 19: 120, 20: 20}","{(0, 1): 5, (0, 2): 1, (0, 4): 1, (0, 6): 7, (0, 7): 1, (0, 9): 1, (0, 10): 5, (0, 11): 1, (0, 15): 1, (0, 16): 1, (0, 19): 1, (1, 4): 1, (1, 6): 1, (1, 9): 1, (1, 12): 1, (1, 14): 20, (1, 20): 1, (2, 4): 1, (2, 5): 21, (2, 6): 1, (2, 8): 1, (2, 10): 1, (2, 11): 1, (2, 12): 1, (2, 16): 5, (2, 17): 1, (2, 20): 1, (3, 4): 20, (3, 6): 1, (3, 9): 1, (3, 10): 1, (3, 11): 5, (3, 12): 1, (3, 18): 10, (3, 19): 1, (4, 5): 1, (4, 8): 1, (4, 9): 1, (4, 11): 1, (4, 12): 5, (4, 13): 1, (4, 14): 1, (4, 15): 1, (4, 16): 1, (4, 17): 9, (5, 8): 1, (5, 15): 1, (5, 19): 26, (6, 7): 3, (6, 8): 1, (6, 9): 1, (6, 10): 1, (6, 13): 24, (6, 14): 5, (6, 17): 4, (6, 18): 1, (6, 19): 4, (6, 20): 1, (7, 9): 41, (7, 12): 5, (7, 15): 1, (7, 20): 9, (8, 9): 1, (8, 10): 1, (8, 15): 56, (8, 16): 1, (8, 18): 1, (8, 19): 1, (9, 13): 1, (9, 15): 20, (9, 17): 1, (9, 19): 1, (10, 11): 63, (10, 13): 1, (10, 17): 1, (10, 18): 1, (11, 12): 1, (11, 13): 1, (11, 15): 1, (11, 19): 5, (11, 20): 1, (12, 13): 5, (12, 14): 62, (12, 15): 1, (12, 17): 1, (12, 19): 1, (12, 20): 1, (13, 15): 18, (13, 16): 33, (13, 17): 5, (13, 19): 1, (14, 16): 1, (14, 19): 1, (14, 20): 5, (16, 17): 1, (16, 18): 5, (16, 19): 57, (17, 18): 81, (17, 19): 5, (17, 20): 1, (18, 19): 16}",56.98204040527344,101.0,21.0,202.0
11.0,Graph with 21 nodes and 105 edges,"[[0, 1, 0, 1, 1, 0, 0, 1, 0, 0, 0, 0, 0, 1, 1, 1, 0, 1, 0, 0, 1], [1, 0, 1, 1, 1, 0, 1, 1, 0, 0, 1, 0, 0, 1, 0, 0, 0, 1, 1, 1, 0], [0, 1, 0, 1, 1, 1, 0, 0, 0, 0, 1, 0, 1, 1, 1, 0, 0, 1, 0, 1, 0], [1, 1, 1, 0, 1, 1, 1, 0, 1, 1, 0, 1, 1, 1, 0, 1, 0, 1, 1, 0, 0], [1, 1, 1, 1, 0, 0, 1, 1, 1, 0, 1, 0, 0, 1, 0, 0, 1, 0, 0, 1, 1], [0, 0, 1, 1, 0, 0, 0, 0, 0, 1, 0, 1, 0, 1, 1, 0, 0, 1, 0, 1, 1], [0, 1, 0, 1, 1, 0, 0, 1, 0, 1, 0, 1, 1, 1, 1, 0, 1, 0, 1, 0, 0], [1, 1, 0, 0, 1, 0, 1, 0, 0, 0, 0, 1, 1, 0, 0, 1, 0, 0, 0, 0, 0], [0, 0, 0, 1, 1, 0, 0, 0, 0, 0, 0, 1, 0, 1, 0, 1, 0, 1, 1, 1, 1], [0, 0, 0, 1, 0, 1, 1, 0, 0, 0, 1, 0, 0, 0, 0, 0, 0, 0, 0, 0, 0], [0, 1, 1, 0, 1, 0, 0, 0, 0, 1, 0, 1, 1, 0, 1, 0, 1, 1, 1, 1, 1], [0, 0, 0, 1, 0, 1, 1, 1, 1, 0, 1, 0, 0, 1, 1, 1, 1, 0, 0, 1, 1], [0, 0, 1, 1, 0, 0, 1, 1, 0, 0, 1, 0, 0, 0, 0, 1, 1, 0, 0, 1, 1], [1, 1, 1, 1, 1, 1, 1, 0, 1, 0, 0, 1, 0, 0, 0, 0, 1, 0, 1, 0, 0], [1, 0, 1, 0, 0, 1, 1, 0, 0, 0, 1, 1, 0, 0, 0, 0, 0, 1, 1, 0, 1], [1, 0, 0, 1, 0, 0, 0, 1, 1, 0, 0, 1, 1, 0, 0, 0, 1, 0, 1, 1, 0], [0, 0, 0, 0, 1, 0, 1, 0, 0, 0, 1, 1, 1, 1, 0, 1, 0, 1, 1, 0, 1], [1, 1, 1, 1, 0, 1, 0, 0, 1, 0, 1, 0, 0, 0, 1, 0, 1, 0, 0, 1, 1], [0, 1, 0, 1, 0, 0, 1, 0, 1, 0, 1, 0, 0, 1, 1, 1, 1, 0, 0, 0, 1], [0, 1, 1, 0, 1, 1, 0, 0, 1, 0, 1, 1, 1, 0, 0, 1, 0, 1, 0, 0, 0], [1, 0, 0, 0, 1, 1, 0, 0, 1, 0, 1, 1, 1, 0, 1, 0, 1, 1, 1, 0, 0]]",10.0,7.0,Y,"{0: 17, 1: 24, 2: 31, 3: 38, 4: 45, 5: 52, 6: 59, 7: 66, 8: 73, 9: 80, 10: 87, 11: 94, 12: 101, 13: 108, 14: 115, 15: 122, 16: 129, 17: 136, 18: 143, 19: 10, 20: 150}",Y,"{0: 17, 1: 24, 2: 31, 3: 38, 4: 45, 5: 52, 6: 59, 7: 66, 8: 73, 9: 80, 10: 87, 11: 94, 12: 101, 13: 108, 14: 115, 15: 122, 16: 129, 17: 136, 18: 143, 19: 10, 20: 150}","{(0, 1): 1, (0, 3): 1, (0, 4): 1, (0, 7): 1, (0, 13): 1, (0, 14): 1, (0, 15): 1, (0, 17): 1, (0, 20): 9, (1, 2): 1, (1, 3): 1, (1, 4): 1, (1, 6): 1, (1, 7): 1, (1, 10): 1, (1, 13): 1, (1, 17): 14, (1, 18): 1, (1, 19): 1, (2, 3): 1, (2, 4): 1, (2, 5): 1, (2, 10): 1, (2, 12): 1, (2, 13): 1, (2, 14): 1, (2, 17): 22, (2, 19): 1, (3, 4): 1, (3, 5): 1, (3, 6): 1, (3, 8): 1, (3, 9): 23, (3, 11): 1, (3, 12): 1, (3, 13): 1, (3, 15): 1, (3, 17): 3, (3, 18): 1, (4, 6): 1, (4, 7): 1, (4, 8): 1, (4, 10): 1, (4, 13): 1, (4, 16): 1, (4, 19): 1, (4, 20): 34, (5, 9): 1, (5, 11): 1, (5, 13): 1, (5, 14): 3, (5, 17): 42, (5, 19): 1, (5, 20): 1, (6, 7): 1, (6, 9): 49, (6, 11): 1, (6, 12): 1, (6, 13): 1, (6, 14): 1, (6, 16): 1, (6, 18): 1, (7, 11): 1, (7, 12): 1, (7, 15): 60, (8, 11): 1, (8, 13): 1, (8, 15): 1, (8, 17): 1, (8, 18): 65, (8, 19): 1, (8, 20): 1, (9, 10): 7, (10, 11): 1, (10, 12): 1, (10, 14): 1, (10, 16): 1, (10, 17): 1, (10, 18): 70, (10, 19): 1, (10, 20): 1, (11, 13): 33, (11, 14): 51, (11, 15): 1, (11, 16): 1, (11, 19): 1, (11, 20): 1, (12, 15): 1, (12, 16): 1, (12, 19): 1, (12, 20): 93, (13, 16): 66, (13, 18): 1, (14, 17): 49, (14, 18): 1, (14, 20): 7, (15, 16): 55, (15, 18): 1, (15, 19): 1, (16, 17): 1, (16, 18): 1, (16, 20): 1, (17, 19): 1, (17, 20): 1, (18, 20): 1}",1049.9954223632812,105.0,21.0,210.0
11.0,Graph with 21 nodes and 105 edges,"[[0, 1, 0, 1, 1, 0, 0, 1, 0, 0, 0, 0, 0, 1, 1, 1, 0, 1, 0, 0, 1], [1, 0, 1, 1, 1, 0, 1, 1, 0, 0, 1, 0, 0, 1, 0, 0, 0, 1, 1, 1, 0], [0, 1, 0, 1, 1, 1, 0, 0, 0, 0, 1, 0, 1, 1, 1, 0, 0, 1, 0, 1, 0], [1, 1, 1, 0, 1, 1, 1, 0, 1, 1, 0, 1, 1, 1, 0, 1, 0, 1, 1, 0, 0], [1, 1, 1, 1, 0, 0, 1, 1, 1, 0, 1, 0, 0, 1, 0, 0, 1, 0, 0, 1, 1], [0, 0, 1, 1, 0, 0, 0, 0, 0, 1, 0, 1, 0, 1, 1, 0, 0, 1, 0, 1, 1], [0, 1, 0, 1, 1, 0, 0, 1, 0, 1, 0, 1, 1, 1, 1, 0, 1, 0, 1, 0, 0], [1, 1, 0, 0, 1, 0, 1, 0, 0, 0, 0, 1, 1, 0, 0, 1, 0, 0, 0, 0, 0], [0, 0, 0, 1, 1, 0, 0, 0, 0, 0, 0, 1, 0, 1, 0, 1, 0, 1, 1, 1, 1], [0, 0, 0, 1, 0, 1, 1, 0, 0, 0, 1, 0, 0, 0, 0, 0, 0, 0, 0, 0, 0], [0, 1, 1, 0, 1, 0, 0, 0, 0, 1, 0, 1, 1, 0, 1, 0, 1, 1, 1, 1, 1], [0, 0, 0, 1, 0, 1, 1, 1, 1, 0, 1, 0, 0, 1, 1, 1, 1, 0, 0, 1, 1], [0, 0, 1, 1, 0, 0, 1, 1, 0, 0, 1, 0, 0, 0, 0, 1, 1, 0, 0, 1, 1], [1, 1, 1, 1, 1, 1, 1, 0, 1, 0, 0, 1, 0, 0, 0, 0, 1, 0, 1, 0, 0], [1, 0, 1, 0, 0, 1, 1, 0, 0, 0, 1, 1, 0, 0, 0, 0, 0, 1, 1, 0, 1], [1, 0, 0, 1, 0, 0, 0, 1, 1, 0, 0, 1, 1, 0, 0, 0, 1, 0, 1, 1, 0], [0, 0, 0, 0, 1, 0, 1, 0, 0, 0, 1, 1, 1, 1, 0, 1, 0, 1, 1, 0, 1], [1, 1, 1, 1, 0, 1, 0, 0, 1, 0, 1, 0, 0, 0, 1, 0, 1, 0, 0, 1, 1], [0, 1, 0, 1, 0, 0, 1, 0, 1, 0, 1, 0, 0, 1, 1, 1, 1, 0, 0, 0, 1], [0, 1, 1, 0, 1, 1, 0, 0, 1, 0, 1, 1, 1, 0, 0, 1, 0, 1, 0, 0, 0], [1, 0, 0, 0, 1, 1, 0, 0, 1, 0, 1, 1, 1, 0, 1, 0, 1, 1, 1, 0, 0]]",18.0,7.0,Y,"{0: 25, 1: 32, 2: 39, 3: 46, 4: 53, 5: 60, 6: 67, 7: 74, 8: 81, 9: 88, 10: 95, 11: 102, 12: 109, 13: 116, 14: 123, 15: 130, 16: 137, 17: 144, 18: 151, 19: 158, 20: 18}",Y,"{0: 25, 1: 32, 2: 39, 3: 46, 4: 53, 5: 60, 6: 67, 7: 74, 8: 81, 9: 88, 10: 95, 11: 102, 12: 109, 13: 116, 14: 123, 15: 130, 16: 137, 17: 144, 18: 151, 19: 158, 20: 18}","{(0, 1): 1, (0, 3): 3, (0, 4): 1, (0, 7): 5, (0, 13): 11, (0, 14): 1, (0, 15): 1, (0, 17): 1, (0, 20): 1, (1, 2): 8, (1, 3): 1, (1, 4): 1, (1, 6): 1, (1, 7): 15, (1, 10): 1, (1, 13): 1, (1, 17): 1, (1, 18): 1, (1, 19): 1, (2, 3): 1, (2, 4): 9, (2, 5): 1, (2, 10): 1, (2, 12): 1, (2, 13): 5, (2, 14): 7, (2, 17): 1, (2, 19): 5, (3, 4): 1, (3, 5): 1, (3, 6): 1, (3, 8): 1, (3, 9): 5, (3, 11): 1, (3, 12): 1, (3, 13): 9, (3, 15): 1, (3, 17): 1, (3, 18): 19, (4, 6): 1, (4, 7): 1, (4, 8): 5, (4, 10): 5, (4, 13): 13, (4, 16): 11, (4, 19): 4, (4, 20): 1, (5, 9): 43, (5, 11): 6, (5, 13): 5, (5, 14): 1, (5, 17): 1, (5, 19): 1, (5, 20): 1, (6, 7): 5, (6, 9): 14, (6, 11): 3, (6, 12): 8, (6, 13): 20, (6, 14): 11, (6, 16): 1, (6, 18): 2, (7, 11): 1, (7, 12): 20, (7, 15): 27, (8, 11): 1, (8, 13): 1, (8, 15): 1, (8, 17): 36, (8, 18): 9, (8, 19): 26, (8, 20): 1, (9, 10): 26, (10, 11): 1, (10, 12): 29, (10, 14): 12, (10, 16): 2, (10, 17): 10, (10, 18): 1, (10, 19): 6, (10, 20): 1, (11, 13): 36, (11, 14): 1, (11, 15): 1, (11, 16): 49, (11, 19): 1, (11, 20): 1, (12, 15): 24, (12, 16): 8, (12, 19): 17, (12, 20): 1, (13, 16): 7, (13, 18): 8, (14, 17): 1, (14, 18): 88, (14, 20): 1, (15, 16): 5, (15, 18): 13, (15, 19): 57, (16, 17): 51, (16, 18): 2, (16, 20): 1, (17, 19): 40, (17, 20): 1, (18, 20): 8}",112.05673217773438,105.0,21.0,210.0
11.0,Graph with 21 nodes and 105 edges,"[[0, 1, 0, 1, 1, 0, 0, 1, 0, 0, 0, 0, 0, 1, 1, 1, 0, 1, 0, 0, 1], [1, 0, 1, 1, 1, 0, 1, 1, 0, 0, 1, 0, 0, 1, 0, 0, 0, 1, 1, 1, 0], [0, 1, 0, 1, 1, 1, 0, 0, 0, 0, 1, 0, 1, 1, 1, 0, 0, 1, 0, 1, 0], [1, 1, 1, 0, 1, 1, 1, 0, 1, 1, 0, 1, 1, 1, 0, 1, 0, 1, 1, 0, 0], [1, 1, 1, 1, 0, 0, 1, 1, 1, 0, 1, 0, 0, 1, 0, 0, 1, 0, 0, 1, 1], [0, 0, 1, 1, 0, 0, 0, 0, 0, 1, 0, 1, 0, 1, 1, 0, 0, 1, 0, 1, 1], [0, 1, 0, 1, 1, 0, 0, 1, 0, 1, 0, 1, 1, 1, 1, 0, 1, 0, 1, 0, 0], [1, 1, 0, 0, 1, 0, 1, 0, 0, 0, 0, 1, 1, 0, 0, 1, 0, 0, 0, 0, 0], [0, 0, 0, 1, 1, 0, 0, 0, 0, 0, 0, 1, 0, 1, 0, 1, 0, 1, 1, 1, 1], [0, 0, 0, 1, 0, 1, 1, 0, 0, 0, 1, 0, 0, 0, 0, 0, 0, 0, 0, 0, 0], [0, 1, 1, 0, 1, 0, 0, 0, 0, 1, 0, 1, 1, 0, 1, 0, 1, 1, 1, 1, 1], [0, 0, 0, 1, 0, 1, 1, 1, 1, 0, 1, 0, 0, 1, 1, 1, 1, 0, 0, 1, 1], [0, 0, 1, 1, 0, 0, 1, 1, 0, 0, 1, 0, 0, 0, 0, 1, 1, 0, 0, 1, 1], [1, 1, 1, 1, 1, 1, 1, 0, 1, 0, 0, 1, 0, 0, 0, 0, 1, 0, 1, 0, 0], [1, 0, 1, 0, 0, 1, 1, 0, 0, 0, 1, 1, 0, 0, 0, 0, 0, 1, 1, 0, 1], [1, 0, 0, 1, 0, 0, 0, 1, 1, 0, 0, 1, 1, 0, 0, 0, 1, 0, 1, 1, 0], [0, 0, 0, 0, 1, 0, 1, 0, 0, 0, 1, 1, 1, 1, 0, 1, 0, 1, 1, 0, 1], [1, 1, 1, 1, 0, 1, 0, 0, 1, 0, 1, 0, 0, 0, 1, 0, 1, 0, 0, 1, 1], [0, 1, 0, 1, 0, 0, 1, 0, 1, 0, 1, 0, 0, 1, 1, 1, 1, 0, 0, 0, 1], [0, 1, 1, 0, 1, 1, 0, 0, 1, 0, 1, 1, 1, 0, 0, 1, 0, 1, 0, 0, 0], [1, 0, 0, 0, 1, 1, 0, 0, 1, 0, 1, 1, 1, 0, 1, 0, 1, 1, 1, 0, 0]]",24.0,7.0,Y,"{0: 31, 1: 38, 2: 45, 3: 52, 4: 59, 5: 66, 6: 73, 7: 80, 8: 87, 9: 94, 10: 101, 11: 108, 12: 115, 13: 122, 14: 129, 15: 136, 16: 143, 17: 150, 18: 157, 19: 164, 20: 24}",Y,"{0: 31, 1: 38, 2: 45, 3: 52, 4: 59, 5: 66, 6: 73, 7: 80, 8: 87, 9: 94, 10: 101, 11: 108, 12: 115, 13: 122, 14: 129, 15: 136, 16: 143, 17: 150, 18: 157, 19: 164, 20: 24}","{(0, 1): 1, (0, 3): 1, (0, 4): 1, (0, 7): 1, (0, 13): 1, (0, 14): 23, (0, 15): 1, (0, 17): 1, (0, 20): 1, (1, 2): 1, (1, 3): 1, (1, 4): 1, (1, 6): 1, (1, 7): 1, (1, 10): 1, (1, 13): 1, (1, 17): 1, (1, 18): 28, (1, 19): 1, (2, 3): 1, (2, 4): 1, (2, 5): 1, (2, 10): 1, (2, 12): 1, (2, 13): 1, (2, 14): 36, (2, 17): 1, (2, 19): 1, (3, 4): 1, (3, 5): 1, (3, 6): 1, (3, 8): 38, (3, 9): 2, (3, 11): 1, (3, 12): 1, (3, 13): 1, (3, 15): 1, (3, 17): 1, (3, 18): 1, (4, 6): 1, (4, 7): 48, (4, 8): 1, (4, 10): 1, (4, 13): 1, (4, 16): 1, (4, 19): 1, (4, 20): 1, (5, 9): 1, (5, 11): 1, (5, 13): 1, (5, 14): 1, (5, 17): 1, (5, 19): 58, (5, 20): 1, (6, 7): 1, (6, 9): 1, (6, 11): 18, (6, 12): 1, (6, 13): 46, (6, 14): 1, (6, 16): 1, (6, 18): 1, (7, 11): 20, (7, 12): 1, (7, 15): 8, (8, 11): 1, (8, 13): 42, (8, 15): 1, (8, 17): 1, (8, 18): 1, (8, 19): 1, (8, 20): 1, (9, 10): 90, (10, 11): 1, (10, 12): 1, (10, 14): 1, (10, 16): 1, (10, 17): 1, (10, 18): 1, (10, 19): 1, (10, 20): 1, (11, 13): 26, (11, 14): 1, (11, 15): 1, (11, 16): 1, (11, 19): 36, (11, 20): 1, (12, 15): 1, (12, 16): 107, (12, 19): 1, (12, 20): 1, (13, 16): 1, (13, 18): 1, (14, 17): 51, (14, 18): 1, (14, 20): 14, (15, 16): 1, (15, 18): 121, (15, 19): 1, (16, 17): 28, (16, 18): 1, (16, 20): 1, (17, 19): 63, (17, 20): 1, (18, 20): 1}",1409.0538024902344,105.0,21.0,210.0
11.0,Graph with 21 nodes and 105 edges,"[[0, 1, 0, 1, 1, 0, 0, 1, 0, 0, 0, 0, 0, 1, 1, 1, 0, 1, 0, 0, 1], [1, 0, 1, 1, 1, 0, 1, 1, 0, 0, 1, 0, 0, 1, 0, 0, 0, 1, 1, 1, 0], [0, 1, 0, 1, 1, 1, 0, 0, 0, 0, 1, 0, 1, 1, 1, 0, 0, 1, 0, 1, 0], [1, 1, 1, 0, 1, 1, 1, 0, 1, 1, 0, 1, 1, 1, 0, 1, 0, 1, 1, 0, 0], [1, 1, 1, 1, 0, 0, 1, 1, 1, 0, 1, 0, 0, 1, 0, 0, 1, 0, 0, 1, 1], [0, 0, 1, 1, 0, 0, 0, 0, 0, 1, 0, 1, 0, 1, 1, 0, 0, 1, 0, 1, 1], [0, 1, 0, 1, 1, 0, 0, 1, 0, 1, 0, 1, 1, 1, 1, 0, 1, 0, 1, 0, 0], [1, 1, 0, 0, 1, 0, 1, 0, 0, 0, 0, 1, 1, 0, 0, 1, 0, 0, 0, 0, 0], [0, 0, 0, 1, 1, 0, 0, 0, 0, 0, 0, 1, 0, 1, 0, 1, 0, 1, 1, 1, 1], [0, 0, 0, 1, 0, 1, 1, 0, 0, 0, 1, 0, 0, 0, 0, 0, 0, 0, 0, 0, 0], [0, 1, 1, 0, 1, 0, 0, 0, 0, 1, 0, 1, 1, 0, 1, 0, 1, 1, 1, 1, 1], [0, 0, 0, 1, 0, 1, 1, 1, 1, 0, 1, 0, 0, 1, 1, 1, 1, 0, 0, 1, 1], [0, 0, 1, 1, 0, 0, 1, 1, 0, 0, 1, 0, 0, 0, 0, 1, 1, 0, 0, 1, 1], [1, 1, 1, 1, 1, 1, 1, 0, 1, 0, 0, 1, 0, 0, 0, 0, 1, 0, 1, 0, 0], [1, 0, 1, 0, 0, 1, 1, 0, 0, 0, 1, 1, 0, 0, 0, 0, 0, 1, 1, 0, 1], [1, 0, 0, 1, 0, 0, 0, 1, 1, 0, 0, 1, 1, 0, 0, 0, 1, 0, 1, 1, 0], [0, 0, 0, 0, 1, 0, 1, 0, 0, 0, 1, 1, 1, 1, 0, 1, 0, 1, 1, 0, 1], [1, 1, 1, 1, 0, 1, 0, 0, 1, 0, 1, 0, 0, 0, 1, 0, 1, 0, 0, 1, 1], [0, 1, 0, 1, 0, 0, 1, 0, 1, 0, 1, 0, 0, 1, 1, 1, 1, 0, 0, 0, 1], [0, 1, 1, 0, 1, 1, 0, 0, 1, 0, 1, 1, 1, 0, 0, 1, 0, 1, 0, 0, 0], [1, 0, 0, 0, 1, 1, 0, 0, 1, 0, 1, 1, 1, 0, 1, 0, 1, 1, 1, 0, 0]]",28.0,4.0,Y,"{0: 32, 1: 36, 2: 40, 3: 44, 4: 48, 5: 52, 6: 56, 7: 60, 8: 64, 9: 68, 10: 72, 11: 76, 12: 80, 13: 84, 14: 88, 15: 92, 16: 96, 17: 100, 18: 104, 19: 108, 20: 28}",Y,"{0: 32, 1: 36, 2: 40, 3: 44, 4: 48, 5: 52, 6: 56, 7: 60, 8: 64, 9: 68, 10: 72, 11: 76, 12: 80, 13: 84, 14: 88, 15: 92, 16: 96, 17: 100, 18: 104, 19: 108, 20: 28}","{(0, 1): 1, (0, 3): 1, (0, 4): 1, (0, 7): 24, (0, 13): 1, (0, 14): 1, (0, 15): 1, (0, 17): 1, (0, 20): 1, (1, 2): 26, (1, 3): 1, (1, 4): 1, (1, 6): 1, (1, 7): 1, (1, 10): 1, (1, 13): 1, (1, 17): 1, (1, 18): 1, (1, 19): 1, (2, 3): 1, (2, 4): 1, (2, 5): 6, (2, 10): 1, (2, 12): 1, (2, 13): 1, (2, 14): 1, (2, 17): 1, (2, 19): 1, (3, 4): 31, (3, 5): 1, (3, 6): 1, (3, 8): 1, (3, 9): 1, (3, 11): 1, (3, 12): 1, (3, 13): 1, (3, 15): 1, (3, 17): 1, (3, 18): 1, (4, 6): 1, (4, 7): 7, (4, 8): 1, (4, 10): 1, (4, 13): 1, (4, 16): 1, (4, 19): 1, (4, 20): 1, (5, 9): 1, (5, 11): 1, (5, 13): 1, (5, 14): 1, (5, 17): 22, (5, 19): 1, (5, 20): 18, (6, 7): 1, (6, 9): 5, (6, 11): 1, (6, 12): 1, (6, 13): 1, (6, 14): 1, (6, 16): 42, (6, 18): 1, (7, 11): 1, (7, 12): 25, (7, 15): 1, (8, 11): 1, (8, 13): 1, (8, 15): 1, (8, 17): 56, (8, 18): 1, (8, 19): 1, (8, 20): 1, (9, 10): 61, (10, 11): 1, (10, 12): 1, (10, 14): 1, (10, 16): 1, (10, 17): 1, (10, 18): 1, (10, 19): 1, (10, 20): 1, (11, 13): 1, (11, 14): 1, (11, 15): 2, (11, 16): 1, (11, 19): 64, (11, 20): 1, (12, 15): 48, (12, 16): 1, (12, 19): 1, (12, 20): 1, (13, 16): 46, (13, 18): 29, (14, 17): 14, (14, 18): 67, (14, 20): 1, (15, 16): 1, (15, 18): 1, (15, 19): 36, (16, 17): 1, (16, 18): 1, (16, 20): 1, (17, 19): 1, (17, 20): 1, (18, 20): 1}",469.9230194091797,105.0,21.0,210.0
12.0,Graph with 21 nodes and 103 edges,"[[0, 1, 0, 1, 0, 0, 0, 0, 1, 0, 0, 1, 0, 1, 1, 0, 0, 0, 0, 0, 0], [1, 0, 1, 1, 0, 1, 0, 0, 0, 0, 0, 1, 1, 1, 0, 1, 0, 1, 0, 1, 1], [0, 1, 0, 0, 0, 1, 0, 0, 0, 1, 0, 0, 1, 1, 0, 1, 0, 0, 0, 1, 1], [1, 1, 0, 0, 0, 0, 0, 1, 0, 1, 1, 1, 0, 1, 0, 1, 1, 0, 1, 0, 0], [0, 0, 0, 0, 0, 1, 0, 1, 1, 0, 1, 1, 1, 0, 1, 0, 1, 1, 0, 1, 0], [0, 1, 1, 0, 1, 0, 0, 0, 0, 1, 1, 1, 1, 1, 1, 0, 1, 0, 1, 1, 0], [0, 0, 0, 0, 0, 0, 0, 0, 1, 0, 0, 0, 0, 0, 1, 0, 0, 1, 0, 1, 1], [0, 0, 0, 1, 1, 0, 0, 0, 1, 1, 1, 0, 1, 0, 1, 1, 1, 0, 1, 0, 1], [1, 0, 0, 0, 1, 0, 1, 1, 0, 1, 0, 1, 0, 0, 0, 1, 0, 1, 0, 1, 0], [0, 0, 1, 1, 0, 1, 0, 1, 1, 0, 1, 1, 1, 0, 1, 0, 1, 0, 0, 1, 0], [0, 0, 0, 1, 1, 1, 0, 1, 0, 1, 0, 1, 0, 1, 0, 0, 1, 0, 0, 0, 1], [1, 1, 0, 1, 1, 1, 0, 0, 1, 1, 1, 0, 1, 0, 0, 1, 0, 0, 1, 1, 0], [0, 1, 1, 0, 1, 1, 0, 1, 0, 1, 0, 1, 0, 1, 1, 1, 0, 1, 1, 1, 0], [1, 1, 1, 1, 0, 1, 0, 0, 0, 0, 1, 0, 1, 0, 1, 0, 1, 0, 0, 1, 0], [1, 0, 0, 0, 1, 1, 1, 1, 0, 1, 0, 0, 1, 1, 0, 1, 1, 0, 1, 0, 0], [0, 1, 1, 1, 0, 0, 0, 1, 1, 0, 0, 1, 1, 0, 1, 0, 1, 1, 1, 0, 0], [0, 0, 0, 1, 1, 1, 0, 1, 0, 1, 1, 0, 0, 1, 1, 1, 0, 0, 1, 0, 0], [0, 1, 0, 0, 1, 0, 1, 0, 1, 0, 0, 0, 1, 0, 0, 1, 0, 0, 1, 1, 1], [0, 0, 0, 1, 0, 1, 0, 1, 0, 0, 0, 1, 1, 0, 1, 1, 1, 1, 0, 0, 1], [0, 1, 1, 0, 1, 1, 1, 0, 1, 1, 0, 1, 1, 1, 0, 0, 0, 1, 0, 0, 0], [0, 1, 1, 0, 0, 0, 1, 1, 0, 0, 1, 0, 0, 0, 0, 0, 0, 1, 1, 0, 0]]",14.0,4.0,Y,"{0: 18, 1: 22, 2: 26, 3: 30, 4: 34, 5: 38, 6: 42, 7: 46, 8: 50, 9: 54, 10: 58, 11: 62, 12: 66, 13: 70, 14: 74, 15: 78, 16: 82, 17: 86, 18: 90, 19: 94, 20: 14}",Y,"{0: 18, 1: 22, 2: 26, 3: 30, 4: 34, 5: 38, 6: 42, 7: 46, 8: 50, 9: 54, 10: 58, 11: 62, 12: 66, 13: 70, 14: 74, 15: 78, 16: 82, 17: 86, 18: 90, 19: 94, 20: 14}","{(0, 1): 12, (0, 3): 1, (0, 8): 1, (0, 11): 1, (0, 13): 1, (0, 14): 2, (1, 2): 1, (1, 3): 1, (1, 5): 1, (1, 11): 1, (1, 12): 1, (1, 13): 1, (1, 15): 1, (1, 17): 1, (1, 19): 1, (1, 20): 1, (2, 5): 1, (2, 9): 1, (2, 12): 1, (2, 13): 1, (2, 15): 1, (2, 19): 12, (2, 20): 8, (3, 7): 1, (3, 9): 1, (3, 10): 21, (3, 11): 1, (3, 13): 1, (3, 15): 1, (3, 16): 1, (3, 18): 1, (4, 5): 1, (4, 7): 1, (4, 8): 25, (4, 10): 1, (4, 11): 1, (4, 12): 1, (4, 14): 1, (4, 16): 1, (4, 17): 1, (4, 19): 1, (5, 9): 27, (5, 10): 1, (5, 11): 1, (5, 12): 1, (5, 13): 1, (5, 14): 1, (5, 16): 1, (5, 18): 1, (5, 19): 1, (6, 8): 1, (6, 14): 1, (6, 17): 1, (6, 19): 38, (6, 20): 1, (7, 8): 1, (7, 9): 1, (7, 10): 1, (7, 12): 1, (7, 14): 35, (7, 15): 2, (7, 16): 1, (7, 18): 1, (7, 20): 1, (8, 9): 1, (8, 11): 1, (8, 15): 1, (8, 17): 1, (8, 19): 18, (9, 10): 1, (9, 11): 1, (9, 12): 1, (9, 14): 1, (9, 16): 1, (9, 19): 18, (10, 11): 1, (10, 13): 1, (10, 16): 30, (10, 20): 1, (11, 12): 1, (11, 15): 1, (11, 18): 50, (11, 19): 2, (12, 13): 1, (12, 14): 1, (12, 15): 1, (12, 17): 23, (12, 18): 32, (12, 19): 1, (13, 14): 18, (13, 16): 44, (13, 19): 1, (14, 15): 12, (14, 16): 1, (14, 18): 1, (15, 16): 1, (15, 17): 56, (15, 18): 1, (16, 18): 1, (17, 18): 1, (17, 19): 1, (17, 20): 1, (18, 20): 1}",514.984130859375,103.0,21.0,206.0
12.0,Graph with 21 nodes and 103 edges,"[[0, 1, 0, 1, 0, 0, 0, 0, 1, 0, 0, 1, 0, 1, 1, 0, 0, 0, 0, 0, 0], [1, 0, 1, 1, 0, 1, 0, 0, 0, 0, 0, 1, 1, 1, 0, 1, 0, 1, 0, 1, 1], [0, 1, 0, 0, 0, 1, 0, 0, 0, 1, 0, 0, 1, 1, 0, 1, 0, 0, 0, 1, 1], [1, 1, 0, 0, 0, 0, 0, 1, 0, 1, 1, 1, 0, 1, 0, 1, 1, 0, 1, 0, 0], [0, 0, 0, 0, 0, 1, 0, 1, 1, 0, 1, 1, 1, 0, 1, 0, 1, 1, 0, 1, 0], [0, 1, 1, 0, 1, 0, 0, 0, 0, 1, 1, 1, 1, 1, 1, 0, 1, 0, 1, 1, 0], [0, 0, 0, 0, 0, 0, 0, 0, 1, 0, 0, 0, 0, 0, 1, 0, 0, 1, 0, 1, 1], [0, 0, 0, 1, 1, 0, 0, 0, 1, 1, 1, 0, 1, 0, 1, 1, 1, 0, 1, 0, 1], [1, 0, 0, 0, 1, 0, 1, 1, 0, 1, 0, 1, 0, 0, 0, 1, 0, 1, 0, 1, 0], [0, 0, 1, 1, 0, 1, 0, 1, 1, 0, 1, 1, 1, 0, 1, 0, 1, 0, 0, 1, 0], [0, 0, 0, 1, 1, 1, 0, 1, 0, 1, 0, 1, 0, 1, 0, 0, 1, 0, 0, 0, 1], [1, 1, 0, 1, 1, 1, 0, 0, 1, 1, 1, 0, 1, 0, 0, 1, 0, 0, 1, 1, 0], [0, 1, 1, 0, 1, 1, 0, 1, 0, 1, 0, 1, 0, 1, 1, 1, 0, 1, 1, 1, 0], [1, 1, 1, 1, 0, 1, 0, 0, 0, 0, 1, 0, 1, 0, 1, 0, 1, 0, 0, 1, 0], [1, 0, 0, 0, 1, 1, 1, 1, 0, 1, 0, 0, 1, 1, 0, 1, 1, 0, 1, 0, 0], [0, 1, 1, 1, 0, 0, 0, 1, 1, 0, 0, 1, 1, 0, 1, 0, 1, 1, 1, 0, 0], [0, 0, 0, 1, 1, 1, 0, 1, 0, 1, 1, 0, 0, 1, 1, 1, 0, 0, 1, 0, 0], [0, 1, 0, 0, 1, 0, 1, 0, 1, 0, 0, 0, 1, 0, 0, 1, 0, 0, 1, 1, 1], [0, 0, 0, 1, 0, 1, 0, 1, 0, 0, 0, 1, 1, 0, 1, 1, 1, 1, 0, 0, 1], [0, 1, 1, 0, 1, 1, 1, 0, 1, 1, 0, 1, 1, 1, 0, 0, 0, 1, 0, 0, 0], [0, 1, 1, 0, 0, 0, 1, 1, 0, 0, 1, 0, 0, 0, 0, 0, 0, 1, 1, 0, 0]]",22.0,5.0,Y,"{0: 27, 1: 32, 2: 37, 3: 42, 4: 47, 5: 52, 6: 57, 7: 62, 8: 67, 9: 72, 10: 77, 11: 82, 12: 87, 13: 92, 14: 97, 15: 102, 16: 107, 17: 112, 18: 117, 19: 122, 20: 22}",Y,"{0: 27, 1: 32, 2: 37, 3: 42, 4: 47, 5: 52, 6: 57, 7: 62, 8: 67, 9: 72, 10: 77, 11: 82, 12: 87, 13: 92, 14: 97, 15: 102, 16: 107, 17: 112, 18: 117, 19: 122, 20: 22}","{(0, 1): 1, (0, 3): 1, (0, 8): 1, (0, 11): 1, (0, 13): 1, (0, 14): 22, (1, 2): 1, (1, 3): 1, (1, 5): 1, (1, 11): 1, (1, 12): 1, (1, 13): 1, (1, 15): 1, (1, 17): 22, (1, 19): 1, (1, 20): 1, (2, 5): 1, (2, 9): 1, (2, 12): 1, (2, 13): 30, (2, 15): 1, (2, 19): 1, (2, 20): 1, (3, 7): 1, (3, 9): 1, (3, 10): 33, (3, 11): 1, (3, 13): 1, (3, 15): 1, (3, 16): 1, (3, 18): 1, (4, 5): 1, (4, 7): 1, (4, 8): 1, (4, 10): 1, (4, 11): 1, (4, 12): 1, (4, 14): 1, (4, 16): 33, (4, 17): 1, (4, 19): 6, (5, 9): 1, (5, 10): 1, (5, 11): 1, (5, 12): 1, (5, 13): 1, (5, 14): 1, (5, 16): 1, (5, 18): 41, (5, 19): 1, (6, 8): 1, (6, 14): 1, (6, 17): 38, (6, 19): 1, (6, 20): 16, (7, 8): 1, (7, 9): 1, (7, 10): 1, (7, 12): 1, (7, 14): 1, (7, 15): 44, (7, 16): 1, (7, 18): 9, (7, 20): 1, (8, 9): 1, (8, 11): 1, (8, 15): 1, (8, 17): 1, (8, 19): 59, (9, 10): 1, (9, 11): 62, (9, 12): 1, (9, 14): 1, (9, 16): 1, (9, 19): 1, (10, 11): 1, (10, 13): 37, (10, 16): 1, (10, 20): 1, (11, 12): 10, (11, 15): 1, (11, 18): 1, (11, 19): 1, (12, 13): 1, (12, 14): 1, (12, 15): 35, (12, 17): 1, (12, 18): 1, (12, 19): 32, (13, 14): 1, (13, 16): 1, (13, 19): 18, (14, 15): 1, (14, 16): 66, (14, 18): 1, (15, 16): 1, (15, 17): 1, (15, 18): 15, (16, 18): 1, (17, 18): 46, (17, 19): 1, (17, 20): 1, (18, 20): 1}",1289.1292572021484,103.0,21.0,206.0
12.0,Graph with 21 nodes and 103 edges,"[[0, 1, 0, 1, 0, 0, 0, 0, 1, 0, 0, 1, 0, 1, 1, 0, 0, 0, 0, 0, 0], [1, 0, 1, 1, 0, 1, 0, 0, 0, 0, 0, 1, 1, 1, 0, 1, 0, 1, 0, 1, 1], [0, 1, 0, 0, 0, 1, 0, 0, 0, 1, 0, 0, 1, 1, 0, 1, 0, 0, 0, 1, 1], [1, 1, 0, 0, 0, 0, 0, 1, 0, 1, 1, 1, 0, 1, 0, 1, 1, 0, 1, 0, 0], [0, 0, 0, 0, 0, 1, 0, 1, 1, 0, 1, 1, 1, 0, 1, 0, 1, 1, 0, 1, 0], [0, 1, 1, 0, 1, 0, 0, 0, 0, 1, 1, 1, 1, 1, 1, 0, 1, 0, 1, 1, 0], [0, 0, 0, 0, 0, 0, 0, 0, 1, 0, 0, 0, 0, 0, 1, 0, 0, 1, 0, 1, 1], [0, 0, 0, 1, 1, 0, 0, 0, 1, 1, 1, 0, 1, 0, 1, 1, 1, 0, 1, 0, 1], [1, 0, 0, 0, 1, 0, 1, 1, 0, 1, 0, 1, 0, 0, 0, 1, 0, 1, 0, 1, 0], [0, 0, 1, 1, 0, 1, 0, 1, 1, 0, 1, 1, 1, 0, 1, 0, 1, 0, 0, 1, 0], [0, 0, 0, 1, 1, 1, 0, 1, 0, 1, 0, 1, 0, 1, 0, 0, 1, 0, 0, 0, 1], [1, 1, 0, 1, 1, 1, 0, 0, 1, 1, 1, 0, 1, 0, 0, 1, 0, 0, 1, 1, 0], [0, 1, 1, 0, 1, 1, 0, 1, 0, 1, 0, 1, 0, 1, 1, 1, 0, 1, 1, 1, 0], [1, 1, 1, 1, 0, 1, 0, 0, 0, 0, 1, 0, 1, 0, 1, 0, 1, 0, 0, 1, 0], [1, 0, 0, 0, 1, 1, 1, 1, 0, 1, 0, 0, 1, 1, 0, 1, 1, 0, 1, 0, 0], [0, 1, 1, 1, 0, 0, 0, 1, 1, 0, 0, 1, 1, 0, 1, 0, 1, 1, 1, 0, 0], [0, 0, 0, 1, 1, 1, 0, 1, 0, 1, 1, 0, 0, 1, 1, 1, 0, 0, 1, 0, 0], [0, 1, 0, 0, 1, 0, 1, 0, 1, 0, 0, 0, 1, 0, 0, 1, 0, 0, 1, 1, 1], [0, 0, 0, 1, 0, 1, 0, 1, 0, 0, 0, 1, 1, 0, 1, 1, 1, 1, 0, 0, 1], [0, 1, 1, 0, 1, 1, 1, 0, 1, 1, 0, 1, 1, 1, 0, 0, 0, 1, 0, 0, 0], [0, 1, 1, 0, 0, 0, 1, 1, 0, 0, 1, 0, 0, 0, 0, 0, 0, 1, 1, 0, 0]]",24.0,4.0,Y,"{0: 104, 1: 100, 2: 96, 3: 92, 4: 88, 5: 84, 6: 80, 7: 76, 8: 72, 9: 68, 10: 64, 11: 60, 12: 56, 13: 52, 14: 48, 15: 44, 16: 40, 17: 36, 18: 32, 19: 28, 20: 24}",Y,"{0: 104, 1: 100, 2: 96, 3: 92, 4: 88, 5: 84, 6: 80, 7: 76, 8: 72, 9: 68, 10: 64, 11: 60, 12: 56, 13: 52, 14: 48, 15: 44, 16: 40, 17: 36, 18: 32, 19: 28, 20: 24}","{(0, 1): 62, (0, 3): 1, (0, 8): 1, (0, 11): 1, (0, 13): 1, (0, 14): 38, (1, 2): 7, (1, 3): 1, (1, 5): 1, (1, 11): 1, (1, 12): 1, (1, 13): 23, (1, 15): 1, (1, 17): 1, (1, 19): 1, (1, 20): 1, (2, 5): 1, (2, 9): 58, (2, 12): 1, (2, 13): 1, (2, 15): 26, (2, 19): 1, (2, 20): 1, (3, 7): 34, (3, 9): 1, (3, 10): 1, (3, 11): 1, (3, 13): 1, (3, 15): 1, (3, 16): 28, (3, 18): 23, (4, 5): 1, (4, 7): 25, (4, 8): 50, (4, 10): 1, (4, 11): 6, (4, 12): 1, (4, 14): 1, (4, 16): 1, (4, 17): 1, (4, 19): 1, (5, 9): 1, (5, 10): 53, (5, 11): 1, (5, 12): 1, (5, 13): 21, (5, 14): 1, (5, 16): 1, (5, 18): 1, (5, 19): 1, (6, 8): 15, (6, 14): 1, (6, 17): 28, (6, 19): 18, (6, 20): 18, (7, 8): 1, (7, 9): 1, (7, 10): 1, (7, 12): 1, (7, 14): 1, (7, 15): 9, (7, 16): 1, (7, 18): 1, (7, 20): 1, (8, 9): 1, (8, 11): 1, (8, 15): 1, (8, 17): 1, (8, 19): 1, (9, 10): 1, (9, 11): 1, (9, 12): 1, (9, 14): 1, (9, 16): 1, (9, 19): 1, (10, 11): 1, (10, 13): 1, (10, 16): 4, (10, 20): 1, (11, 12): 44, (11, 15): 1, (11, 18): 1, (11, 19): 1, (12, 13): 1, (12, 14): 1, (12, 15): 1, (12, 17): 1, (12, 18): 1, (12, 19): 1, (13, 14): 1, (13, 16): 1, (13, 19): 1, (14, 15): 1, (14, 16): 1, (14, 18): 1, (15, 16): 1, (15, 17): 1, (15, 18): 1, (16, 18): 1, (17, 18): 1, (17, 19): 1, (17, 20): 1, (18, 20): 1}",1060.0090026855469,103.0,21.0,206.0
13.0,Graph with 21 nodes and 118 edges,"[[0, 0, 0, 0, 0, 0, 0, 1, 0, 0, 1, 0, 0, 0, 1, 0, 0, 1, 1, 1, 1], [0, 0, 0, 0, 0, 1, 1, 0, 1, 0, 0, 1, 0, 1, 1, 1, 0, 1, 1, 1, 1], [0, 0, 0, 0, 1, 0, 1, 0, 1, 0, 0, 0, 1, 1, 0, 1, 1, 0, 1, 1, 1], [0, 0, 0, 0, 0, 1, 1, 0, 1, 0, 0, 0, 0, 0, 0, 0, 1, 1, 1, 1, 0], [0, 0, 1, 0, 0, 0, 1, 1, 0, 1, 1, 1, 0, 1, 1, 1, 1, 1, 1, 1, 0], [0, 1, 0, 1, 0, 0, 0, 0, 1, 0, 1, 1, 0, 1, 1, 1, 1, 1, 1, 1, 1], [0, 1, 1, 1, 1, 0, 0, 0, 1, 1, 0, 0, 1, 0, 1, 1, 1, 0, 0, 1, 0], [1, 0, 0, 0, 1, 0, 0, 0, 1, 1, 1, 1, 0, 1, 0, 1, 1, 1, 1, 0, 0], [0, 1, 1, 1, 0, 1, 1, 1, 0, 1, 1, 1, 0, 1, 1, 1, 0, 0, 0, 1, 1], [0, 0, 0, 0, 1, 0, 1, 1, 1, 0, 0, 0, 1, 1, 0, 0, 1, 1, 1, 1, 1], [1, 0, 0, 0, 1, 1, 0, 1, 1, 0, 0, 1, 0, 1, 0, 1, 0, 0, 1, 1, 0], [0, 1, 0, 0, 1, 1, 0, 1, 1, 0, 1, 0, 0, 1, 1, 1, 0, 0, 0, 1, 0], [0, 0, 1, 0, 0, 0, 1, 0, 0, 1, 0, 0, 0, 1, 1, 1, 0, 0, 0, 1, 0], [0, 1, 1, 0, 1, 1, 0, 1, 1, 1, 1, 1, 1, 0, 1, 1, 0, 0, 0, 0, 1], [1, 1, 0, 0, 1, 1, 1, 0, 1, 0, 0, 1, 1, 1, 0, 1, 1, 0, 1, 1, 1], [0, 1, 1, 0, 1, 1, 1, 1, 1, 0, 1, 1, 1, 1, 1, 0, 0, 1, 0, 0, 1], [0, 0, 1, 1, 1, 1, 1, 1, 0, 1, 0, 0, 0, 0, 1, 0, 0, 1, 0, 0, 1], [1, 1, 0, 1, 1, 1, 0, 1, 0, 1, 0, 0, 0, 0, 0, 1, 1, 0, 1, 1, 1], [1, 1, 1, 1, 1, 1, 0, 1, 0, 1, 1, 0, 0, 0, 1, 0, 0, 1, 0, 0, 1], [1, 1, 1, 1, 1, 1, 1, 0, 1, 1, 1, 1, 1, 0, 1, 0, 0, 1, 0, 0, 0], [1, 1, 1, 0, 0, 1, 0, 0, 1, 1, 0, 0, 0, 1, 1, 1, 1, 1, 1, 0, 0]]",22.0,4.0,Y,"{0: 26, 1: 30, 2: 34, 3: 38, 4: 42, 5: 46, 6: 50, 7: 54, 8: 58, 9: 62, 10: 66, 11: 70, 12: 74, 13: 78, 14: 82, 15: 86, 16: 90, 17: 94, 18: 98, 19: 102, 20: 22}",Y,"{0: 26, 1: 30, 2: 34, 3: 38, 4: 42, 5: 46, 6: 50, 7: 54, 8: 58, 9: 62, 10: 66, 11: 70, 12: 74, 13: 78, 14: 82, 15: 86, 16: 90, 17: 94, 18: 98, 19: 102, 20: 22}","{(0, 7): 1, (0, 10): 14, (0, 14): 1, (0, 17): 1, (0, 18): 5, (0, 19): 3, (0, 20): 1, (1, 5): 1, (1, 6): 1, (1, 8): 1, (1, 11): 20, (1, 13): 1, (1, 14): 1, (1, 15): 1, (1, 17): 1, (1, 18): 1, (1, 19): 1, (1, 20): 1, (2, 4): 1, (2, 6): 1, (2, 8): 1, (2, 12): 25, (2, 13): 1, (2, 15): 1, (2, 16): 1, (2, 18): 1, (2, 19): 1, (2, 20): 1, (3, 5): 1, (3, 6): 1, (3, 8): 1, (3, 16): 1, (3, 17): 1, (3, 18): 1, (3, 19): 32, (4, 6): 1, (4, 7): 1, (4, 9): 1, (4, 10): 1, (4, 11): 30, (4, 13): 1, (4, 14): 1, (4, 15): 1, (4, 16): 1, (4, 17): 1, (4, 18): 1, (4, 19): 1, (5, 8): 1, (5, 10): 1, (5, 11): 1, (5, 13): 1, (5, 14): 1, (5, 15): 1, (5, 16): 1, (5, 17): 1, (5, 18): 1, (5, 19): 34, (5, 20): 1, (6, 8): 1, (6, 9): 1, (6, 12): 31, (6, 14): 1, (6, 15): 1, (6, 16): 1, (6, 19): 10, (7, 8): 1, (7, 9): 1, (7, 10): 44, (7, 11): 1, (7, 13): 1, (7, 15): 1, (7, 16): 1, (7, 17): 1, (7, 18): 1, (8, 9): 1, (8, 10): 1, (8, 11): 1, (8, 13): 1, (8, 14): 45, (8, 15): 1, (8, 19): 1, (8, 20): 1, (9, 12): 1, (9, 13): 1, (9, 16): 52, (9, 17): 1, (9, 18): 1, (9, 19): 1, (9, 20): 1, (10, 11): 1, (10, 13): 1, (10, 15): 1, (10, 18): 1, (10, 19): 1, (11, 13): 1, (11, 14): 6, (11, 15): 8, (11, 19): 1, (12, 13): 1, (12, 14): 1, (12, 15): 1, (12, 19): 14, (13, 14): 1, (13, 15): 66, (13, 20): 1, (14, 15): 1, (14, 16): 20, (14, 18): 1, (14, 19): 1, (14, 20): 1, (15, 17): 1, (15, 20): 1, (16, 17): 1, (16, 20): 11, (17, 18): 83, (17, 19): 1, (17, 20): 1, (18, 20): 1}",1109.1232299804688,118.0,21.0,236.0
14.0,Graph with 21 nodes and 95 edges,"[[0, 0, 0, 1, 1, 1, 1, 0, 0, 0, 0, 1, 0, 0, 0, 0, 0, 0, 0, 0, 0], [0, 0, 0, 1, 0, 0, 0, 0, 0, 0, 0, 1, 0, 0, 1, 0, 1, 1, 0, 0, 0], [0, 0, 0, 1, 0, 0, 0, 0, 1, 1, 1, 0, 1, 1, 0, 1, 1, 0, 0, 0, 1], [1, 1, 1, 0, 1, 1, 1, 0, 1, 1, 1, 1, 0, 0, 0, 1, 1, 0, 0, 1, 1], [1, 0, 0, 1, 0, 0, 1, 0, 0, 1, 1, 1, 0, 0, 0, 1, 0, 0, 0, 1, 1], [1, 0, 0, 1, 0, 0, 0, 0, 0, 0, 0, 0, 1, 0, 1, 0, 1, 0, 1, 1, 1], [1, 0, 0, 1, 1, 0, 0, 1, 1, 0, 0, 1, 0, 0, 1, 0, 0, 1, 0, 0, 0], [0, 0, 0, 0, 0, 0, 1, 0, 0, 0, 1, 1, 0, 1, 1, 1, 0, 1, 1, 1, 1], [0, 0, 1, 1, 0, 0, 1, 0, 0, 0, 0, 0, 1, 0, 0, 1, 1, 1, 0, 1, 1], [0, 0, 1, 1, 1, 0, 0, 0, 0, 0, 1, 0, 1, 0, 0, 0, 1, 0, 1, 1, 0], [0, 0, 1, 1, 1, 0, 0, 1, 0, 1, 0, 1, 1, 1, 0, 1, 1, 1, 1, 1, 0], [1, 1, 0, 1, 1, 0, 1, 1, 0, 0, 1, 0, 0, 1, 0, 0, 1, 1, 0, 1, 1], [0, 0, 1, 0, 0, 1, 0, 0, 1, 1, 1, 0, 0, 0, 1, 1, 1, 0, 1, 0, 1], [0, 0, 1, 0, 0, 0, 0, 1, 0, 0, 1, 1, 0, 0, 0, 1, 0, 1, 1, 0, 1], [0, 1, 0, 0, 0, 1, 1, 1, 0, 0, 0, 0, 1, 0, 0, 0, 0, 1, 0, 0, 0], [0, 0, 1, 1, 1, 0, 0, 1, 1, 0, 1, 0, 1, 1, 0, 0, 1, 1, 0, 0, 0], [0, 1, 1, 1, 0, 1, 0, 0, 1, 1, 1, 1, 1, 0, 0, 1, 0, 1, 1, 0, 0], [0, 1, 0, 0, 0, 0, 1, 1, 1, 0, 1, 1, 0, 1, 1, 1, 1, 0, 0, 0, 0], [0, 0, 0, 0, 0, 1, 0, 1, 0, 1, 1, 0, 1, 1, 0, 0, 1, 0, 0, 0, 0], [0, 0, 0, 1, 1, 1, 0, 1, 1, 1, 1, 1, 0, 0, 0, 0, 0, 0, 0, 0, 0], [0, 0, 1, 1, 1, 1, 0, 1, 1, 0, 0, 1, 1, 1, 0, 0, 0, 0, 0, 0, 0]]",28.0,4.0,Y,"{0: 32, 1: 36, 2: 40, 3: 44, 4: 48, 5: 52, 6: 56, 7: 60, 8: 64, 9: 68, 10: 72, 11: 76, 12: 80, 13: 84, 14: 88, 15: 92, 16: 96, 17: 100, 18: 104, 19: 108, 20: 28}",Y,"{0: 32, 1: 36, 2: 40, 3: 44, 4: 48, 5: 52, 6: 56, 7: 60, 8: 64, 9: 68, 10: 72, 11: 76, 12: 80, 13: 84, 14: 88, 15: 92, 16: 96, 17: 100, 18: 104, 19: 108, 20: 28}","{(0, 3): 28, (0, 4): 1, (0, 5): 1, (0, 6): 1, (0, 11): 1, (1, 3): 1, (1, 11): 9, (1, 14): 1, (1, 16): 24, (1, 17): 1, (2, 3): 1, (2, 8): 1, (2, 9): 23, (2, 10): 1, (2, 12): 1, (2, 13): 1, (2, 15): 10, (2, 16): 1, (2, 20): 1, (3, 4): 1, (3, 5): 1, (3, 6): 1, (3, 8): 1, (3, 9): 4, (3, 10): 1, (3, 11): 1, (3, 15): 1, (3, 16): 1, (3, 19): 1, (3, 20): 1, (4, 6): 1, (4, 9): 1, (4, 10): 1, (4, 11): 1, (4, 15): 1, (4, 19): 40, (4, 20): 1, (5, 12): 1, (5, 14): 26, (5, 16): 9, (5, 18): 1, (5, 19): 1, (5, 20): 12, (6, 7): 1, (6, 8): 1, (6, 11): 37, (6, 14): 13, (6, 17): 1, (7, 10): 1, (7, 11): 1, (7, 13): 29, (7, 14): 1, (7, 15): 1, (7, 17): 1, (7, 18): 23, (7, 19): 1, (7, 20): 1, (8, 12): 40, (8, 15): 9, (8, 16): 1, (8, 17): 1, (8, 19): 1, (8, 20): 9, (9, 10): 1, (9, 12): 17, (9, 16): 10, (9, 18): 5, (9, 19): 7, (10, 11): 1, (10, 12): 1, (10, 13): 1, (10, 15): 4, (10, 16): 1, (10, 17): 1, (10, 18): 2, (10, 19): 56, (11, 13): 1, (11, 16): 1, (11, 17): 21, (11, 19): 1, (11, 20): 1, (12, 14): 1, (12, 15): 16, (12, 16): 1, (12, 18): 1, (12, 20): 1, (13, 15): 23, (13, 17): 1, (13, 18): 27, (13, 20): 1, (14, 17): 46, (15, 16): 1, (15, 17): 26, (16, 17): 1, (16, 18): 45}",52.928924560546875,95.0,21.0,190.0
17.0,Graph with 21 nodes and 88 edges,"[[0, 1, 1, 1, 1, 0, 0, 0, 1, 0, 1, 1, 1, 0, 0, 0, 1, 1, 0, 0, 0], [1, 0, 1, 1, 1, 0, 0, 0, 1, 0, 0, 0, 0, 0, 1, 1, 0, 1, 1, 0, 1], [1, 1, 0, 0, 0, 0, 0, 0, 0, 1, 1, 0, 1, 0, 1, 1, 1, 0, 1, 1, 0], [1, 1, 0, 0, 0, 0, 1, 0, 0, 1, 0, 0, 1, 0, 0, 0, 1, 1, 1, 1, 0], [1, 1, 0, 0, 0, 0, 0, 1, 0, 0, 0, 1, 1, 0, 0, 0, 1, 0, 0, 1, 0], [0, 0, 0, 0, 0, 0, 0, 0, 0, 0, 1, 0, 1, 0, 1, 0, 0, 0, 1, 1, 1], [0, 0, 0, 1, 0, 0, 0, 1, 1, 0, 1, 1, 0, 0, 0, 0, 0, 1, 1, 1, 0], [0, 0, 0, 0, 1, 0, 1, 0, 1, 1, 0, 1, 0, 0, 0, 1, 0, 1, 0, 1, 0], [1, 1, 0, 0, 0, 0, 1, 1, 0, 1, 1, 0, 0, 1, 0, 1, 1, 0, 1, 1, 0], [0, 0, 1, 1, 0, 0, 0, 1, 1, 0, 1, 0, 1, 0, 0, 1, 0, 1, 0, 0, 0], [1, 0, 1, 0, 0, 1, 1, 0, 1, 1, 0, 0, 1, 0, 0, 1, 1, 0, 0, 1, 0], [1, 0, 0, 0, 1, 0, 1, 1, 0, 0, 0, 0, 1, 1, 1, 0, 1, 1, 0, 0, 0], [1, 0, 1, 1, 1, 1, 0, 0, 0, 1, 1, 1, 0, 0, 1, 1, 0, 0, 0, 0, 0], [0, 0, 0, 0, 0, 0, 0, 0, 1, 0, 0, 1, 0, 0, 1, 0, 0, 0, 0, 0, 0], [0, 1, 1, 0, 0, 1, 0, 0, 0, 0, 0, 1, 1, 1, 0, 1, 1, 0, 0, 0, 0], [0, 1, 1, 0, 0, 0, 0, 1, 1, 1, 1, 0, 1, 0, 1, 0, 1, 1, 0, 0, 0], [1, 0, 1, 1, 1, 0, 0, 0, 1, 0, 1, 1, 0, 0, 1, 1, 0, 0, 0, 1, 0], [1, 1, 0, 1, 0, 0, 1, 1, 0, 1, 0, 1, 0, 0, 0, 1, 0, 0, 1, 0, 0], [0, 1, 1, 1, 0, 1, 1, 0, 1, 0, 0, 0, 0, 0, 0, 0, 0, 1, 0, 0, 1], [0, 0, 1, 1, 1, 1, 1, 1, 1, 0, 1, 0, 0, 0, 0, 0, 1, 0, 0, 0, 0], [0, 1, 0, 0, 0, 1, 0, 0, 0, 0, 0, 0, 0, 0, 0, 0, 0, 0, 1, 0, 0]]",22.0,7.0,Y,"{0: 29, 1: 36, 2: 43, 3: 50, 4: 57, 5: 64, 6: 71, 7: 78, 8: 85, 9: 92, 10: 99, 11: 106, 12: 113, 13: 120, 14: 127, 15: 134, 16: 141, 17: 148, 18: 155, 19: 162, 20: 22}",Y,"{0: 29, 1: 36, 2: 43, 3: 50, 4: 57, 5: 64, 6: 71, 7: 78, 8: 85, 9: 92, 10: 99, 11: 106, 12: 113, 13: 120, 14: 127, 15: 134, 16: 141, 17: 148, 18: 155, 19: 162, 20: 22}","{(0, 1): 1, (0, 2): 1, (0, 3): 1, (0, 4): 1, (0, 8): 1, (0, 10): 1, (0, 11): 1, (0, 12): 20, (0, 16): 1, (0, 17): 1, (1, 2): 1, (1, 3): 1, (1, 4): 1, (1, 8): 1, (1, 14): 1, (1, 15): 1, (1, 17): 1, (1, 18): 27, (1, 20): 1, (2, 9): 34, (2, 10): 1, (2, 12): 1, (2, 14): 1, (2, 15): 1, (2, 16): 1, (2, 18): 1, (2, 19): 1, (3, 6): 1, (3, 9): 42, (3, 12): 1, (3, 16): 1, (3, 17): 1, (3, 18): 1, (3, 19): 1, (4, 7): 1, (4, 11): 1, (4, 12): 14, (4, 16): 13, (4, 19): 26, (5, 10): 1, (5, 12): 1, (5, 14): 1, (5, 18): 1, (5, 19): 59, (5, 20): 1, (6, 7): 1, (6, 8): 1, (6, 10): 1, (6, 11): 1, (6, 17): 1, (6, 18): 64, (6, 19): 1, (7, 8): 1, (7, 9): 1, (7, 11): 1, (7, 15): 1, (7, 17): 1, (7, 19): 71, (8, 9): 1, (8, 10): 1, (8, 13): 45, (8, 15): 1, (8, 16): 31, (8, 18): 1, (8, 19): 1, (9, 10): 1, (9, 12): 1, (9, 15): 8, (9, 17): 4, (10, 12): 1, (10, 15): 1, (10, 16): 90, (10, 19): 1, (11, 12): 1, (11, 13): 1, (11, 14): 1, (11, 16): 1, (11, 17): 98, (12, 14): 1, (12, 15): 72, (13, 14): 74, (14, 15): 47, (14, 16): 1, (15, 16): 1, (15, 17): 1, (16, 19): 1, (17, 18): 40, (18, 20): 20}",1250.0286102294922,88.0,21.0,176.0
18.0,Graph with 21 nodes and 121 edges,"[[0, 0, 0, 0, 1, 0, 0, 0, 1, 1, 0, 1, 1, 0, 1, 1, 1, 1, 1, 1, 1], [0, 0, 1, 0, 0, 1, 1, 1, 0, 0, 1, 1, 0, 1, 1, 1, 1, 1, 1, 1, 0], [0, 1, 0, 1, 1, 0, 1, 1, 0, 0, 1, 1, 1, 1, 1, 1, 0, 0, 1, 0, 1], [0, 0, 1, 0, 1, 1, 1, 0, 0, 1, 1, 1, 0, 0, 0, 1, 0, 0, 0, 1, 0], [1, 0, 1, 1, 0, 0, 0, 1, 1, 1, 0, 0, 1, 1, 0, 1, 0, 0, 0, 1, 0], [0, 1, 0, 1, 0, 0, 0, 1, 0, 0, 0, 0, 1, 0, 1, 1, 0, 1, 1, 1, 0], [0, 1, 1, 1, 0, 0, 0, 0, 0, 0, 1, 1, 1, 1, 1, 1, 0, 1, 1, 1, 1], [0, 1, 1, 0, 1, 1, 0, 0, 1, 1, 0, 1, 0, 0, 0, 0, 0, 1, 0, 0, 0], [1, 0, 0, 0, 1, 0, 0, 1, 0, 1, 1, 1, 1, 0, 0, 1, 1, 1, 0, 0, 0], [1, 0, 0, 1, 1, 0, 0, 1, 1, 0, 1, 0, 0, 1, 1, 0, 1, 1, 1, 1, 0], [0, 1, 1, 1, 0, 0, 1, 0, 1, 1, 0, 1, 0, 0, 1, 0, 1, 0, 0, 1, 1], [1, 1, 1, 1, 0, 0, 1, 1, 1, 0, 1, 0, 1, 0, 1, 0, 1, 1, 1, 1, 0], [1, 0, 1, 0, 1, 1, 1, 0, 1, 0, 0, 1, 0, 1, 1, 1, 1, 0, 0, 0, 1], [0, 1, 1, 0, 1, 0, 1, 0, 0, 1, 0, 0, 1, 0, 0, 1, 1, 1, 1, 1, 1], [1, 1, 1, 0, 0, 1, 1, 0, 0, 1, 1, 1, 1, 0, 0, 1, 1, 1, 0, 0, 0], [1, 1, 1, 1, 1, 1, 1, 0, 1, 0, 0, 0, 1, 1, 1, 0, 1, 0, 1, 0, 0], [1, 1, 0, 0, 0, 0, 0, 0, 1, 1, 1, 1, 1, 1, 1, 1, 0, 1, 1, 1, 0], [1, 1, 0, 0, 0, 1, 1, 1, 1, 1, 0, 1, 0, 1, 1, 0, 1, 0, 1, 1, 0], [1, 1, 1, 0, 0, 1, 1, 0, 0, 1, 0, 1, 0, 1, 0, 1, 1, 1, 0, 1, 0], [1, 1, 0, 1, 1, 1, 1, 0, 0, 1, 1, 1, 0, 1, 0, 0, 1, 1, 1, 0, 1], [1, 0, 1, 0, 0, 0, 1, 0, 0, 0, 1, 0, 1, 1, 0, 0, 0, 0, 0, 1, 0]]",18.0,3.0,Y,"{0: 21, 1: 24, 2: 27, 3: 30, 4: 33, 5: 36, 6: 39, 7: 42, 8: 45, 9: 48, 10: 51, 11: 54, 12: 57, 13: 60, 14: 63, 15: 66, 16: 69, 17: 72, 18: 75, 19: 78, 20: 18}",Y,"{0: 21, 1: 24, 2: 27, 3: 30, 4: 33, 5: 36, 6: 39, 7: 42, 8: 45, 9: 48, 10: 51, 11: 54, 12: 57, 13: 60, 14: 63, 15: 66, 16: 69, 17: 72, 18: 75, 19: 78, 20: 18}","{(0, 4): 1, (0, 8): 1, (0, 9): 1, (0, 11): 1, (0, 12): 1, (0, 14): 1, (0, 15): 1, (0, 16): 1, (0, 17): 1, (0, 18): 1, (0, 19): 10, (0, 20): 1, (1, 2): 9, (1, 5): 1, (1, 6): 1, (1, 7): 4, (1, 10): 1, (1, 11): 1, (1, 13): 1, (1, 14): 1, (1, 15): 1, (1, 16): 1, (1, 17): 1, (1, 18): 1, (1, 19): 1, (2, 3): 7, (2, 4): 1, (2, 6): 1, (2, 7): 1, (2, 10): 1, (2, 11): 1, (2, 12): 1, (2, 13): 1, (2, 14): 1, (2, 15): 1, (2, 18): 1, (2, 20): 1, (3, 4): 1, (3, 5): 1, (3, 6): 16, (3, 9): 1, (3, 10): 1, (3, 11): 1, (3, 15): 1, (3, 19): 1, (4, 7): 1, (4, 8): 1, (4, 9): 1, (4, 12): 1, (4, 13): 1, (4, 15): 1, (4, 19): 24, (5, 7): 1, (5, 12): 1, (5, 14): 1, (5, 15): 2, (5, 17): 27, (5, 18): 1, (5, 19): 1, (6, 10): 1, (6, 11): 1, (6, 12): 1, (6, 13): 1, (6, 14): 9, (6, 15): 1, (6, 17): 1, (6, 18): 4, (6, 19): 1, (6, 20): 1, (7, 8): 24, (7, 9): 1, (7, 11): 9, (7, 17): 1, (8, 9): 1, (8, 10): 1, (8, 11): 1, (8, 12): 1, (8, 15): 1, (8, 16): 13, (8, 17): 1, (9, 10): 6, (9, 13): 1, (9, 14): 23, (9, 16): 1, (9, 17): 7, (9, 18): 4, (9, 19): 1, (10, 11): 24, (10, 14): 1, (10, 16): 13, (10, 19): 1, (10, 20): 1, (11, 12): 1, (11, 14): 4, (11, 16): 1, (11, 17): 1, (11, 18): 7, (11, 19): 1, (12, 13): 22, (12, 14): 1, (12, 15): 1, (12, 16): 14, (12, 20): 12, (13, 15): 28, (13, 16): 1, (13, 17): 1, (13, 18): 1, (13, 19): 1, (13, 20): 1, (14, 15): 19, (14, 16): 1, (14, 17): 1, (15, 16): 1, (15, 18): 8, (16, 17): 1, (16, 18): 3, (16, 19): 18, (17, 18): 28, (17, 19): 1, (18, 19): 16, (19, 20): 1}",48.87580871582031,121.0,21.0,242.0
18.0,Graph with 21 nodes and 121 edges,"[[0, 0, 0, 0, 1, 0, 0, 0, 1, 1, 0, 1, 1, 0, 1, 1, 1, 1, 1, 1, 1], [0, 0, 1, 0, 0, 1, 1, 1, 0, 0, 1, 1, 0, 1, 1, 1, 1, 1, 1, 1, 0], [0, 1, 0, 1, 1, 0, 1, 1, 0, 0, 1, 1, 1, 1, 1, 1, 0, 0, 1, 0, 1], [0, 0, 1, 0, 1, 1, 1, 0, 0, 1, 1, 1, 0, 0, 0, 1, 0, 0, 0, 1, 0], [1, 0, 1, 1, 0, 0, 0, 1, 1, 1, 0, 0, 1, 1, 0, 1, 0, 0, 0, 1, 0], [0, 1, 0, 1, 0, 0, 0, 1, 0, 0, 0, 0, 1, 0, 1, 1, 0, 1, 1, 1, 0], [0, 1, 1, 1, 0, 0, 0, 0, 0, 0, 1, 1, 1, 1, 1, 1, 0, 1, 1, 1, 1], [0, 1, 1, 0, 1, 1, 0, 0, 1, 1, 0, 1, 0, 0, 0, 0, 0, 1, 0, 0, 0], [1, 0, 0, 0, 1, 0, 0, 1, 0, 1, 1, 1, 1, 0, 0, 1, 1, 1, 0, 0, 0], [1, 0, 0, 1, 1, 0, 0, 1, 1, 0, 1, 0, 0, 1, 1, 0, 1, 1, 1, 1, 0], [0, 1, 1, 1, 0, 0, 1, 0, 1, 1, 0, 1, 0, 0, 1, 0, 1, 0, 0, 1, 1], [1, 1, 1, 1, 0, 0, 1, 1, 1, 0, 1, 0, 1, 0, 1, 0, 1, 1, 1, 1, 0], [1, 0, 1, 0, 1, 1, 1, 0, 1, 0, 0, 1, 0, 1, 1, 1, 1, 0, 0, 0, 1], [0, 1, 1, 0, 1, 0, 1, 0, 0, 1, 0, 0, 1, 0, 0, 1, 1, 1, 1, 1, 1], [1, 1, 1, 0, 0, 1, 1, 0, 0, 1, 1, 1, 1, 0, 0, 1, 1, 1, 0, 0, 0], [1, 1, 1, 1, 1, 1, 1, 0, 1, 0, 0, 0, 1, 1, 1, 0, 1, 0, 1, 0, 0], [1, 1, 0, 0, 0, 0, 0, 0, 1, 1, 1, 1, 1, 1, 1, 1, 0, 1, 1, 1, 0], [1, 1, 0, 0, 0, 1, 1, 1, 1, 1, 0, 1, 0, 1, 1, 0, 1, 0, 1, 1, 0], [1, 1, 1, 0, 0, 1, 1, 0, 0, 1, 0, 1, 0, 1, 0, 1, 1, 1, 0, 1, 0], [1, 1, 0, 1, 1, 1, 1, 0, 0, 1, 1, 1, 0, 1, 0, 0, 1, 1, 1, 0, 1], [1, 0, 1, 0, 0, 0, 1, 0, 0, 0, 1, 0, 1, 1, 0, 0, 0, 0, 0, 1, 0]]",22.0,7.0,Y,"{0: 29, 1: 36, 2: 43, 3: 50, 4: 57, 5: 64, 6: 71, 7: 78, 8: 85, 9: 92, 10: 99, 11: 106, 12: 113, 13: 120, 14: 127, 15: 134, 16: 141, 17: 148, 18: 155, 19: 162, 20: 22}",Y,"{0: 29, 1: 36, 2: 43, 3: 50, 4: 57, 5: 64, 6: 71, 7: 78, 8: 85, 9: 92, 10: 99, 11: 106, 12: 113, 13: 120, 14: 127, 15: 134, 16: 141, 17: 148, 18: 155, 19: 162, 20: 22}","{(0, 4): 1, (0, 8): 1, (0, 9): 4, (0, 11): 1, (0, 12): 1, (0, 14): 15, (0, 15): 1, (0, 16): 1, (0, 17): 1, (0, 18): 1, (0, 19): 1, (0, 20): 1, (1, 2): 1, (1, 5): 1, (1, 6): 1, (1, 7): 19, (1, 10): 1, (1, 11): 1, (1, 13): 1, (1, 14): 1, (1, 15): 6, (1, 16): 1, (1, 17): 1, (1, 18): 1, (1, 19): 1, (2, 3): 1, (2, 4): 1, (2, 6): 1, (2, 7): 1, (2, 10): 1, (2, 11): 1, (2, 12): 1, (2, 13): 1, (2, 14): 1, (2, 15): 1, (2, 18): 31, (2, 20): 1, (3, 4): 1, (3, 5): 1, (3, 6): 1, (3, 9): 1, (3, 10): 1, (3, 11): 1, (3, 15): 42, (3, 19): 1, (4, 7): 1, (4, 8): 1, (4, 9): 48, (4, 12): 1, (4, 13): 1, (4, 15): 1, (4, 19): 1, (5, 7): 51, (5, 12): 1, (5, 14): 1, (5, 15): 1, (5, 17): 1, (5, 18): 6, (5, 19): 1, (6, 10): 41, (6, 11): 1, (6, 12): 1, (6, 13): 1, (6, 14): 1, (6, 15): 1, (6, 17): 19, (6, 18): 1, (6, 19): 1, (6, 20): 1, (7, 8): 1, (7, 9): 3, (7, 11): 1, (7, 17): 1, (8, 9): 1, (8, 10): 1, (8, 11): 1, (8, 12): 1, (8, 15): 76, (8, 16): 1, (8, 17): 1, (9, 10): 1, (9, 13): 1, (9, 14): 1, (9, 16): 1, (9, 17): 1, (9, 18): 1, (9, 19): 29, (10, 11): 1, (10, 14): 1, (10, 16): 37, (10, 19): 1, (10, 20): 13, (11, 12): 1, (11, 14): 1, (11, 16): 93, (11, 17): 1, (11, 18): 1, (11, 19): 1, (12, 13): 1, (12, 14): 102, (12, 15): 1, (12, 16): 1, (12, 20): 1, (13, 15): 1, (13, 16): 1, (13, 17): 1, (13, 18): 109, (13, 19): 1, (13, 20): 1, (14, 15): 1, (14, 16): 1, (14, 17): 1, (15, 16): 1, (15, 18): 1, (16, 17): 1, (16, 18): 1, (16, 19): 1, (17, 18): 1, (17, 19): 118, (18, 19): 1, (19, 20): 4}",1126.0509490966797,121.0,21.0,242.0
19.0,Graph with 21 nodes and 98 edges,"[[0, 1, 1, 0, 0, 0, 1, 1, 1, 0, 0, 0, 0, 1, 1, 1, 1, 0, 0, 0, 1], [1, 0, 0, 0, 1, 1, 1, 0, 1, 0, 0, 0, 0, 1, 1, 0, 0, 0, 0, 0, 0], [1, 0, 0, 1, 0, 1, 0, 0, 1, 1, 0, 0, 1, 0, 0, 1, 0, 1, 0, 0, 0], [0, 0, 1, 0, 0, 1, 0, 1, 1, 0, 0, 0, 0, 1, 1, 0, 0, 0, 0, 1, 0], [0, 1, 0, 0, 0, 0, 1, 0, 1, 0, 0, 1, 1, 0, 1, 0, 0, 0, 0, 0, 0], [0, 1, 1, 1, 0, 0, 0, 0, 1, 1, 0, 1, 1, 1, 1, 1, 0, 1, 0, 0, 0], [1, 1, 0, 0, 1, 0, 0, 1, 0, 1, 1, 0, 0, 0, 1, 1, 0, 1, 1, 1, 0], [1, 0, 0, 1, 0, 0, 1, 0, 1, 0, 0, 0, 0, 1, 0, 1, 0, 0, 1, 1, 0], [1, 1, 1, 1, 1, 1, 0, 1, 0, 1, 1, 0, 1, 1, 0, 0, 1, 1, 1, 1, 1], [0, 0, 1, 0, 0, 1, 1, 0, 1, 0, 1, 1, 0, 0, 1, 1, 1, 1, 0, 1, 1], [0, 0, 0, 0, 0, 0, 1, 0, 1, 1, 0, 1, 1, 1, 0, 0, 1, 0, 0, 0, 1], [0, 0, 0, 0, 1, 1, 0, 0, 0, 1, 1, 0, 0, 0, 0, 0, 1, 1, 0, 0, 1], [0, 0, 1, 0, 1, 1, 0, 0, 1, 0, 1, 0, 0, 0, 0, 1, 0, 1, 1, 1, 0], [1, 1, 0, 1, 0, 1, 0, 1, 1, 0, 1, 0, 0, 0, 1, 0, 1, 1, 1, 0, 1], [1, 1, 0, 1, 1, 1, 1, 0, 0, 1, 0, 0, 0, 1, 0, 1, 1, 0, 0, 0, 1], [1, 0, 1, 0, 0, 1, 1, 1, 0, 1, 0, 0, 1, 0, 1, 0, 0, 0, 0, 0, 0], [1, 0, 0, 0, 0, 0, 0, 0, 1, 1, 1, 1, 0, 1, 1, 0, 0, 0, 0, 1, 1], [0, 0, 1, 0, 0, 1, 1, 0, 1, 1, 0, 1, 1, 1, 0, 0, 0, 0, 0, 1, 0], [0, 0, 0, 0, 0, 0, 1, 1, 1, 0, 0, 0, 1, 1, 0, 0, 0, 0, 0, 1, 1], [0, 0, 0, 1, 0, 0, 1, 1, 1, 1, 0, 0, 1, 0, 0, 0, 1, 1, 1, 0, 1], [1, 0, 0, 0, 0, 0, 0, 0, 1, 1, 1, 1, 0, 1, 1, 0, 1, 0, 1, 1, 0]]",6.0,8.0,Y,"{0: 22, 1: 30, 2: 38, 3: 46, 4: 6, 5: 54, 6: 62, 7: 70, 8: 78, 9: 86, 10: 94, 11: 102, 12: 110, 13: 118, 14: 126, 15: 134, 16: 142, 17: 150, 18: 158, 19: 166, 20: 14}",Y,"{0: 22, 1: 30, 2: 38, 3: 46, 4: 6, 5: 54, 6: 62, 7: 70, 8: 78, 9: 86, 10: 94, 11: 102, 12: 110, 13: 118, 14: 126, 15: 134, 16: 142, 17: 150, 18: 158, 19: 166, 20: 14}","{(0, 1): 1, (0, 2): 1, (0, 6): 1, (0, 7): 1, (0, 8): 1, (0, 13): 1, (0, 14): 1, (0, 15): 13, (0, 16): 1, (0, 20): 1, (1, 4): 1, (1, 5): 1, (1, 6): 1, (1, 8): 1, (1, 13): 1, (1, 14): 24, (2, 3): 1, (2, 5): 1, (2, 8): 1, (2, 9): 1, (2, 12): 1, (2, 15): 31, (2, 17): 1, (3, 5): 1, (3, 7): 1, (3, 8): 1, (3, 13): 1, (3, 14): 40, (3, 19): 1, (4, 6): 1, (4, 8): 1, (4, 11): 1, (4, 12): 1, (4, 14): 1, (5, 8): 1, (5, 9): 1, (5, 11): 1, (5, 12): 1, (5, 13): 1, (5, 14): 44, (5, 15): 1, (5, 17): 1, (6, 7): 1, (6, 9): 1, (6, 10): 25, (6, 14): 1, (6, 15): 1, (6, 17): 1, (6, 18): 28, (6, 19): 1, (7, 8): 1, (7, 13): 1, (7, 15): 2, (7, 18): 62, (7, 19): 1, (8, 9): 1, (8, 10): 1, (8, 12): 1, (8, 13): 1, (8, 16): 1, (8, 17): 1, (8, 18): 63, (8, 19): 1, (8, 20): 1, (9, 10): 19, (9, 11): 57, (9, 14): 1, (9, 15): 1, (9, 16): 1, (9, 17): 1, (9, 19): 1, (9, 20): 1, (10, 11): 40, (10, 12): 1, (10, 13): 1, (10, 16): 2, (10, 20): 5, (11, 16): 1, (11, 17): 1, (11, 20): 1, (12, 15): 82, (12, 17): 21, (12, 18): 1, (12, 19): 1, (13, 14): 9, (13, 16): 1, (13, 17): 99, (13, 18): 1, (13, 20): 1, (14, 15): 3, (14, 16): 1, (14, 20): 1, (16, 19): 133, (16, 20): 1, (17, 19): 24, (18, 19): 2, (18, 20): 1, (19, 20): 1}",1801.9676208496094,98.0,21.0,196.0
19.0,Graph with 21 nodes and 98 edges,"[[0, 1, 1, 0, 0, 0, 1, 1, 1, 0, 0, 0, 0, 1, 1, 1, 1, 0, 0, 0, 1], [1, 0, 0, 0, 1, 1, 1, 0, 1, 0, 0, 0, 0, 1, 1, 0, 0, 0, 0, 0, 0], [1, 0, 0, 1, 0, 1, 0, 0, 1, 1, 0, 0, 1, 0, 0, 1, 0, 1, 0, 0, 0], [0, 0, 1, 0, 0, 1, 0, 1, 1, 0, 0, 0, 0, 1, 1, 0, 0, 0, 0, 1, 0], [0, 1, 0, 0, 0, 0, 1, 0, 1, 0, 0, 1, 1, 0, 1, 0, 0, 0, 0, 0, 0], [0, 1, 1, 1, 0, 0, 0, 0, 1, 1, 0, 1, 1, 1, 1, 1, 0, 1, 0, 0, 0], [1, 1, 0, 0, 1, 0, 0, 1, 0, 1, 1, 0, 0, 0, 1, 1, 0, 1, 1, 1, 0], [1, 0, 0, 1, 0, 0, 1, 0, 1, 0, 0, 0, 0, 1, 0, 1, 0, 0, 1, 1, 0], [1, 1, 1, 1, 1, 1, 0, 1, 0, 1, 1, 0, 1, 1, 0, 0, 1, 1, 1, 1, 1], [0, 0, 1, 0, 0, 1, 1, 0, 1, 0, 1, 1, 0, 0, 1, 1, 1, 1, 0, 1, 1], [0, 0, 0, 0, 0, 0, 1, 0, 1, 1, 0, 1, 1, 1, 0, 0, 1, 0, 0, 0, 1], [0, 0, 0, 0, 1, 1, 0, 0, 0, 1, 1, 0, 0, 0, 0, 0, 1, 1, 0, 0, 1], [0, 0, 1, 0, 1, 1, 0, 0, 1, 0, 1, 0, 0, 0, 0, 1, 0, 1, 1, 1, 0], [1, 1, 0, 1, 0, 1, 0, 1, 1, 0, 1, 0, 0, 0, 1, 0, 1, 1, 1, 0, 1], [1, 1, 0, 1, 1, 1, 1, 0, 0, 1, 0, 0, 0, 1, 0, 1, 1, 0, 0, 0, 1], [1, 0, 1, 0, 0, 1, 1, 1, 0, 1, 0, 0, 1, 0, 1, 0, 0, 0, 0, 0, 0], [1, 0, 0, 0, 0, 0, 0, 0, 1, 1, 1, 1, 0, 1, 1, 0, 0, 0, 0, 1, 1], [0, 0, 1, 0, 0, 1, 1, 0, 1, 1, 0, 1, 1, 1, 0, 0, 0, 0, 0, 1, 0], [0, 0, 0, 0, 0, 0, 1, 1, 1, 0, 0, 0, 1, 1, 0, 0, 0, 0, 0, 1, 1], [0, 0, 0, 1, 0, 0, 1, 1, 1, 1, 0, 0, 1, 0, 0, 0, 1, 1, 1, 0, 1], [1, 0, 0, 0, 0, 0, 0, 0, 1, 1, 1, 1, 0, 1, 1, 0, 1, 0, 1, 1, 0]]",16.0,1.0,Y,"{0: 16, 1: 36, 2: 35, 3: 34, 4: 33, 5: 32, 6: 31, 7: 30, 8: 29, 9: 28, 10: 27, 11: 26, 12: 25, 13: 24, 14: 23, 15: 22, 16: 21, 17: 20, 18: 19, 19: 18, 20: 17}",Y,"{0: 16, 1: 36, 2: 35, 3: 34, 4: 33, 5: 32, 6: 31, 7: 30, 8: 29, 9: 28, 10: 27, 11: 26, 12: 25, 13: 24, 14: 23, 15: 22, 16: 21, 17: 20, 18: 19, 19: 18, 20: 17}","{(0, 1): 1, (0, 2): 1, (0, 6): 1, (0, 7): 1, (0, 8): 4, (0, 13): 1, (0, 14): 2, (0, 15): 1, (0, 16): 1, (0, 20): 3, (1, 4): 18, (1, 5): 1, (1, 6): 4, (1, 8): 10, (1, 13): 1, (1, 14): 1, (2, 3): 9, (2, 5): 6, (2, 8): 1, (2, 9): 13, (2, 12): 1, (2, 15): 1, (2, 17): 3, (3, 5): 1, (3, 7): 18, (3, 8): 1, (3, 13): 1, (3, 14): 3, (3, 19): 1, (4, 6): 1, (4, 8): 1, (4, 11): 2, (4, 12): 3, (4, 14): 8, (5, 8): 1, (5, 9): 1, (5, 11): 1, (5, 12): 15, (5, 13): 1, (5, 14): 1, (5, 15): 1, (5, 17): 3, (6, 7): 1, (6, 9): 1, (6, 10): 2, (6, 14): 1, (6, 15): 13, (6, 17): 1, (6, 18): 5, (6, 19): 1, (7, 8): 1, (7, 13): 1, (7, 15): 3, (7, 18): 4, (7, 19): 1, (8, 9): 1, (8, 10): 1, (8, 12): 1, (8, 13): 1, (8, 16): 1, (8, 17): 1, (8, 18): 1, (8, 19): 2, (8, 20): 1, (9, 10): 2, (9, 11): 2, (9, 14): 1, (9, 15): 1, (9, 16): 1, (9, 17): 1, (9, 19): 1, (9, 20): 3, (10, 11): 8, (10, 12): 1, (10, 13): 9, (10, 16): 1, (10, 20): 3, (11, 16): 11, (11, 17): 1, (11, 20): 1, (12, 15): 1, (12, 17): 1, (12, 18): 1, (12, 19): 1, (13, 14): 1, (13, 16): 1, (13, 17): 1, (13, 18): 5, (13, 20): 1, (14, 15): 1, (14, 16): 3, (14, 20): 1, (16, 19): 1, (16, 20): 1, (17, 19): 8, (18, 19): 1, (18, 20): 2, (19, 20): 1}",57.93571472167969,98.0,21.0,196.0
19.0,Graph with 21 nodes and 98 edges,"[[0, 1, 1, 0, 0, 0, 1, 1, 1, 0, 0, 0, 0, 1, 1, 1, 1, 0, 0, 0, 1], [1, 0, 0, 0, 1, 1, 1, 0, 1, 0, 0, 0, 0, 1, 1, 0, 0, 0, 0, 0, 0], [1, 0, 0, 1, 0, 1, 0, 0, 1, 1, 0, 0, 1, 0, 0, 1, 0, 1, 0, 0, 0], [0, 0, 1, 0, 0, 1, 0, 1, 1, 0, 0, 0, 0, 1, 1, 0, 0, 0, 0, 1, 0], [0, 1, 0, 0, 0, 0, 1, 0, 1, 0, 0, 1, 1, 0, 1, 0, 0, 0, 0, 0, 0], [0, 1, 1, 1, 0, 0, 0, 0, 1, 1, 0, 1, 1, 1, 1, 1, 0, 1, 0, 0, 0], [1, 1, 0, 0, 1, 0, 0, 1, 0, 1, 1, 0, 0, 0, 1, 1, 0, 1, 1, 1, 0], [1, 0, 0, 1, 0, 0, 1, 0, 1, 0, 0, 0, 0, 1, 0, 1, 0, 0, 1, 1, 0], [1, 1, 1, 1, 1, 1, 0, 1, 0, 1, 1, 0, 1, 1, 0, 0, 1, 1, 1, 1, 1], [0, 0, 1, 0, 0, 1, 1, 0, 1, 0, 1, 1, 0, 0, 1, 1, 1, 1, 0, 1, 1], [0, 0, 0, 0, 0, 0, 1, 0, 1, 1, 0, 1, 1, 1, 0, 0, 1, 0, 0, 0, 1], [0, 0, 0, 0, 1, 1, 0, 0, 0, 1, 1, 0, 0, 0, 0, 0, 1, 1, 0, 0, 1], [0, 0, 1, 0, 1, 1, 0, 0, 1, 0, 1, 0, 0, 0, 0, 1, 0, 1, 1, 1, 0], [1, 1, 0, 1, 0, 1, 0, 1, 1, 0, 1, 0, 0, 0, 1, 0, 1, 1, 1, 0, 1], [1, 1, 0, 1, 1, 1, 1, 0, 0, 1, 0, 0, 0, 1, 0, 1, 1, 0, 0, 0, 1], [1, 0, 1, 0, 0, 1, 1, 1, 0, 1, 0, 0, 1, 0, 1, 0, 0, 0, 0, 0, 0], [1, 0, 0, 0, 0, 0, 0, 0, 1, 1, 1, 1, 0, 1, 1, 0, 0, 0, 0, 1, 1], [0, 0, 1, 0, 0, 1, 1, 0, 1, 1, 0, 1, 1, 1, 0, 0, 0, 0, 0, 1, 0], [0, 0, 0, 0, 0, 0, 1, 1, 1, 0, 0, 0, 1, 1, 0, 0, 0, 0, 0, 1, 1], [0, 0, 0, 1, 0, 0, 1, 1, 1, 1, 0, 0, 1, 0, 0, 0, 1, 1, 1, 0, 1], [1, 0, 0, 0, 0, 0, 0, 0, 1, 1, 1, 1, 0, 1, 1, 0, 1, 0, 1, 1, 0]]",16.0,2.0,Y,"{0: 16, 1: 56, 2: 54, 3: 52, 4: 50, 5: 48, 6: 46, 7: 44, 8: 42, 9: 40, 10: 38, 11: 36, 12: 34, 13: 32, 14: 30, 15: 28, 16: 26, 17: 24, 18: 22, 19: 20, 20: 18}",Y,"{0: 16, 1: 56, 2: 54, 3: 52, 4: 50, 5: 48, 6: 46, 7: 44, 8: 42, 9: 40, 10: 38, 11: 36, 12: 34, 13: 32, 14: 30, 15: 28, 16: 26, 17: 24, 18: 22, 19: 20, 20: 18}","{(0, 1): 1, (0, 2): 1, (0, 6): 1, (0, 7): 1, (0, 8): 1, (0, 13): 1, (0, 14): 1, (0, 15): 1, (0, 16): 7, (0, 20): 1, (1, 4): 45, (1, 5): 1, (1, 6): 6, (1, 8): 1, (1, 13): 1, (1, 14): 1, (2, 3): 1, (2, 5): 8, (2, 8): 1, (2, 9): 1, (2, 12): 25, (2, 15): 1, (2, 17): 16, (3, 5): 1, (3, 7): 1, (3, 8): 17, (3, 13): 1, (3, 14): 20, (3, 19): 11, (4, 6): 1, (4, 8): 1, (4, 11): 1, (4, 12): 1, (4, 14): 1, (5, 8): 10, (5, 9): 1, (5, 11): 1, (5, 12): 2, (5, 13): 21, (5, 14): 1, (5, 15): 1, (5, 17): 1, (6, 7): 1, (6, 9): 29, (6, 10): 3, (6, 14): 1, (6, 15): 1, (6, 17): 1, (6, 18): 1, (6, 19): 1, (7, 8): 2, (7, 13): 1, (7, 15): 21, (7, 18): 16, (7, 19): 1, (8, 9): 1, (8, 10): 1, (8, 12): 1, (8, 13): 1, (8, 16): 1, (8, 17): 1, (8, 18): 1, (8, 19): 1, (8, 20): 1, (9, 10): 1, (9, 11): 1, (9, 14): 1, (9, 15): 1, (9, 16): 1, (9, 17): 1, (9, 19): 1, (9, 20): 1, (10, 11): 20, (10, 12): 1, (10, 13): 1, (10, 16): 2, (10, 20): 9, (11, 16): 11, (11, 17): 1, (11, 20): 1, (12, 15): 1, (12, 17): 1, (12, 18): 1, (12, 19): 1, (13, 14): 1, (13, 16): 1, (13, 17): 1, (13, 18): 1, (13, 20): 1, (14, 15): 1, (14, 16): 1, (14, 20): 1, (16, 19): 1, (16, 20): 1, (17, 19): 1, (18, 19): 1, (18, 20): 1, (19, 20): 1}",880.9566497802734,98.0,21.0,196.0
19.0,Graph with 21 nodes and 98 edges,"[[0, 1, 1, 0, 0, 0, 1, 1, 1, 0, 0, 0, 0, 1, 1, 1, 1, 0, 0, 0, 1], [1, 0, 0, 0, 1, 1, 1, 0, 1, 0, 0, 0, 0, 1, 1, 0, 0, 0, 0, 0, 0], [1, 0, 0, 1, 0, 1, 0, 0, 1, 1, 0, 0, 1, 0, 0, 1, 0, 1, 0, 0, 0], [0, 0, 1, 0, 0, 1, 0, 1, 1, 0, 0, 0, 0, 1, 1, 0, 0, 0, 0, 1, 0], [0, 1, 0, 0, 0, 0, 1, 0, 1, 0, 0, 1, 1, 0, 1, 0, 0, 0, 0, 0, 0], [0, 1, 1, 1, 0, 0, 0, 0, 1, 1, 0, 1, 1, 1, 1, 1, 0, 1, 0, 0, 0], [1, 1, 0, 0, 1, 0, 0, 1, 0, 1, 1, 0, 0, 0, 1, 1, 0, 1, 1, 1, 0], [1, 0, 0, 1, 0, 0, 1, 0, 1, 0, 0, 0, 0, 1, 0, 1, 0, 0, 1, 1, 0], [1, 1, 1, 1, 1, 1, 0, 1, 0, 1, 1, 0, 1, 1, 0, 0, 1, 1, 1, 1, 1], [0, 0, 1, 0, 0, 1, 1, 0, 1, 0, 1, 1, 0, 0, 1, 1, 1, 1, 0, 1, 1], [0, 0, 0, 0, 0, 0, 1, 0, 1, 1, 0, 1, 1, 1, 0, 0, 1, 0, 0, 0, 1], [0, 0, 0, 0, 1, 1, 0, 0, 0, 1, 1, 0, 0, 0, 0, 0, 1, 1, 0, 0, 1], [0, 0, 1, 0, 1, 1, 0, 0, 1, 0, 1, 0, 0, 0, 0, 1, 0, 1, 1, 1, 0], [1, 1, 0, 1, 0, 1, 0, 1, 1, 0, 1, 0, 0, 0, 1, 0, 1, 1, 1, 0, 1], [1, 1, 0, 1, 1, 1, 1, 0, 0, 1, 0, 0, 0, 1, 0, 1, 1, 0, 0, 0, 1], [1, 0, 1, 0, 0, 1, 1, 1, 0, 1, 0, 0, 1, 0, 1, 0, 0, 0, 0, 0, 0], [1, 0, 0, 0, 0, 0, 0, 0, 1, 1, 1, 1, 0, 1, 1, 0, 0, 0, 0, 1, 1], [0, 0, 1, 0, 0, 1, 1, 0, 1, 1, 0, 1, 1, 1, 0, 0, 0, 0, 0, 1, 0], [0, 0, 0, 0, 0, 0, 1, 1, 1, 0, 0, 0, 1, 1, 0, 0, 0, 0, 0, 1, 1], [0, 0, 0, 1, 0, 0, 1, 1, 1, 1, 0, 0, 1, 0, 0, 0, 1, 1, 1, 0, 1], [1, 0, 0, 0, 0, 0, 0, 0, 1, 1, 1, 1, 0, 1, 1, 0, 1, 0, 1, 1, 0]]",18.0,1.0,Y,"{0: 33, 1: 24, 2: 34, 3: 36, 4: 25, 5: 29, 6: 32, 7: 22, 8: 30, 9: 31, 10: 35, 11: 28, 12: 23, 13: 18, 14: 27, 15: 21, 16: 38, 17: 20, 18: 26, 19: 19, 20: 37}",Y,"{0: 33, 1: 24, 2: 34, 3: 36, 4: 25, 5: 29, 6: 32, 7: 22, 8: 30, 9: 31, 10: 35, 11: 28, 12: 23, 13: 18, 14: 27, 15: 21, 16: 38, 17: 20, 18: 26, 19: 19, 20: 37}","{(0, 1): 1, (0, 2): 1, (0, 6): 3, (0, 7): 1, (0, 8): 1, (0, 13): 1, (0, 14): 1, (0, 15): 3, (0, 16): 1, (0, 20): 20, (1, 4): 14, (1, 5): 1, (1, 6): 1, (1, 8): 1, (1, 13): 1, (1, 14): 5, (2, 3): 23, (2, 5): 1, (2, 8): 5, (2, 9): 1, (2, 12): 1, (2, 15): 1, (2, 17): 1, (3, 5): 1, (3, 7): 8, (3, 8): 1, (3, 13): 1, (3, 14): 1, (3, 19): 1, (4, 6): 1, (4, 8): 3, (4, 11): 1, (4, 12): 5, (4, 14): 1, (5, 8): 1, (5, 9): 5, (5, 11): 1, (5, 12): 9, (5, 13): 3, (5, 14): 1, (5, 15): 5, (5, 17): 1, (6, 7): 1, (6, 9): 1, (6, 10): 16, (6, 14): 1, (6, 15): 1, (6, 17): 1, (6, 18): 5, (6, 19): 1, (7, 8): 1, (7, 13): 1, (7, 15): 8, (7, 18): 1, (7, 19): 1, (8, 9): 1, (8, 10): 1, (8, 12): 3, (8, 13): 1, (8, 16): 1, (8, 17): 1, (8, 18): 7, (8, 19): 1, (8, 20): 1, (9, 10): 5, (9, 11): 1, (9, 14): 1, (9, 15): 1, (9, 16): 1, (9, 17): 12, (9, 19): 1, (9, 20): 1, (10, 11): 5, (10, 12): 1, (10, 13): 5, (10, 16): 1, (10, 20): 1, (11, 16): 14, (11, 17): 1, (11, 20): 5, (12, 15): 1, (12, 17): 1, (12, 18): 1, (12, 19): 1, (13, 14): 1, (13, 16): 1, (13, 17): 1, (13, 18): 1, (13, 20): 1, (14, 15): 1, (14, 16): 13, (14, 20): 1, (16, 19): 1, (16, 20): 5, (17, 19): 1, (18, 19): 10, (18, 20): 1, (19, 20): 1}",44.10743713378906,98.0,21.0,196.0
19.0,Graph with 21 nodes and 98 edges,"[[0, 1, 1, 0, 0, 0, 1, 1, 1, 0, 0, 0, 0, 1, 1, 1, 1, 0, 0, 0, 1], [1, 0, 0, 0, 1, 1, 1, 0, 1, 0, 0, 0, 0, 1, 1, 0, 0, 0, 0, 0, 0], [1, 0, 0, 1, 0, 1, 0, 0, 1, 1, 0, 0, 1, 0, 0, 1, 0, 1, 0, 0, 0], [0, 0, 1, 0, 0, 1, 0, 1, 1, 0, 0, 0, 0, 1, 1, 0, 0, 0, 0, 1, 0], [0, 1, 0, 0, 0, 0, 1, 0, 1, 0, 0, 1, 1, 0, 1, 0, 0, 0, 0, 0, 0], [0, 1, 1, 1, 0, 0, 0, 0, 1, 1, 0, 1, 1, 1, 1, 1, 0, 1, 0, 0, 0], [1, 1, 0, 0, 1, 0, 0, 1, 0, 1, 1, 0, 0, 0, 1, 1, 0, 1, 1, 1, 0], [1, 0, 0, 1, 0, 0, 1, 0, 1, 0, 0, 0, 0, 1, 0, 1, 0, 0, 1, 1, 0], [1, 1, 1, 1, 1, 1, 0, 1, 0, 1, 1, 0, 1, 1, 0, 0, 1, 1, 1, 1, 1], [0, 0, 1, 0, 0, 1, 1, 0, 1, 0, 1, 1, 0, 0, 1, 1, 1, 1, 0, 1, 1], [0, 0, 0, 0, 0, 0, 1, 0, 1, 1, 0, 1, 1, 1, 0, 0, 1, 0, 0, 0, 1], [0, 0, 0, 0, 1, 1, 0, 0, 0, 1, 1, 0, 0, 0, 0, 0, 1, 1, 0, 0, 1], [0, 0, 1, 0, 1, 1, 0, 0, 1, 0, 1, 0, 0, 0, 0, 1, 0, 1, 1, 1, 0], [1, 1, 0, 1, 0, 1, 0, 1, 1, 0, 1, 0, 0, 0, 1, 0, 1, 1, 1, 0, 1], [1, 1, 0, 1, 1, 1, 1, 0, 0, 1, 0, 0, 0, 1, 0, 1, 1, 0, 0, 0, 1], [1, 0, 1, 0, 0, 1, 1, 1, 0, 1, 0, 0, 1, 0, 1, 0, 0, 0, 0, 0, 0], [1, 0, 0, 0, 0, 0, 0, 0, 1, 1, 1, 1, 0, 1, 1, 0, 0, 0, 0, 1, 1], [0, 0, 1, 0, 0, 1, 1, 0, 1, 1, 0, 1, 1, 1, 0, 0, 0, 0, 0, 1, 0], [0, 0, 0, 0, 0, 0, 1, 1, 1, 0, 0, 0, 1, 1, 0, 0, 0, 0, 0, 1, 1], [0, 0, 0, 1, 0, 0, 1, 1, 1, 1, 0, 0, 1, 0, 0, 0, 1, 1, 1, 0, 1], [1, 0, 0, 0, 0, 0, 0, 0, 1, 1, 1, 1, 0, 1, 1, 0, 1, 0, 1, 1, 0]]",20.0,7.0,Y,"{0: 27, 1: 34, 2: 41, 3: 48, 4: 55, 5: 62, 6: 69, 7: 76, 8: 83, 9: 90, 10: 97, 11: 104, 12: 111, 13: 118, 14: 125, 15: 132, 16: 139, 17: 146, 18: 153, 19: 160, 20: 20}",Y,"{0: 27, 1: 34, 2: 41, 3: 48, 4: 55, 5: 62, 6: 69, 7: 76, 8: 83, 9: 90, 10: 97, 11: 104, 12: 111, 13: 118, 14: 125, 15: 132, 16: 139, 17: 146, 18: 153, 19: 160, 20: 20}","{(0, 1): 1, (0, 2): 1, (0, 6): 1, (0, 7): 1, (0, 8): 1, (0, 13): 1, (0, 14): 1, (0, 15): 1, (0, 16): 18, (0, 20): 1, (1, 4): 1, (1, 5): 1, (1, 6): 1, (1, 8): 1, (1, 13): 1, (1, 14): 28, (2, 3): 1, (2, 5): 1, (2, 8): 1, (2, 9): 1, (2, 12): 1, (2, 15): 34, (2, 17): 1, (3, 5): 1, (3, 7): 22, (3, 8): 1, (3, 13): 17, (3, 14): 1, (3, 19): 5, (4, 6): 1, (4, 8): 1, (4, 11): 50, (4, 12): 1, (4, 14): 1, (5, 8): 1, (5, 9): 1, (5, 11): 1, (5, 12): 1, (5, 13): 1, (5, 14): 7, (5, 15): 11, (5, 17): 36, (6, 7): 48, (6, 9): 1, (6, 10): 12, (6, 14): 1, (6, 15): 1, (6, 17): 1, (6, 18): 1, (6, 19): 1, (7, 8): 1, (7, 13): 1, (7, 15): 1, (7, 18): 1, (7, 19): 1, (8, 9): 1, (8, 10): 1, (8, 12): 1, (8, 13): 42, (8, 16): 27, (8, 17): 1, (8, 18): 1, (8, 19): 1, (8, 20): 1, (9, 10): 79, (9, 11): 1, (9, 14): 1, (9, 15): 1, (9, 16): 1, (9, 17): 1, (9, 19): 1, (9, 20): 1, (10, 11): 1, (10, 12): 1, (10, 13): 1, (10, 16): 1, (10, 20): 1, (11, 16): 39, (11, 17): 1, (11, 20): 11, (12, 15): 1, (12, 17): 103, (12, 18): 1, (12, 19): 1, (13, 14): 1, (13, 16): 50, (13, 17): 1, (13, 18): 1, (13, 20): 1, (14, 15): 82, (14, 16): 1, (14, 20): 1, (16, 19): 1, (16, 20): 1, (17, 19): 1, (18, 19): 147, (18, 20): 1, (19, 20): 1}",1084.8045349121094,98.0,21.0,196.0
19.0,Graph with 21 nodes and 98 edges,"[[0, 1, 1, 0, 0, 0, 1, 1, 1, 0, 0, 0, 0, 1, 1, 1, 1, 0, 0, 0, 1], [1, 0, 0, 0, 1, 1, 1, 0, 1, 0, 0, 0, 0, 1, 1, 0, 0, 0, 0, 0, 0], [1, 0, 0, 1, 0, 1, 0, 0, 1, 1, 0, 0, 1, 0, 0, 1, 0, 1, 0, 0, 0], [0, 0, 1, 0, 0, 1, 0, 1, 1, 0, 0, 0, 0, 1, 1, 0, 0, 0, 0, 1, 0], [0, 1, 0, 0, 0, 0, 1, 0, 1, 0, 0, 1, 1, 0, 1, 0, 0, 0, 0, 0, 0], [0, 1, 1, 1, 0, 0, 0, 0, 1, 1, 0, 1, 1, 1, 1, 1, 0, 1, 0, 0, 0], [1, 1, 0, 0, 1, 0, 0, 1, 0, 1, 1, 0, 0, 0, 1, 1, 0, 1, 1, 1, 0], [1, 0, 0, 1, 0, 0, 1, 0, 1, 0, 0, 0, 0, 1, 0, 1, 0, 0, 1, 1, 0], [1, 1, 1, 1, 1, 1, 0, 1, 0, 1, 1, 0, 1, 1, 0, 0, 1, 1, 1, 1, 1], [0, 0, 1, 0, 0, 1, 1, 0, 1, 0, 1, 1, 0, 0, 1, 1, 1, 1, 0, 1, 1], [0, 0, 0, 0, 0, 0, 1, 0, 1, 1, 0, 1, 1, 1, 0, 0, 1, 0, 0, 0, 1], [0, 0, 0, 0, 1, 1, 0, 0, 0, 1, 1, 0, 0, 0, 0, 0, 1, 1, 0, 0, 1], [0, 0, 1, 0, 1, 1, 0, 0, 1, 0, 1, 0, 0, 0, 0, 1, 0, 1, 1, 1, 0], [1, 1, 0, 1, 0, 1, 0, 1, 1, 0, 1, 0, 0, 0, 1, 0, 1, 1, 1, 0, 1], [1, 1, 0, 1, 1, 1, 1, 0, 0, 1, 0, 0, 0, 1, 0, 1, 1, 0, 0, 0, 1], [1, 0, 1, 0, 0, 1, 1, 1, 0, 1, 0, 0, 1, 0, 1, 0, 0, 0, 0, 0, 0], [1, 0, 0, 0, 0, 0, 0, 0, 1, 1, 1, 1, 0, 1, 1, 0, 0, 0, 0, 1, 1], [0, 0, 1, 0, 0, 1, 1, 0, 1, 1, 0, 1, 1, 1, 0, 0, 0, 0, 0, 1, 0], [0, 0, 0, 0, 0, 0, 1, 1, 1, 0, 0, 0, 1, 1, 0, 0, 0, 0, 0, 1, 1], [0, 0, 0, 1, 0, 0, 1, 1, 1, 1, 0, 0, 1, 0, 0, 0, 1, 1, 1, 0, 1], [1, 0, 0, 0, 0, 0, 0, 0, 1, 1, 1, 1, 0, 1, 1, 0, 1, 0, 1, 1, 0]]",28.0,5.0,Y,"{0: 33, 1: 38, 2: 43, 3: 48, 4: 53, 5: 58, 6: 63, 7: 68, 8: 73, 9: 78, 10: 83, 11: 88, 12: 93, 13: 98, 14: 103, 15: 108, 16: 113, 17: 118, 18: 123, 19: 128, 20: 28}",Y,"{0: 33, 1: 38, 2: 43, 3: 48, 4: 53, 5: 58, 6: 63, 7: 68, 8: 73, 9: 78, 10: 83, 11: 88, 12: 93, 13: 98, 14: 103, 15: 108, 16: 113, 17: 118, 18: 123, 19: 128, 20: 28}","{(0, 1): 2, (0, 2): 1, (0, 6): 5, (0, 7): 1, (0, 8): 5, (0, 13): 1, (0, 14): 1, (0, 15): 1, (0, 16): 9, (0, 20): 7, (1, 4): 28, (1, 5): 1, (1, 6): 1, (1, 8): 1, (1, 13): 4, (1, 14): 1, (2, 3): 32, (2, 5): 1, (2, 8): 1, (2, 9): 1, (2, 12): 1, (2, 15): 5, (2, 17): 1, (3, 5): 5, (3, 7): 7, (3, 8): 1, (3, 13): 1, (3, 14): 1, (3, 19): 1, (4, 6): 1, (4, 8): 1, (4, 11): 1, (4, 12): 1, (4, 14): 21, (5, 8): 1, (5, 9): 1, (5, 11): 1, (5, 12): 1, (5, 13): 33, (5, 14): 5, (5, 15): 8, (5, 17): 1, (6, 7): 3, (6, 9): 1, (6, 10): 1, (6, 14): 1, (6, 15): 27, (6, 17): 5, (6, 18): 17, (6, 19): 1, (7, 8): 1, (7, 13): 1, (7, 15): 49, (7, 18): 1, (7, 19): 5, (8, 9): 1, (8, 10): 1, (8, 12): 1, (8, 13): 1, (8, 16): 1, (8, 17): 1, (8, 18): 1, (8, 19): 54, (8, 20): 1, (9, 10): 6, (9, 11): 1, (9, 14): 1, (9, 15): 12, (9, 16): 28, (9, 17): 24, (9, 19): 1, (9, 20): 1, (10, 11): 63, (10, 12): 1, (10, 13): 9, (10, 16): 1, (10, 20): 1, (11, 16): 14, (11, 17): 7, (11, 20): 1, (12, 15): 1, (12, 17): 77, (12, 18): 5, (12, 19): 5, (13, 14): 1, (13, 16): 5, (13, 17): 1, (13, 18): 40, (13, 20): 1, (14, 15): 5, (14, 16): 53, (14, 20): 13, (16, 19): 1, (16, 20): 1, (17, 19): 1, (18, 19): 58, (18, 20): 1, (19, 20): 1}",63.89617919921875,98.0,21.0,196.0
20.0,Graph with 21 nodes and 101 edges,"[[0, 0, 1, 1, 1, 0, 1, 1, 1, 0, 0, 0, 1, 1, 0, 0, 0, 0, 1, 0, 0], [0, 0, 1, 0, 1, 0, 1, 1, 0, 0, 0, 0, 0, 1, 1, 1, 1, 1, 1, 0, 0], [1, 1, 0, 0, 1, 0, 1, 1, 1, 1, 0, 1, 1, 0, 1, 0, 1, 0, 0, 1, 0], [1, 0, 0, 0, 1, 1, 1, 0, 0, 1, 1, 0, 0, 1, 0, 1, 1, 0, 1, 1, 0], [1, 1, 1, 1, 0, 1, 1, 1, 0, 1, 0, 1, 1, 0, 1, 0, 0, 1, 1, 0, 1], [0, 0, 0, 1, 1, 0, 1, 0, 0, 1, 0, 0, 1, 0, 0, 0, 1, 1, 0, 1, 1], [1, 1, 1, 1, 1, 1, 0, 1, 1, 1, 1, 0, 0, 1, 1, 0, 0, 0, 1, 1, 0], [1, 1, 1, 0, 1, 0, 1, 0, 0, 0, 1, 1, 1, 1, 1, 0, 0, 0, 0, 1, 0], [1, 0, 1, 0, 0, 0, 1, 0, 0, 1, 0, 0, 0, 0, 0, 0, 1, 0, 1, 0, 0], [0, 0, 1, 1, 1, 1, 1, 0, 1, 0, 0, 0, 1, 0, 0, 1, 0, 1, 1, 0, 0], [0, 0, 0, 1, 0, 0, 1, 1, 0, 0, 0, 1, 1, 1, 0, 0, 0, 0, 1, 0, 0], [0, 0, 1, 0, 1, 0, 0, 1, 0, 0, 1, 0, 1, 1, 0, 1, 1, 0, 0, 1, 0], [1, 0, 1, 0, 1, 1, 0, 1, 0, 1, 1, 1, 0, 1, 0, 0, 1, 1, 0, 0, 1], [1, 1, 0, 1, 0, 0, 1, 1, 0, 0, 1, 1, 1, 0, 0, 0, 1, 0, 0, 1, 1], [0, 1, 1, 0, 1, 0, 1, 1, 0, 0, 0, 0, 0, 0, 0, 1, 0, 1, 1, 0, 1], [0, 1, 0, 1, 0, 0, 0, 0, 0, 1, 0, 1, 0, 0, 1, 0, 1, 0, 1, 0, 0], [0, 1, 1, 1, 0, 1, 0, 0, 1, 0, 0, 1, 1, 1, 0, 1, 0, 0, 0, 0, 0], [0, 1, 0, 0, 1, 1, 0, 0, 0, 1, 0, 0, 1, 0, 1, 0, 0, 0, 0, 1, 0], [1, 1, 0, 1, 1, 0, 1, 0, 1, 1, 1, 0, 0, 0, 1, 1, 0, 0, 0, 0, 0], [0, 0, 1, 1, 0, 1, 1, 1, 0, 0, 0, 1, 0, 1, 0, 0, 0, 1, 0, 0, 1], [0, 0, 0, 0, 1, 1, 0, 0, 0, 0, 0, 0, 1, 1, 1, 0, 0, 0, 0, 1, 0]]",10.0,7.0,Y,"{0: 17, 1: 24, 2: 31, 3: 38, 4: 45, 5: 52, 6: 59, 7: 66, 8: 73, 9: 80, 10: 87, 11: 94, 12: 101, 13: 108, 14: 115, 15: 122, 16: 129, 17: 136, 18: 143, 19: 150, 20: 10}",Y,"{0: 17, 1: 24, 2: 31, 3: 38, 4: 45, 5: 52, 6: 59, 7: 66, 8: 73, 9: 80, 10: 87, 11: 94, 12: 101, 13: 108, 14: 115, 15: 122, 16: 129, 17: 136, 18: 143, 19: 150, 20: 10}","{(0, 2): 1, (0, 3): 1, (0, 4): 9, (0, 6): 1, (0, 7): 1, (0, 8): 1, (0, 12): 1, (0, 13): 1, (0, 18): 1, (1, 2): 1, (1, 4): 1, (1, 6): 1, (1, 7): 1, (1, 13): 15, (1, 14): 1, (1, 15): 1, (1, 16): 1, (1, 17): 1, (1, 18): 1, (2, 4): 6, (2, 6): 15, (2, 7): 1, (2, 8): 1, (2, 9): 1, (2, 11): 1, (2, 12): 1, (2, 14): 1, (2, 16): 1, (2, 19): 1, (3, 4): 1, (3, 5): 1, (3, 6): 1, (3, 9): 1, (3, 10): 1, (3, 13): 28, (3, 15): 1, (3, 16): 1, (3, 18): 1, (3, 19): 1, (4, 5): 1, (4, 6): 1, (4, 7): 1, (4, 9): 1, (4, 11): 19, (4, 12): 1, (4, 14): 1, (4, 17): 1, (4, 18): 1, (4, 20): 1, (5, 6): 1, (5, 9): 1, (5, 12): 1, (5, 16): 20, (5, 17): 1, (5, 19): 25, (5, 20): 1, (6, 7): 6, (6, 8): 1, (6, 9): 1, (6, 10): 1, (6, 13): 1, (6, 14): 19, (6, 18): 9, (6, 19): 1, (7, 10): 1, (7, 11): 1, (7, 12): 1, (7, 13): 11, (7, 14): 23, (7, 19): 19, (8, 9): 1, (8, 16): 1, (8, 18): 68, (9, 12): 1, (9, 15): 1, (9, 17): 13, (9, 18): 59, (10, 11): 47, (10, 12): 35, (10, 13): 1, (10, 18): 1, (11, 12): 1, (11, 13): 11, (11, 15): 1, (11, 16): 6, (11, 19): 7, (12, 13): 13, (12, 16): 20, (12, 17): 25, (12, 20): 1, (13, 16): 25, (13, 19): 1, (13, 20): 1, (14, 15): 63, (14, 17): 1, (14, 18): 1, (14, 20): 5, (15, 16): 54, (15, 18): 1, (17, 19): 94, (19, 20): 1}",41.00799560546875,101.0,21.0,202.0
20.0,Graph with 21 nodes and 101 edges,"[[0, 0, 1, 1, 1, 0, 1, 1, 1, 0, 0, 0, 1, 1, 0, 0, 0, 0, 1, 0, 0], [0, 0, 1, 0, 1, 0, 1, 1, 0, 0, 0, 0, 0, 1, 1, 1, 1, 1, 1, 0, 0], [1, 1, 0, 0, 1, 0, 1, 1, 1, 1, 0, 1, 1, 0, 1, 0, 1, 0, 0, 1, 0], [1, 0, 0, 0, 1, 1, 1, 0, 0, 1, 1, 0, 0, 1, 0, 1, 1, 0, 1, 1, 0], [1, 1, 1, 1, 0, 1, 1, 1, 0, 1, 0, 1, 1, 0, 1, 0, 0, 1, 1, 0, 1], [0, 0, 0, 1, 1, 0, 1, 0, 0, 1, 0, 0, 1, 0, 0, 0, 1, 1, 0, 1, 1], [1, 1, 1, 1, 1, 1, 0, 1, 1, 1, 1, 0, 0, 1, 1, 0, 0, 0, 1, 1, 0], [1, 1, 1, 0, 1, 0, 1, 0, 0, 0, 1, 1, 1, 1, 1, 0, 0, 0, 0, 1, 0], [1, 0, 1, 0, 0, 0, 1, 0, 0, 1, 0, 0, 0, 0, 0, 0, 1, 0, 1, 0, 0], [0, 0, 1, 1, 1, 1, 1, 0, 1, 0, 0, 0, 1, 0, 0, 1, 0, 1, 1, 0, 0], [0, 0, 0, 1, 0, 0, 1, 1, 0, 0, 0, 1, 1, 1, 0, 0, 0, 0, 1, 0, 0], [0, 0, 1, 0, 1, 0, 0, 1, 0, 0, 1, 0, 1, 1, 0, 1, 1, 0, 0, 1, 0], [1, 0, 1, 0, 1, 1, 0, 1, 0, 1, 1, 1, 0, 1, 0, 0, 1, 1, 0, 0, 1], [1, 1, 0, 1, 0, 0, 1, 1, 0, 0, 1, 1, 1, 0, 0, 0, 1, 0, 0, 1, 1], [0, 1, 1, 0, 1, 0, 1, 1, 0, 0, 0, 0, 0, 0, 0, 1, 0, 1, 1, 0, 1], [0, 1, 0, 1, 0, 0, 0, 0, 0, 1, 0, 1, 0, 0, 1, 0, 1, 0, 1, 0, 0], [0, 1, 1, 1, 0, 1, 0, 0, 1, 0, 0, 1, 1, 1, 0, 1, 0, 0, 0, 0, 0], [0, 1, 0, 0, 1, 1, 0, 0, 0, 1, 0, 0, 1, 0, 1, 0, 0, 0, 0, 1, 0], [1, 1, 0, 1, 1, 0, 1, 0, 1, 1, 1, 0, 0, 0, 1, 1, 0, 0, 0, 0, 0], [0, 0, 1, 1, 0, 1, 1, 1, 0, 0, 0, 1, 0, 1, 0, 0, 0, 1, 0, 0, 1], [0, 0, 0, 0, 1, 1, 0, 0, 0, 0, 0, 0, 1, 1, 1, 0, 0, 0, 0, 1, 0]]",20.0,2.0,Y,"{0: 20, 1: 60, 2: 58, 3: 56, 4: 54, 5: 52, 6: 50, 7: 48, 8: 46, 9: 44, 10: 42, 11: 40, 12: 38, 13: 36, 14: 34, 15: 32, 16: 30, 17: 28, 18: 26, 19: 24, 20: 22}",Y,"{0: 20, 1: 60, 2: 58, 3: 56, 4: 54, 5: 52, 6: 50, 7: 48, 8: 46, 9: 44, 10: 42, 11: 40, 12: 38, 13: 36, 14: 34, 15: 32, 16: 30, 17: 28, 18: 26, 19: 24, 20: 22}","{(0, 2): 1, (0, 3): 7, (0, 4): 1, (0, 6): 1, (0, 7): 3, (0, 8): 1, (0, 12): 1, (0, 13): 3, (0, 18): 2, (1, 2): 10, (1, 4): 3, (1, 6): 3, (1, 7): 1, (1, 13): 8, (1, 14): 11, (1, 15): 11, (1, 16): 4, (1, 17): 8, (1, 18): 1, (2, 4): 3, (2, 6): 18, (2, 7): 7, (2, 8): 9, (2, 9): 1, (2, 11): 1, (2, 12): 3, (2, 14): 1, (2, 16): 3, (2, 19): 1, (3, 4): 25, (3, 5): 3, (3, 6): 1, (3, 9): 1, (3, 10): 1, (3, 13): 1, (3, 15): 6, (3, 16): 1, (3, 18): 1, (3, 19): 9, (4, 5): 11, (4, 6): 1, (4, 7): 1, (4, 9): 1, (4, 11): 1, (4, 12): 1, (4, 14): 1, (4, 17): 1, (4, 18): 2, (4, 20): 2, (5, 6): 1, (5, 9): 1, (5, 12): 2, (5, 16): 17, (5, 17): 2, (5, 19): 1, (5, 20): 14, (6, 7): 3, (6, 8): 1, (6, 9): 1, (6, 10): 8, (6, 13): 3, (6, 14): 7, (6, 18): 1, (6, 19): 1, (7, 10): 1, (7, 11): 7, (7, 12): 9, (7, 13): 7, (7, 14): 8, (7, 19): 1, (8, 9): 27, (8, 16): 1, (8, 18): 7, (9, 12): 2, (9, 15): 1, (9, 17): 8, (9, 18): 1, (10, 11): 12, (10, 12): 9, (10, 13): 5, (10, 18): 6, (11, 12): 5, (11, 13): 1, (11, 15): 10, (11, 16): 1, (11, 19): 2, (12, 13): 1, (12, 16): 1, (12, 17): 3, (12, 20): 1, (13, 16): 1, (13, 19): 3, (13, 20): 3, (14, 15): 1, (14, 17): 1, (14, 18): 3, (14, 20): 1, (15, 16): 1, (15, 18): 2, (17, 19): 5, (19, 20): 1}",113.96408081054688,101.0,21.0,202.0
21.0,Graph with 21 nodes and 114 edges,"[[0, 1, 0, 1, 0, 0, 1, 1, 1, 1, 1, 1, 0, 0, 0, 1, 0, 0, 0, 0, 0], [1, 0, 1, 0, 1, 0, 1, 0, 1, 1, 1, 1, 1, 1, 0, 0, 0, 0, 0, 0, 1], [0, 1, 0, 0, 1, 0, 0, 0, 1, 1, 1, 0, 1, 0, 1, 1, 0, 0, 1, 1, 0], [1, 0, 0, 0, 1, 1, 1, 1, 1, 1, 1, 1, 0, 1, 0, 0, 1, 1, 1, 0, 1], [0, 1, 1, 1, 0, 0, 1, 0, 1, 1, 0, 0, 1, 1, 0, 0, 0, 0, 0, 0, 1], [0, 0, 0, 1, 0, 0, 1, 1, 1, 0, 1, 1, 1, 0, 0, 0, 0, 1, 0, 0, 0], [1, 1, 0, 1, 1, 1, 0, 1, 0, 0, 1, 0, 0, 0, 0, 1, 1, 1, 1, 1, 1], [1, 0, 0, 1, 0, 1, 1, 0, 0, 0, 1, 1, 1, 1, 1, 1, 0, 1, 1, 1, 1], [1, 1, 1, 1, 1, 1, 0, 0, 0, 0, 0, 1, 0, 1, 1, 1, 1, 1, 0, 0, 0], [1, 1, 1, 1, 1, 0, 0, 0, 0, 0, 0, 1, 0, 0, 1, 1, 0, 0, 0, 0, 0], [1, 1, 1, 1, 0, 1, 1, 1, 0, 0, 0, 1, 1, 0, 1, 1, 1, 1, 1, 0, 0], [1, 1, 0, 1, 0, 1, 0, 1, 1, 1, 1, 0, 0, 1, 0, 1, 1, 1, 1, 1, 0], [0, 1, 1, 0, 1, 1, 0, 1, 0, 0, 1, 0, 0, 0, 1, 1, 0, 1, 1, 0, 0], [0, 1, 0, 1, 1, 0, 0, 1, 1, 0, 0, 1, 0, 0, 1, 1, 0, 1, 1, 1, 1], [0, 0, 1, 0, 0, 0, 0, 1, 1, 1, 1, 0, 1, 1, 0, 1, 1, 1, 0, 0, 0], [1, 0, 1, 0, 0, 0, 1, 1, 1, 1, 1, 1, 1, 1, 1, 0, 1, 1, 0, 1, 1], [0, 0, 0, 1, 0, 0, 1, 0, 1, 0, 1, 1, 0, 0, 1, 1, 0, 0, 1, 1, 0], [0, 0, 0, 1, 0, 1, 1, 1, 1, 0, 1, 1, 1, 1, 1, 1, 0, 0, 0, 0, 0], [0, 0, 1, 1, 0, 0, 1, 1, 0, 0, 1, 1, 1, 1, 0, 0, 1, 0, 0, 1, 0], [0, 0, 1, 0, 0, 0, 1, 1, 0, 0, 0, 1, 0, 1, 0, 1, 1, 0, 1, 0, 0], [0, 1, 0, 1, 1, 0, 1, 1, 0, 0, 0, 0, 0, 1, 0, 1, 0, 0, 0, 0, 0]]",8.0,4.0,Y,"{0: 16, 1: 20, 2: 24, 3: 28, 4: 32, 5: 12, 6: 36, 7: 40, 8: 44, 9: 48, 10: 52, 11: 56, 12: 60, 13: 64, 14: 68, 15: 72, 16: 76, 17: 80, 18: 84, 19: 88, 20: 8}",Y,"{0: 16, 1: 20, 2: 24, 3: 28, 4: 32, 5: 12, 6: 36, 7: 40, 8: 44, 9: 48, 10: 52, 11: 56, 12: 60, 13: 64, 14: 68, 15: 72, 16: 76, 17: 80, 18: 84, 19: 88, 20: 8}","{(0, 1): 1, (0, 3): 1, (0, 6): 1, (0, 7): 1, (0, 8): 1, (0, 9): 7, (0, 10): 2, (0, 11): 1, (0, 15): 1, (1, 2): 1, (1, 4): 7, (1, 6): 1, (1, 8): 1, (1, 9): 1, (1, 10): 1, (1, 11): 4, (1, 12): 1, (1, 13): 1, (1, 20): 1, (2, 4): 15, (2, 8): 1, (2, 9): 1, (2, 10): 1, (2, 12): 1, (2, 14): 1, (2, 15): 1, (2, 18): 1, (2, 19): 1, (3, 4): 1, (3, 5): 1, (3, 6): 1, (3, 7): 1, (3, 8): 1, (3, 9): 15, (3, 10): 1, (3, 11): 1, (3, 13): 1, (3, 16): 1, (3, 17): 1, (3, 18): 1, (3, 20): 1, (4, 6): 1, (4, 8): 1, (4, 9): 4, (4, 12): 1, (4, 13): 1, (4, 20): 1, (5, 6): 1, (5, 7): 1, (5, 8): 1, (5, 10): 1, (5, 11): 1, (5, 12): 1, (5, 17): 5, (6, 7): 17, (6, 10): 3, (6, 15): 1, (6, 16): 3, (6, 17): 1, (6, 18): 1, (6, 19): 3, (6, 20): 2, (7, 10): 5, (7, 11): 1, (7, 12): 2, (7, 13): 1, (7, 14): 1, (7, 15): 1, (7, 17): 6, (7, 18): 1, (7, 19): 1, (7, 20): 1, (8, 11): 1, (8, 13): 1, (8, 14): 1, (8, 15): 1, (8, 16): 8, (8, 17): 26, (9, 11): 1, (9, 14): 2, (9, 15): 17, (10, 11): 1, (10, 12): 16, (10, 14): 16, (10, 15): 1, (10, 16): 1, (10, 17): 1, (10, 18): 2, (11, 13): 1, (11, 15): 1, (11, 16): 40, (11, 17): 1, (11, 18): 1, (11, 19): 1, (12, 14): 1, (12, 15): 1, (12, 17): 21, (12, 18): 15, (13, 14): 1, (13, 15): 1, (13, 17): 16, (13, 18): 1, (13, 19): 38, (13, 20): 1, (14, 15): 42, (14, 16): 2, (14, 17): 1, (15, 16): 1, (15, 17): 1, (15, 19): 1, (15, 20): 1, (16, 18): 19, (16, 19): 1, (18, 19): 42}",58.88938903808594,114.0,21.0,228.0
21.0,Graph with 21 nodes and 114 edges,"[[0, 1, 0, 1, 0, 0, 1, 1, 1, 1, 1, 1, 0, 0, 0, 1, 0, 0, 0, 0, 0], [1, 0, 1, 0, 1, 0, 1, 0, 1, 1, 1, 1, 1, 1, 0, 0, 0, 0, 0, 0, 1], [0, 1, 0, 0, 1, 0, 0, 0, 1, 1, 1, 0, 1, 0, 1, 1, 0, 0, 1, 1, 0], [1, 0, 0, 0, 1, 1, 1, 1, 1, 1, 1, 1, 0, 1, 0, 0, 1, 1, 1, 0, 1], [0, 1, 1, 1, 0, 0, 1, 0, 1, 1, 0, 0, 1, 1, 0, 0, 0, 0, 0, 0, 1], [0, 0, 0, 1, 0, 0, 1, 1, 1, 0, 1, 1, 1, 0, 0, 0, 0, 1, 0, 0, 0], [1, 1, 0, 1, 1, 1, 0, 1, 0, 0, 1, 0, 0, 0, 0, 1, 1, 1, 1, 1, 1], [1, 0, 0, 1, 0, 1, 1, 0, 0, 0, 1, 1, 1, 1, 1, 1, 0, 1, 1, 1, 1], [1, 1, 1, 1, 1, 1, 0, 0, 0, 0, 0, 1, 0, 1, 1, 1, 1, 1, 0, 0, 0], [1, 1, 1, 1, 1, 0, 0, 0, 0, 0, 0, 1, 0, 0, 1, 1, 0, 0, 0, 0, 0], [1, 1, 1, 1, 0, 1, 1, 1, 0, 0, 0, 1, 1, 0, 1, 1, 1, 1, 1, 0, 0], [1, 1, 0, 1, 0, 1, 0, 1, 1, 1, 1, 0, 0, 1, 0, 1, 1, 1, 1, 1, 0], [0, 1, 1, 0, 1, 1, 0, 1, 0, 0, 1, 0, 0, 0, 1, 1, 0, 1, 1, 0, 0], [0, 1, 0, 1, 1, 0, 0, 1, 1, 0, 0, 1, 0, 0, 1, 1, 0, 1, 1, 1, 1], [0, 0, 1, 0, 0, 0, 0, 1, 1, 1, 1, 0, 1, 1, 0, 1, 1, 1, 0, 0, 0], [1, 0, 1, 0, 0, 0, 1, 1, 1, 1, 1, 1, 1, 1, 1, 0, 1, 1, 0, 1, 1], [0, 0, 0, 1, 0, 0, 1, 0, 1, 0, 1, 1, 0, 0, 1, 1, 0, 0, 1, 1, 0], [0, 0, 0, 1, 0, 1, 1, 1, 1, 0, 1, 1, 1, 1, 1, 1, 0, 0, 0, 0, 0], [0, 0, 1, 1, 0, 0, 1, 1, 0, 0, 1, 1, 1, 1, 0, 0, 1, 0, 0, 1, 0], [0, 0, 1, 0, 0, 0, 1, 1, 0, 0, 0, 1, 0, 1, 0, 1, 1, 0, 1, 0, 0], [0, 1, 0, 1, 1, 0, 1, 1, 0, 0, 0, 0, 0, 1, 0, 1, 0, 0, 0, 0, 0]]",14.0,5.0,Y,"{0: 19, 1: 24, 2: 29, 3: 34, 4: 39, 5: 44, 6: 49, 7: 54, 8: 59, 9: 64, 10: 69, 11: 74, 12: 79, 13: 84, 14: 89, 15: 94, 16: 99, 17: 104, 18: 109, 19: 114, 20: 14}",Y,"{0: 19, 1: 24, 2: 29, 3: 34, 4: 39, 5: 44, 6: 49, 7: 54, 8: 59, 9: 64, 10: 69, 11: 74, 12: 79, 13: 84, 14: 89, 15: 94, 16: 99, 17: 104, 18: 109, 19: 114, 20: 14}","{(0, 1): 1, (0, 3): 11, (0, 6): 1, (0, 7): 1, (0, 8): 1, (0, 9): 1, (0, 10): 1, (0, 11): 1, (0, 15): 1, (1, 2): 1, (1, 4): 1, (1, 6): 1, (1, 8): 1, (1, 9): 14, (1, 10): 1, (1, 11): 1, (1, 12): 1, (1, 13): 1, (1, 20): 1, (2, 4): 20, (2, 8): 1, (2, 9): 1, (2, 10): 1, (2, 12): 1, (2, 14): 1, (2, 15): 1, (2, 18): 1, (2, 19): 1, (3, 4): 1, (3, 5): 1, (3, 6): 1, (3, 7): 1, (3, 8): 1, (3, 9): 1, (3, 10): 1, (3, 11): 1, (3, 13): 1, (3, 16): 1, (3, 17): 1, (3, 18): 11, (3, 20): 1, (4, 6): 1, (4, 8): 12, (4, 9): 1, (4, 12): 1, (4, 13): 1, (4, 20): 1, (5, 6): 1, (5, 7): 1, (5, 8): 1, (5, 10): 21, (5, 11): 17, (5, 12): 1, (5, 17): 1, (6, 7): 1, (6, 10): 1, (6, 15): 1, (6, 16): 5, (6, 17): 21, (6, 18): 6, (6, 19): 1, (6, 20): 8, (7, 10): 1, (7, 11): 1, (7, 12): 21, (7, 13): 1, (7, 14): 1, (7, 15): 1, (7, 17): 21, (7, 18): 1, (7, 19): 1, (7, 20): 1, (8, 11): 1, (8, 13): 1, (8, 14): 6, (8, 15): 1, (8, 16): 3, (8, 17): 30, (9, 11): 1, (9, 14): 44, (9, 15): 1, (10, 11): 1, (10, 12): 36, (10, 14): 1, (10, 15): 1, (10, 16): 1, (10, 17): 1, (10, 18): 1, (11, 13): 1, (11, 15): 1, (11, 16): 1, (11, 17): 5, (11, 18): 11, (11, 19): 31, (12, 14): 1, (12, 15): 1, (12, 17): 1, (12, 18): 15, (13, 14): 32, (13, 15): 1, (13, 17): 21, (13, 18): 1, (13, 19): 22, (13, 20): 1, (14, 15): 1, (14, 16): 1, (14, 17): 1, (15, 16): 70, (15, 17): 1, (15, 19): 11, (15, 20): 1, (16, 18): 16, (16, 19): 1, (18, 19): 46}",47.92213439941406,114.0,21.0,228.0
21.0,Graph with 21 nodes and 114 edges,"[[0, 1, 0, 1, 0, 0, 1, 1, 1, 1, 1, 1, 0, 0, 0, 1, 0, 0, 0, 0, 0], [1, 0, 1, 0, 1, 0, 1, 0, 1, 1, 1, 1, 1, 1, 0, 0, 0, 0, 0, 0, 1], [0, 1, 0, 0, 1, 0, 0, 0, 1, 1, 1, 0, 1, 0, 1, 1, 0, 0, 1, 1, 0], [1, 0, 0, 0, 1, 1, 1, 1, 1, 1, 1, 1, 0, 1, 0, 0, 1, 1, 1, 0, 1], [0, 1, 1, 1, 0, 0, 1, 0, 1, 1, 0, 0, 1, 1, 0, 0, 0, 0, 0, 0, 1], [0, 0, 0, 1, 0, 0, 1, 1, 1, 0, 1, 1, 1, 0, 0, 0, 0, 1, 0, 0, 0], [1, 1, 0, 1, 1, 1, 0, 1, 0, 0, 1, 0, 0, 0, 0, 1, 1, 1, 1, 1, 1], [1, 0, 0, 1, 0, 1, 1, 0, 0, 0, 1, 1, 1, 1, 1, 1, 0, 1, 1, 1, 1], [1, 1, 1, 1, 1, 1, 0, 0, 0, 0, 0, 1, 0, 1, 1, 1, 1, 1, 0, 0, 0], [1, 1, 1, 1, 1, 0, 0, 0, 0, 0, 0, 1, 0, 0, 1, 1, 0, 0, 0, 0, 0], [1, 1, 1, 1, 0, 1, 1, 1, 0, 0, 0, 1, 1, 0, 1, 1, 1, 1, 1, 0, 0], [1, 1, 0, 1, 0, 1, 0, 1, 1, 1, 1, 0, 0, 1, 0, 1, 1, 1, 1, 1, 0], [0, 1, 1, 0, 1, 1, 0, 1, 0, 0, 1, 0, 0, 0, 1, 1, 0, 1, 1, 0, 0], [0, 1, 0, 1, 1, 0, 0, 1, 1, 0, 0, 1, 0, 0, 1, 1, 0, 1, 1, 1, 1], [0, 0, 1, 0, 0, 0, 0, 1, 1, 1, 1, 0, 1, 1, 0, 1, 1, 1, 0, 0, 0], [1, 0, 1, 0, 0, 0, 1, 1, 1, 1, 1, 1, 1, 1, 1, 0, 1, 1, 0, 1, 1], [0, 0, 0, 1, 0, 0, 1, 0, 1, 0, 1, 1, 0, 0, 1, 1, 0, 0, 1, 1, 0], [0, 0, 0, 1, 0, 1, 1, 1, 1, 0, 1, 1, 1, 1, 1, 1, 0, 0, 0, 0, 0], [0, 0, 1, 1, 0, 0, 1, 1, 0, 0, 1, 1, 1, 1, 0, 0, 1, 0, 0, 1, 0], [0, 0, 1, 0, 0, 0, 1, 1, 0, 0, 0, 1, 0, 1, 0, 1, 1, 0, 1, 0, 0], [0, 1, 0, 1, 1, 0, 1, 1, 0, 0, 0, 0, 0, 1, 0, 1, 0, 0, 0, 0, 0]]",24.0,6.0,Y,"{0: 30, 1: 36, 2: 42, 3: 48, 4: 54, 5: 60, 6: 66, 7: 72, 8: 78, 9: 84, 10: 90, 11: 96, 12: 102, 13: 108, 14: 114, 15: 120, 16: 126, 17: 132, 18: 138, 19: 144, 20: 24}",Y,"{0: 30, 1: 36, 2: 42, 3: 48, 4: 54, 5: 60, 6: 66, 7: 72, 8: 78, 9: 84, 10: 90, 11: 96, 12: 102, 13: 108, 14: 114, 15: 120, 16: 126, 17: 132, 18: 138, 19: 144, 20: 24}","{(0, 1): 1, (0, 3): 1, (0, 6): 1, (0, 7): 1, (0, 8): 1, (0, 9): 22, (0, 10): 1, (0, 11): 1, (0, 15): 1, (1, 2): 1, (1, 4): 26, (1, 6): 1, (1, 8): 1, (1, 9): 1, (1, 10): 1, (1, 11): 1, (1, 12): 1, (1, 13): 1, (1, 20): 1, (2, 4): 1, (2, 8): 1, (2, 9): 1, (2, 10): 1, (2, 12): 1, (2, 14): 1, (2, 15): 1, (2, 18): 33, (2, 19): 1, (3, 4): 1, (3, 5): 35, (3, 6): 1, (3, 7): 1, (3, 8): 1, (3, 9): 1, (3, 10): 1, (3, 11): 1, (3, 13): 1, (3, 16): 1, (3, 17): 1, (3, 18): 1, (3, 20): 1, (4, 6): 1, (4, 8): 1, (4, 9): 21, (4, 12): 1, (4, 13): 1, (4, 20): 1, (5, 6): 1, (5, 7): 1, (5, 8): 1, (5, 10): 1, (5, 11): 1, (5, 12): 19, (5, 17): 1, (6, 7): 1, (6, 10): 1, (6, 15): 1, (6, 16): 54, (6, 17): 1, (6, 18): 1, (6, 19): 1, (6, 20): 1, (7, 10): 43, (7, 11): 17, (7, 12): 1, (7, 13): 1, (7, 14): 1, (7, 15): 1, (7, 17): 1, (7, 18): 1, (7, 19): 1, (7, 20): 1, (8, 11): 67, (8, 13): 1, (8, 14): 1, (8, 15): 1, (8, 16): 1, (8, 17): 1, (9, 11): 1, (9, 14): 1, (9, 15): 36, (10, 11): 1, (10, 12): 1, (10, 14): 1, (10, 15): 35, (10, 16): 1, (10, 17): 1, (10, 18): 1, (11, 13): 1, (11, 15): 1, (11, 16): 1, (11, 17): 1, (11, 18): 1, (11, 19): 1, (12, 14): 75, (12, 15): 1, (12, 17): 1, (12, 18): 1, (13, 14): 1, (13, 15): 1, (13, 17): 73, (13, 18): 25, (13, 19): 1, (13, 20): 1, (14, 15): 1, (14, 16): 1, (14, 17): 31, (15, 16): 1, (15, 17): 20, (15, 19): 1, (15, 20): 18, (16, 18): 1, (16, 19): 65, (18, 19): 73}",614.166259765625,114.0,21.0,228.0
22.0,Graph with 21 nodes and 105 edges,"[[0, 1, 0, 1, 1, 1, 1, 1, 0, 0, 1, 1, 0, 1, 0, 0, 1, 0, 1, 1, 0], [1, 0, 1, 0, 0, 1, 0, 0, 0, 0, 1, 0, 0, 1, 0, 0, 0, 0, 1, 1, 0], [0, 1, 0, 0, 1, 1, 1, 1, 0, 1, 0, 0, 0, 0, 1, 0, 0, 0, 0, 0, 0], [1, 0, 0, 0, 1, 0, 1, 0, 0, 1, 0, 0, 0, 1, 1, 0, 1, 1, 1, 1, 1], [1, 0, 1, 1, 0, 0, 1, 0, 1, 1, 1, 0, 1, 0, 0, 0, 1, 1, 1, 0, 0], [1, 1, 1, 0, 0, 0, 0, 0, 1, 1, 0, 0, 0, 0, 1, 1, 0, 0, 0, 0, 0], [1, 0, 1, 1, 1, 0, 0, 1, 1, 0, 0, 1, 1, 0, 0, 1, 1, 1, 1, 1, 0], [1, 0, 1, 0, 0, 0, 1, 0, 0, 0, 1, 1, 0, 0, 0, 1, 1, 1, 0, 0, 1], [0, 0, 0, 0, 1, 1, 1, 0, 0, 1, 1, 0, 0, 0, 0, 0, 1, 1, 1, 0, 1], [0, 0, 1, 1, 1, 1, 0, 0, 1, 0, 0, 0, 0, 1, 1, 1, 1, 1, 1, 0, 0], [1, 1, 0, 0, 1, 0, 0, 1, 1, 0, 0, 0, 0, 1, 1, 1, 1, 1, 0, 0, 1], [1, 0, 0, 0, 0, 0, 1, 1, 0, 0, 0, 0, 1, 1, 1, 0, 1, 1, 0, 1, 1], [0, 0, 0, 0, 1, 0, 1, 0, 0, 0, 0, 1, 0, 0, 1, 1, 0, 1, 0, 0, 0], [1, 1, 0, 1, 0, 0, 0, 0, 0, 1, 1, 1, 0, 0, 1, 0, 1, 0, 1, 0, 1], [0, 0, 1, 1, 0, 1, 0, 0, 0, 1, 1, 1, 1, 1, 0, 0, 0, 1, 1, 1, 1], [0, 0, 0, 0, 0, 1, 1, 1, 0, 1, 1, 0, 1, 0, 0, 0, 1, 0, 0, 0, 0], [1, 0, 0, 1, 1, 0, 1, 1, 1, 1, 1, 1, 0, 1, 0, 1, 0, 0, 1, 0, 0], [0, 0, 0, 1, 1, 0, 1, 1, 1, 1, 1, 1, 1, 0, 1, 0, 0, 0, 1, 1, 1], [1, 1, 0, 1, 1, 0, 1, 0, 1, 1, 0, 0, 0, 1, 1, 0, 1, 1, 0, 1, 1], [1, 1, 0, 1, 0, 0, 1, 0, 0, 0, 0, 1, 0, 0, 1, 0, 0, 1, 1, 0, 1], [0, 0, 0, 1, 0, 0, 0, 1, 1, 0, 1, 1, 0, 1, 1, 0, 0, 1, 1, 1, 0]]",6.0,2.0,Y,"{0: 38, 1: 12, 2: 10, 3: 28, 4: 34, 5: 8, 6: 46, 7: 20, 8: 24, 9: 32, 10: 30, 11: 16, 12: 6, 13: 26, 14: 36, 15: 14, 16: 40, 17: 42, 18: 44, 19: 18, 20: 22}",Y,"{0: 38, 1: 12, 2: 10, 3: 28, 4: 34, 5: 8, 6: 46, 7: 20, 8: 24, 9: 32, 10: 30, 11: 16, 12: 6, 13: 26, 14: 36, 15: 14, 16: 40, 17: 42, 18: 44, 19: 18, 20: 22}","{(0, 1): 1, (0, 3): 3, (0, 4): 3, (0, 5): 1, (0, 6): 8, (0, 7): 5, (0, 10): 1, (0, 11): 1, (0, 13): 1, (0, 16): 8, (0, 18): 5, (0, 19): 1, (1, 2): 2, (1, 5): 1, (1, 10): 5, (1, 13): 1, (1, 18): 1, (1, 19): 1, (2, 4): 3, (2, 5): 1, (2, 6): 1, (2, 7): 1, (2, 9): 1, (2, 14): 1, (3, 4): 5, (3, 6): 3, (3, 9): 1, (3, 13): 1, (3, 14): 1, (3, 16): 1, (3, 17): 4, (3, 18): 3, (3, 19): 1, (3, 20): 5, (4, 6): 4, (4, 8): 1, (4, 9): 13, (4, 10): 1, (4, 12): 1, (4, 16): 1, (4, 17): 1, (4, 18): 1, (5, 8): 1, (5, 9): 1, (5, 14): 1, (5, 15): 2, (6, 7): 1, (6, 8): 1, (6, 11): 7, (6, 12): 1, (6, 15): 1, (6, 16): 16, (6, 17): 1, (6, 18): 1, (6, 19): 1, (7, 10): 1, (7, 11): 1, (7, 15): 1, (7, 16): 1, (7, 17): 8, (7, 20): 1, (8, 9): 1, (8, 10): 1, (8, 16): 1, (8, 17): 1, (8, 18): 16, (8, 20): 1, (9, 13): 6, (9, 14): 1, (9, 15): 5, (9, 16): 1, (9, 17): 1, (9, 18): 1, (10, 13): 1, (10, 14): 15, (10, 15): 1, (10, 16): 1, (10, 17): 2, (10, 20): 1, (11, 12): 1, (11, 13): 1, (11, 14): 1, (11, 16): 1, (11, 17): 1, (11, 19): 1, (11, 20): 1, (12, 14): 1, (12, 15): 1, (12, 17): 1, (13, 14): 1, (13, 16): 5, (13, 18): 1, (13, 20): 8, (14, 17): 5, (14, 18): 7, (14, 19): 1, (14, 20): 1, (15, 16): 3, (16, 18): 1, (17, 18): 5, (17, 19): 10, (17, 20): 2, (18, 19): 1, (18, 20): 1, (19, 20): 1}",59.84306335449219,105.0,21.0,210.0
23.0,Graph with 21 nodes and 94 edges,"[[0, 1, 1, 0, 1, 0, 1, 0, 0, 1, 0, 0, 0, 1, 1, 0, 1, 0, 1, 0, 1], [1, 0, 1, 0, 0, 1, 0, 0, 1, 1, 0, 0, 1, 0, 0, 1, 1, 0, 0, 1, 0], [1, 1, 0, 0, 1, 1, 0, 1, 1, 0, 0, 1, 1, 1, 0, 0, 0, 1, 0, 0, 1], [0, 0, 0, 0, 0, 1, 0, 1, 0, 1, 0, 0, 1, 0, 1, 1, 0, 0, 0, 1, 0], [1, 0, 1, 0, 0, 1, 1, 0, 1, 0, 0, 1, 0, 1, 0, 1, 0, 1, 0, 0, 0], [0, 1, 1, 1, 1, 0, 0, 0, 1, 0, 0, 1, 1, 0, 1, 1, 1, 0, 1, 1, 0], [1, 0, 0, 0, 1, 0, 0, 0, 0, 1, 1, 0, 1, 0, 0, 0, 0, 1, 1, 0, 0], [0, 0, 1, 1, 0, 0, 0, 0, 1, 1, 1, 1, 0, 0, 0, 1, 0, 1, 1, 0, 1], [0, 1, 1, 0, 1, 1, 0, 1, 0, 1, 1, 0, 0, 0, 1, 0, 0, 0, 0, 0, 1], [1, 1, 0, 1, 0, 0, 1, 1, 1, 0, 1, 1, 0, 1, 1, 0, 0, 0, 0, 0, 1], [0, 0, 0, 0, 0, 0, 1, 1, 1, 1, 0, 0, 0, 0, 0, 0, 1, 1, 1, 0, 0], [0, 0, 1, 0, 1, 1, 0, 1, 0, 1, 0, 0, 0, 1, 0, 1, 0, 0, 1, 0, 0], [0, 1, 1, 1, 0, 1, 1, 0, 0, 0, 0, 0, 0, 0, 0, 1, 1, 1, 1, 1, 1], [1, 0, 1, 0, 1, 0, 0, 0, 0, 1, 0, 1, 0, 0, 1, 1, 1, 0, 0, 0, 0], [1, 0, 0, 1, 0, 1, 0, 0, 1, 1, 0, 0, 0, 1, 0, 1, 0, 0, 0, 0, 1], [0, 1, 0, 1, 1, 1, 0, 1, 0, 0, 0, 1, 1, 1, 1, 0, 1, 1, 0, 0, 1], [1, 1, 0, 0, 0, 1, 0, 0, 0, 0, 1, 0, 1, 1, 0, 1, 0, 0, 0, 1, 0], [0, 0, 1, 0, 1, 0, 1, 1, 0, 0, 1, 0, 1, 0, 0, 1, 0, 0, 1, 0, 0], [1, 0, 0, 0, 0, 1, 1, 1, 0, 0, 1, 1, 1, 0, 0, 0, 0, 1, 0, 0, 0], [0, 1, 0, 1, 0, 1, 0, 0, 0, 0, 0, 0, 1, 0, 0, 0, 1, 0, 0, 0, 1], [1, 0, 1, 0, 0, 0, 0, 1, 1, 1, 0, 0, 1, 0, 1, 1, 0, 0, 0, 1, 0]]",28.0,9.0,Y,"{0: 37, 1: 46, 2: 55, 3: 64, 4: 73, 5: 82, 6: 91, 7: 100, 8: 109, 9: 118, 10: 127, 11: 136, 12: 145, 13: 154, 14: 163, 15: 172, 16: 181, 17: 190, 18: 199, 19: 208, 20: 28}",Y,"{0: 37, 1: 46, 2: 55, 3: 64, 4: 73, 5: 82, 6: 91, 7: 100, 8: 109, 9: 118, 10: 127, 11: 136, 12: 145, 13: 154, 14: 163, 15: 172, 16: 181, 17: 190, 18: 199, 19: 208, 20: 28}","{(0, 1): 1, (0, 2): 1, (0, 4): 3, (0, 6): 2, (0, 9): 1, (0, 13): 3, (0, 14): 20, (0, 16): 2, (0, 18): 3, (0, 20): 1, (1, 2): 9, (1, 5): 1, (1, 8): 26, (1, 9): 1, (1, 12): 3, (1, 15): 1, (1, 16): 2, (1, 19): 2, (2, 4): 1, (2, 5): 3, (2, 7): 14, (2, 8): 7, (2, 11): 7, (2, 12): 1, (2, 13): 1, (2, 17): 3, (2, 20): 8, (3, 5): 1, (3, 7): 45, (3, 9): 1, (3, 12): 3, (3, 14): 7, (3, 15): 1, (3, 19): 6, (4, 5): 3, (4, 6): 53, (4, 8): 5, (4, 11): 1, (4, 13): 3, (4, 15): 1, (4, 17): 3, (5, 8): 1, (5, 11): 5, (5, 12): 1, (5, 14): 5, (5, 15): 1, (5, 16): 1, (5, 18): 57, (5, 19): 3, (6, 9): 4, (6, 10): 3, (6, 12): 1, (6, 17): 23, (6, 18): 5, (7, 8): 30, (7, 9): 1, (7, 10): 1, (7, 11): 1, (7, 15): 1, (7, 17): 1, (7, 18): 5, (7, 20): 1, (8, 9): 4, (8, 10): 3, (8, 14): 32, (8, 20): 1, (9, 10): 102, (9, 11): 1, (9, 13): 1, (9, 14): 1, (9, 20): 1, (10, 16): 1, (10, 17): 1, (10, 18): 16, (11, 13): 1, (11, 15): 103, (11, 18): 17, (12, 15): 7, (12, 16): 1, (12, 17): 87, (12, 18): 26, (12, 19): 13, (12, 20): 2, (13, 14): 94, (13, 15): 50, (13, 16): 1, (14, 15): 3, (14, 20): 1, (15, 16): 1, (15, 17): 2, (15, 20): 1, (16, 19): 172, (17, 18): 70, (19, 20): 12}",108.95729064941406,94.0,21.0,188.0
24.0,Graph with 21 nodes and 105 edges,"[[0, 0, 1, 0, 1, 1, 1, 0, 1, 1, 1, 0, 0, 1, 0, 0, 1, 1, 1, 1, 0], [0, 0, 0, 1, 0, 0, 1, 0, 0, 1, 1, 1, 1, 1, 0, 1, 1, 0, 1, 0, 1], [1, 0, 0, 1, 1, 0, 1, 1, 0, 0, 0, 1, 0, 0, 1, 1, 1, 1, 0, 0, 1], [0, 1, 1, 0, 0, 1, 0, 0, 0, 1, 0, 1, 1, 0, 1, 0, 0, 1, 1, 0, 1], [1, 0, 1, 0, 0, 0, 1, 1, 1, 0, 1, 0, 1, 0, 1, 1, 0, 1, 0, 0, 1], [1, 0, 0, 1, 0, 0, 1, 1, 0, 1, 0, 0, 0, 0, 0, 0, 1, 0, 1, 1, 0], [1, 1, 1, 0, 1, 1, 0, 0, 0, 0, 0, 0, 1, 0, 1, 1, 0, 1, 0, 0, 1], [0, 0, 1, 0, 1, 1, 0, 0, 1, 0, 0, 0, 0, 0, 0, 1, 1, 0, 1, 0, 1], [1, 0, 0, 0, 1, 0, 0, 1, 0, 0, 1, 0, 0, 0, 1, 1, 1, 1, 1, 1, 0], [1, 1, 0, 1, 0, 1, 0, 0, 0, 0, 0, 0, 0, 0, 1, 0, 0, 0, 1, 0, 1], [1, 1, 0, 0, 1, 0, 0, 0, 1, 0, 0, 1, 0, 1, 0, 1, 1, 1, 1, 0, 0], [0, 1, 1, 1, 0, 0, 0, 0, 0, 0, 1, 0, 0, 1, 1, 1, 1, 0, 1, 1, 1], [0, 1, 0, 1, 1, 0, 1, 0, 0, 0, 0, 0, 0, 1, 0, 0, 0, 0, 1, 0, 1], [1, 1, 0, 0, 0, 0, 0, 0, 0, 0, 1, 1, 1, 0, 1, 1, 1, 1, 1, 0, 0], [0, 0, 1, 1, 1, 0, 1, 0, 1, 1, 0, 1, 0, 1, 0, 1, 0, 1, 0, 0, 0], [0, 1, 1, 0, 1, 0, 1, 1, 1, 0, 1, 1, 0, 1, 1, 0, 0, 0, 1, 0, 1], [1, 1, 1, 0, 0, 1, 0, 1, 1, 0, 1, 1, 0, 1, 0, 0, 0, 0, 0, 0, 1], [1, 0, 1, 1, 1, 0, 1, 0, 1, 0, 1, 0, 0, 1, 1, 0, 0, 0, 1, 1, 1], [1, 1, 0, 1, 0, 1, 0, 1, 1, 1, 1, 1, 1, 1, 0, 1, 0, 1, 0, 0, 0], [1, 0, 0, 0, 0, 1, 0, 0, 1, 0, 0, 1, 0, 0, 0, 0, 0, 1, 0, 0, 0], [0, 1, 1, 1, 1, 0, 1, 1, 0, 1, 0, 1, 1, 0, 0, 1, 1, 1, 0, 0, 0]]",24.0,4.0,Y,"{0: 28, 1: 32, 2: 36, 3: 40, 4: 44, 5: 48, 6: 52, 7: 56, 8: 60, 9: 64, 10: 68, 11: 72, 12: 76, 13: 80, 14: 84, 15: 88, 16: 92, 17: 96, 18: 100, 19: 104, 20: 24}",Y,"{0: 28, 1: 32, 2: 36, 3: 40, 4: 44, 5: 48, 6: 52, 7: 56, 8: 60, 9: 64, 10: 68, 11: 72, 12: 76, 13: 80, 14: 84, 15: 88, 16: 92, 17: 96, 18: 100, 19: 104, 20: 24}","{(0, 2): 1, (0, 4): 1, (0, 5): 1, (0, 6): 1, (0, 8): 1, (0, 9): 1, (0, 10): 1, (0, 13): 1, (0, 16): 17, (0, 17): 1, (0, 18): 1, (0, 19): 1, (1, 3): 1, (1, 6): 1, (1, 9): 1, (1, 10): 1, (1, 11): 1, (1, 12): 1, (1, 13): 1, (1, 15): 22, (1, 16): 1, (1, 18): 1, (1, 20): 1, (2, 3): 1, (2, 4): 1, (2, 6): 1, (2, 7): 1, (2, 11): 1, (2, 14): 26, (2, 15): 1, (2, 16): 1, (2, 17): 1, (2, 20): 1, (3, 5): 1, (3, 9): 1, (3, 11): 1, (3, 12): 31, (3, 14): 1, (3, 17): 1, (3, 18): 1, (3, 20): 1, (4, 6): 1, (4, 7): 1, (4, 8): 1, (4, 10): 1, (4, 12): 1, (4, 14): 1, (4, 15): 1, (4, 17): 34, (4, 20): 1, (5, 6): 1, (5, 7): 1, (5, 9): 1, (5, 16): 1, (5, 18): 1, (5, 19): 41, (6, 12): 1, (6, 14): 1, (6, 15): 1, (6, 17): 43, (6, 20): 1, (7, 8): 33, (7, 15): 1, (7, 16): 17, (7, 18): 1, (7, 20): 1, (8, 10): 1, (8, 14): 1, (8, 15): 1, (8, 16): 19, (8, 17): 1, (8, 18): 1, (8, 19): 1, (9, 14): 1, (9, 18): 58, (9, 20): 1, (10, 11): 1, (10, 13): 4, (10, 15): 56, (10, 16): 1, (10, 17): 1, (10, 18): 1, (11, 13): 1, (11, 14): 1, (11, 15): 1, (11, 16): 12, (11, 18): 1, (11, 19): 51, (11, 20): 1, (12, 13): 10, (12, 18): 31, (12, 20): 1, (13, 14): 50, (13, 15): 1, (13, 16): 10, (13, 17): 1, (13, 18): 1, (14, 15): 1, (14, 17): 1, (15, 18): 1, (15, 20): 1, (16, 20): 13, (17, 18): 1, (17, 19): 10, (17, 20): 1}",1072.8836059570312,105.0,21.0,210.0
24.0,Graph with 21 nodes and 105 edges,"[[0, 0, 1, 0, 1, 1, 1, 0, 1, 1, 1, 0, 0, 1, 0, 0, 1, 1, 1, 1, 0], [0, 0, 0, 1, 0, 0, 1, 0, 0, 1, 1, 1, 1, 1, 0, 1, 1, 0, 1, 0, 1], [1, 0, 0, 1, 1, 0, 1, 1, 0, 0, 0, 1, 0, 0, 1, 1, 1, 1, 0, 0, 1], [0, 1, 1, 0, 0, 1, 0, 0, 0, 1, 0, 1, 1, 0, 1, 0, 0, 1, 1, 0, 1], [1, 0, 1, 0, 0, 0, 1, 1, 1, 0, 1, 0, 1, 0, 1, 1, 0, 1, 0, 0, 1], [1, 0, 0, 1, 0, 0, 1, 1, 0, 1, 0, 0, 0, 0, 0, 0, 1, 0, 1, 1, 0], [1, 1, 1, 0, 1, 1, 0, 0, 0, 0, 0, 0, 1, 0, 1, 1, 0, 1, 0, 0, 1], [0, 0, 1, 0, 1, 1, 0, 0, 1, 0, 0, 0, 0, 0, 0, 1, 1, 0, 1, 0, 1], [1, 0, 0, 0, 1, 0, 0, 1, 0, 0, 1, 0, 0, 0, 1, 1, 1, 1, 1, 1, 0], [1, 1, 0, 1, 0, 1, 0, 0, 0, 0, 0, 0, 0, 0, 1, 0, 0, 0, 1, 0, 1], [1, 1, 0, 0, 1, 0, 0, 0, 1, 0, 0, 1, 0, 1, 0, 1, 1, 1, 1, 0, 0], [0, 1, 1, 1, 0, 0, 0, 0, 0, 0, 1, 0, 0, 1, 1, 1, 1, 0, 1, 1, 1], [0, 1, 0, 1, 1, 0, 1, 0, 0, 0, 0, 0, 0, 1, 0, 0, 0, 0, 1, 0, 1], [1, 1, 0, 0, 0, 0, 0, 0, 0, 0, 1, 1, 1, 0, 1, 1, 1, 1, 1, 0, 0], [0, 0, 1, 1, 1, 0, 1, 0, 1, 1, 0, 1, 0, 1, 0, 1, 0, 1, 0, 0, 0], [0, 1, 1, 0, 1, 0, 1, 1, 1, 0, 1, 1, 0, 1, 1, 0, 0, 0, 1, 0, 1], [1, 1, 1, 0, 0, 1, 0, 1, 1, 0, 1, 1, 0, 1, 0, 0, 0, 0, 0, 0, 1], [1, 0, 1, 1, 1, 0, 1, 0, 1, 0, 1, 0, 0, 1, 1, 0, 0, 0, 1, 1, 1], [1, 1, 0, 1, 0, 1, 0, 1, 1, 1, 1, 1, 1, 1, 0, 1, 0, 1, 0, 0, 0], [1, 0, 0, 0, 0, 1, 0, 0, 1, 0, 0, 1, 0, 0, 0, 0, 0, 1, 0, 0, 0], [0, 1, 1, 1, 1, 0, 1, 1, 0, 1, 0, 1, 1, 0, 0, 1, 1, 1, 0, 0, 0]]",24.0,5.0,Y,"{0: 29, 1: 34, 2: 39, 3: 44, 4: 49, 5: 54, 6: 59, 7: 64, 8: 69, 9: 74, 10: 79, 11: 84, 12: 89, 13: 94, 14: 99, 15: 104, 16: 109, 17: 114, 18: 119, 19: 124, 20: 24}",Y,"{0: 29, 1: 34, 2: 39, 3: 44, 4: 49, 5: 54, 6: 59, 7: 64, 8: 69, 9: 74, 10: 79, 11: 84, 12: 89, 13: 94, 14: 99, 15: 104, 16: 109, 17: 114, 18: 119, 19: 124, 20: 24}","{(0, 2): 1, (0, 4): 1, (0, 5): 1, (0, 6): 1, (0, 8): 1, (0, 9): 18, (0, 10): 1, (0, 13): 1, (0, 16): 1, (0, 17): 1, (0, 18): 1, (0, 19): 1, (1, 3): 1, (1, 6): 1, (1, 9): 24, (1, 10): 1, (1, 11): 1, (1, 12): 1, (1, 13): 1, (1, 15): 1, (1, 16): 1, (1, 18): 1, (1, 20): 1, (2, 3): 1, (2, 4): 1, (2, 6): 1, (2, 7): 1, (2, 11): 1, (2, 14): 29, (2, 15): 1, (2, 16): 1, (2, 17): 1, (2, 20): 1, (3, 5): 1, (3, 9): 1, (3, 11): 1, (3, 12): 1, (3, 14): 34, (3, 17): 2, (3, 18): 1, (3, 20): 1, (4, 6): 1, (4, 7): 1, (4, 8): 1, (4, 10): 9, (4, 12): 30, (4, 14): 2, (4, 15): 1, (4, 17): 1, (4, 20): 1, (5, 6): 1, (5, 7): 1, (5, 9): 28, (5, 16): 1, (5, 18): 20, (5, 19): 1, (6, 12): 1, (6, 14): 1, (6, 15): 1, (6, 17): 50, (6, 20): 1, (7, 8): 43, (7, 15): 1, (7, 16): 1, (7, 18): 15, (7, 20): 1, (8, 10): 1, (8, 14): 1, (8, 15): 1, (8, 16): 16, (8, 17): 1, (8, 18): 1, (8, 19): 3, (9, 14): 1, (9, 18): 1, (9, 20): 1, (10, 11): 1, (10, 13): 1, (10, 15): 1, (10, 16): 52, (10, 17): 1, (10, 18): 11, (11, 13): 1, (11, 14): 1, (11, 15): 1, (11, 16): 1, (11, 18): 1, (11, 19): 66, (11, 20): 9, (12, 13): 53, (12, 18): 1, (12, 20): 2, (13, 14): 1, (13, 15): 3, (13, 16): 31, (13, 17): 1, (13, 18): 1, (14, 15): 28, (14, 17): 1, (15, 18): 64, (15, 20): 1, (16, 20): 4, (17, 18): 1, (17, 19): 53, (17, 20): 1}",41.961669921875,105.0,21.0,210.0
25.0,Graph with 21 nodes and 108 edges,"[[0, 1, 1, 0, 1, 0, 1, 1, 0, 1, 0, 1, 0, 0, 1, 0, 0, 1, 0, 1, 1], [1, 0, 0, 1, 0, 1, 0, 1, 0, 0, 0, 0, 0, 1, 0, 1, 0, 0, 1, 0, 1], [1, 0, 0, 1, 1, 1, 1, 1, 0, 1, 1, 1, 1, 0, 1, 0, 1, 1, 1, 1, 0], [0, 1, 1, 0, 0, 1, 1, 0, 1, 1, 1, 0, 1, 0, 1, 1, 0, 0, 1, 0, 0], [1, 0, 1, 0, 0, 1, 1, 0, 0, 0, 1, 1, 1, 1, 0, 1, 0, 1, 1, 0, 1], [0, 1, 1, 1, 1, 0, 1, 0, 0, 0, 0, 1, 1, 1, 0, 0, 0, 0, 1, 0, 1], [1, 0, 1, 1, 1, 1, 0, 0, 0, 0, 0, 1, 0, 0, 0, 0, 0, 1, 0, 0, 1], [1, 1, 1, 0, 0, 0, 0, 0, 0, 0, 1, 0, 1, 1, 0, 0, 0, 0, 1, 0, 1], [0, 0, 0, 1, 0, 0, 0, 0, 0, 0, 1, 0, 0, 1, 0, 1, 1, 0, 0, 0, 1], [1, 0, 1, 1, 0, 0, 0, 0, 0, 0, 0, 0, 0, 0, 0, 1, 1, 1, 0, 0, 1], [0, 0, 1, 1, 1, 0, 0, 1, 1, 0, 0, 1, 0, 1, 1, 1, 0, 1, 1, 1, 1], [1, 0, 1, 0, 1, 1, 1, 0, 0, 0, 1, 0, 1, 1, 1, 1, 0, 0, 0, 0, 1], [0, 0, 1, 1, 1, 1, 0, 1, 0, 0, 0, 1, 0, 0, 0, 0, 0, 0, 1, 0, 0], [0, 1, 0, 0, 1, 1, 0, 1, 1, 0, 1, 1, 0, 0, 1, 1, 1, 0, 1, 1, 1], [1, 0, 1, 1, 0, 0, 0, 0, 0, 0, 1, 1, 0, 1, 0, 0, 1, 1, 1, 0, 1], [0, 1, 0, 1, 1, 0, 0, 0, 1, 1, 1, 1, 0, 1, 0, 0, 0, 0, 1, 1, 1], [0, 0, 1, 0, 0, 0, 0, 0, 1, 1, 0, 0, 0, 1, 1, 0, 0, 1, 1, 0, 0], [1, 0, 1, 0, 1, 0, 1, 0, 0, 1, 1, 0, 0, 0, 1, 0, 1, 0, 1, 1, 1], [0, 1, 1, 1, 1, 1, 0, 1, 0, 0, 1, 0, 1, 1, 1, 1, 1, 1, 0, 1, 1], [1, 0, 1, 0, 0, 0, 0, 0, 0, 0, 1, 0, 0, 1, 0, 1, 0, 1, 1, 0, 0], [1, 1, 0, 0, 1, 1, 1, 1, 1, 1, 1, 1, 0, 1, 1, 1, 0, 1, 1, 0, 0]]",10.0,5.0,Y,"{0: 20, 1: 15, 2: 25, 3: 30, 4: 35, 5: 40, 6: 45, 7: 50, 8: 55, 9: 60, 10: 65, 11: 70, 12: 75, 13: 80, 14: 85, 15: 90, 16: 95, 17: 100, 18: 105, 19: 10, 20: 110}",Y,"{0: 20, 1: 15, 2: 25, 3: 30, 4: 35, 5: 40, 6: 45, 7: 50, 8: 55, 9: 60, 10: 65, 11: 70, 12: 75, 13: 80, 14: 85, 15: 90, 16: 95, 17: 100, 18: 105, 19: 10, 20: 110}","{(0, 1): 1, (0, 2): 5, (0, 4): 1, (0, 6): 3, (0, 7): 4, (0, 9): 1, (0, 11): 1, (0, 14): 1, (0, 17): 1, (0, 19): 1, (0, 20): 1, (1, 3): 1, (1, 5): 1, (1, 7): 2, (1, 13): 1, (1, 15): 7, (1, 18): 1, (1, 20): 1, (2, 3): 1, (2, 4): 1, (2, 5): 1, (2, 6): 1, (2, 7): 1, (2, 9): 3, (2, 10): 1, (2, 11): 1, (2, 12): 1, (2, 14): 5, (2, 16): 1, (2, 17): 1, (2, 18): 1, (2, 19): 1, (3, 5): 1, (3, 6): 1, (3, 8): 1, (3, 9): 1, (3, 10): 1, (3, 12): 11, (3, 14): 1, (3, 15): 10, (3, 18): 1, (4, 5): 5, (4, 6): 1, (4, 10): 1, (4, 11): 1, (4, 12): 3, (4, 13): 1, (4, 15): 10, (4, 17): 1, (4, 18): 1, (4, 20): 9, (5, 6): 5, (5, 11): 1, (5, 12): 5, (5, 13): 1, (5, 18): 3, (5, 20): 17, (6, 11): 1, (6, 17): 32, (6, 20): 1, (7, 10): 3, (7, 12): 7, (7, 13): 11, (7, 18): 10, (7, 20): 12, (8, 10): 7, (8, 13): 11, (8, 15): 30, (8, 16): 1, (8, 20): 5, (9, 15): 10, (9, 16): 1, (9, 17): 3, (9, 20): 41, (10, 11): 21, (10, 13): 1, (10, 14): 2, (10, 15): 14, (10, 17): 1, (10, 18): 1, (10, 19): 1, (10, 20): 11, (11, 12): 34, (11, 13): 1, (11, 14): 1, (11, 15): 1, (11, 20): 7, (12, 18): 14, (13, 14): 44, (13, 15): 5, (13, 16): 1, (13, 18): 1, (13, 19): 1, (13, 20): 1, (14, 16): 1, (14, 17): 6, (14, 18): 23, (14, 20): 1, (15, 18): 1, (15, 19): 1, (15, 20): 1, (16, 17): 47, (16, 18): 43, (17, 18): 3, (17, 19): 4, (17, 20): 1, (18, 19): 1, (18, 20): 1}",92.02957153320312,108.0,21.0,216.0
27.0,Graph with 21 nodes and 103 edges,"[[0, 0, 0, 1, 1, 1, 1, 0, 0, 0, 0, 0, 0, 0, 1, 0, 0, 1, 0, 1, 0], [0, 0, 0, 0, 0, 0, 0, 1, 1, 0, 1, 1, 1, 0, 1, 0, 1, 0, 1, 0, 0], [0, 0, 0, 0, 1, 1, 1, 0, 0, 1, 0, 0, 1, 0, 1, 0, 0, 0, 1, 1, 0], [1, 0, 0, 0, 0, 1, 0, 1, 1, 0, 0, 1, 0, 0, 0, 0, 0, 1, 0, 1, 1], [1, 0, 1, 0, 0, 0, 0, 1, 1, 0, 1, 1, 1, 0, 1, 1, 1, 1, 0, 1, 1], [1, 0, 1, 1, 0, 0, 0, 0, 0, 0, 1, 1, 0, 1, 1, 0, 0, 1, 0, 0, 0], [1, 0, 1, 0, 0, 0, 0, 1, 1, 1, 0, 1, 1, 0, 1, 1, 1, 1, 0, 1, 0], [0, 1, 0, 1, 1, 0, 1, 0, 1, 0, 1, 0, 1, 1, 1, 1, 1, 0, 1, 0, 0], [0, 1, 0, 1, 1, 0, 1, 1, 0, 1, 1, 1, 1, 0, 0, 1, 1, 1, 0, 1, 0], [0, 0, 1, 0, 0, 0, 1, 0, 1, 0, 0, 1, 1, 0, 1, 0, 1, 0, 1, 0, 1], [0, 1, 0, 0, 1, 1, 0, 1, 1, 0, 0, 1, 0, 0, 0, 1, 0, 0, 1, 0, 1], [0, 1, 0, 1, 1, 1, 1, 0, 1, 1, 1, 0, 0, 1, 1, 1, 0, 0, 0, 1, 0], [0, 1, 1, 0, 1, 0, 1, 1, 1, 1, 0, 0, 0, 1, 0, 0, 0, 1, 1, 0, 0], [0, 0, 0, 0, 0, 1, 0, 1, 0, 0, 0, 1, 1, 0, 0, 0, 0, 1, 1, 0, 1], [1, 1, 1, 0, 1, 1, 1, 1, 0, 1, 0, 1, 0, 0, 0, 1, 0, 1, 0, 1, 1], [0, 0, 0, 0, 1, 0, 1, 1, 1, 0, 1, 1, 0, 0, 1, 0, 1, 1, 1, 0, 1], [0, 1, 0, 0, 1, 0, 1, 1, 1, 1, 0, 0, 0, 0, 0, 1, 0, 0, 0, 0, 0], [1, 0, 0, 1, 1, 1, 1, 0, 1, 0, 0, 0, 1, 1, 1, 1, 0, 0, 1, 1, 0], [0, 1, 1, 0, 0, 0, 0, 1, 0, 1, 1, 0, 1, 1, 0, 1, 0, 1, 0, 0, 0], [1, 0, 1, 1, 1, 0, 1, 0, 1, 0, 0, 1, 0, 0, 1, 0, 0, 1, 0, 0, 1], [0, 0, 0, 1, 1, 0, 0, 0, 0, 1, 1, 0, 0, 1, 1, 1, 0, 0, 0, 1, 0]]",14.0,1.0,Y,"{0: 27, 1: 18, 2: 29, 3: 30, 4: 20, 5: 31, 6: 32, 7: 16, 8: 33, 9: 19, 10: 26, 11: 28, 12: 25, 13: 14, 14: 22, 15: 15, 16: 34, 17: 17, 18: 23, 19: 24, 20: 21}",Y,"{0: 27, 1: 18, 2: 29, 3: 30, 4: 20, 5: 31, 6: 32, 7: 16, 8: 33, 9: 19, 10: 26, 11: 28, 12: 25, 13: 14, 14: 22, 15: 15, 16: 34, 17: 17, 18: 23, 19: 24, 20: 21}","{(0, 3): 11, (0, 4): 7, (0, 5): 5, (0, 6): 1, (0, 14): 1, (0, 17): 1, (0, 19): 1, (1, 7): 1, (1, 8): 1, (1, 10): 2, (1, 11): 1, (1, 12): 4, (1, 14): 7, (1, 16): 1, (1, 18): 1, (2, 4): 1, (2, 5): 8, (2, 6): 1, (2, 9): 4, (2, 12): 2, (2, 14): 1, (2, 18): 8, (2, 19): 4, (3, 5): 2, (3, 7): 1, (3, 8): 1, (3, 11): 2, (3, 17): 4, (3, 19): 7, (3, 20): 2, (4, 7): 1, (4, 8): 1, (4, 10): 1, (4, 11): 1, (4, 12): 1, (4, 14): 1, (4, 15): 1, (4, 16): 1, (4, 17): 1, (4, 19): 1, (4, 20): 2, (5, 10): 8, (5, 11): 2, (5, 13): 2, (5, 14): 3, (5, 17): 1, (6, 7): 1, (6, 8): 1, (6, 9): 1, (6, 11): 3, (6, 12): 2, (6, 14): 1, (6, 15): 1, (6, 16): 18, (6, 17): 1, (6, 19): 1, (7, 8): 1, (7, 10): 5, (7, 12): 1, (7, 13): 1, (7, 14): 1, (7, 15): 1, (7, 16): 1, (7, 18): 1, (8, 9): 2, (8, 10): 1, (8, 11): 9, (8, 12): 5, (8, 15): 1, (8, 16): 8, (8, 17): 1, (8, 19): 1, (9, 11): 2, (9, 12): 2, (9, 14): 1, (9, 16): 4, (9, 18): 1, (9, 20): 2, (10, 11): 3, (10, 15): 3, (10, 18): 1, (10, 20): 2, (11, 13): 2, (11, 14): 1, (11, 15): 1, (11, 19): 1, (12, 13): 1, (12, 17): 3, (12, 18): 4, (13, 17): 1, (13, 18): 3, (13, 20): 4, (14, 15): 1, (14, 17): 1, (14, 19): 1, (14, 20): 2, (15, 16): 1, (15, 17): 1, (15, 18): 3, (15, 20): 1, (17, 18): 1, (17, 19): 1, (19, 20): 6}",90.12222290039062,103.0,21.0,206.0
28.0,Graph with 21 nodes and 104 edges,"[[0, 1, 1, 0, 0, 0, 0, 1, 1, 1, 1, 1, 0, 0, 1, 1, 0, 1, 0, 1, 1], [1, 0, 0, 1, 0, 0, 0, 0, 0, 0, 0, 0, 0, 1, 0, 1, 1, 0, 1, 0, 0], [1, 0, 0, 1, 1, 1, 1, 1, 1, 0, 0, 1, 1, 1, 0, 0, 1, 0, 0, 0, 0], [0, 1, 1, 0, 1, 0, 1, 0, 0, 1, 1, 0, 0, 1, 1, 0, 1, 0, 0, 1, 1], [0, 0, 1, 1, 0, 0, 0, 1, 0, 1, 1, 1, 1, 0, 0, 0, 1, 1, 0, 1, 1], [0, 0, 1, 0, 0, 0, 0, 1, 1, 0, 0, 1, 0, 1, 1, 1, 0, 1, 0, 1, 0], [0, 0, 1, 1, 0, 0, 0, 1, 0, 1, 1, 0, 1, 1, 0, 1, 0, 1, 0, 1, 0], [1, 0, 1, 0, 1, 1, 1, 0, 0, 1, 1, 0, 0, 0, 1, 0, 0, 0, 0, 1, 0], [1, 0, 1, 0, 0, 1, 0, 0, 0, 1, 0, 1, 1, 0, 0, 0, 1, 1, 1, 1, 0], [1, 0, 0, 1, 1, 0, 1, 1, 1, 0, 1, 1, 0, 1, 0, 1, 1, 0, 0, 1, 1], [1, 0, 0, 1, 1, 0, 1, 1, 0, 1, 0, 1, 0, 0, 0, 1, 0, 0, 0, 1, 0], [1, 0, 1, 0, 1, 1, 0, 0, 1, 1, 1, 0, 1, 0, 1, 1, 0, 0, 0, 1, 1], [0, 0, 1, 0, 1, 0, 1, 0, 1, 0, 0, 1, 0, 0, 0, 1, 0, 1, 1, 0, 1], [0, 1, 1, 1, 0, 1, 1, 0, 0, 1, 0, 0, 0, 0, 1, 1, 0, 0, 1, 0, 0], [1, 0, 0, 1, 0, 1, 0, 1, 0, 0, 0, 1, 0, 1, 0, 0, 1, 1, 0, 0, 1], [1, 1, 0, 0, 0, 1, 1, 0, 0, 1, 1, 1, 1, 1, 0, 0, 1, 1, 1, 0, 0], [0, 1, 1, 1, 1, 0, 0, 0, 1, 1, 0, 0, 0, 0, 1, 1, 0, 0, 0, 1, 0], [1, 0, 0, 0, 1, 1, 1, 0, 1, 0, 0, 0, 1, 0, 1, 1, 0, 0, 0, 1, 1], [0, 1, 0, 0, 0, 0, 0, 0, 1, 0, 0, 0, 1, 1, 0, 1, 0, 0, 0, 0, 1], [1, 0, 0, 1, 1, 1, 1, 1, 1, 1, 1, 1, 0, 0, 0, 0, 1, 1, 0, 0, 0], [1, 0, 0, 1, 1, 0, 0, 0, 0, 1, 0, 1, 1, 0, 1, 0, 0, 1, 1, 0, 0]]",14.0,9.0,Y,"{0: 23, 1: 32, 2: 41, 3: 50, 4: 59, 5: 68, 6: 77, 7: 86, 8: 95, 9: 104, 10: 113, 11: 122, 12: 131, 13: 140, 14: 149, 15: 158, 16: 167, 17: 176, 18: 185, 19: 194, 20: 14}",Y,"{0: 23, 1: 32, 2: 41, 3: 50, 4: 59, 5: 68, 6: 77, 7: 86, 8: 95, 9: 104, 10: 113, 11: 122, 12: 131, 13: 140, 14: 149, 15: 158, 16: 167, 17: 176, 18: 185, 19: 194, 20: 14}","{(0, 1): 1, (0, 2): 1, (0, 7): 1, (0, 8): 1, (0, 9): 9, (0, 10): 4, (0, 11): 1, (0, 14): 1, (0, 15): 1, (0, 17): 1, (0, 19): 1, (0, 20): 1, (1, 3): 1, (1, 13): 1, (1, 15): 1, (1, 16): 27, (1, 18): 1, (2, 3): 3, (2, 4): 12, (2, 5): 1, (2, 6): 1, (2, 7): 1, (2, 8): 1, (2, 11): 3, (2, 12): 1, (2, 13): 16, (2, 16): 1, (3, 4): 14, (3, 6): 1, (3, 9): 3, (3, 10): 21, (3, 13): 1, (3, 14): 1, (3, 16): 3, (3, 19): 1, (3, 20): 1, (4, 7): 1, (4, 9): 1, (4, 10): 5, (4, 11): 12, (4, 12): 4, (4, 16): 3, (4, 17): 5, (4, 19): 1, (4, 20): 1, (5, 7): 4, (5, 8): 15, (5, 11): 3, (5, 13): 41, (5, 14): 1, (5, 15): 1, (5, 17): 1, (5, 19): 1, (6, 7): 1, (6, 9): 15, (6, 10): 1, (6, 12): 1, (6, 13): 5, (6, 15): 1, (6, 17): 4, (6, 19): 47, (7, 9): 50, (7, 10): 1, (7, 14): 23, (7, 19): 4, (8, 9): 1, (8, 11): 1, (8, 12): 15, (8, 16): 1, (8, 17): 56, (8, 18): 3, (8, 19): 1, (9, 10): 1, (9, 11): 5, (9, 13): 1, (9, 15): 1, (9, 16): 1, (9, 19): 15, (9, 20): 1, (10, 11): 9, (10, 15): 3, (10, 19): 68, (11, 12): 1, (11, 14): 74, (11, 15): 1, (11, 19): 9, (11, 20): 3, (12, 15): 1, (12, 17): 1, (12, 18): 106, (12, 20): 1, (13, 14): 1, (13, 15): 3, (13, 18): 71, (14, 16): 1, (14, 17): 46, (14, 20): 1, (15, 16): 129, (15, 17): 15, (15, 18): 1, (16, 19): 1, (17, 19): 45, (17, 20): 2, (18, 20): 3}",110.86463928222656,104.0,21.0,208.0
29.0,Graph with 21 nodes and 104 edges,"[[0, 1, 0, 0, 1, 1, 0, 0, 1, 0, 1, 1, 1, 1, 0, 0, 1, 0, 1, 1, 1], [1, 0, 0, 1, 1, 0, 1, 0, 0, 0, 0, 1, 1, 0, 0, 1, 0, 0, 1, 0, 1], [0, 0, 0, 1, 0, 1, 0, 0, 0, 0, 0, 1, 0, 1, 1, 1, 0, 1, 0, 1, 0], [0, 1, 1, 0, 0, 1, 0, 1, 0, 0, 0, 0, 1, 0, 0, 1, 1, 1, 1, 0, 0], [1, 1, 0, 0, 0, 0, 1, 1, 0, 0, 1, 1, 1, 1, 1, 1, 0, 0, 0, 1, 1], [1, 0, 1, 1, 0, 0, 0, 1, 1, 0, 1, 1, 1, 1, 0, 0, 1, 0, 1, 0, 1], [0, 1, 0, 0, 1, 0, 0, 1, 1, 0, 1, 0, 1, 1, 0, 1, 0, 0, 1, 0, 1], [0, 0, 0, 1, 1, 1, 1, 0, 1, 0, 0, 0, 1, 0, 0, 1, 0, 1, 1, 1, 1], [1, 0, 0, 0, 0, 1, 1, 1, 0, 0, 0, 0, 0, 1, 1, 1, 0, 1, 0, 0, 0], [0, 0, 0, 0, 0, 0, 0, 0, 0, 0, 0, 0, 1, 0, 0, 1, 0, 0, 0, 0, 0], [1, 0, 0, 0, 1, 1, 1, 0, 0, 0, 0, 0, 0, 1, 1, 1, 1, 0, 0, 1, 0], [1, 1, 1, 0, 1, 1, 0, 0, 0, 0, 0, 0, 0, 1, 0, 0, 1, 1, 1, 1, 0], [1, 1, 0, 1, 1, 1, 1, 1, 0, 1, 0, 0, 0, 1, 0, 1, 0, 0, 1, 1, 0], [1, 0, 1, 0, 1, 1, 1, 0, 1, 0, 1, 1, 1, 0, 1, 1, 1, 1, 1, 0, 1], [0, 0, 1, 0, 1, 0, 0, 0, 1, 0, 1, 0, 0, 1, 0, 0, 1, 0, 1, 1, 0], [0, 1, 1, 1, 1, 0, 1, 1, 1, 1, 1, 0, 1, 1, 0, 0, 1, 0, 0, 0, 0], [1, 0, 0, 1, 0, 1, 0, 0, 0, 0, 1, 1, 0, 1, 1, 1, 0, 0, 1, 1, 0], [0, 0, 1, 1, 0, 0, 0, 1, 1, 0, 0, 1, 0, 1, 0, 0, 0, 0, 1, 0, 1], [1, 1, 0, 1, 0, 1, 1, 1, 0, 0, 0, 1, 1, 1, 1, 0, 1, 1, 0, 0, 0], [1, 0, 1, 0, 1, 0, 0, 1, 0, 0, 1, 1, 1, 0, 1, 0, 1, 0, 0, 0, 1], [1, 1, 0, 0, 1, 1, 1, 1, 0, 0, 0, 0, 0, 1, 0, 0, 0, 1, 0, 1, 0]]",18.0,8.0,Y,"{0: 178, 1: 170, 2: 162, 3: 154, 4: 146, 5: 138, 6: 130, 7: 122, 8: 114, 9: 106, 10: 98, 11: 90, 12: 82, 13: 74, 14: 66, 15: 58, 16: 50, 17: 42, 18: 34, 19: 26, 20: 18}",Y,"{0: 178, 1: 170, 2: 162, 3: 154, 4: 146, 5: 138, 6: 130, 7: 122, 8: 114, 9: 106, 10: 98, 11: 90, 12: 82, 13: 74, 14: 66, 15: 58, 16: 50, 17: 42, 18: 34, 19: 26, 20: 18}","{(0, 1): 1, (0, 4): 52, (0, 5): 1, (0, 8): 1, (0, 10): 24, (0, 11): 81, (0, 12): 13, (0, 13): 1, (0, 16): 1, (0, 18): 1, (0, 19): 1, (0, 20): 1, (1, 3): 122, (1, 4): 1, (1, 6): 10, (1, 11): 1, (1, 12): 1, (1, 15): 1, (1, 18): 23, (1, 20): 10, (2, 3): 25, (2, 5): 21, (2, 11): 1, (2, 13): 3, (2, 14): 59, (2, 15): 1, (2, 17): 35, (2, 19): 17, (3, 5): 1, (3, 7): 1, (3, 12): 1, (3, 15): 1, (3, 16): 1, (3, 17): 1, (3, 18): 1, (4, 6): 1, (4, 7): 1, (4, 10): 27, (4, 11): 1, (4, 12): 1, (4, 13): 58, (4, 14): 1, (4, 15): 1, (4, 19): 1, (4, 20): 1, (5, 7): 1, (5, 8): 107, (5, 10): 1, (5, 11): 1, (5, 12): 1, (5, 13): 1, (5, 16): 1, (5, 18): 1, (5, 20): 1, (6, 7): 112, (6, 8): 1, (6, 10): 1, (6, 12): 1, (6, 13): 1, (6, 15): 1, (6, 18): 1, (6, 20): 1, (7, 8): 1, (7, 12): 1, (7, 15): 1, (7, 17): 1, (7, 18): 1, (7, 19): 1, (7, 20): 1, (8, 13): 1, (8, 14): 1, (8, 15): 1, (8, 17): 1, (9, 12): 59, (9, 15): 47, (10, 13): 1, (10, 14): 1, (10, 15): 1, (10, 16): 41, (10, 19): 1, (11, 13): 1, (11, 16): 1, (11, 17): 1, (11, 18): 1, (11, 19): 1, (12, 13): 1, (12, 15): 1, (12, 18): 1, (12, 19): 1, (13, 14): 1, (13, 15): 1, (13, 16): 1, (13, 17): 1, (13, 18): 1, (13, 20): 1, (14, 16): 1, (14, 18): 1, (14, 19): 1, (15, 16): 1, (16, 18): 1, (16, 19): 1, (17, 18): 1, (17, 20): 1, (19, 20): 1}",1071.929931640625,104.0,21.0,208.0
32.0,Graph with 21 nodes and 115 edges,"[[0, 0, 1, 0, 1, 1, 1, 0, 1, 0, 0, 0, 1, 0, 0, 1, 1, 1, 1, 0, 1], [0, 0, 1, 0, 0, 0, 1, 1, 1, 0, 1, 1, 0, 0, 1, 1, 1, 0, 1, 1, 0], [1, 1, 0, 1, 1, 0, 1, 1, 1, 1, 1, 1, 1, 1, 0, 1, 0, 1, 0, 1, 0], [0, 0, 1, 0, 1, 1, 0, 0, 0, 0, 1, 1, 1, 1, 0, 1, 1, 1, 1, 0, 1], [1, 0, 1, 1, 0, 1, 0, 1, 0, 1, 0, 0, 0, 1, 1, 1, 1, 1, 1, 1, 0], [1, 0, 0, 1, 1, 0, 0, 0, 1, 0, 0, 1, 1, 0, 0, 0, 0, 1, 0, 0, 1], [1, 1, 1, 0, 0, 0, 0, 1, 1, 0, 0, 1, 1, 1, 1, 1, 0, 1, 1, 0, 0], [0, 1, 1, 0, 1, 0, 1, 0, 1, 1, 0, 0, 0, 0, 1, 1, 0, 0, 0, 0, 1], [1, 1, 1, 0, 0, 1, 1, 1, 0, 1, 0, 1, 1, 1, 1, 1, 1, 1, 0, 0, 0], [0, 0, 1, 0, 1, 0, 0, 1, 1, 0, 0, 0, 1, 0, 1, 0, 1, 1, 1, 1, 1], [0, 1, 1, 1, 0, 0, 0, 0, 0, 0, 0, 0, 1, 0, 1, 0, 0, 1, 0, 1, 0], [0, 1, 1, 1, 0, 1, 1, 0, 1, 0, 0, 0, 0, 0, 0, 1, 0, 0, 1, 1, 0], [1, 0, 1, 1, 0, 1, 1, 0, 1, 1, 1, 0, 0, 1, 0, 1, 1, 1, 1, 0, 1], [0, 0, 1, 1, 1, 0, 1, 0, 1, 0, 0, 0, 1, 0, 0, 0, 0, 0, 1, 1, 1], [0, 1, 0, 0, 1, 0, 1, 1, 1, 1, 1, 0, 0, 0, 0, 1, 0, 0, 1, 0, 0], [1, 1, 1, 1, 1, 0, 1, 1, 1, 0, 0, 1, 1, 0, 1, 0, 0, 1, 0, 1, 0], [1, 1, 0, 1, 1, 0, 0, 0, 1, 1, 0, 0, 1, 0, 0, 0, 0, 1, 1, 0, 1], [1, 0, 1, 1, 1, 1, 1, 0, 1, 1, 1, 0, 1, 0, 0, 1, 1, 0, 0, 1, 0], [1, 1, 0, 1, 1, 0, 1, 0, 0, 1, 0, 1, 1, 1, 1, 0, 1, 0, 0, 1, 0], [0, 1, 1, 0, 1, 0, 0, 0, 0, 1, 1, 1, 0, 1, 0, 1, 0, 1, 1, 0, 0], [1, 0, 0, 1, 0, 1, 0, 1, 0, 1, 0, 0, 1, 1, 0, 0, 1, 0, 0, 0, 0]]",16.0,8.0,Y,"{0: 24, 1: 32, 2: 40, 3: 48, 4: 56, 5: 64, 6: 72, 7: 80, 8: 88, 9: 96, 10: 104, 11: 112, 12: 120, 13: 128, 14: 136, 15: 144, 16: 152, 17: 160, 18: 168, 19: 176, 20: 16}",Y,"{0: 24, 1: 32, 2: 40, 3: 48, 4: 56, 5: 64, 6: 72, 7: 80, 8: 88, 9: 96, 10: 104, 11: 112, 12: 120, 13: 128, 14: 136, 15: 144, 16: 152, 17: 160, 18: 168, 19: 176, 20: 16}","{(0, 2): 1, (0, 4): 1, (0, 5): 1, (0, 6): 1, (0, 8): 1, (0, 12): 1, (0, 15): 1, (0, 16): 14, (0, 17): 1, (0, 18): 1, (0, 20): 1, (1, 2): 1, (1, 6): 1, (1, 7): 1, (1, 8): 1, (1, 10): 22, (1, 11): 1, (1, 14): 1, (1, 15): 1, (1, 16): 1, (1, 18): 1, (1, 19): 1, (2, 3): 1, (2, 4): 1, (2, 6): 1, (2, 7): 1, (2, 8): 1, (2, 9): 1, (2, 10): 1, (2, 11): 1, (2, 12): 1, (2, 13): 26, (2, 15): 1, (2, 17): 1, (2, 19): 1, (3, 4): 1, (3, 5): 1, (3, 10): 1, (3, 11): 1, (3, 12): 3, (3, 13): 18, (3, 15): 1, (3, 16): 1, (3, 17): 18, (3, 18): 1, (3, 20): 1, (4, 5): 1, (4, 7): 1, (4, 9): 44, (4, 13): 1, (4, 14): 1, (4, 15): 1, (4, 16): 1, (4, 17): 1, (4, 18): 1, (4, 19): 1, (5, 8): 1, (5, 11): 49, (5, 12): 1, (5, 17): 1, (5, 20): 9, (6, 7): 1, (6, 8): 1, (6, 11): 1, (6, 12): 1, (6, 13): 61, (6, 14): 1, (6, 15): 1, (6, 17): 1, (6, 18): 1, (7, 8): 1, (7, 9): 1, (7, 14): 1, (7, 15): 72, (7, 20): 1, (8, 9): 1, (8, 11): 1, (8, 12): 1, (8, 13): 1, (8, 14): 1, (8, 15): 35, (8, 16): 1, (8, 17): 41, (9, 12): 1, (9, 14): 1, (9, 16): 43, (9, 17): 1, (9, 18): 1, (9, 19): 1, (9, 20): 1, (10, 12): 1, (10, 14): 1, (10, 17): 1, (10, 19): 77, (11, 15): 27, (11, 18): 30, (11, 19): 1, (12, 13): 18, (12, 15): 1, (12, 16): 88, (12, 17): 1, (12, 18): 1, (12, 20): 1, (13, 18): 1, (13, 19): 1, (13, 20): 1, (14, 15): 1, (14, 18): 128, (15, 17): 1, (15, 19): 1, (16, 17): 1, (16, 18): 1, (16, 20): 1, (17, 19): 91, (18, 19): 1}",1180.887222290039,115.0,21.0,230.0
35.0,Graph with 21 nodes and 91 edges,"[[0, 1, 1, 0, 1, 1, 0, 0, 0, 0, 0, 1, 1, 0, 0, 0, 0, 0, 1, 0, 0], [1, 0, 1, 1, 1, 0, 0, 0, 0, 1, 0, 0, 0, 0, 0, 1, 1, 1, 0, 1, 0], [1, 1, 0, 0, 1, 1, 0, 0, 0, 0, 0, 1, 0, 0, 0, 0, 0, 0, 0, 1, 0], [0, 1, 0, 0, 0, 1, 1, 1, 1, 1, 0, 1, 0, 1, 1, 1, 0, 1, 1, 0, 0], [1, 1, 1, 0, 0, 1, 0, 1, 1, 0, 1, 1, 1, 1, 0, 1, 0, 1, 1, 0, 0], [1, 0, 1, 1, 1, 0, 1, 0, 0, 0, 0, 1, 0, 0, 1, 0, 1, 1, 0, 0, 0], [0, 0, 0, 1, 0, 1, 0, 1, 0, 1, 1, 0, 1, 1, 1, 1, 0, 1, 0, 0, 0], [0, 0, 0, 1, 1, 0, 1, 0, 0, 1, 1, 1, 0, 1, 1, 0, 1, 1, 1, 0, 0], [0, 0, 0, 1, 1, 0, 0, 0, 0, 1, 0, 0, 0, 0, 0, 1, 0, 1, 1, 1, 0], [0, 1, 0, 1, 0, 0, 1, 1, 1, 0, 0, 0, 1, 1, 0, 0, 0, 0, 0, 1, 0], [0, 0, 0, 0, 1, 0, 1, 1, 0, 0, 0, 1, 0, 0, 0, 1, 1, 0, 0, 1, 0], [1, 0, 1, 1, 1, 1, 0, 1, 0, 0, 1, 0, 0, 1, 0, 0, 0, 0, 0, 1, 0], [1, 0, 0, 0, 1, 0, 1, 0, 0, 1, 0, 0, 0, 0, 0, 0, 0, 1, 1, 0, 1], [0, 0, 0, 1, 1, 0, 1, 1, 0, 1, 0, 1, 0, 0, 0, 0, 1, 0, 1, 0, 1], [0, 0, 0, 1, 0, 1, 1, 1, 0, 0, 0, 0, 0, 0, 0, 1, 1, 0, 0, 1, 0], [0, 1, 0, 1, 1, 0, 1, 0, 1, 0, 1, 0, 0, 0, 1, 0, 0, 1, 0, 1, 1], [0, 1, 0, 0, 0, 1, 0, 1, 0, 0, 1, 0, 0, 1, 1, 0, 0, 0, 0, 1, 1], [0, 1, 0, 1, 1, 1, 1, 1, 1, 0, 0, 0, 1, 0, 0, 1, 0, 0, 0, 1, 0], [1, 0, 0, 1, 1, 0, 0, 1, 1, 0, 0, 0, 1, 1, 0, 0, 0, 0, 0, 1, 0], [0, 1, 1, 0, 0, 0, 0, 0, 1, 1, 1, 1, 0, 0, 1, 1, 1, 1, 1, 0, 0], [0, 0, 0, 0, 0, 0, 0, 0, 0, 0, 0, 0, 1, 1, 0, 1, 1, 0, 0, 0, 0]]",6.0,1.0,Y,"{0: 8, 1: 10, 2: 7, 3: 13, 4: 14, 5: 11, 6: 12, 7: 15, 8: 9, 9: 16, 10: 17, 11: 18, 12: 19, 13: 20, 14: 21, 15: 22, 16: 23, 17: 24, 18: 25, 19: 26, 20: 6}",Y,"{0: 8, 1: 10, 2: 7, 3: 13, 4: 14, 5: 11, 6: 12, 7: 15, 8: 9, 9: 16, 10: 17, 11: 18, 12: 19, 13: 20, 14: 21, 15: 22, 16: 23, 17: 24, 18: 25, 19: 26, 20: 6}","{(0, 1): 1, (0, 2): 1, (0, 4): 1, (0, 5): 1, (0, 11): 2, (0, 12): 1, (0, 18): 1, (1, 2): 1, (1, 3): 1, (1, 4): 1, (1, 9): 2, (1, 15): 1, (1, 16): 1, (1, 17): 1, (1, 19): 1, (2, 4): 1, (2, 5): 2, (2, 11): 1, (2, 19): 1, (3, 5): 1, (3, 6): 1, (3, 7): 1, (3, 8): 1, (3, 9): 1, (3, 11): 1, (3, 13): 1, (3, 14): 2, (3, 15): 1, (3, 17): 1, (3, 18): 1, (4, 5): 1, (4, 7): 1, (4, 8): 1, (4, 10): 1, (4, 11): 2, (4, 12): 1, (4, 13): 1, (4, 15): 1, (4, 17): 1, (4, 18): 1, (5, 6): 1, (5, 11): 1, (5, 14): 2, (5, 16): 1, (5, 17): 1, (6, 7): 1, (6, 9): 1, (6, 10): 1, (6, 12): 1, (6, 13): 1, (6, 14): 2, (6, 15): 2, (6, 17): 1, (7, 9): 1, (7, 10): 1, (7, 11): 1, (7, 13): 1, (7, 14): 3, (7, 16): 1, (7, 17): 3, (7, 18): 1, (8, 9): 3, (8, 15): 1, (8, 17): 1, (8, 18): 1, (8, 19): 1, (9, 12): 1, (9, 13): 2, (9, 19): 5, (10, 11): 3, (10, 15): 1, (10, 16): 9, (10, 19): 1, (11, 13): 2, (11, 19): 5, (12, 17): 2, (12, 18): 12, (12, 20): 1, (13, 16): 2, (13, 18): 7, (13, 20): 3, (14, 15): 3, (14, 16): 5, (14, 19): 4, (15, 17): 10, (15, 19): 1, (15, 20): 1, (16, 19): 3, (16, 20): 1, (17, 19): 3, (18, 19): 1}",57.93571472167969,91.0,21.0,182.0
35.0,Graph with 21 nodes and 91 edges,"[[0, 1, 1, 0, 1, 1, 0, 0, 0, 0, 0, 1, 1, 0, 0, 0, 0, 0, 1, 0, 0], [1, 0, 1, 1, 1, 0, 0, 0, 0, 1, 0, 0, 0, 0, 0, 1, 1, 1, 0, 1, 0], [1, 1, 0, 0, 1, 1, 0, 0, 0, 0, 0, 1, 0, 0, 0, 0, 0, 0, 0, 1, 0], [0, 1, 0, 0, 0, 1, 1, 1, 1, 1, 0, 1, 0, 1, 1, 1, 0, 1, 1, 0, 0], [1, 1, 1, 0, 0, 1, 0, 1, 1, 0, 1, 1, 1, 1, 0, 1, 0, 1, 1, 0, 0], [1, 0, 1, 1, 1, 0, 1, 0, 0, 0, 0, 1, 0, 0, 1, 0, 1, 1, 0, 0, 0], [0, 0, 0, 1, 0, 1, 0, 1, 0, 1, 1, 0, 1, 1, 1, 1, 0, 1, 0, 0, 0], [0, 0, 0, 1, 1, 0, 1, 0, 0, 1, 1, 1, 0, 1, 1, 0, 1, 1, 1, 0, 0], [0, 0, 0, 1, 1, 0, 0, 0, 0, 1, 0, 0, 0, 0, 0, 1, 0, 1, 1, 1, 0], [0, 1, 0, 1, 0, 0, 1, 1, 1, 0, 0, 0, 1, 1, 0, 0, 0, 0, 0, 1, 0], [0, 0, 0, 0, 1, 0, 1, 1, 0, 0, 0, 1, 0, 0, 0, 1, 1, 0, 0, 1, 0], [1, 0, 1, 1, 1, 1, 0, 1, 0, 0, 1, 0, 0, 1, 0, 0, 0, 0, 0, 1, 0], [1, 0, 0, 0, 1, 0, 1, 0, 0, 1, 0, 0, 0, 0, 0, 0, 0, 1, 1, 0, 1], [0, 0, 0, 1, 1, 0, 1, 1, 0, 1, 0, 1, 0, 0, 0, 0, 1, 0, 1, 0, 1], [0, 0, 0, 1, 0, 1, 1, 1, 0, 0, 0, 0, 0, 0, 0, 1, 1, 0, 0, 1, 0], [0, 1, 0, 1, 1, 0, 1, 0, 1, 0, 1, 0, 0, 0, 1, 0, 0, 1, 0, 1, 1], [0, 1, 0, 0, 0, 1, 0, 1, 0, 0, 1, 0, 0, 1, 1, 0, 0, 0, 0, 1, 1], [0, 1, 0, 1, 1, 1, 1, 1, 1, 0, 0, 0, 1, 0, 0, 1, 0, 0, 0, 1, 0], [1, 0, 0, 1, 1, 0, 0, 1, 1, 0, 0, 0, 1, 1, 0, 0, 0, 0, 0, 1, 0], [0, 1, 1, 0, 0, 0, 0, 0, 1, 1, 1, 1, 0, 0, 1, 1, 1, 1, 1, 0, 0], [0, 0, 0, 0, 0, 0, 0, 0, 0, 0, 0, 0, 1, 1, 0, 1, 1, 0, 0, 0, 0]]",8.0,3.0,Y,"{0: 68, 1: 65, 2: 62, 3: 59, 4: 56, 5: 53, 6: 50, 7: 47, 8: 44, 9: 41, 10: 38, 11: 35, 12: 32, 13: 29, 14: 26, 15: 23, 16: 20, 17: 17, 18: 14, 19: 11, 20: 8}",Y,"{0: 68, 1: 65, 2: 62, 3: 59, 4: 56, 5: 53, 6: 50, 7: 47, 8: 44, 9: 41, 10: 38, 11: 35, 12: 32, 13: 29, 14: 26, 15: 23, 16: 20, 17: 17, 18: 14, 19: 11, 20: 8}","{(0, 1): 1, (0, 2): 1, (0, 4): 40, (0, 5): 19, (0, 11): 1, (0, 12): 5, (0, 18): 1, (1, 2): 45, (1, 3): 1, (1, 4): 1, (1, 9): 4, (1, 15): 5, (1, 16): 1, (1, 17): 6, (1, 19): 1, (2, 4): 3, (2, 5): 11, (2, 11): 1, (2, 19): 1, (3, 5): 6, (3, 6): 1, (3, 7): 24, (3, 8): 9, (3, 9): 1, (3, 11): 5, (3, 13): 1, (3, 14): 6, (3, 15): 1, (3, 17): 1, (3, 18): 3, (4, 5): 3, (4, 7): 1, (4, 8): 1, (4, 10): 1, (4, 11): 1, (4, 12): 1, (4, 13): 1, (4, 15): 1, (4, 17): 1, (4, 18): 1, (5, 6): 7, (5, 11): 4, (5, 14): 1, (5, 16): 1, (5, 17): 1, (6, 7): 1, (6, 9): 3, (6, 10): 1, (6, 12): 18, (6, 13): 6, (6, 14): 11, (6, 15): 1, (6, 17): 1, (7, 9): 1, (7, 10): 10, (7, 11): 5, (7, 13): 1, (7, 14): 1, (7, 16): 1, (7, 17): 1, (7, 18): 1, (8, 9): 27, (8, 15): 1, (8, 17): 3, (8, 18): 2, (8, 19): 1, (9, 12): 3, (9, 13): 1, (9, 19): 1, (10, 11): 11, (10, 15): 6, (10, 16): 8, (10, 19): 1, (11, 13): 6, (11, 19): 1, (12, 17): 1, (12, 18): 1, (12, 20): 3, (13, 16): 6, (13, 18): 4, (13, 20): 3, (14, 15): 5, (14, 16): 1, (14, 19): 1, (15, 17): 1, (15, 19): 1, (15, 20): 1, (16, 19): 1, (16, 20): 1, (17, 19): 1, (18, 19): 1}",86.06910705566406,91.0,21.0,182.0
36.0,Graph with 21 nodes and 93 edges,"[[0, 1, 0, 0, 1, 0, 1, 1, 1, 1, 0, 0, 1, 1, 1, 0, 0, 1, 0, 0, 0], [1, 0, 1, 0, 1, 0, 0, 1, 0, 0, 0, 0, 0, 0, 0, 0, 0, 1, 0, 0, 1], [0, 1, 0, 0, 1, 1, 1, 0, 1, 1, 1, 1, 1, 0, 1, 1, 1, 0, 1, 0, 0], [0, 0, 0, 0, 1, 0, 1, 0, 1, 0, 1, 0, 0, 1, 0, 1, 0, 0, 1, 0, 0], [1, 1, 1, 1, 0, 0, 0, 1, 0, 0, 0, 0, 0, 1, 0, 1, 0, 1, 1, 1, 0], [0, 0, 1, 0, 0, 0, 0, 1, 1, 0, 0, 1, 0, 0, 0, 1, 0, 0, 0, 1, 1], [1, 0, 1, 1, 0, 0, 0, 0, 0, 1, 1, 1, 0, 1, 0, 0, 1, 0, 0, 0, 0], [1, 1, 0, 0, 1, 1, 0, 0, 0, 0, 1, 0, 0, 0, 0, 0, 1, 0, 0, 1, 0], [1, 0, 1, 1, 0, 1, 0, 0, 0, 0, 0, 1, 1, 1, 1, 1, 1, 0, 0, 1, 0], [1, 0, 1, 0, 0, 0, 1, 0, 0, 0, 1, 0, 0, 0, 0, 1, 0, 0, 0, 1, 0], [0, 0, 1, 1, 0, 0, 1, 1, 0, 1, 0, 0, 1, 1, 1, 1, 1, 0, 0, 0, 0], [0, 0, 1, 0, 0, 1, 1, 0, 1, 0, 0, 0, 1, 1, 1, 0, 0, 0, 1, 0, 0], [1, 0, 1, 0, 0, 0, 0, 0, 1, 0, 1, 1, 0, 1, 0, 1, 0, 1, 1, 0, 1], [1, 0, 0, 1, 1, 0, 1, 0, 1, 0, 1, 1, 1, 0, 0, 1, 0, 1, 1, 0, 1], [1, 0, 1, 0, 0, 0, 0, 0, 1, 0, 1, 1, 0, 0, 0, 1, 0, 0, 1, 0, 0], [0, 0, 1, 1, 1, 1, 0, 0, 1, 1, 1, 0, 1, 1, 1, 0, 0, 1, 1, 1, 1], [0, 0, 1, 0, 0, 0, 1, 1, 1, 0, 1, 0, 0, 0, 0, 0, 0, 1, 1, 1, 0], [1, 1, 0, 0, 1, 0, 0, 0, 0, 0, 0, 0, 1, 1, 0, 1, 1, 0, 0, 0, 1], [0, 0, 1, 1, 1, 0, 0, 0, 0, 0, 0, 1, 1, 1, 1, 1, 1, 0, 0, 0, 1], [0, 0, 0, 0, 1, 1, 0, 1, 1, 1, 0, 0, 0, 0, 0, 1, 1, 0, 0, 0, 0], [0, 1, 0, 0, 0, 1, 0, 0, 0, 0, 0, 0, 1, 1, 0, 1, 0, 1, 1, 0, 0]]",16.0,1.0,Y,"{0: 17, 1: 18, 2: 19, 3: 20, 4: 21, 5: 22, 6: 23, 7: 24, 8: 25, 9: 26, 10: 27, 11: 28, 12: 29, 13: 30, 14: 31, 15: 32, 16: 33, 17: 34, 18: 35, 19: 36, 20: 16}",Y,"{0: 17, 1: 18, 2: 19, 3: 20, 4: 21, 5: 22, 6: 23, 7: 24, 8: 25, 9: 26, 10: 27, 11: 28, 12: 29, 13: 30, 14: 31, 15: 32, 16: 33, 17: 34, 18: 35, 19: 36, 20: 16}","{(0, 1): 1, (0, 4): 1, (0, 6): 1, (0, 7): 2, (0, 8): 1, (0, 9): 3, (0, 12): 1, (0, 13): 1, (0, 14): 5, (0, 17): 1, (1, 2): 1, (1, 4): 12, (1, 7): 2, (1, 17): 1, (1, 20): 1, (2, 4): 1, (2, 5): 3, (2, 6): 1, (2, 8): 5, (2, 9): 1, (2, 10): 1, (2, 11): 1, (2, 12): 1, (2, 14): 1, (2, 15): 1, (2, 16): 1, (2, 18): 1, (3, 4): 1, (3, 6): 12, (3, 8): 3, (3, 10): 1, (3, 13): 1, (3, 15): 1, (3, 18): 1, (4, 7): 1, (4, 13): 1, (4, 15): 1, (4, 17): 1, (4, 18): 1, (4, 19): 1, (5, 7): 1, (5, 8): 1, (5, 11): 1, (5, 15): 8, (5, 19): 7, (5, 20): 1, (6, 9): 1, (6, 10): 1, (6, 11): 1, (6, 13): 5, (6, 16): 1, (7, 10): 5, (7, 16): 10, (7, 19): 3, (8, 11): 9, (8, 12): 1, (8, 13): 1, (8, 14): 1, (8, 15): 1, (8, 16): 1, (8, 19): 1, (9, 10): 1, (9, 15): 1, (9, 19): 19, (10, 12): 1, (10, 13): 6, (10, 14): 9, (10, 15): 1, (10, 16): 1, (11, 12): 2, (11, 13): 7, (11, 14): 6, (11, 18): 1, (12, 13): 1, (12, 15): 1, (12, 17): 1, (12, 18): 19, (12, 20): 1, (13, 15): 1, (13, 17): 4, (13, 18): 1, (13, 20): 1, (14, 15): 1, (14, 18): 8, (15, 17): 5, (15, 18): 1, (15, 19): 3, (15, 20): 6, (16, 17): 16, (16, 18): 1, (16, 19): 2, (17, 20): 5, (18, 20): 1}",44.10743713378906,93.0,21.0,186.0
36.0,Graph with 21 nodes and 93 edges,"[[0, 1, 0, 0, 1, 0, 1, 1, 1, 1, 0, 0, 1, 1, 1, 0, 0, 1, 0, 0, 0], [1, 0, 1, 0, 1, 0, 0, 1, 0, 0, 0, 0, 0, 0, 0, 0, 0, 1, 0, 0, 1], [0, 1, 0, 0, 1, 1, 1, 0, 1, 1, 1, 1, 1, 0, 1, 1, 1, 0, 1, 0, 0], [0, 0, 0, 0, 1, 0, 1, 0, 1, 0, 1, 0, 0, 1, 0, 1, 0, 0, 1, 0, 0], [1, 1, 1, 1, 0, 0, 0, 1, 0, 0, 0, 0, 0, 1, 0, 1, 0, 1, 1, 1, 0], [0, 0, 1, 0, 0, 0, 0, 1, 1, 0, 0, 1, 0, 0, 0, 1, 0, 0, 0, 1, 1], [1, 0, 1, 1, 0, 0, 0, 0, 0, 1, 1, 1, 0, 1, 0, 0, 1, 0, 0, 0, 0], [1, 1, 0, 0, 1, 1, 0, 0, 0, 0, 1, 0, 0, 0, 0, 0, 1, 0, 0, 1, 0], [1, 0, 1, 1, 0, 1, 0, 0, 0, 0, 0, 1, 1, 1, 1, 1, 1, 0, 0, 1, 0], [1, 0, 1, 0, 0, 0, 1, 0, 0, 0, 1, 0, 0, 0, 0, 1, 0, 0, 0, 1, 0], [0, 0, 1, 1, 0, 0, 1, 1, 0, 1, 0, 0, 1, 1, 1, 1, 1, 0, 0, 0, 0], [0, 0, 1, 0, 0, 1, 1, 0, 1, 0, 0, 0, 1, 1, 1, 0, 0, 0, 1, 0, 0], [1, 0, 1, 0, 0, 0, 0, 0, 1, 0, 1, 1, 0, 1, 0, 1, 0, 1, 1, 0, 1], [1, 0, 0, 1, 1, 0, 1, 0, 1, 0, 1, 1, 1, 0, 0, 1, 0, 1, 1, 0, 1], [1, 0, 1, 0, 0, 0, 0, 0, 1, 0, 1, 1, 0, 0, 0, 1, 0, 0, 1, 0, 0], [0, 0, 1, 1, 1, 1, 0, 0, 1, 1, 1, 0, 1, 1, 1, 0, 0, 1, 1, 1, 1], [0, 0, 1, 0, 0, 0, 1, 1, 1, 0, 1, 0, 0, 0, 0, 0, 0, 1, 1, 1, 0], [1, 1, 0, 0, 1, 0, 0, 0, 0, 0, 0, 0, 1, 1, 0, 1, 1, 0, 0, 0, 1], [0, 0, 1, 1, 1, 0, 0, 0, 0, 0, 0, 1, 1, 1, 1, 1, 1, 0, 0, 0, 1], [0, 0, 0, 0, 1, 1, 0, 1, 1, 1, 0, 0, 0, 0, 0, 1, 1, 0, 0, 0, 0], [0, 1, 0, 0, 0, 1, 0, 0, 0, 0, 0, 0, 1, 1, 0, 1, 0, 1, 1, 0, 0]]",24.0,1.0,Y,"{0: 25, 1: 26, 2: 27, 3: 28, 4: 29, 5: 30, 6: 31, 7: 32, 8: 33, 9: 34, 10: 35, 11: 36, 12: 37, 13: 38, 14: 39, 15: 40, 16: 41, 17: 42, 18: 43, 19: 44, 20: 24}",Y,"{0: 25, 1: 26, 2: 27, 3: 28, 4: 29, 5: 30, 6: 31, 7: 32, 8: 33, 9: 34, 10: 35, 11: 36, 12: 37, 13: 38, 14: 39, 15: 40, 16: 41, 17: 42, 18: 43, 19: 44, 20: 24}","{(0, 1): 5, (0, 4): 3, (0, 6): 1, (0, 7): 5, (0, 8): 5, (0, 9): 1, (0, 12): 1, (0, 13): 1, (0, 14): 1, (0, 17): 2, (1, 2): 1, (1, 4): 9, (1, 7): 5, (1, 17): 1, (1, 20): 5, (2, 4): 1, (2, 5): 1, (2, 6): 1, (2, 8): 1, (2, 9): 1, (2, 10): 1, (2, 11): 9, (2, 12): 5, (2, 14): 3, (2, 15): 1, (2, 16): 1, (2, 18): 1, (3, 4): 1, (3, 6): 2, (3, 8): 9, (3, 10): 1, (3, 13): 5, (3, 15): 1, (3, 18): 9, (4, 7): 5, (4, 13): 1, (4, 15): 3, (4, 17): 2, (4, 18): 1, (4, 19): 3, (5, 7): 8, (5, 8): 1, (5, 11): 1, (5, 15): 5, (5, 19): 7, (5, 20): 7, (6, 9): 3, (6, 10): 5, (6, 11): 8, (6, 13): 7, (6, 16): 4, (7, 10): 1, (7, 16): 7, (7, 19): 1, (8, 11): 5, (8, 12): 1, (8, 13): 1, (8, 14): 1, (8, 15): 3, (8, 16): 1, (8, 19): 5, (9, 10): 5, (9, 15): 1, (9, 19): 23, (10, 12): 1, (10, 13): 5, (10, 14): 10, (10, 15): 1, (10, 16): 5, (11, 12): 6, (11, 13): 1, (11, 14): 5, (11, 18): 1, (12, 13): 1, (12, 15): 1, (12, 17): 15, (12, 18): 1, (12, 20): 5, (13, 15): 3, (13, 17): 3, (13, 18): 9, (13, 20): 1, (14, 15): 11, (14, 18): 8, (15, 17): 1, (15, 18): 7, (15, 19): 1, (15, 20): 1, (16, 17): 17, (16, 18): 2, (16, 19): 4, (17, 20): 1, (18, 20): 4}",105.14259338378906,93.0,21.0,186.0
37.0,Graph with 21 nodes and 105 edges,"[[0, 1, 1, 0, 0, 0, 0, 1, 0, 1, 1, 1, 0, 1, 1, 1, 0, 0, 0, 1, 0], [1, 0, 0, 1, 1, 0, 1, 0, 0, 1, 0, 1, 0, 0, 1, 1, 1, 0, 0, 1, 1], [1, 0, 0, 0, 0, 1, 1, 0, 1, 1, 0, 1, 0, 0, 0, 1, 0, 0, 0, 0, 0], [0, 1, 0, 0, 0, 0, 0, 0, 0, 1, 1, 1, 1, 1, 0, 0, 0, 1, 0, 0, 1], [0, 1, 0, 0, 0, 1, 1, 0, 0, 0, 1, 1, 1, 0, 0, 0, 0, 0, 0, 1, 0], [0, 0, 1, 0, 1, 0, 1, 0, 0, 0, 0, 1, 0, 1, 1, 1, 0, 1, 0, 0, 1], [0, 1, 1, 0, 1, 1, 0, 1, 1, 0, 1, 1, 1, 1, 0, 0, 0, 1, 0, 0, 1], [1, 0, 0, 0, 0, 0, 1, 0, 1, 1, 1, 0, 0, 0, 0, 1, 1, 1, 0, 0, 1], [0, 0, 1, 0, 0, 0, 1, 1, 0, 0, 1, 0, 1, 1, 1, 1, 0, 0, 1, 1, 0], [1, 1, 1, 1, 0, 0, 0, 1, 0, 0, 1, 0, 1, 0, 0, 1, 0, 1, 0, 0, 1], [1, 0, 0, 1, 1, 0, 1, 1, 1, 1, 0, 1, 0, 1, 1, 0, 1, 1, 0, 0, 1], [1, 1, 1, 1, 1, 1, 1, 0, 0, 0, 1, 0, 1, 1, 0, 1, 1, 0, 1, 1, 1], [0, 0, 0, 1, 1, 0, 1, 0, 1, 1, 0, 1, 0, 0, 1, 1, 1, 1, 1, 1, 1], [1, 0, 0, 1, 0, 1, 1, 0, 1, 0, 1, 1, 0, 0, 1, 1, 1, 0, 1, 1, 0], [1, 1, 0, 0, 0, 1, 0, 0, 1, 0, 1, 0, 1, 1, 0, 0, 1, 0, 0, 1, 0], [1, 1, 1, 0, 0, 1, 0, 1, 1, 1, 0, 1, 1, 1, 0, 0, 0, 0, 0, 1, 0], [0, 1, 0, 0, 0, 0, 0, 1, 0, 0, 1, 1, 1, 1, 1, 0, 0, 0, 1, 0, 1], [0, 0, 0, 1, 0, 1, 1, 1, 0, 1, 1, 0, 1, 0, 0, 0, 0, 0, 0, 0, 1], [0, 0, 0, 0, 0, 0, 0, 0, 1, 0, 0, 1, 1, 1, 0, 0, 1, 0, 0, 0, 1], [1, 1, 0, 0, 1, 0, 0, 0, 1, 0, 0, 1, 1, 1, 1, 1, 0, 0, 0, 0, 0], [0, 1, 0, 1, 0, 1, 1, 1, 0, 1, 1, 1, 1, 0, 0, 0, 1, 1, 1, 0, 0]]",8.0,6.0,Y,"{0: 14, 1: 128, 2: 8, 3: 122, 4: 116, 5: 110, 6: 104, 7: 98, 8: 92, 9: 86, 10: 80, 11: 20, 12: 74, 13: 68, 14: 62, 15: 56, 16: 50, 17: 44, 18: 38, 19: 32, 20: 26}",Y,"{0: 14, 1: 128, 2: 8, 3: 122, 4: 116, 5: 110, 6: 104, 7: 98, 8: 92, 9: 86, 10: 80, 11: 20, 12: 74, 13: 68, 14: 62, 15: 56, 16: 50, 17: 44, 18: 38, 19: 32, 20: 26}","{(0, 1): 5, (0, 2): 1, (0, 7): 1, (0, 9): 1, (0, 10): 1, (0, 11): 1, (0, 13): 1, (0, 14): 1, (0, 15): 1, (0, 19): 1, (1, 3): 6, (1, 4): 30, (1, 6): 47, (1, 9): 1, (1, 11): 1, (1, 14): 7, (1, 15): 27, (1, 16): 1, (1, 19): 1, (1, 20): 2, (2, 5): 1, (2, 6): 1, (2, 8): 2, (2, 9): 1, (2, 11): 1, (2, 15): 1, (3, 9): 61, (3, 10): 43, (3, 11): 6, (3, 12): 1, (3, 13): 1, (3, 17): 3, (3, 20): 1, (4, 5): 75, (4, 6): 7, (4, 10): 1, (4, 11): 1, (4, 12): 1, (4, 19): 1, (5, 6): 7, (5, 11): 1, (5, 13): 15, (5, 14): 1, (5, 15): 5, (5, 17): 4, (5, 20): 1, (6, 7): 18, (6, 8): 1, (6, 10): 1, (6, 11): 1, (6, 12): 18, (6, 13): 1, (6, 17): 1, (6, 20): 1, (7, 8): 18, (7, 9): 1, (7, 10): 20, (7, 15): 1, (7, 16): 7, (7, 17): 25, (7, 20): 7, (8, 10): 1, (8, 12): 44, (8, 13): 22, (8, 14): 1, (8, 15): 1, (8, 18): 1, (8, 19): 1, (9, 10): 1, (9, 12): 2, (9, 15): 16, (9, 17): 1, (9, 20): 1, (10, 11): 1, (10, 13): 1, (10, 14): 7, (10, 16): 1, (10, 17): 1, (10, 20): 1, (11, 12): 1, (11, 13): 1, (11, 15): 1, (11, 16): 1, (11, 18): 1, (11, 19): 1, (11, 20): 1, (12, 14): 1, (12, 15): 1, (12, 16): 1, (12, 17): 1, (12, 18): 1, (12, 19): 1, (12, 20): 1, (13, 14): 19, (13, 15): 1, (13, 16): 4, (13, 18): 1, (13, 19): 1, (14, 16): 1, (14, 19): 24, (15, 19): 1, (16, 18): 33, (16, 20): 1, (17, 20): 8, (18, 20): 1}",67.94929504394531,105.0,21.0,210.0
37.0,Graph with 21 nodes and 105 edges,"[[0, 1, 1, 0, 0, 0, 0, 1, 0, 1, 1, 1, 0, 1, 1, 1, 0, 0, 0, 1, 0], [1, 0, 0, 1, 1, 0, 1, 0, 0, 1, 0, 1, 0, 0, 1, 1, 1, 0, 0, 1, 1], [1, 0, 0, 0, 0, 1, 1, 0, 1, 1, 0, 1, 0, 0, 0, 1, 0, 0, 0, 0, 0], [0, 1, 0, 0, 0, 0, 0, 0, 0, 1, 1, 1, 1, 1, 0, 0, 0, 1, 0, 0, 1], [0, 1, 0, 0, 0, 1, 1, 0, 0, 0, 1, 1, 1, 0, 0, 0, 0, 0, 0, 1, 0], [0, 0, 1, 0, 1, 0, 1, 0, 0, 0, 0, 1, 0, 1, 1, 1, 0, 1, 0, 0, 1], [0, 1, 1, 0, 1, 1, 0, 1, 1, 0, 1, 1, 1, 1, 0, 0, 0, 1, 0, 0, 1], [1, 0, 0, 0, 0, 0, 1, 0, 1, 1, 1, 0, 0, 0, 0, 1, 1, 1, 0, 0, 1], [0, 0, 1, 0, 0, 0, 1, 1, 0, 0, 1, 0, 1, 1, 1, 1, 0, 0, 1, 1, 0], [1, 1, 1, 1, 0, 0, 0, 1, 0, 0, 1, 0, 1, 0, 0, 1, 0, 1, 0, 0, 1], [1, 0, 0, 1, 1, 0, 1, 1, 1, 1, 0, 1, 0, 1, 1, 0, 1, 1, 0, 0, 1], [1, 1, 1, 1, 1, 1, 1, 0, 0, 0, 1, 0, 1, 1, 0, 1, 1, 0, 1, 1, 1], [0, 0, 0, 1, 1, 0, 1, 0, 1, 1, 0, 1, 0, 0, 1, 1, 1, 1, 1, 1, 1], [1, 0, 0, 1, 0, 1, 1, 0, 1, 0, 1, 1, 0, 0, 1, 1, 1, 0, 1, 1, 0], [1, 1, 0, 0, 0, 1, 0, 0, 1, 0, 1, 0, 1, 1, 0, 0, 1, 0, 0, 1, 0], [1, 1, 1, 0, 0, 1, 0, 1, 1, 1, 0, 1, 1, 1, 0, 0, 0, 0, 0, 1, 0], [0, 1, 0, 0, 0, 0, 0, 1, 0, 0, 1, 1, 1, 1, 1, 0, 0, 0, 1, 0, 1], [0, 0, 0, 1, 0, 1, 1, 1, 0, 1, 1, 0, 1, 0, 0, 0, 0, 0, 0, 0, 1], [0, 0, 0, 0, 0, 0, 0, 0, 1, 0, 0, 1, 1, 1, 0, 0, 1, 0, 0, 0, 1], [1, 1, 0, 0, 1, 0, 0, 0, 1, 0, 0, 1, 1, 1, 1, 1, 0, 0, 0, 0, 0], [0, 1, 0, 1, 0, 1, 1, 1, 0, 1, 1, 1, 1, 0, 0, 0, 1, 1, 1, 0, 0]]",20.0,1.0,Y,"{0: 40, 1: 23, 2: 36, 3: 22, 4: 25, 5: 34, 6: 20, 7: 31, 8: 32, 9: 33, 10: 38, 11: 37, 12: 24, 13: 30, 14: 29, 15: 39, 16: 35, 17: 21, 18: 27, 19: 28, 20: 26}",Y,"{0: 40, 1: 23, 2: 36, 3: 22, 4: 25, 5: 34, 6: 20, 7: 31, 8: 32, 9: 33, 10: 38, 11: 37, 12: 24, 13: 30, 14: 29, 15: 39, 16: 35, 17: 21, 18: 27, 19: 28, 20: 26}","{(0, 1): 1, (0, 2): 6, (0, 7): 4, (0, 9): 1, (0, 10): 10, (0, 11): 7, (0, 13): 1, (0, 14): 1, (0, 15): 1, (0, 19): 8, (1, 3): 1, (1, 4): 3, (1, 6): 1, (1, 9): 11, (1, 11): 1, (1, 14): 1, (1, 15): 1, (1, 16): 1, (1, 19): 1, (1, 20): 1, (2, 5): 5, (2, 6): 2, (2, 8): 1, (2, 9): 4, (2, 11): 1, (2, 15): 17, (3, 9): 11, (3, 10): 1, (3, 11): 1, (3, 12): 1, (3, 13): 1, (3, 17): 3, (3, 20): 3, (4, 5): 1, (4, 6): 1, (4, 10): 1, (4, 11): 7, (4, 12): 1, (4, 19): 11, (5, 6): 3, (5, 11): 5, (5, 13): 7, (5, 14): 6, (5, 15): 1, (5, 17): 5, (5, 20): 1, (6, 7): 1, (6, 8): 1, (6, 10): 1, (6, 11): 1, (6, 12): 2, (6, 13): 1, (6, 17): 1, (6, 20): 5, (7, 8): 9, (7, 9): 1, (7, 10): 6, (7, 15): 7, (7, 16): 1, (7, 17): 1, (7, 20): 1, (8, 10): 1, (8, 12): 1, (8, 13): 13, (8, 14): 3, (8, 15): 1, (8, 18): 1, (8, 19): 1, (9, 10): 1, (9, 12): 1, (9, 15): 1, (9, 17): 1, (9, 20): 1, (10, 11): 1, (10, 13): 1, (10, 14): 5, (10, 16): 1, (10, 17): 8, (10, 20): 1, (11, 12): 1, (11, 13): 1, (11, 15): 5, (11, 16): 3, (11, 18): 1, (11, 19): 1, (11, 20): 1, (12, 14): 5, (12, 15): 1, (12, 16): 7, (12, 17): 1, (12, 18): 1, (12, 19): 1, (12, 20): 1, (13, 14): 1, (13, 15): 1, (13, 16): 1, (13, 18): 1, (13, 19): 1, (14, 16): 6, (14, 19): 1, (15, 19): 3, (16, 18): 14, (16, 20): 1, (17, 20): 1, (18, 20): 9}",59.1278076171875,105.0,21.0,210.0
39.0,Graph with 21 nodes and 107 edges,"[[0, 1, 0, 1, 1, 1, 1, 0, 1, 0, 1, 0, 0, 1, 1, 0, 1, 0, 1, 0, 0], [1, 0, 0, 0, 1, 0, 0, 1, 1, 1, 0, 0, 0, 0, 0, 0, 0, 0, 1, 0, 1], [0, 0, 0, 1, 1, 1, 1, 1, 0, 0, 0, 0, 1, 0, 1, 1, 0, 1, 1, 0, 0], [1, 0, 1, 0, 0, 1, 1, 1, 1, 1, 0, 1, 0, 1, 0, 1, 0, 1, 1, 1, 1], [1, 1, 1, 0, 0, 1, 0, 1, 0, 1, 1, 0, 0, 0, 0, 1, 1, 1, 0, 1, 0], [1, 0, 1, 1, 1, 0, 0, 1, 1, 1, 1, 1, 1, 1, 1, 1, 0, 0, 0, 0, 1], [1, 0, 1, 1, 0, 0, 0, 0, 1, 0, 1, 0, 1, 0, 0, 0, 1, 1, 0, 1, 1], [0, 1, 1, 1, 1, 1, 0, 0, 0, 1, 0, 0, 1, 0, 1, 1, 1, 0, 1, 0, 1], [1, 1, 0, 1, 0, 1, 1, 0, 0, 0, 1, 1, 1, 0, 0, 1, 1, 1, 0, 1, 1], [0, 1, 0, 1, 1, 1, 0, 1, 0, 0, 0, 1, 1, 0, 0, 1, 0, 0, 0, 1, 0], [1, 0, 0, 0, 1, 1, 1, 0, 1, 0, 0, 1, 1, 1, 1, 1, 0, 1, 0, 1, 0], [0, 0, 0, 1, 0, 1, 0, 0, 1, 1, 1, 0, 0, 0, 0, 0, 0, 1, 0, 0, 0], [0, 0, 1, 0, 0, 1, 1, 1, 1, 1, 1, 0, 0, 1, 0, 0, 0, 0, 1, 1, 0], [1, 0, 0, 1, 0, 1, 0, 0, 0, 0, 1, 0, 1, 0, 0, 1, 0, 0, 1, 0, 1], [1, 0, 1, 0, 0, 1, 0, 1, 0, 0, 1, 0, 0, 0, 0, 1, 1, 1, 0, 1, 1], [0, 0, 1, 1, 1, 1, 0, 1, 1, 1, 1, 0, 0, 1, 1, 0, 0, 0, 0, 1, 0], [1, 0, 0, 0, 1, 0, 1, 1, 1, 0, 0, 0, 0, 0, 1, 0, 0, 1, 0, 0, 0], [0, 0, 1, 1, 1, 0, 1, 0, 1, 0, 1, 1, 0, 0, 1, 0, 1, 0, 1, 1, 0], [1, 1, 1, 1, 0, 0, 0, 1, 0, 0, 0, 0, 1, 1, 0, 0, 0, 1, 0, 1, 0], [0, 0, 0, 1, 1, 0, 1, 0, 1, 1, 1, 0, 1, 0, 1, 1, 0, 1, 1, 0, 0], [0, 1, 0, 1, 0, 1, 1, 1, 1, 0, 0, 0, 0, 1, 1, 0, 0, 0, 0, 0, 0]]",18.0,9.0,Y,"{0: 27, 1: 36, 2: 45, 3: 54, 4: 63, 5: 72, 6: 81, 7: 90, 8: 99, 9: 108, 10: 117, 11: 126, 12: 135, 13: 144, 14: 153, 15: 162, 16: 171, 17: 180, 18: 189, 19: 198, 20: 18}",Y,"{0: 27, 1: 36, 2: 45, 3: 54, 4: 63, 5: 72, 6: 81, 7: 90, 8: 99, 9: 108, 10: 117, 11: 126, 12: 135, 13: 144, 14: 153, 15: 162, 16: 171, 17: 180, 18: 189, 19: 198, 20: 18}","{(0, 1): 1, (0, 3): 1, (0, 4): 1, (0, 5): 1, (0, 6): 1, (0, 8): 1, (0, 10): 1, (0, 13): 1, (0, 14): 1, (0, 16): 17, (0, 18): 1, (1, 4): 1, (1, 7): 1, (1, 8): 1, (1, 9): 1, (1, 18): 30, (1, 20): 1, (2, 3): 1, (2, 4): 1, (2, 5): 1, (2, 6): 1, (2, 7): 1, (2, 12): 1, (2, 14): 1, (2, 15): 1, (2, 17): 1, (2, 18): 36, (3, 5): 1, (3, 6): 1, (3, 7): 1, (3, 8): 1, (3, 9): 1, (3, 11): 41, (3, 13): 1, (3, 15): 1, (3, 17): 1, (3, 18): 1, (3, 19): 1, (3, 20): 1, (4, 5): 1, (4, 7): 1, (4, 9): 1, (4, 10): 1, (4, 15): 1, (4, 16): 53, (4, 17): 1, (4, 19): 1, (5, 7): 1, (5, 8): 1, (5, 9): 1, (5, 10): 1, (5, 11): 1, (5, 12): 59, (5, 13): 1, (5, 14): 1, (5, 15): 1, (5, 20): 1, (6, 8): 1, (6, 10): 68, (6, 12): 1, (6, 16): 5, (6, 17): 1, (6, 19): 1, (6, 20): 1, (7, 9): 4, (7, 12): 1, (7, 14): 1, (7, 15): 66, (7, 16): 1, (7, 18): 1, (7, 20): 11, (8, 10): 1, (8, 11): 1, (8, 12): 1, (8, 15): 87, (8, 16): 1, (8, 17): 1, (8, 19): 1, (8, 20): 1, (9, 11): 4, (9, 12): 68, (9, 15): 1, (9, 19): 27, (10, 11): 1, (10, 12): 1, (10, 13): 39, (10, 14): 1, (10, 15): 1, (10, 17): 1, (10, 19): 1, (11, 17): 78, (12, 13): 1, (12, 18): 1, (12, 19): 1, (13, 15): 1, (13, 18): 99, (13, 20): 1, (14, 15): 1, (14, 16): 1, (14, 17): 1, (14, 19): 144, (14, 20): 1, (15, 19): 1, (16, 17): 93, (17, 18): 1, (17, 19): 1, (18, 19): 19}",1080.0361633300781,107.0,21.0,214.0
40.0,Graph with 21 nodes and 106 edges,"[[0, 0, 0, 0, 1, 0, 0, 0, 1, 1, 0, 1, 1, 1, 0, 0, 1, 1, 1, 1, 1], [0, 0, 1, 0, 0, 1, 1, 0, 1, 1, 0, 0, 1, 0, 0, 1, 0, 1, 1, 0, 1], [0, 1, 0, 0, 0, 1, 1, 0, 0, 1, 1, 1, 1, 0, 1, 1, 1, 0, 0, 0, 1], [0, 0, 0, 0, 1, 1, 1, 0, 1, 1, 1, 0, 1, 0, 0, 0, 1, 0, 0, 1, 1], [1, 0, 0, 1, 0, 0, 1, 0, 0, 1, 1, 0, 1, 1, 1, 1, 1, 1, 0, 0, 0], [0, 1, 1, 1, 0, 0, 1, 1, 1, 0, 1, 1, 0, 1, 0, 1, 1, 1, 1, 0, 0], [0, 1, 1, 1, 1, 1, 0, 1, 0, 1, 0, 1, 0, 1, 0, 0, 0, 1, 0, 1, 0], [0, 0, 0, 0, 0, 1, 1, 0, 1, 0, 0, 0, 1, 0, 0, 0, 1, 1, 0, 0, 1], [1, 1, 0, 1, 0, 1, 0, 1, 0, 1, 1, 1, 1, 0, 0, 0, 1, 0, 0, 0, 0], [1, 1, 1, 1, 1, 0, 1, 0, 1, 0, 0, 0, 0, 0, 0, 0, 1, 0, 1, 0, 0], [0, 0, 1, 1, 1, 1, 0, 0, 1, 0, 0, 1, 1, 1, 0, 0, 0, 1, 1, 0, 1], [1, 0, 1, 0, 0, 1, 1, 0, 1, 0, 1, 0, 1, 0, 0, 1, 1, 0, 0, 1, 0], [1, 1, 1, 1, 1, 0, 0, 1, 1, 0, 1, 1, 0, 1, 0, 1, 0, 1, 0, 0, 0], [1, 0, 0, 0, 1, 1, 1, 0, 0, 0, 1, 0, 1, 0, 1, 1, 1, 1, 1, 1, 1], [0, 0, 1, 0, 1, 0, 0, 0, 0, 0, 0, 0, 0, 1, 0, 1, 0, 1, 0, 0, 1], [0, 1, 1, 0, 1, 1, 0, 0, 0, 0, 0, 1, 1, 1, 1, 0, 0, 0, 1, 0, 1], [1, 0, 1, 1, 1, 1, 0, 1, 1, 1, 0, 1, 0, 1, 0, 0, 0, 0, 0, 0, 0], [1, 1, 0, 0, 1, 1, 1, 1, 0, 0, 1, 0, 1, 1, 1, 0, 0, 0, 1, 0, 1], [1, 1, 0, 0, 0, 1, 0, 0, 0, 1, 1, 0, 0, 1, 0, 1, 0, 1, 0, 1, 0], [1, 0, 0, 1, 0, 0, 1, 0, 0, 0, 0, 1, 0, 1, 0, 0, 0, 0, 1, 0, 0], [1, 1, 1, 1, 0, 0, 0, 1, 0, 0, 1, 0, 0, 1, 1, 1, 0, 1, 0, 0, 0]]",6.0,7.0,Y,"{0: 20, 1: 27, 2: 34, 3: 41, 4: 48, 5: 55, 6: 62, 7: 69, 8: 76, 9: 83, 10: 90, 11: 97, 12: 104, 13: 111, 14: 13, 15: 118, 16: 125, 17: 132, 18: 139, 19: 6, 20: 146}",Y,"{0: 20, 1: 27, 2: 34, 3: 41, 4: 48, 5: 55, 6: 62, 7: 69, 8: 76, 9: 83, 10: 90, 11: 97, 12: 104, 13: 111, 14: 13, 15: 118, 16: 125, 17: 132, 18: 139, 19: 6, 20: 146}","{(0, 4): 1, (0, 8): 10, (0, 9): 1, (0, 11): 1, (0, 12): 1, (0, 13): 1, (0, 16): 1, (0, 17): 1, (0, 18): 1, (0, 19): 1, (0, 20): 1, (1, 2): 1, (1, 5): 1, (1, 6): 13, (1, 8): 1, (1, 9): 1, (1, 12): 1, (1, 15): 6, (1, 17): 1, (1, 18): 1, (1, 20): 1, (2, 5): 1, (2, 6): 1, (2, 9): 1, (2, 10): 1, (2, 11): 1, (2, 12): 1, (2, 14): 1, (2, 15): 1, (2, 16): 24, (2, 20): 1, (3, 4): 1, (3, 5): 1, (3, 6): 1, (3, 8): 1, (3, 9): 1, (3, 10): 1, (3, 12): 1, (3, 16): 6, (3, 19): 1, (3, 20): 27, (4, 6): 1, (4, 9): 1, (4, 10): 11, (4, 12): 1, (4, 13): 18, (4, 14): 1, (4, 15): 1, (4, 16): 1, (4, 17): 11, (5, 6): 1, (5, 7): 1, (5, 8): 1, (5, 10): 1, (5, 11): 1, (5, 13): 43, (5, 15): 1, (5, 16): 1, (5, 17): 1, (5, 18): 1, (6, 7): 1, (6, 9): 1, (6, 11): 1, (6, 13): 40, (6, 17): 1, (6, 19): 1, (7, 8): 45, (7, 12): 1, (7, 16): 1, (7, 17): 19, (7, 20): 1, (8, 9): 14, (8, 10): 1, (8, 11): 1, (8, 12): 1, (8, 16): 1, (9, 16): 1, (9, 18): 62, (10, 11): 1, (10, 12): 1, (10, 13): 1, (10, 17): 1, (10, 18): 70, (10, 20): 1, (11, 12): 1, (11, 15): 1, (11, 16): 88, (11, 19): 1, (12, 13): 1, (12, 15): 1, (12, 17): 93, (13, 14): 1, (13, 15): 1, (13, 16): 1, (13, 17): 1, (13, 18): 1, (13, 19): 1, (13, 20): 1, (14, 15): 1, (14, 17): 1, (14, 20): 8, (15, 18): 1, (15, 20): 104, (17, 18): 1, (17, 20): 1, (18, 19): 1}",1117.9447174072266,106.0,21.0,212.0
40.0,Graph with 21 nodes and 106 edges,"[[0, 0, 0, 0, 1, 0, 0, 0, 1, 1, 0, 1, 1, 1, 0, 0, 1, 1, 1, 1, 1], [0, 0, 1, 0, 0, 1, 1, 0, 1, 1, 0, 0, 1, 0, 0, 1, 0, 1, 1, 0, 1], [0, 1, 0, 0, 0, 1, 1, 0, 0, 1, 1, 1, 1, 0, 1, 1, 1, 0, 0, 0, 1], [0, 0, 0, 0, 1, 1, 1, 0, 1, 1, 1, 0, 1, 0, 0, 0, 1, 0, 0, 1, 1], [1, 0, 0, 1, 0, 0, 1, 0, 0, 1, 1, 0, 1, 1, 1, 1, 1, 1, 0, 0, 0], [0, 1, 1, 1, 0, 0, 1, 1, 1, 0, 1, 1, 0, 1, 0, 1, 1, 1, 1, 0, 0], [0, 1, 1, 1, 1, 1, 0, 1, 0, 1, 0, 1, 0, 1, 0, 0, 0, 1, 0, 1, 0], [0, 0, 0, 0, 0, 1, 1, 0, 1, 0, 0, 0, 1, 0, 0, 0, 1, 1, 0, 0, 1], [1, 1, 0, 1, 0, 1, 0, 1, 0, 1, 1, 1, 1, 0, 0, 0, 1, 0, 0, 0, 0], [1, 1, 1, 1, 1, 0, 1, 0, 1, 0, 0, 0, 0, 0, 0, 0, 1, 0, 1, 0, 0], [0, 0, 1, 1, 1, 1, 0, 0, 1, 0, 0, 1, 1, 1, 0, 0, 0, 1, 1, 0, 1], [1, 0, 1, 0, 0, 1, 1, 0, 1, 0, 1, 0, 1, 0, 0, 1, 1, 0, 0, 1, 0], [1, 1, 1, 1, 1, 0, 0, 1, 1, 0, 1, 1, 0, 1, 0, 1, 0, 1, 0, 0, 0], [1, 0, 0, 0, 1, 1, 1, 0, 0, 0, 1, 0, 1, 0, 1, 1, 1, 1, 1, 1, 1], [0, 0, 1, 0, 1, 0, 0, 0, 0, 0, 0, 0, 0, 1, 0, 1, 0, 1, 0, 0, 1], [0, 1, 1, 0, 1, 1, 0, 0, 0, 0, 0, 1, 1, 1, 1, 0, 0, 0, 1, 0, 1], [1, 0, 1, 1, 1, 1, 0, 1, 1, 1, 0, 1, 0, 1, 0, 0, 0, 0, 0, 0, 0], [1, 1, 0, 0, 1, 1, 1, 1, 0, 0, 1, 0, 1, 1, 1, 0, 0, 0, 1, 0, 1], [1, 1, 0, 0, 0, 1, 0, 0, 0, 1, 1, 0, 0, 1, 0, 1, 0, 1, 0, 1, 0], [1, 0, 0, 1, 0, 0, 1, 0, 0, 0, 0, 1, 0, 1, 0, 0, 0, 0, 1, 0, 0], [1, 1, 1, 1, 0, 0, 0, 1, 0, 0, 1, 0, 0, 1, 1, 1, 0, 1, 0, 0, 0]]",14.0,8.0,Y,"{0: 22, 1: 30, 2: 38, 3: 46, 4: 54, 5: 62, 6: 70, 7: 78, 8: 86, 9: 94, 10: 102, 11: 110, 12: 118, 13: 126, 14: 134, 15: 142, 16: 150, 17: 158, 18: 166, 19: 174, 20: 14}",Y,"{0: 22, 1: 30, 2: 38, 3: 46, 4: 54, 5: 62, 6: 70, 7: 78, 8: 86, 9: 94, 10: 102, 11: 110, 12: 118, 13: 126, 14: 134, 15: 142, 16: 150, 17: 158, 18: 166, 19: 174, 20: 14}","{(0, 4): 1, (0, 8): 1, (0, 9): 1, (0, 11): 1, (0, 12): 1, (0, 13): 1, (0, 16): 1, (0, 17): 12, (0, 18): 1, (0, 19): 1, (0, 20): 1, (1, 2): 1, (1, 5): 1, (1, 6): 1, (1, 8): 1, (1, 9): 1, (1, 12): 1, (1, 15): 1, (1, 17): 1, (1, 18): 21, (1, 20): 1, (2, 5): 1, (2, 6): 1, (2, 9): 1, (2, 10): 1, (2, 11): 1, (2, 12): 1, (2, 14): 28, (2, 15): 1, (2, 16): 1, (2, 20): 1, (3, 4): 1, (3, 5): 1, (3, 6): 1, (3, 8): 1, (3, 9): 1, (3, 10): 1, (3, 12): 1, (3, 16): 1, (3, 19): 37, (3, 20): 1, (4, 6): 1, (4, 9): 1, (4, 10): 1, (4, 12): 1, (4, 13): 1, (4, 14): 1, (4, 15): 44, (4, 16): 1, (4, 17): 1, (5, 6): 1, (5, 7): 1, (5, 8): 1, (5, 10): 13, (5, 11): 1, (5, 13): 1, (5, 15): 1, (5, 16): 1, (5, 17): 1, (5, 18): 38, (6, 7): 1, (6, 9): 1, (6, 11): 1, (6, 13): 1, (6, 17): 1, (6, 19): 60, (7, 8): 1, (7, 12): 41, (7, 16): 32, (7, 17): 1, (7, 20): 1, (8, 9): 77, (8, 10): 1, (8, 11): 1, (8, 12): 1, (8, 16): 1, (9, 16): 10, (9, 18): 1, (10, 11): 1, (10, 12): 67, (10, 13): 1, (10, 17): 1, (10, 18): 14, (10, 20): 1, (11, 12): 1, (11, 15): 1, (11, 16): 101, (11, 19): 1, (12, 13): 1, (12, 15): 1, (12, 17): 1, (13, 14): 1, (13, 15): 1, (13, 16): 1, (13, 17): 114, (13, 18): 1, (13, 19): 1, (13, 20): 1, (14, 15): 90, (14, 17): 9, (14, 20): 5, (15, 18): 1, (15, 20): 1, (17, 18): 15, (17, 20): 1, (18, 19): 74}",1058.1016540527344,106.0,21.0,212.0
40.0,Graph with 21 nodes and 106 edges,"[[0, 0, 0, 0, 1, 0, 0, 0, 1, 1, 0, 1, 1, 1, 0, 0, 1, 1, 1, 1, 1], [0, 0, 1, 0, 0, 1, 1, 0, 1, 1, 0, 0, 1, 0, 0, 1, 0, 1, 1, 0, 1], [0, 1, 0, 0, 0, 1, 1, 0, 0, 1, 1, 1, 1, 0, 1, 1, 1, 0, 0, 0, 1], [0, 0, 0, 0, 1, 1, 1, 0, 1, 1, 1, 0, 1, 0, 0, 0, 1, 0, 0, 1, 1], [1, 0, 0, 1, 0, 0, 1, 0, 0, 1, 1, 0, 1, 1, 1, 1, 1, 1, 0, 0, 0], [0, 1, 1, 1, 0, 0, 1, 1, 1, 0, 1, 1, 0, 1, 0, 1, 1, 1, 1, 0, 0], [0, 1, 1, 1, 1, 1, 0, 1, 0, 1, 0, 1, 0, 1, 0, 0, 0, 1, 0, 1, 0], [0, 0, 0, 0, 0, 1, 1, 0, 1, 0, 0, 0, 1, 0, 0, 0, 1, 1, 0, 0, 1], [1, 1, 0, 1, 0, 1, 0, 1, 0, 1, 1, 1, 1, 0, 0, 0, 1, 0, 0, 0, 0], [1, 1, 1, 1, 1, 0, 1, 0, 1, 0, 0, 0, 0, 0, 0, 0, 1, 0, 1, 0, 0], [0, 0, 1, 1, 1, 1, 0, 0, 1, 0, 0, 1, 1, 1, 0, 0, 0, 1, 1, 0, 1], [1, 0, 1, 0, 0, 1, 1, 0, 1, 0, 1, 0, 1, 0, 0, 1, 1, 0, 0, 1, 0], [1, 1, 1, 1, 1, 0, 0, 1, 1, 0, 1, 1, 0, 1, 0, 1, 0, 1, 0, 0, 0], [1, 0, 0, 0, 1, 1, 1, 0, 0, 0, 1, 0, 1, 0, 1, 1, 1, 1, 1, 1, 1], [0, 0, 1, 0, 1, 0, 0, 0, 0, 0, 0, 0, 0, 1, 0, 1, 0, 1, 0, 0, 1], [0, 1, 1, 0, 1, 1, 0, 0, 0, 0, 0, 1, 1, 1, 1, 0, 0, 0, 1, 0, 1], [1, 0, 1, 1, 1, 1, 0, 1, 1, 1, 0, 1, 0, 1, 0, 0, 0, 0, 0, 0, 0], [1, 1, 0, 0, 1, 1, 1, 1, 0, 0, 1, 0, 1, 1, 1, 0, 0, 0, 1, 0, 1], [1, 1, 0, 0, 0, 1, 0, 0, 0, 1, 1, 0, 0, 1, 0, 1, 0, 1, 0, 1, 0], [1, 0, 0, 1, 0, 0, 1, 0, 0, 0, 0, 1, 0, 1, 0, 0, 0, 0, 1, 0, 0], [1, 1, 1, 1, 0, 0, 0, 1, 0, 0, 1, 0, 0, 1, 1, 1, 0, 1, 0, 0, 0]]",16.0,9.0,Y,"{0: 25, 1: 34, 2: 43, 3: 52, 4: 61, 5: 70, 6: 79, 7: 88, 8: 97, 9: 106, 10: 115, 11: 124, 12: 133, 13: 142, 14: 151, 15: 160, 16: 169, 17: 178, 18: 187, 19: 196, 20: 16}",Y,"{0: 25, 1: 34, 2: 43, 3: 52, 4: 61, 5: 70, 6: 79, 7: 88, 8: 97, 9: 106, 10: 115, 11: 124, 12: 133, 13: 142, 14: 151, 15: 160, 16: 169, 17: 178, 18: 187, 19: 196, 20: 16}","{(0, 4): 1, (0, 8): 1, (0, 9): 1, (0, 11): 1, (0, 12): 1, (0, 13): 1, (0, 16): 1, (0, 17): 15, (0, 18): 1, (0, 19): 1, (0, 20): 1, (1, 2): 1, (1, 5): 1, (1, 6): 1, (1, 8): 1, (1, 9): 1, (1, 12): 1, (1, 15): 1, (1, 17): 1, (1, 18): 25, (1, 20): 1, (2, 5): 1, (2, 6): 1, (2, 9): 1, (2, 10): 1, (2, 11): 1, (2, 12): 1, (2, 14): 1, (2, 15): 1, (2, 16): 33, (2, 20): 1, (3, 4): 1, (3, 5): 1, (3, 6): 1, (3, 8): 1, (3, 9): 1, (3, 10): 1, (3, 12): 1, (3, 16): 1, (3, 19): 43, (3, 20): 1, (4, 6): 1, (4, 9): 1, (4, 10): 1, (4, 12): 1, (4, 13): 1, (4, 14): 1, (4, 15): 51, (4, 16): 1, (4, 17): 1, (5, 6): 1, (5, 7): 1, (5, 8): 1, (5, 10): 1, (5, 11): 1, (5, 13): 18, (5, 15): 1, (5, 16): 1, (5, 17): 1, (5, 18): 41, (6, 7): 1, (6, 9): 1, (6, 11): 1, (6, 13): 1, (6, 17): 35, (6, 19): 35, (7, 8): 1, (7, 12): 1, (7, 16): 70, (7, 17): 13, (7, 20): 1, (8, 9): 88, (8, 10): 1, (8, 11): 1, (8, 12): 1, (8, 16): 1, (9, 16): 1, (9, 18): 11, (10, 11): 1, (10, 12): 1, (10, 13): 1, (10, 17): 1, (10, 18): 105, (10, 20): 1, (11, 12): 1, (11, 15): 1, (11, 16): 1, (11, 19): 115, (12, 13): 55, (12, 15): 1, (12, 17): 68, (13, 14): 1, (13, 15): 1, (13, 16): 59, (13, 17): 1, (13, 18): 1, (13, 19): 1, (13, 20): 1, (14, 15): 101, (14, 17): 40, (14, 20): 7, (15, 18): 1, (15, 20): 1, (17, 18): 1, (17, 20): 1, (18, 19): 1}",1150.1312255859375,106.0,21.0,212.0
40.0,Graph with 21 nodes and 106 edges,"[[0, 0, 0, 0, 1, 0, 0, 0, 1, 1, 0, 1, 1, 1, 0, 0, 1, 1, 1, 1, 1], [0, 0, 1, 0, 0, 1, 1, 0, 1, 1, 0, 0, 1, 0, 0, 1, 0, 1, 1, 0, 1], [0, 1, 0, 0, 0, 1, 1, 0, 0, 1, 1, 1, 1, 0, 1, 1, 1, 0, 0, 0, 1], [0, 0, 0, 0, 1, 1, 1, 0, 1, 1, 1, 0, 1, 0, 0, 0, 1, 0, 0, 1, 1], [1, 0, 0, 1, 0, 0, 1, 0, 0, 1, 1, 0, 1, 1, 1, 1, 1, 1, 0, 0, 0], [0, 1, 1, 1, 0, 0, 1, 1, 1, 0, 1, 1, 0, 1, 0, 1, 1, 1, 1, 0, 0], [0, 1, 1, 1, 1, 1, 0, 1, 0, 1, 0, 1, 0, 1, 0, 0, 0, 1, 0, 1, 0], [0, 0, 0, 0, 0, 1, 1, 0, 1, 0, 0, 0, 1, 0, 0, 0, 1, 1, 0, 0, 1], [1, 1, 0, 1, 0, 1, 0, 1, 0, 1, 1, 1, 1, 0, 0, 0, 1, 0, 0, 0, 0], [1, 1, 1, 1, 1, 0, 1, 0, 1, 0, 0, 0, 0, 0, 0, 0, 1, 0, 1, 0, 0], [0, 0, 1, 1, 1, 1, 0, 0, 1, 0, 0, 1, 1, 1, 0, 0, 0, 1, 1, 0, 1], [1, 0, 1, 0, 0, 1, 1, 0, 1, 0, 1, 0, 1, 0, 0, 1, 1, 0, 0, 1, 0], [1, 1, 1, 1, 1, 0, 0, 1, 1, 0, 1, 1, 0, 1, 0, 1, 0, 1, 0, 0, 0], [1, 0, 0, 0, 1, 1, 1, 0, 0, 0, 1, 0, 1, 0, 1, 1, 1, 1, 1, 1, 1], [0, 0, 1, 0, 1, 0, 0, 0, 0, 0, 0, 0, 0, 1, 0, 1, 0, 1, 0, 0, 1], [0, 1, 1, 0, 1, 1, 0, 0, 0, 0, 0, 1, 1, 1, 1, 0, 0, 0, 1, 0, 1], [1, 0, 1, 1, 1, 1, 0, 1, 1, 1, 0, 1, 0, 1, 0, 0, 0, 0, 0, 0, 0], [1, 1, 0, 0, 1, 1, 1, 1, 0, 0, 1, 0, 1, 1, 1, 0, 0, 0, 1, 0, 1], [1, 1, 0, 0, 0, 1, 0, 0, 0, 1, 1, 0, 0, 1, 0, 1, 0, 1, 0, 1, 0], [1, 0, 0, 1, 0, 0, 1, 0, 0, 0, 0, 1, 0, 1, 0, 0, 0, 0, 1, 0, 0], [1, 1, 1, 1, 0, 0, 0, 1, 0, 0, 1, 0, 0, 1, 1, 1, 0, 1, 0, 0, 0]]",28.0,8.0,Y,"{0: 132, 1: 60, 2: 148, 3: 156, 4: 76, 5: 164, 6: 172, 7: 44, 8: 180, 9: 68, 10: 124, 11: 140, 12: 116, 13: 28, 14: 92, 15: 36, 16: 188, 17: 52, 18: 100, 19: 108, 20: 84}",Y,"{0: 132, 1: 60, 2: 148, 3: 156, 4: 76, 5: 164, 6: 172, 7: 44, 8: 180, 9: 68, 10: 124, 11: 140, 12: 116, 13: 28, 14: 92, 15: 36, 16: 188, 17: 52, 18: 100, 19: 108, 20: 84}","{(0, 4): 1, (0, 8): 31, (0, 9): 1, (0, 11): 1, (0, 12): 1, (0, 13): 16, (0, 16): 37, (0, 17): 41, (0, 18): 1, (0, 19): 1, (0, 20): 1, (1, 2): 1, (1, 5): 1, (1, 6): 1, (1, 8): 1, (1, 9): 1, (1, 12): 1, (1, 15): 27, (1, 17): 1, (1, 18): 1, (1, 20): 25, (2, 5): 1, (2, 6): 1, (2, 9): 1, (2, 10): 1, (2, 11): 1, (2, 12): 102, (2, 14): 37, (2, 15): 1, (2, 16): 1, (2, 20): 1, (3, 4): 33, (3, 5): 1, (3, 6): 1, (3, 8): 1, (3, 9): 1, (3, 10): 114, (3, 12): 1, (3, 16): 1, (3, 19): 2, (3, 20): 1, (4, 6): 1, (4, 9): 1, (4, 10): 1, (4, 12): 1, (4, 13): 1, (4, 14): 1, (4, 15): 1, (4, 16): 34, (4, 17): 1, (5, 6): 152, (5, 7): 1, (5, 8): 1, (5, 10): 1, (5, 11): 1, (5, 13): 1, (5, 15): 1, (5, 16): 1, (5, 17): 1, (5, 18): 1, (6, 7): 1, (6, 9): 1, (6, 11): 1, (6, 13): 1, (6, 17): 1, (6, 19): 11, (7, 8): 1, (7, 12): 1, (7, 16): 38, (7, 17): 1, (7, 20): 1, (8, 9): 1, (8, 10): 1, (8, 11): 128, (8, 12): 1, (8, 16): 14, (9, 16): 60, (9, 18): 1, (10, 11): 1, (10, 12): 1, (10, 13): 1, (10, 17): 1, (10, 18): 1, (10, 20): 1, (11, 12): 4, (11, 15): 1, (11, 16): 1, (11, 19): 1, (12, 13): 1, (12, 15): 1, (12, 17): 1, (13, 14): 1, (13, 15): 1, (13, 16): 1, (13, 17): 1, (13, 18): 1, (13, 19): 1, (13, 20): 1, (14, 15): 1, (14, 17): 1, (14, 20): 51, (15, 18): 1, (15, 20): 1, (17, 18): 1, (17, 20): 1, (18, 19): 92}",1164.9131774902344,106.0,21.0,212.0
42.0,Graph with 21 nodes and 106 edges,"[[0, 0, 0, 1, 1, 0, 0, 0, 1, 1, 1, 1, 0, 0, 1, 0, 0, 0, 1, 0, 1], [0, 0, 1, 0, 1, 1, 1, 1, 1, 0, 1, 1, 0, 0, 0, 1, 1, 1, 1, 0, 1], [0, 1, 0, 0, 1, 1, 0, 0, 1, 0, 1, 1, 0, 0, 1, 0, 0, 0, 0, 0, 1], [1, 0, 0, 0, 1, 0, 0, 1, 1, 0, 0, 0, 1, 1, 0, 1, 1, 1, 1, 0, 1], [1, 1, 1, 1, 0, 1, 1, 1, 0, 1, 1, 0, 0, 0, 1, 0, 0, 1, 1, 0, 0], [0, 1, 1, 0, 1, 0, 0, 1, 1, 0, 0, 0, 0, 1, 0, 0, 0, 1, 1, 1, 0], [0, 1, 0, 0, 1, 0, 0, 0, 1, 1, 1, 1, 0, 1, 0, 0, 0, 0, 1, 0, 1], [0, 1, 0, 1, 1, 1, 0, 0, 0, 1, 0, 0, 1, 0, 1, 1, 0, 1, 0, 1, 0], [1, 1, 1, 1, 0, 1, 1, 0, 0, 1, 0, 1, 0, 0, 1, 0, 0, 0, 0, 1, 0], [1, 0, 0, 0, 1, 0, 1, 1, 1, 0, 1, 0, 0, 1, 0, 1, 0, 1, 1, 1, 1], [1, 1, 1, 0, 1, 0, 1, 0, 0, 1, 0, 1, 1, 0, 0, 0, 0, 1, 1, 0, 0], [1, 1, 1, 0, 0, 0, 1, 0, 1, 0, 1, 0, 1, 0, 0, 0, 0, 1, 1, 1, 0], [0, 0, 0, 1, 0, 0, 0, 1, 0, 0, 1, 1, 0, 1, 1, 0, 1, 1, 1, 1, 0], [0, 0, 0, 1, 0, 1, 1, 0, 0, 1, 0, 0, 1, 0, 0, 0, 1, 1, 0, 1, 0], [1, 0, 1, 0, 1, 0, 0, 1, 1, 0, 0, 0, 1, 0, 0, 0, 0, 0, 1, 1, 0], [0, 1, 0, 1, 0, 0, 0, 1, 0, 1, 0, 0, 0, 0, 0, 0, 1, 1, 1, 0, 0], [0, 1, 0, 1, 0, 0, 0, 0, 0, 0, 0, 0, 1, 1, 0, 1, 0, 1, 0, 0, 1], [0, 1, 0, 1, 1, 1, 0, 1, 0, 1, 1, 1, 1, 1, 0, 1, 1, 0, 0, 1, 1], [1, 1, 0, 1, 1, 1, 1, 0, 0, 1, 1, 1, 1, 0, 1, 1, 0, 0, 0, 1, 1], [0, 0, 0, 0, 0, 1, 0, 1, 1, 1, 0, 1, 1, 1, 1, 0, 0, 1, 1, 0, 1], [1, 1, 1, 1, 0, 0, 1, 0, 0, 1, 0, 0, 0, 0, 0, 0, 1, 1, 1, 1, 0]]",20.0,6.0,Y,"{0: 26, 1: 32, 2: 38, 3: 44, 4: 50, 5: 56, 6: 62, 7: 68, 8: 74, 9: 80, 10: 86, 11: 92, 12: 98, 13: 104, 14: 110, 15: 116, 16: 122, 17: 128, 18: 134, 19: 140, 20: 20}",Y,"{0: 26, 1: 32, 2: 38, 3: 44, 4: 50, 5: 56, 6: 62, 7: 68, 8: 74, 9: 80, 10: 86, 11: 92, 12: 98, 13: 104, 14: 110, 15: 116, 16: 122, 17: 128, 18: 134, 19: 140, 20: 20}","{(0, 3): 1, (0, 4): 1, (0, 8): 1, (0, 9): 1, (0, 10): 1, (0, 11): 1, (0, 14): 18, (0, 18): 1, (0, 20): 1, (1, 2): 1, (1, 4): 1, (1, 5): 1, (1, 6): 1, (1, 7): 1, (1, 8): 1, (1, 10): 1, (1, 11): 1, (1, 15): 20, (1, 16): 1, (1, 17): 1, (1, 18): 1, (1, 20): 1, (2, 4): 1, (2, 5): 28, (2, 8): 1, (2, 10): 1, (2, 11): 4, (2, 14): 1, (2, 20): 1, (3, 4): 1, (3, 7): 1, (3, 8): 1, (3, 12): 1, (3, 13): 1, (3, 15): 34, (3, 16): 1, (3, 17): 1, (3, 18): 1, (3, 20): 1, (4, 5): 1, (4, 6): 1, (4, 7): 39, (4, 9): 1, (4, 10): 1, (4, 14): 1, (4, 17): 1, (4, 18): 1, (5, 7): 21, (5, 8): 1, (5, 13): 1, (5, 17): 1, (5, 18): 1, (5, 19): 1, (6, 8): 54, (6, 9): 1, (6, 10): 1, (6, 11): 1, (6, 13): 1, (6, 18): 1, (6, 20): 1, (7, 9): 1, (7, 12): 1, (7, 14): 1, (7, 15): 1, (7, 17): 1, (7, 19): 1, (8, 9): 1, (8, 11): 4, (8, 14): 9, (8, 19): 1, (9, 10): 1, (9, 13): 1, (9, 15): 58, (9, 17): 1, (9, 18): 12, (9, 19): 1, (9, 20): 1, (10, 11): 77, (10, 12): 1, (10, 17): 1, (10, 18): 1, (11, 12): 1, (11, 17): 1, (11, 18): 1, (11, 19): 1, (12, 13): 1, (12, 14): 1, (12, 16): 1, (12, 17): 89, (12, 18): 1, (12, 19): 1, (13, 16): 97, (13, 17): 1, (13, 19): 1, (14, 18): 38, (14, 19): 41, (15, 16): 1, (15, 17): 1, (15, 18): 1, (16, 17): 10, (16, 20): 11, (17, 19): 18, (17, 20): 1, (18, 19): 73, (18, 20): 1, (19, 20): 1}",999.9275207519531,106.0,21.0,212.0
44.0,Graph with 21 nodes and 105 edges,"[[0, 1, 1, 1, 1, 1, 1, 0, 1, 0, 1, 0, 1, 1, 0, 1, 1, 1, 1, 0, 1], [1, 0, 0, 1, 0, 0, 1, 0, 0, 0, 0, 1, 1, 1, 1, 1, 0, 1, 1, 1, 1], [1, 0, 0, 0, 0, 0, 0, 1, 0, 1, 1, 0, 1, 1, 1, 1, 0, 0, 0, 0, 0], [1, 1, 0, 0, 1, 1, 1, 0, 0, 1, 1, 0, 1, 1, 0, 0, 0, 0, 0, 0, 0], [1, 0, 0, 1, 0, 1, 1, 1, 1, 0, 0, 0, 0, 0, 0, 1, 0, 0, 0, 0, 1], [1, 0, 0, 1, 1, 0, 1, 0, 1, 1, 1, 0, 0, 0, 1, 0, 1, 1, 1, 0, 1], [1, 1, 0, 1, 1, 1, 0, 0, 0, 0, 1, 0, 1, 0, 0, 0, 1, 1, 1, 0, 1], [0, 0, 1, 0, 1, 0, 0, 0, 0, 1, 0, 1, 0, 0, 1, 0, 1, 0, 0, 1, 1], [1, 0, 0, 0, 1, 1, 0, 0, 0, 0, 1, 0, 1, 0, 1, 1, 0, 0, 1, 1, 1], [0, 0, 1, 1, 0, 1, 0, 1, 0, 0, 1, 0, 1, 0, 0, 1, 0, 1, 1, 0, 1], [1, 0, 1, 1, 0, 1, 1, 0, 1, 1, 0, 1, 0, 0, 0, 0, 0, 0, 1, 1, 1], [0, 1, 0, 0, 0, 0, 0, 1, 0, 0, 1, 0, 0, 0, 0, 0, 1, 1, 1, 1, 1], [1, 1, 1, 1, 0, 0, 1, 0, 1, 1, 0, 0, 0, 1, 0, 0, 1, 1, 1, 1, 0], [1, 1, 1, 1, 0, 0, 0, 0, 0, 0, 0, 0, 1, 0, 1, 0, 1, 1, 0, 0, 0], [0, 1, 1, 0, 0, 1, 0, 1, 1, 0, 0, 0, 0, 1, 0, 0, 1, 0, 1, 1, 1], [1, 1, 1, 0, 1, 0, 0, 0, 1, 1, 0, 0, 0, 0, 0, 0, 0, 0, 0, 0, 1], [1, 0, 0, 0, 0, 1, 1, 1, 0, 0, 0, 1, 1, 1, 1, 0, 0, 0, 0, 1, 0], [1, 1, 0, 0, 0, 1, 1, 0, 0, 1, 0, 1, 1, 1, 0, 0, 0, 0, 1, 1, 0], [1, 1, 0, 0, 0, 1, 1, 0, 1, 1, 1, 1, 1, 0, 1, 0, 0, 1, 0, 0, 0], [0, 1, 0, 0, 0, 0, 0, 1, 1, 0, 1, 1, 1, 0, 1, 0, 1, 1, 0, 0, 0], [1, 1, 0, 0, 1, 1, 1, 1, 1, 1, 1, 1, 0, 0, 1, 1, 0, 0, 0, 0, 0]]",18.0,7.0,Y,"{0: 25, 1: 32, 2: 39, 3: 46, 4: 53, 5: 60, 6: 67, 7: 74, 8: 81, 9: 88, 10: 95, 11: 102, 12: 109, 13: 116, 14: 123, 15: 130, 16: 137, 17: 144, 18: 151, 19: 158, 20: 18}",Y,"{0: 25, 1: 32, 2: 39, 3: 46, 4: 53, 5: 60, 6: 67, 7: 74, 8: 81, 9: 88, 10: 95, 11: 102, 12: 109, 13: 116, 14: 123, 15: 130, 16: 137, 17: 144, 18: 151, 19: 158, 20: 18}","{(0, 1): 1, (0, 2): 1, (0, 3): 1, (0, 4): 4, (0, 5): 1, (0, 6): 1, (0, 8): 1, (0, 10): 1, (0, 12): 1, (0, 13): 1, (0, 15): 1, (0, 16): 1, (0, 17): 1, (0, 18): 8, (0, 20): 1, (1, 3): 1, (1, 6): 1, (1, 11): 1, (1, 12): 7, (1, 13): 1, (1, 14): 1, (1, 15): 7, (1, 17): 1, (1, 18): 7, (1, 19): 3, (1, 20): 1, (2, 7): 1, (2, 9): 7, (2, 10): 3, (2, 12): 1, (2, 13): 1, (2, 14): 13, (2, 15): 12, (3, 4): 7, (3, 5): 1, (3, 6): 1, (3, 9): 2, (3, 10): 5, (3, 12): 7, (3, 13): 21, (4, 5): 1, (4, 6): 1, (4, 7): 1, (4, 8): 9, (4, 15): 29, (4, 20): 1, (5, 6): 1, (5, 8): 1, (5, 9): 1, (5, 10): 9, (5, 14): 1, (5, 16): 29, (5, 17): 9, (5, 18): 5, (5, 20): 1, (6, 10): 44, (6, 12): 2, (6, 16): 1, (6, 17): 7, (6, 18): 7, (6, 20): 1, (7, 9): 13, (7, 11): 7, (7, 14): 1, (7, 16): 28, (7, 19): 22, (7, 20): 1, (8, 10): 1, (8, 12): 1, (8, 14): 1, (8, 15): 64, (8, 18): 1, (8, 19): 1, (8, 20): 1, (9, 10): 18, (9, 12): 28, (9, 15): 16, (9, 17): 1, (9, 18): 1, (9, 20): 1, (10, 11): 1, (10, 18): 3, (10, 19): 5, (10, 20): 5, (11, 16): 28, (11, 17): 1, (11, 18): 1, (11, 19): 60, (11, 20): 3, (12, 13): 13, (12, 16): 1, (12, 17): 29, (12, 18): 6, (12, 19): 13, (13, 14): 11, (13, 16): 7, (13, 17): 61, (14, 16): 2, (14, 18): 85, (14, 19): 7, (14, 20): 1, (15, 20): 1, (16, 19): 40, (17, 18): 27, (17, 19): 7}",97.99003601074219,105.0,21.0,210.0
48.0,Graph with 21 nodes and 109 edges,"[[0, 1, 0, 1, 0, 0, 1, 1, 0, 1, 0, 0, 1, 0, 0, 0, 0, 1, 0, 0, 0], [1, 0, 0, 1, 0, 0, 0, 0, 0, 1, 0, 0, 1, 0, 1, 1, 1, 1, 1, 1, 0], [0, 0, 0, 0, 1, 0, 1, 0, 1, 0, 1, 0, 1, 1, 1, 0, 1, 0, 1, 1, 1], [1, 1, 0, 0, 0, 0, 0, 0, 1, 1, 0, 0, 1, 0, 1, 1, 0, 0, 1, 1, 0], [0, 0, 1, 0, 0, 0, 0, 1, 1, 1, 1, 1, 1, 1, 0, 1, 1, 1, 1, 0, 0], [0, 0, 0, 0, 0, 0, 0, 1, 0, 1, 1, 1, 1, 0, 0, 1, 0, 1, 0, 1, 0], [1, 0, 1, 0, 0, 0, 0, 0, 1, 0, 0, 0, 0, 1, 1, 0, 1, 1, 1, 0, 1], [1, 0, 0, 0, 1, 1, 0, 0, 0, 0, 0, 0, 0, 1, 1, 1, 0, 0, 1, 1, 0], [0, 0, 1, 1, 1, 0, 1, 0, 0, 0, 1, 1, 1, 0, 0, 1, 1, 0, 1, 1, 1], [1, 1, 0, 1, 1, 1, 0, 0, 0, 0, 1, 1, 1, 0, 0, 0, 1, 0, 0, 1, 1], [0, 0, 1, 0, 1, 1, 0, 0, 1, 1, 0, 0, 0, 0, 0, 0, 0, 0, 1, 1, 0], [0, 0, 0, 0, 1, 1, 0, 0, 1, 1, 0, 0, 0, 0, 1, 1, 0, 0, 1, 1, 0], [1, 1, 1, 1, 1, 1, 0, 0, 1, 1, 0, 0, 0, 1, 0, 1, 0, 0, 0, 1, 1], [0, 0, 1, 0, 1, 0, 1, 1, 0, 0, 0, 0, 1, 0, 1, 1, 0, 1, 0, 1, 1], [0, 1, 1, 1, 0, 0, 1, 1, 0, 0, 0, 1, 0, 1, 0, 1, 1, 1, 0, 1, 1], [0, 1, 0, 1, 1, 1, 0, 1, 1, 0, 0, 1, 1, 1, 1, 0, 1, 0, 1, 0, 1], [0, 1, 1, 0, 1, 0, 1, 0, 1, 1, 0, 0, 0, 0, 1, 1, 0, 1, 1, 1, 1], [1, 1, 0, 0, 1, 1, 1, 0, 0, 0, 0, 0, 0, 1, 1, 0, 1, 0, 0, 1, 0], [0, 1, 1, 1, 1, 0, 1, 1, 1, 0, 1, 1, 0, 0, 0, 1, 1, 0, 0, 1, 0], [0, 1, 1, 1, 0, 1, 0, 1, 1, 1, 1, 1, 1, 1, 1, 0, 1, 1, 1, 0, 1], [0, 0, 1, 0, 0, 0, 1, 0, 1, 1, 0, 0, 1, 1, 1, 1, 1, 0, 0, 1, 0]]",8.0,7.0,Y,"{0: 15, 1: 22, 2: 29, 3: 36, 4: 43, 5: 50, 6: 57, 7: 64, 8: 71, 9: 78, 10: 85, 11: 8, 12: 92, 13: 99, 14: 106, 15: 113, 16: 120, 17: 127, 18: 134, 19: 141, 20: 148}",Y,"{0: 15, 1: 22, 2: 29, 3: 36, 4: 43, 5: 50, 6: 57, 7: 64, 8: 71, 9: 78, 10: 85, 11: 8, 12: 92, 13: 99, 14: 106, 15: 113, 16: 120, 17: 127, 18: 134, 19: 141, 20: 148}","{(0, 1): 1, (0, 3): 1, (0, 6): 1, (0, 7): 1, (0, 9): 1, (0, 12): 1, (0, 17): 9, (1, 3): 1, (1, 9): 1, (1, 12): 1, (1, 14): 1, (1, 15): 1, (1, 16): 1, (1, 17): 13, (1, 18): 1, (1, 19): 1, (2, 4): 1, (2, 6): 1, (2, 8): 1, (2, 10): 1, (2, 12): 1, (2, 13): 1, (2, 14): 1, (2, 16): 1, (2, 18): 1, (2, 19): 1, (2, 20): 19, (3, 8): 28, (3, 9): 1, (3, 12): 1, (3, 14): 1, (3, 15): 1, (3, 18): 1, (3, 19): 1, (4, 7): 20, (4, 8): 1, (4, 9): 1, (4, 10): 1, (4, 11): 1, (4, 12): 1, (4, 13): 1, (4, 15): 1, (4, 16): 1, (4, 17): 13, (4, 18): 1, (5, 7): 1, (5, 9): 1, (5, 10): 1, (5, 11): 1, (5, 12): 1, (5, 15): 1, (5, 17): 43, (5, 19): 1, (6, 8): 1, (6, 13): 1, (6, 14): 1, (6, 16): 1, (6, 17): 41, (6, 18): 1, (6, 20): 9, (7, 13): 1, (7, 14): 6, (7, 15): 1, (7, 18): 12, (7, 19): 22, (8, 10): 1, (8, 11): 1, (8, 12): 1, (8, 15): 1, (8, 16): 1, (8, 18): 1, (8, 19): 1, (8, 20): 33, (9, 10): 68, (9, 11): 1, (9, 12): 1, (9, 16): 1, (9, 19): 1, (9, 20): 1, (10, 18): 12, (10, 19): 1, (11, 14): 1, (11, 15): 1, (11, 18): 1, (11, 19): 1, (12, 13): 1, (12, 15): 1, (12, 19): 1, (12, 20): 81, (13, 14): 90, (13, 15): 1, (13, 17): 1, (13, 19): 1, (13, 20): 1, (14, 15): 1, (14, 16): 1, (14, 17): 1, (14, 19): 1, (14, 20): 1, (15, 16): 1, (15, 18): 101, (15, 20): 1, (16, 17): 5, (16, 18): 1, (16, 19): 105, (16, 20): 1, (17, 19): 1, (18, 19): 1, (19, 20): 1}",1007.7953338623047,109.0,21.0,218.0
50.0,Graph with 21 nodes and 108 edges,"[[0, 1, 1, 0, 1, 1, 0, 1, 1, 0, 0, 0, 1, 0, 1, 0, 1, 1, 1, 0, 0], [1, 0, 1, 1, 0, 0, 0, 0, 0, 1, 1, 0, 0, 1, 0, 0, 0, 0, 0, 1, 0], [1, 1, 0, 0, 0, 1, 0, 1, 0, 1, 1, 0, 1, 1, 1, 1, 0, 1, 0, 1, 0], [0, 1, 0, 0, 1, 0, 1, 1, 0, 1, 0, 1, 0, 0, 0, 0, 1, 0, 1, 1, 1], [1, 0, 0, 1, 0, 1, 1, 0, 0, 1, 1, 1, 1, 0, 0, 1, 1, 0, 1, 0, 0], [1, 0, 1, 0, 1, 0, 0, 0, 1, 1, 0, 1, 0, 0, 1, 0, 1, 0, 1, 0, 0], [0, 0, 0, 1, 1, 0, 0, 0, 1, 0, 1, 0, 0, 0, 0, 0, 1, 1, 1, 1, 1], [1, 0, 1, 1, 0, 0, 0, 0, 1, 0, 0, 0, 0, 0, 0, 0, 1, 0, 0, 1, 0], [1, 0, 0, 0, 0, 1, 1, 1, 0, 1, 0, 1, 1, 1, 1, 1, 0, 0, 1, 0, 0], [0, 1, 1, 1, 1, 1, 0, 0, 1, 0, 0, 1, 1, 1, 1, 1, 0, 1, 0, 1, 0], [0, 1, 1, 0, 1, 0, 1, 0, 0, 0, 0, 0, 1, 0, 0, 1, 1, 1, 1, 0, 1], [0, 0, 0, 1, 1, 1, 0, 0, 1, 1, 0, 0, 1, 1, 0, 1, 1, 0, 1, 1, 0], [1, 0, 1, 0, 1, 0, 0, 0, 1, 1, 1, 1, 0, 1, 0, 1, 0, 1, 0, 0, 0], [0, 1, 1, 0, 0, 0, 0, 0, 1, 1, 0, 1, 1, 0, 1, 0, 1, 0, 0, 1, 0], [1, 0, 1, 0, 0, 1, 0, 0, 1, 1, 0, 0, 0, 1, 0, 1, 1, 0, 1, 1, 0], [0, 0, 1, 0, 1, 0, 0, 0, 1, 1, 1, 1, 1, 0, 1, 0, 1, 1, 1, 0, 1], [1, 0, 0, 1, 1, 1, 1, 1, 0, 0, 1, 1, 0, 1, 1, 1, 0, 1, 1, 0, 1], [1, 0, 1, 0, 0, 0, 1, 0, 0, 1, 1, 0, 1, 0, 0, 1, 1, 0, 1, 1, 0], [1, 0, 0, 1, 1, 1, 1, 0, 1, 0, 1, 1, 0, 0, 1, 1, 1, 1, 0, 1, 0], [0, 1, 1, 1, 0, 0, 1, 1, 0, 1, 0, 1, 0, 1, 1, 0, 0, 1, 1, 0, 1], [0, 0, 0, 1, 0, 0, 1, 0, 0, 0, 1, 0, 0, 0, 0, 1, 1, 0, 0, 1, 0]]",16.0,3.0,Y,"{0: 76, 1: 73, 2: 70, 3: 67, 4: 64, 5: 61, 6: 58, 7: 55, 8: 52, 9: 49, 10: 46, 11: 43, 12: 40, 13: 37, 14: 34, 15: 31, 16: 28, 17: 25, 18: 22, 19: 19, 20: 16}",Y,"{0: 76, 1: 73, 2: 70, 3: 67, 4: 64, 5: 61, 6: 58, 7: 55, 8: 52, 9: 49, 10: 46, 11: 43, 12: 40, 13: 37, 14: 34, 15: 31, 16: 28, 17: 25, 18: 22, 19: 19, 20: 16}","{(0, 1): 1, (0, 2): 1, (0, 4): 1, (0, 5): 21, (0, 7): 1, (0, 8): 1, (0, 12): 1, (0, 14): 22, (0, 16): 1, (0, 17): 16, (0, 18): 10, (1, 2): 39, (1, 3): 1, (1, 9): 1, (1, 10): 1, (1, 13): 29, (1, 19): 1, (2, 5): 1, (2, 7): 1, (2, 9): 1, (2, 10): 1, (2, 12): 21, (2, 13): 1, (2, 14): 1, (2, 15): 1, (2, 17): 1, (2, 19): 1, (3, 4): 1, (3, 6): 9, (3, 7): 50, (3, 9): 1, (3, 11): 1, (3, 16): 1, (3, 18): 1, (3, 19): 1, (3, 20): 1, (4, 5): 1, (4, 6): 1, (4, 9): 1, (4, 10): 37, (4, 11): 1, (4, 12): 1, (4, 15): 18, (4, 16): 1, (4, 18): 1, (5, 8): 1, (5, 9): 1, (5, 11): 30, (5, 14): 4, (5, 16): 1, (5, 18): 1, (6, 8): 11, (6, 10): 1, (6, 16): 15, (6, 17): 1, (6, 18): 1, (6, 19): 8, (6, 20): 11, (7, 8): 1, (7, 16): 1, (7, 19): 1, (8, 9): 32, (8, 11): 1, (8, 12): 1, (8, 13): 1, (8, 14): 1, (8, 15): 1, (8, 18): 1, (9, 11): 1, (9, 12): 6, (9, 13): 1, (9, 14): 1, (9, 15): 1, (9, 17): 1, (9, 19): 1, (10, 12): 1, (10, 15): 1, (10, 16): 1, (10, 17): 1, (10, 18): 1, (10, 20): 1, (11, 12): 4, (11, 13): 1, (11, 15): 1, (11, 16): 1, (11, 18): 1, (11, 19): 1, (12, 13): 1, (12, 15): 3, (12, 17): 1, (13, 14): 1, (13, 16): 1, (13, 19): 1, (14, 15): 1, (14, 16): 1, (14, 18): 1, (14, 19): 1, (15, 16): 1, (15, 17): 1, (15, 18): 1, (15, 20): 1, (16, 17): 1, (16, 18): 1, (16, 20): 1, (17, 18): 1, (17, 19): 1, (18, 19): 1, (19, 20): 1}",998.9738464355469,108.0,21.0,216.0
51.0,Graph with 21 nodes and 102 edges,"[[0, 1, 0, 1, 0, 1, 1, 1, 0, 0, 1, 0, 1, 1, 1, 1, 1, 1, 0, 1, 0], [1, 0, 0, 1, 0, 1, 1, 0, 1, 1, 1, 0, 0, 0, 1, 1, 1, 1, 1, 0, 0], [0, 0, 0, 0, 0, 1, 1, 1, 1, 1, 1, 0, 0, 1, 1, 0, 1, 1, 0, 0, 1], [1, 1, 0, 0, 1, 0, 1, 1, 0, 1, 0, 0, 0, 1, 0, 0, 1, 1, 0, 0, 0], [0, 0, 0, 1, 0, 0, 1, 1, 0, 0, 0, 1, 0, 1, 0, 0, 1, 1, 0, 0, 0], [1, 1, 1, 0, 0, 0, 1, 0, 1, 1, 0, 1, 1, 0, 1, 0, 0, 0, 1, 0, 0], [1, 1, 1, 1, 1, 1, 0, 1, 0, 0, 0, 0, 0, 1, 1, 0, 1, 0, 1, 0, 1], [1, 0, 1, 1, 1, 0, 1, 0, 1, 0, 1, 0, 0, 1, 0, 0, 0, 0, 0, 0, 1], [0, 1, 1, 0, 0, 1, 0, 1, 0, 1, 0, 1, 1, 1, 1, 1, 0, 1, 1, 1, 0], [0, 1, 1, 1, 0, 1, 0, 0, 1, 0, 1, 1, 1, 0, 0, 0, 0, 1, 0, 0, 1], [1, 1, 1, 0, 0, 0, 0, 1, 0, 1, 0, 0, 1, 0, 0, 0, 0, 1, 0, 0, 0], [0, 0, 0, 0, 1, 1, 0, 0, 1, 1, 0, 0, 0, 1, 1, 0, 1, 0, 1, 0, 0], [1, 0, 0, 0, 0, 1, 0, 0, 1, 1, 1, 0, 0, 0, 0, 0, 1, 1, 1, 0, 1], [1, 0, 1, 1, 1, 0, 1, 1, 1, 0, 0, 1, 0, 0, 1, 1, 1, 0, 1, 0, 0], [1, 1, 1, 0, 0, 1, 1, 0, 1, 0, 0, 1, 0, 1, 0, 1, 0, 0, 0, 1, 0], [1, 1, 0, 0, 0, 0, 0, 0, 1, 0, 0, 0, 0, 1, 1, 0, 1, 0, 0, 0, 1], [1, 1, 1, 1, 1, 0, 1, 0, 0, 0, 0, 1, 1, 1, 0, 1, 0, 1, 0, 0, 0], [1, 1, 1, 1, 1, 0, 0, 0, 1, 1, 1, 0, 1, 0, 0, 0, 1, 0, 1, 1, 0], [0, 1, 0, 0, 0, 1, 1, 0, 1, 0, 0, 1, 1, 1, 0, 0, 0, 1, 0, 1, 0], [1, 0, 0, 0, 0, 0, 0, 0, 1, 0, 0, 0, 0, 0, 1, 0, 0, 1, 1, 0, 1], [0, 0, 1, 0, 0, 0, 1, 1, 0, 1, 0, 0, 1, 0, 0, 1, 0, 0, 0, 1, 0]]",10.0,3.0,Y,"{0: 16, 1: 19, 2: 22, 3: 13, 4: 25, 5: 28, 6: 31, 7: 34, 8: 37, 9: 40, 10: 43, 11: 46, 12: 49, 13: 52, 14: 55, 15: 58, 16: 61, 17: 64, 18: 67, 19: 70, 20: 10}",Y,"{0: 16, 1: 19, 2: 22, 3: 13, 4: 25, 5: 28, 6: 31, 7: 34, 8: 37, 9: 40, 10: 43, 11: 46, 12: 49, 13: 52, 14: 55, 15: 58, 16: 61, 17: 64, 18: 67, 19: 70, 20: 10}","{(0, 1): 1, (0, 3): 1, (0, 5): 1, (0, 6): 4, (0, 7): 1, (0, 10): 1, (0, 12): 1, (0, 13): 1, (0, 14): 1, (0, 15): 1, (0, 16): 1, (0, 17): 1, (0, 19): 1, (1, 3): 1, (1, 5): 1, (1, 6): 1, (1, 8): 1, (1, 9): 1, (1, 10): 1, (1, 14): 1, (1, 15): 2, (1, 16): 7, (1, 17): 1, (1, 18): 1, (2, 5): 1, (2, 6): 1, (2, 7): 7, (2, 8): 1, (2, 9): 1, (2, 10): 6, (2, 13): 1, (2, 14): 1, (2, 16): 1, (2, 17): 1, (2, 20): 1, (3, 4): 1, (3, 6): 1, (3, 7): 5, (3, 9): 1, (3, 13): 1, (3, 16): 1, (3, 17): 1, (4, 6): 6, (4, 7): 1, (4, 11): 14, (4, 13): 1, (4, 16): 1, (4, 17): 1, (5, 6): 1, (5, 8): 13, (5, 9): 1, (5, 11): 1, (5, 12): 1, (5, 14): 7, (5, 18): 1, (6, 7): 7, (6, 13): 1, (6, 14): 1, (6, 16): 6, (6, 18): 1, (6, 20): 1, (7, 8): 1, (7, 10): 10, (7, 13): 1, (7, 20): 1, (8, 9): 1, (8, 11): 1, (8, 12): 1, (8, 13): 1, (8, 14): 7, (8, 15): 1, (8, 17): 1, (8, 18): 7, (8, 19): 1, (9, 10): 1, (9, 11): 7, (9, 12): 25, (9, 17): 1, (9, 20): 1, (10, 12): 17, (10, 17): 7, (11, 13): 1, (11, 14): 1, (11, 16): 10, (11, 18): 11, (12, 16): 1, (12, 17): 1, (12, 18): 1, (12, 20): 1, (13, 14): 1, (13, 15): 41, (13, 16): 1, (13, 18): 1, (14, 15): 1, (14, 19): 34, (15, 16): 11, (15, 20): 1, (16, 17): 21, (17, 18): 21, (17, 19): 7, (18, 19): 23, (19, 20): 4}",50.067901611328125,102.0,21.0,204.0
51.0,Graph with 21 nodes and 102 edges,"[[0, 1, 0, 1, 0, 1, 1, 1, 0, 0, 1, 0, 1, 1, 1, 1, 1, 1, 0, 1, 0], [1, 0, 0, 1, 0, 1, 1, 0, 1, 1, 1, 0, 0, 0, 1, 1, 1, 1, 1, 0, 0], [0, 0, 0, 0, 0, 1, 1, 1, 1, 1, 1, 0, 0, 1, 1, 0, 1, 1, 0, 0, 1], [1, 1, 0, 0, 1, 0, 1, 1, 0, 1, 0, 0, 0, 1, 0, 0, 1, 1, 0, 0, 0], [0, 0, 0, 1, 0, 0, 1, 1, 0, 0, 0, 1, 0, 1, 0, 0, 1, 1, 0, 0, 0], [1, 1, 1, 0, 0, 0, 1, 0, 1, 1, 0, 1, 1, 0, 1, 0, 0, 0, 1, 0, 0], [1, 1, 1, 1, 1, 1, 0, 1, 0, 0, 0, 0, 0, 1, 1, 0, 1, 0, 1, 0, 1], [1, 0, 1, 1, 1, 0, 1, 0, 1, 0, 1, 0, 0, 1, 0, 0, 0, 0, 0, 0, 1], [0, 1, 1, 0, 0, 1, 0, 1, 0, 1, 0, 1, 1, 1, 1, 1, 0, 1, 1, 1, 0], [0, 1, 1, 1, 0, 1, 0, 0, 1, 0, 1, 1, 1, 0, 0, 0, 0, 1, 0, 0, 1], [1, 1, 1, 0, 0, 0, 0, 1, 0, 1, 0, 0, 1, 0, 0, 0, 0, 1, 0, 0, 0], [0, 0, 0, 0, 1, 1, 0, 0, 1, 1, 0, 0, 0, 1, 1, 0, 1, 0, 1, 0, 0], [1, 0, 0, 0, 0, 1, 0, 0, 1, 1, 1, 0, 0, 0, 0, 0, 1, 1, 1, 0, 1], [1, 0, 1, 1, 1, 0, 1, 1, 1, 0, 0, 1, 0, 0, 1, 1, 1, 0, 1, 0, 0], [1, 1, 1, 0, 0, 1, 1, 0, 1, 0, 0, 1, 0, 1, 0, 1, 0, 0, 0, 1, 0], [1, 1, 0, 0, 0, 0, 0, 0, 1, 0, 0, 0, 0, 1, 1, 0, 1, 0, 0, 0, 1], [1, 1, 1, 1, 1, 0, 1, 0, 0, 0, 0, 1, 1, 1, 0, 1, 0, 1, 0, 0, 0], [1, 1, 1, 1, 1, 0, 0, 0, 1, 1, 1, 0, 1, 0, 0, 0, 1, 0, 1, 1, 0], [0, 1, 0, 0, 0, 1, 1, 0, 1, 0, 0, 1, 1, 1, 0, 0, 0, 1, 0, 1, 0], [1, 0, 0, 0, 0, 0, 0, 0, 1, 0, 0, 0, 0, 0, 1, 0, 0, 1, 1, 0, 1], [0, 0, 1, 0, 0, 0, 1, 1, 0, 1, 0, 0, 1, 0, 0, 1, 0, 0, 0, 1, 0]]",24.0,3.0,Y,"{0: 27, 1: 30, 2: 33, 3: 36, 4: 39, 5: 42, 6: 45, 7: 48, 8: 51, 9: 54, 10: 57, 11: 60, 12: 63, 13: 66, 14: 69, 15: 72, 16: 75, 17: 78, 18: 81, 19: 84, 20: 24}",Y,"{0: 27, 1: 30, 2: 33, 3: 36, 4: 39, 5: 42, 6: 45, 7: 48, 8: 51, 9: 54, 10: 57, 11: 60, 12: 63, 13: 66, 14: 69, 15: 72, 16: 75, 17: 78, 18: 81, 19: 84, 20: 24}","{(0, 1): 1, (0, 3): 1, (0, 5): 1, (0, 6): 1, (0, 7): 1, (0, 10): 1, (0, 12): 1, (0, 13): 1, (0, 14): 1, (0, 15): 1, (0, 16): 15, (0, 17): 1, (0, 19): 1, (1, 3): 1, (1, 5): 1, (1, 6): 1, (1, 8): 1, (1, 9): 1, (1, 10): 1, (1, 14): 1, (1, 15): 1, (1, 16): 19, (1, 17): 1, (1, 18): 1, (2, 5): 1, (2, 6): 1, (2, 7): 1, (2, 8): 1, (2, 9): 1, (2, 10): 1, (2, 13): 1, (2, 14): 1, (2, 16): 23, (2, 17): 1, (2, 20): 1, (3, 4): 28, (3, 6): 1, (3, 7): 1, (3, 9): 1, (3, 13): 1, (3, 16): 1, (3, 17): 1, (4, 6): 1, (4, 7): 1, (4, 11): 1, (4, 13): 6, (4, 16): 1, (4, 17): 1, (5, 6): 1, (5, 8): 1, (5, 9): 1, (5, 11): 33, (5, 12): 1, (5, 14): 1, (5, 18): 1, (6, 7): 1, (6, 13): 1, (6, 14): 34, (6, 16): 1, (6, 18): 1, (6, 20): 1, (7, 8): 1, (7, 10): 40, (7, 13): 1, (7, 20): 1, (8, 9): 33, (8, 11): 1, (8, 12): 1, (8, 13): 7, (8, 14): 1, (8, 15): 1, (8, 17): 1, (8, 18): 1, (8, 19): 1, (9, 10): 12, (9, 11): 2, (9, 12): 1, (9, 17): 1, (9, 20): 1, (10, 12): 1, (10, 17): 1, (11, 13): 1, (11, 14): 1, (11, 16): 1, (11, 18): 20, (12, 16): 2, (12, 17): 1, (12, 18): 54, (12, 20): 1, (13, 14): 1, (13, 15): 35, (13, 16): 10, (13, 18): 1, (14, 15): 27, (14, 19): 1, (15, 16): 1, (15, 20): 6, (16, 17): 1, (17, 18): 1, (17, 19): 67, (18, 19): 1, (19, 20): 13}",1028.0609130859375,102.0,21.0,204.0
53.0,Graph with 21 nodes and 94 edges,"[[0, 1, 0, 0, 0, 0, 1, 0, 0, 0, 1, 0, 0, 1, 0, 0, 0, 0, 0, 1, 1], [1, 0, 1, 0, 1, 0, 0, 0, 0, 1, 0, 1, 1, 1, 0, 1, 1, 1, 0, 0, 1], [0, 1, 0, 0, 0, 0, 0, 1, 1, 0, 1, 0, 1, 0, 0, 0, 1, 0, 1, 1, 1], [0, 0, 0, 0, 0, 0, 1, 0, 0, 1, 1, 0, 0, 1, 0, 0, 0, 0, 1, 0, 1], [0, 1, 0, 0, 0, 0, 0, 1, 0, 1, 1, 0, 1, 1, 0, 1, 1, 0, 1, 0, 0], [0, 0, 0, 0, 0, 0, 0, 1, 0, 1, 0, 0, 1, 0, 0, 1, 1, 1, 1, 1, 0], [1, 0, 0, 1, 0, 0, 0, 1, 1, 1, 1, 1, 1, 0, 1, 0, 0, 1, 1, 0, 1], [0, 0, 1, 0, 1, 1, 1, 0, 1, 1, 1, 0, 0, 1, 0, 1, 1, 0, 0, 0, 0], [0, 0, 1, 0, 0, 0, 1, 1, 0, 0, 0, 0, 0, 1, 0, 1, 0, 1, 0, 1, 0], [0, 1, 0, 1, 1, 1, 1, 1, 0, 0, 0, 0, 1, 1, 0, 1, 0, 0, 1, 1, 1], [1, 0, 1, 1, 1, 0, 1, 1, 0, 0, 0, 1, 0, 0, 0, 1, 0, 1, 1, 1, 0], [0, 1, 0, 0, 0, 0, 1, 0, 0, 0, 1, 0, 1, 0, 1, 1, 1, 0, 1, 0, 1], [0, 1, 1, 0, 1, 1, 1, 0, 0, 1, 0, 1, 0, 0, 0, 1, 0, 0, 0, 0, 0], [1, 1, 0, 1, 1, 0, 0, 1, 1, 1, 0, 0, 0, 0, 1, 0, 0, 1, 0, 1, 0], [0, 0, 0, 0, 0, 0, 1, 0, 0, 0, 0, 1, 0, 1, 0, 0, 0, 0, 0, 1, 0], [0, 1, 0, 0, 1, 1, 0, 1, 1, 1, 1, 1, 1, 0, 0, 0, 0, 1, 0, 0, 1], [0, 1, 1, 0, 1, 1, 0, 1, 0, 0, 0, 1, 0, 0, 0, 0, 0, 1, 1, 0, 0], [0, 1, 0, 0, 0, 1, 1, 0, 1, 0, 1, 0, 0, 1, 0, 1, 1, 0, 0, 0, 1], [0, 0, 1, 1, 1, 1, 1, 0, 0, 1, 1, 1, 0, 0, 0, 0, 1, 0, 0, 0, 1], [1, 0, 1, 0, 0, 1, 0, 0, 1, 1, 1, 0, 0, 1, 1, 0, 0, 0, 0, 0, 0], [1, 1, 1, 1, 0, 0, 1, 0, 0, 1, 0, 1, 0, 0, 0, 1, 0, 1, 1, 0, 0]]",12.0,3.0,Y,"{0: 15, 1: 18, 2: 21, 3: 24, 4: 27, 5: 30, 6: 33, 7: 36, 8: 39, 9: 42, 10: 45, 11: 48, 12: 51, 13: 54, 14: 57, 15: 60, 16: 63, 17: 66, 18: 69, 19: 72, 20: 12}",Y,"{0: 15, 1: 18, 2: 21, 3: 24, 4: 27, 5: 30, 6: 33, 7: 36, 8: 39, 9: 42, 10: 45, 11: 48, 12: 51, 13: 54, 14: 57, 15: 60, 16: 63, 17: 66, 18: 69, 19: 72, 20: 12}","{(0, 1): 1, (0, 6): 3, (0, 10): 1, (0, 13): 1, (0, 19): 8, (0, 20): 1, (1, 2): 1, (1, 4): 1, (1, 9): 1, (1, 11): 1, (1, 12): 1, (1, 13): 1, (1, 15): 6, (1, 16): 1, (1, 17): 3, (1, 20): 1, (2, 7): 1, (2, 8): 1, (2, 10): 13, (2, 12): 1, (2, 16): 1, (2, 18): 1, (2, 19): 1, (2, 20): 1, (3, 6): 6, (3, 9): 3, (3, 10): 1, (3, 13): 1, (3, 18): 12, (3, 20): 1, (4, 7): 1, (4, 9): 1, (4, 10): 2, (4, 12): 1, (4, 13): 18, (4, 15): 1, (4, 16): 1, (4, 18): 1, (5, 7): 11, (5, 9): 1, (5, 12): 3, (5, 15): 1, (5, 16): 1, (5, 17): 11, (5, 18): 1, (5, 19): 1, (6, 7): 1, (6, 8): 1, (6, 9): 4, (6, 10): 1, (6, 11): 1, (6, 12): 2, (6, 14): 5, (6, 17): 7, (6, 18): 1, (6, 20): 1, (7, 8): 1, (7, 9): 1, (7, 10): 3, (7, 13): 5, (7, 15): 4, (7, 16): 8, (8, 13): 1, (8, 15): 1, (8, 17): 33, (8, 19): 1, (9, 12): 5, (9, 13): 1, (9, 15): 6, (9, 18): 1, (9, 19): 17, (9, 20): 1, (10, 11): 1, (10, 15): 1, (10, 17): 1, (10, 18): 5, (10, 19): 16, (11, 12): 1, (11, 14): 39, (11, 15): 1, (11, 16): 1, (11, 18): 2, (11, 20): 1, (12, 15): 37, (13, 14): 5, (13, 17): 1, (13, 19): 20, (14, 19): 8, (15, 17): 1, (15, 20): 1, (16, 17): 8, (16, 18): 42, (17, 20): 1, (18, 20): 3}",61.98883056640625,94.0,21.0,188.0
55.0,Graph with 21 nodes and 119 edges,"[[0, 1, 1, 1, 0, 0, 0, 1, 0, 1, 1, 0, 0, 0, 1, 0, 0, 1, 1, 1, 1], [1, 0, 0, 0, 0, 1, 1, 1, 0, 0, 1, 0, 1, 0, 0, 1, 1, 1, 1, 0, 1], [1, 0, 0, 1, 1, 1, 0, 1, 0, 1, 1, 0, 0, 0, 0, 1, 0, 0, 1, 1, 1], [1, 0, 1, 0, 1, 0, 1, 1, 0, 1, 0, 0, 1, 0, 0, 0, 1, 0, 1, 1, 1], [0, 0, 1, 1, 0, 1, 1, 1, 1, 0, 0, 0, 1, 1, 0, 1, 1, 0, 1, 1, 0], [0, 1, 1, 0, 1, 0, 0, 0, 0, 1, 0, 0, 0, 1, 0, 1, 1, 0, 0, 1, 0], [0, 1, 0, 1, 1, 0, 0, 1, 1, 1, 1, 0, 1, 0, 0, 1, 1, 1, 1, 0, 1], [1, 1, 1, 1, 1, 0, 1, 0, 0, 1, 1, 1, 1, 1, 0, 0, 0, 1, 1, 0, 0], [0, 0, 0, 0, 1, 0, 1, 0, 0, 1, 0, 1, 0, 0, 1, 1, 0, 1, 1, 1, 1], [1, 0, 1, 1, 0, 1, 1, 1, 1, 0, 1, 1, 1, 1, 0, 1, 0, 1, 0, 0, 1], [1, 1, 1, 0, 0, 0, 1, 1, 0, 1, 0, 1, 0, 0, 0, 1, 0, 1, 1, 0, 1], [0, 0, 0, 0, 0, 0, 0, 1, 1, 1, 1, 0, 0, 1, 1, 1, 0, 0, 1, 1, 1], [0, 1, 0, 1, 1, 0, 1, 1, 0, 1, 0, 0, 0, 1, 1, 1, 0, 1, 1, 1, 1], [0, 0, 0, 0, 1, 1, 0, 1, 0, 1, 0, 1, 1, 0, 0, 0, 0, 1, 1, 0, 1], [1, 0, 0, 0, 0, 0, 0, 0, 1, 0, 0, 1, 1, 0, 0, 1, 0, 1, 0, 1, 1], [0, 1, 1, 0, 1, 1, 1, 0, 1, 1, 1, 1, 1, 0, 1, 0, 0, 1, 1, 0, 1], [0, 1, 0, 1, 1, 1, 1, 0, 0, 0, 0, 0, 0, 0, 0, 0, 0, 0, 0, 1, 0], [1, 1, 0, 0, 0, 0, 1, 1, 1, 1, 1, 0, 1, 1, 1, 1, 0, 0, 0, 1, 1], [1, 1, 1, 1, 1, 0, 1, 1, 1, 0, 1, 1, 1, 1, 0, 1, 0, 0, 0, 1, 0], [1, 0, 1, 1, 1, 1, 0, 0, 1, 0, 0, 1, 1, 0, 1, 0, 1, 1, 1, 0, 0], [1, 1, 1, 1, 0, 0, 1, 0, 1, 1, 1, 1, 1, 1, 1, 1, 0, 1, 0, 0, 0]]",28.0,2.0,Y,"{0: 30, 1: 32, 2: 34, 3: 36, 4: 38, 5: 40, 6: 42, 7: 44, 8: 46, 9: 48, 10: 50, 11: 52, 12: 54, 13: 56, 14: 58, 15: 60, 16: 62, 17: 64, 18: 66, 19: 68, 20: 28}",Y,"{0: 30, 1: 32, 2: 34, 3: 36, 4: 38, 5: 40, 6: 42, 7: 44, 8: 46, 9: 48, 10: 50, 11: 52, 12: 54, 13: 56, 14: 58, 15: 60, 16: 62, 17: 64, 18: 66, 19: 68, 20: 28}","{(0, 1): 1, (0, 2): 1, (0, 3): 1, (0, 7): 1, (0, 9): 1, (0, 10): 1, (0, 14): 20, (0, 17): 1, (0, 18): 1, (0, 19): 1, (0, 20): 1, (1, 5): 1, (1, 6): 1, (1, 7): 1, (1, 10): 1, (1, 12): 1, (1, 15): 2, (1, 16): 21, (1, 17): 1, (1, 18): 1, (1, 20): 1, (2, 3): 24, (2, 4): 1, (2, 5): 1, (2, 7): 1, (2, 9): 1, (2, 10): 1, (2, 15): 1, (2, 18): 1, (2, 19): 1, (2, 20): 1, (3, 4): 1, (3, 6): 1, (3, 7): 1, (3, 9): 1, (3, 12): 3, (3, 16): 1, (3, 18): 1, (3, 19): 1, (3, 20): 1, (4, 5): 1, (4, 6): 1, (4, 7): 1, (4, 8): 1, (4, 12): 1, (4, 13): 27, (4, 15): 1, (4, 16): 1, (4, 18): 1, (4, 19): 1, (5, 9): 1, (5, 13): 1, (5, 15): 1, (5, 16): 33, (5, 19): 1, (6, 7): 22, (6, 8): 1, (6, 9): 1, (6, 10): 1, (6, 12): 9, (6, 15): 1, (6, 16): 1, (6, 17): 1, (6, 18): 1, (6, 20): 1, (7, 9): 1, (7, 10): 1, (7, 11): 4, (7, 12): 1, (7, 13): 8, (7, 17): 1, (7, 18): 1, (8, 9): 1, (8, 11): 1, (8, 14): 1, (8, 15): 33, (8, 17): 5, (8, 18): 1, (8, 19): 1, (8, 20): 1, (9, 10): 1, (9, 11): 1, (9, 12): 1, (9, 13): 1, (9, 15): 1, (9, 17): 35, (9, 20): 1, (10, 11): 40, (10, 15): 1, (10, 17): 1, (10, 18): 1, (10, 20): 1, (11, 13): 1, (11, 14): 1, (11, 15): 1, (11, 18): 1, (11, 19): 1, (11, 20): 1, (12, 13): 1, (12, 14): 32, (12, 15): 1, (12, 17): 1, (12, 18): 1, (12, 19): 1, (12, 20): 1, (13, 17): 1, (13, 18): 1, (13, 20): 15, (14, 15): 1, (14, 17): 1, (14, 19): 1, (14, 20): 1, (15, 17): 14, (15, 18): 1, (15, 20): 1, (16, 19): 5, (17, 19): 1, (17, 20): 1, (18, 19): 53}",991.8212890625,119.0,21.0,238.0
56.0,Graph with 21 nodes and 100 edges,"[[0, 0, 0, 0, 0, 0, 0, 0, 1, 1, 1, 0, 0, 1, 1, 1, 1, 1, 1, 1, 1], [0, 0, 1, 0, 0, 1, 1, 1, 1, 0, 0, 0, 0, 0, 1, 1, 0, 1, 0, 1, 0], [0, 1, 0, 0, 0, 0, 0, 0, 0, 0, 1, 0, 0, 0, 1, 1, 1, 1, 1, 1, 0], [0, 0, 0, 0, 1, 0, 0, 0, 0, 0, 1, 0, 1, 1, 1, 0, 1, 1, 0, 0, 0], [0, 0, 0, 1, 0, 1, 1, 0, 1, 0, 0, 1, 1, 0, 0, 1, 0, 1, 0, 1, 0], [0, 1, 0, 0, 1, 0, 1, 1, 0, 0, 1, 1, 0, 1, 1, 0, 1, 1, 1, 1, 0], [0, 1, 0, 0, 1, 1, 0, 1, 0, 1, 1, 0, 0, 1, 0, 0, 1, 1, 1, 1, 0], [0, 1, 0, 0, 0, 1, 1, 0, 1, 1, 1, 0, 0, 0, 0, 0, 0, 1, 0, 1, 1], [1, 1, 0, 0, 1, 0, 0, 1, 0, 0, 0, 1, 1, 1, 0, 0, 0, 0, 0, 0, 0], [1, 0, 0, 0, 0, 0, 1, 1, 0, 0, 0, 1, 1, 1, 1, 0, 1, 0, 0, 0, 1], [1, 0, 1, 1, 0, 1, 1, 1, 0, 0, 0, 0, 1, 1, 0, 1, 0, 0, 0, 1, 0], [0, 0, 0, 0, 1, 1, 0, 0, 1, 1, 0, 0, 1, 0, 0, 1, 1, 1, 0, 0, 0], [0, 0, 0, 1, 1, 0, 0, 0, 1, 1, 1, 1, 0, 1, 0, 0, 0, 0, 1, 0, 0], [1, 0, 0, 1, 0, 1, 1, 0, 1, 1, 1, 0, 1, 0, 1, 1, 1, 0, 1, 1, 1], [1, 1, 1, 1, 0, 1, 0, 0, 0, 1, 0, 0, 0, 1, 0, 1, 0, 0, 0, 0, 0], [1, 1, 1, 0, 1, 0, 0, 0, 0, 0, 1, 1, 0, 1, 1, 0, 1, 0, 0, 1, 1], [1, 0, 1, 1, 0, 1, 1, 0, 0, 1, 0, 1, 0, 1, 0, 1, 0, 0, 1, 0, 0], [1, 1, 1, 1, 1, 1, 1, 1, 0, 0, 0, 1, 0, 0, 0, 0, 0, 0, 1, 1, 1], [1, 0, 1, 0, 0, 1, 1, 0, 0, 0, 0, 0, 1, 1, 0, 0, 1, 1, 0, 0, 0], [1, 1, 1, 0, 1, 1, 1, 1, 0, 0, 1, 0, 0, 1, 0, 1, 0, 1, 0, 0, 1], [1, 0, 0, 0, 0, 0, 0, 1, 0, 1, 0, 0, 0, 1, 0, 1, 0, 1, 0, 1, 0]]",18.0,3.0,Y,"{0: 21, 1: 24, 2: 27, 3: 30, 4: 33, 5: 36, 6: 39, 7: 42, 8: 45, 9: 48, 10: 51, 11: 54, 12: 57, 13: 60, 14: 63, 15: 66, 16: 69, 17: 72, 18: 75, 19: 78, 20: 18}",Y,"{0: 21, 1: 24, 2: 27, 3: 30, 4: 33, 5: 36, 6: 39, 7: 42, 8: 45, 9: 48, 10: 51, 11: 54, 12: 57, 13: 60, 14: 63, 15: 66, 16: 69, 17: 72, 18: 75, 19: 78, 20: 18}","{(0, 8): 7, (0, 9): 1, (0, 10): 1, (0, 13): 1, (0, 14): 5, (0, 15): 1, (0, 16): 1, (0, 17): 1, (0, 18): 1, (0, 19): 1, (0, 20): 1, (1, 2): 1, (1, 5): 1, (1, 6): 8, (1, 7): 1, (1, 8): 1, (1, 14): 1, (1, 15): 1, (1, 17): 9, (1, 19): 1, (2, 10): 1, (2, 14): 7, (2, 15): 1, (2, 16): 6, (2, 17): 1, (2, 18): 9, (2, 19): 1, (3, 4): 1, (3, 10): 1, (3, 12): 1, (3, 13): 8, (3, 14): 17, (3, 16): 1, (3, 17): 1, (4, 5): 1, (4, 6): 1, (4, 8): 1, (4, 11): 1, (4, 12): 1, (4, 15): 1, (4, 17): 1, (4, 19): 25, (5, 6): 2, (5, 7): 8, (5, 10): 1, (5, 11): 1, (5, 13): 1, (5, 14): 3, (5, 16): 15, (5, 17): 1, (5, 18): 1, (5, 19): 1, (6, 7): 1, (6, 9): 1, (6, 10): 1, (6, 13): 1, (6, 16): 14, (6, 17): 1, (6, 18): 8, (6, 19): 1, (7, 8): 12, (7, 9): 1, (7, 10): 1, (7, 17): 1, (7, 19): 16, (7, 20): 1, (8, 11): 8, (8, 12): 15, (8, 13): 1, (9, 11): 4, (9, 12): 1, (9, 13): 26, (9, 14): 1, (9, 16): 1, (9, 20): 12, (10, 12): 1, (10, 13): 15, (10, 15): 1, (10, 19): 28, (11, 12): 36, (11, 15): 2, (11, 16): 1, (11, 17): 1, (12, 13): 1, (12, 18): 1, (13, 14): 1, (13, 15): 1, (13, 16): 1, (13, 18): 1, (13, 19): 1, (13, 20): 1, (14, 15): 28, (15, 16): 28, (15, 19): 1, (15, 20): 1, (16, 18): 1, (17, 18): 53, (17, 19): 1, (17, 20): 1, (19, 20): 1}",43.8690185546875,100.0,21.0,200.0
57.0,Graph with 21 nodes and 111 edges,"[[0, 0, 0, 0, 1, 0, 0, 1, 1, 1, 1, 0, 0, 1, 0, 1, 1, 1, 0, 0, 0], [0, 0, 1, 0, 0, 0, 1, 0, 0, 1, 1, 0, 1, 1, 0, 1, 1, 0, 1, 1, 1], [0, 1, 0, 1, 0, 0, 0, 1, 0, 1, 0, 0, 1, 0, 1, 1, 0, 0, 0, 0, 0], [0, 0, 1, 0, 0, 0, 0, 1, 1, 0, 1, 0, 1, 1, 1, 0, 1, 0, 0, 0, 0], [1, 0, 0, 0, 0, 0, 0, 0, 0, 0, 1, 0, 1, 1, 0, 0, 1, 1, 0, 1, 1], [0, 0, 0, 0, 0, 0, 0, 1, 1, 1, 0, 0, 0, 1, 0, 1, 0, 1, 0, 1, 0], [0, 1, 0, 0, 0, 0, 0, 1, 1, 1, 0, 1, 0, 1, 1, 0, 1, 0, 1, 0, 1], [1, 0, 1, 1, 0, 1, 1, 0, 0, 1, 1, 1, 1, 1, 1, 1, 1, 1, 1, 1, 0], [1, 0, 0, 1, 0, 1, 1, 0, 0, 1, 0, 1, 1, 1, 1, 1, 1, 1, 1, 1, 0], [1, 1, 1, 0, 0, 1, 1, 1, 1, 0, 1, 1, 0, 0, 0, 0, 0, 0, 0, 1, 1], [1, 1, 0, 1, 1, 0, 0, 1, 0, 1, 0, 1, 0, 1, 0, 0, 1, 1, 1, 0, 0], [0, 0, 0, 0, 0, 0, 1, 1, 1, 1, 1, 0, 0, 1, 0, 1, 1, 0, 0, 1, 1], [0, 1, 1, 1, 1, 0, 0, 1, 1, 0, 0, 0, 0, 1, 1, 1, 1, 0, 0, 1, 1], [1, 1, 0, 1, 1, 1, 1, 1, 1, 0, 1, 1, 1, 0, 0, 1, 0, 1, 0, 1, 1], [0, 0, 1, 1, 0, 0, 1, 1, 1, 0, 0, 0, 1, 0, 0, 0, 1, 0, 0, 0, 0], [1, 1, 1, 0, 0, 1, 0, 1, 1, 0, 0, 1, 1, 1, 0, 0, 0, 1, 1, 1, 1], [1, 1, 0, 1, 1, 0, 1, 1, 1, 0, 1, 1, 1, 0, 1, 0, 0, 0, 0, 1, 1], [1, 0, 0, 0, 1, 1, 0, 1, 1, 0, 1, 0, 0, 1, 0, 1, 0, 0, 0, 0, 1], [0, 1, 0, 0, 0, 0, 1, 1, 1, 0, 1, 0, 0, 0, 0, 1, 0, 0, 0, 1, 0], [0, 1, 0, 0, 1, 1, 0, 1, 1, 1, 0, 1, 1, 1, 0, 1, 1, 0, 1, 0, 1], [0, 1, 0, 0, 1, 0, 1, 0, 0, 1, 0, 1, 1, 1, 0, 1, 1, 1, 0, 1, 0]]",8.0,5.0,Y,"{0: 18, 1: 23, 2: 13, 3: 28, 4: 33, 5: 38, 6: 43, 7: 48, 8: 53, 9: 58, 10: 63, 11: 68, 12: 73, 13: 78, 14: 83, 15: 88, 16: 93, 17: 98, 18: 8, 19: 103, 20: 108}",Y,"{0: 18, 1: 23, 2: 13, 3: 28, 4: 33, 5: 38, 6: 43, 7: 48, 8: 53, 9: 58, 10: 63, 11: 68, 12: 73, 13: 78, 14: 83, 15: 88, 16: 93, 17: 98, 18: 8, 19: 103, 20: 108}","{(0, 4): 1, (0, 7): 1, (0, 8): 8, (0, 9): 1, (0, 10): 3, (0, 13): 1, (0, 15): 1, (0, 16): 1, (0, 17): 1, (1, 2): 1, (1, 6): 1, (1, 9): 1, (1, 10): 1, (1, 12): 2, (1, 13): 1, (1, 15): 1, (1, 16): 12, (1, 18): 1, (1, 19): 1, (1, 20): 1, (2, 3): 1, (2, 7): 1, (2, 9): 7, (2, 12): 1, (2, 14): 1, (2, 15): 1, (3, 7): 1, (3, 8): 1, (3, 10): 19, (3, 12): 1, (3, 13): 1, (3, 14): 3, (3, 16): 1, (4, 10): 1, (4, 12): 1, (4, 13): 1, (4, 16): 1, (4, 17): 26, (4, 19): 1, (4, 20): 1, (5, 7): 11, (5, 8): 1, (5, 9): 1, (5, 13): 1, (5, 15): 1, (5, 17): 14, (5, 19): 9, (6, 7): 1, (6, 8): 1, (6, 9): 3, (6, 11): 1, (6, 13): 9, (6, 14): 7, (6, 16): 14, (6, 18): 1, (6, 20): 5, (7, 9): 2, (7, 10): 2, (7, 11): 1, (7, 12): 1, (7, 13): 1, (7, 14): 1, (7, 15): 1, (7, 16): 4, (7, 17): 9, (7, 18): 1, (7, 19): 10, (8, 9): 3, (8, 11): 1, (8, 12): 1, (8, 13): 1, (8, 14): 1, (8, 15): 19, (8, 16): 1, (8, 17): 1, (8, 18): 1, (8, 19): 13, (9, 10): 1, (9, 11): 27, (9, 19): 11, (9, 20): 1, (10, 11): 15, (10, 13): 11, (10, 16): 7, (10, 17): 1, (10, 18): 2, (11, 13): 1, (11, 15): 5, (11, 16): 6, (11, 19): 10, (11, 20): 1, (12, 13): 7, (12, 14): 44, (12, 15): 2, (12, 16): 5, (12, 19): 1, (12, 20): 7, (13, 15): 38, (13, 17): 1, (13, 19): 3, (13, 20): 1, (14, 16): 26, (15, 17): 11, (15, 18): 1, (15, 19): 1, (15, 20): 6, (16, 19): 3, (16, 20): 12, (17, 20): 34, (18, 19): 1, (19, 20): 39}",89.16854858398438,111.0,21.0,222.0
58.0,Graph with 21 nodes and 99 edges,"[[0, 0, 1, 0, 1, 0, 1, 0, 1, 0, 0, 0, 1, 0, 0, 0, 1, 1, 1, 0, 0], [0, 0, 0, 1, 1, 1, 0, 1, 0, 0, 0, 0, 0, 1, 0, 0, 0, 0, 1, 0, 1], [1, 0, 0, 0, 1, 0, 1, 1, 1, 0, 1, 1, 0, 1, 1, 1, 1, 0, 0, 0, 0], [0, 1, 0, 0, 1, 0, 1, 1, 1, 1, 1, 1, 1, 0, 1, 0, 1, 0, 0, 1, 1], [1, 1, 1, 1, 0, 1, 0, 0, 1, 0, 0, 0, 1, 1, 0, 1, 1, 1, 1, 0, 0], [0, 1, 0, 0, 1, 0, 1, 0, 1, 0, 0, 1, 0, 0, 0, 0, 1, 1, 1, 0, 0], [1, 0, 1, 1, 0, 1, 0, 0, 1, 1, 1, 1, 0, 0, 1, 1, 1, 1, 0, 1, 0], [0, 1, 1, 1, 0, 0, 0, 0, 0, 0, 0, 1, 0, 0, 1, 1, 1, 0, 0, 1, 1], [1, 0, 1, 1, 1, 1, 1, 0, 0, 0, 1, 1, 1, 0, 0, 0, 0, 1, 0, 0, 1], [0, 0, 0, 1, 0, 0, 1, 0, 0, 0, 1, 0, 1, 0, 0, 0, 0, 1, 1, 1, 0], [0, 0, 1, 1, 0, 0, 1, 0, 1, 1, 0, 0, 0, 1, 1, 1, 1, 1, 0, 1, 1], [0, 0, 1, 1, 0, 1, 1, 1, 1, 0, 0, 0, 0, 0, 0, 0, 1, 0, 0, 0, 0], [1, 0, 0, 1, 1, 0, 0, 0, 1, 1, 0, 0, 0, 1, 1, 0, 0, 0, 0, 0, 0], [0, 1, 1, 0, 1, 0, 0, 0, 0, 0, 1, 0, 1, 0, 1, 0, 1, 1, 1, 1, 0], [0, 0, 1, 1, 0, 0, 1, 1, 0, 0, 1, 0, 1, 1, 0, 1, 1, 0, 0, 0, 0], [0, 0, 1, 0, 1, 0, 1, 1, 0, 0, 1, 0, 0, 0, 1, 0, 0, 0, 0, 1, 1], [1, 0, 1, 1, 1, 1, 1, 1, 0, 0, 1, 1, 0, 1, 1, 0, 0, 0, 0, 0, 1], [1, 0, 0, 0, 1, 1, 1, 0, 1, 1, 1, 0, 0, 1, 0, 0, 0, 0, 1, 0, 0], [1, 1, 0, 0, 1, 1, 0, 0, 0, 1, 0, 0, 0, 1, 0, 0, 0, 1, 0, 0, 1], [0, 0, 0, 1, 0, 0, 1, 1, 0, 1, 1, 0, 0, 1, 0, 1, 0, 0, 0, 0, 1], [0, 1, 0, 1, 0, 0, 0, 1, 1, 0, 1, 0, 0, 0, 0, 1, 1, 0, 1, 1, 0]]",18.0,8.0,Y,"{0: 26, 1: 34, 2: 42, 3: 50, 4: 58, 5: 66, 6: 74, 7: 82, 8: 90, 9: 98, 10: 106, 11: 114, 12: 122, 13: 130, 14: 138, 15: 146, 16: 154, 17: 162, 18: 170, 19: 178, 20: 18}",Y,"{0: 26, 1: 34, 2: 42, 3: 50, 4: 58, 5: 66, 6: 74, 7: 82, 8: 90, 9: 98, 10: 106, 11: 114, 12: 122, 13: 130, 14: 138, 15: 146, 16: 154, 17: 162, 18: 170, 19: 178, 20: 18}","{(0, 2): 1, (0, 4): 1, (0, 6): 1, (0, 8): 1, (0, 12): 18, (0, 16): 1, (0, 17): 1, (0, 18): 2, (1, 3): 1, (1, 4): 1, (1, 5): 1, (1, 7): 1, (1, 13): 1, (1, 18): 28, (1, 20): 1, (2, 4): 1, (2, 6): 1, (2, 7): 1, (2, 8): 1, (2, 10): 1, (2, 11): 1, (2, 13): 1, (2, 14): 1, (2, 15): 1, (2, 16): 32, (3, 4): 1, (3, 6): 1, (3, 7): 1, (3, 8): 1, (3, 9): 1, (3, 10): 1, (3, 11): 1, (3, 12): 1, (3, 14): 1, (3, 16): 38, (3, 19): 1, (3, 20): 1, (4, 5): 1, (4, 8): 1, (4, 12): 1, (4, 13): 1, (4, 15): 1, (4, 16): 1, (4, 17): 47, (4, 18): 1, (5, 6): 1, (5, 8): 31, (5, 11): 1, (5, 16): 1, (5, 17): 1, (5, 18): 29, (6, 8): 1, (6, 9): 1, (6, 10): 1, (6, 11): 1, (6, 14): 1, (6, 15): 1, (6, 16): 62, (6, 17): 1, (6, 19): 1, (7, 11): 74, (7, 14): 1, (7, 15): 1, (7, 16): 1, (7, 19): 1, (7, 20): 1, (8, 10): 15, (8, 11): 35, (8, 12): 1, (8, 17): 2, (8, 20): 1, (9, 10): 75, (9, 12): 1, (9, 17): 1, (9, 18): 1, (9, 19): 18, (10, 13): 1, (10, 14): 1, (10, 15): 1, (10, 16): 1, (10, 17): 1, (10, 19): 7, (10, 20): 1, (11, 16): 1, (12, 13): 52, (12, 14): 48, (13, 14): 70, (13, 16): 1, (13, 17): 1, (13, 18): 1, (13, 19): 1, (14, 15): 1, (14, 16): 14, (15, 19): 139, (15, 20): 1, (16, 20): 1, (17, 18): 107, (18, 20): 1, (19, 20): 10}",1049.041748046875,99.0,21.0,198.0
58.0,Graph with 21 nodes and 99 edges,"[[0, 0, 1, 0, 1, 0, 1, 0, 1, 0, 0, 0, 1, 0, 0, 0, 1, 1, 1, 0, 0], [0, 0, 0, 1, 1, 1, 0, 1, 0, 0, 0, 0, 0, 1, 0, 0, 0, 0, 1, 0, 1], [1, 0, 0, 0, 1, 0, 1, 1, 1, 0, 1, 1, 0, 1, 1, 1, 1, 0, 0, 0, 0], [0, 1, 0, 0, 1, 0, 1, 1, 1, 1, 1, 1, 1, 0, 1, 0, 1, 0, 0, 1, 1], [1, 1, 1, 1, 0, 1, 0, 0, 1, 0, 0, 0, 1, 1, 0, 1, 1, 1, 1, 0, 0], [0, 1, 0, 0, 1, 0, 1, 0, 1, 0, 0, 1, 0, 0, 0, 0, 1, 1, 1, 0, 0], [1, 0, 1, 1, 0, 1, 0, 0, 1, 1, 1, 1, 0, 0, 1, 1, 1, 1, 0, 1, 0], [0, 1, 1, 1, 0, 0, 0, 0, 0, 0, 0, 1, 0, 0, 1, 1, 1, 0, 0, 1, 1], [1, 0, 1, 1, 1, 1, 1, 0, 0, 0, 1, 1, 1, 0, 0, 0, 0, 1, 0, 0, 1], [0, 0, 0, 1, 0, 0, 1, 0, 0, 0, 1, 0, 1, 0, 0, 0, 0, 1, 1, 1, 0], [0, 0, 1, 1, 0, 0, 1, 0, 1, 1, 0, 0, 0, 1, 1, 1, 1, 1, 0, 1, 1], [0, 0, 1, 1, 0, 1, 1, 1, 1, 0, 0, 0, 0, 0, 0, 0, 1, 0, 0, 0, 0], [1, 0, 0, 1, 1, 0, 0, 0, 1, 1, 0, 0, 0, 1, 1, 0, 0, 0, 0, 0, 0], [0, 1, 1, 0, 1, 0, 0, 0, 0, 0, 1, 0, 1, 0, 1, 0, 1, 1, 1, 1, 0], [0, 0, 1, 1, 0, 0, 1, 1, 0, 0, 1, 0, 1, 1, 0, 1, 1, 0, 0, 0, 0], [0, 0, 1, 0, 1, 0, 1, 1, 0, 0, 1, 0, 0, 0, 1, 0, 0, 0, 0, 1, 1], [1, 0, 1, 1, 1, 1, 1, 1, 0, 0, 1, 1, 0, 1, 1, 0, 0, 0, 0, 0, 1], [1, 0, 0, 0, 1, 1, 1, 0, 1, 1, 1, 0, 0, 1, 0, 0, 0, 0, 1, 0, 0], [1, 1, 0, 0, 1, 1, 0, 0, 0, 1, 0, 0, 0, 1, 0, 0, 0, 1, 0, 0, 1], [0, 0, 0, 1, 0, 0, 1, 1, 0, 1, 1, 0, 0, 1, 0, 1, 0, 0, 0, 0, 1], [0, 1, 0, 1, 0, 0, 0, 1, 1, 0, 1, 0, 0, 0, 0, 1, 1, 0, 1, 1, 0]]",22.0,6.0,Y,"{0: 28, 1: 34, 2: 40, 3: 46, 4: 52, 5: 58, 6: 64, 7: 70, 8: 76, 9: 82, 10: 88, 11: 94, 12: 100, 13: 106, 14: 112, 15: 118, 16: 124, 17: 130, 18: 136, 19: 142, 20: 22}",Y,"{0: 28, 1: 34, 2: 40, 3: 46, 4: 52, 5: 58, 6: 64, 7: 70, 8: 76, 9: 82, 10: 88, 11: 94, 12: 100, 13: 106, 14: 112, 15: 118, 16: 124, 17: 130, 18: 136, 19: 142, 20: 22}","{(0, 2): 1, (0, 4): 1, (0, 6): 1, (0, 8): 1, (0, 12): 21, (0, 16): 1, (0, 17): 1, (0, 18): 1, (1, 3): 1, (1, 4): 1, (1, 5): 1, (1, 7): 1, (1, 13): 1, (1, 18): 28, (1, 20): 1, (2, 4): 1, (2, 6): 1, (2, 7): 1, (2, 8): 1, (2, 10): 1, (2, 11): 1, (2, 13): 1, (2, 14): 1, (2, 15): 1, (2, 16): 30, (3, 4): 1, (3, 6): 1, (3, 7): 1, (3, 8): 1, (3, 9): 1, (3, 10): 1, (3, 11): 1, (3, 12): 1, (3, 14): 1, (3, 16): 34, (3, 19): 1, (3, 20): 1, (4, 5): 1, (4, 8): 1, (4, 12): 1, (4, 13): 1, (4, 15): 1, (4, 16): 1, (4, 17): 41, (4, 18): 1, (5, 6): 1, (5, 8): 1, (5, 11): 29, (5, 16): 23, (5, 17): 1, (5, 18): 1, (6, 8): 1, (6, 9): 1, (6, 10): 52, (6, 11): 1, (6, 14): 1, (6, 15): 1, (6, 16): 1, (6, 17): 1, (6, 19): 1, (7, 11): 1, (7, 14): 62, (7, 15): 1, (7, 16): 1, (7, 19): 1, (7, 20): 1, (8, 10): 1, (8, 11): 60, (8, 12): 1, (8, 17): 7, (8, 20): 1, (9, 10): 3, (9, 12): 74, (9, 17): 1, (9, 18): 1, (9, 19): 1, (10, 13): 1, (10, 14): 1, (10, 15): 1, (10, 16): 1, (10, 17): 1, (10, 19): 24, (10, 20): 1, (11, 16): 1, (12, 13): 1, (12, 14): 1, (13, 14): 43, (13, 16): 29, (13, 17): 1, (13, 18): 27, (13, 19): 1, (14, 15): 1, (14, 16): 1, (15, 19): 105, (15, 20): 7, (16, 20): 1, (17, 18): 76, (18, 20): 1, (19, 20): 8}",977.0393371582031,99.0,21.0,198.0
59.0,Graph with 21 nodes and 114 edges,"[[0, 0, 1, 1, 1, 1, 1, 0, 1, 0, 1, 1, 0, 0, 0, 1, 1, 0, 1, 1, 1], [0, 0, 0, 1, 1, 1, 0, 1, 1, 1, 1, 0, 0, 0, 1, 0, 0, 1, 0, 0, 1], [1, 0, 0, 1, 1, 1, 0, 1, 1, 1, 1, 0, 0, 0, 1, 0, 1, 0, 1, 0, 1], [1, 1, 1, 0, 1, 1, 1, 0, 1, 1, 1, 1, 0, 1, 1, 1, 1, 1, 1, 0, 0], [1, 1, 1, 1, 0, 0, 1, 0, 0, 1, 1, 1, 1, 1, 0, 1, 0, 1, 1, 1, 0], [1, 1, 1, 1, 0, 0, 1, 1, 1, 0, 0, 0, 1, 1, 1, 0, 1, 1, 0, 1, 1], [1, 0, 0, 1, 1, 1, 0, 1, 1, 1, 1, 1, 1, 1, 0, 1, 0, 0, 0, 0, 1], [0, 1, 1, 0, 0, 1, 1, 0, 1, 0, 0, 1, 1, 0, 1, 1, 1, 0, 0, 0, 0], [1, 1, 1, 1, 0, 1, 1, 1, 0, 1, 0, 1, 1, 0, 1, 1, 1, 0, 1, 1, 1], [0, 1, 1, 1, 1, 0, 1, 0, 1, 0, 0, 0, 0, 0, 0, 0, 1, 1, 0, 1, 1], [1, 1, 1, 1, 1, 0, 1, 0, 0, 0, 0, 0, 0, 0, 1, 1, 1, 1, 0, 0, 0], [1, 0, 0, 1, 1, 0, 1, 1, 1, 0, 0, 0, 0, 1, 0, 0, 0, 1, 0, 0, 0], [0, 0, 0, 0, 1, 1, 1, 1, 1, 0, 0, 0, 0, 0, 0, 1, 0, 1, 0, 0, 0], [0, 0, 0, 1, 1, 1, 1, 0, 0, 0, 0, 1, 0, 0, 1, 0, 1, 0, 0, 0, 1], [0, 1, 1, 1, 0, 1, 0, 1, 1, 0, 1, 0, 0, 1, 0, 0, 1, 1, 0, 0, 0], [1, 0, 0, 1, 1, 0, 1, 1, 1, 0, 1, 0, 1, 0, 0, 0, 0, 1, 0, 1, 0], [1, 0, 1, 1, 0, 1, 0, 1, 1, 1, 1, 0, 0, 1, 1, 0, 0, 0, 0, 0, 1], [0, 1, 0, 1, 1, 1, 0, 0, 0, 1, 1, 1, 1, 0, 1, 1, 0, 0, 0, 0, 0], [1, 0, 1, 1, 1, 0, 0, 0, 1, 0, 0, 0, 0, 0, 0, 0, 0, 0, 0, 1, 1], [1, 0, 0, 0, 1, 1, 0, 0, 1, 1, 0, 0, 0, 0, 0, 1, 0, 0, 1, 0, 1], [1, 1, 1, 0, 0, 1, 1, 0, 1, 1, 0, 0, 0, 1, 0, 0, 1, 0, 1, 1, 0]]",24.0,2.0,Y,"{0: 26, 1: 28, 2: 30, 3: 32, 4: 34, 5: 36, 6: 38, 7: 40, 8: 42, 9: 44, 10: 46, 11: 48, 12: 50, 13: 52, 14: 54, 15: 56, 16: 58, 17: 60, 18: 62, 19: 64, 20: 24}",Y,"{0: 26, 1: 28, 2: 30, 3: 32, 4: 34, 5: 36, 6: 38, 7: 40, 8: 42, 9: 44, 10: 46, 11: 48, 12: 50, 13: 52, 14: 54, 15: 56, 16: 58, 17: 60, 18: 62, 19: 64, 20: 24}","{(0, 2): 1, (0, 3): 1, (0, 4): 1, (0, 5): 1, (0, 6): 1, (0, 8): 1, (0, 10): 1, (0, 11): 14, (0, 15): 1, (0, 16): 1, (0, 18): 1, (0, 19): 1, (0, 20): 1, (1, 3): 1, (1, 4): 1, (1, 5): 1, (1, 7): 2, (1, 8): 1, (1, 9): 7, (1, 10): 3, (1, 14): 9, (1, 17): 2, (1, 20): 1, (2, 3): 1, (2, 4): 1, (2, 5): 3, (2, 7): 1, (2, 8): 1, (2, 9): 1, (2, 10): 1, (2, 14): 1, (2, 16): 1, (2, 18): 17, (2, 20): 1, (3, 4): 1, (3, 5): 1, (3, 6): 1, (3, 8): 5, (3, 9): 3, (3, 10): 1, (3, 11): 6, (3, 13): 1, (3, 14): 1, (3, 15): 1, (3, 16): 1, (3, 17): 3, (3, 18): 4, (4, 6): 1, (4, 9): 1, (4, 10): 1, (4, 11): 2, (4, 12): 1, (4, 13): 1, (4, 15): 1, (4, 17): 1, (4, 18): 1, (4, 19): 20, (5, 6): 5, (5, 7): 4, (5, 8): 1, (5, 12): 2, (5, 13): 1, (5, 14): 1, (5, 16): 9, (5, 17): 4, (5, 19): 2, (5, 20): 1, (6, 7): 1, (6, 8): 1, (6, 9): 1, (6, 10): 5, (6, 11): 1, (6, 12): 1, (6, 13): 16, (6, 15): 1, (6, 20): 3, (7, 8): 4, (7, 11): 1, (7, 12): 8, (7, 14): 3, (7, 15): 8, (7, 16): 8, (8, 9): 1, (8, 11): 2, (8, 12): 1, (8, 14): 1, (8, 15): 2, (8, 16): 12, (8, 18): 7, (8, 19): 1, (8, 20): 1, (9, 16): 2, (9, 17): 9, (9, 19): 12, (9, 20): 7, (10, 14): 9, (10, 15): 7, (10, 16): 17, (10, 17): 1, (11, 13): 21, (11, 17): 1, (12, 15): 27, (12, 17): 10, (13, 14): 6, (13, 16): 5, (13, 20): 1, (14, 16): 1, (14, 17): 22, (15, 17): 7, (15, 19): 1, (16, 20): 1, (18, 19): 26, (18, 20): 6, (19, 20): 1}",89.88380432128906,114.0,21.0,228.0
59.0,Graph with 21 nodes and 114 edges,"[[0, 0, 1, 1, 1, 1, 1, 0, 1, 0, 1, 1, 0, 0, 0, 1, 1, 0, 1, 1, 1], [0, 0, 0, 1, 1, 1, 0, 1, 1, 1, 1, 0, 0, 0, 1, 0, 0, 1, 0, 0, 1], [1, 0, 0, 1, 1, 1, 0, 1, 1, 1, 1, 0, 0, 0, 1, 0, 1, 0, 1, 0, 1], [1, 1, 1, 0, 1, 1, 1, 0, 1, 1, 1, 1, 0, 1, 1, 1, 1, 1, 1, 0, 0], [1, 1, 1, 1, 0, 0, 1, 0, 0, 1, 1, 1, 1, 1, 0, 1, 0, 1, 1, 1, 0], [1, 1, 1, 1, 0, 0, 1, 1, 1, 0, 0, 0, 1, 1, 1, 0, 1, 1, 0, 1, 1], [1, 0, 0, 1, 1, 1, 0, 1, 1, 1, 1, 1, 1, 1, 0, 1, 0, 0, 0, 0, 1], [0, 1, 1, 0, 0, 1, 1, 0, 1, 0, 0, 1, 1, 0, 1, 1, 1, 0, 0, 0, 0], [1, 1, 1, 1, 0, 1, 1, 1, 0, 1, 0, 1, 1, 0, 1, 1, 1, 0, 1, 1, 1], [0, 1, 1, 1, 1, 0, 1, 0, 1, 0, 0, 0, 0, 0, 0, 0, 1, 1, 0, 1, 1], [1, 1, 1, 1, 1, 0, 1, 0, 0, 0, 0, 0, 0, 0, 1, 1, 1, 1, 0, 0, 0], [1, 0, 0, 1, 1, 0, 1, 1, 1, 0, 0, 0, 0, 1, 0, 0, 0, 1, 0, 0, 0], [0, 0, 0, 0, 1, 1, 1, 1, 1, 0, 0, 0, 0, 0, 0, 1, 0, 1, 0, 0, 0], [0, 0, 0, 1, 1, 1, 1, 0, 0, 0, 0, 1, 0, 0, 1, 0, 1, 0, 0, 0, 1], [0, 1, 1, 1, 0, 1, 0, 1, 1, 0, 1, 0, 0, 1, 0, 0, 1, 1, 0, 0, 0], [1, 0, 0, 1, 1, 0, 1, 1, 1, 0, 1, 0, 1, 0, 0, 0, 0, 1, 0, 1, 0], [1, 0, 1, 1, 0, 1, 0, 1, 1, 1, 1, 0, 0, 1, 1, 0, 0, 0, 0, 0, 1], [0, 1, 0, 1, 1, 1, 0, 0, 0, 1, 1, 1, 1, 0, 1, 1, 0, 0, 0, 0, 0], [1, 0, 1, 1, 1, 0, 0, 0, 1, 0, 0, 0, 0, 0, 0, 0, 0, 0, 0, 1, 1], [1, 0, 0, 0, 1, 1, 0, 0, 1, 1, 0, 0, 0, 0, 0, 1, 0, 0, 1, 0, 1], [1, 1, 1, 0, 0, 1, 1, 0, 1, 1, 0, 0, 0, 1, 0, 0, 1, 0, 1, 1, 0]]",28.0,4.0,Y,"{0: 108, 1: 104, 2: 100, 3: 96, 4: 92, 5: 88, 6: 84, 7: 80, 8: 76, 9: 72, 10: 68, 11: 64, 12: 60, 13: 56, 14: 52, 15: 48, 16: 44, 17: 40, 18: 36, 19: 32, 20: 28}",Y,"{0: 108, 1: 104, 2: 100, 3: 96, 4: 92, 5: 88, 6: 84, 7: 80, 8: 76, 9: 72, 10: 68, 11: 64, 12: 60, 13: 56, 14: 52, 15: 48, 16: 44, 17: 40, 18: 36, 19: 32, 20: 28}","{(0, 2): 1, (0, 3): 3, (0, 4): 3, (0, 5): 1, (0, 6): 10, (0, 8): 22, (0, 10): 3, (0, 11): 10, (0, 15): 35, (0, 16): 1, (0, 18): 3, (0, 19): 15, (0, 20): 1, (1, 3): 3, (1, 4): 13, (1, 5): 1, (1, 7): 3, (1, 8): 17, (1, 9): 59, (1, 10): 4, (1, 14): 2, (1, 17): 1, (1, 20): 1, (2, 3): 20, (2, 4): 14, (2, 5): 7, (2, 7): 3, (2, 8): 19, (2, 9): 1, (2, 10): 1, (2, 14): 1, (2, 16): 1, (2, 18): 17, (2, 20): 15, (3, 4): 1, (3, 5): 3, (3, 6): 1, (3, 8): 1, (3, 9): 2, (3, 10): 3, (3, 11): 1, (3, 13): 1, (3, 14): 1, (3, 15): 1, (3, 16): 27, (3, 17): 27, (3, 18): 1, (4, 6): 1, (4, 9): 1, (4, 10): 1, (4, 11): 11, (4, 12): 38, (4, 13): 1, (4, 15): 1, (4, 17): 1, (4, 18): 5, (4, 19): 1, (5, 6): 1, (5, 7): 40, (5, 8): 1, (5, 12): 1, (5, 13): 8, (5, 14): 19, (5, 16): 1, (5, 17): 1, (5, 19): 3, (5, 20): 1, (6, 7): 1, (6, 8): 3, (6, 9): 1, (6, 10): 51, (6, 11): 11, (6, 12): 1, (6, 13): 1, (6, 15): 1, (6, 20): 1, (7, 8): 1, (7, 11): 3, (7, 12): 15, (7, 14): 6, (7, 15): 3, (7, 16): 5, (8, 9): 1, (8, 11): 1, (8, 12): 1, (8, 14): 1, (8, 15): 1, (8, 16): 1, (8, 18): 2, (8, 19): 3, (8, 20): 1, (9, 16): 1, (9, 17): 3, (9, 19): 1, (9, 20): 2, (10, 14): 1, (10, 15): 1, (10, 16): 2, (10, 17): 1, (11, 13): 26, (11, 17): 1, (12, 15): 3, (12, 17): 1, (13, 14): 17, (13, 16): 1, (13, 20): 1, (14, 16): 1, (14, 17): 3, (15, 17): 1, (15, 19): 1, (16, 20): 3, (18, 19): 7, (18, 20): 1, (19, 20): 1}",105.85784912109375,114.0,21.0,228.0
60.0,Graph with 21 nodes and 99 edges,"[[0, 1, 0, 0, 0, 0, 0, 1, 0, 1, 0, 1, 0, 0, 1, 1, 1, 1, 1, 1, 1], [1, 0, 0, 0, 1, 0, 1, 0, 1, 1, 0, 0, 1, 0, 1, 0, 1, 0, 0, 1, 1], [0, 0, 0, 1, 0, 0, 1, 0, 1, 1, 0, 1, 1, 0, 1, 0, 0, 1, 0, 0, 1], [0, 0, 1, 0, 1, 0, 0, 1, 1, 1, 0, 0, 1, 0, 1, 0, 1, 1, 1, 1, 1], [0, 1, 0, 1, 0, 1, 1, 1, 1, 0, 0, 0, 0, 0, 1, 0, 1, 1, 1, 0, 0], [0, 0, 0, 0, 1, 0, 1, 1, 1, 0, 1, 1, 1, 0, 1, 0, 0, 0, 0, 1, 0], [0, 1, 1, 0, 1, 1, 0, 1, 1, 0, 0, 0, 0, 1, 1, 1, 0, 0, 1, 1, 0], [1, 0, 0, 1, 1, 1, 1, 0, 0, 0, 0, 1, 0, 0, 0, 0, 1, 1, 0, 0, 1], [0, 1, 1, 1, 1, 1, 1, 0, 0, 1, 0, 0, 1, 0, 0, 1, 0, 0, 0, 1, 0], [1, 1, 1, 1, 0, 0, 0, 0, 1, 0, 0, 0, 1, 0, 0, 1, 0, 0, 0, 0, 0], [0, 0, 0, 0, 0, 1, 0, 0, 0, 0, 0, 0, 0, 0, 0, 0, 1, 0, 1, 0, 1], [1, 0, 1, 0, 0, 1, 0, 1, 0, 0, 0, 0, 0, 1, 1, 1, 1, 0, 0, 0, 1], [0, 1, 1, 1, 0, 1, 0, 0, 1, 1, 0, 0, 0, 0, 1, 0, 1, 0, 0, 0, 1], [0, 0, 0, 0, 0, 0, 1, 0, 0, 0, 0, 1, 0, 0, 1, 0, 0, 0, 1, 1, 0], [1, 1, 1, 1, 1, 1, 1, 0, 0, 0, 0, 1, 1, 1, 0, 1, 1, 1, 1, 0, 0], [1, 0, 0, 0, 0, 0, 1, 0, 1, 1, 0, 1, 0, 0, 1, 0, 1, 0, 0, 1, 0], [1, 1, 0, 1, 1, 0, 0, 1, 0, 0, 1, 1, 1, 0, 1, 1, 0, 1, 1, 1, 0], [1, 0, 1, 1, 1, 0, 0, 1, 0, 0, 0, 0, 0, 0, 1, 0, 1, 0, 0, 0, 1], [1, 0, 0, 1, 1, 0, 1, 0, 0, 0, 1, 0, 0, 1, 1, 0, 1, 0, 0, 0, 1], [1, 1, 0, 1, 0, 1, 1, 0, 1, 0, 0, 0, 0, 1, 0, 1, 1, 0, 0, 0, 1], [1, 1, 1, 1, 0, 0, 0, 1, 0, 0, 1, 1, 1, 0, 0, 0, 0, 1, 1, 1, 0]]",26.0,9.0,Y,"{0: 35, 1: 44, 2: 53, 3: 62, 4: 71, 5: 80, 6: 89, 7: 98, 8: 107, 9: 116, 10: 125, 11: 134, 12: 143, 13: 152, 14: 161, 15: 170, 16: 179, 17: 188, 18: 197, 19: 206, 20: 26}",Y,"{0: 35, 1: 44, 2: 53, 3: 62, 4: 71, 5: 80, 6: 89, 7: 98, 8: 107, 9: 116, 10: 125, 11: 134, 12: 143, 13: 152, 14: 161, 15: 170, 16: 179, 17: 188, 18: 197, 19: 206, 20: 26}","{(0, 1): 1, (0, 7): 1, (0, 9): 1, (0, 11): 1, (0, 14): 1, (0, 15): 1, (0, 16): 1, (0, 17): 1, (0, 18): 1, (0, 19): 25, (0, 20): 1, (1, 4): 1, (1, 6): 1, (1, 8): 1, (1, 9): 1, (1, 12): 1, (1, 14): 1, (1, 16): 1, (1, 19): 35, (1, 20): 1, (2, 3): 1, (2, 6): 1, (2, 8): 1, (2, 9): 1, (2, 11): 1, (2, 12): 1, (2, 14): 1, (2, 17): 45, (2, 20): 1, (3, 4): 1, (3, 7): 1, (3, 8): 1, (3, 9): 1, (3, 12): 1, (3, 14): 1, (3, 16): 1, (3, 17): 48, (3, 18): 4, (3, 19): 1, (3, 20): 1, (4, 5): 6, (4, 6): 1, (4, 7): 1, (4, 8): 1, (4, 14): 1, (4, 16): 1, (4, 17): 1, (4, 18): 57, (5, 6): 1, (5, 7): 1, (5, 8): 1, (5, 10): 1, (5, 11): 67, (5, 12): 1, (5, 14): 1, (5, 19): 1, (6, 7): 1, (6, 8): 1, (6, 13): 44, (6, 14): 36, (6, 15): 1, (6, 18): 1, (6, 19): 1, (7, 11): 1, (7, 16): 1, (7, 17): 90, (7, 20): 1, (8, 9): 1, (8, 12): 1, (8, 15): 1, (8, 19): 98, (9, 12): 1, (9, 15): 110, (10, 16): 1, (10, 18): 122, (10, 20): 1, (11, 13): 1, (11, 14): 1, (11, 15): 54, (11, 16): 7, (11, 20): 1, (12, 14): 1, (12, 16): 135, (12, 20): 1, (13, 14): 105, (13, 18): 1, (13, 19): 1, (14, 15): 1, (14, 16): 1, (14, 17): 1, (14, 18): 9, (15, 16): 1, (15, 19): 1, (16, 17): 1, (16, 18): 1, (16, 19): 27, (17, 20): 1, (18, 20): 1, (19, 20): 16}",882.8639984130859,99.0,21.0,198.0
65.0,Graph with 21 nodes and 106 edges,"[[0, 1, 1, 0, 1, 0, 1, 0, 0, 0, 0, 1, 1, 0, 0, 0, 1, 0, 0, 1, 1], [1, 0, 1, 0, 1, 0, 1, 0, 0, 0, 1, 1, 1, 0, 0, 0, 1, 0, 1, 0, 1], [1, 1, 0, 1, 0, 0, 0, 1, 0, 1, 0, 1, 0, 1, 0, 1, 0, 1, 1, 0, 1], [0, 0, 1, 0, 0, 1, 1, 1, 1, 0, 1, 0, 0, 1, 0, 1, 1, 0, 1, 1, 1], [1, 1, 0, 0, 0, 0, 1, 1, 1, 1, 1, 0, 0, 1, 0, 1, 0, 1, 0, 1, 0], [0, 0, 0, 1, 0, 0, 1, 0, 0, 0, 0, 1, 0, 0, 1, 0, 0, 1, 0, 0, 1], [1, 1, 0, 1, 1, 1, 0, 1, 1, 0, 0, 0, 1, 1, 1, 0, 0, 0, 0, 1, 0], [0, 0, 1, 1, 1, 0, 1, 0, 0, 0, 1, 0, 1, 0, 0, 0, 0, 0, 1, 0, 1], [0, 0, 0, 1, 1, 0, 1, 0, 0, 1, 0, 1, 1, 1, 1, 1, 0, 0, 0, 1, 0], [0, 0, 1, 0, 1, 0, 0, 0, 1, 0, 0, 0, 1, 1, 0, 1, 1, 0, 0, 1, 1], [0, 1, 0, 1, 1, 0, 0, 1, 0, 0, 0, 1, 1, 0, 0, 0, 0, 1, 0, 1, 1], [1, 1, 1, 0, 0, 1, 0, 0, 1, 0, 1, 0, 0, 1, 0, 0, 0, 0, 0, 0, 0], [1, 1, 0, 0, 0, 0, 1, 1, 1, 1, 1, 0, 0, 1, 1, 1, 1, 1, 1, 0, 1], [0, 0, 1, 1, 1, 0, 1, 0, 1, 1, 0, 1, 1, 0, 0, 0, 0, 1, 1, 1, 1], [0, 0, 0, 0, 0, 1, 1, 0, 1, 0, 0, 0, 1, 0, 0, 1, 1, 0, 1, 1, 0], [0, 0, 1, 1, 1, 0, 0, 0, 1, 1, 0, 0, 1, 0, 1, 0, 1, 1, 1, 0, 1], [1, 1, 0, 1, 0, 0, 0, 0, 0, 1, 0, 0, 1, 0, 1, 1, 0, 0, 1, 1, 0], [0, 0, 1, 0, 1, 1, 0, 0, 0, 0, 1, 0, 1, 1, 0, 1, 0, 0, 0, 0, 1], [0, 1, 1, 1, 0, 0, 0, 1, 0, 0, 0, 0, 1, 1, 1, 1, 1, 0, 0, 1, 1], [1, 0, 0, 1, 1, 0, 1, 0, 1, 1, 1, 0, 0, 1, 1, 0, 1, 0, 1, 0, 1], [1, 1, 1, 1, 0, 1, 0, 1, 0, 1, 1, 0, 1, 1, 0, 1, 0, 1, 1, 1, 0]]",8.0,1.0,Y,"{0: 9, 1: 10, 2: 11, 3: 12, 4: 28, 5: 8, 6: 27, 7: 26, 8: 25, 9: 24, 10: 23, 11: 22, 12: 14, 13: 21, 14: 20, 15: 19, 16: 18, 17: 17, 18: 16, 19: 13, 20: 15}",Y,"{0: 9, 1: 10, 2: 11, 3: 12, 4: 28, 5: 8, 6: 27, 7: 26, 8: 25, 9: 24, 10: 23, 11: 22, 12: 14, 13: 21, 14: 20, 15: 19, 16: 18, 17: 17, 18: 16, 19: 13, 20: 15}","{(0, 1): 1, (0, 2): 1, (0, 4): 1, (0, 6): 1, (0, 11): 1, (0, 12): 1, (0, 16): 1, (0, 19): 1, (0, 20): 1, (1, 2): 1, (1, 4): 1, (1, 6): 1, (1, 10): 1, (1, 11): 1, (1, 12): 1, (1, 16): 1, (1, 18): 1, (1, 20): 1, (2, 3): 1, (2, 7): 1, (2, 9): 1, (2, 11): 1, (2, 13): 1, (2, 15): 1, (2, 17): 1, (2, 18): 1, (2, 20): 1, (3, 5): 1, (3, 6): 1, (3, 7): 1, (3, 8): 1, (3, 10): 1, (3, 13): 1, (3, 15): 1, (3, 16): 1, (3, 18): 1, (3, 19): 1, (3, 20): 1, (4, 6): 1, (4, 7): 7, (4, 8): 1, (4, 9): 5, (4, 10): 1, (4, 13): 1, (4, 15): 1, (4, 17): 8, (4, 19): 1, (5, 6): 3, (5, 11): 1, (5, 14): 1, (5, 17): 1, (5, 20): 1, (6, 7): 10, (6, 8): 1, (6, 12): 1, (6, 13): 5, (6, 14): 2, (6, 19): 1, (7, 10): 3, (7, 12): 1, (7, 18): 2, (7, 20): 1, (8, 9): 8, (8, 11): 1, (8, 12): 1, (8, 13): 1, (8, 14): 1, (8, 15): 9, (8, 19): 1, (9, 12): 1, (9, 13): 1, (9, 15): 1, (9, 16): 3, (9, 19): 2, (9, 20): 2, (10, 11): 13, (10, 12): 1, (10, 17): 1, (10, 19): 1, (10, 20): 1, (11, 13): 4, (12, 13): 1, (12, 14): 1, (12, 15): 1, (12, 16): 1, (12, 17): 1, (12, 18): 1, (12, 20): 1, (13, 17): 3, (13, 18): 1, (13, 19): 1, (13, 20): 1, (14, 15): 1, (14, 16): 8, (14, 18): 5, (14, 19): 1, (15, 16): 1, (15, 17): 1, (15, 18): 1, (15, 20): 1, (16, 18): 1, (16, 19): 1, (17, 20): 1, (18, 19): 1, (18, 20): 1, (19, 20): 1}",56.02836608886719,106.0,21.0,212.0
66.0,Graph with 21 nodes and 105 edges,"[[0, 1, 1, 0, 1, 1, 1, 1, 0, 0, 0, 0, 1, 0, 0, 0, 1, 0, 1, 1, 0], [1, 0, 1, 0, 1, 1, 1, 1, 1, 1, 0, 1, 0, 1, 0, 1, 1, 1, 0, 1, 0], [1, 1, 0, 0, 1, 1, 1, 0, 1, 0, 1, 1, 1, 1, 1, 1, 1, 0, 1, 0, 1], [0, 0, 0, 0, 1, 0, 1, 1, 0, 0, 0, 0, 1, 0, 0, 1, 1, 0, 0, 0, 1], [1, 1, 1, 1, 0, 0, 1, 1, 0, 0, 0, 0, 1, 0, 1, 0, 0, 1, 0, 0, 1], [1, 1, 1, 0, 0, 0, 0, 1, 1, 1, 0, 0, 0, 0, 1, 1, 1, 0, 0, 0, 1], [1, 1, 1, 1, 1, 0, 0, 0, 1, 1, 1, 0, 0, 0, 1, 1, 1, 0, 0, 1, 1], [1, 1, 0, 1, 1, 1, 0, 0, 0, 0, 1, 0, 1, 0, 1, 1, 0, 0, 1, 0, 0], [0, 1, 1, 0, 0, 1, 1, 0, 0, 0, 1, 0, 0, 0, 0, 1, 0, 1, 0, 1, 1], [0, 1, 0, 0, 0, 1, 1, 0, 0, 0, 0, 0, 1, 0, 0, 0, 0, 0, 0, 0, 1], [0, 0, 1, 0, 0, 0, 1, 1, 1, 0, 0, 0, 0, 1, 1, 0, 0, 0, 1, 1, 0], [0, 1, 1, 0, 0, 0, 0, 0, 0, 0, 0, 0, 1, 0, 0, 1, 0, 1, 1, 1, 0], [1, 0, 1, 1, 1, 0, 0, 1, 0, 1, 0, 1, 0, 0, 0, 0, 1, 1, 1, 1, 0], [0, 1, 1, 0, 0, 0, 0, 0, 0, 0, 1, 0, 0, 0, 1, 1, 1, 1, 0, 1, 1], [0, 0, 1, 0, 1, 1, 1, 1, 0, 0, 1, 0, 0, 1, 0, 1, 0, 1, 1, 1, 0], [0, 1, 1, 1, 0, 1, 1, 1, 1, 0, 0, 1, 0, 1, 1, 0, 0, 0, 1, 0, 0], [1, 1, 1, 1, 0, 1, 1, 0, 0, 0, 0, 0, 1, 1, 0, 0, 0, 0, 1, 0, 1], [0, 1, 0, 0, 1, 0, 0, 0, 1, 0, 0, 1, 1, 1, 1, 0, 0, 0, 1, 0, 0], [1, 0, 1, 0, 0, 0, 0, 1, 0, 0, 1, 1, 1, 0, 1, 1, 1, 1, 0, 0, 1], [1, 1, 0, 0, 0, 0, 1, 0, 1, 0, 1, 1, 1, 1, 1, 0, 0, 0, 0, 0, 1], [0, 0, 1, 1, 1, 1, 1, 0, 1, 1, 0, 0, 0, 1, 0, 0, 1, 0, 1, 1, 0]]",26.0,9.0,Y,"{0: 35, 1: 44, 2: 53, 3: 62, 4: 71, 5: 80, 6: 89, 7: 98, 8: 107, 9: 116, 10: 125, 11: 134, 12: 143, 13: 152, 14: 161, 15: 170, 16: 179, 17: 188, 18: 197, 19: 206, 20: 26}",Y,"{0: 35, 1: 44, 2: 53, 3: 62, 4: 71, 5: 80, 6: 89, 7: 98, 8: 107, 9: 116, 10: 125, 11: 134, 12: 143, 13: 152, 14: 161, 15: 170, 16: 179, 17: 188, 18: 197, 19: 206, 20: 26}","{(0, 1): 1, (0, 2): 1, (0, 4): 1, (0, 5): 1, (0, 6): 1, (0, 7): 1, (0, 12): 1, (0, 16): 1, (0, 18): 1, (0, 19): 26, (1, 2): 1, (1, 4): 1, (1, 5): 1, (1, 6): 1, (1, 7): 1, (1, 8): 1, (1, 9): 1, (1, 11): 1, (1, 13): 1, (1, 15): 31, (1, 16): 1, (1, 17): 1, (1, 19): 1, (2, 4): 1, (2, 5): 1, (2, 6): 1, (2, 8): 1, (2, 10): 1, (2, 11): 1, (2, 12): 1, (2, 13): 1, (2, 14): 1, (2, 15): 1, (2, 16): 1, (2, 18): 39, (2, 20): 1, (3, 4): 15, (3, 6): 1, (3, 7): 42, (3, 12): 1, (3, 15): 1, (3, 16): 1, (3, 20): 1, (4, 6): 1, (4, 7): 48, (4, 12): 1, (4, 14): 1, (4, 17): 1, (4, 20): 1, (5, 7): 1, (5, 8): 1, (5, 9): 71, (5, 14): 1, (5, 15): 1, (5, 16): 1, (5, 20): 1, (6, 8): 1, (6, 9): 42, (6, 10): 1, (6, 14): 1, (6, 15): 1, (6, 16): 1, (6, 19): 36, (6, 20): 1, (7, 10): 1, (7, 12): 1, (7, 14): 1, (7, 15): 1, (7, 18): 1, (8, 10): 1, (8, 15): 99, (8, 17): 1, (8, 19): 1, (8, 20): 1, (9, 12): 1, (9, 20): 1, (10, 13): 1, (10, 14): 118, (10, 18): 1, (10, 19): 1, (11, 12): 1, (11, 15): 1, (11, 17): 100, (11, 18): 27, (11, 19): 3, (12, 16): 1, (12, 17): 1, (12, 18): 1, (12, 19): 133, (13, 14): 1, (13, 15): 1, (13, 16): 144, (13, 17): 1, (13, 19): 1, (13, 20): 1, (14, 15): 32, (14, 17): 1, (14, 18): 1, (14, 19): 3, (15, 18): 1, (16, 18): 27, (16, 20): 1, (17, 18): 82, (18, 20): 16, (19, 20): 1}",1272.9167938232422,105.0,21.0,210.0
67.0,Graph with 21 nodes and 124 edges,"[[0, 1, 1, 0, 0, 1, 1, 1, 0, 1, 0, 1, 1, 1, 0, 0, 0, 1, 1, 1, 1], [1, 0, 0, 0, 0, 1, 1, 1, 1, 1, 1, 1, 1, 0, 1, 0, 0, 0, 0, 0, 0], [1, 0, 0, 1, 1, 1, 1, 1, 0, 1, 1, 1, 1, 1, 1, 0, 0, 1, 0, 1, 1], [0, 0, 1, 0, 0, 1, 0, 0, 0, 0, 0, 1, 1, 1, 1, 1, 1, 0, 0, 1, 1], [0, 0, 1, 0, 0, 1, 0, 1, 0, 1, 0, 1, 1, 0, 0, 1, 1, 1, 0, 1, 0], [1, 1, 1, 1, 1, 0, 1, 0, 1, 1, 0, 1, 0, 0, 0, 1, 0, 0, 0, 1, 1], [1, 1, 1, 0, 0, 1, 0, 1, 0, 0, 0, 1, 0, 1, 0, 1, 0, 0, 0, 1, 0], [1, 1, 1, 0, 1, 0, 1, 0, 1, 1, 0, 1, 0, 0, 0, 1, 1, 1, 1, 0, 1], [0, 1, 0, 0, 0, 1, 0, 1, 0, 1, 0, 1, 0, 0, 1, 1, 1, 1, 1, 1, 1], [1, 1, 1, 0, 1, 1, 0, 1, 1, 0, 1, 0, 0, 1, 1, 1, 0, 0, 0, 1, 1], [0, 1, 1, 0, 0, 0, 0, 0, 0, 1, 0, 0, 1, 0, 0, 1, 0, 0, 1, 0, 1], [1, 1, 1, 1, 1, 1, 1, 1, 1, 0, 0, 0, 0, 1, 0, 0, 1, 0, 0, 1, 1], [1, 1, 1, 1, 1, 0, 0, 0, 0, 0, 1, 0, 0, 1, 1, 1, 1, 1, 0, 1, 1], [1, 0, 1, 1, 0, 0, 1, 0, 0, 1, 0, 1, 1, 0, 0, 0, 1, 1, 1, 1, 1], [0, 1, 1, 1, 0, 0, 0, 0, 1, 1, 0, 0, 1, 0, 0, 1, 1, 0, 1, 1, 0], [0, 0, 0, 1, 1, 1, 1, 1, 1, 1, 1, 0, 1, 0, 1, 0, 1, 1, 1, 1, 0], [0, 0, 0, 1, 1, 0, 0, 1, 1, 0, 0, 1, 1, 1, 1, 1, 0, 1, 0, 1, 1], [1, 0, 1, 0, 1, 0, 0, 1, 1, 0, 0, 0, 1, 1, 0, 1, 1, 0, 0, 1, 1], [1, 0, 0, 0, 0, 0, 0, 1, 1, 0, 1, 0, 0, 1, 1, 1, 0, 0, 0, 0, 1], [1, 0, 1, 1, 1, 1, 1, 0, 1, 1, 0, 1, 1, 1, 1, 1, 1, 1, 0, 0, 1], [1, 0, 1, 1, 0, 1, 0, 1, 1, 1, 1, 1, 1, 1, 0, 0, 1, 1, 1, 1, 0]]",28.0,9.0,Y,"{0: 154, 1: 46, 2: 28, 3: 199, 4: 55, 5: 37, 6: 172, 7: 64, 8: 136, 9: 145, 10: 82, 11: 73, 12: 190, 13: 100, 14: 181, 15: 109, 16: 127, 17: 118, 18: 91, 19: 208, 20: 163}",Y,"{0: 154, 1: 46, 2: 28, 3: 199, 4: 55, 5: 37, 6: 172, 7: 64, 8: 136, 9: 145, 10: 82, 11: 73, 12: 190, 13: 100, 14: 181, 15: 109, 16: 127, 17: 118, 18: 91, 19: 208, 20: 163}","{(0, 1): 1, (0, 2): 1, (0, 5): 1, (0, 6): 65, (0, 7): 1, (0, 9): 1, (0, 11): 8, (0, 12): 1, (0, 13): 42, (0, 17): 30, (0, 18): 1, (0, 19): 1, (0, 20): 1, (1, 5): 1, (1, 6): 1, (1, 7): 1, (1, 8): 31, (1, 9): 1, (1, 10): 1, (1, 11): 1, (1, 12): 1, (1, 14): 7, (2, 3): 1, (2, 4): 1, (2, 5): 1, (2, 6): 13, (2, 7): 1, (2, 9): 1, (2, 10): 2, (2, 11): 1, (2, 12): 1, (2, 13): 1, (2, 14): 1, (2, 17): 1, (2, 19): 1, (2, 20): 1, (3, 5): 7, (3, 11): 10, (3, 12): 14, (3, 13): 16, (3, 14): 65, (3, 15): 13, (3, 16): 16, (3, 19): 56, (3, 20): 1, (4, 5): 1, (4, 7): 1, (4, 9): 1, (4, 11): 1, (4, 12): 34, (4, 15): 1, (4, 16): 1, (4, 17): 1, (4, 19): 13, (5, 6): 1, (5, 8): 1, (5, 9): 1, (5, 11): 1, (5, 15): 1, (5, 19): 1, (5, 20): 20, (6, 7): 7, (6, 11): 35, (6, 13): 1, (6, 15): 28, (6, 19): 21, (7, 8): 7, (7, 9): 1, (7, 11): 1, (7, 15): 1, (7, 16): 1, (7, 17): 1, (7, 18): 40, (7, 20): 1, (8, 9): 1, (8, 11): 1, (8, 14): 29, (8, 15): 3, (8, 16): 1, (8, 17): 21, (8, 18): 33, (8, 19): 1, (8, 20): 7, (9, 10): 25, (9, 13): 1, (9, 14): 1, (9, 15): 41, (9, 19): 1, (9, 20): 69, (10, 12): 28, (10, 15): 15, (10, 18): 10, (10, 20): 1, (11, 13): 11, (11, 16): 1, (11, 19): 1, (11, 20): 1, (12, 13): 8, (12, 14): 1, (12, 15): 1, (12, 16): 41, (12, 17): 46, (12, 19): 1, (12, 20): 13, (13, 16): 16, (13, 17): 1, (13, 18): 1, (13, 19): 1, (13, 20): 1, (14, 15): 1, (14, 16): 34, (14, 18): 4, (14, 19): 38, (15, 16): 1, (15, 17): 1, (15, 18): 1, (15, 19): 1, (16, 17): 1, (16, 19): 13, (16, 20): 1, (17, 19): 14, (17, 20): 1, (18, 20): 1, (19, 20): 44}",88.93013000488281,124.0,21.0,248.0
68.0,Graph with 21 nodes and 102 edges,"[[0, 1, 1, 0, 0, 0, 1, 0, 0, 0, 0, 0, 0, 0, 0, 1, 0, 1, 1, 0, 0], [1, 0, 0, 0, 1, 1, 1, 0, 1, 0, 1, 0, 0, 0, 0, 0, 0, 1, 1, 1, 1], [1, 0, 0, 0, 1, 0, 0, 0, 0, 0, 0, 0, 1, 1, 0, 0, 0, 0, 0, 1, 0], [0, 0, 0, 0, 1, 1, 1, 0, 1, 1, 1, 0, 1, 1, 0, 0, 0, 0, 1, 0, 0], [0, 1, 1, 1, 0, 1, 0, 0, 1, 0, 0, 1, 0, 1, 1, 1, 0, 1, 0, 0, 0], [0, 1, 0, 1, 1, 0, 0, 0, 0, 0, 1, 0, 0, 1, 1, 1, 0, 0, 0, 0, 1], [1, 1, 0, 1, 0, 0, 0, 1, 0, 1, 1, 1, 0, 0, 1, 0, 1, 0, 1, 1, 0], [0, 0, 0, 0, 0, 0, 1, 0, 0, 1, 0, 1, 0, 1, 1, 0, 1, 0, 1, 1, 0], [0, 1, 0, 1, 1, 0, 0, 0, 0, 1, 0, 1, 0, 0, 1, 0, 1, 0, 0, 0, 1], [0, 0, 0, 1, 0, 0, 1, 1, 1, 0, 0, 1, 1, 0, 1, 0, 1, 1, 0, 1, 1], [0, 1, 0, 1, 0, 1, 1, 0, 0, 0, 0, 1, 0, 0, 1, 0, 1, 0, 0, 1, 1], [0, 0, 0, 0, 1, 0, 1, 1, 1, 1, 1, 0, 1, 1, 1, 0, 0, 1, 1, 1, 1], [0, 0, 1, 1, 0, 0, 0, 0, 0, 1, 0, 1, 0, 1, 1, 1, 1, 0, 0, 1, 1], [0, 0, 1, 1, 1, 1, 0, 1, 0, 0, 0, 1, 1, 0, 1, 1, 1, 0, 1, 0, 1], [0, 0, 0, 0, 1, 1, 1, 1, 1, 1, 1, 1, 1, 1, 0, 0, 1, 0, 1, 0, 0], [1, 0, 0, 0, 1, 1, 0, 0, 0, 0, 0, 0, 1, 1, 0, 0, 0, 1, 1, 1, 1], [0, 0, 0, 0, 0, 0, 1, 1, 1, 1, 1, 0, 1, 1, 1, 0, 0, 0, 1, 1, 1], [1, 1, 0, 0, 1, 0, 0, 0, 0, 1, 0, 1, 0, 0, 0, 1, 0, 0, 1, 0, 0], [1, 1, 0, 1, 0, 0, 1, 1, 0, 0, 0, 1, 0, 1, 1, 1, 1, 1, 0, 0, 1], [0, 1, 1, 0, 0, 0, 1, 1, 0, 1, 1, 1, 1, 0, 0, 1, 1, 0, 0, 0, 1], [0, 1, 0, 0, 0, 1, 0, 0, 1, 1, 1, 1, 1, 1, 0, 1, 1, 0, 1, 1, 0]]",26.0,6.0,Y,"{0: 32, 1: 38, 2: 44, 3: 50, 4: 56, 5: 62, 6: 68, 7: 74, 8: 80, 9: 86, 10: 92, 11: 98, 12: 104, 13: 110, 14: 116, 15: 122, 16: 128, 17: 134, 18: 140, 19: 146, 20: 26}",Y,"{0: 32, 1: 38, 2: 44, 3: 50, 4: 56, 5: 62, 6: 68, 7: 74, 8: 80, 9: 86, 10: 92, 11: 98, 12: 104, 13: 110, 14: 116, 15: 122, 16: 128, 17: 134, 18: 140, 19: 146, 20: 26}","{(0, 1): 1, (0, 2): 1, (0, 6): 1, (0, 15): 27, (0, 17): 1, (0, 18): 1, (1, 4): 1, (1, 5): 1, (1, 6): 1, (1, 8): 1, (1, 10): 1, (1, 17): 29, (1, 18): 1, (1, 19): 1, (1, 20): 1, (2, 4): 1, (2, 12): 1, (2, 13): 40, (2, 19): 1, (3, 4): 1, (3, 5): 1, (3, 6): 1, (3, 8): 1, (3, 9): 1, (3, 10): 1, (3, 12): 1, (3, 13): 1, (3, 18): 42, (4, 5): 1, (4, 8): 1, (4, 11): 1, (4, 13): 1, (4, 14): 1, (4, 15): 1, (4, 17): 47, (5, 10): 55, (5, 13): 1, (5, 14): 1, (5, 15): 1, (5, 20): 1, (6, 7): 11, (6, 9): 1, (6, 10): 1, (6, 11): 1, (6, 14): 1, (6, 16): 48, (6, 18): 1, (6, 19): 1, (7, 9): 1, (7, 11): 1, (7, 13): 1, (7, 14): 1, (7, 16): 57, (7, 18): 1, (7, 19): 1, (8, 9): 25, (8, 11): 1, (8, 14): 49, (8, 16): 1, (8, 20): 1, (9, 11): 1, (9, 12): 1, (9, 14): 1, (9, 16): 1, (9, 17): 26, (9, 19): 27, (9, 20): 1, (10, 11): 30, (10, 14): 1, (10, 16): 1, (10, 19): 1, (10, 20): 1, (11, 12): 1, (11, 13): 1, (11, 14): 57, (11, 17): 1, (11, 18): 1, (11, 19): 1, (11, 20): 1, (12, 13): 1, (12, 14): 1, (12, 15): 37, (12, 16): 1, (12, 19): 59, (12, 20): 1, (13, 14): 1, (13, 15): 1, (13, 16): 1, (13, 18): 60, (13, 20): 1, (14, 16): 1, (14, 18): 1, (15, 17): 1, (15, 18): 1, (15, 19): 52, (15, 20): 1, (16, 18): 1, (16, 19): 1, (16, 20): 15, (17, 18): 29, (18, 20): 1, (19, 20): 1}",1111.0305786132812,102.0,21.0,204.0
69.0,Graph with 21 nodes and 96 edges,"[[0, 1, 1, 0, 0, 0, 1, 1, 0, 1, 0, 0, 0, 0, 0, 1, 0, 1, 0, 0, 0], [1, 0, 0, 0, 1, 1, 1, 0, 0, 1, 0, 1, 0, 0, 0, 0, 0, 0, 0, 0, 1], [1, 0, 0, 0, 1, 1, 0, 0, 1, 0, 1, 1, 0, 0, 1, 1, 1, 1, 1, 0, 1], [0, 0, 0, 0, 0, 1, 1, 0, 0, 0, 1, 1, 0, 0, 1, 0, 0, 1, 0, 0, 0], [0, 1, 1, 0, 0, 1, 0, 0, 1, 1, 0, 1, 1, 1, 1, 0, 0, 1, 0, 0, 0], [0, 1, 1, 1, 1, 0, 1, 0, 0, 0, 1, 0, 0, 0, 1, 0, 1, 0, 1, 0, 1], [1, 1, 0, 1, 0, 1, 0, 0, 1, 0, 0, 0, 1, 0, 1, 0, 0, 0, 1, 1, 0], [1, 0, 0, 0, 0, 0, 0, 0, 0, 0, 0, 1, 0, 1, 1, 0, 0, 0, 1, 0, 0], [0, 0, 1, 0, 1, 0, 1, 0, 0, 1, 0, 1, 1, 0, 0, 0, 0, 0, 0, 1, 1], [1, 1, 0, 0, 1, 0, 0, 0, 1, 0, 1, 1, 1, 0, 0, 1, 1, 1, 1, 0, 0], [0, 0, 1, 1, 0, 1, 0, 0, 0, 1, 0, 1, 1, 0, 1, 1, 1, 0, 0, 0, 1], [0, 1, 1, 1, 1, 0, 0, 1, 1, 1, 1, 0, 1, 0, 0, 0, 0, 0, 0, 0, 1], [0, 0, 0, 0, 1, 0, 1, 0, 1, 1, 1, 1, 0, 1, 1, 1, 1, 0, 1, 1, 1], [0, 0, 0, 0, 1, 0, 0, 1, 0, 0, 0, 0, 1, 0, 1, 1, 1, 0, 1, 0, 0], [0, 0, 1, 1, 1, 1, 1, 1, 0, 0, 1, 0, 1, 1, 0, 1, 0, 1, 0, 0, 1], [1, 0, 1, 0, 0, 0, 0, 0, 0, 1, 1, 0, 1, 1, 1, 0, 1, 0, 1, 0, 1], [0, 0, 1, 0, 0, 1, 0, 0, 0, 1, 1, 0, 1, 1, 0, 1, 0, 1, 0, 1, 0], [1, 0, 1, 1, 1, 0, 0, 0, 0, 1, 0, 0, 0, 0, 1, 0, 1, 0, 1, 1, 1], [0, 0, 1, 0, 0, 1, 1, 1, 0, 1, 0, 0, 1, 1, 0, 1, 0, 1, 0, 0, 0], [0, 0, 0, 0, 0, 0, 1, 0, 1, 0, 0, 0, 1, 0, 0, 0, 1, 1, 0, 0, 1], [0, 1, 1, 0, 0, 1, 0, 0, 1, 0, 1, 1, 1, 0, 1, 1, 0, 1, 0, 1, 0]]",16.0,8.0,Y,"{0: 24, 1: 32, 2: 40, 3: 48, 4: 56, 5: 64, 6: 72, 7: 80, 8: 88, 9: 96, 10: 104, 11: 112, 12: 120, 13: 128, 14: 136, 15: 144, 16: 152, 17: 160, 18: 168, 19: 176, 20: 16}",Y,"{0: 24, 1: 32, 2: 40, 3: 48, 4: 56, 5: 64, 6: 72, 7: 80, 8: 88, 9: 96, 10: 104, 11: 112, 12: 120, 13: 128, 14: 136, 15: 144, 16: 152, 17: 160, 18: 168, 19: 176, 20: 16}","{(0, 1): 13, (0, 2): 1, (0, 6): 3, (0, 7): 3, (0, 9): 1, (0, 15): 1, (0, 17): 2, (1, 4): 1, (1, 5): 1, (1, 6): 1, (1, 9): 3, (1, 11): 12, (1, 20): 1, (2, 4): 1, (2, 5): 1, (2, 8): 3, (2, 10): 1, (2, 11): 1, (2, 14): 25, (2, 15): 3, (2, 16): 1, (2, 17): 1, (2, 18): 1, (2, 20): 1, (3, 5): 3, (3, 6): 21, (3, 10): 3, (3, 11): 1, (3, 14): 19, (3, 17): 1, (4, 5): 12, (4, 8): 1, (4, 9): 3, (4, 11): 3, (4, 12): 1, (4, 13): 1, (4, 14): 3, (4, 17): 30, (5, 6): 5, (5, 10): 10, (5, 14): 1, (5, 16): 1, (5, 18): 29, (5, 20): 1, (6, 8): 1, (6, 12): 1, (6, 14): 2, (6, 18): 29, (6, 19): 9, (7, 11): 1, (7, 13): 20, (7, 14): 27, (7, 18): 29, (8, 9): 1, (8, 11): 2, (8, 12): 29, (8, 19): 50, (8, 20): 1, (9, 10): 1, (9, 11): 2, (9, 12): 1, (9, 15): 19, (9, 16): 34, (9, 17): 21, (9, 18): 10, (10, 11): 70, (10, 12): 1, (10, 14): 3, (10, 15): 5, (10, 16): 9, (10, 20): 1, (11, 12): 16, (11, 20): 4, (12, 13): 34, (12, 14): 3, (12, 15): 3, (12, 16): 1, (12, 18): 22, (12, 19): 7, (12, 20): 1, (13, 14): 29, (13, 15): 28, (13, 16): 3, (13, 18): 13, (14, 15): 20, (14, 17): 1, (14, 20): 3, (15, 16): 62, (15, 18): 2, (15, 20): 1, (16, 17): 1, (16, 19): 40, (17, 18): 33, (17, 19): 69, (17, 20): 1, (19, 20): 1}",105.85784912109375,96.0,21.0,192.0
71.0,Graph with 21 nodes and 101 edges,"[[0, 1, 0, 1, 0, 0, 0, 0, 1, 1, 1, 1, 0, 0, 1, 1, 1, 1, 0, 0, 0], [1, 0, 1, 1, 1, 0, 0, 1, 0, 1, 0, 1, 1, 1, 0, 0, 0, 1, 1, 0, 0], [0, 1, 0, 1, 1, 0, 0, 0, 1, 0, 0, 0, 0, 1, 0, 0, 0, 0, 0, 0, 0], [1, 1, 1, 0, 0, 1, 0, 1, 0, 0, 0, 1, 1, 1, 0, 0, 0, 1, 1, 0, 0], [0, 1, 1, 0, 0, 0, 1, 1, 1, 0, 1, 1, 1, 1, 0, 1, 0, 1, 0, 1, 0], [0, 0, 0, 1, 0, 0, 0, 1, 1, 1, 0, 1, 0, 0, 1, 1, 0, 0, 0, 0, 1], [0, 0, 0, 0, 1, 0, 0, 1, 0, 0, 0, 0, 1, 1, 1, 0, 1, 1, 1, 0, 0], [0, 1, 0, 1, 1, 1, 1, 0, 1, 0, 1, 0, 1, 1, 0, 0, 0, 0, 1, 0, 0], [1, 0, 1, 0, 1, 1, 0, 1, 0, 0, 1, 0, 1, 0, 1, 0, 1, 0, 1, 1, 0], [1, 1, 0, 0, 0, 1, 0, 0, 0, 0, 1, 1, 0, 0, 1, 0, 0, 0, 0, 1, 1], [1, 0, 0, 0, 1, 0, 0, 1, 1, 1, 0, 0, 0, 0, 0, 1, 0, 0, 1, 0, 1], [1, 1, 0, 1, 1, 1, 0, 0, 0, 1, 0, 0, 1, 1, 0, 1, 0, 1, 0, 1, 0], [0, 1, 0, 1, 1, 0, 1, 1, 1, 0, 0, 1, 0, 1, 0, 0, 0, 0, 0, 1, 1], [0, 1, 1, 1, 1, 0, 1, 1, 0, 0, 0, 1, 1, 0, 0, 0, 1, 0, 1, 1, 1], [1, 0, 0, 0, 0, 1, 1, 0, 1, 1, 0, 0, 0, 0, 0, 1, 1, 1, 0, 1, 1], [1, 0, 0, 0, 1, 1, 0, 0, 0, 0, 1, 1, 0, 0, 1, 0, 1, 1, 1, 0, 1], [1, 0, 0, 0, 0, 0, 1, 0, 1, 0, 0, 0, 0, 1, 1, 1, 0, 0, 1, 1, 0], [1, 1, 0, 1, 1, 0, 1, 0, 0, 0, 0, 1, 0, 0, 1, 1, 0, 0, 1, 1, 1], [0, 1, 0, 1, 0, 0, 1, 1, 1, 0, 1, 0, 0, 1, 0, 1, 1, 1, 0, 0, 1], [0, 0, 0, 0, 1, 0, 0, 0, 1, 1, 0, 1, 1, 1, 1, 0, 1, 1, 0, 0, 0], [0, 0, 0, 0, 0, 1, 0, 0, 0, 1, 1, 0, 1, 1, 1, 1, 0, 1, 1, 0, 0]]",6.0,8.0,Y,"{0: 22, 1: 30, 2: 6, 3: 38, 4: 46, 5: 54, 6: 62, 7: 70, 8: 78, 9: 86, 10: 94, 11: 102, 12: 110, 13: 118, 14: 126, 15: 134, 16: 142, 17: 150, 18: 158, 19: 166, 20: 14}",Y,"{0: 22, 1: 30, 2: 6, 3: 38, 4: 46, 5: 54, 6: 62, 7: 70, 8: 78, 9: 86, 10: 94, 11: 102, 12: 110, 13: 118, 14: 126, 15: 134, 16: 142, 17: 150, 18: 158, 19: 166, 20: 14}","{(0, 1): 1, (0, 3): 1, (0, 8): 1, (0, 9): 13, (0, 10): 1, (0, 11): 1, (0, 14): 1, (0, 15): 1, (0, 16): 1, (0, 17): 1, (1, 2): 1, (1, 3): 1, (1, 4): 1, (1, 7): 11, (1, 9): 6, (1, 11): 1, (1, 12): 1, (1, 13): 1, (1, 17): 1, (1, 18): 5, (2, 3): 1, (2, 4): 1, (2, 8): 1, (2, 13): 2, (3, 5): 1, (3, 7): 3, (3, 11): 21, (3, 12): 1, (3, 13): 2, (3, 17): 6, (3, 18): 1, (4, 6): 1, (4, 7): 1, (4, 8): 2, (4, 10): 1, (4, 11): 1, (4, 12): 1, (4, 13): 1, (4, 15): 33, (4, 17): 1, (4, 19): 2, (5, 7): 1, (5, 8): 1, (5, 9): 12, (5, 11): 19, (5, 14): 18, (5, 15): 1, (5, 20): 1, (6, 7): 1, (6, 12): 55, (6, 13): 1, (6, 14): 1, (6, 16): 1, (6, 17): 1, (6, 18): 1, (7, 8): 1, (7, 10): 18, (7, 12): 1, (7, 13): 1, (7, 18): 32, (8, 10): 1, (8, 12): 26, (8, 14): 2, (8, 16): 5, (8, 18): 36, (8, 19): 2, (9, 10): 1, (9, 11): 51, (9, 14): 1, (9, 19): 1, (9, 20): 1, (10, 15): 55, (10, 18): 15, (10, 20): 2, (11, 12): 1, (11, 13): 1, (11, 15): 4, (11, 17): 1, (11, 19): 1, (12, 13): 21, (12, 19): 1, (12, 20): 2, (13, 16): 1, (13, 18): 5, (13, 19): 81, (13, 20): 1, (14, 15): 1, (14, 16): 3, (14, 17): 97, (14, 19): 1, (14, 20): 1, (15, 16): 25, (15, 17): 12, (15, 18): 1, (15, 20): 1, (16, 18): 32, (16, 19): 74, (17, 18): 26, (17, 19): 3, (17, 20): 1, (18, 20): 4}",87.02278137207031,101.0,21.0,202.0
73.0,Graph with 21 nodes and 106 edges,"[[0, 1, 1, 1, 0, 1, 1, 1, 0, 0, 1, 1, 0, 0, 0, 0, 1, 1, 0, 0, 1], [1, 0, 0, 1, 1, 0, 1, 1, 1, 0, 1, 1, 1, 1, 1, 0, 1, 0, 0, 0, 1], [1, 0, 0, 0, 0, 1, 1, 1, 1, 0, 0, 1, 0, 1, 1, 1, 0, 1, 0, 0, 1], [1, 1, 0, 0, 0, 0, 0, 1, 0, 1, 0, 0, 0, 1, 0, 0, 0, 0, 0, 0, 1], [0, 1, 0, 0, 0, 1, 0, 1, 1, 0, 1, 1, 0, 0, 0, 0, 0, 0, 0, 1, 0], [1, 0, 1, 0, 1, 0, 1, 0, 1, 0, 1, 1, 1, 1, 0, 1, 0, 0, 0, 1, 0], [1, 1, 1, 0, 0, 1, 0, 1, 0, 1, 1, 0, 0, 0, 0, 1, 1, 0, 0, 1, 1], [1, 1, 1, 1, 1, 0, 1, 0, 0, 0, 1, 1, 0, 1, 1, 0, 1, 0, 1, 0, 0], [0, 1, 1, 0, 1, 1, 0, 0, 0, 1, 1, 1, 1, 0, 0, 0, 0, 0, 0, 1, 1], [0, 0, 0, 1, 0, 0, 1, 0, 1, 0, 0, 0, 1, 1, 1, 0, 1, 1, 1, 0, 1], [1, 1, 0, 0, 1, 1, 1, 1, 1, 0, 0, 0, 0, 1, 0, 1, 0, 1, 1, 1, 1], [1, 1, 1, 0, 1, 1, 0, 1, 1, 0, 0, 0, 0, 1, 1, 0, 1, 0, 1, 0, 0], [0, 1, 0, 0, 0, 1, 0, 0, 1, 1, 0, 0, 0, 1, 1, 1, 0, 0, 0, 1, 1], [0, 1, 1, 1, 0, 1, 0, 1, 0, 1, 1, 1, 1, 0, 0, 0, 1, 1, 1, 0, 1], [0, 1, 1, 0, 0, 0, 0, 1, 0, 1, 0, 1, 1, 0, 0, 1, 1, 0, 0, 1, 1], [0, 0, 1, 0, 0, 1, 1, 0, 0, 0, 1, 0, 1, 0, 1, 0, 0, 0, 0, 1, 1], [1, 1, 0, 0, 0, 0, 1, 1, 0, 1, 0, 1, 0, 1, 1, 0, 0, 0, 0, 1, 1], [1, 0, 1, 0, 0, 0, 0, 0, 0, 1, 1, 0, 0, 1, 0, 0, 0, 0, 1, 0, 0], [0, 0, 0, 0, 0, 0, 0, 1, 0, 1, 1, 1, 0, 1, 0, 0, 0, 1, 0, 0, 1], [0, 0, 0, 0, 1, 1, 1, 0, 1, 0, 1, 0, 1, 0, 1, 1, 1, 0, 0, 0, 0], [1, 1, 1, 1, 0, 0, 1, 0, 1, 1, 1, 0, 1, 1, 1, 1, 1, 0, 1, 0, 0]]",28.0,4.0,Y,"{0: 32, 1: 36, 2: 40, 3: 44, 4: 48, 5: 52, 6: 56, 7: 60, 8: 64, 9: 68, 10: 72, 11: 76, 12: 80, 13: 84, 14: 88, 15: 92, 16: 96, 17: 100, 18: 104, 19: 108, 20: 28}",Y,"{0: 32, 1: 36, 2: 40, 3: 44, 4: 48, 5: 52, 6: 56, 7: 60, 8: 64, 9: 68, 10: 72, 11: 76, 12: 80, 13: 84, 14: 88, 15: 92, 16: 96, 17: 100, 18: 104, 19: 108, 20: 28}","{(0, 1): 1, (0, 2): 1, (0, 3): 2, (0, 5): 1, (0, 6): 3, (0, 7): 1, (0, 10): 1, (0, 11): 1, (0, 16): 3, (0, 17): 17, (0, 20): 1, (1, 3): 7, (1, 4): 1, (1, 6): 1, (1, 7): 15, (1, 8): 1, (1, 10): 1, (1, 11): 4, (1, 12): 1, (1, 13): 1, (1, 14): 1, (1, 16): 1, (1, 20): 1, (2, 5): 1, (2, 6): 3, (2, 7): 24, (2, 8): 1, (2, 11): 4, (2, 13): 1, (2, 14): 2, (2, 15): 1, (2, 17): 1, (2, 20): 1, (3, 7): 7, (3, 9): 4, (3, 13): 23, (3, 20): 1, (4, 5): 1, (4, 7): 1, (4, 8): 1, (4, 10): 5, (4, 11): 36, (4, 19): 3, (5, 6): 34, (5, 8): 1, (5, 10): 1, (5, 11): 1, (5, 12): 3, (5, 13): 7, (5, 15): 1, (5, 19): 1, (6, 7): 1, (6, 9): 3, (6, 10): 1, (6, 15): 1, (6, 16): 5, (6, 19): 3, (6, 20): 1, (7, 10): 1, (7, 11): 1, (7, 13): 1, (7, 14): 6, (7, 16): 1, (7, 18): 1, (8, 9): 1, (8, 10): 47, (8, 11): 1, (8, 12): 7, (8, 19): 1, (8, 20): 3, (9, 12): 48, (9, 13): 1, (9, 14): 1, (9, 16): 3, (9, 17): 1, (9, 18): 3, (9, 20): 3, (10, 13): 2, (10, 15): 3, (10, 17): 1, (10, 18): 4, (10, 19): 3, (10, 20): 2, (11, 13): 1, (11, 14): 25, (11, 16): 1, (11, 18): 1, (12, 13): 1, (12, 14): 1, (12, 15): 1, (12, 19): 9, (12, 20): 9, (13, 16): 29, (13, 17): 1, (13, 18): 15, (13, 20): 1, (14, 15): 48, (14, 16): 1, (14, 19): 1, (14, 20): 2, (15, 19): 36, (15, 20): 1, (16, 19): 51, (16, 20): 1, (17, 18): 79, (18, 20): 1}",82.96966552734375,106.0,21.0,212.0
74.0,Graph with 21 nodes and 97 edges,"[[0, 1, 1, 0, 1, 0, 1, 1, 1, 1, 1, 1, 1, 1, 0, 0, 0, 0, 0, 0, 0], [1, 0, 1, 1, 0, 1, 0, 1, 1, 0, 1, 1, 0, 0, 0, 0, 0, 1, 0, 0, 1], [1, 1, 0, 0, 1, 0, 0, 1, 0, 0, 1, 1, 0, 1, 0, 0, 1, 1, 0, 0, 0], [0, 1, 0, 0, 1, 1, 0, 1, 0, 1, 0, 0, 1, 0, 0, 0, 0, 0, 0, 0, 1], [1, 0, 1, 1, 0, 1, 1, 0, 1, 1, 1, 0, 1, 0, 0, 0, 0, 1, 1, 1, 1], [0, 1, 0, 1, 1, 0, 1, 1, 1, 0, 1, 1, 0, 0, 0, 0, 1, 0, 1, 1, 0], [1, 0, 0, 0, 1, 1, 0, 0, 0, 0, 0, 1, 1, 1, 1, 0, 1, 1, 0, 1, 0], [1, 1, 1, 1, 0, 1, 0, 0, 1, 0, 0, 0, 1, 1, 1, 0, 1, 0, 1, 0, 0], [1, 1, 0, 0, 1, 1, 0, 1, 0, 1, 1, 0, 0, 0, 1, 1, 0, 0, 1, 0, 0], [1, 0, 0, 1, 1, 0, 0, 0, 1, 0, 1, 0, 0, 1, 1, 1, 0, 0, 0, 1, 0], [1, 1, 1, 0, 1, 1, 0, 0, 1, 1, 0, 0, 1, 0, 1, 0, 0, 0, 0, 1, 0], [1, 1, 1, 0, 0, 1, 1, 0, 0, 0, 0, 0, 0, 0, 1, 0, 1, 1, 0, 0, 1], [1, 0, 0, 1, 1, 0, 1, 1, 0, 0, 1, 0, 0, 0, 1, 0, 0, 0, 1, 0, 0], [1, 0, 1, 0, 0, 0, 1, 1, 0, 1, 0, 0, 0, 0, 1, 1, 1, 1, 1, 1, 1], [0, 0, 0, 0, 0, 0, 1, 1, 1, 1, 1, 1, 1, 1, 0, 0, 0, 1, 1, 0, 0], [0, 0, 0, 0, 0, 0, 0, 0, 1, 1, 0, 0, 0, 1, 0, 0, 0, 1, 0, 0, 0], [0, 0, 1, 0, 0, 1, 1, 1, 0, 0, 0, 1, 0, 1, 0, 0, 0, 0, 1, 0, 0], [0, 1, 1, 0, 1, 0, 1, 0, 0, 0, 0, 1, 0, 1, 1, 1, 0, 0, 1, 0, 1], [0, 0, 0, 0, 1, 1, 0, 1, 1, 0, 0, 0, 1, 1, 1, 0, 1, 1, 0, 0, 1], [0, 0, 0, 0, 1, 1, 1, 0, 0, 1, 1, 0, 0, 1, 0, 0, 0, 0, 0, 0, 0], [0, 1, 0, 1, 1, 0, 0, 0, 0, 0, 0, 1, 0, 1, 0, 0, 0, 1, 1, 0, 0]]",8.0,9.0,Y,"{0: 26, 1: 35, 2: 44, 3: 17, 4: 53, 5: 62, 6: 71, 7: 80, 8: 89, 9: 98, 10: 107, 11: 116, 12: 125, 13: 134, 14: 143, 15: 152, 16: 161, 17: 170, 18: 179, 19: 188, 20: 8}",Y,"{0: 26, 1: 35, 2: 44, 3: 17, 4: 53, 5: 62, 6: 71, 7: 80, 8: 89, 9: 98, 10: 107, 11: 116, 12: 125, 13: 134, 14: 143, 15: 152, 16: 161, 17: 170, 18: 179, 19: 188, 20: 8}","{(0, 1): 2, (0, 2): 1, (0, 4): 1, (0, 6): 1, (0, 7): 1, (0, 8): 4, (0, 9): 1, (0, 10): 12, (0, 11): 1, (0, 12): 1, (0, 13): 1, (1, 2): 4, (1, 3): 1, (1, 5): 1, (1, 7): 19, (1, 8): 1, (1, 10): 1, (1, 11): 4, (1, 17): 1, (1, 20): 1, (2, 4): 1, (2, 7): 1, (2, 10): 18, (2, 11): 1, (2, 13): 1, (2, 16): 1, (2, 17): 16, (3, 4): 1, (3, 5): 1, (3, 7): 1, (3, 9): 1, (3, 12): 11, (3, 20): 1, (4, 5): 1, (4, 6): 25, (4, 8): 1, (4, 9): 1, (4, 10): 5, (4, 12): 13, (4, 17): 1, (4, 18): 1, (4, 19): 1, (4, 20): 1, (5, 6): 11, (5, 7): 1, (5, 8): 1, (5, 10): 10, (5, 11): 1, (5, 16): 13, (5, 18): 21, (5, 19): 1, (6, 11): 20, (6, 12): 1, (6, 13): 1, (6, 14): 1, (6, 16): 1, (6, 17): 1, (6, 19): 9, (7, 8): 1, (7, 12): 7, (7, 13): 4, (7, 14): 18, (7, 16): 19, (7, 18): 8, (8, 9): 1, (8, 10): 3, (8, 14): 31, (8, 15): 27, (8, 18): 19, (9, 10): 4, (9, 13): 1, (9, 14): 7, (9, 15): 4, (9, 19): 78, (10, 12): 17, (10, 14): 1, (10, 19): 36, (11, 14): 1, (11, 16): 80, (11, 17): 7, (11, 20): 1, (12, 14): 47, (12, 18): 28, (13, 14): 11, (13, 15): 13, (13, 16): 4, (13, 17): 13, (13, 18): 21, (13, 19): 63, (13, 20): 1, (14, 17): 6, (14, 18): 20, (15, 17): 108, (16, 18): 43, (17, 18): 16, (17, 20): 1, (18, 20): 2}",103.95050048828125,97.0,21.0,194.0
76.0,Graph with 21 nodes and 113 edges,"[[0, 1, 1, 1, 0, 1, 0, 1, 1, 1, 1, 1, 0, 1, 1, 1, 1, 1, 0, 1, 0], [1, 0, 1, 1, 1, 1, 1, 0, 0, 1, 0, 1, 1, 1, 1, 0, 1, 1, 1, 0, 0], [1, 1, 0, 0, 1, 0, 0, 0, 1, 1, 0, 0, 1, 0, 0, 1, 1, 1, 0, 1, 1], [1, 1, 0, 0, 0, 0, 1, 0, 0, 1, 0, 0, 0, 1, 1, 0, 0, 1, 0, 1, 1], [0, 1, 1, 0, 0, 0, 0, 1, 1, 1, 0, 1, 0, 0, 0, 1, 1, 1, 1, 1, 0], [1, 1, 0, 0, 0, 0, 0, 0, 1, 1, 0, 0, 0, 0, 0, 1, 0, 1, 0, 0, 1], [0, 1, 0, 1, 0, 0, 0, 1, 1, 1, 0, 1, 1, 0, 0, 1, 1, 0, 1, 1, 0], [1, 0, 0, 0, 1, 0, 1, 0, 1, 0, 1, 1, 1, 0, 0, 1, 0, 0, 1, 1, 1], [1, 0, 1, 0, 1, 1, 1, 1, 0, 0, 1, 1, 0, 0, 1, 1, 1, 0, 1, 0, 0], [1, 1, 1, 1, 1, 1, 1, 0, 0, 0, 1, 0, 1, 1, 1, 0, 0, 0, 1, 0, 1], [1, 0, 0, 0, 0, 0, 0, 1, 1, 1, 0, 0, 0, 1, 0, 1, 0, 0, 0, 0, 0], [1, 1, 0, 0, 1, 0, 1, 1, 1, 0, 0, 0, 1, 1, 0, 0, 0, 0, 1, 1, 0], [0, 1, 1, 0, 0, 0, 1, 1, 0, 1, 0, 1, 0, 1, 1, 0, 0, 1, 0, 0, 1], [1, 1, 0, 1, 0, 0, 0, 0, 0, 1, 1, 1, 1, 0, 0, 1, 1, 1, 1, 1, 1], [1, 1, 0, 1, 0, 0, 0, 0, 1, 1, 0, 0, 1, 0, 0, 0, 0, 0, 1, 1, 0], [1, 0, 1, 0, 1, 1, 1, 1, 1, 0, 1, 0, 0, 1, 0, 0, 0, 0, 1, 1, 0], [1, 1, 1, 0, 1, 0, 1, 0, 1, 0, 0, 0, 0, 1, 0, 0, 0, 1, 0, 0, 1], [1, 1, 1, 1, 1, 1, 0, 0, 0, 0, 0, 0, 1, 1, 0, 0, 1, 0, 1, 0, 1], [0, 1, 0, 0, 1, 0, 1, 1, 1, 1, 0, 1, 0, 1, 1, 1, 0, 1, 0, 1, 0], [1, 0, 1, 1, 1, 0, 1, 1, 0, 0, 0, 1, 0, 1, 1, 1, 0, 0, 1, 0, 1], [0, 0, 1, 1, 0, 1, 0, 1, 0, 1, 0, 0, 1, 1, 0, 0, 1, 1, 0, 1, 0]]",8.0,4.0,Y,"{0: 20, 1: 24, 2: 16, 3: 28, 4: 32, 5: 12, 6: 36, 7: 40, 8: 44, 9: 48, 10: 52, 11: 56, 12: 60, 13: 64, 14: 8, 15: 68, 16: 72, 17: 76, 18: 80, 19: 84, 20: 88}",Y,"{0: 20, 1: 24, 2: 16, 3: 28, 4: 32, 5: 12, 6: 36, 7: 40, 8: 44, 9: 48, 10: 52, 11: 56, 12: 60, 13: 64, 14: 8, 15: 68, 16: 72, 17: 76, 18: 80, 19: 84, 20: 88}","{(0, 1): 1, (0, 2): 1, (0, 3): 1, (0, 5): 1, (0, 7): 1, (0, 8): 1, (0, 9): 1, (0, 10): 1, (0, 11): 1, (0, 13): 1, (0, 14): 1, (0, 15): 1, (0, 16): 1, (0, 17): 6, (0, 19): 1, (1, 2): 1, (1, 3): 1, (1, 4): 1, (1, 5): 1, (1, 6): 5, (1, 9): 1, (1, 11): 1, (1, 12): 7, (1, 13): 1, (1, 14): 1, (1, 16): 1, (1, 17): 1, (1, 18): 1, (2, 4): 1, (2, 8): 1, (2, 9): 1, (2, 12): 6, (2, 15): 1, (2, 16): 1, (2, 17): 1, (2, 19): 1, (2, 20): 1, (3, 6): 1, (3, 9): 1, (3, 13): 1, (3, 14): 1, (3, 17): 1, (3, 19): 10, (3, 20): 11, (4, 7): 1, (4, 8): 1, (4, 9): 1, (4, 11): 1, (4, 15): 1, (4, 16): 22, (4, 17): 1, (4, 18): 1, (4, 19): 1, (5, 8): 1, (5, 9): 1, (5, 15): 1, (5, 17): 1, (5, 20): 6, (6, 7): 1, (6, 8): 1, (6, 9): 1, (6, 11): 1, (6, 12): 22, (6, 15): 1, (6, 16): 1, (6, 18): 1, (6, 19): 1, (7, 8): 1, (7, 10): 1, (7, 11): 1, (7, 12): 1, (7, 15): 30, (7, 18): 1, (7, 19): 1, (7, 20): 1, (8, 10): 1, (8, 11): 5, (8, 14): 1, (8, 15): 29, (8, 16): 1, (8, 18): 1, (9, 10): 29, (9, 12): 1, (9, 13): 8, (9, 14): 1, (9, 18): 1, (9, 20): 1, (10, 13): 19, (10, 15): 1, (11, 12): 1, (11, 13): 1, (11, 18): 43, (11, 19): 1, (12, 13): 1, (12, 14): 1, (12, 17): 19, (12, 20): 1, (13, 15): 1, (13, 16): 1, (13, 17): 1, (13, 18): 27, (13, 19): 1, (13, 20): 1, (14, 18): 1, (14, 19): 1, (15, 18): 1, (15, 19): 1, (16, 17): 43, (16, 20): 1, (17, 18): 1, (17, 20): 1, (18, 19): 1, (19, 20): 64}",1094.1028594970703,113.0,21.0,226.0
77.0,Graph with 21 nodes and 94 edges,"[[0, 0, 1, 0, 0, 0, 1, 1, 0, 1, 0, 0, 1, 0, 0, 0, 0, 0, 0, 0, 1], [0, 0, 1, 0, 0, 0, 0, 0, 0, 0, 1, 0, 1, 0, 0, 1, 0, 1, 1, 1, 1], [1, 1, 0, 1, 1, 0, 0, 0, 1, 0, 1, 1, 0, 0, 1, 1, 1, 0, 0, 0, 1], [0, 0, 1, 0, 0, 1, 0, 1, 1, 1, 1, 0, 0, 1, 1, 1, 0, 0, 0, 1, 1], [0, 0, 1, 0, 0, 0, 0, 1, 0, 0, 1, 0, 1, 0, 1, 1, 1, 1, 0, 0, 0], [0, 0, 0, 1, 0, 0, 1, 1, 0, 0, 1, 0, 1, 0, 1, 1, 1, 0, 0, 1, 1], [1, 0, 0, 0, 0, 1, 0, 1, 0, 0, 1, 1, 0, 0, 1, 0, 0, 1, 0, 1, 0], [1, 0, 0, 1, 1, 1, 1, 0, 0, 0, 0, 0, 0, 0, 0, 1, 0, 1, 1, 1, 0], [0, 0, 1, 1, 0, 0, 0, 0, 0, 1, 0, 0, 1, 0, 0, 1, 0, 1, 0, 1, 0], [1, 0, 0, 1, 0, 0, 0, 0, 1, 0, 0, 0, 1, 0, 0, 1, 1, 1, 1, 1, 0], [0, 1, 1, 1, 1, 1, 1, 0, 0, 0, 0, 1, 0, 1, 0, 1, 0, 0, 0, 1, 0], [0, 0, 1, 0, 0, 0, 1, 0, 0, 0, 1, 0, 0, 0, 1, 0, 1, 0, 1, 0, 1], [1, 1, 0, 0, 1, 1, 0, 0, 1, 1, 0, 0, 0, 0, 1, 1, 0, 0, 1, 1, 1], [0, 0, 0, 1, 0, 0, 0, 0, 0, 0, 1, 0, 0, 0, 0, 0, 0, 0, 0, 0, 0], [0, 0, 1, 1, 1, 1, 1, 0, 0, 0, 0, 1, 1, 0, 0, 0, 1, 0, 0, 1, 0], [0, 1, 1, 1, 1, 1, 0, 1, 1, 1, 1, 0, 1, 0, 0, 0, 1, 1, 1, 1, 1], [0, 0, 1, 0, 1, 1, 0, 0, 0, 1, 0, 1, 0, 0, 1, 1, 0, 1, 0, 0, 0], [0, 1, 0, 0, 1, 0, 1, 1, 1, 1, 0, 0, 0, 0, 0, 1, 1, 0, 0, 1, 1], [0, 1, 0, 0, 0, 0, 0, 1, 0, 1, 0, 1, 1, 0, 0, 1, 0, 0, 0, 0, 1], [0, 1, 0, 1, 0, 1, 1, 1, 1, 1, 1, 0, 1, 0, 1, 1, 0, 1, 0, 0, 0], [1, 1, 1, 1, 0, 1, 0, 0, 0, 0, 0, 1, 1, 0, 0, 1, 0, 1, 1, 0, 0]]",2.0,6.0,Y,"{0: 8, 1: 122, 2: 14, 3: 116, 4: 110, 5: 104, 6: 98, 7: 92, 8: 86, 9: 80, 10: 74, 11: 68, 12: 62, 13: 2, 14: 56, 15: 20, 16: 50, 17: 44, 18: 38, 19: 32, 20: 26}",Y,"{0: 8, 1: 122, 2: 14, 3: 116, 4: 110, 5: 104, 6: 98, 7: 92, 8: 86, 9: 80, 10: 74, 11: 68, 12: 62, 13: 2, 14: 56, 15: 20, 16: 50, 17: 44, 18: 38, 19: 32, 20: 26}","{(0, 2): 1, (0, 6): 1, (0, 7): 1, (0, 9): 1, (0, 12): 1, (0, 20): 3, (1, 2): 4, (1, 10): 1, (1, 12): 8, (1, 15): 6, (1, 17): 35, (1, 18): 32, (1, 19): 21, (1, 20): 15, (2, 3): 1, (2, 4): 1, (2, 8): 1, (2, 10): 1, (2, 11): 1, (2, 14): 1, (2, 15): 1, (2, 16): 1, (2, 20): 1, (3, 5): 1, (3, 7): 1, (3, 8): 1, (3, 9): 1, (3, 10): 59, (3, 13): 1, (3, 14): 48, (3, 15): 1, (3, 19): 1, (3, 20): 1, (4, 7): 19, (4, 10): 7, (4, 12): 37, (4, 14): 1, (4, 15): 1, (4, 16): 43, (4, 17): 1, (5, 6): 30, (5, 7): 66, (5, 10): 1, (5, 12): 1, (5, 14): 1, (5, 15): 1, (5, 16): 1, (5, 19): 1, (5, 20): 1, (6, 7): 1, (6, 10): 1, (6, 11): 62, (6, 14): 1, (6, 17): 1, (6, 19): 1, (7, 15): 1, (7, 17): 1, (7, 18): 1, (7, 19): 1, (8, 9): 72, (8, 12): 9, (8, 15): 1, (8, 17): 1, (8, 19): 1, (9, 12): 1, (9, 15): 1, (9, 16): 1, (9, 17): 1, (9, 18): 1, (9, 19): 1, (10, 11): 1, (10, 13): 1, (10, 15): 1, (10, 19): 1, (11, 14): 1, (11, 16): 1, (11, 18): 1, (11, 20): 1, (12, 14): 1, (12, 15): 1, (12, 18): 1, (12, 19): 1, (12, 20): 1, (14, 16): 1, (14, 19): 1, (15, 16): 1, (15, 17): 1, (15, 18): 1, (15, 19): 1, (15, 20): 1, (16, 17): 1, (17, 19): 1, (17, 20): 1, (18, 20): 1}",416.9940948486328,94.0,21.0,188.0
78.0,Graph with 21 nodes and 114 edges,"[[0, 0, 0, 1, 1, 1, 0, 1, 1, 1, 0, 0, 1, 0, 1, 0, 1, 1, 0, 1, 1], [0, 0, 1, 0, 0, 0, 1, 0, 0, 1, 0, 0, 0, 0, 1, 1, 0, 0, 0, 1, 0], [0, 1, 0, 0, 0, 0, 1, 0, 1, 1, 1, 1, 1, 0, 0, 0, 0, 0, 0, 0, 0], [1, 0, 0, 0, 1, 1, 1, 0, 1, 0, 1, 1, 1, 0, 1, 1, 1, 0, 0, 1, 0], [1, 0, 0, 1, 0, 0, 1, 1, 1, 1, 1, 1, 1, 0, 1, 1, 1, 1, 1, 1, 1], [1, 0, 0, 1, 0, 0, 1, 1, 1, 0, 0, 1, 0, 0, 1, 1, 1, 1, 1, 0, 1], [0, 1, 1, 1, 1, 1, 0, 0, 0, 0, 0, 1, 1, 1, 1, 0, 0, 0, 0, 1, 0], [1, 0, 0, 0, 1, 1, 0, 0, 1, 1, 0, 1, 1, 1, 1, 0, 0, 1, 0, 1, 0], [1, 0, 1, 1, 1, 1, 0, 1, 0, 1, 1, 1, 0, 0, 0, 0, 1, 1, 0, 1, 0], [1, 1, 1, 0, 1, 0, 0, 1, 1, 0, 1, 0, 0, 1, 1, 0, 1, 0, 0, 1, 1], [0, 0, 1, 1, 1, 0, 0, 0, 1, 1, 0, 1, 1, 0, 1, 1, 0, 1, 0, 0, 0], [0, 0, 1, 1, 1, 1, 1, 1, 1, 0, 1, 0, 1, 1, 1, 1, 1, 0, 1, 0, 0], [1, 0, 1, 1, 1, 0, 1, 1, 0, 0, 1, 1, 0, 0, 1, 0, 0, 1, 0, 0, 1], [0, 0, 0, 0, 0, 0, 1, 1, 0, 1, 0, 1, 0, 0, 1, 1, 0, 0, 1, 0, 1], [1, 1, 0, 1, 1, 1, 1, 1, 0, 1, 1, 1, 1, 1, 0, 0, 1, 1, 0, 1, 0], [0, 1, 0, 1, 1, 1, 0, 0, 0, 0, 1, 1, 0, 1, 0, 0, 0, 1, 0, 0, 1], [1, 0, 0, 1, 1, 1, 0, 0, 1, 1, 0, 1, 0, 0, 1, 0, 0, 1, 0, 1, 0], [1, 0, 0, 0, 1, 1, 0, 1, 1, 0, 1, 0, 1, 0, 1, 1, 1, 0, 0, 1, 1], [0, 0, 0, 0, 1, 1, 0, 0, 0, 0, 0, 1, 0, 1, 0, 0, 0, 0, 0, 1, 1], [1, 1, 0, 1, 1, 0, 1, 1, 1, 1, 0, 0, 0, 0, 1, 0, 1, 1, 1, 0, 1], [1, 0, 0, 0, 1, 1, 0, 0, 0, 1, 0, 0, 1, 1, 0, 1, 0, 1, 1, 1, 0]]",18.0,7.0,Y,"{0: 25, 1: 32, 2: 39, 3: 46, 4: 53, 5: 60, 6: 67, 7: 74, 8: 81, 9: 88, 10: 95, 11: 102, 12: 109, 13: 116, 14: 123, 15: 130, 16: 137, 17: 144, 18: 151, 19: 158, 20: 18}",Y,"{0: 25, 1: 32, 2: 39, 3: 46, 4: 53, 5: 60, 6: 67, 7: 74, 8: 81, 9: 88, 10: 95, 11: 102, 12: 109, 13: 116, 14: 123, 15: 130, 16: 137, 17: 144, 18: 151, 19: 158, 20: 18}","{(0, 3): 1, (0, 4): 1, (0, 5): 1, (0, 7): 1, (0, 8): 1, (0, 9): 1, (0, 12): 14, (0, 14): 1, (0, 16): 1, (0, 17): 1, (0, 19): 1, (0, 20): 1, (1, 2): 1, (1, 6): 1, (1, 9): 1, (1, 14): 1, (1, 15): 1, (1, 19): 27, (2, 6): 1, (2, 8): 1, (2, 9): 1, (2, 10): 1, (2, 11): 1, (2, 12): 33, (3, 4): 1, (3, 5): 1, (3, 6): 5, (3, 8): 1, (3, 10): 9, (3, 11): 1, (3, 12): 1, (3, 14): 1, (3, 15): 1, (3, 16): 1, (3, 19): 23, (4, 6): 1, (4, 7): 1, (4, 8): 1, (4, 9): 1, (4, 10): 1, (4, 11): 1, (4, 12): 1, (4, 14): 1, (4, 15): 1, (4, 16): 1, (4, 17): 1, (4, 18): 38, (4, 19): 1, (4, 20): 1, (5, 6): 1, (5, 7): 1, (5, 8): 1, (5, 11): 1, (5, 14): 1, (5, 15): 1, (5, 16): 1, (5, 17): 37, (5, 18): 13, (5, 20): 1, (6, 11): 1, (6, 12): 54, (6, 13): 1, (6, 14): 1, (6, 19): 1, (7, 8): 1, (7, 9): 1, (7, 11): 1, (7, 12): 1, (7, 13): 1, (7, 14): 1, (7, 17): 1, (7, 19): 64, (8, 9): 1, (8, 10): 1, (8, 11): 1, (8, 16): 70, (8, 17): 1, (8, 19): 1, (9, 10): 1, (9, 13): 65, (9, 14): 1, (9, 16): 13, (9, 19): 1, (9, 20): 1, (10, 11): 1, (10, 12): 1, (10, 14): 1, (10, 15): 78, (10, 17): 1, (11, 12): 1, (11, 13): 1, (11, 14): 1, (11, 15): 1, (11, 16): 1, (11, 18): 89, (12, 14): 1, (12, 17): 1, (12, 20): 1, (13, 14): 1, (13, 15): 45, (13, 18): 1, (13, 20): 1, (14, 16): 13, (14, 17): 97, (14, 19): 1, (15, 17): 1, (15, 20): 1, (16, 17): 1, (16, 19): 35, (17, 19): 1, (17, 20): 1, (18, 19): 1, (18, 20): 9, (19, 20): 1}",1295.0897216796875,114.0,21.0,228.0
78.0,Graph with 21 nodes and 114 edges,"[[0, 0, 0, 1, 1, 1, 0, 1, 1, 1, 0, 0, 1, 0, 1, 0, 1, 1, 0, 1, 1], [0, 0, 1, 0, 0, 0, 1, 0, 0, 1, 0, 0, 0, 0, 1, 1, 0, 0, 0, 1, 0], [0, 1, 0, 0, 0, 0, 1, 0, 1, 1, 1, 1, 1, 0, 0, 0, 0, 0, 0, 0, 0], [1, 0, 0, 0, 1, 1, 1, 0, 1, 0, 1, 1, 1, 0, 1, 1, 1, 0, 0, 1, 0], [1, 0, 0, 1, 0, 0, 1, 1, 1, 1, 1, 1, 1, 0, 1, 1, 1, 1, 1, 1, 1], [1, 0, 0, 1, 0, 0, 1, 1, 1, 0, 0, 1, 0, 0, 1, 1, 1, 1, 1, 0, 1], [0, 1, 1, 1, 1, 1, 0, 0, 0, 0, 0, 1, 1, 1, 1, 0, 0, 0, 0, 1, 0], [1, 0, 0, 0, 1, 1, 0, 0, 1, 1, 0, 1, 1, 1, 1, 0, 0, 1, 0, 1, 0], [1, 0, 1, 1, 1, 1, 0, 1, 0, 1, 1, 1, 0, 0, 0, 0, 1, 1, 0, 1, 0], [1, 1, 1, 0, 1, 0, 0, 1, 1, 0, 1, 0, 0, 1, 1, 0, 1, 0, 0, 1, 1], [0, 0, 1, 1, 1, 0, 0, 0, 1, 1, 0, 1, 1, 0, 1, 1, 0, 1, 0, 0, 0], [0, 0, 1, 1, 1, 1, 1, 1, 1, 0, 1, 0, 1, 1, 1, 1, 1, 0, 1, 0, 0], [1, 0, 1, 1, 1, 0, 1, 1, 0, 0, 1, 1, 0, 0, 1, 0, 0, 1, 0, 0, 1], [0, 0, 0, 0, 0, 0, 1, 1, 0, 1, 0, 1, 0, 0, 1, 1, 0, 0, 1, 0, 1], [1, 1, 0, 1, 1, 1, 1, 1, 0, 1, 1, 1, 1, 1, 0, 0, 1, 1, 0, 1, 0], [0, 1, 0, 1, 1, 1, 0, 0, 0, 0, 1, 1, 0, 1, 0, 0, 0, 1, 0, 0, 1], [1, 0, 0, 1, 1, 1, 0, 0, 1, 1, 0, 1, 0, 0, 1, 0, 0, 1, 0, 1, 0], [1, 0, 0, 0, 1, 1, 0, 1, 1, 0, 1, 0, 1, 0, 1, 1, 1, 0, 0, 1, 1], [0, 0, 0, 0, 1, 1, 0, 0, 0, 0, 0, 1, 0, 1, 0, 0, 0, 0, 0, 1, 1], [1, 1, 0, 1, 1, 0, 1, 1, 1, 1, 0, 0, 0, 0, 1, 0, 1, 1, 1, 0, 1], [1, 0, 0, 0, 1, 1, 0, 0, 0, 1, 0, 0, 1, 1, 0, 1, 0, 1, 1, 1, 0]]",26.0,4.0,Y,"{0: 30, 1: 34, 2: 38, 3: 42, 4: 46, 5: 50, 6: 54, 7: 58, 8: 62, 9: 66, 10: 70, 11: 74, 12: 78, 13: 82, 14: 86, 15: 90, 16: 94, 17: 98, 18: 102, 19: 106, 20: 26}",Y,"{0: 30, 1: 34, 2: 38, 3: 42, 4: 46, 5: 50, 6: 54, 7: 58, 8: 62, 9: 66, 10: 70, 11: 74, 12: 78, 13: 82, 14: 86, 15: 90, 16: 94, 17: 98, 18: 102, 19: 106, 20: 26}","{(0, 3): 1, (0, 4): 1, (0, 5): 1, (0, 7): 1, (0, 8): 1, (0, 9): 1, (0, 12): 19, (0, 14): 1, (0, 16): 1, (0, 17): 1, (0, 19): 1, (0, 20): 1, (1, 2): 1, (1, 6): 1, (1, 9): 1, (1, 14): 1, (1, 15): 1, (1, 19): 29, (2, 6): 1, (2, 8): 1, (2, 9): 1, (2, 10): 1, (2, 11): 32, (2, 12): 1, (3, 4): 1, (3, 5): 1, (3, 6): 1, (3, 8): 1, (3, 10): 1, (3, 11): 1, (3, 12): 9, (3, 14): 1, (3, 15): 1, (3, 16): 23, (3, 19): 1, (4, 6): 1, (4, 7): 1, (4, 8): 1, (4, 9): 1, (4, 10): 1, (4, 11): 1, (4, 12): 1, (4, 14): 1, (4, 15): 1, (4, 16): 1, (4, 17): 31, (4, 18): 1, (4, 19): 1, (4, 20): 1, (5, 6): 1, (5, 7): 1, (5, 8): 1, (5, 11): 1, (5, 14): 1, (5, 15): 1, (5, 16): 1, (5, 17): 1, (5, 18): 39, (5, 20): 1, (6, 11): 1, (6, 12): 42, (6, 13): 1, (6, 14): 4, (6, 19): 1, (7, 8): 48, (7, 9): 1, (7, 11): 1, (7, 12): 1, (7, 13): 1, (7, 14): 1, (7, 17): 1, (7, 19): 1, (8, 9): 1, (8, 10): 1, (8, 11): 4, (8, 16): 1, (8, 17): 1, (8, 19): 1, (9, 10): 1, (9, 13): 1, (9, 14): 1, (9, 16): 55, (9, 19): 1, (9, 20): 1, (10, 11): 1, (10, 12): 1, (10, 14): 61, (10, 15): 1, (10, 17): 1, (11, 12): 1, (11, 13): 1, (11, 14): 1, (11, 15): 1, (11, 16): 1, (11, 18): 27, (12, 14): 1, (12, 17): 1, (12, 20): 1, (13, 14): 9, (13, 15): 67, (13, 18): 1, (13, 20): 1, (14, 16): 1, (14, 17): 1, (14, 19): 1, (15, 17): 16, (15, 20): 1, (16, 17): 1, (16, 19): 9, (17, 19): 42, (17, 20): 1, (18, 19): 17, (18, 20): 17, (19, 20): 1}",1178.9798736572266,114.0,21.0,228.0
78.0,Graph with 21 nodes and 114 edges,"[[0, 0, 0, 1, 1, 1, 0, 1, 1, 1, 0, 0, 1, 0, 1, 0, 1, 1, 0, 1, 1], [0, 0, 1, 0, 0, 0, 1, 0, 0, 1, 0, 0, 0, 0, 1, 1, 0, 0, 0, 1, 0], [0, 1, 0, 0, 0, 0, 1, 0, 1, 1, 1, 1, 1, 0, 0, 0, 0, 0, 0, 0, 0], [1, 0, 0, 0, 1, 1, 1, 0, 1, 0, 1, 1, 1, 0, 1, 1, 1, 0, 0, 1, 0], [1, 0, 0, 1, 0, 0, 1, 1, 1, 1, 1, 1, 1, 0, 1, 1, 1, 1, 1, 1, 1], [1, 0, 0, 1, 0, 0, 1, 1, 1, 0, 0, 1, 0, 0, 1, 1, 1, 1, 1, 0, 1], [0, 1, 1, 1, 1, 1, 0, 0, 0, 0, 0, 1, 1, 1, 1, 0, 0, 0, 0, 1, 0], [1, 0, 0, 0, 1, 1, 0, 0, 1, 1, 0, 1, 1, 1, 1, 0, 0, 1, 0, 1, 0], [1, 0, 1, 1, 1, 1, 0, 1, 0, 1, 1, 1, 0, 0, 0, 0, 1, 1, 0, 1, 0], [1, 1, 1, 0, 1, 0, 0, 1, 1, 0, 1, 0, 0, 1, 1, 0, 1, 0, 0, 1, 1], [0, 0, 1, 1, 1, 0, 0, 0, 1, 1, 0, 1, 1, 0, 1, 1, 0, 1, 0, 0, 0], [0, 0, 1, 1, 1, 1, 1, 1, 1, 0, 1, 0, 1, 1, 1, 1, 1, 0, 1, 0, 0], [1, 0, 1, 1, 1, 0, 1, 1, 0, 0, 1, 1, 0, 0, 1, 0, 0, 1, 0, 0, 1], [0, 0, 0, 0, 0, 0, 1, 1, 0, 1, 0, 1, 0, 0, 1, 1, 0, 0, 1, 0, 1], [1, 1, 0, 1, 1, 1, 1, 1, 0, 1, 1, 1, 1, 1, 0, 0, 1, 1, 0, 1, 0], [0, 1, 0, 1, 1, 1, 0, 0, 0, 0, 1, 1, 0, 1, 0, 0, 0, 1, 0, 0, 1], [1, 0, 0, 1, 1, 1, 0, 0, 1, 1, 0, 1, 0, 0, 1, 0, 0, 1, 0, 1, 0], [1, 0, 0, 0, 1, 1, 0, 1, 1, 0, 1, 0, 1, 0, 1, 1, 1, 0, 0, 1, 1], [0, 0, 0, 0, 1, 1, 0, 0, 0, 0, 0, 1, 0, 1, 0, 0, 0, 0, 0, 1, 1], [1, 1, 0, 1, 1, 0, 1, 1, 1, 1, 0, 0, 0, 0, 1, 0, 1, 1, 1, 0, 1], [1, 0, 0, 0, 1, 1, 0, 0, 0, 1, 0, 0, 1, 1, 0, 1, 0, 1, 1, 1, 0]]",28.0,7.0,Y,"{0: 168, 1: 161, 2: 154, 3: 147, 4: 140, 5: 133, 6: 126, 7: 119, 8: 112, 9: 105, 10: 98, 11: 91, 12: 84, 13: 77, 14: 70, 15: 63, 16: 56, 17: 49, 18: 42, 19: 35, 20: 28}",Y,"{0: 168, 1: 161, 2: 154, 3: 147, 4: 140, 5: 133, 6: 126, 7: 119, 8: 112, 9: 105, 10: 98, 11: 91, 12: 84, 13: 77, 14: 70, 15: 63, 16: 56, 17: 49, 18: 42, 19: 35, 20: 28}","{(0, 3): 1, (0, 4): 1, (0, 5): 122, (0, 7): 1, (0, 8): 1, (0, 9): 1, (0, 12): 1, (0, 14): 1, (0, 16): 1, (0, 17): 1, (0, 19): 18, (0, 20): 19, (1, 2): 75, (1, 6): 1, (1, 9): 1, (1, 14): 28, (1, 15): 55, (1, 19): 1, (2, 6): 1, (2, 8): 1, (2, 9): 1, (2, 10): 1, (2, 11): 1, (2, 12): 74, (3, 4): 102, (3, 5): 1, (3, 6): 1, (3, 8): 30, (3, 10): 1, (3, 11): 1, (3, 12): 1, (3, 14): 1, (3, 15): 1, (3, 16): 1, (3, 19): 6, (4, 6): 22, (4, 7): 1, (4, 8): 1, (4, 9): 1, (4, 10): 1, (4, 11): 1, (4, 12): 1, (4, 14): 3, (4, 15): 1, (4, 16): 1, (4, 17): 1, (4, 18): 1, (4, 19): 1, (4, 20): 1, (5, 6): 1, (5, 7): 1, (5, 8): 1, (5, 11): 1, (5, 14): 1, (5, 15): 1, (5, 16): 1, (5, 17): 1, (5, 18): 1, (5, 20): 1, (6, 11): 78, (6, 12): 1, (6, 13): 19, (6, 14): 1, (6, 19): 1, (7, 8): 1, (7, 9): 94, (7, 11): 1, (7, 12): 1, (7, 13): 16, (7, 14): 1, (7, 17): 1, (7, 19): 1, (8, 9): 1, (8, 10): 26, (8, 11): 1, (8, 16): 47, (8, 17): 1, (8, 19): 1, (9, 10): 1, (9, 13): 1, (9, 14): 1, (9, 16): 1, (9, 19): 1, (9, 20): 1, (10, 11): 1, (10, 12): 1, (10, 14): 27, (10, 15): 1, (10, 17): 38, (11, 12): 1, (11, 13): 1, (11, 14): 1, (11, 15): 1, (11, 16): 1, (11, 18): 1, (12, 14): 1, (12, 17): 1, (12, 20): 1, (13, 14): 1, (13, 15): 1, (13, 18): 37, (13, 20): 1, (14, 16): 1, (14, 17): 1, (14, 19): 1, (15, 17): 1, (15, 20): 1, (16, 17): 1, (16, 19): 1, (17, 19): 1, (17, 20): 1, (18, 19): 1, (18, 20): 1, (19, 20): 1}",1152.9922485351562,114.0,21.0,228.0
81.0,Graph with 21 nodes and 106 edges,"[[0, 0, 1, 0, 1, 0, 1, 0, 1, 0, 1, 0, 0, 0, 0, 0, 1, 1, 0, 1, 1], [0, 0, 1, 1, 1, 0, 1, 0, 1, 1, 1, 1, 1, 0, 0, 1, 1, 1, 0, 1, 0], [1, 1, 0, 0, 1, 0, 1, 0, 0, 0, 0, 0, 0, 1, 0, 0, 1, 1, 1, 1, 1], [0, 1, 0, 0, 0, 0, 0, 0, 0, 0, 1, 1, 0, 1, 0, 1, 1, 1, 1, 0, 0], [1, 1, 1, 0, 0, 0, 0, 0, 0, 1, 1, 0, 0, 0, 1, 1, 1, 1, 0, 1, 0], [0, 0, 0, 0, 0, 0, 0, 0, 1, 0, 1, 1, 0, 0, 1, 0, 0, 1, 0, 1, 0], [1, 1, 1, 0, 0, 0, 0, 0, 0, 0, 0, 0, 1, 1, 0, 1, 1, 1, 0, 1, 0], [0, 0, 0, 0, 0, 0, 0, 0, 1, 0, 1, 1, 1, 1, 1, 1, 0, 0, 1, 1, 1], [1, 1, 0, 0, 0, 1, 0, 1, 0, 0, 0, 1, 1, 1, 1, 0, 1, 1, 0, 1, 0], [0, 1, 0, 0, 1, 0, 0, 0, 0, 0, 1, 0, 1, 0, 0, 1, 1, 1, 1, 0, 1], [1, 1, 0, 1, 1, 1, 0, 1, 0, 1, 0, 0, 0, 0, 1, 0, 1, 0, 0, 1, 0], [0, 1, 0, 1, 0, 1, 0, 1, 1, 0, 0, 0, 0, 0, 0, 0, 1, 1, 1, 0, 1], [0, 1, 0, 0, 0, 0, 1, 1, 1, 1, 0, 0, 0, 1, 1, 0, 1, 1, 0, 0, 1], [0, 0, 1, 1, 0, 0, 1, 1, 1, 0, 0, 0, 1, 0, 0, 0, 1, 1, 0, 1, 1], [0, 0, 0, 0, 1, 1, 0, 1, 1, 0, 1, 0, 1, 0, 0, 1, 1, 0, 1, 0, 0], [0, 1, 0, 1, 1, 0, 1, 1, 0, 1, 0, 0, 0, 0, 1, 0, 0, 0, 0, 1, 1], [1, 1, 1, 1, 1, 0, 1, 0, 1, 1, 1, 1, 1, 1, 1, 0, 0, 0, 1, 1, 1], [1, 1, 1, 1, 1, 1, 1, 0, 1, 1, 0, 1, 1, 1, 0, 0, 0, 0, 0, 0, 1], [0, 0, 1, 1, 0, 0, 0, 1, 0, 1, 0, 1, 0, 0, 1, 0, 1, 0, 0, 0, 1], [1, 1, 1, 0, 1, 1, 1, 1, 1, 0, 1, 0, 0, 1, 0, 1, 1, 0, 0, 0, 0], [1, 0, 1, 0, 0, 0, 0, 1, 0, 1, 0, 1, 1, 1, 0, 1, 1, 1, 1, 0, 0]]",12.0,4.0,Y,"{0: 16, 1: 20, 2: 24, 3: 28, 4: 32, 5: 36, 6: 40, 7: 44, 8: 48, 9: 52, 10: 56, 11: 60, 12: 64, 13: 68, 14: 72, 15: 76, 16: 80, 17: 84, 18: 88, 19: 92, 20: 12}",Y,"{0: 16, 1: 20, 2: 24, 3: 28, 4: 32, 5: 36, 6: 40, 7: 44, 8: 48, 9: 52, 10: 56, 11: 60, 12: 64, 13: 68, 14: 72, 15: 76, 16: 80, 17: 84, 18: 88, 19: 92, 20: 12}","{(0, 2): 1, (0, 4): 1, (0, 6): 8, (0, 8): 1, (0, 10): 1, (0, 16): 1, (0, 17): 1, (0, 19): 1, (0, 20): 1, (1, 2): 1, (1, 3): 1, (1, 4): 1, (1, 6): 1, (1, 8): 1, (1, 9): 1, (1, 10): 1, (1, 11): 1, (1, 12): 1, (1, 15): 1, (1, 16): 8, (1, 17): 1, (1, 19): 1, (2, 4): 1, (2, 6): 1, (2, 13): 1, (2, 16): 1, (2, 17): 15, (2, 18): 1, (2, 19): 1, (2, 20): 1, (3, 10): 1, (3, 11): 1, (3, 13): 1, (3, 15): 21, (3, 16): 1, (3, 17): 1, (3, 18): 1, (4, 9): 1, (4, 10): 1, (4, 14): 1, (4, 15): 1, (4, 16): 1, (4, 17): 1, (4, 19): 23, (5, 8): 1, (5, 10): 1, (5, 11): 1, (5, 14): 1, (5, 17): 1, (5, 19): 31, (6, 12): 1, (6, 13): 1, (6, 15): 23, (6, 16): 1, (6, 17): 3, (6, 19): 1, (7, 8): 1, (7, 10): 9, (7, 11): 1, (7, 12): 1, (7, 13): 1, (7, 14): 27, (7, 15): 1, (7, 18): 1, (7, 19): 1, (7, 20): 1, (8, 11): 1, (8, 12): 1, (8, 13): 1, (8, 14): 1, (8, 16): 10, (8, 17): 1, (8, 19): 29, (9, 10): 19, (9, 12): 1, (9, 15): 26, (9, 16): 1, (9, 17): 1, (9, 18): 1, (9, 20): 1, (10, 14): 1, (10, 16): 21, (10, 19): 1, (11, 16): 1, (11, 17): 35, (11, 18): 18, (11, 20): 1, (12, 13): 46, (12, 14): 1, (12, 16): 1, (12, 17): 10, (12, 20): 1, (13, 16): 3, (13, 17): 12, (13, 19): 1, (13, 20): 1, (14, 15): 1, (14, 16): 1, (14, 18): 38, (15, 19): 1, (15, 20): 1, (16, 18): 27, (16, 19): 1, (16, 20): 1, (17, 20): 2, (18, 20): 1}",38.14697265625,106.0,21.0,212.0
82.0,Graph with 21 nodes and 112 edges,"[[0, 1, 0, 1, 0, 0, 0, 1, 1, 0, 1, 1, 0, 1, 0, 1, 0, 0, 0, 0, 0], [1, 0, 1, 0, 0, 1, 1, 1, 0, 1, 1, 1, 1, 1, 0, 0, 0, 0, 1, 0, 0], [0, 1, 0, 0, 1, 0, 1, 1, 1, 0, 1, 1, 0, 0, 1, 1, 0, 0, 1, 0, 0], [1, 0, 0, 0, 0, 1, 1, 0, 0, 0, 1, 0, 1, 0, 1, 0, 1, 1, 0, 1, 0], [0, 0, 1, 0, 0, 0, 1, 0, 0, 1, 0, 1, 1, 0, 0, 1, 0, 1, 0, 1, 1], [0, 1, 0, 1, 0, 0, 1, 1, 1, 1, 1, 0, 1, 1, 0, 1, 1, 0, 0, 1, 0], [0, 1, 1, 1, 1, 1, 0, 0, 0, 1, 1, 1, 1, 1, 1, 1, 0, 0, 0, 0, 1], [1, 1, 1, 0, 0, 1, 0, 0, 0, 1, 0, 1, 0, 0, 0, 1, 1, 0, 0, 1, 0], [1, 0, 1, 0, 0, 1, 0, 0, 0, 0, 1, 1, 1, 1, 0, 1, 0, 0, 0, 1, 0], [0, 1, 0, 0, 1, 1, 1, 1, 0, 0, 1, 0, 1, 0, 1, 0, 1, 0, 1, 0, 0], [1, 1, 1, 1, 0, 1, 1, 0, 1, 1, 0, 1, 0, 1, 1, 0, 1, 0, 1, 0, 1], [1, 1, 1, 0, 1, 0, 1, 1, 1, 0, 1, 0, 0, 1, 0, 1, 1, 0, 1, 1, 1], [0, 1, 0, 1, 1, 1, 1, 0, 1, 1, 0, 0, 0, 0, 0, 1, 1, 0, 0, 1, 1], [1, 1, 0, 0, 0, 1, 1, 0, 1, 0, 1, 1, 0, 0, 0, 1, 1, 0, 1, 0, 1], [0, 0, 1, 1, 0, 0, 1, 0, 0, 1, 1, 0, 0, 0, 0, 1, 0, 0, 1, 1, 1], [1, 0, 1, 0, 1, 1, 1, 1, 1, 0, 0, 1, 1, 1, 1, 0, 0, 1, 1, 1, 0], [0, 0, 0, 1, 0, 1, 0, 1, 0, 1, 1, 1, 1, 1, 0, 0, 0, 0, 1, 1, 1], [0, 0, 0, 1, 1, 0, 0, 0, 0, 0, 0, 0, 0, 0, 0, 1, 0, 0, 1, 1, 1], [0, 1, 1, 0, 0, 0, 0, 0, 0, 1, 1, 1, 0, 1, 1, 1, 1, 1, 0, 1, 1], [0, 0, 0, 1, 1, 1, 0, 1, 1, 0, 0, 1, 1, 0, 1, 1, 1, 1, 1, 0, 0], [0, 0, 0, 0, 1, 0, 1, 0, 0, 0, 1, 1, 1, 1, 1, 0, 1, 1, 1, 0, 0]]",14.0,2.0,Y,"{0: 40, 1: 22, 2: 44, 3: 46, 4: 26, 5: 48, 6: 50, 7: 18, 8: 52, 9: 24, 10: 38, 11: 42, 12: 36, 13: 14, 14: 30, 15: 16, 16: 54, 17: 20, 18: 32, 19: 34, 20: 28}",Y,"{0: 40, 1: 22, 2: 44, 3: 46, 4: 26, 5: 48, 6: 50, 7: 18, 8: 52, 9: 24, 10: 38, 11: 42, 12: 36, 13: 14, 14: 30, 15: 16, 16: 54, 17: 20, 18: 32, 19: 34, 20: 28}","{(0, 1): 1, (0, 3): 1, (0, 7): 1, (0, 8): 1, (0, 10): 18, (0, 11): 16, (0, 13): 1, (0, 15): 1, (1, 2): 1, (1, 5): 12, (1, 6): 1, (1, 7): 1, (1, 9): 1, (1, 10): 1, (1, 11): 1, (1, 12): 1, (1, 13): 1, (1, 18): 1, (2, 4): 1, (2, 6): 1, (2, 7): 1, (2, 8): 1, (2, 10): 1, (2, 11): 14, (2, 14): 22, (2, 15): 1, (2, 18): 1, (3, 5): 1, (3, 6): 9, (3, 10): 1, (3, 12): 1, (3, 14): 1, (3, 16): 14, (3, 17): 15, (3, 19): 3, (4, 6): 1, (4, 9): 1, (4, 11): 1, (4, 12): 18, (4, 15): 1, (4, 17): 1, (4, 19): 1, (4, 20): 1, (5, 6): 1, (5, 7): 10, (5, 8): 14, (5, 9): 1, (5, 10): 1, (5, 12): 1, (5, 13): 1, (5, 15): 1, (5, 16): 4, (5, 19): 1, (6, 9): 15, (6, 10): 1, (6, 11): 1, (6, 12): 1, (6, 13): 1, (6, 14): 1, (6, 15): 1, (6, 20): 16, (7, 9): 1, (7, 11): 1, (7, 15): 1, (7, 16): 1, (7, 19): 1, (8, 10): 1, (8, 11): 1, (8, 12): 9, (8, 13): 1, (8, 15): 3, (8, 19): 21, (9, 10): 1, (9, 12): 1, (9, 14): 1, (9, 16): 1, (9, 18): 1, (10, 11): 1, (10, 13): 1, (10, 14): 1, (10, 16): 8, (10, 18): 1, (10, 20): 1, (11, 13): 1, (11, 15): 1, (11, 16): 1, (11, 18): 1, (11, 19): 1, (11, 20): 1, (12, 15): 1, (12, 16): 1, (12, 19): 1, (12, 20): 1, (13, 15): 1, (13, 16): 1, (13, 18): 1, (13, 20): 4, (14, 15): 1, (14, 18): 1, (14, 19): 1, (14, 20): 1, (15, 17): 1, (15, 18): 1, (15, 19): 1, (16, 18): 21, (16, 19): 1, (16, 20): 1, (17, 18): 1, (17, 19): 1, (17, 20): 1, (18, 19): 1, (18, 20): 1}",977.9930114746094,112.0,21.0,224.0
83.0,Graph with 21 nodes and 103 edges,"[[0, 1, 1, 1, 1, 1, 1, 0, 1, 1, 0, 0, 0, 0, 0, 0, 0, 1, 0, 0, 0], [1, 0, 1, 0, 0, 0, 1, 1, 0, 0, 0, 0, 1, 0, 1, 1, 1, 1, 1, 1, 1], [1, 1, 0, 0, 1, 1, 1, 0, 1, 1, 1, 0, 0, 1, 0, 0, 1, 0, 1, 0, 1], [1, 0, 0, 0, 1, 0, 0, 1, 0, 0, 1, 0, 1, 0, 0, 1, 0, 0, 1, 0, 0], [1, 0, 1, 1, 0, 1, 0, 1, 1, 0, 1, 1, 1, 1, 1, 0, 1, 1, 0, 0, 1], [1, 0, 1, 0, 1, 0, 1, 0, 1, 1, 1, 0, 0, 0, 0, 1, 0, 1, 0, 0, 1], [1, 1, 1, 0, 0, 1, 0, 1, 1, 0, 0, 0, 1, 0, 1, 0, 0, 0, 1, 1, 1], [0, 1, 0, 1, 1, 0, 1, 0, 0, 0, 0, 0, 1, 0, 1, 0, 1, 0, 0, 1, 1], [1, 0, 1, 0, 1, 1, 1, 0, 0, 1, 1, 0, 0, 0, 0, 1, 0, 0, 1, 1, 0], [1, 0, 1, 0, 0, 1, 0, 0, 1, 0, 0, 0, 0, 1, 0, 0, 0, 1, 1, 0, 1], [0, 0, 1, 1, 1, 1, 0, 0, 1, 0, 0, 0, 0, 1, 1, 1, 0, 1, 1, 1, 1], [0, 0, 0, 0, 1, 0, 0, 0, 0, 0, 0, 0, 1, 0, 0, 1, 0, 1, 0, 1, 1], [0, 1, 0, 1, 1, 0, 1, 1, 0, 0, 0, 1, 0, 1, 0, 0, 0, 0, 1, 1, 1], [0, 0, 1, 0, 1, 0, 0, 0, 0, 1, 1, 0, 1, 0, 0, 0, 0, 0, 0, 1, 1], [0, 1, 0, 0, 1, 0, 1, 1, 0, 0, 1, 0, 0, 0, 0, 0, 0, 1, 1, 0, 1], [0, 1, 0, 1, 0, 1, 0, 0, 1, 0, 1, 1, 0, 0, 0, 0, 0, 0, 0, 0, 1], [0, 1, 1, 0, 1, 0, 0, 1, 0, 0, 0, 0, 0, 0, 0, 0, 0, 1, 1, 0, 1], [1, 1, 0, 0, 1, 1, 0, 0, 0, 1, 1, 1, 0, 0, 1, 0, 1, 0, 1, 0, 0], [0, 1, 1, 1, 0, 0, 1, 0, 1, 1, 1, 0, 1, 0, 1, 0, 1, 1, 0, 1, 0], [0, 1, 0, 0, 0, 0, 1, 1, 1, 0, 1, 1, 1, 1, 0, 0, 0, 0, 1, 0, 1], [0, 1, 1, 0, 1, 1, 1, 1, 0, 1, 1, 1, 1, 1, 1, 1, 1, 0, 0, 1, 0]]",6.0,1.0,Y,"{0: 26, 1: 25, 2: 24, 3: 23, 4: 22, 5: 21, 6: 20, 7: 19, 8: 18, 9: 17, 10: 16, 11: 6, 12: 14, 13: 13, 14: 9, 15: 8, 16: 7, 17: 11, 18: 12, 19: 10, 20: 15}",Y,"{0: 26, 1: 25, 2: 24, 3: 23, 4: 22, 5: 21, 6: 20, 7: 19, 8: 18, 9: 17, 10: 16, 11: 6, 12: 14, 13: 13, 14: 9, 15: 8, 16: 7, 17: 11, 18: 12, 19: 10, 20: 15}","{(0, 1): 2, (0, 2): 1, (0, 3): 17, (0, 4): 1, (0, 5): 1, (0, 6): 1, (0, 8): 1, (0, 9): 1, (0, 17): 1, (1, 2): 5, (1, 6): 1, (1, 7): 9, (1, 12): 1, (1, 14): 1, (1, 15): 1, (1, 16): 1, (1, 17): 1, (1, 18): 1, (1, 19): 1, (1, 20): 1, (2, 4): 1, (2, 5): 2, (2, 6): 1, (2, 8): 1, (2, 9): 8, (2, 10): 1, (2, 13): 1, (2, 16): 1, (2, 18): 1, (2, 20): 1, (3, 4): 1, (3, 7): 1, (3, 10): 1, (3, 12): 1, (3, 15): 1, (3, 18): 1, (4, 5): 7, (4, 7): 3, (4, 8): 1, (4, 10): 1, (4, 11): 1, (4, 12): 1, (4, 13): 1, (4, 14): 1, (4, 16): 1, (4, 17): 1, (4, 20): 1, (5, 6): 2, (5, 8): 1, (5, 9): 1, (5, 10): 4, (5, 15): 1, (5, 17): 1, (5, 20): 1, (6, 7): 1, (6, 8): 9, (6, 12): 1, (6, 14): 1, (6, 18): 1, (6, 19): 1, (6, 20): 1, (7, 12): 1, (7, 14): 1, (7, 16): 1, (7, 19): 1, (7, 20): 1, (8, 9): 1, (8, 10): 1, (8, 15): 1, (8, 18): 1, (8, 19): 1, (9, 13): 3, (9, 17): 1, (9, 18): 1, (9, 20): 1, (10, 13): 1, (10, 14): 1, (10, 15): 2, (10, 17): 1, (10, 18): 1, (10, 19): 1, (10, 20): 1, (11, 12): 1, (11, 15): 1, (11, 17): 1, (11, 19): 1, (11, 20): 1, (12, 13): 5, (12, 18): 1, (12, 19): 1, (12, 20): 1, (13, 19): 1, (13, 20): 1, (14, 17): 2, (14, 18): 1, (14, 20): 1, (15, 20): 1, (16, 17): 1, (16, 18): 1, (16, 20): 1, (17, 18): 1, (18, 19): 1, (19, 20): 1}",398.87428283691406,103.0,21.0,206.0
84.0,Graph with 21 nodes and 104 edges,"[[0, 1, 1, 1, 1, 0, 1, 1, 0, 0, 1, 0, 1, 1, 0, 0, 1, 0, 1, 1, 0], [1, 0, 0, 0, 0, 1, 1, 1, 1, 1, 0, 0, 1, 0, 1, 1, 0, 1, 0, 1, 1], [1, 0, 0, 1, 0, 1, 1, 0, 1, 0, 1, 1, 0, 0, 0, 1, 0, 1, 0, 1, 1], [1, 0, 1, 0, 1, 0, 0, 0, 0, 1, 1, 0, 0, 1, 0, 1, 0, 1, 0, 0, 0], [1, 0, 0, 1, 0, 1, 1, 0, 0, 1, 0, 0, 0, 1, 1, 0, 0, 1, 1, 1, 0], [0, 1, 1, 0, 1, 0, 0, 0, 0, 1, 0, 0, 0, 0, 1, 0, 1, 1, 1, 0, 1], [1, 1, 1, 0, 1, 0, 0, 1, 1, 1, 0, 1, 0, 1, 0, 1, 0, 0, 0, 0, 0], [1, 1, 0, 0, 0, 0, 1, 0, 0, 0, 1, 1, 1, 1, 0, 0, 0, 0, 1, 1, 0], [0, 1, 1, 0, 0, 0, 1, 0, 0, 1, 1, 0, 0, 1, 0, 1, 0, 1, 0, 0, 1], [0, 1, 0, 1, 1, 1, 1, 0, 1, 0, 1, 0, 1, 0, 0, 0, 0, 0, 0, 0, 0], [1, 0, 1, 1, 0, 0, 0, 1, 1, 1, 0, 1, 1, 1, 1, 0, 1, 1, 0, 1, 0], [0, 0, 1, 0, 0, 0, 1, 1, 0, 0, 1, 0, 0, 0, 1, 0, 0, 0, 1, 1, 1], [1, 1, 0, 0, 0, 0, 0, 1, 0, 1, 1, 0, 0, 1, 1, 0, 0, 1, 1, 1, 0], [1, 0, 0, 1, 1, 0, 1, 1, 1, 0, 1, 0, 1, 0, 0, 0, 1, 1, 1, 0, 0], [0, 1, 0, 0, 1, 1, 0, 0, 0, 0, 1, 1, 1, 0, 0, 1, 1, 0, 1, 1, 0], [0, 1, 1, 1, 0, 0, 1, 0, 1, 0, 0, 0, 0, 0, 1, 0, 1, 0, 1, 0, 0], [1, 0, 0, 0, 0, 1, 0, 0, 0, 0, 1, 0, 0, 1, 1, 1, 0, 1, 1, 0, 1], [0, 1, 1, 1, 1, 1, 0, 0, 1, 0, 1, 0, 1, 1, 0, 0, 1, 0, 1, 0, 1], [1, 0, 0, 0, 1, 1, 0, 1, 0, 0, 0, 1, 1, 1, 1, 1, 1, 1, 0, 1, 0], [1, 1, 1, 0, 1, 0, 0, 1, 0, 0, 1, 1, 1, 0, 1, 0, 0, 0, 1, 0, 0], [0, 1, 1, 0, 0, 1, 0, 0, 1, 0, 0, 1, 0, 0, 0, 0, 1, 1, 0, 0, 0]]",18.0,5.0,Y,"{0: 23, 1: 28, 2: 33, 3: 38, 4: 43, 5: 48, 6: 53, 7: 58, 8: 63, 9: 68, 10: 73, 11: 78, 12: 83, 13: 88, 14: 93, 15: 98, 16: 103, 17: 108, 18: 113, 19: 118, 20: 18}",Y,"{0: 23, 1: 28, 2: 33, 3: 38, 4: 43, 5: 48, 6: 53, 7: 58, 8: 63, 9: 68, 10: 73, 11: 78, 12: 83, 13: 88, 14: 93, 15: 98, 16: 103, 17: 108, 18: 113, 19: 118, 20: 18}","{(0, 1): 1, (0, 2): 1, (0, 3): 1, (0, 4): 1, (0, 6): 1, (0, 7): 1, (0, 10): 1, (0, 12): 1, (0, 13): 1, (0, 16): 1, (0, 18): 1, (0, 19): 12, (1, 5): 1, (1, 6): 1, (1, 7): 1, (1, 8): 5, (1, 9): 6, (1, 12): 1, (1, 14): 1, (1, 15): 1, (1, 17): 8, (1, 19): 1, (1, 20): 1, (2, 3): 1, (2, 5): 1, (2, 6): 23, (2, 8): 1, (2, 10): 1, (2, 11): 1, (2, 15): 1, (2, 17): 1, (2, 19): 1, (2, 20): 1, (3, 4): 1, (3, 9): 4, (3, 10): 1, (3, 13): 1, (3, 15): 28, (3, 17): 1, (4, 5): 1, (4, 6): 1, (4, 9): 23, (4, 13): 1, (4, 14): 12, (4, 17): 1, (4, 18): 1, (4, 19): 1, (5, 9): 24, (5, 14): 1, (5, 16): 16, (5, 17): 2, (5, 18): 1, (5, 20): 1, (6, 7): 1, (6, 8): 1, (6, 9): 1, (6, 11): 1, (6, 13): 1, (6, 15): 22, (7, 10): 1, (7, 11): 7, (7, 12): 3, (7, 13): 1, (7, 18): 1, (7, 19): 42, (8, 9): 8, (8, 10): 3, (8, 13): 35, (8, 15): 1, (8, 17): 8, (8, 20): 1, (9, 10): 1, (9, 12): 1, (10, 11): 1, (10, 12): 1, (10, 13): 1, (10, 14): 57, (10, 16): 1, (10, 17): 1, (10, 19): 3, (11, 14): 16, (11, 18): 3, (11, 19): 48, (11, 20): 1, (12, 13): 13, (12, 14): 1, (12, 17): 25, (12, 18): 35, (12, 19): 2, (13, 16): 32, (13, 17): 1, (13, 18): 1, (14, 15): 1, (14, 16): 2, (14, 18): 1, (14, 19): 1, (15, 16): 14, (15, 18): 30, (16, 17): 26, (16, 18): 1, (16, 20): 10, (17, 18): 31, (17, 20): 3, (18, 19): 7}",65.08827209472656,104.0,21.0,208.0
84.0,Graph with 21 nodes and 104 edges,"[[0, 1, 1, 1, 1, 0, 1, 1, 0, 0, 1, 0, 1, 1, 0, 0, 1, 0, 1, 1, 0], [1, 0, 0, 0, 0, 1, 1, 1, 1, 1, 0, 0, 1, 0, 1, 1, 0, 1, 0, 1, 1], [1, 0, 0, 1, 0, 1, 1, 0, 1, 0, 1, 1, 0, 0, 0, 1, 0, 1, 0, 1, 1], [1, 0, 1, 0, 1, 0, 0, 0, 0, 1, 1, 0, 0, 1, 0, 1, 0, 1, 0, 0, 0], [1, 0, 0, 1, 0, 1, 1, 0, 0, 1, 0, 0, 0, 1, 1, 0, 0, 1, 1, 1, 0], [0, 1, 1, 0, 1, 0, 0, 0, 0, 1, 0, 0, 0, 0, 1, 0, 1, 1, 1, 0, 1], [1, 1, 1, 0, 1, 0, 0, 1, 1, 1, 0, 1, 0, 1, 0, 1, 0, 0, 0, 0, 0], [1, 1, 0, 0, 0, 0, 1, 0, 0, 0, 1, 1, 1, 1, 0, 0, 0, 0, 1, 1, 0], [0, 1, 1, 0, 0, 0, 1, 0, 0, 1, 1, 0, 0, 1, 0, 1, 0, 1, 0, 0, 1], [0, 1, 0, 1, 1, 1, 1, 0, 1, 0, 1, 0, 1, 0, 0, 0, 0, 0, 0, 0, 0], [1, 0, 1, 1, 0, 0, 0, 1, 1, 1, 0, 1, 1, 1, 1, 0, 1, 1, 0, 1, 0], [0, 0, 1, 0, 0, 0, 1, 1, 0, 0, 1, 0, 0, 0, 1, 0, 0, 0, 1, 1, 1], [1, 1, 0, 0, 0, 0, 0, 1, 0, 1, 1, 0, 0, 1, 1, 0, 0, 1, 1, 1, 0], [1, 0, 0, 1, 1, 0, 1, 1, 1, 0, 1, 0, 1, 0, 0, 0, 1, 1, 1, 0, 0], [0, 1, 0, 0, 1, 1, 0, 0, 0, 0, 1, 1, 1, 0, 0, 1, 1, 0, 1, 1, 0], [0, 1, 1, 1, 0, 0, 1, 0, 1, 0, 0, 0, 0, 0, 1, 0, 1, 0, 1, 0, 0], [1, 0, 0, 0, 0, 1, 0, 0, 0, 0, 1, 0, 0, 1, 1, 1, 0, 1, 1, 0, 1], [0, 1, 1, 1, 1, 1, 0, 0, 1, 0, 1, 0, 1, 1, 0, 0, 1, 0, 1, 0, 1], [1, 0, 0, 0, 1, 1, 0, 1, 0, 0, 0, 1, 1, 1, 1, 1, 1, 1, 0, 1, 0], [1, 1, 1, 0, 1, 0, 0, 1, 0, 0, 1, 1, 1, 0, 1, 0, 0, 0, 1, 0, 0], [0, 1, 1, 0, 0, 1, 0, 0, 1, 0, 0, 1, 0, 0, 0, 0, 1, 1, 0, 0, 0]]",18.0,8.0,Y,"{0: 26, 1: 34, 2: 42, 3: 50, 4: 58, 5: 66, 6: 74, 7: 82, 8: 90, 9: 98, 10: 106, 11: 114, 12: 122, 13: 130, 14: 138, 15: 146, 16: 154, 17: 162, 18: 170, 19: 178, 20: 18}",Y,"{0: 26, 1: 34, 2: 42, 3: 50, 4: 58, 5: 66, 6: 74, 7: 82, 8: 90, 9: 98, 10: 106, 11: 114, 12: 122, 13: 130, 14: 138, 15: 146, 16: 154, 17: 162, 18: 170, 19: 178, 20: 18}","{(0, 1): 1, (0, 2): 1, (0, 3): 1, (0, 4): 1, (0, 6): 1, (0, 7): 1, (0, 10): 1, (0, 12): 1, (0, 13): 1, (0, 16): 1, (0, 18): 15, (0, 19): 1, (1, 5): 1, (1, 6): 1, (1, 7): 1, (1, 8): 1, (1, 9): 1, (1, 12): 1, (1, 14): 23, (1, 15): 1, (1, 17): 1, (1, 19): 1, (1, 20): 1, (2, 3): 1, (2, 5): 1, (2, 6): 1, (2, 8): 1, (2, 10): 1, (2, 11): 1, (2, 15): 1, (2, 17): 1, (2, 19): 32, (2, 20): 1, (3, 4): 1, (3, 9): 43, (3, 10): 1, (3, 13): 1, (3, 15): 1, (3, 17): 1, (4, 5): 1, (4, 6): 1, (4, 9): 1, (4, 13): 49, (4, 14): 1, (4, 17): 1, (4, 18): 1, (4, 19): 1, (5, 9): 42, (5, 14): 2, (5, 16): 16, (5, 17): 1, (5, 18): 1, (5, 20): 1, (6, 7): 58, (6, 8): 1, (6, 9): 8, (6, 11): 1, (6, 13): 1, (6, 15): 1, (7, 10): 1, (7, 11): 1, (7, 12): 17, (7, 13): 1, (7, 18): 1, (7, 19): 1, (8, 9): 1, (8, 10): 1, (8, 13): 1, (8, 15): 82, (8, 17): 1, (8, 20): 1, (9, 10): 1, (9, 12): 1, (10, 11): 1, (10, 12): 1, (10, 13): 1, (10, 14): 1, (10, 16): 63, (10, 17): 1, (10, 19): 32, (11, 14): 1, (11, 18): 1, (11, 19): 107, (11, 20): 1, (12, 13): 1, (12, 14): 1, (12, 17): 1, (12, 18): 97, (12, 19): 1, (13, 16): 1, (13, 17): 72, (13, 18): 1, (14, 15): 58, (14, 16): 1, (14, 18): 49, (14, 19): 1, (15, 16): 1, (15, 18): 1, (16, 17): 69, (16, 18): 1, (16, 20): 1, (17, 18): 1, (17, 20): 12, (18, 19): 1}",1273.8704681396484,104.0,21.0,208.0
84.0,Graph with 21 nodes and 104 edges,"[[0, 1, 1, 1, 1, 0, 1, 1, 0, 0, 1, 0, 1, 1, 0, 0, 1, 0, 1, 1, 0], [1, 0, 0, 0, 0, 1, 1, 1, 1, 1, 0, 0, 1, 0, 1, 1, 0, 1, 0, 1, 1], [1, 0, 0, 1, 0, 1, 1, 0, 1, 0, 1, 1, 0, 0, 0, 1, 0, 1, 0, 1, 1], [1, 0, 1, 0, 1, 0, 0, 0, 0, 1, 1, 0, 0, 1, 0, 1, 0, 1, 0, 0, 0], [1, 0, 0, 1, 0, 1, 1, 0, 0, 1, 0, 0, 0, 1, 1, 0, 0, 1, 1, 1, 0], [0, 1, 1, 0, 1, 0, 0, 0, 0, 1, 0, 0, 0, 0, 1, 0, 1, 1, 1, 0, 1], [1, 1, 1, 0, 1, 0, 0, 1, 1, 1, 0, 1, 0, 1, 0, 1, 0, 0, 0, 0, 0], [1, 1, 0, 0, 0, 0, 1, 0, 0, 0, 1, 1, 1, 1, 0, 0, 0, 0, 1, 1, 0], [0, 1, 1, 0, 0, 0, 1, 0, 0, 1, 1, 0, 0, 1, 0, 1, 0, 1, 0, 0, 1], [0, 1, 0, 1, 1, 1, 1, 0, 1, 0, 1, 0, 1, 0, 0, 0, 0, 0, 0, 0, 0], [1, 0, 1, 1, 0, 0, 0, 1, 1, 1, 0, 1, 1, 1, 1, 0, 1, 1, 0, 1, 0], [0, 0, 1, 0, 0, 0, 1, 1, 0, 0, 1, 0, 0, 0, 1, 0, 0, 0, 1, 1, 1], [1, 1, 0, 0, 0, 0, 0, 1, 0, 1, 1, 0, 0, 1, 1, 0, 0, 1, 1, 1, 0], [1, 0, 0, 1, 1, 0, 1, 1, 1, 0, 1, 0, 1, 0, 0, 0, 1, 1, 1, 0, 0], [0, 1, 0, 0, 1, 1, 0, 0, 0, 0, 1, 1, 1, 0, 0, 1, 1, 0, 1, 1, 0], [0, 1, 1, 1, 0, 0, 1, 0, 1, 0, 0, 0, 0, 0, 1, 0, 1, 0, 1, 0, 0], [1, 0, 0, 0, 0, 1, 0, 0, 0, 0, 1, 0, 0, 1, 1, 1, 0, 1, 1, 0, 1], [0, 1, 1, 1, 1, 1, 0, 0, 1, 0, 1, 0, 1, 1, 0, 0, 1, 0, 1, 0, 1], [1, 0, 0, 0, 1, 1, 0, 1, 0, 0, 0, 1, 1, 1, 1, 1, 1, 1, 0, 1, 0], [1, 1, 1, 0, 1, 0, 0, 1, 0, 0, 1, 1, 1, 0, 1, 0, 0, 0, 1, 0, 0], [0, 1, 1, 0, 0, 1, 0, 0, 1, 0, 0, 1, 0, 0, 0, 0, 1, 1, 0, 0, 0]]",28.0,7.0,Y,"{0: 147, 1: 63, 2: 35, 3: 77, 4: 49, 5: 105, 6: 112, 7: 161, 8: 119, 9: 140, 10: 91, 11: 126, 12: 70, 13: 28, 14: 84, 15: 154, 16: 56, 17: 168, 18: 98, 19: 42, 20: 133}",Y,"{0: 147, 1: 63, 2: 35, 3: 77, 4: 49, 5: 105, 6: 112, 7: 161, 8: 119, 9: 140, 10: 91, 11: 126, 12: 70, 13: 28, 14: 84, 15: 154, 16: 56, 17: 168, 18: 98, 19: 42, 20: 133}","{(0, 1): 1, (0, 2): 17, (0, 3): 1, (0, 4): 38, (0, 6): 54, (0, 7): 5, (0, 10): 1, (0, 12): 1, (0, 13): 1, (0, 16): 22, (0, 18): 1, (0, 19): 5, (1, 5): 1, (1, 6): 1, (1, 7): 5, (1, 8): 23, (1, 9): 1, (1, 12): 1, (1, 14): 1, (1, 15): 1, (1, 17): 26, (1, 19): 1, (1, 20): 1, (2, 3): 1, (2, 5): 1, (2, 6): 1, (2, 8): 1, (2, 10): 1, (2, 11): 1, (2, 15): 1, (2, 17): 1, (2, 19): 1, (2, 20): 9, (3, 4): 1, (3, 9): 1, (3, 10): 1, (3, 13): 1, (3, 15): 64, (3, 17): 7, (4, 5): 1, (4, 6): 1, (4, 9): 1, (4, 13): 1, (4, 14): 1, (4, 17): 3, (4, 18): 1, (4, 19): 1, (5, 9): 5, (5, 14): 1, (5, 16): 1, (5, 17): 5, (5, 18): 1, (5, 20): 89, (6, 7): 1, (6, 8): 1, (6, 9): 50, (6, 11): 1, (6, 13): 1, (6, 15): 1, (7, 10): 5, (7, 11): 63, (7, 12): 1, (7, 13): 1, (7, 18): 79, (7, 19): 1, (8, 9): 26, (8, 10): 1, (8, 13): 1, (8, 15): 60, (8, 17): 5, (8, 20): 1, (9, 10): 47, (9, 12): 9, (10, 11): 1, (10, 12): 1, (10, 13): 5, (10, 14): 1, (10, 16): 1, (10, 17): 25, (10, 19): 1, (11, 14): 47, (11, 18): 1, (11, 19): 7, (11, 20): 5, (12, 13): 1, (12, 14): 1, (12, 17): 53, (12, 18): 1, (12, 19): 1, (13, 16): 1, (13, 17): 10, (13, 18): 5, (14, 15): 7, (14, 16): 5, (14, 18): 1, (14, 19): 19, (15, 16): 19, (15, 18): 1, (16, 17): 5, (16, 18): 1, (16, 20): 1, (17, 18): 1, (17, 20): 27, (18, 19): 5}",73.90975952148438,104.0,21.0,208.0
85.0,Graph with 21 nodes and 105 edges,"[[0, 0, 0, 0, 0, 0, 0, 0, 0, 0, 1, 1, 1, 0, 0, 0, 0, 1, 0, 0, 1], [0, 0, 1, 1, 1, 0, 1, 0, 1, 1, 1, 0, 1, 1, 1, 0, 0, 0, 1, 0, 0], [0, 1, 0, 1, 1, 1, 1, 0, 0, 0, 0, 0, 1, 0, 1, 1, 0, 0, 0, 1, 1], [0, 1, 1, 0, 1, 0, 1, 0, 1, 0, 0, 1, 1, 1, 1, 1, 0, 1, 1, 1, 1], [0, 1, 1, 1, 0, 1, 1, 1, 1, 1, 0, 0, 0, 0, 0, 0, 0, 1, 0, 0, 0], [0, 0, 1, 0, 1, 0, 1, 1, 0, 0, 1, 1, 1, 0, 0, 0, 1, 1, 1, 1, 1], [0, 1, 1, 1, 1, 1, 0, 1, 1, 1, 1, 0, 1, 1, 0, 0, 1, 0, 0, 0, 1], [0, 0, 0, 0, 1, 1, 1, 0, 1, 0, 0, 0, 0, 0, 0, 0, 1, 1, 1, 1, 0], [0, 1, 0, 1, 1, 0, 1, 1, 0, 0, 1, 0, 0, 1, 0, 0, 0, 0, 1, 1, 0], [0, 1, 0, 0, 1, 0, 1, 0, 0, 0, 1, 0, 1, 1, 0, 0, 1, 0, 0, 1, 0], [1, 1, 0, 0, 0, 1, 1, 0, 1, 1, 0, 1, 0, 0, 0, 1, 0, 1, 1, 0, 1], [1, 0, 0, 1, 0, 1, 0, 0, 0, 0, 1, 0, 1, 1, 0, 1, 1, 1, 1, 1, 1], [1, 1, 1, 1, 0, 1, 1, 0, 0, 1, 0, 1, 0, 1, 0, 0, 1, 0, 1, 0, 0], [0, 1, 0, 1, 0, 0, 1, 0, 1, 1, 0, 1, 1, 0, 0, 0, 0, 0, 1, 1, 1], [0, 1, 1, 1, 0, 0, 0, 0, 0, 0, 0, 0, 0, 0, 0, 1, 1, 0, 1, 0, 1], [0, 0, 1, 1, 0, 0, 0, 0, 0, 0, 1, 1, 0, 0, 1, 0, 0, 0, 1, 1, 0], [0, 0, 0, 0, 0, 1, 1, 1, 0, 1, 0, 1, 1, 0, 1, 0, 0, 1, 0, 0, 1], [1, 0, 0, 1, 1, 1, 0, 1, 0, 0, 1, 1, 0, 0, 0, 0, 1, 0, 0, 1, 0], [0, 1, 0, 1, 0, 1, 0, 1, 1, 0, 1, 1, 1, 1, 1, 1, 0, 0, 0, 1, 0], [0, 0, 1, 1, 0, 1, 0, 1, 1, 1, 0, 1, 0, 1, 0, 1, 0, 1, 1, 0, 1], [1, 0, 1, 1, 0, 1, 1, 0, 0, 0, 1, 1, 0, 1, 1, 0, 1, 0, 0, 1, 0]]",12.0,2.0,Y,"{0: 12, 1: 52, 2: 50, 3: 14, 4: 48, 5: 46, 6: 44, 7: 42, 8: 40, 9: 38, 10: 36, 11: 34, 12: 32, 13: 30, 14: 28, 15: 26, 16: 24, 17: 22, 18: 20, 19: 18, 20: 16}",Y,"{0: 12, 1: 52, 2: 50, 3: 14, 4: 48, 5: 46, 6: 44, 7: 42, 8: 40, 9: 38, 10: 36, 11: 34, 12: 32, 13: 30, 14: 28, 15: 26, 16: 24, 17: 22, 18: 20, 19: 18, 20: 16}","{(0, 10): 1, (0, 11): 8, (0, 12): 1, (0, 17): 1, (0, 20): 1, (1, 2): 1, (1, 3): 1, (1, 4): 15, (1, 6): 1, (1, 8): 1, (1, 9): 1, (1, 10): 1, (1, 12): 22, (1, 13): 1, (1, 14): 7, (1, 18): 1, (2, 3): 1, (2, 4): 1, (2, 5): 19, (2, 6): 6, (2, 12): 1, (2, 14): 1, (2, 15): 13, (2, 19): 1, (2, 20): 6, (3, 4): 1, (3, 6): 1, (3, 8): 1, (3, 11): 1, (3, 12): 1, (3, 13): 1, (3, 14): 1, (3, 15): 1, (3, 17): 1, (3, 18): 1, (3, 19): 1, (3, 20): 1, (4, 5): 1, (4, 6): 1, (4, 7): 8, (4, 8): 1, (4, 9): 6, (4, 17): 14, (5, 6): 17, (5, 7): 1, (5, 10): 1, (5, 11): 1, (5, 12): 1, (5, 16): 1, (5, 17): 1, (5, 18): 1, (5, 19): 1, (5, 20): 1, (6, 7): 11, (6, 8): 1, (6, 9): 1, (6, 10): 1, (6, 12): 1, (6, 13): 1, (6, 16): 1, (6, 20): 1, (7, 8): 12, (7, 16): 1, (7, 17): 1, (7, 18): 1, (7, 19): 7, (8, 10): 1, (8, 13): 21, (8, 18): 1, (8, 19): 1, (9, 10): 26, (9, 12): 1, (9, 13): 1, (9, 16): 1, (9, 19): 1, (10, 11): 1, (10, 15): 1, (10, 17): 1, (10, 18): 1, (10, 20): 1, (11, 12): 1, (11, 13): 1, (11, 15): 8, (11, 16): 1, (11, 17): 1, (11, 18): 9, (11, 19): 1, (11, 20): 1, (12, 13): 1, (12, 16): 1, (12, 18): 1, (13, 18): 1, (13, 19): 1, (13, 20): 1, (14, 15): 1, (14, 16): 16, (14, 18): 1, (14, 20): 1, (15, 18): 1, (15, 19): 1, (16, 17): 1, (16, 20): 1, (17, 19): 1, (18, 19): 1, (19, 20): 1}",977.9930114746094,105.0,21.0,210.0
86.0,Graph with 21 nodes and 115 edges,"[[0, 0, 0, 1, 1, 0, 1, 1, 0, 0, 0, 0, 1, 0, 1, 1, 0, 1, 1, 0, 1], [0, 0, 0, 1, 0, 0, 1, 1, 0, 0, 0, 1, 0, 1, 0, 0, 1, 1, 0, 0, 0], [0, 0, 0, 0, 0, 0, 1, 1, 0, 1, 0, 1, 0, 0, 1, 1, 1, 1, 1, 1, 1], [1, 1, 0, 0, 0, 1, 1, 1, 1, 0, 0, 0, 1, 0, 1, 0, 1, 1, 1, 1, 0], [1, 0, 0, 0, 0, 1, 0, 0, 1, 1, 1, 0, 0, 1, 0, 1, 0, 1, 1, 1, 0], [0, 0, 0, 1, 1, 0, 1, 1, 0, 1, 0, 1, 0, 1, 1, 1, 1, 0, 1, 1, 1], [1, 1, 1, 1, 0, 1, 0, 0, 0, 1, 1, 0, 1, 1, 0, 0, 1, 0, 1, 1, 0], [1, 1, 1, 1, 0, 1, 0, 0, 1, 0, 1, 1, 1, 1, 1, 0, 0, 0, 1, 0, 0], [0, 0, 0, 1, 1, 0, 0, 1, 0, 1, 1, 1, 0, 1, 0, 1, 1, 1, 1, 0, 1], [0, 0, 1, 0, 1, 1, 1, 0, 1, 0, 0, 0, 0, 0, 1, 0, 1, 0, 1, 0, 0], [0, 0, 0, 0, 1, 0, 1, 1, 1, 0, 0, 1, 1, 1, 1, 0, 0, 0, 1, 1, 0], [0, 1, 1, 0, 0, 1, 0, 1, 1, 0, 1, 0, 1, 0, 0, 1, 0, 0, 1, 1, 1], [1, 0, 0, 1, 0, 0, 1, 1, 0, 0, 1, 1, 0, 1, 1, 1, 0, 0, 1, 1, 1], [0, 1, 0, 0, 1, 1, 1, 1, 1, 0, 1, 0, 1, 0, 1, 0, 1, 1, 1, 0, 0], [1, 0, 1, 1, 0, 1, 0, 1, 0, 1, 1, 0, 1, 1, 0, 1, 1, 0, 0, 1, 0], [1, 0, 1, 0, 1, 1, 0, 0, 1, 0, 0, 1, 1, 0, 1, 0, 1, 0, 0, 1, 1], [0, 1, 1, 1, 0, 1, 1, 0, 1, 1, 0, 0, 0, 1, 1, 1, 0, 0, 1, 0, 0], [1, 1, 1, 1, 1, 0, 0, 0, 1, 0, 0, 0, 0, 1, 0, 0, 0, 0, 1, 0, 0], [1, 0, 1, 1, 1, 1, 1, 1, 1, 1, 1, 1, 1, 1, 0, 0, 1, 1, 0, 0, 1], [0, 0, 1, 1, 1, 1, 1, 0, 0, 0, 1, 1, 1, 0, 1, 1, 0, 0, 0, 0, 1], [1, 0, 1, 0, 0, 1, 0, 0, 1, 0, 0, 1, 1, 0, 0, 1, 0, 0, 1, 1, 0]]",16.0,7.0,Y,"{0: 23, 1: 30, 2: 37, 3: 44, 4: 51, 5: 58, 6: 65, 7: 72, 8: 79, 9: 86, 10: 93, 11: 100, 12: 107, 13: 114, 14: 121, 15: 128, 16: 135, 17: 142, 18: 149, 19: 156, 20: 16}",Y,"{0: 23, 1: 30, 2: 37, 3: 44, 4: 51, 5: 58, 6: 65, 7: 72, 8: 79, 9: 86, 10: 93, 11: 100, 12: 107, 13: 114, 14: 121, 15: 128, 16: 135, 17: 142, 18: 149, 19: 156, 20: 16}","{(0, 3): 1, (0, 4): 1, (0, 6): 1, (0, 7): 1, (0, 12): 1, (0, 14): 1, (0, 15): 1, (0, 17): 14, (0, 18): 1, (0, 20): 1, (1, 3): 1, (1, 6): 1, (1, 7): 24, (1, 11): 1, (1, 13): 1, (1, 16): 1, (1, 17): 1, (2, 6): 1, (2, 7): 1, (2, 9): 1, (2, 11): 1, (2, 14): 1, (2, 15): 1, (2, 16): 1, (2, 17): 1, (2, 18): 1, (2, 19): 27, (2, 20): 1, (3, 5): 1, (3, 6): 1, (3, 7): 1, (3, 8): 1, (3, 12): 1, (3, 14): 1, (3, 16): 1, (3, 17): 1, (3, 18): 1, (3, 19): 33, (4, 5): 1, (4, 8): 1, (4, 9): 9, (4, 10): 1, (4, 13): 1, (4, 15): 1, (4, 17): 1, (4, 18): 13, (4, 19): 22, (5, 6): 1, (5, 7): 8, (5, 9): 1, (5, 11): 1, (5, 13): 8, (5, 14): 1, (5, 15): 1, (5, 16): 1, (5, 18): 1, (5, 19): 32, (5, 20): 1, (6, 9): 1, (6, 10): 54, (6, 12): 1, (6, 13): 1, (6, 16): 1, (6, 18): 1, (6, 19): 1, (7, 8): 1, (7, 10): 31, (7, 11): 1, (7, 12): 1, (7, 13): 1, (7, 14): 1, (7, 18): 1, (8, 9): 62, (8, 10): 1, (8, 11): 1, (8, 13): 1, (8, 15): 1, (8, 16): 7, (8, 17): 1, (8, 18): 1, (8, 20): 1, (9, 14): 1, (9, 16): 10, (9, 18): 1, (10, 11): 1, (10, 12): 1, (10, 13): 1, (10, 14): 1, (10, 18): 1, (10, 19): 1, (11, 12): 1, (11, 15): 90, (11, 18): 1, (11, 19): 1, (11, 20): 1, (12, 13): 96, (12, 14): 1, (12, 15): 1, (12, 18): 1, (12, 19): 1, (12, 20): 1, (13, 14): 1, (13, 16): 1, (13, 17): 1, (13, 18): 1, (14, 15): 1, (14, 16): 110, (14, 19): 1, (15, 16): 1, (15, 19): 29, (15, 20): 1, (16, 18): 1, (17, 18): 122, (18, 20): 1, (19, 20): 8}",1109.8384857177734,115.0,21.0,230.0
87.0,Graph with 21 nodes and 103 edges,"[[0, 0, 1, 0, 1, 0, 1, 1, 1, 0, 1, 1, 0, 1, 0, 1, 0, 0, 1, 1, 1], [0, 0, 0, 0, 1, 1, 0, 0, 1, 0, 0, 0, 1, 1, 1, 1, 0, 1, 0, 1, 0], [1, 0, 0, 0, 1, 1, 0, 1, 0, 0, 1, 1, 1, 1, 1, 1, 0, 1, 0, 0, 1], [0, 0, 0, 0, 0, 0, 1, 1, 1, 1, 0, 0, 1, 0, 0, 0, 0, 1, 0, 0, 1], [1, 1, 1, 0, 0, 1, 1, 0, 0, 1, 1, 0, 0, 1, 1, 0, 1, 0, 1, 0, 0], [0, 1, 1, 0, 1, 0, 1, 1, 0, 1, 0, 0, 1, 1, 1, 1, 0, 1, 0, 0, 1], [1, 0, 0, 1, 1, 1, 0, 1, 1, 0, 1, 1, 0, 1, 0, 0, 0, 1, 0, 1, 1], [1, 0, 1, 1, 0, 1, 1, 0, 1, 1, 1, 1, 0, 0, 1, 0, 1, 0, 0, 1, 1], [1, 1, 0, 1, 0, 0, 1, 1, 0, 1, 1, 0, 0, 1, 1, 1, 0, 1, 1, 0, 0], [0, 0, 0, 1, 1, 1, 0, 1, 1, 0, 0, 0, 0, 1, 0, 0, 0, 1, 0, 0, 0], [1, 0, 1, 0, 1, 0, 1, 1, 1, 0, 0, 1, 0, 1, 0, 0, 0, 1, 1, 1, 0], [1, 0, 1, 0, 0, 0, 1, 1, 0, 0, 1, 0, 1, 0, 0, 1, 0, 1, 0, 1, 0], [0, 1, 1, 1, 0, 1, 0, 0, 0, 0, 0, 1, 0, 0, 0, 1, 0, 0, 0, 0, 1], [1, 1, 1, 0, 1, 1, 1, 0, 1, 1, 1, 0, 0, 0, 1, 0, 0, 0, 1, 0, 1], [0, 1, 1, 0, 1, 1, 0, 1, 1, 0, 0, 0, 0, 1, 0, 1, 1, 1, 0, 0, 0], [1, 1, 1, 0, 0, 1, 0, 0, 1, 0, 0, 1, 1, 0, 1, 0, 0, 0, 0, 0, 1], [0, 0, 0, 0, 1, 0, 0, 1, 0, 0, 0, 0, 0, 0, 1, 0, 0, 0, 1, 0, 1], [0, 1, 1, 1, 0, 1, 1, 0, 1, 1, 1, 1, 0, 0, 1, 0, 0, 0, 0, 1, 0], [1, 0, 0, 0, 1, 0, 0, 0, 1, 0, 1, 0, 0, 1, 0, 0, 1, 0, 0, 1, 0], [1, 1, 0, 0, 0, 0, 1, 1, 0, 0, 1, 1, 0, 0, 0, 0, 0, 1, 1, 0, 0], [1, 0, 1, 1, 0, 1, 1, 1, 0, 0, 0, 0, 1, 1, 0, 1, 1, 0, 0, 0, 0]]",18.0,2.0,Y,"{0: 20, 1: 22, 2: 24, 3: 26, 4: 28, 5: 30, 6: 32, 7: 34, 8: 36, 9: 38, 10: 40, 11: 42, 12: 44, 13: 46, 14: 48, 15: 50, 16: 52, 17: 54, 18: 56, 19: 58, 20: 18}",Y,"{0: 20, 1: 22, 2: 24, 3: 26, 4: 28, 5: 30, 6: 32, 7: 34, 8: 36, 9: 38, 10: 40, 11: 42, 12: 44, 13: 46, 14: 48, 15: 50, 16: 52, 17: 54, 18: 56, 19: 58, 20: 18}","{(0, 2): 1, (0, 4): 1, (0, 6): 1, (0, 7): 1, (0, 8): 1, (0, 10): 1, (0, 11): 1, (0, 13): 1, (0, 15): 1, (0, 18): 1, (0, 19): 9, (0, 20): 1, (1, 4): 1, (1, 5): 1, (1, 8): 4, (1, 12): 11, (1, 13): 1, (1, 14): 1, (1, 15): 1, (1, 17): 1, (1, 19): 1, (2, 4): 1, (2, 5): 1, (2, 7): 1, (2, 10): 1, (2, 11): 3, (2, 12): 1, (2, 13): 1, (2, 14): 1, (2, 15): 11, (2, 17): 1, (2, 20): 1, (3, 6): 9, (3, 7): 2, (3, 8): 1, (3, 9): 1, (3, 12): 1, (3, 17): 11, (3, 20): 1, (4, 5): 1, (4, 6): 1, (4, 9): 11, (4, 10): 1, (4, 13): 1, (4, 14): 1, (4, 16): 8, (4, 18): 1, (5, 6): 1, (5, 7): 11, (5, 9): 1, (5, 12): 1, (5, 13): 1, (5, 14): 1, (5, 15): 1, (5, 17): 1, (5, 20): 9, (6, 7): 1, (6, 8): 6, (6, 10): 1, (6, 11): 1, (6, 13): 6, (6, 17): 1, (6, 19): 3, (6, 20): 1, (7, 8): 1, (7, 9): 1, (7, 10): 1, (7, 11): 11, (7, 14): 1, (7, 16): 1, (7, 19): 1, (7, 20): 1, (8, 9): 16, (8, 10): 1, (8, 13): 1, (8, 14): 1, (8, 15): 1, (8, 17): 1, (8, 18): 2, (9, 13): 1, (9, 17): 7, (10, 11): 1, (10, 13): 10, (10, 17): 1, (10, 18): 11, (10, 19): 11, (11, 12): 1, (11, 15): 5, (11, 17): 16, (11, 19): 3, (12, 15): 28, (12, 20): 1, (13, 14): 21, (13, 18): 1, (13, 20): 1, (14, 15): 1, (14, 16): 19, (14, 17): 1, (15, 20): 1, (16, 18): 23, (16, 20): 1, (17, 19): 13, (18, 19): 17}",57.93571472167969,103.0,21.0,206.0
88.0,Graph with 21 nodes and 99 edges,"[[0, 1, 1, 0, 1, 1, 0, 1, 1, 1, 1, 0, 0, 0, 0, 0, 0, 1, 0, 1, 0], [1, 0, 1, 1, 1, 1, 0, 0, 1, 0, 0, 0, 0, 0, 0, 0, 0, 0, 1, 1, 1], [1, 1, 0, 0, 0, 0, 1, 0, 0, 0, 1, 0, 1, 0, 0, 0, 0, 1, 0, 1, 1], [0, 1, 0, 0, 1, 1, 0, 0, 0, 0, 1, 1, 1, 1, 0, 1, 1, 1, 1, 1, 0], [1, 1, 0, 1, 0, 0, 1, 0, 1, 0, 1, 1, 1, 1, 0, 1, 0, 0, 0, 0, 0], [1, 1, 0, 1, 0, 0, 0, 1, 0, 1, 0, 0, 0, 0, 1, 0, 0, 1, 1, 0, 1], [0, 0, 1, 0, 1, 0, 0, 1, 1, 1, 1, 0, 1, 1, 1, 1, 0, 0, 1, 0, 0], [1, 0, 0, 0, 0, 1, 1, 0, 0, 0, 0, 0, 1, 0, 1, 1, 0, 0, 1, 1, 0], [1, 1, 0, 0, 1, 0, 1, 0, 0, 0, 1, 0, 1, 1, 0, 0, 0, 0, 1, 1, 1], [1, 0, 0, 0, 0, 1, 1, 0, 0, 0, 0, 0, 1, 1, 1, 0, 0, 0, 1, 0, 1], [1, 0, 1, 1, 1, 0, 1, 0, 1, 0, 0, 0, 1, 0, 0, 1, 1, 1, 1, 0, 0], [0, 0, 0, 1, 1, 0, 0, 0, 0, 0, 0, 0, 0, 0, 0, 1, 0, 1, 1, 0, 0], [0, 0, 1, 1, 1, 0, 1, 1, 1, 1, 1, 0, 0, 1, 1, 0, 1, 0, 1, 0, 0], [0, 0, 0, 1, 1, 0, 1, 0, 1, 1, 0, 0, 1, 0, 1, 1, 0, 0, 0, 0, 0], [0, 0, 0, 0, 0, 1, 1, 1, 0, 1, 0, 0, 1, 1, 0, 0, 0, 1, 0, 0, 1], [0, 0, 0, 1, 1, 0, 1, 1, 0, 0, 1, 1, 0, 1, 0, 0, 1, 1, 1, 1, 1], [0, 0, 0, 1, 0, 0, 0, 0, 0, 0, 1, 0, 1, 0, 0, 1, 0, 1, 1, 1, 1], [1, 0, 1, 1, 0, 1, 0, 0, 0, 0, 1, 1, 0, 0, 1, 1, 1, 0, 0, 0, 1], [0, 1, 0, 1, 0, 1, 1, 1, 1, 1, 1, 1, 1, 0, 0, 1, 1, 0, 0, 0, 0], [1, 1, 1, 1, 0, 0, 0, 1, 1, 0, 0, 0, 0, 0, 0, 1, 1, 0, 0, 0, 0], [0, 1, 1, 0, 0, 1, 0, 0, 1, 1, 0, 0, 0, 0, 1, 1, 1, 1, 0, 0, 0]]",6.0,6.0,Y,"{0: 18, 1: 24, 2: 30, 3: 36, 4: 42, 5: 48, 6: 54, 7: 60, 8: 66, 9: 72, 10: 78, 11: 6, 12: 84, 13: 90, 14: 96, 15: 102, 16: 108, 17: 114, 18: 120, 19: 126, 20: 12}",Y,"{0: 18, 1: 24, 2: 30, 3: 36, 4: 42, 5: 48, 6: 54, 7: 60, 8: 66, 9: 72, 10: 78, 11: 6, 12: 84, 13: 90, 14: 96, 15: 102, 16: 108, 17: 114, 18: 120, 19: 126, 20: 12}","{(0, 1): 1, (0, 2): 1, (0, 4): 1, (0, 5): 1, (0, 7): 1, (0, 8): 1, (0, 9): 1, (0, 10): 1, (0, 17): 1, (0, 19): 9, (1, 2): 1, (1, 3): 1, (1, 4): 1, (1, 5): 1, (1, 8): 1, (1, 18): 1, (1, 19): 16, (1, 20): 1, (2, 6): 1, (2, 10): 1, (2, 12): 1, (2, 17): 1, (2, 19): 23, (2, 20): 1, (3, 4): 1, (3, 5): 1, (3, 10): 1, (3, 11): 1, (3, 12): 1, (3, 13): 20, (3, 15): 1, (3, 16): 1, (3, 17): 1, (3, 18): 1, (3, 19): 6, (4, 6): 1, (4, 8): 1, (4, 10): 1, (4, 11): 1, (4, 12): 1, (4, 13): 33, (4, 15): 1, (5, 7): 40, (5, 9): 1, (5, 14): 1, (5, 17): 1, (5, 18): 1, (5, 20): 1, (6, 7): 1, (6, 8): 1, (6, 9): 1, (6, 10): 1, (6, 12): 1, (6, 13): 1, (6, 14): 1, (6, 15): 16, (6, 18): 29, (7, 12): 1, (7, 14): 1, (7, 15): 2, (7, 18): 1, (7, 19): 13, (8, 10): 1, (8, 12): 1, (8, 13): 1, (8, 18): 1, (8, 19): 57, (8, 20): 1, (9, 12): 1, (9, 13): 1, (9, 14): 58, (9, 18): 8, (9, 20): 1, (10, 12): 1, (10, 15): 1, (10, 16): 68, (10, 17): 1, (10, 18): 1, (11, 15): 1, (11, 17): 1, (11, 18): 2, (12, 13): 1, (12, 14): 1, (12, 16): 1, (12, 18): 73, (13, 14): 32, (13, 15): 1, (14, 17): 1, (14, 20): 1, (15, 16): 1, (15, 17): 75, (15, 18): 1, (15, 19): 1, (15, 20): 1, (16, 17): 31, (16, 18): 1, (16, 19): 1, (16, 20): 4, (17, 20): 1}",808.9542388916016,99.0,21.0,198.0
88.0,Graph with 21 nodes and 99 edges,"[[0, 1, 1, 0, 1, 1, 0, 1, 1, 1, 1, 0, 0, 0, 0, 0, 0, 1, 0, 1, 0], [1, 0, 1, 1, 1, 1, 0, 0, 1, 0, 0, 0, 0, 0, 0, 0, 0, 0, 1, 1, 1], [1, 1, 0, 0, 0, 0, 1, 0, 0, 0, 1, 0, 1, 0, 0, 0, 0, 1, 0, 1, 1], [0, 1, 0, 0, 1, 1, 0, 0, 0, 0, 1, 1, 1, 1, 0, 1, 1, 1, 1, 1, 0], [1, 1, 0, 1, 0, 0, 1, 0, 1, 0, 1, 1, 1, 1, 0, 1, 0, 0, 0, 0, 0], [1, 1, 0, 1, 0, 0, 0, 1, 0, 1, 0, 0, 0, 0, 1, 0, 0, 1, 1, 0, 1], [0, 0, 1, 0, 1, 0, 0, 1, 1, 1, 1, 0, 1, 1, 1, 1, 0, 0, 1, 0, 0], [1, 0, 0, 0, 0, 1, 1, 0, 0, 0, 0, 0, 1, 0, 1, 1, 0, 0, 1, 1, 0], [1, 1, 0, 0, 1, 0, 1, 0, 0, 0, 1, 0, 1, 1, 0, 0, 0, 0, 1, 1, 1], [1, 0, 0, 0, 0, 1, 1, 0, 0, 0, 0, 0, 1, 1, 1, 0, 0, 0, 1, 0, 1], [1, 0, 1, 1, 1, 0, 1, 0, 1, 0, 0, 0, 1, 0, 0, 1, 1, 1, 1, 0, 0], [0, 0, 0, 1, 1, 0, 0, 0, 0, 0, 0, 0, 0, 0, 0, 1, 0, 1, 1, 0, 0], [0, 0, 1, 1, 1, 0, 1, 1, 1, 1, 1, 0, 0, 1, 1, 0, 1, 0, 1, 0, 0], [0, 0, 0, 1, 1, 0, 1, 0, 1, 1, 0, 0, 1, 0, 1, 1, 0, 0, 0, 0, 0], [0, 0, 0, 0, 0, 1, 1, 1, 0, 1, 0, 0, 1, 1, 0, 0, 0, 1, 0, 0, 1], [0, 0, 0, 1, 1, 0, 1, 1, 0, 0, 1, 1, 0, 1, 0, 0, 1, 1, 1, 1, 1], [0, 0, 0, 1, 0, 0, 0, 0, 0, 0, 1, 0, 1, 0, 0, 1, 0, 1, 1, 1, 1], [1, 0, 1, 1, 0, 1, 0, 0, 0, 0, 1, 1, 0, 0, 1, 1, 1, 0, 0, 0, 1], [0, 1, 0, 1, 0, 1, 1, 1, 1, 1, 1, 1, 1, 0, 0, 1, 1, 0, 0, 0, 0], [1, 1, 1, 1, 0, 0, 0, 1, 1, 0, 0, 0, 0, 0, 0, 1, 1, 0, 0, 0, 0], [0, 1, 1, 0, 0, 1, 0, 0, 1, 1, 0, 0, 0, 0, 1, 1, 1, 1, 0, 0, 0]]",8.0,8.0,Y,"{0: 24, 1: 32, 2: 16, 3: 40, 4: 48, 5: 56, 6: 64, 7: 72, 8: 80, 9: 88, 10: 96, 11: 104, 12: 112, 13: 120, 14: 128, 15: 136, 16: 144, 17: 152, 18: 160, 19: 8, 20: 168}",Y,"{0: 24, 1: 32, 2: 16, 3: 40, 4: 48, 5: 56, 6: 64, 7: 72, 8: 80, 9: 88, 10: 96, 11: 104, 12: 112, 13: 120, 14: 128, 15: 136, 16: 144, 17: 152, 18: 160, 19: 8, 20: 168}","{(0, 1): 1, (0, 2): 1, (0, 4): 1, (0, 5): 3, (0, 7): 3, (0, 8): 1, (0, 9): 1, (0, 10): 1, (0, 17): 11, (0, 19): 1, (1, 2): 1, (1, 3): 5, (1, 4): 1, (1, 5): 8, (1, 8): 1, (1, 18): 13, (1, 19): 1, (1, 20): 1, (2, 6): 1, (2, 10): 1, (2, 12): 1, (2, 17): 1, (2, 19): 1, (2, 20): 9, (3, 4): 1, (3, 5): 1, (3, 10): 1, (3, 11): 5, (3, 12): 3, (3, 13): 1, (3, 15): 9, (3, 16): 1, (3, 17): 11, (3, 18): 1, (3, 19): 1, (4, 6): 2, (4, 8): 1, (4, 10): 1, (4, 11): 38, (4, 12): 1, (4, 13): 1, (4, 15): 1, (5, 7): 17, (5, 9): 1, (5, 14): 7, (5, 17): 1, (5, 18): 11, (5, 20): 7, (6, 7): 9, (6, 8): 1, (6, 9): 5, (6, 10): 1, (6, 12): 23, (6, 13): 18, (6, 14): 1, (6, 15): 1, (6, 18): 2, (7, 12): 7, (7, 14): 8, (7, 15): 22, (7, 18): 5, (7, 19): 1, (8, 10): 1, (8, 12): 5, (8, 13): 54, (8, 18): 1, (8, 19): 1, (8, 20): 14, (9, 12): 1, (9, 13): 1, (9, 14): 1, (9, 18): 66, (9, 20): 12, (10, 12): 1, (10, 15): 7, (10, 16): 60, (10, 17): 1, (10, 18): 21, (11, 15): 22, (11, 17): 15, (11, 18): 24, (12, 13): 1, (12, 14): 67, (12, 16): 1, (12, 18): 1, (13, 14): 18, (13, 15): 26, (14, 17): 21, (14, 20): 5, (15, 16): 5, (15, 17): 7, (15, 18): 14, (15, 19): 1, (15, 20): 21, (16, 17): 30, (16, 18): 1, (16, 19): 1, (16, 20): 45, (17, 20): 54}",110.14938354492188,99.0,21.0,198.0
88.0,Graph with 21 nodes and 99 edges,"[[0, 1, 1, 0, 1, 1, 0, 1, 1, 1, 1, 0, 0, 0, 0, 0, 0, 1, 0, 1, 0], [1, 0, 1, 1, 1, 1, 0, 0, 1, 0, 0, 0, 0, 0, 0, 0, 0, 0, 1, 1, 1], [1, 1, 0, 0, 0, 0, 1, 0, 0, 0, 1, 0, 1, 0, 0, 0, 0, 1, 0, 1, 1], [0, 1, 0, 0, 1, 1, 0, 0, 0, 0, 1, 1, 1, 1, 0, 1, 1, 1, 1, 1, 0], [1, 1, 0, 1, 0, 0, 1, 0, 1, 0, 1, 1, 1, 1, 0, 1, 0, 0, 0, 0, 0], [1, 1, 0, 1, 0, 0, 0, 1, 0, 1, 0, 0, 0, 0, 1, 0, 0, 1, 1, 0, 1], [0, 0, 1, 0, 1, 0, 0, 1, 1, 1, 1, 0, 1, 1, 1, 1, 0, 0, 1, 0, 0], [1, 0, 0, 0, 0, 1, 1, 0, 0, 0, 0, 0, 1, 0, 1, 1, 0, 0, 1, 1, 0], [1, 1, 0, 0, 1, 0, 1, 0, 0, 0, 1, 0, 1, 1, 0, 0, 0, 0, 1, 1, 1], [1, 0, 0, 0, 0, 1, 1, 0, 0, 0, 0, 0, 1, 1, 1, 0, 0, 0, 1, 0, 1], [1, 0, 1, 1, 1, 0, 1, 0, 1, 0, 0, 0, 1, 0, 0, 1, 1, 1, 1, 0, 0], [0, 0, 0, 1, 1, 0, 0, 0, 0, 0, 0, 0, 0, 0, 0, 1, 0, 1, 1, 0, 0], [0, 0, 1, 1, 1, 0, 1, 1, 1, 1, 1, 0, 0, 1, 1, 0, 1, 0, 1, 0, 0], [0, 0, 0, 1, 1, 0, 1, 0, 1, 1, 0, 0, 1, 0, 1, 1, 0, 0, 0, 0, 0], [0, 0, 0, 0, 0, 1, 1, 1, 0, 1, 0, 0, 1, 1, 0, 0, 0, 1, 0, 0, 1], [0, 0, 0, 1, 1, 0, 1, 1, 0, 0, 1, 1, 0, 1, 0, 0, 1, 1, 1, 1, 1], [0, 0, 0, 1, 0, 0, 0, 0, 0, 0, 1, 0, 1, 0, 0, 1, 0, 1, 1, 1, 1], [1, 0, 1, 1, 0, 1, 0, 0, 0, 0, 1, 1, 0, 0, 1, 1, 1, 0, 0, 0, 1], [0, 1, 0, 1, 0, 1, 1, 1, 1, 1, 1, 1, 1, 0, 0, 1, 1, 0, 0, 0, 0], [1, 1, 1, 1, 0, 0, 0, 1, 1, 0, 0, 0, 0, 0, 0, 1, 1, 0, 0, 0, 0], [0, 1, 1, 0, 0, 1, 0, 0, 1, 1, 0, 0, 0, 0, 1, 1, 1, 1, 0, 0, 0]]",28.0,4.0,Y,"{0: 108, 1: 104, 2: 100, 3: 96, 4: 92, 5: 88, 6: 84, 7: 80, 8: 76, 9: 72, 10: 68, 11: 64, 12: 60, 13: 56, 14: 52, 15: 48, 16: 44, 17: 40, 18: 36, 19: 32, 20: 28}",Y,"{0: 108, 1: 104, 2: 100, 3: 96, 4: 92, 5: 88, 6: 84, 7: 80, 8: 76, 9: 72, 10: 68, 11: 64, 12: 60, 13: 56, 14: 52, 15: 48, 16: 44, 17: 40, 18: 36, 19: 32, 20: 28}","{(0, 1): 1, (0, 2): 1, (0, 4): 1, (0, 5): 1, (0, 7): 1, (0, 8): 1, (0, 9): 1, (0, 10): 45, (0, 17): 31, (0, 19): 25, (1, 2): 1, (1, 3): 1, (1, 4): 1, (1, 5): 1, (1, 8): 53, (1, 18): 25, (1, 19): 1, (1, 20): 20, (2, 6): 32, (2, 10): 14, (2, 12): 49, (2, 17): 1, (2, 19): 1, (2, 20): 1, (3, 4): 1, (3, 5): 1, (3, 10): 1, (3, 11): 1, (3, 12): 1, (3, 13): 13, (3, 15): 37, (3, 16): 37, (3, 17): 1, (3, 18): 1, (3, 19): 1, (4, 6): 1, (4, 8): 1, (4, 10): 1, (4, 11): 60, (4, 12): 1, (4, 13): 24, (4, 15): 1, (5, 7): 2, (5, 9): 65, (5, 14): 15, (5, 17): 1, (5, 18): 1, (5, 20): 1, (6, 7): 42, (6, 8): 2, (6, 9): 1, (6, 10): 1, (6, 12): 1, (6, 13): 1, (6, 14): 1, (6, 15): 1, (6, 18): 1, (7, 12): 1, (7, 14): 31, (7, 15): 1, (7, 18): 1, (7, 19): 1, (8, 10): 1, (8, 12): 1, (8, 13): 14, (8, 18): 1, (8, 19): 1, (8, 20): 1, (9, 12): 1, (9, 13): 1, (9, 14): 1, (9, 18): 1, (9, 20): 1, (10, 12): 1, (10, 15): 1, (10, 16): 1, (10, 17): 1, (10, 18): 1, (11, 15): 1, (11, 17): 1, (11, 18): 1, (12, 13): 1, (12, 14): 1, (12, 16): 1, (12, 18): 1, (13, 14): 1, (13, 15): 1, (14, 17): 1, (14, 20): 1, (15, 16): 1, (15, 17): 1, (15, 18): 1, (15, 19): 1, (15, 20): 1, (16, 17): 1, (16, 18): 1, (16, 19): 1, (16, 20): 1, (17, 20): 1}",466.8235778808594,99.0,21.0,198.0
90.0,Graph with 21 nodes and 107 edges,"[[0, 0, 0, 0, 0, 1, 0, 0, 0, 0, 1, 0, 1, 1, 1, 0, 1, 0, 1, 1, 1], [0, 0, 1, 1, 0, 0, 1, 0, 0, 1, 1, 1, 0, 1, 0, 1, 0, 0, 0, 0, 1], [0, 1, 0, 0, 1, 1, 0, 0, 1, 1, 0, 0, 1, 1, 1, 1, 0, 1, 0, 0, 0], [0, 1, 0, 0, 0, 0, 1, 0, 0, 0, 0, 1, 0, 1, 0, 0, 0, 0, 1, 0, 1], [0, 0, 1, 0, 0, 1, 1, 0, 1, 0, 1, 1, 0, 1, 1, 0, 0, 1, 0, 1, 0], [1, 0, 1, 0, 1, 0, 1, 0, 1, 0, 1, 0, 0, 1, 1, 0, 0, 1, 1, 0, 1], [0, 1, 0, 1, 1, 1, 0, 0, 0, 1, 1, 0, 1, 1, 0, 0, 0, 1, 1, 1, 1], [0, 0, 0, 0, 0, 0, 0, 0, 0, 1, 1, 1, 0, 1, 1, 1, 1, 0, 0, 0, 0], [0, 0, 1, 0, 1, 1, 0, 0, 0, 1, 1, 1, 1, 0, 1, 1, 1, 1, 1, 1, 0], [0, 1, 1, 0, 0, 0, 1, 1, 1, 0, 0, 0, 1, 0, 1, 1, 1, 0, 0, 0, 0], [1, 1, 0, 0, 1, 1, 1, 1, 1, 0, 0, 0, 0, 1, 1, 0, 1, 0, 1, 0, 1], [0, 1, 0, 1, 1, 0, 0, 1, 1, 0, 0, 0, 0, 1, 1, 0, 0, 1, 0, 0, 0], [1, 0, 1, 0, 0, 0, 1, 0, 1, 1, 0, 0, 0, 1, 1, 1, 1, 1, 0, 0, 1], [1, 1, 1, 1, 1, 1, 1, 1, 0, 0, 1, 1, 1, 0, 0, 0, 0, 1, 0, 0, 1], [1, 0, 1, 0, 1, 1, 0, 1, 1, 1, 1, 1, 1, 0, 0, 0, 1, 1, 0, 1, 1], [0, 1, 1, 0, 0, 0, 0, 1, 1, 1, 0, 0, 1, 0, 0, 0, 0, 0, 1, 1, 0], [1, 0, 0, 0, 0, 0, 0, 1, 1, 1, 1, 0, 1, 0, 1, 0, 0, 1, 1, 0, 1], [0, 0, 1, 0, 1, 1, 1, 0, 1, 0, 0, 1, 1, 1, 1, 0, 1, 0, 1, 0, 1], [1, 0, 0, 1, 0, 1, 1, 0, 1, 0, 1, 0, 0, 0, 0, 1, 1, 1, 0, 1, 0], [1, 0, 0, 0, 1, 0, 1, 0, 1, 0, 0, 0, 0, 0, 1, 1, 0, 0, 1, 0, 1], [1, 1, 0, 1, 0, 1, 1, 0, 0, 0, 1, 0, 1, 1, 1, 0, 1, 1, 0, 1, 0]]",14.0,2.0,Y,"{0: 14, 1: 54, 2: 52, 3: 50, 4: 48, 5: 46, 6: 44, 7: 42, 8: 40, 9: 38, 10: 36, 11: 34, 12: 32, 13: 30, 14: 28, 15: 26, 16: 24, 17: 22, 18: 20, 19: 18, 20: 16}",Y,"{0: 14, 1: 54, 2: 52, 3: 50, 4: 48, 5: 46, 6: 44, 7: 42, 8: 40, 9: 38, 10: 36, 11: 34, 12: 32, 13: 30, 14: 28, 15: 26, 16: 24, 17: 22, 18: 20, 19: 18, 20: 16}","{(0, 5): 1, (0, 10): 1, (0, 12): 5, (0, 13): 1, (0, 14): 2, (0, 16): 1, (0, 18): 1, (0, 19): 1, (0, 20): 1, (1, 2): 7, (1, 3): 15, (1, 6): 1, (1, 9): 3, (1, 10): 1, (1, 11): 24, (1, 13): 1, (1, 15): 1, (1, 20): 1, (2, 4): 13, (2, 5): 1, (2, 8): 5, (2, 9): 10, (2, 12): 1, (2, 13): 3, (2, 14): 1, (2, 15): 10, (2, 17): 1, (3, 6): 29, (3, 11): 1, (3, 13): 1, (3, 18): 3, (3, 20): 1, (4, 5): 3, (4, 6): 3, (4, 8): 3, (4, 10): 6, (4, 11): 2, (4, 13): 11, (4, 14): 1, (4, 17): 1, (4, 19): 5, (5, 6): 3, (5, 8): 12, (5, 10): 7, (5, 13): 6, (5, 14): 4, (5, 17): 1, (5, 18): 7, (5, 20): 1, (6, 9): 1, (6, 10): 1, (6, 12): 1, (6, 13): 1, (6, 17): 1, (6, 18): 1, (6, 19): 1, (6, 20): 1, (7, 9): 15, (7, 10): 4, (7, 11): 3, (7, 13): 1, (7, 14): 5, (7, 15): 6, (7, 16): 8, (8, 9): 1, (8, 10): 9, (8, 11): 1, (8, 12): 3, (8, 14): 1, (8, 15): 1, (8, 16): 1, (8, 17): 1, (8, 18): 1, (8, 19): 1, (9, 12): 3, (9, 14): 1, (9, 15): 1, (9, 16): 3, (10, 13): 1, (10, 14): 1, (10, 16): 1, (10, 18): 1, (10, 20): 3, (11, 13): 1, (11, 14): 1, (11, 17): 1, (12, 13): 1, (12, 14): 4, (12, 15): 1, (12, 16): 6, (12, 17): 6, (12, 20): 1, (13, 17): 1, (13, 20): 1, (14, 16): 1, (14, 17): 4, (14, 19): 1, (14, 20): 1, (15, 18): 1, (15, 19): 5, (16, 17): 1, (16, 18): 1, (16, 20): 1, (17, 18): 1, (17, 20): 3, (18, 19): 3, (19, 20): 1}",86.06910705566406,107.0,21.0,214.0
90.0,Graph with 21 nodes and 107 edges,"[[0, 0, 0, 0, 0, 1, 0, 0, 0, 0, 1, 0, 1, 1, 1, 0, 1, 0, 1, 1, 1], [0, 0, 1, 1, 0, 0, 1, 0, 0, 1, 1, 1, 0, 1, 0, 1, 0, 0, 0, 0, 1], [0, 1, 0, 0, 1, 1, 0, 0, 1, 1, 0, 0, 1, 1, 1, 1, 0, 1, 0, 0, 0], [0, 1, 0, 0, 0, 0, 1, 0, 0, 0, 0, 1, 0, 1, 0, 0, 0, 0, 1, 0, 1], [0, 0, 1, 0, 0, 1, 1, 0, 1, 0, 1, 1, 0, 1, 1, 0, 0, 1, 0, 1, 0], [1, 0, 1, 0, 1, 0, 1, 0, 1, 0, 1, 0, 0, 1, 1, 0, 0, 1, 1, 0, 1], [0, 1, 0, 1, 1, 1, 0, 0, 0, 1, 1, 0, 1, 1, 0, 0, 0, 1, 1, 1, 1], [0, 0, 0, 0, 0, 0, 0, 0, 0, 1, 1, 1, 0, 1, 1, 1, 1, 0, 0, 0, 0], [0, 0, 1, 0, 1, 1, 0, 0, 0, 1, 1, 1, 1, 0, 1, 1, 1, 1, 1, 1, 0], [0, 1, 1, 0, 0, 0, 1, 1, 1, 0, 0, 0, 1, 0, 1, 1, 1, 0, 0, 0, 0], [1, 1, 0, 0, 1, 1, 1, 1, 1, 0, 0, 0, 0, 1, 1, 0, 1, 0, 1, 0, 1], [0, 1, 0, 1, 1, 0, 0, 1, 1, 0, 0, 0, 0, 1, 1, 0, 0, 1, 0, 0, 0], [1, 0, 1, 0, 0, 0, 1, 0, 1, 1, 0, 0, 0, 1, 1, 1, 1, 1, 0, 0, 1], [1, 1, 1, 1, 1, 1, 1, 1, 0, 0, 1, 1, 1, 0, 0, 0, 0, 1, 0, 0, 1], [1, 0, 1, 0, 1, 1, 0, 1, 1, 1, 1, 1, 1, 0, 0, 0, 1, 1, 0, 1, 1], [0, 1, 1, 0, 0, 0, 0, 1, 1, 1, 0, 0, 1, 0, 0, 0, 0, 0, 1, 1, 0], [1, 0, 0, 0, 0, 0, 0, 1, 1, 1, 1, 0, 1, 0, 1, 0, 0, 1, 1, 0, 1], [0, 0, 1, 0, 1, 1, 1, 0, 1, 0, 0, 1, 1, 1, 1, 0, 1, 0, 1, 0, 1], [1, 0, 0, 1, 0, 1, 1, 0, 1, 0, 1, 0, 0, 0, 0, 1, 1, 1, 0, 1, 0], [1, 0, 0, 0, 1, 0, 1, 0, 1, 0, 0, 0, 0, 0, 1, 1, 0, 0, 1, 0, 1], [1, 1, 0, 1, 0, 1, 1, 0, 0, 0, 1, 0, 1, 1, 1, 0, 1, 1, 0, 1, 0]]",14.0,9.0,Y,"{0: 23, 1: 32, 2: 41, 3: 50, 4: 59, 5: 68, 6: 77, 7: 86, 8: 95, 9: 104, 10: 113, 11: 122, 12: 131, 13: 140, 14: 149, 15: 158, 16: 167, 17: 176, 18: 185, 19: 194, 20: 14}",Y,"{0: 23, 1: 32, 2: 41, 3: 50, 4: 59, 5: 68, 6: 77, 7: 86, 8: 95, 9: 104, 10: 113, 11: 122, 12: 131, 13: 140, 14: 149, 15: 158, 16: 167, 17: 176, 18: 185, 19: 194, 20: 14}","{(0, 5): 1, (0, 10): 1, (0, 12): 1, (0, 13): 1, (0, 14): 1, (0, 16): 3, (0, 18): 5, (0, 19): 9, (0, 20): 1, (1, 2): 1, (1, 3): 1, (1, 6): 1, (1, 9): 1, (1, 10): 1, (1, 11): 20, (1, 13): 5, (1, 15): 1, (1, 20): 1, (2, 4): 5, (2, 5): 1, (2, 8): 1, (2, 9): 1, (2, 12): 1, (2, 13): 17, (2, 14): 1, (2, 15): 12, (2, 17): 1, (3, 6): 1, (3, 11): 9, (3, 13): 21, (3, 18): 15, (3, 20): 3, (4, 5): 9, (4, 6): 1, (4, 8): 1, (4, 10): 1, (4, 11): 1, (4, 13): 30, (4, 14): 1, (4, 17): 9, (4, 19): 1, (5, 6): 8, (5, 8): 13, (5, 10): 11, (5, 13): 5, (5, 14): 9, (5, 17): 1, (5, 18): 9, (5, 20): 1, (6, 9): 9, (6, 10): 1, (6, 12): 1, (6, 13): 1, (6, 17): 3, (6, 18): 7, (6, 19): 43, (6, 20): 1, (7, 9): 20, (7, 10): 1, (7, 11): 13, (7, 13): 27, (7, 14): 1, (7, 15): 9, (7, 16): 15, (8, 9): 1, (8, 10): 1, (8, 11): 53, (8, 12): 11, (8, 14): 1, (8, 15): 5, (8, 16): 1, (8, 17): 1, (8, 18): 1, (8, 19): 5, (9, 12): 5, (9, 14): 41, (9, 15): 21, (9, 16): 5, (10, 13): 9, (10, 14): 80, (10, 16): 1, (10, 18): 5, (10, 20): 1, (11, 13): 5, (11, 14): 7, (11, 17): 14, (12, 13): 15, (12, 14): 1, (12, 15): 93, (12, 16): 1, (12, 17): 1, (12, 20): 1, (13, 17): 3, (13, 20): 1, (14, 16): 1, (14, 17): 3, (14, 19): 1, (14, 20): 1, (15, 18): 12, (15, 19): 5, (16, 17): 138, (16, 18): 1, (16, 20): 1, (17, 18): 1, (17, 20): 1, (18, 19): 129, (19, 20): 1}",106.09626770019531,107.0,21.0,214.0
91.0,Graph with 21 nodes and 91 edges,"[[0, 1, 1, 1, 1, 0, 1, 0, 0, 0, 0, 0, 0, 1, 1, 0, 0, 0, 0, 1, 0], [1, 0, 1, 1, 0, 0, 1, 0, 1, 1, 1, 0, 1, 0, 1, 1, 0, 0, 0, 0, 0], [1, 1, 0, 0, 0, 0, 0, 1, 0, 0, 1, 0, 0, 1, 0, 0, 0, 0, 1, 1, 0], [1, 1, 0, 0, 0, 1, 0, 0, 1, 0, 0, 0, 1, 1, 1, 1, 0, 0, 1, 1, 0], [1, 0, 0, 0, 0, 0, 0, 1, 0, 0, 0, 0, 1, 0, 0, 1, 0, 0, 1, 0, 0], [0, 0, 0, 1, 0, 0, 1, 1, 0, 0, 1, 1, 0, 1, 0, 0, 0, 1, 0, 0, 1], [1, 1, 0, 0, 0, 1, 0, 1, 0, 0, 0, 0, 0, 1, 0, 0, 1, 0, 0, 1, 1], [0, 0, 1, 0, 1, 1, 1, 0, 0, 1, 0, 1, 1, 0, 1, 1, 0, 1, 0, 0, 0], [0, 1, 0, 1, 0, 0, 0, 0, 0, 1, 0, 1, 0, 1, 1, 1, 0, 0, 1, 1, 1], [0, 1, 0, 0, 0, 0, 0, 1, 1, 0, 1, 1, 1, 0, 1, 1, 1, 0, 0, 0, 0], [0, 1, 1, 0, 0, 1, 0, 0, 0, 1, 0, 0, 1, 0, 0, 1, 1, 1, 1, 1, 1], [0, 0, 0, 0, 0, 1, 0, 1, 1, 1, 0, 0, 0, 0, 1, 0, 1, 1, 1, 1, 0], [0, 1, 0, 1, 1, 0, 0, 1, 0, 1, 1, 0, 0, 0, 1, 1, 0, 1, 0, 0, 0], [1, 0, 1, 1, 0, 1, 1, 0, 1, 0, 0, 0, 0, 0, 1, 1, 0, 0, 1, 1, 0], [1, 1, 0, 1, 0, 0, 0, 1, 1, 1, 0, 1, 1, 1, 0, 0, 0, 0, 1, 1, 0], [0, 1, 0, 1, 1, 0, 0, 1, 1, 1, 1, 0, 1, 1, 0, 0, 1, 0, 0, 0, 1], [0, 0, 0, 0, 0, 0, 1, 0, 0, 1, 1, 1, 0, 0, 0, 1, 0, 0, 0, 0, 0], [0, 0, 0, 0, 0, 1, 0, 1, 0, 0, 1, 1, 1, 0, 0, 0, 0, 0, 1, 0, 0], [0, 0, 1, 1, 1, 0, 0, 0, 1, 0, 1, 1, 0, 1, 1, 0, 0, 1, 0, 0, 1], [1, 0, 1, 1, 0, 0, 1, 0, 1, 0, 1, 1, 0, 1, 1, 0, 0, 0, 0, 0, 0], [0, 0, 0, 0, 0, 1, 1, 0, 1, 0, 1, 0, 0, 0, 0, 1, 0, 0, 1, 0, 0]]",6.0,5.0,Y,"{0: 16, 1: 21, 2: 26, 3: 31, 4: 11, 5: 36, 6: 41, 7: 46, 8: 51, 9: 56, 10: 61, 11: 66, 12: 71, 13: 76, 14: 81, 15: 86, 16: 91, 17: 96, 18: 101, 19: 106, 20: 6}",Y,"{0: 16, 1: 21, 2: 26, 3: 31, 4: 11, 5: 36, 6: 41, 7: 46, 8: 51, 9: 56, 10: 61, 11: 66, 12: 71, 13: 76, 14: 81, 15: 86, 16: 91, 17: 96, 18: 101, 19: 106, 20: 6}","{(0, 1): 1, (0, 2): 1, (0, 3): 9, (0, 4): 1, (0, 6): 1, (0, 13): 1, (0, 14): 1, (0, 19): 1, (1, 2): 1, (1, 3): 1, (1, 6): 1, (1, 8): 1, (1, 9): 1, (1, 10): 1, (1, 12): 12, (1, 14): 1, (1, 15): 1, (2, 7): 1, (2, 10): 1, (2, 13): 1, (2, 18): 1, (2, 19): 20, (3, 5): 1, (3, 8): 1, (3, 12): 1, (3, 13): 1, (3, 14): 1, (3, 15): 1, (3, 18): 1, (3, 19): 14, (4, 7): 1, (4, 12): 1, (4, 15): 1, (4, 18): 7, (5, 6): 1, (5, 7): 1, (5, 10): 1, (5, 11): 1, (5, 13): 1, (5, 17): 29, (5, 20): 1, (6, 7): 1, (6, 13): 1, (6, 16): 34, (6, 19): 1, (6, 20): 1, (7, 9): 1, (7, 11): 1, (7, 12): 25, (7, 14): 1, (7, 15): 8, (7, 17): 6, (8, 9): 1, (8, 11): 1, (8, 13): 1, (8, 14): 1, (8, 15): 42, (8, 18): 1, (8, 19): 1, (8, 20): 1, (9, 10): 1, (9, 11): 1, (9, 12): 1, (9, 14): 1, (9, 15): 1, (9, 16): 48, (10, 12): 1, (10, 15): 1, (10, 16): 7, (10, 17): 1, (10, 18): 35, (10, 19): 11, (10, 20): 1, (11, 14): 1, (11, 16): 1, (11, 17): 58, (11, 18): 1, (11, 19): 1, (12, 14): 1, (12, 15): 28, (12, 17): 1, (13, 14): 16, (13, 15): 1, (13, 18): 52, (13, 19): 1, (14, 18): 1, (14, 19): 56, (15, 16): 1, (15, 20): 1, (17, 18): 1, (18, 20): 1}",1120.8057403564453,91.0,21.0,182.0
92.0,Graph with 21 nodes and 105 edges,"[[0, 0, 0, 0, 0, 0, 1, 0, 1, 1, 0, 0, 1, 1, 0, 1, 0, 0, 1, 0, 1], [0, 0, 0, 1, 1, 1, 1, 0, 0, 0, 1, 1, 1, 0, 0, 1, 1, 1, 0, 1, 1], [0, 0, 0, 1, 0, 0, 0, 0, 0, 0, 1, 0, 1, 0, 1, 1, 0, 0, 1, 1, 0], [0, 1, 1, 0, 1, 1, 1, 0, 1, 1, 0, 0, 1, 1, 1, 1, 1, 0, 0, 0, 0], [0, 1, 0, 1, 0, 1, 0, 0, 0, 1, 0, 1, 0, 0, 1, 0, 0, 1, 1, 0, 1], [0, 1, 0, 1, 1, 0, 1, 0, 0, 1, 1, 0, 0, 0, 1, 1, 1, 0, 0, 0, 0], [1, 1, 0, 1, 0, 1, 0, 1, 1, 1, 1, 1, 1, 1, 1, 0, 0, 0, 0, 1, 1], [0, 0, 0, 0, 0, 0, 1, 0, 1, 0, 0, 1, 1, 1, 1, 0, 0, 1, 1, 0, 1], [1, 0, 0, 1, 0, 0, 1, 1, 0, 1, 0, 0, 1, 0, 1, 1, 0, 0, 0, 1, 0], [1, 0, 0, 1, 1, 1, 1, 0, 1, 0, 0, 1, 0, 0, 1, 1, 0, 0, 1, 0, 1], [0, 1, 1, 0, 0, 1, 1, 0, 0, 0, 0, 0, 1, 1, 1, 0, 1, 0, 1, 0, 1], [0, 1, 0, 0, 1, 0, 1, 1, 0, 1, 0, 0, 1, 1, 0, 0, 0, 0, 0, 0, 0], [1, 1, 1, 1, 0, 0, 1, 1, 1, 0, 1, 1, 0, 0, 0, 0, 1, 0, 1, 0, 0], [1, 0, 0, 1, 0, 0, 1, 1, 0, 0, 1, 1, 0, 0, 0, 0, 0, 1, 1, 0, 1], [0, 0, 1, 1, 1, 1, 1, 1, 1, 1, 1, 0, 0, 0, 0, 0, 1, 1, 1, 1, 1], [1, 1, 1, 1, 0, 1, 0, 0, 1, 1, 0, 0, 0, 0, 0, 0, 0, 0, 1, 1, 1], [0, 1, 0, 1, 0, 1, 0, 0, 0, 0, 1, 0, 1, 0, 1, 0, 0, 1, 0, 0, 1], [0, 1, 0, 0, 1, 0, 0, 1, 0, 0, 0, 0, 0, 1, 1, 0, 1, 0, 1, 1, 1], [1, 0, 1, 0, 1, 0, 0, 1, 0, 1, 1, 0, 1, 1, 1, 1, 0, 1, 0, 0, 1], [0, 1, 1, 0, 0, 0, 1, 0, 1, 0, 0, 0, 0, 0, 1, 1, 0, 1, 0, 0, 0], [1, 1, 0, 0, 1, 0, 1, 1, 0, 1, 1, 0, 0, 1, 1, 1, 1, 1, 1, 0, 0]]",12.0,2.0,Y,"{0: 14, 1: 16, 2: 18, 3: 20, 4: 22, 5: 24, 6: 26, 7: 28, 8: 30, 9: 32, 10: 34, 11: 36, 12: 38, 13: 40, 14: 42, 15: 44, 16: 46, 17: 48, 18: 50, 19: 12, 20: 52}",Y,"{0: 14, 1: 16, 2: 18, 3: 20, 4: 22, 5: 24, 6: 26, 7: 28, 8: 30, 9: 32, 10: 34, 11: 36, 12: 38, 13: 40, 14: 42, 15: 44, 16: 46, 17: 48, 18: 50, 19: 12, 20: 52}","{(0, 6): 1, (0, 8): 1, (0, 9): 1, (0, 12): 1, (0, 13): 1, (0, 15): 1, (0, 18): 1, (0, 20): 7, (1, 3): 1, (1, 4): 1, (1, 5): 1, (1, 6): 1, (1, 10): 1, (1, 11): 1, (1, 12): 1, (1, 15): 1, (1, 16): 1, (1, 17): 5, (1, 19): 1, (1, 20): 1, (2, 3): 1, (2, 10): 1, (2, 12): 1, (2, 14): 1, (2, 15): 1, (2, 18): 11, (2, 19): 2, (3, 4): 1, (3, 5): 1, (3, 6): 1, (3, 8): 1, (3, 9): 1, (3, 12): 1, (3, 13): 9, (3, 14): 1, (3, 15): 1, (3, 16): 1, (4, 5): 1, (4, 9): 1, (4, 11): 1, (4, 14): 1, (4, 17): 14, (4, 18): 1, (4, 20): 1, (5, 6): 1, (5, 9): 1, (5, 10): 1, (5, 14): 1, (5, 15): 1, (5, 16): 16, (6, 7): 1, (6, 8): 1, (6, 9): 1, (6, 10): 1, (6, 11): 1, (6, 12): 1, (6, 13): 1, (6, 14): 1, (6, 19): 1, (6, 20): 13, (7, 8): 1, (7, 11): 8, (7, 12): 1, (7, 13): 1, (7, 14): 1, (7, 17): 13, (7, 18): 1, (7, 20): 1, (8, 9): 1, (8, 12): 5, (8, 14): 1, (8, 15): 18, (8, 19): 1, (9, 11): 1, (9, 14): 1, (9, 15): 18, (9, 18): 1, (9, 20): 5, (10, 12): 2, (10, 13): 1, (10, 14): 1, (10, 16): 24, (10, 18): 1, (10, 20): 1, (11, 12): 23, (11, 13): 1, (12, 16): 1, (12, 18): 1, (13, 17): 7, (13, 18): 1, (13, 20): 18, (14, 16): 1, (14, 17): 1, (14, 18): 29, (14, 19): 1, (14, 20): 1, (15, 18): 1, (15, 19): 1, (15, 20): 1, (16, 17): 1, (16, 20): 1, (17, 18): 1, (17, 19): 5, (17, 20): 1, (18, 20): 1}",852.1080017089844,105.0,21.0,210.0
94.0,Graph with 21 nodes and 109 edges,"[[0, 0, 1, 1, 1, 1, 0, 1, 0, 1, 1, 0, 1, 1, 0, 0, 1, 0, 1, 1, 0], [0, 0, 1, 0, 0, 1, 1, 0, 1, 0, 1, 0, 0, 1, 1, 0, 1, 0, 0, 0, 1], [1, 1, 0, 1, 0, 1, 0, 1, 0, 1, 0, 1, 0, 1, 0, 0, 0, 1, 1, 0, 1], [1, 0, 1, 0, 0, 0, 0, 0, 0, 1, 0, 1, 1, 1, 1, 0, 0, 0, 0, 0, 0], [1, 0, 0, 0, 0, 0, 1, 1, 1, 1, 0, 1, 1, 0, 0, 1, 0, 0, 0, 1, 0], [1, 1, 1, 0, 0, 0, 1, 0, 1, 1, 1, 0, 1, 0, 1, 0, 0, 1, 0, 0, 1], [0, 1, 0, 0, 1, 1, 0, 1, 1, 1, 0, 1, 1, 1, 0, 1, 0, 1, 0, 1, 1], [1, 0, 1, 0, 1, 0, 1, 0, 1, 1, 0, 1, 1, 0, 0, 1, 0, 0, 0, 1, 0], [0, 1, 0, 0, 1, 1, 1, 1, 0, 0, 1, 1, 1, 0, 0, 0, 1, 1, 1, 1, 0], [1, 0, 1, 1, 1, 1, 1, 1, 0, 0, 0, 0, 1, 0, 0, 1, 1, 0, 1, 0, 1], [1, 1, 0, 0, 0, 1, 0, 0, 1, 0, 0, 0, 1, 1, 1, 1, 1, 0, 1, 0, 1], [0, 0, 1, 1, 1, 0, 1, 1, 1, 0, 0, 0, 1, 0, 0, 0, 0, 1, 1, 0, 1], [1, 0, 0, 1, 1, 1, 1, 1, 1, 1, 1, 1, 0, 0, 0, 1, 1, 1, 0, 0, 1], [1, 1, 1, 1, 0, 0, 1, 0, 0, 0, 1, 0, 0, 0, 1, 1, 0, 1, 1, 0, 0], [0, 1, 0, 1, 0, 1, 0, 0, 0, 0, 1, 0, 0, 1, 0, 0, 1, 0, 1, 1, 1], [0, 0, 0, 0, 1, 0, 1, 1, 0, 1, 1, 0, 1, 1, 0, 0, 0, 0, 1, 1, 1], [1, 1, 0, 0, 0, 0, 0, 0, 1, 1, 1, 0, 1, 0, 1, 0, 0, 1, 0, 1, 1], [0, 0, 1, 0, 0, 1, 1, 0, 1, 0, 0, 1, 1, 1, 0, 0, 1, 0, 1, 0, 0], [1, 0, 1, 0, 0, 0, 0, 0, 1, 1, 1, 1, 0, 1, 1, 1, 0, 1, 0, 0, 0], [1, 0, 0, 0, 1, 0, 1, 1, 1, 0, 0, 0, 0, 0, 1, 1, 1, 0, 0, 0, 0], [0, 1, 1, 0, 0, 1, 1, 0, 0, 1, 1, 1, 1, 0, 1, 1, 1, 0, 0, 0, 0]]",16.0,6.0,Y,"{0: 22, 1: 28, 2: 34, 3: 40, 4: 46, 5: 52, 6: 58, 7: 64, 8: 70, 9: 76, 10: 82, 11: 88, 12: 94, 13: 100, 14: 106, 15: 112, 16: 118, 17: 124, 18: 130, 19: 136, 20: 16}",Y,"{0: 22, 1: 28, 2: 34, 3: 40, 4: 46, 5: 52, 6: 58, 7: 64, 8: 70, 9: 76, 10: 82, 11: 88, 12: 94, 13: 100, 14: 106, 15: 112, 16: 118, 17: 124, 18: 130, 19: 136, 20: 16}","{(0, 2): 1, (0, 3): 1, (0, 4): 1, (0, 5): 1, (0, 7): 1, (0, 9): 1, (0, 10): 1, (0, 12): 1, (0, 13): 11, (0, 16): 1, (0, 18): 1, (0, 19): 1, (1, 2): 1, (1, 5): 1, (1, 6): 1, (1, 8): 1, (1, 10): 1, (1, 13): 20, (1, 14): 1, (1, 16): 1, (1, 20): 1, (2, 3): 1, (2, 5): 1, (2, 7): 1, (2, 9): 1, (2, 11): 1, (2, 13): 24, (2, 17): 1, (2, 18): 1, (2, 20): 1, (3, 9): 1, (3, 11): 5, (3, 12): 1, (3, 13): 30, (3, 14): 1, (4, 6): 1, (4, 7): 1, (4, 8): 1, (4, 9): 1, (4, 11): 1, (4, 12): 1, (4, 15): 38, (4, 19): 1, (5, 6): 1, (5, 8): 1, (5, 9): 1, (5, 10): 1, (5, 12): 1, (5, 14): 1, (5, 17): 42, (5, 20): 1, (6, 7): 1, (6, 8): 1, (6, 9): 3, (6, 11): 1, (6, 12): 44, (6, 13): 1, (6, 15): 1, (6, 17): 1, (6, 19): 1, (6, 20): 1, (7, 8): 1, (7, 9): 1, (7, 11): 1, (7, 12): 1, (7, 15): 1, (7, 19): 55, (8, 10): 1, (8, 11): 1, (8, 12): 1, (8, 16): 1, (8, 17): 1, (8, 18): 36, (8, 19): 24, (9, 12): 1, (9, 15): 1, (9, 16): 12, (9, 18): 52, (9, 20): 1, (10, 12): 38, (10, 13): 1, (10, 14): 1, (10, 15): 1, (10, 16): 1, (10, 18): 35, (10, 20): 1, (11, 12): 1, (11, 17): 75, (11, 18): 1, (11, 20): 1, (12, 15): 1, (12, 16): 1, (12, 17): 1, (12, 20): 1, (13, 14): 1, (13, 15): 10, (13, 17): 1, (13, 18): 1, (14, 16): 98, (14, 18): 1, (14, 19): 1, (14, 20): 1, (15, 18): 1, (15, 19): 52, (15, 20): 6, (16, 17): 1, (16, 19): 1, (16, 20): 1, (17, 18): 1}",1549.0055084228516,109.0,21.0,218.0
97.0,Graph with 21 nodes and 106 edges,"[[0, 0, 0, 1, 1, 0, 1, 0, 0, 0, 1, 1, 0, 0, 1, 1, 1, 0, 1, 0, 0], [0, 0, 1, 1, 0, 0, 1, 0, 1, 1, 1, 0, 0, 1, 1, 0, 0, 1, 0, 0, 0], [0, 1, 0, 0, 1, 0, 1, 0, 0, 0, 1, 0, 1, 1, 0, 1, 1, 0, 1, 1, 0], [1, 1, 0, 0, 1, 1, 0, 1, 0, 1, 0, 1, 1, 0, 0, 0, 0, 0, 0, 0, 0], [1, 0, 1, 1, 0, 1, 1, 0, 0, 1, 1, 1, 0, 1, 0, 0, 0, 0, 0, 1, 0], [0, 0, 0, 1, 1, 0, 0, 1, 0, 0, 0, 1, 1, 1, 1, 0, 0, 1, 0, 1, 0], [1, 1, 1, 0, 1, 0, 0, 1, 0, 1, 1, 0, 1, 0, 0, 1, 0, 0, 1, 1, 0], [0, 0, 0, 1, 0, 1, 1, 0, 1, 1, 0, 1, 1, 1, 1, 0, 1, 1, 0, 0, 0], [0, 1, 0, 0, 0, 0, 0, 1, 0, 0, 0, 0, 0, 1, 1, 1, 0, 0, 0, 1, 0], [0, 1, 0, 1, 1, 0, 1, 1, 0, 0, 1, 0, 1, 1, 0, 1, 0, 0, 1, 1, 0], [1, 1, 1, 0, 1, 0, 1, 0, 0, 1, 0, 1, 1, 1, 1, 1, 1, 0, 0, 0, 0], [1, 0, 0, 1, 1, 1, 0, 1, 0, 0, 1, 0, 0, 1, 0, 1, 0, 1, 1, 1, 1], [0, 0, 1, 1, 0, 1, 1, 1, 0, 1, 1, 0, 0, 1, 1, 1, 1, 1, 0, 1, 1], [0, 1, 1, 0, 1, 1, 0, 1, 1, 1, 1, 1, 1, 0, 1, 1, 1, 1, 1, 1, 0], [1, 1, 0, 0, 0, 1, 0, 1, 1, 0, 1, 0, 1, 1, 0, 0, 0, 0, 1, 1, 1], [1, 0, 1, 0, 0, 0, 1, 0, 1, 1, 1, 1, 1, 1, 0, 0, 1, 0, 0, 0, 0], [1, 0, 1, 0, 0, 0, 0, 1, 0, 0, 1, 0, 1, 1, 0, 1, 0, 0, 0, 0, 1], [0, 1, 0, 0, 0, 1, 0, 1, 0, 0, 0, 1, 1, 1, 0, 0, 0, 0, 1, 0, 0], [1, 0, 1, 0, 0, 0, 1, 0, 0, 1, 0, 1, 0, 1, 1, 0, 0, 1, 0, 1, 1], [0, 0, 1, 0, 1, 1, 1, 0, 1, 1, 0, 1, 1, 1, 1, 0, 0, 0, 1, 0, 1], [0, 0, 0, 0, 0, 0, 0, 0, 0, 0, 0, 1, 1, 0, 1, 0, 1, 0, 1, 1, 0]]",8.0,8.0,Y,"{0: 24, 1: 32, 2: 40, 3: 16, 4: 48, 5: 56, 6: 64, 7: 72, 8: 80, 9: 88, 10: 96, 11: 104, 12: 112, 13: 120, 14: 128, 15: 136, 16: 144, 17: 152, 18: 160, 19: 168, 20: 8}",Y,"{0: 24, 1: 32, 2: 40, 3: 16, 4: 48, 5: 56, 6: 64, 7: 72, 8: 80, 9: 88, 10: 96, 11: 104, 12: 112, 13: 120, 14: 128, 15: 136, 16: 144, 17: 152, 18: 160, 19: 168, 20: 8}","{(0, 3): 1, (0, 4): 1, (0, 6): 1, (0, 10): 1, (0, 11): 1, (0, 14): 1, (0, 15): 1, (0, 16): 16, (0, 18): 1, (1, 2): 1, (1, 3): 1, (1, 6): 1, (1, 8): 24, (1, 9): 1, (1, 10): 1, (1, 13): 1, (1, 14): 1, (1, 17): 1, (2, 4): 1, (2, 6): 1, (2, 10): 1, (2, 12): 1, (2, 13): 1, (2, 15): 1, (2, 16): 1, (2, 18): 31, (2, 19): 1, (3, 4): 1, (3, 5): 1, (3, 7): 1, (3, 9): 1, (3, 11): 1, (3, 12): 9, (4, 5): 39, (4, 6): 1, (4, 9): 1, (4, 10): 1, (4, 11): 1, (4, 13): 1, (4, 19): 1, (5, 7): 1, (5, 11): 1, (5, 12): 1, (5, 13): 1, (5, 14): 1, (5, 17): 1, (5, 19): 10, (6, 7): 1, (6, 9): 54, (6, 10): 1, (6, 12): 1, (6, 15): 1, (6, 18): 1, (6, 19): 1, (7, 8): 1, (7, 9): 1, (7, 11): 1, (7, 12): 1, (7, 13): 1, (7, 14): 62, (7, 16): 1, (7, 17): 1, (8, 13): 1, (8, 14): 1, (8, 15): 52, (8, 19): 1, (9, 10): 1, (9, 12): 25, (9, 13): 1, (9, 15): 1, (9, 18): 1, (9, 19): 1, (10, 11): 85, (10, 12): 1, (10, 13): 1, (10, 14): 1, (10, 15): 1, (10, 16): 1, (11, 13): 9, (11, 15): 1, (11, 17): 1, (11, 18): 1, (11, 19): 1, (11, 20): 1, (12, 13): 2, (12, 14): 1, (12, 15): 1, (12, 16): 1, (12, 17): 1, (12, 19): 66, (12, 20): 1, (13, 14): 1, (13, 15): 1, (13, 16): 47, (13, 17): 26, (13, 18): 1, (13, 19): 25, (14, 18): 1, (14, 19): 57, (14, 20): 1, (15, 16): 76, (16, 20): 1, (17, 18): 121, (18, 19): 1, (18, 20): 1, (19, 20): 3}",475.88348388671875,106.0,21.0,212.0
97.0,Graph with 21 nodes and 106 edges,"[[0, 0, 0, 1, 1, 0, 1, 0, 0, 0, 1, 1, 0, 0, 1, 1, 1, 0, 1, 0, 0], [0, 0, 1, 1, 0, 0, 1, 0, 1, 1, 1, 0, 0, 1, 1, 0, 0, 1, 0, 0, 0], [0, 1, 0, 0, 1, 0, 1, 0, 0, 0, 1, 0, 1, 1, 0, 1, 1, 0, 1, 1, 0], [1, 1, 0, 0, 1, 1, 0, 1, 0, 1, 0, 1, 1, 0, 0, 0, 0, 0, 0, 0, 0], [1, 0, 1, 1, 0, 1, 1, 0, 0, 1, 1, 1, 0, 1, 0, 0, 0, 0, 0, 1, 0], [0, 0, 0, 1, 1, 0, 0, 1, 0, 0, 0, 1, 1, 1, 1, 0, 0, 1, 0, 1, 0], [1, 1, 1, 0, 1, 0, 0, 1, 0, 1, 1, 0, 1, 0, 0, 1, 0, 0, 1, 1, 0], [0, 0, 0, 1, 0, 1, 1, 0, 1, 1, 0, 1, 1, 1, 1, 0, 1, 1, 0, 0, 0], [0, 1, 0, 0, 0, 0, 0, 1, 0, 0, 0, 0, 0, 1, 1, 1, 0, 0, 0, 1, 0], [0, 1, 0, 1, 1, 0, 1, 1, 0, 0, 1, 0, 1, 1, 0, 1, 0, 0, 1, 1, 0], [1, 1, 1, 0, 1, 0, 1, 0, 0, 1, 0, 1, 1, 1, 1, 1, 1, 0, 0, 0, 0], [1, 0, 0, 1, 1, 1, 0, 1, 0, 0, 1, 0, 0, 1, 0, 1, 0, 1, 1, 1, 1], [0, 0, 1, 1, 0, 1, 1, 1, 0, 1, 1, 0, 0, 1, 1, 1, 1, 1, 0, 1, 1], [0, 1, 1, 0, 1, 1, 0, 1, 1, 1, 1, 1, 1, 0, 1, 1, 1, 1, 1, 1, 0], [1, 1, 0, 0, 0, 1, 0, 1, 1, 0, 1, 0, 1, 1, 0, 0, 0, 0, 1, 1, 1], [1, 0, 1, 0, 0, 0, 1, 0, 1, 1, 1, 1, 1, 1, 0, 0, 1, 0, 0, 0, 0], [1, 0, 1, 0, 0, 0, 0, 1, 0, 0, 1, 0, 1, 1, 0, 1, 0, 0, 0, 0, 1], [0, 1, 0, 0, 0, 1, 0, 1, 0, 0, 0, 1, 1, 1, 0, 0, 0, 0, 1, 0, 0], [1, 0, 1, 0, 0, 0, 1, 0, 0, 1, 0, 1, 0, 1, 1, 0, 0, 1, 0, 1, 1], [0, 0, 1, 0, 1, 1, 1, 0, 1, 1, 0, 1, 1, 1, 1, 0, 0, 0, 1, 0, 1], [0, 0, 0, 0, 0, 0, 0, 0, 0, 0, 0, 1, 1, 0, 1, 0, 1, 0, 1, 1, 0]]",18.0,6.0,Y,"{0: 24, 1: 30, 2: 36, 3: 42, 4: 48, 5: 54, 6: 60, 7: 66, 8: 72, 9: 78, 10: 84, 11: 90, 12: 96, 13: 102, 14: 108, 15: 114, 16: 120, 17: 126, 18: 132, 19: 138, 20: 18}",Y,"{0: 24, 1: 30, 2: 36, 3: 42, 4: 48, 5: 54, 6: 60, 7: 66, 8: 72, 9: 78, 10: 84, 11: 90, 12: 96, 13: 102, 14: 108, 15: 114, 16: 120, 17: 126, 18: 132, 19: 138, 20: 18}","{(0, 3): 1, (0, 4): 1, (0, 6): 1, (0, 10): 1, (0, 11): 1, (0, 14): 1, (0, 15): 1, (0, 16): 16, (0, 18): 1, (1, 2): 1, (1, 3): 1, (1, 6): 1, (1, 8): 22, (1, 9): 1, (1, 10): 1, (1, 13): 1, (1, 14): 1, (1, 17): 1, (2, 4): 1, (2, 6): 1, (2, 10): 1, (2, 12): 1, (2, 13): 1, (2, 15): 1, (2, 16): 1, (2, 18): 27, (2, 19): 1, (3, 4): 35, (3, 5): 1, (3, 7): 1, (3, 9): 1, (3, 11): 1, (3, 12): 1, (4, 5): 5, (4, 6): 1, (4, 9): 1, (4, 10): 1, (4, 11): 1, (4, 13): 1, (4, 19): 1, (5, 7): 1, (5, 11): 7, (5, 12): 1, (5, 13): 1, (5, 14): 1, (5, 17): 36, (5, 19): 1, (6, 7): 1, (6, 9): 1, (6, 10): 1, (6, 12): 1, (6, 15): 8, (6, 18): 1, (6, 19): 43, (7, 8): 1, (7, 9): 1, (7, 11): 1, (7, 12): 1, (7, 13): 1, (7, 14): 56, (7, 16): 1, (7, 17): 1, (8, 13): 1, (8, 14): 43, (8, 15): 1, (8, 19): 4, (9, 10): 1, (9, 12): 1, (9, 13): 1, (9, 15): 1, (9, 18): 4, (9, 19): 65, (10, 11): 73, (10, 12): 1, (10, 13): 1, (10, 14): 1, (10, 15): 1, (10, 16): 1, (11, 13): 1, (11, 15): 1, (11, 17): 1, (11, 18): 1, (11, 19): 1, (11, 20): 1, (12, 13): 78, (12, 14): 1, (12, 15): 1, (12, 16): 1, (12, 17): 1, (12, 19): 6, (12, 20): 1, (13, 14): 1, (13, 15): 1, (13, 16): 1, (13, 17): 1, (13, 18): 10, (13, 19): 1, (14, 18): 1, (14, 19): 1, (14, 20): 1, (15, 16): 98, (16, 20): 1, (17, 18): 85, (18, 19): 1, (18, 20): 1, (19, 20): 13}",895.9770202636719,106.0,21.0,212.0
