graph_index,Graph,Adjacency_list,a,d,APG_label_availability,Vertex_labels,APG_label_availability,Vertex_labels,Edge_labels,Gurobi_runtime/microseconds,Gurobi_num_vars,Gurobi_num_constrs,Gurobi_nonzero_coefs
0.0,Graph with 25 nodes and 150 edges,"[[0, 1, 1, 0, 0, 0, 0, 1, 1, 1, 0, 0, 0, 1, 0, 1, 1, 0, 1, 1, 1, 1, 0, 1, 1], [1, 0, 0, 0, 0, 1, 0, 1, 1, 0, 0, 0, 0, 0, 1, 0, 1, 1, 1, 0, 0, 1, 0, 1, 0], [1, 0, 0, 1, 0, 1, 1, 0, 0, 0, 1, 0, 0, 0, 0, 1, 1, 0, 0, 0, 0, 0, 1, 1, 1], [0, 0, 1, 0, 1, 1, 0, 0, 1, 0, 1, 0, 1, 0, 0, 1, 1, 0, 1, 0, 1, 0, 0, 1, 0], [0, 0, 0, 1, 0, 1, 0, 1, 1, 0, 1, 1, 0, 1, 1, 1, 0, 1, 0, 1, 0, 1, 1, 0, 1], [0, 1, 1, 1, 1, 0, 0, 0, 1, 0, 0, 1, 1, 0, 0, 0, 1, 0, 1, 1, 0, 0, 0, 1, 1], [0, 0, 1, 0, 0, 0, 0, 1, 0, 1, 0, 1, 0, 0, 0, 1, 0, 0, 1, 0, 0, 1, 0, 1, 0], [1, 1, 0, 0, 1, 0, 1, 0, 1, 0, 1, 0, 1, 1, 1, 1, 0, 1, 1, 0, 0, 0, 0, 0, 0], [1, 1, 0, 1, 1, 1, 0, 1, 0, 0, 1, 0, 1, 0, 1, 0, 1, 1, 1, 0, 0, 1, 0, 1, 0], [1, 0, 0, 0, 0, 0, 1, 0, 0, 0, 0, 0, 1, 0, 0, 1, 0, 1, 0, 1, 0, 1, 1, 1, 1], [0, 0, 1, 1, 1, 0, 0, 1, 1, 0, 0, 1, 0, 0, 0, 0, 0, 1, 1, 0, 0, 1, 1, 1, 1], [0, 0, 0, 0, 1, 1, 1, 0, 0, 0, 1, 0, 0, 1, 1, 1, 1, 0, 0, 0, 1, 0, 0, 1, 0], [0, 0, 0, 1, 0, 1, 0, 1, 1, 1, 0, 0, 0, 0, 1, 0, 1, 1, 1, 1, 0, 0, 1, 0, 0], [1, 0, 0, 0, 1, 0, 0, 1, 0, 0, 0, 1, 0, 0, 0, 1, 1, 0, 1, 0, 1, 1, 0, 1, 0], [0, 1, 0, 0, 1, 0, 0, 1, 1, 0, 0, 1, 1, 0, 0, 1, 0, 1, 0, 1, 0, 1, 0, 1, 0], [1, 0, 1, 1, 1, 0, 1, 1, 0, 1, 0, 1, 0, 1, 1, 0, 0, 1, 0, 0, 1, 0, 1, 0, 1], [1, 1, 1, 1, 0, 1, 0, 0, 1, 0, 0, 1, 1, 1, 0, 0, 0, 0, 0, 1, 1, 1, 1, 0, 1], [0, 1, 0, 0, 1, 0, 0, 1, 1, 1, 1, 0, 1, 0, 1, 1, 0, 0, 1, 0, 1, 1, 1, 1, 1], [1, 1, 0, 1, 0, 1, 1, 1, 1, 0, 1, 0, 1, 1, 0, 0, 0, 1, 0, 1, 1, 0, 1, 1, 1], [1, 0, 0, 0, 1, 1, 0, 0, 0, 1, 0, 0, 1, 0, 1, 0, 1, 0, 1, 0, 0, 0, 1, 0, 0], [1, 0, 0, 1, 0, 0, 0, 0, 0, 0, 0, 1, 0, 1, 0, 1, 1, 1, 1, 0, 0, 1, 1, 1, 1], [1, 1, 0, 0, 1, 0, 1, 0, 1, 1, 1, 0, 0, 1, 1, 0, 1, 1, 0, 0, 1, 0, 1, 0, 0], [0, 0, 1, 0, 1, 0, 0, 0, 0, 1, 1, 0, 1, 0, 0, 1, 1, 1, 1, 1, 1, 1, 0, 0, 0], [1, 1, 1, 1, 0, 1, 1, 0, 1, 1, 1, 1, 0, 1, 1, 0, 0, 1, 1, 0, 1, 0, 0, 0, 0], [1, 0, 1, 0, 1, 1, 0, 0, 0, 1, 1, 0, 0, 0, 0, 1, 1, 1, 1, 0, 1, 0, 0, 0, 0]]",12.0,3.0,Y,"{0: 18, 1: 15, 2: 21, 3: 24, 4: 27, 5: 30, 6: 33, 7: 36, 8: 39, 9: 42, 10: 45, 11: 48, 12: 51, 13: 54, 14: 57, 15: 60, 16: 63, 17: 66, 18: 69, 19: 72, 20: 75, 21: 78, 22: 81, 23: 84, 24: 12}",Y,"{0: 18, 1: 15, 2: 21, 3: 24, 4: 27, 5: 30, 6: 33, 7: 36, 8: 39, 9: 42, 10: 45, 11: 48, 12: 51, 13: 54, 14: 57, 15: 60, 16: 63, 17: 66, 18: 69, 19: 72, 20: 75, 21: 78, 22: 81, 23: 84, 24: 12}","{(0, 1): 1, (0, 2): 1, (0, 7): 1, (0, 8): 1, (0, 9): 1, (0, 13): 1, (0, 15): 1, (0, 16): 1, (0, 18): 5, (0, 19): 1, (0, 20): 1, (0, 21): 1, (0, 23): 1, (0, 24): 1, (1, 5): 1, (1, 7): 1, (1, 8): 1, (1, 14): 1, (1, 16): 1, (1, 17): 1, (1, 18): 1, (1, 21): 6, (1, 23): 1, (2, 3): 1, (2, 5): 1, (2, 6): 1, (2, 10): 1, (2, 15): 1, (2, 16): 12, (2, 22): 1, (2, 23): 1, (2, 24): 1, (3, 4): 1, (3, 5): 1, (3, 8): 3, (3, 10): 1, (3, 12): 1, (3, 15): 12, (3, 16): 1, (3, 18): 1, (3, 20): 1, (3, 23): 1, (4, 5): 1, (4, 7): 1, (4, 8): 1, (4, 10): 1, (4, 11): 1, (4, 13): 1, (4, 14): 1, (4, 15): 14, (4, 17): 1, (4, 19): 1, (4, 21): 1, (4, 22): 1, (4, 24): 1, (5, 8): 1, (5, 11): 1, (5, 12): 6, (5, 16): 1, (5, 18): 1, (5, 19): 14, (5, 23): 1, (5, 24): 1, (6, 7): 1, (6, 9): 1, (6, 11): 26, (6, 15): 1, (6, 18): 1, (6, 21): 1, (6, 23): 1, (7, 8): 1, (7, 10): 1, (7, 12): 1, (7, 13): 1, (7, 14): 1, (7, 15): 1, (7, 17): 1, (7, 18): 25, (8, 10): 1, (8, 12): 1, (8, 14): 1, (8, 16): 1, (8, 17): 7, (8, 18): 1, (8, 21): 18, (8, 23): 1, (9, 12): 1, (9, 15): 1, (9, 17): 1, (9, 19): 1, (9, 21): 1, (9, 22): 1, (9, 23): 33, (9, 24): 1, (10, 11): 14, (10, 17): 21, (10, 18): 1, (10, 21): 1, (10, 22): 1, (10, 23): 1, (10, 24): 1, (11, 13): 1, (11, 14): 1, (11, 15): 1, (11, 16): 1, (11, 20): 1, (11, 23): 1, (12, 14): 34, (12, 16): 1, (12, 17): 1, (12, 18): 1, (12, 19): 1, (12, 22): 3, (13, 15): 1, (13, 16): 1, (13, 18): 1, (13, 20): 26, (13, 21): 19, (13, 23): 2, (14, 15): 1, (14, 17): 1, (14, 19): 1, (14, 21): 3, (14, 23): 12, (15, 17): 22, (15, 20): 2, (15, 22): 1, (15, 24): 1, (16, 19): 3, (16, 20): 37, (16, 21): 1, (16, 22): 1, (16, 24): 1, (17, 18): 1, (17, 20): 1, (17, 21): 1, (17, 22): 1, (17, 23): 5, (17, 24): 1, (18, 19): 5, (18, 20): 1, (18, 22): 1, (18, 23): 22, (18, 24): 1, (19, 22): 45, (20, 21): 1, (20, 22): 1, (20, 23): 1, (20, 24): 2, (21, 22): 24}",62.9425048828125,150.0,25.0,300.0
1.0,Graph with 25 nodes and 145 edges,"[[0, 0, 1, 1, 1, 0, 0, 1, 0, 1, 0, 1, 0, 1, 0, 0, 1, 1, 0, 1, 0, 0, 0, 0, 0], [0, 0, 1, 0, 1, 0, 1, 1, 0, 0, 0, 0, 1, 0, 0, 1, 1, 0, 0, 1, 1, 0, 1, 0, 0], [1, 1, 0, 1, 1, 1, 0, 0, 1, 0, 1, 1, 0, 1, 0, 0, 0, 1, 1, 1, 0, 0, 1, 0, 0], [1, 0, 1, 0, 1, 1, 1, 0, 1, 0, 0, 0, 1, 1, 0, 0, 0, 0, 0, 1, 1, 0, 0, 1, 1], [1, 1, 1, 1, 0, 1, 1, 0, 1, 0, 1, 0, 0, 1, 1, 1, 0, 1, 1, 0, 1, 1, 0, 0, 1], [0, 0, 1, 1, 1, 0, 0, 1, 0, 0, 0, 0, 0, 0, 0, 1, 0, 1, 1, 0, 0, 1, 1, 1, 1], [0, 1, 0, 1, 1, 0, 0, 1, 1, 1, 0, 1, 0, 0, 0, 0, 1, 0, 0, 0, 0, 1, 0, 0, 0], [1, 1, 0, 0, 0, 1, 1, 0, 1, 1, 0, 1, 0, 1, 0, 0, 0, 0, 1, 1, 1, 1, 1, 1, 1], [0, 0, 1, 1, 1, 0, 1, 1, 0, 0, 1, 1, 1, 0, 0, 1, 1, 0, 1, 0, 1, 0, 0, 0, 1], [1, 0, 0, 0, 0, 0, 1, 1, 0, 0, 0, 0, 0, 1, 0, 0, 0, 1, 1, 1, 0, 0, 0, 1, 1], [0, 0, 1, 0, 1, 0, 0, 0, 1, 0, 0, 0, 1, 0, 1, 0, 0, 1, 1, 0, 1, 1, 1, 0, 0], [1, 0, 1, 0, 0, 0, 1, 1, 1, 0, 0, 0, 0, 1, 0, 1, 0, 0, 0, 1, 1, 1, 1, 0, 0], [0, 1, 0, 1, 0, 0, 0, 0, 1, 0, 1, 0, 0, 0, 1, 1, 1, 0, 0, 0, 1, 1, 0, 0, 1], [1, 0, 1, 1, 1, 0, 0, 1, 0, 1, 0, 1, 0, 0, 1, 0, 0, 1, 1, 0, 0, 1, 1, 1, 0], [0, 0, 0, 0, 1, 0, 0, 0, 0, 0, 1, 0, 1, 1, 0, 1, 1, 0, 1, 0, 0, 1, 0, 1, 1], [0, 1, 0, 0, 1, 1, 0, 0, 1, 0, 0, 1, 1, 0, 1, 0, 0, 0, 0, 0, 1, 0, 1, 1, 0], [1, 1, 0, 0, 0, 0, 1, 0, 1, 0, 0, 0, 1, 0, 1, 0, 0, 1, 1, 1, 1, 0, 0, 1, 0], [1, 0, 1, 0, 1, 1, 0, 0, 0, 1, 1, 0, 0, 1, 0, 0, 1, 0, 0, 0, 1, 0, 1, 0, 1], [0, 0, 1, 0, 1, 1, 0, 1, 1, 1, 1, 0, 0, 1, 1, 0, 1, 0, 0, 1, 0, 1, 1, 1, 0], [1, 1, 1, 1, 0, 0, 0, 1, 0, 1, 0, 1, 0, 0, 0, 0, 1, 0, 1, 0, 1, 0, 0, 1, 0], [0, 1, 0, 1, 1, 0, 0, 1, 1, 0, 1, 1, 1, 0, 0, 1, 1, 1, 0, 1, 0, 0, 1, 1, 0], [0, 0, 0, 0, 1, 1, 1, 1, 0, 0, 1, 1, 1, 1, 1, 0, 0, 0, 1, 0, 0, 0, 1, 0, 0], [0, 1, 1, 0, 0, 1, 0, 1, 0, 0, 1, 1, 0, 1, 0, 1, 0, 1, 1, 0, 1, 1, 0, 1, 0], [0, 0, 0, 1, 0, 1, 0, 1, 0, 1, 0, 0, 0, 1, 1, 1, 1, 0, 1, 1, 1, 0, 1, 0, 1], [0, 0, 0, 1, 1, 1, 0, 1, 1, 1, 0, 0, 1, 0, 1, 0, 0, 1, 0, 0, 0, 0, 0, 1, 0]]",18.0,5.0,Y,"{0: 18, 1: 138, 2: 133, 3: 128, 4: 123, 5: 118, 6: 113, 7: 108, 8: 103, 9: 98, 10: 93, 11: 88, 12: 83, 13: 78, 14: 73, 15: 68, 16: 63, 17: 58, 18: 53, 19: 48, 20: 43, 21: 38, 22: 33, 23: 28, 24: 23}",Y,"{0: 18, 1: 138, 2: 133, 3: 128, 4: 123, 5: 118, 6: 113, 7: 108, 8: 103, 9: 98, 10: 93, 11: 88, 12: 83, 13: 78, 14: 73, 15: 68, 16: 63, 17: 58, 18: 53, 19: 48, 20: 43, 21: 38, 22: 33, 23: 28, 24: 23}","{(0, 2): 1, (0, 3): 1, (0, 4): 1, (0, 7): 1, (0, 9): 9, (0, 11): 1, (0, 13): 1, (0, 16): 1, (0, 17): 1, (0, 19): 1, (1, 2): 1, (1, 4): 1, (1, 6): 25, (1, 7): 1, (1, 12): 16, (1, 15): 1, (1, 16): 53, (1, 19): 38, (1, 20): 1, (1, 22): 1, (2, 3): 117, (2, 4): 1, (2, 5): 5, (2, 8): 1, (2, 10): 1, (2, 11): 1, (2, 13): 1, (2, 17): 1, (2, 18): 1, (2, 19): 1, (2, 22): 1, (3, 4): 1, (3, 5): 1, (3, 6): 1, (3, 8): 1, (3, 12): 1, (3, 13): 1, (3, 19): 1, (3, 20): 1, (3, 23): 1, (3, 24): 1, (4, 5): 57, (4, 6): 1, (4, 8): 1, (4, 10): 37, (4, 13): 1, (4, 14): 1, (4, 15): 1, (4, 17): 1, (4, 18): 1, (4, 20): 1, (4, 21): 16, (4, 24): 1, (5, 7): 1, (5, 15): 1, (5, 17): 1, (5, 18): 1, (5, 21): 13, (5, 22): 21, (5, 23): 16, (5, 24): 1, (6, 7): 1, (6, 8): 4, (6, 9): 1, (6, 11): 78, (6, 16): 1, (6, 21): 1, (7, 8): 1, (7, 9): 75, (7, 11): 1, (7, 13): 20, (7, 18): 1, (7, 19): 1, (7, 20): 1, (7, 21): 1, (7, 22): 1, (7, 23): 1, (7, 24): 1, (8, 10): 1, (8, 11): 1, (8, 12): 1, (8, 15): 59, (8, 16): 1, (8, 18): 1, (8, 20): 30, (8, 24): 1, (9, 13): 8, (9, 17): 1, (9, 18): 1, (9, 19): 1, (9, 23): 1, (9, 24): 1, (10, 12): 1, (10, 14): 1, (10, 17): 48, (10, 18): 1, (10, 20): 1, (10, 21): 1, (10, 22): 1, (11, 13): 1, (11, 15): 1, (11, 19): 1, (11, 20): 1, (11, 21): 1, (11, 22): 1, (12, 14): 55, (12, 15): 1, (12, 16): 1, (12, 20): 1, (12, 21): 1, (12, 24): 5, (13, 14): 1, (13, 17): 1, (13, 18): 40, (13, 21): 1, (13, 22): 1, (13, 23): 1, (14, 15): 1, (14, 16): 1, (14, 18): 1, (14, 21): 1, (14, 23): 1, (14, 24): 10, (15, 20): 1, (15, 22): 1, (15, 23): 1, (16, 17): 1, (16, 18): 1, (16, 19): 1, (16, 20): 1, (16, 23): 1, (17, 20): 1, (17, 22): 1, (17, 24): 1, (18, 19): 1, (18, 21): 1, (18, 22): 1, (18, 23): 1, (19, 20): 1, (19, 23): 1, (20, 22): 1, (20, 23): 1, (21, 22): 1, (22, 23): 1, (23, 24): 1}",1348.0186462402344,145.0,25.0,290.0
2.0,Graph with 25 nodes and 168 edges,"[[0, 0, 0, 0, 0, 0, 1, 0, 1, 0, 1, 1, 0, 0, 1, 1, 1, 1, 1, 1, 0, 1, 0, 1, 1], [0, 0, 1, 1, 1, 0, 0, 1, 1, 0, 1, 1, 0, 1, 0, 0, 1, 1, 0, 1, 0, 1, 0, 1, 1], [0, 1, 0, 0, 1, 0, 1, 1, 1, 1, 0, 1, 1, 1, 1, 0, 0, 1, 1, 1, 0, 0, 1, 0, 1], [0, 1, 0, 0, 1, 1, 0, 0, 0, 0, 0, 1, 1, 1, 1, 0, 1, 0, 0, 1, 1, 1, 1, 0, 0], [0, 1, 1, 1, 0, 1, 1, 0, 1, 1, 0, 1, 1, 1, 1, 1, 1, 1, 0, 1, 1, 0, 1, 1, 0], [0, 0, 0, 1, 1, 0, 1, 1, 0, 1, 1, 0, 0, 0, 0, 0, 1, 1, 1, 0, 1, 1, 0, 1, 0], [1, 0, 1, 0, 1, 1, 0, 0, 1, 1, 0, 1, 1, 0, 1, 1, 0, 0, 1, 0, 0, 1, 1, 1, 0], [0, 1, 1, 0, 0, 1, 0, 0, 1, 0, 1, 1, 0, 1, 1, 1, 0, 1, 0, 1, 1, 0, 1, 1, 1], [1, 1, 1, 0, 1, 0, 1, 1, 0, 1, 0, 1, 1, 1, 0, 0, 1, 1, 0, 1, 1, 1, 0, 0, 1], [0, 0, 1, 0, 1, 1, 1, 0, 1, 0, 0, 1, 0, 0, 0, 0, 1, 0, 1, 1, 0, 1, 0, 0, 0], [1, 1, 0, 0, 0, 1, 0, 1, 0, 0, 0, 0, 1, 1, 0, 0, 1, 1, 1, 0, 0, 0, 0, 1, 1], [1, 1, 1, 1, 1, 0, 1, 1, 1, 1, 0, 0, 1, 0, 1, 0, 0, 0, 0, 1, 1, 0, 1, 0, 0], [0, 0, 1, 1, 1, 0, 1, 0, 1, 0, 1, 1, 0, 1, 0, 1, 0, 1, 1, 0, 1, 1, 0, 0, 1], [0, 1, 1, 1, 1, 0, 0, 1, 1, 0, 1, 0, 1, 0, 0, 0, 1, 1, 1, 0, 1, 1, 1, 0, 0], [1, 0, 1, 1, 1, 0, 1, 1, 0, 0, 0, 1, 0, 0, 0, 0, 0, 1, 0, 1, 0, 0, 0, 1, 1], [1, 0, 0, 0, 1, 0, 1, 1, 0, 0, 0, 0, 1, 0, 0, 0, 0, 1, 0, 0, 1, 0, 0, 1, 1], [1, 1, 0, 1, 1, 1, 0, 0, 1, 1, 1, 0, 0, 1, 0, 0, 0, 0, 0, 1, 1, 1, 0, 1, 0], [1, 1, 1, 0, 1, 1, 0, 1, 1, 0, 1, 0, 1, 1, 1, 1, 0, 0, 1, 1, 1, 0, 1, 0, 1], [1, 0, 1, 0, 0, 1, 1, 0, 0, 1, 1, 0, 1, 1, 0, 0, 0, 1, 0, 1, 1, 1, 0, 1, 0], [1, 1, 1, 1, 1, 0, 0, 1, 1, 1, 0, 1, 0, 0, 1, 0, 1, 1, 1, 0, 0, 0, 1, 1, 1], [0, 0, 0, 1, 1, 1, 0, 1, 1, 0, 0, 1, 1, 1, 0, 1, 1, 1, 1, 0, 0, 0, 1, 0, 1], [1, 1, 0, 1, 0, 1, 1, 0, 1, 1, 0, 0, 1, 1, 0, 0, 1, 0, 1, 0, 0, 0, 0, 1, 0], [0, 0, 1, 1, 1, 0, 1, 1, 0, 0, 0, 1, 0, 1, 0, 0, 0, 1, 0, 1, 1, 0, 0, 1, 1], [1, 1, 0, 0, 1, 1, 1, 1, 0, 0, 1, 0, 0, 0, 1, 1, 1, 0, 1, 1, 0, 1, 1, 0, 0], [1, 1, 1, 0, 0, 0, 0, 1, 1, 0, 1, 0, 1, 0, 1, 1, 0, 1, 0, 1, 1, 0, 1, 0, 0]]",24.0,1.0,Y,"{0: 24, 1: 48, 2: 47, 3: 46, 4: 45, 5: 44, 6: 43, 7: 42, 8: 41, 9: 40, 10: 39, 11: 38, 12: 37, 13: 36, 14: 35, 15: 34, 16: 33, 17: 32, 18: 31, 19: 30, 20: 29, 21: 28, 22: 27, 23: 26, 24: 25}",Y,"{0: 24, 1: 48, 2: 47, 3: 46, 4: 45, 5: 44, 6: 43, 7: 42, 8: 41, 9: 40, 10: 39, 11: 38, 12: 37, 13: 36, 14: 35, 15: 34, 16: 33, 17: 32, 18: 31, 19: 30, 20: 29, 21: 28, 22: 27, 23: 26, 24: 25}","{(0, 6): 1, (0, 8): 1, (0, 10): 1, (0, 11): 3, (0, 14): 1, (0, 15): 1, (0, 16): 1, (0, 17): 10, (0, 18): 1, (0, 19): 1, (0, 21): 1, (0, 23): 1, (0, 24): 1, (1, 2): 1, (1, 3): 1, (1, 4): 1, (1, 7): 1, (1, 8): 7, (1, 10): 29, (1, 11): 1, (1, 13): 1, (1, 16): 1, (1, 17): 1, (1, 19): 1, (1, 21): 1, (1, 23): 1, (1, 24): 1, (2, 4): 1, (2, 6): 1, (2, 7): 3, (2, 8): 1, (2, 9): 31, (2, 11): 1, (2, 12): 1, (2, 13): 1, (2, 14): 1, (2, 17): 1, (2, 18): 1, (2, 19): 1, (2, 22): 1, (2, 24): 1, (3, 4): 3, (3, 5): 13, (3, 11): 21, (3, 12): 1, (3, 13): 1, (3, 14): 1, (3, 16): 1, (3, 19): 1, (3, 20): 1, (3, 21): 1, (3, 22): 1, (4, 5): 1, (4, 6): 1, (4, 8): 1, (4, 9): 1, (4, 11): 1, (4, 12): 1, (4, 13): 1, (4, 14): 1, (4, 15): 26, (4, 16): 1, (4, 17): 1, (4, 19): 1, (4, 20): 1, (4, 22): 1, (4, 23): 1, (5, 6): 1, (5, 7): 1, (5, 9): 1, (5, 10): 1, (5, 16): 21, (5, 17): 1, (5, 18): 1, (5, 20): 1, (5, 21): 1, (5, 23): 1, (6, 8): 9, (6, 9): 1, (6, 11): 1, (6, 12): 6, (6, 14): 1, (6, 15): 1, (6, 18): 1, (6, 21): 17, (6, 22): 1, (6, 23): 1, (7, 8): 1, (7, 10): 1, (7, 11): 1, (7, 13): 1, (7, 14): 25, (7, 15): 1, (7, 17): 1, (7, 19): 1, (7, 20): 1, (7, 22): 2, (7, 23): 1, (7, 24): 1, (8, 9): 1, (8, 11): 1, (8, 12): 1, (8, 13): 9, (8, 16): 1, (8, 17): 4, (8, 19): 1, (8, 20): 1, (8, 21): 1, (8, 24): 1, (9, 11): 1, (9, 16): 1, (9, 18): 1, (9, 19): 1, (9, 21): 1, (10, 12): 1, (10, 13): 1, (10, 16): 1, (10, 17): 1, (10, 18): 1, (10, 23): 1, (10, 24): 1, (11, 12): 1, (11, 14): 1, (11, 19): 3, (11, 20): 1, (11, 22): 1, (12, 13): 1, (12, 15): 1, (12, 17): 1, (12, 18): 19, (12, 20): 1, (12, 21): 1, (12, 24): 1, (13, 16): 1, (13, 17): 1, (13, 18): 1, (13, 20): 15, (13, 21): 1, (13, 22): 1, (14, 17): 1, (14, 19): 1, (14, 23): 1, (14, 24): 1, (15, 17): 1, (15, 20): 1, (15, 23): 1, (15, 24): 1, (16, 19): 1, (16, 20): 1, (16, 21): 1, (16, 23): 1, (17, 18): 1, (17, 19): 1, (17, 20): 2, (17, 22): 3, (17, 24): 1, (18, 19): 1, (18, 20): 1, (18, 21): 1, (18, 23): 1, (19, 22): 1, (19, 23): 1, (19, 24): 13, (20, 22): 1, (20, 24): 1, (21, 23): 1, (22, 23): 13, (22, 24): 1}",43.15376281738281,168.0,25.0,336.0
2.0,Graph with 25 nodes and 168 edges,"[[0, 0, 0, 0, 0, 0, 1, 0, 1, 0, 1, 1, 0, 0, 1, 1, 1, 1, 1, 1, 0, 1, 0, 1, 1], [0, 0, 1, 1, 1, 0, 0, 1, 1, 0, 1, 1, 0, 1, 0, 0, 1, 1, 0, 1, 0, 1, 0, 1, 1], [0, 1, 0, 0, 1, 0, 1, 1, 1, 1, 0, 1, 1, 1, 1, 0, 0, 1, 1, 1, 0, 0, 1, 0, 1], [0, 1, 0, 0, 1, 1, 0, 0, 0, 0, 0, 1, 1, 1, 1, 0, 1, 0, 0, 1, 1, 1, 1, 0, 0], [0, 1, 1, 1, 0, 1, 1, 0, 1, 1, 0, 1, 1, 1, 1, 1, 1, 1, 0, 1, 1, 0, 1, 1, 0], [0, 0, 0, 1, 1, 0, 1, 1, 0, 1, 1, 0, 0, 0, 0, 0, 1, 1, 1, 0, 1, 1, 0, 1, 0], [1, 0, 1, 0, 1, 1, 0, 0, 1, 1, 0, 1, 1, 0, 1, 1, 0, 0, 1, 0, 0, 1, 1, 1, 0], [0, 1, 1, 0, 0, 1, 0, 0, 1, 0, 1, 1, 0, 1, 1, 1, 0, 1, 0, 1, 1, 0, 1, 1, 1], [1, 1, 1, 0, 1, 0, 1, 1, 0, 1, 0, 1, 1, 1, 0, 0, 1, 1, 0, 1, 1, 1, 0, 0, 1], [0, 0, 1, 0, 1, 1, 1, 0, 1, 0, 0, 1, 0, 0, 0, 0, 1, 0, 1, 1, 0, 1, 0, 0, 0], [1, 1, 0, 0, 0, 1, 0, 1, 0, 0, 0, 0, 1, 1, 0, 0, 1, 1, 1, 0, 0, 0, 0, 1, 1], [1, 1, 1, 1, 1, 0, 1, 1, 1, 1, 0, 0, 1, 0, 1, 0, 0, 0, 0, 1, 1, 0, 1, 0, 0], [0, 0, 1, 1, 1, 0, 1, 0, 1, 0, 1, 1, 0, 1, 0, 1, 0, 1, 1, 0, 1, 1, 0, 0, 1], [0, 1, 1, 1, 1, 0, 0, 1, 1, 0, 1, 0, 1, 0, 0, 0, 1, 1, 1, 0, 1, 1, 1, 0, 0], [1, 0, 1, 1, 1, 0, 1, 1, 0, 0, 0, 1, 0, 0, 0, 0, 0, 1, 0, 1, 0, 0, 0, 1, 1], [1, 0, 0, 0, 1, 0, 1, 1, 0, 0, 0, 0, 1, 0, 0, 0, 0, 1, 0, 0, 1, 0, 0, 1, 1], [1, 1, 0, 1, 1, 1, 0, 0, 1, 1, 1, 0, 0, 1, 0, 0, 0, 0, 0, 1, 1, 1, 0, 1, 0], [1, 1, 1, 0, 1, 1, 0, 1, 1, 0, 1, 0, 1, 1, 1, 1, 0, 0, 1, 1, 1, 0, 1, 0, 1], [1, 0, 1, 0, 0, 1, 1, 0, 0, 1, 1, 0, 1, 1, 0, 0, 0, 1, 0, 1, 1, 1, 0, 1, 0], [1, 1, 1, 1, 1, 0, 0, 1, 1, 1, 0, 1, 0, 0, 1, 0, 1, 1, 1, 0, 0, 0, 1, 1, 1], [0, 0, 0, 1, 1, 1, 0, 1, 1, 0, 0, 1, 1, 1, 0, 1, 1, 1, 1, 0, 0, 0, 1, 0, 1], [1, 1, 0, 1, 0, 1, 1, 0, 1, 1, 0, 0, 1, 1, 0, 0, 1, 0, 1, 0, 0, 0, 0, 1, 0], [0, 0, 1, 1, 1, 0, 1, 1, 0, 0, 0, 1, 0, 1, 0, 0, 0, 1, 0, 1, 1, 0, 0, 1, 1], [1, 1, 0, 0, 1, 1, 1, 1, 0, 0, 1, 0, 0, 0, 1, 1, 1, 0, 1, 1, 0, 1, 1, 0, 0], [1, 1, 1, 0, 0, 0, 0, 1, 1, 0, 1, 0, 1, 0, 1, 1, 0, 1, 0, 1, 1, 0, 1, 0, 0]]",26.0,2.0,Y,"{0: 28, 1: 30, 2: 32, 3: 34, 4: 36, 5: 38, 6: 40, 7: 42, 8: 44, 9: 46, 10: 48, 11: 50, 12: 52, 13: 54, 14: 56, 15: 58, 16: 60, 17: 62, 18: 64, 19: 66, 20: 68, 21: 70, 22: 72, 23: 74, 24: 26}",Y,"{0: 28, 1: 30, 2: 32, 3: 34, 4: 36, 5: 38, 6: 40, 7: 42, 8: 44, 9: 46, 10: 48, 11: 50, 12: 52, 13: 54, 14: 56, 15: 58, 16: 60, 17: 62, 18: 64, 19: 66, 20: 68, 21: 70, 22: 72, 23: 74, 24: 26}","{(0, 6): 1, (0, 8): 1, (0, 10): 1, (0, 11): 1, (0, 14): 16, (0, 15): 1, (0, 16): 1, (0, 17): 1, (0, 18): 1, (0, 19): 1, (0, 21): 1, (0, 23): 1, (0, 24): 1, (1, 2): 1, (1, 3): 1, (1, 4): 1, (1, 7): 1, (1, 8): 1, (1, 10): 1, (1, 11): 1, (1, 13): 14, (1, 16): 1, (1, 17): 1, (1, 19): 1, (1, 21): 1, (1, 23): 4, (1, 24): 1, (2, 4): 1, (2, 6): 1, (2, 7): 1, (2, 8): 1, (2, 9): 1, (2, 11): 1, (2, 12): 1, (2, 13): 1, (2, 14): 1, (2, 17): 1, (2, 18): 1, (2, 19): 18, (2, 22): 1, (2, 24): 1, (3, 4): 1, (3, 5): 1, (3, 11): 1, (3, 12): 1, (3, 13): 1, (3, 14): 1, (3, 16): 1, (3, 19): 1, (3, 20): 1, (3, 21): 1, (3, 22): 23, (4, 5): 2, (4, 6): 1, (4, 8): 6, (4, 9): 1, (4, 11): 1, (4, 12): 1, (4, 13): 1, (4, 14): 1, (4, 15): 1, (4, 16): 1, (4, 17): 1, (4, 19): 1, (4, 20): 1, (4, 22): 13, (4, 23): 1, (5, 6): 1, (5, 7): 1, (5, 9): 1, (5, 10): 1, (5, 16): 1, (5, 17): 8, (5, 18): 1, (5, 20): 19, (5, 21): 1, (5, 23): 1, (6, 8): 1, (6, 9): 27, (6, 11): 1, (6, 12): 1, (6, 14): 1, (6, 15): 1, (6, 18): 1, (6, 21): 1, (6, 22): 1, (6, 23): 1, (7, 8): 1, (7, 10): 1, (7, 11): 1, (7, 13): 28, (7, 14): 1, (7, 15): 1, (7, 17): 1, (7, 19): 1, (7, 20): 1, (7, 22): 1, (7, 23): 1, (7, 24): 1, (8, 9): 1, (8, 11): 1, (8, 12): 1, (8, 13): 1, (8, 16): 1, (8, 17): 1, (8, 19): 24, (8, 20): 1, (8, 21): 1, (8, 24): 1, (9, 11): 11, (9, 16): 1, (9, 18): 1, (9, 19): 1, (9, 21): 1, (10, 12): 1, (10, 13): 1, (10, 16): 38, (10, 17): 1, (10, 18): 1, (10, 23): 1, (10, 24): 1, (11, 12): 1, (11, 14): 1, (11, 19): 1, (11, 20): 1, (11, 22): 27, (12, 13): 1, (12, 15): 1, (12, 17): 39, (12, 18): 1, (12, 20): 1, (12, 21): 1, (12, 24): 1, (13, 16): 1, (13, 17): 1, (13, 18): 1, (13, 20): 1, (13, 21): 1, (13, 22): 1, (14, 17): 1, (14, 19): 1, (14, 23): 31, (14, 24): 1, (15, 17): 1, (15, 20): 37, (15, 23): 1, (15, 24): 14, (16, 19): 11, (16, 20): 1, (16, 21): 1, (16, 23): 1, (17, 18): 1, (17, 19): 1, (17, 20): 1, (17, 22): 1, (17, 24): 1, (18, 19): 1, (18, 20): 1, (18, 21): 42, (18, 23): 11, (19, 22): 1, (19, 23): 1, (19, 24): 1, (20, 22): 1, (20, 24): 1, (21, 23): 18, (22, 23): 1, (22, 24): 1}",1436.9487762451172,168.0,25.0,336.0
4.0,Graph with 25 nodes and 152 edges,"[[0, 0, 1, 1, 1, 1, 0, 1, 0, 1, 0, 0, 1, 1, 0, 1, 0, 0, 0, 0, 1, 1, 1, 0, 0], [0, 0, 1, 0, 0, 1, 1, 0, 1, 0, 0, 0, 0, 0, 1, 0, 0, 0, 1, 0, 1, 1, 1, 0, 0], [1, 1, 0, 1, 1, 0, 1, 0, 0, 1, 1, 0, 1, 1, 1, 0, 1, 1, 0, 0, 1, 0, 0, 1, 1], [1, 0, 1, 0, 0, 1, 1, 1, 0, 0, 0, 0, 0, 0, 1, 0, 0, 0, 0, 1, 1, 1, 0, 0, 0], [1, 0, 1, 0, 0, 1, 1, 1, 0, 0, 1, 1, 0, 0, 0, 1, 1, 0, 1, 0, 0, 0, 1, 0, 1], [1, 1, 0, 1, 1, 0, 0, 1, 0, 0, 1, 0, 0, 0, 0, 1, 1, 1, 1, 1, 1, 0, 1, 0, 1], [0, 1, 1, 1, 1, 0, 0, 0, 1, 0, 1, 1, 1, 1, 1, 1, 0, 0, 1, 1, 0, 1, 0, 1, 1], [1, 0, 0, 1, 1, 1, 0, 0, 0, 0, 0, 1, 1, 1, 0, 1, 1, 1, 1, 1, 0, 1, 0, 0, 1], [0, 1, 0, 0, 0, 0, 1, 0, 0, 1, 0, 0, 1, 1, 0, 0, 0, 0, 1, 0, 1, 1, 1, 0, 1], [1, 0, 1, 0, 0, 0, 0, 0, 1, 0, 0, 1, 0, 1, 0, 1, 0, 0, 0, 0, 0, 0, 0, 1, 0], [0, 0, 1, 0, 1, 1, 1, 0, 0, 0, 0, 1, 0, 1, 1, 1, 1, 0, 1, 0, 0, 1, 1, 0, 0], [0, 0, 0, 0, 1, 0, 1, 1, 0, 1, 1, 0, 1, 1, 0, 0, 1, 0, 0, 0, 0, 1, 1, 1, 1], [1, 0, 1, 0, 0, 0, 1, 1, 1, 0, 0, 1, 0, 1, 1, 1, 0, 0, 1, 1, 0, 1, 1, 0, 1], [1, 0, 1, 0, 0, 0, 1, 1, 1, 1, 1, 1, 1, 0, 0, 1, 0, 1, 0, 1, 1, 0, 1, 0, 0], [0, 1, 1, 1, 0, 0, 1, 0, 0, 0, 1, 0, 1, 0, 0, 0, 1, 1, 1, 1, 1, 1, 1, 0, 0], [1, 0, 0, 0, 1, 1, 1, 1, 0, 1, 1, 0, 1, 1, 0, 0, 0, 0, 1, 0, 0, 0, 1, 1, 0], [0, 0, 1, 0, 1, 1, 0, 1, 0, 0, 1, 1, 0, 0, 1, 0, 0, 1, 1, 0, 0, 0, 0, 1, 0], [0, 0, 1, 0, 0, 1, 0, 1, 0, 0, 0, 0, 0, 1, 1, 0, 1, 0, 0, 0, 1, 1, 0, 0, 1], [0, 1, 0, 0, 1, 1, 1, 1, 1, 0, 1, 0, 1, 0, 1, 1, 1, 0, 0, 1, 0, 0, 1, 1, 1], [0, 0, 0, 1, 0, 1, 1, 1, 0, 0, 0, 0, 1, 1, 1, 0, 0, 0, 1, 0, 0, 1, 0, 1, 1], [1, 1, 1, 1, 0, 1, 0, 0, 1, 0, 0, 0, 0, 1, 1, 0, 0, 1, 0, 0, 0, 1, 0, 0, 1], [1, 1, 0, 1, 0, 0, 1, 1, 1, 0, 1, 1, 1, 0, 1, 0, 0, 1, 0, 1, 1, 0, 0, 1, 1], [1, 1, 0, 0, 1, 1, 0, 0, 1, 0, 1, 1, 1, 1, 1, 1, 0, 0, 1, 0, 0, 0, 0, 1, 0], [0, 0, 1, 0, 0, 0, 1, 0, 0, 1, 0, 1, 0, 0, 0, 1, 1, 0, 1, 1, 0, 1, 1, 0, 1], [0, 0, 1, 0, 1, 1, 1, 1, 1, 0, 0, 1, 1, 0, 0, 0, 0, 1, 1, 1, 1, 1, 0, 1, 0]]",28.0,2.0,Y,"{0: 28, 1: 76, 2: 74, 3: 72, 4: 70, 5: 68, 6: 66, 7: 64, 8: 62, 9: 60, 10: 58, 11: 56, 12: 54, 13: 52, 14: 50, 15: 48, 16: 46, 17: 44, 18: 42, 19: 40, 20: 38, 21: 36, 22: 34, 23: 32, 24: 30}",Y,"{0: 28, 1: 76, 2: 74, 3: 72, 4: 70, 5: 68, 6: 66, 7: 64, 8: 62, 9: 60, 10: 58, 11: 56, 12: 54, 13: 52, 14: 50, 15: 48, 16: 46, 17: 44, 18: 42, 19: 40, 20: 38, 21: 36, 22: 34, 23: 32, 24: 30}","{(0, 2): 1, (0, 3): 5, (0, 4): 10, (0, 5): 1, (0, 7): 1, (0, 9): 4, (0, 12): 1, (0, 13): 1, (0, 15): 1, (0, 20): 1, (0, 21): 1, (0, 22): 1, (1, 2): 1, (1, 5): 19, (1, 6): 1, (1, 8): 4, (1, 14): 1, (1, 18): 5, (1, 20): 1, (1, 21): 22, (1, 22): 22, (2, 3): 1, (2, 4): 1, (2, 6): 29, (2, 9): 30, (2, 10): 1, (2, 12): 1, (2, 13): 1, (2, 14): 1, (2, 16): 1, (2, 17): 3, (2, 20): 1, (2, 23): 1, (2, 24): 1, (3, 5): 1, (3, 6): 23, (3, 7): 1, (3, 14): 38, (3, 19): 1, (3, 20): 1, (3, 21): 1, (4, 5): 1, (4, 6): 1, (4, 7): 1, (4, 10): 11, (4, 11): 1, (4, 15): 1, (4, 16): 1, (4, 18): 24, (4, 22): 1, (4, 24): 17, (5, 7): 1, (5, 10): 1, (5, 15): 1, (5, 16): 37, (5, 17): 1, (5, 18): 1, (5, 19): 1, (5, 20): 1, (5, 22): 1, (5, 24): 1, (6, 8): 1, (6, 10): 1, (6, 11): 1, (6, 12): 1, (6, 13): 1, (6, 14): 1, (6, 15): 1, (6, 18): 1, (6, 19): 1, (6, 21): 1, (6, 23): 1, (6, 24): 1, (7, 11): 45, (7, 12): 1, (7, 13): 1, (7, 15): 1, (7, 16): 1, (7, 17): 7, (7, 18): 1, (7, 19): 1, (7, 21): 1, (7, 24): 1, (8, 9): 1, (8, 12): 12, (8, 13): 39, (8, 18): 1, (8, 20): 1, (8, 21): 1, (8, 22): 1, (8, 24): 1, (9, 11): 1, (9, 13): 1, (9, 15): 1, (9, 23): 22, (10, 11): 1, (10, 13): 1, (10, 14): 1, (10, 15): 37, (10, 16): 1, (10, 18): 1, (10, 21): 1, (10, 22): 1, (11, 12): 1, (11, 13): 1, (11, 16): 1, (11, 21): 1, (11, 22): 1, (11, 23): 1, (11, 24): 1, (12, 13): 1, (12, 14): 1, (12, 15): 1, (12, 18): 1, (12, 19): 30, (12, 21): 1, (12, 22): 1, (12, 24): 1, (13, 15): 1, (13, 17): 1, (13, 19): 1, (13, 20): 1, (13, 22): 1, (14, 16): 1, (14, 17): 1, (14, 18): 1, (14, 19): 1, (14, 20): 1, (14, 21): 1, (14, 22): 1, (15, 18): 1, (15, 22): 1, (15, 23): 1, (16, 17): 1, (16, 18): 1, (16, 23): 1, (17, 20): 28, (17, 21): 1, (17, 24): 1, (18, 19): 1, (18, 22): 1, (18, 23): 1, (18, 24): 1, (19, 21): 1, (19, 23): 1, (19, 24): 1, (20, 21): 1, (20, 24): 1, (21, 23): 1, (21, 24): 1, (22, 23): 1, (23, 24): 1}",1573.0857849121094,152.0,25.0,304.0
7.0,Graph with 25 nodes and 171 edges,"[[0, 1, 1, 1, 1, 1, 0, 0, 1, 0, 1, 1, 0, 0, 1, 0, 0, 1, 1, 1, 1, 1, 0, 1, 1], [1, 0, 1, 1, 1, 1, 0, 0, 0, 1, 0, 1, 0, 1, 1, 0, 1, 0, 0, 1, 1, 1, 1, 1, 0], [1, 1, 0, 0, 1, 0, 0, 0, 0, 1, 1, 1, 1, 1, 1, 1, 0, 1, 1, 1, 1, 0, 1, 1, 1], [1, 1, 0, 0, 1, 1, 0, 1, 1, 0, 1, 0, 0, 1, 1, 1, 0, 0, 0, 1, 0, 0, 0, 1, 0], [1, 1, 1, 1, 0, 1, 1, 1, 0, 0, 1, 0, 0, 1, 1, 0, 1, 0, 0, 1, 1, 0, 1, 1, 1], [1, 1, 0, 1, 1, 0, 1, 0, 0, 0, 1, 1, 0, 0, 1, 0, 0, 1, 1, 1, 0, 0, 0, 1, 1], [0, 0, 0, 0, 1, 1, 0, 0, 1, 0, 0, 0, 1, 1, 1, 1, 1, 1, 1, 1, 0, 0, 0, 0, 0], [0, 0, 0, 1, 1, 0, 0, 0, 0, 0, 1, 0, 1, 1, 0, 0, 0, 1, 1, 1, 1, 0, 1, 0, 0], [1, 0, 0, 1, 0, 0, 1, 0, 0, 1, 0, 1, 0, 0, 0, 0, 1, 0, 0, 0, 1, 1, 1, 1, 0], [0, 1, 1, 0, 0, 0, 0, 0, 1, 0, 1, 1, 1, 1, 0, 0, 1, 1, 1, 0, 0, 1, 0, 0, 1], [1, 0, 1, 1, 1, 1, 0, 1, 0, 1, 0, 1, 0, 1, 0, 1, 1, 0, 1, 1, 1, 1, 1, 1, 0], [1, 1, 1, 0, 0, 1, 0, 0, 1, 1, 1, 0, 0, 0, 0, 1, 0, 1, 1, 1, 0, 0, 0, 1, 1], [0, 0, 1, 0, 0, 0, 1, 1, 0, 1, 0, 0, 0, 1, 0, 1, 1, 0, 1, 1, 1, 1, 0, 0, 1], [0, 1, 1, 1, 1, 0, 1, 1, 0, 1, 1, 0, 1, 0, 0, 0, 1, 1, 1, 1, 0, 1, 0, 1, 1], [1, 1, 1, 1, 1, 1, 1, 0, 0, 0, 0, 0, 0, 0, 0, 1, 0, 1, 1, 1, 0, 0, 0, 1, 1], [0, 0, 1, 1, 0, 0, 1, 0, 0, 0, 1, 1, 1, 0, 1, 0, 1, 1, 0, 0, 0, 1, 1, 1, 0], [0, 1, 0, 0, 1, 0, 1, 0, 1, 1, 1, 0, 1, 1, 0, 1, 0, 0, 1, 1, 0, 0, 1, 1, 0], [1, 0, 1, 0, 0, 1, 1, 1, 0, 1, 0, 1, 0, 1, 1, 1, 0, 0, 1, 1, 0, 0, 0, 1, 0], [1, 0, 1, 0, 0, 1, 1, 1, 0, 1, 1, 1, 1, 1, 1, 0, 1, 1, 0, 1, 0, 0, 1, 0, 0], [1, 1, 1, 1, 1, 1, 1, 1, 0, 0, 1, 1, 1, 1, 1, 0, 1, 1, 1, 0, 0, 0, 1, 1, 1], [1, 1, 1, 0, 1, 0, 0, 1, 1, 0, 1, 0, 1, 0, 0, 0, 0, 0, 0, 0, 0, 1, 1, 1, 1], [1, 1, 0, 0, 0, 0, 0, 0, 1, 1, 1, 0, 1, 1, 0, 1, 0, 0, 0, 0, 1, 0, 0, 0, 1], [0, 1, 1, 0, 1, 0, 0, 1, 1, 0, 1, 0, 0, 0, 0, 1, 1, 0, 1, 1, 1, 0, 0, 1, 1], [1, 1, 1, 1, 1, 1, 0, 0, 1, 0, 1, 1, 0, 1, 1, 1, 1, 1, 0, 1, 1, 0, 1, 0, 1], [1, 0, 1, 0, 1, 1, 0, 0, 0, 1, 0, 1, 1, 1, 1, 0, 0, 0, 0, 1, 1, 1, 1, 1, 0]]",14.0,8.0,Y,"{0: 30, 1: 38, 2: 46, 3: 22, 4: 54, 5: 62, 6: 70, 7: 78, 8: 86, 9: 94, 10: 102, 11: 110, 12: 118, 13: 126, 14: 134, 15: 142, 16: 150, 17: 158, 18: 166, 19: 174, 20: 182, 21: 190, 22: 198, 23: 206, 24: 14}",Y,"{0: 30, 1: 38, 2: 46, 3: 22, 4: 54, 5: 62, 6: 70, 7: 78, 8: 86, 9: 94, 10: 102, 11: 110, 12: 118, 13: 126, 14: 134, 15: 142, 16: 150, 17: 158, 18: 166, 19: 174, 20: 182, 21: 190, 22: 198, 23: 206, 24: 14}","{(0, 1): 1, (0, 2): 1, (0, 3): 1, (0, 4): 1, (0, 5): 1, (0, 8): 1, (0, 10): 1, (0, 11): 1, (0, 14): 1, (0, 17): 1, (0, 18): 1, (0, 19): 1, (0, 20): 15, (0, 21): 1, (0, 23): 1, (0, 24): 1, (1, 2): 1, (1, 3): 1, (1, 4): 1, (1, 5): 1, (1, 9): 1, (1, 11): 1, (1, 13): 1, (1, 14): 24, (1, 16): 1, (1, 19): 1, (1, 20): 1, (1, 21): 1, (1, 22): 1, (1, 23): 1, (2, 4): 1, (2, 9): 1, (2, 10): 1, (2, 11): 1, (2, 12): 1, (2, 13): 1, (2, 14): 1, (2, 15): 1, (2, 17): 1, (2, 18): 1, (2, 19): 1, (2, 20): 1, (2, 22): 30, (2, 23): 1, (2, 24): 1, (3, 4): 1, (3, 5): 1, (3, 7): 1, (3, 8): 1, (3, 10): 1, (3, 13): 1, (3, 14): 11, (3, 15): 1, (3, 19): 1, (3, 23): 1, (4, 5): 1, (4, 6): 39, (4, 7): 1, (4, 10): 1, (4, 13): 1, (4, 14): 1, (4, 16): 1, (4, 19): 1, (4, 20): 1, (4, 22): 1, (4, 23): 1, (4, 24): 1, (5, 6): 1, (5, 10): 1, (5, 11): 1, (5, 14): 1, (5, 17): 50, (5, 18): 1, (5, 19): 1, (5, 23): 1, (5, 24): 1, (6, 8): 1, (6, 12): 1, (6, 13): 1, (6, 14): 1, (6, 15): 1, (6, 16): 1, (6, 17): 22, (6, 18): 1, (6, 19): 1, (7, 10): 1, (7, 12): 1, (7, 13): 1, (7, 17): 1, (7, 18): 1, (7, 19): 1, (7, 20): 69, (7, 22): 1, (8, 9): 1, (8, 11): 1, (8, 16): 1, (8, 20): 1, (8, 21): 77, (8, 22): 1, (8, 23): 1, (9, 10): 1, (9, 11): 1, (9, 12): 1, (9, 13): 1, (9, 16): 28, (9, 17): 1, (9, 18): 1, (9, 21): 56, (9, 24): 1, (10, 11): 1, (10, 13): 1, (10, 15): 1, (10, 16): 1, (10, 18): 1, (10, 19): 20, (10, 20): 1, (10, 21): 1, (10, 22): 67, (10, 23): 1, (11, 15): 1, (11, 17): 76, (11, 18): 1, (11, 19): 23, (11, 23): 1, (11, 24): 1, (12, 13): 1, (12, 15): 1, (12, 16): 1, (12, 18): 107, (12, 19): 1, (12, 20): 1, (12, 21): 1, (12, 24): 1, (13, 16): 111, (13, 17): 1, (13, 18): 1, (13, 19): 1, (13, 21): 1, (13, 23): 1, (13, 24): 1, (14, 15): 1, (14, 17): 1, (14, 18): 1, (14, 19): 70, (14, 23): 20, (14, 24): 1, (15, 16): 1, (15, 17): 1, (15, 21): 50, (15, 22): 1, (15, 23): 82, (16, 18): 1, (16, 19): 1, (16, 22): 1, (16, 23): 1, (17, 18): 1, (17, 19): 1, (17, 23): 1, (18, 19): 1, (18, 22): 46, (19, 22): 46, (19, 23): 1, (19, 24): 1, (20, 21): 1, (20, 22): 1, (20, 23): 89, (20, 24): 1, (21, 24): 1, (22, 23): 1, (22, 24): 1, (23, 24): 1}",1360.8932495117188,171.0,25.0,342.0
7.0,Graph with 25 nodes and 171 edges,"[[0, 1, 1, 1, 1, 1, 0, 0, 1, 0, 1, 1, 0, 0, 1, 0, 0, 1, 1, 1, 1, 1, 0, 1, 1], [1, 0, 1, 1, 1, 1, 0, 0, 0, 1, 0, 1, 0, 1, 1, 0, 1, 0, 0, 1, 1, 1, 1, 1, 0], [1, 1, 0, 0, 1, 0, 0, 0, 0, 1, 1, 1, 1, 1, 1, 1, 0, 1, 1, 1, 1, 0, 1, 1, 1], [1, 1, 0, 0, 1, 1, 0, 1, 1, 0, 1, 0, 0, 1, 1, 1, 0, 0, 0, 1, 0, 0, 0, 1, 0], [1, 1, 1, 1, 0, 1, 1, 1, 0, 0, 1, 0, 0, 1, 1, 0, 1, 0, 0, 1, 1, 0, 1, 1, 1], [1, 1, 0, 1, 1, 0, 1, 0, 0, 0, 1, 1, 0, 0, 1, 0, 0, 1, 1, 1, 0, 0, 0, 1, 1], [0, 0, 0, 0, 1, 1, 0, 0, 1, 0, 0, 0, 1, 1, 1, 1, 1, 1, 1, 1, 0, 0, 0, 0, 0], [0, 0, 0, 1, 1, 0, 0, 0, 0, 0, 1, 0, 1, 1, 0, 0, 0, 1, 1, 1, 1, 0, 1, 0, 0], [1, 0, 0, 1, 0, 0, 1, 0, 0, 1, 0, 1, 0, 0, 0, 0, 1, 0, 0, 0, 1, 1, 1, 1, 0], [0, 1, 1, 0, 0, 0, 0, 0, 1, 0, 1, 1, 1, 1, 0, 0, 1, 1, 1, 0, 0, 1, 0, 0, 1], [1, 0, 1, 1, 1, 1, 0, 1, 0, 1, 0, 1, 0, 1, 0, 1, 1, 0, 1, 1, 1, 1, 1, 1, 0], [1, 1, 1, 0, 0, 1, 0, 0, 1, 1, 1, 0, 0, 0, 0, 1, 0, 1, 1, 1, 0, 0, 0, 1, 1], [0, 0, 1, 0, 0, 0, 1, 1, 0, 1, 0, 0, 0, 1, 0, 1, 1, 0, 1, 1, 1, 1, 0, 0, 1], [0, 1, 1, 1, 1, 0, 1, 1, 0, 1, 1, 0, 1, 0, 0, 0, 1, 1, 1, 1, 0, 1, 0, 1, 1], [1, 1, 1, 1, 1, 1, 1, 0, 0, 0, 0, 0, 0, 0, 0, 1, 0, 1, 1, 1, 0, 0, 0, 1, 1], [0, 0, 1, 1, 0, 0, 1, 0, 0, 0, 1, 1, 1, 0, 1, 0, 1, 1, 0, 0, 0, 1, 1, 1, 0], [0, 1, 0, 0, 1, 0, 1, 0, 1, 1, 1, 0, 1, 1, 0, 1, 0, 0, 1, 1, 0, 0, 1, 1, 0], [1, 0, 1, 0, 0, 1, 1, 1, 0, 1, 0, 1, 0, 1, 1, 1, 0, 0, 1, 1, 0, 0, 0, 1, 0], [1, 0, 1, 0, 0, 1, 1, 1, 0, 1, 1, 1, 1, 1, 1, 0, 1, 1, 0, 1, 0, 0, 1, 0, 0], [1, 1, 1, 1, 1, 1, 1, 1, 0, 0, 1, 1, 1, 1, 1, 0, 1, 1, 1, 0, 0, 0, 1, 1, 1], [1, 1, 1, 0, 1, 0, 0, 1, 1, 0, 1, 0, 1, 0, 0, 0, 0, 0, 0, 0, 0, 1, 1, 1, 1], [1, 1, 0, 0, 0, 0, 0, 0, 1, 1, 1, 0, 1, 1, 0, 1, 0, 0, 0, 0, 1, 0, 0, 0, 1], [0, 1, 1, 0, 1, 0, 0, 1, 1, 0, 1, 0, 0, 0, 0, 1, 1, 0, 1, 1, 1, 0, 0, 1, 1], [1, 1, 1, 1, 1, 1, 0, 0, 1, 0, 1, 1, 0, 1, 1, 1, 1, 1, 0, 1, 1, 0, 1, 0, 1], [1, 0, 1, 0, 1, 1, 0, 0, 0, 1, 0, 1, 1, 1, 1, 0, 0, 0, 0, 1, 1, 1, 1, 1, 0]]",24.0,7.0,Y,"{0: 31, 1: 38, 2: 45, 3: 52, 4: 59, 5: 66, 6: 73, 7: 80, 8: 87, 9: 94, 10: 101, 11: 108, 12: 115, 13: 122, 14: 129, 15: 136, 16: 143, 17: 150, 18: 157, 19: 164, 20: 171, 21: 178, 22: 185, 23: 192, 24: 24}",Y,"{0: 31, 1: 38, 2: 45, 3: 52, 4: 59, 5: 66, 6: 73, 7: 80, 8: 87, 9: 94, 10: 101, 11: 108, 12: 115, 13: 122, 14: 129, 15: 136, 16: 143, 17: 150, 18: 157, 19: 164, 20: 171, 21: 178, 22: 185, 23: 192, 24: 24}","{(0, 1): 1, (0, 2): 1, (0, 3): 1, (0, 4): 1, (0, 5): 1, (0, 8): 1, (0, 10): 1, (0, 11): 1, (0, 14): 1, (0, 17): 1, (0, 18): 1, (0, 19): 1, (0, 20): 16, (0, 21): 1, (0, 23): 1, (0, 24): 1, (1, 2): 1, (1, 3): 1, (1, 4): 1, (1, 5): 1, (1, 9): 1, (1, 11): 1, (1, 13): 1, (1, 14): 1, (1, 16): 1, (1, 19): 1, (1, 20): 1, (1, 21): 1, (1, 22): 24, (1, 23): 1, (2, 4): 1, (2, 9): 1, (2, 10): 1, (2, 11): 1, (2, 12): 1, (2, 13): 1, (2, 14): 1, (2, 15): 1, (2, 17): 1, (2, 18): 29, (2, 19): 1, (2, 20): 1, (2, 22): 1, (2, 23): 1, (2, 24): 1, (3, 4): 1, (3, 5): 1, (3, 7): 27, (3, 8): 1, (3, 10): 1, (3, 13): 15, (3, 14): 1, (3, 15): 1, (3, 19): 1, (3, 23): 1, (4, 5): 1, (4, 6): 1, (4, 7): 1, (4, 10): 1, (4, 13): 1, (4, 14): 1, (4, 16): 44, (4, 19): 1, (4, 20): 1, (4, 22): 1, (4, 23): 1, (4, 24): 1, (5, 6): 1, (5, 10): 1, (5, 11): 1, (5, 14): 54, (5, 17): 1, (5, 18): 1, (5, 19): 1, (5, 23): 1, (5, 24): 1, (6, 8): 63, (6, 12): 1, (6, 13): 1, (6, 14): 1, (6, 15): 1, (6, 16): 1, (6, 17): 1, (6, 18): 1, (6, 19): 1, (7, 10): 1, (7, 12): 1, (7, 13): 20, (7, 17): 1, (7, 18): 1, (7, 19): 1, (7, 20): 1, (7, 22): 26, (8, 9): 1, (8, 11): 1, (8, 16): 16, (8, 20): 1, (8, 21): 1, (8, 22): 1, (8, 23): 1, (9, 10): 1, (9, 11): 1, (9, 12): 83, (9, 13): 1, (9, 16): 1, (9, 17): 1, (9, 18): 1, (9, 21): 1, (9, 24): 1, (10, 11): 1, (10, 13): 1, (10, 15): 1, (10, 16): 73, (10, 18): 1, (10, 19): 1, (10, 20): 1, (10, 21): 1, (10, 22): 1, (10, 23): 13, (11, 15): 1, (11, 17): 1, (11, 18): 96, (11, 19): 1, (11, 23): 1, (11, 24): 1, (12, 13): 22, (12, 15): 1, (12, 16): 1, (12, 18): 1, (12, 19): 1, (12, 20): 1, (12, 21): 1, (12, 24): 1, (13, 16): 1, (13, 17): 39, (13, 18): 1, (13, 19): 1, (13, 21): 15, (13, 23): 1, (13, 24): 1, (14, 15): 1, (14, 17): 64, (14, 18): 1, (14, 19): 1, (14, 23): 1, (14, 24): 1, (15, 16): 1, (15, 17): 1, (15, 21): 1, (15, 22): 125, (15, 23): 1, (16, 18): 1, (16, 19): 1, (16, 22): 1, (16, 23): 1, (17, 18): 20, (17, 19): 1, (17, 23): 18, (18, 19): 1, (18, 22): 1, (19, 22): 1, (19, 23): 146, (19, 24): 1, (20, 21): 145, (20, 22): 1, (20, 23): 1, (20, 24): 1, (21, 24): 11, (22, 23): 1, (22, 24): 1, (23, 24): 1}",1463.8900756835938,171.0,25.0,342.0
12.0,Graph with 25 nodes and 149 edges,"[[0, 1, 0, 0, 0, 1, 0, 0, 1, 1, 0, 0, 0, 1, 1, 1, 0, 0, 1, 0, 1, 0, 1, 1, 1], [1, 0, 0, 0, 0, 1, 1, 1, 1, 1, 1, 0, 1, 0, 0, 0, 1, 1, 1, 1, 1, 1, 1, 0, 1], [0, 0, 0, 0, 1, 0, 1, 1, 0, 1, 1, 1, 0, 1, 0, 0, 0, 0, 1, 0, 1, 0, 0, 0, 1], [0, 0, 0, 0, 0, 0, 0, 1, 1, 1, 1, 0, 1, 1, 0, 1, 1, 0, 1, 0, 0, 1, 0, 1, 0], [0, 0, 1, 0, 0, 0, 1, 1, 0, 0, 1, 0, 0, 1, 0, 0, 1, 1, 0, 1, 1, 0, 1, 0, 0], [1, 1, 0, 0, 0, 0, 0, 0, 0, 0, 0, 0, 0, 0, 0, 1, 1, 1, 0, 0, 0, 0, 0, 1, 0], [0, 1, 1, 0, 1, 0, 0, 1, 1, 0, 1, 1, 1, 1, 1, 1, 0, 1, 1, 1, 1, 1, 1, 1, 1], [0, 1, 1, 1, 1, 0, 1, 0, 0, 1, 0, 1, 1, 0, 1, 0, 0, 0, 0, 0, 0, 0, 0, 0, 1], [1, 1, 0, 1, 0, 0, 1, 0, 0, 0, 1, 0, 0, 1, 0, 0, 1, 1, 1, 1, 0, 0, 1, 1, 1], [1, 1, 1, 1, 0, 0, 0, 1, 0, 0, 0, 1, 1, 0, 1, 1, 0, 1, 0, 1, 1, 0, 0, 1, 1], [0, 1, 1, 1, 1, 0, 1, 0, 1, 0, 0, 1, 1, 1, 1, 1, 0, 0, 0, 1, 1, 0, 1, 0, 1], [0, 0, 1, 0, 0, 0, 1, 1, 0, 1, 1, 0, 0, 0, 1, 0, 1, 0, 0, 1, 1, 0, 0, 1, 1], [0, 1, 0, 1, 0, 0, 1, 1, 0, 1, 1, 0, 0, 0, 0, 0, 1, 1, 0, 1, 0, 0, 0, 1, 0], [1, 0, 1, 1, 1, 0, 1, 0, 1, 0, 1, 0, 0, 0, 0, 1, 0, 1, 1, 0, 1, 1, 1, 1, 1], [1, 0, 0, 0, 0, 0, 1, 1, 0, 1, 1, 1, 0, 0, 0, 1, 0, 1, 0, 0, 0, 1, 0, 0, 0], [1, 0, 0, 1, 0, 1, 1, 0, 0, 1, 1, 0, 0, 1, 1, 0, 1, 1, 0, 1, 0, 1, 1, 1, 0], [0, 1, 0, 1, 1, 1, 0, 0, 1, 0, 0, 1, 1, 0, 0, 1, 0, 0, 0, 1, 0, 0, 0, 1, 0], [0, 1, 0, 0, 1, 1, 1, 0, 1, 1, 0, 0, 1, 1, 1, 1, 0, 0, 1, 0, 1, 0, 1, 0, 0], [1, 1, 1, 1, 0, 0, 1, 0, 1, 0, 0, 0, 0, 1, 0, 0, 0, 1, 0, 0, 0, 0, 0, 1, 1], [0, 1, 0, 0, 1, 0, 1, 0, 1, 1, 1, 1, 1, 0, 0, 1, 1, 0, 0, 0, 0, 0, 0, 1, 0], [1, 1, 1, 0, 1, 0, 1, 0, 0, 1, 1, 1, 0, 1, 0, 0, 0, 1, 0, 0, 0, 0, 0, 1, 1], [0, 1, 0, 1, 0, 0, 1, 0, 0, 0, 0, 0, 0, 1, 1, 1, 0, 0, 0, 0, 0, 0, 0, 1, 1], [1, 1, 0, 0, 1, 0, 1, 0, 1, 0, 1, 0, 0, 1, 0, 1, 0, 1, 0, 0, 0, 0, 0, 0, 1], [1, 0, 0, 1, 0, 1, 1, 0, 1, 1, 0, 1, 1, 1, 0, 1, 1, 0, 1, 1, 1, 1, 0, 0, 0], [1, 1, 1, 0, 0, 0, 1, 1, 1, 1, 1, 1, 0, 1, 0, 0, 0, 0, 1, 0, 1, 1, 1, 0, 0]]",12.0,5.0,Y,"{0: 17, 1: 22, 2: 27, 3: 32, 4: 37, 5: 42, 6: 47, 7: 52, 8: 57, 9: 62, 10: 67, 11: 72, 12: 77, 13: 82, 14: 87, 15: 92, 16: 97, 17: 102, 18: 107, 19: 112, 20: 117, 21: 122, 22: 12, 23: 127, 24: 132}",Y,"{0: 17, 1: 22, 2: 27, 3: 32, 4: 37, 5: 42, 6: 47, 7: 52, 8: 57, 9: 62, 10: 67, 11: 72, 12: 77, 13: 82, 14: 87, 15: 92, 16: 97, 17: 102, 18: 107, 19: 112, 20: 117, 21: 122, 22: 12, 23: 127, 24: 132}","{(0, 1): 1, (0, 5): 1, (0, 8): 1, (0, 9): 1, (0, 13): 1, (0, 14): 1, (0, 15): 1, (0, 18): 6, (0, 20): 1, (0, 22): 1, (0, 23): 1, (0, 24): 1, (1, 5): 1, (1, 6): 1, (1, 7): 1, (1, 8): 1, (1, 9): 1, (1, 10): 1, (1, 12): 1, (1, 16): 1, (1, 17): 1, (1, 18): 1, (1, 19): 1, (1, 20): 1, (1, 21): 7, (1, 22): 1, (1, 24): 1, (2, 4): 1, (2, 6): 1, (2, 7): 1, (2, 9): 1, (2, 10): 1, (2, 11): 1, (2, 13): 1, (2, 18): 1, (2, 20): 1, (2, 24): 18, (3, 7): 1, (3, 8): 1, (3, 9): 1, (3, 10): 1, (3, 12): 1, (3, 13): 1, (3, 15): 1, (3, 16): 1, (3, 18): 1, (3, 21): 22, (3, 23): 1, (4, 6): 1, (4, 7): 1, (4, 10): 1, (4, 13): 1, (4, 16): 1, (4, 17): 1, (4, 19): 28, (4, 20): 1, (4, 22): 1, (5, 15): 1, (5, 16): 1, (5, 17): 37, (5, 23): 1, (6, 7): 1, (6, 8): 1, (6, 10): 1, (6, 11): 1, (6, 12): 1, (6, 13): 1, (6, 14): 1, (6, 15): 1, (6, 17): 1, (6, 18): 1, (6, 19): 27, (6, 20): 1, (6, 21): 1, (6, 22): 3, (6, 23): 1, (6, 24): 1, (7, 9): 1, (7, 11): 1, (7, 12): 43, (7, 14): 1, (7, 24): 1, (8, 10): 45, (8, 13): 1, (8, 16): 1, (8, 17): 1, (8, 18): 1, (8, 19): 1, (8, 22): 1, (8, 23): 1, (8, 24): 1, (9, 11): 1, (9, 12): 4, (9, 14): 3, (9, 15): 43, (9, 17): 1, (9, 19): 1, (9, 20): 1, (9, 23): 1, (9, 24): 2, (10, 11): 1, (10, 12): 1, (10, 13): 1, (10, 14): 1, (10, 15): 1, (10, 19): 1, (10, 20): 1, (10, 22): 1, (10, 24): 9, (11, 14): 62, (11, 16): 1, (11, 19): 1, (11, 20): 1, (11, 23): 1, (11, 24): 1, (12, 16): 1, (12, 17): 1, (12, 19): 23, (12, 23): 1, (13, 15): 1, (13, 17): 1, (13, 18): 1, (13, 20): 68, (13, 21): 1, (13, 22): 1, (13, 23): 1, (13, 24): 1, (14, 15): 1, (14, 17): 16, (14, 21): 1, (15, 16): 37, (15, 17): 1, (15, 19): 1, (15, 21): 1, (15, 22): 1, (15, 23): 1, (16, 19): 27, (16, 23): 26, (17, 18): 1, (17, 20): 39, (17, 22): 1, (18, 23): 1, (18, 24): 93, (19, 23): 1, (20, 23): 1, (20, 24): 1, (21, 23): 88, (21, 24): 1, (22, 24): 1}",1508.951187133789,149.0,25.0,298.0
12.0,Graph with 25 nodes and 149 edges,"[[0, 1, 0, 0, 0, 1, 0, 0, 1, 1, 0, 0, 0, 1, 1, 1, 0, 0, 1, 0, 1, 0, 1, 1, 1], [1, 0, 0, 0, 0, 1, 1, 1, 1, 1, 1, 0, 1, 0, 0, 0, 1, 1, 1, 1, 1, 1, 1, 0, 1], [0, 0, 0, 0, 1, 0, 1, 1, 0, 1, 1, 1, 0, 1, 0, 0, 0, 0, 1, 0, 1, 0, 0, 0, 1], [0, 0, 0, 0, 0, 0, 0, 1, 1, 1, 1, 0, 1, 1, 0, 1, 1, 0, 1, 0, 0, 1, 0, 1, 0], [0, 0, 1, 0, 0, 0, 1, 1, 0, 0, 1, 0, 0, 1, 0, 0, 1, 1, 0, 1, 1, 0, 1, 0, 0], [1, 1, 0, 0, 0, 0, 0, 0, 0, 0, 0, 0, 0, 0, 0, 1, 1, 1, 0, 0, 0, 0, 0, 1, 0], [0, 1, 1, 0, 1, 0, 0, 1, 1, 0, 1, 1, 1, 1, 1, 1, 0, 1, 1, 1, 1, 1, 1, 1, 1], [0, 1, 1, 1, 1, 0, 1, 0, 0, 1, 0, 1, 1, 0, 1, 0, 0, 0, 0, 0, 0, 0, 0, 0, 1], [1, 1, 0, 1, 0, 0, 1, 0, 0, 0, 1, 0, 0, 1, 0, 0, 1, 1, 1, 1, 0, 0, 1, 1, 1], [1, 1, 1, 1, 0, 0, 0, 1, 0, 0, 0, 1, 1, 0, 1, 1, 0, 1, 0, 1, 1, 0, 0, 1, 1], [0, 1, 1, 1, 1, 0, 1, 0, 1, 0, 0, 1, 1, 1, 1, 1, 0, 0, 0, 1, 1, 0, 1, 0, 1], [0, 0, 1, 0, 0, 0, 1, 1, 0, 1, 1, 0, 0, 0, 1, 0, 1, 0, 0, 1, 1, 0, 0, 1, 1], [0, 1, 0, 1, 0, 0, 1, 1, 0, 1, 1, 0, 0, 0, 0, 0, 1, 1, 0, 1, 0, 0, 0, 1, 0], [1, 0, 1, 1, 1, 0, 1, 0, 1, 0, 1, 0, 0, 0, 0, 1, 0, 1, 1, 0, 1, 1, 1, 1, 1], [1, 0, 0, 0, 0, 0, 1, 1, 0, 1, 1, 1, 0, 0, 0, 1, 0, 1, 0, 0, 0, 1, 0, 0, 0], [1, 0, 0, 1, 0, 1, 1, 0, 0, 1, 1, 0, 0, 1, 1, 0, 1, 1, 0, 1, 0, 1, 1, 1, 0], [0, 1, 0, 1, 1, 1, 0, 0, 1, 0, 0, 1, 1, 0, 0, 1, 0, 0, 0, 1, 0, 0, 0, 1, 0], [0, 1, 0, 0, 1, 1, 1, 0, 1, 1, 0, 0, 1, 1, 1, 1, 0, 0, 1, 0, 1, 0, 1, 0, 0], [1, 1, 1, 1, 0, 0, 1, 0, 1, 0, 0, 0, 0, 1, 0, 0, 0, 1, 0, 0, 0, 0, 0, 1, 1], [0, 1, 0, 0, 1, 0, 1, 0, 1, 1, 1, 1, 1, 0, 0, 1, 1, 0, 0, 0, 0, 0, 0, 1, 0], [1, 1, 1, 0, 1, 0, 1, 0, 0, 1, 1, 1, 0, 1, 0, 0, 0, 1, 0, 0, 0, 0, 0, 1, 1], [0, 1, 0, 1, 0, 0, 1, 0, 0, 0, 0, 0, 0, 1, 1, 1, 0, 0, 0, 0, 0, 0, 0, 1, 1], [1, 1, 0, 0, 1, 0, 1, 0, 1, 0, 1, 0, 0, 1, 0, 1, 0, 1, 0, 0, 0, 0, 0, 0, 1], [1, 0, 0, 1, 0, 1, 1, 0, 1, 1, 0, 1, 1, 1, 0, 1, 1, 0, 1, 1, 1, 1, 0, 0, 0], [1, 1, 1, 0, 0, 0, 1, 1, 1, 1, 1, 1, 0, 1, 0, 0, 0, 0, 1, 0, 1, 1, 1, 0, 0]]",18.0,6.0,Y,"{0: 24, 1: 30, 2: 36, 3: 42, 4: 48, 5: 54, 6: 60, 7: 66, 8: 72, 9: 78, 10: 84, 11: 90, 12: 96, 13: 102, 14: 108, 15: 114, 16: 120, 17: 126, 18: 132, 19: 138, 20: 144, 21: 150, 22: 156, 23: 162, 24: 18}",Y,"{0: 24, 1: 30, 2: 36, 3: 42, 4: 48, 5: 54, 6: 60, 7: 66, 8: 72, 9: 78, 10: 84, 11: 90, 12: 96, 13: 102, 14: 108, 15: 114, 16: 120, 17: 126, 18: 132, 19: 138, 20: 144, 21: 150, 22: 156, 23: 162, 24: 18}","{(0, 1): 1, (0, 5): 1, (0, 8): 1, (0, 9): 1, (0, 13): 1, (0, 14): 13, (0, 15): 1, (0, 18): 1, (0, 20): 1, (0, 22): 1, (0, 23): 1, (0, 24): 1, (1, 5): 1, (1, 6): 1, (1, 7): 1, (1, 8): 1, (1, 9): 1, (1, 10): 1, (1, 12): 1, (1, 16): 15, (1, 17): 1, (1, 18): 1, (1, 19): 1, (1, 20): 1, (1, 21): 1, (1, 22): 1, (1, 24): 1, (2, 4): 1, (2, 6): 1, (2, 7): 1, (2, 9): 1, (2, 10): 1, (2, 11): 1, (2, 13): 1, (2, 18): 27, (2, 20): 1, (2, 24): 1, (3, 7): 1, (3, 8): 1, (3, 9): 1, (3, 10): 1, (3, 12): 1, (3, 13): 1, (3, 15): 1, (3, 16): 1, (3, 18): 32, (3, 21): 1, (3, 23): 1, (4, 6): 1, (4, 7): 1, (4, 10): 1, (4, 13): 1, (4, 16): 1, (4, 17): 1, (4, 19): 1, (4, 20): 39, (4, 22): 1, (5, 15): 49, (5, 16): 1, (5, 17): 1, (5, 23): 1, (6, 7): 1, (6, 8): 1, (6, 10): 1, (6, 11): 1, (6, 12): 1, (6, 13): 1, (6, 14): 1, (6, 15): 1, (6, 17): 1, (6, 18): 1, (6, 19): 1, (6, 20): 11, (6, 21): 1, (6, 22): 32, (6, 23): 1, (6, 24): 1, (7, 9): 57, (7, 11): 1, (7, 12): 1, (7, 14): 1, (7, 24): 1, (8, 10): 1, (8, 13): 1, (8, 16): 1, (8, 17): 1, (8, 18): 1, (8, 19): 1, (8, 22): 60, (8, 23): 1, (8, 24): 1, (9, 11): 1, (9, 12): 1, (9, 14): 1, (9, 15): 1, (9, 17): 1, (9, 19): 1, (9, 20): 9, (9, 23): 1, (9, 24): 1, (10, 11): 1, (10, 12): 1, (10, 13): 1, (10, 14): 1, (10, 15): 1, (10, 19): 70, (10, 20): 1, (10, 22): 1, (10, 24): 1, (11, 14): 54, (11, 16): 1, (11, 19): 1, (11, 20): 27, (11, 23): 1, (11, 24): 1, (12, 16): 1, (12, 17): 87, (12, 19): 1, (12, 23): 1, (13, 15): 1, (13, 17): 1, (13, 18): 65, (13, 20): 24, (13, 21): 1, (13, 22): 1, (13, 23): 1, (13, 24): 1, (14, 15): 1, (14, 17): 1, (14, 21): 35, (15, 16): 1, (15, 17): 1, (15, 19): 1, (15, 21): 1, (15, 22): 53, (15, 23): 1, (16, 19): 59, (16, 23): 39, (17, 18): 1, (17, 20): 28, (17, 22): 1, (18, 23): 2, (18, 24): 1, (19, 23): 1, (20, 23): 1, (20, 24): 1, (21, 23): 109, (21, 24): 1, (22, 24): 5}",1294.851303100586,149.0,25.0,298.0
13.0,Graph with 25 nodes and 145 edges,"[[0, 0, 0, 0, 0, 0, 0, 1, 0, 1, 1, 0, 0, 0, 1, 1, 0, 1, 1, 0, 1, 1, 0, 1, 0], [0, 0, 0, 1, 1, 0, 0, 1, 0, 1, 0, 1, 0, 0, 0, 1, 1, 0, 1, 1, 1, 1, 0, 1, 0], [0, 0, 0, 1, 0, 0, 0, 1, 0, 1, 0, 1, 0, 1, 0, 1, 0, 1, 1, 1, 0, 1, 1, 0, 0], [0, 1, 1, 0, 0, 0, 0, 1, 1, 0, 0, 0, 0, 1, 1, 1, 0, 0, 0, 1, 0, 0, 1, 0, 1], [0, 1, 0, 0, 0, 1, 0, 1, 0, 1, 0, 0, 0, 1, 1, 1, 0, 1, 0, 0, 0, 0, 0, 1, 0], [0, 0, 0, 0, 1, 0, 1, 1, 1, 1, 0, 1, 0, 1, 1, 1, 1, 1, 0, 0, 0, 1, 0, 0, 0], [0, 0, 0, 0, 0, 1, 0, 1, 1, 0, 0, 1, 1, 0, 0, 0, 1, 0, 0, 1, 0, 1, 0, 0, 1], [1, 1, 1, 1, 1, 1, 1, 0, 0, 0, 1, 1, 1, 1, 1, 0, 0, 0, 0, 0, 1, 1, 1, 0, 0], [0, 0, 0, 1, 0, 1, 1, 0, 0, 1, 1, 1, 0, 1, 0, 0, 1, 1, 0, 1, 1, 0, 0, 0, 1], [1, 1, 1, 0, 1, 1, 0, 0, 1, 0, 1, 1, 0, 1, 0, 0, 1, 0, 1, 1, 1, 1, 1, 1, 0], [1, 0, 0, 0, 0, 0, 0, 1, 1, 1, 0, 1, 0, 0, 0, 0, 0, 1, 1, 0, 1, 1, 0, 1, 1], [0, 1, 1, 0, 0, 1, 1, 1, 1, 1, 1, 0, 1, 0, 0, 0, 0, 1, 0, 1, 0, 0, 0, 1, 1], [0, 0, 0, 0, 0, 0, 1, 1, 0, 0, 0, 1, 0, 1, 1, 0, 1, 1, 1, 0, 1, 0, 1, 0, 0], [0, 0, 1, 1, 1, 1, 0, 1, 1, 1, 0, 0, 1, 0, 0, 0, 1, 0, 0, 1, 0, 1, 1, 1, 1], [1, 0, 0, 1, 1, 1, 0, 1, 0, 0, 0, 0, 1, 0, 0, 0, 1, 1, 1, 1, 1, 0, 1, 0, 1], [1, 1, 1, 1, 1, 1, 0, 0, 0, 0, 0, 0, 0, 0, 0, 0, 0, 0, 0, 0, 1, 0, 0, 0, 1], [0, 1, 0, 0, 0, 1, 1, 0, 1, 1, 0, 0, 1, 1, 1, 0, 0, 1, 1, 1, 1, 1, 1, 1, 1], [1, 0, 1, 0, 1, 1, 0, 0, 1, 0, 1, 1, 1, 0, 1, 0, 1, 0, 0, 0, 0, 1, 0, 1, 0], [1, 1, 1, 0, 0, 0, 0, 0, 0, 1, 1, 0, 1, 0, 1, 0, 1, 0, 0, 1, 0, 0, 0, 1, 0], [0, 1, 1, 1, 0, 0, 1, 0, 1, 1, 0, 1, 0, 1, 1, 0, 1, 0, 1, 0, 0, 0, 1, 0, 0], [1, 1, 0, 0, 0, 0, 0, 1, 1, 1, 1, 0, 1, 0, 1, 1, 1, 0, 0, 0, 0, 0, 0, 0, 0], [1, 1, 1, 0, 0, 1, 1, 1, 0, 1, 1, 0, 0, 1, 0, 0, 1, 1, 0, 0, 0, 0, 0, 1, 0], [0, 0, 1, 1, 0, 0, 0, 1, 0, 1, 0, 0, 1, 1, 1, 0, 1, 0, 0, 1, 0, 0, 0, 1, 0], [1, 1, 0, 0, 1, 0, 0, 0, 0, 1, 1, 1, 0, 1, 0, 0, 1, 1, 1, 0, 0, 1, 1, 0, 1], [0, 0, 0, 1, 0, 0, 1, 0, 1, 0, 1, 1, 0, 1, 1, 1, 1, 0, 0, 0, 0, 0, 0, 1, 0]]",12.0,8.0,Y,"{0: 20, 1: 28, 2: 36, 3: 44, 4: 52, 5: 60, 6: 68, 7: 76, 8: 84, 9: 92, 10: 100, 11: 108, 12: 116, 13: 124, 14: 132, 15: 140, 16: 148, 17: 156, 18: 164, 19: 172, 20: 180, 21: 188, 22: 196, 23: 204, 24: 12}",Y,"{0: 20, 1: 28, 2: 36, 3: 44, 4: 52, 5: 60, 6: 68, 7: 76, 8: 84, 9: 92, 10: 100, 11: 108, 12: 116, 13: 124, 14: 132, 15: 140, 16: 148, 17: 156, 18: 164, 19: 172, 20: 180, 21: 188, 22: 196, 23: 204, 24: 12}","{(0, 7): 1, (0, 9): 1, (0, 10): 1, (0, 14): 1, (0, 15): 1, (0, 17): 1, (0, 18): 1, (0, 20): 1, (0, 21): 1, (0, 23): 11, (1, 3): 1, (1, 4): 1, (1, 7): 1, (1, 9): 1, (1, 11): 1, (1, 15): 12, (1, 16): 1, (1, 18): 1, (1, 19): 1, (1, 20): 6, (1, 21): 1, (1, 23): 1, (2, 3): 1, (2, 7): 1, (2, 9): 1, (2, 11): 1, (2, 13): 1, (2, 15): 1, (2, 17): 1, (2, 18): 1, (2, 19): 1, (2, 21): 1, (2, 22): 26, (3, 7): 1, (3, 8): 1, (3, 13): 1, (3, 14): 1, (3, 15): 1, (3, 19): 1, (3, 22): 35, (3, 24): 1, (4, 5): 1, (4, 7): 1, (4, 9): 1, (4, 13): 1, (4, 14): 1, (4, 15): 1, (4, 17): 1, (4, 23): 44, (5, 6): 1, (5, 7): 1, (5, 8): 1, (5, 9): 1, (5, 11): 1, (5, 13): 1, (5, 14): 1, (5, 15): 1, (5, 16): 1, (5, 17): 1, (5, 21): 49, (6, 7): 1, (6, 8): 1, (6, 11): 1, (6, 12): 1, (6, 16): 1, (6, 19): 1, (6, 21): 60, (6, 24): 1, (7, 10): 1, (7, 11): 1, (7, 12): 1, (7, 13): 62, (7, 14): 1, (7, 20): 1, (7, 21): 1, (7, 22): 1, (8, 9): 1, (8, 10): 1, (8, 11): 1, (8, 13): 1, (8, 16): 1, (8, 17): 1, (8, 19): 73, (8, 20): 1, (8, 24): 1, (9, 10): 1, (9, 11): 1, (9, 13): 1, (9, 16): 68, (9, 18): 1, (9, 19): 1, (9, 20): 1, (9, 21): 1, (9, 22): 1, (9, 23): 10, (10, 11): 1, (10, 17): 1, (10, 18): 1, (10, 20): 47, (10, 21): 1, (10, 23): 44, (10, 24): 1, (11, 12): 1, (11, 17): 76, (11, 19): 21, (11, 23): 1, (11, 24): 1, (12, 13): 1, (12, 14): 107, (12, 16): 1, (12, 17): 1, (12, 18): 1, (12, 20): 1, (12, 22): 1, (13, 16): 1, (13, 19): 1, (13, 21): 1, (13, 22): 50, (13, 23): 1, (13, 24): 1, (14, 16): 1, (14, 17): 1, (14, 18): 1, (14, 19): 1, (14, 20): 1, (14, 22): 14, (14, 24): 1, (15, 20): 120, (15, 24): 3, (16, 17): 1, (16, 18): 1, (16, 19): 1, (16, 20): 1, (16, 21): 1, (16, 22): 66, (16, 23): 1, (16, 24): 1, (17, 21): 70, (17, 23): 1, (18, 19): 69, (18, 23): 87, (19, 22): 1, (21, 23): 1, (22, 23): 1, (23, 24): 1}",1272.9167938232422,145.0,25.0,290.0
13.0,Graph with 25 nodes and 145 edges,"[[0, 0, 0, 0, 0, 0, 0, 1, 0, 1, 1, 0, 0, 0, 1, 1, 0, 1, 1, 0, 1, 1, 0, 1, 0], [0, 0, 0, 1, 1, 0, 0, 1, 0, 1, 0, 1, 0, 0, 0, 1, 1, 0, 1, 1, 1, 1, 0, 1, 0], [0, 0, 0, 1, 0, 0, 0, 1, 0, 1, 0, 1, 0, 1, 0, 1, 0, 1, 1, 1, 0, 1, 1, 0, 0], [0, 1, 1, 0, 0, 0, 0, 1, 1, 0, 0, 0, 0, 1, 1, 1, 0, 0, 0, 1, 0, 0, 1, 0, 1], [0, 1, 0, 0, 0, 1, 0, 1, 0, 1, 0, 0, 0, 1, 1, 1, 0, 1, 0, 0, 0, 0, 0, 1, 0], [0, 0, 0, 0, 1, 0, 1, 1, 1, 1, 0, 1, 0, 1, 1, 1, 1, 1, 0, 0, 0, 1, 0, 0, 0], [0, 0, 0, 0, 0, 1, 0, 1, 1, 0, 0, 1, 1, 0, 0, 0, 1, 0, 0, 1, 0, 1, 0, 0, 1], [1, 1, 1, 1, 1, 1, 1, 0, 0, 0, 1, 1, 1, 1, 1, 0, 0, 0, 0, 0, 1, 1, 1, 0, 0], [0, 0, 0, 1, 0, 1, 1, 0, 0, 1, 1, 1, 0, 1, 0, 0, 1, 1, 0, 1, 1, 0, 0, 0, 1], [1, 1, 1, 0, 1, 1, 0, 0, 1, 0, 1, 1, 0, 1, 0, 0, 1, 0, 1, 1, 1, 1, 1, 1, 0], [1, 0, 0, 0, 0, 0, 0, 1, 1, 1, 0, 1, 0, 0, 0, 0, 0, 1, 1, 0, 1, 1, 0, 1, 1], [0, 1, 1, 0, 0, 1, 1, 1, 1, 1, 1, 0, 1, 0, 0, 0, 0, 1, 0, 1, 0, 0, 0, 1, 1], [0, 0, 0, 0, 0, 0, 1, 1, 0, 0, 0, 1, 0, 1, 1, 0, 1, 1, 1, 0, 1, 0, 1, 0, 0], [0, 0, 1, 1, 1, 1, 0, 1, 1, 1, 0, 0, 1, 0, 0, 0, 1, 0, 0, 1, 0, 1, 1, 1, 1], [1, 0, 0, 1, 1, 1, 0, 1, 0, 0, 0, 0, 1, 0, 0, 0, 1, 1, 1, 1, 1, 0, 1, 0, 1], [1, 1, 1, 1, 1, 1, 0, 0, 0, 0, 0, 0, 0, 0, 0, 0, 0, 0, 0, 0, 1, 0, 0, 0, 1], [0, 1, 0, 0, 0, 1, 1, 0, 1, 1, 0, 0, 1, 1, 1, 0, 0, 1, 1, 1, 1, 1, 1, 1, 1], [1, 0, 1, 0, 1, 1, 0, 0, 1, 0, 1, 1, 1, 0, 1, 0, 1, 0, 0, 0, 0, 1, 0, 1, 0], [1, 1, 1, 0, 0, 0, 0, 0, 0, 1, 1, 0, 1, 0, 1, 0, 1, 0, 0, 1, 0, 0, 0, 1, 0], [0, 1, 1, 1, 0, 0, 1, 0, 1, 1, 0, 1, 0, 1, 1, 0, 1, 0, 1, 0, 0, 0, 1, 0, 0], [1, 1, 0, 0, 0, 0, 0, 1, 1, 1, 1, 0, 1, 0, 1, 1, 1, 0, 0, 0, 0, 0, 0, 0, 0], [1, 1, 1, 0, 0, 1, 1, 1, 0, 1, 1, 0, 0, 1, 0, 0, 1, 1, 0, 0, 0, 0, 0, 1, 0], [0, 0, 1, 1, 0, 0, 0, 1, 0, 1, 0, 0, 1, 1, 1, 0, 1, 0, 0, 1, 0, 0, 0, 1, 0], [1, 1, 0, 0, 1, 0, 0, 0, 0, 1, 1, 1, 0, 1, 0, 0, 1, 1, 1, 0, 0, 1, 1, 0, 1], [0, 0, 0, 1, 0, 0, 1, 0, 1, 0, 1, 1, 0, 1, 1, 1, 1, 0, 0, 0, 0, 0, 0, 1, 0]]",20.0,9.0,Y,"{0: 29, 1: 38, 2: 47, 3: 56, 4: 65, 5: 74, 6: 83, 7: 92, 8: 101, 9: 110, 10: 119, 11: 128, 12: 137, 13: 146, 14: 155, 15: 164, 16: 173, 17: 182, 18: 191, 19: 200, 20: 209, 21: 218, 22: 227, 23: 236, 24: 20}",Y,"{0: 29, 1: 38, 2: 47, 3: 56, 4: 65, 5: 74, 6: 83, 7: 92, 8: 101, 9: 110, 10: 119, 11: 128, 12: 137, 13: 146, 14: 155, 15: 164, 16: 173, 17: 182, 18: 191, 19: 200, 20: 209, 21: 218, 22: 227, 23: 236, 24: 20}","{(0, 7): 1, (0, 9): 1, (0, 10): 1, (0, 14): 1, (0, 15): 13, (0, 17): 1, (0, 18): 1, (0, 20): 7, (0, 21): 1, (0, 23): 2, (1, 3): 1, (1, 4): 1, (1, 7): 1, (1, 9): 15, (1, 11): 1, (1, 15): 1, (1, 16): 1, (1, 18): 5, (1, 19): 3, (1, 20): 1, (1, 21): 7, (1, 23): 1, (2, 3): 4, (2, 7): 1, (2, 9): 1, (2, 11): 1, (2, 13): 7, (2, 15): 1, (2, 17): 1, (2, 18): 1, (2, 19): 19, (2, 21): 8, (2, 22): 3, (3, 7): 1, (3, 8): 1, (3, 13): 1, (3, 14): 5, (3, 15): 4, (3, 19): 5, (3, 22): 33, (3, 24): 1, (4, 5): 19, (4, 7): 1, (4, 9): 1, (4, 13): 1, (4, 14): 1, (4, 15): 34, (4, 17): 5, (4, 23): 2, (5, 6): 1, (5, 7): 1, (5, 8): 1, (5, 9): 5, (5, 11): 1, (5, 13): 1, (5, 14): 25, (5, 15): 11, (5, 16): 7, (5, 17): 1, (5, 21): 1, (6, 7): 1, (6, 8): 41, (6, 11): 1, (6, 12): 1, (6, 16): 1, (6, 19): 30, (6, 21): 6, (6, 24): 1, (7, 10): 1, (7, 11): 1, (7, 12): 1, (7, 13): 78, (7, 14): 1, (7, 20): 1, (7, 21): 1, (7, 22): 1, (8, 9): 1, (8, 10): 7, (8, 11): 7, (8, 13): 1, (8, 16): 3, (8, 17): 1, (8, 19): 36, (8, 20): 1, (8, 24): 1, (9, 10): 1, (9, 11): 1, (9, 13): 5, (9, 16): 1, (9, 18): 38, (9, 19): 13, (9, 20): 1, (9, 21): 24, (9, 22): 1, (9, 23): 1, (10, 11): 1, (10, 17): 1, (10, 18): 23, (10, 20): 5, (10, 21): 30, (10, 23): 48, (10, 24): 1, (11, 12): 1, (11, 17): 1, (11, 19): 1, (11, 23): 110, (11, 24): 1, (12, 13): 1, (12, 14): 26, (12, 16): 1, (12, 17): 1, (12, 18): 7, (12, 20): 96, (12, 22): 2, (13, 16): 1, (13, 19): 1, (13, 21): 17, (13, 22): 7, (13, 23): 24, (13, 24): 1, (14, 16): 1, (14, 17): 19, (14, 18): 25, (14, 19): 7, (14, 20): 1, (14, 22): 42, (14, 24): 1, (15, 20): 95, (15, 24): 5, (16, 17): 1, (16, 18): 7, (16, 19): 1, (16, 20): 1, (16, 21): 9, (16, 22): 136, (16, 23): 1, (16, 24): 1, (17, 21): 113, (17, 23): 37, (18, 19): 83, (18, 23): 1, (19, 22): 1, (21, 23): 1, (22, 23): 1, (23, 24): 7}",118.97087097167969,145.0,25.0,290.0
13.0,Graph with 25 nodes and 145 edges,"[[0, 0, 0, 0, 0, 0, 0, 1, 0, 1, 1, 0, 0, 0, 1, 1, 0, 1, 1, 0, 1, 1, 0, 1, 0], [0, 0, 0, 1, 1, 0, 0, 1, 0, 1, 0, 1, 0, 0, 0, 1, 1, 0, 1, 1, 1, 1, 0, 1, 0], [0, 0, 0, 1, 0, 0, 0, 1, 0, 1, 0, 1, 0, 1, 0, 1, 0, 1, 1, 1, 0, 1, 1, 0, 0], [0, 1, 1, 0, 0, 0, 0, 1, 1, 0, 0, 0, 0, 1, 1, 1, 0, 0, 0, 1, 0, 0, 1, 0, 1], [0, 1, 0, 0, 0, 1, 0, 1, 0, 1, 0, 0, 0, 1, 1, 1, 0, 1, 0, 0, 0, 0, 0, 1, 0], [0, 0, 0, 0, 1, 0, 1, 1, 1, 1, 0, 1, 0, 1, 1, 1, 1, 1, 0, 0, 0, 1, 0, 0, 0], [0, 0, 0, 0, 0, 1, 0, 1, 1, 0, 0, 1, 1, 0, 0, 0, 1, 0, 0, 1, 0, 1, 0, 0, 1], [1, 1, 1, 1, 1, 1, 1, 0, 0, 0, 1, 1, 1, 1, 1, 0, 0, 0, 0, 0, 1, 1, 1, 0, 0], [0, 0, 0, 1, 0, 1, 1, 0, 0, 1, 1, 1, 0, 1, 0, 0, 1, 1, 0, 1, 1, 0, 0, 0, 1], [1, 1, 1, 0, 1, 1, 0, 0, 1, 0, 1, 1, 0, 1, 0, 0, 1, 0, 1, 1, 1, 1, 1, 1, 0], [1, 0, 0, 0, 0, 0, 0, 1, 1, 1, 0, 1, 0, 0, 0, 0, 0, 1, 1, 0, 1, 1, 0, 1, 1], [0, 1, 1, 0, 0, 1, 1, 1, 1, 1, 1, 0, 1, 0, 0, 0, 0, 1, 0, 1, 0, 0, 0, 1, 1], [0, 0, 0, 0, 0, 0, 1, 1, 0, 0, 0, 1, 0, 1, 1, 0, 1, 1, 1, 0, 1, 0, 1, 0, 0], [0, 0, 1, 1, 1, 1, 0, 1, 1, 1, 0, 0, 1, 0, 0, 0, 1, 0, 0, 1, 0, 1, 1, 1, 1], [1, 0, 0, 1, 1, 1, 0, 1, 0, 0, 0, 0, 1, 0, 0, 0, 1, 1, 1, 1, 1, 0, 1, 0, 1], [1, 1, 1, 1, 1, 1, 0, 0, 0, 0, 0, 0, 0, 0, 0, 0, 0, 0, 0, 0, 1, 0, 0, 0, 1], [0, 1, 0, 0, 0, 1, 1, 0, 1, 1, 0, 0, 1, 1, 1, 0, 0, 1, 1, 1, 1, 1, 1, 1, 1], [1, 0, 1, 0, 1, 1, 0, 0, 1, 0, 1, 1, 1, 0, 1, 0, 1, 0, 0, 0, 0, 1, 0, 1, 0], [1, 1, 1, 0, 0, 0, 0, 0, 0, 1, 1, 0, 1, 0, 1, 0, 1, 0, 0, 1, 0, 0, 0, 1, 0], [0, 1, 1, 1, 0, 0, 1, 0, 1, 1, 0, 1, 0, 1, 1, 0, 1, 0, 1, 0, 0, 0, 1, 0, 0], [1, 1, 0, 0, 0, 0, 0, 1, 1, 1, 1, 0, 1, 0, 1, 1, 1, 0, 0, 0, 0, 0, 0, 0, 0], [1, 1, 1, 0, 0, 1, 1, 1, 0, 1, 1, 0, 0, 1, 0, 0, 1, 1, 0, 0, 0, 0, 0, 1, 0], [0, 0, 1, 1, 0, 0, 0, 1, 0, 1, 0, 0, 1, 1, 1, 0, 1, 0, 0, 1, 0, 0, 0, 1, 0], [1, 1, 0, 0, 1, 0, 0, 0, 0, 1, 1, 1, 0, 1, 0, 0, 1, 1, 1, 0, 0, 1, 1, 0, 1], [0, 0, 0, 1, 0, 0, 1, 0, 1, 0, 1, 1, 0, 1, 1, 1, 1, 0, 0, 0, 0, 0, 0, 1, 0]]",24.0,2.0,Y,"{0: 24, 1: 72, 2: 70, 3: 68, 4: 66, 5: 64, 6: 62, 7: 60, 8: 58, 9: 56, 10: 54, 11: 52, 12: 50, 13: 48, 14: 46, 15: 44, 16: 42, 17: 40, 18: 38, 19: 36, 20: 34, 21: 32, 22: 30, 23: 28, 24: 26}",Y,"{0: 24, 1: 72, 2: 70, 3: 68, 4: 66, 5: 64, 6: 62, 7: 60, 8: 58, 9: 56, 10: 54, 11: 52, 12: 50, 13: 48, 14: 46, 15: 44, 16: 42, 17: 40, 18: 38, 19: 36, 20: 34, 21: 32, 22: 30, 23: 28, 24: 26}","{(0, 7): 1, (0, 9): 3, (0, 10): 1, (0, 14): 1, (0, 15): 13, (0, 17): 1, (0, 18): 1, (0, 20): 1, (0, 21): 1, (0, 23): 1, (1, 3): 1, (1, 4): 1, (1, 7): 1, (1, 9): 1, (1, 11): 22, (1, 15): 25, (1, 16): 1, (1, 18): 1, (1, 19): 1, (1, 20): 1, (1, 21): 1, (1, 23): 16, (2, 3): 47, (2, 7): 1, (2, 9): 1, (2, 11): 1, (2, 13): 1, (2, 15): 1, (2, 17): 1, (2, 18): 1, (2, 19): 14, (2, 21): 1, (2, 22): 1, (3, 7): 2, (3, 8): 1, (3, 13): 1, (3, 14): 1, (3, 15): 1, (3, 19): 12, (3, 22): 1, (3, 24): 1, (4, 5): 33, (4, 7): 1, (4, 9): 1, (4, 13): 1, (4, 14): 1, (4, 15): 1, (4, 17): 26, (4, 23): 1, (5, 6): 1, (5, 7): 1, (5, 8): 1, (5, 9): 1, (5, 11): 1, (5, 13): 1, (5, 14): 1, (5, 15): 1, (5, 16): 1, (5, 17): 1, (5, 21): 21, (6, 7): 36, (6, 8): 1, (6, 11): 1, (6, 12): 3, (6, 16): 1, (6, 19): 1, (6, 21): 1, (6, 24): 17, (7, 10): 1, (7, 11): 1, (7, 12): 1, (7, 13): 1, (7, 14): 1, (7, 20): 10, (7, 21): 1, (7, 22): 1, (8, 9): 13, (8, 10): 1, (8, 11): 1, (8, 13): 35, (8, 16): 1, (8, 17): 1, (8, 19): 1, (8, 20): 1, (8, 24): 1, (9, 10): 1, (9, 11): 1, (9, 13): 1, (9, 16): 27, (9, 18): 1, (9, 19): 1, (9, 20): 1, (9, 21): 1, (9, 22): 1, (9, 23): 1, (10, 11): 16, (10, 17): 1, (10, 18): 29, (10, 20): 1, (10, 21): 1, (10, 23): 1, (10, 24): 1, (11, 12): 1, (11, 17): 4, (11, 19): 1, (11, 23): 1, (11, 24): 1, (12, 13): 1, (12, 14): 19, (12, 16): 1, (12, 17): 1, (12, 18): 1, (12, 20): 1, (12, 22): 21, (13, 16): 1, (13, 19): 1, (13, 21): 1, (13, 22): 1, (13, 23): 1, (13, 24): 1, (14, 16): 1, (14, 17): 1, (14, 18): 1, (14, 19): 1, (14, 20): 16, (14, 22): 1, (14, 24): 1, (15, 20): 1, (15, 24): 1, (16, 17): 1, (16, 18): 1, (16, 19): 1, (16, 20): 1, (16, 21): 1, (16, 22): 1, (16, 23): 1, (16, 24): 1, (17, 21): 1, (17, 23): 1, (18, 19): 1, (18, 23): 1, (19, 22): 1, (21, 23): 1, (22, 23): 1, (23, 24): 1}",1996.9940185546875,145.0,25.0,290.0
14.0,Graph with 25 nodes and 163 edges,"[[0, 1, 1, 1, 1, 0, 1, 0, 0, 0, 1, 1, 0, 1, 0, 1, 1, 0, 1, 0, 1, 0, 0, 1, 0], [1, 0, 0, 1, 1, 1, 1, 0, 0, 0, 0, 1, 1, 1, 1, 1, 1, 1, 1, 0, 1, 1, 1, 1, 0], [1, 0, 0, 0, 1, 0, 0, 1, 1, 0, 1, 1, 0, 0, 1, 0, 0, 0, 1, 0, 1, 1, 0, 0, 0], [1, 1, 0, 0, 1, 1, 1, 0, 0, 0, 1, 0, 0, 1, 0, 0, 1, 1, 1, 1, 1, 0, 0, 0, 1], [1, 1, 1, 1, 0, 1, 0, 1, 0, 1, 1, 1, 1, 1, 1, 1, 0, 1, 1, 0, 1, 1, 1, 0, 0], [0, 1, 0, 1, 1, 0, 1, 1, 0, 0, 0, 1, 0, 0, 1, 0, 0, 0, 0, 1, 1, 0, 0, 0, 0], [1, 1, 0, 1, 0, 1, 0, 1, 1, 0, 1, 0, 0, 0, 1, 1, 0, 0, 0, 1, 1, 0, 1, 1, 1], [0, 0, 1, 0, 1, 1, 1, 0, 1, 0, 0, 1, 0, 0, 1, 0, 0, 1, 1, 1, 1, 1, 0, 1, 0], [0, 0, 1, 0, 0, 0, 1, 1, 0, 0, 0, 1, 1, 1, 0, 0, 1, 0, 1, 1, 0, 0, 1, 0, 1], [0, 0, 0, 0, 1, 0, 0, 0, 0, 0, 0, 0, 0, 1, 1, 1, 0, 1, 1, 1, 1, 1, 1, 1, 0], [1, 0, 1, 1, 1, 0, 1, 0, 0, 0, 0, 0, 1, 1, 1, 1, 1, 1, 1, 0, 1, 0, 0, 1, 1], [1, 1, 1, 0, 1, 1, 0, 1, 1, 0, 0, 0, 1, 0, 0, 0, 1, 1, 0, 1, 0, 1, 0, 1, 0], [0, 1, 0, 0, 1, 0, 0, 0, 1, 0, 1, 1, 0, 1, 0, 0, 1, 0, 1, 1, 0, 0, 0, 0, 0], [1, 1, 0, 1, 1, 0, 0, 0, 1, 1, 1, 0, 1, 0, 1, 0, 0, 0, 1, 1, 0, 1, 0, 0, 0], [0, 1, 1, 0, 1, 1, 1, 1, 0, 1, 1, 0, 0, 1, 0, 1, 1, 0, 1, 0, 1, 1, 1, 0, 1], [1, 1, 0, 0, 1, 0, 1, 0, 0, 1, 1, 0, 0, 0, 1, 0, 1, 0, 0, 1, 0, 1, 0, 0, 1], [1, 1, 0, 1, 0, 0, 0, 0, 1, 0, 1, 1, 1, 0, 1, 1, 0, 1, 1, 1, 0, 1, 1, 1, 0], [0, 1, 0, 1, 1, 0, 0, 1, 0, 1, 1, 1, 0, 0, 0, 0, 1, 0, 0, 1, 0, 1, 1, 1, 0], [1, 1, 1, 1, 1, 0, 0, 1, 1, 1, 1, 0, 1, 1, 1, 0, 1, 0, 0, 1, 0, 0, 1, 0, 1], [0, 0, 0, 1, 0, 1, 1, 1, 1, 1, 0, 1, 1, 1, 0, 1, 1, 1, 1, 0, 0, 1, 0, 1, 0], [1, 1, 1, 1, 1, 1, 1, 1, 0, 1, 1, 0, 0, 0, 1, 0, 0, 0, 0, 0, 0, 0, 1, 1, 0], [0, 1, 1, 0, 1, 0, 0, 1, 0, 1, 0, 1, 0, 1, 1, 1, 1, 1, 0, 1, 0, 0, 1, 1, 1], [0, 1, 0, 0, 1, 0, 1, 0, 1, 1, 0, 0, 0, 0, 1, 0, 1, 1, 1, 0, 1, 1, 0, 0, 1], [1, 1, 0, 0, 0, 0, 1, 1, 0, 1, 1, 1, 0, 0, 0, 0, 1, 1, 0, 1, 1, 1, 0, 0, 1], [0, 0, 0, 1, 0, 0, 1, 0, 1, 0, 1, 0, 0, 0, 1, 1, 0, 0, 1, 0, 0, 1, 1, 1, 0]]",10.0,4.0,Y,"{0: 18, 1: 22, 2: 14, 3: 26, 4: 30, 5: 34, 6: 38, 7: 42, 8: 46, 9: 50, 10: 54, 11: 58, 12: 62, 13: 66, 14: 70, 15: 74, 16: 78, 17: 82, 18: 86, 19: 90, 20: 94, 21: 98, 22: 102, 23: 106, 24: 10}",Y,"{0: 18, 1: 22, 2: 14, 3: 26, 4: 30, 5: 34, 6: 38, 7: 42, 8: 46, 9: 50, 10: 54, 11: 58, 12: 62, 13: 66, 14: 70, 15: 74, 16: 78, 17: 82, 18: 86, 19: 90, 20: 94, 21: 98, 22: 102, 23: 106, 24: 10}","{(0, 1): 1, (0, 2): 1, (0, 3): 1, (0, 4): 1, (0, 6): 1, (0, 10): 1, (0, 11): 1, (0, 13): 1, (0, 15): 6, (0, 16): 1, (0, 18): 1, (0, 20): 1, (0, 23): 1, (1, 3): 1, (1, 4): 1, (1, 5): 1, (1, 6): 1, (1, 11): 1, (1, 12): 1, (1, 13): 1, (1, 14): 1, (1, 15): 1, (1, 16): 1, (1, 17): 1, (1, 18): 1, (1, 20): 1, (1, 21): 1, (1, 22): 1, (1, 23): 6, (2, 4): 1, (2, 7): 1, (2, 8): 1, (2, 10): 5, (2, 11): 1, (2, 14): 1, (2, 18): 1, (2, 20): 1, (2, 21): 1, (3, 4): 1, (3, 5): 1, (3, 6): 1, (3, 10): 14, (3, 13): 1, (3, 16): 1, (3, 17): 1, (3, 18): 1, (3, 19): 1, (3, 20): 1, (3, 24): 1, (4, 5): 1, (4, 7): 1, (4, 9): 1, (4, 10): 13, (4, 11): 1, (4, 12): 1, (4, 13): 1, (4, 14): 1, (4, 15): 1, (4, 17): 1, (4, 18): 1, (4, 20): 1, (4, 21): 1, (4, 22): 1, (5, 6): 1, (5, 7): 1, (5, 11): 1, (5, 14): 1, (5, 19): 1, (5, 20): 26, (6, 7): 1, (6, 8): 1, (6, 10): 1, (6, 14): 1, (6, 15): 1, (6, 19): 1, (6, 20): 1, (6, 22): 1, (6, 23): 25, (6, 24): 1, (7, 8): 1, (7, 11): 1, (7, 14): 1, (7, 17): 12, (7, 18): 1, (7, 19): 1, (7, 20): 1, (7, 21): 1, (7, 23): 19, (8, 11): 1, (8, 12): 1, (8, 13): 1, (8, 16): 1, (8, 18): 1, (8, 19): 1, (8, 22): 36, (8, 24): 1, (9, 13): 1, (9, 14): 1, (9, 15): 1, (9, 17): 1, (9, 18): 1, (9, 19): 1, (9, 20): 1, (9, 21): 1, (9, 22): 40, (9, 23): 1, (10, 12): 1, (10, 13): 1, (10, 14): 1, (10, 15): 1, (10, 16): 1, (10, 17): 1, (10, 18): 1, (10, 20): 11, (10, 23): 1, (10, 24): 1, (11, 12): 1, (11, 16): 33, (11, 17): 1, (11, 19): 6, (11, 21): 9, (11, 23): 1, (12, 13): 41, (12, 16): 14, (12, 18): 1, (12, 19): 1, (13, 14): 15, (13, 18): 1, (13, 19): 1, (13, 21): 1, (14, 15): 41, (14, 16): 1, (14, 18): 1, (14, 20): 1, (14, 21): 1, (14, 22): 1, (14, 24): 1, (15, 16): 19, (15, 19): 1, (15, 21): 1, (15, 24): 1, (16, 17): 1, (16, 18): 1, (16, 19): 1, (16, 21): 1, (16, 22): 1, (16, 23): 1, (17, 19): 1, (17, 21): 60, (17, 22): 1, (17, 23): 1, (18, 19): 71, (18, 22): 1, (18, 24): 1, (19, 21): 1, (19, 23): 1, (20, 22): 1, (20, 23): 47, (21, 22): 17, (21, 23): 1, (21, 24): 1, (22, 24): 1, (23, 24): 1}",1284.1224670410156,163.0,25.0,326.0
14.0,Graph with 25 nodes and 163 edges,"[[0, 1, 1, 1, 1, 0, 1, 0, 0, 0, 1, 1, 0, 1, 0, 1, 1, 0, 1, 0, 1, 0, 0, 1, 0], [1, 0, 0, 1, 1, 1, 1, 0, 0, 0, 0, 1, 1, 1, 1, 1, 1, 1, 1, 0, 1, 1, 1, 1, 0], [1, 0, 0, 0, 1, 0, 0, 1, 1, 0, 1, 1, 0, 0, 1, 0, 0, 0, 1, 0, 1, 1, 0, 0, 0], [1, 1, 0, 0, 1, 1, 1, 0, 0, 0, 1, 0, 0, 1, 0, 0, 1, 1, 1, 1, 1, 0, 0, 0, 1], [1, 1, 1, 1, 0, 1, 0, 1, 0, 1, 1, 1, 1, 1, 1, 1, 0, 1, 1, 0, 1, 1, 1, 0, 0], [0, 1, 0, 1, 1, 0, 1, 1, 0, 0, 0, 1, 0, 0, 1, 0, 0, 0, 0, 1, 1, 0, 0, 0, 0], [1, 1, 0, 1, 0, 1, 0, 1, 1, 0, 1, 0, 0, 0, 1, 1, 0, 0, 0, 1, 1, 0, 1, 1, 1], [0, 0, 1, 0, 1, 1, 1, 0, 1, 0, 0, 1, 0, 0, 1, 0, 0, 1, 1, 1, 1, 1, 0, 1, 0], [0, 0, 1, 0, 0, 0, 1, 1, 0, 0, 0, 1, 1, 1, 0, 0, 1, 0, 1, 1, 0, 0, 1, 0, 1], [0, 0, 0, 0, 1, 0, 0, 0, 0, 0, 0, 0, 0, 1, 1, 1, 0, 1, 1, 1, 1, 1, 1, 1, 0], [1, 0, 1, 1, 1, 0, 1, 0, 0, 0, 0, 0, 1, 1, 1, 1, 1, 1, 1, 0, 1, 0, 0, 1, 1], [1, 1, 1, 0, 1, 1, 0, 1, 1, 0, 0, 0, 1, 0, 0, 0, 1, 1, 0, 1, 0, 1, 0, 1, 0], [0, 1, 0, 0, 1, 0, 0, 0, 1, 0, 1, 1, 0, 1, 0, 0, 1, 0, 1, 1, 0, 0, 0, 0, 0], [1, 1, 0, 1, 1, 0, 0, 0, 1, 1, 1, 0, 1, 0, 1, 0, 0, 0, 1, 1, 0, 1, 0, 0, 0], [0, 1, 1, 0, 1, 1, 1, 1, 0, 1, 1, 0, 0, 1, 0, 1, 1, 0, 1, 0, 1, 1, 1, 0, 1], [1, 1, 0, 0, 1, 0, 1, 0, 0, 1, 1, 0, 0, 0, 1, 0, 1, 0, 0, 1, 0, 1, 0, 0, 1], [1, 1, 0, 1, 0, 0, 0, 0, 1, 0, 1, 1, 1, 0, 1, 1, 0, 1, 1, 1, 0, 1, 1, 1, 0], [0, 1, 0, 1, 1, 0, 0, 1, 0, 1, 1, 1, 0, 0, 0, 0, 1, 0, 0, 1, 0, 1, 1, 1, 0], [1, 1, 1, 1, 1, 0, 0, 1, 1, 1, 1, 0, 1, 1, 1, 0, 1, 0, 0, 1, 0, 0, 1, 0, 1], [0, 0, 0, 1, 0, 1, 1, 1, 1, 1, 0, 1, 1, 1, 0, 1, 1, 1, 1, 0, 0, 1, 0, 1, 0], [1, 1, 1, 1, 1, 1, 1, 1, 0, 1, 1, 0, 0, 0, 1, 0, 0, 0, 0, 0, 0, 0, 1, 1, 0], [0, 1, 1, 0, 1, 0, 0, 1, 0, 1, 0, 1, 0, 1, 1, 1, 1, 1, 0, 1, 0, 0, 1, 1, 1], [0, 1, 0, 0, 1, 0, 1, 0, 1, 1, 0, 0, 0, 0, 1, 0, 1, 1, 1, 0, 1, 1, 0, 0, 1], [1, 1, 0, 0, 0, 0, 1, 1, 0, 1, 1, 1, 0, 0, 0, 0, 1, 1, 0, 1, 1, 1, 0, 0, 1], [0, 0, 0, 1, 0, 0, 1, 0, 1, 0, 1, 0, 0, 0, 1, 1, 0, 0, 1, 0, 0, 1, 1, 1, 0]]",28.0,5.0,Y,"{0: 148, 1: 143, 2: 138, 3: 133, 4: 128, 5: 123, 6: 118, 7: 113, 8: 108, 9: 103, 10: 98, 11: 93, 12: 88, 13: 83, 14: 78, 15: 73, 16: 68, 17: 63, 18: 58, 19: 53, 20: 48, 21: 43, 22: 38, 23: 33, 24: 28}",Y,"{0: 148, 1: 143, 2: 138, 3: 133, 4: 128, 5: 123, 6: 118, 7: 113, 8: 108, 9: 103, 10: 98, 11: 93, 12: 88, 13: 83, 14: 78, 15: 73, 16: 68, 17: 63, 18: 58, 19: 53, 20: 48, 21: 43, 22: 38, 23: 33, 24: 28}","{(0, 1): 55, (0, 2): 82, (0, 3): 1, (0, 4): 1, (0, 6): 1, (0, 10): 1, (0, 11): 1, (0, 13): 1, (0, 15): 1, (0, 16): 1, (0, 18): 1, (0, 20): 1, (0, 23): 1, (1, 3): 1, (1, 4): 64, (1, 5): 1, (1, 6): 1, (1, 11): 1, (1, 12): 1, (1, 13): 1, (1, 14): 1, (1, 15): 10, (1, 16): 1, (1, 17): 1, (1, 18): 1, (1, 20): 1, (1, 21): 1, (1, 22): 1, (1, 23): 1, (2, 4): 1, (2, 7): 1, (2, 8): 1, (2, 10): 1, (2, 11): 20, (2, 14): 1, (2, 18): 1, (2, 20): 1, (2, 21): 29, (3, 4): 1, (3, 5): 115, (3, 6): 1, (3, 10): 7, (3, 13): 1, (3, 16): 1, (3, 17): 1, (3, 18): 1, (3, 19): 1, (3, 20): 1, (3, 24): 1, (4, 5): 1, (4, 7): 1, (4, 9): 1, (4, 10): 1, (4, 11): 1, (4, 12): 1, (4, 13): 1, (4, 14): 48, (4, 15): 1, (4, 17): 1, (4, 18): 1, (4, 20): 1, (4, 21): 1, (4, 22): 1, (5, 6): 1, (5, 7): 1, (5, 11): 1, (5, 14): 1, (5, 19): 1, (5, 20): 1, (6, 7): 87, (6, 8): 1, (6, 10): 1, (6, 14): 1, (6, 15): 1, (6, 19): 1, (6, 20): 1, (6, 22): 1, (6, 23): 1, (6, 24): 19, (7, 8): 1, (7, 11): 15, (7, 14): 1, (7, 17): 1, (7, 18): 1, (7, 19): 1, (7, 20): 1, (7, 21): 1, (7, 23): 1, (8, 11): 1, (8, 12): 1, (8, 13): 72, (8, 16): 1, (8, 18): 1, (8, 19): 1, (8, 22): 27, (8, 24): 1, (9, 13): 1, (9, 14): 16, (9, 15): 1, (9, 17): 52, (9, 18): 1, (9, 19): 7, (9, 20): 1, (9, 21): 1, (9, 22): 1, (9, 23): 21, (10, 12): 1, (10, 13): 1, (10, 14): 1, (10, 15): 1, (10, 16): 1, (10, 17): 1, (10, 18): 43, (10, 20): 36, (10, 23): 1, (10, 24): 1, (11, 12): 48, (11, 16): 1, (11, 17): 1, (11, 19): 1, (11, 21): 1, (11, 23): 1, (12, 13): 1, (12, 16): 1, (12, 18): 1, (12, 19): 33, (13, 14): 1, (13, 18): 1, (13, 19): 1, (13, 21): 1, (14, 15): 1, (14, 16): 1, (14, 18): 1, (14, 20): 1, (14, 21): 1, (14, 22): 1, (14, 24): 1, (15, 16): 54, (15, 19): 1, (15, 21): 1, (15, 24): 1, (16, 17): 1, (16, 18): 1, (16, 19): 1, (16, 21): 1, (16, 22): 1, (16, 23): 1, (17, 19): 1, (17, 21): 1, (17, 22): 1, (17, 23): 1, (18, 19): 1, (18, 22): 1, (18, 24): 1, (19, 21): 1, (19, 23): 1, (20, 22): 1, (20, 23): 1, (21, 22): 1, (21, 23): 1, (21, 24): 1, (22, 24): 1, (23, 24): 1}",1662.9695892333984,163.0,25.0,326.0
15.0,Graph with 25 nodes and 151 edges,"[[0, 0, 0, 1, 0, 0, 1, 1, 0, 0, 0, 0, 0, 0, 0, 0, 0, 1, 1, 1, 0, 1, 0, 0, 1], [0, 0, 1, 0, 0, 1, 1, 0, 1, 1, 0, 1, 0, 1, 1, 1, 1, 1, 0, 1, 0, 1, 0, 1, 1], [0, 1, 0, 1, 1, 1, 1, 1, 1, 1, 0, 1, 0, 1, 0, 0, 0, 0, 1, 0, 0, 0, 1, 1, 0], [1, 0, 1, 0, 0, 1, 0, 0, 1, 0, 0, 0, 1, 0, 1, 1, 0, 1, 0, 0, 0, 1, 1, 1, 0], [0, 0, 1, 0, 0, 1, 0, 0, 0, 0, 1, 1, 1, 0, 0, 1, 0, 1, 1, 1, 1, 1, 1, 1, 0], [0, 1, 1, 1, 1, 0, 1, 0, 0, 1, 0, 1, 1, 1, 1, 0, 0, 1, 1, 0, 0, 0, 1, 1, 0], [1, 1, 1, 0, 0, 1, 0, 0, 0, 1, 1, 1, 0, 0, 1, 1, 0, 0, 1, 0, 1, 0, 1, 1, 0], [1, 0, 1, 0, 0, 0, 0, 0, 1, 1, 0, 1, 0, 1, 0, 1, 0, 0, 1, 0, 0, 1, 0, 1, 0], [0, 1, 1, 1, 0, 0, 0, 1, 0, 1, 1, 0, 0, 1, 0, 0, 0, 1, 0, 1, 0, 1, 0, 1, 0], [0, 1, 1, 0, 0, 1, 1, 1, 1, 0, 1, 0, 1, 0, 0, 0, 1, 1, 0, 1, 0, 1, 0, 0, 1], [0, 0, 0, 0, 1, 0, 1, 0, 1, 1, 0, 0, 0, 1, 1, 0, 1, 1, 0, 0, 0, 0, 1, 1, 0], [0, 1, 1, 0, 1, 1, 1, 1, 0, 0, 0, 0, 1, 1, 1, 0, 0, 0, 0, 1, 0, 0, 1, 1, 1], [0, 0, 0, 1, 1, 1, 0, 0, 0, 1, 0, 1, 0, 0, 1, 0, 0, 1, 0, 1, 0, 0, 1, 1, 1], [0, 1, 1, 0, 0, 1, 0, 1, 1, 0, 1, 1, 0, 0, 0, 0, 1, 1, 0, 1, 1, 0, 0, 1, 1], [0, 1, 0, 1, 0, 1, 1, 0, 0, 0, 1, 1, 1, 0, 0, 0, 1, 1, 1, 0, 1, 1, 0, 1, 1], [0, 1, 0, 1, 1, 0, 1, 1, 0, 0, 0, 0, 0, 0, 0, 0, 1, 1, 1, 0, 1, 0, 0, 1, 1], [0, 1, 0, 0, 0, 0, 0, 0, 0, 1, 1, 0, 0, 1, 1, 1, 0, 0, 1, 1, 0, 0, 0, 1, 1], [1, 1, 0, 1, 1, 1, 0, 0, 1, 1, 1, 0, 1, 1, 1, 1, 0, 0, 1, 0, 0, 0, 0, 1, 1], [1, 0, 1, 0, 1, 1, 1, 1, 0, 0, 0, 0, 0, 0, 1, 1, 1, 1, 0, 0, 0, 0, 1, 0, 1], [1, 1, 0, 0, 1, 0, 0, 0, 1, 1, 0, 1, 1, 1, 0, 0, 1, 0, 0, 0, 0, 0, 1, 1, 0], [0, 0, 0, 0, 1, 0, 1, 0, 0, 0, 0, 0, 0, 1, 1, 1, 0, 0, 0, 0, 0, 0, 0, 0, 1], [1, 1, 0, 1, 1, 0, 0, 1, 1, 1, 0, 0, 0, 0, 1, 0, 0, 0, 0, 0, 0, 0, 1, 1, 1], [0, 0, 1, 1, 1, 1, 1, 0, 0, 0, 1, 1, 1, 0, 0, 0, 0, 0, 1, 1, 0, 1, 0, 0, 0], [0, 1, 1, 1, 1, 1, 1, 1, 1, 0, 1, 1, 1, 1, 1, 1, 1, 1, 0, 1, 0, 1, 0, 0, 1], [1, 1, 0, 0, 0, 0, 0, 0, 0, 1, 0, 1, 1, 1, 1, 1, 1, 1, 1, 0, 1, 1, 0, 1, 0]]",12.0,7.0,Y,"{0: 180, 1: 173, 2: 166, 3: 159, 4: 152, 5: 145, 6: 138, 7: 131, 8: 124, 9: 117, 10: 110, 11: 103, 12: 96, 13: 89, 14: 82, 15: 75, 16: 68, 17: 61, 18: 54, 19: 47, 20: 40, 21: 33, 22: 12, 23: 26, 24: 19}",Y,"{0: 180, 1: 173, 2: 166, 3: 159, 4: 152, 5: 145, 6: 138, 7: 131, 8: 124, 9: 117, 10: 110, 11: 103, 12: 96, 13: 89, 14: 82, 15: 75, 16: 68, 17: 61, 18: 54, 19: 47, 20: 40, 21: 33, 22: 12, 23: 26, 24: 19}","{(0, 3): 25, (0, 6): 11, (0, 7): 103, (0, 17): 1, (0, 18): 11, (0, 19): 27, (0, 21): 1, (0, 24): 1, (1, 2): 41, (1, 5): 1, (1, 6): 64, (1, 8): 1, (1, 9): 3, (1, 11): 1, (1, 13): 11, (1, 14): 11, (1, 15): 1, (1, 16): 17, (1, 17): 11, (1, 19): 1, (1, 21): 1, (1, 23): 8, (1, 24): 1, (2, 3): 32, (2, 4): 11, (2, 5): 63, (2, 6): 1, (2, 7): 1, (2, 8): 1, (2, 9): 11, (2, 11): 1, (2, 13): 1, (2, 18): 1, (2, 22): 1, (2, 23): 1, (3, 5): 6, (3, 8): 1, (3, 12): 29, (3, 14): 7, (3, 15): 55, (3, 17): 1, (3, 21): 1, (3, 22): 1, (3, 23): 1, (4, 5): 18, (4, 10): 41, (4, 11): 17, (4, 12): 1, (4, 15): 1, (4, 17): 1, (4, 18): 22, (4, 19): 1, (4, 20): 30, (4, 21): 6, (4, 22): 2, (4, 23): 1, (5, 6): 1, (5, 9): 1, (5, 11): 1, (5, 12): 1, (5, 13): 6, (5, 14): 37, (5, 17): 1, (5, 18): 7, (5, 22): 1, (5, 23): 1, (6, 9): 3, (6, 10): 36, (6, 11): 6, (6, 14): 11, (6, 15): 1, (6, 18): 1, (6, 20): 1, (6, 22): 1, (6, 23): 1, (7, 8): 10, (7, 9): 1, (7, 11): 6, (7, 13): 6, (7, 15): 1, (7, 18): 1, (7, 21): 1, (7, 23): 1, (8, 9): 80, (8, 10): 11, (8, 13): 14, (8, 17): 1, (8, 19): 1, (8, 21): 3, (8, 23): 1, (9, 10): 1, (9, 12): 1, (9, 16): 2, (9, 17): 1, (9, 19): 1, (9, 21): 11, (9, 24): 1, (10, 13): 1, (10, 14): 1, (10, 16): 16, (10, 17): 1, (10, 22): 1, (10, 23): 1, (11, 12): 48, (11, 13): 8, (11, 14): 1, (11, 19): 11, (11, 22): 1, (11, 23): 1, (11, 24): 1, (12, 14): 1, (12, 17): 11, (12, 19): 1, (12, 22): 1, (12, 23): 1, (12, 24): 1, (13, 16): 11, (13, 17): 27, (13, 19): 1, (13, 20): 1, (13, 23): 1, (13, 24): 1, (14, 16): 7, (14, 17): 1, (14, 18): 1, (14, 20): 1, (14, 21): 1, (14, 23): 1, (14, 24): 1, (15, 16): 6, (15, 17): 1, (15, 18): 1, (15, 20): 6, (15, 23): 1, (15, 24): 1, (16, 18): 6, (16, 19): 1, (16, 23): 1, (16, 24): 1, (17, 18): 1, (17, 23): 1, (17, 24): 1, (18, 22): 1, (18, 24): 1, (19, 22): 1, (19, 23): 1, (20, 24): 1, (21, 22): 1, (21, 23): 1, (21, 24): 6, (23, 24): 1}",108.95729064941406,151.0,25.0,302.0
15.0,Graph with 25 nodes and 151 edges,"[[0, 0, 0, 1, 0, 0, 1, 1, 0, 0, 0, 0, 0, 0, 0, 0, 0, 1, 1, 1, 0, 1, 0, 0, 1], [0, 0, 1, 0, 0, 1, 1, 0, 1, 1, 0, 1, 0, 1, 1, 1, 1, 1, 0, 1, 0, 1, 0, 1, 1], [0, 1, 0, 1, 1, 1, 1, 1, 1, 1, 0, 1, 0, 1, 0, 0, 0, 0, 1, 0, 0, 0, 1, 1, 0], [1, 0, 1, 0, 0, 1, 0, 0, 1, 0, 0, 0, 1, 0, 1, 1, 0, 1, 0, 0, 0, 1, 1, 1, 0], [0, 0, 1, 0, 0, 1, 0, 0, 0, 0, 1, 1, 1, 0, 0, 1, 0, 1, 1, 1, 1, 1, 1, 1, 0], [0, 1, 1, 1, 1, 0, 1, 0, 0, 1, 0, 1, 1, 1, 1, 0, 0, 1, 1, 0, 0, 0, 1, 1, 0], [1, 1, 1, 0, 0, 1, 0, 0, 0, 1, 1, 1, 0, 0, 1, 1, 0, 0, 1, 0, 1, 0, 1, 1, 0], [1, 0, 1, 0, 0, 0, 0, 0, 1, 1, 0, 1, 0, 1, 0, 1, 0, 0, 1, 0, 0, 1, 0, 1, 0], [0, 1, 1, 1, 0, 0, 0, 1, 0, 1, 1, 0, 0, 1, 0, 0, 0, 1, 0, 1, 0, 1, 0, 1, 0], [0, 1, 1, 0, 0, 1, 1, 1, 1, 0, 1, 0, 1, 0, 0, 0, 1, 1, 0, 1, 0, 1, 0, 0, 1], [0, 0, 0, 0, 1, 0, 1, 0, 1, 1, 0, 0, 0, 1, 1, 0, 1, 1, 0, 0, 0, 0, 1, 1, 0], [0, 1, 1, 0, 1, 1, 1, 1, 0, 0, 0, 0, 1, 1, 1, 0, 0, 0, 0, 1, 0, 0, 1, 1, 1], [0, 0, 0, 1, 1, 1, 0, 0, 0, 1, 0, 1, 0, 0, 1, 0, 0, 1, 0, 1, 0, 0, 1, 1, 1], [0, 1, 1, 0, 0, 1, 0, 1, 1, 0, 1, 1, 0, 0, 0, 0, 1, 1, 0, 1, 1, 0, 0, 1, 1], [0, 1, 0, 1, 0, 1, 1, 0, 0, 0, 1, 1, 1, 0, 0, 0, 1, 1, 1, 0, 1, 1, 0, 1, 1], [0, 1, 0, 1, 1, 0, 1, 1, 0, 0, 0, 0, 0, 0, 0, 0, 1, 1, 1, 0, 1, 0, 0, 1, 1], [0, 1, 0, 0, 0, 0, 0, 0, 0, 1, 1, 0, 0, 1, 1, 1, 0, 0, 1, 1, 0, 0, 0, 1, 1], [1, 1, 0, 1, 1, 1, 0, 0, 1, 1, 1, 0, 1, 1, 1, 1, 0, 0, 1, 0, 0, 0, 0, 1, 1], [1, 0, 1, 0, 1, 1, 1, 1, 0, 0, 0, 0, 0, 0, 1, 1, 1, 1, 0, 0, 0, 0, 1, 0, 1], [1, 1, 0, 0, 1, 0, 0, 0, 1, 1, 0, 1, 1, 1, 0, 0, 1, 0, 0, 0, 0, 0, 1, 1, 0], [0, 0, 0, 0, 1, 0, 1, 0, 0, 0, 0, 0, 0, 1, 1, 1, 0, 0, 0, 0, 0, 0, 0, 0, 1], [1, 1, 0, 1, 1, 0, 0, 1, 1, 1, 0, 0, 0, 0, 1, 0, 0, 0, 0, 0, 0, 0, 1, 1, 1], [0, 0, 1, 1, 1, 1, 1, 0, 0, 0, 1, 1, 1, 0, 0, 0, 0, 0, 1, 1, 0, 1, 0, 0, 0], [0, 1, 1, 1, 1, 1, 1, 1, 1, 0, 1, 1, 1, 1, 1, 1, 1, 1, 0, 1, 0, 1, 0, 0, 1], [1, 1, 0, 0, 0, 0, 0, 0, 0, 1, 0, 1, 1, 1, 1, 1, 1, 1, 1, 0, 1, 1, 0, 1, 0]]",16.0,8.0,Y,"{0: 24, 1: 32, 2: 40, 3: 48, 4: 56, 5: 64, 6: 72, 7: 80, 8: 88, 9: 96, 10: 104, 11: 112, 12: 120, 13: 128, 14: 136, 15: 144, 16: 152, 17: 160, 18: 168, 19: 176, 20: 184, 21: 192, 22: 200, 23: 208, 24: 16}",Y,"{0: 24, 1: 32, 2: 40, 3: 48, 4: 56, 5: 64, 6: 72, 7: 80, 8: 88, 9: 96, 10: 104, 11: 112, 12: 120, 13: 128, 14: 136, 15: 144, 16: 152, 17: 160, 18: 168, 19: 176, 20: 184, 21: 192, 22: 200, 23: 208, 24: 16}","{(0, 3): 17, (0, 6): 1, (0, 7): 1, (0, 17): 1, (0, 18): 1, (0, 19): 1, (0, 21): 1, (0, 24): 1, (1, 2): 18, (1, 5): 1, (1, 6): 1, (1, 8): 1, (1, 9): 1, (1, 11): 1, (1, 13): 1, (1, 14): 1, (1, 15): 1, (1, 16): 1, (1, 17): 1, (1, 19): 1, (1, 21): 1, (1, 23): 1, (1, 24): 1, (2, 3): 11, (2, 4): 1, (2, 5): 1, (2, 6): 1, (2, 7): 1, (2, 8): 1, (2, 9): 1, (2, 11): 1, (2, 13): 1, (2, 18): 1, (2, 22): 1, (2, 23): 1, (3, 5): 12, (3, 8): 1, (3, 12): 1, (3, 14): 1, (3, 15): 1, (3, 17): 1, (3, 21): 1, (3, 22): 1, (3, 23): 1, (4, 5): 40, (4, 10): 5, (4, 11): 1, (4, 12): 1, (4, 15): 1, (4, 17): 1, (4, 18): 1, (4, 19): 1, (4, 20): 1, (4, 21): 1, (4, 22): 1, (4, 23): 1, (5, 6): 1, (5, 9): 1, (5, 11): 1, (5, 12): 1, (5, 13): 1, (5, 14): 1, (5, 17): 1, (5, 18): 1, (5, 22): 1, (5, 23): 1, (6, 9): 60, (6, 10): 1, (6, 11): 1, (6, 14): 1, (6, 15): 1, (6, 18): 1, (6, 20): 1, (6, 22): 1, (6, 23): 1, (7, 8): 71, (7, 9): 1, (7, 11): 1, (7, 13): 1, (7, 15): 1, (7, 18): 1, (7, 21): 1, (7, 23): 1, (8, 9): 8, (8, 10): 1, (8, 13): 1, (8, 17): 1, (8, 19): 1, (8, 21): 1, (8, 23): 1, (9, 10): 18, (9, 12): 1, (9, 16): 1, (9, 17): 1, (9, 19): 1, (9, 21): 1, (9, 24): 1, (10, 13): 74, (10, 14): 1, (10, 16): 1, (10, 17): 1, (10, 22): 1, (10, 23): 1, (11, 12): 100, (11, 13): 1, (11, 14): 1, (11, 19): 1, (11, 22): 1, (11, 23): 1, (11, 24): 1, (12, 14): 11, (12, 17): 1, (12, 19): 1, (12, 22): 1, (12, 23): 1, (12, 24): 1, (13, 16): 43, (13, 17): 1, (13, 19): 1, (13, 20): 1, (13, 23): 1, (13, 24): 1, (14, 16): 70, (14, 17): 1, (14, 18): 1, (14, 20): 44, (14, 21): 1, (14, 23): 1, (14, 24): 1, (15, 16): 1, (15, 17): 1, (15, 18): 1, (15, 20): 134, (15, 23): 1, (15, 24): 1, (16, 18): 4, (16, 19): 3, (16, 23): 27, (16, 24): 1, (17, 18): 146, (17, 23): 1, (17, 24): 1, (18, 22): 9, (18, 24): 1, (19, 22): 1, (19, 23): 164, (20, 24): 3, (21, 22): 182, (21, 23): 1, (21, 24): 1, (23, 24): 1}",1204.9674987792969,151.0,25.0,302.0
16.0,Graph with 25 nodes and 146 edges,"[[0, 0, 1, 1, 0, 1, 1, 1, 0, 0, 0, 0, 0, 0, 1, 1, 1, 1, 1, 1, 1, 1, 1, 0, 0], [0, 0, 1, 1, 1, 0, 0, 0, 0, 0, 1, 0, 1, 0, 1, 0, 0, 1, 1, 1, 1, 1, 1, 0, 1], [1, 1, 0, 1, 0, 0, 0, 1, 0, 1, 0, 1, 1, 1, 0, 0, 0, 0, 0, 0, 1, 1, 0, 0, 1], [1, 1, 1, 0, 1, 0, 1, 0, 1, 1, 0, 1, 1, 1, 0, 1, 0, 1, 1, 1, 1, 0, 0, 1, 0], [0, 1, 0, 1, 0, 0, 0, 1, 1, 0, 1, 1, 0, 1, 1, 0, 0, 1, 1, 1, 0, 0, 1, 0, 1], [1, 0, 0, 0, 0, 0, 0, 0, 1, 1, 0, 1, 1, 0, 1, 1, 0, 1, 1, 0, 1, 0, 0, 1, 0], [1, 0, 0, 1, 0, 0, 0, 0, 1, 0, 1, 1, 0, 1, 0, 0, 0, 1, 1, 0, 0, 0, 1, 1, 1], [1, 0, 1, 0, 1, 0, 0, 0, 1, 0, 0, 1, 0, 1, 1, 1, 1, 0, 1, 1, 0, 0, 0, 0, 0], [0, 0, 0, 1, 1, 1, 1, 1, 0, 0, 0, 0, 0, 0, 0, 1, 1, 1, 0, 1, 1, 1, 0, 1, 0], [0, 0, 1, 1, 0, 1, 0, 0, 0, 0, 1, 1, 1, 1, 0, 1, 0, 1, 0, 0, 1, 1, 0, 0, 1], [0, 1, 0, 0, 1, 0, 1, 0, 0, 1, 0, 1, 0, 1, 0, 0, 0, 1, 0, 1, 0, 0, 0, 0, 1], [0, 0, 1, 1, 1, 1, 1, 1, 0, 1, 1, 0, 0, 1, 0, 0, 0, 0, 0, 1, 1, 0, 0, 0, 0], [0, 1, 1, 1, 0, 1, 0, 0, 0, 1, 0, 0, 0, 1, 1, 1, 0, 0, 0, 0, 0, 1, 0, 0, 1], [0, 0, 1, 1, 1, 0, 1, 1, 0, 1, 1, 1, 1, 0, 0, 0, 1, 1, 0, 1, 0, 0, 0, 1, 1], [1, 1, 0, 0, 1, 1, 0, 1, 0, 0, 0, 0, 1, 0, 0, 1, 1, 1, 1, 0, 0, 0, 0, 1, 1], [1, 0, 0, 1, 0, 1, 0, 1, 1, 1, 0, 0, 1, 0, 1, 0, 0, 0, 0, 0, 0, 1, 1, 1, 1], [1, 0, 0, 0, 0, 0, 0, 1, 1, 0, 0, 0, 0, 1, 1, 0, 0, 0, 1, 1, 0, 1, 1, 1, 0], [1, 1, 0, 1, 1, 1, 1, 0, 1, 1, 1, 0, 0, 1, 1, 0, 0, 0, 0, 1, 0, 0, 0, 1, 1], [1, 1, 0, 1, 1, 1, 1, 1, 0, 0, 0, 0, 0, 0, 1, 0, 1, 0, 0, 0, 0, 0, 1, 1, 1], [1, 1, 0, 1, 1, 0, 0, 1, 1, 0, 1, 1, 0, 1, 0, 0, 1, 1, 0, 0, 0, 0, 0, 0, 0], [1, 1, 1, 1, 0, 1, 0, 0, 1, 1, 0, 1, 0, 0, 0, 0, 0, 0, 0, 0, 0, 0, 1, 1, 0], [1, 1, 1, 0, 0, 0, 0, 0, 1, 1, 0, 0, 1, 0, 0, 1, 1, 0, 0, 0, 0, 0, 0, 1, 0], [1, 1, 0, 0, 1, 0, 1, 0, 0, 0, 0, 0, 0, 0, 0, 1, 1, 0, 1, 0, 1, 0, 0, 1, 0], [0, 0, 0, 1, 0, 1, 1, 0, 1, 0, 0, 0, 0, 1, 1, 1, 1, 1, 1, 0, 1, 1, 1, 0, 0], [0, 1, 1, 0, 1, 0, 1, 0, 0, 1, 1, 0, 1, 1, 1, 1, 0, 1, 1, 0, 0, 0, 0, 0, 0]]",16.0,5.0,Y,"{0: 21, 1: 26, 2: 31, 3: 36, 4: 41, 5: 46, 6: 51, 7: 56, 8: 61, 9: 66, 10: 71, 11: 76, 12: 81, 13: 86, 14: 91, 15: 96, 16: 101, 17: 106, 18: 111, 19: 116, 20: 121, 21: 126, 22: 131, 23: 136, 24: 16}",Y,"{0: 21, 1: 26, 2: 31, 3: 36, 4: 41, 5: 46, 6: 51, 7: 56, 8: 61, 9: 66, 10: 71, 11: 76, 12: 81, 13: 86, 14: 91, 15: 96, 16: 101, 17: 106, 18: 111, 19: 116, 20: 121, 21: 126, 22: 131, 23: 136, 24: 16}","{(0, 2): 1, (0, 3): 1, (0, 5): 1, (0, 6): 1, (0, 7): 1, (0, 14): 1, (0, 15): 1, (0, 16): 1, (0, 17): 1, (0, 18): 1, (0, 19): 1, (0, 20): 1, (0, 21): 8, (0, 22): 1, (1, 2): 1, (1, 3): 1, (1, 4): 1, (1, 10): 1, (1, 12): 1, (1, 14): 1, (1, 17): 14, (1, 18): 1, (1, 19): 1, (1, 20): 1, (1, 21): 1, (1, 22): 1, (1, 24): 1, (2, 3): 1, (2, 7): 1, (2, 9): 1, (2, 11): 1, (2, 12): 1, (2, 13): 1, (2, 20): 1, (2, 21): 21, (2, 24): 1, (3, 4): 1, (3, 6): 1, (3, 8): 1, (3, 9): 1, (3, 11): 1, (3, 12): 1, (3, 13): 1, (3, 15): 1, (3, 17): 10, (3, 18): 1, (3, 19): 1, (3, 20): 1, (3, 23): 12, (4, 7): 1, (4, 8): 1, (4, 10): 1, (4, 11): 1, (4, 13): 1, (4, 14): 1, (4, 17): 1, (4, 18): 1, (4, 19): 1, (4, 22): 29, (4, 24): 1, (5, 8): 1, (5, 9): 1, (5, 11): 1, (5, 12): 1, (5, 14): 1, (5, 15): 1, (5, 17): 9, (5, 18): 1, (5, 20): 28, (5, 23): 1, (6, 8): 1, (6, 10): 1, (6, 11): 1, (6, 13): 1, (6, 17): 1, (6, 18): 41, (6, 22): 1, (6, 23): 1, (6, 24): 1, (7, 8): 1, (7, 11): 1, (7, 13): 1, (7, 14): 46, (7, 15): 1, (7, 16): 1, (7, 18): 1, (7, 19): 1, (8, 15): 1, (8, 16): 1, (8, 17): 1, (8, 19): 1, (8, 20): 1, (8, 21): 50, (8, 23): 1, (9, 10): 1, (9, 11): 1, (9, 12): 55, (9, 13): 1, (9, 15): 1, (9, 17): 1, (9, 20): 1, (9, 21): 1, (9, 24): 1, (10, 11): 1, (10, 13): 1, (10, 17): 63, (10, 19): 1, (10, 24): 1, (11, 13): 1, (11, 19): 34, (11, 20): 33, (12, 13): 1, (12, 14): 1, (12, 15): 18, (12, 21): 1, (12, 24): 1, (13, 16): 1, (13, 17): 1, (13, 19): 73, (13, 23): 1, (13, 24): 1, (14, 15): 27, (14, 16): 1, (14, 17): 1, (14, 18): 1, (14, 23): 9, (14, 24): 1, (15, 21): 42, (15, 22): 1, (15, 23): 1, (15, 24): 1, (16, 18): 1, (16, 19): 1, (16, 21): 1, (16, 22): 1, (16, 23): 92, (17, 19): 1, (17, 23): 1, (17, 24): 1, (18, 22): 43, (18, 23): 14, (18, 24): 5, (20, 22): 53, (20, 23): 1, (21, 23): 1, (22, 23): 1}",1456.0222625732422,146.0,25.0,292.0
17.0,Graph with 25 nodes and 144 edges,"[[0, 0, 1, 0, 0, 1, 1, 0, 1, 1, 0, 1, 1, 0, 1, 0, 0, 0, 1, 0, 0, 1, 1, 0, 1], [0, 0, 0, 1, 1, 0, 1, 1, 0, 1, 1, 1, 0, 1, 0, 0, 1, 0, 1, 1, 0, 1, 1, 1, 1], [1, 0, 0, 1, 1, 0, 0, 1, 1, 0, 1, 0, 1, 1, 0, 0, 0, 1, 0, 0, 0, 1, 1, 0, 1], [0, 1, 1, 0, 0, 1, 0, 0, 1, 0, 0, 1, 0, 0, 1, 0, 1, 0, 0, 0, 1, 0, 1, 0, 1], [0, 1, 1, 0, 0, 0, 1, 1, 0, 0, 1, 0, 1, 0, 1, 0, 0, 1, 1, 0, 1, 1, 0, 1, 0], [1, 0, 0, 1, 0, 0, 0, 0, 0, 0, 0, 1, 1, 1, 1, 1, 0, 1, 0, 0, 0, 0, 1, 1, 0], [1, 1, 0, 0, 1, 0, 0, 0, 0, 1, 0, 1, 0, 0, 0, 1, 1, 0, 0, 0, 1, 1, 1, 1, 0], [0, 1, 1, 0, 1, 0, 0, 0, 0, 1, 0, 1, 0, 1, 1, 1, 1, 1, 0, 1, 1, 0, 0, 0, 0], [1, 0, 1, 1, 0, 0, 0, 0, 0, 0, 0, 1, 1, 0, 1, 1, 1, 1, 0, 0, 0, 0, 1, 0, 0], [1, 1, 0, 0, 0, 0, 1, 1, 0, 0, 0, 1, 1, 1, 1, 0, 1, 0, 0, 0, 1, 0, 0, 0, 0], [0, 1, 1, 0, 1, 0, 0, 0, 0, 0, 0, 1, 0, 1, 1, 1, 1, 1, 0, 1, 1, 0, 1, 1, 0], [1, 1, 0, 1, 0, 1, 1, 1, 1, 1, 1, 0, 1, 1, 0, 0, 0, 0, 0, 1, 1, 1, 1, 0, 0], [1, 0, 1, 0, 1, 1, 0, 0, 1, 1, 0, 1, 0, 1, 1, 1, 0, 0, 0, 1, 1, 0, 0, 0, 1], [0, 1, 1, 0, 0, 1, 0, 1, 0, 1, 1, 1, 1, 0, 1, 1, 1, 0, 0, 1, 1, 1, 1, 0, 1], [1, 0, 0, 1, 1, 1, 0, 1, 1, 1, 1, 0, 1, 1, 0, 0, 1, 1, 0, 1, 1, 0, 0, 0, 1], [0, 0, 0, 0, 0, 1, 1, 1, 1, 0, 1, 0, 1, 1, 0, 0, 1, 0, 0, 1, 0, 0, 0, 1, 0], [0, 1, 0, 1, 0, 0, 1, 1, 1, 1, 1, 0, 0, 1, 1, 1, 0, 1, 0, 0, 0, 0, 0, 1, 0], [0, 0, 1, 0, 1, 1, 0, 1, 1, 0, 1, 0, 0, 0, 1, 0, 1, 0, 0, 1, 1, 0, 0, 0, 0], [1, 1, 0, 0, 1, 0, 0, 0, 0, 0, 0, 0, 0, 0, 0, 0, 0, 0, 0, 0, 1, 0, 1, 0, 0], [0, 1, 0, 0, 0, 0, 0, 1, 0, 0, 1, 1, 1, 1, 1, 1, 0, 1, 0, 0, 0, 1, 0, 1, 0], [0, 0, 0, 1, 1, 0, 1, 1, 0, 1, 1, 1, 1, 1, 1, 0, 0, 1, 1, 0, 0, 1, 0, 1, 0], [1, 1, 1, 0, 1, 0, 1, 0, 0, 0, 0, 1, 0, 1, 0, 0, 0, 0, 0, 1, 1, 0, 1, 0, 1], [1, 1, 1, 1, 0, 1, 1, 0, 1, 0, 1, 1, 0, 1, 0, 0, 0, 0, 1, 0, 0, 1, 0, 0, 0], [0, 1, 0, 0, 1, 1, 1, 0, 0, 0, 1, 0, 0, 0, 0, 1, 1, 0, 0, 1, 1, 0, 0, 0, 0], [1, 1, 1, 1, 0, 0, 0, 0, 0, 0, 0, 0, 1, 1, 1, 0, 0, 0, 0, 0, 0, 1, 0, 0, 0]]",22.0,2.0,Y,"{0: 62, 1: 22, 2: 34, 3: 68, 4: 64, 5: 58, 6: 52, 7: 60, 8: 36, 9: 40, 10: 42, 11: 24, 12: 28, 13: 70, 14: 38, 15: 32, 16: 66, 17: 46, 18: 54, 19: 30, 20: 48, 21: 56, 22: 50, 23: 44, 24: 26}",Y,"{0: 62, 1: 22, 2: 34, 3: 68, 4: 64, 5: 58, 6: 52, 7: 60, 8: 36, 9: 40, 10: 42, 11: 24, 12: 28, 13: 70, 14: 38, 15: 32, 16: 66, 17: 46, 18: 54, 19: 30, 20: 48, 21: 56, 22: 50, 23: 44, 24: 26}","{(0, 2): 1, (0, 5): 36, (0, 6): 1, (0, 8): 1, (0, 9): 1, (0, 11): 1, (0, 12): 1, (0, 14): 1, (0, 18): 16, (0, 21): 1, (0, 22): 1, (0, 24): 1, (1, 3): 1, (1, 4): 8, (1, 6): 1, (1, 7): 1, (1, 9): 1, (1, 10): 1, (1, 11): 1, (1, 13): 1, (1, 16): 1, (1, 18): 1, (1, 19): 1, (1, 21): 1, (1, 22): 1, (1, 23): 1, (1, 24): 1, (2, 3): 1, (2, 4): 23, (2, 7): 1, (2, 8): 1, (2, 10): 1, (2, 12): 1, (2, 13): 1, (2, 17): 1, (2, 21): 1, (2, 22): 1, (2, 24): 1, (3, 5): 1, (3, 8): 3, (3, 11): 1, (3, 14): 1, (3, 16): 1, (3, 20): 1, (3, 22): 39, (3, 24): 19, (4, 6): 1, (4, 7): 1, (4, 10): 4, (4, 12): 16, (4, 14): 1, (4, 17): 1, (4, 18): 1, (4, 20): 1, (4, 21): 6, (4, 23): 1, (5, 11): 1, (5, 12): 1, (5, 13): 1, (5, 14): 1, (5, 15): 1, (5, 17): 1, (5, 22): 1, (5, 23): 14, (6, 9): 1, (6, 11): 1, (6, 15): 1, (6, 16): 2, (6, 20): 1, (6, 21): 41, (6, 22): 1, (6, 23): 1, (7, 9): 31, (7, 11): 1, (7, 13): 19, (7, 14): 1, (7, 15): 1, (7, 16): 1, (7, 17): 1, (7, 19): 1, (7, 20): 1, (8, 11): 10, (8, 12): 1, (8, 14): 1, (8, 15): 1, (8, 16): 1, (8, 17): 16, (8, 22): 1, (9, 11): 1, (9, 12): 1, (9, 13): 1, (9, 14): 1, (9, 16): 1, (9, 20): 1, (10, 11): 1, (10, 13): 1, (10, 14): 1, (10, 15): 1, (10, 16): 5, (10, 17): 1, (10, 19): 1, (10, 20): 1, (10, 22): 1, (10, 23): 23, (11, 12): 1, (11, 13): 1, (11, 19): 1, (11, 20): 1, (11, 21): 1, (11, 22): 1, (12, 13): 1, (12, 14): 1, (12, 15): 1, (12, 19): 1, (12, 20): 1, (12, 24): 1, (13, 14): 18, (13, 15): 1, (13, 16): 1, (13, 19): 20, (13, 20): 1, (13, 21): 1, (13, 22): 1, (13, 24): 1, (14, 16): 7, (14, 17): 1, (14, 19): 1, (14, 20): 1, (14, 24): 1, (15, 16): 23, (15, 19): 1, (15, 23): 1, (16, 17): 22, (16, 23): 1, (17, 19): 1, (17, 20): 1, (18, 20): 35, (18, 22): 1, (19, 21): 1, (19, 23): 1, (20, 21): 1, (20, 23): 1, (21, 22): 1, (21, 24): 1}",1286.9834899902344,144.0,25.0,288.0
18.0,Graph with 25 nodes and 136 edges,"[[0, 1, 1, 0, 1, 0, 1, 1, 0, 1, 0, 0, 0, 0, 0, 1, 0, 1, 0, 1, 1, 0, 1, 0, 1], [1, 0, 0, 0, 0, 1, 1, 0, 1, 1, 1, 1, 0, 0, 1, 1, 0, 1, 0, 1, 1, 1, 0, 1, 0], [1, 0, 0, 0, 0, 0, 1, 1, 0, 0, 0, 0, 1, 1, 0, 0, 0, 0, 0, 0, 1, 0, 1, 0, 1], [0, 0, 0, 0, 1, 0, 0, 1, 1, 0, 1, 0, 0, 0, 1, 0, 1, 0, 1, 0, 0, 0, 0, 1, 1], [1, 0, 0, 1, 0, 1, 1, 0, 0, 0, 0, 1, 1, 1, 1, 1, 1, 0, 0, 0, 1, 1, 0, 0, 1], [0, 1, 0, 0, 1, 0, 0, 0, 0, 1, 1, 0, 0, 1, 0, 1, 0, 0, 0, 1, 0, 1, 1, 0, 1], [1, 1, 1, 0, 1, 0, 0, 1, 0, 0, 0, 1, 0, 0, 1, 1, 1, 0, 1, 1, 0, 0, 0, 0, 0], [1, 0, 1, 1, 0, 0, 1, 0, 0, 1, 0, 1, 0, 1, 1, 1, 1, 1, 1, 0, 0, 1, 0, 0, 0], [0, 1, 0, 1, 0, 0, 0, 0, 0, 0, 0, 1, 0, 1, 0, 0, 1, 0, 0, 0, 1, 1, 1, 1, 0], [1, 1, 0, 0, 0, 1, 0, 1, 0, 0, 0, 1, 0, 0, 0, 0, 1, 1, 1, 1, 0, 0, 1, 1, 0], [0, 1, 0, 1, 0, 1, 0, 0, 0, 0, 0, 0, 0, 0, 0, 1, 1, 0, 1, 0, 0, 1, 0, 0, 0], [0, 1, 0, 0, 1, 0, 1, 1, 1, 1, 0, 0, 0, 0, 0, 1, 0, 0, 0, 1, 0, 0, 0, 1, 0], [0, 0, 1, 0, 1, 0, 0, 0, 0, 0, 0, 0, 0, 1, 1, 1, 1, 0, 0, 1, 1, 0, 0, 1, 1], [0, 0, 1, 0, 1, 1, 0, 1, 1, 0, 0, 0, 1, 0, 1, 0, 1, 0, 0, 0, 1, 1, 0, 1, 1], [0, 1, 0, 1, 1, 0, 1, 1, 0, 0, 0, 0, 1, 1, 0, 0, 0, 1, 1, 0, 0, 1, 0, 1, 0], [1, 1, 0, 0, 1, 1, 1, 1, 0, 0, 1, 1, 1, 0, 0, 0, 1, 1, 1, 1, 0, 0, 0, 1, 1], [0, 0, 0, 1, 1, 0, 1, 1, 1, 1, 1, 0, 1, 1, 0, 1, 0, 1, 0, 0, 1, 0, 0, 0, 1], [1, 1, 0, 0, 0, 0, 0, 1, 0, 1, 0, 0, 0, 0, 1, 1, 1, 0, 0, 0, 1, 1, 0, 0, 1], [0, 0, 0, 1, 0, 0, 1, 1, 0, 1, 1, 0, 0, 0, 1, 1, 0, 0, 0, 1, 1, 0, 0, 1, 1], [1, 1, 0, 0, 0, 1, 1, 0, 0, 1, 0, 1, 1, 0, 0, 1, 0, 0, 1, 0, 1, 0, 0, 1, 0], [1, 1, 1, 0, 1, 0, 0, 0, 1, 0, 0, 0, 1, 1, 0, 0, 1, 1, 1, 1, 0, 0, 0, 1, 0], [0, 1, 0, 0, 1, 1, 0, 1, 1, 0, 1, 0, 0, 1, 1, 0, 0, 1, 0, 0, 0, 0, 1, 1, 0], [1, 0, 1, 0, 0, 1, 0, 0, 1, 1, 0, 0, 0, 0, 0, 0, 0, 0, 0, 0, 0, 1, 0, 0, 0], [0, 1, 0, 1, 0, 0, 0, 0, 1, 1, 0, 1, 1, 1, 1, 1, 0, 0, 1, 1, 1, 1, 0, 0, 0], [1, 0, 1, 1, 1, 1, 0, 0, 0, 0, 0, 0, 1, 1, 0, 1, 1, 1, 1, 0, 0, 0, 0, 0, 0]]",10.0,8.0,Y,"{0: 26, 1: 34, 2: 18, 3: 42, 4: 50, 5: 58, 6: 66, 7: 74, 8: 82, 9: 90, 10: 98, 11: 106, 12: 114, 13: 122, 14: 130, 15: 138, 16: 146, 17: 154, 18: 162, 19: 170, 20: 178, 21: 186, 22: 10, 23: 194, 24: 202}",Y,"{0: 26, 1: 34, 2: 18, 3: 42, 4: 50, 5: 58, 6: 66, 7: 74, 8: 82, 9: 90, 10: 98, 11: 106, 12: 114, 13: 122, 14: 130, 15: 138, 16: 146, 17: 154, 18: 162, 19: 170, 20: 178, 21: 186, 22: 10, 23: 194, 24: 202}","{(0, 1): 1, (0, 2): 1, (0, 4): 1, (0, 6): 3, (0, 7): 1, (0, 9): 1, (0, 15): 1, (0, 17): 5, (0, 19): 9, (0, 20): 1, (0, 22): 1, (0, 24): 1, (1, 5): 5, (1, 6): 1, (1, 8): 1, (1, 9): 1, (1, 10): 7, (1, 11): 1, (1, 14): 1, (1, 15): 1, (1, 17): 1, (1, 19): 3, (1, 20): 9, (1, 21): 1, (1, 23): 1, (2, 6): 3, (2, 7): 1, (2, 12): 1, (2, 13): 1, (2, 20): 9, (2, 22): 1, (2, 24): 1, (3, 4): 1, (3, 7): 1, (3, 8): 1, (3, 10): 1, (3, 14): 1, (3, 16): 12, (3, 18): 9, (3, 23): 3, (3, 24): 13, (4, 5): 1, (4, 6): 1, (4, 11): 9, (4, 12): 1, (4, 13): 1, (4, 14): 1, (4, 15): 1, (4, 16): 1, (4, 20): 1, (4, 21): 6, (4, 24): 25, (5, 9): 1, (5, 10): 1, (5, 13): 1, (5, 15): 1, (5, 19): 9, (5, 21): 35, (5, 22): 1, (5, 24): 3, (6, 7): 1, (6, 11): 7, (6, 14): 1, (6, 15): 25, (6, 16): 1, (6, 18): 1, (6, 19): 22, (7, 9): 1, (7, 11): 1, (7, 13): 1, (7, 14): 1, (7, 15): 9, (7, 16): 1, (7, 17): 1, (7, 18): 52, (7, 21): 3, (8, 11): 1, (8, 13): 1, (8, 16): 1, (8, 20): 2, (8, 21): 5, (8, 22): 5, (8, 23): 65, (9, 11): 1, (9, 16): 9, (9, 17): 1, (9, 18): 9, (9, 19): 64, (9, 22): 1, (9, 23): 1, (10, 15): 80, (10, 16): 1, (10, 18): 7, (10, 21): 1, (11, 15): 1, (11, 19): 1, (11, 23): 84, (12, 13): 1, (12, 14): 1, (12, 15): 3, (12, 16): 85, (12, 19): 9, (12, 20): 3, (12, 23): 1, (12, 24): 9, (13, 14): 9, (13, 16): 3, (13, 20): 1, (13, 21): 1, (13, 23): 5, (13, 24): 97, (14, 17): 1, (14, 18): 9, (14, 21): 104, (14, 23): 1, (15, 16): 7, (15, 17): 1, (15, 18): 1, (15, 19): 1, (15, 23): 5, (15, 24): 1, (16, 17): 1, (16, 20): 15, (16, 24): 9, (17, 20): 126, (17, 21): 15, (17, 24): 2, (18, 19): 31, (18, 20): 1, (18, 23): 1, (18, 24): 41, (19, 20): 9, (19, 23): 12, (20, 23): 1, (21, 22): 1, (21, 23): 14}",115.87142944335938,136.0,25.0,272.0
18.0,Graph with 25 nodes and 136 edges,"[[0, 1, 1, 0, 1, 0, 1, 1, 0, 1, 0, 0, 0, 0, 0, 1, 0, 1, 0, 1, 1, 0, 1, 0, 1], [1, 0, 0, 0, 0, 1, 1, 0, 1, 1, 1, 1, 0, 0, 1, 1, 0, 1, 0, 1, 1, 1, 0, 1, 0], [1, 0, 0, 0, 0, 0, 1, 1, 0, 0, 0, 0, 1, 1, 0, 0, 0, 0, 0, 0, 1, 0, 1, 0, 1], [0, 0, 0, 0, 1, 0, 0, 1, 1, 0, 1, 0, 0, 0, 1, 0, 1, 0, 1, 0, 0, 0, 0, 1, 1], [1, 0, 0, 1, 0, 1, 1, 0, 0, 0, 0, 1, 1, 1, 1, 1, 1, 0, 0, 0, 1, 1, 0, 0, 1], [0, 1, 0, 0, 1, 0, 0, 0, 0, 1, 1, 0, 0, 1, 0, 1, 0, 0, 0, 1, 0, 1, 1, 0, 1], [1, 1, 1, 0, 1, 0, 0, 1, 0, 0, 0, 1, 0, 0, 1, 1, 1, 0, 1, 1, 0, 0, 0, 0, 0], [1, 0, 1, 1, 0, 0, 1, 0, 0, 1, 0, 1, 0, 1, 1, 1, 1, 1, 1, 0, 0, 1, 0, 0, 0], [0, 1, 0, 1, 0, 0, 0, 0, 0, 0, 0, 1, 0, 1, 0, 0, 1, 0, 0, 0, 1, 1, 1, 1, 0], [1, 1, 0, 0, 0, 1, 0, 1, 0, 0, 0, 1, 0, 0, 0, 0, 1, 1, 1, 1, 0, 0, 1, 1, 0], [0, 1, 0, 1, 0, 1, 0, 0, 0, 0, 0, 0, 0, 0, 0, 1, 1, 0, 1, 0, 0, 1, 0, 0, 0], [0, 1, 0, 0, 1, 0, 1, 1, 1, 1, 0, 0, 0, 0, 0, 1, 0, 0, 0, 1, 0, 0, 0, 1, 0], [0, 0, 1, 0, 1, 0, 0, 0, 0, 0, 0, 0, 0, 1, 1, 1, 1, 0, 0, 1, 1, 0, 0, 1, 1], [0, 0, 1, 0, 1, 1, 0, 1, 1, 0, 0, 0, 1, 0, 1, 0, 1, 0, 0, 0, 1, 1, 0, 1, 1], [0, 1, 0, 1, 1, 0, 1, 1, 0, 0, 0, 0, 1, 1, 0, 0, 0, 1, 1, 0, 0, 1, 0, 1, 0], [1, 1, 0, 0, 1, 1, 1, 1, 0, 0, 1, 1, 1, 0, 0, 0, 1, 1, 1, 1, 0, 0, 0, 1, 1], [0, 0, 0, 1, 1, 0, 1, 1, 1, 1, 1, 0, 1, 1, 0, 1, 0, 1, 0, 0, 1, 0, 0, 0, 1], [1, 1, 0, 0, 0, 0, 0, 1, 0, 1, 0, 0, 0, 0, 1, 1, 1, 0, 0, 0, 1, 1, 0, 0, 1], [0, 0, 0, 1, 0, 0, 1, 1, 0, 1, 1, 0, 0, 0, 1, 1, 0, 0, 0, 1, 1, 0, 0, 1, 1], [1, 1, 0, 0, 0, 1, 1, 0, 0, 1, 0, 1, 1, 0, 0, 1, 0, 0, 1, 0, 1, 0, 0, 1, 0], [1, 1, 1, 0, 1, 0, 0, 0, 1, 0, 0, 0, 1, 1, 0, 0, 1, 1, 1, 1, 0, 0, 0, 1, 0], [0, 1, 0, 0, 1, 1, 0, 1, 1, 0, 1, 0, 0, 1, 1, 0, 0, 1, 0, 0, 0, 0, 1, 1, 0], [1, 0, 1, 0, 0, 1, 0, 0, 1, 1, 0, 0, 0, 0, 0, 0, 0, 0, 0, 0, 0, 1, 0, 0, 0], [0, 1, 0, 1, 0, 0, 0, 0, 1, 1, 0, 1, 1, 1, 1, 1, 0, 0, 1, 1, 1, 1, 0, 0, 0], [1, 0, 1, 1, 1, 1, 0, 0, 0, 0, 0, 0, 1, 1, 0, 1, 1, 1, 1, 0, 0, 0, 0, 0, 0]]",18.0,9.0,Y,"{0: 27, 1: 36, 2: 45, 3: 54, 4: 63, 5: 72, 6: 81, 7: 90, 8: 99, 9: 108, 10: 117, 11: 126, 12: 135, 13: 144, 14: 153, 15: 162, 16: 171, 17: 180, 18: 189, 19: 198, 20: 207, 21: 216, 22: 225, 23: 234, 24: 18}",Y,"{0: 27, 1: 36, 2: 45, 3: 54, 4: 63, 5: 72, 6: 81, 7: 90, 8: 99, 9: 108, 10: 117, 11: 126, 12: 135, 13: 144, 14: 153, 15: 162, 16: 171, 17: 180, 18: 189, 19: 198, 20: 207, 21: 216, 22: 225, 23: 234, 24: 18}","{(0, 1): 1, (0, 2): 1, (0, 4): 1, (0, 6): 1, (0, 7): 7, (0, 9): 7, (0, 15): 1, (0, 17): 1, (0, 19): 1, (0, 20): 1, (0, 22): 4, (0, 24): 1, (1, 5): 1, (1, 6): 1, (1, 8): 1, (1, 9): 1, (1, 10): 1, (1, 11): 7, (1, 14): 1, (1, 15): 1, (1, 17): 1, (1, 19): 1, (1, 20): 1, (1, 21): 17, (1, 23): 1, (2, 6): 1, (2, 7): 1, (2, 12): 1, (2, 13): 1, (2, 20): 1, (2, 22): 38, (2, 24): 1, (3, 4): 5, (3, 7): 7, (3, 8): 1, (3, 10): 1, (3, 14): 1, (3, 16): 36, (3, 18): 1, (3, 23): 1, (3, 24): 1, (4, 5): 1, (4, 6): 11, (4, 11): 4, (4, 12): 1, (4, 13): 3, (4, 14): 1, (4, 15): 1, (4, 16): 1, (4, 20): 25, (4, 21): 1, (4, 24): 8, (5, 9): 1, (5, 10): 1, (5, 13): 61, (5, 15): 1, (5, 19): 3, (5, 21): 1, (5, 22): 1, (5, 24): 1, (6, 7): 1, (6, 11): 47, (6, 14): 1, (6, 15): 1, (6, 16): 7, (6, 18): 3, (6, 19): 7, (7, 9): 1, (7, 11): 1, (7, 13): 19, (7, 14): 40, (7, 15): 1, (7, 16): 1, (7, 17): 3, (7, 18): 1, (7, 21): 7, (8, 11): 1, (8, 13): 1, (8, 16): 1, (8, 20): 53, (8, 21): 1, (8, 22): 1, (8, 23): 39, (9, 11): 1, (9, 16): 1, (9, 17): 21, (9, 18): 1, (9, 19): 30, (9, 22): 1, (9, 23): 43, (10, 15): 49, (10, 16): 59, (10, 18): 1, (10, 21): 5, (11, 15): 5, (11, 19): 1, (11, 23): 59, (12, 13): 1, (12, 14): 1, (12, 15): 7, (12, 16): 60, (12, 19): 55, (12, 20): 7, (12, 23): 1, (12, 24): 1, (13, 14): 47, (13, 16): 1, (13, 20): 1, (13, 21): 1, (13, 23): 7, (13, 24): 1, (14, 17): 1, (14, 18): 58, (14, 21): 1, (14, 23): 1, (15, 16): 1, (15, 17): 53, (15, 18): 1, (15, 19): 13, (15, 23): 26, (15, 24): 1, (16, 17): 1, (16, 20): 1, (16, 24): 1, (17, 20): 97, (17, 21): 1, (17, 24): 1, (18, 19): 83, (18, 20): 1, (18, 23): 38, (18, 24): 1, (19, 20): 3, (19, 23): 1, (20, 23): 16, (21, 22): 180, (21, 23): 1}",109.91096496582031,136.0,25.0,272.0
19.0,Graph with 25 nodes and 146 edges,"[[0, 1, 1, 0, 1, 1, 1, 1, 0, 1, 0, 1, 1, 0, 0, 1, 0, 1, 1, 0, 0, 0, 0, 1, 1], [1, 0, 0, 0, 0, 1, 0, 1, 1, 1, 0, 0, 0, 0, 0, 0, 1, 0, 0, 0, 1, 0, 1, 1, 1], [1, 0, 0, 0, 1, 1, 0, 0, 1, 1, 0, 1, 1, 0, 1, 0, 1, 1, 1, 0, 0, 1, 1, 1, 1], [0, 0, 0, 0, 0, 1, 0, 1, 1, 1, 0, 0, 0, 0, 0, 0, 1, 1, 0, 1, 1, 0, 0, 0, 1], [1, 0, 1, 0, 0, 1, 1, 0, 1, 1, 0, 0, 0, 0, 0, 1, 1, 0, 1, 1, 0, 0, 1, 0, 0], [1, 1, 1, 1, 1, 0, 1, 0, 1, 1, 1, 0, 0, 1, 0, 0, 1, 0, 0, 0, 1, 0, 0, 1, 0], [1, 0, 0, 0, 1, 1, 0, 1, 0, 0, 0, 0, 1, 1, 0, 0, 0, 1, 0, 1, 0, 1, 1, 1, 0], [1, 1, 0, 1, 0, 0, 1, 0, 0, 1, 1, 0, 0, 0, 0, 1, 0, 1, 0, 1, 0, 1, 1, 1, 1], [0, 1, 1, 1, 1, 1, 0, 0, 0, 1, 0, 1, 1, 0, 1, 1, 1, 1, 1, 0, 0, 0, 1, 0, 0], [1, 1, 1, 1, 1, 1, 0, 1, 1, 0, 0, 1, 0, 0, 0, 0, 0, 1, 1, 1, 1, 0, 1, 0, 0], [0, 0, 0, 0, 0, 1, 0, 1, 0, 0, 0, 1, 0, 0, 1, 1, 1, 1, 0, 0, 0, 1, 1, 0, 0], [1, 0, 1, 0, 0, 0, 0, 0, 1, 1, 1, 0, 1, 0, 1, 0, 1, 1, 0, 0, 0, 0, 1, 0, 1], [1, 0, 1, 0, 0, 0, 1, 0, 1, 0, 0, 1, 0, 0, 1, 0, 1, 0, 0, 1, 0, 0, 0, 1, 1], [0, 0, 0, 0, 0, 1, 1, 0, 0, 0, 0, 0, 0, 0, 0, 0, 0, 1, 0, 0, 1, 1, 0, 1, 1], [0, 0, 1, 0, 0, 0, 0, 0, 1, 0, 1, 1, 1, 0, 0, 0, 0, 1, 1, 0, 1, 1, 0, 0, 0], [1, 0, 0, 0, 1, 0, 0, 1, 1, 0, 1, 0, 0, 0, 0, 0, 1, 0, 1, 1, 1, 0, 0, 0, 1], [0, 1, 1, 1, 1, 1, 0, 0, 1, 0, 1, 1, 1, 0, 0, 1, 0, 0, 0, 1, 0, 0, 0, 1, 1], [1, 0, 1, 1, 0, 0, 1, 1, 1, 1, 1, 1, 0, 1, 1, 0, 0, 0, 1, 1, 0, 1, 0, 0, 0], [1, 0, 1, 0, 1, 0, 0, 0, 1, 1, 0, 0, 0, 0, 1, 1, 0, 1, 0, 0, 0, 1, 1, 0, 1], [0, 0, 0, 1, 1, 0, 1, 1, 0, 1, 0, 0, 1, 0, 0, 1, 1, 1, 0, 0, 1, 1, 1, 0, 1], [0, 1, 0, 1, 0, 1, 0, 0, 0, 1, 0, 0, 0, 1, 1, 1, 0, 0, 0, 1, 0, 0, 1, 1, 0], [0, 0, 1, 0, 0, 0, 1, 1, 0, 0, 1, 0, 0, 1, 1, 0, 0, 1, 1, 1, 0, 0, 1, 0, 0], [0, 1, 1, 0, 1, 0, 1, 1, 1, 1, 1, 1, 0, 0, 0, 0, 0, 0, 1, 1, 1, 1, 0, 1, 1], [1, 1, 1, 0, 0, 1, 1, 1, 0, 0, 0, 0, 1, 1, 0, 0, 1, 0, 0, 0, 1, 0, 1, 0, 1], [1, 1, 1, 1, 0, 0, 0, 1, 0, 0, 0, 1, 1, 1, 0, 1, 1, 0, 1, 1, 0, 0, 1, 1, 0]]",28.0,2.0,Y,"{0: 30, 1: 32, 2: 34, 3: 36, 4: 38, 5: 40, 6: 42, 7: 44, 8: 46, 9: 48, 10: 50, 11: 52, 12: 54, 13: 56, 14: 58, 15: 60, 16: 62, 17: 64, 18: 66, 19: 68, 20: 70, 21: 72, 22: 74, 23: 76, 24: 28}",Y,"{0: 30, 1: 32, 2: 34, 3: 36, 4: 38, 5: 40, 6: 42, 7: 44, 8: 46, 9: 48, 10: 50, 11: 52, 12: 54, 13: 56, 14: 58, 15: 60, 16: 62, 17: 64, 18: 66, 19: 68, 20: 70, 21: 72, 22: 74, 23: 76, 24: 28}","{(0, 1): 1, (0, 2): 1, (0, 4): 1, (0, 5): 1, (0, 6): 1, (0, 7): 1, (0, 9): 1, (0, 11): 1, (0, 12): 1, (0, 15): 1, (0, 17): 1, (0, 18): 1, (0, 23): 17, (0, 24): 1, (1, 5): 1, (1, 7): 1, (1, 8): 1, (1, 9): 1, (1, 16): 1, (1, 20): 23, (1, 22): 1, (1, 23): 1, (1, 24): 1, (2, 4): 1, (2, 5): 1, (2, 8): 1, (2, 9): 1, (2, 11): 1, (2, 12): 1, (2, 14): 10, (2, 16): 1, (2, 17): 1, (2, 18): 1, (2, 21): 11, (2, 22): 1, (2, 23): 1, (2, 24): 1, (3, 5): 1, (3, 7): 1, (3, 8): 1, (3, 9): 1, (3, 16): 1, (3, 17): 1, (3, 19): 28, (3, 20): 1, (3, 24): 1, (4, 5): 1, (4, 6): 1, (4, 8): 1, (4, 9): 1, (4, 15): 1, (4, 16): 28, (4, 18): 1, (4, 19): 1, (4, 22): 1, (5, 6): 1, (5, 8): 1, (5, 9): 1, (5, 10): 28, (5, 13): 1, (5, 16): 1, (5, 20): 1, (5, 23): 1, (6, 7): 1, (6, 12): 1, (6, 13): 1, (6, 17): 1, (6, 19): 1, (6, 21): 32, (6, 22): 1, (6, 23): 1, (7, 9): 1, (7, 10): 1, (7, 15): 32, (7, 17): 1, (7, 19): 1, (7, 21): 1, (7, 22): 1, (7, 23): 1, (7, 24): 1, (8, 9): 1, (8, 11): 1, (8, 12): 1, (8, 14): 1, (8, 15): 1, (8, 16): 1, (8, 17): 1, (8, 18): 1, (8, 22): 33, (9, 11): 8, (9, 17): 1, (9, 18): 1, (9, 19): 1, (9, 20): 1, (9, 22): 28, (10, 11): 15, (10, 14): 1, (10, 15): 1, (10, 16): 1, (10, 17): 1, (10, 21): 1, (10, 22): 1, (11, 12): 1, (11, 14): 1, (11, 16): 21, (11, 17): 1, (11, 22): 1, (11, 24): 1, (12, 14): 15, (12, 16): 3, (12, 19): 29, (12, 23): 1, (12, 24): 1, (13, 17): 1, (13, 20): 18, (13, 21): 1, (13, 23): 33, (13, 24): 1, (14, 17): 1, (14, 18): 6, (14, 20): 1, (14, 21): 22, (15, 16): 1, (15, 18): 1, (15, 19): 1, (15, 20): 20, (15, 24): 1, (16, 19): 1, (16, 23): 1, (16, 24): 1, (17, 18): 51, (17, 19): 1, (17, 21): 1, (18, 21): 1, (18, 22): 1, (18, 24): 1, (19, 20): 1, (19, 21): 1, (19, 22): 1, (19, 24): 1, (20, 22): 1, (20, 23): 3, (21, 22): 1, (22, 23): 1, (22, 24): 1, (23, 24): 15}",1513.9579772949219,146.0,25.0,292.0
20.0,Graph with 25 nodes and 140 edges,"[[0, 1, 1, 0, 0, 1, 0, 1, 1, 0, 1, 0, 0, 1, 1, 1, 1, 1, 1, 1, 0, 0, 0, 0, 1], [1, 0, 0, 0, 0, 0, 1, 1, 1, 0, 1, 1, 0, 0, 0, 1, 0, 0, 0, 0, 0, 0, 1, 0, 1], [1, 0, 0, 0, 1, 0, 0, 1, 1, 1, 1, 0, 1, 0, 0, 0, 1, 0, 1, 0, 1, 1, 1, 0, 0], [0, 0, 0, 0, 0, 1, 1, 0, 0, 0, 0, 1, 0, 1, 1, 0, 0, 1, 1, 0, 1, 0, 0, 1, 0], [0, 0, 1, 0, 0, 0, 0, 1, 0, 1, 0, 1, 1, 0, 0, 1, 1, 0, 1, 1, 0, 1, 1, 0, 1], [1, 0, 0, 1, 0, 0, 0, 1, 1, 1, 0, 1, 1, 1, 0, 1, 1, 1, 0, 1, 0, 0, 1, 1, 1], [0, 1, 0, 1, 0, 0, 0, 1, 0, 1, 1, 1, 1, 1, 0, 0, 1, 1, 1, 1, 0, 0, 0, 0, 1], [1, 1, 1, 0, 1, 1, 1, 0, 0, 1, 0, 0, 0, 0, 0, 1, 0, 1, 1, 1, 1, 0, 0, 0, 0], [1, 1, 1, 0, 0, 1, 0, 0, 0, 0, 1, 0, 1, 0, 1, 1, 1, 0, 0, 1, 0, 1, 0, 0, 1], [0, 0, 1, 0, 1, 1, 1, 1, 0, 0, 0, 0, 0, 0, 0, 0, 1, 0, 0, 1, 0, 1, 1, 0, 1], [1, 1, 1, 0, 0, 0, 1, 0, 1, 0, 0, 0, 0, 0, 1, 0, 0, 1, 0, 1, 0, 0, 1, 0, 0], [0, 1, 0, 1, 1, 1, 1, 0, 0, 0, 0, 0, 1, 0, 1, 0, 0, 0, 0, 0, 0, 0, 0, 0, 1], [0, 0, 1, 0, 1, 1, 1, 0, 1, 0, 0, 1, 0, 1, 0, 1, 1, 0, 1, 0, 0, 1, 0, 1, 1], [1, 0, 0, 1, 0, 1, 1, 0, 0, 0, 0, 0, 1, 0, 1, 0, 1, 0, 0, 0, 1, 1, 1, 0, 0], [1, 0, 0, 1, 0, 0, 0, 0, 1, 0, 1, 1, 0, 1, 0, 1, 0, 1, 1, 0, 0, 0, 0, 0, 0], [1, 1, 0, 0, 1, 1, 0, 1, 1, 0, 0, 0, 1, 0, 1, 0, 0, 1, 0, 1, 1, 0, 1, 0, 1], [1, 0, 1, 0, 1, 1, 1, 0, 1, 1, 0, 0, 1, 1, 0, 0, 0, 1, 1, 0, 0, 1, 0, 1, 0], [1, 0, 0, 1, 0, 1, 1, 1, 0, 0, 1, 0, 0, 0, 1, 1, 1, 0, 0, 1, 0, 1, 0, 0, 1], [1, 0, 1, 1, 1, 0, 1, 1, 0, 0, 0, 0, 1, 0, 1, 0, 1, 0, 0, 0, 1, 1, 1, 1, 0], [1, 0, 0, 0, 1, 1, 1, 1, 1, 1, 1, 0, 0, 0, 0, 1, 0, 1, 0, 0, 0, 1, 0, 0, 1], [0, 0, 1, 1, 0, 0, 0, 1, 0, 0, 0, 0, 0, 1, 0, 1, 0, 0, 1, 0, 0, 0, 1, 0, 0], [0, 0, 1, 0, 1, 0, 0, 0, 1, 1, 0, 0, 1, 1, 0, 0, 1, 1, 1, 1, 0, 0, 0, 1, 1], [0, 1, 1, 0, 1, 1, 0, 0, 0, 1, 1, 0, 0, 1, 0, 1, 0, 0, 1, 0, 1, 0, 0, 0, 1], [0, 0, 0, 1, 0, 1, 0, 0, 0, 0, 0, 0, 1, 0, 0, 0, 1, 0, 1, 0, 0, 1, 0, 0, 0], [1, 1, 0, 0, 1, 1, 1, 0, 1, 1, 0, 1, 1, 0, 0, 1, 0, 1, 0, 1, 0, 1, 1, 0, 0]]",26.0,8.0,Y,"{0: 34, 1: 42, 2: 50, 3: 58, 4: 66, 5: 74, 6: 82, 7: 90, 8: 98, 9: 106, 10: 114, 11: 122, 12: 130, 13: 138, 14: 146, 15: 154, 16: 162, 17: 170, 18: 178, 19: 186, 20: 194, 21: 202, 22: 210, 23: 218, 24: 26}",Y,"{0: 34, 1: 42, 2: 50, 3: 58, 4: 66, 5: 74, 6: 82, 7: 90, 8: 98, 9: 106, 10: 114, 11: 122, 12: 130, 13: 138, 14: 146, 15: 154, 16: 162, 17: 170, 18: 178, 19: 186, 20: 194, 21: 202, 22: 210, 23: 218, 24: 26}","{(0, 1): 1, (0, 2): 1, (0, 5): 1, (0, 7): 1, (0, 8): 1, (0, 10): 1, (0, 13): 21, (0, 14): 1, (0, 15): 1, (0, 16): 1, (0, 17): 1, (0, 18): 1, (0, 19): 1, (0, 24): 1, (1, 6): 1, (1, 7): 1, (1, 8): 1, (1, 10): 1, (1, 11): 34, (1, 15): 1, (1, 22): 1, (1, 24): 1, (2, 4): 1, (2, 7): 1, (2, 8): 1, (2, 9): 1, (2, 10): 1, (2, 12): 1, (2, 16): 1, (2, 18): 1, (2, 20): 1, (2, 21): 39, (2, 22): 1, (3, 5): 1, (3, 6): 1, (3, 11): 1, (3, 13): 1, (3, 14): 1, (3, 17): 1, (3, 18): 1, (3, 20): 1, (3, 23): 50, (4, 7): 1, (4, 9): 1, (4, 11): 50, (4, 12): 6, (4, 15): 1, (4, 16): 1, (4, 18): 1, (4, 19): 1, (4, 21): 1, (4, 22): 1, (4, 24): 1, (5, 7): 1, (5, 8): 1, (5, 9): 1, (5, 11): 1, (5, 12): 1, (5, 13): 60, (5, 15): 1, (5, 16): 1, (5, 17): 1, (5, 19): 1, (5, 22): 1, (5, 23): 1, (5, 24): 1, (6, 7): 1, (6, 9): 1, (6, 10): 1, (6, 11): 1, (6, 12): 1, (6, 13): 1, (6, 16): 1, (6, 17): 70, (6, 18): 1, (6, 19): 1, (6, 24): 1, (7, 9): 1, (7, 15): 1, (7, 17): 1, (7, 18): 23, (7, 19): 57, (7, 20): 1, (8, 10): 1, (8, 12): 87, (8, 14): 1, (8, 15): 1, (8, 16): 1, (8, 19): 1, (8, 21): 1, (8, 24): 1, (9, 16): 1, (9, 19): 1, (9, 21): 1, (9, 22): 97, (9, 24): 1, (10, 14): 106, (10, 17): 1, (10, 19): 1, (10, 22): 1, (11, 12): 1, (11, 14): 33, (11, 24): 1, (12, 13): 1, (12, 15): 1, (12, 16): 27, (12, 18): 1, (12, 21): 1, (12, 23): 1, (12, 24): 1, (13, 14): 1, (13, 16): 1, (13, 20): 1, (13, 21): 50, (13, 22): 1, (14, 15): 1, (14, 17): 1, (14, 18): 1, (15, 17): 1, (15, 19): 58, (15, 20): 85, (15, 22): 1, (15, 24): 1, (16, 17): 41, (16, 18): 84, (16, 21): 1, (16, 23): 1, (17, 19): 50, (17, 21): 1, (17, 24): 1, (18, 20): 1, (18, 21): 1, (18, 22): 1, (18, 23): 61, (19, 21): 1, (19, 24): 13, (20, 22): 104, (21, 23): 104, (21, 24): 1, (22, 24): 1}",1382.8277587890625,140.0,25.0,280.0
22.0,Graph with 25 nodes and 154 edges,"[[0, 1, 1, 1, 1, 1, 0, 0, 0, 1, 1, 0, 0, 0, 0, 1, 1, 0, 0, 1, 1, 0, 0, 1, 0], [1, 0, 1, 0, 1, 0, 0, 1, 1, 1, 0, 1, 1, 1, 1, 0, 0, 1, 1, 0, 0, 1, 0, 1, 1], [1, 1, 0, 1, 1, 0, 1, 1, 0, 0, 1, 0, 1, 0, 0, 1, 0, 1, 1, 0, 0, 0, 0, 0, 1], [1, 0, 1, 0, 1, 0, 1, 1, 0, 1, 0, 1, 0, 0, 0, 1, 0, 0, 0, 0, 1, 0, 1, 1, 1], [1, 1, 1, 1, 0, 0, 1, 0, 0, 0, 0, 0, 0, 0, 1, 1, 0, 0, 0, 1, 1, 0, 1, 1, 0], [1, 0, 0, 0, 0, 0, 0, 1, 1, 1, 1, 0, 1, 1, 1, 1, 0, 0, 1, 0, 0, 1, 0, 0, 1], [0, 0, 1, 1, 1, 0, 0, 0, 0, 1, 1, 0, 1, 1, 1, 1, 0, 0, 1, 0, 0, 0, 1, 0, 1], [0, 1, 1, 1, 0, 1, 0, 0, 0, 1, 1, 0, 0, 1, 1, 0, 0, 0, 0, 0, 0, 0, 0, 1, 0], [0, 1, 0, 0, 0, 1, 0, 0, 0, 0, 0, 0, 1, 1, 1, 0, 1, 0, 1, 1, 1, 0, 0, 1, 1], [1, 1, 0, 1, 0, 1, 1, 1, 0, 0, 1, 1, 0, 0, 0, 1, 0, 0, 0, 1, 0, 0, 0, 1, 1], [1, 0, 1, 0, 0, 1, 1, 1, 0, 1, 0, 1, 0, 0, 0, 0, 1, 1, 0, 1, 1, 1, 1, 0, 0], [0, 1, 0, 1, 0, 0, 0, 0, 0, 1, 1, 0, 1, 0, 0, 0, 1, 0, 1, 0, 1, 1, 1, 1, 1], [0, 1, 1, 0, 0, 1, 1, 0, 1, 0, 0, 1, 0, 1, 0, 1, 0, 1, 1, 0, 1, 1, 0, 1, 1], [0, 1, 0, 0, 0, 1, 1, 1, 1, 0, 0, 0, 1, 0, 1, 1, 1, 1, 1, 0, 0, 0, 1, 0, 1], [0, 1, 0, 0, 1, 1, 1, 1, 1, 0, 0, 0, 0, 1, 0, 1, 0, 1, 0, 0, 0, 0, 0, 1, 0], [1, 0, 1, 1, 1, 1, 1, 0, 0, 1, 0, 0, 1, 1, 1, 0, 1, 0, 0, 1, 0, 1, 1, 0, 1], [1, 0, 0, 0, 0, 0, 0, 0, 1, 0, 1, 1, 0, 1, 0, 1, 0, 0, 1, 1, 0, 1, 1, 1, 1], [0, 1, 1, 0, 0, 0, 0, 0, 0, 0, 1, 0, 1, 1, 1, 0, 0, 0, 1, 0, 0, 1, 1, 1, 1], [0, 1, 1, 0, 0, 1, 1, 0, 1, 0, 0, 1, 1, 1, 0, 0, 1, 1, 0, 1, 0, 0, 0, 1, 0], [1, 0, 0, 0, 1, 0, 0, 0, 1, 1, 1, 0, 0, 0, 0, 1, 1, 0, 1, 0, 0, 1, 0, 0, 0], [1, 0, 0, 1, 1, 0, 0, 0, 1, 0, 1, 1, 1, 0, 0, 0, 0, 0, 0, 0, 0, 1, 1, 1, 1], [0, 1, 0, 0, 0, 1, 0, 0, 0, 0, 1, 1, 1, 0, 0, 1, 1, 1, 0, 1, 1, 0, 1, 0, 1], [0, 0, 0, 1, 1, 0, 1, 0, 0, 0, 1, 1, 0, 1, 0, 1, 1, 1, 0, 0, 1, 1, 0, 1, 1], [1, 1, 0, 1, 1, 0, 0, 1, 1, 1, 0, 1, 1, 0, 1, 0, 1, 1, 1, 0, 1, 0, 1, 0, 1], [0, 1, 1, 1, 0, 1, 1, 0, 1, 1, 0, 1, 1, 1, 0, 1, 1, 1, 0, 0, 1, 1, 1, 1, 0]]",16.0,3.0,Y,"{0: 19, 1: 22, 2: 25, 3: 28, 4: 31, 5: 34, 6: 37, 7: 40, 8: 43, 9: 46, 10: 49, 11: 52, 12: 55, 13: 58, 14: 61, 15: 64, 16: 67, 17: 70, 18: 73, 19: 76, 20: 79, 21: 82, 22: 85, 23: 16, 24: 88}",Y,"{0: 19, 1: 22, 2: 25, 3: 28, 4: 31, 5: 34, 6: 37, 7: 40, 8: 43, 9: 46, 10: 49, 11: 52, 12: 55, 13: 58, 14: 61, 15: 64, 16: 67, 17: 70, 18: 73, 19: 76, 20: 79, 21: 82, 22: 85, 23: 16, 24: 88}","{(0, 1): 1, (0, 2): 1, (0, 3): 1, (0, 4): 1, (0, 5): 1, (0, 9): 1, (0, 10): 8, (0, 15): 1, (0, 16): 1, (0, 19): 1, (0, 20): 1, (0, 23): 1, (1, 2): 1, (1, 4): 1, (1, 7): 1, (1, 8): 1, (1, 9): 8, (1, 11): 1, (1, 12): 1, (1, 13): 1, (1, 14): 1, (1, 17): 1, (1, 18): 1, (1, 21): 1, (1, 23): 1, (1, 24): 1, (2, 3): 1, (2, 4): 7, (2, 6): 1, (2, 7): 1, (2, 10): 1, (2, 12): 1, (2, 15): 1, (2, 17): 1, (2, 18): 1, (2, 24): 8, (3, 4): 1, (3, 6): 1, (3, 7): 1, (3, 9): 1, (3, 11): 1, (3, 15): 1, (3, 20): 17, (3, 22): 1, (3, 23): 1, (3, 24): 1, (4, 6): 1, (4, 14): 1, (4, 15): 1, (4, 19): 1, (4, 20): 15, (4, 22): 1, (4, 23): 1, (5, 7): 1, (5, 8): 1, (5, 9): 1, (5, 10): 1, (5, 12): 5, (5, 13): 1, (5, 14): 3, (5, 15): 1, (5, 18): 17, (5, 21): 1, (5, 24): 1, (6, 9): 6, (6, 10): 17, (6, 12): 1, (6, 13): 1, (6, 14): 1, (6, 15): 5, (6, 18): 1, (6, 22): 1, (6, 24): 1, (7, 9): 19, (7, 10): 1, (7, 13): 14, (7, 14): 1, (7, 23): 1, (8, 12): 28, (8, 13): 1, (8, 14): 1, (8, 16): 1, (8, 18): 5, (8, 19): 1, (8, 20): 2, (8, 23): 1, (8, 24): 1, (9, 10): 1, (9, 11): 1, (9, 15): 1, (9, 19): 3, (9, 23): 1, (9, 24): 3, (10, 11): 1, (10, 16): 14, (10, 17): 1, (10, 19): 1, (10, 20): 1, (10, 21): 1, (10, 22): 1, (11, 12): 1, (11, 16): 13, (11, 18): 1, (11, 20): 25, (11, 21): 1, (11, 22): 1, (11, 23): 1, (11, 24): 5, (12, 13): 11, (12, 15): 1, (12, 17): 1, (12, 18): 1, (12, 20): 1, (12, 21): 1, (12, 23): 1, (12, 24): 1, (13, 14): 17, (13, 15): 1, (13, 16): 1, (13, 17): 5, (13, 18): 3, (13, 22): 1, (13, 24): 1, (14, 15): 34, (14, 17): 1, (14, 23): 1, (15, 16): 1, (15, 19): 1, (15, 21): 13, (15, 22): 1, (15, 24): 1, (16, 18): 1, (16, 19): 11, (16, 21): 1, (16, 22): 5, (16, 23): 1, (16, 24): 17, (17, 18): 1, (17, 21): 1, (17, 22): 56, (17, 23): 1, (17, 24): 1, (18, 19): 40, (18, 23): 1, (19, 21): 17, (20, 21): 1, (20, 22): 14, (20, 23): 1, (20, 24): 1, (21, 22): 1, (21, 24): 43, (22, 23): 1, (22, 24): 1, (23, 24): 1}",76.05552673339844,154.0,25.0,308.0
23.0,Graph with 25 nodes and 158 edges,"[[0, 1, 1, 1, 0, 0, 0, 1, 0, 1, 1, 0, 1, 0, 0, 0, 0, 1, 1, 0, 0, 1, 1, 0, 1], [1, 0, 0, 0, 1, 1, 1, 0, 0, 0, 0, 1, 1, 1, 0, 0, 0, 0, 1, 0, 0, 1, 0, 0, 0], [1, 0, 0, 0, 1, 1, 1, 1, 1, 1, 0, 0, 0, 1, 1, 1, 0, 1, 0, 0, 1, 1, 1, 1, 0], [1, 0, 0, 0, 1, 1, 0, 0, 1, 0, 1, 1, 1, 1, 0, 0, 0, 0, 0, 1, 1, 0, 1, 1, 0], [0, 1, 1, 1, 0, 0, 0, 0, 1, 1, 1, 0, 1, 0, 0, 0, 0, 0, 0, 1, 0, 0, 1, 1, 1], [0, 1, 1, 1, 0, 0, 0, 1, 1, 1, 0, 1, 1, 1, 1, 0, 1, 1, 0, 1, 1, 0, 1, 1, 1], [0, 1, 1, 0, 0, 0, 0, 1, 1, 0, 1, 0, 0, 1, 0, 0, 0, 1, 0, 1, 0, 0, 1, 0, 0], [1, 0, 1, 0, 0, 1, 1, 0, 1, 1, 0, 1, 0, 0, 0, 1, 1, 0, 0, 1, 0, 1, 1, 1, 0], [0, 0, 1, 1, 1, 1, 1, 1, 0, 0, 1, 1, 1, 0, 0, 0, 1, 1, 1, 1, 0, 1, 1, 0, 1], [1, 0, 1, 0, 1, 1, 0, 1, 0, 0, 0, 1, 1, 0, 1, 0, 1, 1, 1, 1, 1, 1, 0, 1, 1], [1, 0, 0, 1, 1, 0, 1, 0, 1, 0, 0, 1, 1, 0, 1, 0, 1, 1, 0, 1, 0, 1, 0, 0, 0], [0, 1, 0, 1, 0, 1, 0, 1, 1, 1, 1, 0, 1, 1, 1, 1, 1, 0, 0, 1, 0, 1, 0, 1, 0], [1, 1, 0, 1, 1, 1, 0, 0, 1, 1, 1, 1, 0, 1, 1, 0, 0, 1, 1, 1, 1, 1, 1, 0, 0], [0, 1, 1, 1, 0, 1, 1, 0, 0, 0, 0, 1, 1, 0, 1, 0, 1, 0, 1, 1, 0, 0, 1, 0, 0], [0, 0, 1, 0, 0, 1, 0, 0, 0, 1, 1, 1, 1, 1, 0, 1, 1, 0, 0, 0, 0, 1, 0, 0, 1], [0, 0, 1, 0, 0, 0, 0, 1, 0, 0, 0, 1, 0, 0, 1, 0, 0, 1, 1, 0, 1, 1, 0, 0, 1], [0, 0, 0, 0, 0, 1, 0, 1, 1, 1, 1, 1, 0, 1, 1, 0, 0, 1, 1, 0, 1, 1, 0, 0, 1], [1, 0, 1, 0, 0, 1, 1, 0, 1, 1, 1, 0, 1, 0, 0, 1, 1, 0, 1, 1, 0, 1, 1, 1, 0], [1, 1, 0, 0, 0, 0, 0, 0, 1, 1, 0, 0, 1, 1, 0, 1, 1, 1, 0, 0, 0, 1, 0, 1, 0], [0, 0, 0, 1, 1, 1, 1, 1, 1, 1, 1, 1, 1, 1, 0, 0, 0, 1, 0, 0, 0, 0, 0, 0, 0], [0, 0, 1, 1, 0, 1, 0, 0, 0, 1, 0, 0, 1, 0, 0, 1, 1, 0, 0, 0, 0, 0, 1, 1, 0], [1, 1, 1, 0, 0, 0, 0, 1, 1, 1, 1, 1, 1, 0, 1, 1, 1, 1, 1, 0, 0, 0, 1, 0, 0], [1, 0, 1, 1, 1, 1, 1, 1, 1, 0, 0, 0, 1, 1, 0, 0, 0, 1, 0, 0, 1, 1, 0, 0, 1], [0, 0, 1, 1, 1, 1, 0, 1, 0, 1, 0, 1, 0, 0, 0, 0, 0, 1, 1, 0, 1, 0, 0, 0, 1], [1, 0, 0, 0, 1, 1, 0, 0, 1, 1, 0, 0, 0, 0, 1, 1, 1, 0, 0, 0, 0, 0, 1, 1, 0]]",16.0,7.0,Y,"{0: 23, 1: 30, 2: 37, 3: 44, 4: 51, 5: 58, 6: 65, 7: 72, 8: 79, 9: 86, 10: 93, 11: 100, 12: 107, 13: 114, 14: 121, 15: 128, 16: 135, 17: 142, 18: 149, 19: 156, 20: 163, 21: 170, 22: 177, 23: 184, 24: 16}",Y,"{0: 23, 1: 30, 2: 37, 3: 44, 4: 51, 5: 58, 6: 65, 7: 72, 8: 79, 9: 86, 10: 93, 11: 100, 12: 107, 13: 114, 14: 121, 15: 128, 16: 135, 17: 142, 18: 149, 19: 156, 20: 163, 21: 170, 22: 177, 23: 184, 24: 16}","{(0, 1): 1, (0, 2): 1, (0, 3): 1, (0, 7): 1, (0, 9): 1, (0, 10): 1, (0, 12): 1, (0, 17): 1, (0, 18): 12, (0, 21): 1, (0, 22): 1, (0, 24): 1, (1, 4): 1, (1, 5): 1, (1, 6): 1, (1, 11): 1, (1, 12): 1, (1, 13): 1, (1, 18): 1, (1, 21): 22, (2, 4): 1, (2, 5): 1, (2, 6): 1, (2, 7): 1, (2, 8): 1, (2, 9): 1, (2, 13): 1, (2, 14): 1, (2, 15): 1, (2, 17): 1, (2, 20): 23, (2, 21): 1, (2, 22): 1, (2, 23): 1, (3, 4): 1, (3, 5): 1, (3, 8): 1, (3, 10): 1, (3, 11): 1, (3, 12): 1, (3, 13): 1, (3, 19): 1, (3, 20): 1, (3, 22): 1, (3, 23): 33, (4, 8): 1, (4, 9): 1, (4, 10): 1, (4, 12): 1, (4, 19): 1, (4, 22): 1, (4, 23): 41, (4, 24): 1, (5, 7): 1, (5, 8): 1, (5, 9): 1, (5, 11): 1, (5, 12): 1, (5, 13): 1, (5, 14): 1, (5, 16): 1, (5, 17): 1, (5, 19): 42, (5, 20): 1, (5, 22): 1, (5, 23): 1, (5, 24): 1, (6, 7): 1, (6, 8): 1, (6, 10): 20, (6, 13): 1, (6, 17): 1, (6, 19): 1, (6, 22): 38, (7, 8): 1, (7, 9): 1, (7, 11): 1, (7, 15): 1, (7, 16): 1, (7, 19): 32, (7, 21): 1, (7, 22): 29, (7, 23): 1, (8, 10): 1, (8, 11): 1, (8, 12): 1, (8, 16): 1, (8, 17): 1, (8, 18): 1, (8, 19): 28, (8, 21): 37, (8, 22): 1, (8, 24): 1, (9, 11): 1, (9, 12): 1, (9, 14): 71, (9, 16): 1, (9, 17): 1, (9, 18): 1, (9, 19): 1, (9, 20): 1, (9, 21): 1, (9, 23): 1, (9, 24): 1, (10, 11): 1, (10, 12): 6, (10, 14): 1, (10, 16): 58, (10, 17): 1, (10, 19): 1, (10, 21): 1, (11, 12): 86, (11, 13): 1, (11, 14): 1, (11, 15): 1, (11, 16): 1, (11, 19): 1, (11, 21): 1, (11, 23): 1, (12, 13): 1, (12, 14): 1, (12, 17): 1, (12, 18): 1, (12, 19): 1, (12, 20): 1, (12, 21): 1, (12, 22): 1, (13, 14): 41, (13, 16): 1, (13, 18): 63, (13, 19): 1, (13, 22): 1, (14, 15): 1, (14, 16): 1, (14, 21): 1, (14, 24): 1, (15, 17): 83, (15, 18): 1, (15, 20): 32, (15, 21): 1, (15, 24): 7, (16, 17): 1, (16, 18): 66, (16, 20): 1, (16, 21): 1, (16, 24): 1, (17, 18): 1, (17, 19): 46, (17, 21): 1, (17, 22): 1, (17, 23): 1, (18, 21): 1, (18, 23): 1, (20, 22): 1, (20, 23): 102, (21, 22): 99, (22, 24): 1, (23, 24): 1}",1391.8876647949219,158.0,25.0,316.0
23.0,Graph with 25 nodes and 158 edges,"[[0, 1, 1, 1, 0, 0, 0, 1, 0, 1, 1, 0, 1, 0, 0, 0, 0, 1, 1, 0, 0, 1, 1, 0, 1], [1, 0, 0, 0, 1, 1, 1, 0, 0, 0, 0, 1, 1, 1, 0, 0, 0, 0, 1, 0, 0, 1, 0, 0, 0], [1, 0, 0, 0, 1, 1, 1, 1, 1, 1, 0, 0, 0, 1, 1, 1, 0, 1, 0, 0, 1, 1, 1, 1, 0], [1, 0, 0, 0, 1, 1, 0, 0, 1, 0, 1, 1, 1, 1, 0, 0, 0, 0, 0, 1, 1, 0, 1, 1, 0], [0, 1, 1, 1, 0, 0, 0, 0, 1, 1, 1, 0, 1, 0, 0, 0, 0, 0, 0, 1, 0, 0, 1, 1, 1], [0, 1, 1, 1, 0, 0, 0, 1, 1, 1, 0, 1, 1, 1, 1, 0, 1, 1, 0, 1, 1, 0, 1, 1, 1], [0, 1, 1, 0, 0, 0, 0, 1, 1, 0, 1, 0, 0, 1, 0, 0, 0, 1, 0, 1, 0, 0, 1, 0, 0], [1, 0, 1, 0, 0, 1, 1, 0, 1, 1, 0, 1, 0, 0, 0, 1, 1, 0, 0, 1, 0, 1, 1, 1, 0], [0, 0, 1, 1, 1, 1, 1, 1, 0, 0, 1, 1, 1, 0, 0, 0, 1, 1, 1, 1, 0, 1, 1, 0, 1], [1, 0, 1, 0, 1, 1, 0, 1, 0, 0, 0, 1, 1, 0, 1, 0, 1, 1, 1, 1, 1, 1, 0, 1, 1], [1, 0, 0, 1, 1, 0, 1, 0, 1, 0, 0, 1, 1, 0, 1, 0, 1, 1, 0, 1, 0, 1, 0, 0, 0], [0, 1, 0, 1, 0, 1, 0, 1, 1, 1, 1, 0, 1, 1, 1, 1, 1, 0, 0, 1, 0, 1, 0, 1, 0], [1, 1, 0, 1, 1, 1, 0, 0, 1, 1, 1, 1, 0, 1, 1, 0, 0, 1, 1, 1, 1, 1, 1, 0, 0], [0, 1, 1, 1, 0, 1, 1, 0, 0, 0, 0, 1, 1, 0, 1, 0, 1, 0, 1, 1, 0, 0, 1, 0, 0], [0, 0, 1, 0, 0, 1, 0, 0, 0, 1, 1, 1, 1, 1, 0, 1, 1, 0, 0, 0, 0, 1, 0, 0, 1], [0, 0, 1, 0, 0, 0, 0, 1, 0, 0, 0, 1, 0, 0, 1, 0, 0, 1, 1, 0, 1, 1, 0, 0, 1], [0, 0, 0, 0, 0, 1, 0, 1, 1, 1, 1, 1, 0, 1, 1, 0, 0, 1, 1, 0, 1, 1, 0, 0, 1], [1, 0, 1, 0, 0, 1, 1, 0, 1, 1, 1, 0, 1, 0, 0, 1, 1, 0, 1, 1, 0, 1, 1, 1, 0], [1, 1, 0, 0, 0, 0, 0, 0, 1, 1, 0, 0, 1, 1, 0, 1, 1, 1, 0, 0, 0, 1, 0, 1, 0], [0, 0, 0, 1, 1, 1, 1, 1, 1, 1, 1, 1, 1, 1, 0, 0, 0, 1, 0, 0, 0, 0, 0, 0, 0], [0, 0, 1, 1, 0, 1, 0, 0, 0, 1, 0, 0, 1, 0, 0, 1, 1, 0, 0, 0, 0, 0, 1, 1, 0], [1, 1, 1, 0, 0, 0, 0, 1, 1, 1, 1, 1, 1, 0, 1, 1, 1, 1, 1, 0, 0, 0, 1, 0, 0], [1, 0, 1, 1, 1, 1, 1, 1, 1, 0, 0, 0, 1, 1, 0, 0, 0, 1, 0, 0, 1, 1, 0, 0, 1], [0, 0, 1, 1, 1, 1, 0, 1, 0, 1, 0, 1, 0, 0, 0, 0, 0, 1, 1, 0, 1, 0, 0, 0, 1], [1, 0, 0, 0, 1, 1, 0, 0, 1, 1, 0, 0, 0, 0, 1, 1, 1, 0, 0, 0, 0, 0, 1, 1, 0]]",20.0,1.0,Y,"{0: 20, 1: 44, 2: 43, 3: 42, 4: 41, 5: 40, 6: 39, 7: 38, 8: 37, 9: 36, 10: 35, 11: 34, 12: 33, 13: 32, 14: 31, 15: 30, 16: 29, 17: 28, 18: 27, 19: 26, 20: 25, 21: 24, 22: 23, 23: 22, 24: 21}",Y,"{0: 20, 1: 44, 2: 43, 3: 42, 4: 41, 5: 40, 6: 39, 7: 38, 8: 37, 9: 36, 10: 35, 11: 34, 12: 33, 13: 32, 14: 31, 15: 30, 16: 29, 17: 28, 18: 27, 19: 26, 20: 25, 21: 24, 22: 23, 23: 22, 24: 21}","{(0, 1): 1, (0, 2): 1, (0, 3): 5, (0, 7): 1, (0, 9): 1, (0, 10): 5, (0, 12): 1, (0, 17): 1, (0, 18): 1, (0, 21): 1, (0, 22): 1, (0, 24): 1, (1, 4): 1, (1, 5): 12, (1, 6): 13, (1, 11): 1, (1, 12): 9, (1, 13): 3, (1, 18): 1, (1, 21): 3, (2, 4): 15, (2, 5): 1, (2, 6): 1, (2, 7): 1, (2, 8): 1, (2, 9): 2, (2, 13): 3, (2, 14): 5, (2, 15): 4, (2, 17): 3, (2, 20): 3, (2, 21): 1, (2, 22): 1, (2, 23): 1, (3, 4): 1, (3, 5): 1, (3, 8): 1, (3, 10): 4, (3, 11): 20, (3, 12): 1, (3, 13): 2, (3, 19): 4, (3, 20): 1, (3, 22): 1, (3, 23): 1, (4, 8): 4, (4, 9): 1, (4, 10): 1, (4, 12): 1, (4, 19): 2, (4, 22): 5, (4, 23): 8, (4, 24): 2, (5, 7): 1, (5, 8): 5, (5, 9): 1, (5, 11): 1, (5, 12): 7, (5, 13): 1, (5, 14): 1, (5, 16): 1, (5, 17): 1, (5, 19): 1, (5, 20): 3, (5, 22): 1, (5, 23): 1, (5, 24): 1, (6, 7): 9, (6, 8): 1, (6, 10): 1, (6, 13): 1, (6, 17): 11, (6, 19): 1, (6, 22): 1, (7, 8): 2, (7, 9): 1, (7, 11): 1, (7, 15): 14, (7, 16): 1, (7, 19): 1, (7, 21): 4, (7, 22): 1, (7, 23): 1, (8, 10): 1, (8, 11): 1, (8, 12): 1, (8, 16): 9, (8, 17): 1, (8, 18): 1, (8, 19): 2, (8, 21): 5, (8, 22): 1, (8, 24): 1, (9, 11): 1, (9, 12): 1, (9, 14): 1, (9, 16): 1, (9, 17): 1, (9, 18): 9, (9, 19): 2, (9, 20): 5, (9, 21): 1, (9, 23): 1, (9, 24): 7, (10, 11): 1, (10, 12): 1, (10, 14): 9, (10, 16): 1, (10, 17): 1, (10, 19): 9, (10, 21): 1, (11, 12): 1, (11, 13): 1, (11, 14): 1, (11, 15): 1, (11, 16): 1, (11, 19): 1, (11, 21): 1, (11, 23): 1, (12, 13): 1, (12, 14): 1, (12, 17): 1, (12, 18): 1, (12, 19): 1, (12, 20): 1, (12, 21): 1, (12, 22): 3, (13, 14): 9, (13, 16): 1, (13, 18): 5, (13, 19): 1, (13, 22): 4, (14, 15): 1, (14, 16): 1, (14, 21): 1, (14, 24): 1, (15, 17): 1, (15, 18): 1, (15, 20): 5, (15, 21): 1, (15, 24): 2, (16, 17): 2, (16, 18): 1, (16, 20): 5, (16, 21): 1, (16, 24): 4, (17, 18): 1, (17, 19): 1, (17, 21): 1, (17, 22): 1, (17, 23): 1, (18, 21): 1, (18, 23): 5, (20, 22): 1, (20, 23): 1, (21, 22): 1, (22, 24): 1, (23, 24): 1}",89.88380432128906,158.0,25.0,316.0
26.0,Graph with 25 nodes and 153 edges,"[[0, 0, 0, 1, 0, 1, 1, 1, 0, 0, 0, 0, 1, 0, 0, 1, 0, 0, 0, 1, 1, 0, 0, 0, 1], [0, 0, 1, 1, 1, 1, 0, 1, 1, 1, 1, 0, 1, 0, 0, 0, 0, 1, 0, 1, 1, 1, 0, 1, 1], [0, 1, 0, 1, 0, 1, 0, 1, 0, 0, 0, 0, 1, 0, 1, 0, 1, 0, 1, 1, 0, 0, 1, 1, 0], [1, 1, 1, 0, 1, 0, 1, 0, 0, 1, 0, 0, 0, 0, 1, 1, 1, 1, 0, 1, 0, 1, 0, 0, 0], [0, 1, 0, 1, 0, 1, 1, 1, 1, 1, 0, 0, 0, 0, 1, 1, 0, 1, 0, 0, 1, 1, 1, 0, 1], [1, 1, 1, 0, 1, 0, 0, 0, 1, 1, 1, 0, 0, 0, 1, 0, 1, 1, 1, 0, 1, 0, 1, 1, 1], [1, 0, 0, 1, 1, 0, 0, 1, 1, 1, 1, 1, 1, 0, 0, 1, 1, 0, 0, 1, 0, 0, 1, 1, 0], [1, 1, 1, 0, 1, 0, 1, 0, 0, 1, 1, 0, 1, 1, 1, 1, 0, 0, 1, 1, 1, 0, 0, 0, 0], [0, 1, 0, 0, 1, 1, 1, 0, 0, 0, 1, 1, 1, 0, 1, 1, 1, 0, 1, 0, 1, 0, 1, 1, 0], [0, 1, 0, 1, 1, 1, 1, 1, 0, 0, 1, 0, 0, 1, 1, 0, 1, 1, 1, 1, 0, 1, 1, 0, 0], [0, 1, 0, 0, 0, 1, 1, 1, 1, 1, 0, 1, 0, 1, 1, 0, 0, 0, 1, 1, 0, 0, 0, 0, 0], [0, 0, 0, 0, 0, 0, 1, 0, 1, 0, 1, 0, 0, 1, 0, 0, 0, 0, 0, 0, 1, 0, 1, 1, 0], [1, 1, 1, 0, 0, 0, 1, 1, 1, 0, 0, 0, 0, 0, 1, 1, 1, 0, 0, 0, 1, 0, 1, 1, 1], [0, 0, 0, 0, 0, 0, 0, 1, 0, 1, 1, 1, 0, 0, 1, 1, 1, 1, 1, 0, 1, 1, 0, 0, 0], [0, 0, 1, 1, 1, 1, 0, 1, 1, 1, 1, 0, 1, 1, 0, 1, 0, 1, 1, 1, 0, 1, 1, 0, 1], [1, 0, 0, 1, 1, 0, 1, 1, 1, 0, 0, 0, 1, 1, 1, 0, 0, 0, 1, 1, 0, 0, 1, 1, 0], [0, 0, 1, 1, 0, 1, 1, 0, 1, 1, 0, 0, 1, 1, 0, 0, 0, 1, 1, 1, 1, 0, 0, 0, 0], [0, 1, 0, 1, 1, 1, 0, 0, 0, 1, 0, 0, 0, 1, 1, 0, 1, 0, 0, 1, 0, 0, 1, 1, 1], [0, 0, 1, 0, 0, 1, 0, 1, 1, 1, 1, 0, 0, 1, 1, 1, 1, 0, 0, 0, 1, 0, 0, 0, 1], [1, 1, 1, 1, 0, 0, 1, 1, 0, 1, 1, 0, 0, 0, 1, 1, 1, 1, 0, 0, 0, 1, 0, 0, 0], [1, 1, 0, 0, 1, 1, 0, 1, 1, 0, 0, 1, 1, 1, 0, 0, 1, 0, 1, 0, 0, 1, 0, 0, 0], [0, 1, 0, 1, 1, 0, 0, 0, 0, 1, 0, 0, 0, 1, 1, 0, 0, 0, 0, 1, 1, 0, 0, 0, 0], [0, 0, 1, 0, 1, 1, 1, 0, 1, 1, 0, 1, 1, 0, 1, 1, 0, 1, 0, 0, 0, 0, 0, 0, 1], [0, 1, 1, 0, 0, 1, 1, 0, 1, 0, 0, 1, 1, 0, 0, 1, 0, 1, 0, 0, 0, 0, 0, 0, 1], [1, 1, 0, 0, 1, 1, 0, 0, 0, 0, 0, 0, 1, 0, 1, 0, 0, 1, 1, 0, 0, 0, 1, 1, 0]]",22.0,5.0,Y,"{0: 142, 1: 137, 2: 132, 3: 127, 4: 122, 5: 117, 6: 112, 7: 107, 8: 102, 9: 97, 10: 92, 11: 87, 12: 82, 13: 77, 14: 72, 15: 67, 16: 62, 17: 57, 18: 52, 19: 47, 20: 42, 21: 37, 22: 32, 23: 27, 24: 22}",Y,"{0: 142, 1: 137, 2: 132, 3: 127, 4: 122, 5: 117, 6: 112, 7: 107, 8: 102, 9: 97, 10: 92, 11: 87, 12: 82, 13: 77, 14: 72, 15: 67, 16: 62, 17: 57, 18: 52, 19: 47, 20: 42, 21: 37, 22: 32, 23: 27, 24: 22}","{(0, 3): 112, (0, 5): 1, (0, 6): 1, (0, 7): 1, (0, 12): 15, (0, 15): 5, (0, 19): 1, (0, 20): 1, (0, 24): 5, (1, 2): 29, (1, 3): 1, (1, 4): 1, (1, 5): 32, (1, 7): 5, (1, 8): 5, (1, 9): 1, (1, 10): 1, (1, 12): 51, (1, 17): 5, (1, 19): 1, (1, 20): 1, (1, 21): 1, (1, 23): 2, (1, 24): 1, (2, 3): 5, (2, 5): 1, (2, 7): 60, (2, 12): 1, (2, 14): 1, (2, 16): 1, (2, 18): 1, (2, 19): 27, (2, 22): 5, (2, 23): 1, (3, 4): 1, (3, 6): 1, (3, 9): 1, (3, 14): 1, (3, 15): 1, (3, 16): 1, (3, 17): 1, (3, 19): 1, (3, 21): 1, (4, 5): 9, (4, 6): 2, (4, 7): 1, (4, 8): 23, (4, 9): 1, (4, 14): 16, (4, 15): 31, (4, 17): 5, (4, 20): 1, (4, 21): 26, (4, 22): 4, (4, 24): 1, (5, 8): 1, (5, 9): 1, (5, 10): 18, (5, 14): 1, (5, 16): 47, (5, 17): 1, (5, 18): 1, (5, 20): 1, (5, 22): 1, (5, 23): 1, (5, 24): 1, (6, 7): 1, (6, 8): 27, (6, 9): 49, (6, 10): 1, (6, 11): 3, (6, 12): 1, (6, 15): 10, (6, 16): 1, (6, 19): 1, (6, 22): 1, (6, 23): 13, (7, 9): 1, (7, 10): 31, (7, 12): 1, (7, 13): 1, (7, 14): 1, (7, 15): 1, (7, 18): 1, (7, 19): 1, (7, 20): 1, (8, 10): 1, (8, 11): 12, (8, 12): 1, (8, 14): 9, (8, 15): 12, (8, 16): 1, (8, 18): 5, (8, 20): 1, (8, 22): 3, (8, 23): 1, (9, 10): 20, (9, 13): 5, (9, 14): 1, (9, 16): 1, (9, 17): 4, (9, 18): 5, (9, 19): 1, (9, 21): 5, (9, 22): 1, (10, 11): 1, (10, 13): 5, (10, 14): 8, (10, 18): 5, (10, 19): 1, (11, 13): 38, (11, 20): 31, (11, 22): 1, (11, 23): 1, (12, 14): 1, (12, 15): 1, (12, 16): 1, (12, 20): 1, (12, 22): 1, (12, 23): 5, (12, 24): 2, (13, 14): 1, (13, 15): 1, (13, 16): 4, (13, 17): 19, (13, 18): 1, (13, 20): 1, (13, 21): 1, (14, 15): 1, (14, 17): 1, (14, 18): 26, (14, 19): 1, (14, 21): 1, (14, 22): 1, (14, 24): 1, (15, 18): 1, (15, 19): 1, (15, 22): 1, (15, 23): 1, (16, 17): 2, (16, 18): 1, (16, 19): 1, (16, 20): 1, (17, 19): 9, (17, 22): 8, (17, 23): 1, (17, 24): 1, (18, 20): 1, (18, 24): 4, (19, 21): 1, (20, 21): 1, (22, 24): 5, (23, 24): 1}",117.06352233886719,153.0,25.0,306.0
26.0,Graph with 25 nodes and 153 edges,"[[0, 0, 0, 1, 0, 1, 1, 1, 0, 0, 0, 0, 1, 0, 0, 1, 0, 0, 0, 1, 1, 0, 0, 0, 1], [0, 0, 1, 1, 1, 1, 0, 1, 1, 1, 1, 0, 1, 0, 0, 0, 0, 1, 0, 1, 1, 1, 0, 1, 1], [0, 1, 0, 1, 0, 1, 0, 1, 0, 0, 0, 0, 1, 0, 1, 0, 1, 0, 1, 1, 0, 0, 1, 1, 0], [1, 1, 1, 0, 1, 0, 1, 0, 0, 1, 0, 0, 0, 0, 1, 1, 1, 1, 0, 1, 0, 1, 0, 0, 0], [0, 1, 0, 1, 0, 1, 1, 1, 1, 1, 0, 0, 0, 0, 1, 1, 0, 1, 0, 0, 1, 1, 1, 0, 1], [1, 1, 1, 0, 1, 0, 0, 0, 1, 1, 1, 0, 0, 0, 1, 0, 1, 1, 1, 0, 1, 0, 1, 1, 1], [1, 0, 0, 1, 1, 0, 0, 1, 1, 1, 1, 1, 1, 0, 0, 1, 1, 0, 0, 1, 0, 0, 1, 1, 0], [1, 1, 1, 0, 1, 0, 1, 0, 0, 1, 1, 0, 1, 1, 1, 1, 0, 0, 1, 1, 1, 0, 0, 0, 0], [0, 1, 0, 0, 1, 1, 1, 0, 0, 0, 1, 1, 1, 0, 1, 1, 1, 0, 1, 0, 1, 0, 1, 1, 0], [0, 1, 0, 1, 1, 1, 1, 1, 0, 0, 1, 0, 0, 1, 1, 0, 1, 1, 1, 1, 0, 1, 1, 0, 0], [0, 1, 0, 0, 0, 1, 1, 1, 1, 1, 0, 1, 0, 1, 1, 0, 0, 0, 1, 1, 0, 0, 0, 0, 0], [0, 0, 0, 0, 0, 0, 1, 0, 1, 0, 1, 0, 0, 1, 0, 0, 0, 0, 0, 0, 1, 0, 1, 1, 0], [1, 1, 1, 0, 0, 0, 1, 1, 1, 0, 0, 0, 0, 0, 1, 1, 1, 0, 0, 0, 1, 0, 1, 1, 1], [0, 0, 0, 0, 0, 0, 0, 1, 0, 1, 1, 1, 0, 0, 1, 1, 1, 1, 1, 0, 1, 1, 0, 0, 0], [0, 0, 1, 1, 1, 1, 0, 1, 1, 1, 1, 0, 1, 1, 0, 1, 0, 1, 1, 1, 0, 1, 1, 0, 1], [1, 0, 0, 1, 1, 0, 1, 1, 1, 0, 0, 0, 1, 1, 1, 0, 0, 0, 1, 1, 0, 0, 1, 1, 0], [0, 0, 1, 1, 0, 1, 1, 0, 1, 1, 0, 0, 1, 1, 0, 0, 0, 1, 1, 1, 1, 0, 0, 0, 0], [0, 1, 0, 1, 1, 1, 0, 0, 0, 1, 0, 0, 0, 1, 1, 0, 1, 0, 0, 1, 0, 0, 1, 1, 1], [0, 0, 1, 0, 0, 1, 0, 1, 1, 1, 1, 0, 0, 1, 1, 1, 1, 0, 0, 0, 1, 0, 0, 0, 1], [1, 1, 1, 1, 0, 0, 1, 1, 0, 1, 1, 0, 0, 0, 1, 1, 1, 1, 0, 0, 0, 1, 0, 0, 0], [1, 1, 0, 0, 1, 1, 0, 1, 1, 0, 0, 1, 1, 1, 0, 0, 1, 0, 1, 0, 0, 1, 0, 0, 0], [0, 1, 0, 1, 1, 0, 0, 0, 0, 1, 0, 0, 0, 1, 1, 0, 0, 0, 0, 1, 1, 0, 0, 0, 0], [0, 0, 1, 0, 1, 1, 1, 0, 1, 1, 0, 1, 1, 0, 1, 1, 0, 1, 0, 0, 0, 0, 0, 0, 1], [0, 1, 1, 0, 0, 1, 1, 0, 1, 0, 0, 1, 1, 0, 0, 1, 0, 1, 0, 0, 0, 0, 0, 0, 1], [1, 1, 0, 0, 1, 1, 0, 0, 0, 0, 0, 0, 1, 0, 1, 0, 0, 1, 1, 0, 0, 0, 1, 1, 0]]",28.0,4.0,Y,"{0: 32, 1: 36, 2: 40, 3: 44, 4: 48, 5: 52, 6: 56, 7: 60, 8: 64, 9: 68, 10: 72, 11: 76, 12: 80, 13: 84, 14: 88, 15: 92, 16: 96, 17: 100, 18: 104, 19: 108, 20: 112, 21: 116, 22: 120, 23: 124, 24: 28}",Y,"{0: 32, 1: 36, 2: 40, 3: 44, 4: 48, 5: 52, 6: 56, 7: 60, 8: 64, 9: 68, 10: 72, 11: 76, 12: 80, 13: 84, 14: 88, 15: 92, 16: 96, 17: 100, 18: 104, 19: 108, 20: 112, 21: 116, 22: 120, 23: 124, 24: 28}","{(0, 3): 1, (0, 5): 1, (0, 6): 1, (0, 7): 1, (0, 12): 1, (0, 15): 1, (0, 19): 1, (0, 20): 24, (0, 24): 1, (1, 2): 1, (1, 3): 1, (1, 4): 1, (1, 5): 1, (1, 7): 1, (1, 8): 1, (1, 9): 1, (1, 10): 1, (1, 12): 1, (1, 17): 1, (1, 19): 1, (1, 20): 22, (1, 21): 1, (1, 23): 1, (1, 24): 1, (2, 3): 1, (2, 5): 1, (2, 7): 1, (2, 12): 1, (2, 14): 1, (2, 16): 1, (2, 18): 1, (2, 19): 1, (2, 22): 1, (2, 23): 30, (3, 4): 1, (3, 6): 1, (3, 9): 1, (3, 14): 1, (3, 15): 1, (3, 16): 1, (3, 17): 1, (3, 19): 1, (3, 21): 33, (4, 5): 1, (4, 6): 1, (4, 7): 1, (4, 8): 1, (4, 9): 1, (4, 14): 1, (4, 15): 10, (4, 17): 1, (4, 20): 1, (4, 21): 1, (4, 22): 26, (4, 24): 1, (5, 8): 1, (5, 9): 1, (5, 10): 1, (5, 14): 1, (5, 16): 1, (5, 17): 6, (5, 18): 33, (5, 20): 1, (5, 22): 1, (5, 23): 1, (5, 24): 1, (6, 7): 1, (6, 8): 1, (6, 9): 1, (6, 10): 1, (6, 11): 3, (6, 12): 12, (6, 15): 1, (6, 16): 30, (6, 19): 1, (6, 22): 1, (6, 23): 1, (7, 9): 1, (7, 10): 1, (7, 12): 1, (7, 13): 46, (7, 14): 2, (7, 15): 1, (7, 18): 1, (7, 19): 1, (7, 20): 1, (8, 10): 51, (8, 11): 1, (8, 12): 1, (8, 14): 1, (8, 15): 1, (8, 16): 1, (8, 18): 1, (8, 20): 1, (8, 22): 1, (8, 23): 1, (9, 10): 12, (9, 13): 1, (9, 14): 1, (9, 16): 24, (9, 17): 1, (9, 18): 1, (9, 19): 20, (9, 21): 1, (9, 22): 1, (10, 11): 1, (10, 13): 1, (10, 14): 1, (10, 18): 1, (10, 19): 1, (11, 13): 1, (11, 20): 1, (11, 22): 1, (11, 23): 68, (12, 14): 1, (12, 15): 1, (12, 16): 1, (12, 20): 57, (12, 22): 1, (12, 23): 1, (12, 24): 1, (13, 14): 1, (13, 15): 1, (13, 16): 1, (13, 17): 1, (13, 18): 29, (13, 20): 1, (13, 21): 1, (14, 15): 71, (14, 17): 1, (14, 18): 1, (14, 19): 1, (14, 21): 1, (14, 22): 1, (14, 24): 1, (15, 18): 1, (15, 19): 1, (15, 22): 1, (15, 23): 1, (16, 17): 1, (16, 18): 33, (16, 19): 1, (16, 20): 1, (17, 19): 1, (17, 22): 84, (17, 23): 1, (17, 24): 1, (18, 20): 1, (18, 24): 1, (19, 21): 77, (20, 21): 1, (22, 24): 1, (23, 24): 19}",1271.0094451904297,153.0,25.0,306.0
26.0,Graph with 25 nodes and 153 edges,"[[0, 0, 0, 1, 0, 1, 1, 1, 0, 0, 0, 0, 1, 0, 0, 1, 0, 0, 0, 1, 1, 0, 0, 0, 1], [0, 0, 1, 1, 1, 1, 0, 1, 1, 1, 1, 0, 1, 0, 0, 0, 0, 1, 0, 1, 1, 1, 0, 1, 1], [0, 1, 0, 1, 0, 1, 0, 1, 0, 0, 0, 0, 1, 0, 1, 0, 1, 0, 1, 1, 0, 0, 1, 1, 0], [1, 1, 1, 0, 1, 0, 1, 0, 0, 1, 0, 0, 0, 0, 1, 1, 1, 1, 0, 1, 0, 1, 0, 0, 0], [0, 1, 0, 1, 0, 1, 1, 1, 1, 1, 0, 0, 0, 0, 1, 1, 0, 1, 0, 0, 1, 1, 1, 0, 1], [1, 1, 1, 0, 1, 0, 0, 0, 1, 1, 1, 0, 0, 0, 1, 0, 1, 1, 1, 0, 1, 0, 1, 1, 1], [1, 0, 0, 1, 1, 0, 0, 1, 1, 1, 1, 1, 1, 0, 0, 1, 1, 0, 0, 1, 0, 0, 1, 1, 0], [1, 1, 1, 0, 1, 0, 1, 0, 0, 1, 1, 0, 1, 1, 1, 1, 0, 0, 1, 1, 1, 0, 0, 0, 0], [0, 1, 0, 0, 1, 1, 1, 0, 0, 0, 1, 1, 1, 0, 1, 1, 1, 0, 1, 0, 1, 0, 1, 1, 0], [0, 1, 0, 1, 1, 1, 1, 1, 0, 0, 1, 0, 0, 1, 1, 0, 1, 1, 1, 1, 0, 1, 1, 0, 0], [0, 1, 0, 0, 0, 1, 1, 1, 1, 1, 0, 1, 0, 1, 1, 0, 0, 0, 1, 1, 0, 0, 0, 0, 0], [0, 0, 0, 0, 0, 0, 1, 0, 1, 0, 1, 0, 0, 1, 0, 0, 0, 0, 0, 0, 1, 0, 1, 1, 0], [1, 1, 1, 0, 0, 0, 1, 1, 1, 0, 0, 0, 0, 0, 1, 1, 1, 0, 0, 0, 1, 0, 1, 1, 1], [0, 0, 0, 0, 0, 0, 0, 1, 0, 1, 1, 1, 0, 0, 1, 1, 1, 1, 1, 0, 1, 1, 0, 0, 0], [0, 0, 1, 1, 1, 1, 0, 1, 1, 1, 1, 0, 1, 1, 0, 1, 0, 1, 1, 1, 0, 1, 1, 0, 1], [1, 0, 0, 1, 1, 0, 1, 1, 1, 0, 0, 0, 1, 1, 1, 0, 0, 0, 1, 1, 0, 0, 1, 1, 0], [0, 0, 1, 1, 0, 1, 1, 0, 1, 1, 0, 0, 1, 1, 0, 0, 0, 1, 1, 1, 1, 0, 0, 0, 0], [0, 1, 0, 1, 1, 1, 0, 0, 0, 1, 0, 0, 0, 1, 1, 0, 1, 0, 0, 1, 0, 0, 1, 1, 1], [0, 0, 1, 0, 0, 1, 0, 1, 1, 1, 1, 0, 0, 1, 1, 1, 1, 0, 0, 0, 1, 0, 0, 0, 1], [1, 1, 1, 1, 0, 0, 1, 1, 0, 1, 1, 0, 0, 0, 1, 1, 1, 1, 0, 0, 0, 1, 0, 0, 0], [1, 1, 0, 0, 1, 1, 0, 1, 1, 0, 0, 1, 1, 1, 0, 0, 1, 0, 1, 0, 0, 1, 0, 0, 0], [0, 1, 0, 1, 1, 0, 0, 0, 0, 1, 0, 0, 0, 1, 1, 0, 0, 0, 0, 1, 1, 0, 0, 0, 0], [0, 0, 1, 0, 1, 1, 1, 0, 1, 1, 0, 1, 1, 0, 1, 1, 0, 1, 0, 0, 0, 0, 0, 0, 1], [0, 1, 1, 0, 0, 1, 1, 0, 1, 0, 0, 1, 1, 0, 0, 1, 0, 1, 0, 0, 0, 0, 0, 0, 1], [1, 1, 0, 0, 1, 1, 0, 0, 0, 0, 0, 0, 1, 0, 1, 0, 0, 1, 1, 0, 0, 0, 1, 1, 0]]",28.0,6.0,Y,"{0: 34, 1: 40, 2: 46, 3: 52, 4: 58, 5: 64, 6: 70, 7: 76, 8: 82, 9: 88, 10: 94, 11: 100, 12: 106, 13: 112, 14: 118, 15: 124, 16: 130, 17: 136, 18: 142, 19: 148, 20: 154, 21: 160, 22: 166, 23: 172, 24: 28}",Y,"{0: 34, 1: 40, 2: 46, 3: 52, 4: 58, 5: 64, 6: 70, 7: 76, 8: 82, 9: 88, 10: 94, 11: 100, 12: 106, 13: 112, 14: 118, 15: 124, 16: 130, 17: 136, 18: 142, 19: 148, 20: 154, 21: 160, 22: 166, 23: 172, 24: 28}","{(0, 3): 1, (0, 5): 1, (0, 6): 6, (0, 7): 6, (0, 12): 11, (0, 15): 1, (0, 19): 1, (0, 20): 6, (0, 24): 1, (1, 2): 1, (1, 3): 1, (1, 4): 11, (1, 5): 1, (1, 7): 1, (1, 8): 1, (1, 9): 1, (1, 10): 1, (1, 12): 1, (1, 17): 1, (1, 19): 1, (1, 20): 6, (1, 21): 1, (1, 23): 11, (1, 24): 1, (2, 3): 1, (2, 5): 1, (2, 7): 1, (2, 12): 1, (2, 14): 1, (2, 16): 11, (2, 18): 11, (2, 19): 16, (2, 22): 1, (2, 23): 1, (3, 4): 1, (3, 6): 1, (3, 9): 1, (3, 14): 11, (3, 15): 1, (3, 16): 1, (3, 17): 1, (3, 19): 1, (3, 21): 31, (4, 5): 1, (4, 6): 1, (4, 7): 11, (4, 8): 1, (4, 9): 1, (4, 14): 1, (4, 15): 1, (4, 17): 1, (4, 20): 11, (4, 21): 10, (4, 22): 6, (4, 24): 1, (5, 8): 1, (5, 9): 1, (5, 10): 11, (5, 14): 1, (5, 16): 1, (5, 17): 1, (5, 18): 21, (5, 20): 1, (5, 22): 20, (5, 23): 1, (5, 24): 1, (6, 7): 1, (6, 8): 1, (6, 9): 1, (6, 10): 1, (6, 11): 1, (6, 12): 1, (6, 15): 1, (6, 16): 1, (6, 19): 1, (6, 22): 52, (6, 23): 1, (7, 9): 1, (7, 10): 1, (7, 12): 1, (7, 13): 11, (7, 14): 1, (7, 15): 1, (7, 18): 38, (7, 19): 1, (7, 20): 1, (8, 10): 1, (8, 11): 7, (8, 12): 1, (8, 14): 1, (8, 15): 1, (8, 16): 43, (8, 18): 11, (8, 20): 1, (8, 22): 11, (8, 23): 1, (9, 10): 1, (9, 13): 1, (9, 14): 1, (9, 16): 1, (9, 17): 21, (9, 18): 44, (9, 19): 1, (9, 21): 11, (9, 22): 1, (10, 11): 1, (10, 13): 64, (10, 14): 11, (10, 18): 1, (10, 19): 1, (11, 13): 19, (11, 20): 1, (11, 22): 21, (11, 23): 50, (12, 14): 1, (12, 15): 1, (12, 16): 1, (12, 20): 1, (12, 22): 4, (12, 23): 76, (12, 24): 6, (13, 14): 1, (13, 15): 11, (13, 16): 1, (13, 17): 1, (13, 18): 1, (13, 20): 1, (13, 21): 1, (14, 15): 1, (14, 17): 26, (14, 18): 11, (14, 19): 37, (14, 21): 1, (14, 22): 11, (14, 24): 1, (15, 18): 1, (15, 19): 61, (15, 22): 27, (15, 23): 16, (16, 17): 47, (16, 18): 1, (16, 19): 1, (16, 20): 21, (17, 19): 24, (17, 22): 11, (17, 23): 1, (17, 24): 1, (18, 20): 1, (18, 24): 1, (19, 21): 2, (20, 21): 103, (22, 24): 1, (23, 24): 14}",86.06910705566406,153.0,25.0,306.0
28.0,Graph with 25 nodes and 153 edges,"[[0, 1, 0, 0, 1, 1, 0, 0, 1, 1, 0, 1, 1, 1, 1, 1, 0, 1, 0, 0, 1, 1, 0, 1, 0], [1, 0, 1, 0, 0, 0, 1, 1, 0, 0, 1, 0, 0, 0, 1, 0, 0, 0, 1, 1, 0, 1, 0, 0, 0], [0, 1, 0, 0, 0, 0, 0, 0, 0, 0, 1, 1, 1, 1, 1, 0, 0, 1, 0, 1, 0, 0, 1, 0, 0], [0, 0, 0, 0, 1, 1, 1, 0, 1, 1, 0, 0, 0, 0, 1, 0, 0, 0, 1, 1, 1, 0, 0, 0, 0], [1, 0, 0, 1, 0, 0, 1, 1, 0, 0, 1, 1, 1, 1, 1, 1, 1, 0, 0, 0, 0, 0, 1, 1, 0], [1, 0, 0, 1, 0, 0, 1, 1, 1, 1, 1, 0, 0, 0, 1, 1, 1, 0, 0, 0, 1, 0, 1, 0, 1], [0, 1, 0, 1, 1, 1, 0, 0, 1, 1, 0, 0, 1, 1, 1, 0, 1, 0, 0, 0, 1, 0, 0, 0, 1], [0, 1, 0, 0, 1, 1, 0, 0, 0, 1, 0, 0, 0, 1, 0, 1, 0, 0, 0, 0, 0, 1, 1, 1, 1], [1, 0, 0, 1, 0, 1, 1, 0, 0, 1, 0, 1, 0, 1, 0, 1, 1, 1, 1, 0, 1, 1, 1, 1, 0], [1, 0, 0, 1, 0, 1, 1, 1, 1, 0, 0, 1, 0, 0, 0, 1, 1, 0, 1, 0, 0, 1, 1, 1, 1], [0, 1, 1, 0, 1, 1, 0, 0, 0, 0, 0, 1, 1, 0, 1, 1, 0, 1, 0, 1, 1, 1, 1, 0, 1], [1, 0, 1, 0, 1, 0, 0, 0, 1, 1, 1, 0, 0, 0, 0, 1, 1, 1, 1, 0, 1, 0, 0, 0, 0], [1, 0, 1, 0, 1, 0, 1, 0, 0, 0, 1, 0, 0, 0, 1, 0, 0, 0, 0, 0, 0, 1, 1, 0, 0], [1, 0, 1, 0, 1, 0, 1, 1, 1, 0, 0, 0, 0, 0, 1, 0, 0, 1, 0, 1, 0, 1, 0, 1, 1], [1, 1, 1, 1, 1, 1, 1, 0, 0, 0, 1, 0, 1, 1, 0, 1, 1, 0, 1, 1, 1, 0, 0, 0, 1], [1, 0, 0, 0, 1, 1, 0, 1, 1, 1, 1, 1, 0, 0, 1, 0, 0, 1, 0, 1, 1, 0, 0, 0, 0], [0, 0, 0, 0, 1, 1, 1, 0, 1, 1, 0, 1, 0, 0, 1, 0, 0, 0, 1, 1, 1, 0, 1, 1, 0], [1, 0, 1, 0, 0, 0, 0, 0, 1, 0, 1, 1, 0, 1, 0, 1, 0, 0, 1, 1, 1, 1, 0, 0, 0], [0, 1, 0, 1, 0, 0, 0, 0, 1, 1, 0, 1, 0, 0, 1, 0, 1, 1, 0, 1, 1, 1, 1, 0, 1], [0, 1, 1, 1, 0, 0, 0, 0, 0, 0, 1, 0, 0, 1, 1, 1, 1, 1, 1, 0, 1, 1, 0, 0, 1], [1, 0, 0, 1, 0, 1, 1, 0, 1, 0, 1, 1, 0, 0, 1, 1, 1, 1, 1, 1, 0, 1, 1, 0, 0], [1, 1, 0, 0, 0, 0, 0, 1, 1, 1, 1, 0, 1, 1, 0, 0, 0, 1, 1, 1, 1, 0, 1, 1, 1], [0, 0, 1, 0, 1, 1, 0, 1, 1, 1, 1, 0, 1, 0, 0, 0, 1, 0, 1, 0, 1, 1, 0, 1, 1], [1, 0, 0, 0, 1, 0, 0, 1, 1, 1, 0, 0, 0, 1, 0, 0, 1, 0, 0, 0, 0, 1, 1, 0, 1], [0, 0, 0, 0, 0, 1, 1, 1, 0, 1, 1, 0, 0, 1, 1, 0, 0, 0, 1, 1, 0, 1, 1, 1, 0]]",12.0,2.0,Y,"{0: 46, 1: 18, 2: 28, 3: 20, 4: 40, 5: 38, 6: 36, 7: 14, 8: 56, 9: 48, 10: 44, 11: 16, 12: 22, 13: 32, 14: 60, 15: 34, 16: 24, 17: 30, 18: 50, 19: 52, 20: 58, 21: 54, 22: 42, 23: 12, 24: 26}",Y,"{0: 46, 1: 18, 2: 28, 3: 20, 4: 40, 5: 38, 6: 36, 7: 14, 8: 56, 9: 48, 10: 44, 11: 16, 12: 22, 13: 32, 14: 60, 15: 34, 16: 24, 17: 30, 18: 50, 19: 52, 20: 58, 21: 54, 22: 42, 23: 12, 24: 26}","{(0, 1): 1, (0, 4): 1, (0, 5): 1, (0, 8): 28, (0, 9): 1, (0, 11): 1, (0, 12): 1, (0, 13): 6, (0, 14): 1, (0, 15): 1, (0, 17): 1, (0, 20): 1, (0, 21): 1, (0, 23): 1, (1, 2): 8, (1, 6): 1, (1, 7): 1, (1, 10): 3, (1, 14): 1, (1, 18): 1, (1, 19): 1, (1, 21): 1, (2, 10): 1, (2, 11): 1, (2, 12): 1, (2, 13): 1, (2, 14): 13, (2, 17): 1, (2, 19): 1, (2, 22): 1, (3, 4): 1, (3, 5): 12, (3, 6): 1, (3, 8): 1, (3, 9): 1, (3, 14): 1, (3, 18): 1, (3, 19): 1, (3, 20): 1, (4, 6): 1, (4, 7): 1, (4, 10): 1, (4, 11): 3, (4, 12): 1, (4, 13): 8, (4, 14): 19, (4, 15): 1, (4, 16): 1, (4, 22): 1, (4, 23): 1, (5, 6): 1, (5, 7): 1, (5, 8): 1, (5, 9): 1, (5, 10): 1, (5, 14): 1, (5, 15): 1, (5, 16): 1, (5, 20): 3, (5, 22): 13, (5, 24): 1, (6, 8): 1, (6, 9): 5, (6, 12): 11, (6, 13): 3, (6, 14): 9, (6, 16): 1, (6, 20): 1, (6, 24): 1, (7, 9): 5, (7, 13): 1, (7, 15): 1, (7, 21): 1, (7, 22): 1, (7, 23): 1, (7, 24): 1, (8, 9): 6, (8, 11): 1, (8, 13): 1, (8, 15): 6, (8, 16): 1, (8, 17): 1, (8, 18): 1, (8, 20): 3, (8, 21): 1, (8, 22): 1, (8, 23): 3, (9, 11): 1, (9, 15): 8, (9, 16): 1, (9, 18): 13, (9, 21): 3, (9, 22): 1, (9, 23): 1, (9, 24): 1, (10, 11): 1, (10, 12): 1, (10, 14): 1, (10, 15): 1, (10, 17): 2, (10, 19): 1, (10, 20): 13, (10, 21): 7, (10, 22): 10, (10, 24): 1, (11, 15): 1, (11, 16): 1, (11, 17): 1, (11, 18): 4, (11, 20): 1, (12, 14): 1, (12, 21): 4, (12, 22): 2, (13, 14): 1, (13, 17): 1, (13, 19): 5, (13, 21): 3, (13, 23): 1, (13, 24): 1, (14, 15): 3, (14, 16): 1, (14, 18): 3, (14, 19): 3, (14, 20): 1, (14, 24): 1, (15, 17): 1, (15, 19): 1, (15, 20): 9, (16, 18): 3, (16, 19): 11, (16, 20): 1, (16, 22): 1, (16, 23): 1, (17, 18): 17, (17, 19): 3, (17, 20): 1, (17, 21): 1, (18, 19): 1, (18, 20): 1, (18, 21): 1, (18, 22): 3, (18, 24): 1, (19, 20): 1, (19, 21): 8, (19, 24): 15, (20, 21): 18, (20, 22): 3, (21, 22): 3, (21, 23): 1, (21, 24): 1, (22, 23): 1, (22, 24): 1, (23, 24): 1}",103.95050048828125,153.0,25.0,306.0
28.0,Graph with 25 nodes and 153 edges,"[[0, 1, 0, 0, 1, 1, 0, 0, 1, 1, 0, 1, 1, 1, 1, 1, 0, 1, 0, 0, 1, 1, 0, 1, 0], [1, 0, 1, 0, 0, 0, 1, 1, 0, 0, 1, 0, 0, 0, 1, 0, 0, 0, 1, 1, 0, 1, 0, 0, 0], [0, 1, 0, 0, 0, 0, 0, 0, 0, 0, 1, 1, 1, 1, 1, 0, 0, 1, 0, 1, 0, 0, 1, 0, 0], [0, 0, 0, 0, 1, 1, 1, 0, 1, 1, 0, 0, 0, 0, 1, 0, 0, 0, 1, 1, 1, 0, 0, 0, 0], [1, 0, 0, 1, 0, 0, 1, 1, 0, 0, 1, 1, 1, 1, 1, 1, 1, 0, 0, 0, 0, 0, 1, 1, 0], [1, 0, 0, 1, 0, 0, 1, 1, 1, 1, 1, 0, 0, 0, 1, 1, 1, 0, 0, 0, 1, 0, 1, 0, 1], [0, 1, 0, 1, 1, 1, 0, 0, 1, 1, 0, 0, 1, 1, 1, 0, 1, 0, 0, 0, 1, 0, 0, 0, 1], [0, 1, 0, 0, 1, 1, 0, 0, 0, 1, 0, 0, 0, 1, 0, 1, 0, 0, 0, 0, 0, 1, 1, 1, 1], [1, 0, 0, 1, 0, 1, 1, 0, 0, 1, 0, 1, 0, 1, 0, 1, 1, 1, 1, 0, 1, 1, 1, 1, 0], [1, 0, 0, 1, 0, 1, 1, 1, 1, 0, 0, 1, 0, 0, 0, 1, 1, 0, 1, 0, 0, 1, 1, 1, 1], [0, 1, 1, 0, 1, 1, 0, 0, 0, 0, 0, 1, 1, 0, 1, 1, 0, 1, 0, 1, 1, 1, 1, 0, 1], [1, 0, 1, 0, 1, 0, 0, 0, 1, 1, 1, 0, 0, 0, 0, 1, 1, 1, 1, 0, 1, 0, 0, 0, 0], [1, 0, 1, 0, 1, 0, 1, 0, 0, 0, 1, 0, 0, 0, 1, 0, 0, 0, 0, 0, 0, 1, 1, 0, 0], [1, 0, 1, 0, 1, 0, 1, 1, 1, 0, 0, 0, 0, 0, 1, 0, 0, 1, 0, 1, 0, 1, 0, 1, 1], [1, 1, 1, 1, 1, 1, 1, 0, 0, 0, 1, 0, 1, 1, 0, 1, 1, 0, 1, 1, 1, 0, 0, 0, 1], [1, 0, 0, 0, 1, 1, 0, 1, 1, 1, 1, 1, 0, 0, 1, 0, 0, 1, 0, 1, 1, 0, 0, 0, 0], [0, 0, 0, 0, 1, 1, 1, 0, 1, 1, 0, 1, 0, 0, 1, 0, 0, 0, 1, 1, 1, 0, 1, 1, 0], [1, 0, 1, 0, 0, 0, 0, 0, 1, 0, 1, 1, 0, 1, 0, 1, 0, 0, 1, 1, 1, 1, 0, 0, 0], [0, 1, 0, 1, 0, 0, 0, 0, 1, 1, 0, 1, 0, 0, 1, 0, 1, 1, 0, 1, 1, 1, 1, 0, 1], [0, 1, 1, 1, 0, 0, 0, 0, 0, 0, 1, 0, 0, 1, 1, 1, 1, 1, 1, 0, 1, 1, 0, 0, 1], [1, 0, 0, 1, 0, 1, 1, 0, 1, 0, 1, 1, 0, 0, 1, 1, 1, 1, 1, 1, 0, 1, 1, 0, 0], [1, 1, 0, 0, 0, 0, 0, 1, 1, 1, 1, 0, 1, 1, 0, 0, 0, 1, 1, 1, 1, 0, 1, 1, 1], [0, 0, 1, 0, 1, 1, 0, 1, 1, 1, 1, 0, 1, 0, 0, 0, 1, 0, 1, 0, 1, 1, 0, 1, 1], [1, 0, 0, 0, 1, 0, 0, 1, 1, 1, 0, 0, 0, 1, 0, 0, 1, 0, 0, 0, 0, 1, 1, 0, 1], [0, 0, 0, 0, 0, 1, 1, 1, 0, 1, 1, 0, 0, 1, 1, 0, 0, 0, 1, 1, 0, 1, 1, 1, 0]]",12.0,6.0,Y,"{0: 24, 1: 18, 2: 30, 3: 36, 4: 42, 5: 48, 6: 54, 7: 60, 8: 66, 9: 72, 10: 78, 11: 84, 12: 90, 13: 96, 14: 102, 15: 108, 16: 114, 17: 120, 18: 126, 19: 132, 20: 138, 21: 144, 22: 150, 23: 156, 24: 12}",Y,"{0: 24, 1: 18, 2: 30, 3: 36, 4: 42, 5: 48, 6: 54, 7: 60, 8: 66, 9: 72, 10: 78, 11: 84, 12: 90, 13: 96, 14: 102, 15: 108, 16: 114, 17: 120, 18: 126, 19: 132, 20: 138, 21: 144, 22: 150, 23: 156, 24: 12}","{(0, 1): 1, (0, 4): 1, (0, 5): 1, (0, 8): 1, (0, 9): 1, (0, 11): 1, (0, 12): 1, (0, 13): 1, (0, 14): 1, (0, 15): 11, (0, 17): 1, (0, 20): 1, (0, 21): 1, (0, 23): 1, (1, 2): 1, (1, 6): 1, (1, 7): 1, (1, 10): 1, (1, 14): 1, (1, 18): 1, (1, 19): 1, (1, 21): 10, (2, 10): 1, (2, 11): 1, (2, 12): 22, (2, 13): 1, (2, 14): 1, (2, 17): 1, (2, 19): 1, (2, 22): 1, (3, 4): 1, (3, 5): 1, (3, 6): 1, (3, 8): 1, (3, 9): 1, (3, 14): 1, (3, 18): 1, (3, 19): 1, (3, 20): 28, (4, 6): 1, (4, 7): 1, (4, 10): 1, (4, 11): 1, (4, 12): 1, (4, 13): 1, (4, 14): 1, (4, 15): 1, (4, 16): 1, (4, 22): 30, (4, 23): 1, (5, 6): 1, (5, 7): 1, (5, 8): 1, (5, 9): 36, (5, 10): 1, (5, 14): 1, (5, 15): 1, (5, 16): 1, (5, 20): 1, (5, 22): 1, (5, 24): 1, (6, 8): 1, (6, 9): 1, (6, 12): 1, (6, 13): 1, (6, 14): 1, (6, 16): 43, (6, 20): 1, (6, 24): 1, (7, 9): 1, (7, 13): 1, (7, 15): 1, (7, 21): 51, (7, 22): 1, (7, 23): 1, (7, 24): 1, (8, 9): 1, (8, 11): 1, (8, 13): 1, (8, 15): 1, (8, 16): 1, (8, 17): 1, (8, 18): 52, (8, 20): 1, (8, 21): 1, (8, 22): 1, (8, 23): 1, (9, 11): 4, (9, 15): 1, (9, 16): 1, (9, 18): 5, (9, 21): 1, (9, 22): 1, (9, 23): 17, (9, 24): 1, (10, 11): 1, (10, 12): 1, (10, 14): 1, (10, 15): 65, (10, 17): 1, (10, 19): 1, (10, 20): 1, (10, 21): 1, (10, 22): 1, (10, 24): 1, (11, 15): 23, (11, 16): 1, (11, 17): 1, (11, 18): 49, (11, 20): 1, (12, 14): 1, (12, 21): 25, (12, 22): 38, (13, 14): 1, (13, 17): 1, (13, 19): 1, (13, 21): 1, (13, 23): 85, (13, 24): 1, (14, 15): 1, (14, 16): 1, (14, 18): 1, (14, 19): 1, (14, 20): 87, (14, 24): 1, (15, 17): 1, (15, 19): 1, (15, 20): 1, (16, 18): 1, (16, 19): 1, (16, 20): 1, (16, 22): 61, (16, 23): 1, (17, 18): 1, (17, 19): 110, (17, 20): 1, (17, 21): 1, (18, 19): 11, (18, 20): 1, (18, 21): 1, (18, 22): 1, (18, 24): 1, (19, 20): 1, (19, 21): 1, (19, 24): 1, (20, 21): 1, (20, 22): 11, (21, 22): 1, (21, 23): 47, (21, 24): 1, (22, 23): 1, (22, 24): 1, (23, 24): 1}",1271.963119506836,153.0,25.0,306.0
28.0,Graph with 25 nodes and 153 edges,"[[0, 1, 0, 0, 1, 1, 0, 0, 1, 1, 0, 1, 1, 1, 1, 1, 0, 1, 0, 0, 1, 1, 0, 1, 0], [1, 0, 1, 0, 0, 0, 1, 1, 0, 0, 1, 0, 0, 0, 1, 0, 0, 0, 1, 1, 0, 1, 0, 0, 0], [0, 1, 0, 0, 0, 0, 0, 0, 0, 0, 1, 1, 1, 1, 1, 0, 0, 1, 0, 1, 0, 0, 1, 0, 0], [0, 0, 0, 0, 1, 1, 1, 0, 1, 1, 0, 0, 0, 0, 1, 0, 0, 0, 1, 1, 1, 0, 0, 0, 0], [1, 0, 0, 1, 0, 0, 1, 1, 0, 0, 1, 1, 1, 1, 1, 1, 1, 0, 0, 0, 0, 0, 1, 1, 0], [1, 0, 0, 1, 0, 0, 1, 1, 1, 1, 1, 0, 0, 0, 1, 1, 1, 0, 0, 0, 1, 0, 1, 0, 1], [0, 1, 0, 1, 1, 1, 0, 0, 1, 1, 0, 0, 1, 1, 1, 0, 1, 0, 0, 0, 1, 0, 0, 0, 1], [0, 1, 0, 0, 1, 1, 0, 0, 0, 1, 0, 0, 0, 1, 0, 1, 0, 0, 0, 0, 0, 1, 1, 1, 1], [1, 0, 0, 1, 0, 1, 1, 0, 0, 1, 0, 1, 0, 1, 0, 1, 1, 1, 1, 0, 1, 1, 1, 1, 0], [1, 0, 0, 1, 0, 1, 1, 1, 1, 0, 0, 1, 0, 0, 0, 1, 1, 0, 1, 0, 0, 1, 1, 1, 1], [0, 1, 1, 0, 1, 1, 0, 0, 0, 0, 0, 1, 1, 0, 1, 1, 0, 1, 0, 1, 1, 1, 1, 0, 1], [1, 0, 1, 0, 1, 0, 0, 0, 1, 1, 1, 0, 0, 0, 0, 1, 1, 1, 1, 0, 1, 0, 0, 0, 0], [1, 0, 1, 0, 1, 0, 1, 0, 0, 0, 1, 0, 0, 0, 1, 0, 0, 0, 0, 0, 0, 1, 1, 0, 0], [1, 0, 1, 0, 1, 0, 1, 1, 1, 0, 0, 0, 0, 0, 1, 0, 0, 1, 0, 1, 0, 1, 0, 1, 1], [1, 1, 1, 1, 1, 1, 1, 0, 0, 0, 1, 0, 1, 1, 0, 1, 1, 0, 1, 1, 1, 0, 0, 0, 1], [1, 0, 0, 0, 1, 1, 0, 1, 1, 1, 1, 1, 0, 0, 1, 0, 0, 1, 0, 1, 1, 0, 0, 0, 0], [0, 0, 0, 0, 1, 1, 1, 0, 1, 1, 0, 1, 0, 0, 1, 0, 0, 0, 1, 1, 1, 0, 1, 1, 0], [1, 0, 1, 0, 0, 0, 0, 0, 1, 0, 1, 1, 0, 1, 0, 1, 0, 0, 1, 1, 1, 1, 0, 0, 0], [0, 1, 0, 1, 0, 0, 0, 0, 1, 1, 0, 1, 0, 0, 1, 0, 1, 1, 0, 1, 1, 1, 1, 0, 1], [0, 1, 1, 1, 0, 0, 0, 0, 0, 0, 1, 0, 0, 1, 1, 1, 1, 1, 1, 0, 1, 1, 0, 0, 1], [1, 0, 0, 1, 0, 1, 1, 0, 1, 0, 1, 1, 0, 0, 1, 1, 1, 1, 1, 1, 0, 1, 1, 0, 0], [1, 1, 0, 0, 0, 0, 0, 1, 1, 1, 1, 0, 1, 1, 0, 0, 0, 1, 1, 1, 1, 0, 1, 1, 1], [0, 0, 1, 0, 1, 1, 0, 1, 1, 1, 1, 0, 1, 0, 0, 0, 1, 0, 1, 0, 1, 1, 0, 1, 1], [1, 0, 0, 0, 1, 0, 0, 1, 1, 1, 0, 0, 0, 1, 0, 0, 1, 0, 0, 0, 0, 1, 1, 0, 1], [0, 0, 0, 0, 0, 1, 1, 1, 0, 1, 1, 0, 0, 1, 1, 0, 0, 0, 1, 1, 0, 1, 1, 1, 0]]",20.0,4.0,Y,"{0: 24, 1: 28, 2: 32, 3: 36, 4: 40, 5: 44, 6: 48, 7: 52, 8: 56, 9: 60, 10: 64, 11: 68, 12: 72, 13: 76, 14: 80, 15: 84, 16: 88, 17: 92, 18: 96, 19: 100, 20: 104, 21: 108, 22: 112, 23: 116, 24: 20}",Y,"{0: 24, 1: 28, 2: 32, 3: 36, 4: 40, 5: 44, 6: 48, 7: 52, 8: 56, 9: 60, 10: 64, 11: 68, 12: 72, 13: 76, 14: 80, 15: 84, 16: 88, 17: 92, 18: 96, 19: 100, 20: 104, 21: 108, 22: 112, 23: 116, 24: 20}","{(0, 1): 1, (0, 4): 1, (0, 5): 1, (0, 8): 1, (0, 9): 1, (0, 11): 1, (0, 12): 1, (0, 13): 1, (0, 14): 1, (0, 15): 11, (0, 17): 1, (0, 20): 1, (0, 21): 1, (0, 23): 1, (1, 2): 1, (1, 6): 1, (1, 7): 1, (1, 10): 1, (1, 14): 20, (1, 18): 1, (1, 19): 1, (1, 21): 1, (2, 10): 1, (2, 11): 1, (2, 12): 1, (2, 13): 1, (2, 14): 1, (2, 17): 24, (2, 19): 1, (2, 22): 1, (3, 4): 1, (3, 5): 1, (3, 6): 1, (3, 8): 1, (3, 9): 1, (3, 14): 1, (3, 18): 1, (3, 19): 1, (3, 20): 28, (4, 6): 1, (4, 7): 1, (4, 10): 1, (4, 11): 1, (4, 12): 1, (4, 13): 1, (4, 14): 1, (4, 15): 1, (4, 16): 28, (4, 22): 1, (4, 23): 1, (5, 6): 1, (5, 7): 1, (5, 8): 1, (5, 9): 1, (5, 10): 1, (5, 14): 5, (5, 15): 22, (5, 16): 1, (5, 20): 2, (5, 22): 6, (5, 24): 1, (6, 8): 1, (6, 9): 1, (6, 12): 15, (6, 13): 1, (6, 14): 1, (6, 16): 1, (6, 20): 23, (6, 24): 1, (7, 9): 1, (7, 13): 43, (7, 15): 1, (7, 21): 1, (7, 22): 1, (7, 23): 1, (7, 24): 1, (8, 9): 1, (8, 11): 1, (8, 13): 1, (8, 15): 1, (8, 16): 3, (8, 17): 12, (8, 18): 1, (8, 20): 1, (8, 21): 1, (8, 22): 1, (8, 23): 29, (9, 11): 47, (9, 15): 1, (9, 16): 1, (9, 18): 1, (9, 21): 1, (9, 22): 1, (9, 23): 1, (9, 24): 1, (10, 11): 1, (10, 12): 51, (10, 14): 1, (10, 15): 1, (10, 17): 1, (10, 19): 1, (10, 20): 1, (10, 21): 1, (10, 22): 1, (10, 24): 1, (11, 15): 1, (11, 16): 1, (11, 17): 12, (11, 18): 1, (11, 20): 1, (12, 14): 1, (12, 21): 1, (12, 22): 1, (13, 14): 1, (13, 17): 1, (13, 19): 1, (13, 21): 1, (13, 23): 23, (13, 24): 1, (14, 15): 42, (14, 16): 1, (14, 18): 1, (14, 19): 1, (14, 20): 1, (14, 24): 1, (15, 17): 1, (15, 19): 1, (15, 20): 1, (16, 18): 1, (16, 19): 1, (16, 20): 1, (16, 22): 1, (16, 23): 48, (17, 18): 37, (17, 19): 1, (17, 20): 1, (17, 21): 1, (18, 19): 48, (18, 20): 1, (18, 21): 1, (18, 22): 1, (18, 24): 1, (19, 20): 40, (19, 21): 2, (19, 24): 1, (20, 21): 1, (20, 22): 1, (21, 22): 93, (21, 23): 1, (21, 24): 1, (22, 23): 2, (22, 24): 1, (23, 24): 9}",1729.0115356445312,153.0,25.0,306.0
28.0,Graph with 25 nodes and 153 edges,"[[0, 1, 0, 0, 1, 1, 0, 0, 1, 1, 0, 1, 1, 1, 1, 1, 0, 1, 0, 0, 1, 1, 0, 1, 0], [1, 0, 1, 0, 0, 0, 1, 1, 0, 0, 1, 0, 0, 0, 1, 0, 0, 0, 1, 1, 0, 1, 0, 0, 0], [0, 1, 0, 0, 0, 0, 0, 0, 0, 0, 1, 1, 1, 1, 1, 0, 0, 1, 0, 1, 0, 0, 1, 0, 0], [0, 0, 0, 0, 1, 1, 1, 0, 1, 1, 0, 0, 0, 0, 1, 0, 0, 0, 1, 1, 1, 0, 0, 0, 0], [1, 0, 0, 1, 0, 0, 1, 1, 0, 0, 1, 1, 1, 1, 1, 1, 1, 0, 0, 0, 0, 0, 1, 1, 0], [1, 0, 0, 1, 0, 0, 1, 1, 1, 1, 1, 0, 0, 0, 1, 1, 1, 0, 0, 0, 1, 0, 1, 0, 1], [0, 1, 0, 1, 1, 1, 0, 0, 1, 1, 0, 0, 1, 1, 1, 0, 1, 0, 0, 0, 1, 0, 0, 0, 1], [0, 1, 0, 0, 1, 1, 0, 0, 0, 1, 0, 0, 0, 1, 0, 1, 0, 0, 0, 0, 0, 1, 1, 1, 1], [1, 0, 0, 1, 0, 1, 1, 0, 0, 1, 0, 1, 0, 1, 0, 1, 1, 1, 1, 0, 1, 1, 1, 1, 0], [1, 0, 0, 1, 0, 1, 1, 1, 1, 0, 0, 1, 0, 0, 0, 1, 1, 0, 1, 0, 0, 1, 1, 1, 1], [0, 1, 1, 0, 1, 1, 0, 0, 0, 0, 0, 1, 1, 0, 1, 1, 0, 1, 0, 1, 1, 1, 1, 0, 1], [1, 0, 1, 0, 1, 0, 0, 0, 1, 1, 1, 0, 0, 0, 0, 1, 1, 1, 1, 0, 1, 0, 0, 0, 0], [1, 0, 1, 0, 1, 0, 1, 0, 0, 0, 1, 0, 0, 0, 1, 0, 0, 0, 0, 0, 0, 1, 1, 0, 0], [1, 0, 1, 0, 1, 0, 1, 1, 1, 0, 0, 0, 0, 0, 1, 0, 0, 1, 0, 1, 0, 1, 0, 1, 1], [1, 1, 1, 1, 1, 1, 1, 0, 0, 0, 1, 0, 1, 1, 0, 1, 1, 0, 1, 1, 1, 0, 0, 0, 1], [1, 0, 0, 0, 1, 1, 0, 1, 1, 1, 1, 1, 0, 0, 1, 0, 0, 1, 0, 1, 1, 0, 0, 0, 0], [0, 0, 0, 0, 1, 1, 1, 0, 1, 1, 0, 1, 0, 0, 1, 0, 0, 0, 1, 1, 1, 0, 1, 1, 0], [1, 0, 1, 0, 0, 0, 0, 0, 1, 0, 1, 1, 0, 1, 0, 1, 0, 0, 1, 1, 1, 1, 0, 0, 0], [0, 1, 0, 1, 0, 0, 0, 0, 1, 1, 0, 1, 0, 0, 1, 0, 1, 1, 0, 1, 1, 1, 1, 0, 1], [0, 1, 1, 1, 0, 0, 0, 0, 0, 0, 1, 0, 0, 1, 1, 1, 1, 1, 1, 0, 1, 1, 0, 0, 1], [1, 0, 0, 1, 0, 1, 1, 0, 1, 0, 1, 1, 0, 0, 1, 1, 1, 1, 1, 1, 0, 1, 1, 0, 0], [1, 1, 0, 0, 0, 0, 0, 1, 1, 1, 1, 0, 1, 1, 0, 0, 0, 1, 1, 1, 1, 0, 1, 1, 1], [0, 0, 1, 0, 1, 1, 0, 1, 1, 1, 1, 0, 1, 0, 0, 0, 1, 0, 1, 0, 1, 1, 0, 1, 1], [1, 0, 0, 0, 1, 0, 0, 1, 1, 1, 0, 0, 0, 1, 0, 0, 1, 0, 0, 0, 0, 1, 1, 0, 1], [0, 0, 0, 0, 0, 1, 1, 1, 0, 1, 1, 0, 0, 1, 1, 0, 0, 0, 1, 1, 0, 1, 1, 1, 0]]",22.0,5.0,Y,"{0: 27, 1: 32, 2: 37, 3: 42, 4: 47, 5: 52, 6: 57, 7: 62, 8: 67, 9: 72, 10: 77, 11: 82, 12: 87, 13: 92, 14: 97, 15: 102, 16: 107, 17: 112, 18: 117, 19: 122, 20: 127, 21: 132, 22: 137, 23: 142, 24: 22}",Y,"{0: 27, 1: 32, 2: 37, 3: 42, 4: 47, 5: 52, 6: 57, 7: 62, 8: 67, 9: 72, 10: 77, 11: 82, 12: 87, 13: 92, 14: 97, 15: 102, 16: 107, 17: 112, 18: 117, 19: 122, 20: 127, 21: 132, 22: 137, 23: 142, 24: 22}","{(0, 1): 1, (0, 4): 1, (0, 5): 1, (0, 8): 1, (0, 9): 1, (0, 11): 1, (0, 12): 1, (0, 13): 1, (0, 14): 1, (0, 15): 1, (0, 17): 14, (0, 20): 1, (0, 21): 1, (0, 23): 1, (1, 2): 1, (1, 6): 1, (1, 7): 1, (1, 10): 1, (1, 14): 24, (1, 18): 1, (1, 19): 1, (1, 21): 1, (2, 10): 1, (2, 11): 1, (2, 12): 1, (2, 13): 1, (2, 14): 1, (2, 17): 29, (2, 19): 1, (2, 22): 1, (3, 4): 1, (3, 5): 1, (3, 6): 1, (3, 8): 1, (3, 9): 1, (3, 14): 1, (3, 18): 1, (3, 19): 1, (3, 20): 34, (4, 6): 1, (4, 7): 1, (4, 10): 1, (4, 11): 1, (4, 12): 1, (4, 13): 1, (4, 14): 1, (4, 15): 35, (4, 16): 1, (4, 22): 1, (4, 23): 1, (5, 6): 1, (5, 7): 1, (5, 8): 1, (5, 9): 1, (5, 10): 1, (5, 14): 1, (5, 15): 40, (5, 16): 1, (5, 20): 1, (5, 22): 1, (5, 24): 1, (6, 8): 1, (6, 9): 1, (6, 12): 46, (6, 13): 1, (6, 14): 1, (6, 16): 1, (6, 20): 1, (6, 24): 1, (7, 9): 1, (7, 13): 1, (7, 15): 1, (7, 21): 1, (7, 22): 1, (7, 23): 53, (7, 24): 1, (8, 9): 1, (8, 11): 1, (8, 13): 1, (8, 15): 1, (8, 16): 1, (8, 17): 24, (8, 18): 30, (8, 20): 1, (8, 21): 1, (8, 22): 1, (8, 23): 1, (9, 11): 59, (9, 15): 1, (9, 16): 1, (9, 18): 1, (9, 21): 1, (9, 22): 1, (9, 23): 1, (9, 24): 1, (10, 11): 1, (10, 12): 28, (10, 14): 1, (10, 15): 1, (10, 17): 1, (10, 19): 37, (10, 20): 1, (10, 21): 1, (10, 22): 1, (10, 24): 1, (11, 15): 1, (11, 16): 1, (11, 17): 14, (11, 18): 1, (11, 20): 1, (12, 14): 8, (12, 21): 1, (12, 22): 1, (13, 14): 1, (13, 17): 11, (13, 19): 1, (13, 21): 1, (13, 23): 71, (13, 24): 1, (14, 15): 18, (14, 16): 35, (14, 18): 1, (14, 19): 1, (14, 20): 1, (14, 24): 1, (15, 17): 1, (15, 19): 1, (15, 20): 1, (16, 18): 62, (16, 19): 1, (16, 20): 1, (16, 22): 1, (16, 23): 1, (17, 18): 15, (17, 19): 1, (17, 20): 1, (17, 21): 1, (18, 19): 1, (18, 20): 1, (18, 21): 1, (18, 22): 1, (18, 24): 1, (19, 20): 74, (19, 21): 1, (19, 24): 1, (20, 21): 1, (20, 22): 7, (21, 22): 118, (21, 23): 1, (21, 24): 1, (22, 23): 1, (22, 24): 1, (23, 24): 11}",1320.8389282226562,153.0,25.0,306.0
29.0,Graph with 25 nodes and 149 edges,"[[0, 1, 0, 0, 1, 1, 1, 0, 0, 0, 1, 0, 1, 1, 0, 1, 0, 0, 1, 1, 1, 0, 0, 1, 0], [1, 0, 0, 1, 0, 1, 0, 0, 0, 0, 0, 1, 1, 1, 0, 0, 0, 0, 0, 1, 0, 0, 1, 1, 0], [0, 0, 0, 0, 0, 1, 0, 1, 1, 0, 1, 1, 1, 1, 1, 1, 1, 0, 1, 1, 1, 1, 1, 1, 0], [0, 1, 0, 0, 1, 1, 0, 0, 1, 1, 0, 0, 0, 1, 0, 1, 1, 0, 1, 1, 0, 1, 1, 1, 0], [1, 0, 0, 1, 0, 0, 1, 0, 1, 0, 0, 0, 0, 1, 0, 0, 1, 0, 0, 0, 0, 1, 1, 0, 0], [1, 1, 1, 1, 0, 0, 0, 0, 0, 0, 0, 1, 0, 0, 0, 1, 0, 1, 1, 1, 1, 0, 0, 1, 1], [1, 0, 0, 0, 1, 0, 0, 0, 0, 0, 0, 0, 1, 1, 1, 0, 1, 1, 1, 1, 1, 0, 0, 1, 1], [0, 0, 1, 0, 0, 0, 0, 0, 0, 1, 0, 0, 0, 1, 0, 1, 1, 0, 1, 0, 0, 1, 0, 1, 0], [0, 0, 1, 1, 1, 0, 0, 0, 0, 0, 1, 1, 1, 0, 0, 1, 0, 0, 1, 1, 0, 1, 0, 0, 1], [0, 0, 0, 1, 0, 0, 0, 1, 0, 0, 0, 0, 1, 1, 1, 0, 1, 0, 0, 1, 0, 0, 0, 1, 1], [1, 0, 1, 0, 0, 0, 0, 0, 1, 0, 0, 1, 0, 1, 1, 1, 0, 1, 1, 0, 0, 1, 0, 1, 0], [0, 1, 1, 0, 0, 1, 0, 0, 1, 0, 1, 0, 0, 1, 1, 1, 1, 0, 1, 0, 1, 1, 1, 0, 1], [1, 1, 1, 0, 0, 0, 1, 0, 1, 1, 0, 0, 0, 1, 0, 1, 0, 0, 1, 1, 1, 1, 0, 1, 1], [1, 1, 1, 1, 1, 0, 1, 1, 0, 1, 1, 1, 1, 0, 0, 1, 1, 0, 0, 0, 1, 1, 0, 1, 1], [0, 0, 1, 0, 0, 0, 1, 0, 0, 1, 1, 1, 0, 0, 0, 1, 0, 0, 0, 1, 0, 0, 0, 0, 1], [1, 0, 1, 1, 0, 1, 0, 1, 1, 0, 1, 1, 1, 1, 1, 0, 1, 0, 1, 1, 0, 1, 0, 1, 0], [0, 0, 1, 1, 1, 0, 1, 1, 0, 1, 0, 1, 0, 1, 0, 1, 0, 0, 0, 1, 0, 1, 0, 0, 0], [0, 0, 0, 0, 0, 1, 1, 0, 0, 0, 1, 0, 0, 0, 0, 0, 0, 0, 1, 0, 0, 1, 0, 0, 0], [1, 0, 1, 1, 0, 1, 1, 1, 1, 0, 1, 1, 1, 0, 0, 1, 0, 1, 0, 1, 1, 0, 1, 0, 0], [1, 1, 1, 1, 0, 1, 1, 0, 1, 1, 0, 0, 1, 0, 1, 1, 1, 0, 1, 0, 0, 1, 1, 1, 0], [1, 0, 1, 0, 0, 1, 1, 0, 0, 0, 0, 1, 1, 1, 0, 0, 0, 0, 1, 0, 0, 1, 1, 0, 1], [0, 0, 1, 1, 1, 0, 0, 1, 1, 0, 1, 1, 1, 1, 0, 1, 1, 1, 0, 1, 1, 0, 0, 0, 1], [0, 1, 1, 1, 1, 0, 0, 0, 0, 0, 0, 1, 0, 0, 0, 0, 0, 0, 1, 1, 1, 0, 0, 1, 1], [1, 1, 1, 1, 0, 1, 1, 1, 0, 1, 1, 0, 1, 1, 0, 1, 0, 0, 0, 1, 0, 0, 1, 0, 0], [0, 0, 0, 0, 0, 1, 1, 0, 1, 1, 0, 1, 1, 1, 1, 0, 0, 0, 0, 0, 1, 1, 1, 0, 0]]",20.0,2.0,Y,"{0: 22, 1: 24, 2: 26, 3: 28, 4: 30, 5: 32, 6: 34, 7: 36, 8: 38, 9: 40, 10: 42, 11: 44, 12: 46, 13: 48, 14: 50, 15: 52, 16: 54, 17: 56, 18: 58, 19: 60, 20: 62, 21: 64, 22: 66, 23: 68, 24: 20}",Y,"{0: 22, 1: 24, 2: 26, 3: 28, 4: 30, 5: 32, 6: 34, 7: 36, 8: 38, 9: 40, 10: 42, 11: 44, 12: 46, 13: 48, 14: 50, 15: 52, 16: 54, 17: 56, 18: 58, 19: 60, 20: 62, 21: 64, 22: 66, 23: 68, 24: 20}","{(0, 1): 1, (0, 4): 1, (0, 5): 1, (0, 6): 1, (0, 10): 11, (0, 12): 1, (0, 13): 1, (0, 15): 1, (0, 18): 1, (0, 19): 1, (0, 20): 1, (0, 23): 1, (1, 3): 1, (1, 5): 1, (1, 11): 1, (1, 12): 1, (1, 13): 1, (1, 19): 1, (1, 22): 16, (1, 23): 1, (2, 5): 1, (2, 7): 1, (2, 8): 1, (2, 10): 1, (2, 11): 1, (2, 12): 1, (2, 13): 1, (2, 14): 1, (2, 15): 1, (2, 16): 1, (2, 18): 8, (2, 19): 3, (2, 20): 1, (2, 21): 1, (2, 22): 2, (2, 23): 1, (3, 4): 1, (3, 5): 1, (3, 8): 1, (3, 9): 1, (3, 13): 1, (3, 15): 1, (3, 16): 1, (3, 18): 1, (3, 19): 1, (3, 21): 1, (3, 22): 1, (3, 23): 16, (4, 6): 1, (4, 8): 1, (4, 13): 1, (4, 16): 1, (4, 21): 23, (4, 22): 1, (5, 11): 1, (5, 15): 1, (5, 17): 21, (5, 18): 1, (5, 19): 1, (5, 20): 1, (5, 23): 1, (5, 24): 1, (6, 12): 1, (6, 13): 1, (6, 14): 1, (6, 16): 1, (6, 17): 1, (6, 18): 1, (6, 19): 1, (6, 20): 23, (6, 23): 1, (6, 24): 1, (7, 9): 1, (7, 13): 1, (7, 15): 1, (7, 16): 14, (7, 18): 1, (7, 21): 1, (7, 23): 16, (8, 10): 1, (8, 11): 1, (8, 12): 9, (8, 15): 1, (8, 18): 20, (8, 19): 1, (8, 21): 1, (8, 24): 1, (9, 12): 1, (9, 13): 1, (9, 14): 32, (9, 16): 1, (9, 19): 1, (9, 23): 1, (9, 24): 1, (10, 11): 1, (10, 13): 1, (10, 14): 1, (10, 15): 6, (10, 17): 17, (10, 18): 1, (10, 21): 1, (10, 23): 1, (11, 13): 1, (11, 14): 1, (11, 15): 1, (11, 16): 31, (11, 18): 1, (11, 20): 1, (11, 21): 1, (11, 22): 1, (11, 24): 1, (12, 13): 1, (12, 15): 1, (12, 18): 1, (12, 19): 1, (12, 20): 1, (12, 21): 1, (12, 23): 25, (12, 24): 1, (13, 15): 32, (13, 16): 1, (13, 20): 1, (13, 21): 1, (13, 23): 1, (13, 24): 1, (14, 15): 1, (14, 19): 12, (14, 24): 1, (15, 16): 1, (15, 18): 1, (15, 19): 1, (15, 21): 1, (15, 23): 1, (16, 19): 1, (16, 21): 1, (17, 18): 1, (17, 21): 16, (18, 19): 1, (18, 20): 18, (18, 22): 1, (19, 21): 1, (19, 22): 32, (19, 23): 1, (20, 21): 13, (20, 22): 1, (20, 24): 1, (21, 24): 1, (22, 23): 1, (22, 24): 10}",1255.9890747070312,149.0,25.0,298.0
30.0,Graph with 25 nodes and 139 edges,"[[0, 1, 1, 0, 1, 1, 0, 1, 1, 0, 0, 0, 0, 0, 1, 0, 0, 0, 0, 1, 0, 1, 0, 0, 1], [1, 0, 1, 1, 1, 0, 1, 0, 0, 1, 1, 0, 0, 1, 1, 1, 1, 0, 1, 1, 0, 1, 0, 1, 0], [1, 1, 0, 0, 0, 0, 0, 0, 1, 0, 0, 0, 1, 1, 0, 0, 0, 1, 1, 1, 1, 1, 1, 1, 1], [0, 1, 0, 0, 1, 0, 0, 0, 1, 1, 1, 1, 1, 1, 0, 1, 0, 1, 0, 1, 0, 0, 1, 0, 0], [1, 1, 0, 1, 0, 1, 1, 1, 1, 0, 0, 0, 1, 0, 0, 0, 1, 1, 0, 0, 1, 0, 0, 0, 1], [1, 0, 0, 0, 1, 0, 0, 0, 0, 0, 0, 0, 1, 0, 0, 1, 0, 0, 1, 1, 1, 1, 0, 0, 1], [0, 1, 0, 0, 1, 0, 0, 0, 0, 0, 0, 0, 0, 1, 1, 0, 0, 0, 0, 0, 0, 0, 1, 0, 0], [1, 0, 0, 0, 1, 0, 0, 0, 0, 0, 1, 1, 1, 1, 0, 1, 0, 0, 1, 0, 1, 0, 1, 1, 0], [1, 0, 1, 1, 1, 0, 0, 0, 0, 1, 1, 1, 1, 0, 0, 0, 0, 1, 0, 1, 1, 1, 0, 1, 1], [0, 1, 0, 1, 0, 0, 0, 0, 1, 0, 0, 0, 1, 1, 0, 0, 1, 0, 0, 1, 0, 0, 1, 1, 1], [0, 1, 0, 1, 0, 0, 0, 1, 1, 0, 0, 0, 0, 1, 0, 0, 0, 1, 1, 0, 0, 0, 1, 0, 0], [0, 0, 0, 1, 0, 0, 0, 1, 1, 0, 0, 0, 0, 0, 1, 1, 1, 0, 0, 1, 0, 1, 1, 1, 1], [0, 0, 1, 1, 1, 1, 0, 1, 1, 1, 0, 0, 0, 0, 1, 0, 1, 0, 0, 1, 0, 1, 0, 1, 1], [0, 1, 1, 1, 0, 0, 1, 1, 0, 1, 1, 0, 0, 0, 0, 0, 0, 0, 1, 1, 0, 0, 1, 0, 1], [1, 1, 0, 0, 0, 0, 1, 0, 0, 0, 0, 1, 1, 0, 0, 0, 1, 0, 0, 0, 0, 0, 0, 0, 0], [0, 1, 0, 1, 0, 1, 0, 1, 0, 0, 0, 1, 0, 0, 0, 0, 1, 1, 0, 1, 1, 0, 0, 1, 0], [0, 1, 0, 0, 1, 0, 0, 0, 0, 1, 0, 1, 1, 0, 1, 1, 0, 0, 1, 1, 0, 1, 0, 1, 1], [0, 0, 1, 1, 1, 0, 0, 0, 1, 0, 1, 0, 0, 0, 0, 1, 0, 0, 0, 0, 1, 1, 1, 0, 1], [0, 1, 1, 0, 0, 1, 0, 1, 0, 0, 1, 0, 0, 1, 0, 0, 1, 0, 0, 0, 1, 1, 0, 1, 0], [1, 1, 1, 1, 0, 1, 0, 0, 1, 1, 0, 1, 1, 1, 0, 1, 1, 0, 0, 0, 1, 0, 1, 1, 0], [0, 0, 1, 0, 1, 1, 0, 1, 1, 0, 0, 0, 0, 0, 0, 1, 0, 1, 1, 1, 0, 0, 1, 0, 1], [1, 1, 1, 0, 0, 1, 0, 0, 1, 0, 0, 1, 1, 0, 0, 0, 1, 1, 1, 0, 0, 0, 1, 0, 0], [0, 0, 1, 1, 0, 0, 1, 1, 0, 1, 1, 1, 0, 1, 0, 0, 0, 1, 0, 1, 1, 1, 0, 1, 0], [0, 1, 1, 0, 0, 0, 0, 1, 1, 1, 0, 1, 1, 0, 0, 1, 1, 0, 1, 1, 0, 0, 1, 0, 1], [1, 0, 1, 0, 1, 1, 0, 0, 1, 1, 0, 1, 1, 1, 0, 0, 1, 1, 0, 0, 1, 0, 0, 1, 0]]",8.0,3.0,Y,"{0: 14, 1: 20, 2: 17, 3: 23, 4: 26, 5: 29, 6: 11, 7: 32, 8: 35, 9: 38, 10: 41, 11: 44, 12: 47, 13: 50, 14: 8, 15: 53, 16: 56, 17: 59, 18: 62, 19: 65, 20: 68, 21: 71, 22: 74, 23: 77, 24: 80}",Y,"{0: 14, 1: 20, 2: 17, 3: 23, 4: 26, 5: 29, 6: 11, 7: 32, 8: 35, 9: 38, 10: 41, 11: 44, 12: 47, 13: 50, 14: 8, 15: 53, 16: 56, 17: 59, 18: 62, 19: 65, 20: 68, 21: 71, 22: 74, 23: 77, 24: 80}","{(0, 1): 1, (0, 2): 1, (0, 4): 1, (0, 5): 5, (0, 7): 1, (0, 8): 1, (0, 14): 1, (0, 19): 1, (0, 21): 1, (0, 24): 1, (1, 2): 1, (1, 3): 1, (1, 4): 1, (1, 6): 5, (1, 9): 1, (1, 10): 1, (1, 13): 1, (1, 14): 1, (1, 15): 2, (1, 16): 1, (1, 18): 1, (1, 19): 1, (1, 21): 1, (1, 23): 1, (2, 8): 1, (2, 12): 1, (2, 13): 1, (2, 17): 1, (2, 18): 1, (2, 19): 1, (2, 20): 1, (2, 21): 5, (2, 22): 1, (2, 23): 1, (2, 24): 1, (3, 4): 1, (3, 8): 1, (3, 9): 1, (3, 10): 1, (3, 11): 12, (3, 12): 1, (3, 13): 1, (3, 15): 1, (3, 17): 1, (3, 19): 1, (3, 22): 1, (4, 5): 1, (4, 6): 1, (4, 7): 1, (4, 8): 1, (4, 12): 1, (4, 16): 1, (4, 17): 1, (4, 20): 15, (4, 24): 1, (5, 12): 1, (5, 15): 17, (5, 18): 1, (5, 19): 1, (5, 20): 1, (5, 21): 1, (5, 24): 1, (6, 13): 1, (6, 14): 3, (6, 22): 1, (7, 10): 1, (7, 11): 1, (7, 12): 1, (7, 13): 1, (7, 15): 1, (7, 18): 1, (7, 20): 22, (7, 22): 1, (7, 23): 1, (8, 9): 1, (8, 10): 1, (8, 11): 1, (8, 12): 1, (8, 17): 1, (8, 19): 1, (8, 20): 1, (8, 21): 22, (8, 23): 1, (8, 24): 1, (9, 12): 1, (9, 13): 1, (9, 16): 1, (9, 19): 1, (9, 22): 6, (9, 23): 1, (9, 24): 24, (10, 13): 1, (10, 17): 1, (10, 18): 14, (10, 22): 21, (11, 14): 1, (11, 15): 7, (11, 16): 1, (11, 19): 17, (11, 21): 1, (11, 22): 1, (11, 23): 1, (11, 24): 1, (12, 14): 1, (12, 16): 1, (12, 19): 1, (12, 21): 1, (12, 23): 1, (12, 24): 35, (13, 18): 40, (13, 19): 1, (13, 22): 1, (13, 24): 1, (14, 16): 1, (15, 16): 1, (15, 17): 1, (15, 19): 1, (15, 20): 1, (15, 23): 21, (16, 18): 1, (16, 19): 1, (16, 21): 1, (16, 23): 45, (16, 24): 1, (17, 20): 13, (17, 21): 36, (17, 22): 3, (17, 24): 1, (18, 20): 1, (18, 21): 1, (18, 23): 1, (19, 20): 1, (19, 22): 35, (19, 23): 1, (20, 22): 1, (20, 24): 11, (21, 22): 1, (22, 23): 1, (23, 24): 1}",1357.0785522460938,139.0,25.0,278.0
30.0,Graph with 25 nodes and 139 edges,"[[0, 1, 1, 0, 1, 1, 0, 1, 1, 0, 0, 0, 0, 0, 1, 0, 0, 0, 0, 1, 0, 1, 0, 0, 1], [1, 0, 1, 1, 1, 0, 1, 0, 0, 1, 1, 0, 0, 1, 1, 1, 1, 0, 1, 1, 0, 1, 0, 1, 0], [1, 1, 0, 0, 0, 0, 0, 0, 1, 0, 0, 0, 1, 1, 0, 0, 0, 1, 1, 1, 1, 1, 1, 1, 1], [0, 1, 0, 0, 1, 0, 0, 0, 1, 1, 1, 1, 1, 1, 0, 1, 0, 1, 0, 1, 0, 0, 1, 0, 0], [1, 1, 0, 1, 0, 1, 1, 1, 1, 0, 0, 0, 1, 0, 0, 0, 1, 1, 0, 0, 1, 0, 0, 0, 1], [1, 0, 0, 0, 1, 0, 0, 0, 0, 0, 0, 0, 1, 0, 0, 1, 0, 0, 1, 1, 1, 1, 0, 0, 1], [0, 1, 0, 0, 1, 0, 0, 0, 0, 0, 0, 0, 0, 1, 1, 0, 0, 0, 0, 0, 0, 0, 1, 0, 0], [1, 0, 0, 0, 1, 0, 0, 0, 0, 0, 1, 1, 1, 1, 0, 1, 0, 0, 1, 0, 1, 0, 1, 1, 0], [1, 0, 1, 1, 1, 0, 0, 0, 0, 1, 1, 1, 1, 0, 0, 0, 0, 1, 0, 1, 1, 1, 0, 1, 1], [0, 1, 0, 1, 0, 0, 0, 0, 1, 0, 0, 0, 1, 1, 0, 0, 1, 0, 0, 1, 0, 0, 1, 1, 1], [0, 1, 0, 1, 0, 0, 0, 1, 1, 0, 0, 0, 0, 1, 0, 0, 0, 1, 1, 0, 0, 0, 1, 0, 0], [0, 0, 0, 1, 0, 0, 0, 1, 1, 0, 0, 0, 0, 0, 1, 1, 1, 0, 0, 1, 0, 1, 1, 1, 1], [0, 0, 1, 1, 1, 1, 0, 1, 1, 1, 0, 0, 0, 0, 1, 0, 1, 0, 0, 1, 0, 1, 0, 1, 1], [0, 1, 1, 1, 0, 0, 1, 1, 0, 1, 1, 0, 0, 0, 0, 0, 0, 0, 1, 1, 0, 0, 1, 0, 1], [1, 1, 0, 0, 0, 0, 1, 0, 0, 0, 0, 1, 1, 0, 0, 0, 1, 0, 0, 0, 0, 0, 0, 0, 0], [0, 1, 0, 1, 0, 1, 0, 1, 0, 0, 0, 1, 0, 0, 0, 0, 1, 1, 0, 1, 1, 0, 0, 1, 0], [0, 1, 0, 0, 1, 0, 0, 0, 0, 1, 0, 1, 1, 0, 1, 1, 0, 0, 1, 1, 0, 1, 0, 1, 1], [0, 0, 1, 1, 1, 0, 0, 0, 1, 0, 1, 0, 0, 0, 0, 1, 0, 0, 0, 0, 1, 1, 1, 0, 1], [0, 1, 1, 0, 0, 1, 0, 1, 0, 0, 1, 0, 0, 1, 0, 0, 1, 0, 0, 0, 1, 1, 0, 1, 0], [1, 1, 1, 1, 0, 1, 0, 0, 1, 1, 0, 1, 1, 1, 0, 1, 1, 0, 0, 0, 1, 0, 1, 1, 0], [0, 0, 1, 0, 1, 1, 0, 1, 1, 0, 0, 0, 0, 0, 0, 1, 0, 1, 1, 1, 0, 0, 1, 0, 1], [1, 1, 1, 0, 0, 1, 0, 0, 1, 0, 0, 1, 1, 0, 0, 0, 1, 1, 1, 0, 0, 0, 1, 0, 0], [0, 0, 1, 1, 0, 0, 1, 1, 0, 1, 1, 1, 0, 1, 0, 0, 0, 1, 0, 1, 1, 1, 0, 1, 0], [0, 1, 1, 0, 0, 0, 0, 1, 1, 1, 0, 1, 1, 0, 0, 1, 1, 0, 1, 1, 0, 0, 1, 0, 1], [1, 0, 1, 0, 1, 1, 0, 0, 1, 1, 0, 1, 1, 1, 0, 0, 1, 1, 0, 0, 1, 0, 0, 1, 0]]",10.0,9.0,Y,"{0: 19, 1: 28, 2: 37, 3: 46, 4: 55, 5: 64, 6: 73, 7: 82, 8: 91, 9: 100, 10: 109, 11: 118, 12: 127, 13: 136, 14: 145, 15: 154, 16: 163, 17: 172, 18: 10, 19: 181, 20: 190, 21: 199, 22: 208, 23: 217, 24: 226}",Y,"{0: 19, 1: 28, 2: 37, 3: 46, 4: 55, 5: 64, 6: 73, 7: 82, 8: 91, 9: 100, 10: 109, 11: 118, 12: 127, 13: 136, 14: 145, 15: 154, 16: 163, 17: 172, 18: 10, 19: 181, 20: 190, 21: 199, 22: 208, 23: 217, 24: 226}","{(0, 1): 1, (0, 2): 1, (0, 4): 1, (0, 5): 1, (0, 7): 1, (0, 8): 1, (0, 14): 1, (0, 19): 1, (0, 21): 10, (0, 24): 1, (1, 2): 1, (1, 3): 1, (1, 4): 1, (1, 6): 1, (1, 9): 1, (1, 10): 1, (1, 13): 1, (1, 14): 1, (1, 15): 1, (1, 16): 1, (1, 18): 1, (1, 19): 2, (1, 21): 1, (1, 23): 13, (2, 8): 1, (2, 12): 1, (2, 13): 1, (2, 17): 1, (2, 18): 1, (2, 19): 1, (2, 20): 1, (2, 21): 25, (2, 22): 1, (2, 23): 1, (2, 24): 1, (3, 4): 1, (3, 8): 1, (3, 9): 1, (3, 10): 35, (3, 11): 1, (3, 12): 1, (3, 13): 1, (3, 15): 1, (3, 17): 1, (3, 19): 1, (3, 22): 1, (4, 5): 1, (4, 6): 1, (4, 7): 1, (4, 8): 1, (4, 12): 1, (4, 16): 1, (4, 17): 1, (4, 20): 44, (4, 24): 1, (5, 12): 1, (5, 15): 1, (5, 18): 1, (5, 19): 1, (5, 20): 56, (5, 21): 1, (5, 24): 1, (6, 13): 37, (6, 14): 33, (6, 22): 1, (7, 10): 1, (7, 11): 1, (7, 12): 1, (7, 13): 1, (7, 15): 1, (7, 18): 1, (7, 20): 1, (7, 22): 1, (7, 23): 72, (8, 9): 1, (8, 10): 1, (8, 11): 1, (8, 12): 1, (8, 17): 1, (8, 19): 1, (8, 20): 31, (8, 21): 1, (8, 23): 1, (8, 24): 48, (9, 12): 1, (9, 13): 23, (9, 16): 1, (9, 19): 1, (9, 22): 1, (9, 23): 69, (9, 24): 1, (10, 13): 68, (10, 17): 1, (10, 18): 1, (10, 22): 1, (11, 14): 108, (11, 15): 1, (11, 16): 1, (11, 19): 1, (11, 21): 1, (11, 22): 1, (11, 23): 1, (11, 24): 1, (12, 14): 1, (12, 16): 1, (12, 19): 1, (12, 21): 1, (12, 23): 1, (12, 24): 115, (13, 18): 1, (13, 19): 1, (13, 22): 1, (13, 24): 1, (14, 16): 1, (15, 16): 145, (15, 17): 1, (15, 19): 1, (15, 20): 1, (15, 23): 1, (16, 18): 1, (16, 19): 1, (16, 21): 1, (16, 23): 1, (16, 24): 8, (17, 20): 7, (17, 21): 156, (17, 22): 2, (17, 24): 1, (18, 20): 1, (18, 21): 1, (18, 23): 1, (19, 20): 1, (19, 22): 154, (19, 23): 13, (20, 22): 1, (20, 24): 46, (21, 22): 1, (22, 23): 42, (23, 24): 1}",1710.8917236328125,139.0,25.0,278.0
31.0,Graph with 25 nodes and 138 edges,"[[0, 0, 0, 0, 1, 1, 1, 1, 0, 0, 0, 0, 1, 0, 0, 1, 0, 1, 0, 1, 1, 1, 0, 1, 0], [0, 0, 1, 0, 0, 1, 0, 1, 0, 0, 0, 0, 0, 1, 0, 0, 0, 0, 1, 0, 0, 0, 0, 1, 1], [0, 1, 0, 0, 1, 1, 1, 1, 0, 1, 1, 1, 1, 0, 1, 0, 0, 0, 0, 0, 0, 1, 1, 0, 0], [0, 0, 0, 0, 1, 0, 1, 0, 0, 0, 0, 0, 1, 1, 1, 1, 1, 0, 0, 1, 1, 0, 1, 0, 1], [1, 0, 1, 1, 0, 1, 0, 0, 0, 1, 0, 0, 0, 0, 0, 0, 1, 1, 1, 1, 1, 1, 1, 0, 1], [1, 1, 1, 0, 1, 0, 1, 0, 0, 0, 0, 1, 1, 1, 0, 0, 1, 1, 0, 0, 0, 1, 0, 0, 0], [1, 0, 1, 1, 0, 1, 0, 1, 0, 1, 0, 1, 1, 0, 0, 0, 1, 0, 0, 1, 0, 1, 0, 1, 0], [1, 1, 1, 0, 0, 0, 1, 0, 0, 1, 0, 0, 1, 0, 0, 1, 1, 1, 0, 1, 1, 0, 1, 0, 1], [0, 0, 0, 0, 0, 0, 0, 0, 0, 1, 0, 1, 0, 1, 1, 0, 1, 0, 0, 1, 0, 1, 0, 0, 0], [0, 0, 1, 0, 1, 0, 1, 1, 1, 0, 0, 0, 0, 1, 1, 1, 0, 0, 1, 1, 1, 0, 1, 0, 0], [0, 0, 1, 0, 0, 0, 0, 0, 0, 0, 0, 0, 1, 1, 1, 1, 1, 0, 1, 0, 1, 1, 0, 0, 1], [0, 0, 1, 0, 0, 1, 1, 0, 1, 0, 0, 0, 1, 1, 0, 1, 0, 0, 1, 0, 1, 1, 0, 0, 1], [1, 0, 1, 1, 0, 1, 1, 1, 0, 0, 1, 1, 0, 0, 0, 1, 1, 0, 0, 0, 0, 1, 1, 1, 1], [0, 1, 0, 1, 0, 1, 0, 0, 1, 1, 1, 1, 0, 0, 0, 1, 0, 1, 1, 0, 0, 1, 1, 1, 1], [0, 0, 1, 1, 0, 0, 0, 0, 1, 1, 1, 0, 0, 0, 0, 1, 0, 0, 1, 0, 0, 1, 0, 0, 1], [1, 0, 0, 1, 0, 0, 0, 1, 0, 1, 1, 1, 1, 1, 1, 0, 0, 0, 0, 1, 1, 1, 0, 0, 1], [0, 0, 0, 1, 1, 1, 1, 1, 1, 0, 1, 0, 1, 0, 0, 0, 0, 0, 1, 0, 0, 0, 1, 1, 0], [1, 0, 0, 0, 1, 1, 0, 1, 0, 0, 0, 0, 0, 1, 0, 0, 0, 0, 0, 0, 1, 0, 0, 0, 0], [0, 1, 0, 0, 1, 0, 0, 0, 0, 1, 1, 1, 0, 1, 1, 0, 1, 0, 0, 0, 1, 1, 0, 1, 1], [1, 0, 0, 1, 1, 0, 1, 1, 1, 1, 0, 0, 0, 0, 0, 1, 0, 0, 0, 0, 0, 0, 0, 0, 1], [1, 0, 0, 1, 1, 0, 0, 1, 0, 1, 1, 1, 0, 0, 0, 1, 0, 1, 1, 0, 0, 1, 1, 0, 0], [1, 0, 1, 0, 1, 1, 1, 0, 1, 0, 1, 1, 1, 1, 1, 1, 0, 0, 1, 0, 1, 0, 1, 0, 0], [0, 0, 1, 1, 1, 0, 0, 1, 0, 1, 0, 0, 1, 1, 0, 0, 1, 0, 0, 0, 1, 1, 0, 0, 0], [1, 1, 0, 0, 0, 0, 1, 0, 0, 0, 0, 0, 1, 1, 0, 0, 1, 0, 1, 0, 0, 0, 0, 0, 1], [0, 1, 0, 1, 1, 0, 0, 1, 0, 0, 1, 1, 1, 1, 1, 1, 0, 0, 1, 1, 0, 0, 0, 1, 0]]",28.0,9.0,Y,"{0: 37, 1: 46, 2: 55, 3: 64, 4: 73, 5: 82, 6: 91, 7: 100, 8: 109, 9: 118, 10: 127, 11: 136, 12: 145, 13: 154, 14: 163, 15: 172, 16: 181, 17: 190, 18: 199, 19: 208, 20: 217, 21: 226, 22: 235, 23: 244, 24: 28}",Y,"{0: 37, 1: 46, 2: 55, 3: 64, 4: 73, 5: 82, 6: 91, 7: 100, 8: 109, 9: 118, 10: 127, 11: 136, 12: 145, 13: 154, 14: 163, 15: 172, 16: 181, 17: 190, 18: 199, 19: 208, 20: 217, 21: 226, 22: 235, 23: 244, 24: 28}","{(0, 4): 1, (0, 5): 1, (0, 6): 1, (0, 7): 1, (0, 12): 1, (0, 15): 1, (0, 17): 1, (0, 19): 1, (0, 20): 1, (0, 21): 1, (0, 23): 27, (1, 2): 1, (1, 5): 1, (1, 7): 1, (1, 13): 1, (1, 18): 1, (1, 23): 40, (1, 24): 1, (2, 4): 1, (2, 5): 1, (2, 6): 1, (2, 7): 1, (2, 9): 1, (2, 10): 1, (2, 11): 1, (2, 12): 1, (2, 14): 1, (2, 21): 1, (2, 22): 44, (3, 4): 1, (3, 6): 1, (3, 12): 1, (3, 13): 1, (3, 14): 1, (3, 15): 1, (3, 16): 1, (3, 19): 54, (3, 20): 1, (3, 22): 1, (3, 24): 1, (4, 5): 1, (4, 9): 1, (4, 16): 1, (4, 17): 2, (4, 18): 1, (4, 19): 60, (4, 20): 1, (4, 21): 1, (4, 22): 1, (4, 24): 1, (5, 6): 1, (5, 11): 1, (5, 12): 1, (5, 13): 1, (5, 16): 1, (5, 17): 72, (5, 21): 1, (6, 7): 1, (6, 9): 1, (6, 11): 1, (6, 12): 1, (6, 16): 1, (6, 19): 1, (6, 21): 1, (6, 23): 80, (7, 9): 1, (7, 12): 1, (7, 15): 88, (7, 16): 1, (7, 17): 1, (7, 19): 1, (7, 20): 1, (7, 22): 1, (7, 24): 1, (8, 9): 1, (8, 11): 103, (8, 13): 1, (8, 14): 1, (8, 16): 1, (8, 19): 1, (8, 21): 1, (9, 13): 1, (9, 14): 15, (9, 15): 1, (9, 18): 1, (9, 19): 1, (9, 20): 1, (9, 22): 93, (10, 12): 1, (10, 13): 1, (10, 14): 118, (10, 15): 1, (10, 16): 1, (10, 18): 1, (10, 20): 1, (10, 21): 1, (10, 24): 1, (11, 12): 1, (11, 13): 1, (11, 15): 1, (11, 18): 24, (11, 20): 1, (11, 21): 1, (11, 24): 1, (12, 15): 1, (12, 16): 1, (12, 21): 132, (12, 22): 1, (12, 23): 1, (12, 24): 1, (13, 15): 1, (13, 17): 84, (13, 18): 1, (13, 21): 58, (13, 22): 1, (13, 23): 1, (13, 24): 1, (14, 15): 1, (14, 18): 1, (14, 21): 24, (14, 24): 1, (15, 19): 73, (15, 20): 1, (15, 21): 1, (15, 24): 1, (16, 18): 1, (16, 22): 79, (16, 23): 93, (17, 20): 30, (18, 20): 165, (18, 21): 1, (18, 23): 1, (18, 24): 1, (19, 24): 16, (20, 21): 1, (20, 22): 13, (21, 22): 1, (23, 24): 1}",1462.9364013671875,138.0,25.0,276.0
33.0,Graph with 25 nodes and 158 edges,"[[0, 1, 0, 1, 1, 0, 1, 1, 1, 0, 0, 0, 1, 1, 0, 0, 1, 0, 1, 1, 0, 0, 1, 0, 1], [1, 0, 0, 0, 1, 1, 0, 1, 1, 1, 0, 0, 0, 1, 1, 0, 0, 0, 1, 1, 0, 0, 1, 0, 1], [0, 0, 0, 0, 0, 0, 0, 0, 0, 1, 0, 1, 1, 0, 1, 0, 1, 1, 1, 1, 1, 1, 1, 0, 1], [1, 0, 0, 0, 0, 0, 1, 1, 0, 1, 0, 0, 1, 1, 0, 1, 0, 0, 1, 1, 1, 1, 0, 0, 0], [1, 1, 0, 0, 0, 1, 1, 0, 0, 0, 1, 1, 1, 0, 0, 1, 0, 1, 0, 0, 1, 1, 1, 0, 0], [0, 1, 0, 0, 1, 0, 0, 1, 1, 0, 0, 1, 0, 1, 0, 0, 1, 1, 0, 1, 1, 0, 0, 1, 1], [1, 0, 0, 1, 1, 0, 0, 1, 0, 1, 0, 0, 1, 0, 0, 1, 1, 1, 0, 0, 0, 0, 0, 0, 1], [1, 1, 0, 1, 0, 1, 1, 0, 1, 1, 1, 1, 0, 1, 0, 0, 1, 1, 1, 0, 1, 0, 0, 1, 1], [1, 1, 0, 0, 0, 1, 0, 1, 0, 1, 0, 0, 0, 0, 1, 1, 1, 1, 1, 1, 1, 0, 0, 0, 1], [0, 1, 1, 1, 0, 0, 1, 1, 1, 0, 1, 1, 0, 0, 1, 1, 1, 0, 1, 1, 0, 0, 0, 0, 0], [0, 0, 0, 0, 1, 0, 0, 1, 0, 1, 0, 0, 1, 1, 0, 1, 0, 1, 0, 1, 0, 1, 1, 0, 0], [0, 0, 1, 0, 1, 1, 0, 1, 0, 1, 0, 0, 1, 1, 0, 1, 1, 1, 1, 0, 0, 0, 1, 0, 1], [1, 0, 1, 1, 1, 0, 1, 0, 0, 0, 1, 1, 0, 0, 1, 1, 0, 1, 1, 0, 1, 1, 1, 1, 1], [1, 1, 0, 1, 0, 1, 0, 1, 0, 0, 1, 1, 0, 0, 0, 0, 1, 0, 1, 1, 0, 1, 0, 0, 1], [0, 1, 1, 0, 0, 0, 0, 0, 1, 1, 0, 0, 1, 0, 0, 0, 0, 1, 0, 0, 1, 1, 1, 1, 0], [0, 0, 0, 1, 1, 0, 1, 0, 1, 1, 1, 1, 1, 0, 0, 0, 0, 1, 1, 1, 1, 1, 1, 0, 0], [1, 0, 1, 0, 0, 1, 1, 1, 1, 1, 0, 1, 0, 1, 0, 0, 0, 0, 1, 1, 0, 0, 1, 0, 1], [0, 0, 1, 0, 1, 1, 1, 1, 1, 0, 1, 1, 1, 0, 1, 1, 0, 0, 1, 0, 0, 0, 1, 1, 0], [1, 1, 1, 1, 0, 0, 0, 1, 1, 1, 0, 1, 1, 1, 0, 1, 1, 1, 0, 0, 1, 0, 1, 1, 0], [1, 1, 1, 1, 0, 1, 0, 0, 1, 1, 1, 0, 0, 1, 0, 1, 1, 0, 0, 0, 0, 0, 1, 0, 0], [0, 0, 1, 1, 1, 1, 0, 1, 1, 0, 0, 0, 1, 0, 1, 1, 0, 0, 1, 0, 0, 1, 0, 1, 1], [0, 0, 1, 1, 1, 0, 0, 0, 0, 0, 1, 0, 1, 1, 1, 1, 0, 0, 0, 0, 1, 0, 1, 1, 0], [1, 1, 1, 0, 1, 0, 0, 0, 0, 0, 1, 1, 1, 0, 1, 1, 1, 1, 1, 1, 0, 1, 0, 1, 0], [0, 0, 0, 0, 0, 1, 0, 1, 0, 0, 0, 0, 1, 0, 1, 0, 0, 1, 1, 0, 1, 1, 1, 0, 1], [1, 1, 1, 0, 0, 1, 1, 1, 1, 0, 0, 1, 1, 1, 0, 0, 1, 0, 0, 0, 1, 0, 0, 1, 0]]",24.0,4.0,Y,"{0: 28, 1: 32, 2: 36, 3: 40, 4: 44, 5: 48, 6: 52, 7: 56, 8: 60, 9: 64, 10: 68, 11: 72, 12: 76, 13: 80, 14: 84, 15: 88, 16: 92, 17: 96, 18: 100, 19: 104, 20: 108, 21: 112, 22: 116, 23: 120, 24: 24}",Y,"{0: 28, 1: 32, 2: 36, 3: 40, 4: 44, 5: 48, 6: 52, 7: 56, 8: 60, 9: 64, 10: 68, 11: 72, 12: 76, 13: 80, 14: 84, 15: 88, 16: 92, 17: 96, 18: 100, 19: 104, 20: 108, 21: 112, 22: 116, 23: 120, 24: 24}","{(0, 1): 1, (0, 3): 4, (0, 4): 1, (0, 6): 1, (0, 7): 1, (0, 8): 1, (0, 12): 1, (0, 13): 1, (0, 16): 13, (0, 18): 1, (0, 19): 1, (0, 22): 1, (0, 24): 1, (1, 4): 1, (1, 5): 21, (1, 7): 1, (1, 8): 1, (1, 9): 1, (1, 13): 1, (1, 14): 1, (1, 18): 1, (1, 19): 1, (1, 22): 1, (1, 24): 1, (2, 9): 1, (2, 11): 1, (2, 12): 1, (2, 14): 1, (2, 16): 1, (2, 17): 1, (2, 18): 1, (2, 19): 1, (2, 20): 11, (2, 21): 1, (2, 22): 15, (2, 24): 1, (3, 6): 12, (3, 7): 1, (3, 9): 1, (3, 12): 1, (3, 13): 14, (3, 15): 1, (3, 18): 1, (3, 19): 1, (3, 20): 3, (3, 21): 1, (4, 5): 1, (4, 6): 1, (4, 10): 1, (4, 11): 1, (4, 12): 1, (4, 15): 1, (4, 17): 7, (4, 20): 13, (4, 21): 15, (4, 22): 1, (5, 7): 1, (5, 8): 1, (5, 11): 1, (5, 13): 17, (5, 16): 1, (5, 17): 1, (5, 19): 1, (5, 20): 1, (5, 23): 1, (5, 24): 1, (6, 7): 32, (6, 9): 1, (6, 12): 1, (6, 15): 1, (6, 16): 1, (6, 17): 1, (6, 24): 1, (7, 8): 1, (7, 9): 3, (7, 10): 1, (7, 11): 1, (7, 13): 1, (7, 16): 1, (7, 17): 1, (7, 18): 8, (7, 20): 1, (7, 23): 1, (7, 24): 1, (8, 9): 14, (8, 14): 1, (8, 15): 1, (8, 16): 15, (8, 17): 1, (8, 18): 1, (8, 19): 19, (8, 20): 3, (8, 24): 1, (9, 10): 1, (9, 11): 1, (9, 14): 15, (9, 15): 1, (9, 16): 23, (9, 18): 1, (9, 19): 1, (10, 12): 13, (10, 13): 15, (10, 15): 1, (10, 17): 1, (10, 19): 1, (10, 21): 33, (10, 22): 1, (11, 12): 1, (11, 13): 24, (11, 15): 1, (11, 16): 1, (11, 17): 37, (11, 18): 1, (11, 22): 1, (11, 24): 1, (12, 14): 33, (12, 15): 1, (12, 17): 1, (12, 18): 1, (12, 20): 17, (12, 21): 1, (12, 22): 1, (12, 23): 1, (12, 24): 1, (13, 16): 1, (13, 18): 1, (13, 19): 1, (13, 21): 3, (13, 24): 1, (14, 17): 1, (14, 20): 1, (14, 21): 26, (14, 22): 1, (14, 23): 4, (15, 17): 1, (15, 18): 1, (15, 19): 75, (15, 20): 1, (15, 21): 1, (15, 22): 1, (16, 18): 32, (16, 19): 1, (16, 22): 1, (16, 24): 1, (17, 18): 1, (17, 22): 25, (17, 23): 17, (18, 20): 40, (18, 22): 1, (18, 23): 8, (19, 22): 1, (20, 21): 1, (20, 23): 15, (20, 24): 1, (21, 22): 17, (21, 23): 13, (22, 23): 48, (23, 24): 12}",71.04873657226562,158.0,25.0,316.0
34.0,Graph with 25 nodes and 150 edges,"[[0, 0, 1, 0, 0, 1, 0, 0, 0, 0, 1, 0, 1, 0, 0, 1, 0, 0, 1, 1, 0, 1, 0, 1, 1], [0, 0, 1, 0, 1, 1, 0, 1, 1, 0, 0, 1, 0, 0, 1, 1, 1, 0, 1, 1, 0, 0, 1, 0, 0], [1, 1, 0, 0, 0, 1, 0, 0, 0, 0, 1, 0, 1, 1, 1, 1, 0, 1, 0, 0, 0, 1, 1, 0, 0], [0, 0, 0, 0, 0, 1, 1, 0, 0, 0, 0, 0, 0, 1, 0, 1, 1, 0, 0, 0, 0, 0, 0, 1, 0], [0, 1, 0, 0, 0, 0, 1, 0, 0, 0, 1, 0, 1, 1, 0, 1, 0, 1, 0, 1, 1, 0, 1, 1, 1], [1, 1, 1, 1, 0, 0, 1, 1, 1, 1, 1, 0, 1, 1, 0, 0, 1, 1, 0, 1, 1, 0, 0, 1, 1], [0, 0, 0, 1, 1, 1, 0, 1, 1, 0, 1, 1, 1, 1, 1, 0, 1, 0, 1, 0, 0, 0, 1, 1, 1], [0, 1, 0, 0, 0, 1, 1, 0, 0, 0, 1, 1, 0, 0, 1, 1, 0, 0, 1, 1, 1, 1, 1, 0, 1], [0, 1, 0, 0, 0, 1, 1, 0, 0, 0, 0, 0, 1, 0, 0, 1, 0, 0, 0, 1, 0, 0, 1, 0, 1], [0, 0, 0, 0, 0, 1, 0, 0, 0, 0, 0, 0, 1, 0, 0, 1, 0, 1, 0, 1, 0, 1, 0, 1, 1], [1, 0, 1, 0, 1, 1, 1, 1, 0, 0, 0, 0, 0, 1, 1, 1, 0, 0, 1, 1, 0, 1, 0, 1, 0], [0, 1, 0, 0, 0, 0, 1, 1, 0, 0, 0, 0, 1, 0, 0, 1, 0, 0, 1, 1, 0, 1, 0, 1, 0], [1, 0, 1, 0, 1, 1, 1, 0, 1, 1, 0, 1, 0, 0, 1, 0, 1, 1, 0, 0, 0, 1, 1, 0, 1], [0, 0, 1, 1, 1, 1, 1, 0, 0, 0, 1, 0, 0, 0, 0, 1, 1, 0, 0, 0, 1, 1, 1, 1, 1], [0, 1, 1, 0, 0, 0, 1, 1, 0, 0, 1, 0, 1, 0, 0, 1, 0, 1, 0, 0, 1, 0, 1, 0, 1], [1, 1, 1, 1, 1, 0, 0, 1, 1, 1, 1, 1, 0, 1, 1, 0, 0, 1, 0, 0, 1, 1, 1, 1, 0], [0, 1, 0, 1, 0, 1, 1, 0, 0, 0, 0, 0, 1, 1, 0, 0, 0, 0, 0, 1, 1, 1, 1, 1, 1], [0, 0, 1, 0, 1, 1, 0, 0, 0, 1, 0, 0, 1, 0, 1, 1, 0, 0, 0, 0, 0, 0, 1, 1, 1], [1, 1, 0, 0, 0, 0, 1, 1, 0, 0, 1, 1, 0, 0, 0, 0, 0, 0, 0, 1, 0, 1, 1, 0, 1], [1, 1, 0, 0, 1, 1, 0, 1, 1, 1, 1, 1, 0, 0, 0, 0, 1, 0, 1, 0, 1, 1, 0, 0, 0], [0, 0, 0, 0, 1, 1, 0, 1, 0, 0, 0, 0, 0, 1, 1, 1, 1, 0, 0, 1, 0, 1, 1, 0, 1], [1, 0, 1, 0, 0, 0, 0, 1, 0, 1, 1, 1, 1, 1, 0, 1, 1, 0, 1, 1, 1, 0, 0, 0, 0], [0, 1, 1, 0, 1, 0, 1, 1, 1, 0, 0, 0, 1, 1, 1, 1, 1, 1, 1, 0, 1, 0, 0, 0, 1], [1, 0, 0, 1, 1, 1, 1, 0, 0, 1, 1, 1, 0, 1, 0, 1, 1, 1, 0, 0, 0, 0, 0, 0, 0], [1, 0, 0, 0, 1, 1, 1, 1, 1, 1, 0, 0, 1, 1, 1, 0, 1, 1, 1, 0, 1, 0, 1, 0, 0]]",20.0,5.0,Y,"{0: 25, 1: 30, 2: 35, 3: 40, 4: 45, 5: 50, 6: 55, 7: 60, 8: 65, 9: 70, 10: 75, 11: 80, 12: 85, 13: 90, 14: 95, 15: 100, 16: 105, 17: 110, 18: 115, 19: 120, 20: 125, 21: 130, 22: 135, 23: 140, 24: 20}",Y,"{0: 25, 1: 30, 2: 35, 3: 40, 4: 45, 5: 50, 6: 55, 7: 60, 8: 65, 9: 70, 10: 75, 11: 80, 12: 85, 13: 90, 14: 95, 15: 100, 16: 105, 17: 110, 18: 115, 19: 120, 20: 125, 21: 130, 22: 135, 23: 140, 24: 20}","{(0, 2): 1, (0, 5): 1, (0, 10): 1, (0, 12): 1, (0, 15): 1, (0, 18): 1, (0, 19): 1, (0, 21): 1, (0, 23): 16, (0, 24): 1, (1, 2): 1, (1, 4): 1, (1, 5): 1, (1, 7): 1, (1, 8): 1, (1, 11): 1, (1, 14): 1, (1, 15): 1, (1, 16): 1, (1, 18): 1, (1, 19): 1, (1, 22): 19, (2, 5): 1, (2, 10): 1, (2, 12): 1, (2, 13): 1, (2, 14): 1, (2, 15): 1, (2, 17): 1, (2, 21): 25, (2, 22): 1, (3, 5): 1, (3, 6): 1, (3, 13): 1, (3, 15): 1, (3, 16): 35, (3, 23): 1, (4, 6): 1, (4, 10): 4, (4, 12): 1, (4, 13): 1, (4, 15): 1, (4, 17): 1, (4, 19): 31, (4, 20): 1, (4, 22): 1, (4, 23): 1, (4, 24): 1, (5, 6): 19, (5, 7): 1, (5, 8): 16, (5, 9): 1, (5, 10): 1, (5, 12): 1, (5, 13): 1, (5, 16): 1, (5, 17): 1, (5, 19): 1, (5, 20): 1, (5, 23): 1, (5, 24): 1, (6, 7): 1, (6, 8): 1, (6, 10): 1, (6, 11): 1, (6, 12): 1, (6, 13): 1, (6, 14): 1, (6, 16): 1, (6, 18): 23, (6, 22): 1, (6, 23): 1, (6, 24): 1, (7, 10): 1, (7, 11): 19, (7, 14): 1, (7, 15): 1, (7, 18): 1, (7, 19): 18, (7, 20): 1, (7, 21): 1, (7, 22): 13, (7, 24): 1, (8, 12): 1, (8, 15): 28, (8, 19): 1, (8, 22): 16, (8, 24): 1, (9, 12): 30, (9, 15): 1, (9, 17): 1, (9, 19): 16, (9, 21): 1, (9, 23): 19, (9, 24): 1, (10, 13): 1, (10, 14): 1, (10, 15): 1, (10, 18): 1, (10, 19): 1, (10, 21): 60, (10, 23): 1, (11, 12): 16, (11, 15): 1, (11, 18): 1, (11, 19): 1, (11, 21): 1, (11, 23): 39, (12, 14): 1, (12, 16): 19, (12, 17): 10, (12, 21): 1, (12, 22): 1, (12, 24): 1, (13, 15): 1, (13, 16): 1, (13, 20): 78, (13, 21): 1, (13, 22): 1, (13, 23): 1, (13, 24): 1, (14, 15): 1, (14, 17): 50, (14, 20): 1, (14, 22): 36, (14, 24): 1, (15, 17): 27, (15, 20): 31, (15, 21): 1, (15, 22): 1, (15, 23): 1, (16, 19): 1, (16, 20): 1, (16, 21): 1, (16, 22): 1, (16, 23): 42, (16, 24): 1, (17, 22): 1, (17, 23): 17, (17, 24): 1, (18, 19): 34, (18, 21): 16, (18, 22): 36, (18, 24): 1, (19, 20): 1, (19, 21): 13, (20, 21): 8, (20, 22): 1, (20, 24): 1, (22, 24): 6}",51.021575927734375,150.0,25.0,300.0
35.0,Graph with 25 nodes and 153 edges,"[[0, 0, 0, 1, 1, 1, 0, 1, 0, 1, 0, 0, 0, 0, 0, 0, 0, 1, 0, 0, 0, 1, 0, 0, 0], [0, 0, 0, 0, 0, 0, 0, 1, 0, 0, 1, 1, 1, 1, 1, 0, 1, 1, 0, 1, 0, 0, 1, 0, 0], [0, 0, 0, 0, 1, 0, 0, 1, 1, 1, 1, 0, 1, 1, 0, 0, 1, 0, 0, 1, 1, 1, 0, 1, 0], [1, 0, 0, 0, 1, 1, 1, 1, 0, 0, 1, 0, 1, 0, 1, 0, 1, 1, 1, 0, 0, 1, 1, 0, 1], [1, 0, 1, 1, 0, 0, 1, 0, 1, 0, 1, 0, 1, 0, 0, 0, 0, 1, 1, 0, 1, 0, 0, 1, 1], [1, 0, 0, 1, 0, 0, 0, 1, 0, 1, 1, 1, 0, 0, 1, 0, 1, 1, 1, 1, 1, 1, 1, 0, 1], [0, 0, 0, 1, 1, 0, 0, 0, 0, 1, 0, 1, 1, 0, 0, 0, 0, 0, 1, 1, 1, 0, 1, 0, 1], [1, 1, 1, 1, 0, 1, 0, 0, 0, 1, 0, 0, 0, 1, 1, 1, 1, 1, 1, 0, 1, 1, 1, 0, 1], [0, 0, 1, 0, 1, 0, 0, 0, 0, 0, 0, 0, 1, 0, 0, 0, 0, 1, 1, 0, 0, 1, 0, 1, 0], [1, 0, 1, 0, 0, 1, 1, 1, 0, 0, 1, 1, 0, 0, 0, 1, 1, 1, 0, 0, 1, 1, 0, 1, 1], [0, 1, 1, 1, 1, 1, 0, 0, 0, 1, 0, 1, 0, 1, 0, 0, 0, 0, 1, 1, 0, 0, 0, 1, 0], [0, 1, 0, 0, 0, 1, 1, 0, 0, 1, 1, 0, 0, 1, 1, 1, 1, 0, 1, 0, 1, 0, 1, 1, 0], [0, 1, 1, 1, 1, 0, 1, 0, 1, 0, 0, 0, 0, 0, 0, 1, 0, 1, 0, 0, 1, 0, 1, 1, 1], [0, 1, 1, 0, 0, 0, 0, 1, 0, 0, 1, 1, 0, 0, 0, 0, 0, 0, 1, 1, 1, 1, 0, 1, 1], [0, 1, 0, 1, 0, 1, 0, 1, 0, 0, 0, 1, 0, 0, 0, 1, 1, 1, 1, 1, 1, 0, 0, 1, 1], [0, 0, 0, 0, 0, 0, 0, 1, 0, 1, 0, 1, 1, 0, 1, 0, 1, 1, 1, 0, 0, 0, 0, 0, 1], [0, 1, 1, 1, 0, 1, 0, 1, 0, 1, 0, 1, 0, 0, 1, 1, 0, 1, 1, 0, 0, 0, 1, 1, 1], [1, 1, 0, 1, 1, 1, 0, 1, 1, 1, 0, 0, 1, 0, 1, 1, 1, 0, 0, 0, 1, 1, 0, 0, 0], [0, 0, 0, 1, 1, 1, 1, 1, 1, 0, 1, 1, 0, 1, 1, 1, 1, 0, 0, 1, 1, 1, 1, 1, 0], [0, 1, 1, 0, 0, 1, 1, 0, 0, 0, 1, 0, 0, 1, 1, 0, 0, 0, 1, 0, 0, 0, 0, 0, 0], [0, 0, 1, 0, 1, 1, 1, 1, 0, 1, 0, 1, 1, 1, 1, 0, 0, 1, 1, 0, 0, 1, 1, 0, 1], [1, 0, 1, 1, 0, 1, 0, 1, 1, 1, 0, 0, 0, 1, 0, 0, 0, 1, 1, 0, 1, 0, 1, 1, 0], [0, 1, 0, 1, 0, 1, 1, 1, 0, 0, 0, 1, 1, 0, 0, 0, 1, 0, 1, 0, 1, 1, 0, 0, 1], [0, 0, 1, 0, 1, 0, 0, 0, 1, 1, 1, 1, 1, 1, 1, 0, 1, 0, 1, 0, 0, 1, 0, 0, 1], [0, 0, 0, 1, 1, 1, 1, 1, 0, 1, 0, 0, 1, 1, 1, 1, 1, 0, 0, 0, 1, 0, 1, 1, 0]]",12.0,6.0,Y,"{0: 18, 1: 24, 2: 30, 3: 36, 4: 42, 5: 48, 6: 54, 7: 60, 8: 66, 9: 72, 10: 78, 11: 84, 12: 90, 13: 96, 14: 102, 15: 108, 16: 114, 17: 120, 18: 126, 19: 132, 20: 138, 21: 144, 22: 12, 23: 150, 24: 156}",Y,"{0: 18, 1: 24, 2: 30, 3: 36, 4: 42, 5: 48, 6: 54, 7: 60, 8: 66, 9: 72, 10: 78, 11: 84, 12: 90, 13: 96, 14: 102, 15: 108, 16: 114, 17: 120, 18: 126, 19: 132, 20: 138, 21: 144, 22: 12, 23: 150, 24: 156}","{(0, 3): 1, (0, 4): 1, (0, 5): 1, (0, 7): 1, (0, 9): 1, (0, 17): 1, (0, 21): 12, (1, 7): 1, (1, 10): 1, (1, 11): 1, (1, 12): 1, (1, 13): 1, (1, 14): 1, (1, 16): 1, (1, 17): 1, (1, 19): 15, (1, 22): 1, (2, 4): 1, (2, 7): 1, (2, 8): 1, (2, 9): 1, (2, 10): 1, (2, 12): 1, (2, 13): 1, (2, 16): 1, (2, 19): 18, (2, 20): 2, (2, 21): 1, (2, 23): 1, (3, 4): 1, (3, 5): 1, (3, 6): 1, (3, 7): 1, (3, 10): 1, (3, 12): 1, (3, 14): 1, (3, 16): 1, (3, 17): 1, (3, 18): 1, (3, 21): 1, (3, 22): 1, (3, 24): 23, (4, 6): 1, (4, 8): 31, (4, 10): 1, (4, 12): 1, (4, 17): 1, (4, 18): 1, (4, 20): 1, (4, 23): 1, (4, 24): 1, (5, 7): 1, (5, 9): 1, (5, 10): 1, (5, 11): 1, (5, 14): 1, (5, 16): 1, (5, 17): 1, (5, 18): 1, (5, 19): 34, (5, 20): 1, (5, 21): 1, (5, 22): 1, (5, 24): 1, (6, 9): 1, (6, 11): 1, (6, 12): 1, (6, 18): 1, (6, 19): 1, (6, 20): 1, (6, 22): 1, (6, 24): 45, (7, 9): 1, (7, 13): 1, (7, 14): 1, (7, 15): 1, (7, 16): 1, (7, 17): 1, (7, 18): 1, (7, 20): 45, (7, 21): 1, (7, 22): 1, (7, 24): 1, (8, 12): 1, (8, 17): 1, (8, 18): 1, (8, 21): 30, (8, 23): 1, (9, 10): 1, (9, 11): 1, (9, 15): 1, (9, 16): 1, (9, 17): 1, (9, 20): 1, (9, 21): 1, (9, 23): 59, (9, 24): 1, (10, 11): 1, (10, 13): 26, (10, 18): 1, (10, 19): 43, (10, 23): 1, (11, 13): 61, (11, 14): 1, (11, 15): 1, (11, 16): 12, (11, 18): 1, (11, 20): 1, (11, 22): 1, (11, 23): 1, (12, 15): 1, (12, 17): 1, (12, 20): 1, (12, 22): 1, (12, 23): 77, (12, 24): 3, (13, 18): 1, (13, 19): 1, (13, 20): 1, (13, 21): 1, (13, 23): 1, (13, 24): 1, (14, 15): 1, (14, 16): 90, (14, 17): 1, (14, 18): 1, (14, 19): 1, (14, 20): 1, (14, 23): 1, (14, 24): 1, (15, 16): 1, (15, 17): 100, (15, 18): 1, (15, 24): 1, (16, 17): 1, (16, 18): 1, (16, 22): 1, (16, 23): 1, (16, 24): 1, (17, 20): 8, (17, 21): 1, (18, 19): 19, (18, 20): 1, (18, 21): 92, (18, 22): 1, (18, 23): 1, (20, 21): 1, (20, 22): 1, (20, 24): 72, (21, 22): 1, (21, 23): 1, (22, 24): 1, (23, 24): 4}",1584.0530395507812,153.0,25.0,306.0
35.0,Graph with 25 nodes and 153 edges,"[[0, 0, 0, 1, 1, 1, 0, 1, 0, 1, 0, 0, 0, 0, 0, 0, 0, 1, 0, 0, 0, 1, 0, 0, 0], [0, 0, 0, 0, 0, 0, 0, 1, 0, 0, 1, 1, 1, 1, 1, 0, 1, 1, 0, 1, 0, 0, 1, 0, 0], [0, 0, 0, 0, 1, 0, 0, 1, 1, 1, 1, 0, 1, 1, 0, 0, 1, 0, 0, 1, 1, 1, 0, 1, 0], [1, 0, 0, 0, 1, 1, 1, 1, 0, 0, 1, 0, 1, 0, 1, 0, 1, 1, 1, 0, 0, 1, 1, 0, 1], [1, 0, 1, 1, 0, 0, 1, 0, 1, 0, 1, 0, 1, 0, 0, 0, 0, 1, 1, 0, 1, 0, 0, 1, 1], [1, 0, 0, 1, 0, 0, 0, 1, 0, 1, 1, 1, 0, 0, 1, 0, 1, 1, 1, 1, 1, 1, 1, 0, 1], [0, 0, 0, 1, 1, 0, 0, 0, 0, 1, 0, 1, 1, 0, 0, 0, 0, 0, 1, 1, 1, 0, 1, 0, 1], [1, 1, 1, 1, 0, 1, 0, 0, 0, 1, 0, 0, 0, 1, 1, 1, 1, 1, 1, 0, 1, 1, 1, 0, 1], [0, 0, 1, 0, 1, 0, 0, 0, 0, 0, 0, 0, 1, 0, 0, 0, 0, 1, 1, 0, 0, 1, 0, 1, 0], [1, 0, 1, 0, 0, 1, 1, 1, 0, 0, 1, 1, 0, 0, 0, 1, 1, 1, 0, 0, 1, 1, 0, 1, 1], [0, 1, 1, 1, 1, 1, 0, 0, 0, 1, 0, 1, 0, 1, 0, 0, 0, 0, 1, 1, 0, 0, 0, 1, 0], [0, 1, 0, 0, 0, 1, 1, 0, 0, 1, 1, 0, 0, 1, 1, 1, 1, 0, 1, 0, 1, 0, 1, 1, 0], [0, 1, 1, 1, 1, 0, 1, 0, 1, 0, 0, 0, 0, 0, 0, 1, 0, 1, 0, 0, 1, 0, 1, 1, 1], [0, 1, 1, 0, 0, 0, 0, 1, 0, 0, 1, 1, 0, 0, 0, 0, 0, 0, 1, 1, 1, 1, 0, 1, 1], [0, 1, 0, 1, 0, 1, 0, 1, 0, 0, 0, 1, 0, 0, 0, 1, 1, 1, 1, 1, 1, 0, 0, 1, 1], [0, 0, 0, 0, 0, 0, 0, 1, 0, 1, 0, 1, 1, 0, 1, 0, 1, 1, 1, 0, 0, 0, 0, 0, 1], [0, 1, 1, 1, 0, 1, 0, 1, 0, 1, 0, 1, 0, 0, 1, 1, 0, 1, 1, 0, 0, 0, 1, 1, 1], [1, 1, 0, 1, 1, 1, 0, 1, 1, 1, 0, 0, 1, 0, 1, 1, 1, 0, 0, 0, 1, 1, 0, 0, 0], [0, 0, 0, 1, 1, 1, 1, 1, 1, 0, 1, 1, 0, 1, 1, 1, 1, 0, 0, 1, 1, 1, 1, 1, 0], [0, 1, 1, 0, 0, 1, 1, 0, 0, 0, 1, 0, 0, 1, 1, 0, 0, 0, 1, 0, 0, 0, 0, 0, 0], [0, 0, 1, 0, 1, 1, 1, 1, 0, 1, 0, 1, 1, 1, 1, 0, 0, 1, 1, 0, 0, 1, 1, 0, 1], [1, 0, 1, 1, 0, 1, 0, 1, 1, 1, 0, 0, 0, 1, 0, 0, 0, 1, 1, 0, 1, 0, 1, 1, 0], [0, 1, 0, 1, 0, 1, 1, 1, 0, 0, 0, 1, 1, 0, 0, 0, 1, 0, 1, 0, 1, 1, 0, 0, 1], [0, 0, 1, 0, 1, 0, 0, 0, 1, 1, 1, 1, 1, 1, 1, 0, 1, 0, 1, 0, 0, 1, 0, 0, 1], [0, 0, 0, 1, 1, 1, 1, 1, 0, 1, 0, 0, 1, 1, 1, 1, 1, 0, 0, 0, 1, 0, 1, 1, 0]]",24.0,7.0,Y,"{0: 31, 1: 38, 2: 45, 3: 52, 4: 59, 5: 66, 6: 73, 7: 80, 8: 87, 9: 94, 10: 101, 11: 108, 12: 115, 13: 122, 14: 129, 15: 136, 16: 143, 17: 150, 18: 157, 19: 164, 20: 171, 21: 178, 22: 185, 23: 192, 24: 24}",Y,"{0: 31, 1: 38, 2: 45, 3: 52, 4: 59, 5: 66, 6: 73, 7: 80, 8: 87, 9: 94, 10: 101, 11: 108, 12: 115, 13: 122, 14: 129, 15: 136, 16: 143, 17: 150, 18: 157, 19: 164, 20: 171, 21: 178, 22: 185, 23: 192, 24: 24}","{(0, 3): 1, (0, 4): 1, (0, 5): 1, (0, 7): 1, (0, 9): 1, (0, 17): 25, (0, 21): 1, (1, 7): 1, (1, 10): 1, (1, 11): 1, (1, 12): 1, (1, 13): 1, (1, 14): 1, (1, 16): 21, (1, 17): 1, (1, 19): 1, (1, 22): 9, (2, 4): 1, (2, 7): 1, (2, 8): 1, (2, 9): 1, (2, 10): 1, (2, 12): 1, (2, 13): 1, (2, 16): 1, (2, 19): 1, (2, 20): 1, (2, 21): 1, (2, 23): 34, (3, 4): 1, (3, 5): 1, (3, 6): 1, (3, 7): 1, (3, 10): 1, (3, 12): 1, (3, 14): 7, (3, 16): 1, (3, 17): 33, (3, 18): 1, (3, 21): 1, (3, 22): 1, (3, 24): 1, (4, 6): 1, (4, 8): 1, (4, 10): 1, (4, 12): 1, (4, 17): 1, (4, 18): 1, (4, 20): 1, (4, 23): 48, (4, 24): 1, (5, 7): 1, (5, 9): 1, (5, 10): 1, (5, 11): 21, (5, 14): 1, (5, 16): 1, (5, 17): 1, (5, 18): 1, (5, 19): 1, (5, 20): 32, (5, 21): 1, (5, 22): 1, (5, 24): 1, (6, 9): 1, (6, 11): 1, (6, 12): 64, (6, 18): 1, (6, 19): 1, (6, 20): 1, (6, 22): 1, (6, 24): 1, (7, 9): 1, (7, 13): 1, (7, 14): 1, (7, 15): 1, (7, 16): 1, (7, 17): 1, (7, 18): 65, (7, 20): 1, (7, 21): 1, (7, 22): 1, (7, 24): 1, (8, 12): 1, (8, 17): 81, (8, 18): 1, (8, 21): 1, (8, 23): 1, (9, 10): 1, (9, 11): 1, (9, 15): 1, (9, 16): 1, (9, 17): 1, (9, 20): 81, (9, 21): 1, (9, 23): 1, (9, 24): 1, (10, 11): 1, (10, 13): 1, (10, 18): 1, (10, 19): 91, (10, 23): 1, (11, 13): 1, (11, 14): 12, (11, 15): 1, (11, 16): 1, (11, 18): 65, (11, 20): 1, (11, 22): 1, (11, 23): 1, (12, 15): 41, (12, 17): 1, (12, 20): 1, (12, 22): 1, (12, 23): 1, (12, 24): 1, (13, 18): 1, (13, 19): 67, (13, 20): 46, (13, 21): 1, (13, 23): 1, (13, 24): 1, (14, 15): 88, (14, 16): 1, (14, 17): 1, (14, 18): 13, (14, 19): 1, (14, 20): 1, (14, 23): 1, (14, 24): 1, (15, 16): 1, (15, 17): 1, (15, 18): 1, (15, 24): 1, (16, 17): 1, (16, 18): 1, (16, 22): 1, (16, 23): 100, (16, 24): 11, (17, 20): 1, (17, 21): 1, (18, 19): 1, (18, 20): 1, (18, 21): 1, (18, 22): 1, (18, 23): 1, (20, 21): 1, (20, 22): 1, (20, 24): 1, (21, 22): 166, (21, 23): 1, (22, 24): 1, (23, 24): 1}",1207.113265991211,153.0,25.0,306.0
36.0,Graph with 25 nodes and 145 edges,"[[0, 0, 1, 1, 1, 0, 0, 1, 1, 1, 1, 0, 1, 1, 1, 0, 1, 0, 0, 0, 0, 0, 1, 0, 0], [0, 0, 0, 1, 1, 1, 0, 0, 0, 1, 0, 1, 1, 1, 0, 1, 0, 1, 1, 1, 0, 0, 0, 0, 0], [1, 0, 0, 0, 1, 0, 1, 1, 0, 0, 0, 0, 0, 0, 0, 0, 1, 1, 1, 0, 0, 0, 1, 1, 1], [1, 1, 0, 0, 1, 1, 1, 1, 0, 0, 0, 0, 0, 1, 0, 1, 0, 1, 0, 1, 0, 0, 0, 0, 1], [1, 1, 1, 1, 0, 1, 0, 0, 1, 0, 0, 1, 1, 1, 1, 1, 1, 0, 0, 0, 1, 0, 0, 0, 1], [0, 1, 0, 1, 1, 0, 1, 1, 0, 0, 0, 1, 1, 1, 1, 0, 0, 0, 0, 0, 1, 0, 0, 1, 0], [0, 0, 1, 1, 0, 1, 0, 0, 1, 0, 0, 1, 0, 0, 1, 1, 1, 0, 0, 1, 1, 0, 1, 1, 1], [1, 0, 1, 1, 0, 1, 0, 0, 1, 0, 0, 1, 0, 0, 0, 0, 0, 1, 0, 1, 0, 0, 1, 1, 0], [1, 0, 0, 0, 1, 0, 1, 1, 0, 1, 1, 0, 1, 0, 0, 0, 1, 1, 1, 0, 0, 0, 1, 1, 0], [1, 1, 0, 0, 0, 0, 0, 0, 1, 0, 0, 1, 1, 0, 1, 0, 1, 0, 1, 1, 0, 0, 1, 0, 1], [1, 0, 0, 0, 0, 0, 0, 0, 1, 0, 0, 0, 0, 0, 1, 0, 1, 0, 1, 1, 1, 1, 1, 1, 1], [0, 1, 0, 0, 1, 1, 1, 1, 0, 1, 0, 0, 1, 1, 1, 0, 0, 0, 1, 1, 0, 1, 1, 0, 0], [1, 1, 0, 0, 1, 1, 0, 0, 1, 1, 0, 1, 0, 0, 0, 0, 1, 0, 1, 0, 0, 1, 1, 0, 1], [1, 1, 0, 1, 1, 1, 0, 0, 0, 0, 0, 1, 0, 0, 0, 1, 0, 1, 0, 0, 0, 0, 0, 1, 1], [1, 0, 0, 0, 1, 1, 1, 0, 0, 1, 1, 1, 0, 0, 0, 0, 1, 0, 1, 1, 0, 0, 1, 0, 1], [0, 1, 0, 1, 1, 0, 1, 0, 0, 0, 0, 0, 0, 1, 0, 0, 0, 0, 0, 1, 1, 1, 0, 1, 1], [1, 0, 1, 0, 1, 0, 1, 0, 1, 1, 1, 0, 1, 0, 1, 0, 0, 1, 1, 0, 0, 1, 0, 1, 1], [0, 1, 1, 1, 0, 0, 0, 1, 1, 0, 0, 0, 0, 1, 0, 0, 1, 0, 0, 0, 1, 0, 0, 1, 1], [0, 1, 1, 0, 0, 0, 0, 0, 1, 1, 1, 1, 1, 0, 1, 0, 1, 0, 0, 0, 0, 1, 1, 1, 1], [0, 1, 0, 1, 0, 0, 1, 1, 0, 1, 1, 1, 0, 0, 1, 1, 0, 0, 0, 0, 0, 1, 0, 1, 1], [0, 0, 0, 0, 1, 1, 1, 0, 0, 0, 1, 0, 0, 0, 0, 1, 0, 1, 0, 0, 0, 1, 0, 0, 1], [0, 0, 0, 0, 0, 0, 0, 0, 0, 0, 1, 1, 1, 0, 0, 1, 1, 0, 1, 1, 1, 0, 1, 0, 0], [1, 0, 1, 0, 0, 0, 1, 1, 1, 1, 1, 1, 1, 0, 1, 0, 0, 0, 1, 0, 0, 1, 0, 1, 0], [0, 0, 1, 0, 0, 1, 1, 1, 1, 0, 1, 0, 0, 1, 0, 1, 1, 1, 1, 1, 0, 0, 1, 0, 0], [0, 0, 1, 1, 1, 0, 1, 0, 0, 1, 1, 0, 1, 1, 1, 1, 1, 1, 1, 1, 1, 0, 0, 0, 0]]",10.0,6.0,Y,"{0: 22, 1: 28, 2: 16, 3: 34, 4: 40, 5: 46, 6: 52, 7: 58, 8: 64, 9: 70, 10: 76, 11: 82, 12: 88, 13: 94, 14: 100, 15: 106, 16: 112, 17: 118, 18: 124, 19: 130, 20: 136, 21: 10, 22: 142, 23: 148, 24: 154}",Y,"{0: 22, 1: 28, 2: 16, 3: 34, 4: 40, 5: 46, 6: 52, 7: 58, 8: 64, 9: 70, 10: 76, 11: 82, 12: 88, 13: 94, 14: 100, 15: 106, 16: 112, 17: 118, 18: 124, 19: 130, 20: 136, 21: 10, 22: 142, 23: 148, 24: 154}","{(0, 2): 1, (0, 3): 1, (0, 4): 1, (0, 7): 1, (0, 8): 1, (0, 9): 1, (0, 10): 1, (0, 12): 1, (0, 13): 1, (0, 14): 1, (0, 16): 1, (0, 22): 11, (1, 3): 1, (1, 4): 1, (1, 5): 1, (1, 9): 1, (1, 11): 1, (1, 12): 1, (1, 13): 1, (1, 15): 1, (1, 17): 18, (1, 18): 1, (1, 19): 1, (2, 4): 1, (2, 6): 1, (2, 7): 1, (2, 16): 1, (2, 17): 7, (2, 18): 1, (2, 22): 1, (2, 23): 1, (2, 24): 1, (3, 4): 1, (3, 5): 1, (3, 6): 1, (3, 7): 1, (3, 13): 24, (3, 15): 1, (3, 17): 1, (3, 19): 1, (3, 24): 1, (4, 5): 1, (4, 8): 1, (4, 11): 1, (4, 12): 1, (4, 13): 1, (4, 14): 1, (4, 15): 1, (4, 16): 1, (4, 20): 27, (4, 24): 1, (5, 6): 1, (5, 7): 1, (5, 11): 1, (5, 12): 1, (5, 13): 1, (5, 14): 1, (5, 20): 36, (5, 23): 1, (6, 8): 1, (6, 11): 1, (6, 14): 1, (6, 15): 1, (6, 16): 1, (6, 19): 1, (6, 20): 1, (6, 22): 40, (6, 23): 1, (6, 24): 1, (7, 8): 1, (7, 11): 18, (7, 17): 21, (7, 19): 1, (7, 22): 12, (7, 23): 1, (8, 9): 1, (8, 10): 1, (8, 12): 53, (8, 16): 1, (8, 17): 1, (8, 18): 1, (8, 22): 1, (8, 23): 1, (9, 11): 1, (9, 12): 1, (9, 14): 60, (9, 16): 1, (9, 18): 1, (9, 19): 1, (9, 22): 1, (9, 24): 1, (10, 14): 1, (10, 16): 1, (10, 18): 1, (10, 19): 1, (10, 20): 63, (10, 21): 1, (10, 22): 1, (10, 23): 1, (10, 24): 4, (11, 12): 1, (11, 13): 1, (11, 14): 1, (11, 18): 1, (11, 19): 1, (11, 21): 1, (11, 22): 53, (12, 16): 1, (12, 18): 1, (12, 21): 1, (12, 22): 1, (12, 24): 25, (13, 15): 1, (13, 17): 62, (13, 23): 1, (13, 24): 1, (14, 16): 1, (14, 18): 30, (14, 19): 1, (14, 22): 1, (14, 24): 1, (15, 19): 1, (15, 20): 1, (15, 21): 1, (15, 23): 1, (15, 24): 97, (16, 17): 1, (16, 18): 83, (16, 21): 1, (16, 23): 1, (16, 24): 17, (17, 20): 5, (17, 23): 1, (17, 24): 1, (18, 21): 1, (18, 22): 1, (18, 23): 1, (18, 24): 1, (19, 21): 1, (19, 23): 119, (19, 24): 1, (20, 21): 2, (20, 24): 1, (21, 22): 1, (22, 23): 18}",1508.951187133789,145.0,25.0,290.0
36.0,Graph with 25 nodes and 145 edges,"[[0, 0, 1, 1, 1, 0, 0, 1, 1, 1, 1, 0, 1, 1, 1, 0, 1, 0, 0, 0, 0, 0, 1, 0, 0], [0, 0, 0, 1, 1, 1, 0, 0, 0, 1, 0, 1, 1, 1, 0, 1, 0, 1, 1, 1, 0, 0, 0, 0, 0], [1, 0, 0, 0, 1, 0, 1, 1, 0, 0, 0, 0, 0, 0, 0, 0, 1, 1, 1, 0, 0, 0, 1, 1, 1], [1, 1, 0, 0, 1, 1, 1, 1, 0, 0, 0, 0, 0, 1, 0, 1, 0, 1, 0, 1, 0, 0, 0, 0, 1], [1, 1, 1, 1, 0, 1, 0, 0, 1, 0, 0, 1, 1, 1, 1, 1, 1, 0, 0, 0, 1, 0, 0, 0, 1], [0, 1, 0, 1, 1, 0, 1, 1, 0, 0, 0, 1, 1, 1, 1, 0, 0, 0, 0, 0, 1, 0, 0, 1, 0], [0, 0, 1, 1, 0, 1, 0, 0, 1, 0, 0, 1, 0, 0, 1, 1, 1, 0, 0, 1, 1, 0, 1, 1, 1], [1, 0, 1, 1, 0, 1, 0, 0, 1, 0, 0, 1, 0, 0, 0, 0, 0, 1, 0, 1, 0, 0, 1, 1, 0], [1, 0, 0, 0, 1, 0, 1, 1, 0, 1, 1, 0, 1, 0, 0, 0, 1, 1, 1, 0, 0, 0, 1, 1, 0], [1, 1, 0, 0, 0, 0, 0, 0, 1, 0, 0, 1, 1, 0, 1, 0, 1, 0, 1, 1, 0, 0, 1, 0, 1], [1, 0, 0, 0, 0, 0, 0, 0, 1, 0, 0, 0, 0, 0, 1, 0, 1, 0, 1, 1, 1, 1, 1, 1, 1], [0, 1, 0, 0, 1, 1, 1, 1, 0, 1, 0, 0, 1, 1, 1, 0, 0, 0, 1, 1, 0, 1, 1, 0, 0], [1, 1, 0, 0, 1, 1, 0, 0, 1, 1, 0, 1, 0, 0, 0, 0, 1, 0, 1, 0, 0, 1, 1, 0, 1], [1, 1, 0, 1, 1, 1, 0, 0, 0, 0, 0, 1, 0, 0, 0, 1, 0, 1, 0, 0, 0, 0, 0, 1, 1], [1, 0, 0, 0, 1, 1, 1, 0, 0, 1, 1, 1, 0, 0, 0, 0, 1, 0, 1, 1, 0, 0, 1, 0, 1], [0, 1, 0, 1, 1, 0, 1, 0, 0, 0, 0, 0, 0, 1, 0, 0, 0, 0, 0, 1, 1, 1, 0, 1, 1], [1, 0, 1, 0, 1, 0, 1, 0, 1, 1, 1, 0, 1, 0, 1, 0, 0, 1, 1, 0, 0, 1, 0, 1, 1], [0, 1, 1, 1, 0, 0, 0, 1, 1, 0, 0, 0, 0, 1, 0, 0, 1, 0, 0, 0, 1, 0, 0, 1, 1], [0, 1, 1, 0, 0, 0, 0, 0, 1, 1, 1, 1, 1, 0, 1, 0, 1, 0, 0, 0, 0, 1, 1, 1, 1], [0, 1, 0, 1, 0, 0, 1, 1, 0, 1, 1, 1, 0, 0, 1, 1, 0, 0, 0, 0, 0, 1, 0, 1, 1], [0, 0, 0, 0, 1, 1, 1, 0, 0, 0, 1, 0, 0, 0, 0, 1, 0, 1, 0, 0, 0, 1, 0, 0, 1], [0, 0, 0, 0, 0, 0, 0, 0, 0, 0, 1, 1, 1, 0, 0, 1, 1, 0, 1, 1, 1, 0, 1, 0, 0], [1, 0, 1, 0, 0, 0, 1, 1, 1, 1, 1, 1, 1, 0, 1, 0, 0, 0, 1, 0, 0, 1, 0, 1, 0], [0, 0, 1, 0, 0, 1, 1, 1, 1, 0, 1, 0, 0, 1, 0, 1, 1, 1, 1, 1, 0, 0, 1, 0, 0], [0, 0, 1, 1, 1, 0, 1, 0, 0, 1, 1, 0, 1, 1, 1, 1, 1, 1, 1, 1, 1, 0, 0, 0, 0]]",16.0,4.0,Y,"{0: 20, 1: 24, 2: 28, 3: 32, 4: 36, 5: 40, 6: 44, 7: 48, 8: 52, 9: 56, 10: 60, 11: 64, 12: 68, 13: 72, 14: 76, 15: 80, 16: 84, 17: 88, 18: 92, 19: 96, 20: 100, 21: 104, 22: 108, 23: 112, 24: 16}",Y,"{0: 20, 1: 24, 2: 28, 3: 32, 4: 36, 5: 40, 6: 44, 7: 48, 8: 52, 9: 56, 10: 60, 11: 64, 12: 68, 13: 72, 14: 76, 15: 80, 16: 84, 17: 88, 18: 92, 19: 96, 20: 100, 21: 104, 22: 108, 23: 112, 24: 16}","{(0, 2): 3, (0, 3): 1, (0, 4): 1, (0, 7): 1, (0, 8): 1, (0, 9): 1, (0, 10): 1, (0, 12): 1, (0, 13): 7, (0, 14): 1, (0, 16): 1, (0, 22): 1, (1, 3): 1, (1, 4): 1, (1, 5): 1, (1, 9): 3, (1, 11): 1, (1, 12): 1, (1, 13): 1, (1, 15): 5, (1, 17): 1, (1, 18): 1, (1, 19): 8, (2, 4): 3, (2, 6): 1, (2, 7): 1, (2, 16): 2, (2, 17): 4, (2, 18): 1, (2, 22): 1, (2, 23): 11, (2, 24): 1, (3, 4): 1, (3, 5): 1, (3, 6): 1, (3, 7): 1, (3, 13): 8, (3, 15): 9, (3, 17): 5, (3, 19): 3, (3, 24): 1, (4, 5): 1, (4, 8): 1, (4, 11): 3, (4, 12): 13, (4, 13): 1, (4, 14): 7, (4, 15): 1, (4, 16): 1, (4, 20): 1, (4, 24): 1, (5, 6): 1, (5, 7): 1, (5, 11): 4, (5, 12): 1, (5, 13): 5, (5, 14): 11, (5, 20): 7, (5, 23): 7, (6, 8): 1, (6, 11): 1, (6, 14): 1, (6, 15): 3, (6, 16): 1, (6, 19): 7, (6, 20): 12, (6, 22): 13, (6, 23): 1, (6, 24): 1, (7, 8): 20, (7, 11): 1, (7, 17): 9, (7, 19): 12, (7, 22): 1, (7, 23): 1, (8, 9): 11, (8, 10): 2, (8, 12): 3, (8, 16): 1, (8, 17): 6, (8, 18): 1, (8, 22): 2, (8, 23): 3, (9, 11): 1, (9, 12): 8, (9, 14): 24, (9, 16): 2, (9, 18): 1, (9, 19): 1, (9, 22): 3, (9, 24): 1, (10, 14): 1, (10, 16): 1, (10, 18): 1, (10, 19): 1, (10, 20): 14, (10, 21): 36, (10, 22): 1, (10, 23): 1, (10, 24): 1, (11, 12): 30, (11, 13): 11, (11, 14): 2, (11, 18): 5, (11, 19): 3, (11, 21): 1, (11, 22): 1, (12, 16): 7, (12, 18): 1, (12, 21): 1, (12, 22): 1, (12, 24): 1, (13, 15): 1, (13, 17): 36, (13, 23): 1, (13, 24): 1, (14, 16): 18, (14, 18): 1, (14, 19): 4, (14, 22): 5, (14, 24): 1, (15, 19): 36, (15, 20): 17, (15, 21): 6, (15, 23): 1, (15, 24): 1, (16, 17): 1, (16, 18): 1, (16, 21): 1, (16, 23): 46, (16, 24): 1, (17, 20): 1, (17, 23): 24, (17, 24): 1, (18, 21): 1, (18, 22): 74, (18, 23): 3, (18, 24): 1, (19, 21): 8, (19, 23): 12, (19, 24): 1, (20, 21): 46, (20, 24): 2, (21, 22): 4, (22, 23): 1}",117.06352233886719,145.0,25.0,290.0
36.0,Graph with 25 nodes and 145 edges,"[[0, 0, 1, 1, 1, 0, 0, 1, 1, 1, 1, 0, 1, 1, 1, 0, 1, 0, 0, 0, 0, 0, 1, 0, 0], [0, 0, 0, 1, 1, 1, 0, 0, 0, 1, 0, 1, 1, 1, 0, 1, 0, 1, 1, 1, 0, 0, 0, 0, 0], [1, 0, 0, 0, 1, 0, 1, 1, 0, 0, 0, 0, 0, 0, 0, 0, 1, 1, 1, 0, 0, 0, 1, 1, 1], [1, 1, 0, 0, 1, 1, 1, 1, 0, 0, 0, 0, 0, 1, 0, 1, 0, 1, 0, 1, 0, 0, 0, 0, 1], [1, 1, 1, 1, 0, 1, 0, 0, 1, 0, 0, 1, 1, 1, 1, 1, 1, 0, 0, 0, 1, 0, 0, 0, 1], [0, 1, 0, 1, 1, 0, 1, 1, 0, 0, 0, 1, 1, 1, 1, 0, 0, 0, 0, 0, 1, 0, 0, 1, 0], [0, 0, 1, 1, 0, 1, 0, 0, 1, 0, 0, 1, 0, 0, 1, 1, 1, 0, 0, 1, 1, 0, 1, 1, 1], [1, 0, 1, 1, 0, 1, 0, 0, 1, 0, 0, 1, 0, 0, 0, 0, 0, 1, 0, 1, 0, 0, 1, 1, 0], [1, 0, 0, 0, 1, 0, 1, 1, 0, 1, 1, 0, 1, 0, 0, 0, 1, 1, 1, 0, 0, 0, 1, 1, 0], [1, 1, 0, 0, 0, 0, 0, 0, 1, 0, 0, 1, 1, 0, 1, 0, 1, 0, 1, 1, 0, 0, 1, 0, 1], [1, 0, 0, 0, 0, 0, 0, 0, 1, 0, 0, 0, 0, 0, 1, 0, 1, 0, 1, 1, 1, 1, 1, 1, 1], [0, 1, 0, 0, 1, 1, 1, 1, 0, 1, 0, 0, 1, 1, 1, 0, 0, 0, 1, 1, 0, 1, 1, 0, 0], [1, 1, 0, 0, 1, 1, 0, 0, 1, 1, 0, 1, 0, 0, 0, 0, 1, 0, 1, 0, 0, 1, 1, 0, 1], [1, 1, 0, 1, 1, 1, 0, 0, 0, 0, 0, 1, 0, 0, 0, 1, 0, 1, 0, 0, 0, 0, 0, 1, 1], [1, 0, 0, 0, 1, 1, 1, 0, 0, 1, 1, 1, 0, 0, 0, 0, 1, 0, 1, 1, 0, 0, 1, 0, 1], [0, 1, 0, 1, 1, 0, 1, 0, 0, 0, 0, 0, 0, 1, 0, 0, 0, 0, 0, 1, 1, 1, 0, 1, 1], [1, 0, 1, 0, 1, 0, 1, 0, 1, 1, 1, 0, 1, 0, 1, 0, 0, 1, 1, 0, 0, 1, 0, 1, 1], [0, 1, 1, 1, 0, 0, 0, 1, 1, 0, 0, 0, 0, 1, 0, 0, 1, 0, 0, 0, 1, 0, 0, 1, 1], [0, 1, 1, 0, 0, 0, 0, 0, 1, 1, 1, 1, 1, 0, 1, 0, 1, 0, 0, 0, 0, 1, 1, 1, 1], [0, 1, 0, 1, 0, 0, 1, 1, 0, 1, 1, 1, 0, 0, 1, 1, 0, 0, 0, 0, 0, 1, 0, 1, 1], [0, 0, 0, 0, 1, 1, 1, 0, 0, 0, 1, 0, 0, 0, 0, 1, 0, 1, 0, 0, 0, 1, 0, 0, 1], [0, 0, 0, 0, 0, 0, 0, 0, 0, 0, 1, 1, 1, 0, 0, 1, 1, 0, 1, 1, 1, 0, 1, 0, 0], [1, 0, 1, 0, 0, 0, 1, 1, 1, 1, 1, 1, 1, 0, 1, 0, 0, 0, 1, 0, 0, 1, 0, 1, 0], [0, 0, 1, 0, 0, 1, 1, 1, 1, 0, 1, 0, 0, 1, 0, 1, 1, 1, 1, 1, 0, 0, 1, 0, 0], [0, 0, 1, 1, 1, 0, 1, 0, 0, 1, 1, 0, 1, 1, 1, 1, 1, 1, 1, 1, 1, 0, 0, 0, 0]]",26.0,1.0,Y,"{0: 27, 1: 28, 2: 29, 3: 30, 4: 31, 5: 32, 6: 33, 7: 34, 8: 35, 9: 36, 10: 37, 11: 38, 12: 39, 13: 40, 14: 41, 15: 42, 16: 43, 17: 44, 18: 45, 19: 46, 20: 47, 21: 48, 22: 49, 23: 50, 24: 26}",Y,"{0: 27, 1: 28, 2: 29, 3: 30, 4: 31, 5: 32, 6: 33, 7: 34, 8: 35, 9: 36, 10: 37, 11: 38, 12: 39, 13: 40, 14: 41, 15: 42, 16: 43, 17: 44, 18: 45, 19: 46, 20: 47, 21: 48, 22: 49, 23: 50, 24: 26}","{(0, 2): 1, (0, 3): 9, (0, 4): 6, (0, 7): 1, (0, 8): 1, (0, 9): 1, (0, 10): 1, (0, 12): 1, (0, 13): 1, (0, 14): 1, (0, 16): 3, (0, 22): 1, (1, 3): 1, (1, 4): 1, (1, 5): 10, (1, 9): 1, (1, 11): 1, (1, 12): 1, (1, 13): 1, (1, 15): 1, (1, 17): 1, (1, 18): 1, (1, 19): 9, (2, 4): 1, (2, 6): 1, (2, 7): 1, (2, 16): 1, (2, 17): 12, (2, 18): 1, (2, 22): 1, (2, 23): 9, (2, 24): 1, (3, 4): 5, (3, 5): 1, (3, 6): 1, (3, 7): 1, (3, 13): 8, (3, 15): 1, (3, 17): 1, (3, 19): 1, (3, 24): 1, (4, 5): 9, (4, 8): 1, (4, 11): 1, (4, 12): 1, (4, 13): 1, (4, 14): 1, (4, 15): 1, (4, 16): 1, (4, 20): 1, (4, 24): 1, (5, 6): 1, (5, 7): 1, (5, 11): 1, (5, 12): 1, (5, 13): 1, (5, 14): 1, (5, 20): 1, (5, 23): 5, (6, 8): 1, (6, 11): 1, (6, 14): 3, (6, 15): 1, (6, 16): 1, (6, 19): 1, (6, 20): 16, (6, 22): 4, (6, 23): 1, (6, 24): 1, (7, 8): 1, (7, 11): 13, (7, 17): 1, (7, 19): 1, (7, 22): 13, (7, 23): 1, (8, 9): 1, (8, 10): 1, (8, 12): 17, (8, 16): 1, (8, 17): 1, (8, 18): 8, (8, 22): 1, (8, 23): 1, (9, 11): 1, (9, 12): 1, (9, 14): 1, (9, 16): 1, (9, 18): 26, (9, 19): 1, (9, 22): 1, (9, 24): 1, (10, 14): 1, (10, 16): 27, (10, 18): 1, (10, 19): 1, (10, 20): 1, (10, 21): 1, (10, 22): 1, (10, 23): 1, (10, 24): 1, (11, 12): 7, (11, 13): 1, (11, 14): 1, (11, 18): 1, (11, 19): 1, (11, 21): 1, (11, 22): 8, (12, 16): 1, (12, 18): 1, (12, 21): 6, (12, 22): 1, (12, 24): 1, (13, 15): 12, (13, 17): 13, (13, 23): 1, (13, 24): 1, (14, 16): 2, (14, 18): 1, (14, 19): 27, (14, 22): 1, (14, 24): 1, (15, 19): 1, (15, 20): 1, (15, 21): 1, (15, 23): 22, (15, 24): 1, (16, 17): 1, (16, 18): 1, (16, 21): 1, (16, 23): 1, (16, 24): 1, (17, 20): 1, (17, 23): 5, (17, 24): 8, (18, 21): 1, (18, 22): 1, (18, 23): 1, (18, 24): 1, (19, 21): 1, (19, 23): 1, (19, 24): 1, (20, 21): 21, (20, 24): 5, (21, 22): 15, (22, 23): 1}",62.9425048828125,145.0,25.0,290.0
37.0,Graph with 25 nodes and 161 edges,"[[0, 0, 1, 1, 1, 1, 0, 1, 1, 1, 0, 0, 0, 0, 1, 0, 1, 0, 1, 0, 0, 1, 0, 0, 0], [0, 0, 1, 0, 1, 1, 1, 1, 1, 1, 1, 1, 0, 0, 1, 1, 0, 0, 1, 1, 0, 1, 0, 1, 0], [1, 1, 0, 1, 0, 1, 1, 1, 1, 1, 0, 0, 0, 1, 1, 0, 1, 0, 1, 1, 1, 1, 1, 0, 1], [1, 0, 1, 0, 1, 1, 0, 0, 0, 1, 0, 0, 1, 0, 0, 0, 1, 1, 1, 0, 1, 1, 0, 0, 0], [1, 1, 0, 1, 0, 0, 0, 1, 1, 1, 1, 0, 1, 1, 0, 0, 0, 1, 1, 1, 1, 1, 1, 0, 1], [1, 1, 1, 1, 0, 0, 0, 1, 1, 0, 0, 0, 0, 0, 1, 0, 0, 0, 1, 1, 0, 0, 1, 0, 1], [0, 1, 1, 0, 0, 0, 0, 0, 0, 0, 1, 0, 0, 1, 0, 1, 1, 1, 0, 1, 1, 0, 1, 1, 1], [1, 1, 1, 0, 1, 1, 0, 0, 0, 0, 1, 1, 0, 1, 0, 0, 0, 0, 1, 1, 1, 1, 0, 0, 1], [1, 1, 1, 0, 1, 1, 0, 0, 0, 1, 0, 0, 1, 0, 0, 1, 1, 0, 1, 0, 1, 1, 1, 1, 0], [1, 1, 1, 1, 1, 0, 0, 0, 1, 0, 1, 0, 0, 1, 0, 1, 0, 1, 1, 0, 0, 0, 0, 0, 1], [0, 1, 0, 0, 1, 0, 1, 1, 0, 1, 0, 0, 0, 1, 0, 1, 0, 1, 0, 1, 0, 0, 1, 1, 1], [0, 1, 0, 0, 0, 0, 0, 1, 0, 0, 0, 0, 1, 1, 1, 1, 1, 0, 0, 0, 1, 1, 0, 0, 1], [0, 0, 0, 1, 1, 0, 0, 0, 1, 0, 0, 1, 0, 1, 1, 0, 0, 1, 0, 0, 0, 1, 0, 1, 1], [0, 0, 1, 0, 1, 0, 1, 1, 0, 1, 1, 1, 1, 0, 1, 1, 1, 0, 0, 0, 1, 0, 1, 0, 0], [1, 1, 1, 0, 0, 1, 0, 0, 0, 0, 0, 1, 1, 1, 0, 0, 1, 0, 1, 0, 0, 1, 0, 0, 0], [0, 1, 0, 0, 0, 0, 1, 0, 1, 1, 1, 1, 0, 1, 0, 0, 0, 1, 1, 1, 1, 1, 0, 1, 1], [1, 0, 1, 1, 0, 0, 1, 0, 1, 0, 0, 1, 0, 1, 1, 0, 0, 1, 1, 0, 1, 1, 0, 1, 0], [0, 0, 0, 1, 1, 0, 1, 0, 0, 1, 1, 0, 1, 0, 0, 1, 1, 0, 0, 0, 0, 1, 1, 0, 0], [1, 1, 1, 1, 1, 1, 0, 1, 1, 1, 0, 0, 0, 0, 1, 1, 1, 0, 0, 1, 0, 1, 1, 0, 0], [0, 1, 1, 0, 1, 1, 1, 1, 0, 0, 1, 0, 0, 0, 0, 1, 0, 0, 1, 0, 1, 1, 0, 1, 1], [0, 0, 1, 1, 1, 0, 1, 1, 1, 0, 0, 1, 0, 1, 0, 1, 1, 0, 0, 1, 0, 1, 1, 1, 1], [1, 1, 1, 1, 1, 0, 0, 1, 1, 0, 0, 1, 1, 0, 1, 1, 1, 1, 1, 1, 1, 0, 1, 1, 1], [0, 0, 1, 0, 1, 1, 1, 0, 1, 0, 1, 0, 0, 1, 0, 0, 0, 1, 1, 0, 1, 1, 0, 0, 1], [0, 1, 0, 0, 0, 0, 1, 0, 1, 0, 1, 0, 1, 0, 0, 1, 1, 0, 0, 1, 1, 1, 0, 0, 0], [0, 0, 1, 0, 1, 1, 1, 1, 0, 1, 1, 1, 1, 0, 0, 1, 0, 0, 0, 1, 1, 1, 1, 0, 0]]",16.0,6.0,Y,"{0: 22, 1: 28, 2: 34, 3: 40, 4: 46, 5: 52, 6: 58, 7: 64, 8: 70, 9: 76, 10: 82, 11: 88, 12: 94, 13: 100, 14: 106, 15: 112, 16: 118, 17: 124, 18: 130, 19: 136, 20: 142, 21: 148, 22: 154, 23: 160, 24: 16}",Y,"{0: 22, 1: 28, 2: 34, 3: 40, 4: 46, 5: 52, 6: 58, 7: 64, 8: 70, 9: 76, 10: 82, 11: 88, 12: 94, 13: 100, 14: 106, 15: 112, 16: 118, 17: 124, 18: 130, 19: 136, 20: 142, 21: 148, 22: 154, 23: 160, 24: 16}","{(0, 2): 1, (0, 3): 1, (0, 4): 1, (0, 5): 1, (0, 7): 1, (0, 8): 1, (0, 9): 1, (0, 14): 12, (0, 16): 1, (0, 18): 1, (0, 21): 1, (1, 2): 1, (1, 4): 1, (1, 5): 1, (1, 6): 1, (1, 7): 1, (1, 8): 1, (1, 9): 1, (1, 10): 1, (1, 11): 1, (1, 14): 1, (1, 15): 1, (1, 18): 1, (1, 19): 1, (1, 21): 1, (1, 23): 14, (2, 3): 1, (2, 5): 1, (2, 6): 1, (2, 7): 1, (2, 8): 1, (2, 9): 1, (2, 13): 1, (2, 14): 1, (2, 16): 1, (2, 18): 1, (2, 19): 18, (2, 20): 1, (2, 21): 1, (2, 22): 1, (2, 24): 1, (3, 4): 1, (3, 5): 1, (3, 9): 1, (3, 12): 1, (3, 16): 1, (3, 17): 30, (3, 18): 1, (3, 20): 1, (3, 21): 1, (4, 7): 1, (4, 8): 1, (4, 9): 1, (4, 10): 1, (4, 12): 1, (4, 13): 1, (4, 17): 1, (4, 18): 1, (4, 19): 3, (4, 20): 1, (4, 21): 29, (4, 22): 1, (4, 24): 1, (5, 7): 1, (5, 8): 1, (5, 14): 1, (5, 18): 1, (5, 19): 1, (5, 22): 42, (5, 24): 1, (6, 10): 1, (6, 13): 1, (6, 15): 1, (6, 16): 1, (6, 17): 1, (6, 19): 1, (6, 20): 1, (6, 22): 1, (6, 23): 47, (6, 24): 1, (7, 10): 7, (7, 11): 12, (7, 13): 34, (7, 18): 1, (7, 19): 2, (7, 20): 1, (7, 21): 1, (7, 24): 1, (8, 9): 1, (8, 12): 1, (8, 15): 1, (8, 16): 1, (8, 18): 1, (8, 20): 1, (8, 21): 1, (8, 22): 50, (8, 23): 8, (9, 10): 65, (9, 13): 1, (9, 15): 1, (9, 17): 1, (9, 18): 1, (9, 24): 1, (10, 13): 1, (10, 15): 1, (10, 17): 1, (10, 19): 1, (10, 22): 1, (10, 23): 1, (10, 24): 1, (11, 12): 1, (11, 13): 55, (11, 14): 1, (11, 15): 14, (11, 16): 1, (11, 20): 1, (11, 21): 1, (11, 24): 1, (12, 13): 1, (12, 14): 1, (12, 17): 1, (12, 21): 1, (12, 23): 85, (12, 24): 1, (13, 14): 1, (13, 15): 1, (13, 16): 1, (13, 20): 1, (13, 22): 1, (14, 16): 1, (14, 18): 86, (14, 21): 1, (15, 17): 86, (15, 18): 1, (15, 19): 1, (15, 20): 1, (15, 21): 1, (15, 23): 1, (15, 24): 1, (16, 17): 1, (16, 18): 1, (16, 20): 106, (16, 21): 1, (16, 23): 1, (17, 21): 1, (17, 22): 1, (18, 19): 1, (18, 21): 1, (18, 22): 31, (19, 20): 1, (19, 21): 102, (19, 23): 1, (19, 24): 3, (20, 21): 1, (20, 22): 23, (20, 23): 1, (20, 24): 1, (21, 22): 1, (21, 23): 1, (21, 24): 1, (22, 24): 1}",1682.0430755615234,161.0,25.0,322.0
41.0,Graph with 25 nodes and 156 edges,"[[0, 0, 1, 1, 0, 1, 1, 1, 0, 0, 1, 1, 1, 0, 1, 1, 0, 0, 1, 0, 1, 0, 1, 0, 1], [0, 0, 1, 0, 1, 1, 0, 0, 1, 1, 1, 0, 0, 0, 0, 1, 0, 1, 1, 1, 1, 1, 1, 1, 1], [1, 1, 0, 1, 0, 1, 0, 0, 0, 0, 0, 0, 0, 0, 0, 1, 1, 1, 1, 0, 0, 1, 0, 1, 1], [1, 0, 1, 0, 0, 1, 0, 1, 1, 0, 1, 1, 0, 1, 0, 1, 1, 1, 0, 0, 1, 1, 0, 1, 1], [0, 1, 0, 0, 0, 0, 0, 0, 1, 0, 1, 0, 0, 1, 1, 1, 0, 0, 0, 0, 1, 0, 1, 1, 1], [1, 1, 1, 1, 0, 0, 0, 1, 1, 0, 0, 1, 1, 0, 1, 0, 1, 1, 0, 0, 0, 0, 0, 1, 1], [1, 0, 0, 0, 0, 0, 0, 1, 0, 0, 1, 0, 1, 0, 1, 0, 1, 1, 1, 0, 0, 1, 0, 1, 0], [1, 0, 0, 1, 0, 1, 1, 0, 1, 1, 1, 0, 1, 1, 1, 0, 0, 0, 1, 1, 0, 0, 1, 1, 0], [0, 1, 0, 1, 1, 1, 0, 1, 0, 0, 1, 1, 1, 0, 0, 0, 0, 1, 0, 0, 1, 0, 1, 1, 0], [0, 1, 0, 0, 0, 0, 0, 1, 0, 0, 0, 0, 1, 1, 1, 0, 1, 0, 0, 0, 1, 1, 1, 1, 1], [1, 1, 0, 1, 1, 0, 1, 1, 1, 0, 0, 1, 0, 1, 0, 0, 0, 0, 0, 1, 0, 0, 1, 1, 0], [1, 0, 0, 1, 0, 1, 0, 0, 1, 0, 1, 0, 1, 1, 1, 0, 0, 0, 0, 0, 1, 1, 0, 1, 1], [1, 0, 0, 0, 0, 1, 1, 1, 1, 1, 0, 1, 0, 1, 1, 1, 1, 0, 1, 0, 0, 1, 1, 1, 0], [0, 0, 0, 1, 1, 0, 0, 1, 0, 1, 1, 1, 1, 0, 1, 1, 0, 1, 0, 1, 0, 1, 0, 1, 0], [1, 0, 0, 0, 1, 1, 1, 1, 0, 1, 0, 1, 1, 1, 0, 1, 1, 1, 1, 1, 1, 1, 0, 1, 0], [1, 1, 1, 1, 1, 0, 0, 0, 0, 0, 0, 0, 1, 1, 1, 0, 1, 0, 1, 0, 0, 0, 0, 1, 0], [0, 0, 1, 1, 0, 1, 1, 0, 0, 1, 0, 0, 1, 0, 1, 1, 0, 1, 1, 1, 1, 0, 0, 0, 0], [0, 1, 1, 1, 0, 1, 1, 0, 1, 0, 0, 0, 0, 1, 1, 0, 1, 0, 1, 1, 0, 1, 0, 0, 1], [1, 1, 1, 0, 0, 0, 1, 1, 0, 0, 0, 0, 1, 0, 1, 1, 1, 1, 0, 1, 0, 0, 1, 0, 0], [0, 1, 0, 0, 0, 0, 0, 1, 0, 0, 1, 0, 0, 1, 1, 0, 1, 1, 1, 0, 0, 0, 0, 0, 1], [1, 1, 0, 1, 1, 0, 0, 0, 1, 1, 0, 1, 0, 0, 1, 0, 1, 0, 0, 0, 0, 0, 1, 0, 0], [0, 1, 1, 1, 0, 0, 1, 0, 0, 1, 0, 1, 1, 1, 1, 0, 0, 1, 0, 0, 0, 0, 0, 1, 1], [1, 1, 0, 0, 1, 0, 0, 1, 1, 1, 1, 0, 1, 0, 0, 0, 0, 0, 1, 0, 1, 0, 0, 0, 0], [0, 1, 1, 1, 1, 1, 1, 1, 1, 1, 1, 1, 1, 1, 1, 1, 0, 0, 0, 0, 0, 1, 0, 0, 1], [1, 1, 1, 1, 1, 1, 0, 0, 0, 1, 0, 1, 0, 0, 0, 0, 0, 1, 0, 1, 0, 1, 0, 1, 0]]",22.0,8.0,Y,"{0: 30, 1: 38, 2: 46, 3: 54, 4: 62, 5: 70, 6: 78, 7: 86, 8: 94, 9: 102, 10: 110, 11: 118, 12: 126, 13: 134, 14: 142, 15: 150, 16: 158, 17: 166, 18: 174, 19: 182, 20: 190, 21: 198, 22: 206, 23: 214, 24: 22}",Y,"{0: 30, 1: 38, 2: 46, 3: 54, 4: 62, 5: 70, 6: 78, 7: 86, 8: 94, 9: 102, 10: 110, 11: 118, 12: 126, 13: 134, 14: 142, 15: 150, 16: 158, 17: 166, 18: 174, 19: 182, 20: 190, 21: 198, 22: 206, 23: 214, 24: 22}","{(0, 2): 1, (0, 3): 1, (0, 5): 1, (0, 6): 1, (0, 7): 1, (0, 10): 1, (0, 11): 1, (0, 12): 1, (0, 14): 1, (0, 15): 15, (0, 18): 1, (0, 20): 3, (0, 22): 1, (0, 24): 1, (1, 2): 1, (1, 4): 1, (1, 5): 1, (1, 8): 1, (1, 9): 1, (1, 10): 1, (1, 15): 1, (1, 17): 1, (1, 18): 1, (1, 19): 5, (1, 20): 20, (1, 21): 1, (1, 22): 1, (1, 23): 1, (1, 24): 1, (2, 3): 1, (2, 5): 3, (2, 15): 1, (2, 16): 1, (2, 17): 18, (2, 18): 1, (2, 21): 1, (2, 23): 17, (2, 24): 1, (3, 5): 5, (3, 7): 1, (3, 8): 1, (3, 10): 1, (3, 11): 1, (3, 13): 1, (3, 15): 10, (3, 16): 1, (3, 17): 1, (3, 20): 1, (3, 21): 1, (3, 23): 26, (3, 24): 2, (4, 8): 1, (4, 10): 3, (4, 13): 20, (4, 14): 1, (4, 15): 3, (4, 20): 14, (4, 22): 2, (4, 23): 15, (4, 24): 2, (5, 7): 1, (5, 8): 1, (5, 11): 1, (5, 12): 1, (5, 14): 15, (5, 16): 1, (5, 17): 1, (5, 23): 38, (5, 24): 1, (6, 7): 1, (6, 10): 24, (6, 12): 28, (6, 14): 1, (6, 16): 1, (6, 17): 15, (6, 18): 3, (6, 21): 3, (6, 23): 1, (7, 8): 1, (7, 9): 8, (7, 10): 1, (7, 12): 1, (7, 13): 1, (7, 14): 1, (7, 18): 3, (7, 19): 15, (7, 22): 45, (7, 23): 6, (8, 10): 1, (8, 11): 1, (8, 12): 1, (8, 17): 1, (8, 20): 19, (8, 22): 1, (8, 23): 65, (9, 12): 19, (9, 13): 1, (9, 14): 1, (9, 16): 1, (9, 20): 17, (9, 21): 50, (9, 22): 2, (9, 23): 1, (9, 24): 1, (10, 11): 1, (10, 13): 60, (10, 19): 1, (10, 22): 1, (10, 23): 15, (11, 12): 9, (11, 13): 17, (11, 14): 18, (11, 20): 66, (11, 21): 1, (11, 23): 1, (11, 24): 1, (12, 13): 1, (12, 14): 1, (12, 15): 1, (12, 16): 1, (12, 18): 3, (12, 21): 1, (12, 22): 53, (12, 23): 5, (13, 14): 1, (13, 15): 3, (13, 17): 1, (13, 19): 24, (13, 21): 1, (13, 23): 3, (14, 15): 5, (14, 16): 1, (14, 17): 3, (14, 18): 1, (14, 19): 27, (14, 20): 1, (14, 21): 63, (14, 23): 1, (15, 16): 49, (15, 18): 61, (15, 23): 1, (16, 17): 3, (16, 18): 1, (16, 19): 52, (16, 20): 46, (17, 18): 1, (17, 19): 56, (17, 21): 57, (17, 24): 8, (18, 19): 1, (18, 22): 97, (19, 24): 1, (20, 22): 3, (21, 23): 17, (21, 24): 2, (23, 24): 1}",117.06352233886719,156.0,25.0,312.0
42.0,Graph with 25 nodes and 158 edges,"[[0, 0, 1, 0, 0, 0, 0, 1, 0, 1, 0, 0, 1, 1, 1, 1, 0, 0, 1, 0, 0, 1, 1, 0, 1], [0, 0, 0, 1, 1, 1, 0, 1, 1, 1, 1, 0, 1, 0, 0, 1, 0, 0, 0, 0, 0, 0, 1, 1, 0], [1, 0, 0, 1, 1, 1, 0, 0, 1, 1, 0, 0, 0, 1, 1, 1, 1, 0, 1, 0, 1, 0, 0, 1, 1], [0, 1, 1, 0, 1, 1, 0, 1, 0, 0, 1, 1, 1, 0, 1, 0, 0, 1, 1, 1, 0, 0, 0, 1, 0], [0, 1, 1, 1, 0, 1, 1, 0, 0, 0, 0, 1, 0, 0, 1, 0, 1, 1, 1, 1, 1, 0, 1, 1, 1], [0, 1, 1, 1, 1, 0, 1, 1, 1, 0, 0, 0, 0, 1, 1, 1, 0, 0, 1, 0, 0, 1, 0, 1, 1], [0, 0, 0, 0, 1, 1, 0, 1, 0, 1, 1, 1, 1, 0, 1, 1, 0, 1, 0, 1, 0, 1, 1, 1, 0], [1, 1, 0, 1, 0, 1, 1, 0, 1, 1, 0, 0, 0, 0, 1, 0, 0, 1, 0, 1, 1, 1, 1, 0, 0], [0, 1, 1, 0, 0, 1, 0, 1, 0, 0, 0, 0, 0, 0, 1, 0, 0, 1, 0, 1, 0, 0, 0, 0, 1], [1, 1, 1, 0, 0, 0, 1, 1, 0, 0, 0, 1, 1, 0, 0, 0, 1, 1, 1, 0, 0, 1, 1, 1, 1], [0, 1, 0, 1, 0, 0, 1, 0, 0, 0, 0, 1, 1, 1, 1, 0, 1, 1, 0, 0, 1, 0, 0, 0, 1], [0, 0, 0, 1, 1, 0, 1, 0, 0, 1, 1, 0, 0, 0, 1, 1, 1, 1, 1, 0, 0, 0, 0, 1, 0], [1, 1, 0, 1, 0, 0, 1, 0, 0, 1, 1, 0, 0, 1, 1, 0, 0, 0, 1, 0, 0, 1, 0, 0, 1], [1, 0, 1, 0, 0, 1, 0, 0, 0, 0, 1, 0, 1, 0, 1, 1, 1, 0, 1, 1, 0, 0, 1, 1, 1], [1, 0, 1, 1, 1, 1, 1, 1, 1, 0, 1, 1, 1, 1, 0, 0, 0, 0, 0, 1, 0, 0, 1, 1, 1], [1, 1, 1, 0, 0, 1, 1, 0, 0, 0, 0, 1, 0, 1, 0, 0, 1, 0, 1, 1, 0, 1, 0, 1, 0], [0, 0, 1, 0, 1, 0, 0, 0, 0, 1, 1, 1, 0, 1, 0, 1, 0, 0, 0, 0, 0, 0, 1, 0, 0], [0, 0, 0, 1, 1, 0, 1, 1, 1, 1, 1, 1, 0, 0, 0, 0, 0, 0, 1, 1, 1, 0, 1, 0, 0], [1, 0, 1, 1, 1, 1, 0, 0, 0, 1, 0, 1, 1, 1, 0, 1, 0, 1, 0, 1, 1, 1, 1, 1, 0], [0, 0, 0, 1, 1, 0, 1, 1, 1, 0, 0, 0, 0, 1, 1, 1, 0, 1, 1, 0, 0, 1, 1, 0, 1], [0, 0, 1, 0, 1, 0, 0, 1, 0, 0, 1, 0, 0, 0, 0, 0, 0, 1, 1, 0, 0, 0, 1, 0, 1], [1, 0, 0, 0, 0, 1, 1, 1, 0, 1, 0, 0, 1, 0, 0, 1, 0, 0, 1, 1, 0, 0, 1, 1, 1], [1, 1, 0, 0, 1, 0, 1, 1, 0, 1, 0, 0, 0, 1, 1, 0, 1, 1, 1, 1, 1, 1, 0, 1, 1], [0, 1, 1, 1, 1, 1, 1, 0, 0, 1, 0, 1, 0, 1, 1, 1, 0, 0, 1, 0, 0, 1, 1, 0, 1], [1, 0, 1, 0, 1, 1, 0, 0, 1, 1, 1, 0, 1, 1, 1, 0, 0, 0, 0, 1, 1, 1, 1, 1, 0]]",10.0,4.0,Y,"{0: 14, 1: 106, 2: 102, 3: 98, 4: 18, 5: 94, 6: 90, 7: 86, 8: 10, 9: 82, 10: 78, 11: 74, 12: 70, 13: 66, 14: 62, 15: 58, 16: 54, 17: 50, 18: 46, 19: 42, 20: 38, 21: 34, 22: 30, 23: 26, 24: 22}",Y,"{0: 14, 1: 106, 2: 102, 3: 98, 4: 18, 5: 94, 6: 90, 7: 86, 8: 10, 9: 82, 10: 78, 11: 74, 12: 70, 13: 66, 14: 62, 15: 58, 16: 54, 17: 50, 18: 46, 19: 42, 20: 38, 21: 34, 22: 30, 23: 26, 24: 22}","{(0, 2): 1, (0, 7): 1, (0, 9): 1, (0, 12): 4, (0, 13): 1, (0, 14): 1, (0, 15): 1, (0, 18): 1, (0, 21): 1, (0, 22): 1, (0, 24): 1, (1, 3): 51, (1, 4): 1, (1, 5): 1, (1, 7): 1, (1, 8): 1, (1, 9): 46, (1, 10): 1, (1, 12): 1, (1, 15): 1, (1, 22): 1, (1, 23): 1, (2, 3): 1, (2, 4): 1, (2, 5): 1, (2, 8): 1, (2, 9): 1, (2, 13): 1, (2, 14): 1, (2, 15): 36, (2, 16): 24, (2, 18): 1, (2, 20): 31, (2, 23): 1, (2, 24): 1, (3, 4): 4, (3, 5): 1, (3, 7): 1, (3, 10): 1, (3, 11): 1, (3, 12): 1, (3, 14): 1, (3, 17): 1, (3, 18): 1, (3, 19): 22, (3, 23): 12, (4, 5): 1, (4, 6): 1, (4, 11): 1, (4, 14): 1, (4, 16): 1, (4, 17): 1, (4, 18): 1, (4, 19): 1, (4, 20): 1, (4, 22): 1, (4, 23): 1, (4, 24): 1, (5, 6): 1, (5, 7): 29, (5, 8): 1, (5, 13): 1, (5, 14): 1, (5, 15): 1, (5, 18): 31, (5, 21): 23, (5, 23): 1, (5, 24): 1, (6, 7): 1, (6, 9): 1, (6, 10): 1, (6, 11): 1, (6, 12): 1, (6, 14): 6, (6, 15): 12, (6, 17): 39, (6, 19): 9, (6, 21): 1, (6, 22): 15, (6, 23): 1, (7, 8): 1, (7, 9): 5, (7, 14): 42, (7, 17): 1, (7, 19): 1, (7, 20): 1, (7, 21): 1, (7, 22): 1, (8, 14): 1, (8, 17): 1, (8, 19): 1, (8, 24): 3, (9, 11): 1, (9, 12): 1, (9, 16): 20, (9, 17): 1, (9, 18): 1, (9, 21): 1, (9, 22): 1, (9, 23): 1, (9, 24): 1, (10, 11): 60, (10, 12): 9, (10, 13): 1, (10, 14): 1, (10, 16): 1, (10, 17): 1, (10, 20): 1, (10, 24): 1, (11, 14): 1, (11, 15): 1, (11, 16): 5, (11, 17): 1, (11, 18): 1, (11, 23): 1, (12, 13): 49, (12, 14): 1, (12, 18): 1, (12, 21): 1, (12, 24): 1, (13, 14): 1, (13, 15): 1, (13, 16): 1, (13, 18): 1, (13, 19): 1, (13, 22): 1, (13, 23): 1, (13, 24): 6, (14, 19): 1, (14, 22): 1, (14, 23): 1, (14, 24): 1, (15, 16): 1, (15, 18): 1, (15, 19): 1, (15, 21): 1, (15, 23): 1, (16, 22): 1, (17, 18): 1, (17, 19): 1, (17, 20): 1, (17, 22): 1, (18, 19): 1, (18, 20): 1, (18, 21): 1, (18, 22): 1, (18, 23): 1, (19, 21): 1, (19, 22): 1, (19, 24): 1, (20, 22): 1, (20, 24): 1, (21, 22): 1, (21, 23): 1, (21, 24): 1, (22, 23): 1, (22, 24): 1, (23, 24): 1}",1715.8985137939453,158.0,25.0,316.0
42.0,Graph with 25 nodes and 158 edges,"[[0, 0, 1, 0, 0, 0, 0, 1, 0, 1, 0, 0, 1, 1, 1, 1, 0, 0, 1, 0, 0, 1, 1, 0, 1], [0, 0, 0, 1, 1, 1, 0, 1, 1, 1, 1, 0, 1, 0, 0, 1, 0, 0, 0, 0, 0, 0, 1, 1, 0], [1, 0, 0, 1, 1, 1, 0, 0, 1, 1, 0, 0, 0, 1, 1, 1, 1, 0, 1, 0, 1, 0, 0, 1, 1], [0, 1, 1, 0, 1, 1, 0, 1, 0, 0, 1, 1, 1, 0, 1, 0, 0, 1, 1, 1, 0, 0, 0, 1, 0], [0, 1, 1, 1, 0, 1, 1, 0, 0, 0, 0, 1, 0, 0, 1, 0, 1, 1, 1, 1, 1, 0, 1, 1, 1], [0, 1, 1, 1, 1, 0, 1, 1, 1, 0, 0, 0, 0, 1, 1, 1, 0, 0, 1, 0, 0, 1, 0, 1, 1], [0, 0, 0, 0, 1, 1, 0, 1, 0, 1, 1, 1, 1, 0, 1, 1, 0, 1, 0, 1, 0, 1, 1, 1, 0], [1, 1, 0, 1, 0, 1, 1, 0, 1, 1, 0, 0, 0, 0, 1, 0, 0, 1, 0, 1, 1, 1, 1, 0, 0], [0, 1, 1, 0, 0, 1, 0, 1, 0, 0, 0, 0, 0, 0, 1, 0, 0, 1, 0, 1, 0, 0, 0, 0, 1], [1, 1, 1, 0, 0, 0, 1, 1, 0, 0, 0, 1, 1, 0, 0, 0, 1, 1, 1, 0, 0, 1, 1, 1, 1], [0, 1, 0, 1, 0, 0, 1, 0, 0, 0, 0, 1, 1, 1, 1, 0, 1, 1, 0, 0, 1, 0, 0, 0, 1], [0, 0, 0, 1, 1, 0, 1, 0, 0, 1, 1, 0, 0, 0, 1, 1, 1, 1, 1, 0, 0, 0, 0, 1, 0], [1, 1, 0, 1, 0, 0, 1, 0, 0, 1, 1, 0, 0, 1, 1, 0, 0, 0, 1, 0, 0, 1, 0, 0, 1], [1, 0, 1, 0, 0, 1, 0, 0, 0, 0, 1, 0, 1, 0, 1, 1, 1, 0, 1, 1, 0, 0, 1, 1, 1], [1, 0, 1, 1, 1, 1, 1, 1, 1, 0, 1, 1, 1, 1, 0, 0, 0, 0, 0, 1, 0, 0, 1, 1, 1], [1, 1, 1, 0, 0, 1, 1, 0, 0, 0, 0, 1, 0, 1, 0, 0, 1, 0, 1, 1, 0, 1, 0, 1, 0], [0, 0, 1, 0, 1, 0, 0, 0, 0, 1, 1, 1, 0, 1, 0, 1, 0, 0, 0, 0, 0, 0, 1, 0, 0], [0, 0, 0, 1, 1, 0, 1, 1, 1, 1, 1, 1, 0, 0, 0, 0, 0, 0, 1, 1, 1, 0, 1, 0, 0], [1, 0, 1, 1, 1, 1, 0, 0, 0, 1, 0, 1, 1, 1, 0, 1, 0, 1, 0, 1, 1, 1, 1, 1, 0], [0, 0, 0, 1, 1, 0, 1, 1, 1, 0, 0, 0, 0, 1, 1, 1, 0, 1, 1, 0, 0, 1, 1, 0, 1], [0, 0, 1, 0, 1, 0, 0, 1, 0, 0, 1, 0, 0, 0, 0, 0, 0, 1, 1, 0, 0, 0, 1, 0, 1], [1, 0, 0, 0, 0, 1, 1, 1, 0, 1, 0, 0, 1, 0, 0, 1, 0, 0, 1, 1, 0, 0, 1, 1, 1], [1, 1, 0, 0, 1, 0, 1, 1, 0, 1, 0, 0, 0, 1, 1, 0, 1, 1, 1, 1, 1, 1, 0, 1, 1], [0, 1, 1, 1, 1, 1, 1, 0, 0, 1, 0, 1, 0, 1, 1, 1, 0, 0, 1, 0, 0, 1, 1, 0, 1], [1, 0, 1, 0, 1, 1, 0, 0, 1, 1, 1, 0, 1, 1, 1, 0, 0, 0, 0, 1, 1, 1, 1, 1, 0]]",20.0,6.0,Y,"{0: 26, 1: 32, 2: 38, 3: 44, 4: 50, 5: 56, 6: 62, 7: 68, 8: 74, 9: 80, 10: 86, 11: 92, 12: 98, 13: 104, 14: 110, 15: 116, 16: 122, 17: 128, 18: 134, 19: 140, 20: 146, 21: 152, 22: 158, 23: 164, 24: 20}",Y,"{0: 26, 1: 32, 2: 38, 3: 44, 4: 50, 5: 56, 6: 62, 7: 68, 8: 74, 9: 80, 10: 86, 11: 92, 12: 98, 13: 104, 14: 110, 15: 116, 16: 122, 17: 128, 18: 134, 19: 140, 20: 146, 21: 152, 22: 158, 23: 164, 24: 20}","{(0, 2): 1, (0, 7): 1, (0, 9): 1, (0, 12): 1, (0, 13): 1, (0, 14): 1, (0, 15): 1, (0, 18): 16, (0, 21): 1, (0, 22): 1, (0, 24): 1, (1, 3): 1, (1, 4): 1, (1, 5): 1, (1, 7): 1, (1, 8): 22, (1, 9): 1, (1, 10): 1, (1, 12): 1, (1, 15): 1, (1, 22): 1, (1, 23): 1, (2, 3): 1, (2, 4): 1, (2, 5): 1, (2, 8): 1, (2, 9): 1, (2, 13): 1, (2, 14): 1, (2, 15): 1, (2, 16): 1, (2, 18): 1, (2, 20): 25, (2, 23): 1, (2, 24): 1, (3, 4): 1, (3, 5): 1, (3, 7): 1, (3, 10): 1, (3, 11): 1, (3, 12): 1, (3, 14): 1, (3, 17): 1, (3, 18): 1, (3, 19): 32, (3, 23): 1, (4, 5): 1, (4, 6): 1, (4, 11): 1, (4, 14): 1, (4, 16): 36, (4, 17): 1, (4, 18): 1, (4, 19): 1, (4, 20): 1, (4, 22): 1, (4, 23): 1, (4, 24): 1, (5, 6): 1, (5, 7): 1, (5, 8): 43, (5, 13): 1, (5, 14): 1, (5, 15): 1, (5, 18): 1, (5, 21): 1, (5, 23): 1, (5, 24): 1, (6, 7): 1, (6, 9): 1, (6, 10): 1, (6, 11): 1, (6, 12): 1, (6, 14): 1, (6, 15): 1, (6, 17): 1, (6, 19): 40, (6, 21): 1, (6, 22): 1, (6, 23): 10, (7, 8): 4, (7, 9): 1, (7, 14): 1, (7, 17): 1, (7, 19): 53, (7, 20): 1, (7, 21): 1, (7, 22): 1, (8, 14): 1, (8, 17): 1, (8, 19): 1, (8, 24): 1, (9, 11): 1, (9, 12): 1, (9, 16): 1, (9, 17): 1, (9, 18): 1, (9, 21): 67, (9, 22): 1, (9, 23): 1, (9, 24): 1, (10, 11): 1, (10, 12): 14, (10, 13): 21, (10, 14): 8, (10, 16): 1, (10, 17): 36, (10, 20): 1, (10, 24): 1, (11, 14): 1, (11, 15): 1, (11, 16): 1, (11, 17): 82, (11, 18): 1, (11, 23): 1, (12, 13): 1, (12, 14): 1, (12, 18): 1, (12, 21): 75, (12, 24): 1, (13, 14): 1, (13, 15): 1, (13, 16): 1, (13, 18): 1, (13, 19): 1, (13, 22): 1, (13, 23): 72, (13, 24): 1, (14, 19): 1, (14, 22): 88, (14, 23): 1, (14, 24): 1, (15, 16): 80, (15, 18): 1, (15, 19): 1, (15, 21): 1, (15, 23): 26, (16, 22): 1, (17, 18): 1, (17, 19): 1, (17, 20): 1, (17, 22): 1, (18, 19): 1, (18, 20): 104, (18, 21): 1, (18, 22): 1, (18, 23): 1, (19, 21): 1, (19, 22): 1, (19, 24): 6, (20, 22): 12, (20, 24): 1, (21, 22): 1, (21, 23): 1, (21, 24): 1, (22, 23): 45, (22, 24): 1, (23, 24): 1}",1260.995864868164,158.0,25.0,316.0
43.0,Graph with 25 nodes and 158 edges,"[[0, 1, 1, 1, 0, 1, 1, 0, 0, 0, 0, 0, 0, 0, 1, 0, 0, 1, 1, 0, 1, 0, 1, 1, 0], [1, 0, 1, 1, 0, 0, 1, 0, 0, 0, 1, 1, 0, 1, 1, 0, 1, 0, 1, 0, 0, 1, 0, 1, 0], [1, 1, 0, 1, 1, 0, 1, 1, 0, 1, 0, 0, 1, 0, 0, 1, 0, 1, 0, 0, 1, 1, 1, 1, 1], [1, 1, 1, 0, 0, 0, 1, 0, 0, 1, 1, 1, 1, 0, 1, 0, 1, 0, 0, 0, 0, 0, 1, 0, 1], [0, 0, 1, 0, 0, 0, 1, 1, 1, 0, 1, 0, 0, 1, 1, 0, 0, 0, 0, 0, 0, 0, 1, 0, 0], [1, 0, 0, 0, 0, 0, 1, 0, 0, 1, 1, 1, 0, 0, 1, 1, 1, 1, 0, 1, 1, 1, 1, 1, 0], [1, 1, 1, 1, 1, 1, 0, 0, 1, 0, 1, 0, 1, 0, 1, 0, 1, 0, 0, 0, 1, 1, 1, 1, 1], [0, 0, 1, 0, 1, 0, 0, 0, 1, 1, 1, 1, 1, 0, 0, 0, 1, 0, 1, 0, 1, 1, 1, 0, 0], [0, 0, 0, 0, 1, 0, 1, 1, 0, 0, 0, 1, 0, 0, 1, 1, 1, 1, 1, 0, 0, 1, 1, 1, 1], [0, 0, 1, 1, 0, 1, 0, 1, 0, 0, 1, 1, 1, 0, 1, 0, 1, 0, 0, 1, 0, 0, 0, 0, 0], [0, 1, 0, 1, 1, 1, 1, 1, 0, 1, 0, 1, 1, 1, 1, 1, 1, 1, 0, 0, 0, 1, 1, 0, 0], [0, 1, 0, 1, 0, 1, 0, 1, 1, 1, 1, 0, 1, 0, 1, 1, 1, 1, 0, 1, 1, 1, 1, 0, 0], [0, 0, 1, 1, 0, 0, 1, 1, 0, 1, 1, 1, 0, 0, 1, 0, 1, 0, 1, 1, 1, 1, 0, 0, 1], [0, 1, 0, 0, 1, 0, 0, 0, 0, 0, 1, 0, 0, 0, 0, 0, 0, 0, 0, 1, 1, 1, 1, 1, 1], [1, 1, 0, 1, 1, 1, 1, 0, 1, 1, 1, 1, 1, 0, 0, 1, 1, 0, 0, 1, 0, 1, 1, 1, 1], [0, 0, 1, 0, 0, 1, 0, 0, 1, 0, 1, 1, 0, 0, 1, 0, 0, 0, 1, 1, 0, 0, 0, 1, 1], [0, 1, 0, 1, 0, 1, 1, 1, 1, 1, 1, 1, 1, 0, 1, 0, 0, 1, 1, 0, 0, 1, 0, 1, 0], [1, 0, 1, 0, 0, 1, 0, 0, 1, 0, 1, 1, 0, 0, 0, 0, 1, 0, 0, 0, 1, 1, 0, 0, 1], [1, 1, 0, 0, 0, 0, 0, 1, 1, 0, 0, 0, 1, 0, 0, 1, 1, 0, 0, 0, 1, 1, 1, 1, 1], [0, 0, 0, 0, 0, 1, 0, 0, 0, 1, 0, 1, 1, 1, 1, 1, 0, 0, 0, 0, 1, 0, 0, 0, 0], [1, 0, 1, 0, 0, 1, 1, 1, 0, 0, 0, 1, 1, 1, 0, 0, 0, 1, 1, 1, 0, 0, 1, 0, 0], [0, 1, 1, 0, 0, 1, 1, 1, 1, 0, 1, 1, 1, 1, 1, 0, 1, 1, 1, 0, 0, 0, 0, 1, 0], [1, 0, 1, 1, 1, 1, 1, 1, 1, 0, 1, 1, 0, 1, 1, 0, 0, 0, 1, 0, 1, 0, 0, 0, 1], [1, 1, 1, 0, 0, 1, 1, 0, 1, 0, 0, 0, 0, 1, 1, 1, 1, 0, 1, 0, 0, 1, 0, 0, 0], [0, 0, 1, 1, 0, 0, 1, 0, 1, 0, 0, 0, 1, 1, 1, 1, 0, 1, 1, 0, 0, 0, 1, 0, 0]]",10.0,4.0,Y,"{0: 18, 1: 22, 2: 26, 3: 30, 4: 14, 5: 34, 6: 38, 7: 42, 8: 46, 9: 50, 10: 54, 11: 58, 12: 62, 13: 66, 14: 70, 15: 74, 16: 78, 17: 82, 18: 86, 19: 10, 20: 90, 21: 94, 22: 98, 23: 102, 24: 106}",Y,"{0: 18, 1: 22, 2: 26, 3: 30, 4: 14, 5: 34, 6: 38, 7: 42, 8: 46, 9: 50, 10: 54, 11: 58, 12: 62, 13: 66, 14: 70, 15: 74, 16: 78, 17: 82, 18: 86, 19: 10, 20: 90, 21: 94, 22: 98, 23: 102, 24: 106}","{(0, 1): 1, (0, 2): 1, (0, 3): 1, (0, 5): 1, (0, 6): 1, (0, 14): 1, (0, 17): 1, (0, 18): 1, (0, 20): 1, (0, 22): 1, (0, 23): 8, (1, 2): 1, (1, 3): 1, (1, 6): 1, (1, 10): 1, (1, 11): 1, (1, 13): 1, (1, 14): 1, (1, 16): 1, (1, 18): 1, (1, 21): 11, (1, 23): 1, (2, 3): 1, (2, 4): 1, (2, 6): 1, (2, 7): 1, (2, 9): 1, (2, 12): 1, (2, 15): 12, (2, 17): 1, (2, 20): 1, (2, 21): 1, (2, 22): 1, (2, 23): 1, (2, 24): 1, (3, 6): 1, (3, 9): 1, (3, 10): 1, (3, 11): 1, (3, 12): 1, (3, 14): 1, (3, 16): 19, (3, 22): 1, (3, 24): 1, (4, 6): 1, (4, 7): 1, (4, 8): 1, (4, 10): 1, (4, 13): 1, (4, 14): 1, (4, 22): 7, (5, 6): 1, (5, 9): 1, (5, 10): 1, (5, 11): 1, (5, 14): 3, (5, 15): 1, (5, 16): 1, (5, 17): 1, (5, 19): 1, (5, 20): 7, (5, 21): 13, (5, 22): 1, (5, 23): 1, (6, 8): 3, (6, 10): 1, (6, 12): 1, (6, 14): 21, (6, 16): 1, (6, 20): 1, (6, 21): 1, (6, 22): 1, (6, 23): 1, (6, 24): 1, (7, 8): 31, (7, 9): 1, (7, 10): 1, (7, 11): 1, (7, 12): 1, (7, 16): 1, (7, 18): 1, (7, 20): 1, (7, 21): 1, (7, 22): 1, (8, 11): 1, (8, 14): 1, (8, 15): 1, (8, 16): 1, (8, 17): 1, (8, 18): 2, (8, 21): 1, (8, 22): 1, (8, 23): 1, (8, 24): 1, (9, 10): 34, (9, 11): 1, (9, 12): 1, (9, 14): 1, (9, 16): 8, (9, 19): 1, (10, 11): 1, (10, 12): 1, (10, 13): 6, (10, 14): 1, (10, 15): 1, (10, 16): 1, (10, 17): 1, (10, 21): 1, (10, 22): 1, (11, 12): 1, (11, 14): 1, (11, 15): 43, (11, 16): 1, (11, 17): 1, (11, 19): 1, (11, 20): 1, (11, 21): 1, (11, 22): 1, (12, 14): 31, (12, 16): 1, (12, 18): 1, (12, 19): 1, (12, 20): 1, (12, 21): 19, (12, 24): 1, (13, 19): 3, (13, 20): 1, (13, 21): 1, (13, 22): 51, (13, 23): 1, (13, 24): 1, (14, 15): 1, (14, 16): 1, (14, 19): 1, (14, 21): 1, (14, 22): 1, (14, 23): 1, (14, 24): 1, (15, 18): 1, (15, 19): 1, (15, 23): 12, (15, 24): 1, (16, 17): 1, (16, 18): 6, (16, 21): 1, (16, 23): 34, (17, 20): 73, (17, 21): 1, (17, 24): 1, (18, 20): 1, (18, 21): 1, (18, 22): 1, (18, 23): 1, (18, 24): 69, (19, 20): 1, (20, 22): 1, (21, 23): 40, (22, 24): 28}",46.96846008300781,158.0,25.0,316.0
43.0,Graph with 25 nodes and 158 edges,"[[0, 1, 1, 1, 0, 1, 1, 0, 0, 0, 0, 0, 0, 0, 1, 0, 0, 1, 1, 0, 1, 0, 1, 1, 0], [1, 0, 1, 1, 0, 0, 1, 0, 0, 0, 1, 1, 0, 1, 1, 0, 1, 0, 1, 0, 0, 1, 0, 1, 0], [1, 1, 0, 1, 1, 0, 1, 1, 0, 1, 0, 0, 1, 0, 0, 1, 0, 1, 0, 0, 1, 1, 1, 1, 1], [1, 1, 1, 0, 0, 0, 1, 0, 0, 1, 1, 1, 1, 0, 1, 0, 1, 0, 0, 0, 0, 0, 1, 0, 1], [0, 0, 1, 0, 0, 0, 1, 1, 1, 0, 1, 0, 0, 1, 1, 0, 0, 0, 0, 0, 0, 0, 1, 0, 0], [1, 0, 0, 0, 0, 0, 1, 0, 0, 1, 1, 1, 0, 0, 1, 1, 1, 1, 0, 1, 1, 1, 1, 1, 0], [1, 1, 1, 1, 1, 1, 0, 0, 1, 0, 1, 0, 1, 0, 1, 0, 1, 0, 0, 0, 1, 1, 1, 1, 1], [0, 0, 1, 0, 1, 0, 0, 0, 1, 1, 1, 1, 1, 0, 0, 0, 1, 0, 1, 0, 1, 1, 1, 0, 0], [0, 0, 0, 0, 1, 0, 1, 1, 0, 0, 0, 1, 0, 0, 1, 1, 1, 1, 1, 0, 0, 1, 1, 1, 1], [0, 0, 1, 1, 0, 1, 0, 1, 0, 0, 1, 1, 1, 0, 1, 0, 1, 0, 0, 1, 0, 0, 0, 0, 0], [0, 1, 0, 1, 1, 1, 1, 1, 0, 1, 0, 1, 1, 1, 1, 1, 1, 1, 0, 0, 0, 1, 1, 0, 0], [0, 1, 0, 1, 0, 1, 0, 1, 1, 1, 1, 0, 1, 0, 1, 1, 1, 1, 0, 1, 1, 1, 1, 0, 0], [0, 0, 1, 1, 0, 0, 1, 1, 0, 1, 1, 1, 0, 0, 1, 0, 1, 0, 1, 1, 1, 1, 0, 0, 1], [0, 1, 0, 0, 1, 0, 0, 0, 0, 0, 1, 0, 0, 0, 0, 0, 0, 0, 0, 1, 1, 1, 1, 1, 1], [1, 1, 0, 1, 1, 1, 1, 0, 1, 1, 1, 1, 1, 0, 0, 1, 1, 0, 0, 1, 0, 1, 1, 1, 1], [0, 0, 1, 0, 0, 1, 0, 0, 1, 0, 1, 1, 0, 0, 1, 0, 0, 0, 1, 1, 0, 0, 0, 1, 1], [0, 1, 0, 1, 0, 1, 1, 1, 1, 1, 1, 1, 1, 0, 1, 0, 0, 1, 1, 0, 0, 1, 0, 1, 0], [1, 0, 1, 0, 0, 1, 0, 0, 1, 0, 1, 1, 0, 0, 0, 0, 1, 0, 0, 0, 1, 1, 0, 0, 1], [1, 1, 0, 0, 0, 0, 0, 1, 1, 0, 0, 0, 1, 0, 0, 1, 1, 0, 0, 0, 1, 1, 1, 1, 1], [0, 0, 0, 0, 0, 1, 0, 0, 0, 1, 0, 1, 1, 1, 1, 1, 0, 0, 0, 0, 1, 0, 0, 0, 0], [1, 0, 1, 0, 0, 1, 1, 1, 0, 0, 0, 1, 1, 1, 0, 0, 0, 1, 1, 1, 0, 0, 1, 0, 0], [0, 1, 1, 0, 0, 1, 1, 1, 1, 0, 1, 1, 1, 1, 1, 0, 1, 1, 1, 0, 0, 0, 0, 1, 0], [1, 0, 1, 1, 1, 1, 1, 1, 1, 0, 1, 1, 0, 1, 1, 0, 0, 0, 1, 0, 1, 0, 0, 0, 1], [1, 1, 1, 0, 0, 1, 1, 0, 1, 0, 0, 0, 0, 1, 1, 1, 1, 0, 1, 0, 0, 1, 0, 0, 0], [0, 0, 1, 1, 0, 0, 1, 0, 1, 0, 0, 0, 1, 1, 1, 1, 0, 1, 1, 0, 0, 0, 1, 0, 0]]",22.0,2.0,Y,"{0: 24, 1: 26, 2: 28, 3: 30, 4: 32, 5: 34, 6: 36, 7: 38, 8: 40, 9: 42, 10: 44, 11: 46, 12: 48, 13: 50, 14: 52, 15: 54, 16: 56, 17: 58, 18: 60, 19: 62, 20: 64, 21: 66, 22: 68, 23: 70, 24: 22}",Y,"{0: 24, 1: 26, 2: 28, 3: 30, 4: 32, 5: 34, 6: 36, 7: 38, 8: 40, 9: 42, 10: 44, 11: 46, 12: 48, 13: 50, 14: 52, 15: 54, 16: 56, 17: 58, 18: 60, 19: 62, 20: 64, 21: 66, 22: 68, 23: 70, 24: 22}","{(0, 1): 1, (0, 2): 1, (0, 3): 1, (0, 5): 1, (0, 6): 1, (0, 14): 1, (0, 17): 1, (0, 18): 1, (0, 20): 1, (0, 22): 1, (0, 23): 14, (1, 2): 1, (1, 3): 1, (1, 6): 1, (1, 10): 1, (1, 11): 1, (1, 13): 1, (1, 14): 1, (1, 16): 10, (1, 18): 6, (1, 21): 1, (1, 23): 1, (2, 3): 1, (2, 4): 1, (2, 6): 1, (2, 7): 1, (2, 9): 1, (2, 12): 1, (2, 15): 1, (2, 17): 1, (2, 20): 14, (2, 21): 1, (2, 22): 1, (2, 23): 1, (2, 24): 1, (3, 6): 1, (3, 9): 1, (3, 10): 16, (3, 11): 1, (3, 12): 1, (3, 14): 4, (3, 16): 1, (3, 22): 1, (3, 24): 1, (4, 6): 1, (4, 7): 1, (4, 8): 1, (4, 10): 1, (4, 13): 7, (4, 14): 1, (4, 22): 19, (5, 6): 1, (5, 9): 1, (5, 10): 1, (5, 11): 1, (5, 14): 1, (5, 15): 1, (5, 16): 1, (5, 17): 1, (5, 19): 3, (5, 20): 19, (5, 21): 1, (5, 22): 1, (5, 23): 1, (6, 8): 1, (6, 10): 1, (6, 12): 1, (6, 14): 1, (6, 16): 18, (6, 20): 1, (6, 21): 4, (6, 22): 1, (6, 23): 1, (6, 24): 1, (7, 8): 27, (7, 9): 1, (7, 10): 1, (7, 11): 1, (7, 12): 1, (7, 16): 1, (7, 18): 1, (7, 20): 1, (7, 21): 1, (7, 22): 1, (8, 11): 1, (8, 14): 2, (8, 15): 1, (8, 16): 1, (8, 17): 1, (8, 18): 1, (8, 21): 1, (8, 22): 1, (8, 23): 1, (8, 24): 1, (9, 10): 1, (9, 11): 1, (9, 12): 33, (9, 14): 1, (9, 16): 1, (9, 19): 1, (10, 11): 1, (10, 12): 1, (10, 13): 1, (10, 14): 1, (10, 15): 1, (10, 16): 14, (10, 17): 1, (10, 21): 1, (10, 22): 1, (11, 12): 1, (11, 14): 31, (11, 15): 1, (11, 16): 1, (11, 17): 1, (11, 19): 1, (11, 20): 1, (11, 21): 1, (11, 22): 1, (12, 14): 1, (12, 16): 3, (12, 18): 1, (12, 19): 1, (12, 20): 1, (12, 21): 1, (12, 24): 1, (13, 19): 1, (13, 20): 1, (13, 21): 1, (13, 22): 36, (13, 23): 1, (13, 24): 1, (14, 15): 1, (14, 16): 1, (14, 19): 1, (14, 21): 1, (14, 22): 1, (14, 23): 1, (14, 24): 1, (15, 18): 1, (15, 19): 32, (15, 23): 3, (15, 24): 12, (16, 17): 1, (16, 18): 1, (16, 21): 1, (16, 23): 1, (17, 20): 1, (17, 21): 49, (17, 24): 1, (18, 20): 1, (18, 21): 1, (18, 22): 1, (18, 23): 44, (18, 24): 1, (19, 20): 22, (20, 22): 1, (21, 23): 1, (22, 24): 1}",1345.1576232910156,158.0,25.0,316.0
43.0,Graph with 25 nodes and 158 edges,"[[0, 1, 1, 1, 0, 1, 1, 0, 0, 0, 0, 0, 0, 0, 1, 0, 0, 1, 1, 0, 1, 0, 1, 1, 0], [1, 0, 1, 1, 0, 0, 1, 0, 0, 0, 1, 1, 0, 1, 1, 0, 1, 0, 1, 0, 0, 1, 0, 1, 0], [1, 1, 0, 1, 1, 0, 1, 1, 0, 1, 0, 0, 1, 0, 0, 1, 0, 1, 0, 0, 1, 1, 1, 1, 1], [1, 1, 1, 0, 0, 0, 1, 0, 0, 1, 1, 1, 1, 0, 1, 0, 1, 0, 0, 0, 0, 0, 1, 0, 1], [0, 0, 1, 0, 0, 0, 1, 1, 1, 0, 1, 0, 0, 1, 1, 0, 0, 0, 0, 0, 0, 0, 1, 0, 0], [1, 0, 0, 0, 0, 0, 1, 0, 0, 1, 1, 1, 0, 0, 1, 1, 1, 1, 0, 1, 1, 1, 1, 1, 0], [1, 1, 1, 1, 1, 1, 0, 0, 1, 0, 1, 0, 1, 0, 1, 0, 1, 0, 0, 0, 1, 1, 1, 1, 1], [0, 0, 1, 0, 1, 0, 0, 0, 1, 1, 1, 1, 1, 0, 0, 0, 1, 0, 1, 0, 1, 1, 1, 0, 0], [0, 0, 0, 0, 1, 0, 1, 1, 0, 0, 0, 1, 0, 0, 1, 1, 1, 1, 1, 0, 0, 1, 1, 1, 1], [0, 0, 1, 1, 0, 1, 0, 1, 0, 0, 1, 1, 1, 0, 1, 0, 1, 0, 0, 1, 0, 0, 0, 0, 0], [0, 1, 0, 1, 1, 1, 1, 1, 0, 1, 0, 1, 1, 1, 1, 1, 1, 1, 0, 0, 0, 1, 1, 0, 0], [0, 1, 0, 1, 0, 1, 0, 1, 1, 1, 1, 0, 1, 0, 1, 1, 1, 1, 0, 1, 1, 1, 1, 0, 0], [0, 0, 1, 1, 0, 0, 1, 1, 0, 1, 1, 1, 0, 0, 1, 0, 1, 0, 1, 1, 1, 1, 0, 0, 1], [0, 1, 0, 0, 1, 0, 0, 0, 0, 0, 1, 0, 0, 0, 0, 0, 0, 0, 0, 1, 1, 1, 1, 1, 1], [1, 1, 0, 1, 1, 1, 1, 0, 1, 1, 1, 1, 1, 0, 0, 1, 1, 0, 0, 1, 0, 1, 1, 1, 1], [0, 0, 1, 0, 0, 1, 0, 0, 1, 0, 1, 1, 0, 0, 1, 0, 0, 0, 1, 1, 0, 0, 0, 1, 1], [0, 1, 0, 1, 0, 1, 1, 1, 1, 1, 1, 1, 1, 0, 1, 0, 0, 1, 1, 0, 0, 1, 0, 1, 0], [1, 0, 1, 0, 0, 1, 0, 0, 1, 0, 1, 1, 0, 0, 0, 0, 1, 0, 0, 0, 1, 1, 0, 0, 1], [1, 1, 0, 0, 0, 0, 0, 1, 1, 0, 0, 0, 1, 0, 0, 1, 1, 0, 0, 0, 1, 1, 1, 1, 1], [0, 0, 0, 0, 0, 1, 0, 0, 0, 1, 0, 1, 1, 1, 1, 1, 0, 0, 0, 0, 1, 0, 0, 0, 0], [1, 0, 1, 0, 0, 1, 1, 1, 0, 0, 0, 1, 1, 1, 0, 0, 0, 1, 1, 1, 0, 0, 1, 0, 0], [0, 1, 1, 0, 0, 1, 1, 1, 1, 0, 1, 1, 1, 1, 1, 0, 1, 1, 1, 0, 0, 0, 0, 1, 0], [1, 0, 1, 1, 1, 1, 1, 1, 1, 0, 1, 1, 0, 1, 1, 0, 0, 0, 1, 0, 1, 0, 0, 0, 1], [1, 1, 1, 0, 0, 1, 1, 0, 1, 0, 0, 0, 0, 1, 1, 1, 1, 0, 1, 0, 0, 1, 0, 0, 0], [0, 0, 1, 1, 0, 0, 1, 0, 1, 0, 0, 0, 1, 1, 1, 1, 0, 1, 1, 0, 0, 0, 1, 0, 0]]",22.0,5.0,Y,"{0: 27, 1: 32, 2: 37, 3: 42, 4: 47, 5: 52, 6: 57, 7: 62, 8: 67, 9: 72, 10: 77, 11: 82, 12: 87, 13: 92, 14: 97, 15: 102, 16: 107, 17: 112, 18: 117, 19: 122, 20: 127, 21: 132, 22: 137, 23: 142, 24: 22}",Y,"{0: 27, 1: 32, 2: 37, 3: 42, 4: 47, 5: 52, 6: 57, 7: 62, 8: 67, 9: 72, 10: 77, 11: 82, 12: 87, 13: 92, 14: 97, 15: 102, 16: 107, 17: 112, 18: 117, 19: 122, 20: 127, 21: 132, 22: 137, 23: 142, 24: 22}","{(0, 1): 1, (0, 2): 1, (0, 3): 5, (0, 5): 1, (0, 6): 5, (0, 14): 1, (0, 17): 1, (0, 18): 1, (0, 20): 5, (0, 22): 5, (0, 23): 1, (1, 2): 1, (1, 3): 1, (1, 6): 1, (1, 10): 1, (1, 11): 1, (1, 13): 1, (1, 14): 3, (1, 16): 1, (1, 18): 1, (1, 21): 5, (1, 23): 15, (2, 3): 1, (2, 4): 1, (2, 6): 1, (2, 7): 1, (2, 9): 1, (2, 12): 1, (2, 15): 23, (2, 17): 1, (2, 20): 1, (2, 21): 1, (2, 22): 1, (2, 23): 1, (2, 24): 1, (3, 6): 1, (3, 9): 1, (3, 10): 1, (3, 11): 1, (3, 12): 23, (3, 14): 1, (3, 16): 5, (3, 22): 1, (3, 24): 1, (4, 6): 1, (4, 7): 1, (4, 8): 5, (4, 10): 5, (4, 13): 1, (4, 14): 1, (4, 22): 32, (5, 6): 5, (5, 9): 1, (5, 10): 1, (5, 11): 1, (5, 14): 1, (5, 15): 5, (5, 16): 5, (5, 17): 1, (5, 19): 1, (5, 20): 27, (5, 21): 1, (5, 22): 1, (5, 23): 1, (6, 8): 1, (6, 10): 26, (6, 12): 5, (6, 14): 1, (6, 16): 1, (6, 20): 1, (6, 21): 1, (6, 22): 1, (6, 23): 5, (6, 24): 1, (7, 8): 5, (7, 9): 1, (7, 10): 1, (7, 11): 5, (7, 12): 5, (7, 16): 1, (7, 18): 1, (7, 20): 1, (7, 21): 39, (7, 22): 1, (8, 11): 3, (8, 14): 1, (8, 15): 1, (8, 16): 14, (8, 17): 32, (8, 18): 1, (8, 21): 1, (8, 22): 1, (8, 23): 1, (8, 24): 1, (9, 10): 1, (9, 11): 1, (9, 12): 1, (9, 14): 1, (9, 16): 63, (9, 19): 1, (10, 11): 5, (10, 12): 1, (10, 13): 1, (10, 14): 27, (10, 15): 3, (10, 16): 1, (10, 17): 1, (10, 21): 1, (10, 22): 1, (11, 12): 1, (11, 14): 1, (11, 15): 53, (11, 16): 1, (11, 17): 1, (11, 19): 1, (11, 20): 1, (11, 21): 1, (11, 22): 5, (12, 14): 15, (12, 16): 1, (12, 18): 30, (12, 19): 1, (12, 20): 1, (12, 21): 1, (12, 24): 1, (13, 19): 1, (13, 20): 1, (13, 21): 1, (13, 22): 1, (13, 23): 84, (13, 24): 1, (14, 15): 1, (14, 16): 1, (14, 19): 38, (14, 21): 1, (14, 22): 1, (14, 23): 1, (14, 24): 1, (15, 18): 1, (15, 19): 1, (15, 23): 13, (15, 24): 1, (16, 17): 1, (16, 18): 1, (16, 21): 1, (16, 23): 10, (17, 20): 5, (17, 21): 68, (17, 24): 1, (18, 20): 5, (18, 21): 1, (18, 22): 73, (18, 23): 1, (18, 24): 1, (19, 20): 78, (20, 22): 1, (21, 23): 9, (22, 24): 12}",102.996826171875,158.0,25.0,316.0
46.0,Graph with 25 nodes and 150 edges,"[[0, 0, 1, 1, 1, 0, 1, 0, 1, 1, 0, 0, 0, 1, 1, 0, 0, 1, 1, 0, 1, 0, 0, 0, 1], [0, 0, 0, 1, 0, 0, 1, 0, 0, 1, 1, 0, 0, 0, 0, 1, 1, 1, 0, 1, 1, 1, 0, 1, 0], [1, 0, 0, 0, 1, 0, 0, 1, 0, 0, 0, 0, 1, 1, 0, 1, 1, 0, 0, 0, 1, 1, 1, 0, 0], [1, 1, 0, 0, 1, 0, 1, 0, 1, 0, 0, 1, 1, 0, 0, 0, 1, 1, 0, 0, 0, 1, 0, 0, 1], [1, 0, 1, 1, 0, 0, 1, 0, 1, 1, 1, 0, 1, 0, 1, 1, 1, 0, 1, 1, 1, 1, 0, 0, 1], [0, 0, 0, 0, 0, 0, 0, 1, 1, 0, 0, 0, 0, 1, 1, 1, 1, 0, 1, 0, 0, 1, 1, 1, 0], [1, 1, 0, 1, 1, 0, 0, 0, 0, 1, 1, 0, 1, 0, 1, 1, 1, 1, 0, 0, 1, 0, 0, 0, 0], [0, 0, 1, 0, 0, 1, 0, 0, 1, 1, 1, 1, 1, 0, 1, 0, 1, 0, 1, 0, 1, 0, 1, 0, 0], [1, 0, 0, 1, 1, 1, 0, 1, 0, 0, 0, 1, 1, 0, 0, 1, 0, 1, 0, 1, 0, 1, 1, 1, 1], [1, 1, 0, 0, 1, 0, 1, 1, 0, 0, 1, 0, 1, 1, 0, 1, 0, 0, 1, 1, 0, 0, 1, 1, 0], [0, 1, 0, 0, 1, 0, 1, 1, 0, 1, 0, 1, 1, 0, 1, 0, 0, 1, 0, 1, 1, 0, 1, 0, 1], [0, 0, 0, 1, 0, 0, 0, 1, 1, 0, 1, 0, 0, 1, 1, 0, 1, 0, 1, 0, 1, 1, 1, 0, 1], [0, 0, 1, 1, 1, 0, 1, 1, 1, 1, 1, 0, 0, 0, 1, 1, 0, 0, 0, 1, 0, 1, 0, 0, 0], [1, 0, 1, 0, 0, 1, 0, 0, 0, 1, 0, 1, 0, 0, 1, 1, 0, 1, 1, 1, 1, 0, 1, 1, 1], [1, 0, 0, 0, 1, 1, 1, 1, 0, 0, 1, 1, 1, 1, 0, 0, 0, 0, 0, 0, 1, 1, 1, 0, 0], [0, 1, 1, 0, 1, 1, 1, 0, 1, 1, 0, 0, 1, 1, 0, 0, 0, 0, 1, 1, 0, 1, 0, 0, 1], [0, 1, 1, 1, 1, 1, 1, 1, 0, 0, 0, 1, 0, 0, 0, 0, 0, 1, 0, 0, 0, 1, 1, 0, 0], [1, 1, 0, 1, 0, 0, 1, 0, 1, 0, 1, 0, 0, 1, 0, 0, 1, 0, 1, 1, 1, 0, 1, 1, 0], [1, 0, 0, 0, 1, 1, 0, 1, 0, 1, 0, 1, 0, 1, 0, 1, 0, 1, 0, 1, 0, 0, 0, 0, 0], [0, 1, 0, 0, 1, 0, 0, 0, 1, 1, 1, 0, 1, 1, 0, 1, 0, 1, 1, 0, 0, 1, 0, 0, 1], [1, 1, 1, 0, 1, 0, 1, 1, 0, 0, 1, 1, 0, 1, 1, 0, 0, 1, 0, 0, 0, 0, 0, 1, 0], [0, 1, 1, 1, 1, 1, 0, 0, 1, 0, 0, 1, 1, 0, 1, 1, 1, 0, 0, 1, 0, 0, 1, 0, 0], [0, 0, 1, 0, 0, 1, 0, 1, 1, 1, 1, 1, 0, 1, 1, 0, 1, 1, 0, 0, 0, 1, 0, 1, 0], [0, 1, 0, 0, 0, 1, 0, 0, 1, 1, 0, 0, 0, 1, 0, 0, 0, 1, 0, 0, 1, 0, 1, 0, 1], [1, 0, 0, 1, 1, 0, 0, 0, 1, 0, 1, 1, 0, 1, 0, 1, 0, 0, 0, 1, 0, 0, 0, 1, 0]]",16.0,2.0,Y,"{0: 18, 1: 20, 2: 22, 3: 24, 4: 26, 5: 28, 6: 30, 7: 32, 8: 34, 9: 36, 10: 38, 11: 40, 12: 42, 13: 44, 14: 46, 15: 48, 16: 50, 17: 52, 18: 54, 19: 56, 20: 58, 21: 60, 22: 62, 23: 64, 24: 16}",Y,"{0: 18, 1: 20, 2: 22, 3: 24, 4: 26, 5: 28, 6: 30, 7: 32, 8: 34, 9: 36, 10: 38, 11: 40, 12: 42, 13: 44, 14: 46, 15: 48, 16: 50, 17: 52, 18: 54, 19: 56, 20: 58, 21: 60, 22: 62, 23: 64, 24: 16}","{(0, 2): 5, (0, 3): 1, (0, 4): 1, (0, 6): 1, (0, 8): 1, (0, 9): 1, (0, 13): 1, (0, 14): 1, (0, 17): 1, (0, 18): 1, (0, 20): 1, (0, 24): 3, (1, 3): 1, (1, 6): 1, (1, 9): 1, (1, 10): 3, (1, 15): 5, (1, 16): 1, (1, 17): 1, (1, 19): 1, (1, 20): 4, (1, 21): 1, (1, 23): 1, (2, 4): 1, (2, 7): 1, (2, 12): 1, (2, 13): 1, (2, 15): 5, (2, 16): 1, (2, 20): 5, (2, 21): 1, (2, 22): 1, (3, 4): 5, (3, 6): 2, (3, 8): 3, (3, 11): 1, (3, 12): 3, (3, 16): 1, (3, 17): 1, (3, 21): 1, (3, 24): 5, (4, 6): 1, (4, 8): 1, (4, 9): 1, (4, 10): 1, (4, 12): 3, (4, 14): 1, (4, 15): 5, (4, 16): 1, (4, 18): 1, (4, 19): 1, (4, 20): 1, (4, 21): 1, (4, 24): 1, (5, 7): 1, (5, 8): 1, (5, 13): 1, (5, 14): 1, (5, 15): 1, (5, 16): 1, (5, 18): 1, (5, 21): 1, (5, 22): 1, (5, 23): 19, (6, 9): 14, (6, 10): 1, (6, 12): 1, (6, 14): 1, (6, 15): 1, (6, 16): 5, (6, 17): 1, (6, 20): 1, (7, 8): 1, (7, 9): 1, (7, 10): 1, (7, 11): 5, (7, 12): 13, (7, 14): 5, (7, 16): 1, (7, 18): 1, (7, 20): 1, (7, 22): 1, (8, 11): 6, (8, 12): 1, (8, 15): 1, (8, 17): 1, (8, 19): 1, (8, 21): 7, (8, 22): 1, (8, 23): 8, (8, 24): 1, (9, 10): 5, (9, 12): 1, (9, 13): 1, (9, 15): 1, (9, 18): 1, (9, 19): 1, (9, 22): 1, (9, 23): 7, (10, 11): 1, (10, 12): 5, (10, 14): 1, (10, 17): 14, (10, 19): 1, (10, 20): 1, (10, 22): 3, (10, 24): 1, (11, 13): 1, (11, 14): 1, (11, 16): 12, (11, 18): 1, (11, 20): 1, (11, 21): 1, (11, 22): 9, (11, 24): 1, (12, 14): 5, (12, 15): 3, (12, 19): 5, (12, 21): 1, (13, 14): 1, (13, 15): 1, (13, 17): 1, (13, 18): 5, (13, 19): 1, (13, 20): 6, (13, 22): 22, (13, 23): 1, (13, 24): 1, (14, 20): 27, (14, 21): 1, (14, 22): 1, (15, 18): 1, (15, 19): 1, (15, 21): 22, (15, 24): 1, (16, 17): 1, (16, 21): 17, (16, 22): 9, (17, 18): 1, (17, 19): 1, (17, 20): 5, (17, 22): 5, (17, 23): 19, (18, 19): 41, (19, 21): 1, (19, 24): 1, (20, 23): 5, (21, 22): 5, (22, 23): 3, (23, 24): 1}",103.95050048828125,150.0,25.0,300.0
46.0,Graph with 25 nodes and 150 edges,"[[0, 0, 1, 1, 1, 0, 1, 0, 1, 1, 0, 0, 0, 1, 1, 0, 0, 1, 1, 0, 1, 0, 0, 0, 1], [0, 0, 0, 1, 0, 0, 1, 0, 0, 1, 1, 0, 0, 0, 0, 1, 1, 1, 0, 1, 1, 1, 0, 1, 0], [1, 0, 0, 0, 1, 0, 0, 1, 0, 0, 0, 0, 1, 1, 0, 1, 1, 0, 0, 0, 1, 1, 1, 0, 0], [1, 1, 0, 0, 1, 0, 1, 0, 1, 0, 0, 1, 1, 0, 0, 0, 1, 1, 0, 0, 0, 1, 0, 0, 1], [1, 0, 1, 1, 0, 0, 1, 0, 1, 1, 1, 0, 1, 0, 1, 1, 1, 0, 1, 1, 1, 1, 0, 0, 1], [0, 0, 0, 0, 0, 0, 0, 1, 1, 0, 0, 0, 0, 1, 1, 1, 1, 0, 1, 0, 0, 1, 1, 1, 0], [1, 1, 0, 1, 1, 0, 0, 0, 0, 1, 1, 0, 1, 0, 1, 1, 1, 1, 0, 0, 1, 0, 0, 0, 0], [0, 0, 1, 0, 0, 1, 0, 0, 1, 1, 1, 1, 1, 0, 1, 0, 1, 0, 1, 0, 1, 0, 1, 0, 0], [1, 0, 0, 1, 1, 1, 0, 1, 0, 0, 0, 1, 1, 0, 0, 1, 0, 1, 0, 1, 0, 1, 1, 1, 1], [1, 1, 0, 0, 1, 0, 1, 1, 0, 0, 1, 0, 1, 1, 0, 1, 0, 0, 1, 1, 0, 0, 1, 1, 0], [0, 1, 0, 0, 1, 0, 1, 1, 0, 1, 0, 1, 1, 0, 1, 0, 0, 1, 0, 1, 1, 0, 1, 0, 1], [0, 0, 0, 1, 0, 0, 0, 1, 1, 0, 1, 0, 0, 1, 1, 0, 1, 0, 1, 0, 1, 1, 1, 0, 1], [0, 0, 1, 1, 1, 0, 1, 1, 1, 1, 1, 0, 0, 0, 1, 1, 0, 0, 0, 1, 0, 1, 0, 0, 0], [1, 0, 1, 0, 0, 1, 0, 0, 0, 1, 0, 1, 0, 0, 1, 1, 0, 1, 1, 1, 1, 0, 1, 1, 1], [1, 0, 0, 0, 1, 1, 1, 1, 0, 0, 1, 1, 1, 1, 0, 0, 0, 0, 0, 0, 1, 1, 1, 0, 0], [0, 1, 1, 0, 1, 1, 1, 0, 1, 1, 0, 0, 1, 1, 0, 0, 0, 0, 1, 1, 0, 1, 0, 0, 1], [0, 1, 1, 1, 1, 1, 1, 1, 0, 0, 0, 1, 0, 0, 0, 0, 0, 1, 0, 0, 0, 1, 1, 0, 0], [1, 1, 0, 1, 0, 0, 1, 0, 1, 0, 1, 0, 0, 1, 0, 0, 1, 0, 1, 1, 1, 0, 1, 1, 0], [1, 0, 0, 0, 1, 1, 0, 1, 0, 1, 0, 1, 0, 1, 0, 1, 0, 1, 0, 1, 0, 0, 0, 0, 0], [0, 1, 0, 0, 1, 0, 0, 0, 1, 1, 1, 0, 1, 1, 0, 1, 0, 1, 1, 0, 0, 1, 0, 0, 1], [1, 1, 1, 0, 1, 0, 1, 1, 0, 0, 1, 1, 0, 1, 1, 0, 0, 1, 0, 0, 0, 0, 0, 1, 0], [0, 1, 1, 1, 1, 1, 0, 0, 1, 0, 0, 1, 1, 0, 1, 1, 1, 0, 0, 1, 0, 0, 1, 0, 0], [0, 0, 1, 0, 0, 1, 0, 1, 1, 1, 1, 1, 0, 1, 1, 0, 1, 1, 0, 0, 0, 1, 0, 1, 0], [0, 1, 0, 0, 0, 1, 0, 0, 1, 1, 0, 0, 0, 1, 0, 0, 0, 1, 0, 0, 1, 0, 1, 0, 1], [1, 0, 0, 1, 1, 0, 0, 0, 1, 0, 1, 1, 0, 1, 0, 1, 0, 0, 0, 1, 0, 0, 0, 1, 0]]",20.0,1.0,Y,"{0: 21, 1: 22, 2: 23, 3: 24, 4: 25, 5: 26, 6: 27, 7: 28, 8: 29, 9: 30, 10: 31, 11: 32, 12: 33, 13: 34, 14: 35, 15: 36, 16: 37, 17: 38, 18: 39, 19: 40, 20: 41, 21: 42, 22: 43, 23: 44, 24: 20}",Y,"{0: 21, 1: 22, 2: 23, 3: 24, 4: 25, 5: 26, 6: 27, 7: 28, 8: 29, 9: 30, 10: 31, 11: 32, 12: 33, 13: 34, 14: 35, 15: 36, 16: 37, 17: 38, 18: 39, 19: 40, 20: 41, 21: 42, 22: 43, 23: 44, 24: 20}","{(0, 2): 10, (0, 3): 1, (0, 4): 1, (0, 6): 1, (0, 8): 1, (0, 9): 1, (0, 13): 1, (0, 14): 1, (0, 17): 1, (0, 18): 1, (0, 20): 1, (0, 24): 1, (1, 3): 1, (1, 6): 1, (1, 9): 1, (1, 10): 1, (1, 15): 1, (1, 16): 1, (1, 17): 1, (1, 19): 1, (1, 20): 11, (1, 21): 2, (1, 23): 1, (2, 4): 1, (2, 7): 1, (2, 12): 1, (2, 13): 1, (2, 15): 1, (2, 16): 1, (2, 20): 1, (2, 21): 1, (2, 22): 5, (3, 4): 1, (3, 6): 1, (3, 8): 7, (3, 11): 1, (3, 12): 1, (3, 16): 8, (3, 17): 1, (3, 21): 1, (3, 24): 1, (4, 6): 1, (4, 8): 10, (4, 9): 1, (4, 10): 1, (4, 12): 1, (4, 14): 1, (4, 15): 1, (4, 16): 1, (4, 18): 1, (4, 19): 1, (4, 20): 1, (4, 21): 1, (4, 24): 1, (5, 7): 1, (5, 8): 1, (5, 13): 1, (5, 14): 1, (5, 15): 17, (5, 16): 1, (5, 18): 1, (5, 21): 1, (5, 22): 1, (5, 23): 1, (6, 9): 1, (6, 10): 1, (6, 12): 10, (6, 14): 1, (6, 15): 1, (6, 16): 1, (6, 17): 1, (6, 20): 7, (7, 8): 1, (7, 9): 1, (7, 10): 1, (7, 11): 1, (7, 12): 7, (7, 14): 4, (7, 16): 1, (7, 18): 3, (7, 20): 6, (7, 22): 1, (8, 11): 1, (8, 12): 1, (8, 15): 1, (8, 17): 1, (8, 19): 1, (8, 21): 1, (8, 22): 1, (8, 23): 1, (8, 24): 1, (9, 10): 1, (9, 12): 1, (9, 13): 1, (9, 15): 6, (9, 18): 8, (9, 19): 1, (9, 22): 6, (9, 23): 1, (10, 11): 1, (10, 12): 1, (10, 14): 1, (10, 17): 1, (10, 19): 1, (10, 20): 9, (10, 22): 1, (10, 24): 11, (11, 13): 1, (11, 14): 21, (11, 16): 1, (11, 18): 1, (11, 20): 1, (11, 21): 1, (11, 22): 1, (11, 24): 1, (12, 14): 1, (12, 15): 1, (12, 19): 7, (12, 21): 1, (13, 14): 1, (13, 15): 1, (13, 17): 1, (13, 18): 21, (13, 19): 1, (13, 20): 1, (13, 22): 1, (13, 23): 1, (13, 24): 1, (14, 20): 1, (14, 21): 1, (14, 22): 1, (15, 18): 1, (15, 19): 3, (15, 21): 1, (15, 24): 1, (16, 17): 1, (16, 21): 20, (16, 22): 1, (17, 18): 1, (17, 19): 12, (17, 20): 1, (17, 22): 1, (17, 23): 15, (18, 19): 1, (19, 21): 10, (19, 24): 1, (20, 23): 1, (21, 22): 1, (22, 23): 22, (23, 24): 1}",61.03515625,150.0,25.0,300.0
46.0,Graph with 25 nodes and 150 edges,"[[0, 0, 1, 1, 1, 0, 1, 0, 1, 1, 0, 0, 0, 1, 1, 0, 0, 1, 1, 0, 1, 0, 0, 0, 1], [0, 0, 0, 1, 0, 0, 1, 0, 0, 1, 1, 0, 0, 0, 0, 1, 1, 1, 0, 1, 1, 1, 0, 1, 0], [1, 0, 0, 0, 1, 0, 0, 1, 0, 0, 0, 0, 1, 1, 0, 1, 1, 0, 0, 0, 1, 1, 1, 0, 0], [1, 1, 0, 0, 1, 0, 1, 0, 1, 0, 0, 1, 1, 0, 0, 0, 1, 1, 0, 0, 0, 1, 0, 0, 1], [1, 0, 1, 1, 0, 0, 1, 0, 1, 1, 1, 0, 1, 0, 1, 1, 1, 0, 1, 1, 1, 1, 0, 0, 1], [0, 0, 0, 0, 0, 0, 0, 1, 1, 0, 0, 0, 0, 1, 1, 1, 1, 0, 1, 0, 0, 1, 1, 1, 0], [1, 1, 0, 1, 1, 0, 0, 0, 0, 1, 1, 0, 1, 0, 1, 1, 1, 1, 0, 0, 1, 0, 0, 0, 0], [0, 0, 1, 0, 0, 1, 0, 0, 1, 1, 1, 1, 1, 0, 1, 0, 1, 0, 1, 0, 1, 0, 1, 0, 0], [1, 0, 0, 1, 1, 1, 0, 1, 0, 0, 0, 1, 1, 0, 0, 1, 0, 1, 0, 1, 0, 1, 1, 1, 1], [1, 1, 0, 0, 1, 0, 1, 1, 0, 0, 1, 0, 1, 1, 0, 1, 0, 0, 1, 1, 0, 0, 1, 1, 0], [0, 1, 0, 0, 1, 0, 1, 1, 0, 1, 0, 1, 1, 0, 1, 0, 0, 1, 0, 1, 1, 0, 1, 0, 1], [0, 0, 0, 1, 0, 0, 0, 1, 1, 0, 1, 0, 0, 1, 1, 0, 1, 0, 1, 0, 1, 1, 1, 0, 1], [0, 0, 1, 1, 1, 0, 1, 1, 1, 1, 1, 0, 0, 0, 1, 1, 0, 0, 0, 1, 0, 1, 0, 0, 0], [1, 0, 1, 0, 0, 1, 0, 0, 0, 1, 0, 1, 0, 0, 1, 1, 0, 1, 1, 1, 1, 0, 1, 1, 1], [1, 0, 0, 0, 1, 1, 1, 1, 0, 0, 1, 1, 1, 1, 0, 0, 0, 0, 0, 0, 1, 1, 1, 0, 0], [0, 1, 1, 0, 1, 1, 1, 0, 1, 1, 0, 0, 1, 1, 0, 0, 0, 0, 1, 1, 0, 1, 0, 0, 1], [0, 1, 1, 1, 1, 1, 1, 1, 0, 0, 0, 1, 0, 0, 0, 0, 0, 1, 0, 0, 0, 1, 1, 0, 0], [1, 1, 0, 1, 0, 0, 1, 0, 1, 0, 1, 0, 0, 1, 0, 0, 1, 0, 1, 1, 1, 0, 1, 1, 0], [1, 0, 0, 0, 1, 1, 0, 1, 0, 1, 0, 1, 0, 1, 0, 1, 0, 1, 0, 1, 0, 0, 0, 0, 0], [0, 1, 0, 0, 1, 0, 0, 0, 1, 1, 1, 0, 1, 1, 0, 1, 0, 1, 1, 0, 0, 1, 0, 0, 1], [1, 1, 1, 0, 1, 0, 1, 1, 0, 0, 1, 1, 0, 1, 1, 0, 0, 1, 0, 0, 0, 0, 0, 1, 0], [0, 1, 1, 1, 1, 1, 0, 0, 1, 0, 0, 1, 1, 0, 1, 1, 1, 0, 0, 1, 0, 0, 1, 0, 0], [0, 0, 1, 0, 0, 1, 0, 1, 1, 1, 1, 1, 0, 1, 1, 0, 1, 1, 0, 0, 0, 1, 0, 1, 0], [0, 1, 0, 0, 0, 1, 0, 0, 1, 1, 0, 0, 0, 1, 0, 0, 0, 1, 0, 0, 1, 0, 1, 0, 1], [1, 0, 0, 1, 1, 0, 0, 0, 1, 0, 1, 1, 0, 1, 0, 1, 0, 0, 0, 1, 0, 0, 0, 1, 0]]",26.0,3.0,Y,"{0: 29, 1: 32, 2: 35, 3: 38, 4: 41, 5: 44, 6: 47, 7: 50, 8: 53, 9: 56, 10: 59, 11: 62, 12: 65, 13: 68, 14: 71, 15: 74, 16: 77, 17: 80, 18: 83, 19: 86, 20: 89, 21: 92, 22: 95, 23: 98, 24: 26}",Y,"{0: 29, 1: 32, 2: 35, 3: 38, 4: 41, 5: 44, 6: 47, 7: 50, 8: 53, 9: 56, 10: 59, 11: 62, 12: 65, 13: 68, 14: 71, 15: 74, 16: 77, 17: 80, 18: 83, 19: 86, 20: 89, 21: 92, 22: 95, 23: 98, 24: 26}","{(0, 2): 1, (0, 3): 1, (0, 4): 1, (0, 6): 1, (0, 8): 1, (0, 9): 1, (0, 13): 1, (0, 14): 1, (0, 17): 1, (0, 18): 18, (0, 20): 1, (0, 24): 1, (1, 3): 1, (1, 6): 1, (1, 9): 1, (1, 10): 1, (1, 15): 1, (1, 16): 1, (1, 17): 1, (1, 19): 1, (1, 20): 1, (1, 21): 22, (1, 23): 1, (2, 4): 1, (2, 7): 1, (2, 12): 1, (2, 13): 1, (2, 15): 1, (2, 16): 1, (2, 20): 1, (2, 21): 1, (2, 22): 26, (3, 4): 1, (3, 6): 1, (3, 8): 1, (3, 11): 12, (3, 12): 1, (3, 16): 1, (3, 17): 17, (3, 21): 1, (3, 24): 1, (4, 6): 1, (4, 8): 1, (4, 9): 1, (4, 10): 1, (4, 12): 1, (4, 14): 2, (4, 15): 1, (4, 16): 1, (4, 18): 1, (4, 19): 25, (4, 20): 1, (4, 21): 1, (4, 24): 1, (5, 7): 1, (5, 8): 1, (5, 13): 1, (5, 14): 1, (5, 15): 1, (5, 16): 18, (5, 18): 1, (5, 21): 1, (5, 22): 18, (5, 23): 1, (6, 9): 1, (6, 10): 36, (6, 12): 1, (6, 14): 1, (6, 15): 1, (6, 16): 1, (6, 17): 1, (6, 20): 1, (7, 8): 1, (7, 9): 1, (7, 10): 1, (7, 11): 1, (7, 12): 1, (7, 14): 1, (7, 16): 1, (7, 18): 1, (7, 20): 1, (7, 22): 39, (8, 11): 40, (8, 12): 1, (8, 15): 1, (8, 17): 1, (8, 19): 1, (8, 21): 1, (8, 22): 1, (8, 23): 1, (8, 24): 1, (9, 10): 1, (9, 12): 44, (9, 13): 1, (9, 15): 1, (9, 18): 1, (9, 19): 1, (9, 22): 1, (9, 23): 1, (10, 11): 1, (10, 12): 1, (10, 14): 1, (10, 17): 1, (10, 19): 12, (10, 20): 1, (10, 22): 1, (10, 24): 1, (11, 13): 1, (11, 14): 1, (11, 16): 1, (11, 18): 1, (11, 20): 1, (11, 21): 1, (11, 22): 1, (11, 24): 1, (12, 14): 1, (12, 15): 1, (12, 19): 11, (12, 21): 1, (13, 14): 1, (13, 15): 16, (13, 17): 1, (13, 18): 11, (13, 19): 30, (13, 20): 1, (13, 22): 1, (13, 23): 1, (13, 24): 1, (14, 20): 1, (14, 21): 59, (14, 22): 1, (15, 18): 47, (15, 19): 1, (15, 21): 1, (15, 24): 1, (16, 17): 48, (16, 21): 1, (16, 22): 3, (17, 18): 1, (17, 19): 1, (17, 20): 5, (17, 22): 1, (17, 23): 1, (18, 19): 1, (19, 21): 1, (19, 24): 1, (20, 23): 74, (21, 22): 1, (22, 23): 1, (23, 24): 17}",1404.0470123291016,150.0,25.0,300.0
47.0,Graph with 25 nodes and 133 edges,"[[0, 1, 1, 0, 0, 1, 1, 1, 1, 0, 1, 1, 1, 1, 0, 1, 0, 1, 1, 0, 1, 0, 0, 0, 1], [1, 0, 1, 1, 0, 1, 0, 1, 1, 0, 1, 0, 0, 1, 1, 1, 1, 1, 1, 1, 0, 0, 0, 0, 0], [1, 1, 0, 1, 0, 0, 0, 0, 0, 1, 1, 0, 1, 0, 1, 0, 1, 1, 1, 0, 0, 0, 1, 0, 1], [0, 1, 1, 0, 1, 1, 1, 1, 0, 0, 0, 0, 1, 1, 0, 0, 1, 1, 0, 1, 0, 1, 0, 1, 0], [0, 0, 0, 1, 0, 1, 1, 1, 1, 0, 1, 0, 0, 1, 1, 0, 0, 1, 1, 0, 1, 0, 1, 0, 1], [1, 1, 0, 1, 1, 0, 1, 0, 0, 0, 0, 1, 1, 1, 0, 0, 0, 1, 0, 0, 0, 0, 1, 1, 1], [1, 0, 0, 1, 1, 1, 0, 1, 1, 0, 0, 1, 1, 0, 1, 1, 0, 0, 0, 0, 0, 1, 1, 1, 0], [1, 1, 0, 1, 1, 0, 1, 0, 0, 1, 0, 1, 0, 0, 0, 0, 1, 0, 1, 0, 0, 1, 0, 0, 1], [1, 1, 0, 0, 1, 0, 1, 0, 0, 0, 0, 0, 1, 1, 0, 0, 1, 1, 0, 0, 0, 0, 0, 0, 1], [0, 0, 1, 0, 0, 0, 0, 1, 0, 0, 1, 1, 0, 1, 1, 0, 1, 0, 0, 0, 1, 0, 0, 0, 1], [1, 1, 1, 0, 1, 0, 0, 0, 0, 1, 0, 0, 0, 0, 1, 1, 0, 0, 1, 1, 0, 0, 0, 1, 1], [1, 0, 0, 0, 0, 1, 1, 1, 0, 1, 0, 0, 0, 0, 0, 1, 1, 0, 0, 1, 0, 0, 0, 0, 0], [1, 0, 1, 1, 0, 1, 1, 0, 1, 0, 0, 0, 0, 0, 0, 0, 1, 0, 0, 1, 0, 0, 0, 1, 1], [1, 1, 0, 1, 1, 1, 0, 0, 1, 1, 0, 0, 0, 0, 0, 0, 0, 0, 0, 0, 0, 0, 1, 0, 0], [0, 1, 1, 0, 1, 0, 1, 0, 0, 1, 1, 0, 0, 0, 0, 1, 0, 0, 1, 0, 1, 0, 1, 1, 0], [1, 1, 0, 0, 0, 0, 1, 0, 0, 0, 1, 1, 0, 0, 1, 0, 1, 1, 0, 1, 1, 0, 0, 0, 1], [0, 1, 1, 1, 0, 0, 0, 1, 1, 1, 0, 1, 1, 0, 0, 1, 0, 1, 1, 0, 0, 0, 0, 0, 0], [1, 1, 1, 1, 1, 1, 0, 0, 1, 0, 0, 0, 0, 0, 0, 1, 1, 0, 1, 1, 0, 0, 1, 1, 0], [1, 1, 1, 0, 1, 0, 0, 1, 0, 0, 1, 0, 0, 0, 1, 0, 1, 1, 0, 0, 1, 0, 0, 1, 0], [0, 1, 0, 1, 0, 0, 0, 0, 0, 0, 1, 1, 1, 0, 0, 1, 0, 1, 0, 0, 1, 0, 1, 0, 1], [1, 0, 0, 0, 1, 0, 0, 0, 0, 1, 0, 0, 0, 0, 1, 1, 0, 0, 1, 1, 0, 0, 0, 1, 0], [0, 0, 0, 1, 0, 0, 1, 1, 0, 0, 0, 0, 0, 0, 0, 0, 0, 0, 0, 0, 0, 0, 0, 1, 0], [0, 0, 1, 0, 1, 1, 1, 0, 0, 0, 0, 0, 0, 1, 1, 0, 0, 1, 0, 1, 0, 0, 0, 0, 0], [0, 0, 0, 1, 0, 1, 1, 0, 0, 0, 1, 0, 1, 0, 1, 0, 0, 1, 1, 0, 1, 1, 0, 0, 0], [1, 0, 1, 0, 1, 1, 0, 1, 1, 1, 1, 0, 1, 0, 0, 1, 0, 0, 0, 1, 0, 0, 0, 0, 0]]",6.0,7.0,Y,"{0: 27, 1: 34, 2: 20, 3: 41, 4: 48, 5: 55, 6: 62, 7: 69, 8: 76, 9: 83, 10: 90, 11: 97, 12: 104, 13: 111, 14: 118, 15: 125, 16: 132, 17: 139, 18: 146, 19: 153, 20: 160, 21: 6, 22: 167, 23: 174, 24: 13}",Y,"{0: 27, 1: 34, 2: 20, 3: 41, 4: 48, 5: 55, 6: 62, 7: 69, 8: 76, 9: 83, 10: 90, 11: 97, 12: 104, 13: 111, 14: 118, 15: 125, 16: 132, 17: 139, 18: 146, 19: 153, 20: 160, 21: 6, 22: 167, 23: 174, 24: 13}","{(0, 1): 1, (0, 2): 1, (0, 5): 1, (0, 6): 1, (0, 7): 1, (0, 8): 1, (0, 10): 1, (0, 11): 1, (0, 12): 1, (0, 13): 1, (0, 15): 1, (0, 17): 1, (0, 18): 1, (0, 20): 13, (0, 24): 1, (1, 2): 1, (1, 3): 1, (1, 5): 1, (1, 7): 1, (1, 8): 21, (1, 10): 1, (1, 13): 1, (1, 14): 1, (1, 15): 1, (1, 16): 1, (1, 17): 1, (1, 18): 1, (1, 19): 1, (2, 3): 1, (2, 9): 1, (2, 10): 1, (2, 12): 1, (2, 14): 1, (2, 16): 1, (2, 17): 1, (2, 18): 1, (2, 22): 9, (2, 24): 1, (3, 4): 1, (3, 5): 1, (3, 6): 1, (3, 7): 1, (3, 12): 1, (3, 13): 1, (3, 16): 1, (3, 17): 1, (3, 19): 1, (3, 21): 1, (3, 23): 29, (4, 5): 1, (4, 6): 1, (4, 7): 1, (4, 8): 1, (4, 10): 1, (4, 13): 1, (4, 14): 1, (4, 17): 1, (4, 18): 1, (4, 20): 24, (4, 22): 13, (4, 24): 1, (5, 6): 1, (5, 11): 1, (5, 12): 1, (5, 13): 44, (5, 17): 1, (5, 22): 1, (5, 23): 1, (5, 24): 1, (6, 7): 1, (6, 8): 1, (6, 11): 1, (6, 12): 1, (6, 14): 1, (6, 15): 1, (6, 21): 1, (6, 22): 50, (6, 23): 1, (7, 9): 1, (7, 11): 59, (7, 16): 1, (7, 18): 1, (7, 21): 1, (7, 24): 1, (8, 12): 1, (8, 13): 1, (8, 16): 1, (8, 17): 46, (8, 24): 3, (9, 10): 1, (9, 11): 1, (9, 13): 1, (9, 14): 75, (9, 16): 1, (9, 20): 1, (9, 24): 1, (10, 14): 1, (10, 15): 1, (10, 18): 80, (10, 19): 1, (10, 23): 1, (10, 24): 1, (11, 15): 32, (11, 16): 1, (11, 19): 1, (12, 16): 1, (12, 19): 95, (12, 23): 1, (12, 24): 1, (13, 22): 61, (14, 15): 1, (14, 18): 1, (14, 20): 1, (14, 22): 31, (14, 23): 4, (15, 16): 66, (15, 17): 1, (15, 19): 1, (15, 20): 19, (15, 24): 1, (16, 17): 1, (16, 18): 57, (17, 18): 1, (17, 19): 1, (17, 22): 1, (17, 23): 82, (18, 20): 1, (18, 23): 1, (19, 20): 50, (19, 22): 1, (19, 24): 1, (20, 23): 51, (21, 23): 3}",1559.9727630615234,133.0,25.0,266.0
48.0,Graph with 25 nodes and 158 edges,"[[0, 1, 1, 0, 1, 0, 0, 1, 0, 1, 0, 1, 0, 0, 1, 1, 1, 1, 0, 1, 1, 1, 1, 1, 1], [1, 0, 1, 0, 0, 0, 0, 0, 1, 0, 1, 1, 0, 1, 1, 0, 1, 0, 0, 0, 1, 0, 0, 1, 0], [1, 1, 0, 0, 0, 1, 1, 1, 0, 0, 1, 0, 1, 1, 1, 1, 1, 0, 0, 1, 0, 1, 0, 0, 0], [0, 0, 0, 0, 1, 1, 0, 0, 1, 1, 1, 0, 0, 1, 0, 0, 0, 1, 0, 1, 1, 1, 1, 1, 1], [1, 0, 0, 1, 0, 1, 1, 0, 0, 0, 1, 1, 1, 0, 1, 1, 0, 1, 1, 0, 1, 1, 0, 1, 0], [0, 0, 1, 1, 1, 0, 0, 0, 1, 1, 0, 1, 1, 1, 1, 0, 0, 1, 1, 1, 0, 0, 0, 0, 0], [0, 0, 1, 0, 1, 0, 0, 0, 0, 0, 0, 0, 1, 0, 1, 0, 0, 0, 1, 1, 1, 1, 1, 0, 0], [1, 0, 1, 0, 0, 0, 0, 0, 1, 1, 0, 1, 0, 0, 0, 1, 1, 0, 1, 0, 1, 1, 0, 1, 0], [0, 1, 0, 1, 0, 1, 0, 1, 0, 1, 1, 1, 0, 1, 1, 1, 0, 1, 1, 1, 1, 1, 0, 0, 1], [1, 0, 0, 1, 0, 1, 0, 1, 1, 0, 1, 0, 0, 0, 0, 0, 0, 1, 0, 1, 1, 0, 1, 1, 1], [0, 1, 1, 1, 1, 0, 0, 0, 1, 1, 0, 0, 0, 0, 1, 0, 1, 1, 0, 0, 0, 0, 1, 1, 1], [1, 1, 0, 0, 1, 1, 0, 1, 1, 0, 0, 0, 0, 1, 0, 0, 1, 0, 1, 1, 0, 1, 1, 1, 1], [0, 0, 1, 0, 1, 1, 1, 0, 0, 0, 0, 0, 0, 0, 1, 1, 0, 1, 1, 0, 0, 0, 0, 1, 0], [0, 1, 1, 1, 0, 1, 0, 0, 1, 0, 0, 1, 0, 0, 0, 1, 0, 0, 0, 1, 0, 1, 0, 1, 1], [1, 1, 1, 0, 1, 1, 1, 0, 1, 0, 1, 0, 1, 0, 0, 1, 1, 1, 1, 1, 0, 0, 0, 1, 0], [1, 0, 1, 0, 1, 0, 0, 1, 1, 0, 0, 0, 1, 1, 1, 0, 1, 1, 1, 1, 1, 1, 0, 0, 0], [1, 1, 1, 0, 0, 0, 0, 1, 0, 0, 1, 1, 0, 0, 1, 1, 0, 0, 1, 1, 0, 1, 0, 1, 1], [1, 0, 0, 1, 1, 1, 0, 0, 1, 1, 1, 0, 1, 0, 1, 1, 0, 0, 1, 1, 0, 0, 0, 1, 0], [0, 0, 0, 0, 1, 1, 1, 1, 1, 0, 0, 1, 1, 0, 1, 1, 1, 1, 0, 1, 0, 0, 0, 1, 0], [1, 0, 1, 1, 0, 1, 1, 0, 1, 1, 0, 1, 0, 1, 1, 1, 1, 1, 1, 0, 0, 1, 0, 1, 1], [1, 1, 0, 1, 1, 0, 1, 1, 1, 1, 0, 0, 0, 0, 0, 1, 0, 0, 0, 0, 0, 1, 0, 0, 1], [1, 0, 1, 1, 1, 0, 1, 1, 1, 0, 0, 1, 0, 1, 0, 1, 1, 0, 0, 1, 1, 0, 0, 0, 1], [1, 0, 0, 1, 0, 0, 1, 0, 0, 1, 1, 1, 0, 0, 0, 0, 0, 0, 0, 0, 0, 0, 0, 1, 0], [1, 1, 0, 1, 1, 0, 0, 1, 0, 1, 1, 1, 1, 1, 1, 0, 1, 1, 1, 1, 0, 0, 1, 0, 0], [1, 0, 0, 1, 0, 0, 0, 0, 1, 1, 1, 1, 0, 1, 0, 0, 1, 0, 0, 1, 1, 1, 0, 0, 0]]",18.0,9.0,Y,"{0: 27, 1: 36, 2: 45, 3: 54, 4: 63, 5: 72, 6: 81, 7: 90, 8: 99, 9: 108, 10: 117, 11: 126, 12: 135, 13: 144, 14: 153, 15: 162, 16: 171, 17: 180, 18: 189, 19: 198, 20: 207, 21: 216, 22: 225, 23: 234, 24: 18}",Y,"{0: 27, 1: 36, 2: 45, 3: 54, 4: 63, 5: 72, 6: 81, 7: 90, 8: 99, 9: 108, 10: 117, 11: 126, 12: 135, 13: 144, 14: 153, 15: 162, 16: 171, 17: 180, 18: 189, 19: 198, 20: 207, 21: 216, 22: 225, 23: 234, 24: 18}","{(0, 1): 2, (0, 2): 1, (0, 4): 1, (0, 7): 1, (0, 9): 1, (0, 11): 1, (0, 14): 1, (0, 15): 1, (0, 16): 1, (0, 17): 1, (0, 19): 1, (0, 20): 11, (0, 21): 1, (0, 22): 1, (0, 23): 1, (0, 24): 1, (1, 2): 1, (1, 8): 1, (1, 10): 1, (1, 11): 1, (1, 13): 5, (1, 14): 1, (1, 16): 1, (1, 20): 22, (1, 23): 1, (2, 5): 1, (2, 6): 1, (2, 7): 1, (2, 10): 1, (2, 12): 1, (2, 13): 1, (2, 14): 1, (2, 15): 1, (2, 16): 6, (2, 19): 1, (2, 21): 28, (3, 4): 1, (3, 5): 1, (3, 8): 1, (3, 9): 1, (3, 10): 7, (3, 13): 11, (3, 17): 11, (3, 19): 16, (3, 20): 1, (3, 21): 1, (3, 22): 1, (3, 23): 1, (3, 24): 1, (4, 5): 1, (4, 6): 1, (4, 10): 1, (4, 11): 1, (4, 12): 1, (4, 14): 1, (4, 15): 1, (4, 17): 1, (4, 18): 6, (4, 20): 1, (4, 21): 45, (4, 23): 1, (5, 8): 1, (5, 9): 1, (5, 11): 1, (5, 12): 50, (5, 13): 1, (5, 14): 1, (5, 17): 7, (5, 18): 6, (5, 19): 1, (6, 12): 11, (6, 14): 1, (6, 18): 1, (6, 19): 1, (6, 20): 57, (6, 21): 1, (6, 22): 7, (7, 8): 1, (7, 9): 1, (7, 11): 1, (7, 15): 1, (7, 16): 23, (7, 18): 1, (7, 20): 39, (7, 21): 20, (7, 23): 1, (8, 9): 1, (8, 10): 18, (8, 11): 1, (8, 13): 2, (8, 14): 1, (8, 15): 1, (8, 17): 2, (8, 18): 1, (8, 19): 1, (8, 20): 55, (8, 21): 11, (8, 24): 1, (9, 10): 1, (9, 17): 21, (9, 19): 1, (9, 20): 1, (9, 22): 77, (9, 23): 1, (9, 24): 1, (10, 14): 11, (10, 16): 1, (10, 17): 63, (10, 22): 11, (10, 23): 1, (10, 24): 1, (11, 13): 11, (11, 16): 1, (11, 18): 7, (11, 19): 1, (11, 21): 1, (11, 22): 17, (11, 23): 81, (11, 24): 1, (12, 14): 12, (12, 15): 1, (12, 17): 1, (12, 18): 57, (12, 23): 1, (13, 15): 41, (13, 19): 61, (13, 21): 1, (13, 23): 9, (13, 24): 1, (14, 15): 62, (14, 16): 1, (14, 17): 35, (14, 18): 17, (14, 19): 7, (14, 23): 1, (15, 16): 18, (15, 17): 6, (15, 18): 11, (15, 19): 11, (15, 20): 1, (15, 21): 6, (16, 18): 79, (16, 19): 1, (16, 21): 17, (16, 23): 21, (16, 24): 1, (17, 18): 1, (17, 19): 30, (17, 23): 1, (18, 19): 1, (18, 23): 1, (19, 21): 62, (19, 23): 1, (19, 24): 1, (20, 21): 16, (20, 24): 3, (21, 24): 6, (22, 23): 111}",115.87142944335938,158.0,25.0,316.0
48.0,Graph with 25 nodes and 158 edges,"[[0, 1, 1, 0, 1, 0, 0, 1, 0, 1, 0, 1, 0, 0, 1, 1, 1, 1, 0, 1, 1, 1, 1, 1, 1], [1, 0, 1, 0, 0, 0, 0, 0, 1, 0, 1, 1, 0, 1, 1, 0, 1, 0, 0, 0, 1, 0, 0, 1, 0], [1, 1, 0, 0, 0, 1, 1, 1, 0, 0, 1, 0, 1, 1, 1, 1, 1, 0, 0, 1, 0, 1, 0, 0, 0], [0, 0, 0, 0, 1, 1, 0, 0, 1, 1, 1, 0, 0, 1, 0, 0, 0, 1, 0, 1, 1, 1, 1, 1, 1], [1, 0, 0, 1, 0, 1, 1, 0, 0, 0, 1, 1, 1, 0, 1, 1, 0, 1, 1, 0, 1, 1, 0, 1, 0], [0, 0, 1, 1, 1, 0, 0, 0, 1, 1, 0, 1, 1, 1, 1, 0, 0, 1, 1, 1, 0, 0, 0, 0, 0], [0, 0, 1, 0, 1, 0, 0, 0, 0, 0, 0, 0, 1, 0, 1, 0, 0, 0, 1, 1, 1, 1, 1, 0, 0], [1, 0, 1, 0, 0, 0, 0, 0, 1, 1, 0, 1, 0, 0, 0, 1, 1, 0, 1, 0, 1, 1, 0, 1, 0], [0, 1, 0, 1, 0, 1, 0, 1, 0, 1, 1, 1, 0, 1, 1, 1, 0, 1, 1, 1, 1, 1, 0, 0, 1], [1, 0, 0, 1, 0, 1, 0, 1, 1, 0, 1, 0, 0, 0, 0, 0, 0, 1, 0, 1, 1, 0, 1, 1, 1], [0, 1, 1, 1, 1, 0, 0, 0, 1, 1, 0, 0, 0, 0, 1, 0, 1, 1, 0, 0, 0, 0, 1, 1, 1], [1, 1, 0, 0, 1, 1, 0, 1, 1, 0, 0, 0, 0, 1, 0, 0, 1, 0, 1, 1, 0, 1, 1, 1, 1], [0, 0, 1, 0, 1, 1, 1, 0, 0, 0, 0, 0, 0, 0, 1, 1, 0, 1, 1, 0, 0, 0, 0, 1, 0], [0, 1, 1, 1, 0, 1, 0, 0, 1, 0, 0, 1, 0, 0, 0, 1, 0, 0, 0, 1, 0, 1, 0, 1, 1], [1, 1, 1, 0, 1, 1, 1, 0, 1, 0, 1, 0, 1, 0, 0, 1, 1, 1, 1, 1, 0, 0, 0, 1, 0], [1, 0, 1, 0, 1, 0, 0, 1, 1, 0, 0, 0, 1, 1, 1, 0, 1, 1, 1, 1, 1, 1, 0, 0, 0], [1, 1, 1, 0, 0, 0, 0, 1, 0, 0, 1, 1, 0, 0, 1, 1, 0, 0, 1, 1, 0, 1, 0, 1, 1], [1, 0, 0, 1, 1, 1, 0, 0, 1, 1, 1, 0, 1, 0, 1, 1, 0, 0, 1, 1, 0, 0, 0, 1, 0], [0, 0, 0, 0, 1, 1, 1, 1, 1, 0, 0, 1, 1, 0, 1, 1, 1, 1, 0, 1, 0, 0, 0, 1, 0], [1, 0, 1, 1, 0, 1, 1, 0, 1, 1, 0, 1, 0, 1, 1, 1, 1, 1, 1, 0, 0, 1, 0, 1, 1], [1, 1, 0, 1, 1, 0, 1, 1, 1, 1, 0, 0, 0, 0, 0, 1, 0, 0, 0, 0, 0, 1, 0, 0, 1], [1, 0, 1, 1, 1, 0, 1, 1, 1, 0, 0, 1, 0, 1, 0, 1, 1, 0, 0, 1, 1, 0, 0, 0, 1], [1, 0, 0, 1, 0, 0, 1, 0, 0, 1, 1, 1, 0, 0, 0, 0, 0, 0, 0, 0, 0, 0, 0, 1, 0], [1, 1, 0, 1, 1, 0, 0, 1, 0, 1, 1, 1, 1, 1, 1, 0, 1, 1, 1, 1, 0, 0, 1, 0, 0], [1, 0, 0, 1, 0, 0, 0, 0, 1, 1, 1, 1, 0, 1, 0, 0, 1, 0, 0, 1, 1, 1, 0, 0, 0]]",28.0,2.0,Y,"{0: 76, 1: 74, 2: 72, 3: 70, 4: 68, 5: 66, 6: 64, 7: 62, 8: 60, 9: 58, 10: 56, 11: 54, 12: 52, 13: 50, 14: 48, 15: 46, 16: 44, 17: 42, 18: 40, 19: 38, 20: 36, 21: 34, 22: 32, 23: 30, 24: 28}",Y,"{0: 76, 1: 74, 2: 72, 3: 70, 4: 68, 5: 66, 6: 64, 7: 62, 8: 60, 9: 58, 10: 56, 11: 54, 12: 52, 13: 50, 14: 48, 15: 46, 16: 44, 17: 42, 18: 40, 19: 38, 20: 36, 21: 34, 22: 32, 23: 30, 24: 28}","{(0, 1): 31, (0, 2): 4, (0, 4): 1, (0, 7): 1, (0, 9): 3, (0, 11): 1, (0, 14): 3, (0, 15): 1, (0, 16): 1, (0, 17): 1, (0, 19): 1, (0, 20): 1, (0, 21): 1, (0, 22): 16, (0, 23): 1, (0, 24): 9, (1, 2): 1, (1, 8): 1, (1, 10): 7, (1, 11): 15, (1, 13): 8, (1, 14): 1, (1, 16): 6, (1, 20): 3, (1, 23): 1, (2, 5): 3, (2, 6): 14, (2, 7): 36, (2, 10): 1, (2, 12): 1, (2, 13): 1, (2, 14): 7, (2, 15): 1, (2, 16): 1, (2, 19): 1, (2, 21): 1, (3, 4): 5, (3, 5): 5, (3, 8): 4, (3, 9): 9, (3, 10): 23, (3, 13): 1, (3, 17): 9, (3, 19): 1, (3, 20): 1, (3, 21): 1, (3, 22): 7, (3, 23): 3, (3, 24): 1, (4, 5): 1, (4, 6): 23, (4, 10): 1, (4, 11): 1, (4, 12): 5, (4, 14): 1, (4, 15): 5, (4, 17): 1, (4, 18): 15, (4, 20): 7, (4, 21): 1, (4, 23): 1, (5, 8): 12, (5, 9): 13, (5, 11): 1, (5, 12): 24, (5, 13): 1, (5, 14): 1, (5, 17): 1, (5, 18): 3, (5, 19): 1, (6, 12): 7, (6, 14): 1, (6, 18): 7, (6, 19): 5, (6, 20): 1, (6, 21): 4, (6, 22): 2, (7, 8): 1, (7, 9): 6, (7, 11): 1, (7, 15): 1, (7, 16): 1, (7, 18): 1, (7, 20): 5, (7, 21): 2, (7, 23): 7, (8, 9): 1, (8, 10): 1, (8, 11): 1, (8, 13): 1, (8, 14): 9, (8, 15): 2, (8, 17): 1, (8, 18): 1, (8, 19): 1, (8, 20): 14, (8, 21): 1, (8, 24): 9, (9, 10): 16, (9, 17): 5, (9, 19): 1, (9, 20): 1, (9, 22): 1, (9, 23): 1, (9, 24): 1, (10, 14): 1, (10, 16): 1, (10, 17): 1, (10, 22): 2, (10, 23): 1, (10, 24): 1, (11, 13): 24, (11, 16): 1, (11, 18): 1, (11, 19): 1, (11, 21): 3, (11, 22): 1, (11, 23): 1, (11, 24): 2, (12, 14): 9, (12, 15): 1, (12, 17): 3, (12, 18): 1, (12, 23): 1, (13, 15): 1, (13, 19): 6, (13, 21): 1, (13, 23): 5, (13, 24): 1, (14, 15): 1, (14, 16): 1, (14, 17): 10, (14, 18): 1, (14, 19): 1, (14, 23): 1, (15, 16): 16, (15, 17): 7, (15, 18): 1, (15, 19): 3, (15, 20): 1, (15, 21): 5, (16, 18): 1, (16, 19): 4, (16, 21): 9, (16, 23): 1, (16, 24): 1, (17, 18): 1, (17, 19): 1, (17, 23): 1, (18, 19): 6, (18, 23): 1, (19, 21): 3, (19, 23): 1, (19, 24): 1, (20, 21): 1, (20, 24): 1, (21, 24): 1, (22, 23): 3}",110.14938354492188,158.0,25.0,316.0
49.0,Graph with 25 nodes and 146 edges,"[[0, 0, 1, 1, 0, 1, 1, 1, 0, 0, 1, 0, 0, 0, 0, 0, 1, 1, 1, 1, 0, 1, 0, 0, 1], [0, 0, 1, 1, 0, 1, 0, 0, 1, 0, 1, 0, 0, 1, 0, 0, 0, 0, 0, 1, 0, 1, 1, 1, 1], [1, 1, 0, 1, 1, 0, 1, 0, 1, 1, 1, 1, 1, 0, 0, 1, 0, 0, 1, 1, 1, 0, 0, 0, 0], [1, 1, 1, 0, 0, 1, 0, 1, 1, 0, 0, 1, 1, 0, 1, 0, 1, 0, 1, 1, 0, 0, 1, 0, 0], [0, 0, 1, 0, 0, 1, 0, 1, 1, 1, 0, 0, 1, 0, 0, 1, 0, 0, 0, 1, 0, 1, 1, 1, 1], [1, 1, 0, 1, 1, 0, 0, 0, 0, 0, 0, 1, 1, 0, 1, 1, 0, 1, 1, 0, 0, 1, 0, 0, 1], [1, 0, 1, 0, 0, 0, 0, 0, 0, 1, 0, 0, 0, 1, 1, 0, 1, 0, 1, 1, 0, 1, 0, 1, 1], [1, 0, 0, 1, 1, 0, 0, 0, 0, 0, 1, 1, 1, 0, 1, 1, 1, 1, 0, 1, 0, 1, 1, 0, 1], [0, 1, 1, 1, 1, 0, 0, 0, 0, 0, 1, 0, 0, 0, 1, 1, 1, 0, 1, 0, 1, 1, 0, 0, 0], [0, 0, 1, 0, 1, 0, 1, 0, 0, 0, 1, 1, 1, 1, 0, 0, 0, 1, 0, 0, 0, 1, 0, 0, 0], [1, 1, 1, 0, 0, 0, 0, 1, 1, 1, 0, 0, 0, 0, 0, 1, 1, 1, 1, 1, 1, 1, 0, 1, 1], [0, 0, 1, 1, 0, 1, 0, 1, 0, 1, 0, 0, 1, 0, 0, 0, 0, 1, 0, 0, 1, 0, 1, 0, 0], [0, 0, 1, 1, 1, 1, 0, 1, 0, 1, 0, 1, 0, 1, 1, 1, 0, 1, 1, 1, 1, 1, 1, 0, 0], [0, 1, 0, 0, 0, 0, 1, 0, 0, 1, 0, 0, 1, 0, 1, 1, 0, 0, 1, 0, 0, 1, 1, 0, 1], [0, 0, 0, 1, 0, 1, 1, 1, 1, 0, 0, 0, 1, 1, 0, 0, 0, 0, 0, 0, 1, 0, 1, 1, 0], [0, 0, 1, 0, 1, 1, 0, 1, 1, 0, 1, 0, 1, 1, 0, 0, 1, 1, 1, 0, 0, 0, 1, 0, 1], [1, 0, 0, 1, 0, 0, 1, 1, 1, 0, 1, 0, 0, 0, 0, 1, 0, 0, 0, 0, 1, 0, 0, 0, 1], [1, 0, 0, 0, 0, 1, 0, 1, 0, 1, 1, 1, 1, 0, 0, 1, 0, 0, 0, 0, 0, 1, 0, 0, 0], [1, 0, 1, 1, 0, 1, 1, 0, 1, 0, 1, 0, 1, 1, 0, 1, 0, 0, 0, 1, 1, 1, 1, 0, 0], [1, 1, 1, 1, 1, 0, 1, 1, 0, 0, 1, 0, 1, 0, 0, 0, 0, 0, 1, 0, 0, 0, 0, 0, 1], [0, 0, 1, 0, 0, 0, 0, 0, 1, 0, 1, 1, 1, 0, 1, 0, 1, 0, 1, 0, 0, 0, 1, 1, 0], [1, 1, 0, 0, 1, 1, 1, 1, 1, 1, 1, 0, 1, 1, 0, 0, 0, 1, 1, 0, 0, 0, 0, 1, 1], [0, 1, 0, 1, 1, 0, 0, 1, 0, 0, 0, 1, 1, 1, 1, 1, 0, 0, 1, 0, 1, 0, 0, 1, 0], [0, 1, 0, 0, 1, 0, 1, 0, 0, 0, 1, 0, 0, 0, 1, 0, 0, 0, 0, 0, 1, 1, 1, 0, 0], [1, 1, 0, 0, 1, 1, 1, 1, 0, 0, 1, 0, 0, 1, 0, 1, 1, 0, 0, 1, 0, 1, 0, 0, 0]]",14.0,2.0,Y,"{0: 62, 1: 60, 2: 58, 3: 56, 4: 54, 5: 52, 6: 50, 7: 48, 8: 46, 9: 44, 10: 42, 11: 40, 12: 38, 13: 36, 14: 34, 15: 32, 16: 30, 17: 28, 18: 26, 19: 24, 20: 22, 21: 20, 22: 18, 23: 16, 24: 14}",Y,"{0: 62, 1: 60, 2: 58, 3: 56, 4: 54, 5: 52, 6: 50, 7: 48, 8: 46, 9: 44, 10: 42, 11: 40, 12: 38, 13: 36, 14: 34, 15: 32, 16: 30, 17: 28, 18: 26, 19: 24, 20: 22, 21: 20, 22: 18, 23: 16, 24: 14}","{(0, 2): 12, (0, 3): 23, (0, 5): 4, (0, 6): 3, (0, 7): 5, (0, 10): 1, (0, 16): 1, (0, 17): 7, (0, 18): 3, (0, 19): 1, (0, 21): 1, (0, 24): 1, (1, 2): 27, (1, 3): 5, (1, 5): 3, (1, 8): 6, (1, 10): 1, (1, 13): 1, (1, 19): 1, (1, 21): 6, (1, 22): 7, (1, 23): 1, (1, 24): 2, (2, 3): 1, (2, 4): 1, (2, 6): 1, (2, 8): 1, (2, 9): 1, (2, 10): 1, (2, 11): 4, (2, 12): 3, (2, 15): 1, (2, 18): 1, (2, 19): 1, (2, 20): 3, (3, 5): 1, (3, 7): 1, (3, 8): 3, (3, 11): 1, (3, 12): 1, (3, 14): 3, (3, 16): 11, (3, 18): 4, (3, 19): 1, (3, 22): 1, (4, 5): 7, (4, 7): 3, (4, 8): 3, (4, 9): 30, (4, 12): 1, (4, 15): 4, (4, 19): 1, (4, 21): 1, (4, 22): 1, (4, 23): 1, (4, 24): 1, (5, 11): 24, (5, 12): 1, (5, 14): 7, (5, 15): 1, (5, 17): 1, (5, 18): 1, (5, 21): 1, (5, 24): 1, (6, 9): 5, (6, 13): 21, (6, 14): 3, (6, 16): 1, (6, 18): 1, (6, 19): 4, (6, 21): 1, (6, 23): 9, (6, 24): 1, (7, 10): 13, (7, 11): 1, (7, 12): 1, (7, 14): 10, (7, 15): 1, (7, 16): 3, (7, 17): 6, (7, 19): 1, (7, 21): 1, (7, 22): 1, (7, 24): 1, (8, 10): 13, (8, 14): 1, (8, 15): 5, (8, 16): 9, (8, 18): 1, (8, 20): 3, (8, 21): 1, (9, 10): 3, (9, 11): 1, (9, 12): 1, (9, 13): 1, (9, 17): 1, (9, 21): 1, (10, 15): 1, (10, 16): 1, (10, 17): 1, (10, 18): 2, (10, 19): 1, (10, 20): 1, (10, 21): 1, (10, 23): 1, (10, 24): 1, (11, 12): 3, (11, 17): 1, (11, 20): 4, (11, 22): 1, (12, 13): 1, (12, 14): 1, (12, 15): 1, (12, 17): 4, (12, 18): 7, (12, 19): 10, (12, 20): 1, (12, 21): 1, (12, 22): 1, (13, 14): 1, (13, 15): 7, (13, 18): 1, (13, 21): 1, (13, 22): 1, (13, 24): 1, (14, 20): 6, (14, 22): 1, (14, 23): 1, (15, 16): 2, (15, 17): 6, (15, 18): 1, (15, 22): 1, (15, 24): 1, (16, 20): 1, (16, 24): 1, (17, 21): 1, (18, 19): 1, (18, 20): 1, (18, 21): 1, (18, 22): 1, (19, 24): 2, (20, 22): 1, (20, 23): 1, (21, 23): 1, (21, 24): 1, (22, 23): 1}",93.93692016601562,146.0,25.0,292.0
49.0,Graph with 25 nodes and 146 edges,"[[0, 0, 1, 1, 0, 1, 1, 1, 0, 0, 1, 0, 0, 0, 0, 0, 1, 1, 1, 1, 0, 1, 0, 0, 1], [0, 0, 1, 1, 0, 1, 0, 0, 1, 0, 1, 0, 0, 1, 0, 0, 0, 0, 0, 1, 0, 1, 1, 1, 1], [1, 1, 0, 1, 1, 0, 1, 0, 1, 1, 1, 1, 1, 0, 0, 1, 0, 0, 1, 1, 1, 0, 0, 0, 0], [1, 1, 1, 0, 0, 1, 0, 1, 1, 0, 0, 1, 1, 0, 1, 0, 1, 0, 1, 1, 0, 0, 1, 0, 0], [0, 0, 1, 0, 0, 1, 0, 1, 1, 1, 0, 0, 1, 0, 0, 1, 0, 0, 0, 1, 0, 1, 1, 1, 1], [1, 1, 0, 1, 1, 0, 0, 0, 0, 0, 0, 1, 1, 0, 1, 1, 0, 1, 1, 0, 0, 1, 0, 0, 1], [1, 0, 1, 0, 0, 0, 0, 0, 0, 1, 0, 0, 0, 1, 1, 0, 1, 0, 1, 1, 0, 1, 0, 1, 1], [1, 0, 0, 1, 1, 0, 0, 0, 0, 0, 1, 1, 1, 0, 1, 1, 1, 1, 0, 1, 0, 1, 1, 0, 1], [0, 1, 1, 1, 1, 0, 0, 0, 0, 0, 1, 0, 0, 0, 1, 1, 1, 0, 1, 0, 1, 1, 0, 0, 0], [0, 0, 1, 0, 1, 0, 1, 0, 0, 0, 1, 1, 1, 1, 0, 0, 0, 1, 0, 0, 0, 1, 0, 0, 0], [1, 1, 1, 0, 0, 0, 0, 1, 1, 1, 0, 0, 0, 0, 0, 1, 1, 1, 1, 1, 1, 1, 0, 1, 1], [0, 0, 1, 1, 0, 1, 0, 1, 0, 1, 0, 0, 1, 0, 0, 0, 0, 1, 0, 0, 1, 0, 1, 0, 0], [0, 0, 1, 1, 1, 1, 0, 1, 0, 1, 0, 1, 0, 1, 1, 1, 0, 1, 1, 1, 1, 1, 1, 0, 0], [0, 1, 0, 0, 0, 0, 1, 0, 0, 1, 0, 0, 1, 0, 1, 1, 0, 0, 1, 0, 0, 1, 1, 0, 1], [0, 0, 0, 1, 0, 1, 1, 1, 1, 0, 0, 0, 1, 1, 0, 0, 0, 0, 0, 0, 1, 0, 1, 1, 0], [0, 0, 1, 0, 1, 1, 0, 1, 1, 0, 1, 0, 1, 1, 0, 0, 1, 1, 1, 0, 0, 0, 1, 0, 1], [1, 0, 0, 1, 0, 0, 1, 1, 1, 0, 1, 0, 0, 0, 0, 1, 0, 0, 0, 0, 1, 0, 0, 0, 1], [1, 0, 0, 0, 0, 1, 0, 1, 0, 1, 1, 1, 1, 0, 0, 1, 0, 0, 0, 0, 0, 1, 0, 0, 0], [1, 0, 1, 1, 0, 1, 1, 0, 1, 0, 1, 0, 1, 1, 0, 1, 0, 0, 0, 1, 1, 1, 1, 0, 0], [1, 1, 1, 1, 1, 0, 1, 1, 0, 0, 1, 0, 1, 0, 0, 0, 0, 0, 1, 0, 0, 0, 0, 0, 1], [0, 0, 1, 0, 0, 0, 0, 0, 1, 0, 1, 1, 1, 0, 1, 0, 1, 0, 1, 0, 0, 0, 1, 1, 0], [1, 1, 0, 0, 1, 1, 1, 1, 1, 1, 1, 0, 1, 1, 0, 0, 0, 1, 1, 0, 0, 0, 0, 1, 1], [0, 1, 0, 1, 1, 0, 0, 1, 0, 0, 0, 1, 1, 1, 1, 1, 0, 0, 1, 0, 1, 0, 0, 1, 0], [0, 1, 0, 0, 1, 0, 1, 0, 0, 0, 1, 0, 0, 0, 1, 0, 0, 0, 0, 0, 1, 1, 1, 0, 0], [1, 1, 0, 0, 1, 1, 1, 1, 0, 0, 1, 0, 0, 1, 0, 1, 1, 0, 0, 1, 0, 1, 0, 0, 0]]",24.0,8.0,Y,"{0: 168, 1: 200, 2: 64, 3: 192, 4: 72, 5: 40, 6: 208, 7: 88, 8: 160, 9: 32, 10: 184, 11: 112, 12: 176, 13: 80, 14: 56, 15: 24, 16: 144, 17: 104, 18: 48, 19: 152, 20: 96, 21: 136, 22: 128, 23: 120, 24: 216}",Y,"{0: 168, 1: 200, 2: 64, 3: 192, 4: 72, 5: 40, 6: 208, 7: 88, 8: 160, 9: 32, 10: 184, 11: 112, 12: 176, 13: 80, 14: 56, 15: 24, 16: 144, 17: 104, 18: 48, 19: 152, 20: 96, 21: 136, 22: 128, 23: 120, 24: 216}","{(0, 2): 1, (0, 3): 23, (0, 5): 23, (0, 6): 40, (0, 7): 33, (0, 10): 1, (0, 16): 22, (0, 17): 1, (0, 18): 1, (0, 19): 1, (0, 21): 21, (0, 24): 1, (1, 2): 1, (1, 3): 22, (1, 5): 1, (1, 8): 1, (1, 10): 1, (1, 13): 23, (1, 19): 1, (1, 21): 1, (1, 22): 1, (1, 23): 37, (1, 24): 111, (2, 3): 1, (2, 4): 1, (2, 6): 3, (2, 8): 1, (2, 9): 3, (2, 10): 1, (2, 11): 1, (2, 12): 4, (2, 15): 1, (2, 18): 23, (2, 19): 1, (2, 20): 22, (3, 5): 3, (3, 7): 1, (3, 8): 35, (3, 11): 23, (3, 12): 54, (3, 14): 1, (3, 16): 17, (3, 18): 10, (3, 19): 1, (3, 22): 1, (4, 5): 1, (4, 7): 21, (4, 8): 1, (4, 9): 1, (4, 12): 1, (4, 15): 1, (4, 19): 23, (4, 21): 19, (4, 22): 1, (4, 23): 1, (4, 24): 1, (5, 11): 5, (5, 12): 1, (5, 14): 1, (5, 15): 1, (5, 17): 1, (5, 18): 1, (5, 21): 1, (5, 24): 1, (6, 9): 14, (6, 13): 1, (6, 14): 1, (6, 16): 3, (6, 18): 3, (6, 19): 23, (6, 21): 9, (6, 23): 67, (6, 24): 44, (7, 10): 1, (7, 11): 1, (7, 12): 1, (7, 14): 1, (7, 15): 1, (7, 16): 1, (7, 17): 1, (7, 19): 1, (7, 21): 1, (7, 22): 23, (7, 24): 1, (8, 10): 23, (8, 14): 13, (8, 15): 11, (8, 16): 1, (8, 18): 1, (8, 20): 13, (8, 21): 60, (9, 10): 1, (9, 11): 1, (9, 12): 1, (9, 13): 1, (9, 17): 9, (9, 21): 1, (10, 15): 1, (10, 16): 44, (10, 17): 7, (10, 18): 1, (10, 19): 74, (10, 20): 1, (10, 21): 1, (10, 23): 11, (10, 24): 16, (11, 12): 26, (11, 17): 21, (11, 20): 13, (11, 22): 21, (12, 13): 1, (12, 14): 1, (12, 15): 1, (12, 17): 45, (12, 18): 1, (12, 19): 23, (12, 20): 1, (12, 21): 1, (12, 22): 14, (13, 14): 1, (13, 15): 1, (13, 18): 1, (13, 21): 1, (13, 22): 49, (13, 24): 1, (14, 20): 23, (14, 22): 13, (14, 23): 1, (15, 16): 1, (15, 17): 2, (15, 18): 1, (15, 22): 1, (15, 24): 1, (16, 20): 20, (16, 24): 35, (17, 21): 17, (18, 19): 1, (18, 20): 1, (18, 21): 1, (18, 22): 2, (19, 24): 3, (20, 22): 1, (20, 23): 1, (21, 23): 1, (21, 24): 1, (22, 23): 1}",113.96408081054688,146.0,25.0,292.0
49.0,Graph with 25 nodes and 146 edges,"[[0, 0, 1, 1, 0, 1, 1, 1, 0, 0, 1, 0, 0, 0, 0, 0, 1, 1, 1, 1, 0, 1, 0, 0, 1], [0, 0, 1, 1, 0, 1, 0, 0, 1, 0, 1, 0, 0, 1, 0, 0, 0, 0, 0, 1, 0, 1, 1, 1, 1], [1, 1, 0, 1, 1, 0, 1, 0, 1, 1, 1, 1, 1, 0, 0, 1, 0, 0, 1, 1, 1, 0, 0, 0, 0], [1, 1, 1, 0, 0, 1, 0, 1, 1, 0, 0, 1, 1, 0, 1, 0, 1, 0, 1, 1, 0, 0, 1, 0, 0], [0, 0, 1, 0, 0, 1, 0, 1, 1, 1, 0, 0, 1, 0, 0, 1, 0, 0, 0, 1, 0, 1, 1, 1, 1], [1, 1, 0, 1, 1, 0, 0, 0, 0, 0, 0, 1, 1, 0, 1, 1, 0, 1, 1, 0, 0, 1, 0, 0, 1], [1, 0, 1, 0, 0, 0, 0, 0, 0, 1, 0, 0, 0, 1, 1, 0, 1, 0, 1, 1, 0, 1, 0, 1, 1], [1, 0, 0, 1, 1, 0, 0, 0, 0, 0, 1, 1, 1, 0, 1, 1, 1, 1, 0, 1, 0, 1, 1, 0, 1], [0, 1, 1, 1, 1, 0, 0, 0, 0, 0, 1, 0, 0, 0, 1, 1, 1, 0, 1, 0, 1, 1, 0, 0, 0], [0, 0, 1, 0, 1, 0, 1, 0, 0, 0, 1, 1, 1, 1, 0, 0, 0, 1, 0, 0, 0, 1, 0, 0, 0], [1, 1, 1, 0, 0, 0, 0, 1, 1, 1, 0, 0, 0, 0, 0, 1, 1, 1, 1, 1, 1, 1, 0, 1, 1], [0, 0, 1, 1, 0, 1, 0, 1, 0, 1, 0, 0, 1, 0, 0, 0, 0, 1, 0, 0, 1, 0, 1, 0, 0], [0, 0, 1, 1, 1, 1, 0, 1, 0, 1, 0, 1, 0, 1, 1, 1, 0, 1, 1, 1, 1, 1, 1, 0, 0], [0, 1, 0, 0, 0, 0, 1, 0, 0, 1, 0, 0, 1, 0, 1, 1, 0, 0, 1, 0, 0, 1, 1, 0, 1], [0, 0, 0, 1, 0, 1, 1, 1, 1, 0, 0, 0, 1, 1, 0, 0, 0, 0, 0, 0, 1, 0, 1, 1, 0], [0, 0, 1, 0, 1, 1, 0, 1, 1, 0, 1, 0, 1, 1, 0, 0, 1, 1, 1, 0, 0, 0, 1, 0, 1], [1, 0, 0, 1, 0, 0, 1, 1, 1, 0, 1, 0, 0, 0, 0, 1, 0, 0, 0, 0, 1, 0, 0, 0, 1], [1, 0, 0, 0, 0, 1, 0, 1, 0, 1, 1, 1, 1, 0, 0, 1, 0, 0, 0, 0, 0, 1, 0, 0, 0], [1, 0, 1, 1, 0, 1, 1, 0, 1, 0, 1, 0, 1, 1, 0, 1, 0, 0, 0, 1, 1, 1, 1, 0, 0], [1, 1, 1, 1, 1, 0, 1, 1, 0, 0, 1, 0, 1, 0, 0, 0, 0, 0, 1, 0, 0, 0, 0, 0, 1], [0, 0, 1, 0, 0, 0, 0, 0, 1, 0, 1, 1, 1, 0, 1, 0, 1, 0, 1, 0, 0, 0, 1, 1, 0], [1, 1, 0, 0, 1, 1, 1, 1, 1, 1, 1, 0, 1, 1, 0, 0, 0, 1, 1, 0, 0, 0, 0, 1, 1], [0, 1, 0, 1, 1, 0, 0, 1, 0, 0, 0, 1, 1, 1, 1, 1, 0, 0, 1, 0, 1, 0, 0, 1, 0], [0, 1, 0, 0, 1, 0, 1, 0, 0, 0, 1, 0, 0, 0, 1, 0, 0, 0, 0, 0, 1, 1, 1, 0, 0], [1, 1, 0, 0, 1, 1, 1, 1, 0, 0, 1, 0, 0, 1, 0, 1, 1, 0, 0, 1, 0, 1, 0, 0, 0]]",28.0,8.0,Y,"{0: 172, 1: 204, 2: 68, 3: 196, 4: 76, 5: 44, 6: 212, 7: 92, 8: 164, 9: 36, 10: 188, 11: 116, 12: 180, 13: 84, 14: 60, 15: 28, 16: 148, 17: 108, 18: 52, 19: 156, 20: 100, 21: 140, 22: 132, 23: 124, 24: 220}",Y,"{0: 172, 1: 204, 2: 68, 3: 196, 4: 76, 5: 44, 6: 212, 7: 92, 8: 164, 9: 36, 10: 188, 11: 116, 12: 180, 13: 84, 14: 60, 15: 28, 16: 148, 17: 108, 18: 52, 19: 156, 20: 100, 21: 140, 22: 132, 23: 124, 24: 220}","{(0, 2): 55, (0, 3): 1, (0, 5): 1, (0, 6): 1, (0, 7): 2, (0, 10): 1, (0, 16): 1, (0, 17): 100, (0, 18): 1, (0, 19): 1, (0, 21): 7, (0, 24): 1, (1, 2): 1, (1, 3): 46, (1, 5): 1, (1, 8): 1, (1, 10): 4, (1, 13): 1, (1, 19): 146, (1, 21): 1, (1, 22): 1, (1, 23): 1, (1, 24): 1, (2, 3): 1, (2, 4): 1, (2, 6): 1, (2, 8): 1, (2, 9): 1, (2, 10): 1, (2, 11): 1, (2, 12): 1, (2, 15): 1, (2, 18): 1, (2, 19): 1, (2, 20): 1, (3, 5): 1, (3, 7): 1, (3, 8): 139, (3, 11): 1, (3, 12): 1, (3, 14): 1, (3, 16): 1, (3, 18): 1, (3, 19): 1, (3, 22): 1, (4, 5): 1, (4, 7): 1, (4, 8): 1, (4, 9): 1, (4, 12): 1, (4, 15): 1, (4, 19): 1, (4, 21): 1, (4, 22): 65, (4, 23): 1, (4, 24): 1, (5, 11): 33, (5, 12): 1, (5, 14): 1, (5, 15): 1, (5, 17): 1, (5, 18): 1, (5, 21): 1, (5, 24): 1, (6, 9): 28, (6, 13): 1, (6, 14): 36, (6, 16): 1, (6, 18): 39, (6, 19): 1, (6, 21): 1, (6, 23): 102, (6, 24): 1, (7, 10): 1, (7, 11): 1, (7, 12): 73, (7, 14): 1, (7, 15): 1, (7, 16): 6, (7, 17): 1, (7, 19): 1, (7, 21): 1, (7, 22): 1, (7, 24): 1, (8, 10): 1, (8, 14): 1, (8, 15): 16, (8, 16): 1, (8, 18): 1, (8, 20): 1, (8, 21): 1, (9, 10): 1, (9, 11): 1, (9, 12): 1, (9, 13): 1, (9, 17): 1, (9, 21): 1, (10, 15): 1, (10, 16): 1, (10, 17): 1, (10, 18): 1, (10, 19): 1, (10, 20): 52, (10, 21): 120, (10, 23): 1, (10, 24): 1, (11, 12): 37, (11, 17): 1, (11, 20): 40, (11, 22): 1, (12, 13): 1, (12, 14): 1, (12, 15): 1, (12, 17): 1, (12, 18): 1, (12, 19): 1, (12, 20): 1, (12, 21): 1, (12, 22): 57, (13, 14): 1, (13, 15): 1, (13, 18): 1, (13, 21): 1, (13, 22): 1, (13, 24): 75, (14, 20): 1, (14, 22): 1, (14, 23): 16, (15, 16): 1, (15, 17): 1, (15, 18): 1, (15, 22): 1, (15, 24): 1, (16, 20): 1, (16, 24): 135, (17, 21): 1, (18, 19): 1, (18, 20): 1, (18, 21): 1, (18, 22): 1, (19, 24): 1, (20, 22): 1, (20, 23): 1, (21, 23): 1, (21, 24): 1, (22, 23): 1}",1616.0011291503906,146.0,25.0,292.0
50.0,Graph with 25 nodes and 153 edges,"[[0, 1, 1, 0, 1, 1, 0, 0, 0, 1, 1, 0, 0, 0, 1, 1, 1, 1, 1, 1, 0, 0, 1, 0, 0], [1, 0, 0, 1, 1, 0, 1, 1, 1, 0, 0, 0, 0, 1, 0, 0, 0, 1, 0, 1, 0, 0, 1, 0, 1], [1, 0, 0, 0, 0, 0, 0, 0, 0, 1, 1, 1, 0, 1, 0, 0, 1, 1, 0, 0, 1, 0, 0, 1, 1], [0, 1, 0, 0, 1, 0, 1, 1, 1, 1, 0, 0, 0, 1, 1, 1, 1, 0, 0, 1, 0, 1, 0, 0, 1], [1, 1, 0, 1, 0, 1, 0, 1, 1, 0, 0, 1, 0, 0, 0, 1, 1, 1, 0, 0, 0, 0, 1, 0, 1], [1, 0, 0, 0, 1, 0, 0, 1, 0, 0, 1, 0, 1, 0, 1, 1, 1, 0, 0, 1, 1, 0, 0, 0, 0], [0, 1, 0, 1, 0, 0, 0, 0, 0, 0, 1, 0, 1, 0, 0, 1, 1, 0, 1, 0, 1, 0, 1, 0, 1], [0, 1, 0, 1, 1, 1, 0, 0, 0, 1, 1, 1, 0, 1, 1, 0, 0, 0, 0, 0, 0, 1, 1, 0, 1], [0, 1, 0, 1, 1, 0, 0, 0, 0, 1, 0, 1, 1, 1, 0, 1, 1, 1, 0, 0, 1, 1, 1, 0, 0], [1, 0, 1, 1, 0, 0, 0, 1, 1, 0, 0, 1, 1, 1, 0, 1, 0, 1, 0, 0, 0, 0, 1, 1, 0], [1, 0, 1, 0, 0, 1, 1, 1, 0, 0, 0, 1, 1, 1, 0, 0, 0, 1, 0, 1, 1, 1, 1, 1, 1], [0, 0, 1, 0, 1, 0, 0, 1, 1, 1, 1, 0, 1, 1, 1, 0, 0, 1, 0, 1, 1, 1, 1, 1, 1], [0, 0, 0, 0, 0, 1, 1, 0, 1, 1, 1, 1, 0, 0, 1, 0, 1, 1, 1, 1, 0, 0, 0, 1, 1], [0, 1, 1, 1, 0, 0, 0, 1, 1, 1, 1, 1, 0, 0, 1, 1, 0, 0, 0, 1, 0, 0, 0, 1, 1], [1, 0, 0, 1, 0, 1, 0, 1, 0, 0, 0, 1, 1, 1, 0, 1, 1, 0, 1, 1, 0, 1, 0, 0, 1], [1, 0, 0, 1, 1, 1, 1, 0, 1, 1, 0, 0, 0, 1, 1, 0, 1, 0, 0, 0, 1, 1, 0, 1, 0], [1, 0, 1, 1, 1, 1, 1, 0, 1, 0, 0, 0, 1, 0, 1, 1, 0, 1, 0, 1, 1, 1, 0, 1, 1], [1, 1, 1, 0, 1, 0, 0, 0, 1, 1, 1, 1, 1, 0, 0, 0, 1, 0, 0, 1, 1, 0, 0, 0, 0], [1, 0, 0, 0, 0, 0, 1, 0, 0, 0, 0, 0, 1, 0, 1, 0, 0, 0, 0, 0, 0, 1, 1, 0, 1], [1, 1, 0, 1, 0, 1, 0, 0, 0, 0, 1, 1, 1, 1, 1, 0, 1, 1, 0, 0, 0, 0, 0, 0, 1], [0, 0, 1, 0, 0, 1, 1, 0, 1, 0, 1, 1, 0, 0, 0, 1, 1, 1, 0, 0, 0, 1, 1, 0, 0], [0, 0, 0, 1, 0, 0, 0, 1, 1, 0, 1, 1, 0, 0, 1, 1, 1, 0, 1, 0, 1, 0, 1, 0, 0], [1, 1, 0, 0, 1, 0, 1, 1, 1, 1, 1, 1, 0, 0, 0, 0, 0, 0, 1, 0, 1, 1, 0, 1, 0], [0, 0, 1, 0, 0, 0, 0, 0, 0, 1, 1, 1, 1, 1, 0, 1, 1, 0, 0, 0, 0, 0, 1, 0, 1], [0, 1, 1, 1, 1, 0, 1, 1, 0, 0, 1, 1, 1, 1, 1, 0, 1, 0, 1, 1, 0, 0, 0, 1, 0]]",10.0,1.0,Y,"{0: 13, 1: 11, 2: 10, 3: 34, 4: 12, 5: 33, 6: 32, 7: 31, 8: 30, 9: 29, 10: 15, 11: 16, 12: 28, 13: 27, 14: 26, 15: 25, 16: 24, 17: 23, 18: 22, 19: 21, 20: 20, 21: 19, 22: 18, 23: 14, 24: 17}",Y,"{0: 13, 1: 11, 2: 10, 3: 34, 4: 12, 5: 33, 6: 32, 7: 31, 8: 30, 9: 29, 10: 15, 11: 16, 12: 28, 13: 27, 14: 26, 15: 25, 16: 24, 17: 23, 18: 22, 19: 21, 20: 20, 21: 19, 22: 18, 23: 14, 24: 17}","{(0, 1): 1, (0, 2): 1, (0, 4): 1, (0, 5): 1, (0, 9): 1, (0, 10): 1, (0, 14): 1, (0, 15): 1, (0, 16): 1, (0, 17): 1, (0, 18): 1, (0, 19): 1, (0, 22): 1, (1, 3): 1, (1, 4): 1, (1, 6): 1, (1, 7): 1, (1, 8): 1, (1, 13): 1, (1, 17): 1, (1, 19): 1, (1, 22): 1, (1, 24): 1, (2, 9): 1, (2, 10): 1, (2, 11): 1, (2, 13): 1, (2, 16): 1, (2, 17): 1, (2, 20): 1, (2, 23): 1, (2, 24): 1, (3, 4): 1, (3, 6): 17, (3, 7): 1, (3, 8): 1, (3, 9): 1, (3, 13): 6, (3, 14): 1, (3, 15): 1, (3, 16): 1, (3, 19): 1, (3, 21): 1, (3, 24): 1, (4, 5): 1, (4, 7): 1, (4, 8): 1, (4, 11): 1, (4, 15): 1, (4, 16): 1, (4, 17): 1, (4, 22): 1, (4, 24): 1, (5, 7): 18, (5, 10): 1, (5, 12): 7, (5, 14): 1, (5, 15): 1, (5, 16): 1, (5, 19): 1, (5, 20): 1, (6, 10): 1, (6, 12): 3, (6, 15): 1, (6, 16): 1, (6, 18): 1, (6, 20): 5, (6, 22): 1, (6, 24): 1, (7, 9): 3, (7, 10): 1, (7, 11): 1, (7, 13): 1, (7, 14): 1, (7, 21): 1, (7, 22): 1, (7, 24): 1, (8, 9): 2, (8, 11): 1, (8, 12): 6, (8, 13): 1, (8, 15): 1, (8, 16): 1, (8, 17): 12, (8, 20): 1, (8, 21): 1, (8, 22): 1, (9, 11): 1, (9, 12): 1, (9, 13): 1, (9, 15): 13, (9, 17): 1, (9, 22): 1, (9, 23): 3, (10, 11): 1, (10, 12): 1, (10, 13): 1, (10, 17): 1, (10, 19): 1, (10, 20): 1, (10, 21): 1, (10, 22): 1, (10, 23): 1, (10, 24): 1, (11, 12): 1, (11, 13): 1, (11, 14): 1, (11, 17): 1, (11, 19): 1, (11, 20): 1, (11, 21): 1, (11, 22): 1, (11, 23): 1, (11, 24): 1, (12, 14): 1, (12, 16): 1, (12, 17): 1, (12, 18): 3, (12, 19): 1, (12, 23): 1, (12, 24): 1, (13, 14): 1, (13, 15): 1, (13, 19): 10, (13, 23): 1, (13, 24): 1, (14, 15): 1, (14, 16): 1, (14, 18): 14, (14, 19): 1, (14, 21): 1, (14, 24): 1, (15, 16): 1, (15, 20): 1, (15, 21): 1, (15, 23): 1, (16, 17): 1, (16, 19): 1, (16, 20): 1, (16, 21): 9, (16, 23): 1, (16, 24): 1, (17, 19): 1, (17, 20): 1, (18, 21): 1, (18, 22): 1, (18, 24): 1, (19, 24): 1, (20, 21): 1, (20, 22): 6, (21, 22): 1, (22, 23): 1, (23, 24): 3}",678.0624389648438,153.0,25.0,306.0
55.0,Graph with 25 nodes and 144 edges,"[[0, 1, 1, 1, 1, 0, 1, 1, 1, 1, 0, 0, 1, 1, 0, 1, 1, 0, 1, 1, 0, 1, 0, 0, 0], [1, 0, 1, 1, 0, 0, 0, 1, 0, 1, 0, 1, 1, 0, 0, 0, 1, 0, 0, 1, 0, 1, 0, 0, 1], [1, 1, 0, 0, 1, 0, 1, 1, 0, 1, 0, 1, 0, 1, 1, 0, 1, 0, 0, 1, 0, 1, 0, 1, 0], [1, 1, 0, 0, 0, 0, 0, 0, 0, 0, 0, 1, 0, 1, 1, 0, 1, 0, 0, 1, 1, 1, 1, 1, 1], [1, 0, 1, 0, 0, 1, 1, 1, 0, 1, 0, 1, 0, 0, 1, 1, 1, 1, 1, 1, 1, 0, 0, 0, 1], [0, 0, 0, 0, 1, 0, 0, 0, 0, 1, 1, 1, 0, 1, 0, 1, 0, 0, 0, 0, 0, 0, 0, 0, 0], [1, 0, 1, 0, 1, 0, 0, 1, 1, 1, 0, 0, 0, 0, 1, 1, 0, 0, 0, 1, 0, 1, 1, 0, 1], [1, 1, 1, 0, 1, 0, 1, 0, 0, 0, 1, 1, 1, 0, 0, 1, 1, 1, 1, 0, 1, 1, 0, 0, 0], [1, 0, 0, 0, 0, 0, 1, 0, 0, 1, 0, 0, 1, 0, 0, 1, 1, 0, 0, 1, 0, 1, 1, 0, 1], [1, 1, 1, 0, 1, 1, 1, 0, 1, 0, 0, 0, 0, 1, 1, 1, 0, 0, 1, 1, 0, 1, 0, 0, 0], [0, 0, 0, 0, 0, 1, 0, 1, 0, 0, 0, 0, 1, 0, 0, 1, 0, 0, 0, 0, 1, 0, 0, 0, 0], [0, 1, 1, 1, 1, 1, 0, 1, 0, 0, 0, 0, 0, 1, 1, 0, 1, 1, 1, 0, 0, 1, 1, 0, 0], [1, 1, 0, 0, 0, 0, 0, 1, 1, 0, 1, 0, 0, 0, 1, 1, 1, 0, 0, 1, 1, 0, 1, 1, 1], [1, 0, 1, 1, 0, 1, 0, 0, 0, 1, 0, 1, 0, 0, 1, 0, 0, 1, 0, 0, 0, 0, 0, 1, 0], [0, 0, 1, 1, 1, 0, 1, 0, 0, 1, 0, 1, 1, 1, 0, 0, 0, 0, 0, 0, 1, 0, 0, 0, 0], [1, 0, 0, 0, 1, 1, 1, 1, 1, 1, 1, 0, 1, 0, 0, 0, 1, 1, 0, 0, 0, 1, 1, 1, 1], [1, 1, 1, 1, 1, 0, 0, 1, 1, 0, 0, 1, 1, 0, 0, 1, 0, 1, 1, 1, 1, 1, 1, 0, 1], [0, 0, 0, 0, 1, 0, 0, 1, 0, 0, 0, 1, 0, 1, 0, 1, 1, 0, 0, 1, 0, 1, 1, 1, 1], [1, 0, 0, 0, 1, 0, 0, 1, 0, 1, 0, 1, 0, 0, 0, 0, 1, 0, 0, 0, 0, 1, 0, 0, 0], [1, 1, 1, 1, 1, 0, 1, 0, 1, 1, 0, 0, 1, 0, 0, 0, 1, 1, 0, 0, 1, 1, 0, 1, 0], [0, 0, 0, 1, 1, 0, 0, 1, 0, 0, 1, 0, 1, 0, 1, 0, 1, 0, 0, 1, 0, 1, 1, 1, 0], [1, 1, 1, 1, 0, 0, 1, 1, 1, 1, 0, 1, 0, 0, 0, 1, 1, 1, 1, 1, 1, 0, 0, 1, 0], [0, 0, 0, 1, 0, 0, 1, 0, 1, 0, 0, 1, 1, 0, 0, 1, 1, 1, 0, 0, 1, 0, 0, 0, 0], [0, 0, 1, 1, 0, 0, 0, 0, 0, 0, 0, 0, 1, 1, 0, 1, 0, 1, 0, 1, 1, 1, 0, 0, 0], [0, 1, 0, 1, 1, 0, 1, 0, 1, 0, 0, 0, 1, 0, 0, 1, 1, 1, 0, 0, 0, 0, 0, 0, 0]]",18.0,8.0,Y,"{0: 26, 1: 34, 2: 42, 3: 50, 4: 58, 5: 66, 6: 74, 7: 82, 8: 90, 9: 98, 10: 106, 11: 114, 12: 122, 13: 130, 14: 138, 15: 146, 16: 154, 17: 162, 18: 170, 19: 178, 20: 186, 21: 194, 22: 202, 23: 210, 24: 18}",Y,"{0: 26, 1: 34, 2: 42, 3: 50, 4: 58, 5: 66, 6: 74, 7: 82, 8: 90, 9: 98, 10: 106, 11: 114, 12: 122, 13: 130, 14: 138, 15: 146, 16: 154, 17: 162, 18: 170, 19: 178, 20: 186, 21: 194, 22: 202, 23: 210, 24: 18}","{(0, 1): 1, (0, 2): 1, (0, 3): 1, (0, 4): 1, (0, 6): 1, (0, 7): 1, (0, 8): 1, (0, 9): 1, (0, 12): 1, (0, 13): 1, (0, 15): 1, (0, 16): 1, (0, 18): 12, (0, 19): 1, (0, 21): 1, (1, 2): 1, (1, 3): 1, (1, 7): 24, (1, 9): 1, (1, 11): 1, (1, 12): 1, (1, 16): 1, (1, 19): 1, (1, 21): 1, (1, 24): 1, (2, 4): 1, (2, 6): 1, (2, 7): 1, (2, 9): 1, (2, 11): 1, (2, 13): 1, (2, 14): 30, (2, 16): 1, (2, 19): 1, (2, 21): 1, (2, 23): 1, (3, 11): 1, (3, 13): 1, (3, 14): 39, (3, 16): 1, (3, 19): 1, (3, 20): 1, (3, 21): 1, (3, 22): 1, (3, 23): 1, (3, 24): 1, (4, 5): 1, (4, 6): 1, (4, 7): 1, (4, 9): 1, (4, 11): 1, (4, 14): 1, (4, 15): 1, (4, 16): 1, (4, 17): 1, (4, 18): 44, (4, 19): 1, (4, 20): 1, (4, 24): 1, (5, 9): 1, (5, 10): 61, (5, 11): 1, (5, 13): 1, (5, 15): 1, (6, 7): 34, (6, 8): 1, (6, 9): 1, (6, 14): 1, (6, 15): 30, (6, 19): 1, (6, 21): 1, (6, 22): 1, (6, 24): 1, (7, 10): 13, (7, 11): 1, (7, 12): 1, (7, 15): 1, (7, 16): 1, (7, 17): 1, (7, 18): 1, (7, 20): 1, (7, 21): 1, (8, 9): 1, (8, 12): 1, (8, 15): 1, (8, 16): 1, (8, 19): 81, (8, 21): 1, (8, 22): 1, (8, 24): 1, (9, 13): 1, (9, 14): 2, (9, 15): 1, (9, 18): 1, (9, 19): 85, (9, 21): 1, (10, 12): 30, (10, 15): 1, (10, 20): 1, (11, 13): 1, (11, 14): 1, (11, 16): 1, (11, 17): 1, (11, 18): 102, (11, 21): 1, (11, 22): 1, (12, 14): 1, (12, 15): 1, (12, 16): 1, (12, 19): 1, (12, 20): 1, (12, 22): 1, (12, 23): 81, (12, 24): 1, (13, 14): 1, (13, 17): 1, (13, 23): 122, (14, 20): 62, (15, 16): 1, (15, 17): 67, (15, 21): 37, (15, 22): 1, (15, 23): 1, (15, 24): 1, (16, 17): 1, (16, 18): 1, (16, 19): 1, (16, 20): 1, (16, 21): 135, (16, 22): 1, (16, 24): 4, (17, 19): 1, (17, 21): 1, (17, 22): 80, (17, 23): 1, (17, 24): 7, (18, 21): 9, (19, 20): 1, (19, 21): 1, (19, 23): 1, (20, 21): 1, (20, 22): 115, (20, 23): 1, (21, 23): 1}",988.9602661132812,144.0,25.0,288.0
55.0,Graph with 25 nodes and 144 edges,"[[0, 1, 1, 1, 1, 0, 1, 1, 1, 1, 0, 0, 1, 1, 0, 1, 1, 0, 1, 1, 0, 1, 0, 0, 0], [1, 0, 1, 1, 0, 0, 0, 1, 0, 1, 0, 1, 1, 0, 0, 0, 1, 0, 0, 1, 0, 1, 0, 0, 1], [1, 1, 0, 0, 1, 0, 1, 1, 0, 1, 0, 1, 0, 1, 1, 0, 1, 0, 0, 1, 0, 1, 0, 1, 0], [1, 1, 0, 0, 0, 0, 0, 0, 0, 0, 0, 1, 0, 1, 1, 0, 1, 0, 0, 1, 1, 1, 1, 1, 1], [1, 0, 1, 0, 0, 1, 1, 1, 0, 1, 0, 1, 0, 0, 1, 1, 1, 1, 1, 1, 1, 0, 0, 0, 1], [0, 0, 0, 0, 1, 0, 0, 0, 0, 1, 1, 1, 0, 1, 0, 1, 0, 0, 0, 0, 0, 0, 0, 0, 0], [1, 0, 1, 0, 1, 0, 0, 1, 1, 1, 0, 0, 0, 0, 1, 1, 0, 0, 0, 1, 0, 1, 1, 0, 1], [1, 1, 1, 0, 1, 0, 1, 0, 0, 0, 1, 1, 1, 0, 0, 1, 1, 1, 1, 0, 1, 1, 0, 0, 0], [1, 0, 0, 0, 0, 0, 1, 0, 0, 1, 0, 0, 1, 0, 0, 1, 1, 0, 0, 1, 0, 1, 1, 0, 1], [1, 1, 1, 0, 1, 1, 1, 0, 1, 0, 0, 0, 0, 1, 1, 1, 0, 0, 1, 1, 0, 1, 0, 0, 0], [0, 0, 0, 0, 0, 1, 0, 1, 0, 0, 0, 0, 1, 0, 0, 1, 0, 0, 0, 0, 1, 0, 0, 0, 0], [0, 1, 1, 1, 1, 1, 0, 1, 0, 0, 0, 0, 0, 1, 1, 0, 1, 1, 1, 0, 0, 1, 1, 0, 0], [1, 1, 0, 0, 0, 0, 0, 1, 1, 0, 1, 0, 0, 0, 1, 1, 1, 0, 0, 1, 1, 0, 1, 1, 1], [1, 0, 1, 1, 0, 1, 0, 0, 0, 1, 0, 1, 0, 0, 1, 0, 0, 1, 0, 0, 0, 0, 0, 1, 0], [0, 0, 1, 1, 1, 0, 1, 0, 0, 1, 0, 1, 1, 1, 0, 0, 0, 0, 0, 0, 1, 0, 0, 0, 0], [1, 0, 0, 0, 1, 1, 1, 1, 1, 1, 1, 0, 1, 0, 0, 0, 1, 1, 0, 0, 0, 1, 1, 1, 1], [1, 1, 1, 1, 1, 0, 0, 1, 1, 0, 0, 1, 1, 0, 0, 1, 0, 1, 1, 1, 1, 1, 1, 0, 1], [0, 0, 0, 0, 1, 0, 0, 1, 0, 0, 0, 1, 0, 1, 0, 1, 1, 0, 0, 1, 0, 1, 1, 1, 1], [1, 0, 0, 0, 1, 0, 0, 1, 0, 1, 0, 1, 0, 0, 0, 0, 1, 0, 0, 0, 0, 1, 0, 0, 0], [1, 1, 1, 1, 1, 0, 1, 0, 1, 1, 0, 0, 1, 0, 0, 0, 1, 1, 0, 0, 1, 1, 0, 1, 0], [0, 0, 0, 1, 1, 0, 0, 1, 0, 0, 1, 0, 1, 0, 1, 0, 1, 0, 0, 1, 0, 1, 1, 1, 0], [1, 1, 1, 1, 0, 0, 1, 1, 1, 1, 0, 1, 0, 0, 0, 1, 1, 1, 1, 1, 1, 0, 0, 1, 0], [0, 0, 0, 1, 0, 0, 1, 0, 1, 0, 0, 1, 1, 0, 0, 1, 1, 1, 0, 0, 1, 0, 0, 0, 0], [0, 0, 1, 1, 0, 0, 0, 0, 0, 0, 0, 0, 1, 1, 0, 1, 0, 1, 0, 1, 1, 1, 0, 0, 0], [0, 1, 0, 1, 1, 0, 1, 0, 1, 0, 0, 0, 1, 0, 0, 1, 1, 1, 0, 0, 0, 0, 0, 0, 0]]",28.0,5.0,Y,"{0: 33, 1: 38, 2: 43, 3: 48, 4: 53, 5: 58, 6: 63, 7: 68, 8: 73, 9: 78, 10: 83, 11: 88, 12: 93, 13: 98, 14: 103, 15: 108, 16: 113, 17: 118, 18: 123, 19: 128, 20: 133, 21: 138, 22: 143, 23: 148, 24: 28}",Y,"{0: 33, 1: 38, 2: 43, 3: 48, 4: 53, 5: 58, 6: 63, 7: 68, 8: 73, 9: 78, 10: 83, 11: 88, 12: 93, 13: 98, 14: 103, 15: 108, 16: 113, 17: 118, 18: 123, 19: 128, 20: 133, 21: 138, 22: 143, 23: 148, 24: 28}","{(0, 1): 1, (0, 2): 1, (0, 3): 1, (0, 4): 1, (0, 6): 1, (0, 7): 1, (0, 8): 1, (0, 9): 1, (0, 12): 1, (0, 13): 1, (0, 15): 1, (0, 16): 1, (0, 18): 1, (0, 19): 19, (0, 21): 1, (1, 2): 1, (1, 3): 1, (1, 7): 1, (1, 9): 1, (1, 11): 1, (1, 12): 1, (1, 16): 1, (1, 19): 28, (1, 21): 1, (1, 24): 1, (2, 4): 1, (2, 6): 1, (2, 7): 1, (2, 9): 1, (2, 11): 1, (2, 13): 1, (2, 14): 1, (2, 16): 1, (2, 19): 1, (2, 21): 1, (2, 23): 31, (3, 11): 1, (3, 13): 1, (3, 14): 25, (3, 16): 1, (3, 19): 1, (3, 20): 1, (3, 21): 1, (3, 22): 13, (3, 23): 1, (3, 24): 1, (4, 5): 1, (4, 6): 1, (4, 7): 1, (4, 9): 1, (4, 11): 1, (4, 14): 7, (4, 15): 1, (4, 16): 1, (4, 17): 1, (4, 18): 33, (4, 19): 1, (4, 20): 1, (4, 24): 1, (5, 9): 1, (5, 10): 53, (5, 11): 1, (5, 13): 1, (5, 15): 1, (6, 7): 1, (6, 8): 1, (6, 9): 1, (6, 14): 1, (6, 15): 1, (6, 19): 52, (6, 21): 1, (6, 22): 1, (6, 24): 1, (7, 10): 1, (7, 11): 1, (7, 12): 54, (7, 15): 2, (7, 16): 1, (7, 17): 1, (7, 18): 1, (7, 20): 1, (7, 21): 1, (8, 9): 2, (8, 12): 27, (8, 15): 1, (8, 16): 1, (8, 19): 1, (8, 21): 37, (8, 22): 1, (8, 24): 1, (9, 13): 1, (9, 14): 65, (9, 15): 1, (9, 18): 1, (9, 19): 1, (9, 21): 1, (10, 12): 1, (10, 15): 27, (10, 20): 1, (11, 13): 2, (11, 14): 1, (11, 16): 1, (11, 17): 1, (11, 18): 75, (11, 21): 1, (11, 22): 1, (12, 14): 1, (12, 15): 1, (12, 16): 1, (12, 19): 1, (12, 20): 1, (12, 22): 1, (12, 23): 2, (12, 24): 1, (13, 14): 1, (13, 17): 1, (13, 23): 89, (14, 20): 1, (15, 16): 1, (15, 17): 59, (15, 21): 1, (15, 22): 1, (15, 23): 1, (15, 24): 9, (16, 17): 1, (16, 18): 11, (16, 19): 1, (16, 20): 1, (16, 21): 87, (16, 22): 1, (16, 24): 1, (17, 19): 19, (17, 21): 1, (17, 22): 1, (17, 23): 21, (17, 24): 12, (18, 21): 1, (19, 20): 1, (19, 21): 1, (19, 23): 1, (20, 21): 1, (20, 22): 123, (20, 23): 1, (21, 23): 1}",876.9035339355469,144.0,25.0,288.0
56.0,Graph with 25 nodes and 151 edges,"[[0, 0, 0, 1, 0, 0, 1, 0, 1, 1, 1, 0, 0, 1, 1, 0, 0, 0, 1, 0, 1, 1, 1, 0, 0], [0, 0, 1, 0, 0, 0, 0, 1, 1, 0, 1, 1, 0, 0, 1, 1, 0, 1, 0, 0, 1, 1, 1, 0, 0], [0, 1, 0, 0, 1, 0, 1, 1, 1, 0, 0, 0, 0, 0, 0, 1, 1, 1, 1, 0, 1, 1, 0, 0, 0], [1, 0, 0, 0, 0, 0, 1, 0, 1, 0, 0, 1, 0, 1, 0, 1, 0, 1, 1, 0, 1, 0, 0, 0, 1], [0, 0, 1, 0, 0, 1, 1, 1, 0, 1, 1, 0, 1, 0, 0, 1, 1, 0, 1, 0, 0, 1, 1, 0, 0], [0, 0, 0, 0, 1, 0, 0, 0, 1, 0, 0, 1, 0, 0, 0, 0, 1, 1, 0, 0, 1, 1, 1, 0, 1], [1, 0, 1, 1, 1, 0, 0, 0, 0, 0, 1, 0, 0, 0, 1, 0, 0, 1, 0, 0, 1, 0, 0, 0, 0], [0, 1, 1, 0, 1, 0, 0, 0, 1, 1, 1, 0, 1, 1, 0, 1, 0, 1, 1, 1, 1, 0, 1, 1, 1], [1, 1, 1, 1, 0, 1, 0, 1, 0, 1, 0, 0, 1, 0, 1, 1, 0, 1, 1, 1, 1, 0, 0, 1, 0], [1, 0, 0, 0, 1, 0, 0, 1, 1, 0, 1, 1, 0, 1, 1, 0, 0, 0, 1, 0, 1, 1, 1, 1, 0], [1, 1, 0, 0, 1, 0, 1, 1, 0, 1, 0, 0, 0, 1, 0, 1, 0, 0, 1, 1, 0, 1, 1, 1, 1], [0, 1, 0, 1, 0, 1, 0, 0, 0, 1, 0, 0, 0, 1, 1, 1, 1, 1, 0, 1, 1, 1, 0, 0, 0], [0, 0, 0, 0, 1, 0, 0, 1, 1, 0, 0, 0, 0, 1, 1, 1, 0, 1, 0, 0, 1, 0, 0, 1, 1], [1, 0, 0, 1, 0, 0, 0, 1, 0, 1, 1, 1, 1, 0, 1, 1, 0, 0, 0, 1, 0, 0, 0, 1, 0], [1, 1, 0, 0, 0, 0, 1, 0, 1, 1, 0, 1, 1, 1, 0, 0, 0, 1, 0, 1, 1, 0, 1, 1, 0], [0, 1, 1, 1, 1, 0, 0, 1, 1, 0, 1, 1, 1, 1, 0, 0, 0, 0, 1, 1, 1, 0, 1, 0, 0], [0, 0, 1, 0, 1, 1, 0, 0, 0, 0, 0, 1, 0, 0, 0, 0, 0, 0, 0, 0, 0, 1, 1, 1, 1], [0, 1, 1, 1, 0, 1, 1, 1, 1, 0, 0, 1, 1, 0, 1, 0, 0, 0, 1, 1, 0, 1, 1, 0, 1], [1, 0, 1, 1, 1, 0, 0, 1, 1, 1, 1, 0, 0, 0, 0, 1, 0, 1, 0, 0, 0, 1, 0, 0, 1], [0, 0, 0, 0, 0, 0, 0, 1, 1, 0, 1, 1, 0, 1, 1, 1, 0, 1, 0, 0, 0, 0, 0, 1, 1], [1, 1, 1, 1, 0, 1, 1, 1, 1, 1, 0, 1, 1, 0, 1, 1, 0, 0, 0, 0, 0, 1, 1, 0, 1], [1, 1, 1, 0, 1, 1, 0, 0, 0, 1, 1, 1, 0, 0, 0, 0, 1, 1, 1, 0, 1, 0, 1, 0, 1], [1, 1, 0, 0, 1, 1, 0, 1, 0, 1, 1, 0, 0, 0, 1, 1, 1, 1, 0, 0, 1, 1, 0, 0, 1], [0, 0, 0, 0, 0, 0, 0, 1, 1, 1, 1, 0, 1, 1, 1, 0, 1, 0, 0, 1, 0, 0, 0, 0, 1], [0, 0, 0, 1, 0, 1, 0, 1, 0, 0, 1, 0, 1, 0, 0, 0, 1, 1, 1, 1, 1, 1, 1, 1, 0]]",18.0,5.0,Y,"{0: 23, 1: 28, 2: 33, 3: 38, 4: 43, 5: 48, 6: 53, 7: 58, 8: 63, 9: 68, 10: 73, 11: 78, 12: 83, 13: 88, 14: 93, 15: 98, 16: 103, 17: 108, 18: 113, 19: 118, 20: 123, 21: 128, 22: 133, 23: 138, 24: 18}",Y,"{0: 23, 1: 28, 2: 33, 3: 38, 4: 43, 5: 48, 6: 53, 7: 58, 8: 63, 9: 68, 10: 73, 11: 78, 12: 83, 13: 88, 14: 93, 15: 98, 16: 103, 17: 108, 18: 113, 19: 118, 20: 123, 21: 128, 22: 133, 23: 138, 24: 18}","{(0, 3): 1, (0, 6): 13, (0, 8): 1, (0, 9): 1, (0, 10): 1, (0, 13): 1, (0, 14): 1, (0, 18): 1, (0, 20): 1, (0, 21): 1, (0, 22): 1, (1, 2): 1, (1, 7): 1, (1, 8): 1, (1, 10): 1, (1, 11): 1, (1, 14): 1, (1, 15): 1, (1, 17): 1, (1, 20): 18, (1, 21): 1, (1, 22): 1, (2, 4): 1, (2, 6): 1, (2, 7): 1, (2, 8): 1, (2, 15): 1, (2, 16): 1, (2, 17): 1, (2, 18): 23, (2, 20): 1, (2, 21): 1, (3, 6): 1, (3, 8): 1, (3, 11): 1, (3, 13): 1, (3, 15): 1, (3, 17): 1, (3, 18): 29, (3, 20): 1, (3, 24): 1, (4, 5): 1, (4, 6): 1, (4, 7): 1, (4, 9): 1, (4, 10): 1, (4, 12): 12, (4, 15): 1, (4, 16): 1, (4, 18): 1, (4, 21): 1, (4, 22): 21, (5, 8): 1, (5, 11): 1, (5, 16): 40, (5, 17): 1, (5, 20): 1, (5, 21): 1, (5, 22): 1, (5, 24): 1, (6, 10): 22, (6, 14): 1, (6, 17): 1, (6, 20): 13, (7, 8): 1, (7, 9): 1, (7, 10): 1, (7, 12): 1, (7, 13): 1, (7, 15): 1, (7, 17): 1, (7, 18): 1, (7, 19): 1, (7, 20): 1, (7, 22): 1, (7, 23): 43, (7, 24): 1, (8, 9): 1, (8, 12): 1, (8, 14): 1, (8, 15): 1, (8, 17): 1, (8, 18): 1, (8, 19): 1, (8, 20): 1, (8, 23): 49, (9, 10): 1, (9, 11): 5, (9, 13): 1, (9, 14): 1, (9, 18): 52, (9, 20): 1, (9, 21): 1, (9, 22): 1, (9, 23): 1, (10, 13): 1, (10, 15): 1, (10, 18): 1, (10, 19): 39, (10, 21): 1, (10, 22): 1, (10, 23): 1, (10, 24): 1, (11, 13): 1, (11, 14): 63, (11, 15): 1, (11, 16): 1, (11, 17): 1, (11, 19): 1, (11, 20): 1, (11, 21): 1, (12, 13): 45, (12, 14): 19, (12, 15): 1, (12, 17): 1, (12, 20): 1, (12, 23): 1, (12, 24): 1, (13, 14): 1, (13, 15): 1, (13, 19): 1, (13, 23): 34, (14, 17): 1, (14, 19): 1, (14, 20): 1, (14, 22): 1, (14, 23): 1, (15, 18): 1, (15, 19): 71, (15, 20): 15, (15, 22): 1, (16, 21): 22, (16, 22): 36, (16, 23): 1, (16, 24): 1, (17, 18): 1, (17, 19): 1, (17, 21): 94, (17, 22): 1, (17, 24): 1, (18, 21): 1, (18, 24): 1, (19, 23): 1, (19, 24): 1, (20, 21): 1, (20, 22): 65, (20, 24): 1, (21, 22): 1, (21, 24): 1, (22, 24): 1, (23, 24): 6}",1252.1743774414062,151.0,25.0,302.0
56.0,Graph with 25 nodes and 151 edges,"[[0, 0, 0, 1, 0, 0, 1, 0, 1, 1, 1, 0, 0, 1, 1, 0, 0, 0, 1, 0, 1, 1, 1, 0, 0], [0, 0, 1, 0, 0, 0, 0, 1, 1, 0, 1, 1, 0, 0, 1, 1, 0, 1, 0, 0, 1, 1, 1, 0, 0], [0, 1, 0, 0, 1, 0, 1, 1, 1, 0, 0, 0, 0, 0, 0, 1, 1, 1, 1, 0, 1, 1, 0, 0, 0], [1, 0, 0, 0, 0, 0, 1, 0, 1, 0, 0, 1, 0, 1, 0, 1, 0, 1, 1, 0, 1, 0, 0, 0, 1], [0, 0, 1, 0, 0, 1, 1, 1, 0, 1, 1, 0, 1, 0, 0, 1, 1, 0, 1, 0, 0, 1, 1, 0, 0], [0, 0, 0, 0, 1, 0, 0, 0, 1, 0, 0, 1, 0, 0, 0, 0, 1, 1, 0, 0, 1, 1, 1, 0, 1], [1, 0, 1, 1, 1, 0, 0, 0, 0, 0, 1, 0, 0, 0, 1, 0, 0, 1, 0, 0, 1, 0, 0, 0, 0], [0, 1, 1, 0, 1, 0, 0, 0, 1, 1, 1, 0, 1, 1, 0, 1, 0, 1, 1, 1, 1, 0, 1, 1, 1], [1, 1, 1, 1, 0, 1, 0, 1, 0, 1, 0, 0, 1, 0, 1, 1, 0, 1, 1, 1, 1, 0, 0, 1, 0], [1, 0, 0, 0, 1, 0, 0, 1, 1, 0, 1, 1, 0, 1, 1, 0, 0, 0, 1, 0, 1, 1, 1, 1, 0], [1, 1, 0, 0, 1, 0, 1, 1, 0, 1, 0, 0, 0, 1, 0, 1, 0, 0, 1, 1, 0, 1, 1, 1, 1], [0, 1, 0, 1, 0, 1, 0, 0, 0, 1, 0, 0, 0, 1, 1, 1, 1, 1, 0, 1, 1, 1, 0, 0, 0], [0, 0, 0, 0, 1, 0, 0, 1, 1, 0, 0, 0, 0, 1, 1, 1, 0, 1, 0, 0, 1, 0, 0, 1, 1], [1, 0, 0, 1, 0, 0, 0, 1, 0, 1, 1, 1, 1, 0, 1, 1, 0, 0, 0, 1, 0, 0, 0, 1, 0], [1, 1, 0, 0, 0, 0, 1, 0, 1, 1, 0, 1, 1, 1, 0, 0, 0, 1, 0, 1, 1, 0, 1, 1, 0], [0, 1, 1, 1, 1, 0, 0, 1, 1, 0, 1, 1, 1, 1, 0, 0, 0, 0, 1, 1, 1, 0, 1, 0, 0], [0, 0, 1, 0, 1, 1, 0, 0, 0, 0, 0, 1, 0, 0, 0, 0, 0, 0, 0, 0, 0, 1, 1, 1, 1], [0, 1, 1, 1, 0, 1, 1, 1, 1, 0, 0, 1, 1, 0, 1, 0, 0, 0, 1, 1, 0, 1, 1, 0, 1], [1, 0, 1, 1, 1, 0, 0, 1, 1, 1, 1, 0, 0, 0, 0, 1, 0, 1, 0, 0, 0, 1, 0, 0, 1], [0, 0, 0, 0, 0, 0, 0, 1, 1, 0, 1, 1, 0, 1, 1, 1, 0, 1, 0, 0, 0, 0, 0, 1, 1], [1, 1, 1, 1, 0, 1, 1, 1, 1, 1, 0, 1, 1, 0, 1, 1, 0, 0, 0, 0, 0, 1, 1, 0, 1], [1, 1, 1, 0, 1, 1, 0, 0, 0, 1, 1, 1, 0, 0, 0, 0, 1, 1, 1, 0, 1, 0, 1, 0, 1], [1, 1, 0, 0, 1, 1, 0, 1, 0, 1, 1, 0, 0, 0, 1, 1, 1, 1, 0, 0, 1, 1, 0, 0, 1], [0, 0, 0, 0, 0, 0, 0, 1, 1, 1, 1, 0, 1, 1, 1, 0, 1, 0, 0, 1, 0, 0, 0, 0, 1], [0, 0, 0, 1, 0, 1, 0, 1, 0, 0, 1, 0, 1, 0, 0, 0, 1, 1, 1, 1, 1, 1, 1, 1, 0]]",22.0,6.0,Y,"{0: 28, 1: 34, 2: 40, 3: 46, 4: 52, 5: 58, 6: 64, 7: 70, 8: 76, 9: 82, 10: 88, 11: 94, 12: 100, 13: 106, 14: 112, 15: 118, 16: 124, 17: 130, 18: 136, 19: 142, 20: 148, 21: 154, 22: 160, 23: 166, 24: 22}",Y,"{0: 28, 1: 34, 2: 40, 3: 46, 4: 52, 5: 58, 6: 64, 7: 70, 8: 76, 9: 82, 10: 88, 11: 94, 12: 100, 13: 106, 14: 112, 15: 118, 16: 124, 17: 130, 18: 136, 19: 142, 20: 148, 21: 154, 22: 160, 23: 166, 24: 22}","{(0, 3): 1, (0, 6): 1, (0, 8): 7, (0, 9): 1, (0, 10): 12, (0, 13): 1, (0, 14): 1, (0, 18): 1, (0, 20): 1, (0, 21): 1, (0, 22): 1, (1, 2): 1, (1, 7): 24, (1, 8): 1, (1, 10): 1, (1, 11): 1, (1, 14): 1, (1, 15): 1, (1, 17): 1, (1, 20): 1, (1, 21): 1, (1, 22): 1, (2, 4): 1, (2, 6): 5, (2, 7): 1, (2, 8): 1, (2, 15): 1, (2, 16): 1, (2, 17): 1, (2, 18): 1, (2, 20): 26, (2, 21): 1, (3, 6): 1, (3, 8): 1, (3, 11): 1, (3, 13): 4, (3, 15): 16, (3, 17): 1, (3, 18): 19, (3, 20): 1, (3, 24): 1, (4, 5): 1, (4, 6): 1, (4, 7): 1, (4, 9): 1, (4, 10): 19, (4, 12): 1, (4, 15): 1, (4, 16): 1, (4, 18): 23, (4, 21): 1, (4, 22): 1, (5, 8): 8, (5, 11): 1, (5, 16): 19, (5, 17): 1, (5, 20): 1, (5, 21): 25, (5, 22): 1, (5, 24): 1, (6, 10): 1, (6, 14): 17, (6, 17): 1, (6, 20): 37, (7, 8): 1, (7, 9): 1, (7, 10): 1, (7, 12): 1, (7, 13): 1, (7, 15): 19, (7, 17): 1, (7, 18): 14, (7, 19): 1, (7, 20): 1, (7, 22): 1, (7, 23): 1, (7, 24): 1, (8, 9): 13, (8, 12): 1, (8, 14): 1, (8, 15): 1, (8, 17): 1, (8, 18): 1, (8, 19): 19, (8, 20): 1, (8, 23): 19, (9, 10): 1, (9, 11): 1, (9, 13): 1, (9, 14): 1, (9, 18): 1, (9, 20): 1, (9, 21): 1, (9, 22): 58, (9, 23): 1, (10, 13): 7, (10, 15): 1, (10, 18): 19, (10, 19): 6, (10, 21): 1, (10, 22): 17, (10, 23): 1, (10, 24): 1, (11, 13): 56, (11, 14): 1, (11, 15): 19, (11, 16): 1, (11, 17): 1, (11, 19): 1, (11, 20): 10, (11, 21): 1, (12, 13): 1, (12, 14): 1, (12, 15): 1, (12, 17): 80, (12, 20): 1, (12, 23): 12, (12, 24): 1, (13, 14): 19, (13, 15): 1, (13, 19): 14, (13, 23): 1, (14, 17): 1, (14, 19): 13, (14, 20): 14, (14, 22): 1, (14, 23): 41, (15, 18): 24, (15, 19): 1, (15, 20): 13, (15, 22): 19, (16, 21): 99, (16, 22): 1, (16, 23): 1, (16, 24): 1, (17, 18): 31, (17, 19): 7, (17, 21): 1, (17, 22): 1, (17, 24): 1, (18, 21): 1, (18, 24): 1, (19, 23): 79, (19, 24): 1, (20, 21): 1, (20, 22): 38, (20, 24): 1, (21, 22): 19, (21, 24): 1, (22, 24): 1, (23, 24): 10}",95.12901306152344,151.0,25.0,302.0
58.0,Graph with 25 nodes and 137 edges,"[[0, 1, 0, 1, 1, 1, 0, 0, 0, 0, 1, 1, 1, 1, 1, 0, 0, 0, 0, 0, 0, 1, 0, 1, 0], [1, 0, 1, 0, 0, 1, 1, 1, 1, 1, 1, 1, 0, 0, 0, 1, 0, 1, 0, 0, 1, 1, 0, 1, 1], [0, 1, 0, 1, 0, 1, 1, 0, 1, 0, 0, 0, 0, 0, 1, 0, 1, 1, 1, 0, 1, 0, 1, 1, 1], [1, 0, 1, 0, 1, 0, 0, 0, 0, 0, 1, 0, 0, 1, 0, 1, 0, 0, 0, 1, 0, 0, 0, 1, 0], [1, 0, 0, 1, 0, 0, 0, 1, 1, 0, 0, 1, 0, 0, 0, 0, 0, 0, 0, 0, 0, 0, 0, 0, 0], [1, 1, 1, 0, 0, 0, 0, 1, 0, 0, 1, 1, 0, 1, 1, 1, 1, 1, 1, 0, 0, 1, 0, 1, 1], [0, 1, 1, 0, 0, 0, 0, 0, 0, 0, 0, 0, 1, 1, 0, 0, 1, 0, 1, 0, 0, 0, 1, 0, 1], [0, 1, 0, 0, 1, 1, 0, 0, 0, 0, 1, 0, 1, 0, 0, 0, 1, 1, 1, 1, 1, 0, 1, 0, 0], [0, 1, 1, 0, 1, 0, 0, 0, 0, 0, 1, 0, 1, 0, 0, 0, 0, 1, 0, 1, 1, 1, 1, 0, 0], [0, 1, 0, 0, 0, 0, 0, 0, 0, 0, 1, 0, 1, 1, 0, 0, 1, 1, 0, 1, 1, 1, 0, 1, 1], [1, 1, 0, 1, 0, 1, 0, 1, 1, 1, 0, 1, 0, 0, 0, 0, 0, 0, 1, 0, 1, 1, 1, 0, 1], [1, 1, 0, 0, 1, 1, 0, 0, 0, 0, 1, 0, 0, 0, 1, 1, 0, 1, 0, 1, 0, 0, 0, 1, 0], [1, 0, 0, 0, 0, 0, 1, 1, 1, 1, 0, 0, 0, 0, 0, 1, 0, 0, 0, 1, 1, 0, 0, 1, 1], [1, 0, 0, 1, 0, 1, 1, 0, 0, 1, 0, 0, 0, 0, 0, 0, 0, 0, 1, 1, 0, 1, 0, 1, 0], [1, 0, 1, 0, 0, 1, 0, 0, 0, 0, 0, 1, 0, 0, 0, 1, 1, 1, 0, 0, 0, 0, 1, 1, 1], [0, 1, 0, 1, 0, 1, 0, 0, 0, 0, 0, 1, 1, 0, 1, 0, 1, 0, 0, 1, 1, 1, 0, 0, 0], [0, 0, 1, 0, 0, 1, 1, 1, 0, 1, 0, 0, 0, 0, 1, 1, 0, 0, 1, 0, 0, 1, 1, 1, 0], [0, 1, 1, 0, 0, 1, 0, 1, 1, 1, 0, 1, 0, 0, 1, 0, 0, 0, 1, 1, 0, 1, 1, 0, 0], [0, 0, 1, 0, 0, 1, 1, 1, 0, 0, 1, 0, 0, 1, 0, 0, 1, 1, 0, 0, 0, 1, 1, 0, 1], [0, 0, 0, 1, 0, 0, 0, 1, 1, 1, 0, 1, 1, 1, 0, 1, 0, 1, 0, 0, 1, 0, 1, 0, 1], [0, 1, 1, 0, 0, 0, 0, 1, 1, 1, 1, 0, 1, 0, 0, 1, 0, 0, 0, 1, 0, 1, 0, 0, 1], [1, 1, 0, 0, 0, 1, 0, 0, 1, 1, 1, 0, 0, 1, 0, 1, 1, 1, 1, 0, 1, 0, 0, 1, 0], [0, 0, 1, 0, 0, 0, 1, 1, 1, 0, 1, 0, 0, 0, 1, 0, 1, 1, 1, 1, 0, 0, 0, 0, 1], [1, 1, 1, 1, 0, 1, 0, 0, 0, 1, 0, 1, 1, 1, 1, 0, 1, 0, 0, 0, 0, 1, 0, 0, 0], [0, 1, 1, 0, 0, 1, 1, 0, 0, 1, 1, 0, 1, 0, 1, 0, 0, 0, 1, 1, 1, 0, 1, 0, 0]]",10.0,8.0,Y,"{0: 26, 1: 34, 2: 42, 3: 18, 4: 50, 5: 58, 6: 66, 7: 74, 8: 82, 9: 90, 10: 98, 11: 106, 12: 114, 13: 122, 14: 130, 15: 10, 16: 138, 17: 146, 18: 154, 19: 162, 20: 170, 21: 178, 22: 186, 23: 194, 24: 202}",Y,"{0: 26, 1: 34, 2: 42, 3: 18, 4: 50, 5: 58, 6: 66, 7: 74, 8: 82, 9: 90, 10: 98, 11: 106, 12: 114, 13: 122, 14: 130, 15: 10, 16: 138, 17: 146, 18: 154, 19: 162, 20: 170, 21: 178, 22: 186, 23: 194, 24: 202}","{(0, 1): 1, (0, 3): 1, (0, 4): 1, (0, 5): 1, (0, 10): 1, (0, 11): 1, (0, 12): 16, (0, 13): 1, (0, 14): 1, (0, 21): 1, (0, 23): 1, (1, 2): 1, (1, 5): 1, (1, 6): 1, (1, 7): 1, (1, 8): 1, (1, 9): 1, (1, 10): 1, (1, 11): 1, (1, 15): 1, (1, 17): 1, (1, 20): 1, (1, 21): 1, (1, 23): 1, (1, 24): 20, (2, 3): 1, (2, 5): 1, (2, 6): 1, (2, 8): 1, (2, 14): 1, (2, 16): 1, (2, 17): 1, (2, 18): 1, (2, 20): 1, (2, 22): 1, (2, 23): 1, (2, 24): 30, (3, 4): 11, (3, 10): 1, (3, 13): 1, (3, 15): 1, (3, 19): 1, (3, 23): 1, (4, 7): 1, (4, 8): 36, (4, 11): 1, (5, 7): 1, (5, 10): 1, (5, 11): 1, (5, 13): 1, (5, 14): 1, (5, 15): 1, (5, 16): 1, (5, 17): 1, (5, 18): 1, (5, 21): 1, (5, 23): 1, (5, 24): 44, (6, 12): 1, (6, 13): 1, (6, 16): 1, (6, 18): 1, (6, 22): 1, (6, 24): 59, (7, 10): 1, (7, 12): 1, (7, 16): 1, (7, 17): 23, (7, 18): 1, (7, 19): 42, (7, 20): 1, (7, 22): 1, (8, 10): 1, (8, 12): 1, (8, 17): 38, (8, 19): 1, (8, 20): 1, (8, 21): 1, (8, 22): 1, (9, 10): 1, (9, 12): 1, (9, 13): 1, (9, 16): 80, (9, 17): 1, (9, 19): 1, (9, 20): 1, (9, 21): 1, (9, 23): 1, (9, 24): 1, (10, 11): 61, (10, 18): 1, (10, 20): 1, (10, 21): 1, (10, 22): 1, (10, 24): 26, (11, 14): 1, (11, 15): 1, (11, 17): 37, (11, 19): 1, (11, 23): 1, (12, 15): 1, (12, 19): 1, (12, 20): 90, (12, 23): 1, (12, 24): 1, (13, 18): 1, (13, 19): 1, (13, 21): 109, (13, 23): 6, (14, 15): 1, (14, 16): 1, (14, 17): 1, (14, 22): 1, (14, 23): 121, (14, 24): 1, (15, 16): 1, (15, 19): 1, (15, 20): 1, (15, 21): 1, (16, 18): 1, (16, 21): 1, (16, 22): 49, (16, 23): 1, (17, 18): 1, (17, 19): 40, (17, 21): 1, (17, 22): 1, (18, 21): 1, (18, 22): 128, (18, 24): 17, (19, 20): 71, (19, 22): 1, (19, 24): 1, (20, 21): 1, (20, 24): 1, (21, 23): 58, (22, 24): 1}",1384.9735260009766,137.0,25.0,274.0
58.0,Graph with 25 nodes and 137 edges,"[[0, 1, 0, 1, 1, 1, 0, 0, 0, 0, 1, 1, 1, 1, 1, 0, 0, 0, 0, 0, 0, 1, 0, 1, 0], [1, 0, 1, 0, 0, 1, 1, 1, 1, 1, 1, 1, 0, 0, 0, 1, 0, 1, 0, 0, 1, 1, 0, 1, 1], [0, 1, 0, 1, 0, 1, 1, 0, 1, 0, 0, 0, 0, 0, 1, 0, 1, 1, 1, 0, 1, 0, 1, 1, 1], [1, 0, 1, 0, 1, 0, 0, 0, 0, 0, 1, 0, 0, 1, 0, 1, 0, 0, 0, 1, 0, 0, 0, 1, 0], [1, 0, 0, 1, 0, 0, 0, 1, 1, 0, 0, 1, 0, 0, 0, 0, 0, 0, 0, 0, 0, 0, 0, 0, 0], [1, 1, 1, 0, 0, 0, 0, 1, 0, 0, 1, 1, 0, 1, 1, 1, 1, 1, 1, 0, 0, 1, 0, 1, 1], [0, 1, 1, 0, 0, 0, 0, 0, 0, 0, 0, 0, 1, 1, 0, 0, 1, 0, 1, 0, 0, 0, 1, 0, 1], [0, 1, 0, 0, 1, 1, 0, 0, 0, 0, 1, 0, 1, 0, 0, 0, 1, 1, 1, 1, 1, 0, 1, 0, 0], [0, 1, 1, 0, 1, 0, 0, 0, 0, 0, 1, 0, 1, 0, 0, 0, 0, 1, 0, 1, 1, 1, 1, 0, 0], [0, 1, 0, 0, 0, 0, 0, 0, 0, 0, 1, 0, 1, 1, 0, 0, 1, 1, 0, 1, 1, 1, 0, 1, 1], [1, 1, 0, 1, 0, 1, 0, 1, 1, 1, 0, 1, 0, 0, 0, 0, 0, 0, 1, 0, 1, 1, 1, 0, 1], [1, 1, 0, 0, 1, 1, 0, 0, 0, 0, 1, 0, 0, 0, 1, 1, 0, 1, 0, 1, 0, 0, 0, 1, 0], [1, 0, 0, 0, 0, 0, 1, 1, 1, 1, 0, 0, 0, 0, 0, 1, 0, 0, 0, 1, 1, 0, 0, 1, 1], [1, 0, 0, 1, 0, 1, 1, 0, 0, 1, 0, 0, 0, 0, 0, 0, 0, 0, 1, 1, 0, 1, 0, 1, 0], [1, 0, 1, 0, 0, 1, 0, 0, 0, 0, 0, 1, 0, 0, 0, 1, 1, 1, 0, 0, 0, 0, 1, 1, 1], [0, 1, 0, 1, 0, 1, 0, 0, 0, 0, 0, 1, 1, 0, 1, 0, 1, 0, 0, 1, 1, 1, 0, 0, 0], [0, 0, 1, 0, 0, 1, 1, 1, 0, 1, 0, 0, 0, 0, 1, 1, 0, 0, 1, 0, 0, 1, 1, 1, 0], [0, 1, 1, 0, 0, 1, 0, 1, 1, 1, 0, 1, 0, 0, 1, 0, 0, 0, 1, 1, 0, 1, 1, 0, 0], [0, 0, 1, 0, 0, 1, 1, 1, 0, 0, 1, 0, 0, 1, 0, 0, 1, 1, 0, 0, 0, 1, 1, 0, 1], [0, 0, 0, 1, 0, 0, 0, 1, 1, 1, 0, 1, 1, 1, 0, 1, 0, 1, 0, 0, 1, 0, 1, 0, 1], [0, 1, 1, 0, 0, 0, 0, 1, 1, 1, 1, 0, 1, 0, 0, 1, 0, 0, 0, 1, 0, 1, 0, 0, 1], [1, 1, 0, 0, 0, 1, 0, 0, 1, 1, 1, 0, 0, 1, 0, 1, 1, 1, 1, 0, 1, 0, 0, 1, 0], [0, 0, 1, 0, 0, 0, 1, 1, 1, 0, 1, 0, 0, 0, 1, 0, 1, 1, 1, 1, 0, 0, 0, 0, 1], [1, 1, 1, 1, 0, 1, 0, 0, 0, 1, 0, 1, 1, 1, 1, 0, 1, 0, 0, 0, 0, 1, 0, 0, 0], [0, 1, 1, 0, 0, 1, 1, 0, 0, 1, 1, 0, 1, 0, 1, 0, 0, 0, 1, 1, 1, 0, 1, 0, 0]]",14.0,4.0,Y,"{0: 14, 1: 18, 2: 110, 3: 106, 4: 102, 5: 98, 6: 94, 7: 90, 8: 86, 9: 82, 10: 78, 11: 74, 12: 70, 13: 66, 14: 62, 15: 58, 16: 54, 17: 50, 18: 46, 19: 42, 20: 38, 21: 34, 22: 30, 23: 26, 24: 22}",Y,"{0: 14, 1: 18, 2: 110, 3: 106, 4: 102, 5: 98, 6: 94, 7: 90, 8: 86, 9: 82, 10: 78, 11: 74, 12: 70, 13: 66, 14: 62, 15: 58, 16: 54, 17: 50, 18: 46, 19: 42, 20: 38, 21: 34, 22: 30, 23: 26, 24: 22}","{(0, 1): 1, (0, 3): 4, (0, 4): 1, (0, 5): 1, (0, 10): 1, (0, 11): 1, (0, 12): 1, (0, 13): 1, (0, 14): 1, (0, 21): 1, (0, 23): 1, (1, 2): 4, (1, 5): 1, (1, 6): 1, (1, 7): 1, (1, 8): 1, (1, 9): 1, (1, 10): 1, (1, 11): 1, (1, 15): 1, (1, 17): 1, (1, 20): 1, (1, 21): 1, (1, 23): 1, (1, 24): 1, (2, 3): 1, (2, 5): 1, (2, 6): 1, (2, 8): 43, (2, 14): 1, (2, 16): 30, (2, 17): 1, (2, 18): 1, (2, 20): 5, (2, 22): 20, (2, 23): 1, (2, 24): 1, (3, 4): 39, (3, 10): 1, (3, 13): 58, (3, 15): 1, (3, 19): 1, (3, 23): 1, (4, 7): 1, (4, 8): 1, (4, 11): 60, (5, 7): 1, (5, 10): 1, (5, 11): 1, (5, 13): 1, (5, 14): 38, (5, 15): 47, (5, 16): 1, (5, 17): 1, (5, 18): 1, (5, 21): 1, (5, 23): 1, (5, 24): 1, (6, 12): 52, (6, 13): 1, (6, 16): 1, (6, 18): 36, (6, 22): 1, (6, 24): 1, (7, 10): 19, (7, 12): 1, (7, 16): 1, (7, 17): 39, (7, 18): 1, (7, 19): 1, (7, 20): 24, (7, 22): 1, (8, 10): 1, (8, 12): 1, (8, 17): 1, (8, 19): 14, (8, 20): 1, (8, 21): 22, (8, 22): 1, (9, 10): 48, (9, 12): 10, (9, 13): 1, (9, 16): 1, (9, 17): 1, (9, 19): 16, (9, 20): 1, (9, 21): 1, (9, 23): 1, (9, 24): 1, (10, 11): 1, (10, 18): 1, (10, 20): 1, (10, 21): 1, (10, 22): 1, (10, 24): 1, (11, 14): 6, (11, 15): 1, (11, 17): 1, (11, 19): 1, (11, 23): 1, (12, 15): 1, (12, 19): 1, (12, 20): 1, (12, 23): 1, (12, 24): 1, (13, 18): 1, (13, 19): 1, (13, 21): 1, (13, 23): 1, (14, 15): 1, (14, 16): 1, (14, 17): 1, (14, 22): 1, (14, 23): 1, (14, 24): 11, (15, 16): 1, (15, 19): 3, (15, 20): 1, (15, 21): 1, (16, 18): 1, (16, 21): 1, (16, 22): 1, (16, 23): 15, (17, 18): 1, (17, 19): 1, (17, 21): 1, (17, 22): 1, (18, 21): 1, (18, 22): 1, (18, 24): 1, (19, 20): 1, (19, 22): 1, (19, 24): 1, (20, 21): 1, (20, 24): 1, (21, 23): 1, (22, 24): 1}",1234.0545654296875,137.0,25.0,274.0
59.0,Graph with 25 nodes and 142 edges,"[[0, 0, 1, 0, 0, 0, 1, 0, 1, 1, 0, 0, 1, 0, 1, 1, 0, 1, 0, 0, 0, 1, 1, 1, 1], [0, 0, 0, 0, 0, 1, 1, 1, 0, 1, 1, 0, 0, 0, 0, 1, 0, 0, 0, 1, 1, 0, 1, 0, 1], [1, 0, 0, 0, 1, 1, 0, 0, 0, 0, 0, 1, 1, 1, 1, 1, 0, 1, 1, 0, 1, 0, 1, 1, 0], [0, 0, 0, 0, 1, 1, 1, 1, 1, 1, 0, 1, 1, 0, 0, 0, 1, 1, 1, 0, 0, 1, 0, 0, 0], [0, 0, 1, 1, 0, 1, 0, 0, 1, 1, 1, 1, 0, 1, 0, 0, 0, 1, 0, 0, 0, 1, 1, 0, 1], [0, 1, 1, 1, 1, 0, 1, 1, 0, 0, 0, 1, 1, 0, 1, 1, 0, 0, 1, 1, 0, 1, 1, 0, 0], [1, 1, 0, 1, 0, 1, 0, 0, 0, 0, 0, 0, 1, 0, 0, 0, 1, 0, 0, 1, 1, 1, 1, 0, 1], [0, 1, 0, 1, 0, 1, 0, 0, 0, 1, 0, 0, 1, 0, 0, 0, 0, 0, 0, 0, 1, 0, 0, 0, 1], [1, 0, 0, 1, 1, 0, 0, 0, 0, 1, 0, 0, 1, 0, 0, 1, 1, 1, 0, 0, 0, 1, 1, 1, 1], [1, 1, 0, 1, 1, 0, 0, 1, 1, 0, 0, 1, 1, 1, 1, 0, 1, 0, 0, 0, 1, 0, 1, 1, 0], [0, 1, 0, 0, 1, 0, 0, 0, 0, 0, 0, 1, 1, 0, 0, 0, 0, 0, 0, 1, 0, 0, 1, 1, 1], [0, 0, 1, 1, 1, 1, 0, 0, 0, 1, 1, 0, 0, 0, 0, 0, 0, 0, 1, 1, 0, 0, 1, 1, 0], [1, 0, 1, 1, 0, 1, 1, 1, 1, 1, 1, 0, 0, 0, 1, 1, 0, 0, 1, 1, 1, 1, 1, 0, 0], [0, 0, 1, 0, 1, 0, 0, 0, 0, 1, 0, 0, 0, 0, 1, 1, 0, 1, 1, 0, 1, 0, 1, 1, 0], [1, 0, 1, 0, 0, 1, 0, 0, 0, 1, 0, 0, 1, 1, 0, 0, 1, 1, 0, 0, 1, 0, 0, 1, 0], [1, 1, 1, 0, 0, 1, 0, 0, 1, 0, 0, 0, 1, 1, 0, 0, 1, 0, 1, 1, 0, 0, 0, 1, 1], [0, 0, 0, 1, 0, 0, 1, 0, 1, 1, 0, 0, 0, 0, 1, 1, 0, 1, 1, 1, 1, 0, 0, 1, 0], [1, 0, 1, 1, 1, 0, 0, 0, 1, 0, 0, 0, 0, 1, 1, 0, 1, 0, 0, 0, 1, 0, 0, 1, 1], [0, 0, 1, 1, 0, 1, 0, 0, 0, 0, 0, 1, 1, 1, 0, 1, 1, 0, 0, 1, 1, 0, 0, 0, 0], [0, 1, 0, 0, 0, 1, 1, 0, 0, 0, 1, 1, 1, 0, 0, 1, 1, 0, 1, 0, 0, 0, 0, 0, 0], [0, 1, 1, 0, 0, 0, 1, 1, 0, 1, 0, 0, 1, 1, 1, 0, 1, 1, 1, 0, 0, 0, 1, 1, 1], [1, 0, 0, 1, 1, 1, 1, 0, 1, 0, 0, 0, 1, 0, 0, 0, 0, 0, 0, 0, 0, 0, 0, 1, 1], [1, 1, 1, 0, 1, 1, 1, 0, 1, 1, 1, 1, 1, 1, 0, 0, 0, 0, 0, 0, 1, 0, 0, 0, 0], [1, 0, 1, 0, 0, 0, 0, 0, 1, 1, 1, 1, 0, 1, 1, 1, 1, 1, 0, 0, 1, 1, 0, 0, 0], [1, 1, 0, 0, 1, 0, 1, 1, 1, 0, 1, 0, 0, 0, 0, 1, 0, 1, 0, 0, 1, 1, 0, 0, 0]]",18.0,5.0,Y,"{0: 23, 1: 28, 2: 33, 3: 38, 4: 43, 5: 48, 6: 53, 7: 58, 8: 63, 9: 68, 10: 73, 11: 78, 12: 83, 13: 88, 14: 93, 15: 98, 16: 103, 17: 108, 18: 113, 19: 118, 20: 123, 21: 128, 22: 133, 23: 138, 24: 18}",Y,"{0: 23, 1: 28, 2: 33, 3: 38, 4: 43, 5: 48, 6: 53, 7: 58, 8: 63, 9: 68, 10: 73, 11: 78, 12: 83, 13: 88, 14: 93, 15: 98, 16: 103, 17: 108, 18: 113, 19: 118, 20: 123, 21: 128, 22: 133, 23: 138, 24: 18}","{(0, 2): 1, (0, 6): 1, (0, 8): 1, (0, 9): 1, (0, 12): 1, (0, 14): 12, (0, 15): 1, (0, 17): 1, (0, 21): 1, (0, 22): 1, (0, 23): 1, (0, 24): 1, (1, 5): 1, (1, 6): 1, (1, 7): 1, (1, 9): 1, (1, 10): 1, (1, 15): 1, (1, 19): 19, (1, 20): 1, (1, 22): 1, (1, 24): 1, (2, 4): 1, (2, 5): 1, (2, 11): 1, (2, 12): 1, (2, 13): 1, (2, 14): 1, (2, 15): 1, (2, 17): 1, (2, 18): 1, (2, 20): 21, (2, 22): 1, (2, 23): 1, (3, 4): 1, (3, 5): 1, (3, 6): 1, (3, 7): 24, (3, 8): 1, (3, 9): 1, (3, 11): 1, (3, 12): 1, (3, 16): 4, (3, 17): 1, (3, 18): 1, (3, 21): 1, (4, 5): 1, (4, 8): 1, (4, 9): 1, (4, 10): 1, (4, 11): 1, (4, 13): 1, (4, 17): 32, (4, 21): 1, (4, 22): 1, (4, 24): 1, (5, 6): 1, (5, 7): 24, (5, 11): 1, (5, 12): 1, (5, 14): 1, (5, 15): 1, (5, 18): 1, (5, 19): 12, (5, 21): 1, (5, 22): 1, (6, 12): 1, (6, 16): 1, (6, 19): 1, (6, 20): 1, (6, 21): 43, (6, 22): 1, (6, 24): 1, (7, 9): 1, (7, 12): 1, (7, 20): 1, (7, 24): 6, (8, 9): 1, (8, 12): 1, (8, 15): 1, (8, 16): 1, (8, 17): 1, (8, 21): 1, (8, 22): 52, (8, 23): 1, (8, 24): 1, (9, 11): 1, (9, 12): 1, (9, 13): 1, (9, 14): 1, (9, 16): 1, (9, 20): 21, (9, 22): 1, (9, 23): 35, (10, 11): 66, (10, 12): 1, (10, 19): 1, (10, 22): 1, (10, 23): 1, (10, 24): 1, (11, 18): 1, (11, 19): 4, (11, 22): 1, (11, 23): 1, (12, 14): 1, (12, 15): 1, (12, 18): 1, (12, 19): 1, (12, 20): 1, (12, 21): 68, (12, 22): 1, (13, 14): 1, (13, 15): 1, (13, 17): 1, (13, 18): 79, (13, 20): 1, (13, 22): 1, (13, 23): 1, (14, 16): 1, (14, 17): 1, (14, 20): 1, (14, 23): 73, (15, 16): 1, (15, 18): 1, (15, 19): 78, (15, 23): 10, (15, 24): 1, (16, 17): 65, (16, 18): 26, (16, 19): 1, (16, 20): 1, (16, 23): 1, (17, 20): 1, (17, 23): 1, (17, 24): 3, (18, 19): 1, (18, 20): 1, (20, 22): 70, (20, 23): 1, (20, 24): 1, (21, 23): 11, (21, 24): 1}",1228.0941009521484,142.0,25.0,284.0
59.0,Graph with 25 nodes and 142 edges,"[[0, 0, 1, 0, 0, 0, 1, 0, 1, 1, 0, 0, 1, 0, 1, 1, 0, 1, 0, 0, 0, 1, 1, 1, 1], [0, 0, 0, 0, 0, 1, 1, 1, 0, 1, 1, 0, 0, 0, 0, 1, 0, 0, 0, 1, 1, 0, 1, 0, 1], [1, 0, 0, 0, 1, 1, 0, 0, 0, 0, 0, 1, 1, 1, 1, 1, 0, 1, 1, 0, 1, 0, 1, 1, 0], [0, 0, 0, 0, 1, 1, 1, 1, 1, 1, 0, 1, 1, 0, 0, 0, 1, 1, 1, 0, 0, 1, 0, 0, 0], [0, 0, 1, 1, 0, 1, 0, 0, 1, 1, 1, 1, 0, 1, 0, 0, 0, 1, 0, 0, 0, 1, 1, 0, 1], [0, 1, 1, 1, 1, 0, 1, 1, 0, 0, 0, 1, 1, 0, 1, 1, 0, 0, 1, 1, 0, 1, 1, 0, 0], [1, 1, 0, 1, 0, 1, 0, 0, 0, 0, 0, 0, 1, 0, 0, 0, 1, 0, 0, 1, 1, 1, 1, 0, 1], [0, 1, 0, 1, 0, 1, 0, 0, 0, 1, 0, 0, 1, 0, 0, 0, 0, 0, 0, 0, 1, 0, 0, 0, 1], [1, 0, 0, 1, 1, 0, 0, 0, 0, 1, 0, 0, 1, 0, 0, 1, 1, 1, 0, 0, 0, 1, 1, 1, 1], [1, 1, 0, 1, 1, 0, 0, 1, 1, 0, 0, 1, 1, 1, 1, 0, 1, 0, 0, 0, 1, 0, 1, 1, 0], [0, 1, 0, 0, 1, 0, 0, 0, 0, 0, 0, 1, 1, 0, 0, 0, 0, 0, 0, 1, 0, 0, 1, 1, 1], [0, 0, 1, 1, 1, 1, 0, 0, 0, 1, 1, 0, 0, 0, 0, 0, 0, 0, 1, 1, 0, 0, 1, 1, 0], [1, 0, 1, 1, 0, 1, 1, 1, 1, 1, 1, 0, 0, 0, 1, 1, 0, 0, 1, 1, 1, 1, 1, 0, 0], [0, 0, 1, 0, 1, 0, 0, 0, 0, 1, 0, 0, 0, 0, 1, 1, 0, 1, 1, 0, 1, 0, 1, 1, 0], [1, 0, 1, 0, 0, 1, 0, 0, 0, 1, 0, 0, 1, 1, 0, 0, 1, 1, 0, 0, 1, 0, 0, 1, 0], [1, 1, 1, 0, 0, 1, 0, 0, 1, 0, 0, 0, 1, 1, 0, 0, 1, 0, 1, 1, 0, 0, 0, 1, 1], [0, 0, 0, 1, 0, 0, 1, 0, 1, 1, 0, 0, 0, 0, 1, 1, 0, 1, 1, 1, 1, 0, 0, 1, 0], [1, 0, 1, 1, 1, 0, 0, 0, 1, 0, 0, 0, 0, 1, 1, 0, 1, 0, 0, 0, 1, 0, 0, 1, 1], [0, 0, 1, 1, 0, 1, 0, 0, 0, 0, 0, 1, 1, 1, 0, 1, 1, 0, 0, 1, 1, 0, 0, 0, 0], [0, 1, 0, 0, 0, 1, 1, 0, 0, 0, 1, 1, 1, 0, 0, 1, 1, 0, 1, 0, 0, 0, 0, 0, 0], [0, 1, 1, 0, 0, 0, 1, 1, 0, 1, 0, 0, 1, 1, 1, 0, 1, 1, 1, 0, 0, 0, 1, 1, 1], [1, 0, 0, 1, 1, 1, 1, 0, 1, 0, 0, 0, 1, 0, 0, 0, 0, 0, 0, 0, 0, 0, 0, 1, 1], [1, 1, 1, 0, 1, 1, 1, 0, 1, 1, 1, 1, 1, 1, 0, 0, 0, 0, 0, 0, 1, 0, 0, 0, 0], [1, 0, 1, 0, 0, 0, 0, 0, 1, 1, 1, 1, 0, 1, 1, 1, 1, 1, 0, 0, 1, 1, 0, 0, 0], [1, 1, 0, 0, 1, 0, 1, 1, 1, 0, 1, 0, 0, 0, 0, 1, 0, 1, 0, 0, 1, 1, 0, 0, 0]]",18.0,8.0,Y,"{0: 26, 1: 34, 2: 42, 3: 50, 4: 58, 5: 66, 6: 74, 7: 82, 8: 90, 9: 98, 10: 106, 11: 114, 12: 122, 13: 130, 14: 138, 15: 146, 16: 154, 17: 162, 18: 170, 19: 178, 20: 186, 21: 194, 22: 202, 23: 210, 24: 18}",Y,"{0: 26, 1: 34, 2: 42, 3: 50, 4: 58, 5: 66, 6: 74, 7: 82, 8: 90, 9: 98, 10: 106, 11: 114, 12: 122, 13: 130, 14: 138, 15: 146, 16: 154, 17: 162, 18: 170, 19: 178, 20: 186, 21: 194, 22: 202, 23: 210, 24: 18}","{(0, 2): 1, (0, 6): 1, (0, 8): 1, (0, 9): 1, (0, 12): 1, (0, 14): 15, (0, 15): 1, (0, 17): 1, (0, 21): 1, (0, 22): 1, (0, 23): 1, (0, 24): 1, (1, 5): 1, (1, 6): 1, (1, 7): 1, (1, 9): 1, (1, 10): 1, (1, 15): 1, (1, 19): 25, (1, 20): 1, (1, 22): 1, (1, 24): 1, (2, 4): 1, (2, 5): 1, (2, 11): 7, (2, 12): 1, (2, 13): 1, (2, 14): 1, (2, 15): 5, (2, 17): 12, (2, 18): 1, (2, 20): 9, (2, 22): 1, (2, 23): 1, (3, 4): 1, (3, 5): 1, (3, 6): 1, (3, 7): 39, (3, 8): 1, (3, 9): 1, (3, 11): 1, (3, 12): 1, (3, 16): 1, (3, 17): 1, (3, 18): 1, (3, 21): 1, (4, 5): 1, (4, 8): 1, (4, 9): 1, (4, 10): 1, (4, 11): 1, (4, 13): 1, (4, 17): 38, (4, 21): 10, (4, 22): 1, (4, 24): 1, (5, 6): 1, (5, 7): 38, (5, 11): 1, (5, 12): 1, (5, 14): 1, (5, 15): 1, (5, 18): 1, (5, 19): 16, (5, 21): 1, (5, 22): 1, (6, 12): 1, (6, 16): 1, (6, 19): 1, (6, 20): 1, (6, 21): 64, (6, 22): 1, (6, 24): 1, (7, 9): 1, (7, 12): 1, (7, 20): 1, (7, 24): 1, (8, 9): 1, (8, 12): 1, (8, 15): 1, (8, 16): 1, (8, 17): 1, (8, 21): 1, (8, 22): 79, (8, 23): 1, (8, 24): 1, (9, 11): 1, (9, 12): 1, (9, 13): 1, (9, 14): 1, (9, 16): 1, (9, 20): 28, (9, 22): 58, (9, 23): 1, (10, 11): 99, (10, 12): 1, (10, 19): 1, (10, 22): 1, (10, 23): 1, (10, 24): 1, (11, 18): 1, (11, 19): 1, (11, 22): 1, (11, 23): 1, (12, 14): 1, (12, 15): 1, (12, 18): 1, (12, 19): 1, (12, 20): 1, (12, 21): 107, (12, 22): 1, (13, 14): 1, (13, 15): 1, (13, 17): 1, (13, 18): 121, (13, 20): 1, (13, 22): 1, (13, 23): 1, (14, 16): 1, (14, 17): 1, (14, 20): 1, (14, 23): 115, (15, 16): 1, (15, 18): 1, (15, 19): 131, (15, 23): 1, (15, 24): 1, (16, 17): 104, (16, 18): 41, (16, 19): 1, (16, 20): 1, (16, 23): 1, (17, 20): 1, (17, 23): 1, (17, 24): 1, (18, 19): 1, (18, 20): 1, (20, 22): 55, (20, 23): 84, (20, 24): 1, (21, 23): 1, (21, 24): 8}",1426.2199401855469,142.0,25.0,284.0
60.0,Graph with 25 nodes and 151 edges,"[[0, 1, 0, 1, 1, 0, 1, 0, 1, 1, 0, 1, 1, 0, 1, 1, 1, 1, 0, 1, 1, 0, 1, 1, 0], [1, 0, 1, 0, 1, 1, 0, 1, 1, 0, 1, 0, 1, 0, 1, 0, 0, 0, 0, 1, 0, 0, 1, 0, 1], [0, 1, 0, 1, 1, 0, 0, 1, 0, 1, 1, 1, 0, 1, 0, 1, 1, 1, 1, 1, 1, 0, 0, 0, 1], [1, 0, 1, 0, 0, 1, 0, 0, 0, 0, 0, 0, 0, 1, 1, 1, 1, 1, 1, 0, 1, 0, 0, 0, 0], [1, 1, 1, 0, 0, 0, 1, 1, 0, 1, 1, 1, 0, 0, 1, 1, 1, 0, 0, 0, 0, 1, 0, 1, 1], [0, 1, 0, 1, 0, 0, 0, 1, 0, 1, 1, 0, 1, 0, 0, 0, 1, 0, 0, 1, 0, 0, 1, 0, 0], [1, 0, 0, 0, 1, 0, 0, 0, 1, 1, 0, 0, 0, 0, 0, 1, 1, 1, 1, 0, 0, 1, 1, 0, 1], [0, 1, 1, 0, 1, 1, 0, 0, 1, 1, 0, 1, 0, 1, 1, 1, 0, 0, 0, 0, 1, 1, 1, 0, 1], [1, 1, 0, 0, 0, 0, 1, 1, 0, 0, 0, 0, 1, 0, 1, 0, 1, 0, 0, 1, 0, 1, 0, 1, 1], [1, 0, 1, 0, 1, 1, 1, 1, 0, 0, 1, 0, 1, 0, 1, 0, 0, 0, 0, 0, 1, 1, 1, 1, 0], [0, 1, 1, 0, 1, 1, 0, 0, 0, 1, 0, 0, 0, 0, 0, 1, 1, 1, 1, 1, 0, 0, 0, 0, 0], [1, 0, 1, 0, 1, 0, 0, 1, 0, 0, 0, 0, 0, 0, 0, 0, 1, 0, 0, 0, 1, 0, 1, 1, 1], [1, 1, 0, 0, 0, 1, 0, 0, 1, 1, 0, 0, 0, 1, 1, 1, 0, 1, 0, 0, 0, 1, 0, 0, 0], [0, 0, 1, 1, 0, 0, 0, 1, 0, 0, 0, 0, 1, 0, 1, 0, 1, 0, 0, 1, 0, 1, 1, 0, 1], [1, 1, 0, 1, 1, 0, 0, 1, 1, 1, 0, 0, 1, 1, 0, 1, 0, 0, 1, 1, 1, 0, 1, 1, 0], [1, 0, 1, 1, 1, 0, 1, 1, 0, 0, 1, 0, 1, 0, 1, 0, 1, 0, 0, 1, 0, 0, 1, 0, 1], [1, 0, 1, 1, 1, 1, 1, 0, 1, 0, 1, 1, 0, 1, 0, 1, 0, 0, 1, 0, 0, 0, 1, 1, 0], [1, 0, 1, 1, 0, 0, 1, 0, 0, 0, 1, 0, 1, 0, 0, 0, 0, 0, 1, 0, 1, 0, 1, 0, 1], [0, 0, 1, 1, 0, 0, 1, 0, 0, 0, 1, 0, 0, 0, 1, 0, 1, 1, 0, 1, 0, 1, 1, 1, 0], [1, 1, 1, 0, 0, 1, 0, 0, 1, 0, 1, 0, 0, 1, 1, 1, 0, 0, 1, 0, 0, 1, 1, 0, 1], [1, 0, 1, 1, 0, 0, 0, 1, 0, 1, 0, 1, 0, 0, 1, 0, 0, 1, 0, 0, 0, 1, 1, 1, 1], [0, 0, 0, 0, 1, 0, 1, 1, 1, 1, 0, 0, 1, 1, 0, 0, 0, 0, 1, 1, 1, 0, 0, 0, 0], [1, 1, 0, 0, 0, 1, 1, 1, 0, 1, 0, 1, 0, 1, 1, 1, 1, 1, 1, 1, 1, 0, 0, 0, 1], [1, 0, 0, 0, 1, 0, 0, 0, 1, 1, 0, 1, 0, 0, 1, 0, 1, 0, 1, 0, 1, 0, 0, 0, 1], [0, 1, 1, 0, 1, 0, 1, 1, 1, 0, 0, 1, 0, 1, 0, 1, 0, 1, 0, 1, 1, 0, 1, 1, 0]]",22.0,7.0,Y,"{0: 29, 1: 36, 2: 43, 3: 50, 4: 57, 5: 64, 6: 71, 7: 78, 8: 85, 9: 92, 10: 99, 11: 106, 12: 113, 13: 120, 14: 127, 15: 134, 16: 141, 17: 148, 18: 155, 19: 162, 20: 169, 21: 176, 22: 183, 23: 190, 24: 22}",Y,"{0: 29, 1: 36, 2: 43, 3: 50, 4: 57, 5: 64, 6: 71, 7: 78, 8: 85, 9: 92, 10: 99, 11: 106, 12: 113, 13: 120, 14: 127, 15: 134, 16: 141, 17: 148, 18: 155, 19: 162, 20: 169, 21: 176, 22: 183, 23: 190, 24: 22}","{(0, 1): 1, (0, 3): 1, (0, 4): 1, (0, 6): 1, (0, 8): 1, (0, 9): 1, (0, 11): 1, (0, 12): 1, (0, 14): 1, (0, 15): 1, (0, 16): 1, (0, 17): 1, (0, 19): 1, (0, 20): 1, (0, 22): 1, (0, 23): 14, (1, 2): 8, (1, 4): 1, (1, 5): 1, (1, 7): 1, (1, 8): 7, (1, 10): 8, (1, 12): 4, (1, 14): 1, (1, 19): 2, (1, 22): 1, (1, 24): 1, (2, 3): 1, (2, 4): 1, (2, 7): 1, (2, 9): 1, (2, 10): 8, (2, 11): 1, (2, 13): 1, (2, 15): 1, (2, 16): 1, (2, 17): 13, (2, 18): 1, (2, 19): 1, (2, 20): 3, (2, 24): 1, (3, 5): 1, (3, 13): 3, (3, 14): 1, (3, 15): 1, (3, 16): 1, (3, 17): 1, (3, 18): 1, (3, 20): 39, (4, 6): 1, (4, 7): 1, (4, 9): 1, (4, 10): 1, (4, 11): 1, (4, 14): 13, (4, 15): 1, (4, 16): 1, (4, 21): 32, (4, 23): 1, (4, 24): 1, (5, 7): 1, (5, 9): 1, (5, 10): 16, (5, 12): 9, (5, 16): 1, (5, 19): 33, (5, 22): 1, (6, 8): 1, (6, 9): 2, (6, 15): 8, (6, 16): 1, (6, 17): 1, (6, 18): 16, (6, 21): 1, (6, 22): 38, (6, 24): 1, (7, 8): 1, (7, 9): 8, (7, 11): 1, (7, 13): 1, (7, 14): 1, (7, 15): 39, (7, 20): 15, (7, 21): 1, (7, 22): 6, (7, 24): 1, (8, 12): 1, (8, 14): 1, (8, 16): 1, (8, 19): 33, (8, 21): 37, (8, 23): 1, (8, 24): 1, (9, 10): 1, (9, 12): 7, (9, 14): 1, (9, 20): 25, (9, 21): 24, (9, 22): 1, (9, 23): 19, (10, 15): 33, (10, 16): 1, (10, 17): 9, (10, 18): 1, (10, 19): 21, (11, 16): 1, (11, 20): 23, (11, 22): 46, (11, 23): 23, (11, 24): 9, (12, 13): 9, (12, 14): 1, (12, 15): 1, (12, 17): 67, (12, 21): 13, (13, 14): 13, (13, 16): 63, (13, 19): 1, (13, 21): 27, (13, 22): 1, (13, 24): 1, (14, 15): 1, (14, 18): 1, (14, 19): 1, (14, 20): 11, (14, 22): 3, (14, 23): 77, (15, 16): 45, (15, 19): 1, (15, 22): 1, (15, 24): 1, (16, 18): 8, (16, 22): 1, (16, 23): 15, (17, 18): 49, (17, 20): 5, (17, 22): 1, (17, 24): 1, (18, 19): 15, (18, 21): 25, (18, 22): 1, (18, 23): 37, (19, 21): 1, (19, 22): 51, (19, 24): 1, (20, 21): 15, (20, 22): 29, (20, 23): 2, (20, 24): 1, (22, 24): 1, (23, 24): 1}",104.9041748046875,151.0,25.0,302.0
64.0,Graph with 25 nodes and 162 edges,"[[0, 0, 1, 0, 1, 1, 1, 0, 0, 0, 1, 0, 0, 1, 1, 0, 0, 1, 1, 1, 0, 1, 0, 0, 0], [0, 0, 0, 0, 1, 1, 0, 1, 1, 1, 0, 0, 1, 1, 1, 0, 0, 0, 1, 1, 0, 0, 0, 1, 1], [1, 0, 0, 1, 1, 0, 1, 0, 1, 1, 1, 1, 1, 1, 0, 1, 0, 0, 0, 0, 1, 0, 1, 1, 0], [0, 0, 1, 0, 1, 0, 1, 1, 1, 1, 1, 0, 1, 0, 1, 0, 1, 0, 1, 1, 1, 1, 1, 0, 1], [1, 1, 1, 1, 0, 1, 1, 0, 0, 0, 1, 1, 1, 1, 0, 0, 1, 1, 0, 0, 0, 0, 1, 0, 0], [1, 1, 0, 0, 1, 0, 0, 1, 1, 1, 1, 1, 1, 1, 1, 1, 1, 0, 0, 1, 1, 0, 0, 0, 0], [1, 0, 1, 1, 1, 0, 0, 1, 1, 1, 0, 1, 1, 0, 0, 1, 1, 0, 0, 1, 1, 0, 0, 1, 0], [0, 1, 0, 1, 0, 1, 1, 0, 0, 0, 1, 1, 1, 1, 0, 0, 0, 1, 0, 1, 1, 0, 0, 1, 1], [0, 1, 1, 1, 0, 1, 1, 0, 0, 1, 1, 1, 0, 1, 0, 0, 1, 0, 1, 0, 0, 1, 1, 0, 0], [0, 1, 1, 1, 0, 1, 1, 0, 1, 0, 0, 0, 0, 0, 1, 0, 0, 0, 1, 0, 1, 0, 1, 1, 0], [1, 0, 1, 1, 1, 1, 0, 1, 1, 0, 0, 1, 1, 1, 1, 0, 1, 0, 1, 1, 1, 1, 0, 1, 1], [0, 0, 1, 0, 1, 1, 1, 1, 1, 0, 1, 0, 0, 0, 0, 0, 0, 0, 1, 0, 0, 1, 0, 1, 1], [0, 1, 1, 1, 1, 1, 1, 1, 0, 0, 1, 0, 0, 1, 1, 1, 1, 1, 0, 1, 1, 1, 0, 0, 0], [1, 1, 1, 0, 1, 1, 0, 1, 1, 0, 1, 0, 1, 0, 0, 0, 1, 1, 0, 1, 0, 0, 1, 0, 1], [1, 1, 0, 1, 0, 1, 0, 0, 0, 1, 1, 0, 1, 0, 0, 0, 1, 0, 1, 1, 0, 1, 0, 1, 0], [0, 0, 1, 0, 0, 1, 1, 0, 0, 0, 0, 0, 1, 0, 0, 0, 0, 1, 1, 0, 1, 1, 1, 1, 0], [0, 0, 0, 1, 1, 1, 1, 0, 1, 0, 1, 0, 1, 1, 1, 0, 0, 0, 0, 0, 1, 1, 0, 1, 1], [1, 0, 0, 0, 1, 0, 0, 1, 0, 0, 0, 0, 1, 1, 0, 1, 0, 0, 0, 1, 1, 1, 1, 1, 0], [1, 1, 0, 1, 0, 0, 0, 0, 1, 1, 1, 1, 0, 0, 1, 1, 0, 0, 0, 0, 0, 0, 0, 0, 0], [1, 1, 0, 1, 0, 1, 1, 1, 0, 0, 1, 0, 1, 1, 1, 0, 0, 1, 0, 0, 1, 0, 1, 0, 1], [0, 0, 1, 1, 0, 1, 1, 1, 0, 1, 1, 0, 1, 0, 0, 1, 1, 1, 0, 1, 0, 0, 0, 1, 1], [1, 0, 0, 1, 0, 0, 0, 0, 1, 0, 1, 1, 1, 0, 1, 1, 1, 1, 0, 0, 0, 0, 1, 1, 1], [0, 0, 1, 1, 1, 0, 0, 0, 1, 1, 0, 0, 0, 1, 0, 1, 0, 1, 0, 1, 0, 1, 0, 1, 1], [0, 1, 1, 0, 0, 0, 1, 1, 0, 1, 1, 1, 0, 0, 1, 1, 1, 1, 0, 0, 1, 1, 1, 0, 0], [0, 1, 0, 1, 0, 0, 0, 1, 0, 0, 1, 1, 0, 1, 0, 0, 1, 0, 0, 1, 1, 1, 1, 0, 0]]",12.0,4.0,Y,"{0: 16, 1: 20, 2: 24, 3: 28, 4: 32, 5: 36, 6: 40, 7: 44, 8: 48, 9: 52, 10: 56, 11: 60, 12: 64, 13: 68, 14: 72, 15: 76, 16: 80, 17: 84, 18: 88, 19: 92, 20: 96, 21: 100, 22: 104, 23: 108, 24: 12}",Y,"{0: 16, 1: 20, 2: 24, 3: 28, 4: 32, 5: 36, 6: 40, 7: 44, 8: 48, 9: 52, 10: 56, 11: 60, 12: 64, 13: 68, 14: 72, 15: 76, 16: 80, 17: 84, 18: 88, 19: 92, 20: 96, 21: 100, 22: 104, 23: 108, 24: 12}","{(0, 2): 1, (0, 4): 1, (0, 5): 1, (0, 6): 1, (0, 10): 1, (0, 13): 2, (0, 14): 5, (0, 17): 1, (0, 18): 1, (0, 19): 1, (0, 21): 1, (1, 4): 1, (1, 5): 1, (1, 7): 1, (1, 8): 1, (1, 9): 1, (1, 12): 1, (1, 13): 1, (1, 14): 1, (1, 18): 1, (1, 19): 3, (1, 23): 7, (1, 24): 1, (2, 3): 1, (2, 4): 1, (2, 6): 1, (2, 8): 1, (2, 9): 11, (2, 10): 1, (2, 11): 1, (2, 12): 1, (2, 13): 1, (2, 15): 1, (2, 20): 1, (2, 22): 1, (2, 23): 1, (3, 4): 1, (3, 6): 1, (3, 7): 3, (3, 8): 1, (3, 9): 1, (3, 10): 1, (3, 12): 1, (3, 14): 7, (3, 16): 1, (3, 18): 4, (3, 19): 2, (3, 20): 1, (3, 21): 1, (3, 22): 1, (3, 24): 1, (4, 5): 1, (4, 6): 1, (4, 10): 9, (4, 11): 1, (4, 12): 1, (4, 13): 1, (4, 16): 1, (4, 17): 12, (4, 22): 1, (5, 7): 1, (5, 8): 1, (5, 9): 1, (5, 10): 1, (5, 11): 1, (5, 12): 1, (5, 13): 1, (5, 14): 22, (5, 15): 1, (5, 16): 1, (5, 19): 1, (5, 20): 1, (6, 7): 1, (6, 8): 3, (6, 9): 1, (6, 11): 1, (6, 12): 1, (6, 15): 1, (6, 16): 19, (6, 19): 1, (6, 20): 7, (6, 23): 1, (7, 10): 1, (7, 11): 1, (7, 12): 1, (7, 13): 1, (7, 17): 30, (7, 19): 1, (7, 20): 1, (7, 23): 1, (7, 24): 1, (8, 9): 20, (8, 10): 1, (8, 11): 1, (8, 13): 3, (8, 16): 1, (8, 18): 1, (8, 21): 1, (8, 22): 13, (9, 14): 3, (9, 18): 1, (9, 20): 9, (9, 22): 1, (9, 23): 3, (10, 11): 1, (10, 12): 1, (10, 13): 1, (10, 14): 1, (10, 16): 1, (10, 18): 29, (10, 19): 1, (10, 20): 1, (10, 21): 3, (10, 23): 1, (10, 24): 1, (11, 18): 48, (11, 21): 3, (11, 23): 1, (11, 24): 1, (12, 13): 1, (12, 14): 1, (12, 15): 49, (12, 16): 1, (12, 17): 1, (12, 19): 1, (12, 20): 1, (12, 21): 1, (13, 16): 1, (13, 17): 8, (13, 19): 43, (13, 22): 2, (13, 24): 2, (14, 16): 1, (14, 18): 1, (14, 19): 26, (14, 21): 1, (14, 23): 3, (15, 17): 3, (15, 18): 2, (15, 20): 1, (15, 21): 10, (15, 22): 5, (15, 23): 3, (16, 20): 3, (16, 21): 1, (16, 23): 48, (16, 24): 1, (17, 19): 1, (17, 20): 24, (17, 21): 1, (17, 22): 2, (17, 23): 1, (19, 20): 9, (19, 22): 1, (19, 24): 1, (20, 23): 36, (20, 24): 1, (21, 22): 75, (21, 23): 1, (21, 24): 1, (22, 23): 1, (22, 24): 1}",82.0159912109375,162.0,25.0,324.0
65.0,Graph with 25 nodes and 143 edges,"[[0, 0, 0, 1, 0, 0, 0, 0, 0, 1, 1, 0, 0, 0, 0, 0, 0, 1, 0, 0, 0, 0, 1, 0, 1], [0, 0, 0, 1, 0, 0, 1, 0, 0, 1, 1, 0, 0, 0, 0, 1, 0, 1, 1, 1, 1, 1, 0, 1, 1], [0, 0, 0, 0, 1, 0, 0, 0, 0, 1, 1, 0, 1, 1, 0, 1, 1, 0, 1, 1, 1, 0, 0, 0, 0], [1, 1, 0, 0, 1, 0, 1, 1, 0, 0, 1, 1, 0, 0, 1, 1, 0, 0, 0, 1, 1, 0, 1, 1, 0], [0, 0, 1, 1, 0, 1, 1, 1, 1, 0, 0, 1, 0, 1, 0, 0, 1, 1, 1, 0, 0, 1, 1, 1, 1], [0, 0, 0, 0, 1, 0, 1, 0, 0, 0, 0, 0, 1, 0, 1, 1, 0, 0, 0, 0, 0, 0, 0, 0, 1], [0, 1, 0, 1, 1, 1, 0, 1, 0, 0, 1, 1, 1, 0, 0, 0, 1, 0, 0, 1, 1, 0, 1, 1, 0], [0, 0, 0, 1, 1, 0, 1, 0, 0, 1, 1, 1, 0, 0, 1, 0, 1, 0, 0, 0, 0, 0, 1, 1, 0], [0, 0, 0, 0, 1, 0, 0, 0, 0, 1, 1, 0, 1, 1, 0, 1, 1, 0, 1, 0, 0, 1, 0, 0, 1], [1, 1, 1, 0, 0, 0, 0, 1, 1, 0, 0, 1, 0, 1, 1, 0, 1, 0, 1, 0, 1, 0, 1, 0, 1], [1, 1, 1, 1, 0, 0, 1, 1, 1, 0, 0, 1, 0, 1, 1, 0, 0, 0, 0, 0, 1, 0, 0, 1, 0], [0, 0, 0, 1, 1, 0, 1, 1, 0, 1, 1, 0, 1, 1, 1, 1, 0, 0, 1, 1, 1, 0, 0, 1, 1], [0, 0, 1, 0, 0, 1, 1, 0, 1, 0, 0, 1, 0, 1, 0, 0, 1, 0, 0, 1, 0, 1, 1, 1, 0], [0, 0, 1, 0, 1, 0, 0, 0, 1, 1, 1, 1, 1, 0, 1, 1, 0, 1, 0, 1, 0, 0, 0, 0, 0], [0, 0, 0, 1, 0, 1, 0, 1, 0, 1, 1, 1, 0, 1, 0, 0, 1, 1, 0, 1, 0, 1, 0, 1, 0], [0, 1, 1, 1, 0, 1, 0, 0, 1, 0, 0, 1, 0, 1, 0, 0, 1, 0, 1, 0, 1, 0, 0, 1, 1], [0, 0, 1, 0, 1, 0, 1, 1, 1, 1, 0, 0, 1, 0, 1, 1, 0, 0, 0, 1, 0, 0, 1, 1, 1], [1, 1, 0, 0, 1, 0, 0, 0, 0, 0, 0, 0, 0, 1, 1, 0, 0, 0, 0, 1, 0, 1, 1, 1, 1], [0, 1, 1, 0, 1, 0, 0, 0, 1, 1, 0, 1, 0, 0, 0, 1, 0, 0, 0, 0, 0, 0, 1, 1, 1], [0, 1, 1, 1, 0, 0, 1, 0, 0, 0, 0, 1, 1, 1, 1, 0, 1, 1, 0, 0, 0, 1, 0, 0, 1], [0, 1, 1, 1, 0, 0, 1, 0, 0, 1, 1, 1, 0, 0, 0, 1, 0, 0, 0, 0, 0, 0, 1, 0, 1], [0, 1, 0, 0, 1, 0, 0, 0, 1, 0, 0, 0, 1, 0, 1, 0, 0, 1, 0, 1, 0, 0, 1, 1, 0], [1, 0, 0, 1, 1, 0, 1, 1, 0, 1, 0, 0, 1, 0, 0, 0, 1, 1, 1, 0, 1, 1, 0, 1, 0], [0, 1, 0, 1, 1, 0, 1, 1, 0, 0, 1, 1, 1, 0, 1, 1, 1, 1, 1, 0, 0, 1, 1, 0, 0], [1, 1, 0, 0, 1, 1, 0, 0, 1, 1, 0, 1, 0, 0, 0, 1, 1, 1, 1, 1, 1, 0, 0, 0, 0]]",22.0,3.0,Y,"{0: 25, 1: 28, 2: 31, 3: 34, 4: 37, 5: 40, 6: 43, 7: 46, 8: 49, 9: 52, 10: 55, 11: 58, 12: 61, 13: 64, 14: 67, 15: 70, 16: 73, 17: 76, 18: 79, 19: 82, 20: 85, 21: 88, 22: 91, 23: 94, 24: 22}",Y,"{0: 25, 1: 28, 2: 31, 3: 34, 4: 37, 5: 40, 6: 43, 7: 46, 8: 49, 9: 52, 10: 55, 11: 58, 12: 61, 13: 64, 14: 67, 15: 70, 16: 73, 17: 76, 18: 79, 19: 82, 20: 85, 21: 88, 22: 91, 23: 94, 24: 22}","{(0, 3): 1, (0, 9): 1, (0, 10): 1, (0, 17): 20, (0, 22): 1, (0, 24): 1, (1, 3): 1, (1, 6): 1, (1, 9): 17, (1, 10): 1, (1, 15): 1, (1, 17): 1, (1, 18): 1, (1, 19): 1, (1, 20): 1, (1, 21): 1, (1, 23): 1, (1, 24): 1, (2, 4): 1, (2, 9): 1, (2, 10): 1, (2, 12): 7, (2, 13): 1, (2, 15): 1, (2, 16): 5, (2, 18): 1, (2, 19): 1, (2, 20): 12, (3, 4): 1, (3, 6): 1, (3, 7): 2, (3, 10): 1, (3, 11): 1, (3, 14): 1, (3, 15): 1, (3, 19): 1, (3, 20): 1, (3, 22): 1, (3, 23): 21, (4, 5): 1, (4, 6): 1, (4, 7): 1, (4, 8): 5, (4, 11): 3, (4, 13): 1, (4, 16): 17, (4, 17): 1, (4, 18): 1, (4, 21): 1, (4, 22): 1, (4, 23): 1, (4, 24): 1, (5, 6): 1, (5, 12): 24, (5, 14): 12, (5, 15): 1, (5, 24): 1, (6, 7): 1, (6, 10): 1, (6, 11): 1, (6, 12): 1, (6, 16): 21, (6, 19): 11, (6, 20): 1, (6, 22): 1, (6, 23): 1, (7, 9): 10, (7, 10): 21, (7, 11): 1, (7, 14): 7, (7, 16): 1, (7, 22): 1, (7, 23): 1, (8, 9): 7, (8, 10): 1, (8, 12): 1, (8, 13): 1, (8, 15): 1, (8, 16): 1, (8, 18): 30, (8, 21): 1, (8, 24): 1, (9, 11): 3, (9, 13): 1, (9, 14): 1, (9, 16): 1, (9, 18): 1, (9, 20): 7, (9, 22): 1, (9, 24): 1, (10, 11): 16, (10, 13): 7, (10, 14): 1, (10, 20): 3, (10, 23): 1, (11, 12): 10, (11, 13): 1, (11, 14): 1, (11, 15): 1, (11, 18): 1, (11, 19): 1, (11, 20): 1, (11, 23): 7, (11, 24): 10, (12, 13): 1, (12, 16): 1, (12, 19): 9, (12, 21): 1, (12, 22): 5, (12, 23): 1, (13, 14): 9, (13, 15): 1, (13, 17): 8, (13, 19): 33, (14, 16): 1, (14, 17): 1, (14, 19): 1, (14, 21): 31, (14, 23): 1, (15, 16): 1, (15, 18): 11, (15, 20): 49, (15, 23): 1, (15, 24): 1, (16, 19): 21, (16, 22): 1, (16, 23): 1, (16, 24): 1, (17, 19): 1, (17, 21): 1, (17, 22): 41, (17, 23): 1, (17, 24): 1, (18, 22): 21, (18, 23): 11, (18, 24): 1, (19, 21): 1, (19, 24): 1, (20, 22): 9, (20, 24): 1, (21, 22): 7, (21, 23): 44, (22, 23): 1}",102.996826171875,143.0,25.0,286.0
67.0,Graph with 25 nodes and 162 edges,"[[0, 1, 1, 0, 0, 0, 1, 1, 0, 0, 0, 1, 1, 0, 1, 0, 0, 1, 1, 0, 1, 1, 1, 1, 0], [1, 0, 0, 1, 0, 1, 1, 0, 1, 1, 0, 0, 0, 0, 0, 0, 0, 1, 1, 0, 0, 0, 1, 1, 1], [1, 0, 0, 1, 1, 1, 0, 0, 0, 0, 0, 0, 0, 1, 1, 0, 0, 1, 0, 1, 1, 0, 1, 1, 1], [0, 1, 1, 0, 0, 0, 1, 1, 1, 1, 1, 1, 0, 0, 0, 0, 0, 1, 1, 1, 1, 0, 0, 0, 0], [0, 0, 1, 0, 0, 0, 1, 1, 1, 0, 0, 0, 0, 1, 0, 1, 1, 1, 0, 1, 1, 0, 1, 0, 0], [0, 1, 1, 0, 0, 0, 0, 1, 0, 1, 0, 1, 1, 1, 1, 0, 1, 1, 0, 0, 1, 1, 1, 0, 0], [1, 1, 0, 1, 1, 0, 0, 1, 0, 1, 1, 1, 1, 1, 0, 1, 1, 1, 0, 1, 1, 0, 0, 0, 0], [1, 0, 0, 1, 1, 1, 1, 0, 1, 1, 0, 0, 1, 1, 1, 0, 1, 1, 1, 1, 1, 0, 1, 1, 0], [0, 1, 0, 1, 1, 0, 0, 1, 0, 0, 1, 1, 1, 0, 0, 0, 1, 0, 1, 0, 1, 0, 0, 0, 0], [0, 1, 0, 1, 0, 1, 1, 1, 0, 0, 0, 1, 0, 1, 1, 0, 0, 1, 0, 1, 1, 1, 0, 0, 0], [0, 0, 0, 1, 0, 0, 1, 0, 1, 0, 0, 0, 1, 0, 0, 1, 1, 0, 1, 0, 0, 0, 0, 1, 0], [1, 0, 0, 1, 0, 1, 1, 0, 1, 1, 0, 0, 1, 0, 1, 1, 1, 1, 0, 0, 0, 0, 1, 0, 1], [1, 0, 0, 0, 0, 1, 1, 1, 1, 0, 1, 1, 0, 1, 1, 0, 1, 1, 1, 1, 0, 0, 1, 0, 1], [0, 0, 1, 0, 1, 1, 1, 1, 0, 1, 0, 0, 1, 0, 1, 0, 1, 1, 1, 1, 1, 0, 0, 0, 0], [1, 0, 1, 0, 0, 1, 0, 1, 0, 1, 0, 1, 1, 1, 0, 1, 1, 0, 1, 0, 0, 1, 1, 0, 0], [0, 0, 0, 0, 1, 0, 1, 0, 0, 0, 1, 1, 0, 0, 1, 0, 0, 1, 1, 0, 1, 1, 1, 0, 1], [0, 0, 0, 0, 1, 1, 1, 1, 1, 0, 1, 1, 1, 1, 1, 0, 0, 1, 1, 1, 1, 1, 0, 1, 1], [1, 1, 1, 1, 1, 1, 1, 1, 0, 1, 0, 1, 1, 1, 0, 1, 1, 0, 1, 1, 1, 1, 0, 0, 1], [1, 1, 0, 1, 0, 0, 0, 1, 1, 0, 1, 0, 1, 1, 1, 1, 1, 1, 0, 0, 1, 0, 0, 1, 1], [0, 0, 1, 1, 1, 0, 1, 1, 0, 1, 0, 0, 1, 1, 0, 0, 1, 1, 0, 0, 1, 1, 0, 0, 0], [1, 0, 1, 1, 1, 1, 1, 1, 1, 1, 0, 0, 0, 1, 0, 1, 1, 1, 1, 1, 0, 1, 0, 1, 1], [1, 0, 0, 0, 0, 1, 0, 0, 0, 1, 0, 0, 0, 0, 1, 1, 1, 1, 0, 1, 1, 0, 0, 1, 0], [1, 1, 1, 0, 1, 1, 0, 1, 0, 0, 0, 1, 1, 0, 1, 1, 0, 0, 0, 0, 0, 0, 0, 1, 1], [1, 1, 1, 0, 0, 0, 0, 1, 0, 0, 1, 0, 0, 0, 0, 0, 1, 0, 1, 0, 1, 1, 1, 0, 1], [0, 1, 1, 0, 0, 0, 0, 0, 0, 0, 0, 1, 1, 0, 0, 1, 1, 1, 1, 0, 1, 0, 1, 1, 0]]",18.0,9.0,Y,"{0: 198, 1: 63, 2: 225, 3: 189, 4: 216, 5: 180, 6: 99, 7: 126, 8: 144, 9: 207, 10: 18, 11: 81, 12: 36, 13: 72, 14: 153, 15: 90, 16: 135, 17: 234, 18: 117, 19: 162, 20: 171, 21: 27, 22: 54, 23: 108, 24: 45}",Y,"{0: 198, 1: 63, 2: 225, 3: 189, 4: 216, 5: 180, 6: 99, 7: 126, 8: 144, 9: 207, 10: 18, 11: 81, 12: 36, 13: 72, 14: 153, 15: 90, 16: 135, 17: 234, 18: 117, 19: 162, 20: 171, 21: 27, 22: 54, 23: 108, 24: 45}","{(0, 1): 1, (0, 2): 42, (0, 6): 26, (0, 7): 39, (0, 11): 1, (0, 12): 22, (0, 14): 1, (0, 17): 1, (0, 18): 61, (0, 20): 1, (0, 21): 1, (0, 22): 1, (0, 23): 1, (1, 3): 1, (1, 5): 1, (1, 6): 1, (1, 8): 53, (1, 9): 1, (1, 17): 1, (1, 18): 1, (1, 22): 1, (1, 23): 1, (1, 24): 1, (2, 3): 1, (2, 4): 87, (2, 5): 1, (2, 13): 1, (2, 14): 1, (2, 17): 1, (2, 19): 1, (2, 20): 1, (2, 22): 1, (2, 23): 87, (2, 24): 1, (3, 6): 1, (3, 7): 44, (3, 8): 83, (3, 9): 1, (3, 10): 11, (3, 11): 1, (3, 17): 1, (3, 18): 43, (3, 19): 1, (3, 20): 1, (4, 6): 1, (4, 7): 1, (4, 8): 1, (4, 13): 1, (4, 15): 1, (4, 16): 1, (4, 17): 120, (4, 19): 1, (4, 20): 1, (4, 22): 1, (5, 7): 1, (5, 9): 15, (5, 11): 1, (5, 12): 1, (5, 13): 1, (5, 14): 1, (5, 16): 1, (5, 17): 1, (5, 20): 154, (5, 21): 1, (5, 22): 1, (6, 7): 1, (6, 9): 1, (6, 10): 1, (6, 11): 1, (6, 12): 1, (6, 13): 60, (6, 15): 1, (6, 16): 1, (6, 17): 1, (6, 19): 1, (6, 20): 1, (7, 8): 1, (7, 9): 1, (7, 12): 1, (7, 13): 1, (7, 14): 1, (7, 16): 1, (7, 17): 1, (7, 18): 1, (7, 19): 1, (7, 20): 1, (7, 22): 18, (7, 23): 12, (8, 10): 1, (8, 11): 1, (8, 12): 1, (8, 16): 1, (8, 18): 1, (8, 20): 1, (9, 11): 35, (9, 13): 1, (9, 14): 116, (9, 17): 1, (9, 19): 33, (9, 20): 1, (9, 21): 1, (10, 12): 1, (10, 15): 1, (10, 16): 1, (10, 18): 1, (10, 23): 1, (11, 12): 1, (11, 14): 1, (11, 15): 1, (11, 16): 1, (11, 17): 1, (11, 22): 1, (11, 24): 35, (12, 13): 1, (12, 14): 1, (12, 16): 1, (12, 17): 1, (12, 18): 1, (12, 19): 1, (12, 22): 1, (12, 24): 1, (13, 14): 1, (13, 16): 1, (13, 17): 1, (13, 18): 1, (13, 19): 1, (13, 20): 1, (14, 15): 1, (14, 16): 1, (14, 18): 1, (14, 21): 1, (14, 22): 26, (15, 17): 80, (15, 18): 1, (15, 20): 1, (15, 21): 1, (15, 22): 1, (15, 24): 1, (16, 17): 1, (16, 18): 1, (16, 19): 119, (16, 20): 1, (16, 21): 1, (16, 23): 1, (16, 24): 1, (17, 18): 1, (17, 19): 1, (17, 20): 1, (17, 21): 18, (17, 24): 1, (18, 20): 1, (18, 23): 1, (18, 24): 1, (19, 20): 1, (19, 21): 1, (20, 21): 1, (20, 23): 1, (20, 24): 1, (21, 23): 1, (22, 23): 1, (22, 24): 1, (23, 24): 1}",46.01478576660156,162.0,25.0,324.0
68.0,Graph with 25 nodes and 160 edges,"[[0, 1, 0, 1, 1, 1, 1, 1, 1, 1, 1, 1, 1, 0, 1, 1, 1, 1, 1, 1, 0, 0, 1, 1, 0], [1, 0, 1, 0, 1, 0, 1, 1, 1, 0, 1, 0, 0, 0, 1, 0, 0, 1, 0, 0, 1, 1, 0, 0, 1], [0, 1, 0, 0, 0, 0, 0, 0, 1, 1, 0, 1, 0, 1, 0, 0, 1, 1, 0, 0, 0, 0, 1, 1, 1], [1, 0, 0, 0, 1, 1, 1, 1, 0, 0, 1, 0, 0, 0, 0, 0, 0, 1, 1, 1, 1, 0, 0, 0, 0], [1, 1, 0, 1, 0, 0, 1, 1, 1, 1, 0, 1, 1, 1, 1, 1, 0, 1, 0, 1, 0, 0, 0, 0, 1], [1, 0, 0, 1, 0, 0, 1, 1, 1, 1, 1, 0, 0, 1, 1, 0, 1, 0, 0, 1, 0, 1, 1, 1, 1], [1, 1, 0, 1, 1, 1, 0, 0, 1, 1, 1, 1, 1, 1, 0, 0, 1, 0, 1, 0, 1, 0, 0, 1, 0], [1, 1, 0, 1, 1, 1, 0, 0, 1, 1, 0, 0, 0, 1, 0, 0, 0, 0, 1, 1, 0, 0, 0, 1, 1], [1, 1, 1, 0, 1, 1, 1, 1, 0, 0, 0, 0, 1, 0, 1, 1, 1, 1, 1, 0, 0, 1, 0, 0, 0], [1, 0, 1, 0, 1, 1, 1, 1, 0, 0, 0, 0, 1, 0, 1, 0, 1, 0, 0, 1, 0, 1, 0, 0, 1], [1, 1, 0, 1, 0, 1, 1, 0, 0, 0, 0, 0, 1, 1, 0, 0, 1, 1, 0, 1, 0, 0, 0, 1, 1], [1, 0, 1, 0, 1, 0, 1, 0, 0, 0, 0, 0, 0, 1, 1, 1, 1, 1, 0, 0, 0, 0, 1, 0, 0], [1, 0, 0, 0, 1, 0, 1, 0, 1, 1, 1, 0, 0, 0, 1, 1, 1, 0, 1, 0, 1, 1, 0, 0, 0], [0, 0, 1, 0, 1, 1, 1, 1, 0, 0, 1, 1, 0, 0, 1, 1, 0, 1, 0, 0, 1, 1, 1, 0, 0], [1, 1, 0, 0, 1, 1, 0, 0, 1, 1, 0, 1, 1, 1, 0, 1, 1, 1, 1, 0, 0, 1, 1, 1, 0], [1, 0, 0, 0, 1, 0, 0, 0, 1, 0, 0, 1, 1, 1, 1, 0, 1, 1, 1, 0, 1, 1, 1, 0, 1], [1, 0, 1, 0, 0, 1, 1, 0, 1, 1, 1, 1, 1, 0, 1, 1, 0, 0, 0, 0, 0, 0, 1, 0, 1], [1, 1, 1, 1, 1, 0, 0, 0, 1, 0, 1, 1, 0, 1, 1, 1, 0, 0, 1, 1, 1, 0, 0, 1, 1], [1, 0, 0, 1, 0, 0, 1, 1, 1, 0, 0, 0, 1, 0, 1, 1, 0, 1, 0, 1, 1, 1, 0, 0, 1], [1, 0, 0, 1, 1, 1, 0, 1, 0, 1, 1, 0, 0, 0, 0, 0, 0, 1, 1, 0, 0, 0, 0, 0, 1], [0, 1, 0, 1, 0, 0, 1, 0, 0, 0, 0, 0, 1, 1, 0, 1, 0, 1, 1, 0, 0, 1, 1, 0, 0], [0, 1, 0, 0, 0, 1, 0, 0, 1, 1, 0, 0, 1, 1, 1, 1, 0, 0, 1, 0, 1, 0, 0, 1, 1], [1, 0, 1, 0, 0, 1, 0, 0, 0, 0, 0, 1, 0, 1, 1, 1, 1, 0, 0, 0, 1, 0, 0, 1, 1], [1, 0, 1, 0, 0, 1, 1, 1, 0, 0, 1, 0, 0, 0, 1, 0, 0, 1, 0, 0, 0, 1, 1, 0, 0], [0, 1, 1, 0, 1, 1, 0, 1, 0, 1, 1, 0, 0, 0, 0, 1, 1, 1, 1, 1, 0, 1, 1, 0, 0]]",16.0,9.0,Y,"{0: 34, 1: 25, 2: 43, 3: 52, 4: 61, 5: 70, 6: 79, 7: 88, 8: 97, 9: 106, 10: 115, 11: 124, 12: 133, 13: 142, 14: 151, 15: 160, 16: 169, 17: 178, 18: 187, 19: 196, 20: 205, 21: 214, 22: 223, 23: 232, 24: 16}",Y,"{0: 34, 1: 25, 2: 43, 3: 52, 4: 61, 5: 70, 6: 79, 7: 88, 8: 97, 9: 106, 10: 115, 11: 124, 12: 133, 13: 142, 14: 151, 15: 160, 16: 169, 17: 178, 18: 187, 19: 196, 20: 205, 21: 214, 22: 223, 23: 232, 24: 16}","{(0, 1): 1, (0, 3): 1, (0, 4): 1, (0, 5): 1, (0, 6): 1, (0, 7): 1, (0, 8): 1, (0, 9): 1, (0, 10): 1, (0, 11): 1, (0, 12): 1, (0, 14): 1, (0, 15): 1, (0, 16): 1, (0, 17): 1, (0, 18): 1, (0, 19): 1, (0, 22): 1, (0, 23): 16, (1, 2): 1, (1, 4): 1, (1, 6): 1, (1, 7): 1, (1, 8): 1, (1, 10): 1, (1, 14): 1, (1, 17): 1, (1, 20): 14, (1, 21): 1, (1, 24): 1, (2, 8): 1, (2, 9): 1, (2, 11): 1, (2, 13): 1, (2, 16): 1, (2, 17): 1, (2, 22): 34, (2, 23): 1, (2, 24): 1, (3, 4): 1, (3, 5): 1, (3, 6): 43, (3, 7): 1, (3, 10): 1, (3, 17): 1, (3, 18): 1, (3, 19): 1, (3, 20): 1, (4, 6): 1, (4, 7): 1, (4, 8): 1, (4, 9): 1, (4, 11): 1, (4, 12): 1, (4, 13): 1, (4, 14): 1, (4, 15): 1, (4, 17): 1, (4, 19): 47, (4, 24): 1, (5, 6): 1, (5, 7): 1, (5, 8): 1, (5, 9): 1, (5, 10): 1, (5, 13): 1, (5, 14): 1, (5, 16): 1, (5, 19): 1, (5, 21): 53, (5, 22): 4, (5, 23): 1, (5, 24): 1, (6, 8): 1, (6, 9): 1, (6, 10): 1, (6, 11): 1, (6, 12): 1, (6, 13): 1, (6, 16): 1, (6, 18): 1, (6, 20): 1, (6, 23): 23, (7, 8): 1, (7, 9): 1, (7, 13): 1, (7, 18): 77, (7, 19): 1, (7, 23): 1, (7, 24): 1, (8, 12): 84, (8, 14): 1, (8, 15): 1, (8, 16): 1, (8, 17): 1, (8, 18): 1, (8, 21): 1, (9, 12): 1, (9, 14): 1, (9, 16): 95, (9, 19): 1, (9, 21): 1, (9, 24): 1, (10, 12): 1, (10, 13): 1, (10, 16): 1, (10, 17): 1, (10, 19): 104, (10, 23): 1, (10, 24): 1, (11, 13): 1, (11, 14): 1, (11, 15): 1, (11, 16): 1, (11, 17): 1, (11, 22): 115, (12, 14): 1, (12, 15): 1, (12, 16): 1, (12, 18): 1, (12, 20): 1, (12, 21): 39, (13, 14): 1, (13, 15): 1, (13, 17): 1, (13, 20): 130, (13, 21): 1, (13, 22): 1, (14, 15): 1, (14, 16): 1, (14, 17): 1, (14, 18): 1, (14, 21): 1, (14, 22): 1, (14, 23): 136, (15, 16): 1, (15, 17): 87, (15, 18): 1, (15, 20): 1, (15, 21): 61, (15, 22): 1, (15, 24): 1, (16, 22): 63, (16, 24): 1, (17, 18): 43, (17, 19): 35, (17, 20): 1, (17, 23): 1, (17, 24): 1, (18, 19): 4, (18, 20): 54, (18, 21): 1, (18, 24): 1, (19, 24): 1, (20, 21): 1, (20, 22): 1, (21, 23): 51, (21, 24): 3, (22, 23): 1, (22, 24): 1}",1663.9232635498047,160.0,25.0,320.0
70.0,Graph with 25 nodes and 154 edges,"[[0, 0, 0, 0, 0, 1, 1, 1, 0, 1, 0, 0, 0, 1, 0, 0, 1, 0, 0, 1, 0, 0, 1, 0, 1], [0, 0, 0, 0, 1, 1, 0, 0, 1, 0, 1, 0, 0, 1, 0, 0, 1, 1, 0, 1, 1, 1, 1, 0, 0], [0, 0, 0, 0, 1, 0, 0, 0, 1, 0, 1, 1, 0, 1, 1, 0, 0, 0, 0, 1, 0, 0, 1, 0, 0], [0, 0, 0, 0, 0, 1, 0, 1, 0, 1, 0, 1, 1, 0, 1, 1, 1, 0, 0, 0, 1, 0, 1, 1, 1], [0, 1, 1, 0, 0, 0, 1, 1, 0, 1, 0, 1, 0, 1, 1, 1, 1, 1, 0, 0, 1, 0, 1, 0, 0], [1, 1, 0, 1, 0, 0, 1, 0, 0, 0, 0, 1, 1, 0, 0, 1, 0, 1, 1, 1, 0, 0, 1, 0, 0], [1, 0, 0, 0, 1, 1, 0, 1, 1, 0, 0, 0, 1, 1, 1, 1, 1, 1, 1, 1, 1, 0, 1, 0, 1], [1, 0, 0, 1, 1, 0, 1, 0, 0, 0, 1, 0, 1, 0, 0, 0, 1, 1, 1, 0, 1, 0, 1, 0, 1], [0, 1, 1, 0, 0, 0, 1, 0, 0, 0, 1, 1, 1, 0, 0, 1, 0, 0, 1, 1, 0, 0, 0, 1, 1], [1, 0, 0, 1, 1, 0, 0, 0, 0, 0, 0, 0, 0, 0, 1, 0, 0, 0, 1, 1, 1, 0, 1, 1, 1], [0, 1, 1, 0, 0, 0, 0, 1, 1, 0, 0, 1, 1, 0, 1, 1, 1, 1, 1, 0, 0, 1, 1, 0, 0], [0, 0, 1, 1, 1, 1, 0, 0, 1, 0, 1, 0, 1, 1, 0, 0, 1, 1, 0, 1, 0, 0, 1, 1, 1], [0, 0, 0, 1, 0, 1, 1, 1, 1, 0, 1, 1, 0, 1, 0, 1, 1, 1, 0, 1, 0, 0, 0, 1, 0], [1, 1, 1, 0, 1, 0, 1, 0, 0, 0, 0, 1, 1, 0, 1, 0, 0, 0, 0, 1, 0, 1, 1, 1, 0], [0, 0, 1, 1, 1, 0, 1, 0, 0, 1, 1, 0, 0, 1, 0, 1, 1, 0, 1, 0, 1, 1, 0, 0, 0], [0, 0, 0, 1, 1, 1, 1, 0, 1, 0, 1, 0, 1, 0, 1, 0, 1, 0, 0, 0, 0, 0, 0, 0, 0], [1, 1, 0, 1, 1, 0, 1, 1, 0, 0, 1, 1, 1, 0, 1, 1, 0, 1, 1, 0, 1, 1, 0, 0, 1], [0, 1, 0, 0, 1, 1, 1, 1, 0, 0, 1, 1, 1, 0, 0, 0, 1, 0, 0, 1, 1, 1, 1, 0, 1], [0, 0, 0, 0, 0, 1, 1, 1, 1, 1, 1, 0, 0, 0, 1, 0, 1, 0, 0, 0, 0, 0, 1, 1, 0], [1, 1, 1, 0, 0, 1, 1, 0, 1, 1, 0, 1, 1, 1, 0, 0, 0, 1, 0, 0, 1, 1, 1, 1, 1], [0, 1, 0, 1, 1, 0, 1, 1, 0, 1, 0, 0, 0, 0, 1, 0, 1, 1, 0, 1, 0, 1, 1, 1, 1], [0, 1, 0, 0, 0, 0, 0, 0, 0, 0, 1, 0, 0, 1, 1, 0, 1, 1, 0, 1, 1, 0, 1, 1, 1], [1, 1, 1, 1, 1, 1, 1, 1, 0, 1, 1, 1, 0, 1, 0, 0, 0, 1, 1, 1, 1, 1, 0, 0, 1], [0, 0, 0, 1, 0, 0, 0, 0, 1, 1, 0, 1, 1, 1, 0, 0, 0, 0, 1, 1, 1, 1, 0, 0, 0], [1, 0, 0, 1, 0, 0, 1, 1, 1, 1, 0, 1, 0, 0, 0, 0, 1, 1, 0, 1, 1, 1, 1, 0, 0]]",12.0,6.0,Y,"{0: 18, 1: 24, 2: 30, 3: 36, 4: 42, 5: 48, 6: 54, 7: 60, 8: 66, 9: 72, 10: 78, 11: 84, 12: 90, 13: 96, 14: 102, 15: 108, 16: 114, 17: 120, 18: 126, 19: 132, 20: 138, 21: 144, 22: 150, 23: 12, 24: 156}",Y,"{0: 18, 1: 24, 2: 30, 3: 36, 4: 42, 5: 48, 6: 54, 7: 60, 8: 66, 9: 72, 10: 78, 11: 84, 12: 90, 13: 96, 14: 102, 15: 108, 16: 114, 17: 120, 18: 126, 19: 132, 20: 138, 21: 144, 22: 150, 23: 12, 24: 156}","{(0, 5): 1, (0, 6): 1, (0, 7): 1, (0, 9): 1, (0, 13): 1, (0, 16): 1, (0, 19): 1, (0, 22): 1, (0, 24): 10, (1, 4): 1, (1, 5): 14, (1, 8): 1, (1, 10): 1, (1, 13): 1, (1, 16): 1, (1, 17): 1, (1, 19): 1, (1, 20): 1, (1, 21): 1, (1, 22): 1, (2, 4): 1, (2, 8): 1, (2, 10): 1, (2, 11): 1, (2, 13): 1, (2, 14): 1, (2, 19): 1, (2, 22): 23, (3, 5): 1, (3, 7): 25, (3, 9): 1, (3, 11): 1, (3, 12): 1, (3, 14): 1, (3, 15): 1, (3, 16): 1, (3, 20): 1, (3, 22): 1, (3, 23): 1, (3, 24): 1, (4, 6): 1, (4, 7): 1, (4, 9): 1, (4, 11): 1, (4, 13): 8, (4, 14): 1, (4, 15): 1, (4, 16): 1, (4, 17): 23, (4, 20): 1, (4, 22): 1, (5, 6): 1, (5, 11): 1, (5, 12): 1, (5, 15): 1, (5, 17): 1, (5, 18): 1, (5, 19): 25, (5, 22): 1, (6, 7): 1, (6, 8): 39, (6, 12): 1, (6, 13): 1, (6, 14): 1, (6, 15): 1, (6, 16): 1, (6, 17): 1, (6, 18): 1, (6, 19): 1, (6, 20): 1, (6, 22): 1, (6, 24): 1, (7, 10): 1, (7, 12): 1, (7, 16): 1, (7, 17): 1, (7, 18): 1, (7, 20): 1, (7, 22): 1, (7, 24): 25, (8, 10): 1, (8, 11): 1, (8, 12): 1, (8, 15): 1, (8, 18): 1, (8, 19): 18, (8, 23): 1, (8, 24): 1, (9, 14): 1, (9, 18): 1, (9, 19): 61, (9, 20): 1, (9, 22): 1, (9, 23): 3, (9, 24): 1, (10, 11): 1, (10, 12): 1, (10, 14): 1, (10, 15): 1, (10, 16): 1, (10, 17): 1, (10, 18): 1, (10, 21): 66, (10, 22): 1, (11, 12): 1, (11, 13): 1, (11, 16): 1, (11, 17): 1, (11, 19): 1, (11, 22): 71, (11, 23): 1, (11, 24): 1, (12, 13): 78, (12, 15): 1, (12, 16): 1, (12, 17): 1, (12, 19): 1, (12, 23): 1, (13, 14): 1, (13, 19): 1, (13, 21): 1, (13, 22): 1, (13, 23): 1, (14, 15): 78, (14, 16): 1, (14, 18): 1, (14, 20): 14, (14, 21): 1, (15, 16): 23, (16, 17): 1, (16, 18): 77, (16, 20): 1, (16, 21): 1, (16, 24): 1, (17, 19): 1, (17, 20): 85, (17, 21): 1, (17, 22): 1, (17, 24): 1, (18, 22): 41, (18, 23): 1, (19, 20): 1, (19, 21): 1, (19, 22): 1, (19, 23): 1, (19, 24): 16, (20, 21): 1, (20, 22): 1, (20, 23): 1, (20, 24): 28, (21, 22): 1, (21, 23): 1, (21, 24): 69, (22, 24): 1}",757.9326629638672,154.0,25.0,308.0
71.0,Graph with 25 nodes and 161 edges,"[[0, 0, 0, 0, 0, 0, 1, 0, 0, 1, 1, 1, 0, 1, 0, 1, 1, 1, 0, 1, 0, 1, 0, 0, 1], [0, 0, 1, 1, 0, 1, 1, 0, 0, 0, 0, 1, 0, 0, 1, 1, 0, 1, 0, 1, 1, 0, 1, 1, 0], [0, 1, 0, 1, 0, 1, 0, 0, 1, 1, 1, 0, 0, 1, 1, 0, 0, 0, 1, 0, 1, 0, 1, 1, 0], [0, 1, 1, 0, 1, 1, 0, 1, 0, 1, 1, 0, 1, 1, 0, 0, 1, 0, 0, 1, 0, 1, 1, 1, 0], [0, 0, 0, 1, 0, 1, 0, 1, 1, 0, 1, 0, 0, 1, 1, 1, 1, 1, 0, 0, 0, 0, 1, 0, 0], [0, 1, 1, 1, 1, 0, 1, 1, 0, 0, 1, 1, 1, 1, 0, 1, 1, 0, 0, 1, 0, 1, 0, 1, 1], [1, 1, 0, 0, 0, 1, 0, 0, 0, 0, 0, 1, 1, 0, 1, 0, 1, 1, 1, 1, 0, 1, 1, 0, 0], [0, 0, 0, 1, 1, 1, 0, 0, 1, 1, 0, 1, 1, 0, 0, 0, 0, 0, 0, 1, 1, 0, 1, 1, 1], [0, 0, 1, 0, 1, 0, 0, 1, 0, 1, 1, 1, 1, 0, 0, 1, 1, 1, 1, 0, 1, 0, 1, 0, 1], [1, 0, 1, 1, 0, 0, 0, 1, 1, 0, 1, 0, 1, 0, 0, 0, 1, 1, 1, 0, 0, 1, 1, 0, 1], [1, 0, 1, 1, 1, 1, 0, 0, 1, 1, 0, 1, 0, 0, 0, 1, 1, 1, 1, 1, 0, 0, 1, 1, 0], [1, 1, 0, 0, 0, 1, 1, 1, 1, 0, 1, 0, 0, 0, 0, 0, 1, 0, 1, 1, 1, 1, 0, 0, 1], [0, 0, 0, 1, 0, 1, 1, 1, 1, 1, 0, 0, 0, 0, 1, 1, 1, 0, 1, 1, 0, 0, 0, 0, 1], [1, 0, 1, 1, 1, 1, 0, 0, 0, 0, 0, 0, 0, 0, 1, 0, 0, 1, 1, 1, 1, 0, 1, 0, 0], [0, 1, 1, 0, 1, 0, 1, 0, 0, 0, 0, 0, 1, 1, 0, 1, 0, 1, 1, 0, 0, 0, 0, 1, 1], [1, 1, 0, 0, 1, 1, 0, 0, 1, 0, 1, 0, 1, 0, 1, 0, 1, 1, 0, 1, 0, 1, 1, 0, 0], [1, 0, 0, 1, 1, 1, 1, 0, 1, 1, 1, 1, 1, 0, 0, 1, 0, 0, 1, 0, 1, 1, 1, 1, 0], [1, 1, 0, 0, 1, 0, 1, 0, 1, 1, 1, 0, 0, 1, 1, 1, 0, 0, 1, 1, 0, 1, 0, 0, 0], [0, 0, 1, 0, 0, 0, 1, 0, 1, 1, 1, 1, 1, 1, 1, 0, 1, 1, 0, 1, 1, 0, 1, 0, 1], [1, 1, 0, 1, 0, 1, 1, 1, 0, 0, 1, 1, 1, 1, 0, 1, 0, 1, 1, 0, 1, 1, 0, 1, 1], [0, 1, 1, 0, 0, 0, 0, 1, 1, 0, 0, 1, 0, 1, 0, 0, 1, 0, 1, 1, 0, 0, 1, 0, 1], [1, 0, 0, 1, 0, 1, 1, 0, 0, 1, 0, 1, 0, 0, 0, 1, 1, 1, 0, 1, 0, 0, 0, 1, 1], [0, 1, 1, 1, 1, 0, 1, 1, 1, 1, 1, 0, 0, 1, 0, 1, 1, 0, 1, 0, 1, 0, 0, 0, 0], [0, 1, 1, 1, 0, 1, 0, 1, 0, 0, 1, 0, 0, 0, 1, 0, 1, 0, 0, 1, 0, 1, 0, 0, 0], [1, 0, 0, 0, 0, 1, 0, 1, 1, 1, 0, 1, 1, 0, 1, 0, 0, 0, 1, 1, 1, 1, 0, 0, 0]]",28.0,5.0,Y,"{0: 33, 1: 38, 2: 43, 3: 48, 4: 53, 5: 58, 6: 63, 7: 68, 8: 73, 9: 78, 10: 83, 11: 88, 12: 93, 13: 98, 14: 103, 15: 108, 16: 113, 17: 118, 18: 123, 19: 128, 20: 133, 21: 138, 22: 143, 23: 148, 24: 28}",Y,"{0: 33, 1: 38, 2: 43, 3: 48, 4: 53, 5: 58, 6: 63, 7: 68, 8: 73, 9: 78, 10: 83, 11: 88, 12: 93, 13: 98, 14: 103, 15: 108, 16: 113, 17: 118, 18: 123, 19: 128, 20: 133, 21: 138, 22: 143, 23: 148, 24: 28}","{(0, 6): 1, (0, 9): 1, (0, 10): 1, (0, 11): 1, (0, 13): 23, (0, 15): 1, (0, 16): 1, (0, 17): 1, (0, 19): 1, (0, 21): 1, (0, 24): 1, (1, 2): 1, (1, 3): 1, (1, 5): 1, (1, 6): 1, (1, 11): 1, (1, 14): 1, (1, 15): 1, (1, 17): 1, (1, 19): 1, (1, 20): 1, (1, 22): 1, (1, 23): 27, (2, 3): 1, (2, 5): 1, (2, 8): 32, (2, 9): 1, (2, 10): 1, (2, 13): 1, (2, 14): 1, (2, 18): 1, (2, 20): 1, (2, 22): 1, (2, 23): 1, (3, 4): 1, (3, 5): 1, (3, 7): 1, (3, 9): 1, (3, 10): 1, (3, 12): 1, (3, 13): 1, (3, 16): 1, (3, 19): 1, (3, 21): 35, (3, 22): 1, (3, 23): 1, (4, 5): 1, (4, 7): 1, (4, 8): 1, (4, 10): 1, (4, 13): 1, (4, 14): 20, (4, 15): 1, (4, 16): 22, (4, 17): 3, (4, 22): 1, (5, 6): 1, (5, 7): 1, (5, 10): 1, (5, 11): 1, (5, 12): 1, (5, 13): 1, (5, 15): 1, (5, 16): 1, (5, 19): 1, (5, 21): 1, (5, 23): 43, (5, 24): 1, (6, 11): 1, (6, 12): 1, (6, 14): 12, (6, 16): 1, (6, 17): 1, (6, 18): 1, (6, 19): 1, (6, 21): 41, (6, 22): 1, (7, 8): 1, (7, 9): 1, (7, 11): 1, (7, 12): 1, (7, 19): 1, (7, 20): 5, (7, 22): 53, (7, 23): 1, (7, 24): 1, (8, 9): 1, (8, 10): 1, (8, 11): 1, (8, 12): 1, (8, 15): 1, (8, 16): 29, (8, 17): 1, (8, 18): 1, (8, 20): 1, (8, 22): 1, (8, 24): 1, (9, 10): 1, (9, 12): 3, (9, 16): 14, (9, 17): 47, (9, 18): 5, (9, 21): 1, (9, 22): 1, (9, 24): 1, (10, 11): 1, (10, 15): 1, (10, 16): 1, (10, 17): 1, (10, 18): 1, (10, 19): 1, (10, 22): 1, (10, 23): 69, (11, 16): 1, (11, 18): 1, (11, 19): 1, (11, 20): 62, (11, 21): 15, (11, 24): 1, (12, 14): 34, (12, 15): 1, (12, 16): 1, (12, 18): 43, (12, 19): 1, (12, 24): 5, (13, 14): 17, (13, 17): 1, (13, 18): 1, (13, 19): 50, (13, 20): 1, (13, 22): 1, (14, 15): 13, (14, 17): 1, (14, 18): 2, (14, 23): 1, (14, 24): 1, (15, 16): 3, (15, 17): 1, (15, 19): 55, (15, 21): 24, (15, 22): 5, (16, 18): 1, (16, 20): 1, (16, 21): 8, (16, 22): 27, (16, 23): 1, (17, 18): 52, (17, 19): 1, (17, 21): 7, (18, 19): 9, (18, 20): 1, (18, 22): 1, (18, 24): 3, (19, 20): 1, (19, 21): 1, (19, 23): 1, (19, 24): 1, (20, 22): 48, (20, 24): 11, (21, 23): 3, (21, 24): 1}",70.09506225585938,161.0,25.0,322.0
72.0,Graph with 25 nodes and 150 edges,"[[0, 0, 1, 1, 0, 1, 1, 1, 1, 0, 1, 0, 0, 0, 0, 1, 0, 0, 1, 1, 1, 1, 0, 1, 1], [0, 0, 1, 1, 1, 0, 0, 1, 0, 0, 1, 1, 1, 0, 1, 1, 1, 1, 1, 0, 1, 1, 0, 0, 1], [1, 1, 0, 0, 1, 1, 0, 1, 0, 1, 1, 0, 0, 0, 1, 1, 1, 0, 1, 1, 0, 1, 0, 1, 1], [1, 1, 0, 0, 0, 1, 0, 0, 1, 0, 0, 1, 0, 1, 0, 1, 1, 0, 1, 0, 0, 0, 0, 0, 1], [0, 1, 1, 0, 0, 1, 0, 0, 0, 1, 0, 1, 1, 1, 0, 0, 0, 1, 0, 1, 0, 1, 1, 1, 0], [1, 0, 1, 1, 1, 0, 1, 1, 0, 0, 0, 1, 1, 0, 0, 0, 1, 0, 0, 1, 1, 1, 1, 1, 1], [1, 0, 0, 0, 0, 1, 0, 1, 0, 1, 0, 1, 1, 0, 1, 1, 0, 0, 0, 1, 1, 0, 0, 0, 0], [1, 1, 1, 0, 0, 1, 1, 0, 0, 1, 1, 0, 0, 1, 1, 0, 0, 1, 0, 0, 1, 0, 0, 1, 1], [1, 0, 0, 1, 0, 0, 0, 0, 0, 1, 1, 0, 1, 0, 1, 1, 0, 1, 0, 0, 0, 1, 1, 1, 0], [0, 0, 1, 0, 1, 0, 1, 1, 1, 0, 1, 1, 0, 1, 1, 0, 1, 1, 1, 1, 1, 0, 0, 0, 0], [1, 1, 1, 0, 0, 0, 0, 1, 1, 1, 0, 0, 0, 0, 0, 0, 0, 1, 0, 0, 0, 0, 0, 0, 0], [0, 1, 0, 1, 1, 1, 1, 0, 0, 1, 0, 0, 0, 0, 1, 1, 1, 1, 0, 0, 0, 0, 1, 0, 0], [0, 1, 0, 0, 1, 1, 1, 0, 1, 0, 0, 0, 0, 1, 1, 1, 1, 1, 0, 0, 0, 0, 0, 1, 0], [0, 0, 0, 1, 1, 0, 0, 1, 0, 1, 0, 0, 1, 0, 0, 0, 1, 0, 1, 0, 0, 1, 1, 0, 0], [0, 1, 1, 0, 0, 0, 1, 1, 1, 1, 0, 1, 1, 0, 0, 1, 1, 0, 0, 0, 1, 1, 0, 1, 1], [1, 1, 1, 1, 0, 0, 1, 0, 1, 0, 0, 1, 1, 0, 1, 0, 0, 1, 0, 0, 1, 1, 1, 1, 1], [0, 1, 1, 1, 0, 1, 0, 0, 0, 1, 0, 1, 1, 1, 1, 0, 0, 0, 0, 1, 1, 0, 1, 0, 1], [0, 1, 0, 0, 1, 0, 0, 1, 1, 1, 1, 1, 1, 0, 0, 1, 0, 0, 0, 0, 1, 1, 0, 0, 1], [1, 1, 1, 1, 0, 0, 0, 0, 0, 1, 0, 0, 0, 1, 0, 0, 0, 0, 0, 1, 0, 0, 1, 0, 1], [1, 0, 1, 0, 1, 1, 1, 0, 0, 1, 0, 0, 0, 0, 0, 0, 1, 0, 1, 0, 0, 0, 1, 1, 1], [1, 1, 0, 0, 0, 1, 1, 1, 0, 1, 0, 0, 0, 0, 1, 1, 1, 1, 0, 0, 0, 0, 1, 0, 1], [1, 1, 1, 0, 1, 1, 0, 0, 1, 0, 0, 0, 0, 1, 1, 1, 0, 1, 0, 0, 0, 0, 1, 0, 0], [0, 0, 0, 0, 1, 1, 0, 0, 1, 0, 0, 1, 0, 1, 0, 1, 1, 0, 1, 1, 1, 1, 0, 0, 0], [1, 0, 1, 0, 1, 1, 0, 1, 1, 0, 0, 0, 1, 0, 1, 1, 0, 0, 0, 1, 0, 0, 0, 0, 1], [1, 1, 1, 1, 0, 1, 0, 1, 0, 0, 0, 0, 0, 0, 1, 1, 1, 1, 1, 1, 1, 0, 0, 1, 0]]",10.0,5.0,Y,"{0: 20, 1: 25, 2: 30, 3: 15, 4: 35, 5: 40, 6: 45, 7: 50, 8: 55, 9: 60, 10: 65, 11: 70, 12: 75, 13: 80, 14: 85, 15: 90, 16: 95, 17: 100, 18: 10, 19: 105, 20: 110, 21: 115, 22: 120, 23: 125, 24: 130}",Y,"{0: 20, 1: 25, 2: 30, 3: 15, 4: 35, 5: 40, 6: 45, 7: 50, 8: 55, 9: 60, 10: 65, 11: 70, 12: 75, 13: 80, 14: 85, 15: 90, 16: 95, 17: 100, 18: 10, 19: 105, 20: 110, 21: 115, 22: 120, 23: 125, 24: 130}","{(0, 2): 1, (0, 3): 1, (0, 5): 1, (0, 6): 1, (0, 7): 1, (0, 8): 1, (0, 10): 1, (0, 15): 1, (0, 18): 1, (0, 19): 1, (0, 20): 7, (0, 21): 1, (0, 23): 1, (0, 24): 1, (1, 2): 1, (1, 3): 1, (1, 4): 1, (1, 7): 1, (1, 10): 11, (1, 11): 1, (1, 12): 1, (1, 14): 1, (1, 15): 1, (1, 16): 1, (1, 17): 1, (1, 18): 1, (1, 20): 1, (1, 21): 1, (1, 24): 1, (2, 4): 1, (2, 5): 1, (2, 7): 1, (2, 9): 1, (2, 10): 1, (2, 14): 1, (2, 15): 1, (2, 16): 1, (2, 18): 1, (2, 19): 1, (2, 21): 1, (2, 23): 16, (2, 24): 1, (3, 5): 1, (3, 8): 1, (3, 11): 1, (3, 13): 1, (3, 15): 1, (3, 16): 1, (3, 18): 1, (3, 24): 6, (4, 5): 1, (4, 9): 1, (4, 11): 1, (4, 12): 1, (4, 13): 11, (4, 17): 1, (4, 19): 1, (4, 21): 1, (4, 22): 14, (4, 23): 1, (5, 6): 1, (5, 7): 1, (5, 11): 1, (5, 12): 1, (5, 16): 1, (5, 19): 1, (5, 20): 1, (5, 21): 1, (5, 22): 1, (5, 23): 1, (5, 24): 26, (6, 7): 36, (6, 9): 1, (6, 11): 1, (6, 12): 1, (6, 14): 1, (6, 15): 1, (6, 19): 1, (6, 20): 1, (7, 9): 1, (7, 10): 1, (7, 13): 1, (7, 14): 1, (7, 17): 3, (7, 20): 1, (7, 23): 1, (7, 24): 1, (8, 9): 1, (8, 10): 1, (8, 12): 1, (8, 14): 1, (8, 15): 1, (8, 17): 1, (8, 21): 45, (8, 22): 1, (8, 23): 1, (9, 10): 35, (9, 11): 1, (9, 13): 1, (9, 14): 13, (9, 16): 1, (9, 17): 1, (9, 18): 1, (9, 19): 1, (9, 20): 1, (10, 17): 15, (11, 14): 60, (11, 15): 1, (11, 16): 1, (11, 17): 1, (11, 22): 1, (12, 13): 1, (12, 14): 1, (12, 15): 1, (12, 16): 28, (12, 17): 1, (12, 23): 38, (13, 16): 1, (13, 18): 2, (13, 21): 61, (13, 22): 1, (14, 15): 1, (14, 16): 1, (14, 20): 1, (14, 21): 1, (14, 23): 1, (14, 24): 1, (15, 17): 73, (15, 20): 1, (15, 21): 1, (15, 22): 1, (15, 23): 1, (15, 24): 4, (16, 19): 1, (16, 20): 1, (16, 22): 1, (16, 24): 56, (17, 20): 1, (17, 21): 1, (17, 24): 1, (18, 19): 1, (18, 22): 1, (18, 24): 1, (19, 22): 33, (19, 23): 63, (19, 24): 1, (20, 22): 65, (20, 24): 29, (21, 22): 1, (23, 24): 1}",1116.037368774414,150.0,25.0,300.0
73.0,Graph with 25 nodes and 149 edges,"[[0, 1, 1, 1, 0, 1, 0, 1, 0, 0, 0, 0, 0, 1, 1, 0, 0, 0, 0, 1, 0, 1, 1, 1, 0], [1, 0, 1, 1, 0, 1, 0, 1, 1, 0, 1, 0, 1, 1, 0, 0, 0, 1, 1, 1, 0, 0, 0, 0, 0], [1, 1, 0, 0, 0, 1, 1, 1, 0, 0, 1, 0, 1, 1, 1, 1, 1, 1, 1, 0, 1, 1, 1, 1, 0], [1, 1, 0, 0, 0, 0, 1, 1, 0, 0, 0, 1, 0, 1, 1, 0, 0, 1, 1, 1, 0, 1, 0, 1, 1], [0, 0, 0, 0, 0, 0, 0, 1, 0, 0, 0, 0, 1, 1, 0, 0, 0, 1, 0, 0, 0, 0, 1, 1, 1], [1, 1, 1, 0, 0, 0, 0, 0, 0, 0, 0, 0, 0, 1, 1, 1, 0, 0, 1, 1, 0, 1, 1, 1, 0], [0, 0, 1, 1, 0, 0, 0, 0, 0, 0, 1, 1, 0, 1, 0, 0, 0, 0, 1, 0, 1, 1, 0, 0, 1], [1, 1, 1, 1, 1, 0, 0, 0, 0, 0, 0, 0, 1, 1, 0, 0, 1, 0, 1, 0, 0, 0, 0, 0, 0], [0, 1, 0, 0, 0, 0, 0, 0, 0, 1, 0, 0, 0, 0, 0, 0, 1, 0, 0, 1, 1, 0, 1, 0, 1], [0, 0, 0, 0, 0, 0, 0, 0, 1, 0, 1, 1, 0, 1, 1, 1, 1, 0, 1, 0, 0, 1, 1, 0, 0], [0, 1, 1, 0, 0, 0, 1, 0, 0, 1, 0, 0, 0, 1, 0, 1, 1, 0, 1, 1, 0, 1, 0, 0, 0], [0, 0, 0, 1, 0, 0, 1, 0, 0, 1, 0, 0, 0, 1, 1, 0, 1, 1, 0, 1, 1, 0, 1, 0, 1], [0, 1, 1, 0, 1, 0, 0, 1, 0, 0, 0, 0, 0, 1, 1, 1, 0, 1, 0, 1, 0, 1, 1, 1, 1], [1, 1, 1, 1, 1, 1, 1, 1, 0, 1, 1, 1, 1, 0, 1, 1, 1, 0, 1, 0, 0, 1, 1, 1, 1], [1, 0, 1, 1, 0, 1, 0, 0, 0, 1, 0, 1, 1, 1, 0, 1, 0, 0, 1, 0, 1, 1, 0, 1, 1], [0, 0, 1, 0, 0, 1, 0, 0, 0, 1, 1, 0, 1, 1, 1, 0, 0, 1, 1, 1, 0, 0, 0, 1, 0], [0, 0, 1, 0, 0, 0, 0, 1, 1, 1, 1, 1, 0, 1, 0, 0, 0, 1, 1, 1, 0, 0, 0, 1, 0], [0, 1, 1, 1, 1, 0, 0, 0, 0, 0, 0, 1, 1, 0, 0, 1, 1, 0, 0, 1, 0, 0, 0, 0, 1], [0, 1, 1, 1, 0, 1, 1, 1, 0, 1, 1, 0, 0, 1, 1, 1, 1, 0, 0, 1, 1, 1, 0, 0, 0], [1, 1, 0, 1, 0, 1, 0, 0, 1, 0, 1, 1, 1, 0, 0, 1, 1, 1, 1, 0, 1, 1, 1, 0, 0], [0, 0, 1, 0, 0, 0, 1, 0, 1, 0, 0, 1, 0, 0, 1, 0, 0, 0, 1, 1, 0, 0, 1, 0, 0], [1, 0, 1, 1, 0, 1, 1, 0, 0, 1, 1, 0, 1, 1, 1, 0, 0, 0, 1, 1, 0, 0, 1, 1, 1], [1, 0, 1, 0, 1, 1, 0, 0, 1, 1, 0, 1, 1, 1, 0, 0, 0, 0, 0, 1, 1, 1, 0, 1, 1], [1, 0, 1, 1, 1, 1, 0, 0, 0, 0, 0, 0, 1, 1, 1, 1, 1, 0, 0, 0, 0, 1, 1, 0, 1], [0, 0, 0, 1, 1, 0, 1, 0, 1, 0, 0, 1, 1, 1, 1, 0, 0, 1, 0, 0, 0, 1, 1, 1, 0]]",12.0,1.0,Y,"{0: 17, 1: 19, 2: 35, 3: 28, 4: 14, 5: 13, 6: 24, 7: 15, 8: 16, 9: 21, 10: 20, 11: 26, 12: 29, 13: 36, 14: 30, 15: 25, 16: 18, 17: 22, 18: 34, 19: 33, 20: 12, 21: 32, 22: 31, 23: 27, 24: 23}",Y,"{0: 17, 1: 19, 2: 35, 3: 28, 4: 14, 5: 13, 6: 24, 7: 15, 8: 16, 9: 21, 10: 20, 11: 26, 12: 29, 13: 36, 14: 30, 15: 25, 16: 18, 17: 22, 18: 34, 19: 33, 20: 12, 21: 32, 22: 31, 23: 27, 24: 23}","{(0, 1): 6, (0, 2): 1, (0, 3): 1, (0, 5): 1, (0, 7): 2, (0, 13): 1, (0, 14): 1, (0, 19): 1, (0, 21): 1, (0, 22): 1, (0, 23): 1, (1, 2): 1, (1, 3): 1, (1, 5): 1, (1, 7): 1, (1, 8): 1, (1, 10): 1, (1, 12): 1, (1, 13): 1, (1, 17): 1, (1, 18): 3, (1, 19): 1, (2, 5): 1, (2, 6): 1, (2, 7): 1, (2, 10): 1, (2, 12): 1, (2, 13): 1, (2, 14): 6, (2, 15): 1, (2, 16): 1, (2, 17): 1, (2, 18): 1, (2, 20): 1, (2, 21): 1, (2, 22): 14, (2, 23): 1, (3, 6): 1, (3, 7): 1, (3, 11): 1, (3, 13): 1, (3, 14): 1, (3, 17): 1, (3, 18): 16, (3, 19): 1, (3, 21): 1, (3, 23): 1, (3, 24): 1, (4, 7): 5, (4, 12): 1, (4, 13): 1, (4, 17): 1, (4, 22): 1, (4, 23): 4, (4, 24): 1, (5, 13): 1, (5, 14): 1, (5, 15): 1, (5, 18): 3, (5, 19): 1, (5, 21): 1, (5, 22): 1, (5, 23): 1, (6, 10): 1, (6, 11): 5, (6, 13): 1, (6, 18): 1, (6, 20): 1, (6, 21): 12, (6, 24): 1, (7, 12): 1, (7, 13): 1, (7, 16): 2, (7, 18): 1, (8, 9): 1, (8, 16): 1, (8, 19): 1, (8, 20): 1, (8, 22): 1, (8, 24): 10, (9, 10): 1, (9, 11): 8, (9, 13): 1, (9, 14): 1, (9, 15): 5, (9, 16): 1, (9, 18): 1, (9, 21): 1, (9, 22): 1, (10, 13): 1, (10, 15): 11, (10, 16): 1, (10, 18): 1, (10, 19): 1, (10, 21): 1, (11, 13): 1, (11, 14): 1, (11, 16): 1, (11, 17): 1, (11, 19): 5, (11, 20): 1, (11, 22): 1, (11, 24): 1, (12, 13): 13, (12, 14): 5, (12, 15): 1, (12, 17): 1, (12, 19): 1, (12, 21): 1, (12, 22): 1, (12, 23): 1, (12, 24): 1, (13, 14): 1, (13, 15): 1, (13, 16): 5, (13, 18): 1, (13, 21): 1, (13, 22): 1, (13, 23): 1, (13, 24): 1, (14, 15): 1, (14, 18): 1, (14, 20): 1, (14, 21): 1, (14, 23): 8, (14, 24): 1, (15, 17): 1, (15, 18): 1, (15, 19): 1, (15, 23): 1, (16, 17): 1, (16, 18): 1, (16, 19): 3, (16, 23): 1, (17, 19): 13, (17, 24): 1, (18, 19): 1, (18, 20): 1, (18, 21): 1, (19, 20): 1, (19, 21): 1, (19, 22): 1, (20, 22): 5, (21, 22): 1, (21, 23): 5, (21, 24): 3, (22, 23): 1, (22, 24): 1, (23, 24): 1}",44.10743713378906,149.0,25.0,298.0
75.0,Graph with 25 nodes and 147 edges,"[[0, 1, 0, 0, 1, 1, 1, 0, 1, 1, 1, 0, 0, 0, 1, 0, 0, 1, 0, 0, 1, 0, 1, 0, 1], [1, 0, 0, 0, 1, 1, 1, 0, 0, 0, 0, 0, 1, 1, 1, 1, 0, 0, 1, 1, 0, 1, 0, 1, 0], [0, 0, 0, 1, 0, 1, 0, 1, 1, 0, 0, 0, 1, 1, 1, 0, 0, 1, 1, 0, 0, 1, 1, 0, 1], [0, 0, 1, 0, 1, 0, 1, 0, 0, 1, 1, 0, 0, 0, 1, 0, 0, 1, 0, 0, 1, 0, 0, 1, 0], [1, 1, 0, 1, 0, 1, 1, 1, 0, 0, 1, 1, 1, 1, 1, 1, 1, 1, 0, 0, 1, 1, 0, 1, 1], [1, 1, 1, 0, 1, 0, 0, 1, 1, 0, 1, 0, 1, 0, 0, 0, 1, 1, 0, 1, 0, 0, 0, 0, 0], [1, 1, 0, 1, 1, 0, 0, 0, 0, 0, 0, 0, 0, 1, 0, 0, 1, 1, 0, 1, 1, 0, 1, 1, 0], [0, 0, 1, 0, 1, 1, 0, 0, 1, 1, 1, 0, 0, 0, 0, 0, 1, 0, 1, 1, 1, 1, 0, 1, 1], [1, 0, 1, 0, 0, 1, 0, 1, 0, 0, 1, 1, 1, 1, 1, 0, 0, 1, 1, 1, 1, 1, 1, 0, 1], [1, 0, 0, 1, 0, 0, 0, 1, 0, 0, 1, 0, 0, 0, 1, 0, 1, 0, 0, 1, 0, 0, 1, 0, 0], [1, 0, 0, 1, 1, 1, 0, 1, 1, 1, 0, 1, 1, 0, 0, 0, 1, 0, 0, 0, 0, 1, 0, 0, 0], [0, 0, 0, 0, 1, 0, 0, 0, 1, 0, 1, 0, 0, 0, 1, 1, 0, 1, 0, 0, 1, 0, 1, 1, 1], [0, 1, 1, 0, 1, 1, 0, 0, 1, 0, 1, 0, 0, 1, 0, 0, 1, 0, 0, 1, 1, 0, 1, 1, 0], [0, 1, 1, 0, 1, 0, 1, 0, 1, 0, 0, 0, 1, 0, 1, 1, 1, 0, 0, 1, 1, 1, 1, 0, 0], [1, 1, 1, 1, 1, 0, 0, 0, 1, 1, 0, 1, 0, 1, 0, 0, 0, 1, 1, 0, 0, 0, 1, 0, 0], [0, 1, 0, 0, 1, 0, 0, 0, 0, 0, 0, 1, 0, 1, 0, 0, 1, 1, 0, 0, 0, 1, 0, 0, 1], [0, 0, 0, 0, 1, 1, 1, 1, 0, 1, 1, 0, 1, 1, 0, 1, 0, 0, 0, 1, 1, 0, 0, 1, 0], [1, 0, 1, 1, 1, 1, 1, 0, 1, 0, 0, 1, 0, 0, 1, 1, 0, 0, 0, 0, 0, 0, 1, 1, 1], [0, 1, 1, 0, 0, 0, 0, 1, 1, 0, 0, 0, 0, 0, 1, 0, 0, 0, 0, 0, 1, 1, 0, 1, 1], [0, 1, 0, 0, 0, 1, 1, 1, 1, 1, 0, 0, 1, 1, 0, 0, 1, 0, 0, 0, 1, 1, 0, 0, 0], [1, 0, 0, 1, 1, 0, 1, 1, 1, 0, 0, 1, 1, 1, 0, 0, 1, 0, 1, 1, 0, 1, 0, 0, 0], [0, 1, 1, 0, 1, 0, 0, 1, 1, 0, 1, 0, 0, 1, 0, 1, 0, 0, 1, 1, 1, 0, 0, 1, 1], [1, 0, 1, 0, 0, 0, 1, 0, 1, 1, 0, 1, 1, 1, 1, 0, 0, 1, 0, 0, 0, 0, 0, 1, 1], [0, 1, 0, 1, 1, 0, 1, 1, 0, 0, 0, 1, 1, 0, 0, 0, 1, 1, 1, 0, 0, 1, 1, 0, 0], [1, 0, 1, 0, 1, 0, 0, 1, 1, 0, 0, 1, 0, 0, 0, 1, 0, 1, 1, 0, 0, 1, 1, 0, 0]]",12.0,8.0,Y,"{0: 20, 1: 28, 2: 36, 3: 44, 4: 52, 5: 60, 6: 68, 7: 76, 8: 84, 9: 92, 10: 100, 11: 108, 12: 116, 13: 124, 14: 132, 15: 140, 16: 148, 17: 156, 18: 164, 19: 172, 20: 180, 21: 188, 22: 196, 23: 204, 24: 12}",Y,"{0: 20, 1: 28, 2: 36, 3: 44, 4: 52, 5: 60, 6: 68, 7: 76, 8: 84, 9: 92, 10: 100, 11: 108, 12: 116, 13: 124, 14: 132, 15: 140, 16: 148, 17: 156, 18: 164, 19: 172, 20: 180, 21: 188, 22: 196, 23: 204, 24: 12}","{(0, 1): 1, (0, 4): 1, (0, 5): 1, (0, 6): 1, (0, 8): 5, (0, 9): 5, (0, 10): 1, (0, 14): 1, (0, 17): 1, (0, 20): 1, (0, 22): 1, (0, 24): 1, (1, 4): 1, (1, 5): 1, (1, 6): 1, (1, 12): 1, (1, 13): 1, (1, 14): 1, (1, 15): 1, (1, 18): 4, (1, 19): 13, (1, 21): 2, (1, 23): 1, (2, 3): 1, (2, 5): 3, (2, 7): 4, (2, 8): 1, (2, 12): 4, (2, 13): 1, (2, 14): 1, (2, 17): 1, (2, 18): 1, (2, 21): 17, (2, 22): 1, (2, 24): 1, (3, 4): 1, (3, 6): 5, (3, 9): 5, (3, 10): 1, (3, 14): 4, (3, 17): 1, (3, 20): 1, (3, 23): 25, (4, 5): 1, (4, 6): 1, (4, 7): 1, (4, 10): 1, (4, 11): 7, (4, 12): 1, (4, 13): 1, (4, 14): 1, (4, 15): 8, (4, 16): 1, (4, 17): 1, (4, 20): 22, (4, 21): 1, (4, 23): 1, (4, 24): 1, (5, 7): 1, (5, 8): 1, (5, 10): 4, (5, 12): 7, (5, 16): 3, (5, 17): 1, (5, 19): 37, (6, 13): 1, (6, 16): 9, (6, 17): 1, (6, 19): 1, (6, 20): 1, (6, 22): 1, (6, 23): 46, (7, 8): 1, (7, 9): 1, (7, 10): 1, (7, 16): 1, (7, 18): 56, (7, 19): 4, (7, 20): 1, (7, 21): 1, (7, 23): 3, (7, 24): 1, (8, 10): 1, (8, 11): 1, (8, 12): 8, (8, 13): 1, (8, 14): 1, (8, 17): 1, (8, 18): 1, (8, 19): 20, (8, 20): 20, (8, 21): 4, (8, 22): 17, (8, 24): 1, (9, 10): 1, (9, 14): 1, (9, 16): 25, (9, 19): 1, (9, 22): 53, (10, 11): 1, (10, 12): 1, (10, 16): 1, (10, 21): 87, (11, 14): 1, (11, 15): 66, (11, 17): 4, (11, 20): 9, (11, 22): 17, (11, 23): 1, (11, 24): 1, (12, 13): 70, (12, 16): 1, (12, 19): 9, (12, 20): 1, (12, 22): 12, (12, 23): 1, (13, 14): 1, (13, 15): 36, (13, 16): 1, (13, 19): 5, (13, 20): 4, (13, 21): 1, (13, 22): 1, (14, 17): 95, (14, 18): 22, (14, 22): 3, (15, 16): 1, (15, 17): 25, (15, 21): 1, (15, 24): 2, (16, 19): 47, (16, 20): 53, (16, 23): 5, (17, 22): 9, (17, 23): 15, (17, 24): 1, (18, 20): 32, (18, 21): 46, (18, 23): 1, (18, 24): 1, (19, 20): 34, (19, 21): 1, (20, 21): 1, (21, 23): 25, (21, 24): 1, (22, 23): 80, (22, 24): 1}",102.996826171875,147.0,25.0,294.0
75.0,Graph with 25 nodes and 147 edges,"[[0, 1, 0, 0, 1, 1, 1, 0, 1, 1, 1, 0, 0, 0, 1, 0, 0, 1, 0, 0, 1, 0, 1, 0, 1], [1, 0, 0, 0, 1, 1, 1, 0, 0, 0, 0, 0, 1, 1, 1, 1, 0, 0, 1, 1, 0, 1, 0, 1, 0], [0, 0, 0, 1, 0, 1, 0, 1, 1, 0, 0, 0, 1, 1, 1, 0, 0, 1, 1, 0, 0, 1, 1, 0, 1], [0, 0, 1, 0, 1, 0, 1, 0, 0, 1, 1, 0, 0, 0, 1, 0, 0, 1, 0, 0, 1, 0, 0, 1, 0], [1, 1, 0, 1, 0, 1, 1, 1, 0, 0, 1, 1, 1, 1, 1, 1, 1, 1, 0, 0, 1, 1, 0, 1, 1], [1, 1, 1, 0, 1, 0, 0, 1, 1, 0, 1, 0, 1, 0, 0, 0, 1, 1, 0, 1, 0, 0, 0, 0, 0], [1, 1, 0, 1, 1, 0, 0, 0, 0, 0, 0, 0, 0, 1, 0, 0, 1, 1, 0, 1, 1, 0, 1, 1, 0], [0, 0, 1, 0, 1, 1, 0, 0, 1, 1, 1, 0, 0, 0, 0, 0, 1, 0, 1, 1, 1, 1, 0, 1, 1], [1, 0, 1, 0, 0, 1, 0, 1, 0, 0, 1, 1, 1, 1, 1, 0, 0, 1, 1, 1, 1, 1, 1, 0, 1], [1, 0, 0, 1, 0, 0, 0, 1, 0, 0, 1, 0, 0, 0, 1, 0, 1, 0, 0, 1, 0, 0, 1, 0, 0], [1, 0, 0, 1, 1, 1, 0, 1, 1, 1, 0, 1, 1, 0, 0, 0, 1, 0, 0, 0, 0, 1, 0, 0, 0], [0, 0, 0, 0, 1, 0, 0, 0, 1, 0, 1, 0, 0, 0, 1, 1, 0, 1, 0, 0, 1, 0, 1, 1, 1], [0, 1, 1, 0, 1, 1, 0, 0, 1, 0, 1, 0, 0, 1, 0, 0, 1, 0, 0, 1, 1, 0, 1, 1, 0], [0, 1, 1, 0, 1, 0, 1, 0, 1, 0, 0, 0, 1, 0, 1, 1, 1, 0, 0, 1, 1, 1, 1, 0, 0], [1, 1, 1, 1, 1, 0, 0, 0, 1, 1, 0, 1, 0, 1, 0, 0, 0, 1, 1, 0, 0, 0, 1, 0, 0], [0, 1, 0, 0, 1, 0, 0, 0, 0, 0, 0, 1, 0, 1, 0, 0, 1, 1, 0, 0, 0, 1, 0, 0, 1], [0, 0, 0, 0, 1, 1, 1, 1, 0, 1, 1, 0, 1, 1, 0, 1, 0, 0, 0, 1, 1, 0, 0, 1, 0], [1, 0, 1, 1, 1, 1, 1, 0, 1, 0, 0, 1, 0, 0, 1, 1, 0, 0, 0, 0, 0, 0, 1, 1, 1], [0, 1, 1, 0, 0, 0, 0, 1, 1, 0, 0, 0, 0, 0, 1, 0, 0, 0, 0, 0, 1, 1, 0, 1, 1], [0, 1, 0, 0, 0, 1, 1, 1, 1, 1, 0, 0, 1, 1, 0, 0, 1, 0, 0, 0, 1, 1, 0, 0, 0], [1, 0, 0, 1, 1, 0, 1, 1, 1, 0, 0, 1, 1, 1, 0, 0, 1, 0, 1, 1, 0, 1, 0, 0, 0], [0, 1, 1, 0, 1, 0, 0, 1, 1, 0, 1, 0, 0, 1, 0, 1, 0, 0, 1, 1, 1, 0, 0, 1, 1], [1, 0, 1, 0, 0, 0, 1, 0, 1, 1, 0, 1, 1, 1, 1, 0, 0, 1, 0, 0, 0, 0, 0, 1, 1], [0, 1, 0, 1, 1, 0, 1, 1, 0, 0, 0, 1, 1, 0, 0, 0, 1, 1, 1, 0, 0, 1, 1, 0, 0], [1, 0, 1, 0, 1, 0, 0, 1, 1, 0, 0, 1, 0, 0, 0, 1, 0, 1, 1, 0, 0, 1, 1, 0, 0]]",16.0,5.0,Y,"{0: 21, 1: 26, 2: 31, 3: 36, 4: 41, 5: 46, 6: 51, 7: 56, 8: 61, 9: 66, 10: 71, 11: 76, 12: 81, 13: 86, 14: 91, 15: 96, 16: 101, 17: 106, 18: 111, 19: 116, 20: 121, 21: 126, 22: 131, 23: 136, 24: 16}",Y,"{0: 21, 1: 26, 2: 31, 3: 36, 4: 41, 5: 46, 6: 51, 7: 56, 8: 61, 9: 66, 10: 71, 11: 76, 12: 81, 13: 86, 14: 91, 15: 96, 16: 101, 17: 106, 18: 111, 19: 116, 20: 121, 21: 126, 22: 131, 23: 136, 24: 16}","{(0, 1): 1, (0, 4): 1, (0, 5): 10, (0, 6): 1, (0, 8): 1, (0, 9): 1, (0, 10): 1, (0, 14): 1, (0, 17): 1, (0, 20): 1, (0, 22): 1, (0, 24): 1, (1, 4): 1, (1, 5): 1, (1, 6): 1, (1, 12): 1, (1, 13): 1, (1, 14): 1, (1, 15): 13, (1, 18): 1, (1, 19): 1, (1, 21): 1, (1, 23): 3, (2, 3): 3, (2, 5): 1, (2, 7): 1, (2, 8): 1, (2, 12): 15, (2, 13): 1, (2, 14): 1, (2, 17): 1, (2, 18): 4, (2, 21): 1, (2, 22): 1, (2, 24): 1, (3, 4): 1, (3, 6): 19, (3, 9): 4, (3, 10): 1, (3, 14): 1, (3, 17): 3, (3, 20): 3, (3, 23): 1, (4, 5): 1, (4, 6): 1, (4, 7): 1, (4, 10): 1, (4, 11): 3, (4, 12): 1, (4, 13): 1, (4, 14): 1, (4, 15): 1, (4, 16): 1, (4, 17): 1, (4, 20): 1, (4, 21): 3, (4, 23): 20, (4, 24): 1, (5, 7): 1, (5, 8): 1, (5, 10): 5, (5, 12): 23, (5, 16): 1, (5, 17): 1, (5, 19): 1, (6, 13): 1, (6, 16): 4, (6, 17): 2, (6, 19): 6, (6, 20): 3, (6, 22): 1, (6, 23): 12, (7, 8): 1, (7, 9): 3, (7, 10): 1, (7, 16): 1, (7, 18): 34, (7, 19): 1, (7, 20): 1, (7, 21): 1, (7, 23): 9, (7, 24): 1, (8, 10): 1, (8, 11): 1, (8, 12): 7, (8, 13): 1, (8, 14): 1, (8, 17): 1, (8, 18): 13, (8, 19): 1, (8, 20): 1, (8, 21): 1, (8, 22): 28, (8, 24): 1, (9, 10): 1, (9, 14): 1, (9, 16): 1, (9, 19): 1, (9, 22): 54, (10, 11): 48, (10, 12): 10, (10, 16): 1, (10, 21): 1, (11, 14): 1, (11, 15): 5, (11, 17): 5, (11, 20): 3, (11, 22): 6, (11, 23): 1, (11, 24): 3, (12, 13): 4, (12, 16): 1, (12, 19): 5, (12, 20): 8, (12, 22): 3, (12, 23): 3, (13, 14): 1, (13, 15): 2, (13, 16): 4, (13, 19): 19, (13, 20): 1, (13, 21): 37, (13, 22): 13, (14, 17): 78, (14, 18): 3, (14, 22): 1, (15, 16): 1, (15, 17): 1, (15, 21): 72, (15, 24): 1, (16, 19): 32, (16, 20): 1, (16, 23): 53, (17, 22): 1, (17, 23): 9, (17, 24): 2, (18, 20): 49, (18, 21): 3, (18, 23): 3, (18, 24): 1, (19, 20): 48, (19, 21): 1, (20, 21): 1, (21, 23): 3, (21, 24): 1, (22, 23): 19, (22, 24): 3}",108.95729064941406,147.0,25.0,294.0
75.0,Graph with 25 nodes and 147 edges,"[[0, 1, 0, 0, 1, 1, 1, 0, 1, 1, 1, 0, 0, 0, 1, 0, 0, 1, 0, 0, 1, 0, 1, 0, 1], [1, 0, 0, 0, 1, 1, 1, 0, 0, 0, 0, 0, 1, 1, 1, 1, 0, 0, 1, 1, 0, 1, 0, 1, 0], [0, 0, 0, 1, 0, 1, 0, 1, 1, 0, 0, 0, 1, 1, 1, 0, 0, 1, 1, 0, 0, 1, 1, 0, 1], [0, 0, 1, 0, 1, 0, 1, 0, 0, 1, 1, 0, 0, 0, 1, 0, 0, 1, 0, 0, 1, 0, 0, 1, 0], [1, 1, 0, 1, 0, 1, 1, 1, 0, 0, 1, 1, 1, 1, 1, 1, 1, 1, 0, 0, 1, 1, 0, 1, 1], [1, 1, 1, 0, 1, 0, 0, 1, 1, 0, 1, 0, 1, 0, 0, 0, 1, 1, 0, 1, 0, 0, 0, 0, 0], [1, 1, 0, 1, 1, 0, 0, 0, 0, 0, 0, 0, 0, 1, 0, 0, 1, 1, 0, 1, 1, 0, 1, 1, 0], [0, 0, 1, 0, 1, 1, 0, 0, 1, 1, 1, 0, 0, 0, 0, 0, 1, 0, 1, 1, 1, 1, 0, 1, 1], [1, 0, 1, 0, 0, 1, 0, 1, 0, 0, 1, 1, 1, 1, 1, 0, 0, 1, 1, 1, 1, 1, 1, 0, 1], [1, 0, 0, 1, 0, 0, 0, 1, 0, 0, 1, 0, 0, 0, 1, 0, 1, 0, 0, 1, 0, 0, 1, 0, 0], [1, 0, 0, 1, 1, 1, 0, 1, 1, 1, 0, 1, 1, 0, 0, 0, 1, 0, 0, 0, 0, 1, 0, 0, 0], [0, 0, 0, 0, 1, 0, 0, 0, 1, 0, 1, 0, 0, 0, 1, 1, 0, 1, 0, 0, 1, 0, 1, 1, 1], [0, 1, 1, 0, 1, 1, 0, 0, 1, 0, 1, 0, 0, 1, 0, 0, 1, 0, 0, 1, 1, 0, 1, 1, 0], [0, 1, 1, 0, 1, 0, 1, 0, 1, 0, 0, 0, 1, 0, 1, 1, 1, 0, 0, 1, 1, 1, 1, 0, 0], [1, 1, 1, 1, 1, 0, 0, 0, 1, 1, 0, 1, 0, 1, 0, 0, 0, 1, 1, 0, 0, 0, 1, 0, 0], [0, 1, 0, 0, 1, 0, 0, 0, 0, 0, 0, 1, 0, 1, 0, 0, 1, 1, 0, 0, 0, 1, 0, 0, 1], [0, 0, 0, 0, 1, 1, 1, 1, 0, 1, 1, 0, 1, 1, 0, 1, 0, 0, 0, 1, 1, 0, 0, 1, 0], [1, 0, 1, 1, 1, 1, 1, 0, 1, 0, 0, 1, 0, 0, 1, 1, 0, 0, 0, 0, 0, 0, 1, 1, 1], [0, 1, 1, 0, 0, 0, 0, 1, 1, 0, 0, 0, 0, 0, 1, 0, 0, 0, 0, 0, 1, 1, 0, 1, 1], [0, 1, 0, 0, 0, 1, 1, 1, 1, 1, 0, 0, 1, 1, 0, 0, 1, 0, 0, 0, 1, 1, 0, 0, 0], [1, 0, 0, 1, 1, 0, 1, 1, 1, 0, 0, 1, 1, 1, 0, 0, 1, 0, 1, 1, 0, 1, 0, 0, 0], [0, 1, 1, 0, 1, 0, 0, 1, 1, 0, 1, 0, 0, 1, 0, 1, 0, 0, 1, 1, 1, 0, 0, 1, 1], [1, 0, 1, 0, 0, 0, 1, 0, 1, 1, 0, 1, 1, 1, 1, 0, 0, 1, 0, 0, 0, 0, 0, 1, 1], [0, 1, 0, 1, 1, 0, 1, 1, 0, 0, 0, 1, 1, 0, 0, 0, 1, 1, 1, 0, 0, 1, 1, 0, 0], [1, 0, 1, 0, 1, 0, 0, 1, 1, 0, 0, 1, 0, 0, 0, 1, 0, 1, 1, 0, 0, 1, 1, 0, 0]]",20.0,5.0,Y,"{0: 25, 1: 30, 2: 35, 3: 40, 4: 45, 5: 50, 6: 55, 7: 60, 8: 65, 9: 70, 10: 75, 11: 80, 12: 85, 13: 90, 14: 95, 15: 100, 16: 105, 17: 110, 18: 115, 19: 120, 20: 125, 21: 130, 22: 135, 23: 140, 24: 20}",Y,"{0: 25, 1: 30, 2: 35, 3: 40, 4: 45, 5: 50, 6: 55, 7: 60, 8: 65, 9: 70, 10: 75, 11: 80, 12: 85, 13: 90, 14: 95, 15: 100, 16: 105, 17: 110, 18: 115, 19: 120, 20: 125, 21: 130, 22: 135, 23: 140, 24: 20}","{(0, 1): 1, (0, 4): 1, (0, 5): 13, (0, 6): 1, (0, 8): 1, (0, 9): 1, (0, 10): 1, (0, 14): 2, (0, 17): 1, (0, 20): 1, (0, 22): 1, (0, 24): 1, (1, 4): 1, (1, 5): 1, (1, 6): 1, (1, 12): 1, (1, 13): 1, (1, 14): 15, (1, 15): 5, (1, 18): 1, (1, 19): 1, (1, 21): 1, (1, 23): 1, (2, 3): 3, (2, 5): 1, (2, 7): 1, (2, 8): 1, (2, 12): 1, (2, 13): 1, (2, 14): 1, (2, 17): 7, (2, 18): 1, (2, 21): 1, (2, 22): 16, (2, 24): 1, (3, 4): 1, (3, 6): 10, (3, 9): 1, (3, 10): 1, (3, 14): 7, (3, 17): 1, (3, 20): 15, (3, 23): 1, (4, 5): 19, (4, 6): 1, (4, 7): 1, (4, 10): 1, (4, 11): 1, (4, 12): 1, (4, 13): 1, (4, 14): 1, (4, 15): 1, (4, 16): 1, (4, 17): 1, (4, 20): 1, (4, 21): 1, (4, 23): 10, (4, 24): 1, (5, 7): 1, (5, 8): 1, (5, 10): 7, (5, 12): 1, (5, 16): 1, (5, 17): 1, (5, 19): 4, (6, 13): 1, (6, 16): 1, (6, 17): 1, (6, 19): 13, (6, 20): 1, (6, 22): 1, (6, 23): 24, (7, 8): 1, (7, 9): 1, (7, 10): 1, (7, 16): 1, (7, 18): 34, (7, 19): 15, (7, 20): 1, (7, 21): 1, (7, 23): 1, (7, 24): 1, (8, 10): 23, (8, 11): 1, (8, 12): 5, (8, 13): 1, (8, 14): 1, (8, 17): 1, (8, 18): 17, (8, 19): 1, (8, 20): 1, (8, 21): 1, (8, 22): 8, (8, 24): 1, (9, 10): 1, (9, 14): 1, (9, 16): 19, (9, 19): 15, (9, 22): 31, (10, 11): 37, (10, 12): 1, (10, 16): 1, (10, 21): 1, (11, 14): 1, (11, 15): 1, (11, 17): 1, (11, 20): 21, (11, 22): 15, (11, 23): 1, (11, 24): 1, (12, 13): 56, (12, 16): 1, (12, 19): 1, (12, 20): 1, (12, 22): 15, (12, 23): 1, (13, 14): 1, (13, 15): 1, (13, 16): 1, (13, 19): 1, (13, 20): 1, (13, 21): 23, (13, 22): 1, (14, 17): 62, (14, 18): 1, (14, 22): 2, (15, 16): 1, (15, 17): 15, (15, 21): 75, (15, 24): 1, (16, 19): 28, (16, 20): 17, (16, 23): 33, (17, 22): 9, (17, 23): 9, (17, 24): 1, (18, 20): 36, (18, 21): 1, (18, 23): 23, (18, 24): 1, (19, 20): 28, (19, 21): 13, (20, 21): 1, (21, 23): 1, (21, 24): 10, (22, 23): 35, (22, 24): 1}",80.82389831542969,147.0,25.0,294.0
76.0,Graph with 25 nodes and 128 edges,"[[0, 1, 0, 1, 1, 1, 1, 0, 0, 1, 1, 1, 1, 0, 0, 1, 0, 0, 0, 1, 1, 0, 1, 1, 1], [1, 0, 0, 0, 1, 0, 0, 0, 0, 0, 0, 1, 1, 1, 0, 0, 0, 0, 0, 0, 1, 0, 1, 1, 0], [0, 0, 0, 0, 0, 0, 0, 1, 0, 1, 1, 0, 0, 1, 1, 1, 0, 0, 0, 1, 0, 0, 1, 0, 0], [1, 0, 0, 0, 1, 0, 1, 1, 0, 0, 0, 0, 0, 1, 1, 1, 0, 1, 0, 1, 1, 1, 0, 0, 0], [1, 1, 0, 1, 0, 1, 1, 1, 0, 1, 0, 0, 1, 0, 0, 0, 0, 0, 0, 1, 1, 1, 0, 0, 1], [1, 0, 0, 0, 1, 0, 0, 0, 1, 0, 0, 0, 1, 1, 0, 0, 0, 0, 1, 0, 0, 0, 1, 1, 1], [1, 0, 0, 1, 1, 0, 0, 1, 0, 0, 0, 0, 1, 1, 0, 0, 0, 1, 0, 0, 1, 0, 0, 0, 0], [0, 0, 1, 1, 1, 0, 1, 0, 0, 1, 0, 0, 0, 0, 0, 1, 0, 0, 1, 1, 0, 1, 0, 0, 1], [0, 0, 0, 0, 0, 1, 0, 0, 0, 1, 1, 1, 0, 1, 0, 0, 1, 0, 1, 1, 1, 1, 0, 1, 0], [1, 0, 1, 0, 1, 0, 0, 1, 1, 0, 1, 0, 0, 0, 0, 0, 0, 1, 1, 0, 0, 0, 1, 1, 0], [1, 0, 1, 0, 0, 0, 0, 0, 1, 1, 0, 1, 1, 1, 1, 1, 1, 1, 0, 1, 1, 0, 0, 1, 0], [1, 1, 0, 0, 0, 0, 0, 0, 1, 0, 1, 0, 0, 0, 0, 1, 0, 1, 1, 0, 1, 0, 0, 1, 1], [1, 1, 0, 0, 1, 1, 1, 0, 0, 0, 1, 0, 0, 0, 0, 0, 0, 1, 1, 1, 0, 0, 1, 0, 0], [0, 1, 1, 1, 0, 1, 1, 0, 1, 0, 1, 0, 0, 0, 1, 0, 0, 1, 1, 0, 0, 1, 0, 0, 1], [0, 0, 1, 1, 0, 0, 0, 0, 0, 0, 1, 0, 0, 1, 0, 1, 0, 0, 0, 1, 0, 0, 1, 1, 1], [1, 0, 1, 1, 0, 0, 0, 1, 0, 0, 1, 1, 0, 0, 1, 0, 1, 0, 1, 1, 1, 1, 0, 0, 0], [0, 0, 0, 0, 0, 0, 0, 0, 1, 0, 1, 0, 0, 0, 0, 1, 0, 0, 0, 1, 1, 0, 0, 0, 0], [0, 0, 0, 1, 0, 0, 1, 0, 0, 1, 1, 1, 1, 1, 0, 0, 0, 0, 0, 1, 0, 0, 0, 1, 0], [0, 0, 0, 0, 0, 1, 0, 1, 1, 1, 0, 1, 1, 1, 0, 1, 0, 0, 0, 1, 1, 0, 0, 0, 0], [1, 0, 1, 1, 1, 0, 0, 1, 1, 0, 1, 0, 1, 0, 1, 1, 1, 1, 1, 0, 0, 0, 0, 0, 0], [1, 1, 0, 1, 1, 0, 1, 0, 1, 0, 1, 1, 0, 0, 0, 1, 1, 0, 1, 0, 0, 1, 0, 1, 0], [0, 0, 0, 1, 1, 0, 0, 1, 1, 0, 0, 0, 0, 1, 0, 1, 0, 0, 0, 0, 1, 0, 1, 0, 0], [1, 1, 1, 0, 0, 1, 0, 0, 0, 1, 0, 0, 1, 0, 1, 0, 0, 0, 0, 0, 0, 1, 0, 1, 0], [1, 1, 0, 0, 0, 1, 0, 0, 1, 1, 1, 1, 0, 0, 1, 0, 0, 1, 0, 0, 1, 0, 1, 0, 1], [1, 0, 0, 0, 1, 1, 0, 1, 0, 0, 0, 1, 0, 1, 1, 0, 0, 0, 0, 0, 0, 0, 0, 1, 0]]",28.0,1.0,Y,"{0: 29, 1: 30, 2: 31, 3: 32, 4: 33, 5: 34, 6: 35, 7: 36, 8: 37, 9: 38, 10: 39, 11: 40, 12: 41, 13: 42, 14: 43, 15: 44, 16: 45, 17: 46, 18: 47, 19: 48, 20: 49, 21: 50, 22: 51, 23: 52, 24: 28}",Y,"{0: 29, 1: 30, 2: 31, 3: 32, 4: 33, 5: 34, 6: 35, 7: 36, 8: 37, 9: 38, 10: 39, 11: 40, 12: 41, 13: 42, 14: 43, 15: 44, 16: 45, 17: 46, 18: 47, 19: 48, 20: 49, 21: 50, 22: 51, 23: 52, 24: 28}","{(0, 1): 15, (0, 3): 1, (0, 4): 1, (0, 5): 1, (0, 6): 1, (0, 9): 1, (0, 10): 1, (0, 11): 1, (0, 12): 1, (0, 15): 1, (0, 19): 1, (0, 20): 1, (0, 22): 1, (0, 23): 1, (0, 24): 1, (1, 4): 9, (1, 11): 1, (1, 12): 1, (1, 13): 1, (1, 20): 1, (1, 22): 1, (1, 23): 1, (2, 7): 24, (2, 9): 1, (2, 10): 1, (2, 13): 1, (2, 14): 1, (2, 15): 1, (2, 19): 1, (2, 22): 1, (3, 4): 14, (3, 6): 9, (3, 7): 1, (3, 13): 1, (3, 14): 1, (3, 15): 1, (3, 17): 1, (3, 19): 1, (3, 20): 1, (3, 21): 1, (4, 5): 1, (4, 6): 1, (4, 7): 1, (4, 9): 1, (4, 12): 1, (4, 19): 1, (4, 20): 1, (4, 21): 1, (4, 24): 1, (5, 8): 26, (5, 12): 1, (5, 13): 1, (5, 18): 1, (5, 22): 1, (5, 23): 1, (5, 24): 1, (6, 7): 4, (6, 12): 17, (6, 13): 1, (6, 17): 1, (6, 20): 1, (7, 9): 1, (7, 15): 1, (7, 18): 1, (7, 19): 1, (7, 21): 1, (7, 24): 1, (8, 9): 2, (8, 10): 1, (8, 11): 1, (8, 13): 1, (8, 16): 1, (8, 18): 1, (8, 19): 1, (8, 20): 1, (8, 21): 1, (8, 23): 1, (9, 10): 26, (9, 17): 3, (9, 18): 1, (9, 22): 1, (9, 23): 1, (10, 11): 1, (10, 12): 1, (10, 13): 1, (10, 14): 1, (10, 15): 1, (10, 16): 1, (10, 17): 1, (10, 19): 1, (10, 20): 1, (10, 23): 1, (11, 15): 18, (11, 17): 4, (11, 18): 1, (11, 20): 2, (11, 23): 5, (11, 24): 6, (12, 17): 1, (12, 18): 3, (12, 19): 7, (12, 22): 8, (13, 14): 20, (13, 17): 1, (13, 18): 1, (13, 21): 11, (13, 24): 2, (14, 15): 1, (14, 19): 1, (14, 22): 1, (14, 23): 2, (14, 24): 15, (15, 16): 6, (15, 18): 9, (15, 19): 1, (15, 20): 1, (15, 21): 3, (16, 19): 28, (16, 20): 9, (17, 19): 3, (17, 23): 31, (18, 19): 1, (18, 20): 28, (20, 21): 1, (20, 23): 1, (21, 22): 31, (22, 23): 6, (23, 24): 1}",1093.8644409179688,128.0,25.0,256.0
77.0,Graph with 25 nodes and 143 edges,"[[0, 0, 0, 1, 0, 1, 0, 0, 1, 1, 1, 0, 0, 1, 0, 0, 0, 1, 0, 0, 1, 1, 1, 0, 0], [0, 0, 0, 1, 1, 0, 0, 1, 0, 0, 1, 0, 0, 1, 0, 0, 1, 0, 1, 0, 1, 0, 1, 0, 0], [0, 0, 0, 1, 1, 1, 1, 0, 0, 1, 1, 1, 0, 1, 0, 0, 0, 1, 0, 1, 1, 1, 1, 0, 1], [1, 1, 1, 0, 0, 0, 1, 1, 1, 1, 1, 1, 1, 1, 0, 1, 0, 1, 1, 1, 1, 0, 1, 1, 0], [0, 1, 1, 0, 0, 0, 0, 1, 1, 0, 1, 1, 0, 0, 0, 0, 1, 1, 0, 0, 1, 0, 0, 0, 0], [1, 0, 1, 0, 0, 0, 1, 0, 0, 1, 0, 0, 0, 0, 0, 1, 1, 0, 1, 0, 0, 1, 0, 1, 1], [0, 0, 1, 1, 0, 1, 0, 0, 0, 1, 0, 0, 0, 0, 0, 1, 1, 0, 0, 1, 0, 0, 0, 0, 1], [0, 1, 0, 1, 1, 0, 0, 0, 1, 0, 1, 1, 0, 1, 0, 1, 0, 1, 1, 0, 0, 1, 1, 1, 1], [1, 0, 0, 1, 1, 0, 0, 1, 0, 0, 0, 0, 1, 1, 1, 0, 1, 0, 0, 0, 0, 1, 0, 1, 0], [1, 0, 1, 1, 0, 1, 1, 0, 0, 0, 0, 0, 1, 1, 1, 0, 1, 1, 1, 1, 0, 0, 0, 0, 0], [1, 1, 1, 1, 1, 0, 0, 1, 0, 0, 0, 0, 0, 0, 0, 1, 0, 0, 0, 1, 1, 1, 0, 0, 0], [0, 0, 1, 1, 1, 0, 0, 1, 0, 0, 0, 0, 0, 0, 0, 0, 1, 0, 0, 1, 1, 0, 1, 0, 0], [0, 0, 0, 1, 0, 0, 0, 0, 1, 1, 0, 0, 0, 0, 1, 1, 0, 1, 0, 0, 0, 1, 1, 1, 1], [1, 1, 1, 1, 0, 0, 0, 1, 1, 1, 0, 0, 0, 0, 1, 0, 0, 1, 1, 0, 0, 0, 1, 0, 1], [0, 0, 0, 0, 0, 0, 0, 0, 1, 1, 0, 0, 1, 1, 0, 1, 0, 0, 0, 0, 0, 1, 1, 1, 1], [0, 0, 0, 1, 0, 1, 1, 1, 0, 0, 1, 0, 1, 0, 1, 0, 1, 1, 1, 1, 1, 1, 0, 1, 0], [0, 1, 0, 0, 1, 1, 1, 0, 1, 1, 0, 1, 0, 0, 0, 1, 0, 0, 0, 1, 1, 0, 1, 1, 1], [1, 0, 1, 1, 1, 0, 0, 1, 0, 1, 0, 0, 1, 1, 0, 1, 0, 0, 0, 0, 0, 0, 1, 0, 0], [0, 1, 0, 1, 0, 1, 0, 1, 0, 1, 0, 0, 0, 1, 0, 1, 0, 0, 0, 1, 0, 0, 1, 0, 1], [0, 0, 1, 1, 0, 0, 1, 0, 0, 1, 1, 1, 0, 0, 0, 1, 1, 0, 1, 0, 0, 1, 1, 1, 1], [1, 1, 1, 1, 1, 0, 0, 0, 0, 0, 1, 1, 0, 0, 0, 1, 1, 0, 0, 0, 0, 0, 1, 0, 1], [1, 0, 1, 0, 0, 1, 0, 1, 1, 0, 1, 0, 1, 0, 1, 1, 0, 0, 0, 1, 0, 0, 1, 0, 1], [1, 1, 1, 1, 0, 0, 0, 1, 0, 0, 0, 1, 1, 1, 1, 0, 1, 1, 1, 1, 1, 1, 0, 1, 0], [0, 0, 0, 1, 0, 1, 0, 1, 1, 0, 0, 0, 1, 0, 1, 1, 1, 0, 0, 1, 0, 0, 1, 0, 1], [0, 0, 1, 0, 0, 1, 1, 1, 0, 0, 0, 0, 1, 1, 1, 0, 1, 0, 1, 1, 1, 1, 0, 1, 0]]",10.0,3.0,Y,"{0: 13, 1: 16, 2: 19, 3: 22, 4: 25, 5: 28, 6: 31, 7: 34, 8: 37, 9: 40, 10: 43, 11: 46, 12: 49, 13: 52, 14: 55, 15: 58, 16: 61, 17: 64, 18: 10, 19: 67, 20: 70, 21: 73, 22: 76, 23: 79, 24: 82}",Y,"{0: 13, 1: 16, 2: 19, 3: 22, 4: 25, 5: 28, 6: 31, 7: 34, 8: 37, 9: 40, 10: 43, 11: 46, 12: 49, 13: 52, 14: 55, 15: 58, 16: 61, 17: 64, 18: 10, 19: 67, 20: 70, 21: 73, 22: 76, 23: 79, 24: 82}","{(0, 3): 1, (0, 5): 4, (0, 8): 1, (0, 9): 1, (0, 10): 1, (0, 13): 1, (0, 17): 1, (0, 20): 1, (0, 21): 1, (0, 22): 1, (1, 3): 1, (1, 4): 1, (1, 7): 1, (1, 10): 1, (1, 13): 1, (1, 16): 8, (1, 18): 1, (1, 20): 1, (1, 22): 1, (2, 3): 1, (2, 4): 1, (2, 5): 1, (2, 6): 1, (2, 9): 1, (2, 10): 1, (2, 11): 1, (2, 13): 1, (2, 17): 1, (2, 19): 1, (2, 20): 1, (2, 21): 6, (2, 22): 1, (2, 24): 1, (3, 6): 1, (3, 7): 1, (3, 8): 1, (3, 9): 1, (3, 10): 1, (3, 11): 1, (3, 12): 1, (3, 13): 1, (3, 15): 1, (3, 17): 1, (3, 18): 1, (3, 19): 1, (3, 20): 5, (3, 22): 1, (3, 23): 1, (4, 7): 1, (4, 8): 1, (4, 10): 1, (4, 11): 1, (4, 16): 1, (4, 17): 1, (4, 20): 17, (5, 6): 1, (5, 9): 1, (5, 15): 1, (5, 16): 1, (5, 18): 1, (5, 21): 1, (5, 23): 16, (5, 24): 1, (6, 9): 1, (6, 15): 1, (6, 16): 1, (6, 19): 24, (6, 24): 1, (7, 8): 1, (7, 10): 1, (7, 11): 1, (7, 13): 1, (7, 15): 1, (7, 17): 13, (7, 18): 1, (7, 21): 1, (7, 22): 1, (7, 23): 9, (7, 24): 1, (8, 12): 1, (8, 13): 1, (8, 14): 28, (8, 16): 1, (8, 21): 1, (8, 23): 1, (9, 12): 29, (9, 13): 1, (9, 14): 1, (9, 16): 1, (9, 17): 1, (9, 18): 1, (9, 19): 1, (10, 15): 1, (10, 19): 1, (10, 20): 34, (10, 21): 1, (11, 16): 20, (11, 19): 1, (11, 20): 1, (11, 22): 20, (12, 14): 1, (12, 15): 1, (12, 17): 1, (12, 21): 1, (12, 22): 12, (12, 23): 1, (12, 24): 1, (13, 14): 1, (13, 17): 41, (13, 18): 1, (13, 22): 1, (13, 24): 1, (14, 15): 1, (14, 21): 1, (14, 22): 1, (14, 23): 20, (14, 24): 1, (15, 16): 1, (15, 17): 1, (15, 18): 1, (15, 19): 19, (15, 20): 1, (15, 21): 1, (15, 23): 27, (16, 19): 1, (16, 20): 1, (16, 22): 23, (16, 23): 1, (16, 24): 1, (17, 22): 3, (18, 19): 1, (18, 22): 1, (18, 24): 1, (19, 21): 1, (19, 22): 1, (19, 23): 1, (19, 24): 14, (20, 22): 7, (20, 24): 1, (21, 22): 1, (21, 24): 57, (22, 23): 1, (23, 24): 1}",1277.923583984375,143.0,25.0,286.0
79.0,Graph with 25 nodes and 137 edges,"[[0, 0, 1, 0, 0, 0, 0, 0, 1, 0, 0, 1, 1, 0, 0, 0, 0, 0, 0, 0, 0, 1, 1, 0, 0], [0, 0, 0, 1, 0, 1, 0, 1, 1, 0, 1, 1, 1, 1, 0, 1, 1, 1, 1, 1, 1, 1, 1, 1, 0], [1, 0, 0, 0, 1, 1, 0, 0, 1, 0, 0, 0, 1, 1, 0, 0, 1, 1, 1, 1, 1, 1, 0, 0, 0], [0, 1, 0, 0, 0, 0, 0, 1, 0, 0, 1, 1, 1, 1, 1, 1, 0, 0, 0, 0, 1, 0, 1, 1, 1], [0, 0, 1, 0, 0, 0, 0, 0, 0, 1, 0, 1, 1, 0, 0, 0, 0, 0, 1, 0, 1, 0, 1, 1, 0], [0, 1, 1, 0, 0, 0, 0, 1, 0, 0, 1, 0, 0, 0, 0, 0, 1, 0, 0, 1, 1, 0, 0, 0, 1], [0, 0, 0, 0, 0, 0, 0, 1, 0, 1, 0, 0, 1, 1, 0, 0, 0, 1, 1, 0, 0, 0, 0, 1, 1], [0, 1, 0, 1, 0, 1, 1, 0, 1, 1, 1, 1, 0, 0, 0, 1, 0, 0, 1, 0, 0, 0, 1, 0, 0], [1, 1, 1, 0, 0, 0, 0, 1, 0, 0, 1, 1, 0, 1, 0, 1, 0, 0, 1, 0, 1, 1, 1, 0, 0], [0, 0, 0, 0, 1, 0, 1, 1, 0, 0, 0, 0, 0, 0, 0, 1, 1, 1, 0, 1, 1, 0, 1, 0, 0], [0, 1, 0, 1, 0, 1, 0, 1, 1, 0, 0, 1, 0, 1, 1, 0, 1, 1, 0, 0, 0, 1, 0, 1, 0], [1, 1, 0, 1, 1, 0, 0, 1, 1, 0, 1, 0, 1, 0, 0, 0, 0, 0, 0, 0, 0, 1, 1, 1, 0], [1, 1, 1, 1, 1, 0, 1, 0, 0, 0, 0, 1, 0, 1, 1, 0, 1, 1, 1, 0, 1, 1, 1, 1, 0], [0, 1, 1, 1, 0, 0, 1, 0, 1, 0, 1, 0, 1, 0, 1, 0, 1, 1, 0, 0, 1, 1, 0, 0, 0], [0, 0, 0, 1, 0, 0, 0, 0, 0, 0, 1, 0, 1, 1, 0, 1, 1, 1, 1, 0, 0, 0, 1, 0, 0], [0, 1, 0, 1, 0, 0, 0, 1, 1, 1, 0, 0, 0, 0, 1, 0, 0, 1, 0, 1, 0, 1, 1, 0, 0], [0, 1, 1, 0, 0, 1, 0, 0, 0, 1, 1, 0, 1, 1, 1, 0, 0, 1, 1, 1, 0, 1, 0, 0, 0], [0, 1, 1, 0, 0, 0, 1, 0, 0, 1, 1, 0, 1, 1, 1, 1, 1, 0, 0, 0, 0, 1, 1, 1, 1], [0, 1, 1, 0, 1, 0, 1, 1, 1, 0, 0, 0, 1, 0, 1, 0, 1, 0, 0, 1, 0, 1, 0, 0, 0], [0, 1, 1, 0, 0, 1, 0, 0, 0, 1, 0, 0, 0, 0, 0, 1, 1, 0, 1, 0, 0, 1, 1, 0, 0], [0, 1, 1, 1, 1, 1, 0, 0, 1, 1, 0, 0, 1, 1, 0, 0, 0, 0, 0, 0, 0, 0, 1, 0, 0], [1, 1, 1, 0, 0, 0, 0, 0, 1, 0, 1, 1, 1, 1, 0, 1, 1, 1, 1, 1, 0, 0, 0, 1, 1], [1, 1, 0, 1, 1, 0, 0, 1, 1, 1, 0, 1, 1, 0, 1, 1, 0, 1, 0, 1, 1, 0, 0, 0, 1], [0, 1, 0, 1, 1, 0, 1, 0, 0, 0, 1, 1, 1, 0, 0, 0, 0, 1, 0, 0, 0, 1, 0, 0, 0], [0, 0, 0, 1, 0, 1, 1, 0, 0, 0, 0, 0, 0, 0, 0, 0, 0, 1, 0, 0, 0, 1, 1, 0, 0]]",20.0,2.0,Y,"{0: 22, 1: 24, 2: 26, 3: 28, 4: 30, 5: 32, 6: 34, 7: 36, 8: 38, 9: 40, 10: 42, 11: 44, 12: 46, 13: 48, 14: 50, 15: 52, 16: 54, 17: 56, 18: 58, 19: 60, 20: 62, 21: 64, 22: 66, 23: 68, 24: 20}",Y,"{0: 22, 1: 24, 2: 26, 3: 28, 4: 30, 5: 32, 6: 34, 7: 36, 8: 38, 9: 40, 10: 42, 11: 44, 12: 46, 13: 48, 14: 50, 15: 52, 16: 54, 17: 56, 18: 58, 19: 60, 20: 62, 21: 64, 22: 66, 23: 68, 24: 20}","{(0, 2): 1, (0, 8): 1, (0, 11): 10, (0, 12): 1, (0, 21): 8, (0, 22): 1, (1, 3): 1, (1, 5): 1, (1, 7): 1, (1, 8): 1, (1, 10): 1, (1, 11): 1, (1, 12): 1, (1, 13): 1, (1, 15): 1, (1, 16): 1, (1, 17): 1, (1, 18): 1, (1, 19): 8, (1, 20): 1, (1, 21): 1, (1, 22): 1, (1, 23): 1, (2, 4): 1, (2, 5): 1, (2, 8): 1, (2, 12): 1, (2, 13): 1, (2, 16): 1, (2, 17): 1, (2, 18): 1, (2, 19): 1, (2, 20): 15, (2, 21): 1, (3, 7): 1, (3, 10): 1, (3, 11): 1, (3, 12): 1, (3, 13): 1, (3, 14): 1, (3, 15): 1, (3, 20): 1, (3, 22): 1, (3, 23): 17, (3, 24): 1, (4, 9): 1, (4, 11): 1, (4, 12): 1, (4, 18): 1, (4, 20): 1, (4, 22): 1, (4, 23): 23, (5, 7): 1, (5, 10): 1, (5, 16): 25, (5, 19): 1, (5, 20): 1, (5, 24): 1, (6, 7): 2, (6, 9): 1, (6, 12): 1, (6, 13): 1, (6, 17): 25, (6, 18): 1, (6, 23): 1, (6, 24): 2, (7, 8): 1, (7, 9): 25, (7, 10): 1, (7, 11): 1, (7, 15): 1, (7, 18): 1, (7, 22): 1, (8, 10): 1, (8, 11): 1, (8, 13): 1, (8, 15): 24, (8, 18): 4, (8, 20): 1, (8, 21): 1, (8, 22): 1, (9, 15): 1, (9, 16): 1, (9, 17): 1, (9, 19): 8, (9, 20): 1, (9, 22): 1, (10, 11): 1, (10, 13): 31, (10, 14): 1, (10, 16): 1, (10, 17): 1, (10, 21): 1, (10, 23): 1, (11, 12): 25, (11, 21): 1, (11, 22): 1, (11, 23): 1, (12, 13): 7, (12, 14): 1, (12, 16): 1, (12, 17): 1, (12, 18): 1, (12, 20): 1, (12, 21): 1, (12, 22): 1, (12, 23): 1, (13, 14): 1, (13, 16): 1, (13, 17): 1, (13, 20): 1, (13, 21): 1, (14, 15): 1, (14, 16): 1, (14, 17): 1, (14, 18): 42, (14, 22): 1, (15, 17): 1, (15, 19): 20, (15, 21): 1, (15, 22): 1, (16, 17): 19, (16, 18): 1, (16, 19): 1, (16, 21): 1, (17, 21): 1, (17, 22): 1, (17, 23): 1, (17, 24): 1, (18, 19): 1, (18, 21): 4, (19, 21): 19, (19, 22): 1, (20, 22): 39, (21, 23): 22, (21, 24): 1, (22, 24): 14}",1332.0446014404297,137.0,25.0,274.0
84.0,Graph with 25 nodes and 142 edges,"[[0, 1, 0, 1, 1, 1, 1, 0, 1, 0, 0, 0, 0, 0, 1, 0, 0, 0, 0, 1, 0, 0, 1, 0, 0], [1, 0, 1, 0, 0, 1, 1, 0, 0, 1, 1, 0, 0, 0, 0, 1, 1, 0, 0, 1, 0, 1, 0, 0, 1], [0, 1, 0, 1, 0, 0, 0, 0, 1, 1, 0, 0, 1, 1, 0, 0, 1, 1, 1, 1, 0, 0, 1, 0, 0], [1, 0, 1, 0, 1, 1, 0, 1, 1, 1, 1, 1, 1, 0, 0, 1, 0, 0, 0, 1, 1, 0, 0, 0, 0], [1, 0, 0, 1, 0, 1, 0, 1, 1, 0, 0, 1, 0, 1, 0, 0, 1, 0, 1, 1, 0, 0, 0, 1, 0], [1, 1, 0, 1, 1, 0, 0, 1, 1, 1, 0, 1, 0, 1, 1, 0, 1, 0, 1, 1, 0, 1, 1, 0, 0], [1, 1, 0, 0, 0, 0, 0, 0, 1, 1, 0, 1, 0, 0, 1, 1, 1, 1, 0, 0, 0, 0, 1, 0, 0], [0, 0, 0, 1, 1, 1, 0, 0, 1, 0, 0, 0, 1, 1, 0, 0, 0, 0, 1, 1, 1, 1, 1, 1, 1], [1, 0, 1, 1, 1, 1, 1, 1, 0, 1, 1, 0, 1, 0, 0, 1, 1, 1, 0, 1, 1, 0, 1, 0, 0], [0, 1, 1, 1, 0, 1, 1, 0, 1, 0, 0, 1, 0, 1, 0, 0, 0, 1, 0, 1, 0, 1, 0, 0, 0], [0, 1, 0, 1, 0, 0, 0, 0, 1, 0, 0, 1, 1, 0, 0, 0, 0, 1, 0, 1, 0, 0, 1, 1, 1], [0, 0, 0, 1, 1, 1, 1, 0, 0, 1, 1, 0, 0, 0, 0, 0, 1, 1, 0, 0, 1, 1, 0, 0, 0], [0, 0, 1, 1, 0, 0, 0, 1, 1, 0, 1, 0, 0, 1, 0, 0, 1, 0, 1, 1, 0, 1, 0, 1, 1], [0, 0, 1, 0, 1, 1, 0, 1, 0, 1, 0, 0, 1, 0, 1, 1, 0, 1, 0, 0, 1, 1, 0, 1, 1], [1, 0, 0, 0, 0, 1, 1, 0, 0, 0, 0, 0, 0, 1, 0, 1, 0, 1, 0, 0, 1, 1, 0, 1, 0], [0, 1, 0, 1, 0, 0, 1, 0, 1, 0, 0, 0, 0, 1, 1, 0, 0, 0, 0, 0, 0, 0, 1, 1, 0], [0, 1, 1, 0, 1, 1, 1, 0, 1, 0, 0, 1, 1, 0, 0, 0, 0, 0, 0, 1, 1, 1, 0, 0, 1], [0, 0, 1, 0, 0, 0, 1, 0, 1, 1, 1, 1, 0, 1, 1, 0, 0, 0, 0, 0, 0, 1, 0, 0, 1], [0, 0, 1, 0, 1, 1, 0, 1, 0, 0, 0, 0, 1, 0, 0, 0, 0, 0, 0, 0, 1, 0, 1, 0, 1], [1, 1, 1, 1, 1, 1, 0, 1, 1, 1, 1, 0, 1, 0, 0, 0, 1, 0, 0, 0, 1, 0, 1, 1, 0], [0, 0, 0, 1, 0, 0, 0, 1, 1, 0, 0, 1, 0, 1, 1, 0, 1, 0, 1, 1, 0, 0, 1, 0, 1], [0, 1, 0, 0, 0, 1, 0, 1, 0, 1, 0, 1, 1, 1, 1, 0, 1, 1, 0, 0, 0, 0, 1, 1, 0], [1, 0, 1, 0, 0, 1, 1, 1, 1, 0, 1, 0, 0, 0, 0, 1, 0, 0, 1, 1, 1, 1, 0, 1, 1], [0, 0, 0, 0, 1, 0, 0, 1, 0, 0, 1, 0, 1, 1, 1, 1, 0, 0, 0, 1, 0, 1, 1, 0, 0], [0, 1, 0, 0, 0, 0, 0, 1, 0, 0, 1, 0, 1, 1, 0, 0, 1, 1, 1, 0, 1, 0, 1, 0, 0]]",10.0,9.0,Y,"{0: 19, 1: 28, 2: 37, 3: 46, 4: 55, 5: 64, 6: 73, 7: 82, 8: 91, 9: 100, 10: 109, 11: 118, 12: 127, 13: 136, 14: 145, 15: 154, 16: 163, 17: 172, 18: 181, 19: 190, 20: 199, 21: 208, 22: 217, 23: 226, 24: 10}",Y,"{0: 19, 1: 28, 2: 37, 3: 46, 4: 55, 5: 64, 6: 73, 7: 82, 8: 91, 9: 100, 10: 109, 11: 118, 12: 127, 13: 136, 14: 145, 15: 154, 16: 163, 17: 172, 18: 181, 19: 190, 20: 199, 21: 208, 22: 217, 23: 226, 24: 10}","{(0, 1): 1, (0, 3): 1, (0, 4): 11, (0, 5): 1, (0, 6): 1, (0, 8): 1, (0, 14): 1, (0, 19): 1, (0, 22): 1, (1, 2): 1, (1, 5): 1, (1, 6): 1, (1, 9): 18, (1, 10): 1, (1, 15): 1, (1, 16): 1, (1, 19): 1, (1, 21): 1, (1, 24): 1, (2, 3): 1, (2, 8): 1, (2, 9): 1, (2, 12): 1, (2, 13): 1, (2, 16): 1, (2, 17): 27, (2, 18): 1, (2, 19): 1, (2, 22): 1, (3, 4): 1, (3, 5): 1, (3, 7): 1, (3, 8): 1, (3, 9): 34, (3, 10): 1, (3, 11): 1, (3, 12): 1, (3, 15): 1, (3, 19): 1, (3, 20): 1, (4, 5): 35, (4, 7): 1, (4, 8): 1, (4, 11): 1, (4, 13): 1, (4, 16): 1, (4, 18): 1, (4, 19): 1, (4, 23): 1, (5, 7): 1, (5, 8): 1, (5, 9): 1, (5, 11): 1, (5, 13): 1, (5, 14): 1, (5, 16): 16, (5, 18): 1, (5, 19): 1, (5, 21): 1, (5, 22): 1, (6, 8): 1, (6, 9): 1, (6, 11): 1, (6, 14): 1, (6, 15): 45, (6, 16): 1, (6, 17): 20, (6, 22): 1, (7, 8): 42, (7, 12): 1, (7, 13): 29, (7, 18): 1, (7, 19): 1, (7, 20): 1, (7, 21): 1, (7, 22): 1, (7, 23): 1, (7, 24): 1, (8, 9): 1, (8, 10): 1, (8, 12): 1, (8, 15): 7, (8, 16): 29, (8, 17): 1, (8, 19): 1, (8, 20): 1, (8, 22): 1, (9, 11): 1, (9, 13): 1, (9, 17): 40, (9, 19): 1, (9, 21): 1, (10, 11): 1, (10, 12): 1, (10, 17): 1, (10, 19): 1, (10, 22): 1, (10, 23): 100, (10, 24): 1, (11, 16): 109, (11, 17): 1, (11, 20): 1, (11, 21): 1, (12, 13): 69, (12, 16): 1, (12, 18): 48, (12, 19): 1, (12, 21): 1, (12, 23): 1, (12, 24): 1, (13, 14): 9, (13, 15): 20, (13, 17): 1, (13, 20): 1, (13, 21): 1, (13, 23): 1, (13, 24): 1, (14, 15): 1, (14, 17): 1, (14, 20): 71, (14, 21): 59, (14, 23): 1, (15, 22): 78, (15, 23): 1, (16, 19): 1, (16, 20): 1, (16, 21): 1, (16, 24): 1, (17, 21): 79, (17, 24): 1, (18, 20): 1, (18, 22): 127, (18, 24): 1, (19, 20): 119, (19, 22): 1, (19, 23): 58, (20, 22): 1, (20, 24): 1, (21, 22): 1, (21, 23): 61, (22, 23): 1, (22, 24): 1}",44.10743713378906,142.0,25.0,284.0
84.0,Graph with 25 nodes and 142 edges,"[[0, 1, 0, 1, 1, 1, 1, 0, 1, 0, 0, 0, 0, 0, 1, 0, 0, 0, 0, 1, 0, 0, 1, 0, 0], [1, 0, 1, 0, 0, 1, 1, 0, 0, 1, 1, 0, 0, 0, 0, 1, 1, 0, 0, 1, 0, 1, 0, 0, 1], [0, 1, 0, 1, 0, 0, 0, 0, 1, 1, 0, 0, 1, 1, 0, 0, 1, 1, 1, 1, 0, 0, 1, 0, 0], [1, 0, 1, 0, 1, 1, 0, 1, 1, 1, 1, 1, 1, 0, 0, 1, 0, 0, 0, 1, 1, 0, 0, 0, 0], [1, 0, 0, 1, 0, 1, 0, 1, 1, 0, 0, 1, 0, 1, 0, 0, 1, 0, 1, 1, 0, 0, 0, 1, 0], [1, 1, 0, 1, 1, 0, 0, 1, 1, 1, 0, 1, 0, 1, 1, 0, 1, 0, 1, 1, 0, 1, 1, 0, 0], [1, 1, 0, 0, 0, 0, 0, 0, 1, 1, 0, 1, 0, 0, 1, 1, 1, 1, 0, 0, 0, 0, 1, 0, 0], [0, 0, 0, 1, 1, 1, 0, 0, 1, 0, 0, 0, 1, 1, 0, 0, 0, 0, 1, 1, 1, 1, 1, 1, 1], [1, 0, 1, 1, 1, 1, 1, 1, 0, 1, 1, 0, 1, 0, 0, 1, 1, 1, 0, 1, 1, 0, 1, 0, 0], [0, 1, 1, 1, 0, 1, 1, 0, 1, 0, 0, 1, 0, 1, 0, 0, 0, 1, 0, 1, 0, 1, 0, 0, 0], [0, 1, 0, 1, 0, 0, 0, 0, 1, 0, 0, 1, 1, 0, 0, 0, 0, 1, 0, 1, 0, 0, 1, 1, 1], [0, 0, 0, 1, 1, 1, 1, 0, 0, 1, 1, 0, 0, 0, 0, 0, 1, 1, 0, 0, 1, 1, 0, 0, 0], [0, 0, 1, 1, 0, 0, 0, 1, 1, 0, 1, 0, 0, 1, 0, 0, 1, 0, 1, 1, 0, 1, 0, 1, 1], [0, 0, 1, 0, 1, 1, 0, 1, 0, 1, 0, 0, 1, 0, 1, 1, 0, 1, 0, 0, 1, 1, 0, 1, 1], [1, 0, 0, 0, 0, 1, 1, 0, 0, 0, 0, 0, 0, 1, 0, 1, 0, 1, 0, 0, 1, 1, 0, 1, 0], [0, 1, 0, 1, 0, 0, 1, 0, 1, 0, 0, 0, 0, 1, 1, 0, 0, 0, 0, 0, 0, 0, 1, 1, 0], [0, 1, 1, 0, 1, 1, 1, 0, 1, 0, 0, 1, 1, 0, 0, 0, 0, 0, 0, 1, 1, 1, 0, 0, 1], [0, 0, 1, 0, 0, 0, 1, 0, 1, 1, 1, 1, 0, 1, 1, 0, 0, 0, 0, 0, 0, 1, 0, 0, 1], [0, 0, 1, 0, 1, 1, 0, 1, 0, 0, 0, 0, 1, 0, 0, 0, 0, 0, 0, 0, 1, 0, 1, 0, 1], [1, 1, 1, 1, 1, 1, 0, 1, 1, 1, 1, 0, 1, 0, 0, 0, 1, 0, 0, 0, 1, 0, 1, 1, 0], [0, 0, 0, 1, 0, 0, 0, 1, 1, 0, 0, 1, 0, 1, 1, 0, 1, 0, 1, 1, 0, 0, 1, 0, 1], [0, 1, 0, 0, 0, 1, 0, 1, 0, 1, 0, 1, 1, 1, 1, 0, 1, 1, 0, 0, 0, 0, 1, 1, 0], [1, 0, 1, 0, 0, 1, 1, 1, 1, 0, 1, 0, 0, 0, 0, 1, 0, 0, 1, 1, 1, 1, 0, 1, 1], [0, 0, 0, 0, 1, 0, 0, 1, 0, 0, 1, 0, 1, 1, 1, 1, 0, 0, 0, 1, 0, 1, 1, 0, 0], [0, 1, 0, 0, 0, 0, 0, 1, 0, 0, 1, 0, 1, 1, 0, 0, 1, 1, 1, 0, 1, 0, 1, 0, 0]]",12.0,2.0,Y,"{0: 14, 1: 16, 2: 18, 3: 20, 4: 22, 5: 24, 6: 26, 7: 28, 8: 30, 9: 32, 10: 34, 11: 36, 12: 38, 13: 40, 14: 42, 15: 44, 16: 46, 17: 48, 18: 50, 19: 52, 20: 54, 21: 56, 22: 58, 23: 60, 24: 12}",Y,"{0: 14, 1: 16, 2: 18, 3: 20, 4: 22, 5: 24, 6: 26, 7: 28, 8: 30, 9: 32, 10: 34, 11: 36, 12: 38, 13: 40, 14: 42, 15: 44, 16: 46, 17: 48, 18: 50, 19: 52, 20: 54, 21: 56, 22: 58, 23: 60, 24: 12}","{(0, 1): 1, (0, 3): 1, (0, 4): 1, (0, 5): 1, (0, 6): 6, (0, 8): 1, (0, 14): 1, (0, 19): 1, (0, 22): 1, (1, 2): 1, (1, 5): 1, (1, 6): 1, (1, 9): 3, (1, 10): 1, (1, 15): 1, (1, 16): 4, (1, 19): 1, (1, 21): 1, (1, 24): 1, (2, 3): 1, (2, 8): 1, (2, 9): 1, (2, 12): 1, (2, 13): 1, (2, 16): 4, (2, 17): 1, (2, 18): 2, (2, 19): 4, (2, 22): 1, (3, 4): 1, (3, 5): 1, (3, 7): 1, (3, 8): 1, (3, 9): 1, (3, 10): 1, (3, 11): 1, (3, 12): 1, (3, 15): 8, (3, 19): 1, (3, 20): 1, (4, 5): 1, (4, 7): 1, (4, 8): 7, (4, 11): 1, (4, 13): 1, (4, 16): 3, (4, 18): 4, (4, 19): 1, (4, 23): 1, (5, 7): 5, (5, 8): 3, (5, 9): 1, (5, 11): 1, (5, 13): 1, (5, 14): 1, (5, 16): 1, (5, 18): 1, (5, 19): 1, (5, 21): 4, (5, 22): 1, (6, 8): 2, (6, 9): 1, (6, 11): 1, (6, 14): 1, (6, 15): 1, (6, 16): 11, (6, 17): 1, (6, 22): 1, (7, 8): 1, (7, 12): 1, (7, 13): 1, (7, 18): 4, (7, 19): 1, (7, 20): 1, (7, 21): 1, (7, 22): 1, (7, 23): 9, (7, 24): 1, (8, 9): 4, (8, 10): 1, (8, 12): 1, (8, 15): 3, (8, 16): 1, (8, 17): 1, (8, 19): 1, (8, 20): 1, (8, 22): 1, (9, 11): 10, (9, 13): 4, (9, 17): 1, (9, 19): 2, (9, 21): 4, (10, 11): 1, (10, 12): 1, (10, 17): 1, (10, 19): 17, (10, 22): 1, (10, 23): 9, (10, 24): 1, (11, 16): 3, (11, 17): 16, (11, 20): 1, (11, 21): 1, (12, 13): 1, (12, 16): 1, (12, 18): 27, (12, 19): 1, (12, 21): 1, (12, 23): 1, (12, 24): 1, (13, 14): 1, (13, 15): 6, (13, 17): 1, (13, 20): 1, (13, 21): 1, (13, 23): 20, (13, 24): 1, (14, 15): 1, (14, 17): 9, (14, 20): 1, (14, 21): 26, (14, 23): 1, (15, 22): 8, (15, 23): 16, (16, 19): 15, (16, 20): 1, (16, 21): 1, (16, 24): 1, (17, 21): 14, (17, 24): 3, (18, 20): 7, (18, 22): 4, (18, 24): 1, (19, 20): 4, (19, 22): 1, (19, 23): 1, (20, 22): 35, (20, 24): 1, (21, 22): 1, (21, 23): 1, (22, 23): 1, (22, 24): 1}",78.2012939453125,142.0,25.0,284.0
85.0,Graph with 25 nodes and 142 edges,"[[0, 1, 0, 1, 1, 0, 0, 0, 1, 0, 0, 0, 1, 0, 1, 1, 0, 0, 0, 0, 0, 1, 1, 0, 0], [1, 0, 0, 0, 1, 1, 1, 0, 1, 0, 1, 1, 1, 0, 0, 0, 1, 1, 0, 1, 1, 1, 0, 1, 0], [0, 0, 0, 1, 1, 0, 1, 0, 1, 1, 1, 0, 1, 1, 1, 0, 0, 0, 1, 0, 0, 1, 0, 1, 1], [1, 0, 1, 0, 0, 0, 0, 1, 0, 0, 0, 1, 1, 0, 1, 1, 0, 1, 1, 0, 0, 1, 0, 1, 0], [1, 1, 1, 0, 0, 0, 1, 0, 1, 1, 0, 0, 0, 0, 1, 0, 0, 0, 1, 0, 0, 0, 1, 0, 1], [0, 1, 0, 0, 0, 0, 0, 0, 1, 1, 0, 1, 0, 1, 1, 1, 1, 0, 0, 0, 0, 1, 0, 0, 1], [0, 1, 1, 0, 1, 0, 0, 1, 1, 0, 0, 1, 0, 0, 1, 0, 0, 1, 1, 0, 1, 0, 1, 1, 0], [0, 0, 0, 1, 0, 0, 1, 0, 0, 1, 0, 0, 1, 0, 1, 0, 0, 1, 1, 1, 0, 1, 0, 0, 1], [1, 1, 1, 0, 1, 1, 1, 0, 0, 1, 1, 0, 1, 0, 1, 0, 0, 1, 0, 1, 0, 0, 1, 1, 1], [0, 0, 1, 0, 1, 1, 0, 1, 1, 0, 0, 0, 1, 1, 0, 1, 0, 0, 1, 0, 0, 1, 1, 1, 1], [0, 1, 1, 0, 0, 0, 0, 0, 1, 0, 0, 0, 0, 1, 0, 0, 1, 1, 0, 0, 0, 1, 0, 1, 0], [0, 1, 0, 1, 0, 1, 1, 0, 0, 0, 0, 0, 0, 1, 1, 1, 0, 1, 1, 0, 0, 0, 1, 1, 1], [1, 1, 1, 1, 0, 0, 0, 1, 1, 1, 0, 0, 0, 1, 1, 1, 0, 1, 1, 0, 1, 0, 1, 1, 0], [0, 0, 1, 0, 0, 1, 0, 0, 0, 1, 1, 1, 1, 0, 0, 1, 0, 0, 0, 1, 1, 0, 0, 1, 0], [1, 0, 1, 1, 1, 1, 1, 1, 1, 0, 0, 1, 1, 0, 0, 1, 0, 1, 1, 0, 0, 1, 0, 0, 1], [1, 0, 0, 1, 0, 1, 0, 0, 0, 1, 0, 1, 1, 1, 1, 0, 0, 1, 0, 0, 1, 0, 0, 1, 0], [0, 1, 0, 0, 0, 1, 0, 0, 0, 0, 1, 0, 0, 0, 0, 0, 0, 1, 0, 1, 0, 0, 0, 1, 1], [0, 1, 0, 1, 0, 0, 1, 1, 1, 0, 1, 1, 1, 0, 1, 1, 1, 0, 0, 1, 0, 0, 1, 1, 0], [0, 0, 1, 1, 1, 0, 1, 1, 0, 1, 0, 1, 1, 0, 1, 0, 0, 0, 0, 0, 0, 0, 0, 1, 0], [0, 1, 0, 0, 0, 0, 0, 1, 1, 0, 0, 0, 0, 1, 0, 0, 1, 1, 0, 0, 1, 1, 0, 1, 1], [0, 1, 0, 0, 0, 0, 1, 0, 0, 0, 0, 0, 1, 1, 0, 1, 0, 0, 0, 1, 0, 0, 1, 0, 0], [1, 1, 1, 1, 0, 1, 0, 1, 0, 1, 1, 0, 0, 0, 1, 0, 0, 0, 0, 1, 0, 0, 1, 0, 1], [1, 0, 0, 0, 1, 0, 1, 0, 1, 1, 0, 1, 1, 0, 0, 0, 0, 1, 0, 0, 1, 1, 0, 0, 0], [0, 1, 1, 1, 0, 0, 1, 0, 1, 1, 1, 1, 1, 1, 0, 1, 1, 1, 1, 1, 0, 0, 0, 0, 0], [0, 0, 1, 0, 1, 1, 0, 1, 1, 1, 0, 1, 0, 0, 1, 0, 1, 0, 0, 1, 0, 1, 0, 0, 0]]",28.0,6.0,Y,"{0: 34, 1: 40, 2: 46, 3: 52, 4: 58, 5: 64, 6: 70, 7: 76, 8: 82, 9: 88, 10: 94, 11: 100, 12: 106, 13: 112, 14: 118, 15: 124, 16: 130, 17: 136, 18: 142, 19: 148, 20: 154, 21: 160, 22: 166, 23: 172, 24: 28}",Y,"{0: 34, 1: 40, 2: 46, 3: 52, 4: 58, 5: 64, 6: 70, 7: 76, 8: 82, 9: 88, 10: 94, 11: 100, 12: 106, 13: 112, 14: 118, 15: 124, 16: 130, 17: 136, 18: 142, 19: 148, 20: 154, 21: 160, 22: 166, 23: 172, 24: 28}","{(0, 1): 1, (0, 3): 1, (0, 4): 1, (0, 8): 1, (0, 12): 1, (0, 14): 1, (0, 15): 1, (0, 21): 26, (0, 22): 1, (1, 4): 1, (1, 5): 1, (1, 6): 1, (1, 8): 1, (1, 10): 1, (1, 11): 1, (1, 12): 1, (1, 16): 1, (1, 17): 1, (1, 19): 1, (1, 20): 1, (1, 21): 27, (1, 23): 1, (2, 3): 1, (2, 4): 1, (2, 6): 1, (2, 8): 1, (2, 9): 1, (2, 10): 1, (2, 12): 1, (2, 13): 1, (2, 14): 1, (2, 18): 34, (2, 21): 1, (2, 23): 1, (2, 24): 1, (3, 7): 1, (3, 11): 1, (3, 12): 1, (3, 14): 1, (3, 15): 1, (3, 17): 1, (3, 18): 42, (3, 21): 1, (3, 23): 1, (4, 6): 1, (4, 8): 1, (4, 9): 1, (4, 14): 1, (4, 18): 1, (4, 22): 49, (4, 24): 1, (5, 8): 1, (5, 9): 1, (5, 11): 1, (5, 13): 55, (5, 14): 1, (5, 15): 1, (5, 16): 1, (5, 21): 1, (5, 24): 1, (6, 7): 1, (6, 8): 1, (6, 11): 1, (6, 14): 1, (6, 17): 1, (6, 18): 1, (6, 20): 59, (6, 22): 1, (6, 23): 1, (7, 9): 4, (7, 12): 47, (7, 14): 1, (7, 17): 1, (7, 18): 1, (7, 19): 1, (7, 21): 1, (7, 24): 18, (8, 9): 1, (8, 10): 1, (8, 12): 1, (8, 14): 10, (8, 17): 29, (8, 19): 20, (8, 22): 12, (8, 23): 1, (8, 24): 1, (9, 12): 1, (9, 13): 1, (9, 15): 73, (9, 18): 1, (9, 21): 1, (9, 22): 1, (9, 23): 1, (9, 24): 1, (10, 13): 1, (10, 16): 5, (10, 17): 1, (10, 21): 1, (10, 23): 83, (11, 13): 1, (11, 14): 1, (11, 15): 1, (11, 17): 1, (11, 18): 59, (11, 22): 1, (11, 23): 31, (11, 24): 1, (12, 13): 1, (12, 14): 1, (12, 15): 1, (12, 17): 1, (12, 18): 1, (12, 20): 1, (12, 22): 1, (12, 23): 46, (13, 15): 1, (13, 19): 1, (13, 20): 49, (13, 23): 1, (14, 15): 1, (14, 17): 95, (14, 18): 1, (14, 21): 1, (14, 24): 1, (15, 17): 1, (15, 20): 42, (15, 23): 1, (16, 17): 1, (16, 19): 120, (16, 23): 1, (16, 24): 1, (17, 19): 1, (17, 22): 1, (17, 23): 1, (18, 23): 1, (19, 20): 1, (19, 21): 1, (19, 23): 1, (19, 24): 1, (20, 22): 1, (21, 22): 98, (21, 24): 1}",1188.9934539794922,142.0,25.0,284.0
85.0,Graph with 25 nodes and 142 edges,"[[0, 1, 0, 1, 1, 0, 0, 0, 1, 0, 0, 0, 1, 0, 1, 1, 0, 0, 0, 0, 0, 1, 1, 0, 0], [1, 0, 0, 0, 1, 1, 1, 0, 1, 0, 1, 1, 1, 0, 0, 0, 1, 1, 0, 1, 1, 1, 0, 1, 0], [0, 0, 0, 1, 1, 0, 1, 0, 1, 1, 1, 0, 1, 1, 1, 0, 0, 0, 1, 0, 0, 1, 0, 1, 1], [1, 0, 1, 0, 0, 0, 0, 1, 0, 0, 0, 1, 1, 0, 1, 1, 0, 1, 1, 0, 0, 1, 0, 1, 0], [1, 1, 1, 0, 0, 0, 1, 0, 1, 1, 0, 0, 0, 0, 1, 0, 0, 0, 1, 0, 0, 0, 1, 0, 1], [0, 1, 0, 0, 0, 0, 0, 0, 1, 1, 0, 1, 0, 1, 1, 1, 1, 0, 0, 0, 0, 1, 0, 0, 1], [0, 1, 1, 0, 1, 0, 0, 1, 1, 0, 0, 1, 0, 0, 1, 0, 0, 1, 1, 0, 1, 0, 1, 1, 0], [0, 0, 0, 1, 0, 0, 1, 0, 0, 1, 0, 0, 1, 0, 1, 0, 0, 1, 1, 1, 0, 1, 0, 0, 1], [1, 1, 1, 0, 1, 1, 1, 0, 0, 1, 1, 0, 1, 0, 1, 0, 0, 1, 0, 1, 0, 0, 1, 1, 1], [0, 0, 1, 0, 1, 1, 0, 1, 1, 0, 0, 0, 1, 1, 0, 1, 0, 0, 1, 0, 0, 1, 1, 1, 1], [0, 1, 1, 0, 0, 0, 0, 0, 1, 0, 0, 0, 0, 1, 0, 0, 1, 1, 0, 0, 0, 1, 0, 1, 0], [0, 1, 0, 1, 0, 1, 1, 0, 0, 0, 0, 0, 0, 1, 1, 1, 0, 1, 1, 0, 0, 0, 1, 1, 1], [1, 1, 1, 1, 0, 0, 0, 1, 1, 1, 0, 0, 0, 1, 1, 1, 0, 1, 1, 0, 1, 0, 1, 1, 0], [0, 0, 1, 0, 0, 1, 0, 0, 0, 1, 1, 1, 1, 0, 0, 1, 0, 0, 0, 1, 1, 0, 0, 1, 0], [1, 0, 1, 1, 1, 1, 1, 1, 1, 0, 0, 1, 1, 0, 0, 1, 0, 1, 1, 0, 0, 1, 0, 0, 1], [1, 0, 0, 1, 0, 1, 0, 0, 0, 1, 0, 1, 1, 1, 1, 0, 0, 1, 0, 0, 1, 0, 0, 1, 0], [0, 1, 0, 0, 0, 1, 0, 0, 0, 0, 1, 0, 0, 0, 0, 0, 0, 1, 0, 1, 0, 0, 0, 1, 1], [0, 1, 0, 1, 0, 0, 1, 1, 1, 0, 1, 1, 1, 0, 1, 1, 1, 0, 0, 1, 0, 0, 1, 1, 0], [0, 0, 1, 1, 1, 0, 1, 1, 0, 1, 0, 1, 1, 0, 1, 0, 0, 0, 0, 0, 0, 0, 0, 1, 0], [0, 1, 0, 0, 0, 0, 0, 1, 1, 0, 0, 0, 0, 1, 0, 0, 1, 1, 0, 0, 1, 1, 0, 1, 1], [0, 1, 0, 0, 0, 0, 1, 0, 0, 0, 0, 0, 1, 1, 0, 1, 0, 0, 0, 1, 0, 0, 1, 0, 0], [1, 1, 1, 1, 0, 1, 0, 1, 0, 1, 1, 0, 0, 0, 1, 0, 0, 0, 0, 1, 0, 0, 1, 0, 1], [1, 0, 0, 0, 1, 0, 1, 0, 1, 1, 0, 1, 1, 0, 0, 0, 0, 1, 0, 0, 1, 1, 0, 0, 0], [0, 1, 1, 1, 0, 0, 1, 0, 1, 1, 1, 1, 1, 1, 0, 1, 1, 1, 1, 1, 0, 0, 0, 0, 0], [0, 0, 1, 0, 1, 1, 0, 1, 1, 1, 0, 1, 0, 0, 1, 0, 1, 0, 0, 1, 0, 1, 0, 0, 0]]",28.0,7.0,Y,"{0: 35, 1: 42, 2: 49, 3: 56, 4: 63, 5: 70, 6: 77, 7: 84, 8: 91, 9: 98, 10: 105, 11: 112, 12: 119, 13: 126, 14: 133, 15: 140, 16: 147, 17: 154, 18: 161, 19: 168, 20: 175, 21: 182, 22: 189, 23: 196, 24: 28}",Y,"{0: 35, 1: 42, 2: 49, 3: 56, 4: 63, 5: 70, 6: 77, 7: 84, 8: 91, 9: 98, 10: 105, 11: 112, 12: 119, 13: 126, 14: 133, 15: 140, 16: 147, 17: 154, 18: 161, 19: 168, 20: 175, 21: 182, 22: 189, 23: 196, 24: 28}","{(0, 1): 1, (0, 3): 1, (0, 4): 1, (0, 8): 1, (0, 12): 1, (0, 14): 1, (0, 15): 1, (0, 21): 27, (0, 22): 1, (1, 4): 1, (1, 5): 1, (1, 6): 1, (1, 8): 1, (1, 10): 1, (1, 11): 1, (1, 12): 1, (1, 16): 1, (1, 17): 1, (1, 19): 1, (1, 20): 1, (1, 21): 29, (1, 23): 1, (2, 3): 1, (2, 4): 1, (2, 6): 1, (2, 8): 1, (2, 9): 1, (2, 10): 1, (2, 12): 1, (2, 13): 1, (2, 14): 1, (2, 18): 37, (2, 21): 1, (2, 23): 1, (2, 24): 1, (3, 7): 1, (3, 11): 1, (3, 12): 1, (3, 14): 1, (3, 15): 1, (3, 17): 1, (3, 18): 46, (3, 21): 1, (3, 23): 1, (4, 6): 1, (4, 8): 1, (4, 9): 1, (4, 14): 1, (4, 18): 1, (4, 22): 54, (4, 24): 1, (5, 8): 1, (5, 9): 1, (5, 11): 1, (5, 13): 61, (5, 14): 1, (5, 15): 1, (5, 16): 1, (5, 21): 1, (5, 24): 1, (6, 7): 1, (6, 8): 1, (6, 11): 1, (6, 14): 1, (6, 17): 1, (6, 18): 1, (6, 20): 66, (6, 22): 1, (6, 23): 1, (7, 9): 4, (7, 12): 53, (7, 14): 1, (7, 17): 1, (7, 18): 3, (7, 19): 1, (7, 21): 1, (7, 24): 18, (8, 9): 1, (8, 10): 1, (8, 12): 1, (8, 14): 14, (8, 17): 36, (8, 19): 19, (8, 22): 11, (8, 23): 1, (8, 24): 1, (9, 12): 1, (9, 13): 1, (9, 15): 83, (9, 18): 1, (9, 21): 1, (9, 22): 1, (9, 23): 1, (9, 24): 1, (10, 13): 1, (10, 16): 1, (10, 17): 1, (10, 21): 1, (10, 23): 98, (11, 13): 1, (11, 14): 1, (11, 15): 1, (11, 17): 1, (11, 18): 69, (11, 22): 1, (11, 23): 33, (11, 24): 1, (12, 13): 1, (12, 14): 1, (12, 15): 1, (12, 17): 1, (12, 18): 1, (12, 20): 1, (12, 22): 1, (12, 23): 53, (13, 15): 1, (13, 19): 1, (13, 20): 57, (13, 23): 1, (14, 15): 1, (14, 17): 106, (14, 18): 1, (14, 21): 1, (14, 24): 1, (15, 17): 1, (15, 20): 48, (15, 23): 1, (16, 17): 1, (16, 19): 141, (16, 23): 1, (16, 24): 1, (17, 19): 1, (17, 22): 1, (17, 23): 1, (18, 23): 1, (19, 20): 1, (19, 21): 1, (19, 23): 1, (19, 24): 1, (20, 22): 1, (21, 22): 117, (21, 24): 1}",1292.9439544677734,142.0,25.0,284.0
86.0,Graph with 25 nodes and 138 edges,"[[0, 0, 0, 0, 0, 1, 0, 1, 0, 1, 0, 1, 1, 1, 1, 0, 0, 0, 1, 1, 0, 0, 1, 0, 0], [0, 0, 0, 1, 0, 0, 0, 0, 0, 1, 0, 0, 1, 1, 0, 0, 0, 1, 1, 0, 0, 0, 1, 1, 1], [0, 0, 0, 0, 1, 1, 1, 1, 1, 1, 0, 0, 1, 0, 1, 0, 1, 1, 1, 0, 1, 0, 0, 0, 1], [0, 1, 0, 0, 1, 1, 1, 0, 0, 0, 0, 0, 1, 0, 0, 1, 1, 0, 1, 1, 1, 0, 0, 1, 1], [0, 0, 1, 1, 0, 0, 1, 1, 1, 0, 1, 1, 1, 1, 1, 1, 1, 1, 1, 0, 0, 0, 0, 1, 1], [1, 0, 1, 1, 0, 0, 0, 0, 1, 0, 0, 1, 1, 1, 1, 1, 1, 0, 0, 0, 0, 0, 0, 1, 1], [0, 0, 1, 1, 1, 0, 0, 0, 0, 0, 0, 0, 1, 0, 1, 1, 1, 0, 1, 0, 0, 0, 0, 0, 1], [1, 0, 1, 0, 1, 0, 0, 0, 1, 1, 0, 0, 0, 0, 1, 0, 1, 1, 1, 0, 1, 1, 1, 0, 0], [0, 0, 1, 0, 1, 1, 0, 1, 0, 1, 1, 0, 0, 1, 1, 1, 0, 1, 0, 1, 1, 0, 1, 0, 0], [1, 1, 1, 0, 0, 0, 0, 1, 1, 0, 0, 1, 1, 0, 1, 0, 1, 1, 0, 1, 0, 0, 0, 0, 1], [0, 0, 0, 0, 1, 0, 0, 0, 1, 0, 0, 0, 0, 0, 1, 1, 0, 0, 1, 0, 0, 0, 0, 1, 0], [1, 0, 0, 0, 1, 1, 0, 0, 0, 1, 0, 0, 0, 1, 1, 1, 0, 0, 0, 0, 0, 0, 0, 1, 1], [1, 1, 1, 1, 1, 1, 1, 0, 0, 1, 0, 0, 0, 0, 1, 0, 0, 1, 1, 0, 0, 1, 1, 1, 1], [1, 1, 0, 0, 1, 1, 0, 0, 1, 0, 0, 1, 0, 0, 1, 0, 1, 0, 0, 0, 1, 1, 0, 1, 1], [1, 0, 1, 0, 1, 1, 1, 1, 1, 1, 1, 1, 1, 1, 0, 1, 0, 1, 0, 1, 1, 0, 0, 1, 0], [0, 0, 0, 1, 1, 1, 1, 0, 1, 0, 1, 1, 0, 0, 1, 0, 1, 1, 0, 0, 0, 1, 1, 0, 1], [0, 0, 1, 1, 1, 1, 1, 1, 0, 1, 0, 0, 0, 1, 0, 1, 0, 0, 0, 1, 0, 0, 0, 0, 1], [0, 1, 1, 0, 1, 0, 0, 1, 1, 1, 0, 0, 1, 0, 1, 1, 0, 0, 0, 0, 0, 0, 0, 0, 1], [1, 1, 1, 1, 1, 0, 1, 1, 0, 0, 1, 0, 1, 0, 0, 0, 0, 0, 0, 0, 0, 0, 1, 0, 0], [1, 0, 0, 1, 0, 0, 0, 0, 1, 1, 0, 0, 0, 0, 1, 0, 1, 0, 0, 0, 0, 0, 1, 0, 1], [0, 0, 1, 1, 0, 0, 0, 1, 1, 0, 0, 0, 0, 1, 1, 0, 0, 0, 0, 0, 0, 0, 1, 1, 0], [0, 0, 0, 0, 0, 0, 0, 1, 0, 0, 0, 0, 1, 1, 0, 1, 0, 0, 0, 0, 0, 0, 0, 0, 0], [1, 1, 0, 0, 0, 0, 0, 1, 1, 0, 0, 0, 1, 0, 0, 1, 0, 0, 1, 1, 1, 0, 0, 1, 0], [0, 1, 0, 1, 1, 1, 0, 0, 0, 0, 1, 1, 1, 1, 1, 0, 0, 0, 0, 0, 1, 0, 1, 0, 0], [0, 1, 1, 1, 1, 1, 1, 0, 0, 1, 0, 1, 1, 1, 0, 1, 1, 1, 0, 1, 0, 0, 0, 0, 0]]",8.0,7.0,Y,"{0: 22, 1: 29, 2: 36, 3: 43, 4: 50, 5: 57, 6: 64, 7: 71, 8: 78, 9: 85, 10: 15, 11: 92, 12: 99, 13: 106, 14: 113, 15: 120, 16: 127, 17: 134, 18: 141, 19: 148, 20: 155, 21: 8, 22: 162, 23: 169, 24: 176}",Y,"{0: 22, 1: 29, 2: 36, 3: 43, 4: 50, 5: 57, 6: 64, 7: 71, 8: 78, 9: 85, 10: 15, 11: 92, 12: 99, 13: 106, 14: 113, 15: 120, 16: 127, 17: 134, 18: 141, 19: 148, 20: 155, 21: 8, 22: 162, 23: 169, 24: 176}","{(0, 5): 1, (0, 7): 1, (0, 9): 1, (0, 11): 1, (0, 12): 1, (0, 13): 1, (0, 14): 1, (0, 18): 1, (0, 19): 1, (0, 22): 13, (1, 3): 1, (1, 9): 1, (1, 12): 1, (1, 13): 1, (1, 17): 14, (1, 18): 8, (1, 22): 1, (1, 23): 1, (1, 24): 1, (2, 4): 1, (2, 5): 24, (2, 6): 1, (2, 7): 1, (2, 8): 1, (2, 9): 1, (2, 12): 1, (2, 14): 1, (2, 16): 1, (2, 17): 1, (2, 18): 1, (2, 20): 1, (2, 24): 1, (3, 4): 1, (3, 5): 1, (3, 6): 1, (3, 12): 1, (3, 15): 1, (3, 16): 1, (3, 18): 1, (3, 19): 32, (3, 20): 1, (3, 23): 1, (3, 24): 1, (4, 6): 1, (4, 7): 1, (4, 8): 1, (4, 10): 1, (4, 11): 5, (4, 12): 1, (4, 13): 1, (4, 14): 1, (4, 15): 1, (4, 16): 12, (4, 17): 1, (4, 18): 15, (4, 23): 6, (4, 24): 1, (5, 8): 1, (5, 11): 1, (5, 12): 1, (5, 13): 1, (5, 14): 16, (5, 15): 1, (5, 16): 1, (5, 23): 8, (5, 24): 1, (6, 12): 1, (6, 14): 5, (6, 15): 1, (6, 16): 18, (6, 18): 35, (6, 24): 1, (7, 8): 1, (7, 9): 1, (7, 14): 1, (7, 16): 56, (7, 17): 1, (7, 18): 1, (7, 20): 1, (7, 21): 5, (7, 22): 1, (8, 9): 11, (8, 10): 1, (8, 13): 1, (8, 14): 1, (8, 15): 1, (8, 17): 1, (8, 19): 19, (8, 20): 38, (8, 22): 1, (9, 11): 50, (9, 12): 1, (9, 14): 1, (9, 16): 11, (9, 17): 5, (9, 19): 1, (9, 24): 1, (10, 14): 1, (10, 15): 1, (10, 18): 10, (10, 23): 1, (11, 13): 1, (11, 14): 31, (11, 15): 1, (11, 23): 1, (11, 24): 1, (12, 14): 1, (12, 17): 1, (12, 18): 1, (12, 21): 1, (12, 22): 1, (12, 23): 85, (12, 24): 1, (13, 14): 1, (13, 16): 1, (13, 20): 1, (13, 21): 1, (13, 23): 1, (13, 24): 95, (14, 15): 1, (14, 17): 1, (14, 19): 1, (14, 20): 48, (14, 23): 1, (15, 16): 1, (15, 17): 108, (15, 21): 1, (15, 22): 1, (15, 24): 1, (16, 19): 24, (16, 24): 1, (17, 24): 1, (18, 22): 68, (19, 22): 1, (19, 24): 69, (20, 22): 38, (20, 23): 27, (22, 23): 37}",50.067901611328125,138.0,25.0,276.0
87.0,Graph with 25 nodes and 144 edges,"[[0, 0, 1, 0, 0, 0, 1, 1, 1, 1, 1, 1, 0, 0, 0, 1, 0, 1, 0, 0, 1, 1, 0, 1, 0], [0, 0, 0, 1, 0, 0, 1, 1, 0, 0, 1, 1, 1, 0, 1, 1, 1, 1, 1, 1, 0, 1, 1, 1, 0], [1, 0, 0, 0, 1, 0, 0, 1, 1, 1, 1, 1, 0, 1, 0, 0, 1, 1, 1, 1, 1, 1, 1, 0, 0], [0, 1, 0, 0, 1, 0, 1, 1, 1, 0, 1, 0, 0, 0, 1, 0, 1, 0, 0, 1, 0, 1, 0, 0, 0], [0, 0, 1, 1, 0, 1, 1, 0, 0, 0, 0, 1, 1, 1, 0, 0, 0, 0, 0, 1, 0, 1, 0, 0, 0], [0, 0, 0, 0, 1, 0, 1, 0, 1, 1, 1, 1, 0, 1, 1, 1, 0, 0, 1, 0, 1, 1, 0, 1, 1], [1, 1, 0, 1, 1, 1, 0, 0, 0, 0, 1, 1, 0, 0, 0, 0, 0, 0, 0, 0, 1, 0, 1, 1, 1], [1, 1, 1, 1, 0, 0, 0, 0, 0, 1, 1, 1, 0, 0, 0, 1, 0, 1, 0, 1, 1, 1, 0, 0, 0], [1, 0, 1, 1, 0, 1, 0, 0, 0, 1, 0, 1, 1, 1, 0, 1, 1, 1, 0, 1, 0, 1, 1, 0, 0], [1, 0, 1, 0, 0, 1, 0, 1, 1, 0, 0, 0, 0, 1, 0, 1, 1, 0, 1, 0, 0, 1, 0, 1, 1], [1, 1, 1, 1, 0, 1, 1, 1, 0, 0, 0, 1, 1, 1, 0, 1, 1, 1, 1, 0, 1, 0, 1, 0, 0], [1, 1, 1, 0, 1, 1, 1, 1, 1, 0, 1, 0, 0, 0, 0, 1, 0, 0, 0, 1, 1, 0, 0, 0, 1], [0, 1, 0, 0, 1, 0, 0, 0, 1, 0, 1, 0, 0, 0, 1, 1, 1, 1, 0, 0, 0, 1, 0, 0, 1], [0, 0, 1, 0, 1, 1, 0, 0, 1, 1, 1, 0, 0, 0, 0, 0, 0, 0, 0, 0, 0, 1, 1, 0, 0], [0, 1, 0, 1, 0, 1, 0, 0, 0, 0, 0, 0, 1, 0, 0, 0, 1, 0, 0, 0, 1, 0, 1, 0, 1], [1, 1, 0, 0, 0, 1, 0, 1, 1, 1, 1, 1, 1, 0, 0, 0, 0, 1, 0, 0, 0, 0, 1, 0, 0], [0, 1, 1, 1, 0, 0, 0, 0, 1, 1, 1, 0, 1, 0, 1, 0, 0, 0, 1, 1, 1, 1, 1, 0, 0], [1, 1, 1, 0, 0, 0, 0, 1, 1, 0, 1, 0, 1, 0, 0, 1, 0, 0, 1, 0, 1, 1, 0, 0, 0], [0, 1, 1, 0, 0, 1, 0, 0, 0, 1, 1, 0, 0, 0, 0, 0, 1, 1, 0, 0, 0, 0, 0, 1, 0], [0, 1, 1, 1, 1, 0, 0, 1, 1, 0, 0, 1, 0, 0, 0, 0, 1, 0, 0, 0, 0, 0, 0, 1, 0], [1, 0, 1, 0, 0, 1, 1, 1, 0, 0, 1, 1, 0, 0, 1, 0, 1, 1, 0, 0, 0, 0, 1, 0, 1], [1, 1, 1, 1, 1, 1, 0, 1, 1, 1, 0, 0, 1, 1, 0, 0, 1, 1, 0, 0, 0, 0, 1, 0, 1], [0, 1, 1, 0, 0, 0, 1, 0, 1, 0, 1, 0, 0, 1, 1, 1, 1, 0, 0, 0, 1, 1, 0, 0, 1], [1, 1, 0, 0, 0, 1, 1, 0, 0, 1, 0, 0, 0, 0, 0, 0, 0, 0, 1, 1, 0, 0, 0, 0, 1], [0, 0, 0, 0, 0, 1, 1, 0, 0, 1, 0, 1, 1, 0, 1, 0, 0, 0, 0, 0, 1, 1, 1, 1, 0]]",24.0,9.0,Y,"{0: 33, 1: 42, 2: 51, 3: 60, 4: 69, 5: 78, 6: 87, 7: 96, 8: 105, 9: 114, 10: 123, 11: 132, 12: 141, 13: 150, 14: 159, 15: 168, 16: 177, 17: 186, 18: 195, 19: 204, 20: 213, 21: 222, 22: 231, 23: 240, 24: 24}",Y,"{0: 33, 1: 42, 2: 51, 3: 60, 4: 69, 5: 78, 6: 87, 7: 96, 8: 105, 9: 114, 10: 123, 11: 132, 12: 141, 13: 150, 14: 159, 15: 168, 16: 177, 17: 186, 18: 195, 19: 204, 20: 213, 21: 222, 22: 231, 23: 240, 24: 24}","{(0, 2): 1, (0, 6): 1, (0, 7): 1, (0, 8): 1, (0, 9): 1, (0, 10): 1, (0, 11): 1, (0, 15): 1, (0, 17): 1, (0, 20): 1, (0, 21): 1, (0, 23): 22, (1, 3): 1, (1, 6): 1, (1, 7): 1, (1, 10): 1, (1, 11): 1, (1, 12): 1, (1, 14): 1, (1, 15): 1, (1, 16): 1, (1, 17): 1, (1, 18): 1, (1, 19): 1, (1, 21): 1, (1, 22): 1, (1, 23): 28, (2, 4): 37, (2, 7): 1, (2, 8): 1, (2, 9): 1, (2, 10): 1, (2, 11): 1, (2, 13): 1, (2, 16): 1, (2, 17): 1, (2, 18): 1, (2, 19): 1, (2, 20): 1, (2, 21): 1, (2, 22): 1, (3, 4): 1, (3, 6): 1, (3, 7): 1, (3, 8): 1, (3, 10): 1, (3, 14): 1, (3, 16): 14, (3, 19): 38, (3, 21): 1, (4, 5): 1, (4, 6): 1, (4, 11): 1, (4, 12): 25, (4, 13): 1, (4, 19): 1, (4, 21): 1, (5, 6): 1, (5, 8): 1, (5, 9): 1, (5, 10): 1, (5, 11): 1, (5, 13): 1, (5, 14): 1, (5, 15): 1, (5, 18): 1, (5, 20): 1, (5, 21): 10, (5, 23): 56, (5, 24): 1, (6, 10): 1, (6, 11): 1, (6, 20): 1, (6, 22): 1, (6, 23): 77, (6, 24): 1, (7, 9): 67, (7, 10): 1, (7, 11): 1, (7, 15): 1, (7, 17): 19, (7, 19): 1, (7, 20): 1, (7, 21): 1, (8, 9): 1, (8, 11): 1, (8, 12): 1, (8, 13): 92, (8, 15): 1, (8, 16): 1, (8, 17): 1, (8, 19): 1, (8, 21): 1, (8, 22): 1, (9, 13): 1, (9, 15): 1, (9, 16): 1, (9, 18): 37, (9, 21): 1, (9, 23): 1, (9, 24): 1, (10, 11): 1, (10, 12): 1, (10, 13): 1, (10, 15): 1, (10, 16): 1, (10, 17): 1, (10, 18): 1, (10, 20): 108, (10, 22): 1, (11, 15): 1, (11, 19): 120, (11, 20): 1, (11, 24): 1, (12, 14): 108, (12, 15): 1, (12, 16): 1, (12, 17): 1, (12, 21): 1, (12, 24): 1, (13, 21): 52, (13, 22): 1, (14, 16): 1, (14, 20): 34, (14, 22): 12, (14, 24): 1, (15, 17): 158, (15, 22): 1, (16, 18): 152, (16, 19): 1, (16, 20): 1, (16, 21): 1, (16, 22): 1, (17, 18): 1, (17, 20): 1, (17, 21): 1, (18, 23): 1, (19, 23): 40, (20, 22): 62, (20, 24): 1, (21, 22): 148, (21, 24): 1, (22, 24): 1, (23, 24): 15}",1084.0892791748047,144.0,25.0,288.0
89.0,Graph with 25 nodes and 155 edges,"[[0, 1, 0, 1, 1, 1, 0, 0, 1, 0, 1, 0, 0, 1, 0, 0, 0, 0, 0, 1, 0, 1, 0, 0, 1], [1, 0, 1, 1, 1, 0, 0, 0, 0, 0, 1, 1, 1, 0, 0, 0, 0, 0, 1, 1, 0, 1, 1, 1, 0], [0, 1, 0, 0, 0, 0, 0, 1, 0, 0, 0, 1, 0, 1, 1, 1, 1, 1, 1, 1, 0, 1, 0, 0, 1], [1, 1, 0, 0, 1, 1, 0, 1, 1, 0, 0, 1, 0, 1, 1, 1, 0, 0, 1, 1, 1, 0, 0, 1, 0], [1, 1, 0, 1, 0, 0, 0, 1, 1, 1, 0, 1, 1, 1, 0, 0, 0, 1, 0, 1, 0, 1, 1, 0, 0], [1, 0, 0, 1, 0, 0, 1, 0, 1, 0, 1, 0, 0, 1, 0, 0, 0, 1, 1, 1, 0, 0, 0, 1, 0], [0, 0, 0, 0, 0, 1, 0, 0, 0, 1, 1, 0, 1, 0, 1, 0, 0, 0, 1, 1, 0, 1, 0, 1, 0], [0, 0, 1, 1, 1, 0, 0, 0, 0, 0, 1, 1, 1, 0, 0, 1, 0, 1, 0, 1, 1, 1, 1, 0, 0], [1, 0, 0, 1, 1, 1, 0, 0, 0, 1, 1, 1, 1, 0, 1, 1, 1, 1, 1, 1, 1, 1, 0, 0, 0], [0, 0, 0, 0, 1, 0, 1, 0, 1, 0, 1, 1, 1, 0, 0, 0, 0, 1, 0, 1, 1, 0, 0, 1, 0], [1, 1, 0, 0, 0, 1, 1, 1, 1, 1, 0, 0, 1, 1, 0, 0, 1, 1, 0, 0, 1, 1, 0, 0, 0], [0, 1, 1, 1, 1, 0, 0, 1, 1, 1, 0, 0, 1, 1, 0, 1, 1, 1, 0, 0, 0, 0, 1, 0, 1], [0, 1, 0, 0, 1, 0, 1, 1, 1, 1, 1, 1, 0, 0, 1, 0, 1, 0, 1, 1, 1, 1, 1, 0, 1], [1, 0, 1, 1, 1, 1, 0, 0, 0, 0, 1, 1, 0, 0, 1, 0, 1, 1, 0, 1, 1, 1, 0, 1, 0], [0, 0, 1, 1, 0, 0, 1, 0, 1, 0, 0, 0, 1, 1, 0, 1, 0, 1, 1, 1, 1, 1, 0, 0, 0], [0, 0, 1, 1, 0, 0, 0, 1, 1, 0, 0, 1, 0, 0, 1, 0, 0, 0, 0, 1, 1, 1, 0, 1, 1], [0, 0, 1, 0, 0, 0, 0, 0, 1, 0, 1, 1, 1, 1, 0, 0, 0, 0, 0, 1, 1, 0, 0, 0, 0], [0, 0, 1, 0, 1, 1, 0, 1, 1, 1, 1, 1, 0, 1, 1, 0, 0, 0, 1, 0, 1, 0, 1, 1, 1], [0, 1, 1, 1, 0, 1, 1, 0, 1, 0, 0, 0, 1, 0, 1, 0, 0, 1, 0, 1, 1, 0, 0, 0, 1], [1, 1, 1, 1, 1, 1, 1, 1, 1, 1, 0, 0, 1, 1, 1, 1, 1, 0, 1, 0, 1, 0, 0, 0, 0], [0, 0, 0, 1, 0, 0, 0, 1, 1, 1, 1, 0, 1, 1, 1, 1, 1, 1, 1, 1, 0, 1, 1, 1, 1], [1, 1, 1, 0, 1, 0, 1, 1, 1, 0, 1, 0, 1, 1, 1, 1, 0, 0, 0, 0, 1, 0, 0, 0, 0], [0, 1, 0, 0, 1, 0, 0, 1, 0, 0, 0, 1, 1, 0, 0, 0, 0, 1, 0, 0, 1, 0, 0, 1, 1], [0, 1, 0, 1, 0, 1, 1, 0, 0, 1, 0, 0, 0, 1, 0, 1, 0, 1, 0, 0, 1, 0, 1, 0, 1], [1, 0, 1, 0, 0, 0, 0, 0, 0, 0, 0, 1, 1, 0, 0, 1, 0, 1, 1, 0, 1, 0, 1, 1, 0]]",12.0,8.0,Y,"{0: 20, 1: 28, 2: 36, 3: 44, 4: 52, 5: 60, 6: 68, 7: 76, 8: 84, 9: 92, 10: 100, 11: 108, 12: 116, 13: 124, 14: 132, 15: 140, 16: 148, 17: 156, 18: 164, 19: 172, 20: 180, 21: 188, 22: 196, 23: 204, 24: 12}",Y,"{0: 20, 1: 28, 2: 36, 3: 44, 4: 52, 5: 60, 6: 68, 7: 76, 8: 84, 9: 92, 10: 100, 11: 108, 12: 116, 13: 124, 14: 132, 15: 140, 16: 148, 17: 156, 18: 164, 19: 172, 20: 180, 21: 188, 22: 196, 23: 204, 24: 12}","{(0, 1): 11, (0, 3): 1, (0, 4): 1, (0, 5): 1, (0, 8): 1, (0, 10): 1, (0, 13): 1, (0, 19): 1, (0, 21): 1, (0, 24): 1, (1, 2): 7, (1, 3): 1, (1, 4): 1, (1, 10): 1, (1, 11): 1, (1, 12): 1, (1, 18): 1, (1, 19): 1, (1, 21): 1, (1, 22): 1, (1, 23): 1, (2, 7): 19, (2, 11): 1, (2, 13): 1, (2, 14): 1, (2, 15): 1, (2, 16): 1, (2, 17): 1, (2, 18): 1, (2, 19): 1, (2, 21): 1, (2, 24): 1, (3, 4): 31, (3, 5): 1, (3, 7): 1, (3, 8): 1, (3, 11): 1, (3, 13): 1, (3, 14): 1, (3, 15): 1, (3, 18): 1, (3, 19): 1, (3, 20): 1, (3, 23): 1, (4, 7): 10, (4, 8): 1, (4, 9): 1, (4, 11): 1, (4, 12): 1, (4, 13): 1, (4, 17): 1, (4, 19): 1, (4, 21): 1, (4, 22): 1, (5, 6): 51, (5, 8): 1, (5, 10): 1, (5, 13): 1, (5, 17): 1, (5, 18): 1, (5, 19): 1, (5, 23): 1, (6, 9): 10, (6, 10): 1, (6, 12): 1, (6, 14): 1, (6, 18): 1, (6, 19): 1, (6, 21): 1, (6, 23): 1, (7, 10): 38, (7, 11): 1, (7, 12): 1, (7, 15): 1, (7, 17): 1, (7, 19): 1, (7, 20): 1, (7, 21): 1, (7, 22): 1, (8, 9): 69, (8, 10): 1, (8, 11): 1, (8, 12): 1, (8, 14): 1, (8, 15): 1, (8, 16): 1, (8, 17): 1, (8, 18): 1, (8, 19): 1, (8, 20): 1, (8, 21): 1, (9, 10): 6, (9, 11): 1, (9, 12): 1, (9, 17): 1, (9, 19): 1, (9, 20): 1, (9, 23): 1, (10, 12): 46, (10, 13): 1, (10, 16): 1, (10, 17): 1, (10, 20): 1, (10, 21): 1, (11, 12): 56, (11, 13): 40, (11, 15): 1, (11, 16): 1, (11, 17): 1, (11, 22): 1, (11, 24): 1, (12, 14): 1, (12, 16): 1, (12, 18): 1, (12, 19): 1, (12, 20): 1, (12, 21): 1, (12, 22): 1, (12, 24): 1, (13, 14): 72, (13, 16): 1, (13, 17): 1, (13, 19): 1, (13, 20): 1, (13, 21): 1, (13, 23): 1, (14, 15): 1, (14, 17): 37, (14, 18): 4, (14, 19): 1, (14, 20): 11, (14, 21): 1, (15, 19): 1, (15, 20): 1, (15, 21): 130, (15, 23): 1, (15, 24): 1, (16, 19): 90, (16, 20): 52, (17, 18): 49, (17, 20): 3, (17, 22): 20, (17, 23): 37, (17, 24): 1, (18, 19): 62, (18, 20): 41, (18, 24): 1, (19, 20): 6, (20, 21): 47, (20, 22): 10, (20, 23): 1, (20, 24): 1, (22, 23): 158, (22, 24): 3, (23, 24): 1}",856.1611175537109,155.0,25.0,310.0
89.0,Graph with 25 nodes and 155 edges,"[[0, 1, 0, 1, 1, 1, 0, 0, 1, 0, 1, 0, 0, 1, 0, 0, 0, 0, 0, 1, 0, 1, 0, 0, 1], [1, 0, 1, 1, 1, 0, 0, 0, 0, 0, 1, 1, 1, 0, 0, 0, 0, 0, 1, 1, 0, 1, 1, 1, 0], [0, 1, 0, 0, 0, 0, 0, 1, 0, 0, 0, 1, 0, 1, 1, 1, 1, 1, 1, 1, 0, 1, 0, 0, 1], [1, 1, 0, 0, 1, 1, 0, 1, 1, 0, 0, 1, 0, 1, 1, 1, 0, 0, 1, 1, 1, 0, 0, 1, 0], [1, 1, 0, 1, 0, 0, 0, 1, 1, 1, 0, 1, 1, 1, 0, 0, 0, 1, 0, 1, 0, 1, 1, 0, 0], [1, 0, 0, 1, 0, 0, 1, 0, 1, 0, 1, 0, 0, 1, 0, 0, 0, 1, 1, 1, 0, 0, 0, 1, 0], [0, 0, 0, 0, 0, 1, 0, 0, 0, 1, 1, 0, 1, 0, 1, 0, 0, 0, 1, 1, 0, 1, 0, 1, 0], [0, 0, 1, 1, 1, 0, 0, 0, 0, 0, 1, 1, 1, 0, 0, 1, 0, 1, 0, 1, 1, 1, 1, 0, 0], [1, 0, 0, 1, 1, 1, 0, 0, 0, 1, 1, 1, 1, 0, 1, 1, 1, 1, 1, 1, 1, 1, 0, 0, 0], [0, 0, 0, 0, 1, 0, 1, 0, 1, 0, 1, 1, 1, 0, 0, 0, 0, 1, 0, 1, 1, 0, 0, 1, 0], [1, 1, 0, 0, 0, 1, 1, 1, 1, 1, 0, 0, 1, 1, 0, 0, 1, 1, 0, 0, 1, 1, 0, 0, 0], [0, 1, 1, 1, 1, 0, 0, 1, 1, 1, 0, 0, 1, 1, 0, 1, 1, 1, 0, 0, 0, 0, 1, 0, 1], [0, 1, 0, 0, 1, 0, 1, 1, 1, 1, 1, 1, 0, 0, 1, 0, 1, 0, 1, 1, 1, 1, 1, 0, 1], [1, 0, 1, 1, 1, 1, 0, 0, 0, 0, 1, 1, 0, 0, 1, 0, 1, 1, 0, 1, 1, 1, 0, 1, 0], [0, 0, 1, 1, 0, 0, 1, 0, 1, 0, 0, 0, 1, 1, 0, 1, 0, 1, 1, 1, 1, 1, 0, 0, 0], [0, 0, 1, 1, 0, 0, 0, 1, 1, 0, 0, 1, 0, 0, 1, 0, 0, 0, 0, 1, 1, 1, 0, 1, 1], [0, 0, 1, 0, 0, 0, 0, 0, 1, 0, 1, 1, 1, 1, 0, 0, 0, 0, 0, 1, 1, 0, 0, 0, 0], [0, 0, 1, 0, 1, 1, 0, 1, 1, 1, 1, 1, 0, 1, 1, 0, 0, 0, 1, 0, 1, 0, 1, 1, 1], [0, 1, 1, 1, 0, 1, 1, 0, 1, 0, 0, 0, 1, 0, 1, 0, 0, 1, 0, 1, 1, 0, 0, 0, 1], [1, 1, 1, 1, 1, 1, 1, 1, 1, 1, 0, 0, 1, 1, 1, 1, 1, 0, 1, 0, 1, 0, 0, 0, 0], [0, 0, 0, 1, 0, 0, 0, 1, 1, 1, 1, 0, 1, 1, 1, 1, 1, 1, 1, 1, 0, 1, 1, 1, 1], [1, 1, 1, 0, 1, 0, 1, 1, 1, 0, 1, 0, 1, 1, 1, 1, 0, 0, 0, 0, 1, 0, 0, 0, 0], [0, 1, 0, 0, 1, 0, 0, 1, 0, 0, 0, 1, 1, 0, 0, 0, 0, 1, 0, 0, 1, 0, 0, 1, 1], [0, 1, 0, 1, 0, 1, 1, 0, 0, 1, 0, 0, 0, 1, 0, 1, 0, 1, 0, 0, 1, 0, 1, 0, 1], [1, 0, 1, 0, 0, 0, 0, 0, 0, 0, 0, 1, 1, 0, 0, 1, 0, 1, 1, 0, 1, 0, 1, 1, 0]]",14.0,8.0,Y,"{0: 22, 1: 30, 2: 38, 3: 46, 4: 54, 5: 62, 6: 70, 7: 78, 8: 86, 9: 94, 10: 102, 11: 110, 12: 118, 13: 126, 14: 134, 15: 142, 16: 150, 17: 158, 18: 166, 19: 174, 20: 182, 21: 190, 22: 198, 23: 206, 24: 14}",Y,"{0: 22, 1: 30, 2: 38, 3: 46, 4: 54, 5: 62, 6: 70, 7: 78, 8: 86, 9: 94, 10: 102, 11: 110, 12: 118, 13: 126, 14: 134, 15: 142, 16: 150, 17: 158, 18: 166, 19: 174, 20: 182, 21: 190, 22: 198, 23: 206, 24: 14}","{(0, 1): 1, (0, 3): 1, (0, 4): 1, (0, 5): 1, (0, 8): 1, (0, 10): 1, (0, 13): 13, (0, 19): 1, (0, 21): 1, (0, 24): 1, (1, 2): 1, (1, 3): 1, (1, 4): 1, (1, 10): 1, (1, 11): 1, (1, 12): 1, (1, 18): 19, (1, 19): 1, (1, 21): 1, (1, 22): 1, (1, 23): 1, (2, 7): 1, (2, 11): 1, (2, 13): 3, (2, 14): 1, (2, 15): 1, (2, 16): 25, (2, 17): 1, (2, 18): 1, (2, 19): 1, (2, 21): 1, (2, 24): 1, (3, 4): 1, (3, 5): 1, (3, 7): 1, (3, 8): 1, (3, 11): 1, (3, 13): 33, (3, 14): 1, (3, 15): 1, (3, 18): 1, (3, 19): 1, (3, 20): 1, (3, 23): 1, (4, 7): 1, (4, 8): 1, (4, 9): 1, (4, 11): 1, (4, 12): 1, (4, 13): 1, (4, 17): 1, (4, 19): 1, (4, 21): 42, (4, 22): 1, (5, 6): 53, (5, 8): 1, (5, 10): 1, (5, 13): 1, (5, 17): 1, (5, 18): 1, (5, 19): 1, (5, 23): 1, (6, 9): 1, (6, 10): 5, (6, 12): 1, (6, 14): 1, (6, 18): 1, (6, 19): 1, (6, 21): 6, (6, 23): 1, (7, 10): 1, (7, 11): 67, (7, 12): 1, (7, 15): 1, (7, 17): 1, (7, 19): 1, (7, 20): 1, (7, 21): 1, (7, 22): 1, (8, 9): 1, (8, 10): 1, (8, 11): 1, (8, 12): 1, (8, 14): 1, (8, 15): 1, (8, 16): 1, (8, 17): 71, (8, 18): 1, (8, 19): 1, (8, 20): 1, (8, 21): 1, (9, 10): 75, (9, 11): 1, (9, 12): 1, (9, 17): 1, (9, 19): 1, (9, 20): 1, (9, 23): 11, (10, 12): 1, (10, 13): 1, (10, 16): 1, (10, 17): 1, (10, 20): 12, (10, 21): 1, (11, 12): 1, (11, 13): 31, (11, 15): 1, (11, 16): 1, (11, 17): 1, (11, 22): 1, (11, 24): 1, (12, 14): 1, (12, 16): 1, (12, 18): 1, (12, 19): 103, (12, 20): 1, (12, 21): 1, (12, 22): 1, (12, 24): 1, (13, 14): 1, (13, 16): 1, (13, 17): 37, (13, 19): 1, (13, 20): 1, (13, 21): 1, (13, 23): 1, (14, 15): 1, (14, 17): 1, (14, 18): 103, (14, 19): 21, (14, 20): 1, (14, 21): 1, (15, 19): 1, (15, 20): 1, (15, 21): 132, (15, 23): 1, (15, 24): 1, (16, 19): 2, (16, 20): 118, (17, 18): 1, (17, 20): 38, (17, 22): 1, (17, 23): 1, (17, 24): 1, (18, 19): 35, (18, 20): 1, (18, 24): 1, (19, 20): 1, (20, 21): 1, (20, 22): 1, (20, 23): 1, (20, 24): 1, (22, 23): 186, (22, 24): 5, (23, 24): 1}",1499.8912811279297,155.0,25.0,310.0
89.0,Graph with 25 nodes and 155 edges,"[[0, 1, 0, 1, 1, 1, 0, 0, 1, 0, 1, 0, 0, 1, 0, 0, 0, 0, 0, 1, 0, 1, 0, 0, 1], [1, 0, 1, 1, 1, 0, 0, 0, 0, 0, 1, 1, 1, 0, 0, 0, 0, 0, 1, 1, 0, 1, 1, 1, 0], [0, 1, 0, 0, 0, 0, 0, 1, 0, 0, 0, 1, 0, 1, 1, 1, 1, 1, 1, 1, 0, 1, 0, 0, 1], [1, 1, 0, 0, 1, 1, 0, 1, 1, 0, 0, 1, 0, 1, 1, 1, 0, 0, 1, 1, 1, 0, 0, 1, 0], [1, 1, 0, 1, 0, 0, 0, 1, 1, 1, 0, 1, 1, 1, 0, 0, 0, 1, 0, 1, 0, 1, 1, 0, 0], [1, 0, 0, 1, 0, 0, 1, 0, 1, 0, 1, 0, 0, 1, 0, 0, 0, 1, 1, 1, 0, 0, 0, 1, 0], [0, 0, 0, 0, 0, 1, 0, 0, 0, 1, 1, 0, 1, 0, 1, 0, 0, 0, 1, 1, 0, 1, 0, 1, 0], [0, 0, 1, 1, 1, 0, 0, 0, 0, 0, 1, 1, 1, 0, 0, 1, 0, 1, 0, 1, 1, 1, 1, 0, 0], [1, 0, 0, 1, 1, 1, 0, 0, 0, 1, 1, 1, 1, 0, 1, 1, 1, 1, 1, 1, 1, 1, 0, 0, 0], [0, 0, 0, 0, 1, 0, 1, 0, 1, 0, 1, 1, 1, 0, 0, 0, 0, 1, 0, 1, 1, 0, 0, 1, 0], [1, 1, 0, 0, 0, 1, 1, 1, 1, 1, 0, 0, 1, 1, 0, 0, 1, 1, 0, 0, 1, 1, 0, 0, 0], [0, 1, 1, 1, 1, 0, 0, 1, 1, 1, 0, 0, 1, 1, 0, 1, 1, 1, 0, 0, 0, 0, 1, 0, 1], [0, 1, 0, 0, 1, 0, 1, 1, 1, 1, 1, 1, 0, 0, 1, 0, 1, 0, 1, 1, 1, 1, 1, 0, 1], [1, 0, 1, 1, 1, 1, 0, 0, 0, 0, 1, 1, 0, 0, 1, 0, 1, 1, 0, 1, 1, 1, 0, 1, 0], [0, 0, 1, 1, 0, 0, 1, 0, 1, 0, 0, 0, 1, 1, 0, 1, 0, 1, 1, 1, 1, 1, 0, 0, 0], [0, 0, 1, 1, 0, 0, 0, 1, 1, 0, 0, 1, 0, 0, 1, 0, 0, 0, 0, 1, 1, 1, 0, 1, 1], [0, 0, 1, 0, 0, 0, 0, 0, 1, 0, 1, 1, 1, 1, 0, 0, 0, 0, 0, 1, 1, 0, 0, 0, 0], [0, 0, 1, 0, 1, 1, 0, 1, 1, 1, 1, 1, 0, 1, 1, 0, 0, 0, 1, 0, 1, 0, 1, 1, 1], [0, 1, 1, 1, 0, 1, 1, 0, 1, 0, 0, 0, 1, 0, 1, 0, 0, 1, 0, 1, 1, 0, 0, 0, 1], [1, 1, 1, 1, 1, 1, 1, 1, 1, 1, 0, 0, 1, 1, 1, 1, 1, 0, 1, 0, 1, 0, 0, 0, 0], [0, 0, 0, 1, 0, 0, 0, 1, 1, 1, 1, 0, 1, 1, 1, 1, 1, 1, 1, 1, 0, 1, 1, 1, 1], [1, 1, 1, 0, 1, 0, 1, 1, 1, 0, 1, 0, 1, 1, 1, 1, 0, 0, 0, 0, 1, 0, 0, 0, 0], [0, 1, 0, 0, 1, 0, 0, 1, 0, 0, 0, 1, 1, 0, 0, 0, 0, 1, 0, 0, 1, 0, 0, 1, 1], [0, 1, 0, 1, 0, 1, 1, 0, 0, 1, 0, 0, 0, 1, 0, 1, 0, 1, 0, 0, 1, 0, 1, 0, 1], [1, 0, 1, 0, 0, 0, 0, 0, 0, 0, 0, 1, 1, 0, 0, 1, 0, 1, 1, 0, 1, 0, 1, 1, 0]]",18.0,1.0,Y,"{0: 40, 1: 20, 2: 31, 3: 30, 4: 32, 5: 27, 6: 34, 7: 25, 8: 28, 9: 38, 10: 39, 11: 18, 12: 37, 13: 42, 14: 33, 15: 22, 16: 36, 17: 23, 18: 26, 19: 41, 20: 35, 21: 24, 22: 21, 23: 29, 24: 19}",Y,"{0: 40, 1: 20, 2: 31, 3: 30, 4: 32, 5: 27, 6: 34, 7: 25, 8: 28, 9: 38, 10: 39, 11: 18, 12: 37, 13: 42, 14: 33, 15: 22, 16: 36, 17: 23, 18: 26, 19: 41, 20: 35, 21: 24, 22: 21, 23: 29, 24: 19}","{(0, 1): 4, (0, 3): 1, (0, 4): 1, (0, 5): 18, (0, 8): 1, (0, 10): 1, (0, 13): 1, (0, 19): 1, (0, 21): 11, (0, 24): 1, (1, 2): 1, (1, 3): 1, (1, 4): 1, (1, 10): 1, (1, 11): 1, (1, 12): 1, (1, 18): 1, (1, 19): 1, (1, 21): 1, (1, 22): 1, (1, 23): 6, (2, 7): 1, (2, 11): 1, (2, 13): 9, (2, 14): 1, (2, 15): 12, (2, 16): 1, (2, 17): 1, (2, 18): 1, (2, 19): 1, (2, 21): 1, (2, 24): 1, (3, 4): 1, (3, 5): 1, (3, 7): 2, (3, 8): 12, (3, 11): 1, (3, 13): 1, (3, 14): 1, (3, 15): 1, (3, 18): 1, (3, 19): 1, (3, 20): 1, (3, 23): 5, (4, 7): 1, (4, 8): 1, (4, 9): 1, (4, 11): 1, (4, 12): 1, (4, 13): 20, (4, 17): 1, (4, 19): 1, (4, 21): 1, (4, 22): 1, (5, 6): 1, (5, 8): 1, (5, 10): 1, (5, 13): 1, (5, 17): 1, (5, 18): 1, (5, 19): 1, (5, 23): 1, (6, 9): 1, (6, 10): 1, (6, 12): 1, (6, 14): 1, (6, 18): 1, (6, 19): 25, (6, 21): 2, (6, 23): 1, (7, 10): 1, (7, 11): 1, (7, 12): 1, (7, 15): 1, (7, 17): 1, (7, 19): 1, (7, 20): 1, (7, 21): 1, (7, 22): 13, (8, 9): 1, (8, 10): 1, (8, 11): 1, (8, 12): 1, (8, 14): 1, (8, 15): 1, (8, 16): 2, (8, 17): 1, (8, 18): 1, (8, 19): 1, (8, 20): 1, (8, 21): 1, (9, 10): 27, (9, 11): 1, (9, 12): 1, (9, 17): 1, (9, 19): 1, (9, 20): 3, (9, 23): 1, (10, 12): 1, (10, 13): 1, (10, 16): 1, (10, 17): 1, (10, 20): 1, (10, 21): 1, (11, 12): 1, (11, 13): 1, (11, 15): 1, (11, 16): 5, (11, 17): 1, (11, 22): 1, (11, 24): 1, (12, 14): 1, (12, 16): 22, (12, 18): 1, (12, 19): 1, (12, 20): 1, (12, 21): 1, (12, 22): 1, (12, 24): 1, (13, 14): 1, (13, 16): 1, (13, 17): 2, (13, 19): 1, (13, 20): 1, (13, 21): 1, (13, 23): 1, (14, 15): 1, (14, 17): 1, (14, 18): 15, (14, 19): 1, (14, 20): 8, (14, 21): 1, (15, 19): 1, (15, 20): 1, (15, 21): 1, (15, 23): 1, (15, 24): 1, (16, 19): 1, (16, 20): 3, (17, 18): 1, (17, 20): 8, (17, 22): 1, (17, 23): 1, (17, 24): 1, (18, 19): 1, (18, 20): 1, (18, 24): 1, (19, 20): 1, (20, 21): 1, (20, 22): 1, (20, 23): 1, (20, 24): 1, (22, 23): 1, (22, 24): 1, (23, 24): 10}",1121.9978332519531,155.0,25.0,310.0
90.0,Graph with 25 nodes and 149 edges,"[[0, 1, 0, 1, 1, 0, 1, 1, 0, 0, 0, 0, 1, 0, 0, 0, 1, 1, 1, 0, 1, 1, 0, 1, 0], [1, 0, 0, 1, 0, 0, 0, 1, 0, 1, 0, 1, 0, 0, 0, 1, 0, 1, 1, 1, 0, 0, 1, 0, 0], [0, 0, 0, 1, 0, 0, 1, 1, 0, 0, 1, 1, 0, 0, 1, 0, 0, 1, 1, 0, 1, 0, 1, 1, 1], [1, 1, 1, 0, 1, 0, 1, 1, 1, 0, 0, 1, 1, 1, 0, 0, 0, 1, 0, 0, 1, 1, 1, 1, 0], [1, 0, 0, 1, 0, 0, 0, 0, 1, 1, 0, 1, 0, 0, 1, 1, 0, 1, 1, 1, 0, 1, 0, 1, 1], [0, 0, 0, 0, 0, 0, 1, 1, 1, 0, 0, 0, 0, 1, 0, 1, 1, 1, 0, 1, 1, 0, 0, 0, 1], [1, 0, 1, 1, 0, 1, 0, 0, 0, 0, 0, 1, 1, 0, 1, 0, 1, 1, 1, 0, 1, 0, 1, 0, 0], [1, 1, 1, 1, 0, 1, 0, 0, 1, 0, 1, 0, 0, 1, 0, 1, 0, 1, 1, 1, 0, 1, 1, 1, 1], [0, 0, 0, 1, 1, 1, 0, 1, 0, 0, 1, 1, 1, 0, 0, 0, 0, 1, 0, 0, 0, 0, 0, 0, 0], [0, 1, 0, 0, 1, 0, 0, 0, 0, 0, 0, 0, 1, 1, 1, 0, 0, 1, 1, 0, 1, 0, 0, 0, 0], [0, 0, 1, 0, 0, 0, 0, 1, 1, 0, 0, 1, 0, 1, 1, 1, 0, 1, 0, 0, 0, 1, 1, 1, 0], [0, 1, 1, 1, 1, 0, 1, 0, 1, 0, 1, 0, 0, 0, 1, 1, 1, 1, 1, 0, 1, 1, 1, 1, 1], [1, 0, 0, 1, 0, 0, 1, 0, 1, 1, 0, 0, 0, 0, 0, 1, 0, 0, 0, 0, 1, 1, 1, 1, 0], [0, 0, 0, 1, 0, 1, 0, 1, 0, 1, 1, 0, 0, 0, 0, 1, 0, 1, 1, 1, 0, 0, 0, 0, 0], [0, 0, 1, 0, 1, 0, 1, 0, 0, 1, 1, 1, 0, 0, 0, 1, 1, 1, 0, 1, 0, 1, 1, 0, 0], [0, 1, 0, 0, 1, 1, 0, 1, 0, 0, 1, 1, 1, 1, 1, 0, 0, 1, 1, 0, 1, 0, 1, 1, 1], [1, 0, 0, 0, 0, 1, 1, 0, 0, 0, 0, 1, 0, 0, 1, 0, 0, 1, 1, 1, 0, 0, 0, 1, 0], [1, 1, 1, 1, 1, 1, 1, 1, 1, 1, 1, 1, 0, 1, 1, 1, 1, 0, 1, 0, 1, 1, 0, 0, 1], [1, 1, 1, 0, 1, 0, 1, 1, 0, 1, 0, 1, 0, 1, 0, 1, 1, 1, 0, 1, 0, 1, 0, 0, 0], [0, 1, 0, 0, 1, 1, 0, 1, 0, 0, 0, 0, 0, 1, 1, 0, 1, 0, 1, 0, 1, 0, 0, 0, 0], [1, 0, 1, 1, 0, 1, 1, 0, 0, 1, 0, 1, 1, 0, 0, 1, 0, 1, 0, 1, 0, 0, 1, 1, 0], [1, 0, 0, 1, 1, 0, 0, 1, 0, 0, 1, 1, 1, 0, 1, 0, 0, 1, 1, 0, 0, 0, 0, 1, 0], [0, 1, 1, 1, 0, 0, 1, 1, 0, 0, 1, 1, 1, 0, 1, 1, 0, 0, 0, 0, 1, 0, 0, 0, 0], [1, 0, 1, 1, 1, 0, 0, 1, 0, 0, 1, 1, 1, 0, 0, 1, 1, 0, 0, 0, 1, 1, 0, 0, 1], [0, 0, 1, 0, 1, 1, 0, 1, 0, 0, 0, 1, 0, 0, 0, 1, 0, 1, 0, 0, 0, 0, 0, 1, 0]]",22.0,1.0,Y,"{0: 23, 1: 24, 2: 25, 3: 26, 4: 27, 5: 28, 6: 29, 7: 30, 8: 31, 9: 32, 10: 33, 11: 34, 12: 35, 13: 36, 14: 37, 15: 38, 16: 39, 17: 40, 18: 41, 19: 42, 20: 43, 21: 44, 22: 45, 23: 46, 24: 22}",Y,"{0: 23, 1: 24, 2: 25, 3: 26, 4: 27, 5: 28, 6: 29, 7: 30, 8: 31, 9: 32, 10: 33, 11: 34, 12: 35, 13: 36, 14: 37, 15: 38, 16: 39, 17: 40, 18: 41, 19: 42, 20: 43, 21: 44, 22: 45, 23: 46, 24: 22}","{(0, 1): 1, (0, 3): 1, (0, 4): 4, (0, 6): 1, (0, 7): 1, (0, 12): 1, (0, 16): 1, (0, 17): 9, (0, 18): 1, (0, 20): 1, (0, 21): 1, (0, 23): 1, (1, 3): 1, (1, 7): 9, (1, 9): 4, (1, 11): 1, (1, 15): 1, (1, 17): 1, (1, 18): 1, (1, 19): 4, (1, 22): 1, (2, 3): 1, (2, 6): 1, (2, 7): 1, (2, 10): 1, (2, 11): 1, (2, 14): 1, (2, 17): 1, (2, 18): 1, (2, 20): 14, (2, 22): 1, (2, 23): 1, (2, 24): 1, (3, 4): 1, (3, 6): 1, (3, 7): 1, (3, 8): 9, (3, 11): 1, (3, 12): 1, (3, 13): 1, (3, 17): 1, (3, 20): 4, (3, 21): 1, (3, 22): 1, (3, 23): 1, (4, 8): 1, (4, 9): 9, (4, 11): 1, (4, 14): 1, (4, 15): 1, (4, 17): 1, (4, 18): 1, (4, 19): 1, (4, 21): 1, (4, 23): 1, (4, 24): 4, (5, 6): 1, (5, 7): 1, (5, 8): 1, (5, 13): 9, (5, 15): 2, (5, 16): 1, (5, 17): 1, (5, 19): 7, (5, 20): 1, (5, 24): 4, (6, 11): 8, (6, 12): 1, (6, 14): 7, (6, 16): 1, (6, 17): 1, (6, 18): 1, (6, 20): 5, (6, 22): 1, (7, 8): 7, (7, 10): 1, (7, 13): 1, (7, 15): 1, (7, 17): 1, (7, 18): 1, (7, 19): 1, (7, 21): 1, (7, 22): 1, (7, 23): 1, (7, 24): 1, (8, 10): 1, (8, 11): 1, (8, 12): 1, (8, 17): 10, (9, 12): 9, (9, 13): 1, (9, 14): 1, (9, 17): 1, (9, 18): 4, (9, 20): 3, (10, 11): 5, (10, 13): 1, (10, 14): 13, (10, 15): 1, (10, 17): 1, (10, 21): 1, (10, 22): 7, (10, 23): 1, (11, 14): 1, (11, 15): 1, (11, 16): 1, (11, 17): 1, (11, 18): 7, (11, 20): 1, (11, 21): 1, (11, 22): 1, (11, 23): 1, (11, 24): 1, (12, 15): 1, (12, 20): 1, (12, 21): 1, (12, 22): 18, (12, 23): 1, (13, 15): 13, (13, 17): 1, (13, 18): 8, (13, 19): 1, (14, 15): 1, (14, 16): 1, (14, 17): 1, (14, 19): 1, (14, 21): 8, (14, 22): 1, (15, 17): 1, (15, 18): 1, (15, 20): 1, (15, 22): 11, (15, 23): 1, (15, 24): 1, (16, 17): 1, (16, 18): 1, (16, 19): 25, (16, 23): 7, (17, 18): 1, (17, 20): 4, (17, 21): 1, (17, 24): 1, (18, 19): 1, (18, 21): 12, (19, 20): 1, (20, 22): 2, (20, 23): 5, (21, 23): 16, (23, 24): 9}",76.05552673339844,149.0,25.0,298.0
91.0,Graph with 25 nodes and 136 edges,"[[0, 0, 1, 0, 0, 0, 0, 1, 0, 0, 0, 0, 1, 0, 0, 1, 0, 1, 1, 0, 0, 0, 1, 0, 1], [0, 0, 0, 0, 0, 0, 1, 1, 1, 0, 0, 0, 1, 1, 1, 0, 0, 1, 0, 0, 1, 1, 0, 0, 0], [1, 0, 0, 0, 1, 0, 0, 1, 1, 0, 0, 1, 0, 0, 1, 0, 1, 0, 1, 1, 0, 0, 0, 0, 1], [0, 0, 0, 0, 0, 0, 1, 1, 0, 0, 0, 0, 0, 1, 1, 0, 1, 1, 1, 0, 0, 1, 1, 1, 0], [0, 0, 1, 0, 0, 1, 0, 0, 1, 0, 0, 1, 1, 0, 1, 0, 0, 1, 0, 0, 1, 1, 1, 1, 0], [0, 0, 0, 0, 1, 0, 0, 0, 0, 0, 1, 0, 1, 1, 1, 1, 1, 0, 0, 0, 0, 0, 1, 1, 1], [0, 1, 0, 1, 0, 0, 0, 0, 0, 1, 1, 1, 0, 1, 0, 0, 0, 1, 1, 0, 0, 1, 0, 1, 1], [1, 1, 1, 1, 0, 0, 0, 0, 0, 1, 1, 0, 0, 1, 0, 0, 1, 1, 0, 0, 1, 1, 0, 0, 1], [0, 1, 1, 0, 1, 0, 0, 0, 0, 1, 1, 0, 1, 1, 0, 1, 0, 0, 0, 1, 0, 0, 1, 0, 1], [0, 0, 0, 0, 0, 0, 1, 1, 1, 0, 0, 0, 0, 0, 0, 0, 1, 0, 1, 1, 1, 0, 1, 1, 1], [0, 0, 0, 0, 0, 1, 1, 1, 1, 0, 0, 1, 0, 0, 1, 0, 0, 0, 1, 0, 1, 0, 1, 0, 0], [0, 0, 1, 0, 1, 0, 1, 0, 0, 0, 1, 0, 0, 0, 0, 0, 1, 0, 0, 1, 0, 1, 1, 0, 1], [1, 1, 0, 0, 1, 1, 0, 0, 1, 0, 0, 0, 0, 0, 0, 0, 0, 0, 0, 0, 0, 1, 1, 1, 0], [0, 1, 0, 1, 0, 1, 1, 1, 1, 0, 0, 0, 0, 0, 0, 0, 0, 0, 1, 1, 0, 1, 0, 1, 0], [0, 1, 1, 1, 1, 1, 0, 0, 0, 0, 1, 0, 0, 0, 0, 1, 1, 0, 1, 1, 1, 1, 1, 1, 0], [1, 0, 0, 0, 0, 1, 0, 0, 1, 0, 0, 0, 0, 0, 1, 0, 0, 1, 1, 0, 1, 0, 0, 0, 0], [0, 0, 1, 1, 0, 1, 0, 1, 0, 1, 0, 1, 0, 0, 1, 0, 0, 0, 0, 0, 1, 1, 1, 1, 0], [1, 1, 0, 1, 1, 0, 1, 1, 0, 0, 0, 0, 0, 0, 0, 1, 0, 0, 0, 1, 0, 0, 0, 1, 0], [1, 0, 1, 1, 0, 0, 1, 0, 0, 1, 1, 0, 0, 1, 1, 1, 0, 0, 0, 1, 1, 1, 1, 1, 1], [0, 0, 1, 0, 0, 0, 0, 0, 1, 1, 0, 1, 0, 1, 1, 0, 0, 1, 1, 0, 1, 0, 0, 1, 1], [0, 1, 0, 0, 1, 0, 0, 1, 0, 1, 1, 0, 0, 0, 1, 1, 1, 0, 1, 1, 0, 1, 1, 1, 1], [0, 1, 0, 1, 1, 0, 1, 1, 0, 0, 0, 1, 1, 1, 1, 0, 1, 0, 1, 0, 1, 0, 0, 0, 0], [1, 0, 0, 1, 1, 1, 0, 0, 1, 1, 1, 1, 1, 0, 1, 0, 1, 0, 1, 0, 1, 0, 0, 1, 1], [0, 0, 0, 1, 1, 1, 1, 0, 0, 1, 0, 0, 1, 1, 1, 0, 1, 1, 1, 1, 1, 0, 1, 0, 0], [1, 0, 1, 0, 0, 1, 1, 1, 1, 1, 0, 1, 0, 0, 0, 0, 0, 0, 1, 1, 1, 0, 1, 0, 0]]",16.0,3.0,Y,"{0: 19, 1: 22, 2: 25, 3: 28, 4: 31, 5: 34, 6: 37, 7: 40, 8: 43, 9: 46, 10: 49, 11: 52, 12: 55, 13: 58, 14: 61, 15: 64, 16: 67, 17: 70, 18: 73, 19: 76, 20: 79, 21: 82, 22: 85, 23: 88, 24: 16}",Y,"{0: 19, 1: 22, 2: 25, 3: 28, 4: 31, 5: 34, 6: 37, 7: 40, 8: 43, 9: 46, 10: 49, 11: 52, 12: 55, 13: 58, 14: 61, 15: 64, 16: 67, 17: 70, 18: 73, 19: 76, 20: 79, 21: 82, 22: 85, 23: 88, 24: 16}","{(0, 2): 1, (0, 7): 1, (0, 12): 1, (0, 15): 1, (0, 17): 1, (0, 18): 12, (0, 22): 1, (0, 24): 1, (1, 6): 1, (1, 7): 10, (1, 8): 1, (1, 12): 1, (1, 13): 1, (1, 14): 1, (1, 17): 5, (1, 20): 1, (1, 21): 1, (2, 4): 3, (2, 7): 1, (2, 8): 1, (2, 11): 1, (2, 14): 1, (2, 16): 10, (2, 18): 1, (2, 19): 5, (2, 24): 1, (3, 6): 1, (3, 7): 1, (3, 13): 1, (3, 14): 5, (3, 16): 3, (3, 17): 13, (3, 18): 1, (3, 21): 1, (3, 22): 1, (3, 23): 1, (4, 5): 1, (4, 8): 1, (4, 11): 5, (4, 12): 1, (4, 14): 7, (4, 17): 1, (4, 20): 1, (4, 21): 5, (4, 22): 1, (4, 23): 5, (5, 10): 5, (5, 12): 7, (5, 13): 9, (5, 14): 3, (5, 15): 1, (5, 16): 1, (5, 22): 1, (5, 23): 1, (5, 24): 5, (6, 9): 1, (6, 10): 1, (6, 11): 1, (6, 13): 23, (6, 17): 5, (6, 18): 1, (6, 21): 1, (6, 23): 1, (6, 24): 1, (7, 9): 1, (7, 10): 5, (7, 13): 16, (7, 16): 1, (7, 17): 1, (7, 20): 1, (7, 21): 1, (7, 24): 1, (8, 9): 1, (8, 10): 1, (8, 12): 3, (8, 13): 1, (8, 15): 1, (8, 19): 1, (8, 22): 31, (8, 24): 1, (9, 16): 3, (9, 18): 31, (9, 19): 1, (9, 20): 5, (9, 22): 1, (9, 23): 1, (9, 24): 1, (10, 11): 1, (10, 14): 1, (10, 18): 1, (10, 20): 1, (10, 22): 33, (11, 16): 1, (11, 19): 1, (11, 21): 36, (11, 22): 5, (11, 24): 1, (12, 21): 5, (12, 22): 1, (12, 23): 36, (13, 18): 1, (13, 19): 4, (13, 21): 1, (13, 23): 1, (14, 15): 1, (14, 16): 5, (14, 18): 1, (14, 19): 1, (14, 20): 5, (14, 21): 28, (14, 22): 1, (14, 23): 1, (15, 17): 5, (15, 18): 18, (15, 20): 37, (16, 20): 1, (16, 21): 1, (16, 22): 5, (16, 23): 36, (17, 19): 38, (17, 23): 1, (18, 19): 1, (18, 20): 1, (18, 21): 1, (18, 22): 1, (18, 23): 1, (18, 24): 1, (19, 20): 22, (19, 23): 1, (19, 24): 1, (20, 21): 1, (20, 22): 1, (20, 23): 1, (20, 24): 1, (22, 23): 1, (22, 24): 1}",79.87022399902344,136.0,25.0,272.0
91.0,Graph with 25 nodes and 136 edges,"[[0, 0, 1, 0, 0, 0, 0, 1, 0, 0, 0, 0, 1, 0, 0, 1, 0, 1, 1, 0, 0, 0, 1, 0, 1], [0, 0, 0, 0, 0, 0, 1, 1, 1, 0, 0, 0, 1, 1, 1, 0, 0, 1, 0, 0, 1, 1, 0, 0, 0], [1, 0, 0, 0, 1, 0, 0, 1, 1, 0, 0, 1, 0, 0, 1, 0, 1, 0, 1, 1, 0, 0, 0, 0, 1], [0, 0, 0, 0, 0, 0, 1, 1, 0, 0, 0, 0, 0, 1, 1, 0, 1, 1, 1, 0, 0, 1, 1, 1, 0], [0, 0, 1, 0, 0, 1, 0, 0, 1, 0, 0, 1, 1, 0, 1, 0, 0, 1, 0, 0, 1, 1, 1, 1, 0], [0, 0, 0, 0, 1, 0, 0, 0, 0, 0, 1, 0, 1, 1, 1, 1, 1, 0, 0, 0, 0, 0, 1, 1, 1], [0, 1, 0, 1, 0, 0, 0, 0, 0, 1, 1, 1, 0, 1, 0, 0, 0, 1, 1, 0, 0, 1, 0, 1, 1], [1, 1, 1, 1, 0, 0, 0, 0, 0, 1, 1, 0, 0, 1, 0, 0, 1, 1, 0, 0, 1, 1, 0, 0, 1], [0, 1, 1, 0, 1, 0, 0, 0, 0, 1, 1, 0, 1, 1, 0, 1, 0, 0, 0, 1, 0, 0, 1, 0, 1], [0, 0, 0, 0, 0, 0, 1, 1, 1, 0, 0, 0, 0, 0, 0, 0, 1, 0, 1, 1, 1, 0, 1, 1, 1], [0, 0, 0, 0, 0, 1, 1, 1, 1, 0, 0, 1, 0, 0, 1, 0, 0, 0, 1, 0, 1, 0, 1, 0, 0], [0, 0, 1, 0, 1, 0, 1, 0, 0, 0, 1, 0, 0, 0, 0, 0, 1, 0, 0, 1, 0, 1, 1, 0, 1], [1, 1, 0, 0, 1, 1, 0, 0, 1, 0, 0, 0, 0, 0, 0, 0, 0, 0, 0, 0, 0, 1, 1, 1, 0], [0, 1, 0, 1, 0, 1, 1, 1, 1, 0, 0, 0, 0, 0, 0, 0, 0, 0, 1, 1, 0, 1, 0, 1, 0], [0, 1, 1, 1, 1, 1, 0, 0, 0, 0, 1, 0, 0, 0, 0, 1, 1, 0, 1, 1, 1, 1, 1, 1, 0], [1, 0, 0, 0, 0, 1, 0, 0, 1, 0, 0, 0, 0, 0, 1, 0, 0, 1, 1, 0, 1, 0, 0, 0, 0], [0, 0, 1, 1, 0, 1, 0, 1, 0, 1, 0, 1, 0, 0, 1, 0, 0, 0, 0, 0, 1, 1, 1, 1, 0], [1, 1, 0, 1, 1, 0, 1, 1, 0, 0, 0, 0, 0, 0, 0, 1, 0, 0, 0, 1, 0, 0, 0, 1, 0], [1, 0, 1, 1, 0, 0, 1, 0, 0, 1, 1, 0, 0, 1, 1, 1, 0, 0, 0, 1, 1, 1, 1, 1, 1], [0, 0, 1, 0, 0, 0, 0, 0, 1, 1, 0, 1, 0, 1, 1, 0, 0, 1, 1, 0, 1, 0, 0, 1, 1], [0, 1, 0, 0, 1, 0, 0, 1, 0, 1, 1, 0, 0, 0, 1, 1, 1, 0, 1, 1, 0, 1, 1, 1, 1], [0, 1, 0, 1, 1, 0, 1, 1, 0, 0, 0, 1, 1, 1, 1, 0, 1, 0, 1, 0, 1, 0, 0, 0, 0], [1, 0, 0, 1, 1, 1, 0, 0, 1, 1, 1, 1, 1, 0, 1, 0, 1, 0, 1, 0, 1, 0, 0, 1, 1], [0, 0, 0, 1, 1, 1, 1, 0, 0, 1, 0, 0, 1, 1, 1, 0, 1, 1, 1, 1, 1, 0, 1, 0, 0], [1, 0, 1, 0, 0, 1, 1, 1, 1, 1, 0, 1, 0, 0, 0, 0, 0, 0, 1, 1, 1, 0, 1, 0, 0]]",28.0,5.0,Y,"{0: 33, 1: 38, 2: 43, 3: 48, 4: 53, 5: 58, 6: 63, 7: 68, 8: 73, 9: 78, 10: 83, 11: 88, 12: 93, 13: 98, 14: 103, 15: 108, 16: 113, 17: 118, 18: 123, 19: 128, 20: 133, 21: 138, 22: 143, 23: 148, 24: 28}",Y,"{0: 33, 1: 38, 2: 43, 3: 48, 4: 53, 5: 58, 6: 63, 7: 68, 8: 73, 9: 78, 10: 83, 11: 88, 12: 93, 13: 98, 14: 103, 15: 108, 16: 113, 17: 118, 18: 123, 19: 128, 20: 133, 21: 138, 22: 143, 23: 148, 24: 28}","{(0, 2): 10, (0, 7): 1, (0, 12): 11, (0, 15): 3, (0, 17): 1, (0, 18): 1, (0, 22): 1, (0, 24): 5, (1, 6): 1, (1, 7): 1, (1, 8): 1, (1, 12): 2, (1, 13): 5, (1, 14): 1, (1, 17): 19, (1, 20): 7, (1, 21): 1, (2, 4): 2, (2, 7): 1, (2, 8): 1, (2, 11): 1, (2, 14): 7, (2, 16): 18, (2, 18): 1, (2, 19): 1, (2, 24): 1, (3, 6): 19, (3, 7): 1, (3, 13): 7, (3, 14): 11, (3, 16): 3, (3, 17): 3, (3, 18): 1, (3, 21): 1, (3, 22): 1, (3, 23): 1, (4, 5): 1, (4, 8): 3, (4, 11): 6, (4, 12): 5, (4, 14): 3, (4, 17): 1, (4, 20): 21, (4, 21): 3, (4, 22): 7, (4, 23): 1, (5, 10): 1, (5, 12): 1, (5, 13): 49, (5, 14): 1, (5, 15): 1, (5, 16): 1, (5, 22): 1, (5, 23): 1, (5, 24): 1, (6, 9): 3, (6, 10): 1, (6, 11): 5, (6, 13): 3, (6, 17): 1, (6, 18): 1, (6, 21): 21, (6, 23): 7, (6, 24): 1, (7, 9): 30, (7, 10): 2, (7, 13): 27, (7, 16): 1, (7, 17): 1, (7, 20): 1, (7, 21): 1, (7, 24): 1, (8, 9): 14, (8, 10): 3, (8, 12): 36, (8, 13): 1, (8, 15): 3, (8, 19): 9, (8, 22): 1, (8, 24): 1, (9, 16): 4, (9, 18): 1, (9, 19): 3, (9, 20): 9, (9, 22): 3, (9, 23): 8, (9, 24): 3, (10, 11): 1, (10, 14): 8, (10, 18): 5, (10, 20): 1, (10, 22): 61, (11, 16): 12, (11, 19): 1, (11, 21): 52, (11, 22): 3, (11, 24): 7, (12, 21): 9, (12, 22): 13, (12, 23): 16, (13, 18): 1, (13, 19): 1, (13, 21): 3, (13, 23): 1, (14, 15): 27, (14, 16): 1, (14, 18): 1, (14, 19): 10, (14, 20): 3, (14, 21): 28, (14, 22): 1, (14, 23): 1, (15, 17): 9, (15, 18): 63, (15, 20): 2, (16, 20): 3, (16, 21): 17, (16, 22): 47, (16, 23): 6, (17, 19): 1, (17, 23): 82, (18, 19): 31, (18, 20): 1, (18, 21): 1, (18, 22): 1, (18, 23): 11, (18, 24): 3, (19, 20): 69, (19, 23): 1, (19, 24): 1, (20, 21): 1, (20, 22): 1, (20, 23): 11, (20, 24): 3, (22, 23): 1, (22, 24): 1}",121.11663818359375,136.0,25.0,272.0
93.0,Graph with 25 nodes and 140 edges,"[[0, 0, 0, 0, 1, 0, 1, 1, 0, 1, 0, 0, 0, 1, 0, 1, 0, 0, 0, 1, 1, 1, 0, 1, 0], [0, 0, 1, 0, 0, 0, 0, 1, 1, 1, 1, 1, 1, 1, 0, 1, 1, 0, 0, 1, 0, 1, 0, 0, 0], [0, 1, 0, 1, 1, 0, 1, 1, 0, 0, 1, 1, 0, 1, 0, 0, 0, 1, 1, 1, 0, 0, 0, 0, 0], [0, 0, 1, 0, 1, 0, 0, 0, 0, 0, 0, 0, 0, 1, 0, 1, 1, 0, 1, 0, 0, 0, 1, 1, 0], [1, 0, 1, 1, 0, 0, 0, 1, 1, 1, 0, 0, 1, 0, 1, 1, 1, 1, 0, 0, 0, 0, 0, 1, 0], [0, 0, 0, 0, 0, 0, 0, 1, 1, 1, 0, 0, 1, 0, 0, 0, 0, 0, 1, 0, 0, 1, 0, 1, 1], [1, 0, 1, 0, 0, 0, 0, 0, 0, 1, 1, 0, 0, 0, 0, 0, 1, 1, 1, 1, 0, 1, 0, 1, 1], [1, 1, 1, 0, 1, 1, 0, 0, 1, 0, 0, 0, 1, 0, 0, 0, 1, 0, 0, 0, 1, 1, 0, 1, 1], [0, 1, 0, 0, 1, 1, 0, 1, 0, 1, 0, 1, 0, 0, 0, 0, 0, 0, 1, 0, 0, 0, 0, 0, 1], [1, 1, 0, 0, 1, 1, 1, 0, 1, 0, 1, 1, 1, 0, 1, 1, 0, 1, 1, 1, 1, 0, 1, 0, 0], [0, 1, 1, 0, 0, 0, 1, 0, 0, 1, 0, 0, 0, 1, 1, 1, 1, 1, 1, 1, 1, 0, 1, 0, 0], [0, 1, 1, 0, 0, 0, 0, 0, 1, 1, 0, 0, 1, 0, 0, 0, 1, 0, 0, 0, 0, 1, 0, 0, 1], [0, 1, 0, 0, 1, 1, 0, 1, 0, 1, 0, 1, 0, 1, 0, 0, 1, 1, 1, 0, 1, 0, 1, 0, 1], [1, 1, 1, 1, 0, 0, 0, 0, 0, 0, 1, 0, 1, 0, 1, 0, 1, 1, 1, 0, 1, 1, 0, 1, 0], [0, 0, 0, 0, 1, 0, 0, 0, 0, 1, 1, 0, 0, 1, 0, 0, 1, 0, 0, 1, 0, 1, 0, 1, 1], [1, 1, 0, 1, 1, 0, 0, 0, 0, 1, 1, 0, 0, 0, 0, 0, 0, 0, 0, 0, 0, 1, 1, 0, 0], [0, 1, 0, 1, 1, 0, 1, 1, 0, 0, 1, 1, 1, 1, 1, 0, 0, 1, 1, 1, 1, 1, 0, 0, 0], [0, 0, 1, 0, 1, 0, 1, 0, 0, 1, 1, 0, 1, 1, 0, 0, 1, 0, 1, 1, 0, 1, 0, 1, 1], [0, 0, 1, 1, 0, 1, 1, 0, 1, 1, 1, 0, 1, 1, 0, 0, 1, 1, 0, 1, 0, 1, 1, 1, 0], [1, 1, 1, 0, 0, 0, 1, 0, 0, 1, 1, 0, 0, 0, 1, 0, 1, 1, 1, 0, 1, 0, 0, 0, 1], [1, 0, 0, 0, 0, 0, 0, 1, 0, 1, 1, 0, 1, 1, 0, 0, 1, 0, 0, 1, 0, 0, 0, 1, 0], [1, 1, 0, 0, 0, 1, 1, 1, 0, 0, 0, 1, 0, 1, 1, 1, 1, 1, 1, 0, 0, 0, 1, 0, 1], [0, 0, 0, 1, 0, 0, 0, 0, 0, 1, 1, 0, 1, 0, 0, 1, 0, 0, 1, 0, 0, 1, 0, 0, 1], [1, 0, 0, 1, 1, 1, 1, 1, 0, 0, 0, 0, 0, 1, 1, 0, 0, 1, 1, 0, 1, 0, 0, 0, 0], [0, 0, 0, 0, 0, 1, 1, 1, 1, 0, 0, 1, 1, 0, 1, 0, 0, 1, 0, 1, 0, 1, 1, 0, 0]]",8.0,8.0,Y,"{0: 24, 1: 32, 2: 40, 3: 16, 4: 48, 5: 56, 6: 64, 7: 72, 8: 80, 9: 88, 10: 96, 11: 104, 12: 112, 13: 120, 14: 128, 15: 136, 16: 144, 17: 152, 18: 160, 19: 168, 20: 176, 21: 184, 22: 8, 23: 192, 24: 200}",Y,"{0: 24, 1: 32, 2: 40, 3: 16, 4: 48, 5: 56, 6: 64, 7: 72, 8: 80, 9: 88, 10: 96, 11: 104, 12: 112, 13: 120, 14: 128, 15: 136, 16: 144, 17: 152, 18: 160, 19: 168, 20: 176, 21: 184, 22: 8, 23: 192, 24: 200}","{(0, 4): 1, (0, 6): 1, (0, 7): 1, (0, 9): 1, (0, 13): 1, (0, 15): 1, (0, 19): 1, (0, 20): 1, (0, 21): 1, (0, 23): 15, (1, 2): 1, (1, 7): 1, (1, 8): 21, (1, 9): 1, (1, 10): 1, (1, 11): 1, (1, 12): 1, (1, 13): 1, (1, 15): 1, (1, 16): 1, (1, 19): 1, (1, 21): 1, (2, 3): 1, (2, 4): 1, (2, 6): 1, (2, 7): 1, (2, 10): 1, (2, 11): 1, (2, 13): 1, (2, 17): 1, (2, 18): 30, (2, 19): 1, (3, 4): 1, (3, 13): 1, (3, 15): 1, (3, 16): 9, (3, 18): 1, (3, 22): 1, (3, 23): 1, (4, 7): 1, (4, 8): 1, (4, 9): 1, (4, 12): 1, (4, 14): 1, (4, 15): 37, (4, 16): 1, (4, 17): 1, (4, 23): 1, (5, 7): 1, (5, 8): 1, (5, 9): 1, (5, 12): 29, (5, 18): 1, (5, 21): 1, (5, 23): 1, (5, 24): 21, (6, 9): 1, (6, 10): 1, (6, 16): 1, (6, 17): 1, (6, 18): 1, (6, 19): 1, (6, 21): 1, (6, 23): 1, (6, 24): 54, (7, 8): 21, (7, 12): 1, (7, 16): 1, (7, 20): 41, (7, 21): 1, (7, 23): 1, (7, 24): 1, (8, 9): 1, (8, 11): 33, (8, 18): 1, (8, 24): 1, (9, 10): 1, (9, 11): 1, (9, 12): 41, (9, 14): 1, (9, 15): 1, (9, 17): 1, (9, 18): 33, (9, 19): 1, (9, 20): 1, (9, 22): 1, (10, 13): 44, (10, 14): 1, (10, 15): 21, (10, 16): 1, (10, 17): 21, (10, 18): 1, (10, 19): 1, (10, 20): 1, (10, 22): 1, (11, 12): 1, (11, 16): 1, (11, 21): 1, (11, 24): 65, (12, 13): 1, (12, 16): 12, (12, 17): 21, (12, 18): 1, (12, 20): 1, (12, 22): 1, (12, 24): 1, (13, 14): 1, (13, 16): 65, (13, 17): 1, (13, 18): 1, (13, 20): 1, (13, 21): 1, (13, 23): 1, (14, 16): 1, (14, 19): 1, (14, 21): 1, (14, 23): 120, (14, 24): 1, (15, 21): 73, (15, 22): 1, (16, 17): 47, (16, 18): 1, (16, 19): 1, (16, 20): 1, (16, 21): 1, (17, 18): 8, (17, 19): 1, (17, 21): 47, (17, 23): 1, (17, 24): 1, (18, 19): 41, (18, 21): 1, (18, 22): 1, (18, 23): 38, (19, 20): 117, (19, 24): 1, (20, 23): 12, (21, 22): 1, (21, 24): 53, (22, 24): 1}",44.82269287109375,140.0,25.0,280.0
96.0,Graph with 25 nodes and 153 edges,"[[0, 0, 1, 1, 1, 1, 1, 1, 1, 0, 1, 0, 1, 1, 0, 1, 0, 1, 1, 0, 1, 0, 0, 1, 1], [0, 0, 1, 0, 0, 1, 1, 0, 1, 1, 1, 0, 1, 0, 0, 0, 0, 1, 1, 0, 0, 1, 0, 0, 0], [1, 1, 0, 1, 1, 1, 1, 0, 1, 0, 1, 1, 0, 1, 1, 1, 1, 0, 0, 1, 0, 0, 0, 1, 1], [1, 0, 1, 0, 1, 1, 1, 1, 0, 0, 1, 1, 1, 0, 0, 1, 0, 1, 1, 1, 1, 0, 0, 1, 1], [1, 0, 1, 1, 0, 0, 0, 0, 0, 0, 1, 1, 0, 1, 1, 0, 1, 1, 0, 1, 0, 0, 1, 1, 1], [1, 1, 1, 1, 0, 0, 1, 0, 0, 1, 1, 1, 0, 1, 0, 1, 0, 1, 0, 1, 0, 1, 0, 1, 0], [1, 1, 1, 1, 0, 1, 0, 1, 1, 0, 1, 1, 0, 0, 0, 1, 1, 1, 1, 0, 0, 0, 0, 1, 0], [1, 0, 0, 1, 0, 0, 1, 0, 1, 0, 0, 0, 1, 0, 0, 0, 1, 0, 0, 0, 0, 0, 0, 0, 0], [1, 1, 1, 0, 0, 0, 1, 1, 0, 1, 1, 1, 0, 1, 1, 0, 1, 1, 0, 1, 0, 1, 1, 1, 0], [0, 1, 0, 0, 0, 1, 0, 0, 1, 0, 1, 0, 0, 0, 0, 1, 1, 0, 1, 1, 1, 1, 0, 1, 1], [1, 1, 1, 1, 1, 1, 1, 0, 1, 1, 0, 0, 1, 1, 0, 0, 1, 1, 1, 0, 0, 0, 1, 1, 1], [0, 0, 1, 1, 1, 1, 1, 0, 1, 0, 0, 0, 0, 0, 1, 1, 0, 1, 1, 1, 1, 0, 1, 0, 0], [1, 1, 0, 1, 0, 0, 0, 1, 0, 0, 1, 0, 0, 1, 0, 0, 0, 0, 0, 0, 1, 1, 0, 0, 1], [1, 0, 1, 0, 1, 1, 0, 0, 1, 0, 1, 0, 1, 0, 1, 0, 0, 1, 0, 0, 1, 0, 0, 0, 0], [0, 0, 1, 0, 1, 0, 0, 0, 1, 0, 0, 1, 0, 1, 0, 1, 0, 0, 1, 0, 0, 1, 1, 1, 1], [1, 0, 1, 1, 0, 1, 1, 0, 0, 1, 0, 1, 0, 0, 1, 0, 0, 1, 1, 0, 0, 1, 0, 1, 1], [0, 0, 1, 0, 1, 0, 1, 1, 1, 1, 1, 0, 0, 0, 0, 0, 0, 0, 0, 0, 1, 1, 0, 0, 1], [1, 1, 0, 1, 1, 1, 1, 0, 1, 0, 1, 1, 0, 1, 0, 1, 0, 0, 1, 1, 0, 0, 0, 0, 0], [1, 1, 0, 1, 0, 0, 1, 0, 0, 1, 1, 1, 0, 0, 1, 1, 0, 1, 0, 1, 1, 0, 1, 0, 0], [0, 0, 1, 1, 1, 1, 0, 0, 1, 1, 0, 1, 0, 0, 0, 0, 0, 1, 1, 0, 1, 0, 1, 0, 0], [1, 0, 0, 1, 0, 0, 0, 0, 0, 1, 0, 1, 1, 1, 0, 0, 1, 0, 1, 1, 0, 1, 0, 1, 1], [0, 1, 0, 0, 0, 1, 0, 0, 1, 1, 0, 0, 1, 0, 1, 1, 1, 0, 0, 0, 1, 0, 0, 0, 0], [0, 0, 0, 0, 1, 0, 0, 0, 1, 0, 1, 1, 0, 0, 1, 0, 0, 0, 1, 1, 0, 0, 0, 0, 1], [1, 0, 1, 1, 1, 1, 1, 0, 1, 1, 1, 0, 0, 0, 1, 1, 0, 0, 0, 0, 1, 0, 0, 0, 0], [1, 0, 1, 1, 1, 0, 0, 0, 0, 1, 1, 0, 1, 0, 1, 1, 1, 0, 0, 0, 1, 0, 1, 0, 0]]",14.0,7.0,Y,"{0: 175, 1: 28, 2: 168, 3: 161, 4: 77, 5: 84, 6: 14, 7: 70, 8: 154, 9: 147, 10: 182, 11: 140, 12: 63, 13: 21, 14: 133, 15: 112, 16: 91, 17: 49, 18: 42, 19: 98, 20: 105, 21: 56, 22: 126, 23: 35, 24: 119}",Y,"{0: 175, 1: 28, 2: 168, 3: 161, 4: 77, 5: 84, 6: 14, 7: 70, 8: 154, 9: 147, 10: 182, 11: 140, 12: 63, 13: 21, 14: 133, 15: 112, 16: 91, 17: 49, 18: 42, 19: 98, 20: 105, 21: 56, 22: 126, 23: 35, 24: 119}","{(0, 2): 1, (0, 3): 1, (0, 4): 1, (0, 5): 1, (0, 6): 1, (0, 7): 1, (0, 8): 1, (0, 10): 61, (0, 12): 1, (0, 13): 1, (0, 15): 100, (0, 17): 1, (0, 18): 1, (0, 20): 1, (0, 23): 1, (0, 24): 1, (1, 2): 1, (1, 5): 1, (1, 6): 1, (1, 8): 1, (1, 9): 19, (1, 10): 1, (1, 12): 1, (1, 17): 1, (1, 18): 1, (1, 21): 1, (2, 3): 1, (2, 4): 1, (2, 5): 1, (2, 6): 1, (2, 8): 129, (2, 10): 1, (2, 11): 25, (2, 13): 1, (2, 14): 1, (2, 15): 1, (2, 16): 1, (2, 19): 1, (2, 23): 1, (2, 24): 1, (3, 4): 1, (3, 5): 1, (3, 6): 1, (3, 7): 1, (3, 10): 106, (3, 11): 5, (3, 12): 1, (3, 15): 1, (3, 17): 37, (3, 18): 1, (3, 19): 1, (3, 20): 1, (3, 23): 1, (3, 24): 1, (4, 10): 1, (4, 11): 21, (4, 13): 1, (4, 14): 15, (4, 16): 1, (4, 17): 1, (4, 19): 1, (4, 22): 1, (4, 23): 1, (4, 24): 31, (5, 6): 1, (5, 9): 71, (5, 10): 1, (5, 11): 1, (5, 13): 1, (5, 15): 1, (5, 17): 1, (5, 19): 1, (5, 21): 1, (5, 23): 1, (6, 7): 1, (6, 8): 1, (6, 10): 1, (6, 11): 1, (6, 15): 1, (6, 16): 1, (6, 17): 1, (6, 18): 1, (6, 23): 1, (7, 8): 11, (7, 12): 55, (7, 16): 1, (8, 9): 1, (8, 10): 1, (8, 11): 1, (8, 13): 1, (8, 14): 1, (8, 16): 1, (8, 17): 1, (8, 19): 1, (8, 21): 1, (8, 22): 1, (8, 23): 1, (9, 10): 1, (9, 15): 1, (9, 16): 48, (9, 18): 1, (9, 19): 1, (9, 20): 1, (9, 21): 1, (9, 23): 1, (9, 24): 1, (10, 12): 1, (10, 13): 1, (10, 16): 1, (10, 17): 1, (10, 18): 1, (10, 22): 1, (10, 23): 1, (10, 24): 1, (11, 14): 80, (11, 15): 1, (11, 17): 1, (11, 18): 1, (11, 19): 1, (11, 20): 1, (11, 22): 1, (12, 13): 1, (12, 20): 1, (12, 21): 1, (12, 24): 1, (13, 14): 1, (13, 17): 1, (13, 20): 12, (14, 15): 1, (14, 18): 30, (14, 21): 1, (14, 22): 1, (14, 23): 1, (14, 24): 1, (15, 17): 1, (15, 18): 1, (15, 21): 1, (15, 23): 1, (15, 24): 1, (16, 20): 1, (16, 21): 35, (16, 24): 1, (17, 18): 1, (17, 19): 1, (18, 19): 1, (18, 20): 1, (18, 22): 1, (19, 20): 1, (19, 22): 88, (20, 21): 14, (20, 23): 24, (20, 24): 47, (22, 24): 32}",1370.9068298339844,153.0,25.0,306.0
96.0,Graph with 25 nodes and 153 edges,"[[0, 0, 1, 1, 1, 1, 1, 1, 1, 0, 1, 0, 1, 1, 0, 1, 0, 1, 1, 0, 1, 0, 0, 1, 1], [0, 0, 1, 0, 0, 1, 1, 0, 1, 1, 1, 0, 1, 0, 0, 0, 0, 1, 1, 0, 0, 1, 0, 0, 0], [1, 1, 0, 1, 1, 1, 1, 0, 1, 0, 1, 1, 0, 1, 1, 1, 1, 0, 0, 1, 0, 0, 0, 1, 1], [1, 0, 1, 0, 1, 1, 1, 1, 0, 0, 1, 1, 1, 0, 0, 1, 0, 1, 1, 1, 1, 0, 0, 1, 1], [1, 0, 1, 1, 0, 0, 0, 0, 0, 0, 1, 1, 0, 1, 1, 0, 1, 1, 0, 1, 0, 0, 1, 1, 1], [1, 1, 1, 1, 0, 0, 1, 0, 0, 1, 1, 1, 0, 1, 0, 1, 0, 1, 0, 1, 0, 1, 0, 1, 0], [1, 1, 1, 1, 0, 1, 0, 1, 1, 0, 1, 1, 0, 0, 0, 1, 1, 1, 1, 0, 0, 0, 0, 1, 0], [1, 0, 0, 1, 0, 0, 1, 0, 1, 0, 0, 0, 1, 0, 0, 0, 1, 0, 0, 0, 0, 0, 0, 0, 0], [1, 1, 1, 0, 0, 0, 1, 1, 0, 1, 1, 1, 0, 1, 1, 0, 1, 1, 0, 1, 0, 1, 1, 1, 0], [0, 1, 0, 0, 0, 1, 0, 0, 1, 0, 1, 0, 0, 0, 0, 1, 1, 0, 1, 1, 1, 1, 0, 1, 1], [1, 1, 1, 1, 1, 1, 1, 0, 1, 1, 0, 0, 1, 1, 0, 0, 1, 1, 1, 0, 0, 0, 1, 1, 1], [0, 0, 1, 1, 1, 1, 1, 0, 1, 0, 0, 0, 0, 0, 1, 1, 0, 1, 1, 1, 1, 0, 1, 0, 0], [1, 1, 0, 1, 0, 0, 0, 1, 0, 0, 1, 0, 0, 1, 0, 0, 0, 0, 0, 0, 1, 1, 0, 0, 1], [1, 0, 1, 0, 1, 1, 0, 0, 1, 0, 1, 0, 1, 0, 1, 0, 0, 1, 0, 0, 1, 0, 0, 0, 0], [0, 0, 1, 0, 1, 0, 0, 0, 1, 0, 0, 1, 0, 1, 0, 1, 0, 0, 1, 0, 0, 1, 1, 1, 1], [1, 0, 1, 1, 0, 1, 1, 0, 0, 1, 0, 1, 0, 0, 1, 0, 0, 1, 1, 0, 0, 1, 0, 1, 1], [0, 0, 1, 0, 1, 0, 1, 1, 1, 1, 1, 0, 0, 0, 0, 0, 0, 0, 0, 0, 1, 1, 0, 0, 1], [1, 1, 0, 1, 1, 1, 1, 0, 1, 0, 1, 1, 0, 1, 0, 1, 0, 0, 1, 1, 0, 0, 0, 0, 0], [1, 1, 0, 1, 0, 0, 1, 0, 0, 1, 1, 1, 0, 0, 1, 1, 0, 1, 0, 1, 1, 0, 1, 0, 0], [0, 0, 1, 1, 1, 1, 0, 0, 1, 1, 0, 1, 0, 0, 0, 0, 0, 1, 1, 0, 1, 0, 1, 0, 0], [1, 0, 0, 1, 0, 0, 0, 0, 0, 1, 0, 1, 1, 1, 0, 0, 1, 0, 1, 1, 0, 1, 0, 1, 1], [0, 1, 0, 0, 0, 1, 0, 0, 1, 1, 0, 0, 1, 0, 1, 1, 1, 0, 0, 0, 1, 0, 0, 0, 0], [0, 0, 0, 0, 1, 0, 0, 0, 1, 0, 1, 1, 0, 0, 1, 0, 0, 0, 1, 1, 0, 0, 0, 0, 1], [1, 0, 1, 1, 1, 1, 1, 0, 1, 1, 1, 0, 0, 0, 1, 1, 0, 0, 0, 0, 1, 0, 0, 0, 0], [1, 0, 1, 1, 1, 0, 0, 0, 0, 1, 1, 0, 1, 0, 1, 1, 1, 0, 0, 0, 1, 0, 1, 0, 0]]",18.0,3.0,Y,"{0: 21, 1: 24, 2: 27, 3: 30, 4: 33, 5: 36, 6: 39, 7: 42, 8: 45, 9: 48, 10: 51, 11: 54, 12: 57, 13: 60, 14: 63, 15: 66, 16: 69, 17: 72, 18: 75, 19: 78, 20: 81, 21: 84, 22: 87, 23: 90, 24: 18}",Y,"{0: 21, 1: 24, 2: 27, 3: 30, 4: 33, 5: 36, 6: 39, 7: 42, 8: 45, 9: 48, 10: 51, 11: 54, 12: 57, 13: 60, 14: 63, 15: 66, 16: 69, 17: 72, 18: 75, 19: 78, 20: 81, 21: 84, 22: 87, 23: 90, 24: 18}","{(0, 2): 1, (0, 3): 1, (0, 4): 1, (0, 5): 1, (0, 6): 1, (0, 7): 1, (0, 8): 1, (0, 10): 1, (0, 12): 1, (0, 13): 1, (0, 15): 6, (0, 17): 1, (0, 18): 1, (0, 20): 1, (0, 23): 1, (0, 24): 1, (1, 2): 1, (1, 5): 1, (1, 6): 1, (1, 8): 1, (1, 9): 1, (1, 10): 1, (1, 12): 1, (1, 17): 1, (1, 18): 1, (1, 21): 15, (2, 3): 1, (2, 4): 1, (2, 5): 1, (2, 6): 1, (2, 8): 1, (2, 10): 12, (2, 11): 1, (2, 13): 1, (2, 14): 1, (2, 15): 1, (2, 16): 1, (2, 19): 1, (2, 23): 1, (2, 24): 1, (3, 4): 1, (3, 5): 1, (3, 6): 1, (3, 7): 1, (3, 10): 15, (3, 11): 1, (3, 12): 1, (3, 15): 1, (3, 17): 1, (3, 18): 1, (3, 19): 1, (3, 20): 1, (3, 23): 1, (3, 24): 1, (4, 10): 1, (4, 11): 1, (4, 13): 1, (4, 14): 1, (4, 16): 1, (4, 17): 21, (4, 19): 1, (4, 22): 1, (4, 23): 1, (4, 24): 1, (5, 6): 1, (5, 9): 1, (5, 10): 1, (5, 11): 1, (5, 13): 1, (5, 15): 1, (5, 17): 15, (5, 19): 1, (5, 21): 9, (5, 23): 1, (6, 7): 1, (6, 8): 1, (6, 10): 1, (6, 11): 1, (6, 15): 1, (6, 16): 1, (6, 17): 17, (6, 18): 10, (6, 23): 1, (7, 8): 1, (7, 12): 37, (7, 16): 1, (8, 9): 1, (8, 10): 1, (8, 11): 1, (8, 13): 30, (8, 14): 1, (8, 16): 1, (8, 17): 1, (8, 19): 1, (8, 21): 1, (8, 22): 1, (8, 23): 1, (9, 10): 1, (9, 15): 1, (9, 16): 1, (9, 18): 1, (9, 19): 30, (9, 20): 8, (9, 21): 1, (9, 23): 1, (9, 24): 1, (10, 12): 1, (10, 13): 1, (10, 16): 1, (10, 17): 1, (10, 18): 1, (10, 22): 10, (10, 23): 1, (10, 24): 1, (11, 14): 1, (11, 15): 1, (11, 17): 1, (11, 18): 4, (11, 19): 39, (11, 20): 1, (11, 22): 1, (12, 13): 13, (12, 20): 1, (12, 21): 1, (12, 24): 1, (13, 14): 1, (13, 17): 10, (13, 20): 1, (14, 15): 1, (14, 18): 1, (14, 21): 1, (14, 22): 53, (14, 23): 1, (14, 24): 1, (15, 17): 1, (15, 18): 33, (15, 21): 1, (15, 23): 17, (15, 24): 1, (16, 20): 1, (16, 21): 54, (16, 24): 7, (17, 18): 1, (17, 19): 1, (18, 19): 1, (18, 20): 1, (18, 22): 19, (19, 20): 1, (19, 22): 1, (20, 21): 1, (20, 23): 63, (20, 24): 1, (22, 24): 1}",1336.0977172851562,153.0,25.0,306.0
97.0,Graph with 25 nodes and 149 edges,"[[0, 0, 1, 0, 1, 0, 0, 1, 0, 0, 1, 1, 0, 1, 1, 1, 1, 0, 0, 0, 0, 0, 1, 1, 0], [0, 0, 1, 0, 1, 0, 0, 0, 0, 1, 0, 0, 0, 0, 0, 0, 1, 0, 0, 0, 1, 1, 1, 0, 1], [1, 1, 0, 0, 0, 0, 1, 1, 1, 1, 0, 1, 0, 0, 1, 1, 0, 0, 0, 0, 0, 1, 0, 0, 0], [0, 0, 0, 0, 0, 1, 1, 1, 1, 1, 1, 1, 0, 0, 0, 1, 1, 1, 0, 1, 0, 0, 1, 1, 1], [1, 1, 0, 0, 0, 1, 1, 0, 1, 0, 0, 1, 0, 1, 0, 1, 1, 1, 0, 0, 1, 1, 0, 1, 1], [0, 0, 0, 1, 1, 0, 1, 0, 0, 0, 1, 1, 0, 1, 1, 1, 0, 0, 1, 0, 1, 0, 0, 1, 0], [0, 0, 1, 1, 1, 1, 0, 0, 1, 1, 1, 0, 0, 1, 0, 0, 0, 0, 1, 0, 1, 0, 1, 0, 1], [1, 0, 1, 1, 0, 0, 0, 0, 0, 0, 1, 0, 0, 0, 0, 0, 1, 1, 1, 0, 0, 1, 1, 1, 1], [0, 0, 1, 1, 1, 0, 1, 0, 0, 0, 1, 0, 1, 1, 0, 1, 1, 0, 1, 1, 1, 0, 0, 1, 0], [0, 1, 1, 1, 0, 0, 1, 0, 0, 0, 1, 0, 0, 0, 0, 1, 1, 1, 0, 1, 0, 0, 0, 0, 1], [1, 0, 0, 1, 0, 1, 1, 1, 1, 1, 0, 0, 1, 0, 1, 1, 0, 0, 1, 1, 1, 0, 1, 1, 1], [1, 0, 1, 1, 1, 1, 0, 0, 0, 0, 0, 0, 1, 1, 1, 1, 0, 1, 1, 0, 1, 0, 1, 1, 1], [0, 0, 0, 0, 0, 0, 0, 0, 1, 0, 1, 1, 0, 1, 0, 1, 0, 1, 1, 0, 1, 0, 1, 1, 1], [1, 0, 0, 0, 1, 1, 1, 0, 1, 0, 0, 1, 1, 0, 0, 0, 0, 0, 1, 0, 0, 0, 1, 1, 0], [1, 0, 1, 0, 0, 1, 0, 0, 0, 0, 1, 1, 0, 0, 0, 0, 0, 0, 1, 1, 0, 1, 0, 0, 0], [1, 0, 1, 1, 1, 1, 0, 0, 1, 1, 1, 1, 1, 0, 0, 0, 0, 0, 1, 0, 1, 1, 0, 1, 1], [1, 1, 0, 1, 1, 0, 0, 1, 1, 1, 0, 0, 0, 0, 0, 0, 0, 1, 0, 1, 0, 1, 1, 0, 0], [0, 0, 0, 1, 1, 0, 0, 1, 0, 1, 0, 1, 1, 0, 0, 0, 1, 0, 1, 1, 0, 0, 0, 1, 0], [0, 0, 0, 0, 0, 1, 1, 1, 1, 0, 1, 1, 1, 1, 1, 1, 0, 1, 0, 1, 0, 0, 0, 1, 1], [0, 0, 0, 1, 0, 0, 0, 0, 1, 1, 1, 0, 0, 0, 1, 0, 1, 1, 1, 0, 0, 1, 1, 0, 0], [0, 1, 0, 0, 1, 1, 1, 0, 1, 0, 1, 1, 1, 0, 0, 1, 0, 0, 0, 0, 0, 1, 0, 1, 0], [0, 1, 1, 0, 1, 0, 0, 1, 0, 0, 0, 0, 0, 0, 1, 1, 1, 0, 0, 1, 1, 0, 0, 1, 1], [1, 1, 0, 1, 0, 0, 1, 1, 0, 0, 1, 1, 1, 1, 0, 0, 1, 0, 0, 1, 0, 0, 0, 1, 1], [1, 0, 0, 1, 1, 1, 0, 1, 1, 0, 1, 1, 1, 1, 0, 1, 0, 1, 1, 0, 1, 1, 1, 0, 0], [0, 1, 0, 1, 1, 0, 1, 1, 0, 1, 1, 1, 1, 0, 0, 1, 0, 0, 1, 0, 0, 1, 1, 0, 0]]",18.0,8.0,Y,"{0: 26, 1: 34, 2: 42, 3: 50, 4: 58, 5: 66, 6: 74, 7: 82, 8: 90, 9: 98, 10: 106, 11: 114, 12: 122, 13: 130, 14: 138, 15: 146, 16: 154, 17: 162, 18: 170, 19: 178, 20: 186, 21: 194, 22: 202, 23: 210, 24: 18}",Y,"{0: 26, 1: 34, 2: 42, 3: 50, 4: 58, 5: 66, 6: 74, 7: 82, 8: 90, 9: 98, 10: 106, 11: 114, 12: 122, 13: 130, 14: 138, 15: 146, 16: 154, 17: 162, 18: 170, 19: 178, 20: 186, 21: 194, 22: 202, 23: 210, 24: 18}","{(0, 2): 1, (0, 4): 1, (0, 7): 1, (0, 10): 1, (0, 11): 1, (0, 13): 16, (0, 14): 1, (0, 15): 1, (0, 16): 1, (0, 22): 1, (0, 23): 1, (1, 2): 1, (1, 4): 1, (1, 9): 1, (1, 16): 1, (1, 20): 27, (1, 21): 1, (1, 22): 1, (1, 24): 1, (2, 6): 1, (2, 7): 1, (2, 8): 1, (2, 9): 1, (2, 11): 1, (2, 14): 6, (2, 15): 1, (2, 21): 28, (3, 5): 1, (3, 6): 1, (3, 7): 1, (3, 8): 1, (3, 9): 1, (3, 10): 1, (3, 11): 1, (3, 15): 1, (3, 16): 1, (3, 17): 37, (3, 19): 1, (3, 22): 1, (3, 23): 1, (3, 24): 1, (4, 5): 1, (4, 6): 1, (4, 8): 1, (4, 11): 1, (4, 13): 39, (4, 15): 1, (4, 16): 1, (4, 17): 1, (4, 20): 7, (4, 21): 1, (4, 23): 1, (4, 24): 1, (5, 6): 1, (5, 10): 1, (5, 11): 1, (5, 13): 1, (5, 14): 1, (5, 15): 1, (5, 18): 1, (5, 20): 56, (5, 23): 1, (6, 8): 1, (6, 9): 1, (6, 10): 1, (6, 13): 1, (6, 18): 1, (6, 20): 63, (6, 22): 1, (6, 24): 1, (7, 10): 1, (7, 16): 1, (7, 17): 1, (7, 18): 1, (7, 21): 1, (7, 22): 72, (7, 23): 1, (7, 24): 1, (8, 10): 2, (8, 12): 1, (8, 13): 1, (8, 15): 1, (8, 16): 23, (8, 18): 1, (8, 19): 55, (8, 20): 1, (8, 23): 1, (9, 10): 1, (9, 15): 1, (9, 16): 1, (9, 17): 89, (9, 19): 1, (9, 24): 1, (10, 12): 1, (10, 14): 1, (10, 15): 33, (10, 18): 58, (10, 19): 1, (10, 20): 1, (10, 22): 1, (10, 23): 1, (10, 24): 1, (11, 12): 1, (11, 13): 1, (11, 14): 1, (11, 15): 1, (11, 17): 1, (11, 18): 1, (11, 20): 1, (11, 22): 1, (11, 23): 100, (11, 24): 1, (12, 13): 1, (12, 15): 1, (12, 17): 1, (12, 18): 1, (12, 20): 1, (12, 22): 112, (12, 23): 1, (12, 24): 1, (13, 18): 1, (13, 22): 1, (13, 23): 68, (14, 18): 1, (14, 19): 1, (14, 21): 126, (15, 18): 100, (15, 20): 1, (15, 21): 1, (15, 23): 1, (15, 24): 1, (16, 17): 1, (16, 19): 115, (16, 21): 1, (16, 22): 8, (17, 18): 1, (17, 19): 1, (17, 23): 29, (18, 19): 1, (18, 23): 1, (18, 24): 1, (19, 21): 1, (19, 22): 1, (20, 21): 27, (20, 23): 1, (21, 23): 1, (21, 24): 6, (22, 23): 1, (22, 24): 1}",1715.1832580566406,149.0,25.0,298.0
99.0,Graph with 25 nodes and 149 edges,"[[0, 1, 1, 0, 0, 1, 1, 1, 0, 1, 0, 0, 1, 1, 1, 0, 0, 1, 0, 0, 0, 1, 0, 1, 1], [1, 0, 1, 1, 0, 1, 1, 0, 0, 0, 0, 0, 0, 0, 1, 0, 0, 0, 0, 1, 0, 0, 0, 0, 1], [1, 1, 0, 0, 0, 1, 1, 0, 1, 0, 0, 1, 1, 0, 0, 0, 1, 1, 1, 1, 0, 0, 0, 1, 1], [0, 1, 0, 0, 0, 0, 1, 1, 0, 1, 1, 1, 1, 0, 0, 1, 1, 0, 0, 1, 1, 0, 1, 1, 1], [0, 0, 0, 0, 0, 0, 1, 0, 1, 0, 0, 0, 1, 0, 0, 1, 1, 1, 1, 0, 1, 0, 0, 0, 1], [1, 1, 1, 0, 0, 0, 1, 0, 1, 1, 1, 1, 0, 1, 0, 1, 1, 0, 1, 0, 0, 1, 0, 1, 1], [1, 1, 1, 1, 1, 1, 0, 1, 1, 1, 1, 0, 0, 1, 1, 1, 0, 1, 0, 0, 1, 0, 1, 1, 0], [1, 0, 0, 1, 0, 0, 1, 0, 0, 0, 1, 1, 1, 0, 1, 0, 0, 0, 0, 0, 0, 1, 1, 0, 0], [0, 0, 1, 0, 1, 1, 1, 0, 0, 1, 1, 1, 1, 1, 0, 0, 0, 1, 1, 1, 0, 0, 0, 1, 0], [1, 0, 0, 1, 0, 1, 1, 0, 1, 0, 1, 0, 0, 1, 0, 1, 0, 0, 0, 0, 1, 1, 0, 0, 1], [0, 0, 0, 1, 0, 1, 1, 1, 1, 1, 0, 0, 0, 1, 1, 0, 0, 0, 0, 1, 0, 1, 1, 1, 1], [0, 0, 1, 1, 0, 1, 0, 1, 1, 0, 0, 0, 1, 0, 1, 1, 0, 0, 1, 0, 1, 0, 0, 0, 1], [1, 0, 1, 1, 1, 0, 0, 1, 1, 0, 0, 1, 0, 0, 1, 1, 1, 0, 0, 0, 0, 0, 0, 0, 0], [1, 0, 0, 0, 0, 1, 1, 0, 1, 1, 1, 0, 0, 0, 1, 1, 1, 0, 1, 0, 0, 1, 1, 1, 1], [1, 1, 0, 0, 0, 0, 1, 1, 0, 0, 1, 1, 1, 1, 0, 1, 1, 0, 1, 0, 0, 0, 1, 0, 1], [0, 0, 0, 1, 1, 1, 1, 0, 0, 1, 0, 1, 1, 1, 1, 0, 1, 1, 0, 1, 1, 1, 1, 0, 1], [0, 0, 1, 1, 1, 1, 0, 0, 0, 0, 0, 0, 1, 1, 1, 1, 0, 1, 1, 1, 0, 0, 1, 0, 0], [1, 0, 1, 0, 1, 0, 1, 0, 1, 0, 0, 0, 0, 0, 0, 1, 1, 0, 0, 1, 0, 1, 0, 1, 1], [0, 0, 1, 0, 1, 1, 0, 0, 1, 0, 0, 1, 0, 1, 1, 0, 1, 0, 0, 1, 1, 0, 0, 0, 1], [0, 1, 1, 1, 0, 0, 0, 0, 1, 0, 1, 0, 0, 0, 0, 1, 1, 1, 1, 0, 1, 0, 1, 0, 0], [0, 0, 0, 1, 1, 0, 1, 0, 0, 1, 0, 1, 0, 0, 0, 1, 0, 0, 1, 1, 0, 0, 0, 1, 1], [1, 0, 0, 0, 0, 1, 0, 1, 0, 1, 1, 0, 0, 1, 0, 1, 0, 1, 0, 0, 0, 0, 0, 1, 0], [0, 0, 0, 1, 0, 0, 1, 1, 0, 0, 1, 0, 0, 1, 1, 1, 1, 0, 0, 1, 0, 0, 0, 0, 0], [1, 0, 1, 1, 0, 1, 1, 0, 1, 0, 1, 0, 0, 1, 0, 0, 0, 1, 0, 0, 1, 1, 0, 0, 0], [1, 1, 1, 1, 1, 1, 0, 0, 0, 1, 1, 1, 0, 1, 1, 1, 0, 1, 1, 0, 1, 0, 0, 0, 0]]",24.0,4.0,Y,"{0: 28, 1: 32, 2: 36, 3: 40, 4: 44, 5: 48, 6: 52, 7: 56, 8: 60, 9: 64, 10: 68, 11: 72, 12: 76, 13: 80, 14: 84, 15: 88, 16: 92, 17: 96, 18: 100, 19: 104, 20: 108, 21: 112, 22: 116, 23: 120, 24: 24}",Y,"{0: 28, 1: 32, 2: 36, 3: 40, 4: 44, 5: 48, 6: 52, 7: 56, 8: 60, 9: 64, 10: 68, 11: 72, 12: 76, 13: 80, 14: 84, 15: 88, 16: 92, 17: 96, 18: 100, 19: 104, 20: 108, 21: 112, 22: 116, 23: 120, 24: 24}","{(0, 1): 1, (0, 2): 1, (0, 5): 1, (0, 6): 1, (0, 7): 1, (0, 9): 1, (0, 12): 1, (0, 13): 16, (0, 14): 1, (0, 17): 1, (0, 21): 1, (0, 23): 1, (0, 24): 1, (1, 2): 1, (1, 3): 1, (1, 5): 25, (1, 6): 1, (1, 14): 1, (1, 19): 1, (1, 24): 1, (2, 5): 1, (2, 6): 1, (2, 8): 1, (2, 11): 1, (2, 12): 24, (2, 16): 1, (2, 17): 1, (2, 18): 1, (2, 19): 1, (2, 23): 1, (2, 24): 1, (3, 6): 1, (3, 7): 1, (3, 9): 1, (3, 10): 1, (3, 11): 1, (3, 12): 1, (3, 15): 1, (3, 16): 1, (3, 19): 1, (3, 20): 1, (3, 22): 27, (3, 23): 1, (3, 24): 1, (4, 6): 1, (4, 8): 1, (4, 12): 1, (4, 15): 36, (4, 16): 1, (4, 17): 1, (4, 18): 1, (4, 20): 1, (4, 24): 1, (5, 6): 1, (5, 8): 1, (5, 9): 1, (5, 10): 1, (5, 11): 4, (5, 13): 1, (5, 15): 1, (5, 16): 1, (5, 18): 1, (5, 21): 1, (5, 23): 7, (5, 24): 1, (6, 7): 1, (6, 8): 1, (6, 9): 1, (6, 10): 1, (6, 13): 18, (6, 14): 1, (6, 15): 1, (6, 17): 19, (6, 20): 1, (6, 22): 1, (6, 23): 1, (7, 10): 1, (7, 11): 1, (7, 12): 1, (7, 14): 1, (7, 21): 1, (7, 22): 48, (8, 9): 1, (8, 10): 1, (8, 11): 1, (8, 12): 1, (8, 13): 1, (8, 17): 1, (8, 18): 1, (8, 19): 48, (8, 23): 1, (9, 10): 54, (9, 13): 1, (9, 15): 1, (9, 20): 1, (9, 21): 1, (9, 24): 1, (10, 13): 1, (10, 14): 1, (10, 19): 1, (10, 21): 1, (10, 22): 3, (10, 23): 1, (10, 24): 1, (11, 12): 1, (11, 14): 1, (11, 15): 1, (11, 18): 1, (11, 20): 59, (11, 24): 1, (12, 14): 16, (12, 15): 29, (12, 16): 1, (13, 14): 32, (13, 15): 1, (13, 16): 1, (13, 18): 1, (13, 21): 4, (13, 22): 1, (13, 23): 1, (13, 24): 1, (14, 15): 1, (14, 16): 1, (14, 18): 26, (14, 22): 1, (14, 24): 1, (15, 16): 1, (15, 17): 1, (15, 19): 1, (15, 20): 1, (15, 21): 1, (15, 22): 1, (15, 24): 10, (16, 17): 22, (16, 18): 28, (16, 19): 1, (16, 22): 33, (17, 19): 47, (17, 21): 1, (17, 23): 1, (17, 24): 1, (18, 19): 1, (18, 20): 38, (18, 24): 1, (19, 20): 1, (19, 22): 1, (20, 23): 4, (20, 24): 1, (21, 23): 101}",44.82269287109375,149.0,25.0,298.0
