graph_index,Graph,Adjacency_list,a,d,APG_label_availability,Vertex_labels,Edge_labels,Gurobi_runtime/microseconds,Gurobi_num_vars,Gurobi_num_constrs,Gurobi_nonzero_coefs
0.0,Graph with 25 nodes and 150 edges,"[[0, 1, 1, 0, 0, 0, 0, 1, 1, 1, 0, 0, 0, 1, 0, 1, 1, 0, 1, 1, 1, 1, 0, 1, 1], [1, 0, 0, 0, 0, 1, 0, 1, 1, 0, 0, 0, 0, 0, 1, 0, 1, 1, 1, 0, 0, 1, 0, 1, 0], [1, 0, 0, 1, 0, 1, 1, 0, 0, 0, 1, 0, 0, 0, 0, 1, 1, 0, 0, 0, 0, 0, 1, 1, 1], [0, 0, 1, 0, 1, 1, 0, 0, 1, 0, 1, 0, 1, 0, 0, 1, 1, 0, 1, 0, 1, 0, 0, 1, 0], [0, 0, 0, 1, 0, 1, 0, 1, 1, 0, 1, 1, 0, 1, 1, 1, 0, 1, 0, 1, 0, 1, 1, 0, 1], [0, 1, 1, 1, 1, 0, 0, 0, 1, 0, 0, 1, 1, 0, 0, 0, 1, 0, 1, 1, 0, 0, 0, 1, 1], [0, 0, 1, 0, 0, 0, 0, 1, 0, 1, 0, 1, 0, 0, 0, 1, 0, 0, 1, 0, 0, 1, 0, 1, 0], [1, 1, 0, 0, 1, 0, 1, 0, 1, 0, 1, 0, 1, 1, 1, 1, 0, 1, 1, 0, 0, 0, 0, 0, 0], [1, 1, 0, 1, 1, 1, 0, 1, 0, 0, 1, 0, 1, 0, 1, 0, 1, 1, 1, 0, 0, 1, 0, 1, 0], [1, 0, 0, 0, 0, 0, 1, 0, 0, 0, 0, 0, 1, 0, 0, 1, 0, 1, 0, 1, 0, 1, 1, 1, 1], [0, 0, 1, 1, 1, 0, 0, 1, 1, 0, 0, 1, 0, 0, 0, 0, 0, 1, 1, 0, 0, 1, 1, 1, 1], [0, 0, 0, 0, 1, 1, 1, 0, 0, 0, 1, 0, 0, 1, 1, 1, 1, 0, 0, 0, 1, 0, 0, 1, 0], [0, 0, 0, 1, 0, 1, 0, 1, 1, 1, 0, 0, 0, 0, 1, 0, 1, 1, 1, 1, 0, 0, 1, 0, 0], [1, 0, 0, 0, 1, 0, 0, 1, 0, 0, 0, 1, 0, 0, 0, 1, 1, 0, 1, 0, 1, 1, 0, 1, 0], [0, 1, 0, 0, 1, 0, 0, 1, 1, 0, 0, 1, 1, 0, 0, 1, 0, 1, 0, 1, 0, 1, 0, 1, 0], [1, 0, 1, 1, 1, 0, 1, 1, 0, 1, 0, 1, 0, 1, 1, 0, 0, 1, 0, 0, 1, 0, 1, 0, 1], [1, 1, 1, 1, 0, 1, 0, 0, 1, 0, 0, 1, 1, 1, 0, 0, 0, 0, 0, 1, 1, 1, 1, 0, 1], [0, 1, 0, 0, 1, 0, 0, 1, 1, 1, 1, 0, 1, 0, 1, 1, 0, 0, 1, 0, 1, 1, 1, 1, 1], [1, 1, 0, 1, 0, 1, 1, 1, 1, 0, 1, 0, 1, 1, 0, 0, 0, 1, 0, 1, 1, 0, 1, 1, 1], [1, 0, 0, 0, 1, 1, 0, 0, 0, 1, 0, 0, 1, 0, 1, 0, 1, 0, 1, 0, 0, 0, 1, 0, 0], [1, 0, 0, 1, 0, 0, 0, 0, 0, 0, 0, 1, 0, 1, 0, 1, 1, 1, 1, 0, 0, 1, 1, 1, 1], [1, 1, 0, 0, 1, 0, 1, 0, 1, 1, 1, 0, 0, 1, 1, 0, 1, 1, 0, 0, 1, 0, 1, 0, 0], [0, 0, 1, 0, 1, 0, 0, 0, 0, 1, 1, 0, 1, 0, 0, 1, 1, 1, 1, 1, 1, 1, 0, 0, 0], [1, 1, 1, 1, 0, 1, 1, 0, 1, 1, 1, 1, 0, 1, 1, 0, 0, 1, 1, 0, 1, 0, 0, 0, 0], [1, 0, 1, 0, 1, 1, 0, 0, 0, 1, 1, 0, 0, 0, 0, 1, 1, 1, 1, 0, 1, 0, 0, 0, 0]]",12.0,3.0,Y,"{0: 18, 1: 15, 2: 21, 3: 24, 4: 27, 5: 30, 6: 33, 7: 36, 8: 39, 9: 42, 10: 45, 11: 48, 12: 51, 13: 54, 14: 57, 15: 60, 16: 63, 17: 66, 18: 69, 19: 72, 20: 75, 21: 78, 22: 81, 23: 84, 24: 12}","{(0, 1): 5, (0, 2): 1, (0, 7): 1, (0, 8): 1, (0, 9): 1, (0, 13): 1, (0, 15): 1, (0, 16): 1, (0, 18): 1, (0, 19): 1, (0, 20): 1, (0, 21): 1, (0, 23): 1, (0, 24): 1, (1, 5): 2, (1, 7): 1, (1, 8): 1, (1, 14): 1, (1, 16): 1, (1, 17): 1, (1, 18): 1, (1, 21): 1, (1, 23): 1, (2, 3): 12, (2, 5): 1, (2, 6): 1, (2, 10): 1, (2, 15): 1, (2, 16): 1, (2, 22): 1, (2, 23): 1, (2, 24): 1, (3, 4): 3, (3, 5): 1, (3, 8): 1, (3, 10): 1, (3, 12): 1, (3, 15): 1, (3, 16): 1, (3, 18): 1, (3, 20): 1, (3, 23): 1, (4, 5): 12, (4, 7): 1, (4, 8): 1, (4, 10): 1, (4, 11): 1, (4, 13): 1, (4, 14): 1, (4, 15): 1, (4, 17): 1, (4, 19): 1, (4, 21): 1, (4, 22): 1, (4, 24): 1, (5, 8): 7, (5, 11): 1, (5, 12): 1, (5, 16): 1, (5, 18): 1, (5, 19): 1, (5, 23): 1, (5, 24): 1, (6, 7): 25, (6, 9): 2, (6, 11): 1, (6, 15): 1, (6, 18): 1, (6, 21): 1, (6, 23): 1, (7, 8): 1, (7, 10): 1, (7, 12): 1, (7, 13): 1, (7, 14): 1, (7, 15): 1, (7, 17): 1, (7, 18): 1, (8, 10): 1, (8, 12): 8, (8, 14): 1, (8, 16): 2, (8, 17): 10, (8, 18): 1, (8, 21): 1, (8, 23): 3, (9, 12): 19, (9, 15): 5, (9, 17): 10, (9, 19): 1, (9, 21): 1, (9, 22): 1, (9, 23): 1, (9, 24): 1, (10, 11): 1, (10, 17): 1, (10, 18): 7, (10, 21): 25, (10, 22): 1, (10, 23): 4, (10, 24): 1, (11, 13): 27, (11, 14): 3, (11, 15): 9, (11, 16): 3, (11, 20): 1, (11, 23): 1, (12, 14): 1, (12, 16): 1, (12, 17): 1, (12, 18): 10, (12, 19): 1, (12, 22): 7, (13, 15): 1, (13, 16): 5, (13, 18): 1, (13, 20): 1, (13, 21): 13, (13, 23): 3, (14, 15): 23, (14, 17): 1, (14, 19): 1, (14, 21): 2, (14, 23): 22, (15, 17): 1, (15, 20): 11, (15, 22): 2, (15, 24): 2, (16, 19): 9, (16, 20): 11, (16, 21): 25, (16, 22): 1, (16, 24): 1, (17, 18): 30, (17, 20): 1, (17, 21): 5, (17, 22): 1, (17, 23): 1, (17, 24): 1, (18, 19): 3, (18, 20): 1, (18, 22): 8, (18, 23): 1, (18, 24): 1, (19, 22): 54, (20, 21): 1, (20, 22): 3, (20, 23): 42, (20, 24): 1, (21, 22): 1}",4868.984222412109,775.0,75.0,2175.0
1.0,Graph with 25 nodes and 145 edges,"[[0, 0, 1, 1, 1, 0, 0, 1, 0, 1, 0, 1, 0, 1, 0, 0, 1, 1, 0, 1, 0, 0, 0, 0, 0], [0, 0, 1, 0, 1, 0, 1, 1, 0, 0, 0, 0, 1, 0, 0, 1, 1, 0, 0, 1, 1, 0, 1, 0, 0], [1, 1, 0, 1, 1, 1, 0, 0, 1, 0, 1, 1, 0, 1, 0, 0, 0, 1, 1, 1, 0, 0, 1, 0, 0], [1, 0, 1, 0, 1, 1, 1, 0, 1, 0, 0, 0, 1, 1, 0, 0, 0, 0, 0, 1, 1, 0, 0, 1, 1], [1, 1, 1, 1, 0, 1, 1, 0, 1, 0, 1, 0, 0, 1, 1, 1, 0, 1, 1, 0, 1, 1, 0, 0, 1], [0, 0, 1, 1, 1, 0, 0, 1, 0, 0, 0, 0, 0, 0, 0, 1, 0, 1, 1, 0, 0, 1, 1, 1, 1], [0, 1, 0, 1, 1, 0, 0, 1, 1, 1, 0, 1, 0, 0, 0, 0, 1, 0, 0, 0, 0, 1, 0, 0, 0], [1, 1, 0, 0, 0, 1, 1, 0, 1, 1, 0, 1, 0, 1, 0, 0, 0, 0, 1, 1, 1, 1, 1, 1, 1], [0, 0, 1, 1, 1, 0, 1, 1, 0, 0, 1, 1, 1, 0, 0, 1, 1, 0, 1, 0, 1, 0, 0, 0, 1], [1, 0, 0, 0, 0, 0, 1, 1, 0, 0, 0, 0, 0, 1, 0, 0, 0, 1, 1, 1, 0, 0, 0, 1, 1], [0, 0, 1, 0, 1, 0, 0, 0, 1, 0, 0, 0, 1, 0, 1, 0, 0, 1, 1, 0, 1, 1, 1, 0, 0], [1, 0, 1, 0, 0, 0, 1, 1, 1, 0, 0, 0, 0, 1, 0, 1, 0, 0, 0, 1, 1, 1, 1, 0, 0], [0, 1, 0, 1, 0, 0, 0, 0, 1, 0, 1, 0, 0, 0, 1, 1, 1, 0, 0, 0, 1, 1, 0, 0, 1], [1, 0, 1, 1, 1, 0, 0, 1, 0, 1, 0, 1, 0, 0, 1, 0, 0, 1, 1, 0, 0, 1, 1, 1, 0], [0, 0, 0, 0, 1, 0, 0, 0, 0, 0, 1, 0, 1, 1, 0, 1, 1, 0, 1, 0, 0, 1, 0, 1, 1], [0, 1, 0, 0, 1, 1, 0, 0, 1, 0, 0, 1, 1, 0, 1, 0, 0, 0, 0, 0, 1, 0, 1, 1, 0], [1, 1, 0, 0, 0, 0, 1, 0, 1, 0, 0, 0, 1, 0, 1, 0, 0, 1, 1, 1, 1, 0, 0, 1, 0], [1, 0, 1, 0, 1, 1, 0, 0, 0, 1, 1, 0, 0, 1, 0, 0, 1, 0, 0, 0, 1, 0, 1, 0, 1], [0, 0, 1, 0, 1, 1, 0, 1, 1, 1, 1, 0, 0, 1, 1, 0, 1, 0, 0, 1, 0, 1, 1, 1, 0], [1, 1, 1, 1, 0, 0, 0, 1, 0, 1, 0, 1, 0, 0, 0, 0, 1, 0, 1, 0, 1, 0, 0, 1, 0], [0, 1, 0, 1, 1, 0, 0, 1, 1, 0, 1, 1, 1, 0, 0, 1, 1, 1, 0, 1, 0, 0, 1, 1, 0], [0, 0, 0, 0, 1, 1, 1, 1, 0, 0, 1, 1, 1, 1, 1, 0, 0, 0, 1, 0, 0, 0, 1, 0, 0], [0, 1, 1, 0, 0, 1, 0, 1, 0, 0, 1, 1, 0, 1, 0, 1, 0, 1, 1, 0, 1, 1, 0, 1, 0], [0, 0, 0, 1, 0, 1, 0, 1, 0, 1, 0, 0, 0, 1, 1, 1, 1, 0, 1, 1, 1, 0, 1, 0, 1], [0, 0, 0, 1, 1, 1, 0, 1, 1, 1, 0, 0, 1, 0, 1, 0, 0, 1, 0, 0, 0, 0, 0, 1, 0]]",18.0,5.0,Y,"{0: 18, 1: 138, 2: 133, 3: 128, 4: 123, 5: 118, 6: 113, 7: 108, 8: 103, 9: 98, 10: 93, 11: 88, 12: 83, 13: 78, 14: 73, 15: 68, 16: 63, 17: 58, 18: 53, 19: 48, 20: 43, 21: 38, 22: 33, 23: 28, 24: 23}","{(0, 2): 1, (0, 3): 1, (0, 4): 9, (0, 7): 1, (0, 9): 1, (0, 11): 1, (0, 13): 1, (0, 16): 1, (0, 17): 1, (0, 19): 1, (1, 2): 1, (1, 4): 100, (1, 6): 1, (1, 7): 1, (1, 12): 1, (1, 15): 1, (1, 16): 1, (1, 19): 1, (1, 20): 10, (1, 22): 21, (2, 3): 1, (2, 4): 1, (2, 5): 1, (2, 8): 1, (2, 10): 1, (2, 11): 1, (2, 13): 1, (2, 17): 45, (2, 18): 40, (2, 19): 38, (2, 22): 1, (3, 4): 1, (3, 5): 1, (3, 6): 1, (3, 8): 1, (3, 12): 4, (3, 13): 66, (3, 19): 1, (3, 20): 21, (3, 23): 16, (3, 24): 14, (4, 5): 1, (4, 6): 1, (4, 8): 1, (4, 10): 1, (4, 13): 1, (4, 14): 1, (4, 15): 1, (4, 17): 1, (4, 18): 1, (4, 20): 1, (4, 21): 1, (4, 24): 1, (5, 7): 20, (5, 15): 59, (5, 17): 4, (5, 18): 1, (5, 21): 28, (5, 22): 1, (5, 23): 1, (5, 24): 1, (6, 7): 1, (6, 8): 1, (6, 9): 16, (6, 11): 38, (6, 16): 53, (6, 21): 1, (7, 8): 1, (7, 9): 75, (7, 11): 1, (7, 13): 1, (7, 18): 1, (7, 19): 1, (7, 20): 1, (7, 21): 1, (7, 22): 1, (7, 23): 1, (7, 24): 1, (8, 10): 1, (8, 11): 41, (8, 12): 51, (8, 15): 1, (8, 16): 1, (8, 18): 1, (8, 20): 1, (8, 24): 1, (9, 13): 1, (9, 17): 1, (9, 18): 1, (9, 19): 1, (9, 23): 1, (9, 24): 1, (10, 12): 21, (10, 14): 64, (10, 17): 1, (10, 18): 1, (10, 20): 1, (10, 21): 1, (10, 22): 1, (11, 13): 1, (11, 15): 1, (11, 19): 1, (11, 20): 1, (11, 21): 1, (11, 22): 1, (12, 14): 1, (12, 15): 1, (12, 16): 1, (12, 20): 1, (12, 21): 1, (12, 24): 1, (13, 14): 1, (13, 17): 1, (13, 18): 1, (13, 21): 1, (13, 22): 1, (13, 23): 1, (14, 15): 1, (14, 16): 1, (14, 18): 1, (14, 21): 1, (14, 23): 1, (14, 24): 1, (15, 20): 1, (15, 22): 1, (15, 23): 1, (16, 17): 1, (16, 18): 1, (16, 19): 1, (16, 20): 1, (16, 23): 1, (17, 20): 1, (17, 22): 1, (17, 24): 1, (18, 19): 1, (18, 21): 1, (18, 22): 1, (18, 23): 1, (19, 20): 1, (19, 23): 1, (20, 22): 1, (20, 23): 1, (21, 22): 1, (22, 23): 1, (23, 24): 1}",3202.9151916503906,770.0,75.0,2165.0
2.0,Graph with 25 nodes and 168 edges,"[[0, 0, 0, 0, 0, 0, 1, 0, 1, 0, 1, 1, 0, 0, 1, 1, 1, 1, 1, 1, 0, 1, 0, 1, 1], [0, 0, 1, 1, 1, 0, 0, 1, 1, 0, 1, 1, 0, 1, 0, 0, 1, 1, 0, 1, 0, 1, 0, 1, 1], [0, 1, 0, 0, 1, 0, 1, 1, 1, 1, 0, 1, 1, 1, 1, 0, 0, 1, 1, 1, 0, 0, 1, 0, 1], [0, 1, 0, 0, 1, 1, 0, 0, 0, 0, 0, 1, 1, 1, 1, 0, 1, 0, 0, 1, 1, 1, 1, 0, 0], [0, 1, 1, 1, 0, 1, 1, 0, 1, 1, 0, 1, 1, 1, 1, 1, 1, 1, 0, 1, 1, 0, 1, 1, 0], [0, 0, 0, 1, 1, 0, 1, 1, 0, 1, 1, 0, 0, 0, 0, 0, 1, 1, 1, 0, 1, 1, 0, 1, 0], [1, 0, 1, 0, 1, 1, 0, 0, 1, 1, 0, 1, 1, 0, 1, 1, 0, 0, 1, 0, 0, 1, 1, 1, 0], [0, 1, 1, 0, 0, 1, 0, 0, 1, 0, 1, 1, 0, 1, 1, 1, 0, 1, 0, 1, 1, 0, 1, 1, 1], [1, 1, 1, 0, 1, 0, 1, 1, 0, 1, 0, 1, 1, 1, 0, 0, 1, 1, 0, 1, 1, 1, 0, 0, 1], [0, 0, 1, 0, 1, 1, 1, 0, 1, 0, 0, 1, 0, 0, 0, 0, 1, 0, 1, 1, 0, 1, 0, 0, 0], [1, 1, 0, 0, 0, 1, 0, 1, 0, 0, 0, 0, 1, 1, 0, 0, 1, 1, 1, 0, 0, 0, 0, 1, 1], [1, 1, 1, 1, 1, 0, 1, 1, 1, 1, 0, 0, 1, 0, 1, 0, 0, 0, 0, 1, 1, 0, 1, 0, 0], [0, 0, 1, 1, 1, 0, 1, 0, 1, 0, 1, 1, 0, 1, 0, 1, 0, 1, 1, 0, 1, 1, 0, 0, 1], [0, 1, 1, 1, 1, 0, 0, 1, 1, 0, 1, 0, 1, 0, 0, 0, 1, 1, 1, 0, 1, 1, 1, 0, 0], [1, 0, 1, 1, 1, 0, 1, 1, 0, 0, 0, 1, 0, 0, 0, 0, 0, 1, 0, 1, 0, 0, 0, 1, 1], [1, 0, 0, 0, 1, 0, 1, 1, 0, 0, 0, 0, 1, 0, 0, 0, 0, 1, 0, 0, 1, 0, 0, 1, 1], [1, 1, 0, 1, 1, 1, 0, 0, 1, 1, 1, 0, 0, 1, 0, 0, 0, 0, 0, 1, 1, 1, 0, 1, 0], [1, 1, 1, 0, 1, 1, 0, 1, 1, 0, 1, 0, 1, 1, 1, 1, 0, 0, 1, 1, 1, 0, 1, 0, 1], [1, 0, 1, 0, 0, 1, 1, 0, 0, 1, 1, 0, 1, 1, 0, 0, 0, 1, 0, 1, 1, 1, 0, 1, 0], [1, 1, 1, 1, 1, 0, 0, 1, 1, 1, 0, 1, 0, 0, 1, 0, 1, 1, 1, 0, 0, 0, 1, 1, 1], [0, 0, 0, 1, 1, 1, 0, 1, 1, 0, 0, 1, 1, 1, 0, 1, 1, 1, 1, 0, 0, 0, 1, 0, 1], [1, 1, 0, 1, 0, 1, 1, 0, 1, 1, 0, 0, 1, 1, 0, 0, 1, 0, 1, 0, 0, 0, 0, 1, 0], [0, 0, 1, 1, 1, 0, 1, 1, 0, 0, 0, 1, 0, 1, 0, 0, 0, 1, 0, 1, 1, 0, 0, 1, 1], [1, 1, 0, 0, 1, 1, 1, 1, 0, 0, 1, 0, 0, 0, 1, 1, 1, 0, 1, 1, 0, 1, 1, 0, 0], [1, 1, 1, 0, 0, 0, 0, 1, 1, 0, 1, 0, 1, 0, 1, 1, 0, 1, 0, 1, 1, 0, 1, 0, 0]]",24.0,1.0,Y,"{0: 24, 1: 48, 2: 47, 3: 46, 4: 45, 5: 44, 6: 43, 7: 42, 8: 41, 9: 40, 10: 39, 11: 38, 12: 37, 13: 36, 14: 35, 15: 34, 16: 33, 17: 32, 18: 31, 19: 30, 20: 29, 21: 28, 22: 27, 23: 26, 24: 25}","{(0, 6): 1, (0, 8): 1, (0, 10): 1, (0, 11): 1, (0, 14): 1, (0, 15): 1, (0, 16): 1, (0, 17): 12, (0, 18): 1, (0, 19): 1, (0, 21): 1, (0, 23): 1, (0, 24): 1, (1, 2): 1, (1, 3): 1, (1, 4): 28, (1, 7): 1, (1, 8): 1, (1, 10): 1, (1, 11): 1, (1, 13): 1, (1, 16): 1, (1, 17): 1, (1, 19): 1, (1, 21): 1, (1, 23): 1, (1, 24): 8, (2, 4): 1, (2, 6): 1, (2, 7): 1, (2, 8): 1, (2, 9): 1, (2, 11): 1, (2, 12): 1, (2, 13): 1, (2, 14): 1, (2, 17): 1, (2, 18): 1, (2, 19): 13, (2, 22): 16, (2, 24): 6, (3, 4): 1, (3, 5): 1, (3, 11): 1, (3, 12): 1, (3, 13): 1, (3, 14): 1, (3, 16): 2, (3, 19): 3, (3, 20): 16, (3, 21): 17, (3, 22): 1, (4, 5): 1, (4, 6): 1, (4, 8): 1, (4, 9): 1, (4, 11): 1, (4, 12): 1, (4, 13): 1, (4, 14): 1, (4, 15): 1, (4, 16): 1, (4, 17): 1, (4, 19): 1, (4, 20): 1, (4, 22): 1, (4, 23): 1, (5, 6): 1, (5, 7): 1, (5, 9): 1, (5, 10): 1, (5, 16): 1, (5, 17): 3, (5, 18): 19, (5, 20): 1, (5, 21): 1, (5, 23): 13, (6, 8): 1, (6, 9): 1, (6, 11): 1, (6, 12): 1, (6, 14): 5, (6, 15): 26, (6, 18): 1, (6, 21): 1, (6, 22): 1, (6, 23): 1, (7, 8): 1, (7, 10): 1, (7, 11): 1, (7, 13): 6, (7, 14): 21, (7, 15): 1, (7, 17): 3, (7, 19): 1, (7, 20): 1, (7, 22): 1, (7, 23): 1, (7, 24): 1, (8, 9): 1, (8, 11): 1, (8, 12): 1, (8, 13): 13, (8, 16): 14, (8, 17): 1, (8, 19): 1, (8, 20): 1, (8, 21): 1, (8, 24): 1, (9, 11): 25, (9, 16): 7, (9, 18): 1, (9, 19): 1, (9, 21): 1, (10, 12): 24, (10, 13): 6, (10, 16): 1, (10, 17): 1, (10, 18): 1, (10, 23): 1, (10, 24): 1, (11, 12): 1, (11, 14): 1, (11, 19): 1, (11, 20): 1, (11, 22): 1, (12, 13): 1, (12, 15): 1, (12, 17): 1, (12, 18): 1, (12, 20): 1, (12, 21): 1, (12, 24): 1, (13, 16): 1, (13, 17): 1, (13, 18): 1, (13, 20): 1, (13, 21): 1, (13, 22): 1, (14, 17): 1, (14, 19): 1, (14, 23): 1, (14, 24): 1, (15, 17): 1, (15, 20): 1, (15, 23): 1, (15, 24): 1, (16, 19): 1, (16, 20): 1, (16, 21): 1, (16, 23): 1, (17, 18): 1, (17, 19): 1, (17, 20): 1, (17, 22): 1, (17, 24): 1, (18, 19): 1, (18, 20): 1, (18, 21): 1, (18, 23): 1, (19, 22): 1, (19, 23): 1, (19, 24): 1, (20, 22): 1, (20, 24): 1, (21, 23): 1, (22, 23): 1, (22, 24): 1}",3219.127655029297,793.0,75.0,2211.0
2.0,Graph with 25 nodes and 168 edges,"[[0, 0, 0, 0, 0, 0, 1, 0, 1, 0, 1, 1, 0, 0, 1, 1, 1, 1, 1, 1, 0, 1, 0, 1, 1], [0, 0, 1, 1, 1, 0, 0, 1, 1, 0, 1, 1, 0, 1, 0, 0, 1, 1, 0, 1, 0, 1, 0, 1, 1], [0, 1, 0, 0, 1, 0, 1, 1, 1, 1, 0, 1, 1, 1, 1, 0, 0, 1, 1, 1, 0, 0, 1, 0, 1], [0, 1, 0, 0, 1, 1, 0, 0, 0, 0, 0, 1, 1, 1, 1, 0, 1, 0, 0, 1, 1, 1, 1, 0, 0], [0, 1, 1, 1, 0, 1, 1, 0, 1, 1, 0, 1, 1, 1, 1, 1, 1, 1, 0, 1, 1, 0, 1, 1, 0], [0, 0, 0, 1, 1, 0, 1, 1, 0, 1, 1, 0, 0, 0, 0, 0, 1, 1, 1, 0, 1, 1, 0, 1, 0], [1, 0, 1, 0, 1, 1, 0, 0, 1, 1, 0, 1, 1, 0, 1, 1, 0, 0, 1, 0, 0, 1, 1, 1, 0], [0, 1, 1, 0, 0, 1, 0, 0, 1, 0, 1, 1, 0, 1, 1, 1, 0, 1, 0, 1, 1, 0, 1, 1, 1], [1, 1, 1, 0, 1, 0, 1, 1, 0, 1, 0, 1, 1, 1, 0, 0, 1, 1, 0, 1, 1, 1, 0, 0, 1], [0, 0, 1, 0, 1, 1, 1, 0, 1, 0, 0, 1, 0, 0, 0, 0, 1, 0, 1, 1, 0, 1, 0, 0, 0], [1, 1, 0, 0, 0, 1, 0, 1, 0, 0, 0, 0, 1, 1, 0, 0, 1, 1, 1, 0, 0, 0, 0, 1, 1], [1, 1, 1, 1, 1, 0, 1, 1, 1, 1, 0, 0, 1, 0, 1, 0, 0, 0, 0, 1, 1, 0, 1, 0, 0], [0, 0, 1, 1, 1, 0, 1, 0, 1, 0, 1, 1, 0, 1, 0, 1, 0, 1, 1, 0, 1, 1, 0, 0, 1], [0, 1, 1, 1, 1, 0, 0, 1, 1, 0, 1, 0, 1, 0, 0, 0, 1, 1, 1, 0, 1, 1, 1, 0, 0], [1, 0, 1, 1, 1, 0, 1, 1, 0, 0, 0, 1, 0, 0, 0, 0, 0, 1, 0, 1, 0, 0, 0, 1, 1], [1, 0, 0, 0, 1, 0, 1, 1, 0, 0, 0, 0, 1, 0, 0, 0, 0, 1, 0, 0, 1, 0, 0, 1, 1], [1, 1, 0, 1, 1, 1, 0, 0, 1, 1, 1, 0, 0, 1, 0, 0, 0, 0, 0, 1, 1, 1, 0, 1, 0], [1, 1, 1, 0, 1, 1, 0, 1, 1, 0, 1, 0, 1, 1, 1, 1, 0, 0, 1, 1, 1, 0, 1, 0, 1], [1, 0, 1, 0, 0, 1, 1, 0, 0, 1, 1, 0, 1, 1, 0, 0, 0, 1, 0, 1, 1, 1, 0, 1, 0], [1, 1, 1, 1, 1, 0, 0, 1, 1, 1, 0, 1, 0, 0, 1, 0, 1, 1, 1, 0, 0, 0, 1, 1, 1], [0, 0, 0, 1, 1, 1, 0, 1, 1, 0, 0, 1, 1, 1, 0, 1, 1, 1, 1, 0, 0, 0, 1, 0, 1], [1, 1, 0, 1, 0, 1, 1, 0, 1, 1, 0, 0, 1, 1, 0, 0, 1, 0, 1, 0, 0, 0, 0, 1, 0], [0, 0, 1, 1, 1, 0, 1, 1, 0, 0, 0, 1, 0, 1, 0, 0, 0, 1, 0, 1, 1, 0, 0, 1, 1], [1, 1, 0, 0, 1, 1, 1, 1, 0, 0, 1, 0, 0, 0, 1, 1, 1, 0, 1, 1, 0, 1, 1, 0, 0], [1, 1, 1, 0, 0, 0, 0, 1, 1, 0, 1, 0, 1, 0, 1, 1, 0, 1, 0, 1, 1, 0, 1, 0, 0]]",26.0,2.0,Y,"{0: 28, 1: 30, 2: 32, 3: 34, 4: 36, 5: 38, 6: 40, 7: 42, 8: 44, 9: 46, 10: 48, 11: 50, 12: 52, 13: 54, 14: 56, 15: 58, 16: 60, 17: 62, 18: 64, 19: 66, 20: 68, 21: 70, 22: 72, 23: 74, 24: 26}","{(0, 6): 16, (0, 8): 1, (0, 10): 1, (0, 11): 1, (0, 14): 1, (0, 15): 1, (0, 16): 1, (0, 17): 1, (0, 18): 1, (0, 19): 1, (0, 21): 1, (0, 23): 1, (0, 24): 1, (1, 2): 17, (1, 3): 1, (1, 4): 1, (1, 7): 1, (1, 8): 1, (1, 10): 1, (1, 11): 1, (1, 13): 1, (1, 16): 1, (1, 17): 1, (1, 19): 1, (1, 21): 1, (1, 23): 1, (1, 24): 1, (2, 4): 2, (2, 6): 1, (2, 7): 1, (2, 8): 1, (2, 9): 1, (2, 11): 1, (2, 12): 1, (2, 13): 1, (2, 14): 1, (2, 17): 1, (2, 18): 1, (2, 19): 1, (2, 22): 1, (2, 24): 1, (3, 4): 18, (3, 5): 6, (3, 11): 1, (3, 12): 1, (3, 13): 1, (3, 14): 1, (3, 16): 1, (3, 19): 1, (3, 20): 1, (3, 21): 1, (3, 22): 1, (4, 5): 1, (4, 6): 1, (4, 8): 1, (4, 9): 1, (4, 11): 1, (4, 12): 1, (4, 13): 1, (4, 14): 1, (4, 15): 1, (4, 16): 1, (4, 17): 1, (4, 19): 1, (4, 20): 1, (4, 22): 1, (4, 23): 1, (5, 6): 12, (5, 7): 11, (5, 9): 1, (5, 10): 1, (5, 16): 1, (5, 17): 1, (5, 18): 1, (5, 20): 1, (5, 21): 1, (5, 23): 1, (6, 8): 1, (6, 9): 1, (6, 11): 1, (6, 12): 1, (6, 14): 1, (6, 15): 1, (6, 18): 1, (6, 21): 1, (6, 22): 1, (6, 23): 1, (7, 8): 18, (7, 10): 1, (7, 11): 1, (7, 13): 1, (7, 14): 1, (7, 15): 1, (7, 17): 1, (7, 19): 1, (7, 20): 1, (7, 22): 1, (7, 23): 1, (7, 24): 1, (8, 9): 1, (8, 11): 4, (8, 12): 1, (8, 13): 1, (8, 16): 8, (8, 17): 1, (8, 19): 2, (8, 20): 1, (8, 21): 1, (8, 24): 1, (9, 11): 5, (9, 16): 9, (9, 18): 2, (9, 19): 4, (9, 21): 21, (10, 12): 3, (10, 13): 5, (10, 16): 7, (10, 17): 3, (10, 18): 20, (10, 23): 5, (10, 24): 1, (11, 12): 1, (11, 14): 3, (11, 19): 3, (11, 20): 26, (11, 22): 1, (12, 13): 24, (12, 15): 1, (12, 17): 7, (12, 18): 3, (12, 20): 1, (12, 21): 1, (12, 24): 6, (13, 16): 5, (13, 17): 2, (13, 18): 5, (13, 20): 1, (13, 21): 1, (13, 22): 5, (14, 17): 7, (14, 19): 20, (14, 23): 18, (14, 24): 2, (15, 17): 12, (15, 20): 3, (15, 23): 33, (15, 24): 5, (16, 19): 11, (16, 20): 1, (16, 21): 13, (16, 23): 1, (17, 18): 1, (17, 19): 2, (17, 20): 2, (17, 22): 18, (17, 24): 1, (18, 19): 1, (18, 20): 1, (18, 21): 24, (18, 23): 3, (19, 22): 12, (19, 23): 1, (19, 24): 4, (20, 22): 27, (20, 24): 1, (21, 23): 4, (22, 23): 3, (22, 24): 1}",4670.858383178711,793.0,75.0,2211.0
4.0,Graph with 25 nodes and 152 edges,"[[0, 0, 1, 1, 1, 1, 0, 1, 0, 1, 0, 0, 1, 1, 0, 1, 0, 0, 0, 0, 1, 1, 1, 0, 0], [0, 0, 1, 0, 0, 1, 1, 0, 1, 0, 0, 0, 0, 0, 1, 0, 0, 0, 1, 0, 1, 1, 1, 0, 0], [1, 1, 0, 1, 1, 0, 1, 0, 0, 1, 1, 0, 1, 1, 1, 0, 1, 1, 0, 0, 1, 0, 0, 1, 1], [1, 0, 1, 0, 0, 1, 1, 1, 0, 0, 0, 0, 0, 0, 1, 0, 0, 0, 0, 1, 1, 1, 0, 0, 0], [1, 0, 1, 0, 0, 1, 1, 1, 0, 0, 1, 1, 0, 0, 0, 1, 1, 0, 1, 0, 0, 0, 1, 0, 1], [1, 1, 0, 1, 1, 0, 0, 1, 0, 0, 1, 0, 0, 0, 0, 1, 1, 1, 1, 1, 1, 0, 1, 0, 1], [0, 1, 1, 1, 1, 0, 0, 0, 1, 0, 1, 1, 1, 1, 1, 1, 0, 0, 1, 1, 0, 1, 0, 1, 1], [1, 0, 0, 1, 1, 1, 0, 0, 0, 0, 0, 1, 1, 1, 0, 1, 1, 1, 1, 1, 0, 1, 0, 0, 1], [0, 1, 0, 0, 0, 0, 1, 0, 0, 1, 0, 0, 1, 1, 0, 0, 0, 0, 1, 0, 1, 1, 1, 0, 1], [1, 0, 1, 0, 0, 0, 0, 0, 1, 0, 0, 1, 0, 1, 0, 1, 0, 0, 0, 0, 0, 0, 0, 1, 0], [0, 0, 1, 0, 1, 1, 1, 0, 0, 0, 0, 1, 0, 1, 1, 1, 1, 0, 1, 0, 0, 1, 1, 0, 0], [0, 0, 0, 0, 1, 0, 1, 1, 0, 1, 1, 0, 1, 1, 0, 0, 1, 0, 0, 0, 0, 1, 1, 1, 1], [1, 0, 1, 0, 0, 0, 1, 1, 1, 0, 0, 1, 0, 1, 1, 1, 0, 0, 1, 1, 0, 1, 1, 0, 1], [1, 0, 1, 0, 0, 0, 1, 1, 1, 1, 1, 1, 1, 0, 0, 1, 0, 1, 0, 1, 1, 0, 1, 0, 0], [0, 1, 1, 1, 0, 0, 1, 0, 0, 0, 1, 0, 1, 0, 0, 0, 1, 1, 1, 1, 1, 1, 1, 0, 0], [1, 0, 0, 0, 1, 1, 1, 1, 0, 1, 1, 0, 1, 1, 0, 0, 0, 0, 1, 0, 0, 0, 1, 1, 0], [0, 0, 1, 0, 1, 1, 0, 1, 0, 0, 1, 1, 0, 0, 1, 0, 0, 1, 1, 0, 0, 0, 0, 1, 0], [0, 0, 1, 0, 0, 1, 0, 1, 0, 0, 0, 0, 0, 1, 1, 0, 1, 0, 0, 0, 1, 1, 0, 0, 1], [0, 1, 0, 0, 1, 1, 1, 1, 1, 0, 1, 0, 1, 0, 1, 1, 1, 0, 0, 1, 0, 0, 1, 1, 1], [0, 0, 0, 1, 0, 1, 1, 1, 0, 0, 0, 0, 1, 1, 1, 0, 0, 0, 1, 0, 0, 1, 0, 1, 1], [1, 1, 1, 1, 0, 1, 0, 0, 1, 0, 0, 0, 0, 1, 1, 0, 0, 1, 0, 0, 0, 1, 0, 0, 1], [1, 1, 0, 1, 0, 0, 1, 1, 1, 0, 1, 1, 1, 0, 1, 0, 0, 1, 0, 1, 1, 0, 0, 1, 1], [1, 1, 0, 0, 1, 1, 0, 0, 1, 0, 1, 1, 1, 1, 1, 1, 0, 0, 1, 0, 0, 0, 0, 1, 0], [0, 0, 1, 0, 0, 0, 1, 0, 0, 1, 0, 1, 0, 0, 0, 1, 1, 0, 1, 1, 0, 1, 1, 0, 1], [0, 0, 1, 0, 1, 1, 1, 1, 1, 0, 0, 1, 1, 0, 0, 0, 0, 1, 1, 1, 1, 1, 0, 1, 0]]",28.0,2.0,Y,"{0: 28, 1: 76, 2: 74, 3: 72, 4: 70, 5: 68, 6: 66, 7: 64, 8: 62, 9: 60, 10: 58, 11: 56, 12: 54, 13: 52, 14: 50, 15: 48, 16: 46, 17: 44, 18: 42, 19: 40, 20: 38, 21: 36, 22: 34, 23: 32, 24: 30}","{(0, 2): 1, (0, 3): 1, (0, 4): 1, (0, 5): 1, (0, 7): 1, (0, 9): 1, (0, 12): 1, (0, 13): 1, (0, 15): 1, (0, 20): 1, (0, 21): 17, (0, 22): 1, (1, 2): 1, (1, 5): 1, (1, 6): 51, (1, 8): 1, (1, 14): 1, (1, 18): 1, (1, 20): 1, (1, 21): 1, (1, 22): 18, (2, 3): 1, (2, 4): 1, (2, 6): 1, (2, 9): 54, (2, 10): 1, (2, 12): 1, (2, 13): 1, (2, 14): 1, (2, 16): 7, (2, 17): 1, (2, 20): 1, (2, 23): 1, (2, 24): 1, (3, 5): 1, (3, 6): 1, (3, 7): 1, (3, 14): 3, (3, 19): 30, (3, 20): 28, (3, 21): 6, (4, 5): 1, (4, 6): 1, (4, 7): 1, (4, 10): 1, (4, 11): 1, (4, 15): 1, (4, 16): 12, (4, 18): 28, (4, 22): 5, (4, 24): 17, (5, 7): 1, (5, 10): 1, (5, 15): 1, (5, 16): 20, (5, 17): 36, (5, 18): 1, (5, 19): 1, (5, 20): 1, (5, 22): 1, (5, 24): 1, (6, 8): 1, (6, 10): 1, (6, 11): 1, (6, 12): 1, (6, 13): 1, (6, 14): 1, (6, 15): 1, (6, 18): 1, (6, 19): 1, (6, 21): 1, (6, 23): 1, (6, 24): 1, (7, 11): 1, (7, 12): 1, (7, 13): 15, (7, 15): 37, (7, 16): 1, (7, 17): 1, (7, 18): 1, (7, 19): 1, (7, 21): 1, (7, 24): 1, (8, 9): 1, (8, 12): 29, (8, 13): 25, (8, 18): 1, (8, 20): 1, (8, 21): 1, (8, 22): 1, (8, 24): 1, (9, 11): 1, (9, 13): 1, (9, 15): 1, (9, 23): 1, (10, 11): 12, (10, 13): 1, (10, 14): 36, (10, 15): 1, (10, 16): 1, (10, 18): 1, (10, 21): 1, (10, 22): 1, (11, 12): 13, (11, 13): 1, (11, 16): 1, (11, 21): 1, (11, 22): 1, (11, 23): 22, (11, 24): 1, (12, 13): 1, (12, 14): 1, (12, 15): 1, (12, 18): 1, (12, 19): 1, (12, 21): 1, (12, 22): 1, (12, 24): 1, (13, 15): 1, (13, 17): 1, (13, 19): 1, (13, 20): 1, (13, 22): 1, (14, 16): 1, (14, 17): 1, (14, 18): 1, (14, 19): 1, (14, 20): 1, (14, 21): 1, (14, 22): 1, (15, 18): 1, (15, 22): 1, (15, 23): 1, (16, 17): 1, (16, 18): 1, (16, 23): 1, (17, 20): 1, (17, 21): 1, (17, 24): 1, (18, 19): 1, (18, 22): 1, (18, 23): 1, (18, 24): 1, (19, 21): 1, (19, 23): 1, (19, 24): 1, (20, 21): 1, (20, 24): 1, (21, 23): 1, (21, 24): 1, (22, 23): 1, (23, 24): 1}",3004.0740966796875,777.0,75.0,2179.0
7.0,Graph with 25 nodes and 171 edges,"[[0, 1, 1, 1, 1, 1, 0, 0, 1, 0, 1, 1, 0, 0, 1, 0, 0, 1, 1, 1, 1, 1, 0, 1, 1], [1, 0, 1, 1, 1, 1, 0, 0, 0, 1, 0, 1, 0, 1, 1, 0, 1, 0, 0, 1, 1, 1, 1, 1, 0], [1, 1, 0, 0, 1, 0, 0, 0, 0, 1, 1, 1, 1, 1, 1, 1, 0, 1, 1, 1, 1, 0, 1, 1, 1], [1, 1, 0, 0, 1, 1, 0, 1, 1, 0, 1, 0, 0, 1, 1, 1, 0, 0, 0, 1, 0, 0, 0, 1, 0], [1, 1, 1, 1, 0, 1, 1, 1, 0, 0, 1, 0, 0, 1, 1, 0, 1, 0, 0, 1, 1, 0, 1, 1, 1], [1, 1, 0, 1, 1, 0, 1, 0, 0, 0, 1, 1, 0, 0, 1, 0, 0, 1, 1, 1, 0, 0, 0, 1, 1], [0, 0, 0, 0, 1, 1, 0, 0, 1, 0, 0, 0, 1, 1, 1, 1, 1, 1, 1, 1, 0, 0, 0, 0, 0], [0, 0, 0, 1, 1, 0, 0, 0, 0, 0, 1, 0, 1, 1, 0, 0, 0, 1, 1, 1, 1, 0, 1, 0, 0], [1, 0, 0, 1, 0, 0, 1, 0, 0, 1, 0, 1, 0, 0, 0, 0, 1, 0, 0, 0, 1, 1, 1, 1, 0], [0, 1, 1, 0, 0, 0, 0, 0, 1, 0, 1, 1, 1, 1, 0, 0, 1, 1, 1, 0, 0, 1, 0, 0, 1], [1, 0, 1, 1, 1, 1, 0, 1, 0, 1, 0, 1, 0, 1, 0, 1, 1, 0, 1, 1, 1, 1, 1, 1, 0], [1, 1, 1, 0, 0, 1, 0, 0, 1, 1, 1, 0, 0, 0, 0, 1, 0, 1, 1, 1, 0, 0, 0, 1, 1], [0, 0, 1, 0, 0, 0, 1, 1, 0, 1, 0, 0, 0, 1, 0, 1, 1, 0, 1, 1, 1, 1, 0, 0, 1], [0, 1, 1, 1, 1, 0, 1, 1, 0, 1, 1, 0, 1, 0, 0, 0, 1, 1, 1, 1, 0, 1, 0, 1, 1], [1, 1, 1, 1, 1, 1, 1, 0, 0, 0, 0, 0, 0, 0, 0, 1, 0, 1, 1, 1, 0, 0, 0, 1, 1], [0, 0, 1, 1, 0, 0, 1, 0, 0, 0, 1, 1, 1, 0, 1, 0, 1, 1, 0, 0, 0, 1, 1, 1, 0], [0, 1, 0, 0, 1, 0, 1, 0, 1, 1, 1, 0, 1, 1, 0, 1, 0, 0, 1, 1, 0, 0, 1, 1, 0], [1, 0, 1, 0, 0, 1, 1, 1, 0, 1, 0, 1, 0, 1, 1, 1, 0, 0, 1, 1, 0, 0, 0, 1, 0], [1, 0, 1, 0, 0, 1, 1, 1, 0, 1, 1, 1, 1, 1, 1, 0, 1, 1, 0, 1, 0, 0, 1, 0, 0], [1, 1, 1, 1, 1, 1, 1, 1, 0, 0, 1, 1, 1, 1, 1, 0, 1, 1, 1, 0, 0, 0, 1, 1, 1], [1, 1, 1, 0, 1, 0, 0, 1, 1, 0, 1, 0, 1, 0, 0, 0, 0, 0, 0, 0, 0, 1, 1, 1, 1], [1, 1, 0, 0, 0, 0, 0, 0, 1, 1, 1, 0, 1, 1, 0, 1, 0, 0, 0, 0, 1, 0, 0, 0, 1], [0, 1, 1, 0, 1, 0, 0, 1, 1, 0, 1, 0, 0, 0, 0, 1, 1, 0, 1, 1, 1, 0, 0, 1, 1], [1, 1, 1, 1, 1, 1, 0, 0, 1, 0, 1, 1, 0, 1, 1, 1, 1, 1, 0, 1, 1, 0, 1, 0, 1], [1, 0, 1, 0, 1, 1, 0, 0, 0, 1, 0, 1, 1, 1, 1, 0, 0, 0, 0, 1, 1, 1, 1, 1, 0]]",14.0,8.0,Y,"{0: 30, 1: 38, 2: 46, 3: 22, 4: 54, 5: 62, 6: 70, 7: 78, 8: 86, 9: 94, 10: 102, 11: 110, 12: 118, 13: 126, 14: 134, 15: 142, 16: 150, 17: 158, 18: 166, 19: 174, 20: 182, 21: 190, 22: 198, 23: 206, 24: 14}","{(0, 1): 15, (0, 2): 1, (0, 3): 1, (0, 4): 1, (0, 5): 1, (0, 8): 1, (0, 10): 1, (0, 11): 1, (0, 14): 1, (0, 17): 1, (0, 18): 1, (0, 19): 1, (0, 20): 1, (0, 21): 1, (0, 23): 1, (0, 24): 1, (1, 2): 10, (1, 3): 1, (1, 4): 1, (1, 5): 1, (1, 9): 1, (1, 11): 1, (1, 13): 1, (1, 14): 1, (1, 16): 1, (1, 19): 1, (1, 20): 1, (1, 21): 1, (1, 22): 1, (1, 23): 1, (2, 4): 21, (2, 9): 1, (2, 10): 1, (2, 11): 1, (2, 12): 1, (2, 13): 1, (2, 14): 1, (2, 15): 1, (2, 17): 1, (2, 18): 1, (2, 19): 1, (2, 20): 1, (2, 22): 1, (2, 23): 1, (2, 24): 1, (3, 4): 11, (3, 5): 1, (3, 7): 1, (3, 8): 1, (3, 10): 1, (3, 13): 1, (3, 14): 1, (3, 15): 1, (3, 19): 1, (3, 23): 1, (4, 5): 9, (4, 6): 1, (4, 7): 1, (4, 10): 1, (4, 13): 1, (4, 14): 1, (4, 16): 1, (4, 19): 1, (4, 20): 1, (4, 22): 1, (4, 23): 1, (4, 24): 1, (5, 6): 42, (5, 10): 1, (5, 11): 1, (5, 14): 1, (5, 17): 1, (5, 18): 1, (5, 19): 1, (5, 23): 1, (5, 24): 1, (6, 8): 19, (6, 12): 1, (6, 13): 1, (6, 14): 1, (6, 15): 1, (6, 16): 1, (6, 17): 1, (6, 18): 1, (6, 19): 1, (7, 10): 1, (7, 12): 1, (7, 13): 1, (7, 17): 36, (7, 18): 1, (7, 19): 1, (7, 20): 1, (7, 22): 34, (8, 9): 1, (8, 11): 1, (8, 16): 49, (8, 20): 1, (8, 21): 11, (8, 22): 1, (8, 23): 1, (9, 10): 1, (9, 11): 15, (9, 12): 1, (9, 13): 1, (9, 16): 1, (9, 17): 1, (9, 18): 69, (9, 21): 1, (9, 24): 1, (10, 11): 1, (10, 13): 1, (10, 15): 1, (10, 16): 41, (10, 18): 1, (10, 19): 46, (10, 20): 1, (10, 21): 1, (10, 22): 1, (10, 23): 1, (11, 15): 1, (11, 17): 1, (11, 18): 84, (11, 19): 1, (11, 23): 1, (11, 24): 1, (12, 13): 1, (12, 15): 1, (12, 16): 1, (12, 18): 1, (12, 19): 107, (12, 20): 1, (12, 21): 1, (12, 24): 1, (13, 16): 1, (13, 17): 111, (13, 18): 1, (13, 19): 1, (13, 21): 1, (13, 23): 1, (13, 24): 1, (14, 15): 1, (14, 17): 1, (14, 18): 1, (14, 19): 1, (14, 23): 122, (14, 24): 1, (15, 16): 1, (15, 17): 1, (15, 21): 1, (15, 22): 131, (15, 23): 1, (16, 18): 1, (16, 19): 1, (16, 22): 1, (16, 23): 50, (17, 18): 1, (17, 19): 1, (17, 23): 1, (18, 19): 1, (18, 22): 1, (19, 22): 5, (19, 23): 1, (19, 24): 1, (20, 21): 171, (20, 22): 1, (20, 23): 1, (20, 24): 1, (21, 24): 1, (22, 23): 19, (22, 24): 1, (23, 24): 1}",4992.008209228516,796.0,75.0,2217.0
7.0,Graph with 25 nodes and 171 edges,"[[0, 1, 1, 1, 1, 1, 0, 0, 1, 0, 1, 1, 0, 0, 1, 0, 0, 1, 1, 1, 1, 1, 0, 1, 1], [1, 0, 1, 1, 1, 1, 0, 0, 0, 1, 0, 1, 0, 1, 1, 0, 1, 0, 0, 1, 1, 1, 1, 1, 0], [1, 1, 0, 0, 1, 0, 0, 0, 0, 1, 1, 1, 1, 1, 1, 1, 0, 1, 1, 1, 1, 0, 1, 1, 1], [1, 1, 0, 0, 1, 1, 0, 1, 1, 0, 1, 0, 0, 1, 1, 1, 0, 0, 0, 1, 0, 0, 0, 1, 0], [1, 1, 1, 1, 0, 1, 1, 1, 0, 0, 1, 0, 0, 1, 1, 0, 1, 0, 0, 1, 1, 0, 1, 1, 1], [1, 1, 0, 1, 1, 0, 1, 0, 0, 0, 1, 1, 0, 0, 1, 0, 0, 1, 1, 1, 0, 0, 0, 1, 1], [0, 0, 0, 0, 1, 1, 0, 0, 1, 0, 0, 0, 1, 1, 1, 1, 1, 1, 1, 1, 0, 0, 0, 0, 0], [0, 0, 0, 1, 1, 0, 0, 0, 0, 0, 1, 0, 1, 1, 0, 0, 0, 1, 1, 1, 1, 0, 1, 0, 0], [1, 0, 0, 1, 0, 0, 1, 0, 0, 1, 0, 1, 0, 0, 0, 0, 1, 0, 0, 0, 1, 1, 1, 1, 0], [0, 1, 1, 0, 0, 0, 0, 0, 1, 0, 1, 1, 1, 1, 0, 0, 1, 1, 1, 0, 0, 1, 0, 0, 1], [1, 0, 1, 1, 1, 1, 0, 1, 0, 1, 0, 1, 0, 1, 0, 1, 1, 0, 1, 1, 1, 1, 1, 1, 0], [1, 1, 1, 0, 0, 1, 0, 0, 1, 1, 1, 0, 0, 0, 0, 1, 0, 1, 1, 1, 0, 0, 0, 1, 1], [0, 0, 1, 0, 0, 0, 1, 1, 0, 1, 0, 0, 0, 1, 0, 1, 1, 0, 1, 1, 1, 1, 0, 0, 1], [0, 1, 1, 1, 1, 0, 1, 1, 0, 1, 1, 0, 1, 0, 0, 0, 1, 1, 1, 1, 0, 1, 0, 1, 1], [1, 1, 1, 1, 1, 1, 1, 0, 0, 0, 0, 0, 0, 0, 0, 1, 0, 1, 1, 1, 0, 0, 0, 1, 1], [0, 0, 1, 1, 0, 0, 1, 0, 0, 0, 1, 1, 1, 0, 1, 0, 1, 1, 0, 0, 0, 1, 1, 1, 0], [0, 1, 0, 0, 1, 0, 1, 0, 1, 1, 1, 0, 1, 1, 0, 1, 0, 0, 1, 1, 0, 0, 1, 1, 0], [1, 0, 1, 0, 0, 1, 1, 1, 0, 1, 0, 1, 0, 1, 1, 1, 0, 0, 1, 1, 0, 0, 0, 1, 0], [1, 0, 1, 0, 0, 1, 1, 1, 0, 1, 1, 1, 1, 1, 1, 0, 1, 1, 0, 1, 0, 0, 1, 0, 0], [1, 1, 1, 1, 1, 1, 1, 1, 0, 0, 1, 1, 1, 1, 1, 0, 1, 1, 1, 0, 0, 0, 1, 1, 1], [1, 1, 1, 0, 1, 0, 0, 1, 1, 0, 1, 0, 1, 0, 0, 0, 0, 0, 0, 0, 0, 1, 1, 1, 1], [1, 1, 0, 0, 0, 0, 0, 0, 1, 1, 1, 0, 1, 1, 0, 1, 0, 0, 0, 0, 1, 0, 0, 0, 1], [0, 1, 1, 0, 1, 0, 0, 1, 1, 0, 1, 0, 0, 0, 0, 1, 1, 0, 1, 1, 1, 0, 0, 1, 1], [1, 1, 1, 1, 1, 1, 0, 0, 1, 0, 1, 1, 0, 1, 1, 1, 1, 1, 0, 1, 1, 0, 1, 0, 1], [1, 0, 1, 0, 1, 1, 0, 0, 0, 1, 0, 1, 1, 1, 1, 0, 0, 0, 0, 1, 1, 1, 1, 1, 0]]",24.0,7.0,Y,"{0: 31, 1: 38, 2: 45, 3: 52, 4: 59, 5: 66, 6: 73, 7: 80, 8: 87, 9: 94, 10: 101, 11: 108, 12: 115, 13: 122, 14: 129, 15: 136, 16: 143, 17: 150, 18: 157, 19: 164, 20: 171, 21: 178, 22: 185, 23: 192, 24: 24}","{(0, 1): 16, (0, 2): 1, (0, 3): 1, (0, 4): 1, (0, 5): 1, (0, 8): 1, (0, 10): 1, (0, 11): 1, (0, 14): 1, (0, 17): 1, (0, 18): 1, (0, 19): 1, (0, 20): 1, (0, 21): 1, (0, 23): 1, (0, 24): 1, (1, 2): 9, (1, 3): 1, (1, 4): 1, (1, 5): 1, (1, 9): 1, (1, 11): 1, (1, 13): 1, (1, 14): 1, (1, 16): 1, (1, 19): 1, (1, 20): 1, (1, 21): 1, (1, 22): 1, (1, 23): 1, (2, 4): 21, (2, 9): 1, (2, 10): 1, (2, 11): 1, (2, 12): 1, (2, 13): 1, (2, 14): 1, (2, 15): 1, (2, 17): 1, (2, 18): 1, (2, 19): 1, (2, 20): 1, (2, 22): 1, (2, 23): 1, (2, 24): 1, (3, 4): 24, (3, 5): 18, (3, 7): 1, (3, 8): 1, (3, 10): 1, (3, 13): 1, (3, 14): 1, (3, 15): 1, (3, 19): 1, (3, 23): 1, (4, 5): 1, (4, 6): 1, (4, 7): 1, (4, 10): 1, (4, 13): 1, (4, 14): 1, (4, 16): 1, (4, 19): 1, (4, 20): 1, (4, 22): 1, (4, 23): 1, (4, 24): 1, (5, 6): 37, (5, 10): 1, (5, 11): 1, (5, 14): 1, (5, 17): 1, (5, 18): 1, (5, 19): 1, (5, 23): 1, (5, 24): 1, (6, 8): 27, (6, 12): 1, (6, 13): 1, (6, 14): 1, (6, 15): 1, (6, 16): 1, (6, 17): 1, (6, 18): 1, (6, 19): 1, (7, 10): 71, (7, 12): 1, (7, 13): 1, (7, 17): 1, (7, 18): 1, (7, 19): 1, (7, 20): 1, (7, 22): 1, (8, 9): 1, (8, 11): 1, (8, 16): 1, (8, 20): 1, (8, 21): 37, (8, 22): 1, (8, 23): 16, (9, 10): 1, (9, 11): 1, (9, 12): 1, (9, 13): 1, (9, 16): 1, (9, 17): 83, (9, 18): 1, (9, 21): 1, (9, 24): 1, (10, 11): 1, (10, 13): 1, (10, 15): 1, (10, 16): 1, (10, 18): 1, (10, 19): 15, (10, 20): 1, (10, 21): 1, (10, 22): 1, (10, 23): 1, (11, 15): 1, (11, 17): 1, (11, 18): 1, (11, 19): 96, (11, 23): 1, (11, 24): 1, (12, 13): 104, (12, 15): 1, (12, 16): 1, (12, 18): 1, (12, 19): 1, (12, 20): 1, (12, 21): 1, (12, 24): 1, (13, 16): 1, (13, 17): 4, (13, 18): 1, (13, 19): 1, (13, 21): 1, (13, 23): 1, (13, 24): 1, (14, 15): 1, (14, 17): 1, (14, 18): 107, (14, 19): 1, (14, 23): 1, (14, 24): 11, (15, 16): 125, (15, 17): 1, (15, 21): 1, (15, 22): 1, (15, 23): 1, (16, 18): 7, (16, 19): 1, (16, 22): 1, (16, 23): 1, (17, 18): 31, (17, 19): 23, (17, 23): 1, (18, 19): 1, (18, 22): 1, (19, 22): 1, (19, 23): 15, (19, 24): 1, (20, 21): 133, (20, 22): 28, (20, 23): 1, (20, 24): 1, (21, 24): 1, (22, 23): 146, (22, 24): 1, (23, 24): 1}",4942.893981933594,796.0,75.0,2217.0
12.0,Graph with 25 nodes and 149 edges,"[[0, 1, 0, 0, 0, 1, 0, 0, 1, 1, 0, 0, 0, 1, 1, 1, 0, 0, 1, 0, 1, 0, 1, 1, 1], [1, 0, 0, 0, 0, 1, 1, 1, 1, 1, 1, 0, 1, 0, 0, 0, 1, 1, 1, 1, 1, 1, 1, 0, 1], [0, 0, 0, 0, 1, 0, 1, 1, 0, 1, 1, 1, 0, 1, 0, 0, 0, 0, 1, 0, 1, 0, 0, 0, 1], [0, 0, 0, 0, 0, 0, 0, 1, 1, 1, 1, 0, 1, 1, 0, 1, 1, 0, 1, 0, 0, 1, 0, 1, 0], [0, 0, 1, 0, 0, 0, 1, 1, 0, 0, 1, 0, 0, 1, 0, 0, 1, 1, 0, 1, 1, 0, 1, 0, 0], [1, 1, 0, 0, 0, 0, 0, 0, 0, 0, 0, 0, 0, 0, 0, 1, 1, 1, 0, 0, 0, 0, 0, 1, 0], [0, 1, 1, 0, 1, 0, 0, 1, 1, 0, 1, 1, 1, 1, 1, 1, 0, 1, 1, 1, 1, 1, 1, 1, 1], [0, 1, 1, 1, 1, 0, 1, 0, 0, 1, 0, 1, 1, 0, 1, 0, 0, 0, 0, 0, 0, 0, 0, 0, 1], [1, 1, 0, 1, 0, 0, 1, 0, 0, 0, 1, 0, 0, 1, 0, 0, 1, 1, 1, 1, 0, 0, 1, 1, 1], [1, 1, 1, 1, 0, 0, 0, 1, 0, 0, 0, 1, 1, 0, 1, 1, 0, 1, 0, 1, 1, 0, 0, 1, 1], [0, 1, 1, 1, 1, 0, 1, 0, 1, 0, 0, 1, 1, 1, 1, 1, 0, 0, 0, 1, 1, 0, 1, 0, 1], [0, 0, 1, 0, 0, 0, 1, 1, 0, 1, 1, 0, 0, 0, 1, 0, 1, 0, 0, 1, 1, 0, 0, 1, 1], [0, 1, 0, 1, 0, 0, 1, 1, 0, 1, 1, 0, 0, 0, 0, 0, 1, 1, 0, 1, 0, 0, 0, 1, 0], [1, 0, 1, 1, 1, 0, 1, 0, 1, 0, 1, 0, 0, 0, 0, 1, 0, 1, 1, 0, 1, 1, 1, 1, 1], [1, 0, 0, 0, 0, 0, 1, 1, 0, 1, 1, 1, 0, 0, 0, 1, 0, 1, 0, 0, 0, 1, 0, 0, 0], [1, 0, 0, 1, 0, 1, 1, 0, 0, 1, 1, 0, 0, 1, 1, 0, 1, 1, 0, 1, 0, 1, 1, 1, 0], [0, 1, 0, 1, 1, 1, 0, 0, 1, 0, 0, 1, 1, 0, 0, 1, 0, 0, 0, 1, 0, 0, 0, 1, 0], [0, 1, 0, 0, 1, 1, 1, 0, 1, 1, 0, 0, 1, 1, 1, 1, 0, 0, 1, 0, 1, 0, 1, 0, 0], [1, 1, 1, 1, 0, 0, 1, 0, 1, 0, 0, 0, 0, 1, 0, 0, 0, 1, 0, 0, 0, 0, 0, 1, 1], [0, 1, 0, 0, 1, 0, 1, 0, 1, 1, 1, 1, 1, 0, 0, 1, 1, 0, 0, 0, 0, 0, 0, 1, 0], [1, 1, 1, 0, 1, 0, 1, 0, 0, 1, 1, 1, 0, 1, 0, 0, 0, 1, 0, 0, 0, 0, 0, 1, 1], [0, 1, 0, 1, 0, 0, 1, 0, 0, 0, 0, 0, 0, 1, 1, 1, 0, 0, 0, 0, 0, 0, 0, 1, 1], [1, 1, 0, 0, 1, 0, 1, 0, 1, 0, 1, 0, 0, 1, 0, 1, 0, 1, 0, 0, 0, 0, 0, 0, 1], [1, 0, 0, 1, 0, 1, 1, 0, 1, 1, 0, 1, 1, 1, 0, 1, 1, 0, 1, 1, 1, 1, 0, 0, 0], [1, 1, 1, 0, 0, 0, 1, 1, 1, 1, 1, 1, 0, 1, 0, 0, 0, 0, 1, 0, 1, 1, 1, 0, 0]]",12.0,5.0,Y,"{0: 17, 1: 22, 2: 27, 3: 32, 4: 37, 5: 42, 6: 47, 7: 52, 8: 57, 9: 62, 10: 67, 11: 72, 12: 77, 13: 82, 14: 87, 15: 92, 16: 97, 17: 102, 18: 107, 19: 112, 20: 117, 21: 122, 22: 12, 23: 127, 24: 132}","{(0, 1): 6, (0, 5): 1, (0, 8): 1, (0, 9): 1, (0, 13): 1, (0, 14): 1, (0, 15): 1, (0, 18): 1, (0, 20): 1, (0, 22): 1, (0, 23): 1, (0, 24): 1, (1, 5): 2, (1, 6): 1, (1, 7): 1, (1, 8): 1, (1, 9): 1, (1, 10): 1, (1, 12): 1, (1, 16): 1, (1, 17): 1, (1, 18): 1, (1, 19): 1, (1, 20): 1, (1, 21): 1, (1, 22): 1, (1, 24): 1, (2, 4): 18, (2, 6): 1, (2, 7): 1, (2, 9): 1, (2, 10): 1, (2, 11): 1, (2, 13): 1, (2, 18): 1, (2, 20): 1, (2, 24): 1, (3, 7): 22, (3, 8): 1, (3, 9): 1, (3, 10): 1, (3, 12): 1, (3, 13): 1, (3, 15): 1, (3, 16): 1, (3, 18): 1, (3, 21): 1, (3, 23): 1, (4, 6): 11, (4, 7): 1, (4, 10): 1, (4, 13): 1, (4, 16): 1, (4, 17): 1, (4, 19): 1, (4, 20): 1, (4, 22): 1, (5, 15): 36, (5, 16): 1, (5, 17): 1, (5, 23): 1, (6, 7): 19, (6, 8): 1, (6, 10): 1, (6, 11): 1, (6, 12): 1, (6, 13): 1, (6, 14): 1, (6, 15): 1, (6, 17): 1, (6, 18): 1, (6, 19): 1, (6, 20): 1, (6, 21): 1, (6, 22): 1, (6, 23): 1, (6, 24): 1, (7, 9): 1, (7, 11): 2, (7, 12): 3, (7, 14): 1, (7, 24): 1, (8, 10): 5, (8, 13): 3, (8, 16): 3, (8, 17): 1, (8, 18): 1, (8, 19): 3, (8, 22): 1, (8, 23): 1, (8, 24): 35, (9, 11): 4, (9, 12): 1, (9, 14): 1, (9, 15): 3, (9, 17): 1, (9, 19): 44, (9, 20): 1, (9, 23): 1, (9, 24): 1, (10, 11): 7, (10, 12): 1, (10, 13): 1, (10, 14): 3, (10, 15): 8, (10, 19): 32, (10, 20): 1, (10, 22): 1, (10, 24): 3, (11, 14): 1, (11, 16): 1, (11, 19): 5, (11, 20): 31, (11, 23): 1, (11, 24): 18, (12, 16): 56, (12, 17): 3, (12, 19): 9, (12, 23): 1, (13, 15): 1, (13, 17): 3, (13, 18): 27, (13, 20): 1, (13, 21): 1, (13, 22): 1, (13, 23): 1, (13, 24): 38, (14, 15): 1, (14, 17): 1, (14, 21): 77, (15, 16): 1, (15, 17): 27, (15, 19): 1, (15, 21): 7, (15, 22): 3, (15, 23): 1, (16, 19): 12, (16, 23): 20, (17, 18): 1, (17, 20): 60, (17, 22): 1, (18, 23): 68, (18, 24): 5, (19, 23): 3, (20, 23): 1, (20, 24): 17, (21, 23): 25, (21, 24): 9, (22, 24): 1}",4792.928695678711,774.0,75.0,2173.0
12.0,Graph with 25 nodes and 149 edges,"[[0, 1, 0, 0, 0, 1, 0, 0, 1, 1, 0, 0, 0, 1, 1, 1, 0, 0, 1, 0, 1, 0, 1, 1, 1], [1, 0, 0, 0, 0, 1, 1, 1, 1, 1, 1, 0, 1, 0, 0, 0, 1, 1, 1, 1, 1, 1, 1, 0, 1], [0, 0, 0, 0, 1, 0, 1, 1, 0, 1, 1, 1, 0, 1, 0, 0, 0, 0, 1, 0, 1, 0, 0, 0, 1], [0, 0, 0, 0, 0, 0, 0, 1, 1, 1, 1, 0, 1, 1, 0, 1, 1, 0, 1, 0, 0, 1, 0, 1, 0], [0, 0, 1, 0, 0, 0, 1, 1, 0, 0, 1, 0, 0, 1, 0, 0, 1, 1, 0, 1, 1, 0, 1, 0, 0], [1, 1, 0, 0, 0, 0, 0, 0, 0, 0, 0, 0, 0, 0, 0, 1, 1, 1, 0, 0, 0, 0, 0, 1, 0], [0, 1, 1, 0, 1, 0, 0, 1, 1, 0, 1, 1, 1, 1, 1, 1, 0, 1, 1, 1, 1, 1, 1, 1, 1], [0, 1, 1, 1, 1, 0, 1, 0, 0, 1, 0, 1, 1, 0, 1, 0, 0, 0, 0, 0, 0, 0, 0, 0, 1], [1, 1, 0, 1, 0, 0, 1, 0, 0, 0, 1, 0, 0, 1, 0, 0, 1, 1, 1, 1, 0, 0, 1, 1, 1], [1, 1, 1, 1, 0, 0, 0, 1, 0, 0, 0, 1, 1, 0, 1, 1, 0, 1, 0, 1, 1, 0, 0, 1, 1], [0, 1, 1, 1, 1, 0, 1, 0, 1, 0, 0, 1, 1, 1, 1, 1, 0, 0, 0, 1, 1, 0, 1, 0, 1], [0, 0, 1, 0, 0, 0, 1, 1, 0, 1, 1, 0, 0, 0, 1, 0, 1, 0, 0, 1, 1, 0, 0, 1, 1], [0, 1, 0, 1, 0, 0, 1, 1, 0, 1, 1, 0, 0, 0, 0, 0, 1, 1, 0, 1, 0, 0, 0, 1, 0], [1, 0, 1, 1, 1, 0, 1, 0, 1, 0, 1, 0, 0, 0, 0, 1, 0, 1, 1, 0, 1, 1, 1, 1, 1], [1, 0, 0, 0, 0, 0, 1, 1, 0, 1, 1, 1, 0, 0, 0, 1, 0, 1, 0, 0, 0, 1, 0, 0, 0], [1, 0, 0, 1, 0, 1, 1, 0, 0, 1, 1, 0, 0, 1, 1, 0, 1, 1, 0, 1, 0, 1, 1, 1, 0], [0, 1, 0, 1, 1, 1, 0, 0, 1, 0, 0, 1, 1, 0, 0, 1, 0, 0, 0, 1, 0, 0, 0, 1, 0], [0, 1, 0, 0, 1, 1, 1, 0, 1, 1, 0, 0, 1, 1, 1, 1, 0, 0, 1, 0, 1, 0, 1, 0, 0], [1, 1, 1, 1, 0, 0, 1, 0, 1, 0, 0, 0, 0, 1, 0, 0, 0, 1, 0, 0, 0, 0, 0, 1, 1], [0, 1, 0, 0, 1, 0, 1, 0, 1, 1, 1, 1, 1, 0, 0, 1, 1, 0, 0, 0, 0, 0, 0, 1, 0], [1, 1, 1, 0, 1, 0, 1, 0, 0, 1, 1, 1, 0, 1, 0, 0, 0, 1, 0, 0, 0, 0, 0, 1, 1], [0, 1, 0, 1, 0, 0, 1, 0, 0, 0, 0, 0, 0, 1, 1, 1, 0, 0, 0, 0, 0, 0, 0, 1, 1], [1, 1, 0, 0, 1, 0, 1, 0, 1, 0, 1, 0, 0, 1, 0, 1, 0, 1, 0, 0, 0, 0, 0, 0, 1], [1, 0, 0, 1, 0, 1, 1, 0, 1, 1, 0, 1, 1, 1, 0, 1, 1, 0, 1, 1, 1, 1, 0, 0, 0], [1, 1, 1, 0, 0, 0, 1, 1, 1, 1, 1, 1, 0, 1, 0, 0, 0, 0, 1, 0, 1, 1, 1, 0, 0]]",18.0,6.0,Y,"{0: 24, 1: 30, 2: 36, 3: 42, 4: 48, 5: 54, 6: 60, 7: 66, 8: 72, 9: 78, 10: 84, 11: 90, 12: 96, 13: 102, 14: 108, 15: 114, 16: 120, 17: 126, 18: 132, 19: 138, 20: 144, 21: 150, 22: 156, 23: 162, 24: 18}","{(0, 1): 13, (0, 5): 1, (0, 8): 1, (0, 9): 1, (0, 13): 1, (0, 14): 1, (0, 15): 1, (0, 18): 1, (0, 20): 1, (0, 22): 1, (0, 23): 1, (0, 24): 1, (1, 5): 3, (1, 6): 1, (1, 7): 1, (1, 8): 1, (1, 9): 1, (1, 10): 1, (1, 12): 1, (1, 16): 1, (1, 17): 1, (1, 18): 1, (1, 19): 1, (1, 20): 1, (1, 21): 1, (1, 22): 1, (1, 24): 1, (2, 4): 27, (2, 6): 1, (2, 7): 1, (2, 9): 1, (2, 10): 1, (2, 11): 1, (2, 13): 1, (2, 18): 1, (2, 20): 1, (2, 24): 1, (3, 7): 32, (3, 8): 1, (3, 9): 1, (3, 10): 1, (3, 12): 1, (3, 13): 1, (3, 15): 1, (3, 16): 1, (3, 18): 1, (3, 21): 1, (3, 23): 1, (4, 6): 13, (4, 7): 1, (4, 10): 1, (4, 13): 1, (4, 16): 1, (4, 17): 1, (4, 19): 1, (4, 20): 1, (4, 22): 1, (5, 15): 47, (5, 16): 1, (5, 17): 1, (5, 23): 1, (6, 7): 26, (6, 8): 5, (6, 10): 1, (6, 11): 1, (6, 12): 1, (6, 13): 1, (6, 14): 1, (6, 15): 1, (6, 17): 1, (6, 18): 1, (6, 19): 1, (6, 20): 1, (6, 21): 1, (6, 22): 1, (6, 23): 1, (6, 24): 1, (7, 9): 1, (7, 11): 1, (7, 12): 1, (7, 14): 1, (7, 24): 1, (8, 10): 1, (8, 13): 1, (8, 16): 1, (8, 17): 1, (8, 18): 56, (8, 19): 1, (8, 22): 1, (8, 23): 1, (8, 24): 1, (9, 11): 10, (9, 12): 5, (9, 14): 49, (9, 15): 1, (9, 17): 1, (9, 19): 1, (9, 20): 4, (9, 23): 1, (9, 24): 1, (10, 11): 5, (10, 12): 1, (10, 13): 1, (10, 14): 32, (10, 15): 1, (10, 19): 10, (10, 20): 1, (10, 22): 26, (10, 24): 1, (11, 14): 8, (11, 16): 5, (11, 19): 1, (11, 20): 56, (11, 23): 1, (11, 24): 1, (12, 16): 29, (12, 17): 1, (12, 19): 41, (12, 23): 15, (13, 15): 1, (13, 17): 1, (13, 18): 1, (13, 20): 32, (13, 21): 1, (13, 22): 57, (13, 23): 1, (13, 24): 1, (14, 15): 1, (14, 17): 1, (14, 21): 14, (15, 16): 1, (15, 17): 1, (15, 19): 1, (15, 21): 40, (15, 22): 16, (15, 23): 1, (16, 19): 79, (16, 23): 1, (17, 18): 64, (17, 20): 1, (17, 22): 51, (18, 23): 1, (18, 24): 5, (19, 23): 1, (20, 23): 44, (20, 24): 1, (21, 23): 91, (21, 24): 1, (22, 24): 1}",4547.119140625,774.0,75.0,2173.0
13.0,Graph with 25 nodes and 145 edges,"[[0, 0, 0, 0, 0, 0, 0, 1, 0, 1, 1, 0, 0, 0, 1, 1, 0, 1, 1, 0, 1, 1, 0, 1, 0], [0, 0, 0, 1, 1, 0, 0, 1, 0, 1, 0, 1, 0, 0, 0, 1, 1, 0, 1, 1, 1, 1, 0, 1, 0], [0, 0, 0, 1, 0, 0, 0, 1, 0, 1, 0, 1, 0, 1, 0, 1, 0, 1, 1, 1, 0, 1, 1, 0, 0], [0, 1, 1, 0, 0, 0, 0, 1, 1, 0, 0, 0, 0, 1, 1, 1, 0, 0, 0, 1, 0, 0, 1, 0, 1], [0, 1, 0, 0, 0, 1, 0, 1, 0, 1, 0, 0, 0, 1, 1, 1, 0, 1, 0, 0, 0, 0, 0, 1, 0], [0, 0, 0, 0, 1, 0, 1, 1, 1, 1, 0, 1, 0, 1, 1, 1, 1, 1, 0, 0, 0, 1, 0, 0, 0], [0, 0, 0, 0, 0, 1, 0, 1, 1, 0, 0, 1, 1, 0, 0, 0, 1, 0, 0, 1, 0, 1, 0, 0, 1], [1, 1, 1, 1, 1, 1, 1, 0, 0, 0, 1, 1, 1, 1, 1, 0, 0, 0, 0, 0, 1, 1, 1, 0, 0], [0, 0, 0, 1, 0, 1, 1, 0, 0, 1, 1, 1, 0, 1, 0, 0, 1, 1, 0, 1, 1, 0, 0, 0, 1], [1, 1, 1, 0, 1, 1, 0, 0, 1, 0, 1, 1, 0, 1, 0, 0, 1, 0, 1, 1, 1, 1, 1, 1, 0], [1, 0, 0, 0, 0, 0, 0, 1, 1, 1, 0, 1, 0, 0, 0, 0, 0, 1, 1, 0, 1, 1, 0, 1, 1], [0, 1, 1, 0, 0, 1, 1, 1, 1, 1, 1, 0, 1, 0, 0, 0, 0, 1, 0, 1, 0, 0, 0, 1, 1], [0, 0, 0, 0, 0, 0, 1, 1, 0, 0, 0, 1, 0, 1, 1, 0, 1, 1, 1, 0, 1, 0, 1, 0, 0], [0, 0, 1, 1, 1, 1, 0, 1, 1, 1, 0, 0, 1, 0, 0, 0, 1, 0, 0, 1, 0, 1, 1, 1, 1], [1, 0, 0, 1, 1, 1, 0, 1, 0, 0, 0, 0, 1, 0, 0, 0, 1, 1, 1, 1, 1, 0, 1, 0, 1], [1, 1, 1, 1, 1, 1, 0, 0, 0, 0, 0, 0, 0, 0, 0, 0, 0, 0, 0, 0, 1, 0, 0, 0, 1], [0, 1, 0, 0, 0, 1, 1, 0, 1, 1, 0, 0, 1, 1, 1, 0, 0, 1, 1, 1, 1, 1, 1, 1, 1], [1, 0, 1, 0, 1, 1, 0, 0, 1, 0, 1, 1, 1, 0, 1, 0, 1, 0, 0, 0, 0, 1, 0, 1, 0], [1, 1, 1, 0, 0, 0, 0, 0, 0, 1, 1, 0, 1, 0, 1, 0, 1, 0, 0, 1, 0, 0, 0, 1, 0], [0, 1, 1, 1, 0, 0, 1, 0, 1, 1, 0, 1, 0, 1, 1, 0, 1, 0, 1, 0, 0, 0, 1, 0, 0], [1, 1, 0, 0, 0, 0, 0, 1, 1, 1, 1, 0, 1, 0, 1, 1, 1, 0, 0, 0, 0, 0, 0, 0, 0], [1, 1, 1, 0, 0, 1, 1, 1, 0, 1, 1, 0, 0, 1, 0, 0, 1, 1, 0, 0, 0, 0, 0, 1, 0], [0, 0, 1, 1, 0, 0, 0, 1, 0, 1, 0, 0, 1, 1, 1, 0, 1, 0, 0, 1, 0, 0, 0, 1, 0], [1, 1, 0, 0, 1, 0, 0, 0, 0, 1, 1, 1, 0, 1, 0, 0, 1, 1, 1, 0, 0, 1, 1, 0, 1], [0, 0, 0, 1, 0, 0, 1, 0, 1, 0, 1, 1, 0, 1, 1, 1, 1, 0, 0, 0, 0, 0, 0, 1, 0]]",12.0,8.0,Y,"{0: 20, 1: 28, 2: 36, 3: 44, 4: 52, 5: 60, 6: 68, 7: 76, 8: 84, 9: 92, 10: 100, 11: 108, 12: 116, 13: 124, 14: 132, 15: 140, 16: 148, 17: 156, 18: 164, 19: 172, 20: 180, 21: 188, 22: 196, 23: 204, 24: 12}","{(0, 7): 11, (0, 9): 1, (0, 10): 1, (0, 14): 1, (0, 15): 1, (0, 17): 1, (0, 18): 1, (0, 20): 1, (0, 21): 1, (0, 23): 1, (1, 3): 17, (1, 4): 1, (1, 7): 1, (1, 9): 1, (1, 11): 1, (1, 15): 1, (1, 16): 1, (1, 18): 1, (1, 19): 1, (1, 20): 1, (1, 21): 1, (1, 23): 1, (2, 3): 19, (2, 7): 8, (2, 9): 1, (2, 11): 1, (2, 13): 1, (2, 15): 1, (2, 17): 1, (2, 18): 1, (2, 19): 1, (2, 21): 1, (2, 22): 1, (3, 7): 1, (3, 8): 1, (3, 13): 1, (3, 14): 1, (3, 15): 1, (3, 19): 1, (3, 22): 1, (3, 24): 1, (4, 5): 44, (4, 7): 1, (4, 9): 1, (4, 13): 1, (4, 14): 1, (4, 15): 1, (4, 17): 1, (4, 23): 1, (5, 6): 6, (5, 7): 1, (5, 8): 1, (5, 9): 1, (5, 11): 1, (5, 13): 1, (5, 14): 1, (5, 15): 1, (5, 16): 1, (5, 17): 1, (5, 21): 1, (6, 7): 45, (6, 8): 1, (6, 11): 11, (6, 12): 1, (6, 16): 1, (6, 19): 1, (6, 21): 1, (6, 24): 1, (7, 10): 1, (7, 11): 1, (7, 12): 1, (7, 13): 1, (7, 14): 1, (7, 20): 1, (7, 21): 1, (7, 22): 1, (8, 9): 3, (8, 10): 1, (8, 11): 5, (8, 13): 55, (8, 16): 1, (8, 17): 1, (8, 19): 13, (8, 20): 1, (8, 24): 1, (9, 10): 1, (9, 11): 1, (9, 13): 1, (9, 16): 1, (9, 18): 1, (9, 19): 37, (9, 20): 27, (9, 21): 1, (9, 22): 1, (9, 23): 13, (10, 11): 43, (10, 17): 1, (10, 18): 1, (10, 20): 1, (10, 21): 48, (10, 23): 1, (10, 24): 1, (11, 12): 28, (11, 17): 1, (11, 19): 1, (11, 23): 13, (11, 24): 1, (12, 13): 13, (12, 14): 35, (12, 16): 1, (12, 17): 22, (12, 18): 1, (12, 20): 13, (12, 22): 1, (13, 16): 1, (13, 19): 1, (13, 21): 1, (13, 22): 45, (13, 23): 1, (13, 24): 1, (14, 16): 1, (14, 17): 72, (14, 18): 1, (14, 19): 1, (14, 20): 1, (14, 22): 13, (14, 24): 3, (15, 20): 133, (15, 24): 1, (16, 17): 1, (16, 18): 13, (16, 19): 1, (16, 20): 1, (16, 21): 78, (16, 22): 19, (16, 23): 26, (16, 24): 1, (17, 21): 53, (17, 23): 1, (18, 19): 1, (18, 23): 143, (19, 22): 113, (21, 23): 1, (22, 23): 1, (23, 24): 1}",5148.172378540039,770.0,75.0,2165.0
13.0,Graph with 25 nodes and 145 edges,"[[0, 0, 0, 0, 0, 0, 0, 1, 0, 1, 1, 0, 0, 0, 1, 1, 0, 1, 1, 0, 1, 1, 0, 1, 0], [0, 0, 0, 1, 1, 0, 0, 1, 0, 1, 0, 1, 0, 0, 0, 1, 1, 0, 1, 1, 1, 1, 0, 1, 0], [0, 0, 0, 1, 0, 0, 0, 1, 0, 1, 0, 1, 0, 1, 0, 1, 0, 1, 1, 1, 0, 1, 1, 0, 0], [0, 1, 1, 0, 0, 0, 0, 1, 1, 0, 0, 0, 0, 1, 1, 1, 0, 0, 0, 1, 0, 0, 1, 0, 1], [0, 1, 0, 0, 0, 1, 0, 1, 0, 1, 0, 0, 0, 1, 1, 1, 0, 1, 0, 0, 0, 0, 0, 1, 0], [0, 0, 0, 0, 1, 0, 1, 1, 1, 1, 0, 1, 0, 1, 1, 1, 1, 1, 0, 0, 0, 1, 0, 0, 0], [0, 0, 0, 0, 0, 1, 0, 1, 1, 0, 0, 1, 1, 0, 0, 0, 1, 0, 0, 1, 0, 1, 0, 0, 1], [1, 1, 1, 1, 1, 1, 1, 0, 0, 0, 1, 1, 1, 1, 1, 0, 0, 0, 0, 0, 1, 1, 1, 0, 0], [0, 0, 0, 1, 0, 1, 1, 0, 0, 1, 1, 1, 0, 1, 0, 0, 1, 1, 0, 1, 1, 0, 0, 0, 1], [1, 1, 1, 0, 1, 1, 0, 0, 1, 0, 1, 1, 0, 1, 0, 0, 1, 0, 1, 1, 1, 1, 1, 1, 0], [1, 0, 0, 0, 0, 0, 0, 1, 1, 1, 0, 1, 0, 0, 0, 0, 0, 1, 1, 0, 1, 1, 0, 1, 1], [0, 1, 1, 0, 0, 1, 1, 1, 1, 1, 1, 0, 1, 0, 0, 0, 0, 1, 0, 1, 0, 0, 0, 1, 1], [0, 0, 0, 0, 0, 0, 1, 1, 0, 0, 0, 1, 0, 1, 1, 0, 1, 1, 1, 0, 1, 0, 1, 0, 0], [0, 0, 1, 1, 1, 1, 0, 1, 1, 1, 0, 0, 1, 0, 0, 0, 1, 0, 0, 1, 0, 1, 1, 1, 1], [1, 0, 0, 1, 1, 1, 0, 1, 0, 0, 0, 0, 1, 0, 0, 0, 1, 1, 1, 1, 1, 0, 1, 0, 1], [1, 1, 1, 1, 1, 1, 0, 0, 0, 0, 0, 0, 0, 0, 0, 0, 0, 0, 0, 0, 1, 0, 0, 0, 1], [0, 1, 0, 0, 0, 1, 1, 0, 1, 1, 0, 0, 1, 1, 1, 0, 0, 1, 1, 1, 1, 1, 1, 1, 1], [1, 0, 1, 0, 1, 1, 0, 0, 1, 0, 1, 1, 1, 0, 1, 0, 1, 0, 0, 0, 0, 1, 0, 1, 0], [1, 1, 1, 0, 0, 0, 0, 0, 0, 1, 1, 0, 1, 0, 1, 0, 1, 0, 0, 1, 0, 0, 0, 1, 0], [0, 1, 1, 1, 0, 0, 1, 0, 1, 1, 0, 1, 0, 1, 1, 0, 1, 0, 1, 0, 0, 0, 1, 0, 0], [1, 1, 0, 0, 0, 0, 0, 1, 1, 1, 1, 0, 1, 0, 1, 1, 1, 0, 0, 0, 0, 0, 0, 0, 0], [1, 1, 1, 0, 0, 1, 1, 1, 0, 1, 1, 0, 0, 1, 0, 0, 1, 1, 0, 0, 0, 0, 0, 1, 0], [0, 0, 1, 1, 0, 0, 0, 1, 0, 1, 0, 0, 1, 1, 1, 0, 1, 0, 0, 1, 0, 0, 0, 1, 0], [1, 1, 0, 0, 1, 0, 0, 0, 0, 1, 1, 1, 0, 1, 0, 0, 1, 1, 1, 0, 0, 1, 1, 0, 1], [0, 0, 0, 1, 0, 0, 1, 0, 1, 0, 1, 1, 0, 1, 1, 1, 1, 0, 0, 0, 0, 0, 0, 1, 0]]",20.0,9.0,Y,"{0: 29, 1: 38, 2: 47, 3: 56, 4: 65, 5: 74, 6: 83, 7: 92, 8: 101, 9: 110, 10: 119, 11: 128, 12: 137, 13: 146, 14: 155, 15: 164, 16: 173, 17: 182, 18: 191, 19: 200, 20: 209, 21: 218, 22: 227, 23: 236, 24: 20}","{(0, 7): 20, (0, 9): 1, (0, 10): 1, (0, 14): 1, (0, 15): 1, (0, 17): 1, (0, 18): 1, (0, 20): 1, (0, 21): 1, (0, 23): 1, (1, 3): 27, (1, 4): 1, (1, 7): 1, (1, 9): 1, (1, 11): 1, (1, 15): 1, (1, 16): 1, (1, 18): 1, (1, 19): 1, (1, 20): 1, (1, 21): 1, (1, 23): 1, (2, 3): 21, (2, 7): 17, (2, 9): 1, (2, 11): 1, (2, 13): 1, (2, 15): 1, (2, 17): 1, (2, 18): 1, (2, 19): 1, (2, 21): 1, (2, 22): 1, (3, 7): 1, (3, 8): 1, (3, 13): 1, (3, 14): 1, (3, 15): 1, (3, 19): 1, (3, 22): 1, (3, 24): 1, (4, 5): 57, (4, 7): 1, (4, 9): 1, (4, 13): 1, (4, 14): 1, (4, 15): 1, (4, 17): 1, (4, 23): 1, (5, 6): 7, (5, 7): 1, (5, 8): 1, (5, 9): 1, (5, 11): 1, (5, 13): 1, (5, 14): 1, (5, 15): 1, (5, 16): 1, (5, 17): 1, (5, 21): 1, (6, 7): 43, (6, 8): 1, (6, 11): 1, (6, 12): 1, (6, 16): 1, (6, 19): 1, (6, 21): 27, (6, 24): 1, (7, 10): 1, (7, 11): 1, (7, 12): 1, (7, 13): 1, (7, 14): 1, (7, 20): 1, (7, 21): 1, (7, 22): 1, (8, 9): 1, (8, 10): 1, (8, 11): 1, (8, 13): 1, (8, 16): 1, (8, 17): 2, (8, 19): 89, (8, 20): 1, (8, 24): 1, (9, 10): 1, (9, 11): 1, (9, 13): 1, (9, 16): 1, (9, 18): 1, (9, 19): 41, (9, 20): 1, (9, 21): 1, (9, 22): 55, (9, 23): 1, (10, 11): 28, (10, 17): 82, (10, 18): 1, (10, 20): 1, (10, 21): 1, (10, 23): 1, (10, 24): 1, (11, 12): 1, (11, 17): 89, (11, 19): 1, (11, 23): 1, (11, 24): 1, (12, 13): 25, (12, 14): 1, (12, 16): 1, (12, 17): 1, (12, 18): 1, (12, 20): 1, (12, 22): 104, (13, 16): 1, (13, 19): 1, (13, 21): 1, (13, 22): 1, (13, 23): 109, (13, 24): 1, (14, 16): 1, (14, 17): 1, (14, 18): 90, (14, 19): 1, (14, 20): 44, (14, 22): 1, (14, 24): 11, (15, 20): 157, (15, 24): 1, (16, 17): 1, (16, 18): 93, (16, 19): 1, (16, 20): 1, (16, 21): 66, (16, 22): 1, (16, 23): 1, (16, 24): 1, (17, 21): 1, (17, 23): 1, (18, 19): 1, (18, 23): 1, (19, 22): 61, (21, 23): 116, (22, 23): 1, (23, 24): 1}",4531.8603515625,770.0,75.0,2165.0
13.0,Graph with 25 nodes and 145 edges,"[[0, 0, 0, 0, 0, 0, 0, 1, 0, 1, 1, 0, 0, 0, 1, 1, 0, 1, 1, 0, 1, 1, 0, 1, 0], [0, 0, 0, 1, 1, 0, 0, 1, 0, 1, 0, 1, 0, 0, 0, 1, 1, 0, 1, 1, 1, 1, 0, 1, 0], [0, 0, 0, 1, 0, 0, 0, 1, 0, 1, 0, 1, 0, 1, 0, 1, 0, 1, 1, 1, 0, 1, 1, 0, 0], [0, 1, 1, 0, 0, 0, 0, 1, 1, 0, 0, 0, 0, 1, 1, 1, 0, 0, 0, 1, 0, 0, 1, 0, 1], [0, 1, 0, 0, 0, 1, 0, 1, 0, 1, 0, 0, 0, 1, 1, 1, 0, 1, 0, 0, 0, 0, 0, 1, 0], [0, 0, 0, 0, 1, 0, 1, 1, 1, 1, 0, 1, 0, 1, 1, 1, 1, 1, 0, 0, 0, 1, 0, 0, 0], [0, 0, 0, 0, 0, 1, 0, 1, 1, 0, 0, 1, 1, 0, 0, 0, 1, 0, 0, 1, 0, 1, 0, 0, 1], [1, 1, 1, 1, 1, 1, 1, 0, 0, 0, 1, 1, 1, 1, 1, 0, 0, 0, 0, 0, 1, 1, 1, 0, 0], [0, 0, 0, 1, 0, 1, 1, 0, 0, 1, 1, 1, 0, 1, 0, 0, 1, 1, 0, 1, 1, 0, 0, 0, 1], [1, 1, 1, 0, 1, 1, 0, 0, 1, 0, 1, 1, 0, 1, 0, 0, 1, 0, 1, 1, 1, 1, 1, 1, 0], [1, 0, 0, 0, 0, 0, 0, 1, 1, 1, 0, 1, 0, 0, 0, 0, 0, 1, 1, 0, 1, 1, 0, 1, 1], [0, 1, 1, 0, 0, 1, 1, 1, 1, 1, 1, 0, 1, 0, 0, 0, 0, 1, 0, 1, 0, 0, 0, 1, 1], [0, 0, 0, 0, 0, 0, 1, 1, 0, 0, 0, 1, 0, 1, 1, 0, 1, 1, 1, 0, 1, 0, 1, 0, 0], [0, 0, 1, 1, 1, 1, 0, 1, 1, 1, 0, 0, 1, 0, 0, 0, 1, 0, 0, 1, 0, 1, 1, 1, 1], [1, 0, 0, 1, 1, 1, 0, 1, 0, 0, 0, 0, 1, 0, 0, 0, 1, 1, 1, 1, 1, 0, 1, 0, 1], [1, 1, 1, 1, 1, 1, 0, 0, 0, 0, 0, 0, 0, 0, 0, 0, 0, 0, 0, 0, 1, 0, 0, 0, 1], [0, 1, 0, 0, 0, 1, 1, 0, 1, 1, 0, 0, 1, 1, 1, 0, 0, 1, 1, 1, 1, 1, 1, 1, 1], [1, 0, 1, 0, 1, 1, 0, 0, 1, 0, 1, 1, 1, 0, 1, 0, 1, 0, 0, 0, 0, 1, 0, 1, 0], [1, 1, 1, 0, 0, 0, 0, 0, 0, 1, 1, 0, 1, 0, 1, 0, 1, 0, 0, 1, 0, 0, 0, 1, 0], [0, 1, 1, 1, 0, 0, 1, 0, 1, 1, 0, 1, 0, 1, 1, 0, 1, 0, 1, 0, 0, 0, 1, 0, 0], [1, 1, 0, 0, 0, 0, 0, 1, 1, 1, 1, 0, 1, 0, 1, 1, 1, 0, 0, 0, 0, 0, 0, 0, 0], [1, 1, 1, 0, 0, 1, 1, 1, 0, 1, 1, 0, 0, 1, 0, 0, 1, 1, 0, 0, 0, 0, 0, 1, 0], [0, 0, 1, 1, 0, 0, 0, 1, 0, 1, 0, 0, 1, 1, 1, 0, 1, 0, 0, 1, 0, 0, 0, 1, 0], [1, 1, 0, 0, 1, 0, 0, 0, 0, 1, 1, 1, 0, 1, 0, 0, 1, 1, 1, 0, 0, 1, 1, 0, 1], [0, 0, 0, 1, 0, 0, 1, 0, 1, 0, 1, 1, 0, 1, 1, 1, 1, 0, 0, 0, 0, 0, 0, 1, 0]]",24.0,2.0,Y,"{0: 24, 1: 72, 2: 70, 3: 68, 4: 66, 5: 64, 6: 62, 7: 60, 8: 58, 9: 56, 10: 54, 11: 52, 12: 50, 13: 48, 14: 46, 15: 44, 16: 42, 17: 40, 18: 38, 19: 36, 20: 34, 21: 32, 22: 30, 23: 28, 24: 26}","{(0, 7): 1, (0, 9): 15, (0, 10): 1, (0, 14): 1, (0, 15): 1, (0, 17): 1, (0, 18): 1, (0, 20): 1, (0, 21): 1, (0, 23): 1, (1, 3): 1, (1, 4): 1, (1, 7): 1, (1, 9): 27, (1, 11): 1, (1, 15): 1, (1, 16): 1, (1, 18): 1, (1, 19): 1, (1, 20): 1, (1, 21): 20, (1, 23): 16, (2, 3): 1, (2, 7): 1, (2, 9): 1, (2, 11): 1, (2, 13): 1, (2, 15): 1, (2, 17): 1, (2, 18): 15, (2, 19): 25, (2, 21): 2, (2, 22): 21, (3, 7): 46, (3, 8): 1, (3, 13): 1, (3, 14): 1, (3, 15): 1, (3, 19): 1, (3, 22): 1, (3, 24): 14, (4, 5): 1, (4, 7): 1, (4, 9): 1, (4, 13): 1, (4, 14): 1, (4, 15): 30, (4, 17): 29, (4, 23): 1, (5, 6): 1, (5, 7): 1, (5, 8): 1, (5, 9): 1, (5, 11): 1, (5, 13): 1, (5, 14): 20, (5, 15): 8, (5, 16): 27, (5, 17): 1, (5, 21): 1, (6, 7): 1, (6, 8): 1, (6, 11): 11, (6, 12): 41, (6, 16): 1, (6, 19): 1, (6, 21): 1, (6, 24): 4, (7, 10): 1, (7, 11): 1, (7, 12): 1, (7, 13): 1, (7, 14): 1, (7, 20): 1, (7, 21): 1, (7, 22): 1, (8, 9): 1, (8, 10): 2, (8, 11): 1, (8, 13): 35, (8, 16): 1, (8, 17): 1, (8, 19): 1, (8, 20): 12, (8, 24): 1, (9, 10): 1, (9, 11): 1, (9, 13): 1, (9, 16): 1, (9, 18): 1, (9, 19): 1, (9, 20): 1, (9, 21): 1, (9, 22): 1, (9, 23): 1, (10, 11): 30, (10, 17): 1, (10, 18): 1, (10, 20): 14, (10, 21): 1, (10, 23): 1, (10, 24): 1, (11, 12): 1, (11, 17): 1, (11, 19): 1, (11, 23): 1, (11, 24): 1, (12, 13): 1, (12, 14): 1, (12, 16): 1, (12, 17): 1, (12, 18): 1, (12, 20): 1, (12, 22): 1, (13, 16): 1, (13, 19): 1, (13, 21): 1, (13, 22): 1, (13, 23): 1, (13, 24): 1, (14, 16): 1, (14, 17): 1, (14, 18): 15, (14, 19): 1, (14, 20): 1, (14, 22): 1, (14, 24): 1, (15, 20): 1, (15, 24): 1, (16, 17): 1, (16, 18): 1, (16, 19): 1, (16, 20): 1, (16, 21): 1, (16, 22): 1, (16, 23): 1, (16, 24): 1, (17, 21): 1, (17, 23): 1, (18, 19): 1, (18, 23): 1, (19, 22): 1, (21, 23): 1, (22, 23): 1, (23, 24): 1}",3263.9503479003906,770.0,75.0,2165.0
14.0,Graph with 25 nodes and 163 edges,"[[0, 1, 1, 1, 1, 0, 1, 0, 0, 0, 1, 1, 0, 1, 0, 1, 1, 0, 1, 0, 1, 0, 0, 1, 0], [1, 0, 0, 1, 1, 1, 1, 0, 0, 0, 0, 1, 1, 1, 1, 1, 1, 1, 1, 0, 1, 1, 1, 1, 0], [1, 0, 0, 0, 1, 0, 0, 1, 1, 0, 1, 1, 0, 0, 1, 0, 0, 0, 1, 0, 1, 1, 0, 0, 0], [1, 1, 0, 0, 1, 1, 1, 0, 0, 0, 1, 0, 0, 1, 0, 0, 1, 1, 1, 1, 1, 0, 0, 0, 1], [1, 1, 1, 1, 0, 1, 0, 1, 0, 1, 1, 1, 1, 1, 1, 1, 0, 1, 1, 0, 1, 1, 1, 0, 0], [0, 1, 0, 1, 1, 0, 1, 1, 0, 0, 0, 1, 0, 0, 1, 0, 0, 0, 0, 1, 1, 0, 0, 0, 0], [1, 1, 0, 1, 0, 1, 0, 1, 1, 0, 1, 0, 0, 0, 1, 1, 0, 0, 0, 1, 1, 0, 1, 1, 1], [0, 0, 1, 0, 1, 1, 1, 0, 1, 0, 0, 1, 0, 0, 1, 0, 0, 1, 1, 1, 1, 1, 0, 1, 0], [0, 0, 1, 0, 0, 0, 1, 1, 0, 0, 0, 1, 1, 1, 0, 0, 1, 0, 1, 1, 0, 0, 1, 0, 1], [0, 0, 0, 0, 1, 0, 0, 0, 0, 0, 0, 0, 0, 1, 1, 1, 0, 1, 1, 1, 1, 1, 1, 1, 0], [1, 0, 1, 1, 1, 0, 1, 0, 0, 0, 0, 0, 1, 1, 1, 1, 1, 1, 1, 0, 1, 0, 0, 1, 1], [1, 1, 1, 0, 1, 1, 0, 1, 1, 0, 0, 0, 1, 0, 0, 0, 1, 1, 0, 1, 0, 1, 0, 1, 0], [0, 1, 0, 0, 1, 0, 0, 0, 1, 0, 1, 1, 0, 1, 0, 0, 1, 0, 1, 1, 0, 0, 0, 0, 0], [1, 1, 0, 1, 1, 0, 0, 0, 1, 1, 1, 0, 1, 0, 1, 0, 0, 0, 1, 1, 0, 1, 0, 0, 0], [0, 1, 1, 0, 1, 1, 1, 1, 0, 1, 1, 0, 0, 1, 0, 1, 1, 0, 1, 0, 1, 1, 1, 0, 1], [1, 1, 0, 0, 1, 0, 1, 0, 0, 1, 1, 0, 0, 0, 1, 0, 1, 0, 0, 1, 0, 1, 0, 0, 1], [1, 1, 0, 1, 0, 0, 0, 0, 1, 0, 1, 1, 1, 0, 1, 1, 0, 1, 1, 1, 0, 1, 1, 1, 0], [0, 1, 0, 1, 1, 0, 0, 1, 0, 1, 1, 1, 0, 0, 0, 0, 1, 0, 0, 1, 0, 1, 1, 1, 0], [1, 1, 1, 1, 1, 0, 0, 1, 1, 1, 1, 0, 1, 1, 1, 0, 1, 0, 0, 1, 0, 0, 1, 0, 1], [0, 0, 0, 1, 0, 1, 1, 1, 1, 1, 0, 1, 1, 1, 0, 1, 1, 1, 1, 0, 0, 1, 0, 1, 0], [1, 1, 1, 1, 1, 1, 1, 1, 0, 1, 1, 0, 0, 0, 1, 0, 0, 0, 0, 0, 0, 0, 1, 1, 0], [0, 1, 1, 0, 1, 0, 0, 1, 0, 1, 0, 1, 0, 1, 1, 1, 1, 1, 0, 1, 0, 0, 1, 1, 1], [0, 1, 0, 0, 1, 0, 1, 0, 1, 1, 0, 0, 0, 0, 1, 0, 1, 1, 1, 0, 1, 1, 0, 0, 1], [1, 1, 0, 0, 0, 0, 1, 1, 0, 1, 1, 1, 0, 0, 0, 0, 1, 1, 0, 1, 1, 1, 0, 0, 1], [0, 0, 0, 1, 0, 0, 1, 0, 1, 0, 1, 0, 0, 0, 1, 1, 0, 0, 1, 0, 0, 1, 1, 1, 0]]",10.0,4.0,Y,"{0: 18, 1: 22, 2: 14, 3: 26, 4: 30, 5: 34, 6: 38, 7: 42, 8: 46, 9: 50, 10: 54, 11: 58, 12: 62, 13: 66, 14: 70, 15: 74, 16: 78, 17: 82, 18: 86, 19: 90, 20: 94, 21: 98, 22: 102, 23: 106, 24: 10}","{(0, 1): 6, (0, 2): 1, (0, 3): 1, (0, 4): 1, (0, 6): 1, (0, 10): 1, (0, 11): 1, (0, 13): 1, (0, 15): 1, (0, 16): 1, (0, 18): 1, (0, 20): 1, (0, 23): 1, (1, 3): 1, (1, 4): 1, (1, 5): 1, (1, 6): 1, (1, 11): 1, (1, 12): 1, (1, 13): 1, (1, 14): 1, (1, 15): 1, (1, 16): 1, (1, 17): 1, (1, 18): 1, (1, 20): 1, (1, 21): 1, (1, 22): 1, (1, 23): 1, (2, 4): 5, (2, 7): 1, (2, 8): 1, (2, 10): 1, (2, 11): 1, (2, 14): 1, (2, 18): 1, (2, 20): 1, (2, 21): 1, (3, 4): 9, (3, 5): 6, (3, 6): 1, (3, 10): 1, (3, 13): 1, (3, 16): 1, (3, 17): 1, (3, 18): 1, (3, 19): 1, (3, 20): 1, (3, 24): 1, (4, 5): 1, (4, 7): 1, (4, 9): 1, (4, 10): 1, (4, 11): 1, (4, 12): 1, (4, 13): 1, (4, 14): 1, (4, 15): 1, (4, 17): 1, (4, 18): 1, (4, 20): 1, (4, 21): 1, (4, 22): 1, (5, 6): 21, (5, 7): 1, (5, 11): 1, (5, 14): 1, (5, 19): 1, (5, 20): 1, (6, 7): 5, (6, 8): 1, (6, 10): 1, (6, 14): 1, (6, 15): 1, (6, 19): 1, (6, 20): 1, (6, 22): 1, (6, 23): 1, (6, 24): 1, (7, 8): 26, (7, 11): 1, (7, 14): 1, (7, 17): 1, (7, 18): 1, (7, 19): 1, (7, 20): 1, (7, 21): 1, (7, 23): 1, (8, 11): 1, (8, 12): 1, (8, 13): 1, (8, 16): 1, (8, 18): 1, (8, 19): 1, (8, 22): 11, (8, 24): 1, (9, 13): 1, (9, 14): 1, (9, 15): 1, (9, 17): 1, (9, 18): 2, (9, 19): 1, (9, 20): 17, (9, 21): 1, (9, 22): 23, (9, 23): 1, (10, 12): 1, (10, 13): 1, (10, 14): 1, (10, 15): 40, (10, 16): 1, (10, 17): 1, (10, 18): 1, (10, 20): 1, (10, 23): 1, (10, 24): 1, (11, 12): 1, (11, 16): 1, (11, 17): 1, (11, 19): 1, (11, 21): 46, (11, 23): 1, (12, 13): 54, (12, 16): 1, (12, 18): 1, (12, 19): 1, (13, 14): 1, (13, 18): 2, (13, 19): 1, (13, 21): 1, (14, 15): 1, (14, 16): 1, (14, 18): 55, (14, 20): 1, (14, 21): 1, (14, 22): 1, (14, 24): 1, (15, 16): 1, (15, 19): 1, (15, 21): 25, (15, 24): 1, (16, 17): 1, (16, 18): 1, (16, 19): 64, (16, 21): 1, (16, 22): 1, (16, 23): 1, (17, 19): 1, (17, 21): 1, (17, 22): 1, (17, 23): 71, (18, 19): 13, (18, 22): 3, (18, 24): 1, (19, 21): 1, (19, 23): 1, (20, 22): 43, (20, 23): 24, (21, 22): 15, (21, 23): 1, (21, 24): 1, (22, 24): 1, (23, 24): 1}",5017.04216003418,788.0,75.0,2201.0
14.0,Graph with 25 nodes and 163 edges,"[[0, 1, 1, 1, 1, 0, 1, 0, 0, 0, 1, 1, 0, 1, 0, 1, 1, 0, 1, 0, 1, 0, 0, 1, 0], [1, 0, 0, 1, 1, 1, 1, 0, 0, 0, 0, 1, 1, 1, 1, 1, 1, 1, 1, 0, 1, 1, 1, 1, 0], [1, 0, 0, 0, 1, 0, 0, 1, 1, 0, 1, 1, 0, 0, 1, 0, 0, 0, 1, 0, 1, 1, 0, 0, 0], [1, 1, 0, 0, 1, 1, 1, 0, 0, 0, 1, 0, 0, 1, 0, 0, 1, 1, 1, 1, 1, 0, 0, 0, 1], [1, 1, 1, 1, 0, 1, 0, 1, 0, 1, 1, 1, 1, 1, 1, 1, 0, 1, 1, 0, 1, 1, 1, 0, 0], [0, 1, 0, 1, 1, 0, 1, 1, 0, 0, 0, 1, 0, 0, 1, 0, 0, 0, 0, 1, 1, 0, 0, 0, 0], [1, 1, 0, 1, 0, 1, 0, 1, 1, 0, 1, 0, 0, 0, 1, 1, 0, 0, 0, 1, 1, 0, 1, 1, 1], [0, 0, 1, 0, 1, 1, 1, 0, 1, 0, 0, 1, 0, 0, 1, 0, 0, 1, 1, 1, 1, 1, 0, 1, 0], [0, 0, 1, 0, 0, 0, 1, 1, 0, 0, 0, 1, 1, 1, 0, 0, 1, 0, 1, 1, 0, 0, 1, 0, 1], [0, 0, 0, 0, 1, 0, 0, 0, 0, 0, 0, 0, 0, 1, 1, 1, 0, 1, 1, 1, 1, 1, 1, 1, 0], [1, 0, 1, 1, 1, 0, 1, 0, 0, 0, 0, 0, 1, 1, 1, 1, 1, 1, 1, 0, 1, 0, 0, 1, 1], [1, 1, 1, 0, 1, 1, 0, 1, 1, 0, 0, 0, 1, 0, 0, 0, 1, 1, 0, 1, 0, 1, 0, 1, 0], [0, 1, 0, 0, 1, 0, 0, 0, 1, 0, 1, 1, 0, 1, 0, 0, 1, 0, 1, 1, 0, 0, 0, 0, 0], [1, 1, 0, 1, 1, 0, 0, 0, 1, 1, 1, 0, 1, 0, 1, 0, 0, 0, 1, 1, 0, 1, 0, 0, 0], [0, 1, 1, 0, 1, 1, 1, 1, 0, 1, 1, 0, 0, 1, 0, 1, 1, 0, 1, 0, 1, 1, 1, 0, 1], [1, 1, 0, 0, 1, 0, 1, 0, 0, 1, 1, 0, 0, 0, 1, 0, 1, 0, 0, 1, 0, 1, 0, 0, 1], [1, 1, 0, 1, 0, 0, 0, 0, 1, 0, 1, 1, 1, 0, 1, 1, 0, 1, 1, 1, 0, 1, 1, 1, 0], [0, 1, 0, 1, 1, 0, 0, 1, 0, 1, 1, 1, 0, 0, 0, 0, 1, 0, 0, 1, 0, 1, 1, 1, 0], [1, 1, 1, 1, 1, 0, 0, 1, 1, 1, 1, 0, 1, 1, 1, 0, 1, 0, 0, 1, 0, 0, 1, 0, 1], [0, 0, 0, 1, 0, 1, 1, 1, 1, 1, 0, 1, 1, 1, 0, 1, 1, 1, 1, 0, 0, 1, 0, 1, 0], [1, 1, 1, 1, 1, 1, 1, 1, 0, 1, 1, 0, 0, 0, 1, 0, 0, 0, 0, 0, 0, 0, 1, 1, 0], [0, 1, 1, 0, 1, 0, 0, 1, 0, 1, 0, 1, 0, 1, 1, 1, 1, 1, 0, 1, 0, 0, 1, 1, 1], [0, 1, 0, 0, 1, 0, 1, 0, 1, 1, 0, 0, 0, 0, 1, 0, 1, 1, 1, 0, 1, 1, 0, 0, 1], [1, 1, 0, 0, 0, 0, 1, 1, 0, 1, 1, 1, 0, 0, 0, 0, 1, 1, 0, 1, 1, 1, 0, 0, 1], [0, 0, 0, 1, 0, 0, 1, 0, 1, 0, 1, 0, 0, 0, 1, 1, 0, 0, 1, 0, 0, 1, 1, 1, 0]]",28.0,5.0,Y,"{0: 148, 1: 143, 2: 138, 3: 133, 4: 128, 5: 123, 6: 118, 7: 113, 8: 108, 9: 103, 10: 98, 11: 93, 12: 88, 13: 83, 14: 78, 15: 73, 16: 68, 17: 63, 18: 58, 19: 53, 20: 48, 21: 43, 22: 38, 23: 33, 24: 28}","{(0, 1): 1, (0, 2): 129, (0, 3): 8, (0, 4): 1, (0, 6): 1, (0, 10): 1, (0, 11): 1, (0, 13): 1, (0, 15): 1, (0, 16): 1, (0, 18): 1, (0, 20): 1, (0, 23): 1, (1, 3): 1, (1, 4): 1, (1, 5): 1, (1, 6): 74, (1, 11): 1, (1, 12): 1, (1, 13): 1, (1, 14): 1, (1, 15): 1, (1, 16): 54, (1, 17): 1, (1, 18): 1, (1, 20): 1, (1, 21): 1, (1, 22): 1, (1, 23): 1, (2, 4): 1, (2, 7): 1, (2, 8): 1, (2, 10): 1, (2, 11): 1, (2, 14): 1, (2, 18): 1, (2, 20): 1, (2, 21): 1, (3, 4): 1, (3, 5): 84, (3, 6): 1, (3, 10): 1, (3, 13): 1, (3, 16): 1, (3, 17): 1, (3, 18): 1, (3, 19): 1, (3, 20): 31, (3, 24): 1, (4, 5): 1, (4, 7): 1, (4, 9): 1, (4, 10): 39, (4, 11): 1, (4, 12): 1, (4, 13): 1, (4, 14): 45, (4, 15): 1, (4, 17): 1, (4, 18): 1, (4, 20): 1, (4, 21): 29, (4, 22): 1, (5, 6): 32, (5, 7): 1, (5, 11): 1, (5, 14): 1, (5, 19): 1, (5, 20): 1, (6, 7): 1, (6, 8): 1, (6, 10): 1, (6, 14): 1, (6, 15): 1, (6, 19): 1, (6, 20): 1, (6, 22): 1, (6, 23): 1, (6, 24): 1, (7, 8): 1, (7, 11): 81, (7, 14): 1, (7, 17): 21, (7, 18): 1, (7, 19): 1, (7, 20): 1, (7, 21): 1, (7, 23): 1, (8, 11): 1, (8, 12): 68, (8, 13): 1, (8, 16): 1, (8, 18): 5, (8, 19): 1, (8, 22): 27, (8, 24): 1, (9, 13): 60, (9, 14): 1, (9, 15): 18, (9, 17): 12, (9, 18): 1, (9, 19): 1, (9, 20): 6, (9, 21): 1, (9, 22): 1, (9, 23): 1, (10, 12): 1, (10, 13): 1, (10, 14): 1, (10, 15): 46, (10, 16): 1, (10, 17): 1, (10, 18): 1, (10, 20): 1, (10, 23): 1, (10, 24): 1, (11, 12): 1, (11, 16): 1, (11, 17): 1, (11, 19): 1, (11, 21): 1, (11, 23): 1, (12, 13): 13, (12, 16): 1, (12, 18): 1, (12, 19): 1, (13, 14): 1, (13, 18): 1, (13, 19): 1, (13, 21): 1, (14, 15): 1, (14, 16): 1, (14, 18): 1, (14, 20): 1, (14, 21): 1, (14, 22): 1, (14, 24): 19, (15, 16): 1, (15, 19): 1, (15, 21): 1, (15, 24): 1, (16, 17): 1, (16, 18): 1, (16, 19): 1, (16, 21): 1, (16, 22): 1, (16, 23): 1, (17, 19): 1, (17, 21): 1, (17, 22): 1, (17, 23): 21, (18, 19): 39, (18, 22): 1, (18, 24): 1, (19, 21): 1, (19, 23): 1, (20, 22): 1, (20, 23): 1, (21, 22): 1, (21, 23): 1, (21, 24): 1, (22, 24): 1, (23, 24): 1}",3201.007843017578,788.0,75.0,2201.0
15.0,Graph with 25 nodes and 151 edges,"[[0, 0, 0, 1, 0, 0, 1, 1, 0, 0, 0, 0, 0, 0, 0, 0, 0, 1, 1, 1, 0, 1, 0, 0, 1], [0, 0, 1, 0, 0, 1, 1, 0, 1, 1, 0, 1, 0, 1, 1, 1, 1, 1, 0, 1, 0, 1, 0, 1, 1], [0, 1, 0, 1, 1, 1, 1, 1, 1, 1, 0, 1, 0, 1, 0, 0, 0, 0, 1, 0, 0, 0, 1, 1, 0], [1, 0, 1, 0, 0, 1, 0, 0, 1, 0, 0, 0, 1, 0, 1, 1, 0, 1, 0, 0, 0, 1, 1, 1, 0], [0, 0, 1, 0, 0, 1, 0, 0, 0, 0, 1, 1, 1, 0, 0, 1, 0, 1, 1, 1, 1, 1, 1, 1, 0], [0, 1, 1, 1, 1, 0, 1, 0, 0, 1, 0, 1, 1, 1, 1, 0, 0, 1, 1, 0, 0, 0, 1, 1, 0], [1, 1, 1, 0, 0, 1, 0, 0, 0, 1, 1, 1, 0, 0, 1, 1, 0, 0, 1, 0, 1, 0, 1, 1, 0], [1, 0, 1, 0, 0, 0, 0, 0, 1, 1, 0, 1, 0, 1, 0, 1, 0, 0, 1, 0, 0, 1, 0, 1, 0], [0, 1, 1, 1, 0, 0, 0, 1, 0, 1, 1, 0, 0, 1, 0, 0, 0, 1, 0, 1, 0, 1, 0, 1, 0], [0, 1, 1, 0, 0, 1, 1, 1, 1, 0, 1, 0, 1, 0, 0, 0, 1, 1, 0, 1, 0, 1, 0, 0, 1], [0, 0, 0, 0, 1, 0, 1, 0, 1, 1, 0, 0, 0, 1, 1, 0, 1, 1, 0, 0, 0, 0, 1, 1, 0], [0, 1, 1, 0, 1, 1, 1, 1, 0, 0, 0, 0, 1, 1, 1, 0, 0, 0, 0, 1, 0, 0, 1, 1, 1], [0, 0, 0, 1, 1, 1, 0, 0, 0, 1, 0, 1, 0, 0, 1, 0, 0, 1, 0, 1, 0, 0, 1, 1, 1], [0, 1, 1, 0, 0, 1, 0, 1, 1, 0, 1, 1, 0, 0, 0, 0, 1, 1, 0, 1, 1, 0, 0, 1, 1], [0, 1, 0, 1, 0, 1, 1, 0, 0, 0, 1, 1, 1, 0, 0, 0, 1, 1, 1, 0, 1, 1, 0, 1, 1], [0, 1, 0, 1, 1, 0, 1, 1, 0, 0, 0, 0, 0, 0, 0, 0, 1, 1, 1, 0, 1, 0, 0, 1, 1], [0, 1, 0, 0, 0, 0, 0, 0, 0, 1, 1, 0, 0, 1, 1, 1, 0, 0, 1, 1, 0, 0, 0, 1, 1], [1, 1, 0, 1, 1, 1, 0, 0, 1, 1, 1, 0, 1, 1, 1, 1, 0, 0, 1, 0, 0, 0, 0, 1, 1], [1, 0, 1, 0, 1, 1, 1, 1, 0, 0, 0, 0, 0, 0, 1, 1, 1, 1, 0, 0, 0, 0, 1, 0, 1], [1, 1, 0, 0, 1, 0, 0, 0, 1, 1, 0, 1, 1, 1, 0, 0, 1, 0, 0, 0, 0, 0, 1, 1, 0], [0, 0, 0, 0, 1, 0, 1, 0, 0, 0, 0, 0, 0, 1, 1, 1, 0, 0, 0, 0, 0, 0, 0, 0, 1], [1, 1, 0, 1, 1, 0, 0, 1, 1, 1, 0, 0, 0, 0, 1, 0, 0, 0, 0, 0, 0, 0, 1, 1, 1], [0, 0, 1, 1, 1, 1, 1, 0, 0, 0, 1, 1, 1, 0, 0, 0, 0, 0, 1, 1, 0, 1, 0, 0, 0], [0, 1, 1, 1, 1, 1, 1, 1, 1, 0, 1, 1, 1, 1, 1, 1, 1, 1, 0, 1, 0, 1, 0, 0, 1], [1, 1, 0, 0, 0, 0, 0, 0, 0, 1, 0, 1, 1, 1, 1, 1, 1, 1, 1, 0, 1, 1, 0, 1, 0]]",12.0,7.0,Y,"{0: 180, 1: 173, 2: 166, 3: 159, 4: 152, 5: 145, 6: 138, 7: 131, 8: 124, 9: 117, 10: 110, 11: 103, 12: 96, 13: 89, 14: 82, 15: 75, 16: 68, 17: 61, 18: 54, 19: 47, 20: 40, 21: 33, 22: 12, 23: 26, 24: 19}","{(0, 3): 112, (0, 6): 1, (0, 7): 1, (0, 17): 47, (0, 18): 1, (0, 19): 16, (0, 21): 1, (0, 24): 1, (1, 2): 1, (1, 5): 1, (1, 6): 1, (1, 8): 1, (1, 9): 105, (1, 11): 1, (1, 13): 1, (1, 14): 1, (1, 15): 1, (1, 16): 21, (1, 17): 1, (1, 19): 1, (1, 21): 23, (1, 23): 8, (1, 24): 6, (2, 3): 15, (2, 4): 140, (2, 5): 1, (2, 6): 1, (2, 7): 1, (2, 8): 1, (2, 9): 1, (2, 11): 1, (2, 13): 1, (2, 18): 1, (2, 22): 1, (2, 23): 1, (3, 5): 1, (3, 8): 1, (3, 12): 1, (3, 14): 24, (3, 15): 1, (3, 17): 1, (3, 21): 1, (3, 22): 1, (3, 23): 1, (4, 5): 1, (4, 10): 1, (4, 11): 1, (4, 12): 1, (4, 15): 1, (4, 17): 1, (4, 18): 1, (4, 19): 1, (4, 20): 1, (4, 21): 1, (4, 22): 1, (4, 23): 1, (5, 6): 1, (5, 9): 1, (5, 11): 46, (5, 12): 86, (5, 13): 1, (5, 14): 1, (5, 17): 1, (5, 18): 1, (5, 22): 2, (5, 23): 1, (6, 9): 1, (6, 10): 1, (6, 11): 1, (6, 14): 1, (6, 15): 50, (6, 18): 43, (6, 20): 35, (6, 22): 1, (6, 23): 1, (7, 8): 107, (7, 9): 1, (7, 11): 1, (7, 13): 1, (7, 15): 16, (7, 18): 1, (7, 21): 1, (7, 23): 1, (8, 9): 1, (8, 10): 8, (8, 13): 1, (8, 17): 1, (8, 19): 1, (8, 21): 1, (8, 23): 1, (9, 10): 1, (9, 12): 1, (9, 16): 1, (9, 17): 1, (9, 19): 1, (9, 21): 1, (9, 24): 1, (10, 13): 77, (10, 14): 1, (10, 16): 18, (10, 17): 1, (10, 22): 1, (10, 23): 1, (11, 12): 1, (11, 13): 1, (11, 14): 46, (11, 19): 1, (11, 22): 1, (11, 23): 1, (11, 24): 1, (12, 14): 1, (12, 17): 1, (12, 19): 1, (12, 22): 1, (12, 23): 1, (12, 24): 1, (13, 16): 1, (13, 17): 1, (13, 19): 1, (13, 20): 1, (13, 23): 1, (13, 24): 1, (14, 16): 1, (14, 17): 1, (14, 18): 1, (14, 20): 1, (14, 21): 1, (14, 23): 1, (14, 24): 1, (15, 16): 1, (15, 17): 1, (15, 18): 1, (15, 20): 1, (15, 23): 1, (15, 24): 1, (16, 18): 1, (16, 19): 22, (16, 23): 1, (16, 24): 1, (17, 18): 1, (17, 23): 1, (17, 24): 1, (18, 22): 1, (18, 24): 1, (19, 22): 1, (19, 23): 1, (20, 24): 1, (21, 22): 1, (21, 23): 1, (21, 24): 1, (23, 24): 1}",3293.9910888671875,776.0,75.0,2177.0
15.0,Graph with 25 nodes and 151 edges,"[[0, 0, 0, 1, 0, 0, 1, 1, 0, 0, 0, 0, 0, 0, 0, 0, 0, 1, 1, 1, 0, 1, 0, 0, 1], [0, 0, 1, 0, 0, 1, 1, 0, 1, 1, 0, 1, 0, 1, 1, 1, 1, 1, 0, 1, 0, 1, 0, 1, 1], [0, 1, 0, 1, 1, 1, 1, 1, 1, 1, 0, 1, 0, 1, 0, 0, 0, 0, 1, 0, 0, 0, 1, 1, 0], [1, 0, 1, 0, 0, 1, 0, 0, 1, 0, 0, 0, 1, 0, 1, 1, 0, 1, 0, 0, 0, 1, 1, 1, 0], [0, 0, 1, 0, 0, 1, 0, 0, 0, 0, 1, 1, 1, 0, 0, 1, 0, 1, 1, 1, 1, 1, 1, 1, 0], [0, 1, 1, 1, 1, 0, 1, 0, 0, 1, 0, 1, 1, 1, 1, 0, 0, 1, 1, 0, 0, 0, 1, 1, 0], [1, 1, 1, 0, 0, 1, 0, 0, 0, 1, 1, 1, 0, 0, 1, 1, 0, 0, 1, 0, 1, 0, 1, 1, 0], [1, 0, 1, 0, 0, 0, 0, 0, 1, 1, 0, 1, 0, 1, 0, 1, 0, 0, 1, 0, 0, 1, 0, 1, 0], [0, 1, 1, 1, 0, 0, 0, 1, 0, 1, 1, 0, 0, 1, 0, 0, 0, 1, 0, 1, 0, 1, 0, 1, 0], [0, 1, 1, 0, 0, 1, 1, 1, 1, 0, 1, 0, 1, 0, 0, 0, 1, 1, 0, 1, 0, 1, 0, 0, 1], [0, 0, 0, 0, 1, 0, 1, 0, 1, 1, 0, 0, 0, 1, 1, 0, 1, 1, 0, 0, 0, 0, 1, 1, 0], [0, 1, 1, 0, 1, 1, 1, 1, 0, 0, 0, 0, 1, 1, 1, 0, 0, 0, 0, 1, 0, 0, 1, 1, 1], [0, 0, 0, 1, 1, 1, 0, 0, 0, 1, 0, 1, 0, 0, 1, 0, 0, 1, 0, 1, 0, 0, 1, 1, 1], [0, 1, 1, 0, 0, 1, 0, 1, 1, 0, 1, 1, 0, 0, 0, 0, 1, 1, 0, 1, 1, 0, 0, 1, 1], [0, 1, 0, 1, 0, 1, 1, 0, 0, 0, 1, 1, 1, 0, 0, 0, 1, 1, 1, 0, 1, 1, 0, 1, 1], [0, 1, 0, 1, 1, 0, 1, 1, 0, 0, 0, 0, 0, 0, 0, 0, 1, 1, 1, 0, 1, 0, 0, 1, 1], [0, 1, 0, 0, 0, 0, 0, 0, 0, 1, 1, 0, 0, 1, 1, 1, 0, 0, 1, 1, 0, 0, 0, 1, 1], [1, 1, 0, 1, 1, 1, 0, 0, 1, 1, 1, 0, 1, 1, 1, 1, 0, 0, 1, 0, 0, 0, 0, 1, 1], [1, 0, 1, 0, 1, 1, 1, 1, 0, 0, 0, 0, 0, 0, 1, 1, 1, 1, 0, 0, 0, 0, 1, 0, 1], [1, 1, 0, 0, 1, 0, 0, 0, 1, 1, 0, 1, 1, 1, 0, 0, 1, 0, 0, 0, 0, 0, 1, 1, 0], [0, 0, 0, 0, 1, 0, 1, 0, 0, 0, 0, 0, 0, 1, 1, 1, 0, 0, 0, 0, 0, 0, 0, 0, 1], [1, 1, 0, 1, 1, 0, 0, 1, 1, 1, 0, 0, 0, 0, 1, 0, 0, 0, 0, 0, 0, 0, 1, 1, 1], [0, 0, 1, 1, 1, 1, 1, 0, 0, 0, 1, 1, 1, 0, 0, 0, 0, 0, 1, 1, 0, 1, 0, 0, 0], [0, 1, 1, 1, 1, 1, 1, 1, 1, 0, 1, 1, 1, 1, 1, 1, 1, 1, 0, 1, 0, 1, 0, 0, 1], [1, 1, 0, 0, 0, 0, 0, 0, 0, 1, 0, 1, 1, 1, 1, 1, 1, 1, 1, 0, 1, 1, 0, 1, 0]]",16.0,8.0,Y,"{0: 24, 1: 32, 2: 40, 3: 48, 4: 56, 5: 64, 6: 72, 7: 80, 8: 88, 9: 96, 10: 104, 11: 112, 12: 120, 13: 128, 14: 136, 15: 144, 16: 152, 17: 160, 18: 168, 19: 176, 20: 184, 21: 192, 22: 200, 23: 208, 24: 16}","{(0, 3): 17, (0, 6): 1, (0, 7): 1, (0, 17): 1, (0, 18): 1, (0, 19): 1, (0, 21): 1, (0, 24): 1, (1, 2): 18, (1, 5): 1, (1, 6): 1, (1, 8): 1, (1, 9): 1, (1, 11): 1, (1, 13): 1, (1, 14): 1, (1, 15): 1, (1, 16): 1, (1, 17): 1, (1, 19): 1, (1, 21): 1, (1, 23): 1, (1, 24): 1, (2, 3): 11, (2, 4): 1, (2, 5): 1, (2, 6): 1, (2, 7): 1, (2, 8): 1, (2, 9): 1, (2, 11): 1, (2, 13): 1, (2, 18): 1, (2, 22): 1, (2, 23): 1, (3, 5): 12, (3, 8): 1, (3, 12): 1, (3, 14): 1, (3, 15): 1, (3, 17): 1, (3, 21): 1, (3, 22): 1, (3, 23): 1, (4, 5): 40, (4, 10): 5, (4, 11): 1, (4, 12): 1, (4, 15): 1, (4, 17): 1, (4, 18): 1, (4, 19): 1, (4, 20): 1, (4, 21): 1, (4, 22): 1, (4, 23): 1, (5, 6): 1, (5, 9): 1, (5, 11): 1, (5, 12): 1, (5, 13): 1, (5, 14): 1, (5, 17): 1, (5, 18): 1, (5, 22): 1, (5, 23): 1, (6, 9): 60, (6, 10): 1, (6, 11): 1, (6, 14): 1, (6, 15): 1, (6, 18): 1, (6, 20): 1, (6, 22): 1, (6, 23): 1, (7, 8): 44, (7, 9): 21, (7, 11): 1, (7, 13): 1, (7, 15): 1, (7, 18): 8, (7, 21): 1, (7, 23): 1, (8, 9): 1, (8, 10): 7, (8, 13): 1, (8, 17): 1, (8, 19): 1, (8, 21): 29, (8, 23): 1, (9, 10): 1, (9, 12): 1, (9, 16): 1, (9, 17): 1, (9, 19): 1, (9, 21): 5, (9, 24): 1, (10, 13): 1, (10, 14): 59, (10, 16): 1, (10, 17): 21, (10, 22): 1, (10, 23): 7, (11, 12): 19, (11, 13): 1, (11, 14): 1, (11, 19): 12, (11, 22): 28, (11, 23): 44, (11, 24): 1, (12, 14): 1, (12, 17): 88, (12, 19): 5, (12, 22): 1, (12, 23): 1, (12, 24): 1, (13, 16): 1, (13, 17): 13, (13, 19): 2, (13, 20): 103, (13, 23): 1, (13, 24): 1, (14, 16): 19, (14, 17): 1, (14, 18): 17, (14, 20): 6, (14, 21): 24, (14, 23): 1, (14, 24): 3, (15, 16): 1, (15, 17): 27, (15, 18): 29, (15, 20): 72, (15, 23): 9, (15, 24): 1, (16, 18): 106, (16, 19): 1, (16, 23): 20, (16, 24): 1, (17, 18): 1, (17, 23): 1, (17, 24): 1, (18, 22): 1, (18, 24): 1, (19, 22): 150, (19, 23): 1, (20, 24): 1, (21, 22): 14, (21, 23): 114, (21, 24): 1, (23, 24): 1}",4702.091217041016,776.0,75.0,2177.0
16.0,Graph with 25 nodes and 146 edges,"[[0, 0, 1, 1, 0, 1, 1, 1, 0, 0, 0, 0, 0, 0, 1, 1, 1, 1, 1, 1, 1, 1, 1, 0, 0], [0, 0, 1, 1, 1, 0, 0, 0, 0, 0, 1, 0, 1, 0, 1, 0, 0, 1, 1, 1, 1, 1, 1, 0, 1], [1, 1, 0, 1, 0, 0, 0, 1, 0, 1, 0, 1, 1, 1, 0, 0, 0, 0, 0, 0, 1, 1, 0, 0, 1], [1, 1, 1, 0, 1, 0, 1, 0, 1, 1, 0, 1, 1, 1, 0, 1, 0, 1, 1, 1, 1, 0, 0, 1, 0], [0, 1, 0, 1, 0, 0, 0, 1, 1, 0, 1, 1, 0, 1, 1, 0, 0, 1, 1, 1, 0, 0, 1, 0, 1], [1, 0, 0, 0, 0, 0, 0, 0, 1, 1, 0, 1, 1, 0, 1, 1, 0, 1, 1, 0, 1, 0, 0, 1, 0], [1, 0, 0, 1, 0, 0, 0, 0, 1, 0, 1, 1, 0, 1, 0, 0, 0, 1, 1, 0, 0, 0, 1, 1, 1], [1, 0, 1, 0, 1, 0, 0, 0, 1, 0, 0, 1, 0, 1, 1, 1, 1, 0, 1, 1, 0, 0, 0, 0, 0], [0, 0, 0, 1, 1, 1, 1, 1, 0, 0, 0, 0, 0, 0, 0, 1, 1, 1, 0, 1, 1, 1, 0, 1, 0], [0, 0, 1, 1, 0, 1, 0, 0, 0, 0, 1, 1, 1, 1, 0, 1, 0, 1, 0, 0, 1, 1, 0, 0, 1], [0, 1, 0, 0, 1, 0, 1, 0, 0, 1, 0, 1, 0, 1, 0, 0, 0, 1, 0, 1, 0, 0, 0, 0, 1], [0, 0, 1, 1, 1, 1, 1, 1, 0, 1, 1, 0, 0, 1, 0, 0, 0, 0, 0, 1, 1, 0, 0, 0, 0], [0, 1, 1, 1, 0, 1, 0, 0, 0, 1, 0, 0, 0, 1, 1, 1, 0, 0, 0, 0, 0, 1, 0, 0, 1], [0, 0, 1, 1, 1, 0, 1, 1, 0, 1, 1, 1, 1, 0, 0, 0, 1, 1, 0, 1, 0, 0, 0, 1, 1], [1, 1, 0, 0, 1, 1, 0, 1, 0, 0, 0, 0, 1, 0, 0, 1, 1, 1, 1, 0, 0, 0, 0, 1, 1], [1, 0, 0, 1, 0, 1, 0, 1, 1, 1, 0, 0, 1, 0, 1, 0, 0, 0, 0, 0, 0, 1, 1, 1, 1], [1, 0, 0, 0, 0, 0, 0, 1, 1, 0, 0, 0, 0, 1, 1, 0, 0, 0, 1, 1, 0, 1, 1, 1, 0], [1, 1, 0, 1, 1, 1, 1, 0, 1, 1, 1, 0, 0, 1, 1, 0, 0, 0, 0, 1, 0, 0, 0, 1, 1], [1, 1, 0, 1, 1, 1, 1, 1, 0, 0, 0, 0, 0, 0, 1, 0, 1, 0, 0, 0, 0, 0, 1, 1, 1], [1, 1, 0, 1, 1, 0, 0, 1, 1, 0, 1, 1, 0, 1, 0, 0, 1, 1, 0, 0, 0, 0, 0, 0, 0], [1, 1, 1, 1, 0, 1, 0, 0, 1, 1, 0, 1, 0, 0, 0, 0, 0, 0, 0, 0, 0, 0, 1, 1, 0], [1, 1, 1, 0, 0, 0, 0, 0, 1, 1, 0, 0, 1, 0, 0, 1, 1, 0, 0, 0, 0, 0, 0, 1, 0], [1, 1, 0, 0, 1, 0, 1, 0, 0, 0, 0, 0, 0, 0, 0, 1, 1, 0, 1, 0, 1, 0, 0, 1, 0], [0, 0, 0, 1, 0, 1, 1, 0, 1, 0, 0, 0, 0, 1, 1, 1, 1, 1, 1, 0, 1, 1, 1, 0, 0], [0, 1, 1, 0, 1, 0, 1, 0, 0, 1, 1, 0, 1, 1, 1, 1, 0, 1, 1, 0, 0, 0, 0, 0, 0]]",16.0,5.0,Y,"{0: 21, 1: 26, 2: 31, 3: 36, 4: 41, 5: 46, 6: 51, 7: 56, 8: 61, 9: 66, 10: 71, 11: 76, 12: 81, 13: 86, 14: 91, 15: 96, 16: 101, 17: 106, 18: 111, 19: 116, 20: 121, 21: 126, 22: 131, 23: 136, 24: 16}","{(0, 2): 8, (0, 3): 1, (0, 5): 1, (0, 6): 1, (0, 7): 1, (0, 14): 1, (0, 15): 1, (0, 16): 1, (0, 17): 1, (0, 18): 1, (0, 19): 1, (0, 20): 1, (0, 21): 1, (0, 22): 1, (1, 2): 14, (1, 3): 1, (1, 4): 1, (1, 10): 1, (1, 12): 1, (1, 14): 1, (1, 17): 1, (1, 18): 1, (1, 19): 1, (1, 20): 1, (1, 21): 1, (1, 22): 1, (1, 24): 1, (2, 3): 1, (2, 7): 1, (2, 9): 1, (2, 11): 1, (2, 12): 1, (2, 13): 1, (2, 20): 1, (2, 21): 1, (2, 24): 1, (3, 4): 21, (3, 6): 1, (3, 8): 1, (3, 9): 1, (3, 11): 1, (3, 12): 1, (3, 13): 1, (3, 15): 1, (3, 17): 1, (3, 18): 1, (3, 19): 1, (3, 20): 1, (3, 23): 1, (4, 7): 9, (4, 8): 1, (4, 10): 1, (4, 11): 1, (4, 13): 1, (4, 14): 1, (4, 17): 1, (4, 18): 1, (4, 19): 1, (4, 22): 1, (4, 24): 1, (5, 8): 36, (5, 9): 1, (5, 11): 1, (5, 12): 1, (5, 14): 1, (5, 15): 1, (5, 17): 1, (5, 18): 1, (5, 20): 1, (5, 23): 1, (6, 8): 1, (6, 10): 1, (6, 11): 1, (6, 13): 1, (6, 17): 41, (6, 18): 1, (6, 22): 1, (6, 23): 1, (6, 24): 1, (7, 8): 1, (7, 11): 37, (7, 13): 1, (7, 14): 1, (7, 15): 1, (7, 16): 1, (7, 18): 2, (7, 19): 1, (8, 15): 1, (8, 16): 1, (8, 17): 1, (8, 19): 1, (8, 20): 15, (8, 21): 1, (8, 23): 1, (9, 10): 1, (9, 11): 1, (9, 12): 1, (9, 13): 1, (9, 15): 1, (9, 17): 1, (9, 20): 1, (9, 21): 55, (9, 24): 1, (10, 11): 8, (10, 13): 1, (10, 17): 1, (10, 19): 56, (10, 24): 1, (11, 13): 1, (11, 19): 23, (11, 20): 1, (12, 13): 1, (12, 14): 1, (12, 15): 72, (12, 21): 1, (12, 24): 1, (13, 16): 1, (13, 17): 9, (13, 19): 1, (13, 23): 65, (13, 24): 1, (14, 15): 1, (14, 16): 1, (14, 17): 1, (14, 18): 79, (14, 23): 1, (14, 24): 2, (15, 21): 1, (15, 22): 1, (15, 23): 14, (15, 24): 1, (16, 18): 1, (16, 19): 29, (16, 21): 64, (16, 22): 1, (16, 23): 1, (17, 19): 1, (17, 23): 42, (17, 24): 4, (18, 22): 21, (18, 23): 1, (18, 24): 1, (20, 22): 98, (20, 23): 1, (21, 23): 1, (22, 23): 6}",4909.038543701172,771.0,75.0,2167.0
17.0,Graph with 25 nodes and 144 edges,"[[0, 0, 1, 0, 0, 1, 1, 0, 1, 1, 0, 1, 1, 0, 1, 0, 0, 0, 1, 0, 0, 1, 1, 0, 1], [0, 0, 0, 1, 1, 0, 1, 1, 0, 1, 1, 1, 0, 1, 0, 0, 1, 0, 1, 1, 0, 1, 1, 1, 1], [1, 0, 0, 1, 1, 0, 0, 1, 1, 0, 1, 0, 1, 1, 0, 0, 0, 1, 0, 0, 0, 1, 1, 0, 1], [0, 1, 1, 0, 0, 1, 0, 0, 1, 0, 0, 1, 0, 0, 1, 0, 1, 0, 0, 0, 1, 0, 1, 0, 1], [0, 1, 1, 0, 0, 0, 1, 1, 0, 0, 1, 0, 1, 0, 1, 0, 0, 1, 1, 0, 1, 1, 0, 1, 0], [1, 0, 0, 1, 0, 0, 0, 0, 0, 0, 0, 1, 1, 1, 1, 1, 0, 1, 0, 0, 0, 0, 1, 1, 0], [1, 1, 0, 0, 1, 0, 0, 0, 0, 1, 0, 1, 0, 0, 0, 1, 1, 0, 0, 0, 1, 1, 1, 1, 0], [0, 1, 1, 0, 1, 0, 0, 0, 0, 1, 0, 1, 0, 1, 1, 1, 1, 1, 0, 1, 1, 0, 0, 0, 0], [1, 0, 1, 1, 0, 0, 0, 0, 0, 0, 0, 1, 1, 0, 1, 1, 1, 1, 0, 0, 0, 0, 1, 0, 0], [1, 1, 0, 0, 0, 0, 1, 1, 0, 0, 0, 1, 1, 1, 1, 0, 1, 0, 0, 0, 1, 0, 0, 0, 0], [0, 1, 1, 0, 1, 0, 0, 0, 0, 0, 0, 1, 0, 1, 1, 1, 1, 1, 0, 1, 1, 0, 1, 1, 0], [1, 1, 0, 1, 0, 1, 1, 1, 1, 1, 1, 0, 1, 1, 0, 0, 0, 0, 0, 1, 1, 1, 1, 0, 0], [1, 0, 1, 0, 1, 1, 0, 0, 1, 1, 0, 1, 0, 1, 1, 1, 0, 0, 0, 1, 1, 0, 0, 0, 1], [0, 1, 1, 0, 0, 1, 0, 1, 0, 1, 1, 1, 1, 0, 1, 1, 1, 0, 0, 1, 1, 1, 1, 0, 1], [1, 0, 0, 1, 1, 1, 0, 1, 1, 1, 1, 0, 1, 1, 0, 0, 1, 1, 0, 1, 1, 0, 0, 0, 1], [0, 0, 0, 0, 0, 1, 1, 1, 1, 0, 1, 0, 1, 1, 0, 0, 1, 0, 0, 1, 0, 0, 0, 1, 0], [0, 1, 0, 1, 0, 0, 1, 1, 1, 1, 1, 0, 0, 1, 1, 1, 0, 1, 0, 0, 0, 0, 0, 1, 0], [0, 0, 1, 0, 1, 1, 0, 1, 1, 0, 1, 0, 0, 0, 1, 0, 1, 0, 0, 1, 1, 0, 0, 0, 0], [1, 1, 0, 0, 1, 0, 0, 0, 0, 0, 0, 0, 0, 0, 0, 0, 0, 0, 0, 0, 1, 0, 1, 0, 0], [0, 1, 0, 0, 0, 0, 0, 1, 0, 0, 1, 1, 1, 1, 1, 1, 0, 1, 0, 0, 0, 1, 0, 1, 0], [0, 0, 0, 1, 1, 0, 1, 1, 0, 1, 1, 1, 1, 1, 1, 0, 0, 1, 1, 0, 0, 1, 0, 1, 0], [1, 1, 1, 0, 1, 0, 1, 0, 0, 0, 0, 1, 0, 1, 0, 0, 0, 0, 0, 1, 1, 0, 1, 0, 1], [1, 1, 1, 1, 0, 1, 1, 0, 1, 0, 1, 1, 0, 1, 0, 0, 0, 0, 1, 0, 0, 1, 0, 0, 0], [0, 1, 0, 0, 1, 1, 1, 0, 0, 0, 1, 0, 0, 0, 0, 1, 1, 0, 0, 1, 1, 0, 0, 0, 0], [1, 1, 1, 1, 0, 0, 0, 0, 0, 0, 0, 0, 1, 1, 1, 0, 0, 0, 0, 0, 0, 1, 0, 0, 0]]",22.0,2.0,Y,"{0: 62, 1: 22, 2: 34, 3: 68, 4: 64, 5: 58, 6: 52, 7: 60, 8: 36, 9: 40, 10: 42, 11: 24, 12: 28, 13: 70, 14: 38, 15: 32, 16: 66, 17: 46, 18: 54, 19: 30, 20: 48, 21: 56, 22: 50, 23: 44, 24: 26}","{(0, 2): 1, (0, 5): 1, (0, 6): 1, (0, 8): 1, (0, 9): 1, (0, 11): 10, (0, 12): 1, (0, 14): 1, (0, 18): 1, (0, 21): 1, (0, 22): 24, (0, 24): 19, (1, 3): 1, (1, 4): 1, (1, 6): 1, (1, 7): 1, (1, 9): 1, (1, 10): 1, (1, 11): 1, (1, 13): 1, (1, 16): 1, (1, 18): 8, (1, 19): 1, (1, 21): 1, (1, 22): 1, (1, 23): 1, (1, 24): 1, (2, 3): 1, (2, 4): 1, (2, 7): 1, (2, 8): 1, (2, 10): 1, (2, 12): 1, (2, 13): 23, (2, 17): 1, (2, 21): 1, (2, 22): 1, (2, 24): 1, (3, 5): 1, (3, 8): 1, (3, 11): 1, (3, 14): 1, (3, 16): 10, (3, 20): 35, (3, 22): 16, (3, 24): 1, (4, 6): 1, (4, 7): 1, (4, 10): 1, (4, 12): 1, (4, 14): 11, (4, 17): 1, (4, 18): 43, (4, 20): 1, (4, 21): 1, (4, 23): 1, (5, 11): 1, (5, 12): 1, (5, 13): 29, (5, 14): 1, (5, 15): 1, (5, 17): 1, (5, 22): 1, (5, 23): 21, (6, 9): 1, (6, 11): 1, (6, 15): 1, (6, 16): 1, (6, 20): 1, (6, 21): 42, (6, 22): 1, (6, 23): 1, (7, 9): 1, (7, 11): 1, (7, 13): 1, (7, 14): 1, (7, 15): 1, (7, 16): 1, (7, 17): 30, (7, 19): 20, (7, 20): 1, (8, 11): 1, (8, 12): 1, (8, 14): 14, (8, 15): 1, (8, 16): 7, (8, 17): 8, (8, 22): 1, (9, 11): 1, (9, 12): 1, (9, 13): 1, (9, 14): 1, (9, 16): 31, (9, 20): 1, (10, 11): 1, (10, 13): 1, (10, 14): 1, (10, 15): 7, (10, 16): 9, (10, 17): 1, (10, 19): 1, (10, 20): 1, (10, 22): 1, (10, 23): 16, (11, 12): 1, (11, 13): 1, (11, 19): 1, (11, 20): 1, (11, 21): 1, (11, 22): 1, (12, 13): 1, (12, 14): 1, (12, 15): 16, (12, 19): 1, (12, 20): 1, (12, 24): 1, (13, 14): 1, (13, 15): 1, (13, 16): 1, (13, 19): 1, (13, 20): 1, (13, 21): 5, (13, 22): 1, (13, 24): 1, (14, 16): 1, (14, 17): 1, (14, 19): 1, (14, 20): 1, (14, 24): 1, (15, 16): 2, (15, 19): 1, (15, 23): 1, (16, 17): 1, (16, 23): 1, (17, 19): 1, (17, 20): 1, (18, 20): 1, (18, 22): 1, (19, 21): 1, (19, 23): 1, (20, 21): 1, (20, 23): 1, (21, 22): 1, (21, 24): 1}",3508.0909729003906,769.0,75.0,2163.0
18.0,Graph with 25 nodes and 136 edges,"[[0, 1, 1, 0, 1, 0, 1, 1, 0, 1, 0, 0, 0, 0, 0, 1, 0, 1, 0, 1, 1, 0, 1, 0, 1], [1, 0, 0, 0, 0, 1, 1, 0, 1, 1, 1, 1, 0, 0, 1, 1, 0, 1, 0, 1, 1, 1, 0, 1, 0], [1, 0, 0, 0, 0, 0, 1, 1, 0, 0, 0, 0, 1, 1, 0, 0, 0, 0, 0, 0, 1, 0, 1, 0, 1], [0, 0, 0, 0, 1, 0, 0, 1, 1, 0, 1, 0, 0, 0, 1, 0, 1, 0, 1, 0, 0, 0, 0, 1, 1], [1, 0, 0, 1, 0, 1, 1, 0, 0, 0, 0, 1, 1, 1, 1, 1, 1, 0, 0, 0, 1, 1, 0, 0, 1], [0, 1, 0, 0, 1, 0, 0, 0, 0, 1, 1, 0, 0, 1, 0, 1, 0, 0, 0, 1, 0, 1, 1, 0, 1], [1, 1, 1, 0, 1, 0, 0, 1, 0, 0, 0, 1, 0, 0, 1, 1, 1, 0, 1, 1, 0, 0, 0, 0, 0], [1, 0, 1, 1, 0, 0, 1, 0, 0, 1, 0, 1, 0, 1, 1, 1, 1, 1, 1, 0, 0, 1, 0, 0, 0], [0, 1, 0, 1, 0, 0, 0, 0, 0, 0, 0, 1, 0, 1, 0, 0, 1, 0, 0, 0, 1, 1, 1, 1, 0], [1, 1, 0, 0, 0, 1, 0, 1, 0, 0, 0, 1, 0, 0, 0, 0, 1, 1, 1, 1, 0, 0, 1, 1, 0], [0, 1, 0, 1, 0, 1, 0, 0, 0, 0, 0, 0, 0, 0, 0, 1, 1, 0, 1, 0, 0, 1, 0, 0, 0], [0, 1, 0, 0, 1, 0, 1, 1, 1, 1, 0, 0, 0, 0, 0, 1, 0, 0, 0, 1, 0, 0, 0, 1, 0], [0, 0, 1, 0, 1, 0, 0, 0, 0, 0, 0, 0, 0, 1, 1, 1, 1, 0, 0, 1, 1, 0, 0, 1, 1], [0, 0, 1, 0, 1, 1, 0, 1, 1, 0, 0, 0, 1, 0, 1, 0, 1, 0, 0, 0, 1, 1, 0, 1, 1], [0, 1, 0, 1, 1, 0, 1, 1, 0, 0, 0, 0, 1, 1, 0, 0, 0, 1, 1, 0, 0, 1, 0, 1, 0], [1, 1, 0, 0, 1, 1, 1, 1, 0, 0, 1, 1, 1, 0, 0, 0, 1, 1, 1, 1, 0, 0, 0, 1, 1], [0, 0, 0, 1, 1, 0, 1, 1, 1, 1, 1, 0, 1, 1, 0, 1, 0, 1, 0, 0, 1, 0, 0, 0, 1], [1, 1, 0, 0, 0, 0, 0, 1, 0, 1, 0, 0, 0, 0, 1, 1, 1, 0, 0, 0, 1, 1, 0, 0, 1], [0, 0, 0, 1, 0, 0, 1, 1, 0, 1, 1, 0, 0, 0, 1, 1, 0, 0, 0, 1, 1, 0, 0, 1, 1], [1, 1, 0, 0, 0, 1, 1, 0, 0, 1, 0, 1, 1, 0, 0, 1, 0, 0, 1, 0, 1, 0, 0, 1, 0], [1, 1, 1, 0, 1, 0, 0, 0, 1, 0, 0, 0, 1, 1, 0, 0, 1, 1, 1, 1, 0, 0, 0, 1, 0], [0, 1, 0, 0, 1, 1, 0, 1, 1, 0, 1, 0, 0, 1, 1, 0, 0, 1, 0, 0, 0, 0, 1, 1, 0], [1, 0, 1, 0, 0, 1, 0, 0, 1, 1, 0, 0, 0, 0, 0, 0, 0, 0, 0, 0, 0, 1, 0, 0, 0], [0, 1, 0, 1, 0, 0, 0, 0, 1, 1, 0, 1, 1, 1, 1, 1, 0, 0, 1, 1, 1, 1, 0, 0, 0], [1, 0, 1, 1, 1, 1, 0, 0, 0, 0, 0, 0, 1, 1, 0, 1, 1, 1, 1, 0, 0, 0, 0, 0, 0]]",10.0,8.0,Y,"{0: 26, 1: 34, 2: 18, 3: 42, 4: 50, 5: 58, 6: 66, 7: 74, 8: 82, 9: 90, 10: 98, 11: 106, 12: 114, 13: 122, 14: 130, 15: 138, 16: 146, 17: 154, 18: 162, 19: 170, 20: 178, 21: 186, 22: 10, 23: 194, 24: 202}","{(0, 1): 15, (0, 2): 1, (0, 4): 1, (0, 6): 1, (0, 7): 1, (0, 9): 1, (0, 15): 1, (0, 17): 1, (0, 19): 1, (0, 20): 1, (0, 22): 1, (0, 24): 1, (1, 5): 7, (1, 6): 1, (1, 8): 1, (1, 9): 1, (1, 10): 1, (1, 11): 1, (1, 14): 1, (1, 15): 1, (1, 17): 1, (1, 19): 1, (1, 20): 1, (1, 21): 1, (1, 23): 1, (2, 6): 11, (2, 7): 1, (2, 12): 1, (2, 13): 1, (2, 20): 1, (2, 22): 1, (2, 24): 1, (3, 4): 34, (3, 7): 1, (3, 8): 1, (3, 10): 1, (3, 14): 1, (3, 16): 1, (3, 18): 1, (3, 23): 1, (3, 24): 1, (4, 5): 5, (4, 6): 1, (4, 11): 1, (4, 12): 1, (4, 13): 1, (4, 14): 1, (4, 15): 1, (4, 16): 1, (4, 20): 1, (4, 21): 1, (4, 24): 1, (5, 9): 39, (5, 10): 1, (5, 13): 1, (5, 15): 1, (5, 19): 1, (5, 21): 1, (5, 22): 1, (5, 24): 1, (6, 7): 46, (6, 11): 1, (6, 14): 1, (6, 15): 1, (6, 16): 1, (6, 18): 1, (6, 19): 1, (7, 9): 1, (7, 11): 1, (7, 13): 1, (7, 14): 1, (7, 15): 1, (7, 16): 1, (7, 17): 1, (7, 18): 10, (7, 21): 8, (8, 11): 1, (8, 13): 1, (8, 16): 1, (8, 20): 1, (8, 21): 74, (8, 22): 1, (8, 23): 1, (9, 11): 1, (9, 16): 1, (9, 17): 1, (9, 18): 1, (9, 19): 42, (9, 22): 1, (9, 23): 1, (10, 15): 1, (10, 16): 1, (10, 18): 1, (10, 21): 92, (11, 15): 1, (11, 19): 98, (11, 23): 1, (12, 13): 1, (12, 14): 1, (12, 15): 1, (12, 16): 1, (12, 19): 1, (12, 20): 1, (12, 23): 1, (12, 24): 105, (13, 14): 1, (13, 16): 1, (13, 20): 48, (13, 21): 1, (13, 23): 1, (13, 24): 64, (14, 17): 120, (14, 18): 1, (14, 21): 1, (14, 23): 1, (15, 16): 15, (15, 17): 26, (15, 18): 1, (15, 19): 22, (15, 23): 40, (15, 24): 25, (16, 17): 1, (16, 20): 120, (16, 24): 1, (17, 20): 1, (17, 21): 1, (17, 24): 1, (18, 19): 1, (18, 20): 1, (18, 23): 143, (18, 24): 1, (19, 20): 1, (19, 23): 1, (20, 23): 1, (21, 22): 5, (21, 23): 1}",4812.955856323242,761.0,75.0,2147.0
18.0,Graph with 25 nodes and 136 edges,"[[0, 1, 1, 0, 1, 0, 1, 1, 0, 1, 0, 0, 0, 0, 0, 1, 0, 1, 0, 1, 1, 0, 1, 0, 1], [1, 0, 0, 0, 0, 1, 1, 0, 1, 1, 1, 1, 0, 0, 1, 1, 0, 1, 0, 1, 1, 1, 0, 1, 0], [1, 0, 0, 0, 0, 0, 1, 1, 0, 0, 0, 0, 1, 1, 0, 0, 0, 0, 0, 0, 1, 0, 1, 0, 1], [0, 0, 0, 0, 1, 0, 0, 1, 1, 0, 1, 0, 0, 0, 1, 0, 1, 0, 1, 0, 0, 0, 0, 1, 1], [1, 0, 0, 1, 0, 1, 1, 0, 0, 0, 0, 1, 1, 1, 1, 1, 1, 0, 0, 0, 1, 1, 0, 0, 1], [0, 1, 0, 0, 1, 0, 0, 0, 0, 1, 1, 0, 0, 1, 0, 1, 0, 0, 0, 1, 0, 1, 1, 0, 1], [1, 1, 1, 0, 1, 0, 0, 1, 0, 0, 0, 1, 0, 0, 1, 1, 1, 0, 1, 1, 0, 0, 0, 0, 0], [1, 0, 1, 1, 0, 0, 1, 0, 0, 1, 0, 1, 0, 1, 1, 1, 1, 1, 1, 0, 0, 1, 0, 0, 0], [0, 1, 0, 1, 0, 0, 0, 0, 0, 0, 0, 1, 0, 1, 0, 0, 1, 0, 0, 0, 1, 1, 1, 1, 0], [1, 1, 0, 0, 0, 1, 0, 1, 0, 0, 0, 1, 0, 0, 0, 0, 1, 1, 1, 1, 0, 0, 1, 1, 0], [0, 1, 0, 1, 0, 1, 0, 0, 0, 0, 0, 0, 0, 0, 0, 1, 1, 0, 1, 0, 0, 1, 0, 0, 0], [0, 1, 0, 0, 1, 0, 1, 1, 1, 1, 0, 0, 0, 0, 0, 1, 0, 0, 0, 1, 0, 0, 0, 1, 0], [0, 0, 1, 0, 1, 0, 0, 0, 0, 0, 0, 0, 0, 1, 1, 1, 1, 0, 0, 1, 1, 0, 0, 1, 1], [0, 0, 1, 0, 1, 1, 0, 1, 1, 0, 0, 0, 1, 0, 1, 0, 1, 0, 0, 0, 1, 1, 0, 1, 1], [0, 1, 0, 1, 1, 0, 1, 1, 0, 0, 0, 0, 1, 1, 0, 0, 0, 1, 1, 0, 0, 1, 0, 1, 0], [1, 1, 0, 0, 1, 1, 1, 1, 0, 0, 1, 1, 1, 0, 0, 0, 1, 1, 1, 1, 0, 0, 0, 1, 1], [0, 0, 0, 1, 1, 0, 1, 1, 1, 1, 1, 0, 1, 1, 0, 1, 0, 1, 0, 0, 1, 0, 0, 0, 1], [1, 1, 0, 0, 0, 0, 0, 1, 0, 1, 0, 0, 0, 0, 1, 1, 1, 0, 0, 0, 1, 1, 0, 0, 1], [0, 0, 0, 1, 0, 0, 1, 1, 0, 1, 1, 0, 0, 0, 1, 1, 0, 0, 0, 1, 1, 0, 0, 1, 1], [1, 1, 0, 0, 0, 1, 1, 0, 0, 1, 0, 1, 1, 0, 0, 1, 0, 0, 1, 0, 1, 0, 0, 1, 0], [1, 1, 1, 0, 1, 0, 0, 0, 1, 0, 0, 0, 1, 1, 0, 0, 1, 1, 1, 1, 0, 0, 0, 1, 0], [0, 1, 0, 0, 1, 1, 0, 1, 1, 0, 1, 0, 0, 1, 1, 0, 0, 1, 0, 0, 0, 0, 1, 1, 0], [1, 0, 1, 0, 0, 1, 0, 0, 1, 1, 0, 0, 0, 0, 0, 0, 0, 0, 0, 0, 0, 1, 0, 0, 0], [0, 1, 0, 1, 0, 0, 0, 0, 1, 1, 0, 1, 1, 1, 1, 1, 0, 0, 1, 1, 1, 1, 0, 0, 0], [1, 0, 1, 1, 1, 1, 0, 0, 0, 0, 0, 0, 1, 1, 0, 1, 1, 1, 1, 0, 0, 0, 0, 0, 0]]",18.0,9.0,Y,"{0: 27, 1: 36, 2: 45, 3: 54, 4: 63, 5: 72, 6: 81, 7: 90, 8: 99, 9: 108, 10: 117, 11: 126, 12: 135, 13: 144, 14: 153, 15: 162, 16: 171, 17: 180, 18: 189, 19: 198, 20: 207, 21: 216, 22: 225, 23: 234, 24: 18}","{(0, 1): 16, (0, 2): 1, (0, 4): 1, (0, 6): 1, (0, 7): 1, (0, 9): 1, (0, 15): 1, (0, 17): 1, (0, 19): 1, (0, 20): 1, (0, 22): 1, (0, 24): 1, (1, 5): 8, (1, 6): 1, (1, 8): 1, (1, 9): 1, (1, 10): 1, (1, 11): 1, (1, 14): 1, (1, 15): 1, (1, 17): 1, (1, 19): 1, (1, 20): 1, (1, 21): 1, (1, 23): 1, (2, 6): 38, (2, 7): 1, (2, 12): 1, (2, 13): 1, (2, 20): 1, (2, 22): 1, (2, 24): 1, (3, 4): 46, (3, 7): 1, (3, 8): 1, (3, 10): 1, (3, 14): 1, (3, 16): 1, (3, 18): 1, (3, 23): 1, (3, 24): 1, (4, 5): 6, (4, 6): 1, (4, 11): 1, (4, 12): 1, (4, 13): 1, (4, 14): 1, (4, 15): 1, (4, 16): 1, (4, 20): 1, (4, 21): 1, (4, 24): 1, (5, 9): 51, (5, 10): 1, (5, 13): 1, (5, 15): 1, (5, 19): 1, (5, 21): 1, (5, 22): 1, (5, 24): 1, (6, 7): 15, (6, 11): 2, (6, 14): 3, (6, 15): 3, (6, 16): 1, (6, 18): 1, (6, 19): 15, (7, 9): 1, (7, 11): 54, (7, 13): 3, (7, 14): 1, (7, 15): 1, (7, 16): 3, (7, 17): 7, (7, 18): 1, (7, 21): 1, (8, 11): 17, (8, 13): 19, (8, 16): 5, (8, 20): 1, (8, 21): 7, (8, 22): 31, (8, 23): 17, (9, 11): 3, (9, 16): 42, (9, 17): 1, (9, 18): 3, (9, 19): 1, (9, 22): 3, (9, 23): 1, (10, 15): 7, (10, 16): 89, (10, 18): 9, (10, 21): 9, (11, 15): 1, (11, 19): 1, (11, 23): 46, (12, 13): 2, (12, 14): 3, (12, 15): 3, (12, 16): 1, (12, 19): 47, (12, 20): 71, (12, 23): 5, (12, 24): 1, (13, 14): 37, (13, 16): 19, (13, 20): 52, (13, 21): 5, (13, 23): 3, (13, 24): 1, (14, 17): 42, (14, 18): 3, (14, 21): 1, (14, 23): 60, (15, 16): 1, (15, 17): 118, (15, 18): 15, (15, 19): 7, (15, 23): 1, (15, 24): 1, (16, 17): 1, (16, 20): 6, (16, 24): 1, (17, 20): 3, (17, 21): 1, (17, 24): 5, (18, 19): 59, (18, 20): 3, (18, 23): 90, (18, 24): 4, (19, 20): 62, (19, 23): 3, (20, 23): 5, (21, 22): 188, (21, 23): 1}",4788.875579833984,761.0,75.0,2147.0
19.0,Graph with 25 nodes and 146 edges,"[[0, 1, 1, 0, 1, 1, 1, 1, 0, 1, 0, 1, 1, 0, 0, 1, 0, 1, 1, 0, 0, 0, 0, 1, 1], [1, 0, 0, 0, 0, 1, 0, 1, 1, 1, 0, 0, 0, 0, 0, 0, 1, 0, 0, 0, 1, 0, 1, 1, 1], [1, 0, 0, 0, 1, 1, 0, 0, 1, 1, 0, 1, 1, 0, 1, 0, 1, 1, 1, 0, 0, 1, 1, 1, 1], [0, 0, 0, 0, 0, 1, 0, 1, 1, 1, 0, 0, 0, 0, 0, 0, 1, 1, 0, 1, 1, 0, 0, 0, 1], [1, 0, 1, 0, 0, 1, 1, 0, 1, 1, 0, 0, 0, 0, 0, 1, 1, 0, 1, 1, 0, 0, 1, 0, 0], [1, 1, 1, 1, 1, 0, 1, 0, 1, 1, 1, 0, 0, 1, 0, 0, 1, 0, 0, 0, 1, 0, 0, 1, 0], [1, 0, 0, 0, 1, 1, 0, 1, 0, 0, 0, 0, 1, 1, 0, 0, 0, 1, 0, 1, 0, 1, 1, 1, 0], [1, 1, 0, 1, 0, 0, 1, 0, 0, 1, 1, 0, 0, 0, 0, 1, 0, 1, 0, 1, 0, 1, 1, 1, 1], [0, 1, 1, 1, 1, 1, 0, 0, 0, 1, 0, 1, 1, 0, 1, 1, 1, 1, 1, 0, 0, 0, 1, 0, 0], [1, 1, 1, 1, 1, 1, 0, 1, 1, 0, 0, 1, 0, 0, 0, 0, 0, 1, 1, 1, 1, 0, 1, 0, 0], [0, 0, 0, 0, 0, 1, 0, 1, 0, 0, 0, 1, 0, 0, 1, 1, 1, 1, 0, 0, 0, 1, 1, 0, 0], [1, 0, 1, 0, 0, 0, 0, 0, 1, 1, 1, 0, 1, 0, 1, 0, 1, 1, 0, 0, 0, 0, 1, 0, 1], [1, 0, 1, 0, 0, 0, 1, 0, 1, 0, 0, 1, 0, 0, 1, 0, 1, 0, 0, 1, 0, 0, 0, 1, 1], [0, 0, 0, 0, 0, 1, 1, 0, 0, 0, 0, 0, 0, 0, 0, 0, 0, 1, 0, 0, 1, 1, 0, 1, 1], [0, 0, 1, 0, 0, 0, 0, 0, 1, 0, 1, 1, 1, 0, 0, 0, 0, 1, 1, 0, 1, 1, 0, 0, 0], [1, 0, 0, 0, 1, 0, 0, 1, 1, 0, 1, 0, 0, 0, 0, 0, 1, 0, 1, 1, 1, 0, 0, 0, 1], [0, 1, 1, 1, 1, 1, 0, 0, 1, 0, 1, 1, 1, 0, 0, 1, 0, 0, 0, 1, 0, 0, 0, 1, 1], [1, 0, 1, 1, 0, 0, 1, 1, 1, 1, 1, 1, 0, 1, 1, 0, 0, 0, 1, 1, 0, 1, 0, 0, 0], [1, 0, 1, 0, 1, 0, 0, 0, 1, 1, 0, 0, 0, 0, 1, 1, 0, 1, 0, 0, 0, 1, 1, 0, 1], [0, 0, 0, 1, 1, 0, 1, 1, 0, 1, 0, 0, 1, 0, 0, 1, 1, 1, 0, 0, 1, 1, 1, 0, 1], [0, 1, 0, 1, 0, 1, 0, 0, 0, 1, 0, 0, 0, 1, 1, 1, 0, 0, 0, 1, 0, 0, 1, 1, 0], [0, 0, 1, 0, 0, 0, 1, 1, 0, 0, 1, 0, 0, 1, 1, 0, 0, 1, 1, 1, 0, 0, 1, 0, 0], [0, 1, 1, 0, 1, 0, 1, 1, 1, 1, 1, 1, 0, 0, 0, 0, 0, 0, 1, 1, 1, 1, 0, 1, 1], [1, 1, 1, 0, 0, 1, 1, 1, 0, 0, 0, 0, 1, 1, 0, 0, 1, 0, 0, 0, 1, 0, 1, 0, 1], [1, 1, 1, 1, 0, 0, 0, 1, 0, 0, 0, 1, 1, 1, 0, 1, 1, 0, 1, 1, 0, 0, 1, 1, 0]]",28.0,2.0,Y,"{0: 30, 1: 32, 2: 34, 3: 36, 4: 38, 5: 40, 6: 42, 7: 44, 8: 46, 9: 48, 10: 50, 11: 52, 12: 54, 13: 56, 14: 58, 15: 60, 16: 62, 17: 64, 18: 66, 19: 68, 20: 70, 21: 72, 22: 74, 23: 76, 24: 28}","{(0, 1): 17, (0, 2): 1, (0, 4): 1, (0, 5): 1, (0, 6): 1, (0, 7): 1, (0, 9): 1, (0, 11): 1, (0, 12): 1, (0, 15): 1, (0, 17): 1, (0, 18): 1, (0, 23): 1, (0, 24): 1, (1, 5): 7, (1, 7): 1, (1, 8): 1, (1, 9): 1, (1, 16): 1, (1, 20): 1, (1, 22): 1, (1, 23): 1, (1, 24): 1, (2, 4): 20, (2, 5): 1, (2, 8): 1, (2, 9): 1, (2, 11): 1, (2, 12): 1, (2, 14): 1, (2, 16): 1, (2, 17): 1, (2, 18): 1, (2, 21): 1, (2, 22): 1, (2, 23): 1, (2, 24): 1, (3, 5): 22, (3, 7): 7, (3, 8): 1, (3, 9): 1, (3, 16): 1, (3, 17): 1, (3, 19): 1, (3, 20): 1, (3, 24): 1, (4, 5): 1, (4, 6): 9, (4, 8): 1, (4, 9): 1, (4, 15): 1, (4, 16): 1, (4, 18): 1, (4, 19): 1, (4, 22): 1, (5, 6): 1, (5, 8): 1, (5, 9): 1, (5, 10): 1, (5, 13): 1, (5, 16): 1, (5, 20): 1, (5, 23): 1, (6, 7): 24, (6, 12): 1, (6, 13): 1, (6, 17): 1, (6, 19): 1, (6, 21): 1, (6, 22): 1, (6, 23): 1, (7, 9): 3, (7, 10): 1, (7, 15): 1, (7, 17): 1, (7, 19): 1, (7, 21): 1, (7, 22): 1, (7, 23): 1, (7, 24): 1, (8, 9): 33, (8, 11): 1, (8, 12): 1, (8, 14): 1, (8, 15): 1, (8, 16): 1, (8, 17): 1, (8, 18): 1, (8, 22): 1, (9, 11): 1, (9, 17): 1, (9, 18): 1, (9, 19): 1, (9, 20): 1, (9, 22): 1, (10, 11): 42, (10, 14): 1, (10, 15): 1, (10, 16): 1, (10, 17): 1, (10, 21): 1, (10, 22): 1, (11, 12): 1, (11, 14): 1, (11, 16): 1, (11, 17): 1, (11, 22): 1, (11, 24): 1, (12, 14): 45, (12, 16): 1, (12, 19): 1, (12, 23): 1, (12, 24): 1, (13, 17): 50, (13, 20): 1, (13, 21): 1, (13, 23): 1, (13, 24): 1, (14, 17): 2, (14, 18): 5, (14, 20): 1, (14, 21): 1, (15, 16): 50, (15, 18): 2, (15, 19): 1, (15, 20): 1, (15, 24): 1, (16, 19): 1, (16, 23): 1, (16, 24): 1, (17, 18): 1, (17, 19): 1, (17, 21): 1, (18, 21): 51, (18, 22): 1, (18, 24): 1, (19, 20): 56, (19, 21): 1, (19, 22): 1, (19, 24): 1, (20, 22): 2, (20, 23): 5, (21, 22): 13, (22, 23): 47, (22, 24): 1, (23, 24): 15}",4986.047744750977,771.0,75.0,2167.0
20.0,Graph with 25 nodes and 140 edges,"[[0, 1, 1, 0, 0, 1, 0, 1, 1, 0, 1, 0, 0, 1, 1, 1, 1, 1, 1, 1, 0, 0, 0, 0, 1], [1, 0, 0, 0, 0, 0, 1, 1, 1, 0, 1, 1, 0, 0, 0, 1, 0, 0, 0, 0, 0, 0, 1, 0, 1], [1, 0, 0, 0, 1, 0, 0, 1, 1, 1, 1, 0, 1, 0, 0, 0, 1, 0, 1, 0, 1, 1, 1, 0, 0], [0, 0, 0, 0, 0, 1, 1, 0, 0, 0, 0, 1, 0, 1, 1, 0, 0, 1, 1, 0, 1, 0, 0, 1, 0], [0, 0, 1, 0, 0, 0, 0, 1, 0, 1, 0, 1, 1, 0, 0, 1, 1, 0, 1, 1, 0, 1, 1, 0, 1], [1, 0, 0, 1, 0, 0, 0, 1, 1, 1, 0, 1, 1, 1, 0, 1, 1, 1, 0, 1, 0, 0, 1, 1, 1], [0, 1, 0, 1, 0, 0, 0, 1, 0, 1, 1, 1, 1, 1, 0, 0, 1, 1, 1, 1, 0, 0, 0, 0, 1], [1, 1, 1, 0, 1, 1, 1, 0, 0, 1, 0, 0, 0, 0, 0, 1, 0, 1, 1, 1, 1, 0, 0, 0, 0], [1, 1, 1, 0, 0, 1, 0, 0, 0, 0, 1, 0, 1, 0, 1, 1, 1, 0, 0, 1, 0, 1, 0, 0, 1], [0, 0, 1, 0, 1, 1, 1, 1, 0, 0, 0, 0, 0, 0, 0, 0, 1, 0, 0, 1, 0, 1, 1, 0, 1], [1, 1, 1, 0, 0, 0, 1, 0, 1, 0, 0, 0, 0, 0, 1, 0, 0, 1, 0, 1, 0, 0, 1, 0, 0], [0, 1, 0, 1, 1, 1, 1, 0, 0, 0, 0, 0, 1, 0, 1, 0, 0, 0, 0, 0, 0, 0, 0, 0, 1], [0, 0, 1, 0, 1, 1, 1, 0, 1, 0, 0, 1, 0, 1, 0, 1, 1, 0, 1, 0, 0, 1, 0, 1, 1], [1, 0, 0, 1, 0, 1, 1, 0, 0, 0, 0, 0, 1, 0, 1, 0, 1, 0, 0, 0, 1, 1, 1, 0, 0], [1, 0, 0, 1, 0, 0, 0, 0, 1, 0, 1, 1, 0, 1, 0, 1, 0, 1, 1, 0, 0, 0, 0, 0, 0], [1, 1, 0, 0, 1, 1, 0, 1, 1, 0, 0, 0, 1, 0, 1, 0, 0, 1, 0, 1, 1, 0, 1, 0, 1], [1, 0, 1, 0, 1, 1, 1, 0, 1, 1, 0, 0, 1, 1, 0, 0, 0, 1, 1, 0, 0, 1, 0, 1, 0], [1, 0, 0, 1, 0, 1, 1, 1, 0, 0, 1, 0, 0, 0, 1, 1, 1, 0, 0, 1, 0, 1, 0, 0, 1], [1, 0, 1, 1, 1, 0, 1, 1, 0, 0, 0, 0, 1, 0, 1, 0, 1, 0, 0, 0, 1, 1, 1, 1, 0], [1, 0, 0, 0, 1, 1, 1, 1, 1, 1, 1, 0, 0, 0, 0, 1, 0, 1, 0, 0, 0, 1, 0, 0, 1], [0, 0, 1, 1, 0, 0, 0, 1, 0, 0, 0, 0, 0, 1, 0, 1, 0, 0, 1, 0, 0, 0, 1, 0, 0], [0, 0, 1, 0, 1, 0, 0, 0, 1, 1, 0, 0, 1, 1, 0, 0, 1, 1, 1, 1, 0, 0, 0, 1, 1], [0, 1, 1, 0, 1, 1, 0, 0, 0, 1, 1, 0, 0, 1, 0, 1, 0, 0, 1, 0, 1, 0, 0, 0, 1], [0, 0, 0, 1, 0, 1, 0, 0, 0, 0, 0, 0, 1, 0, 0, 0, 1, 0, 1, 0, 0, 1, 0, 0, 0], [1, 1, 0, 0, 1, 1, 1, 0, 1, 1, 0, 1, 1, 0, 0, 1, 0, 1, 0, 1, 0, 1, 1, 0, 0]]",26.0,8.0,Y,"{0: 34, 1: 42, 2: 50, 3: 58, 4: 66, 5: 74, 6: 82, 7: 90, 8: 98, 9: 106, 10: 114, 11: 122, 12: 130, 13: 138, 14: 146, 15: 154, 16: 162, 17: 170, 18: 178, 19: 186, 20: 194, 21: 202, 22: 210, 23: 218, 24: 26}","{(0, 1): 21, (0, 2): 1, (0, 5): 1, (0, 7): 1, (0, 8): 1, (0, 10): 1, (0, 13): 1, (0, 14): 1, (0, 15): 1, (0, 16): 1, (0, 17): 1, (0, 18): 1, (0, 19): 1, (0, 24): 1, (1, 6): 14, (1, 7): 1, (1, 8): 1, (1, 10): 1, (1, 11): 1, (1, 15): 1, (1, 22): 1, (1, 24): 1, (2, 4): 39, (2, 7): 1, (2, 8): 1, (2, 9): 1, (2, 10): 1, (2, 12): 1, (2, 16): 1, (2, 18): 1, (2, 20): 1, (2, 21): 1, (2, 22): 1, (3, 5): 50, (3, 6): 1, (3, 11): 1, (3, 13): 1, (3, 14): 1, (3, 17): 1, (3, 18): 1, (3, 20): 1, (3, 23): 1, (4, 7): 17, (4, 9): 1, (4, 11): 1, (4, 12): 1, (4, 15): 1, (4, 16): 1, (4, 18): 1, (4, 19): 1, (4, 21): 1, (4, 22): 1, (4, 24): 1, (5, 7): 11, (5, 8): 1, (5, 9): 1, (5, 11): 1, (5, 12): 1, (5, 13): 1, (5, 15): 1, (5, 16): 1, (5, 17): 1, (5, 19): 1, (5, 22): 1, (5, 23): 1, (5, 24): 1, (6, 7): 1, (6, 9): 1, (6, 10): 1, (6, 11): 20, (6, 12): 1, (6, 13): 1, (6, 16): 1, (6, 17): 1, (6, 18): 21, (6, 19): 18, (6, 24): 1, (7, 9): 1, (7, 15): 1, (7, 17): 1, (7, 18): 1, (7, 19): 53, (7, 20): 1, (8, 10): 1, (8, 12): 1, (8, 14): 52, (8, 15): 36, (8, 16): 1, (8, 19): 1, (8, 21): 1, (8, 24): 1, (9, 16): 1, (9, 19): 1, (9, 21): 1, (9, 22): 97, (9, 24): 1, (10, 14): 1, (10, 17): 1, (10, 19): 106, (10, 22): 1, (11, 12): 1, (11, 14): 87, (11, 24): 10, (12, 13): 1, (12, 15): 1, (12, 16): 1, (12, 18): 1, (12, 21): 1, (12, 23): 118, (12, 24): 1, (13, 14): 1, (13, 16): 55, (13, 20): 43, (13, 21): 33, (13, 22): 1, (14, 15): 1, (14, 17): 1, (14, 18): 1, (15, 17): 1, (15, 19): 1, (15, 20): 1, (15, 22): 104, (15, 24): 4, (16, 17): 1, (16, 18): 1, (16, 21): 1, (16, 23): 96, (17, 19): 1, (17, 21): 159, (17, 24): 1, (18, 20): 146, (18, 21): 1, (18, 22): 1, (18, 23): 1, (19, 21): 1, (19, 24): 1, (20, 22): 1, (21, 23): 1, (21, 24): 1, (22, 24): 1}",4456.996917724609,765.0,75.0,2155.0
22.0,Graph with 25 nodes and 154 edges,"[[0, 1, 1, 1, 1, 1, 0, 0, 0, 1, 1, 0, 0, 0, 0, 1, 1, 0, 0, 1, 1, 0, 0, 1, 0], [1, 0, 1, 0, 1, 0, 0, 1, 1, 1, 0, 1, 1, 1, 1, 0, 0, 1, 1, 0, 0, 1, 0, 1, 1], [1, 1, 0, 1, 1, 0, 1, 1, 0, 0, 1, 0, 1, 0, 0, 1, 0, 1, 1, 0, 0, 0, 0, 0, 1], [1, 0, 1, 0, 1, 0, 1, 1, 0, 1, 0, 1, 0, 0, 0, 1, 0, 0, 0, 0, 1, 0, 1, 1, 1], [1, 1, 1, 1, 0, 0, 1, 0, 0, 0, 0, 0, 0, 0, 1, 1, 0, 0, 0, 1, 1, 0, 1, 1, 0], [1, 0, 0, 0, 0, 0, 0, 1, 1, 1, 1, 0, 1, 1, 1, 1, 0, 0, 1, 0, 0, 1, 0, 0, 1], [0, 0, 1, 1, 1, 0, 0, 0, 0, 1, 1, 0, 1, 1, 1, 1, 0, 0, 1, 0, 0, 0, 1, 0, 1], [0, 1, 1, 1, 0, 1, 0, 0, 0, 1, 1, 0, 0, 1, 1, 0, 0, 0, 0, 0, 0, 0, 0, 1, 0], [0, 1, 0, 0, 0, 1, 0, 0, 0, 0, 0, 0, 1, 1, 1, 0, 1, 0, 1, 1, 1, 0, 0, 1, 1], [1, 1, 0, 1, 0, 1, 1, 1, 0, 0, 1, 1, 0, 0, 0, 1, 0, 0, 0, 1, 0, 0, 0, 1, 1], [1, 0, 1, 0, 0, 1, 1, 1, 0, 1, 0, 1, 0, 0, 0, 0, 1, 1, 0, 1, 1, 1, 1, 0, 0], [0, 1, 0, 1, 0, 0, 0, 0, 0, 1, 1, 0, 1, 0, 0, 0, 1, 0, 1, 0, 1, 1, 1, 1, 1], [0, 1, 1, 0, 0, 1, 1, 0, 1, 0, 0, 1, 0, 1, 0, 1, 0, 1, 1, 0, 1, 1, 0, 1, 1], [0, 1, 0, 0, 0, 1, 1, 1, 1, 0, 0, 0, 1, 0, 1, 1, 1, 1, 1, 0, 0, 0, 1, 0, 1], [0, 1, 0, 0, 1, 1, 1, 1, 1, 0, 0, 0, 0, 1, 0, 1, 0, 1, 0, 0, 0, 0, 0, 1, 0], [1, 0, 1, 1, 1, 1, 1, 0, 0, 1, 0, 0, 1, 1, 1, 0, 1, 0, 0, 1, 0, 1, 1, 0, 1], [1, 0, 0, 0, 0, 0, 0, 0, 1, 0, 1, 1, 0, 1, 0, 1, 0, 0, 1, 1, 0, 1, 1, 1, 1], [0, 1, 1, 0, 0, 0, 0, 0, 0, 0, 1, 0, 1, 1, 1, 0, 0, 0, 1, 0, 0, 1, 1, 1, 1], [0, 1, 1, 0, 0, 1, 1, 0, 1, 0, 0, 1, 1, 1, 0, 0, 1, 1, 0, 1, 0, 0, 0, 1, 0], [1, 0, 0, 0, 1, 0, 0, 0, 1, 1, 1, 0, 0, 0, 0, 1, 1, 0, 1, 0, 0, 1, 0, 0, 0], [1, 0, 0, 1, 1, 0, 0, 0, 1, 0, 1, 1, 1, 0, 0, 0, 0, 0, 0, 0, 0, 1, 1, 1, 1], [0, 1, 0, 0, 0, 1, 0, 0, 0, 0, 1, 1, 1, 0, 0, 1, 1, 1, 0, 1, 1, 0, 1, 0, 1], [0, 0, 0, 1, 1, 0, 1, 0, 0, 0, 1, 1, 0, 1, 0, 1, 1, 1, 0, 0, 1, 1, 0, 1, 1], [1, 1, 0, 1, 1, 0, 0, 1, 1, 1, 0, 1, 1, 0, 1, 0, 1, 1, 1, 0, 1, 0, 1, 0, 1], [0, 1, 1, 1, 0, 1, 1, 0, 1, 1, 0, 1, 1, 1, 0, 1, 1, 1, 0, 0, 1, 1, 1, 1, 0]]",16.0,3.0,Y,"{0: 19, 1: 22, 2: 25, 3: 28, 4: 31, 5: 34, 6: 37, 7: 40, 8: 43, 9: 46, 10: 49, 11: 52, 12: 55, 13: 58, 14: 61, 15: 64, 16: 67, 17: 70, 18: 73, 19: 76, 20: 79, 21: 82, 22: 85, 23: 16, 24: 88}","{(0, 1): 8, (0, 2): 1, (0, 3): 1, (0, 4): 1, (0, 5): 1, (0, 9): 1, (0, 10): 1, (0, 15): 1, (0, 16): 1, (0, 19): 1, (0, 20): 1, (0, 23): 1, (1, 2): 1, (1, 4): 1, (1, 7): 1, (1, 8): 1, (1, 9): 1, (1, 11): 1, (1, 12): 1, (1, 13): 1, (1, 14): 1, (1, 17): 1, (1, 18): 1, (1, 21): 1, (1, 23): 1, (1, 24): 1, (2, 3): 14, (2, 4): 1, (2, 6): 1, (2, 7): 1, (2, 10): 1, (2, 12): 1, (2, 15): 1, (2, 17): 1, (2, 18): 1, (2, 24): 1, (3, 4): 4, (3, 6): 1, (3, 7): 1, (3, 9): 1, (3, 11): 1, (3, 15): 1, (3, 20): 1, (3, 22): 1, (3, 23): 1, (3, 24): 1, (4, 6): 18, (4, 14): 1, (4, 15): 1, (4, 19): 1, (4, 20): 1, (4, 22): 1, (4, 23): 1, (5, 7): 23, (5, 8): 1, (5, 9): 1, (5, 10): 1, (5, 12): 1, (5, 13): 1, (5, 14): 1, (5, 15): 1, (5, 18): 1, (5, 21): 1, (5, 24): 1, (6, 9): 9, (6, 10): 1, (6, 12): 1, (6, 13): 1, (6, 14): 1, (6, 15): 1, (6, 18): 1, (6, 22): 1, (6, 24): 1, (7, 9): 10, (7, 10): 1, (7, 13): 1, (7, 14): 1, (7, 23): 1, (8, 12): 1, (8, 13): 1, (8, 14): 4, (8, 16): 1, (8, 18): 1, (8, 19): 7, (8, 20): 18, (8, 23): 1, (8, 24): 7, (9, 10): 7, (9, 11): 7, (9, 15): 1, (9, 19): 3, (9, 23): 1, (9, 24): 4, (10, 11): 1, (10, 16): 1, (10, 17): 1, (10, 19): 13, (10, 20): 17, (10, 21): 1, (10, 22): 3, (11, 12): 1, (11, 16): 4, (11, 18): 1, (11, 20): 1, (11, 21): 7, (11, 22): 1, (11, 23): 1, (11, 24): 26, (12, 13): 1, (12, 15): 1, (12, 17): 1, (12, 18): 1, (12, 20): 4, (12, 21): 17, (12, 23): 1, (12, 24): 23, (13, 14): 25, (13, 15): 1, (13, 16): 1, (13, 17): 19, (13, 18): 4, (13, 22): 1, (13, 24): 1, (14, 15): 1, (14, 17): 25, (14, 23): 1, (15, 16): 1, (15, 19): 42, (15, 21): 1, (15, 22): 1, (15, 24): 9, (16, 18): 53, (16, 19): 1, (16, 21): 1, (16, 22): 1, (16, 23): 1, (16, 24): 1, (17, 18): 1, (17, 21): 18, (17, 22): 1, (17, 23): 1, (17, 24): 1, (18, 19): 7, (18, 23): 1, (19, 21): 1, (20, 21): 1, (20, 22): 33, (20, 23): 1, (20, 24): 1, (21, 22): 32, (21, 24): 1, (22, 23): 1, (22, 24): 8, (23, 24): 1}",4608.869552612305,779.0,75.0,2183.0
23.0,Graph with 25 nodes and 158 edges,"[[0, 1, 1, 1, 0, 0, 0, 1, 0, 1, 1, 0, 1, 0, 0, 0, 0, 1, 1, 0, 0, 1, 1, 0, 1], [1, 0, 0, 0, 1, 1, 1, 0, 0, 0, 0, 1, 1, 1, 0, 0, 0, 0, 1, 0, 0, 1, 0, 0, 0], [1, 0, 0, 0, 1, 1, 1, 1, 1, 1, 0, 0, 0, 1, 1, 1, 0, 1, 0, 0, 1, 1, 1, 1, 0], [1, 0, 0, 0, 1, 1, 0, 0, 1, 0, 1, 1, 1, 1, 0, 0, 0, 0, 0, 1, 1, 0, 1, 1, 0], [0, 1, 1, 1, 0, 0, 0, 0, 1, 1, 1, 0, 1, 0, 0, 0, 0, 0, 0, 1, 0, 0, 1, 1, 1], [0, 1, 1, 1, 0, 0, 0, 1, 1, 1, 0, 1, 1, 1, 1, 0, 1, 1, 0, 1, 1, 0, 1, 1, 1], [0, 1, 1, 0, 0, 0, 0, 1, 1, 0, 1, 0, 0, 1, 0, 0, 0, 1, 0, 1, 0, 0, 1, 0, 0], [1, 0, 1, 0, 0, 1, 1, 0, 1, 1, 0, 1, 0, 0, 0, 1, 1, 0, 0, 1, 0, 1, 1, 1, 0], [0, 0, 1, 1, 1, 1, 1, 1, 0, 0, 1, 1, 1, 0, 0, 0, 1, 1, 1, 1, 0, 1, 1, 0, 1], [1, 0, 1, 0, 1, 1, 0, 1, 0, 0, 0, 1, 1, 0, 1, 0, 1, 1, 1, 1, 1, 1, 0, 1, 1], [1, 0, 0, 1, 1, 0, 1, 0, 1, 0, 0, 1, 1, 0, 1, 0, 1, 1, 0, 1, 0, 1, 0, 0, 0], [0, 1, 0, 1, 0, 1, 0, 1, 1, 1, 1, 0, 1, 1, 1, 1, 1, 0, 0, 1, 0, 1, 0, 1, 0], [1, 1, 0, 1, 1, 1, 0, 0, 1, 1, 1, 1, 0, 1, 1, 0, 0, 1, 1, 1, 1, 1, 1, 0, 0], [0, 1, 1, 1, 0, 1, 1, 0, 0, 0, 0, 1, 1, 0, 1, 0, 1, 0, 1, 1, 0, 0, 1, 0, 0], [0, 0, 1, 0, 0, 1, 0, 0, 0, 1, 1, 1, 1, 1, 0, 1, 1, 0, 0, 0, 0, 1, 0, 0, 1], [0, 0, 1, 0, 0, 0, 0, 1, 0, 0, 0, 1, 0, 0, 1, 0, 0, 1, 1, 0, 1, 1, 0, 0, 1], [0, 0, 0, 0, 0, 1, 0, 1, 1, 1, 1, 1, 0, 1, 1, 0, 0, 1, 1, 0, 1, 1, 0, 0, 1], [1, 0, 1, 0, 0, 1, 1, 0, 1, 1, 1, 0, 1, 0, 0, 1, 1, 0, 1, 1, 0, 1, 1, 1, 0], [1, 1, 0, 0, 0, 0, 0, 0, 1, 1, 0, 0, 1, 1, 0, 1, 1, 1, 0, 0, 0, 1, 0, 1, 0], [0, 0, 0, 1, 1, 1, 1, 1, 1, 1, 1, 1, 1, 1, 0, 0, 0, 1, 0, 0, 0, 0, 0, 0, 0], [0, 0, 1, 1, 0, 1, 0, 0, 0, 1, 0, 0, 1, 0, 0, 1, 1, 0, 0, 0, 0, 0, 1, 1, 0], [1, 1, 1, 0, 0, 0, 0, 1, 1, 1, 1, 1, 1, 0, 1, 1, 1, 1, 1, 0, 0, 0, 1, 0, 0], [1, 0, 1, 1, 1, 1, 1, 1, 1, 0, 0, 0, 1, 1, 0, 0, 0, 1, 0, 0, 1, 1, 0, 0, 1], [0, 0, 1, 1, 1, 1, 0, 1, 0, 1, 0, 1, 0, 0, 0, 0, 0, 1, 1, 0, 1, 0, 0, 0, 1], [1, 0, 0, 0, 1, 1, 0, 0, 1, 1, 0, 0, 0, 0, 1, 1, 1, 0, 0, 0, 0, 0, 1, 1, 0]]",16.0,7.0,Y,"{0: 23, 1: 30, 2: 37, 3: 44, 4: 51, 5: 58, 6: 65, 7: 72, 8: 79, 9: 86, 10: 93, 11: 100, 12: 107, 13: 114, 14: 121, 15: 128, 16: 135, 17: 142, 18: 149, 19: 156, 20: 163, 21: 170, 22: 177, 23: 184, 24: 16}","{(0, 1): 12, (0, 2): 1, (0, 3): 1, (0, 7): 1, (0, 9): 1, (0, 10): 1, (0, 12): 1, (0, 17): 1, (0, 18): 1, (0, 21): 1, (0, 22): 1, (0, 24): 1, (1, 4): 11, (1, 5): 1, (1, 6): 1, (1, 11): 1, (1, 12): 1, (1, 13): 1, (1, 18): 1, (1, 21): 1, (2, 4): 23, (2, 5): 1, (2, 6): 1, (2, 7): 1, (2, 8): 1, (2, 9): 1, (2, 13): 1, (2, 14): 1, (2, 15): 1, (2, 17): 1, (2, 20): 1, (2, 21): 1, (2, 22): 1, (2, 23): 1, (3, 4): 9, (3, 5): 25, (3, 8): 1, (3, 10): 1, (3, 11): 1, (3, 12): 1, (3, 13): 1, (3, 19): 1, (3, 20): 1, (3, 22): 1, (3, 23): 1, (4, 8): 1, (4, 9): 1, (4, 10): 1, (4, 12): 1, (4, 19): 1, (4, 22): 1, (4, 23): 1, (4, 24): 1, (5, 7): 18, (5, 8): 1, (5, 9): 1, (5, 11): 1, (5, 12): 1, (5, 13): 1, (5, 14): 1, (5, 16): 1, (5, 17): 1, (5, 19): 1, (5, 20): 1, (5, 22): 1, (5, 23): 1, (5, 24): 1, (6, 7): 43, (6, 8): 15, (6, 10): 1, (6, 13): 1, (6, 17): 1, (6, 19): 1, (6, 22): 1, (7, 8): 1, (7, 9): 1, (7, 11): 1, (7, 15): 1, (7, 16): 1, (7, 19): 1, (7, 21): 1, (7, 22): 1, (7, 23): 1, (8, 10): 1, (8, 11): 1, (8, 12): 22, (8, 16): 1, (8, 17): 1, (8, 18): 1, (8, 19): 29, (8, 21): 1, (8, 22): 1, (8, 24): 1, (9, 11): 1, (9, 12): 1, (9, 14): 1, (9, 16): 1, (9, 17): 1, (9, 18): 1, (9, 19): 51, (9, 20): 1, (9, 21): 1, (9, 23): 21, (9, 24): 1, (10, 11): 65, (10, 12): 1, (10, 14): 9, (10, 16): 1, (10, 17): 1, (10, 19): 10, (10, 21): 1, (11, 12): 1, (11, 13): 1, (11, 14): 5, (11, 15): 1, (11, 16): 1, (11, 19): 1, (11, 21): 1, (11, 23): 18, (12, 13): 1, (12, 14): 5, (12, 17): 1, (12, 18): 1, (12, 19): 54, (12, 20): 1, (12, 21): 13, (12, 22): 1, (13, 14): 89, (13, 16): 1, (13, 18): 1, (13, 19): 5, (13, 22): 11, (14, 15): 1, (14, 16): 1, (14, 21): 1, (14, 24): 7, (15, 17): 120, (15, 18): 1, (15, 20): 1, (15, 21): 1, (15, 24): 1, (16, 17): 1, (16, 18): 1, (16, 20): 1, (16, 21): 123, (16, 24): 1, (17, 18): 1, (17, 19): 1, (17, 21): 9, (17, 22): 1, (17, 23): 1, (18, 21): 9, (18, 23): 131, (20, 22): 149, (20, 23): 7, (21, 22): 6, (22, 24): 1, (23, 24): 1}",5276.918411254883,783.0,75.0,2191.0
23.0,Graph with 25 nodes and 158 edges,"[[0, 1, 1, 1, 0, 0, 0, 1, 0, 1, 1, 0, 1, 0, 0, 0, 0, 1, 1, 0, 0, 1, 1, 0, 1], [1, 0, 0, 0, 1, 1, 1, 0, 0, 0, 0, 1, 1, 1, 0, 0, 0, 0, 1, 0, 0, 1, 0, 0, 0], [1, 0, 0, 0, 1, 1, 1, 1, 1, 1, 0, 0, 0, 1, 1, 1, 0, 1, 0, 0, 1, 1, 1, 1, 0], [1, 0, 0, 0, 1, 1, 0, 0, 1, 0, 1, 1, 1, 1, 0, 0, 0, 0, 0, 1, 1, 0, 1, 1, 0], [0, 1, 1, 1, 0, 0, 0, 0, 1, 1, 1, 0, 1, 0, 0, 0, 0, 0, 0, 1, 0, 0, 1, 1, 1], [0, 1, 1, 1, 0, 0, 0, 1, 1, 1, 0, 1, 1, 1, 1, 0, 1, 1, 0, 1, 1, 0, 1, 1, 1], [0, 1, 1, 0, 0, 0, 0, 1, 1, 0, 1, 0, 0, 1, 0, 0, 0, 1, 0, 1, 0, 0, 1, 0, 0], [1, 0, 1, 0, 0, 1, 1, 0, 1, 1, 0, 1, 0, 0, 0, 1, 1, 0, 0, 1, 0, 1, 1, 1, 0], [0, 0, 1, 1, 1, 1, 1, 1, 0, 0, 1, 1, 1, 0, 0, 0, 1, 1, 1, 1, 0, 1, 1, 0, 1], [1, 0, 1, 0, 1, 1, 0, 1, 0, 0, 0, 1, 1, 0, 1, 0, 1, 1, 1, 1, 1, 1, 0, 1, 1], [1, 0, 0, 1, 1, 0, 1, 0, 1, 0, 0, 1, 1, 0, 1, 0, 1, 1, 0, 1, 0, 1, 0, 0, 0], [0, 1, 0, 1, 0, 1, 0, 1, 1, 1, 1, 0, 1, 1, 1, 1, 1, 0, 0, 1, 0, 1, 0, 1, 0], [1, 1, 0, 1, 1, 1, 0, 0, 1, 1, 1, 1, 0, 1, 1, 0, 0, 1, 1, 1, 1, 1, 1, 0, 0], [0, 1, 1, 1, 0, 1, 1, 0, 0, 0, 0, 1, 1, 0, 1, 0, 1, 0, 1, 1, 0, 0, 1, 0, 0], [0, 0, 1, 0, 0, 1, 0, 0, 0, 1, 1, 1, 1, 1, 0, 1, 1, 0, 0, 0, 0, 1, 0, 0, 1], [0, 0, 1, 0, 0, 0, 0, 1, 0, 0, 0, 1, 0, 0, 1, 0, 0, 1, 1, 0, 1, 1, 0, 0, 1], [0, 0, 0, 0, 0, 1, 0, 1, 1, 1, 1, 1, 0, 1, 1, 0, 0, 1, 1, 0, 1, 1, 0, 0, 1], [1, 0, 1, 0, 0, 1, 1, 0, 1, 1, 1, 0, 1, 0, 0, 1, 1, 0, 1, 1, 0, 1, 1, 1, 0], [1, 1, 0, 0, 0, 0, 0, 0, 1, 1, 0, 0, 1, 1, 0, 1, 1, 1, 0, 0, 0, 1, 0, 1, 0], [0, 0, 0, 1, 1, 1, 1, 1, 1, 1, 1, 1, 1, 1, 0, 0, 0, 1, 0, 0, 0, 0, 0, 0, 0], [0, 0, 1, 1, 0, 1, 0, 0, 0, 1, 0, 0, 1, 0, 0, 1, 1, 0, 0, 0, 0, 0, 1, 1, 0], [1, 1, 1, 0, 0, 0, 0, 1, 1, 1, 1, 1, 1, 0, 1, 1, 1, 1, 1, 0, 0, 0, 1, 0, 0], [1, 0, 1, 1, 1, 1, 1, 1, 1, 0, 0, 0, 1, 1, 0, 0, 0, 1, 0, 0, 1, 1, 0, 0, 1], [0, 0, 1, 1, 1, 1, 0, 1, 0, 1, 0, 1, 0, 0, 0, 0, 0, 1, 1, 0, 1, 0, 0, 0, 1], [1, 0, 0, 0, 1, 1, 0, 0, 1, 1, 0, 0, 0, 0, 1, 1, 1, 0, 0, 0, 0, 0, 1, 1, 0]]",20.0,1.0,Y,"{0: 20, 1: 44, 2: 43, 3: 42, 4: 41, 5: 40, 6: 39, 7: 38, 8: 37, 9: 36, 10: 35, 11: 34, 12: 33, 13: 32, 14: 31, 15: 30, 16: 29, 17: 28, 18: 27, 19: 26, 20: 25, 21: 24, 22: 23, 23: 22, 24: 21}","{(0, 1): 1, (0, 2): 1, (0, 3): 1, (0, 7): 1, (0, 9): 1, (0, 10): 1, (0, 12): 9, (0, 17): 1, (0, 18): 1, (0, 21): 1, (0, 22): 1, (0, 24): 1, (1, 4): 1, (1, 5): 24, (1, 6): 1, (1, 11): 1, (1, 12): 1, (1, 13): 1, (1, 18): 4, (1, 21): 10, (2, 4): 1, (2, 5): 1, (2, 6): 1, (2, 7): 1, (2, 8): 1, (2, 9): 1, (2, 13): 1, (2, 14): 1, (2, 15): 1, (2, 17): 1, (2, 20): 9, (2, 21): 1, (2, 22): 10, (2, 23): 12, (3, 4): 1, (3, 5): 1, (3, 8): 1, (3, 10): 1, (3, 11): 1, (3, 12): 1, (3, 13): 9, (3, 19): 15, (3, 20): 9, (3, 22): 1, (3, 23): 1, (4, 8): 1, (4, 9): 1, (4, 10): 12, (4, 12): 9, (4, 19): 1, (4, 22): 1, (4, 23): 1, (4, 24): 12, (5, 7): 1, (5, 8): 1, (5, 9): 1, (5, 11): 1, (5, 12): 1, (5, 13): 1, (5, 14): 1, (5, 16): 1, (5, 17): 1, (5, 19): 1, (5, 20): 1, (5, 22): 1, (5, 23): 1, (5, 24): 1, (6, 7): 1, (6, 8): 22, (6, 10): 1, (6, 13): 1, (6, 17): 10, (6, 19): 1, (6, 22): 1, (7, 8): 1, (7, 9): 1, (7, 11): 1, (7, 15): 10, (7, 16): 17, (7, 19): 1, (7, 21): 1, (7, 22): 1, (7, 23): 1, (8, 10): 1, (8, 11): 1, (8, 12): 1, (8, 16): 1, (8, 17): 1, (8, 18): 1, (8, 19): 1, (8, 21): 1, (8, 22): 1, (8, 24): 1, (9, 11): 1, (9, 12): 1, (9, 14): 4, (9, 16): 1, (9, 17): 5, (9, 18): 14, (9, 19): 1, (9, 20): 1, (9, 21): 1, (9, 23): 1, (9, 24): 1, (10, 11): 1, (10, 12): 1, (10, 14): 13, (10, 16): 1, (10, 17): 1, (10, 19): 1, (10, 21): 1, (11, 12): 1, (11, 13): 8, (11, 14): 1, (11, 15): 13, (11, 16): 1, (11, 19): 1, (11, 21): 1, (11, 23): 1, (12, 13): 1, (12, 14): 1, (12, 17): 1, (12, 18): 1, (12, 19): 1, (12, 20): 1, (12, 21): 1, (12, 22): 1, (13, 14): 6, (13, 16): 1, (13, 18): 1, (13, 19): 1, (13, 22): 1, (14, 15): 1, (14, 16): 1, (14, 21): 1, (14, 24): 1, (15, 17): 1, (15, 18): 1, (15, 20): 1, (15, 21): 1, (15, 24): 1, (16, 17): 1, (16, 18): 1, (16, 20): 1, (16, 21): 1, (16, 24): 1, (17, 18): 1, (17, 19): 1, (17, 21): 1, (17, 22): 1, (17, 23): 1, (18, 21): 1, (18, 23): 1, (20, 22): 1, (20, 23): 1, (21, 22): 1, (22, 24): 1, (23, 24): 1}",3097.057342529297,783.0,75.0,2191.0
26.0,Graph with 25 nodes and 153 edges,"[[0, 0, 0, 1, 0, 1, 1, 1, 0, 0, 0, 0, 1, 0, 0, 1, 0, 0, 0, 1, 1, 0, 0, 0, 1], [0, 0, 1, 1, 1, 1, 0, 1, 1, 1, 1, 0, 1, 0, 0, 0, 0, 1, 0, 1, 1, 1, 0, 1, 1], [0, 1, 0, 1, 0, 1, 0, 1, 0, 0, 0, 0, 1, 0, 1, 0, 1, 0, 1, 1, 0, 0, 1, 1, 0], [1, 1, 1, 0, 1, 0, 1, 0, 0, 1, 0, 0, 0, 0, 1, 1, 1, 1, 0, 1, 0, 1, 0, 0, 0], [0, 1, 0, 1, 0, 1, 1, 1, 1, 1, 0, 0, 0, 0, 1, 1, 0, 1, 0, 0, 1, 1, 1, 0, 1], [1, 1, 1, 0, 1, 0, 0, 0, 1, 1, 1, 0, 0, 0, 1, 0, 1, 1, 1, 0, 1, 0, 1, 1, 1], [1, 0, 0, 1, 1, 0, 0, 1, 1, 1, 1, 1, 1, 0, 0, 1, 1, 0, 0, 1, 0, 0, 1, 1, 0], [1, 1, 1, 0, 1, 0, 1, 0, 0, 1, 1, 0, 1, 1, 1, 1, 0, 0, 1, 1, 1, 0, 0, 0, 0], [0, 1, 0, 0, 1, 1, 1, 0, 0, 0, 1, 1, 1, 0, 1, 1, 1, 0, 1, 0, 1, 0, 1, 1, 0], [0, 1, 0, 1, 1, 1, 1, 1, 0, 0, 1, 0, 0, 1, 1, 0, 1, 1, 1, 1, 0, 1, 1, 0, 0], [0, 1, 0, 0, 0, 1, 1, 1, 1, 1, 0, 1, 0, 1, 1, 0, 0, 0, 1, 1, 0, 0, 0, 0, 0], [0, 0, 0, 0, 0, 0, 1, 0, 1, 0, 1, 0, 0, 1, 0, 0, 0, 0, 0, 0, 1, 0, 1, 1, 0], [1, 1, 1, 0, 0, 0, 1, 1, 1, 0, 0, 0, 0, 0, 1, 1, 1, 0, 0, 0, 1, 0, 1, 1, 1], [0, 0, 0, 0, 0, 0, 0, 1, 0, 1, 1, 1, 0, 0, 1, 1, 1, 1, 1, 0, 1, 1, 0, 0, 0], [0, 0, 1, 1, 1, 1, 0, 1, 1, 1, 1, 0, 1, 1, 0, 1, 0, 1, 1, 1, 0, 1, 1, 0, 1], [1, 0, 0, 1, 1, 0, 1, 1, 1, 0, 0, 0, 1, 1, 1, 0, 0, 0, 1, 1, 0, 0, 1, 1, 0], [0, 0, 1, 1, 0, 1, 1, 0, 1, 1, 0, 0, 1, 1, 0, 0, 0, 1, 1, 1, 1, 0, 0, 0, 0], [0, 1, 0, 1, 1, 1, 0, 0, 0, 1, 0, 0, 0, 1, 1, 0, 1, 0, 0, 1, 0, 0, 1, 1, 1], [0, 0, 1, 0, 0, 1, 0, 1, 1, 1, 1, 0, 0, 1, 1, 1, 1, 0, 0, 0, 1, 0, 0, 0, 1], [1, 1, 1, 1, 0, 0, 1, 1, 0, 1, 1, 0, 0, 0, 1, 1, 1, 1, 0, 0, 0, 1, 0, 0, 0], [1, 1, 0, 0, 1, 1, 0, 1, 1, 0, 0, 1, 1, 1, 0, 0, 1, 0, 1, 0, 0, 1, 0, 0, 0], [0, 1, 0, 1, 1, 0, 0, 0, 0, 1, 0, 0, 0, 1, 1, 0, 0, 0, 0, 1, 1, 0, 0, 0, 0], [0, 0, 1, 0, 1, 1, 1, 0, 1, 1, 0, 1, 1, 0, 1, 1, 0, 1, 0, 0, 0, 0, 0, 0, 1], [0, 1, 1, 0, 0, 1, 1, 0, 1, 0, 0, 1, 1, 0, 0, 1, 0, 1, 0, 0, 0, 0, 0, 0, 1], [1, 1, 0, 0, 1, 1, 0, 0, 0, 0, 0, 0, 1, 0, 1, 0, 0, 1, 1, 0, 0, 0, 1, 1, 0]]",22.0,5.0,Y,"{0: 142, 1: 137, 2: 132, 3: 127, 4: 122, 5: 117, 6: 112, 7: 107, 8: 102, 9: 97, 10: 92, 11: 87, 12: 82, 13: 77, 14: 72, 15: 67, 16: 62, 17: 57, 18: 52, 19: 47, 20: 42, 21: 37, 22: 32, 23: 27, 24: 22}","{(0, 3): 1, (0, 5): 103, (0, 6): 1, (0, 7): 1, (0, 12): 1, (0, 15): 1, (0, 19): 1, (0, 20): 20, (0, 24): 13, (1, 2): 1, (1, 3): 1, (1, 4): 1, (1, 5): 1, (1, 7): 1, (1, 8): 1, (1, 9): 1, (1, 10): 1, (1, 12): 1, (1, 17): 32, (1, 19): 35, (1, 20): 12, (1, 21): 30, (1, 23): 18, (1, 24): 1, (2, 3): 1, (2, 5): 1, (2, 7): 1, (2, 12): 1, (2, 14): 56, (2, 16): 7, (2, 18): 41, (2, 19): 1, (2, 22): 21, (2, 23): 1, (3, 4): 1, (3, 6): 1, (3, 9): 4, (3, 14): 1, (3, 15): 55, (3, 16): 45, (3, 17): 15, (3, 19): 1, (3, 21): 1, (4, 5): 1, (4, 6): 1, (4, 7): 1, (4, 8): 30, (4, 9): 80, (4, 14): 1, (4, 15): 1, (4, 17): 1, (4, 20): 1, (4, 21): 1, (4, 22): 1, (4, 24): 1, (5, 8): 1, (5, 9): 1, (5, 10): 1, (5, 14): 1, (5, 16): 1, (5, 17): 1, (5, 18): 1, (5, 20): 1, (5, 22): 1, (5, 23): 1, (5, 24): 1, (6, 7): 1, (6, 8): 1, (6, 9): 1, (6, 10): 1, (6, 11): 81, (6, 12): 19, (6, 15): 1, (6, 16): 1, (6, 19): 1, (6, 22): 1, (6, 23): 1, (7, 9): 1, (7, 10): 1, (7, 12): 51, (7, 13): 44, (7, 14): 1, (7, 15): 1, (7, 18): 1, (7, 19): 1, (7, 20): 1, (8, 10): 59, (8, 11): 1, (8, 12): 2, (8, 14): 1, (8, 15): 1, (8, 16): 1, (8, 18): 1, (8, 20): 1, (8, 22): 1, (8, 23): 1, (9, 10): 1, (9, 13): 1, (9, 14): 1, (9, 16): 1, (9, 17): 1, (9, 18): 1, (9, 19): 1, (9, 21): 1, (9, 22): 1, (10, 11): 1, (10, 13): 24, (10, 14): 1, (10, 18): 1, (10, 19): 1, (11, 13): 1, (11, 20): 1, (11, 22): 1, (11, 23): 1, (12, 14): 1, (12, 15): 1, (12, 16): 1, (12, 20): 1, (12, 22): 1, (12, 23): 1, (12, 24): 1, (13, 14): 1, (13, 15): 1, (13, 16): 1, (13, 17): 1, (13, 18): 1, (13, 20): 1, (13, 21): 1, (14, 15): 1, (14, 17): 1, (14, 18): 1, (14, 19): 1, (14, 21): 1, (14, 22): 1, (14, 24): 1, (15, 18): 1, (15, 19): 1, (15, 22): 1, (15, 23): 1, (16, 17): 1, (16, 18): 1, (16, 19): 1, (16, 20): 1, (17, 19): 1, (17, 22): 1, (17, 23): 1, (17, 24): 1, (18, 20): 1, (18, 24): 1, (19, 21): 1, (20, 21): 1, (22, 24): 1, (23, 24): 1}",3558.8741302490234,778.0,75.0,2181.0
26.0,Graph with 25 nodes and 153 edges,"[[0, 0, 0, 1, 0, 1, 1, 1, 0, 0, 0, 0, 1, 0, 0, 1, 0, 0, 0, 1, 1, 0, 0, 0, 1], [0, 0, 1, 1, 1, 1, 0, 1, 1, 1, 1, 0, 1, 0, 0, 0, 0, 1, 0, 1, 1, 1, 0, 1, 1], [0, 1, 0, 1, 0, 1, 0, 1, 0, 0, 0, 0, 1, 0, 1, 0, 1, 0, 1, 1, 0, 0, 1, 1, 0], [1, 1, 1, 0, 1, 0, 1, 0, 0, 1, 0, 0, 0, 0, 1, 1, 1, 1, 0, 1, 0, 1, 0, 0, 0], [0, 1, 0, 1, 0, 1, 1, 1, 1, 1, 0, 0, 0, 0, 1, 1, 0, 1, 0, 0, 1, 1, 1, 0, 1], [1, 1, 1, 0, 1, 0, 0, 0, 1, 1, 1, 0, 0, 0, 1, 0, 1, 1, 1, 0, 1, 0, 1, 1, 1], [1, 0, 0, 1, 1, 0, 0, 1, 1, 1, 1, 1, 1, 0, 0, 1, 1, 0, 0, 1, 0, 0, 1, 1, 0], [1, 1, 1, 0, 1, 0, 1, 0, 0, 1, 1, 0, 1, 1, 1, 1, 0, 0, 1, 1, 1, 0, 0, 0, 0], [0, 1, 0, 0, 1, 1, 1, 0, 0, 0, 1, 1, 1, 0, 1, 1, 1, 0, 1, 0, 1, 0, 1, 1, 0], [0, 1, 0, 1, 1, 1, 1, 1, 0, 0, 1, 0, 0, 1, 1, 0, 1, 1, 1, 1, 0, 1, 1, 0, 0], [0, 1, 0, 0, 0, 1, 1, 1, 1, 1, 0, 1, 0, 1, 1, 0, 0, 0, 1, 1, 0, 0, 0, 0, 0], [0, 0, 0, 0, 0, 0, 1, 0, 1, 0, 1, 0, 0, 1, 0, 0, 0, 0, 0, 0, 1, 0, 1, 1, 0], [1, 1, 1, 0, 0, 0, 1, 1, 1, 0, 0, 0, 0, 0, 1, 1, 1, 0, 0, 0, 1, 0, 1, 1, 1], [0, 0, 0, 0, 0, 0, 0, 1, 0, 1, 1, 1, 0, 0, 1, 1, 1, 1, 1, 0, 1, 1, 0, 0, 0], [0, 0, 1, 1, 1, 1, 0, 1, 1, 1, 1, 0, 1, 1, 0, 1, 0, 1, 1, 1, 0, 1, 1, 0, 1], [1, 0, 0, 1, 1, 0, 1, 1, 1, 0, 0, 0, 1, 1, 1, 0, 0, 0, 1, 1, 0, 0, 1, 1, 0], [0, 0, 1, 1, 0, 1, 1, 0, 1, 1, 0, 0, 1, 1, 0, 0, 0, 1, 1, 1, 1, 0, 0, 0, 0], [0, 1, 0, 1, 1, 1, 0, 0, 0, 1, 0, 0, 0, 1, 1, 0, 1, 0, 0, 1, 0, 0, 1, 1, 1], [0, 0, 1, 0, 0, 1, 0, 1, 1, 1, 1, 0, 0, 1, 1, 1, 1, 0, 0, 0, 1, 0, 0, 0, 1], [1, 1, 1, 1, 0, 0, 1, 1, 0, 1, 1, 0, 0, 0, 1, 1, 1, 1, 0, 0, 0, 1, 0, 0, 0], [1, 1, 0, 0, 1, 1, 0, 1, 1, 0, 0, 1, 1, 1, 0, 0, 1, 0, 1, 0, 0, 1, 0, 0, 0], [0, 1, 0, 1, 1, 0, 0, 0, 0, 1, 0, 0, 0, 1, 1, 0, 0, 0, 0, 1, 1, 0, 0, 0, 0], [0, 0, 1, 0, 1, 1, 1, 0, 1, 1, 0, 1, 1, 0, 1, 1, 0, 1, 0, 0, 0, 0, 0, 0, 1], [0, 1, 1, 0, 0, 1, 1, 0, 1, 0, 0, 1, 1, 0, 0, 1, 0, 1, 0, 0, 0, 0, 0, 0, 1], [1, 1, 0, 0, 1, 1, 0, 0, 0, 0, 0, 0, 1, 0, 1, 0, 0, 1, 1, 0, 0, 0, 1, 1, 0]]",28.0,4.0,Y,"{0: 32, 1: 36, 2: 40, 3: 44, 4: 48, 5: 52, 6: 56, 7: 60, 8: 64, 9: 68, 10: 72, 11: 76, 12: 80, 13: 84, 14: 88, 15: 92, 16: 96, 17: 100, 18: 104, 19: 108, 20: 112, 21: 116, 22: 120, 23: 124, 24: 28}","{(0, 3): 24, (0, 5): 1, (0, 6): 1, (0, 7): 1, (0, 12): 1, (0, 15): 1, (0, 19): 1, (0, 20): 1, (0, 24): 1, (1, 2): 22, (1, 3): 1, (1, 4): 1, (1, 5): 1, (1, 7): 1, (1, 8): 1, (1, 9): 1, (1, 10): 1, (1, 12): 1, (1, 17): 1, (1, 19): 1, (1, 20): 1, (1, 21): 1, (1, 23): 1, (1, 24): 1, (2, 3): 9, (2, 5): 1, (2, 7): 1, (2, 12): 1, (2, 14): 1, (2, 16): 1, (2, 18): 1, (2, 19): 1, (2, 22): 1, (2, 23): 1, (3, 4): 2, (3, 6): 1, (3, 9): 1, (3, 14): 1, (3, 15): 1, (3, 16): 1, (3, 17): 1, (3, 19): 1, (3, 21): 1, (4, 5): 34, (4, 6): 1, (4, 7): 1, (4, 8): 1, (4, 9): 1, (4, 14): 1, (4, 15): 1, (4, 17): 1, (4, 20): 1, (4, 21): 1, (4, 22): 1, (4, 24): 1, (5, 8): 5, (5, 9): 1, (5, 10): 1, (5, 14): 1, (5, 16): 1, (5, 17): 1, (5, 18): 1, (5, 20): 1, (5, 22): 1, (5, 23): 1, (5, 24): 1, (6, 7): 43, (6, 8): 1, (6, 9): 1, (6, 10): 1, (6, 11): 1, (6, 12): 1, (6, 15): 1, (6, 16): 1, (6, 19): 1, (6, 22): 1, (6, 23): 1, (7, 9): 1, (7, 10): 1, (7, 12): 1, (7, 13): 1, (7, 14): 5, (7, 15): 1, (7, 18): 1, (7, 19): 1, (7, 20): 1, (8, 10): 1, (8, 11): 1, (8, 12): 1, (8, 14): 1, (8, 15): 1, (8, 16): 1, (8, 18): 25, (8, 20): 1, (8, 22): 23, (8, 23): 1, (9, 10): 1, (9, 13): 5, (9, 14): 1, (9, 16): 1, (9, 17): 1, (9, 18): 1, (9, 19): 20, (9, 21): 31, (9, 22): 1, (10, 11): 1, (10, 13): 12, (10, 14): 43, (10, 18): 1, (10, 19): 9, (11, 13): 1, (11, 20): 1, (11, 22): 21, (11, 23): 50, (12, 14): 1, (12, 15): 22, (12, 16): 19, (12, 20): 1, (12, 22): 1, (12, 23): 29, (12, 24): 1, (13, 14): 1, (13, 15): 1, (13, 16): 25, (13, 17): 1, (13, 18): 19, (13, 20): 1, (13, 21): 17, (14, 15): 1, (14, 17): 1, (14, 18): 15, (14, 19): 1, (14, 21): 1, (14, 22): 12, (14, 24): 1, (15, 18): 1, (15, 19): 1, (15, 22): 38, (15, 23): 22, (16, 17): 5, (16, 18): 19, (16, 19): 1, (16, 20): 21, (17, 19): 69, (17, 22): 1, (17, 23): 17, (17, 24): 1, (18, 20): 19, (18, 24): 1, (19, 21): 1, (20, 21): 63, (22, 24): 19, (23, 24): 1}",4642.009735107422,778.0,75.0,2181.0
26.0,Graph with 25 nodes and 153 edges,"[[0, 0, 0, 1, 0, 1, 1, 1, 0, 0, 0, 0, 1, 0, 0, 1, 0, 0, 0, 1, 1, 0, 0, 0, 1], [0, 0, 1, 1, 1, 1, 0, 1, 1, 1, 1, 0, 1, 0, 0, 0, 0, 1, 0, 1, 1, 1, 0, 1, 1], [0, 1, 0, 1, 0, 1, 0, 1, 0, 0, 0, 0, 1, 0, 1, 0, 1, 0, 1, 1, 0, 0, 1, 1, 0], [1, 1, 1, 0, 1, 0, 1, 0, 0, 1, 0, 0, 0, 0, 1, 1, 1, 1, 0, 1, 0, 1, 0, 0, 0], [0, 1, 0, 1, 0, 1, 1, 1, 1, 1, 0, 0, 0, 0, 1, 1, 0, 1, 0, 0, 1, 1, 1, 0, 1], [1, 1, 1, 0, 1, 0, 0, 0, 1, 1, 1, 0, 0, 0, 1, 0, 1, 1, 1, 0, 1, 0, 1, 1, 1], [1, 0, 0, 1, 1, 0, 0, 1, 1, 1, 1, 1, 1, 0, 0, 1, 1, 0, 0, 1, 0, 0, 1, 1, 0], [1, 1, 1, 0, 1, 0, 1, 0, 0, 1, 1, 0, 1, 1, 1, 1, 0, 0, 1, 1, 1, 0, 0, 0, 0], [0, 1, 0, 0, 1, 1, 1, 0, 0, 0, 1, 1, 1, 0, 1, 1, 1, 0, 1, 0, 1, 0, 1, 1, 0], [0, 1, 0, 1, 1, 1, 1, 1, 0, 0, 1, 0, 0, 1, 1, 0, 1, 1, 1, 1, 0, 1, 1, 0, 0], [0, 1, 0, 0, 0, 1, 1, 1, 1, 1, 0, 1, 0, 1, 1, 0, 0, 0, 1, 1, 0, 0, 0, 0, 0], [0, 0, 0, 0, 0, 0, 1, 0, 1, 0, 1, 0, 0, 1, 0, 0, 0, 0, 0, 0, 1, 0, 1, 1, 0], [1, 1, 1, 0, 0, 0, 1, 1, 1, 0, 0, 0, 0, 0, 1, 1, 1, 0, 0, 0, 1, 0, 1, 1, 1], [0, 0, 0, 0, 0, 0, 0, 1, 0, 1, 1, 1, 0, 0, 1, 1, 1, 1, 1, 0, 1, 1, 0, 0, 0], [0, 0, 1, 1, 1, 1, 0, 1, 1, 1, 1, 0, 1, 1, 0, 1, 0, 1, 1, 1, 0, 1, 1, 0, 1], [1, 0, 0, 1, 1, 0, 1, 1, 1, 0, 0, 0, 1, 1, 1, 0, 0, 0, 1, 1, 0, 0, 1, 1, 0], [0, 0, 1, 1, 0, 1, 1, 0, 1, 1, 0, 0, 1, 1, 0, 0, 0, 1, 1, 1, 1, 0, 0, 0, 0], [0, 1, 0, 1, 1, 1, 0, 0, 0, 1, 0, 0, 0, 1, 1, 0, 1, 0, 0, 1, 0, 0, 1, 1, 1], [0, 0, 1, 0, 0, 1, 0, 1, 1, 1, 1, 0, 0, 1, 1, 1, 1, 0, 0, 0, 1, 0, 0, 0, 1], [1, 1, 1, 1, 0, 0, 1, 1, 0, 1, 1, 0, 0, 0, 1, 1, 1, 1, 0, 0, 0, 1, 0, 0, 0], [1, 1, 0, 0, 1, 1, 0, 1, 1, 0, 0, 1, 1, 1, 0, 0, 1, 0, 1, 0, 0, 1, 0, 0, 0], [0, 1, 0, 1, 1, 0, 0, 0, 0, 1, 0, 0, 0, 1, 1, 0, 0, 0, 0, 1, 1, 0, 0, 0, 0], [0, 0, 1, 0, 1, 1, 1, 0, 1, 1, 0, 1, 1, 0, 1, 1, 0, 1, 0, 0, 0, 0, 0, 0, 1], [0, 1, 1, 0, 0, 1, 1, 0, 1, 0, 0, 1, 1, 0, 0, 1, 0, 1, 0, 0, 0, 0, 0, 0, 1], [1, 1, 0, 0, 1, 1, 0, 0, 0, 0, 0, 0, 1, 0, 1, 0, 0, 1, 1, 0, 0, 0, 1, 1, 0]]",28.0,6.0,Y,"{0: 34, 1: 40, 2: 46, 3: 52, 4: 58, 5: 64, 6: 70, 7: 76, 8: 82, 9: 88, 10: 94, 11: 100, 12: 106, 13: 112, 14: 118, 15: 124, 16: 130, 17: 136, 18: 142, 19: 148, 20: 154, 21: 160, 22: 166, 23: 172, 24: 28}","{(0, 3): 26, (0, 5): 1, (0, 6): 1, (0, 7): 1, (0, 12): 1, (0, 15): 1, (0, 19): 1, (0, 20): 1, (0, 24): 1, (1, 2): 26, (1, 3): 1, (1, 4): 1, (1, 5): 1, (1, 7): 1, (1, 8): 1, (1, 9): 1, (1, 10): 1, (1, 12): 1, (1, 17): 1, (1, 19): 1, (1, 20): 1, (1, 21): 1, (1, 23): 1, (1, 24): 1, (2, 3): 11, (2, 5): 1, (2, 7): 1, (2, 12): 1, (2, 14): 1, (2, 16): 1, (2, 18): 1, (2, 19): 1, (2, 22): 1, (2, 23): 1, (3, 4): 6, (3, 6): 1, (3, 9): 1, (3, 14): 1, (3, 15): 1, (3, 16): 1, (3, 17): 1, (3, 19): 1, (3, 21): 1, (4, 5): 40, (4, 6): 1, (4, 7): 1, (4, 8): 1, (4, 9): 1, (4, 14): 1, (4, 15): 1, (4, 17): 1, (4, 20): 1, (4, 21): 1, (4, 22): 1, (4, 24): 1, (5, 8): 11, (5, 9): 1, (5, 10): 1, (5, 14): 1, (5, 16): 1, (5, 17): 1, (5, 18): 1, (5, 20): 1, (5, 22): 1, (5, 23): 1, (5, 24): 1, (6, 7): 57, (6, 8): 1, (6, 9): 1, (6, 10): 1, (6, 11): 1, (6, 12): 1, (6, 15): 1, (6, 16): 1, (6, 19): 1, (6, 22): 1, (6, 23): 1, (7, 9): 1, (7, 10): 1, (7, 12): 1, (7, 13): 1, (7, 14): 1, (7, 15): 1, (7, 18): 7, (7, 19): 1, (7, 20): 1, (8, 10): 1, (8, 11): 1, (8, 12): 41, (8, 14): 1, (8, 15): 1, (8, 16): 1, (8, 18): 1, (8, 20): 1, (8, 22): 19, (8, 23): 1, (9, 10): 1, (9, 13): 43, (9, 14): 1, (9, 16): 1, (9, 17): 1, (9, 18): 32, (9, 19): 1, (9, 21): 1, (9, 22): 1, (10, 11): 1, (10, 13): 1, (10, 14): 11, (10, 18): 1, (10, 19): 74, (11, 13): 1, (11, 20): 1, (11, 22): 1, (11, 23): 94, (12, 14): 19, (12, 15): 36, (12, 16): 1, (12, 20): 1, (12, 22): 1, (12, 23): 1, (12, 24): 1, (13, 14): 1, (13, 15): 1, (13, 16): 1, (13, 17): 1, (13, 18): 1, (13, 20): 1, (13, 21): 60, (14, 15): 1, (14, 17): 1, (14, 18): 49, (14, 19): 1, (14, 21): 1, (14, 22): 26, (14, 24): 1, (15, 18): 1, (15, 19): 1, (15, 22): 8, (15, 23): 70, (16, 17): 1, (16, 18): 28, (16, 19): 1, (16, 20): 92, (17, 19): 21, (17, 22): 105, (17, 23): 1, (17, 24): 1, (18, 20): 1, (18, 24): 19, (19, 21): 43, (20, 21): 52, (22, 24): 1, (23, 24): 1}",4759.073257446289,778.0,75.0,2181.0
28.0,Graph with 25 nodes and 153 edges,"[[0, 1, 0, 0, 1, 1, 0, 0, 1, 1, 0, 1, 1, 1, 1, 1, 0, 1, 0, 0, 1, 1, 0, 1, 0], [1, 0, 1, 0, 0, 0, 1, 1, 0, 0, 1, 0, 0, 0, 1, 0, 0, 0, 1, 1, 0, 1, 0, 0, 0], [0, 1, 0, 0, 0, 0, 0, 0, 0, 0, 1, 1, 1, 1, 1, 0, 0, 1, 0, 1, 0, 0, 1, 0, 0], [0, 0, 0, 0, 1, 1, 1, 0, 1, 1, 0, 0, 0, 0, 1, 0, 0, 0, 1, 1, 1, 0, 0, 0, 0], [1, 0, 0, 1, 0, 0, 1, 1, 0, 0, 1, 1, 1, 1, 1, 1, 1, 0, 0, 0, 0, 0, 1, 1, 0], [1, 0, 0, 1, 0, 0, 1, 1, 1, 1, 1, 0, 0, 0, 1, 1, 1, 0, 0, 0, 1, 0, 1, 0, 1], [0, 1, 0, 1, 1, 1, 0, 0, 1, 1, 0, 0, 1, 1, 1, 0, 1, 0, 0, 0, 1, 0, 0, 0, 1], [0, 1, 0, 0, 1, 1, 0, 0, 0, 1, 0, 0, 0, 1, 0, 1, 0, 0, 0, 0, 0, 1, 1, 1, 1], [1, 0, 0, 1, 0, 1, 1, 0, 0, 1, 0, 1, 0, 1, 0, 1, 1, 1, 1, 0, 1, 1, 1, 1, 0], [1, 0, 0, 1, 0, 1, 1, 1, 1, 0, 0, 1, 0, 0, 0, 1, 1, 0, 1, 0, 0, 1, 1, 1, 1], [0, 1, 1, 0, 1, 1, 0, 0, 0, 0, 0, 1, 1, 0, 1, 1, 0, 1, 0, 1, 1, 1, 1, 0, 1], [1, 0, 1, 0, 1, 0, 0, 0, 1, 1, 1, 0, 0, 0, 0, 1, 1, 1, 1, 0, 1, 0, 0, 0, 0], [1, 0, 1, 0, 1, 0, 1, 0, 0, 0, 1, 0, 0, 0, 1, 0, 0, 0, 0, 0, 0, 1, 1, 0, 0], [1, 0, 1, 0, 1, 0, 1, 1, 1, 0, 0, 0, 0, 0, 1, 0, 0, 1, 0, 1, 0, 1, 0, 1, 1], [1, 1, 1, 1, 1, 1, 1, 0, 0, 0, 1, 0, 1, 1, 0, 1, 1, 0, 1, 1, 1, 0, 0, 0, 1], [1, 0, 0, 0, 1, 1, 0, 1, 1, 1, 1, 1, 0, 0, 1, 0, 0, 1, 0, 1, 1, 0, 0, 0, 0], [0, 0, 0, 0, 1, 1, 1, 0, 1, 1, 0, 1, 0, 0, 1, 0, 0, 0, 1, 1, 1, 0, 1, 1, 0], [1, 0, 1, 0, 0, 0, 0, 0, 1, 0, 1, 1, 0, 1, 0, 1, 0, 0, 1, 1, 1, 1, 0, 0, 0], [0, 1, 0, 1, 0, 0, 0, 0, 1, 1, 0, 1, 0, 0, 1, 0, 1, 1, 0, 1, 1, 1, 1, 0, 1], [0, 1, 1, 1, 0, 0, 0, 0, 0, 0, 1, 0, 0, 1, 1, 1, 1, 1, 1, 0, 1, 1, 0, 0, 1], [1, 0, 0, 1, 0, 1, 1, 0, 1, 0, 1, 1, 0, 0, 1, 1, 1, 1, 1, 1, 0, 1, 1, 0, 0], [1, 1, 0, 0, 0, 0, 0, 1, 1, 1, 1, 0, 1, 1, 0, 0, 0, 1, 1, 1, 1, 0, 1, 1, 1], [0, 0, 1, 0, 1, 1, 0, 1, 1, 1, 1, 0, 1, 0, 0, 0, 1, 0, 1, 0, 1, 1, 0, 1, 1], [1, 0, 0, 0, 1, 0, 0, 1, 1, 1, 0, 0, 0, 1, 0, 0, 1, 0, 0, 0, 0, 1, 1, 0, 1], [0, 0, 0, 0, 0, 1, 1, 1, 0, 1, 1, 0, 0, 1, 1, 0, 0, 0, 1, 1, 0, 1, 1, 1, 0]]",12.0,2.0,Y,"{0: 46, 1: 18, 2: 28, 3: 20, 4: 40, 5: 38, 6: 36, 7: 14, 8: 56, 9: 48, 10: 44, 11: 16, 12: 22, 13: 32, 14: 60, 15: 34, 16: 24, 17: 30, 18: 50, 19: 52, 20: 58, 21: 54, 22: 42, 23: 12, 24: 26}","{(0, 1): 1, (0, 4): 1, (0, 5): 1, (0, 8): 1, (0, 9): 1, (0, 11): 1, (0, 12): 1, (0, 13): 1, (0, 14): 33, (0, 15): 1, (0, 17): 1, (0, 20): 1, (0, 21): 1, (0, 23): 1, (1, 2): 1, (1, 6): 1, (1, 7): 1, (1, 10): 1, (1, 14): 10, (1, 18): 1, (1, 19): 1, (1, 21): 1, (2, 10): 1, (2, 11): 1, (2, 12): 1, (2, 13): 1, (2, 14): 4, (2, 17): 1, (2, 19): 1, (2, 22): 17, (3, 4): 1, (3, 5): 1, (3, 6): 1, (3, 8): 1, (3, 9): 1, (3, 14): 1, (3, 18): 1, (3, 19): 1, (3, 20): 12, (4, 6): 1, (4, 7): 1, (4, 10): 1, (4, 11): 1, (4, 12): 1, (4, 13): 1, (4, 14): 1, (4, 15): 2, (4, 16): 13, (4, 22): 13, (4, 23): 3, (5, 6): 1, (5, 7): 1, (5, 8): 1, (5, 9): 1, (5, 10): 1, (5, 14): 1, (5, 15): 1, (5, 16): 1, (5, 20): 12, (5, 22): 1, (5, 24): 15, (6, 8): 1, (6, 9): 1, (6, 12): 1, (6, 13): 4, (6, 14): 1, (6, 16): 1, (6, 20): 22, (6, 24): 1, (7, 9): 1, (7, 13): 1, (7, 15): 1, (7, 21): 5, (7, 22): 1, (7, 23): 1, (7, 24): 1, (8, 9): 1, (8, 11): 1, (8, 13): 1, (8, 15): 1, (8, 16): 1, (8, 17): 1, (8, 18): 7, (8, 20): 1, (8, 21): 36, (8, 22): 1, (8, 23): 1, (9, 11): 1, (9, 15): 4, (9, 16): 1, (9, 18): 32, (9, 21): 1, (9, 22): 1, (9, 23): 1, (9, 24): 1, (10, 11): 1, (10, 12): 15, (10, 14): 1, (10, 15): 1, (10, 17): 1, (10, 19): 17, (10, 20): 1, (10, 21): 1, (10, 22): 1, (10, 24): 1, (11, 15): 1, (11, 16): 1, (11, 17): 6, (11, 18): 1, (11, 20): 1, (12, 14): 1, (12, 21): 1, (12, 22): 1, (13, 14): 1, (13, 17): 1, (13, 19): 18, (13, 21): 1, (13, 23): 1, (13, 24): 1, (14, 15): 1, (14, 16): 1, (14, 18): 1, (14, 19): 1, (14, 20): 1, (14, 24): 1, (15, 17): 14, (15, 19): 6, (15, 20): 1, (16, 18): 1, (16, 19): 1, (16, 20): 1, (16, 22): 1, (16, 23): 1, (17, 18): 1, (17, 19): 2, (17, 20): 1, (17, 21): 1, (18, 19): 1, (18, 20): 1, (18, 21): 1, (18, 22): 1, (18, 24): 1, (19, 20): 1, (19, 21): 1, (19, 24): 1, (20, 21): 1, (20, 22): 1, (21, 22): 1, (21, 23): 1, (21, 24): 1, (22, 23): 1, (22, 24): 1, (23, 24): 1}",3438.9495849609375,778.0,75.0,2181.0
28.0,Graph with 25 nodes and 153 edges,"[[0, 1, 0, 0, 1, 1, 0, 0, 1, 1, 0, 1, 1, 1, 1, 1, 0, 1, 0, 0, 1, 1, 0, 1, 0], [1, 0, 1, 0, 0, 0, 1, 1, 0, 0, 1, 0, 0, 0, 1, 0, 0, 0, 1, 1, 0, 1, 0, 0, 0], [0, 1, 0, 0, 0, 0, 0, 0, 0, 0, 1, 1, 1, 1, 1, 0, 0, 1, 0, 1, 0, 0, 1, 0, 0], [0, 0, 0, 0, 1, 1, 1, 0, 1, 1, 0, 0, 0, 0, 1, 0, 0, 0, 1, 1, 1, 0, 0, 0, 0], [1, 0, 0, 1, 0, 0, 1, 1, 0, 0, 1, 1, 1, 1, 1, 1, 1, 0, 0, 0, 0, 0, 1, 1, 0], [1, 0, 0, 1, 0, 0, 1, 1, 1, 1, 1, 0, 0, 0, 1, 1, 1, 0, 0, 0, 1, 0, 1, 0, 1], [0, 1, 0, 1, 1, 1, 0, 0, 1, 1, 0, 0, 1, 1, 1, 0, 1, 0, 0, 0, 1, 0, 0, 0, 1], [0, 1, 0, 0, 1, 1, 0, 0, 0, 1, 0, 0, 0, 1, 0, 1, 0, 0, 0, 0, 0, 1, 1, 1, 1], [1, 0, 0, 1, 0, 1, 1, 0, 0, 1, 0, 1, 0, 1, 0, 1, 1, 1, 1, 0, 1, 1, 1, 1, 0], [1, 0, 0, 1, 0, 1, 1, 1, 1, 0, 0, 1, 0, 0, 0, 1, 1, 0, 1, 0, 0, 1, 1, 1, 1], [0, 1, 1, 0, 1, 1, 0, 0, 0, 0, 0, 1, 1, 0, 1, 1, 0, 1, 0, 1, 1, 1, 1, 0, 1], [1, 0, 1, 0, 1, 0, 0, 0, 1, 1, 1, 0, 0, 0, 0, 1, 1, 1, 1, 0, 1, 0, 0, 0, 0], [1, 0, 1, 0, 1, 0, 1, 0, 0, 0, 1, 0, 0, 0, 1, 0, 0, 0, 0, 0, 0, 1, 1, 0, 0], [1, 0, 1, 0, 1, 0, 1, 1, 1, 0, 0, 0, 0, 0, 1, 0, 0, 1, 0, 1, 0, 1, 0, 1, 1], [1, 1, 1, 1, 1, 1, 1, 0, 0, 0, 1, 0, 1, 1, 0, 1, 1, 0, 1, 1, 1, 0, 0, 0, 1], [1, 0, 0, 0, 1, 1, 0, 1, 1, 1, 1, 1, 0, 0, 1, 0, 0, 1, 0, 1, 1, 0, 0, 0, 0], [0, 0, 0, 0, 1, 1, 1, 0, 1, 1, 0, 1, 0, 0, 1, 0, 0, 0, 1, 1, 1, 0, 1, 1, 0], [1, 0, 1, 0, 0, 0, 0, 0, 1, 0, 1, 1, 0, 1, 0, 1, 0, 0, 1, 1, 1, 1, 0, 0, 0], [0, 1, 0, 1, 0, 0, 0, 0, 1, 1, 0, 1, 0, 0, 1, 0, 1, 1, 0, 1, 1, 1, 1, 0, 1], [0, 1, 1, 1, 0, 0, 0, 0, 0, 0, 1, 0, 0, 1, 1, 1, 1, 1, 1, 0, 1, 1, 0, 0, 1], [1, 0, 0, 1, 0, 1, 1, 0, 1, 0, 1, 1, 0, 0, 1, 1, 1, 1, 1, 1, 0, 1, 1, 0, 0], [1, 1, 0, 0, 0, 0, 0, 1, 1, 1, 1, 0, 1, 1, 0, 0, 0, 1, 1, 1, 1, 0, 1, 1, 1], [0, 0, 1, 0, 1, 1, 0, 1, 1, 1, 1, 0, 1, 0, 0, 0, 1, 0, 1, 0, 1, 1, 0, 1, 1], [1, 0, 0, 0, 1, 0, 0, 1, 1, 1, 0, 0, 0, 1, 0, 0, 1, 0, 0, 0, 0, 1, 1, 0, 1], [0, 0, 0, 0, 0, 1, 1, 1, 0, 1, 1, 0, 0, 1, 1, 0, 0, 0, 1, 1, 0, 1, 1, 1, 0]]",12.0,6.0,Y,"{0: 24, 1: 18, 2: 30, 3: 36, 4: 42, 5: 48, 6: 54, 7: 60, 8: 66, 9: 72, 10: 78, 11: 84, 12: 90, 13: 96, 14: 102, 15: 108, 16: 114, 17: 120, 18: 126, 19: 132, 20: 138, 21: 144, 22: 150, 23: 156, 24: 12}","{(0, 1): 10, (0, 4): 2, (0, 5): 1, (0, 8): 1, (0, 9): 1, (0, 11): 1, (0, 12): 1, (0, 13): 1, (0, 14): 1, (0, 15): 1, (0, 17): 1, (0, 20): 1, (0, 21): 1, (0, 23): 1, (1, 2): 1, (1, 6): 1, (1, 7): 1, (1, 10): 1, (1, 14): 1, (1, 18): 1, (1, 19): 1, (1, 21): 1, (2, 10): 22, (2, 11): 1, (2, 12): 1, (2, 13): 1, (2, 14): 1, (2, 17): 1, (2, 19): 1, (2, 22): 1, (3, 4): 28, (3, 5): 1, (3, 6): 1, (3, 8): 1, (3, 9): 1, (3, 14): 1, (3, 18): 1, (3, 19): 1, (3, 20): 1, (4, 6): 2, (4, 7): 1, (4, 10): 1, (4, 11): 1, (4, 12): 1, (4, 13): 1, (4, 14): 1, (4, 15): 1, (4, 16): 1, (4, 22): 1, (4, 23): 1, (5, 6): 36, (5, 7): 1, (5, 8): 1, (5, 9): 1, (5, 10): 1, (5, 14): 1, (5, 15): 1, (5, 16): 1, (5, 20): 1, (5, 22): 1, (5, 24): 1, (6, 8): 7, (6, 9): 1, (6, 12): 1, (6, 13): 1, (6, 14): 1, (6, 16): 1, (6, 20): 1, (6, 24): 1, (7, 9): 1, (7, 13): 1, (7, 15): 1, (7, 21): 1, (7, 22): 1, (7, 23): 51, (7, 24): 1, (8, 9): 1, (8, 11): 1, (8, 13): 1, (8, 15): 1, (8, 16): 1, (8, 17): 1, (8, 18): 1, (8, 20): 1, (8, 21): 1, (8, 22): 46, (8, 23): 1, (9, 11): 1, (9, 15): 1, (9, 16): 59, (9, 18): 1, (9, 21): 1, (9, 22): 1, (9, 23): 1, (9, 24): 1, (10, 11): 44, (10, 12): 1, (10, 14): 1, (10, 15): 1, (10, 17): 1, (10, 19): 1, (10, 20): 1, (10, 21): 1, (10, 22): 1, (10, 24): 1, (11, 15): 1, (11, 16): 9, (11, 17): 1, (11, 18): 23, (11, 20): 1, (12, 14): 83, (12, 21): 1, (12, 22): 1, (13, 14): 1, (13, 17): 74, (13, 19): 1, (13, 21): 1, (13, 23): 12, (13, 24): 1, (14, 15): 1, (14, 16): 1, (14, 18): 1, (14, 19): 5, (14, 20): 1, (14, 24): 1, (15, 17): 1, (15, 19): 97, (15, 20): 1, (16, 18): 37, (16, 19): 1, (16, 20): 1, (16, 22): 1, (16, 23): 1, (17, 18): 37, (17, 19): 1, (17, 20): 1, (17, 21): 1, (18, 19): 20, (18, 20): 1, (18, 21): 1, (18, 22): 1, (18, 24): 1, (19, 20): 1, (19, 21): 1, (19, 24): 1, (20, 21): 124, (20, 22): 1, (21, 22): 7, (21, 23): 1, (21, 24): 1, (22, 23): 86, (22, 24): 1, (23, 24): 1}",4951.000213623047,778.0,75.0,2181.0
28.0,Graph with 25 nodes and 153 edges,"[[0, 1, 0, 0, 1, 1, 0, 0, 1, 1, 0, 1, 1, 1, 1, 1, 0, 1, 0, 0, 1, 1, 0, 1, 0], [1, 0, 1, 0, 0, 0, 1, 1, 0, 0, 1, 0, 0, 0, 1, 0, 0, 0, 1, 1, 0, 1, 0, 0, 0], [0, 1, 0, 0, 0, 0, 0, 0, 0, 0, 1, 1, 1, 1, 1, 0, 0, 1, 0, 1, 0, 0, 1, 0, 0], [0, 0, 0, 0, 1, 1, 1, 0, 1, 1, 0, 0, 0, 0, 1, 0, 0, 0, 1, 1, 1, 0, 0, 0, 0], [1, 0, 0, 1, 0, 0, 1, 1, 0, 0, 1, 1, 1, 1, 1, 1, 1, 0, 0, 0, 0, 0, 1, 1, 0], [1, 0, 0, 1, 0, 0, 1, 1, 1, 1, 1, 0, 0, 0, 1, 1, 1, 0, 0, 0, 1, 0, 1, 0, 1], [0, 1, 0, 1, 1, 1, 0, 0, 1, 1, 0, 0, 1, 1, 1, 0, 1, 0, 0, 0, 1, 0, 0, 0, 1], [0, 1, 0, 0, 1, 1, 0, 0, 0, 1, 0, 0, 0, 1, 0, 1, 0, 0, 0, 0, 0, 1, 1, 1, 1], [1, 0, 0, 1, 0, 1, 1, 0, 0, 1, 0, 1, 0, 1, 0, 1, 1, 1, 1, 0, 1, 1, 1, 1, 0], [1, 0, 0, 1, 0, 1, 1, 1, 1, 0, 0, 1, 0, 0, 0, 1, 1, 0, 1, 0, 0, 1, 1, 1, 1], [0, 1, 1, 0, 1, 1, 0, 0, 0, 0, 0, 1, 1, 0, 1, 1, 0, 1, 0, 1, 1, 1, 1, 0, 1], [1, 0, 1, 0, 1, 0, 0, 0, 1, 1, 1, 0, 0, 0, 0, 1, 1, 1, 1, 0, 1, 0, 0, 0, 0], [1, 0, 1, 0, 1, 0, 1, 0, 0, 0, 1, 0, 0, 0, 1, 0, 0, 0, 0, 0, 0, 1, 1, 0, 0], [1, 0, 1, 0, 1, 0, 1, 1, 1, 0, 0, 0, 0, 0, 1, 0, 0, 1, 0, 1, 0, 1, 0, 1, 1], [1, 1, 1, 1, 1, 1, 1, 0, 0, 0, 1, 0, 1, 1, 0, 1, 1, 0, 1, 1, 1, 0, 0, 0, 1], [1, 0, 0, 0, 1, 1, 0, 1, 1, 1, 1, 1, 0, 0, 1, 0, 0, 1, 0, 1, 1, 0, 0, 0, 0], [0, 0, 0, 0, 1, 1, 1, 0, 1, 1, 0, 1, 0, 0, 1, 0, 0, 0, 1, 1, 1, 0, 1, 1, 0], [1, 0, 1, 0, 0, 0, 0, 0, 1, 0, 1, 1, 0, 1, 0, 1, 0, 0, 1, 1, 1, 1, 0, 0, 0], [0, 1, 0, 1, 0, 0, 0, 0, 1, 1, 0, 1, 0, 0, 1, 0, 1, 1, 0, 1, 1, 1, 1, 0, 1], [0, 1, 1, 1, 0, 0, 0, 0, 0, 0, 1, 0, 0, 1, 1, 1, 1, 1, 1, 0, 1, 1, 0, 0, 1], [1, 0, 0, 1, 0, 1, 1, 0, 1, 0, 1, 1, 0, 0, 1, 1, 1, 1, 1, 1, 0, 1, 1, 0, 0], [1, 1, 0, 0, 0, 0, 0, 1, 1, 1, 1, 0, 1, 1, 0, 0, 0, 1, 1, 1, 1, 0, 1, 1, 1], [0, 0, 1, 0, 1, 1, 0, 1, 1, 1, 1, 0, 1, 0, 0, 0, 1, 0, 1, 0, 1, 1, 0, 1, 1], [1, 0, 0, 0, 1, 0, 0, 1, 1, 1, 0, 0, 0, 1, 0, 0, 1, 0, 0, 0, 0, 1, 1, 0, 1], [0, 0, 0, 0, 0, 1, 1, 1, 0, 1, 1, 0, 0, 1, 1, 0, 0, 0, 1, 1, 0, 1, 1, 1, 0]]",20.0,4.0,Y,"{0: 24, 1: 28, 2: 32, 3: 36, 4: 40, 5: 44, 6: 48, 7: 52, 8: 56, 9: 60, 10: 64, 11: 68, 12: 72, 13: 76, 14: 80, 15: 84, 16: 88, 17: 92, 18: 96, 19: 100, 20: 104, 21: 108, 22: 112, 23: 116, 24: 20}","{(0, 1): 11, (0, 4): 1, (0, 5): 1, (0, 8): 1, (0, 9): 1, (0, 11): 1, (0, 12): 1, (0, 13): 1, (0, 14): 1, (0, 15): 1, (0, 17): 1, (0, 20): 1, (0, 21): 1, (0, 23): 1, (1, 2): 10, (1, 6): 1, (1, 7): 1, (1, 10): 1, (1, 14): 1, (1, 18): 1, (1, 19): 1, (1, 21): 1, (2, 10): 15, (2, 11): 1, (2, 12): 1, (2, 13): 1, (2, 14): 1, (2, 17): 1, (2, 19): 1, (2, 22): 1, (3, 4): 28, (3, 5): 1, (3, 6): 1, (3, 8): 1, (3, 9): 1, (3, 14): 1, (3, 18): 1, (3, 19): 1, (3, 20): 1, (4, 6): 1, (4, 7): 1, (4, 10): 1, (4, 11): 1, (4, 12): 1, (4, 13): 1, (4, 14): 1, (4, 15): 1, (4, 16): 1, (4, 22): 1, (4, 23): 1, (5, 6): 32, (5, 7): 1, (5, 8): 1, (5, 9): 1, (5, 10): 1, (5, 14): 1, (5, 15): 1, (5, 16): 1, (5, 20): 1, (5, 22): 1, (5, 24): 1, (6, 8): 6, (6, 9): 1, (6, 12): 1, (6, 13): 1, (6, 14): 1, (6, 16): 1, (6, 20): 1, (6, 24): 1, (7, 9): 43, (7, 13): 1, (7, 15): 1, (7, 21): 1, (7, 22): 1, (7, 23): 1, (7, 24): 1, (8, 9): 1, (8, 11): 1, (8, 13): 1, (8, 15): 1, (8, 16): 1, (8, 17): 1, (8, 18): 1, (8, 20): 1, (8, 21): 1, (8, 22): 37, (8, 23): 1, (9, 11): 5, (9, 15): 1, (9, 16): 1, (9, 18): 1, (9, 21): 1, (9, 22): 1, (9, 23): 1, (9, 24): 1, (10, 11): 1, (10, 12): 33, (10, 14): 1, (10, 15): 5, (10, 17): 1, (10, 19): 1, (10, 20): 1, (10, 21): 1, (10, 22): 1, (10, 24): 1, (11, 15): 33, (11, 16): 1, (11, 17): 1, (11, 18): 9, (11, 20): 14, (12, 14): 1, (12, 21): 1, (12, 22): 33, (13, 14): 1, (13, 17): 1, (13, 19): 1, (13, 21): 19, (13, 23): 47, (13, 24): 1, (14, 15): 1, (14, 16): 17, (14, 18): 1, (14, 19): 49, (14, 20): 1, (14, 24): 1, (15, 17): 14, (15, 19): 24, (15, 20): 1, (16, 18): 1, (16, 19): 1, (16, 20): 1, (16, 22): 1, (16, 23): 61, (17, 18): 53, (17, 19): 9, (17, 20): 9, (17, 21): 1, (18, 19): 1, (18, 20): 10, (18, 21): 1, (18, 22): 15, (18, 24): 1, (19, 20): 1, (19, 21): 1, (19, 24): 9, (20, 21): 60, (20, 22): 1, (21, 22): 17, (21, 23): 1, (21, 24): 1, (22, 23): 1, (22, 24): 1, (23, 24): 1}",5033.969879150391,778.0,75.0,2181.0
28.0,Graph with 25 nodes and 153 edges,"[[0, 1, 0, 0, 1, 1, 0, 0, 1, 1, 0, 1, 1, 1, 1, 1, 0, 1, 0, 0, 1, 1, 0, 1, 0], [1, 0, 1, 0, 0, 0, 1, 1, 0, 0, 1, 0, 0, 0, 1, 0, 0, 0, 1, 1, 0, 1, 0, 0, 0], [0, 1, 0, 0, 0, 0, 0, 0, 0, 0, 1, 1, 1, 1, 1, 0, 0, 1, 0, 1, 0, 0, 1, 0, 0], [0, 0, 0, 0, 1, 1, 1, 0, 1, 1, 0, 0, 0, 0, 1, 0, 0, 0, 1, 1, 1, 0, 0, 0, 0], [1, 0, 0, 1, 0, 0, 1, 1, 0, 0, 1, 1, 1, 1, 1, 1, 1, 0, 0, 0, 0, 0, 1, 1, 0], [1, 0, 0, 1, 0, 0, 1, 1, 1, 1, 1, 0, 0, 0, 1, 1, 1, 0, 0, 0, 1, 0, 1, 0, 1], [0, 1, 0, 1, 1, 1, 0, 0, 1, 1, 0, 0, 1, 1, 1, 0, 1, 0, 0, 0, 1, 0, 0, 0, 1], [0, 1, 0, 0, 1, 1, 0, 0, 0, 1, 0, 0, 0, 1, 0, 1, 0, 0, 0, 0, 0, 1, 1, 1, 1], [1, 0, 0, 1, 0, 1, 1, 0, 0, 1, 0, 1, 0, 1, 0, 1, 1, 1, 1, 0, 1, 1, 1, 1, 0], [1, 0, 0, 1, 0, 1, 1, 1, 1, 0, 0, 1, 0, 0, 0, 1, 1, 0, 1, 0, 0, 1, 1, 1, 1], [0, 1, 1, 0, 1, 1, 0, 0, 0, 0, 0, 1, 1, 0, 1, 1, 0, 1, 0, 1, 1, 1, 1, 0, 1], [1, 0, 1, 0, 1, 0, 0, 0, 1, 1, 1, 0, 0, 0, 0, 1, 1, 1, 1, 0, 1, 0, 0, 0, 0], [1, 0, 1, 0, 1, 0, 1, 0, 0, 0, 1, 0, 0, 0, 1, 0, 0, 0, 0, 0, 0, 1, 1, 0, 0], [1, 0, 1, 0, 1, 0, 1, 1, 1, 0, 0, 0, 0, 0, 1, 0, 0, 1, 0, 1, 0, 1, 0, 1, 1], [1, 1, 1, 1, 1, 1, 1, 0, 0, 0, 1, 0, 1, 1, 0, 1, 1, 0, 1, 1, 1, 0, 0, 0, 1], [1, 0, 0, 0, 1, 1, 0, 1, 1, 1, 1, 1, 0, 0, 1, 0, 0, 1, 0, 1, 1, 0, 0, 0, 0], [0, 0, 0, 0, 1, 1, 1, 0, 1, 1, 0, 1, 0, 0, 1, 0, 0, 0, 1, 1, 1, 0, 1, 1, 0], [1, 0, 1, 0, 0, 0, 0, 0, 1, 0, 1, 1, 0, 1, 0, 1, 0, 0, 1, 1, 1, 1, 0, 0, 0], [0, 1, 0, 1, 0, 0, 0, 0, 1, 1, 0, 1, 0, 0, 1, 0, 1, 1, 0, 1, 1, 1, 1, 0, 1], [0, 1, 1, 1, 0, 0, 0, 0, 0, 0, 1, 0, 0, 1, 1, 1, 1, 1, 1, 0, 1, 1, 0, 0, 1], [1, 0, 0, 1, 0, 1, 1, 0, 1, 0, 1, 1, 0, 0, 1, 1, 1, 1, 1, 1, 0, 1, 1, 0, 0], [1, 1, 0, 0, 0, 0, 0, 1, 1, 1, 1, 0, 1, 1, 0, 0, 0, 1, 1, 1, 1, 0, 1, 1, 1], [0, 0, 1, 0, 1, 1, 0, 1, 1, 1, 1, 0, 1, 0, 0, 0, 1, 0, 1, 0, 1, 1, 0, 1, 1], [1, 0, 0, 0, 1, 0, 0, 1, 1, 1, 0, 0, 0, 1, 0, 0, 1, 0, 0, 0, 0, 1, 1, 0, 1], [0, 0, 0, 0, 0, 1, 1, 1, 0, 1, 1, 0, 0, 1, 1, 0, 0, 0, 1, 1, 0, 1, 1, 1, 0]]",22.0,5.0,Y,"{0: 27, 1: 32, 2: 37, 3: 42, 4: 47, 5: 52, 6: 57, 7: 62, 8: 67, 9: 72, 10: 77, 11: 82, 12: 87, 13: 92, 14: 97, 15: 102, 16: 107, 17: 112, 18: 117, 19: 122, 20: 127, 21: 132, 22: 137, 23: 142, 24: 22}","{(0, 1): 14, (0, 4): 1, (0, 5): 1, (0, 8): 1, (0, 9): 1, (0, 11): 1, (0, 12): 1, (0, 13): 1, (0, 14): 1, (0, 15): 1, (0, 17): 1, (0, 20): 1, (0, 21): 1, (0, 23): 1, (1, 2): 11, (1, 6): 1, (1, 7): 1, (1, 10): 1, (1, 14): 1, (1, 18): 1, (1, 19): 1, (1, 21): 1, (2, 10): 19, (2, 11): 1, (2, 12): 1, (2, 13): 1, (2, 14): 1, (2, 17): 1, (2, 19): 1, (2, 22): 1, (3, 4): 34, (3, 5): 1, (3, 6): 1, (3, 8): 1, (3, 9): 1, (3, 14): 1, (3, 18): 1, (3, 19): 1, (3, 20): 1, (4, 6): 2, (4, 7): 1, (4, 10): 1, (4, 11): 1, (4, 12): 1, (4, 13): 1, (4, 14): 1, (4, 15): 1, (4, 16): 1, (4, 22): 1, (4, 23): 1, (5, 6): 40, (5, 7): 1, (5, 8): 1, (5, 9): 1, (5, 10): 1, (5, 14): 1, (5, 15): 1, (5, 16): 1, (5, 20): 1, (5, 22): 1, (5, 24): 1, (6, 8): 6, (6, 9): 1, (6, 12): 1, (6, 13): 1, (6, 14): 1, (6, 16): 1, (6, 20): 1, (6, 24): 1, (7, 9): 53, (7, 13): 1, (7, 15): 1, (7, 21): 1, (7, 22): 1, (7, 23): 1, (7, 24): 1, (8, 9): 1, (8, 11): 1, (8, 13): 1, (8, 15): 1, (8, 16): 1, (8, 17): 1, (8, 18): 1, (8, 20): 1, (8, 21): 1, (8, 22): 48, (8, 23): 1, (9, 11): 7, (9, 15): 1, (9, 16): 1, (9, 18): 1, (9, 21): 1, (9, 22): 1, (9, 23): 1, (9, 24): 1, (10, 11): 1, (10, 12): 42, (10, 14): 1, (10, 15): 5, (10, 17): 1, (10, 19): 1, (10, 20): 1, (10, 21): 1, (10, 22): 1, (10, 24): 1, (11, 15): 41, (11, 16): 1, (11, 17): 1, (11, 18): 11, (11, 20): 16, (12, 14): 1, (12, 21): 1, (12, 22): 39, (13, 14): 1, (13, 17): 1, (13, 19): 1, (13, 21): 24, (13, 23): 58, (13, 24): 1, (14, 15): 1, (14, 16): 21, (14, 18): 1, (14, 19): 62, (14, 20): 1, (14, 24): 1, (15, 17): 19, (15, 19): 29, (15, 20): 1, (16, 18): 1, (16, 19): 1, (16, 20): 1, (16, 22): 1, (16, 23): 76, (17, 18): 64, (17, 19): 11, (17, 20): 11, (17, 21): 1, (18, 19): 1, (18, 20): 14, (18, 21): 1, (18, 22): 19, (18, 24): 1, (19, 20): 1, (19, 21): 1, (19, 24): 11, (20, 21): 75, (20, 22): 1, (21, 22): 21, (21, 23): 1, (21, 24): 1, (22, 23): 1, (22, 24): 1, (23, 24): 1}",4912.853240966797,778.0,75.0,2181.0
29.0,Graph with 25 nodes and 149 edges,"[[0, 1, 0, 0, 1, 1, 1, 0, 0, 0, 1, 0, 1, 1, 0, 1, 0, 0, 1, 1, 1, 0, 0, 1, 0], [1, 0, 0, 1, 0, 1, 0, 0, 0, 0, 0, 1, 1, 1, 0, 0, 0, 0, 0, 1, 0, 0, 1, 1, 0], [0, 0, 0, 0, 0, 1, 0, 1, 1, 0, 1, 1, 1, 1, 1, 1, 1, 0, 1, 1, 1, 1, 1, 1, 0], [0, 1, 0, 0, 1, 1, 0, 0, 1, 1, 0, 0, 0, 1, 0, 1, 1, 0, 1, 1, 0, 1, 1, 1, 0], [1, 0, 0, 1, 0, 0, 1, 0, 1, 0, 0, 0, 0, 1, 0, 0, 1, 0, 0, 0, 0, 1, 1, 0, 0], [1, 1, 1, 1, 0, 0, 0, 0, 0, 0, 0, 1, 0, 0, 0, 1, 0, 1, 1, 1, 1, 0, 0, 1, 1], [1, 0, 0, 0, 1, 0, 0, 0, 0, 0, 0, 0, 1, 1, 1, 0, 1, 1, 1, 1, 1, 0, 0, 1, 1], [0, 0, 1, 0, 0, 0, 0, 0, 0, 1, 0, 0, 0, 1, 0, 1, 1, 0, 1, 0, 0, 1, 0, 1, 0], [0, 0, 1, 1, 1, 0, 0, 0, 0, 0, 1, 1, 1, 0, 0, 1, 0, 0, 1, 1, 0, 1, 0, 0, 1], [0, 0, 0, 1, 0, 0, 0, 1, 0, 0, 0, 0, 1, 1, 1, 0, 1, 0, 0, 1, 0, 0, 0, 1, 1], [1, 0, 1, 0, 0, 0, 0, 0, 1, 0, 0, 1, 0, 1, 1, 1, 0, 1, 1, 0, 0, 1, 0, 1, 0], [0, 1, 1, 0, 0, 1, 0, 0, 1, 0, 1, 0, 0, 1, 1, 1, 1, 0, 1, 0, 1, 1, 1, 0, 1], [1, 1, 1, 0, 0, 0, 1, 0, 1, 1, 0, 0, 0, 1, 0, 1, 0, 0, 1, 1, 1, 1, 0, 1, 1], [1, 1, 1, 1, 1, 0, 1, 1, 0, 1, 1, 1, 1, 0, 0, 1, 1, 0, 0, 0, 1, 1, 0, 1, 1], [0, 0, 1, 0, 0, 0, 1, 0, 0, 1, 1, 1, 0, 0, 0, 1, 0, 0, 0, 1, 0, 0, 0, 0, 1], [1, 0, 1, 1, 0, 1, 0, 1, 1, 0, 1, 1, 1, 1, 1, 0, 1, 0, 1, 1, 0, 1, 0, 1, 0], [0, 0, 1, 1, 1, 0, 1, 1, 0, 1, 0, 1, 0, 1, 0, 1, 0, 0, 0, 1, 0, 1, 0, 0, 0], [0, 0, 0, 0, 0, 1, 1, 0, 0, 0, 1, 0, 0, 0, 0, 0, 0, 0, 1, 0, 0, 1, 0, 0, 0], [1, 0, 1, 1, 0, 1, 1, 1, 1, 0, 1, 1, 1, 0, 0, 1, 0, 1, 0, 1, 1, 0, 1, 0, 0], [1, 1, 1, 1, 0, 1, 1, 0, 1, 1, 0, 0, 1, 0, 1, 1, 1, 0, 1, 0, 0, 1, 1, 1, 0], [1, 0, 1, 0, 0, 1, 1, 0, 0, 0, 0, 1, 1, 1, 0, 0, 0, 0, 1, 0, 0, 1, 1, 0, 1], [0, 0, 1, 1, 1, 0, 0, 1, 1, 0, 1, 1, 1, 1, 0, 1, 1, 1, 0, 1, 1, 0, 0, 0, 1], [0, 1, 1, 1, 1, 0, 0, 0, 0, 0, 0, 1, 0, 0, 0, 0, 0, 0, 1, 1, 1, 0, 0, 1, 1], [1, 1, 1, 1, 0, 1, 1, 1, 0, 1, 1, 0, 1, 1, 0, 1, 0, 0, 0, 1, 0, 0, 1, 0, 0], [0, 0, 0, 0, 0, 1, 1, 0, 1, 1, 0, 1, 1, 1, 1, 0, 0, 0, 0, 0, 1, 1, 1, 0, 0]]",20.0,2.0,Y,"{0: 22, 1: 24, 2: 26, 3: 28, 4: 30, 5: 32, 6: 34, 7: 36, 8: 38, 9: 40, 10: 42, 11: 44, 12: 46, 13: 48, 14: 50, 15: 52, 16: 54, 17: 56, 18: 58, 19: 60, 20: 62, 21: 64, 22: 66, 23: 68, 24: 20}","{(0, 1): 11, (0, 4): 1, (0, 5): 1, (0, 6): 1, (0, 10): 1, (0, 12): 1, (0, 13): 1, (0, 15): 1, (0, 18): 1, (0, 19): 1, (0, 20): 1, (0, 23): 1, (1, 3): 6, (1, 5): 1, (1, 11): 1, (1, 12): 1, (1, 13): 1, (1, 19): 1, (1, 22): 1, (1, 23): 1, (2, 5): 11, (2, 7): 1, (2, 8): 1, (2, 10): 1, (2, 11): 1, (2, 12): 1, (2, 13): 1, (2, 14): 1, (2, 15): 1, (2, 16): 1, (2, 18): 1, (2, 19): 1, (2, 20): 1, (2, 21): 1, (2, 22): 1, (2, 23): 1, (3, 4): 11, (3, 5): 1, (3, 8): 1, (3, 9): 1, (3, 13): 1, (3, 15): 1, (3, 16): 1, (3, 18): 1, (3, 19): 1, (3, 21): 1, (3, 22): 1, (3, 23): 1, (4, 6): 13, (4, 8): 1, (4, 13): 1, (4, 16): 1, (4, 21): 1, (4, 22): 1, (5, 11): 11, (5, 15): 1, (5, 17): 1, (5, 18): 1, (5, 19): 1, (5, 20): 1, (5, 23): 1, (5, 24): 1, (6, 12): 11, (6, 13): 1, (6, 14): 1, (6, 16): 1, (6, 17): 1, (6, 18): 1, (6, 19): 1, (6, 20): 1, (6, 23): 1, (6, 24): 1, (7, 9): 1, (7, 13): 1, (7, 15): 1, (7, 16): 1, (7, 18): 1, (7, 21): 1, (7, 23): 29, (8, 10): 1, (8, 11): 1, (8, 12): 1, (8, 15): 1, (8, 18): 25, (8, 19): 4, (8, 21): 1, (8, 24): 1, (9, 12): 1, (9, 13): 1, (9, 14): 32, (9, 16): 1, (9, 19): 1, (9, 23): 1, (9, 24): 1, (10, 11): 1, (10, 13): 1, (10, 14): 1, (10, 15): 1, (10, 17): 32, (10, 18): 1, (10, 21): 1, (10, 23): 1, (11, 13): 1, (11, 14): 1, (11, 15): 1, (11, 16): 21, (11, 18): 1, (11, 20): 1, (11, 21): 1, (11, 22): 1, (11, 24): 1, (12, 13): 1, (12, 15): 1, (12, 18): 1, (12, 19): 1, (12, 20): 1, (12, 21): 1, (12, 23): 23, (12, 24): 1, (13, 15): 1, (13, 16): 1, (13, 20): 1, (13, 21): 32, (13, 23): 1, (13, 24): 1, (14, 15): 1, (14, 19): 8, (14, 24): 5, (15, 16): 7, (15, 18): 1, (15, 19): 31, (15, 21): 1, (15, 23): 1, (16, 19): 1, (16, 21): 18, (17, 18): 20, (17, 21): 2, (18, 19): 1, (18, 20): 1, (18, 22): 1, (19, 21): 1, (19, 22): 1, (19, 23): 5, (20, 21): 1, (20, 22): 52, (20, 24): 1, (21, 24): 1, (22, 23): 1, (22, 24): 6}",4720.211029052734,774.0,75.0,2173.0
30.0,Graph with 25 nodes and 139 edges,"[[0, 1, 1, 0, 1, 1, 0, 1, 1, 0, 0, 0, 0, 0, 1, 0, 0, 0, 0, 1, 0, 1, 0, 0, 1], [1, 0, 1, 1, 1, 0, 1, 0, 0, 1, 1, 0, 0, 1, 1, 1, 1, 0, 1, 1, 0, 1, 0, 1, 0], [1, 1, 0, 0, 0, 0, 0, 0, 1, 0, 0, 0, 1, 1, 0, 0, 0, 1, 1, 1, 1, 1, 1, 1, 1], [0, 1, 0, 0, 1, 0, 0, 0, 1, 1, 1, 1, 1, 1, 0, 1, 0, 1, 0, 1, 0, 0, 1, 0, 0], [1, 1, 0, 1, 0, 1, 1, 1, 1, 0, 0, 0, 1, 0, 0, 0, 1, 1, 0, 0, 1, 0, 0, 0, 1], [1, 0, 0, 0, 1, 0, 0, 0, 0, 0, 0, 0, 1, 0, 0, 1, 0, 0, 1, 1, 1, 1, 0, 0, 1], [0, 1, 0, 0, 1, 0, 0, 0, 0, 0, 0, 0, 0, 1, 1, 0, 0, 0, 0, 0, 0, 0, 1, 0, 0], [1, 0, 0, 0, 1, 0, 0, 0, 0, 0, 1, 1, 1, 1, 0, 1, 0, 0, 1, 0, 1, 0, 1, 1, 0], [1, 0, 1, 1, 1, 0, 0, 0, 0, 1, 1, 1, 1, 0, 0, 0, 0, 1, 0, 1, 1, 1, 0, 1, 1], [0, 1, 0, 1, 0, 0, 0, 0, 1, 0, 0, 0, 1, 1, 0, 0, 1, 0, 0, 1, 0, 0, 1, 1, 1], [0, 1, 0, 1, 0, 0, 0, 1, 1, 0, 0, 0, 0, 1, 0, 0, 0, 1, 1, 0, 0, 0, 1, 0, 0], [0, 0, 0, 1, 0, 0, 0, 1, 1, 0, 0, 0, 0, 0, 1, 1, 1, 0, 0, 1, 0, 1, 1, 1, 1], [0, 0, 1, 1, 1, 1, 0, 1, 1, 1, 0, 0, 0, 0, 1, 0, 1, 0, 0, 1, 0, 1, 0, 1, 1], [0, 1, 1, 1, 0, 0, 1, 1, 0, 1, 1, 0, 0, 0, 0, 0, 0, 0, 1, 1, 0, 0, 1, 0, 1], [1, 1, 0, 0, 0, 0, 1, 0, 0, 0, 0, 1, 1, 0, 0, 0, 1, 0, 0, 0, 0, 0, 0, 0, 0], [0, 1, 0, 1, 0, 1, 0, 1, 0, 0, 0, 1, 0, 0, 0, 0, 1, 1, 0, 1, 1, 0, 0, 1, 0], [0, 1, 0, 0, 1, 0, 0, 0, 0, 1, 0, 1, 1, 0, 1, 1, 0, 0, 1, 1, 0, 1, 0, 1, 1], [0, 0, 1, 1, 1, 0, 0, 0, 1, 0, 1, 0, 0, 0, 0, 1, 0, 0, 0, 0, 1, 1, 1, 0, 1], [0, 1, 1, 0, 0, 1, 0, 1, 0, 0, 1, 0, 0, 1, 0, 0, 1, 0, 0, 0, 1, 1, 0, 1, 0], [1, 1, 1, 1, 0, 1, 0, 0, 1, 1, 0, 1, 1, 1, 0, 1, 1, 0, 0, 0, 1, 0, 1, 1, 0], [0, 0, 1, 0, 1, 1, 0, 1, 1, 0, 0, 0, 0, 0, 0, 1, 0, 1, 1, 1, 0, 0, 1, 0, 1], [1, 1, 1, 0, 0, 1, 0, 0, 1, 0, 0, 1, 1, 0, 0, 0, 1, 1, 1, 0, 0, 0, 1, 0, 0], [0, 0, 1, 1, 0, 0, 1, 1, 0, 1, 1, 1, 0, 1, 0, 0, 0, 1, 0, 1, 1, 1, 0, 1, 0], [0, 1, 1, 0, 0, 0, 0, 1, 1, 1, 0, 1, 1, 0, 0, 1, 1, 0, 1, 1, 0, 0, 1, 0, 1], [1, 0, 1, 0, 1, 1, 0, 0, 1, 1, 0, 1, 1, 1, 0, 0, 1, 1, 0, 0, 1, 0, 0, 1, 0]]",8.0,3.0,Y,"{0: 14, 1: 20, 2: 17, 3: 23, 4: 26, 5: 29, 6: 11, 7: 32, 8: 35, 9: 38, 10: 41, 11: 44, 12: 47, 13: 50, 14: 8, 15: 53, 16: 56, 17: 59, 18: 62, 19: 65, 20: 68, 21: 71, 22: 74, 23: 77, 24: 80}","{(0, 1): 5, (0, 2): 1, (0, 4): 1, (0, 5): 1, (0, 7): 1, (0, 8): 1, (0, 14): 1, (0, 19): 1, (0, 21): 1, (0, 24): 1, (1, 2): 2, (1, 3): 1, (1, 4): 1, (1, 6): 1, (1, 9): 1, (1, 10): 1, (1, 13): 1, (1, 14): 1, (1, 15): 1, (1, 16): 1, (1, 18): 1, (1, 19): 1, (1, 21): 1, (1, 23): 1, (2, 8): 4, (2, 12): 1, (2, 13): 1, (2, 17): 1, (2, 18): 1, (2, 19): 1, (2, 20): 1, (2, 21): 1, (2, 22): 1, (2, 23): 1, (2, 24): 1, (3, 4): 12, (3, 8): 1, (3, 9): 1, (3, 10): 1, (3, 11): 1, (3, 12): 1, (3, 13): 1, (3, 15): 1, (3, 17): 1, (3, 19): 1, (3, 22): 1, (4, 5): 4, (4, 6): 1, (4, 7): 1, (4, 8): 1, (4, 12): 1, (4, 16): 1, (4, 17): 1, (4, 20): 1, (4, 24): 1, (5, 12): 18, (5, 15): 1, (5, 18): 1, (5, 19): 1, (5, 20): 1, (5, 21): 1, (5, 24): 1, (6, 13): 7, (6, 14): 1, (6, 22): 1, (7, 10): 22, (7, 11): 1, (7, 12): 1, (7, 13): 1, (7, 15): 1, (7, 18): 1, (7, 20): 1, (7, 22): 1, (7, 23): 1, (8, 9): 1, (8, 10): 1, (8, 11): 1, (8, 12): 1, (8, 17): 1, (8, 19): 1, (8, 20): 1, (8, 21): 19, (8, 23): 1, (8, 24): 1, (9, 12): 1, (9, 13): 1, (9, 16): 1, (9, 19): 1, (9, 22): 1, (9, 23): 1, (9, 24): 29, (10, 13): 1, (10, 17): 1, (10, 18): 1, (10, 22): 13, (11, 14): 1, (11, 15): 1, (11, 16): 1, (11, 19): 1, (11, 21): 1, (11, 22): 34, (11, 23): 1, (11, 24): 1, (12, 14): 1, (12, 16): 1, (12, 19): 1, (12, 21): 5, (12, 23): 1, (12, 24): 14, (13, 18): 30, (13, 19): 1, (13, 22): 1, (13, 24): 5, (14, 16): 3, (15, 16): 1, (15, 17): 44, (15, 19): 1, (15, 20): 1, (15, 23): 1, (16, 18): 1, (16, 19): 1, (16, 21): 1, (16, 23): 43, (16, 24): 1, (17, 20): 1, (17, 21): 7, (17, 22): 1, (17, 24): 1, (18, 20): 8, (18, 21): 17, (18, 23): 1, (19, 20): 51, (19, 22): 1, (19, 23): 1, (20, 22): 1, (20, 24): 1, (21, 22): 17, (22, 23): 1, (23, 24): 23}",4688.97819519043,764.0,75.0,2153.0
30.0,Graph with 25 nodes and 139 edges,"[[0, 1, 1, 0, 1, 1, 0, 1, 1, 0, 0, 0, 0, 0, 1, 0, 0, 0, 0, 1, 0, 1, 0, 0, 1], [1, 0, 1, 1, 1, 0, 1, 0, 0, 1, 1, 0, 0, 1, 1, 1, 1, 0, 1, 1, 0, 1, 0, 1, 0], [1, 1, 0, 0, 0, 0, 0, 0, 1, 0, 0, 0, 1, 1, 0, 0, 0, 1, 1, 1, 1, 1, 1, 1, 1], [0, 1, 0, 0, 1, 0, 0, 0, 1, 1, 1, 1, 1, 1, 0, 1, 0, 1, 0, 1, 0, 0, 1, 0, 0], [1, 1, 0, 1, 0, 1, 1, 1, 1, 0, 0, 0, 1, 0, 0, 0, 1, 1, 0, 0, 1, 0, 0, 0, 1], [1, 0, 0, 0, 1, 0, 0, 0, 0, 0, 0, 0, 1, 0, 0, 1, 0, 0, 1, 1, 1, 1, 0, 0, 1], [0, 1, 0, 0, 1, 0, 0, 0, 0, 0, 0, 0, 0, 1, 1, 0, 0, 0, 0, 0, 0, 0, 1, 0, 0], [1, 0, 0, 0, 1, 0, 0, 0, 0, 0, 1, 1, 1, 1, 0, 1, 0, 0, 1, 0, 1, 0, 1, 1, 0], [1, 0, 1, 1, 1, 0, 0, 0, 0, 1, 1, 1, 1, 0, 0, 0, 0, 1, 0, 1, 1, 1, 0, 1, 1], [0, 1, 0, 1, 0, 0, 0, 0, 1, 0, 0, 0, 1, 1, 0, 0, 1, 0, 0, 1, 0, 0, 1, 1, 1], [0, 1, 0, 1, 0, 0, 0, 1, 1, 0, 0, 0, 0, 1, 0, 0, 0, 1, 1, 0, 0, 0, 1, 0, 0], [0, 0, 0, 1, 0, 0, 0, 1, 1, 0, 0, 0, 0, 0, 1, 1, 1, 0, 0, 1, 0, 1, 1, 1, 1], [0, 0, 1, 1, 1, 1, 0, 1, 1, 1, 0, 0, 0, 0, 1, 0, 1, 0, 0, 1, 0, 1, 0, 1, 1], [0, 1, 1, 1, 0, 0, 1, 1, 0, 1, 1, 0, 0, 0, 0, 0, 0, 0, 1, 1, 0, 0, 1, 0, 1], [1, 1, 0, 0, 0, 0, 1, 0, 0, 0, 0, 1, 1, 0, 0, 0, 1, 0, 0, 0, 0, 0, 0, 0, 0], [0, 1, 0, 1, 0, 1, 0, 1, 0, 0, 0, 1, 0, 0, 0, 0, 1, 1, 0, 1, 1, 0, 0, 1, 0], [0, 1, 0, 0, 1, 0, 0, 0, 0, 1, 0, 1, 1, 0, 1, 1, 0, 0, 1, 1, 0, 1, 0, 1, 1], [0, 0, 1, 1, 1, 0, 0, 0, 1, 0, 1, 0, 0, 0, 0, 1, 0, 0, 0, 0, 1, 1, 1, 0, 1], [0, 1, 1, 0, 0, 1, 0, 1, 0, 0, 1, 0, 0, 1, 0, 0, 1, 0, 0, 0, 1, 1, 0, 1, 0], [1, 1, 1, 1, 0, 1, 0, 0, 1, 1, 0, 1, 1, 1, 0, 1, 1, 0, 0, 0, 1, 0, 1, 1, 0], [0, 0, 1, 0, 1, 1, 0, 1, 1, 0, 0, 0, 0, 0, 0, 1, 0, 1, 1, 1, 0, 0, 1, 0, 1], [1, 1, 1, 0, 0, 1, 0, 0, 1, 0, 0, 1, 1, 0, 0, 0, 1, 1, 1, 0, 0, 0, 1, 0, 0], [0, 0, 1, 1, 0, 0, 1, 1, 0, 1, 1, 1, 0, 1, 0, 0, 0, 1, 0, 1, 1, 1, 0, 1, 0], [0, 1, 1, 0, 0, 0, 0, 1, 1, 1, 0, 1, 1, 0, 0, 1, 1, 0, 1, 1, 0, 0, 1, 0, 1], [1, 0, 1, 0, 1, 1, 0, 0, 1, 1, 0, 1, 1, 1, 0, 0, 1, 1, 0, 0, 1, 0, 0, 1, 0]]",10.0,9.0,Y,"{0: 19, 1: 28, 2: 37, 3: 46, 4: 55, 5: 64, 6: 73, 7: 82, 8: 91, 9: 100, 10: 109, 11: 118, 12: 127, 13: 136, 14: 145, 15: 154, 16: 163, 17: 172, 18: 10, 19: 181, 20: 190, 21: 199, 22: 208, 23: 217, 24: 226}","{(0, 1): 10, (0, 2): 1, (0, 4): 1, (0, 5): 1, (0, 7): 1, (0, 8): 1, (0, 14): 1, (0, 19): 1, (0, 21): 1, (0, 24): 1, (1, 2): 5, (1, 3): 1, (1, 4): 1, (1, 6): 1, (1, 9): 1, (1, 10): 1, (1, 13): 1, (1, 14): 1, (1, 15): 1, (1, 16): 1, (1, 18): 1, (1, 19): 1, (1, 21): 1, (1, 23): 1, (2, 8): 21, (2, 12): 1, (2, 13): 1, (2, 17): 1, (2, 18): 1, (2, 19): 1, (2, 20): 1, (2, 21): 1, (2, 22): 1, (2, 23): 1, (2, 24): 1, (3, 4): 35, (3, 8): 1, (3, 9): 1, (3, 10): 1, (3, 11): 1, (3, 12): 1, (3, 13): 1, (3, 15): 1, (3, 17): 1, (3, 19): 1, (3, 22): 1, (4, 5): 10, (4, 6): 1, (4, 7): 1, (4, 8): 1, (4, 12): 1, (4, 16): 1, (4, 17): 1, (4, 20): 1, (4, 24): 1, (5, 12): 47, (5, 15): 1, (5, 18): 1, (5, 19): 1, (5, 20): 1, (5, 21): 1, (5, 24): 1, (6, 13): 1, (6, 14): 69, (6, 22): 1, (7, 10): 1, (7, 11): 1, (7, 12): 1, (7, 13): 13, (7, 15): 13, (7, 18): 1, (7, 20): 48, (7, 22): 1, (7, 23): 1, (8, 9): 1, (8, 10): 32, (8, 11): 1, (8, 12): 1, (8, 17): 1, (8, 19): 1, (8, 20): 1, (8, 21): 27, (8, 23): 1, (8, 24): 1, (9, 12): 1, (9, 13): 1, (9, 16): 1, (9, 19): 1, (9, 22): 1, (9, 23): 1, (9, 24): 91, (10, 13): 44, (10, 17): 1, (10, 18): 1, (10, 22): 28, (11, 14): 72, (11, 15): 1, (11, 16): 1, (11, 19): 1, (11, 21): 1, (11, 22): 1, (11, 23): 37, (11, 24): 1, (12, 14): 1, (12, 16): 1, (12, 19): 1, (12, 21): 1, (12, 23): 1, (12, 24): 69, (13, 18): 1, (13, 19): 16, (13, 22): 1, (13, 24): 56, (14, 16): 1, (15, 16): 1, (15, 17): 1, (15, 19): 1, (15, 20): 133, (15, 23): 1, (16, 18): 1, (16, 19): 152, (16, 21): 1, (16, 23): 1, (16, 24): 1, (17, 20): 1, (17, 21): 163, (17, 22): 1, (17, 24): 1, (18, 20): 1, (18, 21): 1, (18, 23): 1, (19, 20): 1, (19, 22): 1, (19, 23): 1, (20, 22): 1, (20, 24): 1, (21, 22): 1, (22, 23): 169, (23, 24): 1}",4864.931106567383,764.0,75.0,2153.0
31.0,Graph with 25 nodes and 138 edges,"[[0, 0, 0, 0, 1, 1, 1, 1, 0, 0, 0, 0, 1, 0, 0, 1, 0, 1, 0, 1, 1, 1, 0, 1, 0], [0, 0, 1, 0, 0, 1, 0, 1, 0, 0, 0, 0, 0, 1, 0, 0, 0, 0, 1, 0, 0, 0, 0, 1, 1], [0, 1, 0, 0, 1, 1, 1, 1, 0, 1, 1, 1, 1, 0, 1, 0, 0, 0, 0, 0, 0, 1, 1, 0, 0], [0, 0, 0, 0, 1, 0, 1, 0, 0, 0, 0, 0, 1, 1, 1, 1, 1, 0, 0, 1, 1, 0, 1, 0, 1], [1, 0, 1, 1, 0, 1, 0, 0, 0, 1, 0, 0, 0, 0, 0, 0, 1, 1, 1, 1, 1, 1, 1, 0, 1], [1, 1, 1, 0, 1, 0, 1, 0, 0, 0, 0, 1, 1, 1, 0, 0, 1, 1, 0, 0, 0, 1, 0, 0, 0], [1, 0, 1, 1, 0, 1, 0, 1, 0, 1, 0, 1, 1, 0, 0, 0, 1, 0, 0, 1, 0, 1, 0, 1, 0], [1, 1, 1, 0, 0, 0, 1, 0, 0, 1, 0, 0, 1, 0, 0, 1, 1, 1, 0, 1, 1, 0, 1, 0, 1], [0, 0, 0, 0, 0, 0, 0, 0, 0, 1, 0, 1, 0, 1, 1, 0, 1, 0, 0, 1, 0, 1, 0, 0, 0], [0, 0, 1, 0, 1, 0, 1, 1, 1, 0, 0, 0, 0, 1, 1, 1, 0, 0, 1, 1, 1, 0, 1, 0, 0], [0, 0, 1, 0, 0, 0, 0, 0, 0, 0, 0, 0, 1, 1, 1, 1, 1, 0, 1, 0, 1, 1, 0, 0, 1], [0, 0, 1, 0, 0, 1, 1, 0, 1, 0, 0, 0, 1, 1, 0, 1, 0, 0, 1, 0, 1, 1, 0, 0, 1], [1, 0, 1, 1, 0, 1, 1, 1, 0, 0, 1, 1, 0, 0, 0, 1, 1, 0, 0, 0, 0, 1, 1, 1, 1], [0, 1, 0, 1, 0, 1, 0, 0, 1, 1, 1, 1, 0, 0, 0, 1, 0, 1, 1, 0, 0, 1, 1, 1, 1], [0, 0, 1, 1, 0, 0, 0, 0, 1, 1, 1, 0, 0, 0, 0, 1, 0, 0, 1, 0, 0, 1, 0, 0, 1], [1, 0, 0, 1, 0, 0, 0, 1, 0, 1, 1, 1, 1, 1, 1, 0, 0, 0, 0, 1, 1, 1, 0, 0, 1], [0, 0, 0, 1, 1, 1, 1, 1, 1, 0, 1, 0, 1, 0, 0, 0, 0, 0, 1, 0, 0, 0, 1, 1, 0], [1, 0, 0, 0, 1, 1, 0, 1, 0, 0, 0, 0, 0, 1, 0, 0, 0, 0, 0, 0, 1, 0, 0, 0, 0], [0, 1, 0, 0, 1, 0, 0, 0, 0, 1, 1, 1, 0, 1, 1, 0, 1, 0, 0, 0, 1, 1, 0, 1, 1], [1, 0, 0, 1, 1, 0, 1, 1, 1, 1, 0, 0, 0, 0, 0, 1, 0, 0, 0, 0, 0, 0, 0, 0, 1], [1, 0, 0, 1, 1, 0, 0, 1, 0, 1, 1, 1, 0, 0, 0, 1, 0, 1, 1, 0, 0, 1, 1, 0, 0], [1, 0, 1, 0, 1, 1, 1, 0, 1, 0, 1, 1, 1, 1, 1, 1, 0, 0, 1, 0, 1, 0, 1, 0, 0], [0, 0, 1, 1, 1, 0, 0, 1, 0, 1, 0, 0, 1, 1, 0, 0, 1, 0, 0, 0, 1, 1, 0, 0, 0], [1, 1, 0, 0, 0, 0, 1, 0, 0, 0, 0, 0, 1, 1, 0, 0, 1, 0, 1, 0, 0, 0, 0, 0, 1], [0, 1, 0, 1, 1, 0, 0, 1, 0, 0, 1, 1, 1, 1, 1, 1, 0, 0, 1, 1, 0, 0, 0, 1, 0]]",28.0,9.0,Y,"{0: 37, 1: 46, 2: 55, 3: 64, 4: 73, 5: 82, 6: 91, 7: 100, 8: 109, 9: 118, 10: 127, 11: 136, 12: 145, 13: 154, 14: 163, 15: 172, 16: 181, 17: 190, 18: 199, 19: 208, 20: 217, 21: 226, 22: 235, 23: 244, 24: 28}","{(0, 4): 27, (0, 5): 1, (0, 6): 1, (0, 7): 1, (0, 12): 1, (0, 15): 1, (0, 17): 1, (0, 19): 1, (0, 20): 1, (0, 21): 1, (0, 23): 1, (1, 2): 40, (1, 5): 1, (1, 7): 1, (1, 13): 1, (1, 18): 1, (1, 23): 1, (1, 24): 1, (2, 4): 5, (2, 5): 1, (2, 6): 1, (2, 7): 1, (2, 9): 1, (2, 10): 1, (2, 11): 1, (2, 12): 1, (2, 14): 1, (2, 21): 1, (2, 22): 1, (3, 4): 31, (3, 6): 24, (3, 12): 1, (3, 13): 1, (3, 14): 1, (3, 15): 1, (3, 16): 1, (3, 19): 1, (3, 20): 1, (3, 22): 1, (3, 24): 1, (4, 5): 1, (4, 9): 1, (4, 16): 1, (4, 17): 1, (4, 18): 1, (4, 19): 1, (4, 20): 1, (4, 21): 1, (4, 22): 1, (4, 24): 1, (5, 6): 57, (5, 11): 16, (5, 12): 1, (5, 13): 1, (5, 16): 1, (5, 17): 1, (5, 21): 1, (6, 7): 1, (6, 9): 1, (6, 11): 1, (6, 12): 1, (6, 16): 1, (6, 19): 1, (6, 21): 1, (6, 23): 1, (7, 9): 1, (7, 12): 1, (7, 15): 1, (7, 16): 1, (7, 17): 88, (7, 19): 1, (7, 20): 1, (7, 22): 1, (7, 24): 1, (8, 9): 1, (8, 11): 1, (8, 13): 1, (8, 14): 24, (8, 16): 1, (8, 19): 1, (8, 21): 80, (9, 13): 1, (9, 14): 1, (9, 15): 1, (9, 18): 1, (9, 19): 41, (9, 20): 12, (9, 22): 56, (10, 12): 1, (10, 13): 1, (10, 14): 1, (10, 15): 1, (10, 16): 1, (10, 18): 88, (10, 20): 31, (10, 21): 1, (10, 24): 1, (11, 12): 1, (11, 13): 1, (11, 15): 1, (11, 18): 1, (11, 20): 110, (11, 21): 2, (11, 24): 1, (12, 15): 1, (12, 16): 1, (12, 21): 1, (12, 22): 1, (12, 23): 132, (12, 24): 1, (13, 15): 1, (13, 17): 97, (13, 18): 1, (13, 21): 1, (13, 22): 1, (13, 23): 45, (13, 24): 1, (14, 15): 1, (14, 18): 1, (14, 21): 132, (14, 24): 1, (15, 19): 160, (15, 20): 1, (15, 21): 1, (15, 24): 1, (16, 18): 1, (16, 22): 171, (16, 23): 1, (17, 20): 2, (18, 20): 55, (18, 21): 1, (18, 23): 47, (18, 24): 1, (19, 24): 1, (20, 21): 1, (20, 22): 1, (21, 22): 1, (23, 24): 16}",4996.061325073242,763.0,75.0,2151.0
33.0,Graph with 25 nodes and 158 edges,"[[0, 1, 0, 1, 1, 0, 1, 1, 1, 0, 0, 0, 1, 1, 0, 0, 1, 0, 1, 1, 0, 0, 1, 0, 1], [1, 0, 0, 0, 1, 1, 0, 1, 1, 1, 0, 0, 0, 1, 1, 0, 0, 0, 1, 1, 0, 0, 1, 0, 1], [0, 0, 0, 0, 0, 0, 0, 0, 0, 1, 0, 1, 1, 0, 1, 0, 1, 1, 1, 1, 1, 1, 1, 0, 1], [1, 0, 0, 0, 0, 0, 1, 1, 0, 1, 0, 0, 1, 1, 0, 1, 0, 0, 1, 1, 1, 1, 0, 0, 0], [1, 1, 0, 0, 0, 1, 1, 0, 0, 0, 1, 1, 1, 0, 0, 1, 0, 1, 0, 0, 1, 1, 1, 0, 0], [0, 1, 0, 0, 1, 0, 0, 1, 1, 0, 0, 1, 0, 1, 0, 0, 1, 1, 0, 1, 1, 0, 0, 1, 1], [1, 0, 0, 1, 1, 0, 0, 1, 0, 1, 0, 0, 1, 0, 0, 1, 1, 1, 0, 0, 0, 0, 0, 0, 1], [1, 1, 0, 1, 0, 1, 1, 0, 1, 1, 1, 1, 0, 1, 0, 0, 1, 1, 1, 0, 1, 0, 0, 1, 1], [1, 1, 0, 0, 0, 1, 0, 1, 0, 1, 0, 0, 0, 0, 1, 1, 1, 1, 1, 1, 1, 0, 0, 0, 1], [0, 1, 1, 1, 0, 0, 1, 1, 1, 0, 1, 1, 0, 0, 1, 1, 1, 0, 1, 1, 0, 0, 0, 0, 0], [0, 0, 0, 0, 1, 0, 0, 1, 0, 1, 0, 0, 1, 1, 0, 1, 0, 1, 0, 1, 0, 1, 1, 0, 0], [0, 0, 1, 0, 1, 1, 0, 1, 0, 1, 0, 0, 1, 1, 0, 1, 1, 1, 1, 0, 0, 0, 1, 0, 1], [1, 0, 1, 1, 1, 0, 1, 0, 0, 0, 1, 1, 0, 0, 1, 1, 0, 1, 1, 0, 1, 1, 1, 1, 1], [1, 1, 0, 1, 0, 1, 0, 1, 0, 0, 1, 1, 0, 0, 0, 0, 1, 0, 1, 1, 0, 1, 0, 0, 1], [0, 1, 1, 0, 0, 0, 0, 0, 1, 1, 0, 0, 1, 0, 0, 0, 0, 1, 0, 0, 1, 1, 1, 1, 0], [0, 0, 0, 1, 1, 0, 1, 0, 1, 1, 1, 1, 1, 0, 0, 0, 0, 1, 1, 1, 1, 1, 1, 0, 0], [1, 0, 1, 0, 0, 1, 1, 1, 1, 1, 0, 1, 0, 1, 0, 0, 0, 0, 1, 1, 0, 0, 1, 0, 1], [0, 0, 1, 0, 1, 1, 1, 1, 1, 0, 1, 1, 1, 0, 1, 1, 0, 0, 1, 0, 0, 0, 1, 1, 0], [1, 1, 1, 1, 0, 0, 0, 1, 1, 1, 0, 1, 1, 1, 0, 1, 1, 1, 0, 0, 1, 0, 1, 1, 0], [1, 1, 1, 1, 0, 1, 0, 0, 1, 1, 1, 0, 0, 1, 0, 1, 1, 0, 0, 0, 0, 0, 1, 0, 0], [0, 0, 1, 1, 1, 1, 0, 1, 1, 0, 0, 0, 1, 0, 1, 1, 0, 0, 1, 0, 0, 1, 0, 1, 1], [0, 0, 1, 1, 1, 0, 0, 0, 0, 0, 1, 0, 1, 1, 1, 1, 0, 0, 0, 0, 1, 0, 1, 1, 0], [1, 1, 1, 0, 1, 0, 0, 0, 0, 0, 1, 1, 1, 0, 1, 1, 1, 1, 1, 1, 0, 1, 0, 1, 0], [0, 0, 0, 0, 0, 1, 0, 1, 0, 0, 0, 0, 1, 0, 1, 0, 0, 1, 1, 0, 1, 1, 1, 0, 1], [1, 1, 1, 0, 0, 1, 1, 1, 1, 0, 0, 1, 1, 1, 0, 0, 1, 0, 0, 0, 1, 0, 0, 1, 0]]",24.0,4.0,Y,"{0: 28, 1: 32, 2: 36, 3: 40, 4: 44, 5: 48, 6: 52, 7: 56, 8: 60, 9: 64, 10: 68, 11: 72, 12: 76, 13: 80, 14: 84, 15: 88, 16: 92, 17: 96, 18: 100, 19: 104, 20: 108, 21: 112, 22: 116, 23: 120, 24: 24}","{(0, 1): 16, (0, 3): 1, (0, 4): 1, (0, 6): 1, (0, 7): 1, (0, 8): 1, (0, 12): 1, (0, 13): 1, (0, 16): 1, (0, 18): 1, (0, 19): 1, (0, 22): 1, (0, 24): 1, (1, 4): 6, (1, 5): 1, (1, 7): 1, (1, 8): 1, (1, 9): 1, (1, 13): 1, (1, 14): 1, (1, 18): 1, (1, 19): 1, (1, 22): 1, (1, 24): 1, (2, 9): 25, (2, 11): 1, (2, 12): 1, (2, 14): 1, (2, 16): 1, (2, 17): 1, (2, 18): 1, (2, 19): 1, (2, 20): 1, (2, 21): 1, (2, 22): 1, (2, 24): 1, (3, 6): 30, (3, 7): 1, (3, 9): 1, (3, 12): 1, (3, 13): 1, (3, 15): 1, (3, 18): 1, (3, 19): 1, (3, 20): 1, (3, 21): 1, (4, 5): 28, (4, 6): 1, (4, 10): 1, (4, 11): 1, (4, 12): 1, (4, 15): 1, (4, 17): 1, (4, 20): 1, (4, 21): 1, (4, 22): 1, (5, 7): 10, (5, 8): 1, (5, 11): 1, (5, 13): 1, (5, 16): 1, (5, 17): 1, (5, 19): 1, (5, 20): 1, (5, 23): 1, (5, 24): 1, (6, 7): 14, (6, 9): 1, (6, 12): 1, (6, 15): 1, (6, 16): 1, (6, 17): 1, (6, 24): 1, (7, 8): 19, (7, 9): 1, (7, 10): 1, (7, 11): 1, (7, 13): 1, (7, 16): 1, (7, 17): 1, (7, 18): 1, (7, 20): 1, (7, 23): 1, (7, 24): 1, (8, 9): 1, (8, 14): 1, (8, 15): 1, (8, 16): 1, (8, 17): 1, (8, 18): 1, (8, 19): 1, (8, 20): 30, (8, 24): 1, (9, 10): 1, (9, 11): 1, (9, 14): 1, (9, 15): 1, (9, 16): 28, (9, 18): 1, (9, 19): 1, (10, 12): 1, (10, 13): 29, (10, 15): 1, (10, 17): 1, (10, 19): 1, (10, 21): 1, (10, 22): 31, (11, 12): 1, (11, 13): 1, (11, 15): 1, (11, 16): 1, (11, 17): 1, (11, 18): 1, (11, 22): 60, (11, 24): 1, (12, 14): 1, (12, 15): 1, (12, 17): 1, (12, 18): 1, (12, 20): 1, (12, 21): 61, (12, 22): 1, (12, 23): 1, (12, 24): 1, (13, 16): 1, (13, 18): 1, (13, 19): 41, (13, 21): 1, (13, 24): 1, (14, 17): 75, (14, 20): 1, (14, 21): 1, (14, 22): 1, (14, 23): 1, (15, 17): 1, (15, 18): 75, (15, 19): 1, (15, 20): 1, (15, 21): 1, (15, 22): 1, (16, 18): 1, (16, 19): 53, (16, 22): 1, (16, 24): 1, (17, 18): 1, (17, 22): 9, (17, 23): 1, (18, 20): 8, (18, 22): 4, (18, 23): 1, (19, 22): 1, (20, 21): 1, (20, 23): 60, (20, 24): 1, (21, 22): 2, (21, 23): 41, (22, 23): 1, (23, 24): 12}",4823.923110961914,783.0,75.0,2191.0
34.0,Graph with 25 nodes and 150 edges,"[[0, 0, 1, 0, 0, 1, 0, 0, 0, 0, 1, 0, 1, 0, 0, 1, 0, 0, 1, 1, 0, 1, 0, 1, 1], [0, 0, 1, 0, 1, 1, 0, 1, 1, 0, 0, 1, 0, 0, 1, 1, 1, 0, 1, 1, 0, 0, 1, 0, 0], [1, 1, 0, 0, 0, 1, 0, 0, 0, 0, 1, 0, 1, 1, 1, 1, 0, 1, 0, 0, 0, 1, 1, 0, 0], [0, 0, 0, 0, 0, 1, 1, 0, 0, 0, 0, 0, 0, 1, 0, 1, 1, 0, 0, 0, 0, 0, 0, 1, 0], [0, 1, 0, 0, 0, 0, 1, 0, 0, 0, 1, 0, 1, 1, 0, 1, 0, 1, 0, 1, 1, 0, 1, 1, 1], [1, 1, 1, 1, 0, 0, 1, 1, 1, 1, 1, 0, 1, 1, 0, 0, 1, 1, 0, 1, 1, 0, 0, 1, 1], [0, 0, 0, 1, 1, 1, 0, 1, 1, 0, 1, 1, 1, 1, 1, 0, 1, 0, 1, 0, 0, 0, 1, 1, 1], [0, 1, 0, 0, 0, 1, 1, 0, 0, 0, 1, 1, 0, 0, 1, 1, 0, 0, 1, 1, 1, 1, 1, 0, 1], [0, 1, 0, 0, 0, 1, 1, 0, 0, 0, 0, 0, 1, 0, 0, 1, 0, 0, 0, 1, 0, 0, 1, 0, 1], [0, 0, 0, 0, 0, 1, 0, 0, 0, 0, 0, 0, 1, 0, 0, 1, 0, 1, 0, 1, 0, 1, 0, 1, 1], [1, 0, 1, 0, 1, 1, 1, 1, 0, 0, 0, 0, 0, 1, 1, 1, 0, 0, 1, 1, 0, 1, 0, 1, 0], [0, 1, 0, 0, 0, 0, 1, 1, 0, 0, 0, 0, 1, 0, 0, 1, 0, 0, 1, 1, 0, 1, 0, 1, 0], [1, 0, 1, 0, 1, 1, 1, 0, 1, 1, 0, 1, 0, 0, 1, 0, 1, 1, 0, 0, 0, 1, 1, 0, 1], [0, 0, 1, 1, 1, 1, 1, 0, 0, 0, 1, 0, 0, 0, 0, 1, 1, 0, 0, 0, 1, 1, 1, 1, 1], [0, 1, 1, 0, 0, 0, 1, 1, 0, 0, 1, 0, 1, 0, 0, 1, 0, 1, 0, 0, 1, 0, 1, 0, 1], [1, 1, 1, 1, 1, 0, 0, 1, 1, 1, 1, 1, 0, 1, 1, 0, 0, 1, 0, 0, 1, 1, 1, 1, 0], [0, 1, 0, 1, 0, 1, 1, 0, 0, 0, 0, 0, 1, 1, 0, 0, 0, 0, 0, 1, 1, 1, 1, 1, 1], [0, 0, 1, 0, 1, 1, 0, 0, 0, 1, 0, 0, 1, 0, 1, 1, 0, 0, 0, 0, 0, 0, 1, 1, 1], [1, 1, 0, 0, 0, 0, 1, 1, 0, 0, 1, 1, 0, 0, 0, 0, 0, 0, 0, 1, 0, 1, 1, 0, 1], [1, 1, 0, 0, 1, 1, 0, 1, 1, 1, 1, 1, 0, 0, 0, 0, 1, 0, 1, 0, 1, 1, 0, 0, 0], [0, 0, 0, 0, 1, 1, 0, 1, 0, 0, 0, 0, 0, 1, 1, 1, 1, 0, 0, 1, 0, 1, 1, 0, 1], [1, 0, 1, 0, 0, 0, 0, 1, 0, 1, 1, 1, 1, 1, 0, 1, 1, 0, 1, 1, 1, 0, 0, 0, 0], [0, 1, 1, 0, 1, 0, 1, 1, 1, 0, 0, 0, 1, 1, 1, 1, 1, 1, 1, 0, 1, 0, 0, 0, 1], [1, 0, 0, 1, 1, 1, 1, 0, 0, 1, 1, 1, 0, 1, 0, 1, 1, 1, 0, 0, 0, 0, 0, 0, 0], [1, 0, 0, 0, 1, 1, 1, 1, 1, 1, 0, 0, 1, 1, 1, 0, 1, 1, 1, 0, 1, 0, 1, 0, 0]]",20.0,5.0,Y,"{0: 25, 1: 30, 2: 35, 3: 40, 4: 45, 5: 50, 6: 55, 7: 60, 8: 65, 9: 70, 10: 75, 11: 80, 12: 85, 13: 90, 14: 95, 15: 100, 16: 105, 17: 110, 18: 115, 19: 120, 20: 125, 21: 130, 22: 135, 23: 140, 24: 20}","{(0, 2): 16, (0, 5): 1, (0, 10): 1, (0, 12): 1, (0, 15): 1, (0, 18): 1, (0, 19): 1, (0, 21): 1, (0, 23): 1, (0, 24): 1, (1, 2): 10, (1, 4): 10, (1, 5): 1, (1, 7): 1, (1, 8): 1, (1, 11): 1, (1, 14): 1, (1, 15): 1, (1, 16): 1, (1, 18): 1, (1, 19): 1, (1, 22): 1, (2, 5): 1, (2, 10): 1, (2, 12): 1, (2, 13): 1, (2, 14): 1, (2, 15): 1, (2, 17): 1, (2, 21): 1, (2, 22): 1, (3, 5): 34, (3, 6): 2, (3, 13): 1, (3, 15): 1, (3, 16): 1, (3, 23): 1, (4, 6): 25, (4, 10): 1, (4, 12): 1, (4, 13): 1, (4, 15): 1, (4, 17): 1, (4, 19): 1, (4, 20): 1, (4, 22): 1, (4, 23): 1, (4, 24): 1, (5, 6): 1, (5, 7): 1, (5, 8): 1, (5, 9): 1, (5, 10): 1, (5, 12): 1, (5, 13): 1, (5, 16): 1, (5, 17): 1, (5, 19): 1, (5, 20): 1, (5, 23): 1, (5, 24): 1, (6, 7): 16, (6, 8): 1, (6, 10): 1, (6, 11): 1, (6, 12): 1, (6, 13): 1, (6, 14): 1, (6, 16): 1, (6, 18): 1, (6, 22): 1, (6, 23): 1, (6, 24): 1, (7, 10): 3, (7, 11): 1, (7, 14): 1, (7, 15): 1, (7, 18): 6, (7, 19): 1, (7, 20): 8, (7, 21): 18, (7, 22): 2, (7, 24): 1, (8, 12): 1, (8, 15): 1, (8, 19): 29, (8, 22): 30, (8, 24): 1, (9, 12): 3, (9, 15): 1, (9, 17): 1, (9, 19): 38, (9, 21): 22, (9, 23): 3, (9, 24): 1, (10, 13): 1, (10, 14): 8, (10, 15): 1, (10, 18): 29, (10, 19): 5, (10, 21): 1, (10, 23): 22, (11, 12): 66, (11, 15): 1, (11, 18): 1, (11, 19): 3, (11, 21): 1, (11, 23): 5, (12, 14): 1, (12, 16): 5, (12, 17): 1, (12, 21): 1, (12, 22): 1, (12, 24): 1, (13, 15): 7, (13, 16): 1, (13, 20): 2, (13, 21): 70, (13, 22): 2, (13, 23): 1, (13, 24): 1, (14, 15): 6, (14, 17): 67, (14, 20): 5, (14, 22): 1, (14, 24): 3, (15, 17): 5, (15, 20): 2, (15, 21): 1, (15, 22): 1, (15, 23): 68, (16, 19): 5, (16, 20): 68, (16, 21): 1, (16, 22): 15, (16, 23): 5, (16, 24): 1, (17, 22): 1, (17, 23): 31, (17, 24): 1, (18, 19): 1, (18, 21): 5, (18, 22): 69, (18, 24): 1, (19, 20): 29, (19, 21): 5, (20, 21): 3, (20, 22): 5, (20, 24): 1, (22, 24): 4}",5039.93034362793,775.0,75.0,2175.0
35.0,Graph with 25 nodes and 153 edges,"[[0, 0, 0, 1, 1, 1, 0, 1, 0, 1, 0, 0, 0, 0, 0, 0, 0, 1, 0, 0, 0, 1, 0, 0, 0], [0, 0, 0, 0, 0, 0, 0, 1, 0, 0, 1, 1, 1, 1, 1, 0, 1, 1, 0, 1, 0, 0, 1, 0, 0], [0, 0, 0, 0, 1, 0, 0, 1, 1, 1, 1, 0, 1, 1, 0, 0, 1, 0, 0, 1, 1, 1, 0, 1, 0], [1, 0, 0, 0, 1, 1, 1, 1, 0, 0, 1, 0, 1, 0, 1, 0, 1, 1, 1, 0, 0, 1, 1, 0, 1], [1, 0, 1, 1, 0, 0, 1, 0, 1, 0, 1, 0, 1, 0, 0, 0, 0, 1, 1, 0, 1, 0, 0, 1, 1], [1, 0, 0, 1, 0, 0, 0, 1, 0, 1, 1, 1, 0, 0, 1, 0, 1, 1, 1, 1, 1, 1, 1, 0, 1], [0, 0, 0, 1, 1, 0, 0, 0, 0, 1, 0, 1, 1, 0, 0, 0, 0, 0, 1, 1, 1, 0, 1, 0, 1], [1, 1, 1, 1, 0, 1, 0, 0, 0, 1, 0, 0, 0, 1, 1, 1, 1, 1, 1, 0, 1, 1, 1, 0, 1], [0, 0, 1, 0, 1, 0, 0, 0, 0, 0, 0, 0, 1, 0, 0, 0, 0, 1, 1, 0, 0, 1, 0, 1, 0], [1, 0, 1, 0, 0, 1, 1, 1, 0, 0, 1, 1, 0, 0, 0, 1, 1, 1, 0, 0, 1, 1, 0, 1, 1], [0, 1, 1, 1, 1, 1, 0, 0, 0, 1, 0, 1, 0, 1, 0, 0, 0, 0, 1, 1, 0, 0, 0, 1, 0], [0, 1, 0, 0, 0, 1, 1, 0, 0, 1, 1, 0, 0, 1, 1, 1, 1, 0, 1, 0, 1, 0, 1, 1, 0], [0, 1, 1, 1, 1, 0, 1, 0, 1, 0, 0, 0, 0, 0, 0, 1, 0, 1, 0, 0, 1, 0, 1, 1, 1], [0, 1, 1, 0, 0, 0, 0, 1, 0, 0, 1, 1, 0, 0, 0, 0, 0, 0, 1, 1, 1, 1, 0, 1, 1], [0, 1, 0, 1, 0, 1, 0, 1, 0, 0, 0, 1, 0, 0, 0, 1, 1, 1, 1, 1, 1, 0, 0, 1, 1], [0, 0, 0, 0, 0, 0, 0, 1, 0, 1, 0, 1, 1, 0, 1, 0, 1, 1, 1, 0, 0, 0, 0, 0, 1], [0, 1, 1, 1, 0, 1, 0, 1, 0, 1, 0, 1, 0, 0, 1, 1, 0, 1, 1, 0, 0, 0, 1, 1, 1], [1, 1, 0, 1, 1, 1, 0, 1, 1, 1, 0, 0, 1, 0, 1, 1, 1, 0, 0, 0, 1, 1, 0, 0, 0], [0, 0, 0, 1, 1, 1, 1, 1, 1, 0, 1, 1, 0, 1, 1, 1, 1, 0, 0, 1, 1, 1, 1, 1, 0], [0, 1, 1, 0, 0, 1, 1, 0, 0, 0, 1, 0, 0, 1, 1, 0, 0, 0, 1, 0, 0, 0, 0, 0, 0], [0, 0, 1, 0, 1, 1, 1, 1, 0, 1, 0, 1, 1, 1, 1, 0, 0, 1, 1, 0, 0, 1, 1, 0, 1], [1, 0, 1, 1, 0, 1, 0, 1, 1, 1, 0, 0, 0, 1, 0, 0, 0, 1, 1, 0, 1, 0, 1, 1, 0], [0, 1, 0, 1, 0, 1, 1, 1, 0, 0, 0, 1, 1, 0, 0, 0, 1, 0, 1, 0, 1, 1, 0, 0, 1], [0, 0, 1, 0, 1, 0, 0, 0, 1, 1, 1, 1, 1, 1, 1, 0, 1, 0, 1, 0, 0, 1, 0, 0, 1], [0, 0, 0, 1, 1, 1, 1, 1, 0, 1, 0, 0, 1, 1, 1, 1, 1, 0, 0, 0, 1, 0, 1, 1, 0]]",12.0,6.0,Y,"{0: 18, 1: 24, 2: 30, 3: 36, 4: 42, 5: 48, 6: 54, 7: 60, 8: 66, 9: 72, 10: 78, 11: 84, 12: 90, 13: 96, 14: 102, 15: 108, 16: 114, 17: 120, 18: 126, 19: 132, 20: 138, 21: 144, 22: 12, 23: 150, 24: 156}","{(0, 3): 12, (0, 4): 1, (0, 5): 1, (0, 7): 1, (0, 9): 1, (0, 17): 1, (0, 21): 1, (1, 7): 15, (1, 10): 1, (1, 11): 1, (1, 12): 1, (1, 13): 1, (1, 14): 1, (1, 16): 1, (1, 17): 1, (1, 19): 1, (1, 22): 1, (2, 4): 19, (2, 7): 1, (2, 8): 1, (2, 9): 1, (2, 10): 1, (2, 12): 1, (2, 13): 1, (2, 16): 1, (2, 19): 1, (2, 20): 1, (2, 21): 1, (2, 23): 1, (3, 4): 12, (3, 5): 1, (3, 6): 1, (3, 7): 1, (3, 10): 1, (3, 12): 1, (3, 14): 1, (3, 16): 1, (3, 17): 1, (3, 18): 1, (3, 21): 1, (3, 22): 1, (3, 24): 1, (4, 6): 2, (4, 8): 1, (4, 10): 1, (4, 12): 1, (4, 17): 1, (4, 18): 1, (4, 20): 1, (4, 23): 1, (4, 24): 1, (5, 7): 31, (5, 9): 4, (5, 10): 1, (5, 11): 1, (5, 14): 1, (5, 16): 1, (5, 17): 1, (5, 18): 1, (5, 19): 1, (5, 20): 1, (5, 21): 1, (5, 22): 1, (5, 24): 1, (6, 9): 1, (6, 11): 1, (6, 12): 1, (6, 18): 1, (6, 19): 1, (6, 20): 1, (6, 22): 1, (6, 24): 44, (7, 9): 1, (7, 13): 1, (7, 14): 1, (7, 15): 1, (7, 16): 1, (7, 17): 1, (7, 18): 1, (7, 20): 1, (7, 21): 1, (7, 22): 1, (7, 24): 1, (8, 12): 1, (8, 17): 1, (8, 18): 1, (8, 21): 2, (8, 23): 59, (9, 10): 2, (9, 11): 1, (9, 15): 1, (9, 16): 1, (9, 17): 1, (9, 20): 1, (9, 21): 55, (9, 23): 1, (9, 24): 1, (10, 11): 1, (10, 13): 3, (10, 18): 1, (10, 19): 63, (10, 23): 3, (11, 13): 1, (11, 14): 72, (11, 15): 1, (11, 16): 1, (11, 18): 1, (11, 20): 1, (11, 22): 1, (11, 23): 1, (12, 15): 2, (12, 17): 1, (12, 20): 1, (12, 22): 1, (12, 23): 1, (12, 24): 78, (13, 18): 1, (13, 19): 63, (13, 20): 1, (13, 21): 1, (13, 23): 1, (13, 24): 22, (14, 15): 1, (14, 16): 1, (14, 17): 1, (14, 18): 1, (14, 19): 1, (14, 20): 19, (14, 23): 1, (14, 24): 1, (15, 16): 45, (15, 17): 51, (15, 18): 5, (15, 24): 1, (16, 17): 57, (16, 18): 1, (16, 22): 1, (16, 23): 1, (16, 24): 1, (17, 20): 1, (17, 21): 1, (18, 19): 1, (18, 20): 106, (18, 21): 1, (18, 22): 1, (18, 23): 1, (20, 21): 1, (20, 22): 1, (20, 24): 1, (21, 22): 1, (21, 23): 77, (22, 24): 1, (23, 24): 2}",4968.881607055664,778.0,75.0,2181.0
35.0,Graph with 25 nodes and 153 edges,"[[0, 0, 0, 1, 1, 1, 0, 1, 0, 1, 0, 0, 0, 0, 0, 0, 0, 1, 0, 0, 0, 1, 0, 0, 0], [0, 0, 0, 0, 0, 0, 0, 1, 0, 0, 1, 1, 1, 1, 1, 0, 1, 1, 0, 1, 0, 0, 1, 0, 0], [0, 0, 0, 0, 1, 0, 0, 1, 1, 1, 1, 0, 1, 1, 0, 0, 1, 0, 0, 1, 1, 1, 0, 1, 0], [1, 0, 0, 0, 1, 1, 1, 1, 0, 0, 1, 0, 1, 0, 1, 0, 1, 1, 1, 0, 0, 1, 1, 0, 1], [1, 0, 1, 1, 0, 0, 1, 0, 1, 0, 1, 0, 1, 0, 0, 0, 0, 1, 1, 0, 1, 0, 0, 1, 1], [1, 0, 0, 1, 0, 0, 0, 1, 0, 1, 1, 1, 0, 0, 1, 0, 1, 1, 1, 1, 1, 1, 1, 0, 1], [0, 0, 0, 1, 1, 0, 0, 0, 0, 1, 0, 1, 1, 0, 0, 0, 0, 0, 1, 1, 1, 0, 1, 0, 1], [1, 1, 1, 1, 0, 1, 0, 0, 0, 1, 0, 0, 0, 1, 1, 1, 1, 1, 1, 0, 1, 1, 1, 0, 1], [0, 0, 1, 0, 1, 0, 0, 0, 0, 0, 0, 0, 1, 0, 0, 0, 0, 1, 1, 0, 0, 1, 0, 1, 0], [1, 0, 1, 0, 0, 1, 1, 1, 0, 0, 1, 1, 0, 0, 0, 1, 1, 1, 0, 0, 1, 1, 0, 1, 1], [0, 1, 1, 1, 1, 1, 0, 0, 0, 1, 0, 1, 0, 1, 0, 0, 0, 0, 1, 1, 0, 0, 0, 1, 0], [0, 1, 0, 0, 0, 1, 1, 0, 0, 1, 1, 0, 0, 1, 1, 1, 1, 0, 1, 0, 1, 0, 1, 1, 0], [0, 1, 1, 1, 1, 0, 1, 0, 1, 0, 0, 0, 0, 0, 0, 1, 0, 1, 0, 0, 1, 0, 1, 1, 1], [0, 1, 1, 0, 0, 0, 0, 1, 0, 0, 1, 1, 0, 0, 0, 0, 0, 0, 1, 1, 1, 1, 0, 1, 1], [0, 1, 0, 1, 0, 1, 0, 1, 0, 0, 0, 1, 0, 0, 0, 1, 1, 1, 1, 1, 1, 0, 0, 1, 1], [0, 0, 0, 0, 0, 0, 0, 1, 0, 1, 0, 1, 1, 0, 1, 0, 1, 1, 1, 0, 0, 0, 0, 0, 1], [0, 1, 1, 1, 0, 1, 0, 1, 0, 1, 0, 1, 0, 0, 1, 1, 0, 1, 1, 0, 0, 0, 1, 1, 1], [1, 1, 0, 1, 1, 1, 0, 1, 1, 1, 0, 0, 1, 0, 1, 1, 1, 0, 0, 0, 1, 1, 0, 0, 0], [0, 0, 0, 1, 1, 1, 1, 1, 1, 0, 1, 1, 0, 1, 1, 1, 1, 0, 0, 1, 1, 1, 1, 1, 0], [0, 1, 1, 0, 0, 1, 1, 0, 0, 0, 1, 0, 0, 1, 1, 0, 0, 0, 1, 0, 0, 0, 0, 0, 0], [0, 0, 1, 0, 1, 1, 1, 1, 0, 1, 0, 1, 1, 1, 1, 0, 0, 1, 1, 0, 0, 1, 1, 0, 1], [1, 0, 1, 1, 0, 1, 0, 1, 1, 1, 0, 0, 0, 1, 0, 0, 0, 1, 1, 0, 1, 0, 1, 1, 0], [0, 1, 0, 1, 0, 1, 1, 1, 0, 0, 0, 1, 1, 0, 0, 0, 1, 0, 1, 0, 1, 1, 0, 0, 1], [0, 0, 1, 0, 1, 0, 0, 0, 1, 1, 1, 1, 1, 1, 1, 0, 1, 0, 1, 0, 0, 1, 0, 0, 1], [0, 0, 0, 1, 1, 1, 1, 1, 0, 1, 0, 0, 1, 1, 1, 1, 1, 0, 0, 0, 1, 0, 1, 1, 0]]",24.0,7.0,Y,"{0: 31, 1: 38, 2: 45, 3: 52, 4: 59, 5: 66, 6: 73, 7: 80, 8: 87, 9: 94, 10: 101, 11: 108, 12: 115, 13: 122, 14: 129, 15: 136, 16: 143, 17: 150, 18: 157, 19: 164, 20: 171, 21: 178, 22: 185, 23: 192, 24: 24}","{(0, 3): 25, (0, 4): 1, (0, 5): 1, (0, 7): 1, (0, 9): 1, (0, 17): 1, (0, 21): 1, (1, 7): 29, (1, 10): 1, (1, 11): 1, (1, 12): 1, (1, 13): 1, (1, 14): 1, (1, 16): 1, (1, 17): 1, (1, 19): 1, (1, 22): 1, (2, 4): 34, (2, 7): 1, (2, 8): 1, (2, 9): 1, (2, 10): 1, (2, 12): 1, (2, 13): 1, (2, 16): 1, (2, 19): 1, (2, 20): 1, (2, 21): 1, (2, 23): 1, (3, 4): 15, (3, 5): 1, (3, 6): 1, (3, 7): 1, (3, 10): 1, (3, 12): 1, (3, 14): 1, (3, 16): 1, (3, 17): 1, (3, 18): 1, (3, 21): 1, (3, 22): 1, (3, 24): 1, (4, 6): 1, (4, 8): 1, (4, 10): 1, (4, 12): 1, (4, 17): 1, (4, 18): 1, (4, 20): 1, (4, 23): 1, (4, 24): 1, (5, 7): 37, (5, 9): 16, (5, 10): 1, (5, 11): 1, (5, 14): 1, (5, 16): 1, (5, 17): 1, (5, 18): 1, (5, 19): 1, (5, 20): 1, (5, 21): 1, (5, 22): 1, (5, 24): 1, (6, 9): 64, (6, 11): 1, (6, 12): 1, (6, 18): 1, (6, 19): 1, (6, 20): 1, (6, 22): 1, (6, 24): 1, (7, 9): 1, (7, 13): 1, (7, 14): 1, (7, 15): 1, (7, 16): 1, (7, 17): 1, (7, 18): 1, (7, 20): 1, (7, 21): 1, (7, 22): 1, (7, 24): 1, (8, 12): 1, (8, 17): 61, (8, 18): 1, (8, 21): 13, (8, 23): 9, (9, 10): 1, (9, 11): 1, (9, 15): 1, (9, 16): 1, (9, 17): 1, (9, 20): 3, (9, 21): 1, (9, 23): 1, (9, 24): 1, (10, 11): 1, (10, 13): 1, (10, 18): 1, (10, 19): 53, (10, 23): 39, (11, 13): 5, (11, 14): 5, (11, 15): 6, (11, 16): 45, (11, 18): 9, (11, 20): 1, (11, 22): 25, (11, 23): 7, (12, 15): 1, (12, 17): 5, (12, 20): 13, (12, 22): 47, (12, 23): 42, (12, 24): 1, (13, 18): 1, (13, 19): 1, (13, 20): 101, (13, 21): 1, (13, 23): 8, (13, 24): 1, (14, 15): 1, (14, 16): 5, (14, 17): 5, (14, 18): 1, (14, 19): 105, (14, 20): 1, (14, 23): 1, (14, 24): 1, (15, 16): 31, (15, 17): 65, (15, 18): 29, (15, 24): 1, (16, 17): 1, (16, 18): 5, (16, 22): 44, (16, 23): 1, (16, 24): 5, (17, 20): 5, (17, 21): 1, (18, 19): 1, (18, 20): 3, (18, 21): 73, (18, 22): 27, (18, 23): 1, (20, 21): 3, (20, 22): 32, (20, 24): 4, (21, 22): 1, (21, 23): 80, (22, 24): 4, (23, 24): 1}",5213.97590637207,778.0,75.0,2181.0
36.0,Graph with 25 nodes and 145 edges,"[[0, 0, 1, 1, 1, 0, 0, 1, 1, 1, 1, 0, 1, 1, 1, 0, 1, 0, 0, 0, 0, 0, 1, 0, 0], [0, 0, 0, 1, 1, 1, 0, 0, 0, 1, 0, 1, 1, 1, 0, 1, 0, 1, 1, 1, 0, 0, 0, 0, 0], [1, 0, 0, 0, 1, 0, 1, 1, 0, 0, 0, 0, 0, 0, 0, 0, 1, 1, 1, 0, 0, 0, 1, 1, 1], [1, 1, 0, 0, 1, 1, 1, 1, 0, 0, 0, 0, 0, 1, 0, 1, 0, 1, 0, 1, 0, 0, 0, 0, 1], [1, 1, 1, 1, 0, 1, 0, 0, 1, 0, 0, 1, 1, 1, 1, 1, 1, 0, 0, 0, 1, 0, 0, 0, 1], [0, 1, 0, 1, 1, 0, 1, 1, 0, 0, 0, 1, 1, 1, 1, 0, 0, 0, 0, 0, 1, 0, 0, 1, 0], [0, 0, 1, 1, 0, 1, 0, 0, 1, 0, 0, 1, 0, 0, 1, 1, 1, 0, 0, 1, 1, 0, 1, 1, 1], [1, 0, 1, 1, 0, 1, 0, 0, 1, 0, 0, 1, 0, 0, 0, 0, 0, 1, 0, 1, 0, 0, 1, 1, 0], [1, 0, 0, 0, 1, 0, 1, 1, 0, 1, 1, 0, 1, 0, 0, 0, 1, 1, 1, 0, 0, 0, 1, 1, 0], [1, 1, 0, 0, 0, 0, 0, 0, 1, 0, 0, 1, 1, 0, 1, 0, 1, 0, 1, 1, 0, 0, 1, 0, 1], [1, 0, 0, 0, 0, 0, 0, 0, 1, 0, 0, 0, 0, 0, 1, 0, 1, 0, 1, 1, 1, 1, 1, 1, 1], [0, 1, 0, 0, 1, 1, 1, 1, 0, 1, 0, 0, 1, 1, 1, 0, 0, 0, 1, 1, 0, 1, 1, 0, 0], [1, 1, 0, 0, 1, 1, 0, 0, 1, 1, 0, 1, 0, 0, 0, 0, 1, 0, 1, 0, 0, 1, 1, 0, 1], [1, 1, 0, 1, 1, 1, 0, 0, 0, 0, 0, 1, 0, 0, 0, 1, 0, 1, 0, 0, 0, 0, 0, 1, 1], [1, 0, 0, 0, 1, 1, 1, 0, 0, 1, 1, 1, 0, 0, 0, 0, 1, 0, 1, 1, 0, 0, 1, 0, 1], [0, 1, 0, 1, 1, 0, 1, 0, 0, 0, 0, 0, 0, 1, 0, 0, 0, 0, 0, 1, 1, 1, 0, 1, 1], [1, 0, 1, 0, 1, 0, 1, 0, 1, 1, 1, 0, 1, 0, 1, 0, 0, 1, 1, 0, 0, 1, 0, 1, 1], [0, 1, 1, 1, 0, 0, 0, 1, 1, 0, 0, 0, 0, 1, 0, 0, 1, 0, 0, 0, 1, 0, 0, 1, 1], [0, 1, 1, 0, 0, 0, 0, 0, 1, 1, 1, 1, 1, 0, 1, 0, 1, 0, 0, 0, 0, 1, 1, 1, 1], [0, 1, 0, 1, 0, 0, 1, 1, 0, 1, 1, 1, 0, 0, 1, 1, 0, 0, 0, 0, 0, 1, 0, 1, 1], [0, 0, 0, 0, 1, 1, 1, 0, 0, 0, 1, 0, 0, 0, 0, 1, 0, 1, 0, 0, 0, 1, 0, 0, 1], [0, 0, 0, 0, 0, 0, 0, 0, 0, 0, 1, 1, 1, 0, 0, 1, 1, 0, 1, 1, 1, 0, 1, 0, 0], [1, 0, 1, 0, 0, 0, 1, 1, 1, 1, 1, 1, 1, 0, 1, 0, 0, 0, 1, 0, 0, 1, 0, 1, 0], [0, 0, 1, 0, 0, 1, 1, 1, 1, 0, 1, 0, 0, 1, 0, 1, 1, 1, 1, 1, 0, 0, 1, 0, 0], [0, 0, 1, 1, 1, 0, 1, 0, 0, 1, 1, 0, 1, 1, 1, 1, 1, 1, 1, 1, 1, 0, 0, 0, 0]]",10.0,6.0,Y,"{0: 22, 1: 28, 2: 16, 3: 34, 4: 40, 5: 46, 6: 52, 7: 58, 8: 64, 9: 70, 10: 76, 11: 82, 12: 88, 13: 94, 14: 100, 15: 106, 16: 112, 17: 118, 18: 124, 19: 130, 20: 136, 21: 10, 22: 142, 23: 148, 24: 154}","{(0, 2): 7, (0, 3): 5, (0, 4): 1, (0, 7): 1, (0, 8): 1, (0, 9): 1, (0, 10): 1, (0, 12): 1, (0, 13): 1, (0, 14): 1, (0, 16): 1, (0, 22): 1, (1, 3): 18, (1, 4): 1, (1, 5): 1, (1, 9): 1, (1, 11): 1, (1, 12): 1, (1, 13): 1, (1, 15): 1, (1, 17): 1, (1, 18): 1, (1, 19): 1, (2, 4): 1, (2, 6): 1, (2, 7): 1, (2, 16): 1, (2, 17): 1, (2, 18): 1, (2, 22): 1, (2, 23): 1, (2, 24): 1, (3, 4): 3, (3, 5): 1, (3, 6): 1, (3, 7): 1, (3, 13): 1, (3, 15): 1, (3, 17): 1, (3, 19): 1, (3, 24): 1, (4, 5): 25, (4, 8): 1, (4, 11): 1, (4, 12): 1, (4, 13): 1, (4, 14): 1, (4, 15): 1, (4, 16): 1, (4, 20): 1, (4, 24): 1, (5, 6): 12, (5, 7): 1, (5, 11): 1, (5, 12): 1, (5, 13): 1, (5, 14): 1, (5, 20): 1, (5, 23): 1, (6, 8): 29, (6, 11): 1, (6, 14): 1, (6, 15): 1, (6, 16): 1, (6, 19): 1, (6, 20): 1, (6, 22): 1, (6, 23): 1, (6, 24): 1, (7, 8): 25, (7, 11): 5, (7, 17): 6, (7, 19): 13, (7, 22): 1, (7, 23): 4, (8, 9): 1, (8, 10): 1, (8, 12): 1, (8, 16): 1, (8, 17): 1, (8, 18): 1, (8, 22): 1, (8, 23): 1, (9, 11): 1, (9, 12): 1, (9, 14): 1, (9, 16): 1, (9, 18): 1, (9, 19): 31, (9, 22): 1, (9, 24): 30, (10, 14): 1, (10, 16): 1, (10, 18): 38, (10, 19): 1, (10, 20): 29, (10, 21): 1, (10, 22): 1, (10, 23): 1, (10, 24): 1, (11, 12): 19, (11, 13): 3, (11, 14): 36, (11, 18): 1, (11, 19): 11, (11, 21): 1, (11, 22): 1, (12, 16): 27, (12, 18): 9, (12, 21): 1, (12, 22): 25, (12, 24): 1, (13, 15): 1, (13, 17): 3, (13, 23): 1, (13, 24): 81, (14, 16): 1, (14, 18): 16, (14, 19): 16, (14, 22): 24, (14, 24): 1, (15, 19): 52, (15, 20): 22, (15, 21): 1, (15, 23): 25, (15, 24): 1, (16, 17): 23, (16, 18): 5, (16, 21): 1, (16, 23): 45, (16, 24): 3, (17, 20): 80, (17, 23): 1, (17, 24): 1, (18, 21): 2, (18, 22): 19, (18, 23): 1, (18, 24): 29, (19, 21): 1, (19, 23): 1, (19, 24): 1, (20, 21): 1, (20, 24): 1, (21, 22): 1, (22, 23): 65}",4850.149154663086,770.0,75.0,2165.0
36.0,Graph with 25 nodes and 145 edges,"[[0, 0, 1, 1, 1, 0, 0, 1, 1, 1, 1, 0, 1, 1, 1, 0, 1, 0, 0, 0, 0, 0, 1, 0, 0], [0, 0, 0, 1, 1, 1, 0, 0, 0, 1, 0, 1, 1, 1, 0, 1, 0, 1, 1, 1, 0, 0, 0, 0, 0], [1, 0, 0, 0, 1, 0, 1, 1, 0, 0, 0, 0, 0, 0, 0, 0, 1, 1, 1, 0, 0, 0, 1, 1, 1], [1, 1, 0, 0, 1, 1, 1, 1, 0, 0, 0, 0, 0, 1, 0, 1, 0, 1, 0, 1, 0, 0, 0, 0, 1], [1, 1, 1, 1, 0, 1, 0, 0, 1, 0, 0, 1, 1, 1, 1, 1, 1, 0, 0, 0, 1, 0, 0, 0, 1], [0, 1, 0, 1, 1, 0, 1, 1, 0, 0, 0, 1, 1, 1, 1, 0, 0, 0, 0, 0, 1, 0, 0, 1, 0], [0, 0, 1, 1, 0, 1, 0, 0, 1, 0, 0, 1, 0, 0, 1, 1, 1, 0, 0, 1, 1, 0, 1, 1, 1], [1, 0, 1, 1, 0, 1, 0, 0, 1, 0, 0, 1, 0, 0, 0, 0, 0, 1, 0, 1, 0, 0, 1, 1, 0], [1, 0, 0, 0, 1, 0, 1, 1, 0, 1, 1, 0, 1, 0, 0, 0, 1, 1, 1, 0, 0, 0, 1, 1, 0], [1, 1, 0, 0, 0, 0, 0, 0, 1, 0, 0, 1, 1, 0, 1, 0, 1, 0, 1, 1, 0, 0, 1, 0, 1], [1, 0, 0, 0, 0, 0, 0, 0, 1, 0, 0, 0, 0, 0, 1, 0, 1, 0, 1, 1, 1, 1, 1, 1, 1], [0, 1, 0, 0, 1, 1, 1, 1, 0, 1, 0, 0, 1, 1, 1, 0, 0, 0, 1, 1, 0, 1, 1, 0, 0], [1, 1, 0, 0, 1, 1, 0, 0, 1, 1, 0, 1, 0, 0, 0, 0, 1, 0, 1, 0, 0, 1, 1, 0, 1], [1, 1, 0, 1, 1, 1, 0, 0, 0, 0, 0, 1, 0, 0, 0, 1, 0, 1, 0, 0, 0, 0, 0, 1, 1], [1, 0, 0, 0, 1, 1, 1, 0, 0, 1, 1, 1, 0, 0, 0, 0, 1, 0, 1, 1, 0, 0, 1, 0, 1], [0, 1, 0, 1, 1, 0, 1, 0, 0, 0, 0, 0, 0, 1, 0, 0, 0, 0, 0, 1, 1, 1, 0, 1, 1], [1, 0, 1, 0, 1, 0, 1, 0, 1, 1, 1, 0, 1, 0, 1, 0, 0, 1, 1, 0, 0, 1, 0, 1, 1], [0, 1, 1, 1, 0, 0, 0, 1, 1, 0, 0, 0, 0, 1, 0, 0, 1, 0, 0, 0, 1, 0, 0, 1, 1], [0, 1, 1, 0, 0, 0, 0, 0, 1, 1, 1, 1, 1, 0, 1, 0, 1, 0, 0, 0, 0, 1, 1, 1, 1], [0, 1, 0, 1, 0, 0, 1, 1, 0, 1, 1, 1, 0, 0, 1, 1, 0, 0, 0, 0, 0, 1, 0, 1, 1], [0, 0, 0, 0, 1, 1, 1, 0, 0, 0, 1, 0, 0, 0, 0, 1, 0, 1, 0, 0, 0, 1, 0, 0, 1], [0, 0, 0, 0, 0, 0, 0, 0, 0, 0, 1, 1, 1, 0, 0, 1, 1, 0, 1, 1, 1, 0, 1, 0, 0], [1, 0, 1, 0, 0, 0, 1, 1, 1, 1, 1, 1, 1, 0, 1, 0, 0, 0, 1, 0, 0, 1, 0, 1, 0], [0, 0, 1, 0, 0, 1, 1, 1, 1, 0, 1, 0, 0, 1, 0, 1, 1, 1, 1, 1, 0, 0, 1, 0, 0], [0, 0, 1, 1, 1, 0, 1, 0, 0, 1, 1, 0, 1, 1, 1, 1, 1, 1, 1, 1, 1, 0, 0, 0, 0]]",16.0,4.0,Y,"{0: 20, 1: 24, 2: 28, 3: 32, 4: 36, 5: 40, 6: 44, 7: 48, 8: 52, 9: 56, 10: 60, 11: 64, 12: 68, 13: 72, 14: 76, 15: 80, 16: 84, 17: 88, 18: 92, 19: 96, 20: 100, 21: 104, 22: 108, 23: 112, 24: 16}","{(0, 2): 9, (0, 3): 1, (0, 4): 1, (0, 7): 1, (0, 8): 1, (0, 9): 1, (0, 10): 1, (0, 12): 1, (0, 13): 1, (0, 14): 1, (0, 16): 1, (0, 22): 1, (1, 3): 14, (1, 4): 1, (1, 5): 1, (1, 9): 1, (1, 11): 1, (1, 12): 1, (1, 13): 1, (1, 15): 1, (1, 17): 1, (1, 18): 1, (1, 19): 1, (2, 4): 11, (2, 6): 1, (2, 7): 1, (2, 16): 1, (2, 17): 1, (2, 18): 1, (2, 22): 1, (2, 23): 1, (2, 24): 1, (3, 4): 9, (3, 5): 1, (3, 6): 1, (3, 7): 1, (3, 13): 1, (3, 15): 1, (3, 17): 1, (3, 19): 1, (3, 24): 1, (4, 5): 5, (4, 8): 1, (4, 11): 1, (4, 12): 1, (4, 13): 1, (4, 14): 1, (4, 15): 1, (4, 16): 1, (4, 20): 1, (4, 24): 1, (5, 6): 26, (5, 7): 1, (5, 11): 1, (5, 12): 1, (5, 13): 1, (5, 14): 1, (5, 20): 1, (5, 23): 1, (6, 8): 7, (6, 11): 1, (6, 14): 1, (6, 15): 1, (6, 16): 1, (6, 19): 1, (6, 20): 1, (6, 22): 1, (6, 23): 1, (6, 24): 1, (7, 8): 33, (7, 11): 1, (7, 17): 1, (7, 19): 5, (7, 22): 1, (7, 23): 3, (8, 9): 2, (8, 10): 1, (8, 12): 2, (8, 16): 1, (8, 17): 1, (8, 18): 1, (8, 22): 1, (8, 23): 1, (9, 11): 1, (9, 12): 32, (9, 14): 1, (9, 16): 1, (9, 18): 1, (9, 19): 13, (9, 22): 2, (9, 24): 1, (10, 14): 1, (10, 16): 1, (10, 18): 2, (10, 19): 1, (10, 20): 49, (10, 21): 1, (10, 22): 1, (10, 23): 1, (10, 24): 1, (11, 12): 1, (11, 13): 1, (11, 14): 1, (11, 18): 2, (11, 19): 1, (11, 21): 1, (11, 22): 51, (12, 16): 1, (12, 18): 25, (12, 21): 1, (12, 22): 1, (12, 24): 1, (13, 15): 19, (13, 17): 45, (13, 23): 1, (13, 24): 1, (14, 16): 1, (14, 18): 1, (14, 19): 34, (14, 22): 32, (14, 24): 1, (15, 19): 1, (15, 20): 45, (15, 21): 1, (15, 23): 9, (15, 24): 1, (16, 17): 1, (16, 18): 11, (16, 21): 61, (16, 23): 1, (16, 24): 1, (17, 20): 1, (17, 23): 34, (17, 24): 2, (18, 21): 1, (18, 22): 1, (18, 23): 44, (18, 24): 1, (19, 21): 36, (19, 23): 1, (19, 24): 1, (20, 21): 1, (20, 24): 1, (21, 22): 1, (22, 23): 14}",4575.014114379883,770.0,75.0,2165.0
36.0,Graph with 25 nodes and 145 edges,"[[0, 0, 1, 1, 1, 0, 0, 1, 1, 1, 1, 0, 1, 1, 1, 0, 1, 0, 0, 0, 0, 0, 1, 0, 0], [0, 0, 0, 1, 1, 1, 0, 0, 0, 1, 0, 1, 1, 1, 0, 1, 0, 1, 1, 1, 0, 0, 0, 0, 0], [1, 0, 0, 0, 1, 0, 1, 1, 0, 0, 0, 0, 0, 0, 0, 0, 1, 1, 1, 0, 0, 0, 1, 1, 1], [1, 1, 0, 0, 1, 1, 1, 1, 0, 0, 0, 0, 0, 1, 0, 1, 0, 1, 0, 1, 0, 0, 0, 0, 1], [1, 1, 1, 1, 0, 1, 0, 0, 1, 0, 0, 1, 1, 1, 1, 1, 1, 0, 0, 0, 1, 0, 0, 0, 1], [0, 1, 0, 1, 1, 0, 1, 1, 0, 0, 0, 1, 1, 1, 1, 0, 0, 0, 0, 0, 1, 0, 0, 1, 0], [0, 0, 1, 1, 0, 1, 0, 0, 1, 0, 0, 1, 0, 0, 1, 1, 1, 0, 0, 1, 1, 0, 1, 1, 1], [1, 0, 1, 1, 0, 1, 0, 0, 1, 0, 0, 1, 0, 0, 0, 0, 0, 1, 0, 1, 0, 0, 1, 1, 0], [1, 0, 0, 0, 1, 0, 1, 1, 0, 1, 1, 0, 1, 0, 0, 0, 1, 1, 1, 0, 0, 0, 1, 1, 0], [1, 1, 0, 0, 0, 0, 0, 0, 1, 0, 0, 1, 1, 0, 1, 0, 1, 0, 1, 1, 0, 0, 1, 0, 1], [1, 0, 0, 0, 0, 0, 0, 0, 1, 0, 0, 0, 0, 0, 1, 0, 1, 0, 1, 1, 1, 1, 1, 1, 1], [0, 1, 0, 0, 1, 1, 1, 1, 0, 1, 0, 0, 1, 1, 1, 0, 0, 0, 1, 1, 0, 1, 1, 0, 0], [1, 1, 0, 0, 1, 1, 0, 0, 1, 1, 0, 1, 0, 0, 0, 0, 1, 0, 1, 0, 0, 1, 1, 0, 1], [1, 1, 0, 1, 1, 1, 0, 0, 0, 0, 0, 1, 0, 0, 0, 1, 0, 1, 0, 0, 0, 0, 0, 1, 1], [1, 0, 0, 0, 1, 1, 1, 0, 0, 1, 1, 1, 0, 0, 0, 0, 1, 0, 1, 1, 0, 0, 1, 0, 1], [0, 1, 0, 1, 1, 0, 1, 0, 0, 0, 0, 0, 0, 1, 0, 0, 0, 0, 0, 1, 1, 1, 0, 1, 1], [1, 0, 1, 0, 1, 0, 1, 0, 1, 1, 1, 0, 1, 0, 1, 0, 0, 1, 1, 0, 0, 1, 0, 1, 1], [0, 1, 1, 1, 0, 0, 0, 1, 1, 0, 0, 0, 0, 1, 0, 0, 1, 0, 0, 0, 1, 0, 0, 1, 1], [0, 1, 1, 0, 0, 0, 0, 0, 1, 1, 1, 1, 1, 0, 1, 0, 1, 0, 0, 0, 0, 1, 1, 1, 1], [0, 1, 0, 1, 0, 0, 1, 1, 0, 1, 1, 1, 0, 0, 1, 1, 0, 0, 0, 0, 0, 1, 0, 1, 1], [0, 0, 0, 0, 1, 1, 1, 0, 0, 0, 1, 0, 0, 0, 0, 1, 0, 1, 0, 0, 0, 1, 0, 0, 1], [0, 0, 0, 0, 0, 0, 0, 0, 0, 0, 1, 1, 1, 0, 0, 1, 1, 0, 1, 1, 1, 0, 1, 0, 0], [1, 0, 1, 0, 0, 0, 1, 1, 1, 1, 1, 1, 1, 0, 1, 0, 0, 0, 1, 0, 0, 1, 0, 1, 0], [0, 0, 1, 0, 0, 1, 1, 1, 1, 0, 1, 0, 0, 1, 0, 1, 1, 1, 1, 1, 0, 0, 1, 0, 0], [0, 0, 1, 1, 1, 0, 1, 0, 0, 1, 1, 0, 1, 1, 1, 1, 1, 1, 1, 1, 1, 0, 0, 0, 0]]",26.0,1.0,Y,"{0: 27, 1: 28, 2: 29, 3: 30, 4: 31, 5: 32, 6: 33, 7: 34, 8: 35, 9: 36, 10: 37, 11: 38, 12: 39, 13: 40, 14: 41, 15: 42, 16: 43, 17: 44, 18: 45, 19: 46, 20: 47, 21: 48, 22: 49, 23: 50, 24: 26}","{(0, 2): 16, (0, 3): 1, (0, 4): 1, (0, 7): 1, (0, 8): 1, (0, 9): 1, (0, 10): 1, (0, 12): 1, (0, 13): 1, (0, 14): 1, (0, 16): 1, (0, 22): 1, (1, 3): 18, (1, 4): 1, (1, 5): 1, (1, 9): 1, (1, 11): 1, (1, 12): 1, (1, 13): 1, (1, 15): 1, (1, 17): 1, (1, 18): 1, (1, 19): 1, (2, 4): 5, (2, 6): 1, (2, 7): 1, (2, 16): 1, (2, 17): 1, (2, 18): 1, (2, 22): 1, (2, 23): 1, (2, 24): 1, (3, 4): 3, (3, 5): 1, (3, 6): 1, (3, 7): 1, (3, 13): 1, (3, 15): 1, (3, 17): 1, (3, 19): 1, (3, 24): 1, (4, 5): 12, (4, 8): 1, (4, 11): 1, (4, 12): 1, (4, 13): 1, (4, 14): 1, (4, 15): 1, (4, 16): 1, (4, 20): 1, (4, 24): 1, (5, 6): 11, (5, 7): 1, (5, 11): 1, (5, 12): 1, (5, 13): 1, (5, 14): 1, (5, 20): 1, (5, 23): 1, (6, 8): 11, (6, 11): 1, (6, 14): 1, (6, 15): 1, (6, 16): 1, (6, 19): 1, (6, 20): 1, (6, 22): 1, (6, 23): 1, (6, 24): 1, (7, 8): 5, (7, 11): 4, (7, 17): 9, (7, 19): 3, (7, 22): 3, (7, 23): 6, (8, 9): 1, (8, 10): 1, (8, 12): 1, (8, 16): 1, (8, 17): 10, (8, 18): 1, (8, 22): 1, (8, 23): 1, (9, 11): 1, (9, 12): 1, (9, 14): 7, (9, 16): 3, (9, 18): 1, (9, 19): 16, (9, 22): 1, (9, 24): 3, (10, 14): 1, (10, 16): 1, (10, 18): 3, (10, 19): 5, (10, 20): 15, (10, 21): 1, (10, 22): 7, (10, 23): 1, (10, 24): 1, (11, 12): 1, (11, 13): 8, (11, 14): 1, (11, 18): 6, (11, 19): 5, (11, 21): 7, (11, 22): 1, (12, 16): 1, (12, 18): 20, (12, 21): 1, (12, 22): 9, (12, 24): 1, (13, 15): 10, (13, 17): 2, (13, 23): 14, (13, 24): 1, (14, 16): 5, (14, 18): 1, (14, 19): 1, (14, 22): 20, (14, 24): 1, (15, 19): 1, (15, 20): 20, (15, 21): 3, (15, 23): 3, (15, 24): 1, (16, 17): 3, (16, 18): 1, (16, 21): 20, (16, 23): 1, (16, 24): 3, (17, 20): 1, (17, 23): 10, (17, 24): 6, (18, 21): 5, (18, 22): 1, (18, 23): 1, (18, 24): 3, (19, 21): 3, (19, 23): 8, (19, 24): 1, (20, 21): 7, (20, 24): 1, (21, 22): 1, (22, 23): 2}",4329.919815063477,770.0,75.0,2165.0
37.0,Graph with 25 nodes and 161 edges,"[[0, 0, 1, 1, 1, 1, 0, 1, 1, 1, 0, 0, 0, 0, 1, 0, 1, 0, 1, 0, 0, 1, 0, 0, 0], [0, 0, 1, 0, 1, 1, 1, 1, 1, 1, 1, 1, 0, 0, 1, 1, 0, 0, 1, 1, 0, 1, 0, 1, 0], [1, 1, 0, 1, 0, 1, 1, 1, 1, 1, 0, 0, 0, 1, 1, 0, 1, 0, 1, 1, 1, 1, 1, 0, 1], [1, 0, 1, 0, 1, 1, 0, 0, 0, 1, 0, 0, 1, 0, 0, 0, 1, 1, 1, 0, 1, 1, 0, 0, 0], [1, 1, 0, 1, 0, 0, 0, 1, 1, 1, 1, 0, 1, 1, 0, 0, 0, 1, 1, 1, 1, 1, 1, 0, 1], [1, 1, 1, 1, 0, 0, 0, 1, 1, 0, 0, 0, 0, 0, 1, 0, 0, 0, 1, 1, 0, 0, 1, 0, 1], [0, 1, 1, 0, 0, 0, 0, 0, 0, 0, 1, 0, 0, 1, 0, 1, 1, 1, 0, 1, 1, 0, 1, 1, 1], [1, 1, 1, 0, 1, 1, 0, 0, 0, 0, 1, 1, 0, 1, 0, 0, 0, 0, 1, 1, 1, 1, 0, 0, 1], [1, 1, 1, 0, 1, 1, 0, 0, 0, 1, 0, 0, 1, 0, 0, 1, 1, 0, 1, 0, 1, 1, 1, 1, 0], [1, 1, 1, 1, 1, 0, 0, 0, 1, 0, 1, 0, 0, 1, 0, 1, 0, 1, 1, 0, 0, 0, 0, 0, 1], [0, 1, 0, 0, 1, 0, 1, 1, 0, 1, 0, 0, 0, 1, 0, 1, 0, 1, 0, 1, 0, 0, 1, 1, 1], [0, 1, 0, 0, 0, 0, 0, 1, 0, 0, 0, 0, 1, 1, 1, 1, 1, 0, 0, 0, 1, 1, 0, 0, 1], [0, 0, 0, 1, 1, 0, 0, 0, 1, 0, 0, 1, 0, 1, 1, 0, 0, 1, 0, 0, 0, 1, 0, 1, 1], [0, 0, 1, 0, 1, 0, 1, 1, 0, 1, 1, 1, 1, 0, 1, 1, 1, 0, 0, 0, 1, 0, 1, 0, 0], [1, 1, 1, 0, 0, 1, 0, 0, 0, 0, 0, 1, 1, 1, 0, 0, 1, 0, 1, 0, 0, 1, 0, 0, 0], [0, 1, 0, 0, 0, 0, 1, 0, 1, 1, 1, 1, 0, 1, 0, 0, 0, 1, 1, 1, 1, 1, 0, 1, 1], [1, 0, 1, 1, 0, 0, 1, 0, 1, 0, 0, 1, 0, 1, 1, 0, 0, 1, 1, 0, 1, 1, 0, 1, 0], [0, 0, 0, 1, 1, 0, 1, 0, 0, 1, 1, 0, 1, 0, 0, 1, 1, 0, 0, 0, 0, 1, 1, 0, 0], [1, 1, 1, 1, 1, 1, 0, 1, 1, 1, 0, 0, 0, 0, 1, 1, 1, 0, 0, 1, 0, 1, 1, 0, 0], [0, 1, 1, 0, 1, 1, 1, 1, 0, 0, 1, 0, 0, 0, 0, 1, 0, 0, 1, 0, 1, 1, 0, 1, 1], [0, 0, 1, 1, 1, 0, 1, 1, 1, 0, 0, 1, 0, 1, 0, 1, 1, 0, 0, 1, 0, 1, 1, 1, 1], [1, 1, 1, 1, 1, 0, 0, 1, 1, 0, 0, 1, 1, 0, 1, 1, 1, 1, 1, 1, 1, 0, 1, 1, 1], [0, 0, 1, 0, 1, 1, 1, 0, 1, 0, 1, 0, 0, 1, 0, 0, 0, 1, 1, 0, 1, 1, 0, 0, 1], [0, 1, 0, 0, 0, 0, 1, 0, 1, 0, 1, 0, 1, 0, 0, 1, 1, 0, 0, 1, 1, 1, 0, 0, 0], [0, 0, 1, 0, 1, 1, 1, 1, 0, 1, 1, 1, 1, 0, 0, 1, 0, 0, 0, 1, 1, 1, 1, 0, 0]]",16.0,6.0,Y,"{0: 22, 1: 28, 2: 34, 3: 40, 4: 46, 5: 52, 6: 58, 7: 64, 8: 70, 9: 76, 10: 82, 11: 88, 12: 94, 13: 100, 14: 106, 15: 112, 16: 118, 17: 124, 18: 130, 19: 136, 20: 142, 21: 148, 22: 154, 23: 160, 24: 16}","{(0, 2): 12, (0, 3): 1, (0, 4): 1, (0, 5): 1, (0, 7): 1, (0, 8): 1, (0, 9): 1, (0, 14): 1, (0, 16): 1, (0, 18): 1, (0, 21): 1, (1, 2): 7, (1, 4): 8, (1, 5): 1, (1, 6): 1, (1, 7): 1, (1, 8): 1, (1, 9): 1, (1, 10): 1, (1, 11): 1, (1, 14): 1, (1, 15): 1, (1, 18): 1, (1, 19): 1, (1, 21): 1, (1, 23): 1, (2, 3): 1, (2, 5): 1, (2, 6): 1, (2, 7): 1, (2, 8): 1, (2, 9): 1, (2, 13): 1, (2, 14): 1, (2, 16): 1, (2, 18): 1, (2, 19): 1, (2, 20): 1, (2, 21): 1, (2, 22): 1, (2, 24): 1, (3, 4): 24, (3, 5): 7, (3, 9): 1, (3, 12): 1, (3, 16): 1, (3, 17): 1, (3, 18): 1, (3, 20): 1, (3, 21): 1, (4, 7): 1, (4, 8): 1, (4, 9): 1, (4, 10): 1, (4, 12): 1, (4, 13): 1, (4, 17): 1, (4, 18): 1, (4, 19): 1, (4, 20): 1, (4, 21): 1, (4, 22): 1, (4, 24): 1, (5, 7): 36, (5, 8): 1, (5, 14): 1, (5, 18): 1, (5, 19): 1, (5, 22): 1, (5, 24): 1, (6, 10): 47, (6, 13): 1, (6, 15): 1, (6, 16): 1, (6, 17): 1, (6, 19): 1, (6, 20): 1, (6, 22): 1, (6, 23): 1, (6, 24): 1, (7, 10): 17, (7, 11): 1, (7, 13): 1, (7, 18): 1, (7, 19): 1, (7, 20): 1, (7, 21): 1, (7, 24): 1, (8, 9): 6, (8, 12): 10, (8, 15): 1, (8, 16): 1, (8, 18): 1, (8, 20): 1, (8, 21): 7, (8, 22): 32, (8, 23): 6, (9, 10): 1, (9, 13): 24, (9, 15): 25, (9, 17): 1, (9, 18): 13, (9, 24): 1, (10, 13): 1, (10, 15): 1, (10, 17): 1, (10, 19): 7, (10, 22): 1, (10, 23): 3, (10, 24): 1, (11, 12): 1, (11, 13): 34, (11, 14): 8, (11, 15): 17, (11, 16): 17, (11, 20): 7, (11, 21): 1, (11, 24): 1, (12, 13): 1, (12, 14): 7, (12, 17): 67, (12, 21): 1, (12, 23): 4, (12, 24): 1, (13, 14): 9, (13, 15): 19, (13, 16): 1, (13, 20): 1, (13, 22): 6, (14, 16): 29, (14, 18): 48, (14, 21): 1, (15, 17): 1, (15, 18): 1, (15, 19): 1, (15, 20): 1, (15, 21): 1, (15, 23): 41, (15, 24): 1, (16, 17): 15, (16, 18): 1, (16, 20): 1, (16, 21): 1, (16, 23): 48, (17, 21): 1, (17, 22): 35, (18, 19): 57, (18, 21): 1, (18, 22): 1, (19, 20): 17, (19, 21): 44, (19, 23): 1, (19, 24): 3, (20, 21): 31, (20, 22): 73, (20, 23): 4, (20, 24): 1, (21, 22): 1, (21, 23): 51, (21, 24): 1, (22, 24): 1}",5475.9979248046875,786.0,75.0,2197.0
41.0,Graph with 25 nodes and 156 edges,"[[0, 0, 1, 1, 0, 1, 1, 1, 0, 0, 1, 1, 1, 0, 1, 1, 0, 0, 1, 0, 1, 0, 1, 0, 1], [0, 0, 1, 0, 1, 1, 0, 0, 1, 1, 1, 0, 0, 0, 0, 1, 0, 1, 1, 1, 1, 1, 1, 1, 1], [1, 1, 0, 1, 0, 1, 0, 0, 0, 0, 0, 0, 0, 0, 0, 1, 1, 1, 1, 0, 0, 1, 0, 1, 1], [1, 0, 1, 0, 0, 1, 0, 1, 1, 0, 1, 1, 0, 1, 0, 1, 1, 1, 0, 0, 1, 1, 0, 1, 1], [0, 1, 0, 0, 0, 0, 0, 0, 1, 0, 1, 0, 0, 1, 1, 1, 0, 0, 0, 0, 1, 0, 1, 1, 1], [1, 1, 1, 1, 0, 0, 0, 1, 1, 0, 0, 1, 1, 0, 1, 0, 1, 1, 0, 0, 0, 0, 0, 1, 1], [1, 0, 0, 0, 0, 0, 0, 1, 0, 0, 1, 0, 1, 0, 1, 0, 1, 1, 1, 0, 0, 1, 0, 1, 0], [1, 0, 0, 1, 0, 1, 1, 0, 1, 1, 1, 0, 1, 1, 1, 0, 0, 0, 1, 1, 0, 0, 1, 1, 0], [0, 1, 0, 1, 1, 1, 0, 1, 0, 0, 1, 1, 1, 0, 0, 0, 0, 1, 0, 0, 1, 0, 1, 1, 0], [0, 1, 0, 0, 0, 0, 0, 1, 0, 0, 0, 0, 1, 1, 1, 0, 1, 0, 0, 0, 1, 1, 1, 1, 1], [1, 1, 0, 1, 1, 0, 1, 1, 1, 0, 0, 1, 0, 1, 0, 0, 0, 0, 0, 1, 0, 0, 1, 1, 0], [1, 0, 0, 1, 0, 1, 0, 0, 1, 0, 1, 0, 1, 1, 1, 0, 0, 0, 0, 0, 1, 1, 0, 1, 1], [1, 0, 0, 0, 0, 1, 1, 1, 1, 1, 0, 1, 0, 1, 1, 1, 1, 0, 1, 0, 0, 1, 1, 1, 0], [0, 0, 0, 1, 1, 0, 0, 1, 0, 1, 1, 1, 1, 0, 1, 1, 0, 1, 0, 1, 0, 1, 0, 1, 0], [1, 0, 0, 0, 1, 1, 1, 1, 0, 1, 0, 1, 1, 1, 0, 1, 1, 1, 1, 1, 1, 1, 0, 1, 0], [1, 1, 1, 1, 1, 0, 0, 0, 0, 0, 0, 0, 1, 1, 1, 0, 1, 0, 1, 0, 0, 0, 0, 1, 0], [0, 0, 1, 1, 0, 1, 1, 0, 0, 1, 0, 0, 1, 0, 1, 1, 0, 1, 1, 1, 1, 0, 0, 0, 0], [0, 1, 1, 1, 0, 1, 1, 0, 1, 0, 0, 0, 0, 1, 1, 0, 1, 0, 1, 1, 0, 1, 0, 0, 1], [1, 1, 1, 0, 0, 0, 1, 1, 0, 0, 0, 0, 1, 0, 1, 1, 1, 1, 0, 1, 0, 0, 1, 0, 0], [0, 1, 0, 0, 0, 0, 0, 1, 0, 0, 1, 0, 0, 1, 1, 0, 1, 1, 1, 0, 0, 0, 0, 0, 1], [1, 1, 0, 1, 1, 0, 0, 0, 1, 1, 0, 1, 0, 0, 1, 0, 1, 0, 0, 0, 0, 0, 1, 0, 0], [0, 1, 1, 1, 0, 0, 1, 0, 0, 1, 0, 1, 1, 1, 1, 0, 0, 1, 0, 0, 0, 0, 0, 1, 1], [1, 1, 0, 0, 1, 0, 0, 1, 1, 1, 1, 0, 1, 0, 0, 0, 0, 0, 1, 0, 1, 0, 0, 0, 0], [0, 1, 1, 1, 1, 1, 1, 1, 1, 1, 1, 1, 1, 1, 1, 1, 0, 0, 0, 0, 0, 1, 0, 0, 1], [1, 1, 1, 1, 1, 1, 0, 0, 0, 1, 0, 1, 0, 0, 0, 0, 0, 1, 0, 1, 0, 1, 0, 1, 0]]",22.0,8.0,Y,"{0: 30, 1: 38, 2: 46, 3: 54, 4: 62, 5: 70, 6: 78, 7: 86, 8: 94, 9: 102, 10: 110, 11: 118, 12: 126, 13: 134, 14: 142, 15: 150, 16: 158, 17: 166, 18: 174, 19: 182, 20: 190, 21: 198, 22: 206, 23: 214, 24: 22}","{(0, 2): 17, (0, 3): 1, (0, 5): 1, (0, 6): 1, (0, 7): 1, (0, 10): 1, (0, 11): 1, (0, 12): 1, (0, 14): 1, (0, 15): 1, (0, 18): 1, (0, 20): 1, (0, 22): 1, (0, 24): 1, (1, 2): 20, (1, 4): 5, (1, 5): 1, (1, 8): 1, (1, 9): 1, (1, 10): 1, (1, 15): 1, (1, 17): 1, (1, 18): 1, (1, 19): 1, (1, 20): 1, (1, 21): 1, (1, 22): 1, (1, 23): 1, (1, 24): 1, (2, 3): 1, (2, 5): 1, (2, 15): 1, (2, 16): 1, (2, 17): 1, (2, 18): 1, (2, 21): 1, (2, 23): 1, (2, 24): 1, (3, 5): 40, (3, 7): 1, (3, 8): 1, (3, 10): 1, (3, 11): 1, (3, 13): 1, (3, 15): 1, (3, 16): 1, (3, 17): 1, (3, 20): 1, (3, 21): 1, (3, 23): 1, (3, 24): 1, (4, 8): 49, (4, 10): 1, (4, 13): 1, (4, 14): 1, (4, 15): 1, (4, 20): 1, (4, 22): 1, (4, 23): 1, (4, 24): 1, (5, 7): 19, (5, 8): 1, (5, 11): 1, (5, 12): 1, (5, 14): 1, (5, 16): 1, (5, 17): 1, (5, 23): 1, (5, 24): 1, (6, 7): 55, (6, 10): 1, (6, 12): 1, (6, 14): 1, (6, 16): 1, (6, 17): 1, (6, 18): 1, (6, 21): 1, (6, 23): 15, (7, 8): 1, (7, 9): 1, (7, 10): 1, (7, 12): 1, (7, 13): 1, (7, 14): 1, (7, 18): 1, (7, 19): 1, (7, 22): 1, (7, 23): 1, (8, 10): 1, (8, 11): 1, (8, 12): 1, (8, 17): 3, (8, 20): 1, (8, 22): 5, (8, 23): 29, (9, 12): 1, (9, 13): 1, (9, 14): 1, (9, 16): 1, (9, 20): 79, (9, 21): 1, (9, 22): 14, (9, 23): 1, (9, 24): 1, (10, 11): 1, (10, 13): 1, (10, 19): 77, (10, 22): 1, (10, 23): 23, (11, 12): 1, (11, 13): 35, (11, 14): 1, (11, 20): 1, (11, 21): 35, (11, 23): 39, (11, 24): 1, (12, 13): 1, (12, 14): 1, (12, 15): 44, (12, 16): 1, (12, 18): 20, (12, 21): 1, (12, 22): 22, (12, 23): 29, (13, 14): 1, (13, 15): 8, (13, 17): 1, (13, 19): 64, (13, 21): 1, (13, 23): 18, (14, 15): 19, (14, 16): 1, (14, 17): 1, (14, 18): 1, (14, 19): 16, (14, 20): 1, (14, 21): 47, (14, 23): 47, (15, 16): 60, (15, 18): 13, (15, 23): 1, (16, 17): 23, (16, 18): 1, (16, 19): 1, (16, 20): 66, (17, 18): 11, (17, 19): 20, (17, 21): 101, (17, 24): 1, (18, 19): 1, (18, 22): 122, (19, 24): 1, (20, 22): 38, (21, 23): 1, (21, 24): 7, (23, 24): 5}",4700.899124145508,781.0,75.0,2187.0
42.0,Graph with 25 nodes and 158 edges,"[[0, 0, 1, 0, 0, 0, 0, 1, 0, 1, 0, 0, 1, 1, 1, 1, 0, 0, 1, 0, 0, 1, 1, 0, 1], [0, 0, 0, 1, 1, 1, 0, 1, 1, 1, 1, 0, 1, 0, 0, 1, 0, 0, 0, 0, 0, 0, 1, 1, 0], [1, 0, 0, 1, 1, 1, 0, 0, 1, 1, 0, 0, 0, 1, 1, 1, 1, 0, 1, 0, 1, 0, 0, 1, 1], [0, 1, 1, 0, 1, 1, 0, 1, 0, 0, 1, 1, 1, 0, 1, 0, 0, 1, 1, 1, 0, 0, 0, 1, 0], [0, 1, 1, 1, 0, 1, 1, 0, 0, 0, 0, 1, 0, 0, 1, 0, 1, 1, 1, 1, 1, 0, 1, 1, 1], [0, 1, 1, 1, 1, 0, 1, 1, 1, 0, 0, 0, 0, 1, 1, 1, 0, 0, 1, 0, 0, 1, 0, 1, 1], [0, 0, 0, 0, 1, 1, 0, 1, 0, 1, 1, 1, 1, 0, 1, 1, 0, 1, 0, 1, 0, 1, 1, 1, 0], [1, 1, 0, 1, 0, 1, 1, 0, 1, 1, 0, 0, 0, 0, 1, 0, 0, 1, 0, 1, 1, 1, 1, 0, 0], [0, 1, 1, 0, 0, 1, 0, 1, 0, 0, 0, 0, 0, 0, 1, 0, 0, 1, 0, 1, 0, 0, 0, 0, 1], [1, 1, 1, 0, 0, 0, 1, 1, 0, 0, 0, 1, 1, 0, 0, 0, 1, 1, 1, 0, 0, 1, 1, 1, 1], [0, 1, 0, 1, 0, 0, 1, 0, 0, 0, 0, 1, 1, 1, 1, 0, 1, 1, 0, 0, 1, 0, 0, 0, 1], [0, 0, 0, 1, 1, 0, 1, 0, 0, 1, 1, 0, 0, 0, 1, 1, 1, 1, 1, 0, 0, 0, 0, 1, 0], [1, 1, 0, 1, 0, 0, 1, 0, 0, 1, 1, 0, 0, 1, 1, 0, 0, 0, 1, 0, 0, 1, 0, 0, 1], [1, 0, 1, 0, 0, 1, 0, 0, 0, 0, 1, 0, 1, 0, 1, 1, 1, 0, 1, 1, 0, 0, 1, 1, 1], [1, 0, 1, 1, 1, 1, 1, 1, 1, 0, 1, 1, 1, 1, 0, 0, 0, 0, 0, 1, 0, 0, 1, 1, 1], [1, 1, 1, 0, 0, 1, 1, 0, 0, 0, 0, 1, 0, 1, 0, 0, 1, 0, 1, 1, 0, 1, 0, 1, 0], [0, 0, 1, 0, 1, 0, 0, 0, 0, 1, 1, 1, 0, 1, 0, 1, 0, 0, 0, 0, 0, 0, 1, 0, 0], [0, 0, 0, 1, 1, 0, 1, 1, 1, 1, 1, 1, 0, 0, 0, 0, 0, 0, 1, 1, 1, 0, 1, 0, 0], [1, 0, 1, 1, 1, 1, 0, 0, 0, 1, 0, 1, 1, 1, 0, 1, 0, 1, 0, 1, 1, 1, 1, 1, 0], [0, 0, 0, 1, 1, 0, 1, 1, 1, 0, 0, 0, 0, 1, 1, 1, 0, 1, 1, 0, 0, 1, 1, 0, 1], [0, 0, 1, 0, 1, 0, 0, 1, 0, 0, 1, 0, 0, 0, 0, 0, 0, 1, 1, 0, 0, 0, 1, 0, 1], [1, 0, 0, 0, 0, 1, 1, 1, 0, 1, 0, 0, 1, 0, 0, 1, 0, 0, 1, 1, 0, 0, 1, 1, 1], [1, 1, 0, 0, 1, 0, 1, 1, 0, 1, 0, 0, 0, 1, 1, 0, 1, 1, 1, 1, 1, 1, 0, 1, 1], [0, 1, 1, 1, 1, 1, 1, 0, 0, 1, 0, 1, 0, 1, 1, 1, 0, 0, 1, 0, 0, 1, 1, 0, 1], [1, 0, 1, 0, 1, 1, 0, 0, 1, 1, 1, 0, 1, 1, 1, 0, 0, 0, 0, 1, 1, 1, 1, 1, 0]]",10.0,4.0,Y,"{0: 14, 1: 106, 2: 102, 3: 98, 4: 18, 5: 94, 6: 90, 7: 86, 8: 10, 9: 82, 10: 78, 11: 74, 12: 70, 13: 66, 14: 62, 15: 58, 16: 54, 17: 50, 18: 46, 19: 42, 20: 38, 21: 34, 22: 30, 23: 26, 24: 22}","{(0, 2): 1, (0, 7): 1, (0, 9): 1, (0, 12): 1, (0, 13): 1, (0, 14): 4, (0, 15): 1, (0, 18): 1, (0, 21): 1, (0, 22): 1, (0, 24): 1, (1, 3): 1, (1, 4): 1, (1, 5): 1, (1, 7): 1, (1, 8): 1, (1, 9): 1, (1, 10): 1, (1, 12): 25, (1, 15): 47, (1, 22): 15, (1, 23): 12, (2, 3): 1, (2, 4): 1, (2, 5): 1, (2, 8): 1, (2, 9): 1, (2, 13): 1, (2, 14): 1, (2, 15): 1, (2, 16): 22, (2, 18): 31, (2, 20): 31, (2, 23): 1, (2, 24): 8, (3, 4): 1, (3, 5): 1, (3, 7): 1, (3, 10): 1, (3, 11): 1, (3, 12): 1, (3, 14): 19, (3, 17): 39, (3, 18): 1, (3, 19): 30, (3, 23): 1, (4, 5): 1, (4, 6): 1, (4, 11): 1, (4, 14): 4, (4, 16): 1, (4, 17): 1, (4, 18): 1, (4, 19): 1, (4, 20): 1, (4, 22): 1, (4, 23): 1, (4, 24): 1, (5, 6): 1, (5, 7): 1, (5, 8): 1, (5, 13): 37, (5, 14): 23, (5, 15): 1, (5, 18): 1, (5, 21): 23, (5, 23): 1, (5, 24): 1, (6, 7): 4, (6, 9): 1, (6, 10): 1, (6, 11): 39, (6, 12): 36, (6, 14): 1, (6, 15): 1, (6, 17): 1, (6, 19): 1, (6, 21): 1, (6, 22): 1, (6, 23): 1, (7, 8): 3, (7, 9): 69, (7, 14): 1, (7, 17): 1, (7, 19): 1, (7, 20): 1, (7, 21): 1, (7, 22): 1, (8, 14): 1, (8, 17): 1, (8, 19): 1, (8, 24): 1, (9, 11): 1, (9, 12): 1, (9, 16): 1, (9, 17): 1, (9, 18): 1, (9, 21): 1, (9, 22): 1, (9, 23): 1, (9, 24): 1, (10, 11): 26, (10, 12): 1, (10, 13): 18, (10, 14): 1, (10, 16): 26, (10, 17): 1, (10, 20): 1, (10, 24): 1, (11, 14): 1, (11, 15): 1, (11, 16): 1, (11, 17): 1, (11, 18): 1, (11, 23): 1, (12, 13): 1, (12, 14): 1, (12, 18): 1, (12, 21): 1, (12, 24): 1, (13, 14): 1, (13, 15): 1, (13, 16): 1, (13, 18): 1, (13, 19): 1, (13, 22): 1, (13, 23): 1, (13, 24): 1, (14, 19): 1, (14, 22): 1, (14, 23): 1, (14, 24): 1, (15, 16): 1, (15, 18): 1, (15, 19): 1, (15, 21): 1, (15, 23): 1, (16, 22): 1, (17, 18): 1, (17, 19): 1, (17, 20): 1, (17, 22): 1, (18, 19): 1, (18, 20): 1, (18, 21): 1, (18, 22): 1, (18, 23): 1, (19, 21): 1, (19, 22): 1, (19, 24): 1, (20, 22): 1, (20, 24): 1, (21, 22): 1, (21, 23): 1, (21, 24): 1, (22, 23): 1, (22, 24): 1, (23, 24): 1}",3520.965576171875,783.0,75.0,2191.0
42.0,Graph with 25 nodes and 158 edges,"[[0, 0, 1, 0, 0, 0, 0, 1, 0, 1, 0, 0, 1, 1, 1, 1, 0, 0, 1, 0, 0, 1, 1, 0, 1], [0, 0, 0, 1, 1, 1, 0, 1, 1, 1, 1, 0, 1, 0, 0, 1, 0, 0, 0, 0, 0, 0, 1, 1, 0], [1, 0, 0, 1, 1, 1, 0, 0, 1, 1, 0, 0, 0, 1, 1, 1, 1, 0, 1, 0, 1, 0, 0, 1, 1], [0, 1, 1, 0, 1, 1, 0, 1, 0, 0, 1, 1, 1, 0, 1, 0, 0, 1, 1, 1, 0, 0, 0, 1, 0], [0, 1, 1, 1, 0, 1, 1, 0, 0, 0, 0, 1, 0, 0, 1, 0, 1, 1, 1, 1, 1, 0, 1, 1, 1], [0, 1, 1, 1, 1, 0, 1, 1, 1, 0, 0, 0, 0, 1, 1, 1, 0, 0, 1, 0, 0, 1, 0, 1, 1], [0, 0, 0, 0, 1, 1, 0, 1, 0, 1, 1, 1, 1, 0, 1, 1, 0, 1, 0, 1, 0, 1, 1, 1, 0], [1, 1, 0, 1, 0, 1, 1, 0, 1, 1, 0, 0, 0, 0, 1, 0, 0, 1, 0, 1, 1, 1, 1, 0, 0], [0, 1, 1, 0, 0, 1, 0, 1, 0, 0, 0, 0, 0, 0, 1, 0, 0, 1, 0, 1, 0, 0, 0, 0, 1], [1, 1, 1, 0, 0, 0, 1, 1, 0, 0, 0, 1, 1, 0, 0, 0, 1, 1, 1, 0, 0, 1, 1, 1, 1], [0, 1, 0, 1, 0, 0, 1, 0, 0, 0, 0, 1, 1, 1, 1, 0, 1, 1, 0, 0, 1, 0, 0, 0, 1], [0, 0, 0, 1, 1, 0, 1, 0, 0, 1, 1, 0, 0, 0, 1, 1, 1, 1, 1, 0, 0, 0, 0, 1, 0], [1, 1, 0, 1, 0, 0, 1, 0, 0, 1, 1, 0, 0, 1, 1, 0, 0, 0, 1, 0, 0, 1, 0, 0, 1], [1, 0, 1, 0, 0, 1, 0, 0, 0, 0, 1, 0, 1, 0, 1, 1, 1, 0, 1, 1, 0, 0, 1, 1, 1], [1, 0, 1, 1, 1, 1, 1, 1, 1, 0, 1, 1, 1, 1, 0, 0, 0, 0, 0, 1, 0, 0, 1, 1, 1], [1, 1, 1, 0, 0, 1, 1, 0, 0, 0, 0, 1, 0, 1, 0, 0, 1, 0, 1, 1, 0, 1, 0, 1, 0], [0, 0, 1, 0, 1, 0, 0, 0, 0, 1, 1, 1, 0, 1, 0, 1, 0, 0, 0, 0, 0, 0, 1, 0, 0], [0, 0, 0, 1, 1, 0, 1, 1, 1, 1, 1, 1, 0, 0, 0, 0, 0, 0, 1, 1, 1, 0, 1, 0, 0], [1, 0, 1, 1, 1, 1, 0, 0, 0, 1, 0, 1, 1, 1, 0, 1, 0, 1, 0, 1, 1, 1, 1, 1, 0], [0, 0, 0, 1, 1, 0, 1, 1, 1, 0, 0, 0, 0, 1, 1, 1, 0, 1, 1, 0, 0, 1, 1, 0, 1], [0, 0, 1, 0, 1, 0, 0, 1, 0, 0, 1, 0, 0, 0, 0, 0, 0, 1, 1, 0, 0, 0, 1, 0, 1], [1, 0, 0, 0, 0, 1, 1, 1, 0, 1, 0, 0, 1, 0, 0, 1, 0, 0, 1, 1, 0, 0, 1, 1, 1], [1, 1, 0, 0, 1, 0, 1, 1, 0, 1, 0, 0, 0, 1, 1, 0, 1, 1, 1, 1, 1, 1, 0, 1, 1], [0, 1, 1, 1, 1, 1, 1, 0, 0, 1, 0, 1, 0, 1, 1, 1, 0, 0, 1, 0, 0, 1, 1, 0, 1], [1, 0, 1, 0, 1, 1, 0, 0, 1, 1, 1, 0, 1, 1, 1, 0, 0, 0, 0, 1, 1, 1, 1, 1, 0]]",20.0,6.0,Y,"{0: 26, 1: 32, 2: 38, 3: 44, 4: 50, 5: 56, 6: 62, 7: 68, 8: 74, 9: 80, 10: 86, 11: 92, 12: 98, 13: 104, 14: 110, 15: 116, 16: 122, 17: 128, 18: 134, 19: 140, 20: 146, 21: 152, 22: 158, 23: 164, 24: 20}","{(0, 2): 16, (0, 7): 1, (0, 9): 1, (0, 12): 1, (0, 13): 1, (0, 14): 1, (0, 15): 1, (0, 18): 1, (0, 21): 1, (0, 22): 1, (0, 24): 1, (1, 3): 22, (1, 4): 1, (1, 5): 1, (1, 7): 1, (1, 8): 1, (1, 9): 1, (1, 10): 1, (1, 12): 1, (1, 15): 1, (1, 22): 1, (1, 23): 1, (2, 3): 10, (2, 4): 1, (2, 5): 1, (2, 8): 1, (2, 9): 1, (2, 13): 1, (2, 14): 1, (2, 15): 1, (2, 16): 1, (2, 18): 1, (2, 20): 1, (2, 23): 1, (2, 24): 1, (3, 4): 2, (3, 5): 1, (3, 7): 1, (3, 10): 1, (3, 11): 1, (3, 12): 1, (3, 14): 1, (3, 17): 1, (3, 18): 1, (3, 19): 1, (3, 23): 1, (4, 5): 35, (4, 6): 1, (4, 11): 1, (4, 14): 1, (4, 16): 1, (4, 17): 1, (4, 18): 1, (4, 19): 1, (4, 20): 1, (4, 22): 1, (4, 23): 1, (4, 24): 1, (5, 6): 9, (5, 7): 1, (5, 8): 1, (5, 13): 1, (5, 14): 1, (5, 15): 1, (5, 18): 1, (5, 21): 1, (5, 23): 1, (5, 24): 1, (6, 7): 41, (6, 9): 1, (6, 10): 1, (6, 11): 1, (6, 12): 1, (6, 14): 1, (6, 15): 1, (6, 17): 1, (6, 19): 1, (6, 21): 1, (6, 22): 1, (6, 23): 1, (7, 8): 16, (7, 9): 1, (7, 14): 1, (7, 17): 1, (7, 19): 1, (7, 20): 1, (7, 21): 1, (7, 22): 1, (8, 14): 11, (8, 17): 17, (8, 19): 26, (8, 24): 1, (9, 11): 2, (9, 12): 11, (9, 16): 11, (9, 17): 31, (9, 18): 1, (9, 21): 1, (9, 22): 1, (9, 23): 13, (9, 24): 4, (10, 11): 28, (10, 12): 31, (10, 13): 1, (10, 14): 4, (10, 16): 1, (10, 17): 11, (10, 20): 6, (10, 24): 1, (11, 14): 31, (11, 15): 11, (11, 16): 1, (11, 17): 1, (11, 18): 1, (11, 23): 14, (12, 13): 1, (12, 14): 28, (12, 18): 1, (12, 21): 21, (12, 24): 1, (13, 14): 1, (13, 15): 1, (13, 16): 1, (13, 18): 1, (13, 19): 49, (13, 22): 1, (13, 23): 44, (13, 24): 1, (14, 19): 1, (14, 22): 1, (14, 23): 23, (14, 24): 3, (15, 16): 92, (15, 18): 4, (15, 19): 1, (15, 21): 1, (15, 23): 1, (16, 22): 14, (17, 18): 36, (17, 19): 1, (17, 20): 26, (17, 22): 1, (18, 19): 3, (18, 20): 24, (18, 21): 28, (18, 22): 28, (18, 23): 2, (19, 21): 53, (19, 22): 1, (19, 24): 1, (20, 22): 86, (20, 24): 1, (21, 22): 1, (21, 23): 42, (21, 24): 1, (22, 23): 18, (22, 24): 1, (23, 24): 1}",4465.1031494140625,783.0,75.0,2191.0
43.0,Graph with 25 nodes and 158 edges,"[[0, 1, 1, 1, 0, 1, 1, 0, 0, 0, 0, 0, 0, 0, 1, 0, 0, 1, 1, 0, 1, 0, 1, 1, 0], [1, 0, 1, 1, 0, 0, 1, 0, 0, 0, 1, 1, 0, 1, 1, 0, 1, 0, 1, 0, 0, 1, 0, 1, 0], [1, 1, 0, 1, 1, 0, 1, 1, 0, 1, 0, 0, 1, 0, 0, 1, 0, 1, 0, 0, 1, 1, 1, 1, 1], [1, 1, 1, 0, 0, 0, 1, 0, 0, 1, 1, 1, 1, 0, 1, 0, 1, 0, 0, 0, 0, 0, 1, 0, 1], [0, 0, 1, 0, 0, 0, 1, 1, 1, 0, 1, 0, 0, 1, 1, 0, 0, 0, 0, 0, 0, 0, 1, 0, 0], [1, 0, 0, 0, 0, 0, 1, 0, 0, 1, 1, 1, 0, 0, 1, 1, 1, 1, 0, 1, 1, 1, 1, 1, 0], [1, 1, 1, 1, 1, 1, 0, 0, 1, 0, 1, 0, 1, 0, 1, 0, 1, 0, 0, 0, 1, 1, 1, 1, 1], [0, 0, 1, 0, 1, 0, 0, 0, 1, 1, 1, 1, 1, 0, 0, 0, 1, 0, 1, 0, 1, 1, 1, 0, 0], [0, 0, 0, 0, 1, 0, 1, 1, 0, 0, 0, 1, 0, 0, 1, 1, 1, 1, 1, 0, 0, 1, 1, 1, 1], [0, 0, 1, 1, 0, 1, 0, 1, 0, 0, 1, 1, 1, 0, 1, 0, 1, 0, 0, 1, 0, 0, 0, 0, 0], [0, 1, 0, 1, 1, 1, 1, 1, 0, 1, 0, 1, 1, 1, 1, 1, 1, 1, 0, 0, 0, 1, 1, 0, 0], [0, 1, 0, 1, 0, 1, 0, 1, 1, 1, 1, 0, 1, 0, 1, 1, 1, 1, 0, 1, 1, 1, 1, 0, 0], [0, 0, 1, 1, 0, 0, 1, 1, 0, 1, 1, 1, 0, 0, 1, 0, 1, 0, 1, 1, 1, 1, 0, 0, 1], [0, 1, 0, 0, 1, 0, 0, 0, 0, 0, 1, 0, 0, 0, 0, 0, 0, 0, 0, 1, 1, 1, 1, 1, 1], [1, 1, 0, 1, 1, 1, 1, 0, 1, 1, 1, 1, 1, 0, 0, 1, 1, 0, 0, 1, 0, 1, 1, 1, 1], [0, 0, 1, 0, 0, 1, 0, 0, 1, 0, 1, 1, 0, 0, 1, 0, 0, 0, 1, 1, 0, 0, 0, 1, 1], [0, 1, 0, 1, 0, 1, 1, 1, 1, 1, 1, 1, 1, 0, 1, 0, 0, 1, 1, 0, 0, 1, 0, 1, 0], [1, 0, 1, 0, 0, 1, 0, 0, 1, 0, 1, 1, 0, 0, 0, 0, 1, 0, 0, 0, 1, 1, 0, 0, 1], [1, 1, 0, 0, 0, 0, 0, 1, 1, 0, 0, 0, 1, 0, 0, 1, 1, 0, 0, 0, 1, 1, 1, 1, 1], [0, 0, 0, 0, 0, 1, 0, 0, 0, 1, 0, 1, 1, 1, 1, 1, 0, 0, 0, 0, 1, 0, 0, 0, 0], [1, 0, 1, 0, 0, 1, 1, 1, 0, 0, 0, 1, 1, 1, 0, 0, 0, 1, 1, 1, 0, 0, 1, 0, 0], [0, 1, 1, 0, 0, 1, 1, 1, 1, 0, 1, 1, 1, 1, 1, 0, 1, 1, 1, 0, 0, 0, 0, 1, 0], [1, 0, 1, 1, 1, 1, 1, 1, 1, 0, 1, 1, 0, 1, 1, 0, 0, 0, 1, 0, 1, 0, 0, 0, 1], [1, 1, 1, 0, 0, 1, 1, 0, 1, 0, 0, 0, 0, 1, 1, 1, 1, 0, 1, 0, 0, 1, 0, 0, 0], [0, 0, 1, 1, 0, 0, 1, 0, 1, 0, 0, 0, 1, 1, 1, 1, 0, 1, 1, 0, 0, 0, 1, 0, 0]]",10.0,4.0,Y,"{0: 18, 1: 22, 2: 26, 3: 30, 4: 14, 5: 34, 6: 38, 7: 42, 8: 46, 9: 50, 10: 54, 11: 58, 12: 62, 13: 66, 14: 70, 15: 74, 16: 78, 17: 82, 18: 86, 19: 10, 20: 90, 21: 94, 22: 98, 23: 102, 24: 106}","{(0, 1): 8, (0, 2): 1, (0, 3): 1, (0, 5): 1, (0, 6): 1, (0, 14): 1, (0, 17): 1, (0, 18): 1, (0, 20): 1, (0, 22): 1, (0, 23): 1, (1, 2): 4, (1, 3): 1, (1, 6): 1, (1, 10): 1, (1, 11): 1, (1, 13): 1, (1, 14): 1, (1, 16): 1, (1, 18): 1, (1, 21): 1, (1, 23): 1, (2, 3): 9, (2, 4): 1, (2, 6): 1, (2, 7): 1, (2, 9): 1, (2, 12): 1, (2, 15): 1, (2, 17): 1, (2, 20): 1, (2, 21): 1, (2, 22): 1, (2, 23): 1, (2, 24): 1, (3, 6): 11, (3, 9): 1, (3, 10): 1, (3, 11): 1, (3, 12): 1, (3, 14): 1, (3, 16): 1, (3, 22): 1, (3, 24): 1, (4, 6): 7, (4, 7): 1, (4, 8): 1, (4, 10): 1, (4, 13): 1, (4, 14): 1, (4, 22): 1, (5, 6): 7, (5, 9): 15, (5, 10): 1, (5, 11): 1, (5, 14): 1, (5, 15): 1, (5, 16): 1, (5, 17): 1, (5, 19): 1, (5, 20): 1, (5, 21): 1, (5, 22): 1, (5, 23): 1, (6, 8): 1, (6, 10): 1, (6, 12): 1, (6, 14): 1, (6, 16): 1, (6, 20): 1, (6, 21): 1, (6, 22): 1, (6, 23): 1, (6, 24): 1, (7, 8): 31, (7, 9): 1, (7, 10): 1, (7, 11): 1, (7, 12): 1, (7, 16): 1, (7, 18): 1, (7, 20): 1, (7, 21): 1, (7, 22): 1, (8, 11): 1, (8, 14): 1, (8, 15): 3, (8, 16): 1, (8, 17): 1, (8, 18): 1, (8, 21): 1, (8, 22): 2, (8, 23): 1, (8, 24): 1, (9, 10): 6, (9, 11): 20, (9, 12): 1, (9, 14): 1, (9, 16): 1, (9, 19): 3, (10, 11): 1, (10, 12): 4, (10, 13): 1, (10, 14): 1, (10, 15): 27, (10, 16): 5, (10, 17): 1, (10, 21): 1, (10, 22): 1, (11, 12): 15, (11, 14): 1, (11, 15): 1, (11, 16): 7, (11, 17): 1, (11, 19): 1, (11, 20): 4, (11, 21): 1, (11, 22): 1, (12, 14): 1, (12, 16): 1, (12, 18): 3, (12, 19): 1, (12, 20): 23, (12, 21): 5, (12, 24): 4, (13, 19): 1, (13, 20): 42, (13, 21): 1, (13, 22): 11, (13, 23): 4, (13, 24): 4, (14, 15): 2, (14, 16): 1, (14, 19): 1, (14, 21): 1, (14, 22): 1, (14, 23): 48, (14, 24): 5, (15, 18): 2, (15, 19): 1, (15, 23): 16, (15, 24): 20, (16, 17): 1, (16, 18): 1, (16, 21): 49, (16, 23): 6, (17, 20): 11, (17, 21): 21, (17, 24): 43, (18, 20): 1, (18, 21): 1, (18, 22): 53, (18, 23): 14, (18, 24): 7, (19, 20): 1, (20, 22): 3, (21, 23): 8, (22, 24): 19}",4863.977432250977,783.0,75.0,2191.0
43.0,Graph with 25 nodes and 158 edges,"[[0, 1, 1, 1, 0, 1, 1, 0, 0, 0, 0, 0, 0, 0, 1, 0, 0, 1, 1, 0, 1, 0, 1, 1, 0], [1, 0, 1, 1, 0, 0, 1, 0, 0, 0, 1, 1, 0, 1, 1, 0, 1, 0, 1, 0, 0, 1, 0, 1, 0], [1, 1, 0, 1, 1, 0, 1, 1, 0, 1, 0, 0, 1, 0, 0, 1, 0, 1, 0, 0, 1, 1, 1, 1, 1], [1, 1, 1, 0, 0, 0, 1, 0, 0, 1, 1, 1, 1, 0, 1, 0, 1, 0, 0, 0, 0, 0, 1, 0, 1], [0, 0, 1, 0, 0, 0, 1, 1, 1, 0, 1, 0, 0, 1, 1, 0, 0, 0, 0, 0, 0, 0, 1, 0, 0], [1, 0, 0, 0, 0, 0, 1, 0, 0, 1, 1, 1, 0, 0, 1, 1, 1, 1, 0, 1, 1, 1, 1, 1, 0], [1, 1, 1, 1, 1, 1, 0, 0, 1, 0, 1, 0, 1, 0, 1, 0, 1, 0, 0, 0, 1, 1, 1, 1, 1], [0, 0, 1, 0, 1, 0, 0, 0, 1, 1, 1, 1, 1, 0, 0, 0, 1, 0, 1, 0, 1, 1, 1, 0, 0], [0, 0, 0, 0, 1, 0, 1, 1, 0, 0, 0, 1, 0, 0, 1, 1, 1, 1, 1, 0, 0, 1, 1, 1, 1], [0, 0, 1, 1, 0, 1, 0, 1, 0, 0, 1, 1, 1, 0, 1, 0, 1, 0, 0, 1, 0, 0, 0, 0, 0], [0, 1, 0, 1, 1, 1, 1, 1, 0, 1, 0, 1, 1, 1, 1, 1, 1, 1, 0, 0, 0, 1, 1, 0, 0], [0, 1, 0, 1, 0, 1, 0, 1, 1, 1, 1, 0, 1, 0, 1, 1, 1, 1, 0, 1, 1, 1, 1, 0, 0], [0, 0, 1, 1, 0, 0, 1, 1, 0, 1, 1, 1, 0, 0, 1, 0, 1, 0, 1, 1, 1, 1, 0, 0, 1], [0, 1, 0, 0, 1, 0, 0, 0, 0, 0, 1, 0, 0, 0, 0, 0, 0, 0, 0, 1, 1, 1, 1, 1, 1], [1, 1, 0, 1, 1, 1, 1, 0, 1, 1, 1, 1, 1, 0, 0, 1, 1, 0, 0, 1, 0, 1, 1, 1, 1], [0, 0, 1, 0, 0, 1, 0, 0, 1, 0, 1, 1, 0, 0, 1, 0, 0, 0, 1, 1, 0, 0, 0, 1, 1], [0, 1, 0, 1, 0, 1, 1, 1, 1, 1, 1, 1, 1, 0, 1, 0, 0, 1, 1, 0, 0, 1, 0, 1, 0], [1, 0, 1, 0, 0, 1, 0, 0, 1, 0, 1, 1, 0, 0, 0, 0, 1, 0, 0, 0, 1, 1, 0, 0, 1], [1, 1, 0, 0, 0, 0, 0, 1, 1, 0, 0, 0, 1, 0, 0, 1, 1, 0, 0, 0, 1, 1, 1, 1, 1], [0, 0, 0, 0, 0, 1, 0, 0, 0, 1, 0, 1, 1, 1, 1, 1, 0, 0, 0, 0, 1, 0, 0, 0, 0], [1, 0, 1, 0, 0, 1, 1, 1, 0, 0, 0, 1, 1, 1, 0, 0, 0, 1, 1, 1, 0, 0, 1, 0, 0], [0, 1, 1, 0, 0, 1, 1, 1, 1, 0, 1, 1, 1, 1, 1, 0, 1, 1, 1, 0, 0, 0, 0, 1, 0], [1, 0, 1, 1, 1, 1, 1, 1, 1, 0, 1, 1, 0, 1, 1, 0, 0, 0, 1, 0, 1, 0, 0, 0, 1], [1, 1, 1, 0, 0, 1, 1, 0, 1, 0, 0, 0, 0, 1, 1, 1, 1, 0, 1, 0, 0, 1, 0, 0, 0], [0, 0, 1, 1, 0, 0, 1, 0, 1, 0, 0, 0, 1, 1, 1, 1, 0, 1, 1, 0, 0, 0, 1, 0, 0]]",22.0,2.0,Y,"{0: 24, 1: 26, 2: 28, 3: 30, 4: 32, 5: 34, 6: 36, 7: 38, 8: 40, 9: 42, 10: 44, 11: 46, 12: 48, 13: 50, 14: 52, 15: 54, 16: 56, 17: 58, 18: 60, 19: 62, 20: 64, 21: 66, 22: 68, 23: 70, 24: 22}","{(0, 1): 14, (0, 2): 1, (0, 3): 1, (0, 5): 1, (0, 6): 1, (0, 14): 1, (0, 17): 1, (0, 18): 1, (0, 20): 1, (0, 22): 1, (0, 23): 1, (1, 2): 2, (1, 3): 1, (1, 6): 1, (1, 10): 1, (1, 11): 1, (1, 13): 1, (1, 14): 1, (1, 16): 1, (1, 18): 1, (1, 21): 1, (1, 23): 1, (2, 3): 13, (2, 4): 1, (2, 6): 1, (2, 7): 1, (2, 9): 1, (2, 12): 1, (2, 15): 1, (2, 17): 1, (2, 20): 1, (2, 21): 1, (2, 22): 1, (2, 23): 1, (2, 24): 1, (3, 6): 7, (3, 9): 1, (3, 10): 1, (3, 11): 1, (3, 12): 1, (3, 14): 1, (3, 16): 1, (3, 22): 1, (3, 24): 1, (4, 6): 15, (4, 7): 11, (4, 8): 1, (4, 10): 1, (4, 13): 1, (4, 14): 1, (4, 22): 1, (5, 6): 1, (5, 9): 21, (5, 10): 1, (5, 11): 1, (5, 14): 1, (5, 15): 1, (5, 16): 1, (5, 17): 1, (5, 19): 1, (5, 20): 1, (5, 21): 1, (5, 22): 1, (5, 23): 1, (6, 8): 1, (6, 10): 1, (6, 12): 1, (6, 14): 1, (6, 16): 1, (6, 20): 1, (6, 21): 1, (6, 22): 1, (6, 23): 1, (6, 24): 1, (7, 8): 17, (7, 9): 1, (7, 10): 1, (7, 11): 1, (7, 12): 1, (7, 16): 1, (7, 18): 1, (7, 20): 1, (7, 21): 1, (7, 22): 1, (8, 11): 1, (8, 14): 1, (8, 15): 1, (8, 16): 1, (8, 17): 12, (8, 18): 1, (8, 21): 1, (8, 22): 1, (8, 23): 1, (8, 24): 1, (9, 10): 1, (9, 11): 1, (9, 12): 1, (9, 14): 1, (9, 16): 1, (9, 19): 13, (10, 11): 1, (10, 12): 1, (10, 13): 1, (10, 14): 1, (10, 15): 1, (10, 16): 1, (10, 17): 15, (10, 21): 15, (10, 22): 1, (11, 12): 1, (11, 14): 1, (11, 15): 1, (11, 16): 8, (11, 17): 1, (11, 19): 1, (11, 20): 24, (11, 21): 1, (11, 22): 1, (12, 14): 1, (12, 16): 1, (12, 18): 1, (12, 19): 1, (12, 20): 18, (12, 21): 18, (12, 24): 1, (13, 19): 1, (13, 20): 1, (13, 21): 1, (13, 22): 42, (13, 23): 1, (13, 24): 1, (14, 15): 1, (14, 16): 35, (14, 19): 1, (14, 21): 1, (14, 22): 1, (14, 23): 1, (14, 24): 1, (15, 18): 1, (15, 19): 43, (15, 23): 3, (15, 24): 1, (16, 17): 1, (16, 18): 1, (16, 21): 1, (16, 23): 1, (17, 20): 1, (17, 21): 13, (17, 24): 12, (18, 20): 1, (18, 21): 1, (18, 22): 1, (18, 23): 49, (18, 24): 1, (19, 20): 1, (20, 22): 13, (21, 23): 9, (22, 24): 1}",4586.935043334961,783.0,75.0,2191.0
43.0,Graph with 25 nodes and 158 edges,"[[0, 1, 1, 1, 0, 1, 1, 0, 0, 0, 0, 0, 0, 0, 1, 0, 0, 1, 1, 0, 1, 0, 1, 1, 0], [1, 0, 1, 1, 0, 0, 1, 0, 0, 0, 1, 1, 0, 1, 1, 0, 1, 0, 1, 0, 0, 1, 0, 1, 0], [1, 1, 0, 1, 1, 0, 1, 1, 0, 1, 0, 0, 1, 0, 0, 1, 0, 1, 0, 0, 1, 1, 1, 1, 1], [1, 1, 1, 0, 0, 0, 1, 0, 0, 1, 1, 1, 1, 0, 1, 0, 1, 0, 0, 0, 0, 0, 1, 0, 1], [0, 0, 1, 0, 0, 0, 1, 1, 1, 0, 1, 0, 0, 1, 1, 0, 0, 0, 0, 0, 0, 0, 1, 0, 0], [1, 0, 0, 0, 0, 0, 1, 0, 0, 1, 1, 1, 0, 0, 1, 1, 1, 1, 0, 1, 1, 1, 1, 1, 0], [1, 1, 1, 1, 1, 1, 0, 0, 1, 0, 1, 0, 1, 0, 1, 0, 1, 0, 0, 0, 1, 1, 1, 1, 1], [0, 0, 1, 0, 1, 0, 0, 0, 1, 1, 1, 1, 1, 0, 0, 0, 1, 0, 1, 0, 1, 1, 1, 0, 0], [0, 0, 0, 0, 1, 0, 1, 1, 0, 0, 0, 1, 0, 0, 1, 1, 1, 1, 1, 0, 0, 1, 1, 1, 1], [0, 0, 1, 1, 0, 1, 0, 1, 0, 0, 1, 1, 1, 0, 1, 0, 1, 0, 0, 1, 0, 0, 0, 0, 0], [0, 1, 0, 1, 1, 1, 1, 1, 0, 1, 0, 1, 1, 1, 1, 1, 1, 1, 0, 0, 0, 1, 1, 0, 0], [0, 1, 0, 1, 0, 1, 0, 1, 1, 1, 1, 0, 1, 0, 1, 1, 1, 1, 0, 1, 1, 1, 1, 0, 0], [0, 0, 1, 1, 0, 0, 1, 1, 0, 1, 1, 1, 0, 0, 1, 0, 1, 0, 1, 1, 1, 1, 0, 0, 1], [0, 1, 0, 0, 1, 0, 0, 0, 0, 0, 1, 0, 0, 0, 0, 0, 0, 0, 0, 1, 1, 1, 1, 1, 1], [1, 1, 0, 1, 1, 1, 1, 0, 1, 1, 1, 1, 1, 0, 0, 1, 1, 0, 0, 1, 0, 1, 1, 1, 1], [0, 0, 1, 0, 0, 1, 0, 0, 1, 0, 1, 1, 0, 0, 1, 0, 0, 0, 1, 1, 0, 0, 0, 1, 1], [0, 1, 0, 1, 0, 1, 1, 1, 1, 1, 1, 1, 1, 0, 1, 0, 0, 1, 1, 0, 0, 1, 0, 1, 0], [1, 0, 1, 0, 0, 1, 0, 0, 1, 0, 1, 1, 0, 0, 0, 0, 1, 0, 0, 0, 1, 1, 0, 0, 1], [1, 1, 0, 0, 0, 0, 0, 1, 1, 0, 0, 0, 1, 0, 0, 1, 1, 0, 0, 0, 1, 1, 1, 1, 1], [0, 0, 0, 0, 0, 1, 0, 0, 0, 1, 0, 1, 1, 1, 1, 1, 0, 0, 0, 0, 1, 0, 0, 0, 0], [1, 0, 1, 0, 0, 1, 1, 1, 0, 0, 0, 1, 1, 1, 0, 0, 0, 1, 1, 1, 0, 0, 1, 0, 0], [0, 1, 1, 0, 0, 1, 1, 1, 1, 0, 1, 1, 1, 1, 1, 0, 1, 1, 1, 0, 0, 0, 0, 1, 0], [1, 0, 1, 1, 1, 1, 1, 1, 1, 0, 1, 1, 0, 1, 1, 0, 0, 0, 1, 0, 1, 0, 0, 0, 1], [1, 1, 1, 0, 0, 1, 1, 0, 1, 0, 0, 0, 0, 1, 1, 1, 1, 0, 1, 0, 0, 1, 0, 0, 0], [0, 0, 1, 1, 0, 0, 1, 0, 1, 0, 0, 0, 1, 1, 1, 1, 0, 1, 1, 0, 0, 0, 1, 0, 0]]",22.0,5.0,Y,"{0: 27, 1: 32, 2: 37, 3: 42, 4: 47, 5: 52, 6: 57, 7: 62, 8: 67, 9: 72, 10: 77, 11: 82, 12: 87, 13: 92, 14: 97, 15: 102, 16: 107, 17: 112, 18: 117, 19: 122, 20: 127, 21: 132, 22: 137, 23: 142, 24: 22}","{(0, 1): 17, (0, 2): 1, (0, 3): 1, (0, 5): 1, (0, 6): 1, (0, 14): 1, (0, 17): 1, (0, 18): 1, (0, 20): 1, (0, 22): 1, (0, 23): 1, (1, 2): 5, (1, 3): 1, (1, 6): 1, (1, 10): 1, (1, 11): 1, (1, 13): 1, (1, 14): 1, (1, 16): 1, (1, 18): 1, (1, 21): 1, (1, 23): 1, (2, 3): 19, (2, 4): 1, (2, 6): 1, (2, 7): 1, (2, 9): 1, (2, 12): 1, (2, 15): 1, (2, 17): 1, (2, 20): 1, (2, 21): 1, (2, 22): 1, (2, 23): 1, (2, 24): 1, (3, 6): 13, (3, 9): 1, (3, 10): 1, (3, 11): 1, (3, 12): 1, (3, 14): 1, (3, 16): 1, (3, 22): 1, (3, 24): 1, (4, 6): 30, (4, 7): 11, (4, 8): 1, (4, 10): 1, (4, 13): 1, (4, 14): 1, (4, 22): 1, (5, 6): 1, (5, 9): 39, (5, 10): 1, (5, 11): 1, (5, 14): 1, (5, 15): 1, (5, 16): 1, (5, 17): 1, (5, 19): 1, (5, 20): 1, (5, 21): 1, (5, 22): 1, (5, 23): 1, (6, 8): 1, (6, 10): 1, (6, 12): 1, (6, 14): 1, (6, 16): 1, (6, 20): 1, (6, 21): 1, (6, 22): 1, (6, 23): 1, (6, 24): 1, (7, 8): 41, (7, 9): 1, (7, 10): 1, (7, 11): 1, (7, 12): 1, (7, 16): 1, (7, 18): 1, (7, 20): 1, (7, 21): 1, (7, 22): 1, (8, 11): 1, (8, 14): 1, (8, 15): 15, (8, 16): 1, (8, 17): 1, (8, 18): 1, (8, 21): 1, (8, 22): 1, (8, 23): 1, (8, 24): 1, (9, 10): 1, (9, 11): 1, (9, 12): 1, (9, 14): 1, (9, 16): 1, (9, 19): 25, (10, 11): 1, (10, 12): 1, (10, 13): 1, (10, 14): 1, (10, 15): 1, (10, 16): 1, (10, 17): 1, (10, 21): 1, (10, 22): 62, (11, 12): 1, (11, 14): 1, (11, 15): 1, (11, 16): 14, (11, 17): 21, (11, 19): 1, (11, 20): 8, (11, 21): 1, (11, 22): 27, (12, 14): 1, (12, 16): 1, (12, 18): 1, (12, 19): 1, (12, 20): 74, (12, 21): 1, (12, 24): 1, (13, 19): 38, (13, 20): 1, (13, 21): 47, (13, 22): 1, (13, 23): 1, (13, 24): 1, (14, 15): 1, (14, 16): 80, (14, 19): 1, (14, 21): 1, (14, 22): 1, (14, 23): 1, (14, 24): 1, (15, 18): 1, (15, 19): 54, (15, 23): 26, (15, 24): 1, (16, 17): 1, (16, 18): 1, (16, 21): 1, (16, 23): 1, (17, 20): 1, (17, 21): 72, (17, 24): 12, (18, 20): 1, (18, 21): 1, (18, 22): 1, (18, 23): 106, (18, 24): 1, (19, 20): 1, (20, 22): 36, (21, 23): 1, (22, 24): 1}",4745.006561279297,783.0,75.0,2191.0
46.0,Graph with 25 nodes and 150 edges,"[[0, 0, 1, 1, 1, 0, 1, 0, 1, 1, 0, 0, 0, 1, 1, 0, 0, 1, 1, 0, 1, 0, 0, 0, 1], [0, 0, 0, 1, 0, 0, 1, 0, 0, 1, 1, 0, 0, 0, 0, 1, 1, 1, 0, 1, 1, 1, 0, 1, 0], [1, 0, 0, 0, 1, 0, 0, 1, 0, 0, 0, 0, 1, 1, 0, 1, 1, 0, 0, 0, 1, 1, 1, 0, 0], [1, 1, 0, 0, 1, 0, 1, 0, 1, 0, 0, 1, 1, 0, 0, 0, 1, 1, 0, 0, 0, 1, 0, 0, 1], [1, 0, 1, 1, 0, 0, 1, 0, 1, 1, 1, 0, 1, 0, 1, 1, 1, 0, 1, 1, 1, 1, 0, 0, 1], [0, 0, 0, 0, 0, 0, 0, 1, 1, 0, 0, 0, 0, 1, 1, 1, 1, 0, 1, 0, 0, 1, 1, 1, 0], [1, 1, 0, 1, 1, 0, 0, 0, 0, 1, 1, 0, 1, 0, 1, 1, 1, 1, 0, 0, 1, 0, 0, 0, 0], [0, 0, 1, 0, 0, 1, 0, 0, 1, 1, 1, 1, 1, 0, 1, 0, 1, 0, 1, 0, 1, 0, 1, 0, 0], [1, 0, 0, 1, 1, 1, 0, 1, 0, 0, 0, 1, 1, 0, 0, 1, 0, 1, 0, 1, 0, 1, 1, 1, 1], [1, 1, 0, 0, 1, 0, 1, 1, 0, 0, 1, 0, 1, 1, 0, 1, 0, 0, 1, 1, 0, 0, 1, 1, 0], [0, 1, 0, 0, 1, 0, 1, 1, 0, 1, 0, 1, 1, 0, 1, 0, 0, 1, 0, 1, 1, 0, 1, 0, 1], [0, 0, 0, 1, 0, 0, 0, 1, 1, 0, 1, 0, 0, 1, 1, 0, 1, 0, 1, 0, 1, 1, 1, 0, 1], [0, 0, 1, 1, 1, 0, 1, 1, 1, 1, 1, 0, 0, 0, 1, 1, 0, 0, 0, 1, 0, 1, 0, 0, 0], [1, 0, 1, 0, 0, 1, 0, 0, 0, 1, 0, 1, 0, 0, 1, 1, 0, 1, 1, 1, 1, 0, 1, 1, 1], [1, 0, 0, 0, 1, 1, 1, 1, 0, 0, 1, 1, 1, 1, 0, 0, 0, 0, 0, 0, 1, 1, 1, 0, 0], [0, 1, 1, 0, 1, 1, 1, 0, 1, 1, 0, 0, 1, 1, 0, 0, 0, 0, 1, 1, 0, 1, 0, 0, 1], [0, 1, 1, 1, 1, 1, 1, 1, 0, 0, 0, 1, 0, 0, 0, 0, 0, 1, 0, 0, 0, 1, 1, 0, 0], [1, 1, 0, 1, 0, 0, 1, 0, 1, 0, 1, 0, 0, 1, 0, 0, 1, 0, 1, 1, 1, 0, 1, 1, 0], [1, 0, 0, 0, 1, 1, 0, 1, 0, 1, 0, 1, 0, 1, 0, 1, 0, 1, 0, 1, 0, 0, 0, 0, 0], [0, 1, 0, 0, 1, 0, 0, 0, 1, 1, 1, 0, 1, 1, 0, 1, 0, 1, 1, 0, 0, 1, 0, 0, 1], [1, 1, 1, 0, 1, 0, 1, 1, 0, 0, 1, 1, 0, 1, 1, 0, 0, 1, 0, 0, 0, 0, 0, 1, 0], [0, 1, 1, 1, 1, 1, 0, 0, 1, 0, 0, 1, 1, 0, 1, 1, 1, 0, 0, 1, 0, 0, 1, 0, 0], [0, 0, 1, 0, 0, 1, 0, 1, 1, 1, 1, 1, 0, 1, 1, 0, 1, 1, 0, 0, 0, 1, 0, 1, 0], [0, 1, 0, 0, 0, 1, 0, 0, 1, 1, 0, 0, 0, 1, 0, 0, 0, 1, 0, 0, 1, 0, 1, 0, 1], [1, 0, 0, 1, 1, 0, 0, 0, 1, 0, 1, 1, 0, 1, 0, 1, 0, 0, 0, 1, 0, 0, 0, 1, 0]]",16.0,2.0,Y,"{0: 18, 1: 20, 2: 22, 3: 24, 4: 26, 5: 28, 6: 30, 7: 32, 8: 34, 9: 36, 10: 38, 11: 40, 12: 42, 13: 44, 14: 46, 15: 48, 16: 50, 17: 52, 18: 54, 19: 56, 20: 58, 21: 60, 22: 62, 23: 64, 24: 16}","{(0, 2): 7, (0, 3): 1, (0, 4): 1, (0, 6): 1, (0, 8): 1, (0, 9): 1, (0, 13): 1, (0, 14): 1, (0, 17): 1, (0, 18): 1, (0, 20): 1, (0, 24): 1, (1, 3): 10, (1, 6): 1, (1, 9): 1, (1, 10): 1, (1, 15): 1, (1, 16): 1, (1, 17): 1, (1, 19): 1, (1, 20): 1, (1, 21): 1, (1, 23): 1, (2, 4): 7, (2, 7): 1, (2, 12): 1, (2, 13): 1, (2, 15): 1, (2, 16): 1, (2, 20): 1, (2, 21): 1, (2, 22): 1, (3, 4): 5, (3, 6): 1, (3, 8): 1, (3, 11): 1, (3, 12): 1, (3, 16): 1, (3, 17): 1, (3, 21): 1, (3, 24): 1, (4, 6): 1, (4, 8): 1, (4, 9): 1, (4, 10): 1, (4, 12): 1, (4, 14): 1, (4, 15): 1, (4, 16): 1, (4, 18): 1, (4, 19): 1, (4, 20): 1, (4, 21): 1, (4, 24): 1, (5, 7): 19, (5, 8): 1, (5, 13): 1, (5, 14): 1, (5, 15): 1, (5, 16): 1, (5, 18): 1, (5, 21): 1, (5, 22): 1, (5, 23): 1, (6, 9): 19, (6, 10): 1, (6, 12): 1, (6, 14): 1, (6, 15): 1, (6, 16): 1, (6, 17): 1, (6, 20): 1, (7, 8): 3, (7, 9): 1, (7, 10): 1, (7, 11): 1, (7, 12): 1, (7, 14): 1, (7, 16): 1, (7, 18): 1, (7, 20): 1, (7, 22): 1, (8, 11): 1, (8, 12): 9, (8, 15): 4, (8, 17): 7, (8, 19): 2, (8, 21): 1, (8, 22): 1, (8, 23): 1, (8, 24): 1, (9, 10): 1, (9, 12): 1, (9, 13): 3, (9, 15): 3, (9, 18): 2, (9, 19): 1, (9, 22): 1, (9, 23): 1, (10, 11): 1, (10, 12): 13, (10, 14): 2, (10, 17): 1, (10, 19): 5, (10, 20): 9, (10, 22): 1, (10, 24): 1, (11, 13): 4, (11, 14): 8, (11, 16): 8, (11, 18): 8, (11, 20): 5, (11, 21): 1, (11, 22): 1, (11, 24): 1, (12, 14): 1, (12, 15): 11, (12, 19): 1, (12, 21): 1, (13, 14): 1, (13, 15): 13, (13, 17): 1, (13, 18): 14, (13, 19): 1, (13, 20): 1, (13, 22): 1, (13, 23): 1, (13, 24): 1, (14, 20): 5, (14, 21): 8, (14, 22): 16, (15, 18): 5, (15, 19): 1, (15, 21): 5, (15, 24): 1, (16, 17): 10, (16, 21): 15, (16, 22): 10, (17, 18): 3, (17, 19): 1, (17, 20): 15, (17, 22): 1, (17, 23): 9, (18, 19): 18, (19, 21): 23, (19, 24): 1, (20, 23): 17, (21, 22): 1, (22, 23): 26, (23, 24): 7}",4846.096038818359,775.0,75.0,2175.0
46.0,Graph with 25 nodes and 150 edges,"[[0, 0, 1, 1, 1, 0, 1, 0, 1, 1, 0, 0, 0, 1, 1, 0, 0, 1, 1, 0, 1, 0, 0, 0, 1], [0, 0, 0, 1, 0, 0, 1, 0, 0, 1, 1, 0, 0, 0, 0, 1, 1, 1, 0, 1, 1, 1, 0, 1, 0], [1, 0, 0, 0, 1, 0, 0, 1, 0, 0, 0, 0, 1, 1, 0, 1, 1, 0, 0, 0, 1, 1, 1, 0, 0], [1, 1, 0, 0, 1, 0, 1, 0, 1, 0, 0, 1, 1, 0, 0, 0, 1, 1, 0, 0, 0, 1, 0, 0, 1], [1, 0, 1, 1, 0, 0, 1, 0, 1, 1, 1, 0, 1, 0, 1, 1, 1, 0, 1, 1, 1, 1, 0, 0, 1], [0, 0, 0, 0, 0, 0, 0, 1, 1, 0, 0, 0, 0, 1, 1, 1, 1, 0, 1, 0, 0, 1, 1, 1, 0], [1, 1, 0, 1, 1, 0, 0, 0, 0, 1, 1, 0, 1, 0, 1, 1, 1, 1, 0, 0, 1, 0, 0, 0, 0], [0, 0, 1, 0, 0, 1, 0, 0, 1, 1, 1, 1, 1, 0, 1, 0, 1, 0, 1, 0, 1, 0, 1, 0, 0], [1, 0, 0, 1, 1, 1, 0, 1, 0, 0, 0, 1, 1, 0, 0, 1, 0, 1, 0, 1, 0, 1, 1, 1, 1], [1, 1, 0, 0, 1, 0, 1, 1, 0, 0, 1, 0, 1, 1, 0, 1, 0, 0, 1, 1, 0, 0, 1, 1, 0], [0, 1, 0, 0, 1, 0, 1, 1, 0, 1, 0, 1, 1, 0, 1, 0, 0, 1, 0, 1, 1, 0, 1, 0, 1], [0, 0, 0, 1, 0, 0, 0, 1, 1, 0, 1, 0, 0, 1, 1, 0, 1, 0, 1, 0, 1, 1, 1, 0, 1], [0, 0, 1, 1, 1, 0, 1, 1, 1, 1, 1, 0, 0, 0, 1, 1, 0, 0, 0, 1, 0, 1, 0, 0, 0], [1, 0, 1, 0, 0, 1, 0, 0, 0, 1, 0, 1, 0, 0, 1, 1, 0, 1, 1, 1, 1, 0, 1, 1, 1], [1, 0, 0, 0, 1, 1, 1, 1, 0, 0, 1, 1, 1, 1, 0, 0, 0, 0, 0, 0, 1, 1, 1, 0, 0], [0, 1, 1, 0, 1, 1, 1, 0, 1, 1, 0, 0, 1, 1, 0, 0, 0, 0, 1, 1, 0, 1, 0, 0, 1], [0, 1, 1, 1, 1, 1, 1, 1, 0, 0, 0, 1, 0, 0, 0, 0, 0, 1, 0, 0, 0, 1, 1, 0, 0], [1, 1, 0, 1, 0, 0, 1, 0, 1, 0, 1, 0, 0, 1, 0, 0, 1, 0, 1, 1, 1, 0, 1, 1, 0], [1, 0, 0, 0, 1, 1, 0, 1, 0, 1, 0, 1, 0, 1, 0, 1, 0, 1, 0, 1, 0, 0, 0, 0, 0], [0, 1, 0, 0, 1, 0, 0, 0, 1, 1, 1, 0, 1, 1, 0, 1, 0, 1, 1, 0, 0, 1, 0, 0, 1], [1, 1, 1, 0, 1, 0, 1, 1, 0, 0, 1, 1, 0, 1, 1, 0, 0, 1, 0, 0, 0, 0, 0, 1, 0], [0, 1, 1, 1, 1, 1, 0, 0, 1, 0, 0, 1, 1, 0, 1, 1, 1, 0, 0, 1, 0, 0, 1, 0, 0], [0, 0, 1, 0, 0, 1, 0, 1, 1, 1, 1, 1, 0, 1, 1, 0, 1, 1, 0, 0, 0, 1, 0, 1, 0], [0, 1, 0, 0, 0, 1, 0, 0, 1, 1, 0, 0, 0, 1, 0, 0, 0, 1, 0, 0, 1, 0, 1, 0, 1], [1, 0, 0, 1, 1, 0, 0, 0, 1, 0, 1, 1, 0, 1, 0, 1, 0, 0, 0, 1, 0, 0, 0, 1, 0]]",20.0,1.0,Y,"{0: 21, 1: 22, 2: 23, 3: 24, 4: 25, 5: 26, 6: 27, 7: 28, 8: 29, 9: 30, 10: 31, 11: 32, 12: 33, 13: 34, 14: 35, 15: 36, 16: 37, 17: 38, 18: 39, 19: 40, 20: 41, 21: 42, 22: 43, 23: 44, 24: 20}","{(0, 2): 10, (0, 3): 1, (0, 4): 1, (0, 6): 1, (0, 8): 1, (0, 9): 1, (0, 13): 1, (0, 14): 1, (0, 17): 1, (0, 18): 1, (0, 20): 1, (0, 24): 1, (1, 3): 12, (1, 6): 1, (1, 9): 1, (1, 10): 1, (1, 15): 1, (1, 16): 1, (1, 17): 1, (1, 19): 1, (1, 20): 1, (1, 21): 1, (1, 23): 1, (2, 4): 5, (2, 7): 1, (2, 12): 1, (2, 13): 1, (2, 15): 1, (2, 16): 1, (2, 20): 1, (2, 21): 1, (2, 22): 1, (3, 4): 3, (3, 6): 1, (3, 8): 1, (3, 11): 1, (3, 12): 1, (3, 16): 1, (3, 17): 1, (3, 21): 1, (3, 24): 1, (4, 6): 4, (4, 8): 1, (4, 9): 1, (4, 10): 1, (4, 12): 1, (4, 14): 1, (4, 15): 1, (4, 16): 1, (4, 18): 1, (4, 19): 1, (4, 20): 1, (4, 21): 1, (4, 24): 1, (5, 7): 17, (5, 8): 1, (5, 13): 1, (5, 14): 1, (5, 15): 1, (5, 16): 1, (5, 18): 1, (5, 21): 1, (5, 22): 1, (5, 23): 1, (6, 9): 13, (6, 10): 1, (6, 12): 1, (6, 14): 1, (6, 15): 1, (6, 16): 1, (6, 17): 1, (6, 20): 1, (7, 8): 1, (7, 9): 1, (7, 10): 1, (7, 11): 1, (7, 12): 1, (7, 14): 1, (7, 16): 1, (7, 18): 1, (7, 20): 1, (7, 22): 1, (8, 11): 16, (8, 12): 1, (8, 15): 1, (8, 17): 1, (8, 19): 1, (8, 21): 1, (8, 22): 1, (8, 23): 1, (8, 24): 1, (9, 10): 6, (9, 12): 1, (9, 13): 1, (9, 15): 1, (9, 18): 1, (9, 19): 1, (9, 22): 1, (9, 23): 1, (10, 11): 6, (10, 12): 9, (10, 14): 1, (10, 17): 1, (10, 19): 1, (10, 20): 1, (10, 22): 1, (10, 24): 1, (11, 13): 1, (11, 14): 1, (11, 16): 1, (11, 18): 1, (11, 20): 1, (11, 21): 1, (11, 22): 1, (11, 24): 1, (12, 14): 14, (12, 15): 1, (12, 19): 1, (12, 21): 1, (13, 14): 11, (13, 15): 11, (13, 17): 1, (13, 18): 1, (13, 19): 1, (13, 20): 1, (13, 22): 1, (13, 23): 1, (13, 24): 1, (14, 20): 1, (14, 21): 1, (14, 22): 1, (15, 18): 14, (15, 19): 1, (15, 21): 1, (15, 24): 1, (16, 17): 26, (16, 21): 2, (16, 22): 1, (17, 18): 1, (17, 19): 1, (17, 20): 1, (17, 22): 1, (17, 23): 1, (18, 19): 17, (19, 21): 4, (19, 24): 10, (20, 23): 30, (21, 22): 26, (22, 23): 6, (23, 24): 2}",4426.9561767578125,775.0,75.0,2175.0
46.0,Graph with 25 nodes and 150 edges,"[[0, 0, 1, 1, 1, 0, 1, 0, 1, 1, 0, 0, 0, 1, 1, 0, 0, 1, 1, 0, 1, 0, 0, 0, 1], [0, 0, 0, 1, 0, 0, 1, 0, 0, 1, 1, 0, 0, 0, 0, 1, 1, 1, 0, 1, 1, 1, 0, 1, 0], [1, 0, 0, 0, 1, 0, 0, 1, 0, 0, 0, 0, 1, 1, 0, 1, 1, 0, 0, 0, 1, 1, 1, 0, 0], [1, 1, 0, 0, 1, 0, 1, 0, 1, 0, 0, 1, 1, 0, 0, 0, 1, 1, 0, 0, 0, 1, 0, 0, 1], [1, 0, 1, 1, 0, 0, 1, 0, 1, 1, 1, 0, 1, 0, 1, 1, 1, 0, 1, 1, 1, 1, 0, 0, 1], [0, 0, 0, 0, 0, 0, 0, 1, 1, 0, 0, 0, 0, 1, 1, 1, 1, 0, 1, 0, 0, 1, 1, 1, 0], [1, 1, 0, 1, 1, 0, 0, 0, 0, 1, 1, 0, 1, 0, 1, 1, 1, 1, 0, 0, 1, 0, 0, 0, 0], [0, 0, 1, 0, 0, 1, 0, 0, 1, 1, 1, 1, 1, 0, 1, 0, 1, 0, 1, 0, 1, 0, 1, 0, 0], [1, 0, 0, 1, 1, 1, 0, 1, 0, 0, 0, 1, 1, 0, 0, 1, 0, 1, 0, 1, 0, 1, 1, 1, 1], [1, 1, 0, 0, 1, 0, 1, 1, 0, 0, 1, 0, 1, 1, 0, 1, 0, 0, 1, 1, 0, 0, 1, 1, 0], [0, 1, 0, 0, 1, 0, 1, 1, 0, 1, 0, 1, 1, 0, 1, 0, 0, 1, 0, 1, 1, 0, 1, 0, 1], [0, 0, 0, 1, 0, 0, 0, 1, 1, 0, 1, 0, 0, 1, 1, 0, 1, 0, 1, 0, 1, 1, 1, 0, 1], [0, 0, 1, 1, 1, 0, 1, 1, 1, 1, 1, 0, 0, 0, 1, 1, 0, 0, 0, 1, 0, 1, 0, 0, 0], [1, 0, 1, 0, 0, 1, 0, 0, 0, 1, 0, 1, 0, 0, 1, 1, 0, 1, 1, 1, 1, 0, 1, 1, 1], [1, 0, 0, 0, 1, 1, 1, 1, 0, 0, 1, 1, 1, 1, 0, 0, 0, 0, 0, 0, 1, 1, 1, 0, 0], [0, 1, 1, 0, 1, 1, 1, 0, 1, 1, 0, 0, 1, 1, 0, 0, 0, 0, 1, 1, 0, 1, 0, 0, 1], [0, 1, 1, 1, 1, 1, 1, 1, 0, 0, 0, 1, 0, 0, 0, 0, 0, 1, 0, 0, 0, 1, 1, 0, 0], [1, 1, 0, 1, 0, 0, 1, 0, 1, 0, 1, 0, 0, 1, 0, 0, 1, 0, 1, 1, 1, 0, 1, 1, 0], [1, 0, 0, 0, 1, 1, 0, 1, 0, 1, 0, 1, 0, 1, 0, 1, 0, 1, 0, 1, 0, 0, 0, 0, 0], [0, 1, 0, 0, 1, 0, 0, 0, 1, 1, 1, 0, 1, 1, 0, 1, 0, 1, 1, 0, 0, 1, 0, 0, 1], [1, 1, 1, 0, 1, 0, 1, 1, 0, 0, 1, 1, 0, 1, 1, 0, 0, 1, 0, 0, 0, 0, 0, 1, 0], [0, 1, 1, 1, 1, 1, 0, 0, 1, 0, 0, 1, 1, 0, 1, 1, 1, 0, 0, 1, 0, 0, 1, 0, 0], [0, 0, 1, 0, 0, 1, 0, 1, 1, 1, 1, 1, 0, 1, 1, 0, 1, 1, 0, 0, 0, 1, 0, 1, 0], [0, 1, 0, 0, 0, 1, 0, 0, 1, 1, 0, 0, 0, 1, 0, 0, 0, 1, 0, 0, 1, 0, 1, 0, 1], [1, 0, 0, 1, 1, 0, 0, 0, 1, 0, 1, 1, 0, 1, 0, 1, 0, 0, 0, 1, 0, 0, 0, 1, 0]]",26.0,3.0,Y,"{0: 29, 1: 32, 2: 35, 3: 38, 4: 41, 5: 44, 6: 47, 7: 50, 8: 53, 9: 56, 10: 59, 11: 62, 12: 65, 13: 68, 14: 71, 15: 74, 16: 77, 17: 80, 18: 83, 19: 86, 20: 89, 21: 92, 22: 95, 23: 98, 24: 26}","{(0, 2): 18, (0, 3): 1, (0, 4): 1, (0, 6): 1, (0, 8): 1, (0, 9): 1, (0, 13): 1, (0, 14): 1, (0, 17): 1, (0, 18): 1, (0, 20): 1, (0, 24): 1, (1, 3): 22, (1, 6): 1, (1, 9): 1, (1, 10): 1, (1, 15): 1, (1, 16): 1, (1, 17): 1, (1, 19): 1, (1, 20): 1, (1, 21): 1, (1, 23): 1, (2, 4): 9, (2, 7): 1, (2, 12): 1, (2, 13): 1, (2, 15): 1, (2, 16): 1, (2, 20): 1, (2, 21): 1, (2, 22): 1, (3, 4): 7, (3, 6): 1, (3, 8): 1, (3, 11): 1, (3, 12): 1, (3, 16): 1, (3, 17): 1, (3, 21): 1, (3, 24): 1, (4, 6): 12, (4, 8): 1, (4, 9): 1, (4, 10): 1, (4, 12): 1, (4, 14): 1, (4, 15): 1, (4, 16): 1, (4, 18): 1, (4, 19): 1, (4, 20): 1, (4, 21): 1, (4, 24): 1, (5, 7): 35, (5, 8): 1, (5, 13): 1, (5, 14): 1, (5, 15): 1, (5, 16): 1, (5, 18): 1, (5, 21): 1, (5, 22): 1, (5, 23): 1, (6, 9): 25, (6, 10): 1, (6, 12): 1, (6, 14): 1, (6, 15): 1, (6, 16): 1, (6, 17): 1, (6, 20): 1, (7, 8): 5, (7, 9): 1, (7, 10): 1, (7, 11): 1, (7, 12): 1, (7, 14): 1, (7, 16): 1, (7, 18): 1, (7, 20): 1, (7, 22): 1, (8, 11): 36, (8, 12): 1, (8, 15): 1, (8, 17): 1, (8, 19): 1, (8, 21): 1, (8, 22): 1, (8, 23): 1, (8, 24): 1, (9, 10): 20, (9, 12): 1, (9, 13): 1, (9, 15): 1, (9, 18): 1, (9, 19): 1, (9, 22): 1, (9, 23): 1, (10, 11): 16, (10, 12): 13, (10, 14): 1, (10, 17): 1, (10, 19): 1, (10, 20): 1, (10, 22): 1, (10, 24): 1, (11, 13): 1, (11, 14): 1, (11, 16): 1, (11, 18): 1, (11, 20): 1, (11, 21): 1, (11, 22): 1, (11, 24): 1, (12, 14): 42, (12, 15): 1, (12, 19): 1, (12, 21): 1, (13, 14): 19, (13, 15): 37, (13, 17): 1, (13, 18): 1, (13, 19): 1, (13, 20): 1, (13, 22): 1, (13, 23): 1, (13, 24): 1, (14, 20): 1, (14, 21): 1, (14, 22): 1, (15, 18): 26, (15, 19): 1, (15, 21): 1, (15, 24): 1, (16, 17): 67, (16, 21): 1, (16, 22): 1, (17, 18): 1, (17, 19): 2, (17, 20): 1, (17, 22): 1, (17, 23): 1, (18, 19): 49, (19, 21): 10, (19, 24): 17, (20, 23): 78, (21, 22): 71, (22, 23): 13, (23, 24): 1}",4934.072494506836,775.0,75.0,2175.0
47.0,Graph with 25 nodes and 133 edges,"[[0, 1, 1, 0, 0, 1, 1, 1, 1, 0, 1, 1, 1, 1, 0, 1, 0, 1, 1, 0, 1, 0, 0, 0, 1], [1, 0, 1, 1, 0, 1, 0, 1, 1, 0, 1, 0, 0, 1, 1, 1, 1, 1, 1, 1, 0, 0, 0, 0, 0], [1, 1, 0, 1, 0, 0, 0, 0, 0, 1, 1, 0, 1, 0, 1, 0, 1, 1, 1, 0, 0, 0, 1, 0, 1], [0, 1, 1, 0, 1, 1, 1, 1, 0, 0, 0, 0, 1, 1, 0, 0, 1, 1, 0, 1, 0, 1, 0, 1, 0], [0, 0, 0, 1, 0, 1, 1, 1, 1, 0, 1, 0, 0, 1, 1, 0, 0, 1, 1, 0, 1, 0, 1, 0, 1], [1, 1, 0, 1, 1, 0, 1, 0, 0, 0, 0, 1, 1, 1, 0, 0, 0, 1, 0, 0, 0, 0, 1, 1, 1], [1, 0, 0, 1, 1, 1, 0, 1, 1, 0, 0, 1, 1, 0, 1, 1, 0, 0, 0, 0, 0, 1, 1, 1, 0], [1, 1, 0, 1, 1, 0, 1, 0, 0, 1, 0, 1, 0, 0, 0, 0, 1, 0, 1, 0, 0, 1, 0, 0, 1], [1, 1, 0, 0, 1, 0, 1, 0, 0, 0, 0, 0, 1, 1, 0, 0, 1, 1, 0, 0, 0, 0, 0, 0, 1], [0, 0, 1, 0, 0, 0, 0, 1, 0, 0, 1, 1, 0, 1, 1, 0, 1, 0, 0, 0, 1, 0, 0, 0, 1], [1, 1, 1, 0, 1, 0, 0, 0, 0, 1, 0, 0, 0, 0, 1, 1, 0, 0, 1, 1, 0, 0, 0, 1, 1], [1, 0, 0, 0, 0, 1, 1, 1, 0, 1, 0, 0, 0, 0, 0, 1, 1, 0, 0, 1, 0, 0, 0, 0, 0], [1, 0, 1, 1, 0, 1, 1, 0, 1, 0, 0, 0, 0, 0, 0, 0, 1, 0, 0, 1, 0, 0, 0, 1, 1], [1, 1, 0, 1, 1, 1, 0, 0, 1, 1, 0, 0, 0, 0, 0, 0, 0, 0, 0, 0, 0, 0, 1, 0, 0], [0, 1, 1, 0, 1, 0, 1, 0, 0, 1, 1, 0, 0, 0, 0, 1, 0, 0, 1, 0, 1, 0, 1, 1, 0], [1, 1, 0, 0, 0, 0, 1, 0, 0, 0, 1, 1, 0, 0, 1, 0, 1, 1, 0, 1, 1, 0, 0, 0, 1], [0, 1, 1, 1, 0, 0, 0, 1, 1, 1, 0, 1, 1, 0, 0, 1, 0, 1, 1, 0, 0, 0, 0, 0, 0], [1, 1, 1, 1, 1, 1, 0, 0, 1, 0, 0, 0, 0, 0, 0, 1, 1, 0, 1, 1, 0, 0, 1, 1, 0], [1, 1, 1, 0, 1, 0, 0, 1, 0, 0, 1, 0, 0, 0, 1, 0, 1, 1, 0, 0, 1, 0, 0, 1, 0], [0, 1, 0, 1, 0, 0, 0, 0, 0, 0, 1, 1, 1, 0, 0, 1, 0, 1, 0, 0, 1, 0, 1, 0, 1], [1, 0, 0, 0, 1, 0, 0, 0, 0, 1, 0, 0, 0, 0, 1, 1, 0, 0, 1, 1, 0, 0, 0, 1, 0], [0, 0, 0, 1, 0, 0, 1, 1, 0, 0, 0, 0, 0, 0, 0, 0, 0, 0, 0, 0, 0, 0, 0, 1, 0], [0, 0, 1, 0, 1, 1, 1, 0, 0, 0, 0, 0, 0, 1, 1, 0, 0, 1, 0, 1, 0, 0, 0, 0, 0], [0, 0, 0, 1, 0, 1, 1, 0, 0, 0, 1, 0, 1, 0, 1, 0, 0, 1, 1, 0, 1, 1, 0, 0, 0], [1, 0, 1, 0, 1, 1, 0, 1, 1, 1, 1, 0, 1, 0, 0, 1, 0, 0, 0, 1, 0, 0, 0, 0, 0]]",6.0,7.0,Y,"{0: 27, 1: 34, 2: 20, 3: 41, 4: 48, 5: 55, 6: 62, 7: 69, 8: 76, 9: 83, 10: 90, 11: 97, 12: 104, 13: 111, 14: 118, 15: 125, 16: 132, 17: 139, 18: 146, 19: 153, 20: 160, 21: 6, 22: 167, 23: 174, 24: 13}","{(0, 1): 13, (0, 2): 1, (0, 5): 1, (0, 6): 1, (0, 7): 1, (0, 8): 1, (0, 10): 1, (0, 11): 1, (0, 12): 1, (0, 13): 1, (0, 15): 1, (0, 17): 1, (0, 18): 1, (0, 20): 1, (0, 24): 1, (1, 2): 9, (1, 3): 1, (1, 5): 1, (1, 7): 1, (1, 8): 1, (1, 10): 1, (1, 13): 1, (1, 14): 1, (1, 15): 1, (1, 16): 1, (1, 17): 1, (1, 18): 1, (1, 19): 1, (2, 3): 1, (2, 9): 1, (2, 10): 1, (2, 12): 1, (2, 14): 1, (2, 16): 1, (2, 17): 1, (2, 18): 1, (2, 22): 1, (2, 24): 1, (3, 4): 29, (3, 5): 1, (3, 6): 1, (3, 7): 1, (3, 12): 1, (3, 13): 1, (3, 16): 1, (3, 17): 1, (3, 19): 1, (3, 21): 1, (3, 23): 1, (4, 5): 8, (4, 6): 1, (4, 7): 1, (4, 8): 1, (4, 10): 1, (4, 13): 1, (4, 14): 1, (4, 17): 1, (4, 18): 1, (4, 20): 1, (4, 22): 1, (4, 24): 1, (5, 6): 37, (5, 11): 1, (5, 12): 1, (5, 13): 1, (5, 17): 1, (5, 22): 1, (5, 23): 1, (5, 24): 1, (6, 7): 12, (6, 8): 1, (6, 11): 1, (6, 12): 1, (6, 14): 1, (6, 15): 1, (6, 21): 1, (6, 22): 3, (6, 23): 1, (7, 9): 40, (7, 11): 1, (7, 16): 9, (7, 18): 1, (7, 21): 1, (7, 24): 1, (8, 12): 1, (8, 13): 1, (8, 16): 68, (8, 17): 1, (8, 24): 1, (9, 10): 1, (9, 11): 13, (9, 13): 16, (9, 14): 1, (9, 16): 1, (9, 20): 9, (9, 24): 1, (10, 14): 14, (10, 15): 9, (10, 18): 27, (10, 19): 1, (10, 23): 33, (10, 24): 1, (11, 15): 78, (11, 16): 1, (11, 19): 1, (12, 16): 14, (12, 19): 1, (12, 23): 82, (12, 24): 1, (13, 22): 89, (14, 15): 1, (14, 18): 7, (14, 20): 1, (14, 22): 70, (14, 23): 20, (15, 16): 1, (15, 17): 1, (15, 19): 1, (15, 20): 30, (15, 24): 1, (16, 17): 1, (16, 18): 34, (17, 18): 71, (17, 19): 27, (17, 22): 1, (17, 23): 31, (18, 20): 1, (18, 23): 1, (19, 20): 116, (19, 22): 1, (19, 24): 3, (20, 23): 1, (21, 23): 3}",4602.909088134766,758.0,75.0,2141.0
48.0,Graph with 25 nodes and 158 edges,"[[0, 1, 1, 0, 1, 0, 0, 1, 0, 1, 0, 1, 0, 0, 1, 1, 1, 1, 0, 1, 1, 1, 1, 1, 1], [1, 0, 1, 0, 0, 0, 0, 0, 1, 0, 1, 1, 0, 1, 1, 0, 1, 0, 0, 0, 1, 0, 0, 1, 0], [1, 1, 0, 0, 0, 1, 1, 1, 0, 0, 1, 0, 1, 1, 1, 1, 1, 0, 0, 1, 0, 1, 0, 0, 0], [0, 0, 0, 0, 1, 1, 0, 0, 1, 1, 1, 0, 0, 1, 0, 0, 0, 1, 0, 1, 1, 1, 1, 1, 1], [1, 0, 0, 1, 0, 1, 1, 0, 0, 0, 1, 1, 1, 0, 1, 1, 0, 1, 1, 0, 1, 1, 0, 1, 0], [0, 0, 1, 1, 1, 0, 0, 0, 1, 1, 0, 1, 1, 1, 1, 0, 0, 1, 1, 1, 0, 0, 0, 0, 0], [0, 0, 1, 0, 1, 0, 0, 0, 0, 0, 0, 0, 1, 0, 1, 0, 0, 0, 1, 1, 1, 1, 1, 0, 0], [1, 0, 1, 0, 0, 0, 0, 0, 1, 1, 0, 1, 0, 0, 0, 1, 1, 0, 1, 0, 1, 1, 0, 1, 0], [0, 1, 0, 1, 0, 1, 0, 1, 0, 1, 1, 1, 0, 1, 1, 1, 0, 1, 1, 1, 1, 1, 0, 0, 1], [1, 0, 0, 1, 0, 1, 0, 1, 1, 0, 1, 0, 0, 0, 0, 0, 0, 1, 0, 1, 1, 0, 1, 1, 1], [0, 1, 1, 1, 1, 0, 0, 0, 1, 1, 0, 0, 0, 0, 1, 0, 1, 1, 0, 0, 0, 0, 1, 1, 1], [1, 1, 0, 0, 1, 1, 0, 1, 1, 0, 0, 0, 0, 1, 0, 0, 1, 0, 1, 1, 0, 1, 1, 1, 1], [0, 0, 1, 0, 1, 1, 1, 0, 0, 0, 0, 0, 0, 0, 1, 1, 0, 1, 1, 0, 0, 0, 0, 1, 0], [0, 1, 1, 1, 0, 1, 0, 0, 1, 0, 0, 1, 0, 0, 0, 1, 0, 0, 0, 1, 0, 1, 0, 1, 1], [1, 1, 1, 0, 1, 1, 1, 0, 1, 0, 1, 0, 1, 0, 0, 1, 1, 1, 1, 1, 0, 0, 0, 1, 0], [1, 0, 1, 0, 1, 0, 0, 1, 1, 0, 0, 0, 1, 1, 1, 0, 1, 1, 1, 1, 1, 1, 0, 0, 0], [1, 1, 1, 0, 0, 0, 0, 1, 0, 0, 1, 1, 0, 0, 1, 1, 0, 0, 1, 1, 0, 1, 0, 1, 1], [1, 0, 0, 1, 1, 1, 0, 0, 1, 1, 1, 0, 1, 0, 1, 1, 0, 0, 1, 1, 0, 0, 0, 1, 0], [0, 0, 0, 0, 1, 1, 1, 1, 1, 0, 0, 1, 1, 0, 1, 1, 1, 1, 0, 1, 0, 0, 0, 1, 0], [1, 0, 1, 1, 0, 1, 1, 0, 1, 1, 0, 1, 0, 1, 1, 1, 1, 1, 1, 0, 0, 1, 0, 1, 1], [1, 1, 0, 1, 1, 0, 1, 1, 1, 1, 0, 0, 0, 0, 0, 1, 0, 0, 0, 0, 0, 1, 0, 0, 1], [1, 0, 1, 1, 1, 0, 1, 1, 1, 0, 0, 1, 0, 1, 0, 1, 1, 0, 0, 1, 1, 0, 0, 0, 1], [1, 0, 0, 1, 0, 0, 1, 0, 0, 1, 1, 1, 0, 0, 0, 0, 0, 0, 0, 0, 0, 0, 0, 1, 0], [1, 1, 0, 1, 1, 0, 0, 1, 0, 1, 1, 1, 1, 1, 1, 0, 1, 1, 1, 1, 0, 0, 1, 0, 0], [1, 0, 0, 1, 0, 0, 0, 0, 1, 1, 1, 1, 0, 1, 0, 0, 1, 0, 0, 1, 1, 1, 0, 0, 0]]",18.0,9.0,Y,"{0: 27, 1: 36, 2: 45, 3: 54, 4: 63, 5: 72, 6: 81, 7: 90, 8: 99, 9: 108, 10: 117, 11: 126, 12: 135, 13: 144, 14: 153, 15: 162, 16: 171, 17: 180, 18: 189, 19: 198, 20: 207, 21: 216, 22: 225, 23: 234, 24: 18}","{(0, 1): 12, (0, 2): 1, (0, 4): 1, (0, 7): 1, (0, 9): 1, (0, 11): 1, (0, 14): 1, (0, 15): 1, (0, 16): 1, (0, 17): 1, (0, 19): 1, (0, 20): 1, (0, 21): 1, (0, 22): 1, (0, 23): 1, (0, 24): 1, (1, 2): 16, (1, 8): 1, (1, 10): 1, (1, 11): 1, (1, 13): 1, (1, 14): 1, (1, 16): 1, (1, 20): 1, (1, 23): 1, (2, 5): 18, (2, 6): 1, (2, 7): 1, (2, 10): 1, (2, 12): 1, (2, 13): 1, (2, 14): 1, (2, 15): 1, (2, 16): 1, (2, 19): 1, (2, 21): 1, (3, 4): 42, (3, 5): 1, (3, 8): 1, (3, 9): 1, (3, 10): 1, (3, 13): 1, (3, 17): 1, (3, 19): 1, (3, 20): 1, (3, 21): 1, (3, 22): 1, (3, 23): 1, (3, 24): 1, (4, 5): 9, (4, 6): 1, (4, 10): 1, (4, 11): 1, (4, 12): 1, (4, 14): 1, (4, 15): 1, (4, 17): 1, (4, 18): 1, (4, 20): 1, (4, 21): 1, (4, 23): 1, (5, 8): 36, (5, 9): 1, (5, 11): 1, (5, 12): 1, (5, 13): 1, (5, 14): 1, (5, 17): 1, (5, 18): 1, (5, 19): 1, (6, 12): 73, (6, 14): 1, (6, 18): 1, (6, 19): 1, (6, 20): 1, (6, 21): 1, (6, 22): 1, (7, 8): 49, (7, 9): 1, (7, 11): 1, (7, 15): 1, (7, 16): 1, (7, 18): 5, (7, 20): 28, (7, 21): 1, (7, 23): 1, (8, 9): 1, (8, 10): 1, (8, 11): 1, (8, 13): 1, (8, 14): 1, (8, 15): 1, (8, 17): 1, (8, 18): 1, (8, 19): 1, (8, 20): 1, (8, 21): 1, (8, 24): 1, (9, 10): 1, (9, 17): 62, (9, 19): 8, (9, 20): 15, (9, 22): 8, (9, 23): 1, (9, 24): 8, (10, 14): 1, (10, 16): 106, (10, 17): 1, (10, 22): 1, (10, 23): 1, (10, 24): 1, (11, 13): 8, (11, 16): 1, (11, 18): 1, (11, 19): 84, (11, 21): 15, (11, 22): 9, (11, 23): 1, (11, 24): 1, (12, 14): 1, (12, 15): 5, (12, 17): 1, (12, 18): 51, (12, 23): 1, (13, 15): 67, (13, 19): 1, (13, 21): 47, (13, 23): 15, (13, 24): 1, (14, 15): 1, (14, 16): 8, (14, 17): 86, (14, 18): 47, (14, 19): 1, (14, 23): 1, (15, 16): 14, (15, 17): 1, (15, 18): 29, (15, 19): 1, (15, 20): 38, (15, 21): 1, (16, 18): 1, (16, 19): 23, (16, 21): 11, (16, 23): 2, (16, 24): 1, (17, 18): 8, (17, 19): 15, (17, 23): 1, (18, 19): 42, (18, 23): 1, (19, 21): 15, (19, 23): 1, (19, 24): 1, (20, 21): 119, (20, 24): 1, (21, 24): 1, (22, 23): 204}",4647.970199584961,783.0,75.0,2191.0
48.0,Graph with 25 nodes and 158 edges,"[[0, 1, 1, 0, 1, 0, 0, 1, 0, 1, 0, 1, 0, 0, 1, 1, 1, 1, 0, 1, 1, 1, 1, 1, 1], [1, 0, 1, 0, 0, 0, 0, 0, 1, 0, 1, 1, 0, 1, 1, 0, 1, 0, 0, 0, 1, 0, 0, 1, 0], [1, 1, 0, 0, 0, 1, 1, 1, 0, 0, 1, 0, 1, 1, 1, 1, 1, 0, 0, 1, 0, 1, 0, 0, 0], [0, 0, 0, 0, 1, 1, 0, 0, 1, 1, 1, 0, 0, 1, 0, 0, 0, 1, 0, 1, 1, 1, 1, 1, 1], [1, 0, 0, 1, 0, 1, 1, 0, 0, 0, 1, 1, 1, 0, 1, 1, 0, 1, 1, 0, 1, 1, 0, 1, 0], [0, 0, 1, 1, 1, 0, 0, 0, 1, 1, 0, 1, 1, 1, 1, 0, 0, 1, 1, 1, 0, 0, 0, 0, 0], [0, 0, 1, 0, 1, 0, 0, 0, 0, 0, 0, 0, 1, 0, 1, 0, 0, 0, 1, 1, 1, 1, 1, 0, 0], [1, 0, 1, 0, 0, 0, 0, 0, 1, 1, 0, 1, 0, 0, 0, 1, 1, 0, 1, 0, 1, 1, 0, 1, 0], [0, 1, 0, 1, 0, 1, 0, 1, 0, 1, 1, 1, 0, 1, 1, 1, 0, 1, 1, 1, 1, 1, 0, 0, 1], [1, 0, 0, 1, 0, 1, 0, 1, 1, 0, 1, 0, 0, 0, 0, 0, 0, 1, 0, 1, 1, 0, 1, 1, 1], [0, 1, 1, 1, 1, 0, 0, 0, 1, 1, 0, 0, 0, 0, 1, 0, 1, 1, 0, 0, 0, 0, 1, 1, 1], [1, 1, 0, 0, 1, 1, 0, 1, 1, 0, 0, 0, 0, 1, 0, 0, 1, 0, 1, 1, 0, 1, 1, 1, 1], [0, 0, 1, 0, 1, 1, 1, 0, 0, 0, 0, 0, 0, 0, 1, 1, 0, 1, 1, 0, 0, 0, 0, 1, 0], [0, 1, 1, 1, 0, 1, 0, 0, 1, 0, 0, 1, 0, 0, 0, 1, 0, 0, 0, 1, 0, 1, 0, 1, 1], [1, 1, 1, 0, 1, 1, 1, 0, 1, 0, 1, 0, 1, 0, 0, 1, 1, 1, 1, 1, 0, 0, 0, 1, 0], [1, 0, 1, 0, 1, 0, 0, 1, 1, 0, 0, 0, 1, 1, 1, 0, 1, 1, 1, 1, 1, 1, 0, 0, 0], [1, 1, 1, 0, 0, 0, 0, 1, 0, 0, 1, 1, 0, 0, 1, 1, 0, 0, 1, 1, 0, 1, 0, 1, 1], [1, 0, 0, 1, 1, 1, 0, 0, 1, 1, 1, 0, 1, 0, 1, 1, 0, 0, 1, 1, 0, 0, 0, 1, 0], [0, 0, 0, 0, 1, 1, 1, 1, 1, 0, 0, 1, 1, 0, 1, 1, 1, 1, 0, 1, 0, 0, 0, 1, 0], [1, 0, 1, 1, 0, 1, 1, 0, 1, 1, 0, 1, 0, 1, 1, 1, 1, 1, 1, 0, 0, 1, 0, 1, 1], [1, 1, 0, 1, 1, 0, 1, 1, 1, 1, 0, 0, 0, 0, 0, 1, 0, 0, 0, 0, 0, 1, 0, 0, 1], [1, 0, 1, 1, 1, 0, 1, 1, 1, 0, 0, 1, 0, 1, 0, 1, 1, 0, 0, 1, 1, 0, 0, 0, 1], [1, 0, 0, 1, 0, 0, 1, 0, 0, 1, 1, 1, 0, 0, 0, 0, 0, 0, 0, 0, 0, 0, 0, 1, 0], [1, 1, 0, 1, 1, 0, 0, 1, 0, 1, 1, 1, 1, 1, 1, 0, 1, 1, 1, 1, 0, 0, 1, 0, 0], [1, 0, 0, 1, 0, 0, 0, 0, 1, 1, 1, 1, 0, 1, 0, 0, 1, 0, 0, 1, 1, 1, 0, 0, 0]]",28.0,2.0,Y,"{0: 76, 1: 74, 2: 72, 3: 70, 4: 68, 5: 66, 6: 64, 7: 62, 8: 60, 9: 58, 10: 56, 11: 54, 12: 52, 13: 50, 14: 48, 15: 46, 16: 44, 17: 42, 18: 40, 19: 38, 20: 36, 21: 34, 22: 32, 23: 30, 24: 28}","{(0, 1): 1, (0, 2): 1, (0, 4): 1, (0, 7): 1, (0, 9): 1, (0, 11): 1, (0, 14): 1, (0, 15): 1, (0, 16): 1, (0, 17): 1, (0, 19): 22, (0, 20): 26, (0, 21): 1, (0, 22): 1, (0, 23): 1, (0, 24): 15, (1, 2): 34, (1, 8): 1, (1, 10): 1, (1, 11): 1, (1, 13): 1, (1, 14): 1, (1, 16): 32, (1, 20): 1, (1, 23): 1, (2, 5): 4, (2, 6): 18, (2, 7): 6, (2, 10): 1, (2, 12): 1, (2, 13): 2, (2, 14): 1, (2, 15): 1, (2, 16): 1, (2, 19): 1, (2, 21): 1, (3, 4): 1, (3, 5): 10, (3, 8): 1, (3, 9): 1, (3, 10): 1, (3, 13): 1, (3, 17): 1, (3, 19): 1, (3, 20): 1, (3, 21): 21, (3, 22): 26, (3, 23): 1, (3, 24): 4, (4, 5): 1, (4, 6): 1, (4, 10): 1, (4, 11): 41, (4, 12): 1, (4, 14): 1, (4, 15): 1, (4, 17): 1, (4, 18): 1, (4, 20): 1, (4, 21): 1, (4, 23): 15, (5, 8): 1, (5, 9): 1, (5, 11): 1, (5, 12): 1, (5, 13): 39, (5, 14): 5, (5, 17): 1, (5, 18): 1, (5, 19): 1, (6, 12): 12, (6, 14): 1, (6, 18): 28, (6, 19): 1, (6, 20): 1, (6, 21): 1, (6, 22): 1, (7, 8): 1, (7, 9): 47, (7, 11): 1, (7, 15): 1, (7, 16): 1, (7, 18): 1, (7, 20): 1, (7, 21): 1, (7, 23): 1, (8, 9): 1, (8, 10): 45, (8, 11): 1, (8, 13): 1, (8, 14): 1, (8, 15): 1, (8, 17): 1, (8, 18): 1, (8, 19): 1, (8, 20): 1, (8, 21): 1, (8, 24): 1, (9, 10): 1, (9, 17): 1, (9, 19): 1, (9, 20): 1, (9, 22): 1, (9, 23): 1, (9, 24): 1, (10, 14): 1, (10, 16): 1, (10, 17): 1, (10, 22): 1, (10, 23): 1, (10, 24): 1, (11, 13): 1, (11, 16): 1, (11, 18): 1, (11, 19): 1, (11, 21): 1, (11, 22): 1, (11, 23): 1, (11, 24): 1, (12, 14): 1, (12, 15): 33, (12, 17): 1, (12, 18): 1, (12, 23): 1, (13, 15): 1, (13, 19): 1, (13, 21): 1, (13, 23): 1, (13, 24): 1, (14, 15): 1, (14, 16): 1, (14, 17): 30, (14, 18): 1, (14, 19): 1, (14, 23): 1, (15, 16): 1, (15, 17): 1, (15, 18): 1, (15, 19): 1, (15, 20): 1, (15, 21): 1, (16, 18): 1, (16, 19): 1, (16, 21): 1, (16, 23): 1, (16, 24): 1, (17, 18): 1, (17, 19): 1, (17, 23): 1, (18, 19): 1, (18, 23): 1, (19, 21): 1, (19, 23): 1, (19, 24): 1, (20, 21): 1, (20, 24): 1, (21, 24): 1, (22, 23): 1}",3142.833709716797,783.0,75.0,2191.0
49.0,Graph with 25 nodes and 146 edges,"[[0, 0, 1, 1, 0, 1, 1, 1, 0, 0, 1, 0, 0, 0, 0, 0, 1, 1, 1, 1, 0, 1, 0, 0, 1], [0, 0, 1, 1, 0, 1, 0, 0, 1, 0, 1, 0, 0, 1, 0, 0, 0, 0, 0, 1, 0, 1, 1, 1, 1], [1, 1, 0, 1, 1, 0, 1, 0, 1, 1, 1, 1, 1, 0, 0, 1, 0, 0, 1, 1, 1, 0, 0, 0, 0], [1, 1, 1, 0, 0, 1, 0, 1, 1, 0, 0, 1, 1, 0, 1, 0, 1, 0, 1, 1, 0, 0, 1, 0, 0], [0, 0, 1, 0, 0, 1, 0, 1, 1, 1, 0, 0, 1, 0, 0, 1, 0, 0, 0, 1, 0, 1, 1, 1, 1], [1, 1, 0, 1, 1, 0, 0, 0, 0, 0, 0, 1, 1, 0, 1, 1, 0, 1, 1, 0, 0, 1, 0, 0, 1], [1, 0, 1, 0, 0, 0, 0, 0, 0, 1, 0, 0, 0, 1, 1, 0, 1, 0, 1, 1, 0, 1, 0, 1, 1], [1, 0, 0, 1, 1, 0, 0, 0, 0, 0, 1, 1, 1, 0, 1, 1, 1, 1, 0, 1, 0, 1, 1, 0, 1], [0, 1, 1, 1, 1, 0, 0, 0, 0, 0, 1, 0, 0, 0, 1, 1, 1, 0, 1, 0, 1, 1, 0, 0, 0], [0, 0, 1, 0, 1, 0, 1, 0, 0, 0, 1, 1, 1, 1, 0, 0, 0, 1, 0, 0, 0, 1, 0, 0, 0], [1, 1, 1, 0, 0, 0, 0, 1, 1, 1, 0, 0, 0, 0, 0, 1, 1, 1, 1, 1, 1, 1, 0, 1, 1], [0, 0, 1, 1, 0, 1, 0, 1, 0, 1, 0, 0, 1, 0, 0, 0, 0, 1, 0, 0, 1, 0, 1, 0, 0], [0, 0, 1, 1, 1, 1, 0, 1, 0, 1, 0, 1, 0, 1, 1, 1, 0, 1, 1, 1, 1, 1, 1, 0, 0], [0, 1, 0, 0, 0, 0, 1, 0, 0, 1, 0, 0, 1, 0, 1, 1, 0, 0, 1, 0, 0, 1, 1, 0, 1], [0, 0, 0, 1, 0, 1, 1, 1, 1, 0, 0, 0, 1, 1, 0, 0, 0, 0, 0, 0, 1, 0, 1, 1, 0], [0, 0, 1, 0, 1, 1, 0, 1, 1, 0, 1, 0, 1, 1, 0, 0, 1, 1, 1, 0, 0, 0, 1, 0, 1], [1, 0, 0, 1, 0, 0, 1, 1, 1, 0, 1, 0, 0, 0, 0, 1, 0, 0, 0, 0, 1, 0, 0, 0, 1], [1, 0, 0, 0, 0, 1, 0, 1, 0, 1, 1, 1, 1, 0, 0, 1, 0, 0, 0, 0, 0, 1, 0, 0, 0], [1, 0, 1, 1, 0, 1, 1, 0, 1, 0, 1, 0, 1, 1, 0, 1, 0, 0, 0, 1, 1, 1, 1, 0, 0], [1, 1, 1, 1, 1, 0, 1, 1, 0, 0, 1, 0, 1, 0, 0, 0, 0, 0, 1, 0, 0, 0, 0, 0, 1], [0, 0, 1, 0, 0, 0, 0, 0, 1, 0, 1, 1, 1, 0, 1, 0, 1, 0, 1, 0, 0, 0, 1, 1, 0], [1, 1, 0, 0, 1, 1, 1, 1, 1, 1, 1, 0, 1, 1, 0, 0, 0, 1, 1, 0, 0, 0, 0, 1, 1], [0, 1, 0, 1, 1, 0, 0, 1, 0, 0, 0, 1, 1, 1, 1, 1, 0, 0, 1, 0, 1, 0, 0, 1, 0], [0, 1, 0, 0, 1, 0, 1, 0, 0, 0, 1, 0, 0, 0, 1, 0, 0, 0, 0, 0, 1, 1, 1, 0, 0], [1, 1, 0, 0, 1, 1, 1, 1, 0, 0, 1, 0, 0, 1, 0, 1, 1, 0, 0, 1, 0, 1, 0, 0, 0]]",14.0,2.0,Y,"{0: 62, 1: 60, 2: 58, 3: 56, 4: 54, 5: 52, 6: 50, 7: 48, 8: 46, 9: 44, 10: 42, 11: 40, 12: 38, 13: 36, 14: 34, 15: 32, 16: 30, 17: 28, 18: 26, 19: 24, 20: 22, 21: 20, 22: 18, 23: 16, 24: 14}","{(0, 2): 1, (0, 3): 32, (0, 5): 1, (0, 6): 1, (0, 7): 1, (0, 10): 20, (0, 16): 1, (0, 17): 1, (0, 18): 1, (0, 19): 1, (0, 21): 1, (0, 24): 1, (1, 2): 1, (1, 3): 1, (1, 5): 33, (1, 8): 1, (1, 10): 1, (1, 13): 5, (1, 19): 14, (1, 21): 1, (1, 22): 1, (1, 23): 1, (1, 24): 1, (2, 3): 1, (2, 4): 1, (2, 6): 1, (2, 8): 1, (2, 9): 4, (2, 10): 1, (2, 11): 1, (2, 12): 23, (2, 15): 20, (2, 18): 1, (2, 19): 1, (2, 20): 1, (3, 5): 1, (3, 7): 1, (3, 8): 1, (3, 11): 1, (3, 12): 1, (3, 14): 1, (3, 16): 1, (3, 18): 13, (3, 19): 1, (3, 22): 1, (4, 5): 9, (4, 7): 35, (4, 8): 1, (4, 9): 1, (4, 12): 1, (4, 15): 1, (4, 19): 1, (4, 21): 1, (4, 22): 1, (4, 23): 1, (4, 24): 1, (5, 11): 1, (5, 12): 1, (5, 14): 1, (5, 15): 1, (5, 17): 1, (5, 18): 1, (5, 21): 1, (5, 24): 1, (6, 9): 32, (6, 13): 6, (6, 14): 1, (6, 16): 1, (6, 18): 1, (6, 19): 1, (6, 21): 4, (6, 23): 1, (6, 24): 1, (7, 10): 1, (7, 11): 1, (7, 12): 1, (7, 14): 1, (7, 15): 1, (7, 16): 1, (7, 17): 1, (7, 19): 1, (7, 21): 1, (7, 22): 1, (7, 24): 1, (8, 10): 1, (8, 14): 9, (8, 15): 1, (8, 16): 22, (8, 18): 1, (8, 20): 7, (8, 21): 1, (9, 10): 1, (9, 11): 1, (9, 12): 1, (9, 13): 2, (9, 17): 1, (9, 21): 1, (10, 15): 1, (10, 16): 1, (10, 17): 1, (10, 18): 1, (10, 19): 1, (10, 20): 1, (10, 21): 1, (10, 23): 9, (10, 24): 1, (11, 12): 1, (11, 17): 20, (11, 20): 7, (11, 22): 7, (12, 13): 1, (12, 14): 1, (12, 15): 1, (12, 17): 1, (12, 18): 1, (12, 19): 1, (12, 20): 1, (12, 21): 1, (12, 22): 1, (13, 14): 17, (13, 15): 1, (13, 18): 1, (13, 21): 1, (13, 22): 1, (13, 24): 1, (14, 20): 1, (14, 22): 1, (14, 23): 1, (15, 16): 1, (15, 17): 1, (15, 18): 1, (15, 22): 1, (15, 24): 1, (16, 20): 1, (16, 24): 1, (17, 21): 1, (18, 19): 1, (18, 20): 1, (18, 21): 1, (18, 22): 1, (19, 24): 1, (20, 22): 1, (20, 23): 1, (21, 23): 1, (21, 24): 3, (22, 23): 1}",3083.944320678711,771.0,75.0,2167.0
49.0,Graph with 25 nodes and 146 edges,"[[0, 0, 1, 1, 0, 1, 1, 1, 0, 0, 1, 0, 0, 0, 0, 0, 1, 1, 1, 1, 0, 1, 0, 0, 1], [0, 0, 1, 1, 0, 1, 0, 0, 1, 0, 1, 0, 0, 1, 0, 0, 0, 0, 0, 1, 0, 1, 1, 1, 1], [1, 1, 0, 1, 1, 0, 1, 0, 1, 1, 1, 1, 1, 0, 0, 1, 0, 0, 1, 1, 1, 0, 0, 0, 0], [1, 1, 1, 0, 0, 1, 0, 1, 1, 0, 0, 1, 1, 0, 1, 0, 1, 0, 1, 1, 0, 0, 1, 0, 0], [0, 0, 1, 0, 0, 1, 0, 1, 1, 1, 0, 0, 1, 0, 0, 1, 0, 0, 0, 1, 0, 1, 1, 1, 1], [1, 1, 0, 1, 1, 0, 0, 0, 0, 0, 0, 1, 1, 0, 1, 1, 0, 1, 1, 0, 0, 1, 0, 0, 1], [1, 0, 1, 0, 0, 0, 0, 0, 0, 1, 0, 0, 0, 1, 1, 0, 1, 0, 1, 1, 0, 1, 0, 1, 1], [1, 0, 0, 1, 1, 0, 0, 0, 0, 0, 1, 1, 1, 0, 1, 1, 1, 1, 0, 1, 0, 1, 1, 0, 1], [0, 1, 1, 1, 1, 0, 0, 0, 0, 0, 1, 0, 0, 0, 1, 1, 1, 0, 1, 0, 1, 1, 0, 0, 0], [0, 0, 1, 0, 1, 0, 1, 0, 0, 0, 1, 1, 1, 1, 0, 0, 0, 1, 0, 0, 0, 1, 0, 0, 0], [1, 1, 1, 0, 0, 0, 0, 1, 1, 1, 0, 0, 0, 0, 0, 1, 1, 1, 1, 1, 1, 1, 0, 1, 1], [0, 0, 1, 1, 0, 1, 0, 1, 0, 1, 0, 0, 1, 0, 0, 0, 0, 1, 0, 0, 1, 0, 1, 0, 0], [0, 0, 1, 1, 1, 1, 0, 1, 0, 1, 0, 1, 0, 1, 1, 1, 0, 1, 1, 1, 1, 1, 1, 0, 0], [0, 1, 0, 0, 0, 0, 1, 0, 0, 1, 0, 0, 1, 0, 1, 1, 0, 0, 1, 0, 0, 1, 1, 0, 1], [0, 0, 0, 1, 0, 1, 1, 1, 1, 0, 0, 0, 1, 1, 0, 0, 0, 0, 0, 0, 1, 0, 1, 1, 0], [0, 0, 1, 0, 1, 1, 0, 1, 1, 0, 1, 0, 1, 1, 0, 0, 1, 1, 1, 0, 0, 0, 1, 0, 1], [1, 0, 0, 1, 0, 0, 1, 1, 1, 0, 1, 0, 0, 0, 0, 1, 0, 0, 0, 0, 1, 0, 0, 0, 1], [1, 0, 0, 0, 0, 1, 0, 1, 0, 1, 1, 1, 1, 0, 0, 1, 0, 0, 0, 0, 0, 1, 0, 0, 0], [1, 0, 1, 1, 0, 1, 1, 0, 1, 0, 1, 0, 1, 1, 0, 1, 0, 0, 0, 1, 1, 1, 1, 0, 0], [1, 1, 1, 1, 1, 0, 1, 1, 0, 0, 1, 0, 1, 0, 0, 0, 0, 0, 1, 0, 0, 0, 0, 0, 1], [0, 0, 1, 0, 0, 0, 0, 0, 1, 0, 1, 1, 1, 0, 1, 0, 1, 0, 1, 0, 0, 0, 1, 1, 0], [1, 1, 0, 0, 1, 1, 1, 1, 1, 1, 1, 0, 1, 1, 0, 0, 0, 1, 1, 0, 0, 0, 0, 1, 1], [0, 1, 0, 1, 1, 0, 0, 1, 0, 0, 0, 1, 1, 1, 1, 1, 0, 0, 1, 0, 1, 0, 0, 1, 0], [0, 1, 0, 0, 1, 0, 1, 0, 0, 0, 1, 0, 0, 0, 1, 0, 0, 0, 0, 0, 1, 1, 1, 0, 0], [1, 1, 0, 0, 1, 1, 1, 1, 0, 0, 1, 0, 0, 1, 0, 1, 1, 0, 0, 1, 0, 1, 0, 0, 0]]",24.0,8.0,Y,"{0: 168, 1: 200, 2: 64, 3: 192, 4: 72, 5: 40, 6: 208, 7: 88, 8: 160, 9: 32, 10: 184, 11: 112, 12: 176, 13: 80, 14: 56, 15: 24, 16: 144, 17: 104, 18: 48, 19: 152, 20: 96, 21: 136, 22: 128, 23: 120, 24: 216}","{(0, 2): 1, (0, 3): 1, (0, 5): 1, (0, 6): 157, (0, 7): 1, (0, 10): 1, (0, 16): 1, (0, 17): 1, (0, 18): 1, (0, 19): 1, (0, 21): 1, (0, 24): 1, (1, 2): 1, (1, 3): 1, (1, 5): 1, (1, 8): 1, (1, 10): 49, (1, 13): 1, (1, 19): 142, (1, 21): 1, (1, 22): 1, (1, 23): 1, (1, 24): 1, (2, 3): 1, (2, 4): 1, (2, 6): 1, (2, 8): 1, (2, 9): 1, (2, 10): 1, (2, 11): 51, (2, 12): 1, (2, 15): 1, (2, 18): 1, (2, 19): 1, (2, 20): 1, (3, 5): 6, (3, 7): 1, (3, 8): 139, (3, 11): 12, (3, 12): 1, (3, 14): 1, (3, 16): 1, (3, 18): 1, (3, 19): 1, (3, 22): 26, (4, 5): 1, (4, 7): 61, (4, 8): 1, (4, 9): 1, (4, 12): 1, (4, 15): 1, (4, 19): 1, (4, 21): 1, (4, 22): 1, (4, 23): 1, (4, 24): 1, (5, 11): 1, (5, 12): 1, (5, 14): 1, (5, 15): 1, (5, 17): 1, (5, 18): 24, (5, 21): 1, (5, 24): 1, (6, 9): 1, (6, 13): 1, (6, 14): 1, (6, 16): 1, (6, 18): 1, (6, 19): 1, (6, 21): 42, (6, 23): 1, (6, 24): 1, (7, 10): 1, (7, 11): 1, (7, 12): 1, (7, 14): 1, (7, 15): 1, (7, 16): 1, (7, 17): 1, (7, 19): 1, (7, 21): 1, (7, 22): 15, (7, 24): 1, (8, 10): 1, (8, 14): 1, (8, 15): 1, (8, 16): 1, (8, 18): 1, (8, 20): 1, (8, 21): 12, (9, 10): 1, (9, 11): 1, (9, 12): 24, (9, 13): 1, (9, 17): 1, (9, 21): 1, (10, 15): 1, (10, 16): 1, (10, 17): 1, (10, 18): 1, (10, 19): 1, (10, 20): 10, (10, 21): 1, (10, 23): 113, (10, 24): 1, (11, 12): 31, (11, 17): 13, (11, 20): 1, (11, 22): 1, (12, 13): 25, (12, 14): 1, (12, 15): 1, (12, 17): 84, (12, 18): 1, (12, 19): 1, (12, 20): 1, (12, 21): 1, (12, 22): 1, (13, 14): 47, (13, 15): 1, (13, 18): 1, (13, 21): 1, (13, 22): 1, (13, 24): 1, (14, 20): 1, (14, 22): 1, (14, 23): 1, (15, 16): 1, (15, 17): 1, (15, 18): 12, (15, 22): 1, (15, 24): 1, (16, 20): 1, (16, 24): 136, (17, 21): 1, (18, 19): 1, (18, 20): 1, (18, 21): 1, (18, 22): 1, (19, 24): 1, (20, 22): 78, (20, 23): 1, (21, 23): 1, (21, 24): 70, (22, 23): 1}",5182.981491088867,771.0,75.0,2167.0
49.0,Graph with 25 nodes and 146 edges,"[[0, 0, 1, 1, 0, 1, 1, 1, 0, 0, 1, 0, 0, 0, 0, 0, 1, 1, 1, 1, 0, 1, 0, 0, 1], [0, 0, 1, 1, 0, 1, 0, 0, 1, 0, 1, 0, 0, 1, 0, 0, 0, 0, 0, 1, 0, 1, 1, 1, 1], [1, 1, 0, 1, 1, 0, 1, 0, 1, 1, 1, 1, 1, 0, 0, 1, 0, 0, 1, 1, 1, 0, 0, 0, 0], [1, 1, 1, 0, 0, 1, 0, 1, 1, 0, 0, 1, 1, 0, 1, 0, 1, 0, 1, 1, 0, 0, 1, 0, 0], [0, 0, 1, 0, 0, 1, 0, 1, 1, 1, 0, 0, 1, 0, 0, 1, 0, 0, 0, 1, 0, 1, 1, 1, 1], [1, 1, 0, 1, 1, 0, 0, 0, 0, 0, 0, 1, 1, 0, 1, 1, 0, 1, 1, 0, 0, 1, 0, 0, 1], [1, 0, 1, 0, 0, 0, 0, 0, 0, 1, 0, 0, 0, 1, 1, 0, 1, 0, 1, 1, 0, 1, 0, 1, 1], [1, 0, 0, 1, 1, 0, 0, 0, 0, 0, 1, 1, 1, 0, 1, 1, 1, 1, 0, 1, 0, 1, 1, 0, 1], [0, 1, 1, 1, 1, 0, 0, 0, 0, 0, 1, 0, 0, 0, 1, 1, 1, 0, 1, 0, 1, 1, 0, 0, 0], [0, 0, 1, 0, 1, 0, 1, 0, 0, 0, 1, 1, 1, 1, 0, 0, 0, 1, 0, 0, 0, 1, 0, 0, 0], [1, 1, 1, 0, 0, 0, 0, 1, 1, 1, 0, 0, 0, 0, 0, 1, 1, 1, 1, 1, 1, 1, 0, 1, 1], [0, 0, 1, 1, 0, 1, 0, 1, 0, 1, 0, 0, 1, 0, 0, 0, 0, 1, 0, 0, 1, 0, 1, 0, 0], [0, 0, 1, 1, 1, 1, 0, 1, 0, 1, 0, 1, 0, 1, 1, 1, 0, 1, 1, 1, 1, 1, 1, 0, 0], [0, 1, 0, 0, 0, 0, 1, 0, 0, 1, 0, 0, 1, 0, 1, 1, 0, 0, 1, 0, 0, 1, 1, 0, 1], [0, 0, 0, 1, 0, 1, 1, 1, 1, 0, 0, 0, 1, 1, 0, 0, 0, 0, 0, 0, 1, 0, 1, 1, 0], [0, 0, 1, 0, 1, 1, 0, 1, 1, 0, 1, 0, 1, 1, 0, 0, 1, 1, 1, 0, 0, 0, 1, 0, 1], [1, 0, 0, 1, 0, 0, 1, 1, 1, 0, 1, 0, 0, 0, 0, 1, 0, 0, 0, 0, 1, 0, 0, 0, 1], [1, 0, 0, 0, 0, 1, 0, 1, 0, 1, 1, 1, 1, 0, 0, 1, 0, 0, 0, 0, 0, 1, 0, 0, 0], [1, 0, 1, 1, 0, 1, 1, 0, 1, 0, 1, 0, 1, 1, 0, 1, 0, 0, 0, 1, 1, 1, 1, 0, 0], [1, 1, 1, 1, 1, 0, 1, 1, 0, 0, 1, 0, 1, 0, 0, 0, 0, 0, 1, 0, 0, 0, 0, 0, 1], [0, 0, 1, 0, 0, 0, 0, 0, 1, 0, 1, 1, 1, 0, 1, 0, 1, 0, 1, 0, 0, 0, 1, 1, 0], [1, 1, 0, 0, 1, 1, 1, 1, 1, 1, 1, 0, 1, 1, 0, 0, 0, 1, 1, 0, 0, 0, 0, 1, 1], [0, 1, 0, 1, 1, 0, 0, 1, 0, 0, 0, 1, 1, 1, 1, 1, 0, 0, 1, 0, 1, 0, 0, 1, 0], [0, 1, 0, 0, 1, 0, 1, 0, 0, 0, 1, 0, 0, 0, 1, 0, 0, 0, 0, 0, 1, 1, 1, 0, 0], [1, 1, 0, 0, 1, 1, 1, 1, 0, 0, 1, 0, 0, 1, 0, 1, 1, 0, 0, 1, 0, 1, 0, 0, 0]]",28.0,8.0,Y,"{0: 172, 1: 204, 2: 68, 3: 196, 4: 76, 5: 44, 6: 212, 7: 92, 8: 164, 9: 36, 10: 188, 11: 116, 12: 180, 13: 84, 14: 60, 15: 28, 16: 148, 17: 108, 18: 52, 19: 156, 20: 100, 21: 140, 22: 132, 23: 124, 24: 220}","{(0, 2): 1, (0, 3): 1, (0, 5): 1, (0, 6): 161, (0, 7): 1, (0, 10): 1, (0, 16): 1, (0, 17): 1, (0, 18): 1, (0, 19): 1, (0, 21): 1, (0, 24): 1, (1, 2): 1, (1, 3): 1, (1, 5): 1, (1, 8): 1, (1, 10): 49, (1, 13): 1, (1, 19): 146, (1, 21): 1, (1, 22): 1, (1, 23): 1, (1, 24): 1, (2, 3): 1, (2, 4): 1, (2, 6): 1, (2, 8): 1, (2, 9): 1, (2, 10): 1, (2, 11): 55, (2, 12): 1, (2, 15): 1, (2, 18): 1, (2, 19): 1, (2, 20): 1, (3, 5): 10, (3, 7): 1, (3, 8): 139, (3, 11): 12, (3, 12): 1, (3, 14): 1, (3, 16): 1, (3, 18): 1, (3, 19): 1, (3, 22): 26, (4, 5): 1, (4, 7): 65, (4, 8): 1, (4, 9): 1, (4, 12): 1, (4, 15): 1, (4, 19): 1, (4, 21): 1, (4, 22): 1, (4, 23): 1, (4, 24): 1, (5, 11): 1, (5, 12): 1, (5, 14): 1, (5, 15): 1, (5, 17): 1, (5, 18): 24, (5, 21): 1, (5, 24): 1, (6, 9): 1, (6, 13): 1, (6, 14): 1, (6, 16): 1, (6, 18): 1, (6, 19): 1, (6, 21): 42, (6, 23): 1, (6, 24): 1, (7, 10): 1, (7, 11): 1, (7, 12): 1, (7, 14): 1, (7, 15): 1, (7, 16): 1, (7, 17): 1, (7, 19): 1, (7, 21): 1, (7, 22): 15, (7, 24): 1, (8, 10): 1, (8, 14): 1, (8, 15): 1, (8, 16): 1, (8, 18): 1, (8, 20): 1, (8, 21): 16, (9, 10): 1, (9, 11): 1, (9, 12): 28, (9, 13): 1, (9, 17): 1, (9, 21): 1, (10, 15): 1, (10, 16): 1, (10, 17): 1, (10, 18): 1, (10, 19): 1, (10, 20): 10, (10, 21): 1, (10, 23): 117, (10, 24): 1, (11, 12): 29, (11, 17): 15, (11, 20): 1, (11, 22): 1, (12, 13): 25, (12, 14): 1, (12, 15): 1, (12, 17): 86, (12, 18): 1, (12, 19): 1, (12, 20): 1, (12, 21): 1, (12, 22): 1, (13, 14): 51, (13, 15): 1, (13, 18): 1, (13, 21): 1, (13, 22): 1, (13, 24): 1, (14, 20): 1, (14, 22): 1, (14, 23): 1, (15, 16): 1, (15, 17): 1, (15, 18): 16, (15, 22): 1, (15, 24): 1, (16, 20): 1, (16, 24): 140, (17, 21): 1, (18, 19): 1, (18, 20): 1, (18, 21): 1, (18, 22): 1, (19, 24): 1, (20, 22): 82, (20, 23): 1, (21, 23): 1, (21, 24): 70, (22, 23): 1}",5194.187164306641,771.0,75.0,2167.0
50.0,Graph with 25 nodes and 153 edges,"[[0, 1, 1, 0, 1, 1, 0, 0, 0, 1, 1, 0, 0, 0, 1, 1, 1, 1, 1, 1, 0, 0, 1, 0, 0], [1, 0, 0, 1, 1, 0, 1, 1, 1, 0, 0, 0, 0, 1, 0, 0, 0, 1, 0, 1, 0, 0, 1, 0, 1], [1, 0, 0, 0, 0, 0, 0, 0, 0, 1, 1, 1, 0, 1, 0, 0, 1, 1, 0, 0, 1, 0, 0, 1, 1], [0, 1, 0, 0, 1, 0, 1, 1, 1, 1, 0, 0, 0, 1, 1, 1, 1, 0, 0, 1, 0, 1, 0, 0, 1], [1, 1, 0, 1, 0, 1, 0, 1, 1, 0, 0, 1, 0, 0, 0, 1, 1, 1, 0, 0, 0, 0, 1, 0, 1], [1, 0, 0, 0, 1, 0, 0, 1, 0, 0, 1, 0, 1, 0, 1, 1, 1, 0, 0, 1, 1, 0, 0, 0, 0], [0, 1, 0, 1, 0, 0, 0, 0, 0, 0, 1, 0, 1, 0, 0, 1, 1, 0, 1, 0, 1, 0, 1, 0, 1], [0, 1, 0, 1, 1, 1, 0, 0, 0, 1, 1, 1, 0, 1, 1, 0, 0, 0, 0, 0, 0, 1, 1, 0, 1], [0, 1, 0, 1, 1, 0, 0, 0, 0, 1, 0, 1, 1, 1, 0, 1, 1, 1, 0, 0, 1, 1, 1, 0, 0], [1, 0, 1, 1, 0, 0, 0, 1, 1, 0, 0, 1, 1, 1, 0, 1, 0, 1, 0, 0, 0, 0, 1, 1, 0], [1, 0, 1, 0, 0, 1, 1, 1, 0, 0, 0, 1, 1, 1, 0, 0, 0, 1, 0, 1, 1, 1, 1, 1, 1], [0, 0, 1, 0, 1, 0, 0, 1, 1, 1, 1, 0, 1, 1, 1, 0, 0, 1, 0, 1, 1, 1, 1, 1, 1], [0, 0, 0, 0, 0, 1, 1, 0, 1, 1, 1, 1, 0, 0, 1, 0, 1, 1, 1, 1, 0, 0, 0, 1, 1], [0, 1, 1, 1, 0, 0, 0, 1, 1, 1, 1, 1, 0, 0, 1, 1, 0, 0, 0, 1, 0, 0, 0, 1, 1], [1, 0, 0, 1, 0, 1, 0, 1, 0, 0, 0, 1, 1, 1, 0, 1, 1, 0, 1, 1, 0, 1, 0, 0, 1], [1, 0, 0, 1, 1, 1, 1, 0, 1, 1, 0, 0, 0, 1, 1, 0, 1, 0, 0, 0, 1, 1, 0, 1, 0], [1, 0, 1, 1, 1, 1, 1, 0, 1, 0, 0, 0, 1, 0, 1, 1, 0, 1, 0, 1, 1, 1, 0, 1, 1], [1, 1, 1, 0, 1, 0, 0, 0, 1, 1, 1, 1, 1, 0, 0, 0, 1, 0, 0, 1, 1, 0, 0, 0, 0], [1, 0, 0, 0, 0, 0, 1, 0, 0, 0, 0, 0, 1, 0, 1, 0, 0, 0, 0, 0, 0, 1, 1, 0, 1], [1, 1, 0, 1, 0, 1, 0, 0, 0, 0, 1, 1, 1, 1, 1, 0, 1, 1, 0, 0, 0, 0, 0, 0, 1], [0, 0, 1, 0, 0, 1, 1, 0, 1, 0, 1, 1, 0, 0, 0, 1, 1, 1, 0, 0, 0, 1, 1, 0, 0], [0, 0, 0, 1, 0, 0, 0, 1, 1, 0, 1, 1, 0, 0, 1, 1, 1, 0, 1, 0, 1, 0, 1, 0, 0], [1, 1, 0, 0, 1, 0, 1, 1, 1, 1, 1, 1, 0, 0, 0, 0, 0, 0, 1, 0, 1, 1, 0, 1, 0], [0, 0, 1, 0, 0, 0, 0, 0, 0, 1, 1, 1, 1, 1, 0, 1, 1, 0, 0, 0, 0, 0, 1, 0, 1], [0, 1, 1, 1, 1, 0, 1, 1, 0, 0, 1, 1, 1, 1, 1, 0, 1, 0, 1, 1, 0, 0, 0, 1, 0]]",10.0,1.0,Y,"{0: 13, 1: 11, 2: 10, 3: 34, 4: 12, 5: 33, 6: 32, 7: 31, 8: 30, 9: 29, 10: 15, 11: 16, 12: 28, 13: 27, 14: 26, 15: 25, 16: 24, 17: 23, 18: 22, 19: 21, 20: 20, 21: 19, 22: 18, 23: 14, 24: 17}","{(0, 1): 1, (0, 2): 1, (0, 4): 1, (0, 5): 1, (0, 9): 1, (0, 10): 1, (0, 14): 1, (0, 15): 1, (0, 16): 1, (0, 17): 1, (0, 18): 1, (0, 19): 1, (0, 22): 1, (1, 3): 1, (1, 4): 1, (1, 6): 1, (1, 7): 1, (1, 8): 1, (1, 13): 1, (1, 17): 1, (1, 19): 1, (1, 22): 1, (1, 24): 1, (2, 9): 1, (2, 10): 1, (2, 11): 1, (2, 13): 1, (2, 16): 1, (2, 17): 1, (2, 20): 1, (2, 23): 1, (2, 24): 1, (3, 4): 1, (3, 6): 1, (3, 7): 1, (3, 8): 1, (3, 9): 1, (3, 13): 1, (3, 14): 1, (3, 15): 1, (3, 16): 9, (3, 19): 4, (3, 21): 9, (3, 24): 3, (4, 5): 1, (4, 7): 1, (4, 8): 1, (4, 11): 1, (4, 15): 1, (4, 16): 1, (4, 17): 1, (4, 22): 1, (4, 24): 1, (5, 7): 1, (5, 10): 1, (5, 12): 1, (5, 14): 1, (5, 15): 9, (5, 16): 1, (5, 19): 7, (5, 20): 10, (6, 10): 1, (6, 12): 1, (6, 15): 3, (6, 16): 1, (6, 18): 16, (6, 20): 1, (6, 22): 6, (6, 24): 1, (7, 9): 1, (7, 10): 1, (7, 11): 1, (7, 13): 7, (7, 14): 14, (7, 21): 1, (7, 22): 1, (7, 24): 1, (8, 9): 1, (8, 11): 1, (8, 12): 1, (8, 13): 5, (8, 15): 3, (8, 16): 1, (8, 17): 12, (8, 20): 1, (8, 21): 1, (8, 22): 1, (9, 11): 1, (9, 12): 13, (9, 13): 5, (9, 15): 1, (9, 17): 1, (9, 22): 1, (9, 23): 2, (10, 11): 1, (10, 12): 1, (10, 13): 1, (10, 17): 1, (10, 19): 1, (10, 20): 1, (10, 21): 1, (10, 22): 1, (10, 23): 1, (10, 24): 1, (11, 12): 1, (11, 13): 1, (11, 14): 1, (11, 17): 1, (11, 19): 1, (11, 20): 1, (11, 21): 1, (11, 22): 1, (11, 23): 1, (11, 24): 1, (12, 14): 1, (12, 16): 1, (12, 17): 1, (12, 18): 1, (12, 19): 1, (12, 23): 4, (12, 24): 1, (13, 14): 1, (13, 15): 1, (13, 19): 1, (13, 23): 1, (13, 24): 1, (14, 15): 1, (14, 16): 1, (14, 18): 1, (14, 19): 1, (14, 21): 1, (14, 24): 1, (15, 16): 1, (15, 20): 1, (15, 21): 1, (15, 23): 1, (16, 17): 1, (16, 19): 1, (16, 20): 1, (16, 21): 1, (16, 23): 1, (16, 24): 1, (17, 19): 1, (17, 20): 1, (18, 21): 1, (18, 22): 1, (18, 24): 1, (19, 24): 1, (20, 21): 1, (20, 22): 1, (21, 22): 1, (22, 23): 1, (23, 24): 1}",3154.9930572509766,778.0,75.0,2181.0
55.0,Graph with 25 nodes and 144 edges,"[[0, 1, 1, 1, 1, 0, 1, 1, 1, 1, 0, 0, 1, 1, 0, 1, 1, 0, 1, 1, 0, 1, 0, 0, 0], [1, 0, 1, 1, 0, 0, 0, 1, 0, 1, 0, 1, 1, 0, 0, 0, 1, 0, 0, 1, 0, 1, 0, 0, 1], [1, 1, 0, 0, 1, 0, 1, 1, 0, 1, 0, 1, 0, 1, 1, 0, 1, 0, 0, 1, 0, 1, 0, 1, 0], [1, 1, 0, 0, 0, 0, 0, 0, 0, 0, 0, 1, 0, 1, 1, 0, 1, 0, 0, 1, 1, 1, 1, 1, 1], [1, 0, 1, 0, 0, 1, 1, 1, 0, 1, 0, 1, 0, 0, 1, 1, 1, 1, 1, 1, 1, 0, 0, 0, 1], [0, 0, 0, 0, 1, 0, 0, 0, 0, 1, 1, 1, 0, 1, 0, 1, 0, 0, 0, 0, 0, 0, 0, 0, 0], [1, 0, 1, 0, 1, 0, 0, 1, 1, 1, 0, 0, 0, 0, 1, 1, 0, 0, 0, 1, 0, 1, 1, 0, 1], [1, 1, 1, 0, 1, 0, 1, 0, 0, 0, 1, 1, 1, 0, 0, 1, 1, 1, 1, 0, 1, 1, 0, 0, 0], [1, 0, 0, 0, 0, 0, 1, 0, 0, 1, 0, 0, 1, 0, 0, 1, 1, 0, 0, 1, 0, 1, 1, 0, 1], [1, 1, 1, 0, 1, 1, 1, 0, 1, 0, 0, 0, 0, 1, 1, 1, 0, 0, 1, 1, 0, 1, 0, 0, 0], [0, 0, 0, 0, 0, 1, 0, 1, 0, 0, 0, 0, 1, 0, 0, 1, 0, 0, 0, 0, 1, 0, 0, 0, 0], [0, 1, 1, 1, 1, 1, 0, 1, 0, 0, 0, 0, 0, 1, 1, 0, 1, 1, 1, 0, 0, 1, 1, 0, 0], [1, 1, 0, 0, 0, 0, 0, 1, 1, 0, 1, 0, 0, 0, 1, 1, 1, 0, 0, 1, 1, 0, 1, 1, 1], [1, 0, 1, 1, 0, 1, 0, 0, 0, 1, 0, 1, 0, 0, 1, 0, 0, 1, 0, 0, 0, 0, 0, 1, 0], [0, 0, 1, 1, 1, 0, 1, 0, 0, 1, 0, 1, 1, 1, 0, 0, 0, 0, 0, 0, 1, 0, 0, 0, 0], [1, 0, 0, 0, 1, 1, 1, 1, 1, 1, 1, 0, 1, 0, 0, 0, 1, 1, 0, 0, 0, 1, 1, 1, 1], [1, 1, 1, 1, 1, 0, 0, 1, 1, 0, 0, 1, 1, 0, 0, 1, 0, 1, 1, 1, 1, 1, 1, 0, 1], [0, 0, 0, 0, 1, 0, 0, 1, 0, 0, 0, 1, 0, 1, 0, 1, 1, 0, 0, 1, 0, 1, 1, 1, 1], [1, 0, 0, 0, 1, 0, 0, 1, 0, 1, 0, 1, 0, 0, 0, 0, 1, 0, 0, 0, 0, 1, 0, 0, 0], [1, 1, 1, 1, 1, 0, 1, 0, 1, 1, 0, 0, 1, 0, 0, 0, 1, 1, 0, 0, 1, 1, 0, 1, 0], [0, 0, 0, 1, 1, 0, 0, 1, 0, 0, 1, 0, 1, 0, 1, 0, 1, 0, 0, 1, 0, 1, 1, 1, 0], [1, 1, 1, 1, 0, 0, 1, 1, 1, 1, 0, 1, 0, 0, 0, 1, 1, 1, 1, 1, 1, 0, 0, 1, 0], [0, 0, 0, 1, 0, 0, 1, 0, 1, 0, 0, 1, 1, 0, 0, 1, 1, 1, 0, 0, 1, 0, 0, 0, 0], [0, 0, 1, 1, 0, 0, 0, 0, 0, 0, 0, 0, 1, 1, 0, 1, 0, 1, 0, 1, 1, 1, 0, 0, 0], [0, 1, 0, 1, 1, 0, 1, 0, 1, 0, 0, 0, 1, 0, 0, 1, 1, 1, 0, 0, 0, 0, 0, 0, 0]]",18.0,8.0,Y,"{0: 26, 1: 34, 2: 42, 3: 50, 4: 58, 5: 66, 6: 74, 7: 82, 8: 90, 9: 98, 10: 106, 11: 114, 12: 122, 13: 130, 14: 138, 15: 146, 16: 154, 17: 162, 18: 170, 19: 178, 20: 186, 21: 194, 22: 202, 23: 210, 24: 18}","{(0, 1): 12, (0, 2): 1, (0, 3): 1, (0, 4): 1, (0, 6): 1, (0, 7): 1, (0, 8): 1, (0, 9): 1, (0, 12): 1, (0, 13): 1, (0, 15): 1, (0, 16): 1, (0, 18): 1, (0, 19): 1, (0, 21): 1, (1, 2): 13, (1, 3): 1, (1, 7): 1, (1, 9): 1, (1, 11): 1, (1, 12): 1, (1, 16): 1, (1, 19): 1, (1, 21): 1, (1, 24): 1, (2, 4): 18, (2, 6): 1, (2, 7): 1, (2, 9): 1, (2, 11): 1, (2, 13): 1, (2, 14): 1, (2, 16): 1, (2, 19): 1, (2, 21): 1, (2, 23): 1, (3, 11): 39, (3, 13): 1, (3, 14): 1, (3, 16): 1, (3, 19): 1, (3, 20): 1, (3, 21): 1, (3, 22): 1, (3, 23): 1, (3, 24): 1, (4, 5): 27, (4, 6): 1, (4, 7): 1, (4, 9): 1, (4, 11): 1, (4, 14): 1, (4, 15): 1, (4, 16): 1, (4, 17): 1, (4, 18): 1, (4, 19): 1, (4, 20): 1, (4, 24): 1, (5, 9): 35, (5, 10): 1, (5, 11): 1, (5, 13): 1, (5, 15): 1, (6, 7): 63, (6, 8): 1, (6, 9): 1, (6, 14): 1, (6, 15): 1, (6, 19): 1, (6, 21): 1, (6, 22): 1, (6, 24): 1, (7, 10): 1, (7, 11): 1, (7, 12): 1, (7, 15): 1, (7, 16): 1, (7, 17): 1, (7, 18): 7, (7, 20): 1, (7, 21): 1, (8, 9): 1, (8, 12): 1, (8, 15): 28, (8, 16): 1, (8, 19): 51, (8, 21): 2, (8, 22): 3, (8, 24): 1, (9, 13): 50, (9, 14): 1, (9, 15): 1, (9, 18): 1, (9, 19): 3, (9, 21): 1, (10, 12): 13, (10, 15): 90, (10, 20): 1, (11, 13): 1, (11, 14): 1, (11, 16): 1, (11, 17): 1, (11, 18): 1, (11, 21): 10, (11, 22): 55, (12, 14): 89, (12, 15): 5, (12, 16): 1, (12, 19): 6, (12, 20): 1, (12, 22): 1, (12, 23): 1, (12, 24): 1, (13, 14): 3, (13, 17): 71, (13, 23): 1, (14, 20): 40, (15, 16): 1, (15, 17): 1, (15, 21): 10, (15, 22): 3, (15, 23): 1, (15, 24): 1, (16, 17): 1, (16, 18): 1, (16, 19): 58, (16, 20): 1, (16, 21): 1, (16, 22): 81, (16, 24): 1, (17, 19): 1, (17, 21): 3, (17, 22): 10, (17, 23): 62, (17, 24): 10, (18, 21): 158, (19, 20): 1, (19, 21): 1, (19, 23): 51, (20, 21): 1, (20, 22): 47, (20, 23): 91, (21, 23): 1}",5038.976669311523,769.0,75.0,2163.0
55.0,Graph with 25 nodes and 144 edges,"[[0, 1, 1, 1, 1, 0, 1, 1, 1, 1, 0, 0, 1, 1, 0, 1, 1, 0, 1, 1, 0, 1, 0, 0, 0], [1, 0, 1, 1, 0, 0, 0, 1, 0, 1, 0, 1, 1, 0, 0, 0, 1, 0, 0, 1, 0, 1, 0, 0, 1], [1, 1, 0, 0, 1, 0, 1, 1, 0, 1, 0, 1, 0, 1, 1, 0, 1, 0, 0, 1, 0, 1, 0, 1, 0], [1, 1, 0, 0, 0, 0, 0, 0, 0, 0, 0, 1, 0, 1, 1, 0, 1, 0, 0, 1, 1, 1, 1, 1, 1], [1, 0, 1, 0, 0, 1, 1, 1, 0, 1, 0, 1, 0, 0, 1, 1, 1, 1, 1, 1, 1, 0, 0, 0, 1], [0, 0, 0, 0, 1, 0, 0, 0, 0, 1, 1, 1, 0, 1, 0, 1, 0, 0, 0, 0, 0, 0, 0, 0, 0], [1, 0, 1, 0, 1, 0, 0, 1, 1, 1, 0, 0, 0, 0, 1, 1, 0, 0, 0, 1, 0, 1, 1, 0, 1], [1, 1, 1, 0, 1, 0, 1, 0, 0, 0, 1, 1, 1, 0, 0, 1, 1, 1, 1, 0, 1, 1, 0, 0, 0], [1, 0, 0, 0, 0, 0, 1, 0, 0, 1, 0, 0, 1, 0, 0, 1, 1, 0, 0, 1, 0, 1, 1, 0, 1], [1, 1, 1, 0, 1, 1, 1, 0, 1, 0, 0, 0, 0, 1, 1, 1, 0, 0, 1, 1, 0, 1, 0, 0, 0], [0, 0, 0, 0, 0, 1, 0, 1, 0, 0, 0, 0, 1, 0, 0, 1, 0, 0, 0, 0, 1, 0, 0, 0, 0], [0, 1, 1, 1, 1, 1, 0, 1, 0, 0, 0, 0, 0, 1, 1, 0, 1, 1, 1, 0, 0, 1, 1, 0, 0], [1, 1, 0, 0, 0, 0, 0, 1, 1, 0, 1, 0, 0, 0, 1, 1, 1, 0, 0, 1, 1, 0, 1, 1, 1], [1, 0, 1, 1, 0, 1, 0, 0, 0, 1, 0, 1, 0, 0, 1, 0, 0, 1, 0, 0, 0, 0, 0, 1, 0], [0, 0, 1, 1, 1, 0, 1, 0, 0, 1, 0, 1, 1, 1, 0, 0, 0, 0, 0, 0, 1, 0, 0, 0, 0], [1, 0, 0, 0, 1, 1, 1, 1, 1, 1, 1, 0, 1, 0, 0, 0, 1, 1, 0, 0, 0, 1, 1, 1, 1], [1, 1, 1, 1, 1, 0, 0, 1, 1, 0, 0, 1, 1, 0, 0, 1, 0, 1, 1, 1, 1, 1, 1, 0, 1], [0, 0, 0, 0, 1, 0, 0, 1, 0, 0, 0, 1, 0, 1, 0, 1, 1, 0, 0, 1, 0, 1, 1, 1, 1], [1, 0, 0, 0, 1, 0, 0, 1, 0, 1, 0, 1, 0, 0, 0, 0, 1, 0, 0, 0, 0, 1, 0, 0, 0], [1, 1, 1, 1, 1, 0, 1, 0, 1, 1, 0, 0, 1, 0, 0, 0, 1, 1, 0, 0, 1, 1, 0, 1, 0], [0, 0, 0, 1, 1, 0, 0, 1, 0, 0, 1, 0, 1, 0, 1, 0, 1, 0, 0, 1, 0, 1, 1, 1, 0], [1, 1, 1, 1, 0, 0, 1, 1, 1, 1, 0, 1, 0, 0, 0, 1, 1, 1, 1, 1, 1, 0, 0, 1, 0], [0, 0, 0, 1, 0, 0, 1, 0, 1, 0, 0, 1, 1, 0, 0, 1, 1, 1, 0, 0, 1, 0, 0, 0, 0], [0, 0, 1, 1, 0, 0, 0, 0, 0, 0, 0, 0, 1, 1, 0, 1, 0, 1, 0, 1, 1, 1, 0, 0, 0], [0, 1, 0, 1, 1, 0, 1, 0, 1, 0, 0, 0, 1, 0, 0, 1, 1, 1, 0, 0, 0, 0, 0, 0, 0]]",28.0,5.0,Y,"{0: 33, 1: 38, 2: 43, 3: 48, 4: 53, 5: 58, 6: 63, 7: 68, 8: 73, 9: 78, 10: 83, 11: 88, 12: 93, 13: 98, 14: 103, 15: 108, 16: 113, 17: 118, 18: 123, 19: 128, 20: 133, 21: 138, 22: 143, 23: 148, 24: 28}","{(0, 1): 19, (0, 2): 1, (0, 3): 1, (0, 4): 1, (0, 6): 1, (0, 7): 1, (0, 8): 1, (0, 9): 1, (0, 12): 1, (0, 13): 1, (0, 15): 1, (0, 16): 1, (0, 18): 1, (0, 19): 1, (0, 21): 1, (1, 2): 10, (1, 3): 1, (1, 7): 1, (1, 9): 1, (1, 11): 1, (1, 12): 1, (1, 16): 1, (1, 19): 1, (1, 21): 1, (1, 24): 1, (2, 4): 22, (2, 6): 1, (2, 7): 1, (2, 9): 1, (2, 11): 1, (2, 13): 1, (2, 14): 1, (2, 16): 1, (2, 19): 1, (2, 21): 1, (2, 23): 1, (3, 11): 37, (3, 13): 1, (3, 14): 1, (3, 16): 1, (3, 19): 1, (3, 20): 1, (3, 21): 1, (3, 22): 1, (3, 23): 1, (3, 24): 1, (4, 5): 18, (4, 6): 1, (4, 7): 1, (4, 9): 1, (4, 11): 1, (4, 14): 1, (4, 15): 1, (4, 16): 1, (4, 17): 1, (4, 18): 1, (4, 19): 1, (4, 20): 1, (4, 24): 1, (5, 9): 36, (5, 10): 1, (5, 11): 1, (5, 13): 1, (5, 15): 1, (6, 7): 52, (6, 8): 1, (6, 9): 1, (6, 14): 1, (6, 15): 1, (6, 19): 1, (6, 21): 1, (6, 22): 1, (6, 24): 1, (7, 10): 1, (7, 11): 1, (7, 12): 1, (7, 15): 1, (7, 16): 1, (7, 17): 1, (7, 18): 4, (7, 20): 1, (7, 21): 1, (8, 9): 1, (8, 12): 1, (8, 15): 1, (8, 16): 1, (8, 19): 1, (8, 21): 1, (8, 22): 64, (8, 24): 1, (9, 13): 1, (9, 14): 1, (9, 15): 1, (9, 18): 31, (9, 19): 1, (9, 21): 1, (10, 12): 1, (10, 15): 1, (10, 20): 79, (11, 13): 1, (11, 14): 1, (11, 16): 1, (11, 17): 1, (11, 18): 40, (11, 21): 1, (11, 22): 1, (12, 14): 1, (12, 15): 1, (12, 16): 1, (12, 19): 1, (12, 20): 1, (12, 22): 72, (12, 23): 10, (12, 24): 1, (13, 14): 66, (13, 17): 1, (13, 23): 25, (14, 20): 30, (15, 16): 1, (15, 17): 1, (15, 21): 1, (15, 22): 1, (15, 23): 94, (15, 24): 1, (16, 17): 89, (16, 18): 9, (16, 19): 1, (16, 20): 1, (16, 21): 1, (16, 22): 1, (16, 24): 1, (17, 19): 1, (17, 21): 1, (17, 22): 1, (17, 23): 1, (17, 24): 20, (18, 21): 37, (19, 20): 16, (19, 21): 87, (19, 23): 14, (20, 21): 1, (20, 22): 1, (20, 23): 1, (21, 23): 1}",4728.078842163086,769.0,75.0,2163.0
56.0,Graph with 25 nodes and 151 edges,"[[0, 0, 0, 1, 0, 0, 1, 0, 1, 1, 1, 0, 0, 1, 1, 0, 0, 0, 1, 0, 1, 1, 1, 0, 0], [0, 0, 1, 0, 0, 0, 0, 1, 1, 0, 1, 1, 0, 0, 1, 1, 0, 1, 0, 0, 1, 1, 1, 0, 0], [0, 1, 0, 0, 1, 0, 1, 1, 1, 0, 0, 0, 0, 0, 0, 1, 1, 1, 1, 0, 1, 1, 0, 0, 0], [1, 0, 0, 0, 0, 0, 1, 0, 1, 0, 0, 1, 0, 1, 0, 1, 0, 1, 1, 0, 1, 0, 0, 0, 1], [0, 0, 1, 0, 0, 1, 1, 1, 0, 1, 1, 0, 1, 0, 0, 1, 1, 0, 1, 0, 0, 1, 1, 0, 0], [0, 0, 0, 0, 1, 0, 0, 0, 1, 0, 0, 1, 0, 0, 0, 0, 1, 1, 0, 0, 1, 1, 1, 0, 1], [1, 0, 1, 1, 1, 0, 0, 0, 0, 0, 1, 0, 0, 0, 1, 0, 0, 1, 0, 0, 1, 0, 0, 0, 0], [0, 1, 1, 0, 1, 0, 0, 0, 1, 1, 1, 0, 1, 1, 0, 1, 0, 1, 1, 1, 1, 0, 1, 1, 1], [1, 1, 1, 1, 0, 1, 0, 1, 0, 1, 0, 0, 1, 0, 1, 1, 0, 1, 1, 1, 1, 0, 0, 1, 0], [1, 0, 0, 0, 1, 0, 0, 1, 1, 0, 1, 1, 0, 1, 1, 0, 0, 0, 1, 0, 1, 1, 1, 1, 0], [1, 1, 0, 0, 1, 0, 1, 1, 0, 1, 0, 0, 0, 1, 0, 1, 0, 0, 1, 1, 0, 1, 1, 1, 1], [0, 1, 0, 1, 0, 1, 0, 0, 0, 1, 0, 0, 0, 1, 1, 1, 1, 1, 0, 1, 1, 1, 0, 0, 0], [0, 0, 0, 0, 1, 0, 0, 1, 1, 0, 0, 0, 0, 1, 1, 1, 0, 1, 0, 0, 1, 0, 0, 1, 1], [1, 0, 0, 1, 0, 0, 0, 1, 0, 1, 1, 1, 1, 0, 1, 1, 0, 0, 0, 1, 0, 0, 0, 1, 0], [1, 1, 0, 0, 0, 0, 1, 0, 1, 1, 0, 1, 1, 1, 0, 0, 0, 1, 0, 1, 1, 0, 1, 1, 0], [0, 1, 1, 1, 1, 0, 0, 1, 1, 0, 1, 1, 1, 1, 0, 0, 0, 0, 1, 1, 1, 0, 1, 0, 0], [0, 0, 1, 0, 1, 1, 0, 0, 0, 0, 0, 1, 0, 0, 0, 0, 0, 0, 0, 0, 0, 1, 1, 1, 1], [0, 1, 1, 1, 0, 1, 1, 1, 1, 0, 0, 1, 1, 0, 1, 0, 0, 0, 1, 1, 0, 1, 1, 0, 1], [1, 0, 1, 1, 1, 0, 0, 1, 1, 1, 1, 0, 0, 0, 0, 1, 0, 1, 0, 0, 0, 1, 0, 0, 1], [0, 0, 0, 0, 0, 0, 0, 1, 1, 0, 1, 1, 0, 1, 1, 1, 0, 1, 0, 0, 0, 0, 0, 1, 1], [1, 1, 1, 1, 0, 1, 1, 1, 1, 1, 0, 1, 1, 0, 1, 1, 0, 0, 0, 0, 0, 1, 1, 0, 1], [1, 1, 1, 0, 1, 1, 0, 0, 0, 1, 1, 1, 0, 0, 0, 0, 1, 1, 1, 0, 1, 0, 1, 0, 1], [1, 1, 0, 0, 1, 1, 0, 1, 0, 1, 1, 0, 0, 0, 1, 1, 1, 1, 0, 0, 1, 1, 0, 0, 1], [0, 0, 0, 0, 0, 0, 0, 1, 1, 1, 1, 0, 1, 1, 1, 0, 1, 0, 0, 1, 0, 0, 0, 0, 1], [0, 0, 0, 1, 0, 1, 0, 1, 0, 0, 1, 0, 1, 0, 0, 0, 1, 1, 1, 1, 1, 1, 1, 1, 0]]",18.0,5.0,Y,"{0: 23, 1: 28, 2: 33, 3: 38, 4: 43, 5: 48, 6: 53, 7: 58, 8: 63, 9: 68, 10: 73, 11: 78, 12: 83, 13: 88, 14: 93, 15: 98, 16: 103, 17: 108, 18: 113, 19: 118, 20: 123, 21: 128, 22: 133, 23: 138, 24: 18}","{(0, 3): 13, (0, 6): 1, (0, 8): 1, (0, 9): 1, (0, 10): 1, (0, 13): 1, (0, 14): 1, (0, 18): 1, (0, 20): 1, (0, 21): 1, (0, 22): 1, (1, 2): 18, (1, 7): 1, (1, 8): 1, (1, 10): 1, (1, 11): 1, (1, 14): 1, (1, 15): 1, (1, 17): 1, (1, 20): 1, (1, 21): 1, (1, 22): 1, (2, 4): 6, (2, 6): 1, (2, 7): 1, (2, 8): 1, (2, 15): 1, (2, 16): 1, (2, 17): 1, (2, 18): 1, (2, 20): 1, (2, 21): 1, (3, 6): 17, (3, 8): 1, (3, 11): 1, (3, 13): 1, (3, 15): 1, (3, 17): 1, (3, 18): 1, (3, 20): 1, (3, 24): 1, (4, 5): 27, (4, 6): 1, (4, 7): 1, (4, 9): 1, (4, 10): 1, (4, 12): 1, (4, 15): 1, (4, 16): 1, (4, 18): 1, (4, 21): 1, (4, 22): 1, (5, 8): 14, (5, 11): 1, (5, 16): 1, (5, 17): 1, (5, 20): 1, (5, 21): 1, (5, 22): 1, (5, 24): 1, (6, 10): 30, (6, 14): 1, (6, 17): 1, (6, 20): 1, (7, 8): 36, (7, 9): 1, (7, 10): 1, (7, 12): 1, (7, 13): 1, (7, 15): 1, (7, 17): 1, (7, 18): 1, (7, 19): 8, (7, 20): 1, (7, 22): 1, (7, 23): 1, (7, 24): 1, (8, 9): 1, (8, 12): 1, (8, 14): 1, (8, 15): 1, (8, 17): 1, (8, 18): 1, (8, 19): 1, (8, 20): 1, (8, 23): 1, (9, 10): 1, (9, 11): 1, (9, 13): 1, (9, 14): 20, (9, 18): 1, (9, 20): 37, (9, 21): 1, (9, 22): 1, (9, 23): 1, (10, 13): 1, (10, 15): 1, (10, 18): 1, (10, 19): 31, (10, 21): 1, (10, 22): 1, (10, 23): 1, (10, 24): 1, (11, 13): 1, (11, 14): 1, (11, 15): 1, (11, 16): 1, (11, 17): 1, (11, 19): 1, (11, 20): 67, (11, 21): 1, (12, 13): 1, (12, 14): 1, (12, 15): 1, (12, 17): 74, (12, 20): 1, (12, 23): 1, (12, 24): 1, (13, 14): 1, (13, 15): 1, (13, 19): 40, (13, 23): 39, (14, 17): 1, (14, 19): 1, (14, 20): 1, (14, 22): 1, (14, 23): 62, (15, 18): 82, (15, 19): 4, (15, 20): 1, (15, 22): 1, (16, 21): 46, (16, 22): 51, (16, 23): 1, (16, 24): 1, (17, 18): 21, (17, 19): 1, (17, 21): 1, (17, 22): 1, (17, 24): 1, (18, 21): 1, (18, 24): 1, (19, 23): 30, (19, 24): 1, (20, 21): 1, (20, 22): 1, (20, 24): 6, (21, 22): 70, (21, 24): 1, (22, 24): 1, (23, 24): 1}",4812.955856323242,776.0,75.0,2177.0
56.0,Graph with 25 nodes and 151 edges,"[[0, 0, 0, 1, 0, 0, 1, 0, 1, 1, 1, 0, 0, 1, 1, 0, 0, 0, 1, 0, 1, 1, 1, 0, 0], [0, 0, 1, 0, 0, 0, 0, 1, 1, 0, 1, 1, 0, 0, 1, 1, 0, 1, 0, 0, 1, 1, 1, 0, 0], [0, 1, 0, 0, 1, 0, 1, 1, 1, 0, 0, 0, 0, 0, 0, 1, 1, 1, 1, 0, 1, 1, 0, 0, 0], [1, 0, 0, 0, 0, 0, 1, 0, 1, 0, 0, 1, 0, 1, 0, 1, 0, 1, 1, 0, 1, 0, 0, 0, 1], [0, 0, 1, 0, 0, 1, 1, 1, 0, 1, 1, 0, 1, 0, 0, 1, 1, 0, 1, 0, 0, 1, 1, 0, 0], [0, 0, 0, 0, 1, 0, 0, 0, 1, 0, 0, 1, 0, 0, 0, 0, 1, 1, 0, 0, 1, 1, 1, 0, 1], [1, 0, 1, 1, 1, 0, 0, 0, 0, 0, 1, 0, 0, 0, 1, 0, 0, 1, 0, 0, 1, 0, 0, 0, 0], [0, 1, 1, 0, 1, 0, 0, 0, 1, 1, 1, 0, 1, 1, 0, 1, 0, 1, 1, 1, 1, 0, 1, 1, 1], [1, 1, 1, 1, 0, 1, 0, 1, 0, 1, 0, 0, 1, 0, 1, 1, 0, 1, 1, 1, 1, 0, 0, 1, 0], [1, 0, 0, 0, 1, 0, 0, 1, 1, 0, 1, 1, 0, 1, 1, 0, 0, 0, 1, 0, 1, 1, 1, 1, 0], [1, 1, 0, 0, 1, 0, 1, 1, 0, 1, 0, 0, 0, 1, 0, 1, 0, 0, 1, 1, 0, 1, 1, 1, 1], [0, 1, 0, 1, 0, 1, 0, 0, 0, 1, 0, 0, 0, 1, 1, 1, 1, 1, 0, 1, 1, 1, 0, 0, 0], [0, 0, 0, 0, 1, 0, 0, 1, 1, 0, 0, 0, 0, 1, 1, 1, 0, 1, 0, 0, 1, 0, 0, 1, 1], [1, 0, 0, 1, 0, 0, 0, 1, 0, 1, 1, 1, 1, 0, 1, 1, 0, 0, 0, 1, 0, 0, 0, 1, 0], [1, 1, 0, 0, 0, 0, 1, 0, 1, 1, 0, 1, 1, 1, 0, 0, 0, 1, 0, 1, 1, 0, 1, 1, 0], [0, 1, 1, 1, 1, 0, 0, 1, 1, 0, 1, 1, 1, 1, 0, 0, 0, 0, 1, 1, 1, 0, 1, 0, 0], [0, 0, 1, 0, 1, 1, 0, 0, 0, 0, 0, 1, 0, 0, 0, 0, 0, 0, 0, 0, 0, 1, 1, 1, 1], [0, 1, 1, 1, 0, 1, 1, 1, 1, 0, 0, 1, 1, 0, 1, 0, 0, 0, 1, 1, 0, 1, 1, 0, 1], [1, 0, 1, 1, 1, 0, 0, 1, 1, 1, 1, 0, 0, 0, 0, 1, 0, 1, 0, 0, 0, 1, 0, 0, 1], [0, 0, 0, 0, 0, 0, 0, 1, 1, 0, 1, 1, 0, 1, 1, 1, 0, 1, 0, 0, 0, 0, 0, 1, 1], [1, 1, 1, 1, 0, 1, 1, 1, 1, 1, 0, 1, 1, 0, 1, 1, 0, 0, 0, 0, 0, 1, 1, 0, 1], [1, 1, 1, 0, 1, 1, 0, 0, 0, 1, 1, 1, 0, 0, 0, 0, 1, 1, 1, 0, 1, 0, 1, 0, 1], [1, 1, 0, 0, 1, 1, 0, 1, 0, 1, 1, 0, 0, 0, 1, 1, 1, 1, 0, 0, 1, 1, 0, 0, 1], [0, 0, 0, 0, 0, 0, 0, 1, 1, 1, 1, 0, 1, 1, 1, 0, 1, 0, 0, 1, 0, 0, 0, 0, 1], [0, 0, 0, 1, 0, 1, 0, 1, 0, 0, 1, 0, 1, 0, 0, 0, 1, 1, 1, 1, 1, 1, 1, 1, 0]]",22.0,6.0,Y,"{0: 28, 1: 34, 2: 40, 3: 46, 4: 52, 5: 58, 6: 64, 7: 70, 8: 76, 9: 82, 10: 88, 11: 94, 12: 100, 13: 106, 14: 112, 15: 118, 16: 124, 17: 130, 18: 136, 19: 142, 20: 148, 21: 154, 22: 160, 23: 166, 24: 22}","{(0, 3): 18, (0, 6): 1, (0, 8): 1, (0, 9): 1, (0, 10): 1, (0, 13): 1, (0, 14): 1, (0, 18): 1, (0, 20): 1, (0, 21): 1, (0, 22): 1, (1, 2): 24, (1, 7): 1, (1, 8): 1, (1, 10): 1, (1, 11): 1, (1, 14): 1, (1, 15): 1, (1, 17): 1, (1, 20): 1, (1, 21): 1, (1, 22): 1, (2, 4): 7, (2, 6): 1, (2, 7): 1, (2, 8): 1, (2, 15): 1, (2, 16): 1, (2, 17): 1, (2, 18): 1, (2, 20): 1, (2, 21): 1, (3, 6): 20, (3, 8): 1, (3, 11): 1, (3, 13): 1, (3, 15): 1, (3, 17): 1, (3, 18): 1, (3, 20): 1, (3, 24): 1, (4, 5): 35, (4, 6): 1, (4, 7): 1, (4, 9): 1, (4, 10): 1, (4, 12): 1, (4, 15): 1, (4, 16): 1, (4, 18): 1, (4, 21): 1, (4, 22): 1, (5, 8): 16, (5, 11): 1, (5, 16): 1, (5, 17): 1, (5, 20): 1, (5, 21): 1, (5, 22): 1, (5, 24): 1, (6, 10): 38, (6, 14): 1, (6, 17): 1, (6, 20): 1, (7, 8): 47, (7, 9): 1, (7, 10): 1, (7, 12): 1, (7, 13): 1, (7, 15): 1, (7, 17): 1, (7, 18): 1, (7, 19): 1, (7, 20): 1, (7, 22): 1, (7, 23): 9, (7, 24): 1, (8, 9): 1, (8, 12): 1, (8, 14): 1, (8, 15): 1, (8, 17): 1, (8, 18): 1, (8, 19): 1, (8, 20): 1, (8, 23): 1, (9, 10): 1, (9, 11): 1, (9, 13): 1, (9, 14): 42, (9, 18): 1, (9, 20): 29, (9, 21): 1, (9, 22): 1, (9, 23): 1, (10, 13): 1, (10, 15): 1, (10, 18): 10, (10, 19): 1, (10, 21): 1, (10, 22): 8, (10, 23): 22, (10, 24): 1, (11, 13): 1, (11, 14): 1, (11, 15): 1, (11, 16): 75, (11, 17): 1, (11, 19): 1, (11, 20): 1, (11, 21): 9, (12, 13): 1, (12, 14): 1, (12, 15): 1, (12, 17): 1, (12, 20): 1, (12, 23): 91, (12, 24): 1, (13, 14): 1, (13, 15): 1, (13, 19): 96, (13, 23): 1, (14, 17): 1, (14, 19): 1, (14, 20): 1, (14, 22): 59, (14, 23): 1, (15, 18): 1, (15, 19): 1, (15, 20): 105, (15, 22): 1, (16, 21): 43, (16, 22): 1, (16, 23): 1, (16, 24): 1, (17, 18): 116, (17, 19): 1, (17, 21): 1, (17, 22): 1, (17, 24): 1, (18, 21): 1, (18, 24): 1, (19, 23): 38, (19, 24): 1, (20, 21): 1, (20, 22): 1, (20, 24): 1, (21, 22): 82, (21, 24): 10, (22, 24): 1, (23, 24): 1}",4651.069641113281,776.0,75.0,2177.0
58.0,Graph with 25 nodes and 137 edges,"[[0, 1, 0, 1, 1, 1, 0, 0, 0, 0, 1, 1, 1, 1, 1, 0, 0, 0, 0, 0, 0, 1, 0, 1, 0], [1, 0, 1, 0, 0, 1, 1, 1, 1, 1, 1, 1, 0, 0, 0, 1, 0, 1, 0, 0, 1, 1, 0, 1, 1], [0, 1, 0, 1, 0, 1, 1, 0, 1, 0, 0, 0, 0, 0, 1, 0, 1, 1, 1, 0, 1, 0, 1, 1, 1], [1, 0, 1, 0, 1, 0, 0, 0, 0, 0, 1, 0, 0, 1, 0, 1, 0, 0, 0, 1, 0, 0, 0, 1, 0], [1, 0, 0, 1, 0, 0, 0, 1, 1, 0, 0, 1, 0, 0, 0, 0, 0, 0, 0, 0, 0, 0, 0, 0, 0], [1, 1, 1, 0, 0, 0, 0, 1, 0, 0, 1, 1, 0, 1, 1, 1, 1, 1, 1, 0, 0, 1, 0, 1, 1], [0, 1, 1, 0, 0, 0, 0, 0, 0, 0, 0, 0, 1, 1, 0, 0, 1, 0, 1, 0, 0, 0, 1, 0, 1], [0, 1, 0, 0, 1, 1, 0, 0, 0, 0, 1, 0, 1, 0, 0, 0, 1, 1, 1, 1, 1, 0, 1, 0, 0], [0, 1, 1, 0, 1, 0, 0, 0, 0, 0, 1, 0, 1, 0, 0, 0, 0, 1, 0, 1, 1, 1, 1, 0, 0], [0, 1, 0, 0, 0, 0, 0, 0, 0, 0, 1, 0, 1, 1, 0, 0, 1, 1, 0, 1, 1, 1, 0, 1, 1], [1, 1, 0, 1, 0, 1, 0, 1, 1, 1, 0, 1, 0, 0, 0, 0, 0, 0, 1, 0, 1, 1, 1, 0, 1], [1, 1, 0, 0, 1, 1, 0, 0, 0, 0, 1, 0, 0, 0, 1, 1, 0, 1, 0, 1, 0, 0, 0, 1, 0], [1, 0, 0, 0, 0, 0, 1, 1, 1, 1, 0, 0, 0, 0, 0, 1, 0, 0, 0, 1, 1, 0, 0, 1, 1], [1, 0, 0, 1, 0, 1, 1, 0, 0, 1, 0, 0, 0, 0, 0, 0, 0, 0, 1, 1, 0, 1, 0, 1, 0], [1, 0, 1, 0, 0, 1, 0, 0, 0, 0, 0, 1, 0, 0, 0, 1, 1, 1, 0, 0, 0, 0, 1, 1, 1], [0, 1, 0, 1, 0, 1, 0, 0, 0, 0, 0, 1, 1, 0, 1, 0, 1, 0, 0, 1, 1, 1, 0, 0, 0], [0, 0, 1, 0, 0, 1, 1, 1, 0, 1, 0, 0, 0, 0, 1, 1, 0, 0, 1, 0, 0, 1, 1, 1, 0], [0, 1, 1, 0, 0, 1, 0, 1, 1, 1, 0, 1, 0, 0, 1, 0, 0, 0, 1, 1, 0, 1, 1, 0, 0], [0, 0, 1, 0, 0, 1, 1, 1, 0, 0, 1, 0, 0, 1, 0, 0, 1, 1, 0, 0, 0, 1, 1, 0, 1], [0, 0, 0, 1, 0, 0, 0, 1, 1, 1, 0, 1, 1, 1, 0, 1, 0, 1, 0, 0, 1, 0, 1, 0, 1], [0, 1, 1, 0, 0, 0, 0, 1, 1, 1, 1, 0, 1, 0, 0, 1, 0, 0, 0, 1, 0, 1, 0, 0, 1], [1, 1, 0, 0, 0, 1, 0, 0, 1, 1, 1, 0, 0, 1, 0, 1, 1, 1, 1, 0, 1, 0, 0, 1, 0], [0, 0, 1, 0, 0, 0, 1, 1, 1, 0, 1, 0, 0, 0, 1, 0, 1, 1, 1, 1, 0, 0, 0, 0, 1], [1, 1, 1, 1, 0, 1, 0, 0, 0, 1, 0, 1, 1, 1, 1, 0, 1, 0, 0, 0, 0, 1, 0, 0, 0], [0, 1, 1, 0, 0, 1, 1, 0, 0, 1, 1, 0, 1, 0, 1, 0, 0, 0, 1, 1, 1, 0, 1, 0, 0]]",10.0,8.0,Y,"{0: 26, 1: 34, 2: 42, 3: 18, 4: 50, 5: 58, 6: 66, 7: 74, 8: 82, 9: 90, 10: 98, 11: 106, 12: 114, 13: 122, 14: 130, 15: 10, 16: 138, 17: 146, 18: 154, 19: 162, 20: 170, 21: 178, 22: 186, 23: 194, 24: 202}","{(0, 1): 16, (0, 3): 1, (0, 4): 1, (0, 5): 1, (0, 10): 1, (0, 11): 1, (0, 12): 1, (0, 13): 1, (0, 14): 1, (0, 21): 1, (0, 23): 1, (1, 2): 5, (1, 5): 1, (1, 6): 1, (1, 7): 1, (1, 8): 1, (1, 9): 1, (1, 10): 1, (1, 11): 1, (1, 15): 1, (1, 17): 1, (1, 20): 1, (1, 21): 1, (1, 23): 1, (1, 24): 1, (2, 3): 11, (2, 5): 16, (2, 6): 1, (2, 8): 1, (2, 14): 1, (2, 16): 1, (2, 17): 1, (2, 18): 1, (2, 20): 1, (2, 22): 1, (2, 23): 1, (2, 24): 1, (3, 4): 1, (3, 10): 1, (3, 13): 1, (3, 15): 1, (3, 19): 1, (3, 23): 1, (4, 7): 46, (4, 8): 1, (4, 11): 1, (5, 7): 19, (5, 10): 1, (5, 11): 1, (5, 13): 1, (5, 14): 1, (5, 15): 1, (5, 16): 1, (5, 17): 11, (5, 18): 1, (5, 21): 1, (5, 23): 1, (5, 24): 1, (6, 12): 1, (6, 13): 59, (6, 16): 1, (6, 18): 1, (6, 22): 1, (6, 24): 1, (7, 10): 1, (7, 12): 1, (7, 16): 1, (7, 17): 1, (7, 18): 1, (7, 19): 1, (7, 20): 1, (7, 22): 1, (8, 10): 1, (8, 12): 1, (8, 17): 1, (8, 19): 1, (8, 20): 73, (8, 21): 1, (8, 22): 1, (9, 10): 1, (9, 12): 1, (9, 13): 1, (9, 16): 1, (9, 17): 27, (9, 19): 54, (9, 20): 1, (9, 21): 1, (9, 23): 1, (9, 24): 1, (10, 11): 86, (10, 18): 1, (10, 20): 1, (10, 21): 1, (10, 22): 1, (10, 24): 1, (11, 14): 12, (11, 15): 1, (11, 17): 1, (11, 19): 1, (11, 23): 1, (12, 15): 1, (12, 19): 18, (12, 20): 88, (12, 23): 1, (12, 24): 1, (13, 18): 1, (13, 19): 1, (13, 21): 56, (13, 23): 1, (14, 15): 1, (14, 16): 28, (14, 17): 1, (14, 22): 1, (14, 23): 83, (14, 24): 1, (15, 16): 1, (15, 19): 1, (15, 20): 1, (15, 21): 1, (16, 18): 1, (16, 21): 1, (16, 22): 1, (16, 23): 101, (17, 18): 1, (17, 19): 81, (17, 21): 1, (17, 22): 19, (18, 21): 111, (18, 22): 1, (18, 24): 34, (19, 20): 1, (19, 22): 1, (19, 24): 1, (20, 21): 1, (20, 24): 1, (21, 23): 1, (22, 24): 158}",4935.979843139648,762.0,75.0,2149.0
58.0,Graph with 25 nodes and 137 edges,"[[0, 1, 0, 1, 1, 1, 0, 0, 0, 0, 1, 1, 1, 1, 1, 0, 0, 0, 0, 0, 0, 1, 0, 1, 0], [1, 0, 1, 0, 0, 1, 1, 1, 1, 1, 1, 1, 0, 0, 0, 1, 0, 1, 0, 0, 1, 1, 0, 1, 1], [0, 1, 0, 1, 0, 1, 1, 0, 1, 0, 0, 0, 0, 0, 1, 0, 1, 1, 1, 0, 1, 0, 1, 1, 1], [1, 0, 1, 0, 1, 0, 0, 0, 0, 0, 1, 0, 0, 1, 0, 1, 0, 0, 0, 1, 0, 0, 0, 1, 0], [1, 0, 0, 1, 0, 0, 0, 1, 1, 0, 0, 1, 0, 0, 0, 0, 0, 0, 0, 0, 0, 0, 0, 0, 0], [1, 1, 1, 0, 0, 0, 0, 1, 0, 0, 1, 1, 0, 1, 1, 1, 1, 1, 1, 0, 0, 1, 0, 1, 1], [0, 1, 1, 0, 0, 0, 0, 0, 0, 0, 0, 0, 1, 1, 0, 0, 1, 0, 1, 0, 0, 0, 1, 0, 1], [0, 1, 0, 0, 1, 1, 0, 0, 0, 0, 1, 0, 1, 0, 0, 0, 1, 1, 1, 1, 1, 0, 1, 0, 0], [0, 1, 1, 0, 1, 0, 0, 0, 0, 0, 1, 0, 1, 0, 0, 0, 0, 1, 0, 1, 1, 1, 1, 0, 0], [0, 1, 0, 0, 0, 0, 0, 0, 0, 0, 1, 0, 1, 1, 0, 0, 1, 1, 0, 1, 1, 1, 0, 1, 1], [1, 1, 0, 1, 0, 1, 0, 1, 1, 1, 0, 1, 0, 0, 0, 0, 0, 0, 1, 0, 1, 1, 1, 0, 1], [1, 1, 0, 0, 1, 1, 0, 0, 0, 0, 1, 0, 0, 0, 1, 1, 0, 1, 0, 1, 0, 0, 0, 1, 0], [1, 0, 0, 0, 0, 0, 1, 1, 1, 1, 0, 0, 0, 0, 0, 1, 0, 0, 0, 1, 1, 0, 0, 1, 1], [1, 0, 0, 1, 0, 1, 1, 0, 0, 1, 0, 0, 0, 0, 0, 0, 0, 0, 1, 1, 0, 1, 0, 1, 0], [1, 0, 1, 0, 0, 1, 0, 0, 0, 0, 0, 1, 0, 0, 0, 1, 1, 1, 0, 0, 0, 0, 1, 1, 1], [0, 1, 0, 1, 0, 1, 0, 0, 0, 0, 0, 1, 1, 0, 1, 0, 1, 0, 0, 1, 1, 1, 0, 0, 0], [0, 0, 1, 0, 0, 1, 1, 1, 0, 1, 0, 0, 0, 0, 1, 1, 0, 0, 1, 0, 0, 1, 1, 1, 0], [0, 1, 1, 0, 0, 1, 0, 1, 1, 1, 0, 1, 0, 0, 1, 0, 0, 0, 1, 1, 0, 1, 1, 0, 0], [0, 0, 1, 0, 0, 1, 1, 1, 0, 0, 1, 0, 0, 1, 0, 0, 1, 1, 0, 0, 0, 1, 1, 0, 1], [0, 0, 0, 1, 0, 0, 0, 1, 1, 1, 0, 1, 1, 1, 0, 1, 0, 1, 0, 0, 1, 0, 1, 0, 1], [0, 1, 1, 0, 0, 0, 0, 1, 1, 1, 1, 0, 1, 0, 0, 1, 0, 0, 0, 1, 0, 1, 0, 0, 1], [1, 1, 0, 0, 0, 1, 0, 0, 1, 1, 1, 0, 0, 1, 0, 1, 1, 1, 1, 0, 1, 0, 0, 1, 0], [0, 0, 1, 0, 0, 0, 1, 1, 1, 0, 1, 0, 0, 0, 1, 0, 1, 1, 1, 1, 0, 0, 0, 0, 1], [1, 1, 1, 1, 0, 1, 0, 0, 0, 1, 0, 1, 1, 1, 1, 0, 1, 0, 0, 0, 0, 1, 0, 0, 0], [0, 1, 1, 0, 0, 1, 1, 0, 0, 1, 1, 0, 1, 0, 1, 0, 0, 0, 1, 1, 1, 0, 1, 0, 0]]",14.0,4.0,Y,"{0: 14, 1: 18, 2: 110, 3: 106, 4: 102, 5: 98, 6: 94, 7: 90, 8: 86, 9: 82, 10: 78, 11: 74, 12: 70, 13: 66, 14: 62, 15: 58, 16: 54, 17: 50, 18: 46, 19: 42, 20: 38, 21: 34, 22: 30, 23: 26, 24: 22}","{(0, 1): 4, (0, 3): 1, (0, 4): 1, (0, 5): 1, (0, 10): 1, (0, 11): 1, (0, 12): 1, (0, 13): 1, (0, 14): 1, (0, 21): 1, (0, 23): 1, (1, 2): 1, (1, 5): 1, (1, 6): 1, (1, 7): 1, (1, 8): 1, (1, 9): 1, (1, 10): 1, (1, 11): 1, (1, 15): 1, (1, 17): 1, (1, 20): 1, (1, 21): 1, (1, 23): 1, (1, 24): 1, (2, 3): 1, (2, 5): 1, (2, 6): 1, (2, 8): 1, (2, 14): 1, (2, 16): 1, (2, 17): 1, (2, 18): 28, (2, 20): 28, (2, 22): 20, (2, 23): 15, (2, 24): 11, (3, 4): 1, (3, 10): 66, (3, 13): 1, (3, 15): 4, (3, 19): 31, (3, 23): 1, (4, 7): 80, (4, 8): 18, (4, 11): 2, (5, 7): 1, (5, 10): 1, (5, 11): 64, (5, 13): 1, (5, 14): 20, (5, 15): 2, (5, 16): 1, (5, 17): 1, (5, 18): 1, (5, 21): 1, (5, 23): 1, (5, 24): 1, (6, 12): 1, (6, 13): 36, (6, 16): 44, (6, 18): 9, (6, 22): 1, (6, 24): 1, (7, 10): 1, (7, 12): 1, (7, 16): 1, (7, 17): 1, (7, 18): 1, (7, 19): 1, (7, 20): 1, (7, 22): 1, (8, 10): 1, (8, 12): 1, (8, 17): 39, (8, 19): 1, (8, 20): 1, (8, 21): 22, (8, 22): 1, (9, 10): 1, (9, 12): 50, (9, 13): 23, (9, 16): 1, (9, 17): 1, (9, 19): 1, (9, 20): 1, (9, 21): 1, (9, 23): 1, (9, 24): 1, (10, 11): 1, (10, 18): 1, (10, 20): 1, (10, 21): 1, (10, 22): 1, (10, 24): 1, (11, 14): 1, (11, 15): 1, (11, 17): 1, (11, 19): 1, (11, 23): 1, (12, 15): 12, (12, 19): 1, (12, 20): 1, (12, 23): 1, (12, 24): 1, (13, 18): 1, (13, 19): 1, (13, 21): 1, (13, 23): 1, (14, 15): 34, (14, 16): 1, (14, 17): 1, (14, 22): 1, (14, 23): 1, (14, 24): 1, (15, 16): 1, (15, 19): 1, (15, 20): 1, (15, 21): 1, (16, 18): 1, (16, 21): 1, (16, 22): 1, (16, 23): 1, (17, 18): 1, (17, 19): 1, (17, 21): 1, (17, 22): 1, (18, 21): 1, (18, 22): 1, (18, 24): 1, (19, 20): 1, (19, 22): 1, (19, 24): 1, (20, 21): 1, (20, 24): 1, (21, 23): 1, (22, 24): 1}",3213.8824462890625,762.0,75.0,2149.0
59.0,Graph with 25 nodes and 142 edges,"[[0, 0, 1, 0, 0, 0, 1, 0, 1, 1, 0, 0, 1, 0, 1, 1, 0, 1, 0, 0, 0, 1, 1, 1, 1], [0, 0, 0, 0, 0, 1, 1, 1, 0, 1, 1, 0, 0, 0, 0, 1, 0, 0, 0, 1, 1, 0, 1, 0, 1], [1, 0, 0, 0, 1, 1, 0, 0, 0, 0, 0, 1, 1, 1, 1, 1, 0, 1, 1, 0, 1, 0, 1, 1, 0], [0, 0, 0, 0, 1, 1, 1, 1, 1, 1, 0, 1, 1, 0, 0, 0, 1, 1, 1, 0, 0, 1, 0, 0, 0], [0, 0, 1, 1, 0, 1, 0, 0, 1, 1, 1, 1, 0, 1, 0, 0, 0, 1, 0, 0, 0, 1, 1, 0, 1], [0, 1, 1, 1, 1, 0, 1, 1, 0, 0, 0, 1, 1, 0, 1, 1, 0, 0, 1, 1, 0, 1, 1, 0, 0], [1, 1, 0, 1, 0, 1, 0, 0, 0, 0, 0, 0, 1, 0, 0, 0, 1, 0, 0, 1, 1, 1, 1, 0, 1], [0, 1, 0, 1, 0, 1, 0, 0, 0, 1, 0, 0, 1, 0, 0, 0, 0, 0, 0, 0, 1, 0, 0, 0, 1], [1, 0, 0, 1, 1, 0, 0, 0, 0, 1, 0, 0, 1, 0, 0, 1, 1, 1, 0, 0, 0, 1, 1, 1, 1], [1, 1, 0, 1, 1, 0, 0, 1, 1, 0, 0, 1, 1, 1, 1, 0, 1, 0, 0, 0, 1, 0, 1, 1, 0], [0, 1, 0, 0, 1, 0, 0, 0, 0, 0, 0, 1, 1, 0, 0, 0, 0, 0, 0, 1, 0, 0, 1, 1, 1], [0, 0, 1, 1, 1, 1, 0, 0, 0, 1, 1, 0, 0, 0, 0, 0, 0, 0, 1, 1, 0, 0, 1, 1, 0], [1, 0, 1, 1, 0, 1, 1, 1, 1, 1, 1, 0, 0, 0, 1, 1, 0, 0, 1, 1, 1, 1, 1, 0, 0], [0, 0, 1, 0, 1, 0, 0, 0, 0, 1, 0, 0, 0, 0, 1, 1, 0, 1, 1, 0, 1, 0, 1, 1, 0], [1, 0, 1, 0, 0, 1, 0, 0, 0, 1, 0, 0, 1, 1, 0, 0, 1, 1, 0, 0, 1, 0, 0, 1, 0], [1, 1, 1, 0, 0, 1, 0, 0, 1, 0, 0, 0, 1, 1, 0, 0, 1, 0, 1, 1, 0, 0, 0, 1, 1], [0, 0, 0, 1, 0, 0, 1, 0, 1, 1, 0, 0, 0, 0, 1, 1, 0, 1, 1, 1, 1, 0, 0, 1, 0], [1, 0, 1, 1, 1, 0, 0, 0, 1, 0, 0, 0, 0, 1, 1, 0, 1, 0, 0, 0, 1, 0, 0, 1, 1], [0, 0, 1, 1, 0, 1, 0, 0, 0, 0, 0, 1, 1, 1, 0, 1, 1, 0, 0, 1, 1, 0, 0, 0, 0], [0, 1, 0, 0, 0, 1, 1, 0, 0, 0, 1, 1, 1, 0, 0, 1, 1, 0, 1, 0, 0, 0, 0, 0, 0], [0, 1, 1, 0, 0, 0, 1, 1, 0, 1, 0, 0, 1, 1, 1, 0, 1, 1, 1, 0, 0, 0, 1, 1, 1], [1, 0, 0, 1, 1, 1, 1, 0, 1, 0, 0, 0, 1, 0, 0, 0, 0, 0, 0, 0, 0, 0, 0, 1, 1], [1, 1, 1, 0, 1, 1, 1, 0, 1, 1, 1, 1, 1, 1, 0, 0, 0, 0, 0, 0, 1, 0, 0, 0, 0], [1, 0, 1, 0, 0, 0, 0, 0, 1, 1, 1, 1, 0, 1, 1, 1, 1, 1, 0, 0, 1, 1, 0, 0, 0], [1, 1, 0, 0, 1, 0, 1, 1, 1, 0, 1, 0, 0, 0, 0, 1, 0, 1, 0, 0, 1, 1, 0, 0, 0]]",18.0,5.0,Y,"{0: 23, 1: 28, 2: 33, 3: 38, 4: 43, 5: 48, 6: 53, 7: 58, 8: 63, 9: 68, 10: 73, 11: 78, 12: 83, 13: 88, 14: 93, 15: 98, 16: 103, 17: 108, 18: 113, 19: 118, 20: 123, 21: 128, 22: 133, 23: 138, 24: 18}","{(0, 2): 12, (0, 6): 1, (0, 8): 1, (0, 9): 1, (0, 12): 1, (0, 14): 1, (0, 15): 1, (0, 17): 1, (0, 21): 1, (0, 22): 1, (0, 23): 1, (0, 24): 1, (1, 5): 19, (1, 6): 1, (1, 7): 1, (1, 9): 1, (1, 10): 1, (1, 15): 1, (1, 19): 1, (1, 20): 1, (1, 22): 1, (1, 24): 1, (2, 4): 10, (2, 5): 1, (2, 11): 1, (2, 12): 1, (2, 13): 1, (2, 14): 1, (2, 15): 1, (2, 17): 1, (2, 18): 1, (2, 20): 1, (2, 22): 1, (2, 23): 1, (3, 4): 23, (3, 5): 5, (3, 6): 1, (3, 7): 1, (3, 8): 1, (3, 9): 1, (3, 11): 1, (3, 12): 1, (3, 16): 1, (3, 17): 1, (3, 18): 1, (3, 21): 1, (4, 5): 1, (4, 8): 1, (4, 9): 1, (4, 10): 1, (4, 11): 1, (4, 13): 1, (4, 17): 1, (4, 21): 1, (4, 22): 1, (4, 24): 1, (5, 6): 13, (5, 7): 1, (5, 11): 1, (5, 12): 1, (5, 14): 1, (5, 15): 1, (5, 18): 1, (5, 19): 1, (5, 21): 1, (5, 22): 1, (6, 12): 4, (6, 16): 5, (6, 19): 15, (6, 20): 4, (6, 21): 7, (6, 22): 1, (6, 24): 1, (7, 9): 38, (7, 12): 1, (7, 20): 15, (7, 24): 1, (8, 9): 1, (8, 12): 1, (8, 15): 12, (8, 16): 11, (8, 17): 1, (8, 21): 3, (8, 22): 29, (8, 23): 1, (8, 24): 1, (9, 11): 1, (9, 12): 1, (9, 13): 7, (9, 14): 1, (9, 16): 12, (9, 20): 1, (9, 22): 1, (9, 23): 1, (10, 11): 1, (10, 12): 7, (10, 19): 46, (10, 22): 10, (10, 23): 6, (10, 24): 1, (11, 18): 1, (11, 19): 1, (11, 22): 69, (11, 23): 1, (12, 14): 7, (12, 15): 1, (12, 18): 34, (12, 19): 1, (12, 20): 1, (12, 21): 7, (12, 22): 14, (13, 14): 1, (13, 15): 1, (13, 17): 1, (13, 18): 7, (13, 20): 65, (13, 22): 3, (13, 23): 1, (14, 16): 2, (14, 17): 77, (14, 20): 1, (14, 23): 1, (15, 16): 37, (15, 18): 1, (15, 19): 30, (15, 23): 4, (15, 24): 8, (16, 17): 1, (16, 18): 28, (16, 19): 4, (16, 20): 1, (16, 23): 1, (17, 20): 10, (17, 23): 13, (17, 24): 1, (18, 19): 19, (18, 20): 20, (20, 22): 1, (20, 23): 1, (20, 24): 1, (21, 23): 106, (21, 24): 1}",4359.006881713867,767.0,75.0,2159.0
59.0,Graph with 25 nodes and 142 edges,"[[0, 0, 1, 0, 0, 0, 1, 0, 1, 1, 0, 0, 1, 0, 1, 1, 0, 1, 0, 0, 0, 1, 1, 1, 1], [0, 0, 0, 0, 0, 1, 1, 1, 0, 1, 1, 0, 0, 0, 0, 1, 0, 0, 0, 1, 1, 0, 1, 0, 1], [1, 0, 0, 0, 1, 1, 0, 0, 0, 0, 0, 1, 1, 1, 1, 1, 0, 1, 1, 0, 1, 0, 1, 1, 0], [0, 0, 0, 0, 1, 1, 1, 1, 1, 1, 0, 1, 1, 0, 0, 0, 1, 1, 1, 0, 0, 1, 0, 0, 0], [0, 0, 1, 1, 0, 1, 0, 0, 1, 1, 1, 1, 0, 1, 0, 0, 0, 1, 0, 0, 0, 1, 1, 0, 1], [0, 1, 1, 1, 1, 0, 1, 1, 0, 0, 0, 1, 1, 0, 1, 1, 0, 0, 1, 1, 0, 1, 1, 0, 0], [1, 1, 0, 1, 0, 1, 0, 0, 0, 0, 0, 0, 1, 0, 0, 0, 1, 0, 0, 1, 1, 1, 1, 0, 1], [0, 1, 0, 1, 0, 1, 0, 0, 0, 1, 0, 0, 1, 0, 0, 0, 0, 0, 0, 0, 1, 0, 0, 0, 1], [1, 0, 0, 1, 1, 0, 0, 0, 0, 1, 0, 0, 1, 0, 0, 1, 1, 1, 0, 0, 0, 1, 1, 1, 1], [1, 1, 0, 1, 1, 0, 0, 1, 1, 0, 0, 1, 1, 1, 1, 0, 1, 0, 0, 0, 1, 0, 1, 1, 0], [0, 1, 0, 0, 1, 0, 0, 0, 0, 0, 0, 1, 1, 0, 0, 0, 0, 0, 0, 1, 0, 0, 1, 1, 1], [0, 0, 1, 1, 1, 1, 0, 0, 0, 1, 1, 0, 0, 0, 0, 0, 0, 0, 1, 1, 0, 0, 1, 1, 0], [1, 0, 1, 1, 0, 1, 1, 1, 1, 1, 1, 0, 0, 0, 1, 1, 0, 0, 1, 1, 1, 1, 1, 0, 0], [0, 0, 1, 0, 1, 0, 0, 0, 0, 1, 0, 0, 0, 0, 1, 1, 0, 1, 1, 0, 1, 0, 1, 1, 0], [1, 0, 1, 0, 0, 1, 0, 0, 0, 1, 0, 0, 1, 1, 0, 0, 1, 1, 0, 0, 1, 0, 0, 1, 0], [1, 1, 1, 0, 0, 1, 0, 0, 1, 0, 0, 0, 1, 1, 0, 0, 1, 0, 1, 1, 0, 0, 0, 1, 1], [0, 0, 0, 1, 0, 0, 1, 0, 1, 1, 0, 0, 0, 0, 1, 1, 0, 1, 1, 1, 1, 0, 0, 1, 0], [1, 0, 1, 1, 1, 0, 0, 0, 1, 0, 0, 0, 0, 1, 1, 0, 1, 0, 0, 0, 1, 0, 0, 1, 1], [0, 0, 1, 1, 0, 1, 0, 0, 0, 0, 0, 1, 1, 1, 0, 1, 1, 0, 0, 1, 1, 0, 0, 0, 0], [0, 1, 0, 0, 0, 1, 1, 0, 0, 0, 1, 1, 1, 0, 0, 1, 1, 0, 1, 0, 0, 0, 0, 0, 0], [0, 1, 1, 0, 0, 0, 1, 1, 0, 1, 0, 0, 1, 1, 1, 0, 1, 1, 1, 0, 0, 0, 1, 1, 1], [1, 0, 0, 1, 1, 1, 1, 0, 1, 0, 0, 0, 1, 0, 0, 0, 0, 0, 0, 0, 0, 0, 0, 1, 1], [1, 1, 1, 0, 1, 1, 1, 0, 1, 1, 1, 1, 1, 1, 0, 0, 0, 0, 0, 0, 1, 0, 0, 0, 0], [1, 0, 1, 0, 0, 0, 0, 0, 1, 1, 1, 1, 0, 1, 1, 1, 1, 1, 0, 0, 1, 1, 0, 0, 0], [1, 1, 0, 0, 1, 0, 1, 1, 1, 0, 1, 0, 0, 0, 0, 1, 0, 1, 0, 0, 1, 1, 0, 0, 0]]",18.0,8.0,Y,"{0: 26, 1: 34, 2: 42, 3: 50, 4: 58, 5: 66, 6: 74, 7: 82, 8: 90, 9: 98, 10: 106, 11: 114, 12: 122, 13: 130, 14: 138, 15: 146, 16: 154, 17: 162, 18: 170, 19: 178, 20: 186, 21: 194, 22: 202, 23: 210, 24: 18}","{(0, 2): 15, (0, 6): 1, (0, 8): 1, (0, 9): 1, (0, 12): 1, (0, 14): 1, (0, 15): 1, (0, 17): 1, (0, 21): 1, (0, 22): 1, (0, 23): 1, (0, 24): 1, (1, 5): 25, (1, 6): 1, (1, 7): 1, (1, 9): 1, (1, 10): 1, (1, 15): 1, (1, 19): 1, (1, 20): 1, (1, 22): 1, (1, 24): 1, (2, 4): 16, (2, 5): 1, (2, 11): 1, (2, 12): 1, (2, 13): 1, (2, 14): 1, (2, 15): 1, (2, 17): 1, (2, 18): 1, (2, 20): 1, (2, 22): 1, (2, 23): 1, (3, 4): 32, (3, 5): 8, (3, 6): 1, (3, 7): 1, (3, 8): 1, (3, 9): 1, (3, 11): 1, (3, 12): 1, (3, 16): 1, (3, 17): 1, (3, 18): 1, (3, 21): 1, (4, 5): 1, (4, 8): 1, (4, 9): 1, (4, 10): 1, (4, 11): 1, (4, 13): 1, (4, 17): 1, (4, 21): 1, (4, 22): 1, (4, 24): 1, (5, 6): 22, (5, 7): 1, (5, 11): 1, (5, 12): 1, (5, 14): 1, (5, 15): 1, (5, 18): 1, (5, 19): 1, (5, 21): 1, (5, 22): 1, (6, 12): 1, (6, 16): 1, (6, 19): 1, (6, 20): 1, (6, 21): 43, (6, 22): 1, (6, 24): 1, (7, 9): 76, (7, 12): 1, (7, 20): 1, (7, 24): 1, (8, 9): 1, (8, 12): 1, (8, 15): 1, (8, 16): 1, (8, 17): 1, (8, 21): 79, (8, 22): 1, (8, 23): 1, (8, 24): 1, (9, 11): 1, (9, 12): 1, (9, 13): 1, (9, 14): 1, (9, 16): 1, (9, 20): 1, (9, 22): 10, (9, 23): 1, (10, 11): 1, (10, 12): 1, (10, 19): 1, (10, 22): 99, (10, 23): 1, (10, 24): 1, (11, 18): 23, (11, 19): 1, (11, 22): 83, (11, 23): 1, (12, 14): 1, (12, 15): 1, (12, 18): 91, (12, 19): 17, (12, 20): 1, (12, 21): 1, (12, 22): 1, (13, 14): 119, (13, 15): 3, (13, 17): 1, (13, 18): 1, (13, 20): 1, (13, 22): 1, (13, 23): 1, (14, 16): 1, (14, 17): 11, (14, 20): 1, (14, 23): 1, (15, 16): 1, (15, 18): 1, (15, 19): 1, (15, 23): 133, (15, 24): 1, (16, 17): 1, (16, 18): 1, (16, 19): 144, (16, 20): 1, (16, 23): 1, (17, 20): 135, (17, 23): 1, (17, 24): 8, (18, 19): 11, (18, 20): 39, (20, 22): 1, (20, 23): 1, (20, 24): 1, (21, 23): 66, (21, 24): 1}",5059.003829956055,767.0,75.0,2159.0
60.0,Graph with 25 nodes and 151 edges,"[[0, 1, 0, 1, 1, 0, 1, 0, 1, 1, 0, 1, 1, 0, 1, 1, 1, 1, 0, 1, 1, 0, 1, 1, 0], [1, 0, 1, 0, 1, 1, 0, 1, 1, 0, 1, 0, 1, 0, 1, 0, 0, 0, 0, 1, 0, 0, 1, 0, 1], [0, 1, 0, 1, 1, 0, 0, 1, 0, 1, 1, 1, 0, 1, 0, 1, 1, 1, 1, 1, 1, 0, 0, 0, 1], [1, 0, 1, 0, 0, 1, 0, 0, 0, 0, 0, 0, 0, 1, 1, 1, 1, 1, 1, 0, 1, 0, 0, 0, 0], [1, 1, 1, 0, 0, 0, 1, 1, 0, 1, 1, 1, 0, 0, 1, 1, 1, 0, 0, 0, 0, 1, 0, 1, 1], [0, 1, 0, 1, 0, 0, 0, 1, 0, 1, 1, 0, 1, 0, 0, 0, 1, 0, 0, 1, 0, 0, 1, 0, 0], [1, 0, 0, 0, 1, 0, 0, 0, 1, 1, 0, 0, 0, 0, 0, 1, 1, 1, 1, 0, 0, 1, 1, 0, 1], [0, 1, 1, 0, 1, 1, 0, 0, 1, 1, 0, 1, 0, 1, 1, 1, 0, 0, 0, 0, 1, 1, 1, 0, 1], [1, 1, 0, 0, 0, 0, 1, 1, 0, 0, 0, 0, 1, 0, 1, 0, 1, 0, 0, 1, 0, 1, 0, 1, 1], [1, 0, 1, 0, 1, 1, 1, 1, 0, 0, 1, 0, 1, 0, 1, 0, 0, 0, 0, 0, 1, 1, 1, 1, 0], [0, 1, 1, 0, 1, 1, 0, 0, 0, 1, 0, 0, 0, 0, 0, 1, 1, 1, 1, 1, 0, 0, 0, 0, 0], [1, 0, 1, 0, 1, 0, 0, 1, 0, 0, 0, 0, 0, 0, 0, 0, 1, 0, 0, 0, 1, 0, 1, 1, 1], [1, 1, 0, 0, 0, 1, 0, 0, 1, 1, 0, 0, 0, 1, 1, 1, 0, 1, 0, 0, 0, 1, 0, 0, 0], [0, 0, 1, 1, 0, 0, 0, 1, 0, 0, 0, 0, 1, 0, 1, 0, 1, 0, 0, 1, 0, 1, 1, 0, 1], [1, 1, 0, 1, 1, 0, 0, 1, 1, 1, 0, 0, 1, 1, 0, 1, 0, 0, 1, 1, 1, 0, 1, 1, 0], [1, 0, 1, 1, 1, 0, 1, 1, 0, 0, 1, 0, 1, 0, 1, 0, 1, 0, 0, 1, 0, 0, 1, 0, 1], [1, 0, 1, 1, 1, 1, 1, 0, 1, 0, 1, 1, 0, 1, 0, 1, 0, 0, 1, 0, 0, 0, 1, 1, 0], [1, 0, 1, 1, 0, 0, 1, 0, 0, 0, 1, 0, 1, 0, 0, 0, 0, 0, 1, 0, 1, 0, 1, 0, 1], [0, 0, 1, 1, 0, 0, 1, 0, 0, 0, 1, 0, 0, 0, 1, 0, 1, 1, 0, 1, 0, 1, 1, 1, 0], [1, 1, 1, 0, 0, 1, 0, 0, 1, 0, 1, 0, 0, 1, 1, 1, 0, 0, 1, 0, 0, 1, 1, 0, 1], [1, 0, 1, 1, 0, 0, 0, 1, 0, 1, 0, 1, 0, 0, 1, 0, 0, 1, 0, 0, 0, 1, 1, 1, 1], [0, 0, 0, 0, 1, 0, 1, 1, 1, 1, 0, 0, 1, 1, 0, 0, 0, 0, 1, 1, 1, 0, 0, 0, 0], [1, 1, 0, 0, 0, 1, 1, 1, 0, 1, 0, 1, 0, 1, 1, 1, 1, 1, 1, 1, 1, 0, 0, 0, 1], [1, 0, 0, 0, 1, 0, 0, 0, 1, 1, 0, 1, 0, 0, 1, 0, 1, 0, 1, 0, 1, 0, 0, 0, 1], [0, 1, 1, 0, 1, 0, 1, 1, 1, 0, 0, 1, 0, 1, 0, 1, 0, 1, 0, 1, 1, 0, 1, 1, 0]]",22.0,7.0,Y,"{0: 29, 1: 36, 2: 43, 3: 50, 4: 57, 5: 64, 6: 71, 7: 78, 8: 85, 9: 92, 10: 99, 11: 106, 12: 113, 13: 120, 14: 127, 15: 134, 16: 141, 17: 148, 18: 155, 19: 162, 20: 169, 21: 176, 22: 183, 23: 190, 24: 22}","{(0, 1): 14, (0, 3): 1, (0, 4): 1, (0, 6): 1, (0, 8): 1, (0, 9): 1, (0, 11): 1, (0, 12): 1, (0, 14): 1, (0, 15): 1, (0, 16): 1, (0, 17): 1, (0, 19): 1, (0, 20): 1, (0, 22): 1, (0, 23): 1, (1, 2): 12, (1, 4): 1, (1, 5): 1, (1, 7): 1, (1, 8): 1, (1, 10): 1, (1, 12): 1, (1, 14): 1, (1, 19): 1, (1, 22): 1, (1, 24): 1, (2, 3): 18, (2, 4): 1, (2, 7): 1, (2, 9): 1, (2, 10): 1, (2, 11): 1, (2, 13): 1, (2, 15): 1, (2, 16): 1, (2, 17): 1, (2, 18): 1, (2, 19): 1, (2, 20): 1, (2, 24): 1, (3, 5): 24, (3, 13): 1, (3, 14): 1, (3, 15): 1, (3, 16): 1, (3, 17): 1, (3, 18): 1, (3, 20): 1, (4, 6): 44, (4, 7): 1, (4, 9): 1, (4, 10): 1, (4, 11): 1, (4, 14): 1, (4, 15): 1, (4, 16): 1, (4, 21): 1, (4, 23): 1, (4, 24): 1, (5, 7): 33, (5, 9): 1, (5, 10): 1, (5, 12): 1, (5, 16): 1, (5, 19): 1, (5, 22): 1, (6, 8): 18, (6, 9): 1, (6, 15): 1, (6, 16): 1, (6, 17): 1, (6, 18): 1, (6, 21): 1, (6, 22): 1, (6, 24): 1, (7, 8): 1, (7, 9): 1, (7, 11): 1, (7, 13): 1, (7, 14): 1, (7, 15): 33, (7, 20): 1, (7, 21): 1, (7, 22): 1, (7, 24): 1, (8, 12): 1, (8, 14): 1, (8, 16): 1, (8, 19): 58, (8, 21): 1, (8, 23): 1, (8, 24): 1, (9, 10): 1, (9, 12): 80, (9, 14): 1, (9, 20): 1, (9, 21): 1, (9, 22): 1, (9, 23): 1, (10, 15): 90, (10, 16): 1, (10, 17): 1, (10, 18): 1, (10, 19): 1, (11, 16): 1, (11, 20): 20, (11, 22): 26, (11, 23): 54, (11, 24): 1, (12, 13): 1, (12, 14): 1, (12, 15): 1, (12, 17): 1, (12, 21): 25, (13, 14): 53, (13, 16): 1, (13, 19): 1, (13, 21): 51, (13, 22): 1, (13, 24): 9, (14, 15): 1, (14, 18): 32, (14, 19): 1, (14, 20): 1, (14, 22): 30, (14, 23): 1, (15, 16): 1, (15, 19): 1, (15, 22): 1, (15, 24): 1, (16, 18): 1, (16, 22): 1, (16, 23): 128, (17, 18): 1, (17, 20): 139, (17, 22): 1, (17, 24): 1, (18, 19): 1, (18, 21): 1, (18, 22): 114, (18, 23): 1, (19, 21): 93, (19, 22): 1, (19, 24): 1, (20, 21): 1, (20, 22): 1, (20, 23): 1, (20, 24): 1, (22, 24): 1, (23, 24): 1}",4693.031311035156,776.0,75.0,2177.0
64.0,Graph with 25 nodes and 162 edges,"[[0, 0, 1, 0, 1, 1, 1, 0, 0, 0, 1, 0, 0, 1, 1, 0, 0, 1, 1, 1, 0, 1, 0, 0, 0], [0, 0, 0, 0, 1, 1, 0, 1, 1, 1, 0, 0, 1, 1, 1, 0, 0, 0, 1, 1, 0, 0, 0, 1, 1], [1, 0, 0, 1, 1, 0, 1, 0, 1, 1, 1, 1, 1, 1, 0, 1, 0, 0, 0, 0, 1, 0, 1, 1, 0], [0, 0, 1, 0, 1, 0, 1, 1, 1, 1, 1, 0, 1, 0, 1, 0, 1, 0, 1, 1, 1, 1, 1, 0, 1], [1, 1, 1, 1, 0, 1, 1, 0, 0, 0, 1, 1, 1, 1, 0, 0, 1, 1, 0, 0, 0, 0, 1, 0, 0], [1, 1, 0, 0, 1, 0, 0, 1, 1, 1, 1, 1, 1, 1, 1, 1, 1, 0, 0, 1, 1, 0, 0, 0, 0], [1, 0, 1, 1, 1, 0, 0, 1, 1, 1, 0, 1, 1, 0, 0, 1, 1, 0, 0, 1, 1, 0, 0, 1, 0], [0, 1, 0, 1, 0, 1, 1, 0, 0, 0, 1, 1, 1, 1, 0, 0, 0, 1, 0, 1, 1, 0, 0, 1, 1], [0, 1, 1, 1, 0, 1, 1, 0, 0, 1, 1, 1, 0, 1, 0, 0, 1, 0, 1, 0, 0, 1, 1, 0, 0], [0, 1, 1, 1, 0, 1, 1, 0, 1, 0, 0, 0, 0, 0, 1, 0, 0, 0, 1, 0, 1, 0, 1, 1, 0], [1, 0, 1, 1, 1, 1, 0, 1, 1, 0, 0, 1, 1, 1, 1, 0, 1, 0, 1, 1, 1, 1, 0, 1, 1], [0, 0, 1, 0, 1, 1, 1, 1, 1, 0, 1, 0, 0, 0, 0, 0, 0, 0, 1, 0, 0, 1, 0, 1, 1], [0, 1, 1, 1, 1, 1, 1, 1, 0, 0, 1, 0, 0, 1, 1, 1, 1, 1, 0, 1, 1, 1, 0, 0, 0], [1, 1, 1, 0, 1, 1, 0, 1, 1, 0, 1, 0, 1, 0, 0, 0, 1, 1, 0, 1, 0, 0, 1, 0, 1], [1, 1, 0, 1, 0, 1, 0, 0, 0, 1, 1, 0, 1, 0, 0, 0, 1, 0, 1, 1, 0, 1, 0, 1, 0], [0, 0, 1, 0, 0, 1, 1, 0, 0, 0, 0, 0, 1, 0, 0, 0, 0, 1, 1, 0, 1, 1, 1, 1, 0], [0, 0, 0, 1, 1, 1, 1, 0, 1, 0, 1, 0, 1, 1, 1, 0, 0, 0, 0, 0, 1, 1, 0, 1, 1], [1, 0, 0, 0, 1, 0, 0, 1, 0, 0, 0, 0, 1, 1, 0, 1, 0, 0, 0, 1, 1, 1, 1, 1, 0], [1, 1, 0, 1, 0, 0, 0, 0, 1, 1, 1, 1, 0, 0, 1, 1, 0, 0, 0, 0, 0, 0, 0, 0, 0], [1, 1, 0, 1, 0, 1, 1, 1, 0, 0, 1, 0, 1, 1, 1, 0, 0, 1, 0, 0, 1, 0, 1, 0, 1], [0, 0, 1, 1, 0, 1, 1, 1, 0, 1, 1, 0, 1, 0, 0, 1, 1, 1, 0, 1, 0, 0, 0, 1, 1], [1, 0, 0, 1, 0, 0, 0, 0, 1, 0, 1, 1, 1, 0, 1, 1, 1, 1, 0, 0, 0, 0, 1, 1, 1], [0, 0, 1, 1, 1, 0, 0, 0, 1, 1, 0, 0, 0, 1, 0, 1, 0, 1, 0, 1, 0, 1, 0, 1, 1], [0, 1, 1, 0, 0, 0, 1, 1, 0, 1, 1, 1, 0, 0, 1, 1, 1, 1, 0, 0, 1, 1, 1, 0, 0], [0, 1, 0, 1, 0, 0, 0, 1, 0, 0, 1, 1, 0, 1, 0, 0, 1, 0, 0, 1, 1, 1, 1, 0, 0]]",12.0,4.0,Y,"{0: 16, 1: 20, 2: 24, 3: 28, 4: 32, 5: 36, 6: 40, 7: 44, 8: 48, 9: 52, 10: 56, 11: 60, 12: 64, 13: 68, 14: 72, 15: 76, 16: 80, 17: 84, 18: 88, 19: 92, 20: 96, 21: 100, 22: 104, 23: 108, 24: 12}","{(0, 2): 6, (0, 4): 1, (0, 5): 1, (0, 6): 1, (0, 10): 1, (0, 13): 1, (0, 14): 1, (0, 17): 1, (0, 18): 1, (0, 19): 1, (0, 21): 1, (1, 4): 9, (1, 5): 1, (1, 7): 1, (1, 8): 1, (1, 9): 1, (1, 12): 1, (1, 13): 1, (1, 14): 1, (1, 18): 1, (1, 19): 1, (1, 23): 1, (1, 24): 1, (2, 3): 6, (2, 4): 1, (2, 6): 1, (2, 8): 1, (2, 9): 1, (2, 10): 1, (2, 11): 1, (2, 12): 1, (2, 13): 1, (2, 15): 1, (2, 20): 1, (2, 22): 1, (2, 23): 1, (3, 4): 8, (3, 6): 1, (3, 7): 1, (3, 8): 1, (3, 9): 1, (3, 10): 1, (3, 12): 1, (3, 14): 1, (3, 16): 1, (3, 18): 1, (3, 19): 1, (3, 20): 1, (3, 21): 1, (3, 22): 1, (3, 24): 1, (4, 5): 5, (4, 6): 1, (4, 10): 1, (4, 11): 1, (4, 12): 1, (4, 13): 1, (4, 16): 1, (4, 17): 1, (4, 22): 1, (5, 7): 18, (5, 8): 1, (5, 9): 1, (5, 10): 1, (5, 11): 1, (5, 12): 1, (5, 13): 1, (5, 14): 1, (5, 15): 1, (5, 16): 1, (5, 19): 1, (5, 20): 1, (6, 7): 15, (6, 8): 13, (6, 9): 1, (6, 11): 1, (6, 12): 1, (6, 15): 1, (6, 16): 1, (6, 19): 1, (6, 20): 1, (6, 23): 1, (7, 10): 1, (7, 11): 1, (7, 12): 1, (7, 13): 1, (7, 17): 1, (7, 19): 1, (7, 20): 1, (7, 23): 1, (7, 24): 1, (8, 9): 1, (8, 10): 1, (8, 11): 1, (8, 13): 3, (8, 16): 9, (8, 18): 11, (8, 21): 2, (8, 22): 3, (9, 14): 1, (9, 18): 1, (9, 20): 27, (9, 22): 11, (9, 23): 6, (10, 11): 18, (10, 12): 1, (10, 13): 1, (10, 14): 1, (10, 16): 1, (10, 18): 1, (10, 19): 21, (10, 20): 1, (10, 21): 1, (10, 23): 2, (10, 24): 1, (11, 18): 1, (11, 21): 33, (11, 23): 1, (11, 24): 1, (12, 13): 33, (12, 14): 1, (12, 15): 3, (12, 16): 1, (12, 17): 1, (12, 19): 15, (12, 20): 1, (12, 21): 1, (13, 16): 1, (13, 17): 1, (13, 19): 16, (13, 22): 5, (13, 24): 2, (14, 16): 24, (14, 18): 18, (14, 19): 1, (14, 21): 7, (14, 23): 15, (15, 17): 7, (15, 18): 53, (15, 20): 1, (15, 21): 1, (15, 22): 1, (15, 23): 7, (16, 20): 1, (16, 21): 37, (16, 23): 1, (16, 24): 1, (17, 19): 9, (17, 20): 1, (17, 21): 3, (17, 22): 56, (17, 23): 3, (19, 20): 1, (19, 22): 22, (19, 24): 1, (20, 23): 57, (20, 24): 1, (21, 22): 1, (21, 23): 11, (21, 24): 1, (22, 23): 1, (22, 24): 1}",5375.862121582031,787.0,75.0,2199.0
65.0,Graph with 25 nodes and 143 edges,"[[0, 0, 0, 1, 0, 0, 0, 0, 0, 1, 1, 0, 0, 0, 0, 0, 0, 1, 0, 0, 0, 0, 1, 0, 1], [0, 0, 0, 1, 0, 0, 1, 0, 0, 1, 1, 0, 0, 0, 0, 1, 0, 1, 1, 1, 1, 1, 0, 1, 1], [0, 0, 0, 0, 1, 0, 0, 0, 0, 1, 1, 0, 1, 1, 0, 1, 1, 0, 1, 1, 1, 0, 0, 0, 0], [1, 1, 0, 0, 1, 0, 1, 1, 0, 0, 1, 1, 0, 0, 1, 1, 0, 0, 0, 1, 1, 0, 1, 1, 0], [0, 0, 1, 1, 0, 1, 1, 1, 1, 0, 0, 1, 0, 1, 0, 0, 1, 1, 1, 0, 0, 1, 1, 1, 1], [0, 0, 0, 0, 1, 0, 1, 0, 0, 0, 0, 0, 1, 0, 1, 1, 0, 0, 0, 0, 0, 0, 0, 0, 1], [0, 1, 0, 1, 1, 1, 0, 1, 0, 0, 1, 1, 1, 0, 0, 0, 1, 0, 0, 1, 1, 0, 1, 1, 0], [0, 0, 0, 1, 1, 0, 1, 0, 0, 1, 1, 1, 0, 0, 1, 0, 1, 0, 0, 0, 0, 0, 1, 1, 0], [0, 0, 0, 0, 1, 0, 0, 0, 0, 1, 1, 0, 1, 1, 0, 1, 1, 0, 1, 0, 0, 1, 0, 0, 1], [1, 1, 1, 0, 0, 0, 0, 1, 1, 0, 0, 1, 0, 1, 1, 0, 1, 0, 1, 0, 1, 0, 1, 0, 1], [1, 1, 1, 1, 0, 0, 1, 1, 1, 0, 0, 1, 0, 1, 1, 0, 0, 0, 0, 0, 1, 0, 0, 1, 0], [0, 0, 0, 1, 1, 0, 1, 1, 0, 1, 1, 0, 1, 1, 1, 1, 0, 0, 1, 1, 1, 0, 0, 1, 1], [0, 0, 1, 0, 0, 1, 1, 0, 1, 0, 0, 1, 0, 1, 0, 0, 1, 0, 0, 1, 0, 1, 1, 1, 0], [0, 0, 1, 0, 1, 0, 0, 0, 1, 1, 1, 1, 1, 0, 1, 1, 0, 1, 0, 1, 0, 0, 0, 0, 0], [0, 0, 0, 1, 0, 1, 0, 1, 0, 1, 1, 1, 0, 1, 0, 0, 1, 1, 0, 1, 0, 1, 0, 1, 0], [0, 1, 1, 1, 0, 1, 0, 0, 1, 0, 0, 1, 0, 1, 0, 0, 1, 0, 1, 0, 1, 0, 0, 1, 1], [0, 0, 1, 0, 1, 0, 1, 1, 1, 1, 0, 0, 1, 0, 1, 1, 0, 0, 0, 1, 0, 0, 1, 1, 1], [1, 1, 0, 0, 1, 0, 0, 0, 0, 0, 0, 0, 0, 1, 1, 0, 0, 0, 0, 1, 0, 1, 1, 1, 1], [0, 1, 1, 0, 1, 0, 0, 0, 1, 1, 0, 1, 0, 0, 0, 1, 0, 0, 0, 0, 0, 0, 1, 1, 1], [0, 1, 1, 1, 0, 0, 1, 0, 0, 0, 0, 1, 1, 1, 1, 0, 1, 1, 0, 0, 0, 1, 0, 0, 1], [0, 1, 1, 1, 0, 0, 1, 0, 0, 1, 1, 1, 0, 0, 0, 1, 0, 0, 0, 0, 0, 0, 1, 0, 1], [0, 1, 0, 0, 1, 0, 0, 0, 1, 0, 0, 0, 1, 0, 1, 0, 0, 1, 0, 1, 0, 0, 1, 1, 0], [1, 0, 0, 1, 1, 0, 1, 1, 0, 1, 0, 0, 1, 0, 0, 0, 1, 1, 1, 0, 1, 1, 0, 1, 0], [0, 1, 0, 1, 1, 0, 1, 1, 0, 0, 1, 1, 1, 0, 1, 1, 1, 1, 1, 0, 0, 1, 1, 0, 0], [1, 1, 0, 0, 1, 1, 0, 0, 1, 1, 0, 1, 0, 0, 0, 1, 1, 1, 1, 1, 1, 0, 0, 0, 0]]",22.0,3.0,Y,"{0: 25, 1: 28, 2: 31, 3: 34, 4: 37, 5: 40, 6: 43, 7: 46, 8: 49, 9: 52, 10: 55, 11: 58, 12: 61, 13: 64, 14: 67, 15: 70, 16: 73, 17: 76, 18: 79, 19: 82, 20: 85, 21: 88, 22: 91, 23: 94, 24: 22}","{(0, 3): 20, (0, 9): 1, (0, 10): 1, (0, 17): 1, (0, 22): 1, (0, 24): 1, (1, 3): 3, (1, 6): 15, (1, 9): 1, (1, 10): 1, (1, 15): 1, (1, 17): 1, (1, 18): 1, (1, 19): 1, (1, 20): 1, (1, 21): 1, (1, 23): 1, (1, 24): 1, (2, 4): 22, (2, 9): 1, (2, 10): 1, (2, 12): 1, (2, 13): 1, (2, 15): 1, (2, 16): 1, (2, 18): 1, (2, 19): 1, (2, 20): 1, (3, 4): 1, (3, 6): 1, (3, 7): 1, (3, 10): 1, (3, 11): 1, (3, 14): 1, (3, 15): 1, (3, 19): 1, (3, 20): 1, (3, 22): 1, (3, 23): 1, (4, 5): 2, (4, 6): 1, (4, 7): 1, (4, 8): 1, (4, 11): 1, (4, 13): 1, (4, 16): 1, (4, 17): 1, (4, 18): 1, (4, 21): 1, (4, 22): 1, (4, 23): 1, (4, 24): 1, (5, 6): 17, (5, 12): 18, (5, 14): 1, (5, 15): 1, (5, 24): 1, (6, 7): 1, (6, 10): 1, (6, 11): 1, (6, 12): 1, (6, 16): 1, (6, 19): 1, (6, 20): 1, (6, 22): 1, (6, 23): 1, (7, 9): 37, (7, 10): 1, (7, 11): 1, (7, 14): 1, (7, 16): 1, (7, 22): 1, (7, 23): 1, (8, 9): 1, (8, 10): 5, (8, 12): 1, (8, 13): 3, (8, 15): 3, (8, 16): 32, (8, 18): 1, (8, 21): 1, (8, 24): 1, (9, 11): 1, (9, 13): 1, (9, 14): 3, (9, 16): 2, (9, 18): 1, (9, 20): 1, (9, 22): 1, (9, 24): 1, (10, 11): 3, (10, 13): 31, (10, 14): 3, (10, 20): 6, (10, 23): 1, (11, 12): 1, (11, 13): 1, (11, 14): 1, (11, 15): 39, (11, 18): 2, (11, 19): 1, (11, 20): 1, (11, 23): 3, (11, 24): 1, (12, 13): 5, (12, 16): 3, (12, 19): 1, (12, 21): 26, (12, 22): 1, (12, 23): 3, (13, 14): 1, (13, 15): 10, (13, 17): 7, (13, 19): 3, (14, 16): 9, (14, 17): 3, (14, 19): 9, (14, 21): 34, (14, 23): 1, (15, 16): 6, (15, 18): 2, (15, 20): 3, (15, 23): 2, (15, 24): 1, (16, 19): 1, (16, 22): 5, (16, 23): 1, (16, 24): 10, (17, 19): 55, (17, 21): 5, (17, 22): 1, (17, 23): 1, (17, 24): 1, (18, 22): 6, (18, 23): 63, (18, 24): 1, (19, 21): 7, (19, 24): 1, (20, 22): 69, (20, 24): 1, (21, 22): 1, (21, 23): 12, (22, 23): 2}",4498.958587646484,768.0,75.0,2161.0
67.0,Graph with 25 nodes and 162 edges,"[[0, 1, 1, 0, 0, 0, 1, 1, 0, 0, 0, 1, 1, 0, 1, 0, 0, 1, 1, 0, 1, 1, 1, 1, 0], [1, 0, 0, 1, 0, 1, 1, 0, 1, 1, 0, 0, 0, 0, 0, 0, 0, 1, 1, 0, 0, 0, 1, 1, 1], [1, 0, 0, 1, 1, 1, 0, 0, 0, 0, 0, 0, 0, 1, 1, 0, 0, 1, 0, 1, 1, 0, 1, 1, 1], [0, 1, 1, 0, 0, 0, 1, 1, 1, 1, 1, 1, 0, 0, 0, 0, 0, 1, 1, 1, 1, 0, 0, 0, 0], [0, 0, 1, 0, 0, 0, 1, 1, 1, 0, 0, 0, 0, 1, 0, 1, 1, 1, 0, 1, 1, 0, 1, 0, 0], [0, 1, 1, 0, 0, 0, 0, 1, 0, 1, 0, 1, 1, 1, 1, 0, 1, 1, 0, 0, 1, 1, 1, 0, 0], [1, 1, 0, 1, 1, 0, 0, 1, 0, 1, 1, 1, 1, 1, 0, 1, 1, 1, 0, 1, 1, 0, 0, 0, 0], [1, 0, 0, 1, 1, 1, 1, 0, 1, 1, 0, 0, 1, 1, 1, 0, 1, 1, 1, 1, 1, 0, 1, 1, 0], [0, 1, 0, 1, 1, 0, 0, 1, 0, 0, 1, 1, 1, 0, 0, 0, 1, 0, 1, 0, 1, 0, 0, 0, 0], [0, 1, 0, 1, 0, 1, 1, 1, 0, 0, 0, 1, 0, 1, 1, 0, 0, 1, 0, 1, 1, 1, 0, 0, 0], [0, 0, 0, 1, 0, 0, 1, 0, 1, 0, 0, 0, 1, 0, 0, 1, 1, 0, 1, 0, 0, 0, 0, 1, 0], [1, 0, 0, 1, 0, 1, 1, 0, 1, 1, 0, 0, 1, 0, 1, 1, 1, 1, 0, 0, 0, 0, 1, 0, 1], [1, 0, 0, 0, 0, 1, 1, 1, 1, 0, 1, 1, 0, 1, 1, 0, 1, 1, 1, 1, 0, 0, 1, 0, 1], [0, 0, 1, 0, 1, 1, 1, 1, 0, 1, 0, 0, 1, 0, 1, 0, 1, 1, 1, 1, 1, 0, 0, 0, 0], [1, 0, 1, 0, 0, 1, 0, 1, 0, 1, 0, 1, 1, 1, 0, 1, 1, 0, 1, 0, 0, 1, 1, 0, 0], [0, 0, 0, 0, 1, 0, 1, 0, 0, 0, 1, 1, 0, 0, 1, 0, 0, 1, 1, 0, 1, 1, 1, 0, 1], [0, 0, 0, 0, 1, 1, 1, 1, 1, 0, 1, 1, 1, 1, 1, 0, 0, 1, 1, 1, 1, 1, 0, 1, 1], [1, 1, 1, 1, 1, 1, 1, 1, 0, 1, 0, 1, 1, 1, 0, 1, 1, 0, 1, 1, 1, 1, 0, 0, 1], [1, 1, 0, 1, 0, 0, 0, 1, 1, 0, 1, 0, 1, 1, 1, 1, 1, 1, 0, 0, 1, 0, 0, 1, 1], [0, 0, 1, 1, 1, 0, 1, 1, 0, 1, 0, 0, 1, 1, 0, 0, 1, 1, 0, 0, 1, 1, 0, 0, 0], [1, 0, 1, 1, 1, 1, 1, 1, 1, 1, 0, 0, 0, 1, 0, 1, 1, 1, 1, 1, 0, 1, 0, 1, 1], [1, 0, 0, 0, 0, 1, 0, 0, 0, 1, 0, 0, 0, 0, 1, 1, 1, 1, 0, 1, 1, 0, 0, 1, 0], [1, 1, 1, 0, 1, 1, 0, 1, 0, 0, 0, 1, 1, 0, 1, 1, 0, 0, 0, 0, 0, 0, 0, 1, 1], [1, 1, 1, 0, 0, 0, 0, 1, 0, 0, 1, 0, 0, 0, 0, 0, 1, 0, 1, 0, 1, 1, 1, 0, 1], [0, 1, 1, 0, 0, 0, 0, 0, 0, 0, 0, 1, 1, 0, 0, 1, 1, 1, 1, 0, 1, 0, 1, 1, 0]]",18.0,9.0,Y,"{0: 198, 1: 63, 2: 225, 3: 189, 4: 216, 5: 180, 6: 99, 7: 126, 8: 144, 9: 207, 10: 18, 11: 81, 12: 36, 13: 72, 14: 153, 15: 90, 16: 135, 17: 234, 18: 117, 19: 162, 20: 171, 21: 27, 22: 54, 23: 108, 24: 45}","{(0, 1): 1, (0, 2): 1, (0, 6): 1, (0, 7): 1, (0, 11): 1, (0, 12): 1, (0, 14): 1, (0, 17): 186, (0, 18): 1, (0, 20): 1, (0, 21): 1, (0, 22): 1, (0, 23): 1, (1, 3): 1, (1, 5): 1, (1, 6): 1, (1, 8): 1, (1, 9): 1, (1, 17): 31, (1, 18): 1, (1, 22): 1, (1, 23): 1, (1, 24): 23, (2, 3): 1, (2, 4): 1, (2, 5): 1, (2, 13): 1, (2, 14): 1, (2, 17): 1, (2, 19): 1, (2, 20): 63, (2, 22): 43, (2, 23): 98, (2, 24): 13, (3, 6): 1, (3, 7): 1, (3, 8): 1, (3, 9): 1, (3, 10): 1, (3, 11): 1, (3, 17): 1, (3, 18): 1, (3, 19): 87, (3, 20): 92, (4, 6): 1, (4, 7): 1, (4, 8): 1, (4, 13): 1, (4, 15): 24, (4, 16): 119, (4, 17): 1, (4, 19): 65, (4, 20): 1, (4, 22): 1, (5, 7): 1, (5, 9): 1, (5, 11): 1, (5, 12): 1, (5, 13): 11, (5, 14): 141, (5, 16): 1, (5, 17): 1, (5, 20): 1, (5, 21): 18, (5, 22): 1, (6, 7): 1, (6, 9): 1, (6, 10): 1, (6, 11): 1, (6, 12): 1, (6, 13): 29, (6, 15): 57, (6, 16): 1, (6, 17): 1, (6, 19): 1, (6, 20): 1, (7, 8): 1, (7, 9): 109, (7, 12): 1, (7, 13): 1, (7, 14): 1, (7, 16): 1, (7, 17): 1, (7, 18): 2, (7, 19): 1, (7, 20): 1, (7, 22): 1, (7, 23): 1, (8, 10): 11, (8, 11): 3, (8, 12): 22, (8, 16): 1, (8, 18): 102, (8, 20): 1, (9, 11): 67, (9, 13): 22, (9, 14): 1, (9, 17): 1, (9, 19): 1, (9, 20): 1, (9, 21): 1, (10, 12): 1, (10, 15): 1, (10, 16): 1, (10, 18): 1, (10, 23): 1, (11, 12): 1, (11, 14): 1, (11, 15): 1, (11, 16): 1, (11, 17): 1, (11, 22): 1, (11, 24): 1, (12, 13): 1, (12, 14): 1, (12, 16): 1, (12, 17): 1, (12, 18): 1, (12, 19): 1, (12, 22): 1, (12, 24): 1, (13, 14): 1, (13, 16): 1, (13, 17): 1, (13, 18): 1, (13, 19): 1, (13, 20): 1, (14, 15): 1, (14, 16): 1, (14, 18): 1, (14, 21): 1, (14, 22): 1, (15, 17): 1, (15, 18): 1, (15, 20): 1, (15, 21): 1, (15, 22): 1, (15, 24): 1, (16, 17): 1, (16, 18): 1, (16, 19): 1, (16, 20): 1, (16, 21): 1, (16, 23): 1, (16, 24): 1, (17, 18): 1, (17, 19): 1, (17, 20): 1, (17, 21): 1, (17, 24): 1, (18, 20): 1, (18, 23): 1, (18, 24): 1, (19, 20): 1, (19, 21): 1, (20, 21): 1, (20, 23): 1, (20, 24): 1, (21, 23): 1, (22, 23): 1, (22, 24): 1, (23, 24): 1}",3242.969512939453,787.0,75.0,2199.0
68.0,Graph with 25 nodes and 160 edges,"[[0, 1, 0, 1, 1, 1, 1, 1, 1, 1, 1, 1, 1, 0, 1, 1, 1, 1, 1, 1, 0, 0, 1, 1, 0], [1, 0, 1, 0, 1, 0, 1, 1, 1, 0, 1, 0, 0, 0, 1, 0, 0, 1, 0, 0, 1, 1, 0, 0, 1], [0, 1, 0, 0, 0, 0, 0, 0, 1, 1, 0, 1, 0, 1, 0, 0, 1, 1, 0, 0, 0, 0, 1, 1, 1], [1, 0, 0, 0, 1, 1, 1, 1, 0, 0, 1, 0, 0, 0, 0, 0, 0, 1, 1, 1, 1, 0, 0, 0, 0], [1, 1, 0, 1, 0, 0, 1, 1, 1, 1, 0, 1, 1, 1, 1, 1, 0, 1, 0, 1, 0, 0, 0, 0, 1], [1, 0, 0, 1, 0, 0, 1, 1, 1, 1, 1, 0, 0, 1, 1, 0, 1, 0, 0, 1, 0, 1, 1, 1, 1], [1, 1, 0, 1, 1, 1, 0, 0, 1, 1, 1, 1, 1, 1, 0, 0, 1, 0, 1, 0, 1, 0, 0, 1, 0], [1, 1, 0, 1, 1, 1, 0, 0, 1, 1, 0, 0, 0, 1, 0, 0, 0, 0, 1, 1, 0, 0, 0, 1, 1], [1, 1, 1, 0, 1, 1, 1, 1, 0, 0, 0, 0, 1, 0, 1, 1, 1, 1, 1, 0, 0, 1, 0, 0, 0], [1, 0, 1, 0, 1, 1, 1, 1, 0, 0, 0, 0, 1, 0, 1, 0, 1, 0, 0, 1, 0, 1, 0, 0, 1], [1, 1, 0, 1, 0, 1, 1, 0, 0, 0, 0, 0, 1, 1, 0, 0, 1, 1, 0, 1, 0, 0, 0, 1, 1], [1, 0, 1, 0, 1, 0, 1, 0, 0, 0, 0, 0, 0, 1, 1, 1, 1, 1, 0, 0, 0, 0, 1, 0, 0], [1, 0, 0, 0, 1, 0, 1, 0, 1, 1, 1, 0, 0, 0, 1, 1, 1, 0, 1, 0, 1, 1, 0, 0, 0], [0, 0, 1, 0, 1, 1, 1, 1, 0, 0, 1, 1, 0, 0, 1, 1, 0, 1, 0, 0, 1, 1, 1, 0, 0], [1, 1, 0, 0, 1, 1, 0, 0, 1, 1, 0, 1, 1, 1, 0, 1, 1, 1, 1, 0, 0, 1, 1, 1, 0], [1, 0, 0, 0, 1, 0, 0, 0, 1, 0, 0, 1, 1, 1, 1, 0, 1, 1, 1, 0, 1, 1, 1, 0, 1], [1, 0, 1, 0, 0, 1, 1, 0, 1, 1, 1, 1, 1, 0, 1, 1, 0, 0, 0, 0, 0, 0, 1, 0, 1], [1, 1, 1, 1, 1, 0, 0, 0, 1, 0, 1, 1, 0, 1, 1, 1, 0, 0, 1, 1, 1, 0, 0, 1, 1], [1, 0, 0, 1, 0, 0, 1, 1, 1, 0, 0, 0, 1, 0, 1, 1, 0, 1, 0, 1, 1, 1, 0, 0, 1], [1, 0, 0, 1, 1, 1, 0, 1, 0, 1, 1, 0, 0, 0, 0, 0, 0, 1, 1, 0, 0, 0, 0, 0, 1], [0, 1, 0, 1, 0, 0, 1, 0, 0, 0, 0, 0, 1, 1, 0, 1, 0, 1, 1, 0, 0, 1, 1, 0, 0], [0, 1, 0, 0, 0, 1, 0, 0, 1, 1, 0, 0, 1, 1, 1, 1, 0, 0, 1, 0, 1, 0, 0, 1, 1], [1, 0, 1, 0, 0, 1, 0, 0, 0, 0, 0, 1, 0, 1, 1, 1, 1, 0, 0, 0, 1, 0, 0, 1, 1], [1, 0, 1, 0, 0, 1, 1, 1, 0, 0, 1, 0, 0, 0, 1, 0, 0, 1, 0, 0, 0, 1, 1, 0, 0], [0, 1, 1, 0, 1, 1, 0, 1, 0, 1, 1, 0, 0, 0, 0, 1, 1, 1, 1, 1, 0, 1, 1, 0, 0]]",16.0,9.0,Y,"{0: 34, 1: 25, 2: 43, 3: 52, 4: 61, 5: 70, 6: 79, 7: 88, 8: 97, 9: 106, 10: 115, 11: 124, 12: 133, 13: 142, 14: 151, 15: 160, 16: 169, 17: 178, 18: 187, 19: 196, 20: 205, 21: 214, 22: 223, 23: 232, 24: 16}","{(0, 1): 14, (0, 3): 3, (0, 4): 1, (0, 5): 1, (0, 6): 1, (0, 7): 1, (0, 8): 1, (0, 9): 1, (0, 10): 1, (0, 11): 1, (0, 12): 1, (0, 14): 1, (0, 15): 1, (0, 16): 1, (0, 17): 1, (0, 18): 1, (0, 19): 1, (0, 22): 1, (0, 23): 1, (1, 2): 1, (1, 4): 1, (1, 6): 1, (1, 7): 1, (1, 8): 1, (1, 10): 1, (1, 14): 1, (1, 17): 1, (1, 20): 1, (1, 21): 1, (1, 24): 1, (2, 8): 34, (2, 9): 1, (2, 11): 1, (2, 13): 1, (2, 16): 1, (2, 17): 1, (2, 22): 1, (2, 23): 1, (2, 24): 1, (3, 4): 41, (3, 5): 1, (3, 6): 1, (3, 7): 1, (3, 10): 1, (3, 17): 1, (3, 18): 1, (3, 19): 1, (3, 20): 1, (4, 6): 7, (4, 7): 1, (4, 8): 1, (4, 9): 1, (4, 11): 1, (4, 12): 1, (4, 13): 1, (4, 14): 1, (4, 15): 1, (4, 17): 1, (4, 19): 1, (4, 24): 1, (5, 6): 56, (5, 7): 1, (5, 8): 1, (5, 9): 1, (5, 10): 1, (5, 13): 1, (5, 14): 1, (5, 16): 1, (5, 19): 1, (5, 21): 1, (5, 22): 1, (5, 23): 1, (5, 24): 1, (6, 8): 4, (6, 9): 1, (6, 10): 1, (6, 11): 1, (6, 12): 1, (6, 13): 1, (6, 16): 1, (6, 18): 1, (6, 20): 1, (6, 23): 1, (7, 8): 1, (7, 9): 1, (7, 13): 1, (7, 18): 1, (7, 19): 1, (7, 23): 77, (7, 24): 1, (8, 12): 1, (8, 14): 1, (8, 15): 1, (8, 16): 48, (8, 17): 1, (8, 18): 1, (8, 21): 1, (9, 12): 1, (9, 14): 1, (9, 16): 1, (9, 19): 95, (9, 21): 1, (9, 24): 1, (10, 12): 1, (10, 13): 1, (10, 16): 1, (10, 17): 1, (10, 19): 91, (10, 23): 14, (10, 24): 1, (11, 13): 1, (11, 14): 1, (11, 15): 1, (11, 16): 73, (11, 17): 1, (11, 22): 43, (12, 14): 1, (12, 15): 1, (12, 16): 1, (12, 18): 1, (12, 20): 122, (12, 21): 1, (13, 14): 1, (13, 15): 1, (13, 17): 1, (13, 20): 1, (13, 21): 130, (13, 22): 1, (14, 15): 136, (14, 16): 1, (14, 17): 1, (14, 18): 1, (14, 21): 1, (14, 22): 1, (14, 23): 1, (15, 16): 1, (15, 17): 1, (15, 18): 12, (15, 20): 1, (15, 21): 1, (15, 22): 1, (15, 24): 1, (16, 22): 38, (16, 24): 1, (17, 18): 163, (17, 19): 1, (17, 20): 1, (17, 23): 1, (17, 24): 1, (18, 19): 1, (18, 20): 2, (18, 21): 1, (18, 24): 1, (19, 24): 3, (20, 21): 1, (20, 22): 74, (21, 23): 74, (21, 24): 1, (22, 23): 61, (22, 24): 1}",4737.85400390625,785.0,75.0,2195.0
70.0,Graph with 25 nodes and 154 edges,"[[0, 0, 0, 0, 0, 1, 1, 1, 0, 1, 0, 0, 0, 1, 0, 0, 1, 0, 0, 1, 0, 0, 1, 0, 1], [0, 0, 0, 0, 1, 1, 0, 0, 1, 0, 1, 0, 0, 1, 0, 0, 1, 1, 0, 1, 1, 1, 1, 0, 0], [0, 0, 0, 0, 1, 0, 0, 0, 1, 0, 1, 1, 0, 1, 1, 0, 0, 0, 0, 1, 0, 0, 1, 0, 0], [0, 0, 0, 0, 0, 1, 0, 1, 0, 1, 0, 1, 1, 0, 1, 1, 1, 0, 0, 0, 1, 0, 1, 1, 1], [0, 1, 1, 0, 0, 0, 1, 1, 0, 1, 0, 1, 0, 1, 1, 1, 1, 1, 0, 0, 1, 0, 1, 0, 0], [1, 1, 0, 1, 0, 0, 1, 0, 0, 0, 0, 1, 1, 0, 0, 1, 0, 1, 1, 1, 0, 0, 1, 0, 0], [1, 0, 0, 0, 1, 1, 0, 1, 1, 0, 0, 0, 1, 1, 1, 1, 1, 1, 1, 1, 1, 0, 1, 0, 1], [1, 0, 0, 1, 1, 0, 1, 0, 0, 0, 1, 0, 1, 0, 0, 0, 1, 1, 1, 0, 1, 0, 1, 0, 1], [0, 1, 1, 0, 0, 0, 1, 0, 0, 0, 1, 1, 1, 0, 0, 1, 0, 0, 1, 1, 0, 0, 0, 1, 1], [1, 0, 0, 1, 1, 0, 0, 0, 0, 0, 0, 0, 0, 0, 1, 0, 0, 0, 1, 1, 1, 0, 1, 1, 1], [0, 1, 1, 0, 0, 0, 0, 1, 1, 0, 0, 1, 1, 0, 1, 1, 1, 1, 1, 0, 0, 1, 1, 0, 0], [0, 0, 1, 1, 1, 1, 0, 0, 1, 0, 1, 0, 1, 1, 0, 0, 1, 1, 0, 1, 0, 0, 1, 1, 1], [0, 0, 0, 1, 0, 1, 1, 1, 1, 0, 1, 1, 0, 1, 0, 1, 1, 1, 0, 1, 0, 0, 0, 1, 0], [1, 1, 1, 0, 1, 0, 1, 0, 0, 0, 0, 1, 1, 0, 1, 0, 0, 0, 0, 1, 0, 1, 1, 1, 0], [0, 0, 1, 1, 1, 0, 1, 0, 0, 1, 1, 0, 0, 1, 0, 1, 1, 0, 1, 0, 1, 1, 0, 0, 0], [0, 0, 0, 1, 1, 1, 1, 0, 1, 0, 1, 0, 1, 0, 1, 0, 1, 0, 0, 0, 0, 0, 0, 0, 0], [1, 1, 0, 1, 1, 0, 1, 1, 0, 0, 1, 1, 1, 0, 1, 1, 0, 1, 1, 0, 1, 1, 0, 0, 1], [0, 1, 0, 0, 1, 1, 1, 1, 0, 0, 1, 1, 1, 0, 0, 0, 1, 0, 0, 1, 1, 1, 1, 0, 1], [0, 0, 0, 0, 0, 1, 1, 1, 1, 1, 1, 0, 0, 0, 1, 0, 1, 0, 0, 0, 0, 0, 1, 1, 0], [1, 1, 1, 0, 0, 1, 1, 0, 1, 1, 0, 1, 1, 1, 0, 0, 0, 1, 0, 0, 1, 1, 1, 1, 1], [0, 1, 0, 1, 1, 0, 1, 1, 0, 1, 0, 0, 0, 0, 1, 0, 1, 1, 0, 1, 0, 1, 1, 1, 1], [0, 1, 0, 0, 0, 0, 0, 0, 0, 0, 1, 0, 0, 1, 1, 0, 1, 1, 0, 1, 1, 0, 1, 1, 1], [1, 1, 1, 1, 1, 1, 1, 1, 0, 1, 1, 1, 0, 1, 0, 0, 0, 1, 1, 1, 1, 1, 0, 0, 1], [0, 0, 0, 1, 0, 0, 0, 0, 1, 1, 0, 1, 1, 1, 0, 0, 0, 0, 1, 1, 1, 1, 0, 0, 0], [1, 0, 0, 1, 0, 0, 1, 1, 1, 1, 0, 1, 0, 0, 0, 0, 1, 1, 0, 1, 1, 1, 1, 0, 0]]",12.0,6.0,Y,"{0: 18, 1: 24, 2: 30, 3: 36, 4: 42, 5: 48, 6: 54, 7: 60, 8: 66, 9: 72, 10: 78, 11: 84, 12: 90, 13: 96, 14: 102, 15: 108, 16: 114, 17: 120, 18: 126, 19: 132, 20: 138, 21: 144, 22: 150, 23: 12, 24: 156}","{(0, 5): 10, (0, 6): 1, (0, 7): 1, (0, 9): 1, (0, 13): 1, (0, 16): 1, (0, 19): 1, (0, 22): 1, (0, 24): 1, (1, 4): 14, (1, 5): 1, (1, 8): 1, (1, 10): 1, (1, 13): 1, (1, 16): 1, (1, 17): 1, (1, 19): 1, (1, 20): 1, (1, 21): 1, (1, 22): 1, (2, 4): 17, (2, 8): 7, (2, 10): 1, (2, 11): 1, (2, 13): 1, (2, 14): 1, (2, 19): 1, (2, 22): 1, (3, 5): 25, (3, 7): 1, (3, 9): 1, (3, 11): 1, (3, 12): 1, (3, 14): 1, (3, 15): 1, (3, 16): 1, (3, 20): 1, (3, 22): 1, (3, 23): 1, (3, 24): 1, (4, 6): 1, (4, 7): 1, (4, 9): 1, (4, 11): 1, (4, 13): 1, (4, 14): 1, (4, 15): 1, (4, 16): 1, (4, 17): 1, (4, 20): 1, (4, 22): 1, (5, 6): 5, (5, 11): 1, (5, 12): 1, (5, 15): 1, (5, 17): 1, (5, 18): 1, (5, 19): 1, (5, 22): 1, (6, 7): 35, (6, 8): 1, (6, 12): 1, (6, 13): 1, (6, 14): 1, (6, 15): 1, (6, 16): 1, (6, 17): 1, (6, 18): 1, (6, 19): 1, (6, 20): 1, (6, 22): 1, (6, 24): 1, (7, 10): 15, (7, 12): 1, (7, 16): 1, (7, 17): 1, (7, 18): 1, (7, 20): 1, (7, 22): 1, (7, 24): 1, (8, 10): 1, (8, 11): 28, (8, 12): 1, (8, 15): 1, (8, 18): 1, (8, 19): 1, (8, 23): 1, (8, 24): 23, (9, 14): 59, (9, 18): 3, (9, 19): 1, (9, 20): 3, (9, 22): 1, (9, 23): 1, (9, 24): 1, (10, 11): 1, (10, 12): 9, (10, 14): 1, (10, 15): 5, (10, 16): 1, (10, 17): 1, (10, 18): 28, (10, 21): 13, (10, 22): 1, (11, 12): 11, (11, 13): 5, (11, 16): 1, (11, 17): 9, (11, 19): 1, (11, 22): 1, (11, 23): 1, (11, 24): 22, (12, 13): 47, (12, 15): 8, (12, 16): 7, (12, 17): 1, (12, 19): 1, (12, 23): 1, (13, 14): 1, (13, 19): 1, (13, 21): 35, (13, 22): 1, (13, 23): 1, (14, 15): 3, (14, 16): 1, (14, 18): 15, (14, 20): 1, (14, 21): 17, (15, 16): 87, (16, 17): 1, (16, 18): 1, (16, 20): 7, (16, 21): 1, (16, 24): 1, (17, 19): 1, (17, 20): 1, (17, 21): 5, (17, 22): 3, (17, 24): 93, (18, 22): 72, (18, 23): 3, (19, 20): 105, (19, 21): 9, (19, 22): 5, (19, 23): 1, (19, 24): 1, (20, 21): 13, (20, 22): 1, (20, 23): 1, (20, 24): 1, (21, 22): 48, (21, 23): 1, (21, 24): 1, (22, 24): 9}",4606.008529663086,779.0,75.0,2183.0
71.0,Graph with 25 nodes and 161 edges,"[[0, 0, 0, 0, 0, 0, 1, 0, 0, 1, 1, 1, 0, 1, 0, 1, 1, 1, 0, 1, 0, 1, 0, 0, 1], [0, 0, 1, 1, 0, 1, 1, 0, 0, 0, 0, 1, 0, 0, 1, 1, 0, 1, 0, 1, 1, 0, 1, 1, 0], [0, 1, 0, 1, 0, 1, 0, 0, 1, 1, 1, 0, 0, 1, 1, 0, 0, 0, 1, 0, 1, 0, 1, 1, 0], [0, 1, 1, 0, 1, 1, 0, 1, 0, 1, 1, 0, 1, 1, 0, 0, 1, 0, 0, 1, 0, 1, 1, 1, 0], [0, 0, 0, 1, 0, 1, 0, 1, 1, 0, 1, 0, 0, 1, 1, 1, 1, 1, 0, 0, 0, 0, 1, 0, 0], [0, 1, 1, 1, 1, 0, 1, 1, 0, 0, 1, 1, 1, 1, 0, 1, 1, 0, 0, 1, 0, 1, 0, 1, 1], [1, 1, 0, 0, 0, 1, 0, 0, 0, 0, 0, 1, 1, 0, 1, 0, 1, 1, 1, 1, 0, 1, 1, 0, 0], [0, 0, 0, 1, 1, 1, 0, 0, 1, 1, 0, 1, 1, 0, 0, 0, 0, 0, 0, 1, 1, 0, 1, 1, 1], [0, 0, 1, 0, 1, 0, 0, 1, 0, 1, 1, 1, 1, 0, 0, 1, 1, 1, 1, 0, 1, 0, 1, 0, 1], [1, 0, 1, 1, 0, 0, 0, 1, 1, 0, 1, 0, 1, 0, 0, 0, 1, 1, 1, 0, 0, 1, 1, 0, 1], [1, 0, 1, 1, 1, 1, 0, 0, 1, 1, 0, 1, 0, 0, 0, 1, 1, 1, 1, 1, 0, 0, 1, 1, 0], [1, 1, 0, 0, 0, 1, 1, 1, 1, 0, 1, 0, 0, 0, 0, 0, 1, 0, 1, 1, 1, 1, 0, 0, 1], [0, 0, 0, 1, 0, 1, 1, 1, 1, 1, 0, 0, 0, 0, 1, 1, 1, 0, 1, 1, 0, 0, 0, 0, 1], [1, 0, 1, 1, 1, 1, 0, 0, 0, 0, 0, 0, 0, 0, 1, 0, 0, 1, 1, 1, 1, 0, 1, 0, 0], [0, 1, 1, 0, 1, 0, 1, 0, 0, 0, 0, 0, 1, 1, 0, 1, 0, 1, 1, 0, 0, 0, 0, 1, 1], [1, 1, 0, 0, 1, 1, 0, 0, 1, 0, 1, 0, 1, 0, 1, 0, 1, 1, 0, 1, 0, 1, 1, 0, 0], [1, 0, 0, 1, 1, 1, 1, 0, 1, 1, 1, 1, 1, 0, 0, 1, 0, 0, 1, 0, 1, 1, 1, 1, 0], [1, 1, 0, 0, 1, 0, 1, 0, 1, 1, 1, 0, 0, 1, 1, 1, 0, 0, 1, 1, 0, 1, 0, 0, 0], [0, 0, 1, 0, 0, 0, 1, 0, 1, 1, 1, 1, 1, 1, 1, 0, 1, 1, 0, 1, 1, 0, 1, 0, 1], [1, 1, 0, 1, 0, 1, 1, 1, 0, 0, 1, 1, 1, 1, 0, 1, 0, 1, 1, 0, 1, 1, 0, 1, 1], [0, 1, 1, 0, 0, 0, 0, 1, 1, 0, 0, 1, 0, 1, 0, 0, 1, 0, 1, 1, 0, 0, 1, 0, 1], [1, 0, 0, 1, 0, 1, 1, 0, 0, 1, 0, 1, 0, 0, 0, 1, 1, 1, 0, 1, 0, 0, 0, 1, 1], [0, 1, 1, 1, 1, 0, 1, 1, 1, 1, 1, 0, 0, 1, 0, 1, 1, 0, 1, 0, 1, 0, 0, 0, 0], [0, 1, 1, 1, 0, 1, 0, 1, 0, 0, 1, 0, 0, 0, 1, 0, 1, 0, 0, 1, 0, 1, 0, 0, 0], [1, 0, 0, 0, 0, 1, 0, 1, 1, 1, 0, 1, 1, 0, 1, 0, 0, 0, 1, 1, 1, 1, 0, 0, 0]]",28.0,5.0,Y,"{0: 33, 1: 38, 2: 43, 3: 48, 4: 53, 5: 58, 6: 63, 7: 68, 8: 73, 9: 78, 10: 83, 11: 88, 12: 93, 13: 98, 14: 103, 15: 108, 16: 113, 17: 118, 18: 123, 19: 128, 20: 133, 21: 138, 22: 143, 23: 148, 24: 28}","{(0, 6): 23, (0, 9): 1, (0, 10): 1, (0, 11): 1, (0, 13): 1, (0, 15): 1, (0, 16): 1, (0, 17): 1, (0, 19): 1, (0, 21): 1, (0, 24): 1, (1, 2): 27, (1, 3): 1, (1, 5): 1, (1, 6): 1, (1, 11): 1, (1, 14): 1, (1, 15): 1, (1, 17): 1, (1, 19): 1, (1, 20): 1, (1, 22): 1, (1, 23): 1, (2, 3): 6, (2, 5): 1, (2, 8): 1, (2, 9): 1, (2, 10): 1, (2, 13): 1, (2, 14): 1, (2, 18): 1, (2, 20): 1, (2, 22): 1, (2, 23): 1, (3, 4): 30, (3, 5): 1, (3, 7): 1, (3, 9): 1, (3, 10): 1, (3, 12): 1, (3, 13): 1, (3, 16): 1, (3, 19): 1, (3, 21): 1, (3, 22): 1, (3, 23): 1, (4, 5): 14, (4, 7): 1, (4, 8): 1, (4, 10): 1, (4, 13): 1, (4, 14): 1, (4, 15): 1, (4, 16): 1, (4, 17): 1, (4, 22): 1, (5, 6): 30, (5, 7): 1, (5, 10): 1, (5, 11): 1, (5, 12): 1, (5, 13): 1, (5, 15): 1, (5, 16): 1, (5, 19): 1, (5, 21): 1, (5, 23): 1, (5, 24): 1, (6, 11): 1, (6, 12): 1, (6, 14): 1, (6, 16): 1, (6, 17): 1, (6, 18): 1, (6, 19): 1, (6, 21): 1, (6, 22): 1, (7, 8): 57, (7, 9): 1, (7, 11): 1, (7, 12): 1, (7, 19): 1, (7, 20): 1, (7, 22): 1, (7, 23): 1, (7, 24): 1, (8, 9): 1, (8, 10): 1, (8, 11): 1, (8, 12): 1, (8, 15): 1, (8, 16): 1, (8, 17): 1, (8, 18): 1, (8, 20): 4, (8, 22): 1, (8, 24): 1, (9, 10): 1, (9, 12): 57, (9, 16): 1, (9, 17): 3, (9, 18): 1, (9, 21): 8, (9, 22): 1, (9, 24): 1, (10, 11): 1, (10, 15): 1, (10, 16): 1, (10, 17): 1, (10, 18): 1, (10, 19): 1, (10, 22): 1, (10, 23): 69, (11, 16): 1, (11, 18): 1, (11, 19): 1, (11, 20): 76, (11, 21): 1, (11, 24): 1, (12, 14): 26, (12, 15): 1, (12, 16): 1, (12, 18): 1, (12, 19): 1, (12, 24): 1, (13, 14): 1, (13, 17): 1, (13, 18): 1, (13, 19): 54, (13, 20): 1, (13, 22): 35, (14, 15): 1, (14, 17): 1, (14, 18): 1, (14, 23): 68, (14, 24): 1, (15, 16): 1, (15, 17): 1, (15, 19): 1, (15, 21): 1, (15, 22): 96, (16, 18): 95, (16, 20): 1, (16, 21): 1, (16, 22): 1, (16, 23): 4, (17, 18): 1, (17, 19): 1, (17, 21): 104, (18, 19): 15, (18, 20): 1, (18, 22): 1, (18, 24): 1, (19, 20): 45, (19, 21): 1, (19, 23): 1, (19, 24): 1, (20, 22): 1, (20, 24): 1, (21, 23): 1, (21, 24): 17}",5223.03581237793,786.0,75.0,2197.0
72.0,Graph with 25 nodes and 150 edges,"[[0, 0, 1, 1, 0, 1, 1, 1, 1, 0, 1, 0, 0, 0, 0, 1, 0, 0, 1, 1, 1, 1, 0, 1, 1], [0, 0, 1, 1, 1, 0, 0, 1, 0, 0, 1, 1, 1, 0, 1, 1, 1, 1, 1, 0, 1, 1, 0, 0, 1], [1, 1, 0, 0, 1, 1, 0, 1, 0, 1, 1, 0, 0, 0, 1, 1, 1, 0, 1, 1, 0, 1, 0, 1, 1], [1, 1, 0, 0, 0, 1, 0, 0, 1, 0, 0, 1, 0, 1, 0, 1, 1, 0, 1, 0, 0, 0, 0, 0, 1], [0, 1, 1, 0, 0, 1, 0, 0, 0, 1, 0, 1, 1, 1, 0, 0, 0, 1, 0, 1, 0, 1, 1, 1, 0], [1, 0, 1, 1, 1, 0, 1, 1, 0, 0, 0, 1, 1, 0, 0, 0, 1, 0, 0, 1, 1, 1, 1, 1, 1], [1, 0, 0, 0, 0, 1, 0, 1, 0, 1, 0, 1, 1, 0, 1, 1, 0, 0, 0, 1, 1, 0, 0, 0, 0], [1, 1, 1, 0, 0, 1, 1, 0, 0, 1, 1, 0, 0, 1, 1, 0, 0, 1, 0, 0, 1, 0, 0, 1, 1], [1, 0, 0, 1, 0, 0, 0, 0, 0, 1, 1, 0, 1, 0, 1, 1, 0, 1, 0, 0, 0, 1, 1, 1, 0], [0, 0, 1, 0, 1, 0, 1, 1, 1, 0, 1, 1, 0, 1, 1, 0, 1, 1, 1, 1, 1, 0, 0, 0, 0], [1, 1, 1, 0, 0, 0, 0, 1, 1, 1, 0, 0, 0, 0, 0, 0, 0, 1, 0, 0, 0, 0, 0, 0, 0], [0, 1, 0, 1, 1, 1, 1, 0, 0, 1, 0, 0, 0, 0, 1, 1, 1, 1, 0, 0, 0, 0, 1, 0, 0], [0, 1, 0, 0, 1, 1, 1, 0, 1, 0, 0, 0, 0, 1, 1, 1, 1, 1, 0, 0, 0, 0, 0, 1, 0], [0, 0, 0, 1, 1, 0, 0, 1, 0, 1, 0, 0, 1, 0, 0, 0, 1, 0, 1, 0, 0, 1, 1, 0, 0], [0, 1, 1, 0, 0, 0, 1, 1, 1, 1, 0, 1, 1, 0, 0, 1, 1, 0, 0, 0, 1, 1, 0, 1, 1], [1, 1, 1, 1, 0, 0, 1, 0, 1, 0, 0, 1, 1, 0, 1, 0, 0, 1, 0, 0, 1, 1, 1, 1, 1], [0, 1, 1, 1, 0, 1, 0, 0, 0, 1, 0, 1, 1, 1, 1, 0, 0, 0, 0, 1, 1, 0, 1, 0, 1], [0, 1, 0, 0, 1, 0, 0, 1, 1, 1, 1, 1, 1, 0, 0, 1, 0, 0, 0, 0, 1, 1, 0, 0, 1], [1, 1, 1, 1, 0, 0, 0, 0, 0, 1, 0, 0, 0, 1, 0, 0, 0, 0, 0, 1, 0, 0, 1, 0, 1], [1, 0, 1, 0, 1, 1, 1, 0, 0, 1, 0, 0, 0, 0, 0, 0, 1, 0, 1, 0, 0, 0, 1, 1, 1], [1, 1, 0, 0, 0, 1, 1, 1, 0, 1, 0, 0, 0, 0, 1, 1, 1, 1, 0, 0, 0, 0, 1, 0, 1], [1, 1, 1, 0, 1, 1, 0, 0, 1, 0, 0, 0, 0, 1, 1, 1, 0, 1, 0, 0, 0, 0, 1, 0, 0], [0, 0, 0, 0, 1, 1, 0, 0, 1, 0, 0, 1, 0, 1, 0, 1, 1, 0, 1, 1, 1, 1, 0, 0, 0], [1, 0, 1, 0, 1, 1, 0, 1, 1, 0, 0, 0, 1, 0, 1, 1, 0, 0, 0, 1, 0, 0, 0, 0, 1], [1, 1, 1, 1, 0, 1, 0, 1, 0, 0, 0, 0, 0, 0, 1, 1, 1, 1, 1, 1, 1, 0, 0, 1, 0]]",10.0,5.0,Y,"{0: 20, 1: 25, 2: 30, 3: 15, 4: 35, 5: 40, 6: 45, 7: 50, 8: 55, 9: 60, 10: 65, 11: 70, 12: 75, 13: 80, 14: 85, 15: 90, 16: 95, 17: 100, 18: 10, 19: 105, 20: 110, 21: 115, 22: 120, 23: 125, 24: 130}","{(0, 2): 7, (0, 3): 1, (0, 5): 1, (0, 6): 1, (0, 7): 1, (0, 8): 1, (0, 10): 1, (0, 15): 1, (0, 18): 1, (0, 19): 1, (0, 20): 1, (0, 21): 1, (0, 23): 1, (0, 24): 1, (1, 2): 10, (1, 3): 2, (1, 4): 1, (1, 7): 1, (1, 10): 1, (1, 11): 1, (1, 12): 1, (1, 14): 1, (1, 15): 1, (1, 16): 1, (1, 17): 1, (1, 18): 1, (1, 20): 1, (1, 21): 1, (1, 24): 1, (2, 4): 1, (2, 5): 1, (2, 7): 1, (2, 9): 1, (2, 10): 1, (2, 14): 1, (2, 15): 1, (2, 16): 1, (2, 18): 1, (2, 19): 1, (2, 21): 1, (2, 23): 1, (2, 24): 1, (3, 5): 5, (3, 8): 1, (3, 11): 1, (3, 13): 1, (3, 15): 1, (3, 16): 1, (3, 18): 1, (3, 24): 1, (4, 5): 22, (4, 9): 3, (4, 11): 1, (4, 12): 1, (4, 13): 1, (4, 17): 1, (4, 19): 1, (4, 21): 1, (4, 22): 1, (4, 23): 1, (5, 6): 1, (5, 7): 1, (5, 11): 1, (5, 12): 1, (5, 16): 1, (5, 19): 1, (5, 20): 1, (5, 21): 1, (5, 22): 1, (5, 23): 1, (5, 24): 1, (6, 7): 36, (6, 9): 1, (6, 11): 1, (6, 12): 1, (6, 14): 1, (6, 15): 1, (6, 19): 1, (6, 20): 1, (7, 9): 1, (7, 10): 1, (7, 13): 2, (7, 14): 1, (7, 17): 1, (7, 20): 1, (7, 23): 1, (7, 24): 2, (8, 9): 1, (8, 10): 1, (8, 12): 3, (8, 14): 6, (8, 15): 1, (8, 17): 1, (8, 21): 4, (8, 22): 1, (8, 23): 35, (9, 10): 29, (9, 11): 16, (9, 13): 2, (9, 14): 1, (9, 16): 1, (9, 17): 1, (9, 18): 1, (9, 19): 1, (9, 20): 1, (10, 17): 31, (11, 14): 1, (11, 15): 22, (11, 16): 14, (11, 17): 11, (11, 22): 1, (12, 13): 15, (12, 14): 1, (12, 15): 15, (12, 16): 20, (12, 17): 10, (12, 23): 7, (13, 16): 7, (13, 18): 1, (13, 21): 48, (13, 22): 3, (14, 15): 1, (14, 16): 23, (14, 20): 7, (14, 21): 30, (14, 23): 9, (14, 24): 2, (15, 17): 8, (15, 20): 5, (15, 21): 3, (15, 22): 1, (15, 23): 28, (15, 24): 1, (16, 19): 9, (16, 20): 9, (16, 22): 7, (16, 24): 1, (17, 20): 1, (17, 21): 22, (17, 24): 12, (18, 19): 2, (18, 22): 1, (18, 24): 1, (19, 22): 58, (19, 23): 2, (19, 24): 28, (20, 22): 43, (20, 24): 39, (21, 22): 3, (23, 24): 39}",4856.82487487793,775.0,75.0,2175.0
73.0,Graph with 25 nodes and 149 edges,"[[0, 1, 1, 1, 0, 1, 0, 1, 0, 0, 0, 0, 0, 1, 1, 0, 0, 0, 0, 1, 0, 1, 1, 1, 0], [1, 0, 1, 1, 0, 1, 0, 1, 1, 0, 1, 0, 1, 1, 0, 0, 0, 1, 1, 1, 0, 0, 0, 0, 0], [1, 1, 0, 0, 0, 1, 1, 1, 0, 0, 1, 0, 1, 1, 1, 1, 1, 1, 1, 0, 1, 1, 1, 1, 0], [1, 1, 0, 0, 0, 0, 1, 1, 0, 0, 0, 1, 0, 1, 1, 0, 0, 1, 1, 1, 0, 1, 0, 1, 1], [0, 0, 0, 0, 0, 0, 0, 1, 0, 0, 0, 0, 1, 1, 0, 0, 0, 1, 0, 0, 0, 0, 1, 1, 1], [1, 1, 1, 0, 0, 0, 0, 0, 0, 0, 0, 0, 0, 1, 1, 1, 0, 0, 1, 1, 0, 1, 1, 1, 0], [0, 0, 1, 1, 0, 0, 0, 0, 0, 0, 1, 1, 0, 1, 0, 0, 0, 0, 1, 0, 1, 1, 0, 0, 1], [1, 1, 1, 1, 1, 0, 0, 0, 0, 0, 0, 0, 1, 1, 0, 0, 1, 0, 1, 0, 0, 0, 0, 0, 0], [0, 1, 0, 0, 0, 0, 0, 0, 0, 1, 0, 0, 0, 0, 0, 0, 1, 0, 0, 1, 1, 0, 1, 0, 1], [0, 0, 0, 0, 0, 0, 0, 0, 1, 0, 1, 1, 0, 1, 1, 1, 1, 0, 1, 0, 0, 1, 1, 0, 0], [0, 1, 1, 0, 0, 0, 1, 0, 0, 1, 0, 0, 0, 1, 0, 1, 1, 0, 1, 1, 0, 1, 0, 0, 0], [0, 0, 0, 1, 0, 0, 1, 0, 0, 1, 0, 0, 0, 1, 1, 0, 1, 1, 0, 1, 1, 0, 1, 0, 1], [0, 1, 1, 0, 1, 0, 0, 1, 0, 0, 0, 0, 0, 1, 1, 1, 0, 1, 0, 1, 0, 1, 1, 1, 1], [1, 1, 1, 1, 1, 1, 1, 1, 0, 1, 1, 1, 1, 0, 1, 1, 1, 0, 1, 0, 0, 1, 1, 1, 1], [1, 0, 1, 1, 0, 1, 0, 0, 0, 1, 0, 1, 1, 1, 0, 1, 0, 0, 1, 0, 1, 1, 0, 1, 1], [0, 0, 1, 0, 0, 1, 0, 0, 0, 1, 1, 0, 1, 1, 1, 0, 0, 1, 1, 1, 0, 0, 0, 1, 0], [0, 0, 1, 0, 0, 0, 0, 1, 1, 1, 1, 1, 0, 1, 0, 0, 0, 1, 1, 1, 0, 0, 0, 1, 0], [0, 1, 1, 1, 1, 0, 0, 0, 0, 0, 0, 1, 1, 0, 0, 1, 1, 0, 0, 1, 0, 0, 0, 0, 1], [0, 1, 1, 1, 0, 1, 1, 1, 0, 1, 1, 0, 0, 1, 1, 1, 1, 0, 0, 1, 1, 1, 0, 0, 0], [1, 1, 0, 1, 0, 1, 0, 0, 1, 0, 1, 1, 1, 0, 0, 1, 1, 1, 1, 0, 1, 1, 1, 0, 0], [0, 0, 1, 0, 0, 0, 1, 0, 1, 0, 0, 1, 0, 0, 1, 0, 0, 0, 1, 1, 0, 0, 1, 0, 0], [1, 0, 1, 1, 0, 1, 1, 0, 0, 1, 1, 0, 1, 1, 1, 0, 0, 0, 1, 1, 0, 0, 1, 1, 1], [1, 0, 1, 0, 1, 1, 0, 0, 1, 1, 0, 1, 1, 1, 0, 0, 0, 0, 0, 1, 1, 1, 0, 1, 1], [1, 0, 1, 1, 1, 1, 0, 0, 0, 0, 0, 0, 1, 1, 1, 1, 1, 0, 0, 0, 0, 1, 1, 0, 1], [0, 0, 0, 1, 1, 0, 1, 0, 1, 0, 0, 1, 1, 1, 1, 0, 0, 1, 0, 0, 0, 1, 1, 1, 0]]",12.0,1.0,Y,"{0: 17, 1: 19, 2: 35, 3: 28, 4: 14, 5: 13, 6: 24, 7: 15, 8: 16, 9: 21, 10: 20, 11: 26, 12: 29, 13: 36, 14: 30, 15: 25, 16: 18, 17: 22, 18: 34, 19: 33, 20: 12, 21: 32, 22: 31, 23: 27, 24: 23}","{(0, 1): 1, (0, 2): 1, (0, 3): 1, (0, 5): 1, (0, 7): 1, (0, 13): 7, (0, 14): 1, (0, 19): 1, (0, 21): 1, (0, 22): 1, (0, 23): 1, (1, 2): 1, (1, 3): 1, (1, 5): 1, (1, 7): 1, (1, 8): 1, (1, 10): 1, (1, 12): 1, (1, 13): 8, (1, 17): 1, (1, 18): 1, (1, 19): 1, (2, 5): 1, (2, 6): 1, (2, 7): 1, (2, 10): 1, (2, 12): 1, (2, 13): 3, (2, 14): 1, (2, 15): 1, (2, 16): 1, (2, 17): 13, (2, 18): 1, (2, 20): 5, (2, 21): 1, (2, 22): 1, (2, 23): 1, (3, 6): 1, (3, 7): 1, (3, 11): 1, (3, 13): 2, (3, 14): 1, (3, 17): 1, (3, 18): 1, (3, 19): 1, (3, 21): 1, (3, 23): 4, (3, 24): 12, (4, 7): 1, (4, 12): 1, (4, 13): 1, (4, 17): 1, (4, 22): 1, (4, 23): 8, (4, 24): 1, (5, 13): 1, (5, 14): 1, (5, 15): 1, (5, 18): 1, (5, 19): 1, (5, 21): 1, (5, 22): 1, (5, 23): 3, (6, 10): 1, (6, 11): 1, (6, 13): 1, (6, 18): 1, (6, 20): 1, (6, 21): 16, (6, 24): 1, (7, 12): 1, (7, 13): 1, (7, 16): 1, (7, 18): 7, (8, 9): 1, (8, 16): 1, (8, 19): 10, (8, 20): 1, (8, 22): 1, (8, 24): 1, (9, 10): 1, (9, 11): 1, (9, 13): 1, (9, 14): 1, (9, 15): 1, (9, 16): 1, (9, 18): 1, (9, 21): 1, (9, 22): 12, (10, 13): 1, (10, 15): 1, (10, 16): 1, (10, 18): 1, (10, 19): 9, (10, 21): 3, (11, 13): 1, (11, 14): 2, (11, 16): 8, (11, 17): 1, (11, 19): 2, (11, 20): 1, (11, 22): 7, (11, 24): 1, (12, 13): 1, (12, 14): 2, (12, 15): 14, (12, 17): 1, (12, 19): 1, (12, 21): 1, (12, 22): 1, (12, 23): 3, (12, 24): 1, (13, 14): 1, (13, 15): 1, (13, 16): 1, (13, 18): 1, (13, 21): 1, (13, 22): 1, (13, 23): 1, (13, 24): 1, (14, 15): 2, (14, 18): 14, (14, 20): 1, (14, 21): 1, (14, 23): 1, (14, 24): 1, (15, 17): 1, (15, 18): 1, (15, 19): 1, (15, 23): 1, (16, 17): 1, (16, 18): 1, (16, 19): 1, (16, 23): 1, (17, 19): 1, (17, 24): 1, (18, 19): 1, (18, 20): 1, (18, 21): 1, (19, 20): 1, (19, 21): 1, (19, 22): 1, (20, 22): 1, (21, 22): 1, (21, 23): 1, (21, 24): 1, (22, 23): 1, (22, 24): 1, (23, 24): 1}",3596.067428588867,774.0,75.0,2173.0
75.0,Graph with 25 nodes and 147 edges,"[[0, 1, 0, 0, 1, 1, 1, 0, 1, 1, 1, 0, 0, 0, 1, 0, 0, 1, 0, 0, 1, 0, 1, 0, 1], [1, 0, 0, 0, 1, 1, 1, 0, 0, 0, 0, 0, 1, 1, 1, 1, 0, 0, 1, 1, 0, 1, 0, 1, 0], [0, 0, 0, 1, 0, 1, 0, 1, 1, 0, 0, 0, 1, 1, 1, 0, 0, 1, 1, 0, 0, 1, 1, 0, 1], [0, 0, 1, 0, 1, 0, 1, 0, 0, 1, 1, 0, 0, 0, 1, 0, 0, 1, 0, 0, 1, 0, 0, 1, 0], [1, 1, 0, 1, 0, 1, 1, 1, 0, 0, 1, 1, 1, 1, 1, 1, 1, 1, 0, 0, 1, 1, 0, 1, 1], [1, 1, 1, 0, 1, 0, 0, 1, 1, 0, 1, 0, 1, 0, 0, 0, 1, 1, 0, 1, 0, 0, 0, 0, 0], [1, 1, 0, 1, 1, 0, 0, 0, 0, 0, 0, 0, 0, 1, 0, 0, 1, 1, 0, 1, 1, 0, 1, 1, 0], [0, 0, 1, 0, 1, 1, 0, 0, 1, 1, 1, 0, 0, 0, 0, 0, 1, 0, 1, 1, 1, 1, 0, 1, 1], [1, 0, 1, 0, 0, 1, 0, 1, 0, 0, 1, 1, 1, 1, 1, 0, 0, 1, 1, 1, 1, 1, 1, 0, 1], [1, 0, 0, 1, 0, 0, 0, 1, 0, 0, 1, 0, 0, 0, 1, 0, 1, 0, 0, 1, 0, 0, 1, 0, 0], [1, 0, 0, 1, 1, 1, 0, 1, 1, 1, 0, 1, 1, 0, 0, 0, 1, 0, 0, 0, 0, 1, 0, 0, 0], [0, 0, 0, 0, 1, 0, 0, 0, 1, 0, 1, 0, 0, 0, 1, 1, 0, 1, 0, 0, 1, 0, 1, 1, 1], [0, 1, 1, 0, 1, 1, 0, 0, 1, 0, 1, 0, 0, 1, 0, 0, 1, 0, 0, 1, 1, 0, 1, 1, 0], [0, 1, 1, 0, 1, 0, 1, 0, 1, 0, 0, 0, 1, 0, 1, 1, 1, 0, 0, 1, 1, 1, 1, 0, 0], [1, 1, 1, 1, 1, 0, 0, 0, 1, 1, 0, 1, 0, 1, 0, 0, 0, 1, 1, 0, 0, 0, 1, 0, 0], [0, 1, 0, 0, 1, 0, 0, 0, 0, 0, 0, 1, 0, 1, 0, 0, 1, 1, 0, 0, 0, 1, 0, 0, 1], [0, 0, 0, 0, 1, 1, 1, 1, 0, 1, 1, 0, 1, 1, 0, 1, 0, 0, 0, 1, 1, 0, 0, 1, 0], [1, 0, 1, 1, 1, 1, 1, 0, 1, 0, 0, 1, 0, 0, 1, 1, 0, 0, 0, 0, 0, 0, 1, 1, 1], [0, 1, 1, 0, 0, 0, 0, 1, 1, 0, 0, 0, 0, 0, 1, 0, 0, 0, 0, 0, 1, 1, 0, 1, 1], [0, 1, 0, 0, 0, 1, 1, 1, 1, 1, 0, 0, 1, 1, 0, 0, 1, 0, 0, 0, 1, 1, 0, 0, 0], [1, 0, 0, 1, 1, 0, 1, 1, 1, 0, 0, 1, 1, 1, 0, 0, 1, 0, 1, 1, 0, 1, 0, 0, 0], [0, 1, 1, 0, 1, 0, 0, 1, 1, 0, 1, 0, 0, 1, 0, 1, 0, 0, 1, 1, 1, 0, 0, 1, 1], [1, 0, 1, 0, 0, 0, 1, 0, 1, 1, 0, 1, 1, 1, 1, 0, 0, 1, 0, 0, 0, 0, 0, 1, 1], [0, 1, 0, 1, 1, 0, 1, 1, 0, 0, 0, 1, 1, 0, 0, 0, 1, 1, 1, 0, 0, 1, 1, 0, 0], [1, 0, 1, 0, 1, 0, 0, 1, 1, 0, 0, 1, 0, 0, 0, 1, 0, 1, 1, 0, 0, 1, 1, 0, 0]]",12.0,8.0,Y,"{0: 20, 1: 28, 2: 36, 3: 44, 4: 52, 5: 60, 6: 68, 7: 76, 8: 84, 9: 92, 10: 100, 11: 108, 12: 116, 13: 124, 14: 132, 15: 140, 16: 148, 17: 156, 18: 164, 19: 172, 20: 180, 21: 188, 22: 196, 23: 204, 24: 12}","{(0, 1): 9, (0, 4): 1, (0, 5): 1, (0, 6): 1, (0, 8): 1, (0, 9): 1, (0, 10): 1, (0, 14): 1, (0, 17): 1, (0, 20): 1, (0, 22): 1, (0, 24): 1, (1, 4): 9, (1, 5): 1, (1, 6): 1, (1, 12): 1, (1, 13): 1, (1, 14): 1, (1, 15): 1, (1, 18): 1, (1, 19): 1, (1, 21): 1, (1, 23): 1, (2, 3): 25, (2, 5): 1, (2, 7): 1, (2, 8): 1, (2, 12): 1, (2, 13): 1, (2, 14): 1, (2, 17): 1, (2, 18): 1, (2, 21): 1, (2, 22): 1, (2, 24): 1, (3, 4): 12, (3, 6): 1, (3, 9): 1, (3, 10): 1, (3, 14): 1, (3, 17): 1, (3, 20): 1, (3, 23): 1, (4, 5): 16, (4, 6): 1, (4, 7): 1, (4, 10): 1, (4, 11): 1, (4, 12): 1, (4, 13): 1, (4, 14): 1, (4, 15): 1, (4, 16): 1, (4, 17): 1, (4, 20): 1, (4, 21): 1, (4, 23): 1, (4, 24): 1, (5, 7): 35, (5, 8): 1, (5, 10): 1, (5, 12): 1, (5, 16): 1, (5, 17): 1, (5, 19): 1, (6, 13): 58, (6, 16): 1, (6, 17): 1, (6, 19): 1, (6, 20): 1, (6, 22): 1, (6, 23): 1, (7, 8): 1, (7, 9): 1, (7, 10): 1, (7, 16): 1, (7, 18): 1, (7, 19): 30, (7, 20): 1, (7, 21): 1, (7, 23): 1, (7, 24): 1, (8, 10): 1, (8, 11): 1, (8, 12): 1, (8, 13): 1, (8, 14): 1, (8, 17): 1, (8, 18): 1, (8, 19): 1, (8, 20): 1, (8, 21): 69, (8, 22): 1, (8, 24): 1, (9, 10): 1, (9, 14): 1, (9, 16): 85, (9, 19): 1, (9, 22): 1, (10, 11): 1, (10, 12): 1, (10, 16): 11, (10, 21): 80, (11, 14): 1, (11, 15): 1, (11, 17): 1, (11, 20): 1, (11, 22): 1, (11, 23): 99, (11, 24): 1, (12, 13): 1, (12, 16): 1, (12, 19): 105, (12, 20): 1, (12, 22): 1, (12, 23): 1, (13, 14): 55, (13, 15): 1, (13, 16): 1, (13, 19): 1, (13, 20): 1, (13, 21): 1, (13, 22): 1, (14, 17): 1, (14, 18): 1, (14, 22): 67, (15, 16): 30, (15, 17): 104, (15, 21): 1, (15, 24): 1, (16, 19): 1, (16, 20): 14, (16, 23): 1, (17, 22): 33, (17, 23): 9, (17, 24): 1, (18, 20): 155, (18, 21): 1, (18, 23): 1, (18, 24): 2, (19, 20): 1, (19, 21): 29, (20, 21): 1, (21, 23): 1, (21, 24): 1, (22, 23): 87, (22, 24): 1}",5362.987518310547,772.0,75.0,2169.0
75.0,Graph with 25 nodes and 147 edges,"[[0, 1, 0, 0, 1, 1, 1, 0, 1, 1, 1, 0, 0, 0, 1, 0, 0, 1, 0, 0, 1, 0, 1, 0, 1], [1, 0, 0, 0, 1, 1, 1, 0, 0, 0, 0, 0, 1, 1, 1, 1, 0, 0, 1, 1, 0, 1, 0, 1, 0], [0, 0, 0, 1, 0, 1, 0, 1, 1, 0, 0, 0, 1, 1, 1, 0, 0, 1, 1, 0, 0, 1, 1, 0, 1], [0, 0, 1, 0, 1, 0, 1, 0, 0, 1, 1, 0, 0, 0, 1, 0, 0, 1, 0, 0, 1, 0, 0, 1, 0], [1, 1, 0, 1, 0, 1, 1, 1, 0, 0, 1, 1, 1, 1, 1, 1, 1, 1, 0, 0, 1, 1, 0, 1, 1], [1, 1, 1, 0, 1, 0, 0, 1, 1, 0, 1, 0, 1, 0, 0, 0, 1, 1, 0, 1, 0, 0, 0, 0, 0], [1, 1, 0, 1, 1, 0, 0, 0, 0, 0, 0, 0, 0, 1, 0, 0, 1, 1, 0, 1, 1, 0, 1, 1, 0], [0, 0, 1, 0, 1, 1, 0, 0, 1, 1, 1, 0, 0, 0, 0, 0, 1, 0, 1, 1, 1, 1, 0, 1, 1], [1, 0, 1, 0, 0, 1, 0, 1, 0, 0, 1, 1, 1, 1, 1, 0, 0, 1, 1, 1, 1, 1, 1, 0, 1], [1, 0, 0, 1, 0, 0, 0, 1, 0, 0, 1, 0, 0, 0, 1, 0, 1, 0, 0, 1, 0, 0, 1, 0, 0], [1, 0, 0, 1, 1, 1, 0, 1, 1, 1, 0, 1, 1, 0, 0, 0, 1, 0, 0, 0, 0, 1, 0, 0, 0], [0, 0, 0, 0, 1, 0, 0, 0, 1, 0, 1, 0, 0, 0, 1, 1, 0, 1, 0, 0, 1, 0, 1, 1, 1], [0, 1, 1, 0, 1, 1, 0, 0, 1, 0, 1, 0, 0, 1, 0, 0, 1, 0, 0, 1, 1, 0, 1, 1, 0], [0, 1, 1, 0, 1, 0, 1, 0, 1, 0, 0, 0, 1, 0, 1, 1, 1, 0, 0, 1, 1, 1, 1, 0, 0], [1, 1, 1, 1, 1, 0, 0, 0, 1, 1, 0, 1, 0, 1, 0, 0, 0, 1, 1, 0, 0, 0, 1, 0, 0], [0, 1, 0, 0, 1, 0, 0, 0, 0, 0, 0, 1, 0, 1, 0, 0, 1, 1, 0, 0, 0, 1, 0, 0, 1], [0, 0, 0, 0, 1, 1, 1, 1, 0, 1, 1, 0, 1, 1, 0, 1, 0, 0, 0, 1, 1, 0, 0, 1, 0], [1, 0, 1, 1, 1, 1, 1, 0, 1, 0, 0, 1, 0, 0, 1, 1, 0, 0, 0, 0, 0, 0, 1, 1, 1], [0, 1, 1, 0, 0, 0, 0, 1, 1, 0, 0, 0, 0, 0, 1, 0, 0, 0, 0, 0, 1, 1, 0, 1, 1], [0, 1, 0, 0, 0, 1, 1, 1, 1, 1, 0, 0, 1, 1, 0, 0, 1, 0, 0, 0, 1, 1, 0, 0, 0], [1, 0, 0, 1, 1, 0, 1, 1, 1, 0, 0, 1, 1, 1, 0, 0, 1, 0, 1, 1, 0, 1, 0, 0, 0], [0, 1, 1, 0, 1, 0, 0, 1, 1, 0, 1, 0, 0, 1, 0, 1, 0, 0, 1, 1, 1, 0, 0, 1, 1], [1, 0, 1, 0, 0, 0, 1, 0, 1, 1, 0, 1, 1, 1, 1, 0, 0, 1, 0, 0, 0, 0, 0, 1, 1], [0, 1, 0, 1, 1, 0, 1, 1, 0, 0, 0, 1, 1, 0, 0, 0, 1, 1, 1, 0, 0, 1, 1, 0, 0], [1, 0, 1, 0, 1, 0, 0, 1, 1, 0, 0, 1, 0, 0, 0, 1, 0, 1, 1, 0, 0, 1, 1, 0, 0]]",16.0,5.0,Y,"{0: 21, 1: 26, 2: 31, 3: 36, 4: 41, 5: 46, 6: 51, 7: 56, 8: 61, 9: 66, 10: 71, 11: 76, 12: 81, 13: 86, 14: 91, 15: 96, 16: 101, 17: 106, 18: 111, 19: 116, 20: 121, 21: 126, 22: 131, 23: 136, 24: 16}","{(0, 1): 10, (0, 4): 1, (0, 5): 1, (0, 6): 1, (0, 8): 1, (0, 9): 1, (0, 10): 1, (0, 14): 1, (0, 17): 1, (0, 20): 1, (0, 22): 1, (0, 24): 1, (1, 4): 6, (1, 5): 1, (1, 6): 1, (1, 12): 1, (1, 13): 1, (1, 14): 1, (1, 15): 1, (1, 18): 1, (1, 19): 1, (1, 21): 1, (1, 23): 1, (2, 3): 20, (2, 5): 1, (2, 7): 1, (2, 8): 1, (2, 12): 1, (2, 13): 1, (2, 14): 1, (2, 17): 1, (2, 18): 1, (2, 21): 1, (2, 22): 1, (2, 24): 1, (3, 4): 9, (3, 6): 1, (3, 9): 1, (3, 10): 1, (3, 14): 1, (3, 17): 1, (3, 20): 1, (3, 23): 1, (4, 5): 11, (4, 6): 1, (4, 7): 1, (4, 10): 1, (4, 11): 1, (4, 12): 1, (4, 13): 1, (4, 14): 1, (4, 15): 1, (4, 16): 1, (4, 17): 1, (4, 20): 1, (4, 21): 1, (4, 23): 1, (4, 24): 1, (5, 7): 26, (5, 8): 1, (5, 10): 1, (5, 12): 1, (5, 16): 1, (5, 17): 1, (5, 19): 1, (6, 13): 41, (6, 16): 1, (6, 17): 1, (6, 19): 1, (6, 20): 1, (6, 22): 1, (6, 23): 1, (7, 8): 1, (7, 9): 1, (7, 10): 1, (7, 16): 1, (7, 18): 1, (7, 19): 1, (7, 20): 1, (7, 21): 1, (7, 23): 19, (7, 24): 1, (8, 10): 1, (8, 11): 1, (8, 12): 1, (8, 13): 1, (8, 14): 1, (8, 17): 1, (8, 18): 1, (8, 19): 1, (8, 20): 1, (8, 21): 6, (8, 22): 41, (8, 24): 1, (9, 10): 1, (9, 14): 1, (9, 16): 1, (9, 19): 59, (9, 22): 1, (10, 11): 1, (10, 12): 1, (10, 16): 21, (10, 21): 41, (11, 14): 1, (11, 15): 1, (11, 17): 30, (11, 20): 1, (11, 22): 1, (11, 23): 38, (11, 24): 1, (12, 13): 1, (12, 16): 1, (12, 19): 1, (12, 20): 1, (12, 22): 1, (12, 23): 70, (13, 14): 1, (13, 15): 1, (13, 16): 1, (13, 19): 1, (13, 20): 1, (13, 21): 34, (13, 22): 1, (14, 17): 1, (14, 18): 1, (14, 22): 80, (15, 16): 1, (15, 17): 65, (15, 21): 25, (15, 24): 1, (16, 19): 48, (16, 20): 23, (16, 23): 1, (17, 22): 1, (17, 23): 1, (17, 24): 1, (18, 20): 87, (18, 21): 12, (18, 23): 1, (18, 24): 6, (19, 20): 1, (19, 21): 1, (20, 21): 1, (21, 23): 1, (21, 24): 1, (22, 23): 1, (22, 24): 1}",4830.121994018555,772.0,75.0,2169.0
75.0,Graph with 25 nodes and 147 edges,"[[0, 1, 0, 0, 1, 1, 1, 0, 1, 1, 1, 0, 0, 0, 1, 0, 0, 1, 0, 0, 1, 0, 1, 0, 1], [1, 0, 0, 0, 1, 1, 1, 0, 0, 0, 0, 0, 1, 1, 1, 1, 0, 0, 1, 1, 0, 1, 0, 1, 0], [0, 0, 0, 1, 0, 1, 0, 1, 1, 0, 0, 0, 1, 1, 1, 0, 0, 1, 1, 0, 0, 1, 1, 0, 1], [0, 0, 1, 0, 1, 0, 1, 0, 0, 1, 1, 0, 0, 0, 1, 0, 0, 1, 0, 0, 1, 0, 0, 1, 0], [1, 1, 0, 1, 0, 1, 1, 1, 0, 0, 1, 1, 1, 1, 1, 1, 1, 1, 0, 0, 1, 1, 0, 1, 1], [1, 1, 1, 0, 1, 0, 0, 1, 1, 0, 1, 0, 1, 0, 0, 0, 1, 1, 0, 1, 0, 0, 0, 0, 0], [1, 1, 0, 1, 1, 0, 0, 0, 0, 0, 0, 0, 0, 1, 0, 0, 1, 1, 0, 1, 1, 0, 1, 1, 0], [0, 0, 1, 0, 1, 1, 0, 0, 1, 1, 1, 0, 0, 0, 0, 0, 1, 0, 1, 1, 1, 1, 0, 1, 1], [1, 0, 1, 0, 0, 1, 0, 1, 0, 0, 1, 1, 1, 1, 1, 0, 0, 1, 1, 1, 1, 1, 1, 0, 1], [1, 0, 0, 1, 0, 0, 0, 1, 0, 0, 1, 0, 0, 0, 1, 0, 1, 0, 0, 1, 0, 0, 1, 0, 0], [1, 0, 0, 1, 1, 1, 0, 1, 1, 1, 0, 1, 1, 0, 0, 0, 1, 0, 0, 0, 0, 1, 0, 0, 0], [0, 0, 0, 0, 1, 0, 0, 0, 1, 0, 1, 0, 0, 0, 1, 1, 0, 1, 0, 0, 1, 0, 1, 1, 1], [0, 1, 1, 0, 1, 1, 0, 0, 1, 0, 1, 0, 0, 1, 0, 0, 1, 0, 0, 1, 1, 0, 1, 1, 0], [0, 1, 1, 0, 1, 0, 1, 0, 1, 0, 0, 0, 1, 0, 1, 1, 1, 0, 0, 1, 1, 1, 1, 0, 0], [1, 1, 1, 1, 1, 0, 0, 0, 1, 1, 0, 1, 0, 1, 0, 0, 0, 1, 1, 0, 0, 0, 1, 0, 0], [0, 1, 0, 0, 1, 0, 0, 0, 0, 0, 0, 1, 0, 1, 0, 0, 1, 1, 0, 0, 0, 1, 0, 0, 1], [0, 0, 0, 0, 1, 1, 1, 1, 0, 1, 1, 0, 1, 1, 0, 1, 0, 0, 0, 1, 1, 0, 0, 1, 0], [1, 0, 1, 1, 1, 1, 1, 0, 1, 0, 0, 1, 0, 0, 1, 1, 0, 0, 0, 0, 0, 0, 1, 1, 1], [0, 1, 1, 0, 0, 0, 0, 1, 1, 0, 0, 0, 0, 0, 1, 0, 0, 0, 0, 0, 1, 1, 0, 1, 1], [0, 1, 0, 0, 0, 1, 1, 1, 1, 1, 0, 0, 1, 1, 0, 0, 1, 0, 0, 0, 1, 1, 0, 0, 0], [1, 0, 0, 1, 1, 0, 1, 1, 1, 0, 0, 1, 1, 1, 0, 0, 1, 0, 1, 1, 0, 1, 0, 0, 0], [0, 1, 1, 0, 1, 0, 0, 1, 1, 0, 1, 0, 0, 1, 0, 1, 0, 0, 1, 1, 1, 0, 0, 1, 1], [1, 0, 1, 0, 0, 0, 1, 0, 1, 1, 0, 1, 1, 1, 1, 0, 0, 1, 0, 0, 0, 0, 0, 1, 1], [0, 1, 0, 1, 1, 0, 1, 1, 0, 0, 0, 1, 1, 0, 0, 0, 1, 1, 1, 0, 0, 1, 1, 0, 0], [1, 0, 1, 0, 1, 0, 0, 1, 1, 0, 0, 1, 0, 0, 0, 1, 0, 1, 1, 0, 0, 1, 1, 0, 0]]",20.0,5.0,Y,"{0: 25, 1: 30, 2: 35, 3: 40, 4: 45, 5: 50, 6: 55, 7: 60, 8: 65, 9: 70, 10: 75, 11: 80, 12: 85, 13: 90, 14: 95, 15: 100, 16: 105, 17: 110, 18: 115, 19: 120, 20: 125, 21: 130, 22: 135, 23: 140, 24: 20}","{(0, 1): 14, (0, 4): 1, (0, 5): 1, (0, 6): 1, (0, 8): 1, (0, 9): 1, (0, 10): 1, (0, 14): 1, (0, 17): 1, (0, 20): 1, (0, 22): 1, (0, 24): 1, (1, 4): 6, (1, 5): 1, (1, 6): 1, (1, 12): 1, (1, 13): 1, (1, 14): 1, (1, 15): 1, (1, 18): 1, (1, 19): 1, (1, 21): 1, (1, 23): 1, (2, 3): 24, (2, 5): 1, (2, 7): 1, (2, 8): 1, (2, 12): 1, (2, 13): 1, (2, 14): 1, (2, 17): 1, (2, 18): 1, (2, 21): 1, (2, 22): 1, (2, 24): 1, (3, 4): 9, (3, 6): 1, (3, 9): 1, (3, 10): 1, (3, 14): 1, (3, 17): 1, (3, 20): 1, (3, 23): 1, (4, 5): 15, (4, 6): 1, (4, 7): 1, (4, 10): 1, (4, 11): 1, (4, 12): 1, (4, 13): 1, (4, 14): 1, (4, 15): 1, (4, 16): 1, (4, 17): 1, (4, 20): 1, (4, 21): 1, (4, 23): 1, (4, 24): 1, (5, 7): 26, (5, 8): 1, (5, 10): 1, (5, 12): 1, (5, 16): 1, (5, 17): 1, (5, 19): 1, (6, 13): 45, (6, 16): 1, (6, 17): 1, (6, 19): 1, (6, 20): 1, (6, 22): 1, (6, 23): 1, (7, 8): 1, (7, 9): 1, (7, 10): 1, (7, 16): 1, (7, 18): 1, (7, 19): 1, (7, 20): 1, (7, 21): 1, (7, 23): 23, (7, 24): 1, (8, 10): 1, (8, 11): 1, (8, 12): 1, (8, 13): 1, (8, 14): 1, (8, 17): 1, (8, 18): 1, (8, 19): 1, (8, 20): 1, (8, 21): 50, (8, 22): 1, (8, 24): 1, (9, 10): 1, (9, 14): 1, (9, 16): 63, (9, 19): 1, (9, 22): 1, (10, 11): 1, (10, 12): 61, (10, 16): 5, (10, 21): 1, (11, 14): 1, (11, 15): 1, (11, 17): 1, (11, 20): 1, (11, 22): 1, (11, 23): 71, (11, 24): 1, (12, 13): 1, (12, 16): 1, (12, 19): 1, (12, 20): 1, (12, 22): 14, (12, 23): 1, (13, 14): 1, (13, 15): 1, (13, 16): 1, (13, 19): 34, (13, 20): 1, (13, 21): 1, (13, 22): 1, (14, 17): 1, (14, 18): 1, (14, 22): 84, (15, 16): 1, (15, 17): 93, (15, 21): 1, (15, 24): 1, (16, 19): 9, (16, 20): 20, (16, 23): 1, (17, 22): 1, (17, 23): 6, (17, 24): 1, (18, 20): 94, (18, 21): 1, (18, 23): 5, (18, 24): 10, (19, 20): 1, (19, 21): 69, (20, 21): 1, (21, 23): 1, (21, 24): 1, (22, 23): 28, (22, 24): 1}",4813.194274902344,772.0,75.0,2169.0
76.0,Graph with 25 nodes and 128 edges,"[[0, 1, 0, 1, 1, 1, 1, 0, 0, 1, 1, 1, 1, 0, 0, 1, 0, 0, 0, 1, 1, 0, 1, 1, 1], [1, 0, 0, 0, 1, 0, 0, 0, 0, 0, 0, 1, 1, 1, 0, 0, 0, 0, 0, 0, 1, 0, 1, 1, 0], [0, 0, 0, 0, 0, 0, 0, 1, 0, 1, 1, 0, 0, 1, 1, 1, 0, 0, 0, 1, 0, 0, 1, 0, 0], [1, 0, 0, 0, 1, 0, 1, 1, 0, 0, 0, 0, 0, 1, 1, 1, 0, 1, 0, 1, 1, 1, 0, 0, 0], [1, 1, 0, 1, 0, 1, 1, 1, 0, 1, 0, 0, 1, 0, 0, 0, 0, 0, 0, 1, 1, 1, 0, 0, 1], [1, 0, 0, 0, 1, 0, 0, 0, 1, 0, 0, 0, 1, 1, 0, 0, 0, 0, 1, 0, 0, 0, 1, 1, 1], [1, 0, 0, 1, 1, 0, 0, 1, 0, 0, 0, 0, 1, 1, 0, 0, 0, 1, 0, 0, 1, 0, 0, 0, 0], [0, 0, 1, 1, 1, 0, 1, 0, 0, 1, 0, 0, 0, 0, 0, 1, 0, 0, 1, 1, 0, 1, 0, 0, 1], [0, 0, 0, 0, 0, 1, 0, 0, 0, 1, 1, 1, 0, 1, 0, 0, 1, 0, 1, 1, 1, 1, 0, 1, 0], [1, 0, 1, 0, 1, 0, 0, 1, 1, 0, 1, 0, 0, 0, 0, 0, 0, 1, 1, 0, 0, 0, 1, 1, 0], [1, 0, 1, 0, 0, 0, 0, 0, 1, 1, 0, 1, 1, 1, 1, 1, 1, 1, 0, 1, 1, 0, 0, 1, 0], [1, 1, 0, 0, 0, 0, 0, 0, 1, 0, 1, 0, 0, 0, 0, 1, 0, 1, 1, 0, 1, 0, 0, 1, 1], [1, 1, 0, 0, 1, 1, 1, 0, 0, 0, 1, 0, 0, 0, 0, 0, 0, 1, 1, 1, 0, 0, 1, 0, 0], [0, 1, 1, 1, 0, 1, 1, 0, 1, 0, 1, 0, 0, 0, 1, 0, 0, 1, 1, 0, 0, 1, 0, 0, 1], [0, 0, 1, 1, 0, 0, 0, 0, 0, 0, 1, 0, 0, 1, 0, 1, 0, 0, 0, 1, 0, 0, 1, 1, 1], [1, 0, 1, 1, 0, 0, 0, 1, 0, 0, 1, 1, 0, 0, 1, 0, 1, 0, 1, 1, 1, 1, 0, 0, 0], [0, 0, 0, 0, 0, 0, 0, 0, 1, 0, 1, 0, 0, 0, 0, 1, 0, 0, 0, 1, 1, 0, 0, 0, 0], [0, 0, 0, 1, 0, 0, 1, 0, 0, 1, 1, 1, 1, 1, 0, 0, 0, 0, 0, 1, 0, 0, 0, 1, 0], [0, 0, 0, 0, 0, 1, 0, 1, 1, 1, 0, 1, 1, 1, 0, 1, 0, 0, 0, 1, 1, 0, 0, 0, 0], [1, 0, 1, 1, 1, 0, 0, 1, 1, 0, 1, 0, 1, 0, 1, 1, 1, 1, 1, 0, 0, 0, 0, 0, 0], [1, 1, 0, 1, 1, 0, 1, 0, 1, 0, 1, 1, 0, 0, 0, 1, 1, 0, 1, 0, 0, 1, 0, 1, 0], [0, 0, 0, 1, 1, 0, 0, 1, 1, 0, 0, 0, 0, 1, 0, 1, 0, 0, 0, 0, 1, 0, 1, 0, 0], [1, 1, 1, 0, 0, 1, 0, 0, 0, 1, 0, 0, 1, 0, 1, 0, 0, 0, 0, 0, 0, 1, 0, 1, 0], [1, 1, 0, 0, 0, 1, 0, 0, 1, 1, 1, 1, 0, 0, 1, 0, 0, 1, 0, 0, 1, 0, 1, 0, 1], [1, 0, 0, 0, 1, 1, 0, 1, 0, 0, 0, 1, 0, 1, 1, 0, 0, 0, 0, 0, 0, 0, 0, 1, 0]]",28.0,1.0,Y,"{0: 29, 1: 30, 2: 31, 3: 32, 4: 33, 5: 34, 6: 35, 7: 36, 8: 37, 9: 38, 10: 39, 11: 40, 12: 41, 13: 42, 14: 43, 15: 44, 16: 45, 17: 46, 18: 47, 19: 48, 20: 49, 21: 50, 22: 51, 23: 52, 24: 28}","{(0, 1): 15, (0, 3): 1, (0, 4): 1, (0, 5): 1, (0, 6): 1, (0, 9): 1, (0, 10): 1, (0, 11): 1, (0, 12): 1, (0, 15): 1, (0, 19): 1, (0, 20): 1, (0, 22): 1, (0, 23): 1, (0, 24): 1, (1, 4): 9, (1, 11): 1, (1, 12): 1, (1, 13): 1, (1, 20): 1, (1, 22): 1, (1, 23): 1, (2, 7): 24, (2, 9): 1, (2, 10): 1, (2, 13): 1, (2, 14): 1, (2, 15): 1, (2, 19): 1, (2, 22): 1, (3, 4): 14, (3, 6): 9, (3, 7): 1, (3, 13): 1, (3, 14): 1, (3, 15): 1, (3, 17): 1, (3, 19): 1, (3, 20): 1, (3, 21): 1, (4, 5): 1, (4, 6): 1, (4, 7): 1, (4, 9): 1, (4, 12): 1, (4, 19): 1, (4, 20): 1, (4, 21): 1, (4, 24): 1, (5, 8): 26, (5, 12): 1, (5, 13): 1, (5, 18): 1, (5, 22): 1, (5, 23): 1, (5, 24): 1, (6, 7): 1, (6, 12): 4, (6, 13): 6, (6, 17): 2, (6, 20): 11, (7, 9): 2, (7, 15): 1, (7, 18): 1, (7, 19): 1, (7, 21): 1, (7, 24): 3, (8, 9): 1, (8, 10): 1, (8, 11): 1, (8, 13): 1, (8, 16): 1, (8, 18): 1, (8, 19): 1, (8, 20): 1, (8, 21): 2, (8, 23): 1, (9, 10): 2, (9, 17): 22, (9, 18): 2, (9, 22): 3, (9, 23): 3, (10, 11): 5, (10, 12): 2, (10, 13): 1, (10, 14): 10, (10, 15): 1, (10, 16): 7, (10, 17): 3, (10, 19): 1, (10, 20): 3, (10, 23): 1, (11, 15): 3, (11, 17): 10, (11, 18): 2, (11, 20): 13, (11, 23): 2, (11, 24): 2, (12, 17): 3, (12, 18): 19, (12, 19): 1, (12, 22): 8, (13, 14): 2, (13, 17): 1, (13, 18): 3, (13, 21): 23, (13, 24): 1, (14, 15): 6, (14, 19): 10, (14, 22): 1, (14, 23): 1, (14, 24): 11, (15, 16): 12, (15, 18): 11, (15, 19): 1, (15, 20): 1, (15, 21): 5, (16, 19): 24, (16, 20): 1, (17, 19): 1, (17, 23): 3, (18, 19): 4, (18, 20): 3, (20, 21): 3, (20, 23): 9, (21, 22): 14, (22, 23): 21, (23, 24): 8}",4573.10676574707,753.0,75.0,2131.0
77.0,Graph with 25 nodes and 143 edges,"[[0, 0, 0, 1, 0, 1, 0, 0, 1, 1, 1, 0, 0, 1, 0, 0, 0, 1, 0, 0, 1, 1, 1, 0, 0], [0, 0, 0, 1, 1, 0, 0, 1, 0, 0, 1, 0, 0, 1, 0, 0, 1, 0, 1, 0, 1, 0, 1, 0, 0], [0, 0, 0, 1, 1, 1, 1, 0, 0, 1, 1, 1, 0, 1, 0, 0, 0, 1, 0, 1, 1, 1, 1, 0, 1], [1, 1, 1, 0, 0, 0, 1, 1, 1, 1, 1, 1, 1, 1, 0, 1, 0, 1, 1, 1, 1, 0, 1, 1, 0], [0, 1, 1, 0, 0, 0, 0, 1, 1, 0, 1, 1, 0, 0, 0, 0, 1, 1, 0, 0, 1, 0, 0, 0, 0], [1, 0, 1, 0, 0, 0, 1, 0, 0, 1, 0, 0, 0, 0, 0, 1, 1, 0, 1, 0, 0, 1, 0, 1, 1], [0, 0, 1, 1, 0, 1, 0, 0, 0, 1, 0, 0, 0, 0, 0, 1, 1, 0, 0, 1, 0, 0, 0, 0, 1], [0, 1, 0, 1, 1, 0, 0, 0, 1, 0, 1, 1, 0, 1, 0, 1, 0, 1, 1, 0, 0, 1, 1, 1, 1], [1, 0, 0, 1, 1, 0, 0, 1, 0, 0, 0, 0, 1, 1, 1, 0, 1, 0, 0, 0, 0, 1, 0, 1, 0], [1, 0, 1, 1, 0, 1, 1, 0, 0, 0, 0, 0, 1, 1, 1, 0, 1, 1, 1, 1, 0, 0, 0, 0, 0], [1, 1, 1, 1, 1, 0, 0, 1, 0, 0, 0, 0, 0, 0, 0, 1, 0, 0, 0, 1, 1, 1, 0, 0, 0], [0, 0, 1, 1, 1, 0, 0, 1, 0, 0, 0, 0, 0, 0, 0, 0, 1, 0, 0, 1, 1, 0, 1, 0, 0], [0, 0, 0, 1, 0, 0, 0, 0, 1, 1, 0, 0, 0, 0, 1, 1, 0, 1, 0, 0, 0, 1, 1, 1, 1], [1, 1, 1, 1, 0, 0, 0, 1, 1, 1, 0, 0, 0, 0, 1, 0, 0, 1, 1, 0, 0, 0, 1, 0, 1], [0, 0, 0, 0, 0, 0, 0, 0, 1, 1, 0, 0, 1, 1, 0, 1, 0, 0, 0, 0, 0, 1, 1, 1, 1], [0, 0, 0, 1, 0, 1, 1, 1, 0, 0, 1, 0, 1, 0, 1, 0, 1, 1, 1, 1, 1, 1, 0, 1, 0], [0, 1, 0, 0, 1, 1, 1, 0, 1, 1, 0, 1, 0, 0, 0, 1, 0, 0, 0, 1, 1, 0, 1, 1, 1], [1, 0, 1, 1, 1, 0, 0, 1, 0, 1, 0, 0, 1, 1, 0, 1, 0, 0, 0, 0, 0, 0, 1, 0, 0], [0, 1, 0, 1, 0, 1, 0, 1, 0, 1, 0, 0, 0, 1, 0, 1, 0, 0, 0, 1, 0, 0, 1, 0, 1], [0, 0, 1, 1, 0, 0, 1, 0, 0, 1, 1, 1, 0, 0, 0, 1, 1, 0, 1, 0, 0, 1, 1, 1, 1], [1, 1, 1, 1, 1, 0, 0, 0, 0, 0, 1, 1, 0, 0, 0, 1, 1, 0, 0, 0, 0, 0, 1, 0, 1], [1, 0, 1, 0, 0, 1, 0, 1, 1, 0, 1, 0, 1, 0, 1, 1, 0, 0, 0, 1, 0, 0, 1, 0, 1], [1, 1, 1, 1, 0, 0, 0, 1, 0, 0, 0, 1, 1, 1, 1, 0, 1, 1, 1, 1, 1, 1, 0, 1, 0], [0, 0, 0, 1, 0, 1, 0, 1, 1, 0, 0, 0, 1, 0, 1, 1, 1, 0, 0, 1, 0, 0, 1, 0, 1], [0, 0, 1, 0, 0, 1, 1, 1, 0, 0, 0, 0, 1, 1, 1, 0, 1, 0, 1, 1, 1, 1, 0, 1, 0]]",10.0,3.0,Y,"{0: 13, 1: 16, 2: 19, 3: 22, 4: 25, 5: 28, 6: 31, 7: 34, 8: 37, 9: 40, 10: 43, 11: 46, 12: 49, 13: 52, 14: 55, 15: 58, 16: 61, 17: 64, 18: 10, 19: 67, 20: 70, 21: 73, 22: 76, 23: 79, 24: 82}","{(0, 3): 4, (0, 5): 1, (0, 8): 1, (0, 9): 1, (0, 10): 1, (0, 13): 1, (0, 17): 1, (0, 20): 1, (0, 21): 1, (0, 22): 1, (1, 3): 2, (1, 4): 7, (1, 7): 1, (1, 10): 1, (1, 13): 1, (1, 16): 1, (1, 18): 1, (1, 20): 1, (1, 22): 1, (2, 3): 1, (2, 4): 6, (2, 5): 1, (2, 6): 1, (2, 9): 1, (2, 10): 1, (2, 11): 1, (2, 13): 1, (2, 17): 1, (2, 19): 1, (2, 20): 1, (2, 21): 1, (2, 22): 1, (2, 24): 1, (3, 6): 1, (3, 7): 1, (3, 8): 1, (3, 9): 1, (3, 10): 1, (3, 11): 1, (3, 12): 1, (3, 13): 1, (3, 15): 1, (3, 17): 1, (3, 18): 1, (3, 19): 1, (3, 20): 1, (3, 22): 1, (3, 23): 1, (4, 7): 6, (4, 8): 1, (4, 10): 1, (4, 11): 1, (4, 16): 1, (4, 17): 1, (4, 20): 1, (5, 6): 19, (5, 9): 1, (5, 15): 1, (5, 16): 1, (5, 18): 1, (5, 21): 1, (5, 23): 1, (5, 24): 1, (6, 9): 1, (6, 15): 1, (6, 16): 1, (6, 19): 1, (6, 24): 6, (7, 8): 1, (7, 10): 3, (7, 11): 7, (7, 13): 2, (7, 15): 1, (7, 17): 3, (7, 18): 1, (7, 21): 1, (7, 22): 1, (7, 23): 5, (7, 24): 1, (8, 12): 9, (8, 13): 2, (8, 14): 18, (8, 16): 1, (8, 21): 1, (8, 23): 2, (9, 12): 1, (9, 13): 11, (9, 14): 1, (9, 16): 9, (9, 17): 11, (9, 18): 1, (9, 19): 1, (10, 15): 1, (10, 19): 16, (10, 20): 17, (10, 21): 1, (11, 16): 8, (11, 19): 13, (11, 20): 1, (11, 22): 14, (12, 14): 5, (12, 15): 1, (12, 17): 1, (12, 21): 10, (12, 22): 1, (12, 23): 10, (12, 24): 10, (13, 14): 2, (13, 17): 10, (13, 18): 1, (13, 22): 1, (13, 24): 19, (14, 15): 1, (14, 21): 20, (14, 22): 1, (14, 23): 6, (14, 24): 1, (15, 16): 1, (15, 17): 33, (15, 18): 1, (15, 19): 1, (15, 20): 9, (15, 21): 1, (15, 23): 5, (16, 19): 15, (16, 20): 20, (16, 22): 1, (16, 23): 1, (16, 24): 1, (17, 22): 2, (18, 19): 1, (18, 22): 1, (18, 24): 1, (19, 21): 4, (19, 22): 2, (19, 23): 10, (19, 24): 1, (20, 22): 3, (20, 24): 15, (21, 22): 11, (21, 24): 21, (22, 23): 34, (23, 24): 4}",5012.035369873047,768.0,75.0,2161.0
79.0,Graph with 25 nodes and 137 edges,"[[0, 0, 1, 0, 0, 0, 0, 0, 1, 0, 0, 1, 1, 0, 0, 0, 0, 0, 0, 0, 0, 1, 1, 0, 0], [0, 0, 0, 1, 0, 1, 0, 1, 1, 0, 1, 1, 1, 1, 0, 1, 1, 1, 1, 1, 1, 1, 1, 1, 0], [1, 0, 0, 0, 1, 1, 0, 0, 1, 0, 0, 0, 1, 1, 0, 0, 1, 1, 1, 1, 1, 1, 0, 0, 0], [0, 1, 0, 0, 0, 0, 0, 1, 0, 0, 1, 1, 1, 1, 1, 1, 0, 0, 0, 0, 1, 0, 1, 1, 1], [0, 0, 1, 0, 0, 0, 0, 0, 0, 1, 0, 1, 1, 0, 0, 0, 0, 0, 1, 0, 1, 0, 1, 1, 0], [0, 1, 1, 0, 0, 0, 0, 1, 0, 0, 1, 0, 0, 0, 0, 0, 1, 0, 0, 1, 1, 0, 0, 0, 1], [0, 0, 0, 0, 0, 0, 0, 1, 0, 1, 0, 0, 1, 1, 0, 0, 0, 1, 1, 0, 0, 0, 0, 1, 1], [0, 1, 0, 1, 0, 1, 1, 0, 1, 1, 1, 1, 0, 0, 0, 1, 0, 0, 1, 0, 0, 0, 1, 0, 0], [1, 1, 1, 0, 0, 0, 0, 1, 0, 0, 1, 1, 0, 1, 0, 1, 0, 0, 1, 0, 1, 1, 1, 0, 0], [0, 0, 0, 0, 1, 0, 1, 1, 0, 0, 0, 0, 0, 0, 0, 1, 1, 1, 0, 1, 1, 0, 1, 0, 0], [0, 1, 0, 1, 0, 1, 0, 1, 1, 0, 0, 1, 0, 1, 1, 0, 1, 1, 0, 0, 0, 1, 0, 1, 0], [1, 1, 0, 1, 1, 0, 0, 1, 1, 0, 1, 0, 1, 0, 0, 0, 0, 0, 0, 0, 0, 1, 1, 1, 0], [1, 1, 1, 1, 1, 0, 1, 0, 0, 0, 0, 1, 0, 1, 1, 0, 1, 1, 1, 0, 1, 1, 1, 1, 0], [0, 1, 1, 1, 0, 0, 1, 0, 1, 0, 1, 0, 1, 0, 1, 0, 1, 1, 0, 0, 1, 1, 0, 0, 0], [0, 0, 0, 1, 0, 0, 0, 0, 0, 0, 1, 0, 1, 1, 0, 1, 1, 1, 1, 0, 0, 0, 1, 0, 0], [0, 1, 0, 1, 0, 0, 0, 1, 1, 1, 0, 0, 0, 0, 1, 0, 0, 1, 0, 1, 0, 1, 1, 0, 0], [0, 1, 1, 0, 0, 1, 0, 0, 0, 1, 1, 0, 1, 1, 1, 0, 0, 1, 1, 1, 0, 1, 0, 0, 0], [0, 1, 1, 0, 0, 0, 1, 0, 0, 1, 1, 0, 1, 1, 1, 1, 1, 0, 0, 0, 0, 1, 1, 1, 1], [0, 1, 1, 0, 1, 0, 1, 1, 1, 0, 0, 0, 1, 0, 1, 0, 1, 0, 0, 1, 0, 1, 0, 0, 0], [0, 1, 1, 0, 0, 1, 0, 0, 0, 1, 0, 0, 0, 0, 0, 1, 1, 0, 1, 0, 0, 1, 1, 0, 0], [0, 1, 1, 1, 1, 1, 0, 0, 1, 1, 0, 0, 1, 1, 0, 0, 0, 0, 0, 0, 0, 0, 1, 0, 0], [1, 1, 1, 0, 0, 0, 0, 0, 1, 0, 1, 1, 1, 1, 0, 1, 1, 1, 1, 1, 0, 0, 0, 1, 1], [1, 1, 0, 1, 1, 0, 0, 1, 1, 1, 0, 1, 1, 0, 1, 1, 0, 1, 0, 1, 1, 0, 0, 0, 1], [0, 1, 0, 1, 1, 0, 1, 0, 0, 0, 1, 1, 1, 0, 0, 0, 0, 1, 0, 0, 0, 1, 0, 0, 0], [0, 0, 0, 1, 0, 1, 1, 0, 0, 0, 0, 0, 0, 0, 0, 0, 0, 1, 0, 0, 0, 1, 1, 0, 0]]",20.0,2.0,Y,"{0: 22, 1: 24, 2: 26, 3: 28, 4: 30, 5: 32, 6: 34, 7: 36, 8: 38, 9: 40, 10: 42, 11: 44, 12: 46, 13: 48, 14: 50, 15: 52, 16: 54, 17: 56, 18: 58, 19: 60, 20: 62, 21: 64, 22: 66, 23: 68, 24: 20}","{(0, 2): 15, (0, 8): 3, (0, 11): 1, (0, 12): 1, (0, 21): 1, (0, 22): 1, (1, 3): 8, (1, 5): 1, (1, 7): 1, (1, 8): 1, (1, 10): 1, (1, 11): 1, (1, 12): 1, (1, 13): 1, (1, 15): 1, (1, 16): 1, (1, 17): 1, (1, 18): 1, (1, 19): 1, (1, 20): 1, (1, 21): 1, (1, 22): 1, (1, 23): 1, (2, 4): 1, (2, 5): 1, (2, 8): 1, (2, 12): 1, (2, 13): 1, (2, 16): 1, (2, 17): 1, (2, 18): 1, (2, 19): 1, (2, 20): 1, (2, 21): 1, (3, 7): 10, (3, 10): 1, (3, 11): 1, (3, 12): 1, (3, 13): 1, (3, 14): 1, (3, 15): 1, (3, 20): 1, (3, 22): 1, (3, 23): 1, (3, 24): 1, (4, 9): 23, (4, 11): 1, (4, 12): 1, (4, 18): 1, (4, 20): 1, (4, 22): 1, (4, 23): 1, (5, 7): 17, (5, 10): 1, (5, 16): 1, (5, 19): 1, (5, 20): 9, (5, 24): 1, (6, 7): 1, (6, 9): 1, (6, 12): 1, (6, 13): 1, (6, 17): 1, (6, 18): 27, (6, 23): 1, (6, 24): 1, (7, 8): 1, (7, 9): 1, (7, 10): 1, (7, 11): 1, (7, 15): 1, (7, 18): 1, (7, 22): 1, (8, 10): 1, (8, 11): 5, (8, 13): 1, (8, 15): 13, (8, 18): 1, (8, 20): 9, (8, 21): 1, (8, 22): 1, (9, 15): 1, (9, 16): 1, (9, 17): 1, (9, 19): 1, (9, 20): 10, (9, 22): 1, (10, 11): 1, (10, 13): 1, (10, 14): 1, (10, 16): 1, (10, 17): 1, (10, 21): 1, (10, 23): 31, (11, 12): 1, (11, 21): 1, (11, 22): 1, (11, 23): 30, (12, 13): 13, (12, 14): 1, (12, 16): 1, (12, 17): 1, (12, 18): 1, (12, 20): 19, (12, 21): 1, (12, 22): 1, (12, 23): 1, (13, 14): 25, (13, 16): 1, (13, 17): 1, (13, 20): 1, (13, 21): 1, (14, 15): 1, (14, 16): 1, (14, 17): 1, (14, 18): 18, (14, 22): 1, (15, 17): 1, (15, 19): 1, (15, 21): 1, (15, 22): 31, (16, 17): 8, (16, 18): 1, (16, 19): 36, (16, 21): 1, (17, 21): 36, (17, 22): 1, (17, 23): 1, (17, 24): 1, (18, 19): 5, (18, 21): 1, (19, 21): 1, (19, 22): 13, (20, 22): 10, (21, 23): 1, (21, 24): 15, (22, 24): 1}",5051.136016845703,762.0,75.0,2149.0
84.0,Graph with 25 nodes and 142 edges,"[[0, 1, 0, 1, 1, 1, 1, 0, 1, 0, 0, 0, 0, 0, 1, 0, 0, 0, 0, 1, 0, 0, 1, 0, 0], [1, 0, 1, 0, 0, 1, 1, 0, 0, 1, 1, 0, 0, 0, 0, 1, 1, 0, 0, 1, 0, 1, 0, 0, 1], [0, 1, 0, 1, 0, 0, 0, 0, 1, 1, 0, 0, 1, 1, 0, 0, 1, 1, 1, 1, 0, 0, 1, 0, 0], [1, 0, 1, 0, 1, 1, 0, 1, 1, 1, 1, 1, 1, 0, 0, 1, 0, 0, 0, 1, 1, 0, 0, 0, 0], [1, 0, 0, 1, 0, 1, 0, 1, 1, 0, 0, 1, 0, 1, 0, 0, 1, 0, 1, 1, 0, 0, 0, 1, 0], [1, 1, 0, 1, 1, 0, 0, 1, 1, 1, 0, 1, 0, 1, 1, 0, 1, 0, 1, 1, 0, 1, 1, 0, 0], [1, 1, 0, 0, 0, 0, 0, 0, 1, 1, 0, 1, 0, 0, 1, 1, 1, 1, 0, 0, 0, 0, 1, 0, 0], [0, 0, 0, 1, 1, 1, 0, 0, 1, 0, 0, 0, 1, 1, 0, 0, 0, 0, 1, 1, 1, 1, 1, 1, 1], [1, 0, 1, 1, 1, 1, 1, 1, 0, 1, 1, 0, 1, 0, 0, 1, 1, 1, 0, 1, 1, 0, 1, 0, 0], [0, 1, 1, 1, 0, 1, 1, 0, 1, 0, 0, 1, 0, 1, 0, 0, 0, 1, 0, 1, 0, 1, 0, 0, 0], [0, 1, 0, 1, 0, 0, 0, 0, 1, 0, 0, 1, 1, 0, 0, 0, 0, 1, 0, 1, 0, 0, 1, 1, 1], [0, 0, 0, 1, 1, 1, 1, 0, 0, 1, 1, 0, 0, 0, 0, 0, 1, 1, 0, 0, 1, 1, 0, 0, 0], [0, 0, 1, 1, 0, 0, 0, 1, 1, 0, 1, 0, 0, 1, 0, 0, 1, 0, 1, 1, 0, 1, 0, 1, 1], [0, 0, 1, 0, 1, 1, 0, 1, 0, 1, 0, 0, 1, 0, 1, 1, 0, 1, 0, 0, 1, 1, 0, 1, 1], [1, 0, 0, 0, 0, 1, 1, 0, 0, 0, 0, 0, 0, 1, 0, 1, 0, 1, 0, 0, 1, 1, 0, 1, 0], [0, 1, 0, 1, 0, 0, 1, 0, 1, 0, 0, 0, 0, 1, 1, 0, 0, 0, 0, 0, 0, 0, 1, 1, 0], [0, 1, 1, 0, 1, 1, 1, 0, 1, 0, 0, 1, 1, 0, 0, 0, 0, 0, 0, 1, 1, 1, 0, 0, 1], [0, 0, 1, 0, 0, 0, 1, 0, 1, 1, 1, 1, 0, 1, 1, 0, 0, 0, 0, 0, 0, 1, 0, 0, 1], [0, 0, 1, 0, 1, 1, 0, 1, 0, 0, 0, 0, 1, 0, 0, 0, 0, 0, 0, 0, 1, 0, 1, 0, 1], [1, 1, 1, 1, 1, 1, 0, 1, 1, 1, 1, 0, 1, 0, 0, 0, 1, 0, 0, 0, 1, 0, 1, 1, 0], [0, 0, 0, 1, 0, 0, 0, 1, 1, 0, 0, 1, 0, 1, 1, 0, 1, 0, 1, 1, 0, 0, 1, 0, 1], [0, 1, 0, 0, 0, 1, 0, 1, 0, 1, 0, 1, 1, 1, 1, 0, 1, 1, 0, 0, 0, 0, 1, 1, 0], [1, 0, 1, 0, 0, 1, 1, 1, 1, 0, 1, 0, 0, 0, 0, 1, 0, 0, 1, 1, 1, 1, 0, 1, 1], [0, 0, 0, 0, 1, 0, 0, 1, 0, 0, 1, 0, 1, 1, 1, 1, 0, 0, 0, 1, 0, 1, 1, 0, 0], [0, 1, 0, 0, 0, 0, 0, 1, 0, 0, 1, 0, 1, 1, 0, 0, 1, 1, 1, 0, 1, 0, 1, 0, 0]]",10.0,9.0,Y,"{0: 19, 1: 28, 2: 37, 3: 46, 4: 55, 5: 64, 6: 73, 7: 82, 8: 91, 9: 100, 10: 109, 11: 118, 12: 127, 13: 136, 14: 145, 15: 154, 16: 163, 17: 172, 18: 181, 19: 190, 20: 199, 21: 208, 22: 217, 23: 226, 24: 10}","{(0, 1): 11, (0, 3): 1, (0, 4): 1, (0, 5): 1, (0, 6): 1, (0, 8): 1, (0, 14): 1, (0, 19): 1, (0, 22): 1, (1, 2): 8, (1, 5): 1, (1, 6): 1, (1, 9): 1, (1, 10): 1, (1, 15): 1, (1, 16): 1, (1, 19): 1, (1, 21): 1, (1, 24): 1, (2, 3): 20, (2, 8): 1, (2, 9): 1, (2, 12): 1, (2, 13): 1, (2, 16): 1, (2, 17): 1, (2, 18): 1, (2, 19): 1, (2, 22): 1, (3, 4): 15, (3, 5): 1, (3, 7): 1, (3, 8): 1, (3, 9): 1, (3, 10): 1, (3, 11): 1, (3, 12): 1, (3, 15): 1, (3, 19): 1, (3, 20): 1, (4, 5): 31, (4, 7): 1, (4, 8): 1, (4, 11): 1, (4, 13): 1, (4, 16): 1, (4, 18): 1, (4, 19): 1, (4, 23): 1, (5, 7): 20, (5, 8): 1, (5, 9): 1, (5, 11): 1, (5, 13): 1, (5, 14): 1, (5, 16): 1, (5, 18): 1, (5, 19): 1, (5, 21): 1, (5, 22): 1, (6, 8): 1, (6, 9): 1, (6, 11): 1, (6, 14): 1, (6, 15): 1, (6, 16): 1, (6, 17): 64, (6, 22): 1, (7, 8): 1, (7, 12): 1, (7, 13): 1, (7, 18): 1, (7, 19): 1, (7, 20): 1, (7, 21): 1, (7, 22): 1, (7, 23): 51, (7, 24): 1, (8, 9): 1, (8, 10): 1, (8, 12): 1, (8, 15): 10, (8, 16): 1, (8, 17): 1, (8, 19): 67, (8, 20): 1, (8, 22): 1, (9, 11): 90, (9, 13): 1, (9, 17): 1, (9, 19): 1, (9, 21): 1, (10, 11): 1, (10, 12): 1, (10, 17): 1, (10, 19): 100, (10, 22): 1, (10, 23): 1, (10, 24): 1, (11, 16): 20, (11, 17): 1, (11, 20): 1, (11, 21): 1, (12, 13): 1, (12, 16): 1, (12, 18): 106, (12, 19): 11, (12, 21): 1, (12, 23): 1, (12, 24): 1, (13, 14): 1, (13, 15): 1, (13, 17): 1, (13, 20): 124, (13, 21): 1, (13, 23): 1, (13, 24): 1, (14, 15): 137, (14, 17): 1, (14, 20): 1, (14, 21): 1, (14, 23): 1, (15, 22): 1, (15, 23): 2, (16, 19): 1, (16, 20): 66, (16, 21): 68, (16, 24): 1, (17, 21): 100, (17, 24): 1, (18, 20): 1, (18, 22): 69, (18, 24): 1, (19, 20): 1, (19, 22): 1, (19, 23): 1, (20, 22): 1, (20, 24): 1, (21, 22): 1, (21, 23): 31, (22, 23): 136, (22, 24): 1}",5152.225494384766,767.0,75.0,2159.0
84.0,Graph with 25 nodes and 142 edges,"[[0, 1, 0, 1, 1, 1, 1, 0, 1, 0, 0, 0, 0, 0, 1, 0, 0, 0, 0, 1, 0, 0, 1, 0, 0], [1, 0, 1, 0, 0, 1, 1, 0, 0, 1, 1, 0, 0, 0, 0, 1, 1, 0, 0, 1, 0, 1, 0, 0, 1], [0, 1, 0, 1, 0, 0, 0, 0, 1, 1, 0, 0, 1, 1, 0, 0, 1, 1, 1, 1, 0, 0, 1, 0, 0], [1, 0, 1, 0, 1, 1, 0, 1, 1, 1, 1, 1, 1, 0, 0, 1, 0, 0, 0, 1, 1, 0, 0, 0, 0], [1, 0, 0, 1, 0, 1, 0, 1, 1, 0, 0, 1, 0, 1, 0, 0, 1, 0, 1, 1, 0, 0, 0, 1, 0], [1, 1, 0, 1, 1, 0, 0, 1, 1, 1, 0, 1, 0, 1, 1, 0, 1, 0, 1, 1, 0, 1, 1, 0, 0], [1, 1, 0, 0, 0, 0, 0, 0, 1, 1, 0, 1, 0, 0, 1, 1, 1, 1, 0, 0, 0, 0, 1, 0, 0], [0, 0, 0, 1, 1, 1, 0, 0, 1, 0, 0, 0, 1, 1, 0, 0, 0, 0, 1, 1, 1, 1, 1, 1, 1], [1, 0, 1, 1, 1, 1, 1, 1, 0, 1, 1, 0, 1, 0, 0, 1, 1, 1, 0, 1, 1, 0, 1, 0, 0], [0, 1, 1, 1, 0, 1, 1, 0, 1, 0, 0, 1, 0, 1, 0, 0, 0, 1, 0, 1, 0, 1, 0, 0, 0], [0, 1, 0, 1, 0, 0, 0, 0, 1, 0, 0, 1, 1, 0, 0, 0, 0, 1, 0, 1, 0, 0, 1, 1, 1], [0, 0, 0, 1, 1, 1, 1, 0, 0, 1, 1, 0, 0, 0, 0, 0, 1, 1, 0, 0, 1, 1, 0, 0, 0], [0, 0, 1, 1, 0, 0, 0, 1, 1, 0, 1, 0, 0, 1, 0, 0, 1, 0, 1, 1, 0, 1, 0, 1, 1], [0, 0, 1, 0, 1, 1, 0, 1, 0, 1, 0, 0, 1, 0, 1, 1, 0, 1, 0, 0, 1, 1, 0, 1, 1], [1, 0, 0, 0, 0, 1, 1, 0, 0, 0, 0, 0, 0, 1, 0, 1, 0, 1, 0, 0, 1, 1, 0, 1, 0], [0, 1, 0, 1, 0, 0, 1, 0, 1, 0, 0, 0, 0, 1, 1, 0, 0, 0, 0, 0, 0, 0, 1, 1, 0], [0, 1, 1, 0, 1, 1, 1, 0, 1, 0, 0, 1, 1, 0, 0, 0, 0, 0, 0, 1, 1, 1, 0, 0, 1], [0, 0, 1, 0, 0, 0, 1, 0, 1, 1, 1, 1, 0, 1, 1, 0, 0, 0, 0, 0, 0, 1, 0, 0, 1], [0, 0, 1, 0, 1, 1, 0, 1, 0, 0, 0, 0, 1, 0, 0, 0, 0, 0, 0, 0, 1, 0, 1, 0, 1], [1, 1, 1, 1, 1, 1, 0, 1, 1, 1, 1, 0, 1, 0, 0, 0, 1, 0, 0, 0, 1, 0, 1, 1, 0], [0, 0, 0, 1, 0, 0, 0, 1, 1, 0, 0, 1, 0, 1, 1, 0, 1, 0, 1, 1, 0, 0, 1, 0, 1], [0, 1, 0, 0, 0, 1, 0, 1, 0, 1, 0, 1, 1, 1, 1, 0, 1, 1, 0, 0, 0, 0, 1, 1, 0], [1, 0, 1, 0, 0, 1, 1, 1, 1, 0, 1, 0, 0, 0, 0, 1, 0, 0, 1, 1, 1, 1, 0, 1, 1], [0, 0, 0, 0, 1, 0, 0, 1, 0, 0, 1, 0, 1, 1, 1, 1, 0, 0, 0, 1, 0, 1, 1, 0, 0], [0, 1, 0, 0, 0, 0, 0, 1, 0, 0, 1, 0, 1, 1, 0, 0, 1, 1, 1, 0, 1, 0, 1, 0, 0]]",12.0,2.0,Y,"{0: 14, 1: 16, 2: 18, 3: 20, 4: 22, 5: 24, 6: 26, 7: 28, 8: 30, 9: 32, 10: 34, 11: 36, 12: 38, 13: 40, 14: 42, 15: 44, 16: 46, 17: 48, 18: 50, 19: 52, 20: 54, 21: 56, 22: 58, 23: 60, 24: 12}","{(0, 1): 6, (0, 3): 1, (0, 4): 1, (0, 5): 1, (0, 6): 1, (0, 8): 1, (0, 14): 1, (0, 19): 1, (0, 22): 1, (1, 2): 1, (1, 5): 1, (1, 6): 1, (1, 9): 1, (1, 10): 1, (1, 15): 1, (1, 16): 1, (1, 19): 1, (1, 21): 1, (1, 24): 1, (2, 3): 8, (2, 8): 1, (2, 9): 1, (2, 12): 1, (2, 13): 1, (2, 16): 1, (2, 17): 1, (2, 18): 1, (2, 19): 1, (2, 22): 1, (3, 4): 1, (3, 5): 1, (3, 7): 1, (3, 8): 1, (3, 9): 1, (3, 10): 1, (3, 11): 1, (3, 12): 1, (3, 15): 1, (3, 19): 1, (3, 20): 1, (4, 5): 10, (4, 7): 3, (4, 8): 1, (4, 11): 1, (4, 13): 1, (4, 16): 1, (4, 18): 1, (4, 19): 1, (4, 23): 1, (5, 7): 1, (5, 8): 1, (5, 9): 1, (5, 11): 1, (5, 13): 1, (5, 14): 1, (5, 16): 1, (5, 18): 1, (5, 19): 1, (5, 21): 1, (5, 22): 1, (6, 8): 15, (6, 9): 1, (6, 11): 1, (6, 14): 1, (6, 15): 3, (6, 16): 1, (6, 17): 1, (6, 22): 1, (7, 8): 1, (7, 12): 1, (7, 13): 1, (7, 18): 14, (7, 19): 1, (7, 20): 1, (7, 21): 1, (7, 22): 1, (7, 23): 1, (7, 24): 1, (8, 9): 1, (8, 10): 1, (8, 12): 1, (8, 15): 1, (8, 16): 1, (8, 17): 1, (8, 19): 1, (8, 20): 1, (8, 22): 1, (9, 11): 1, (9, 13): 1, (9, 17): 1, (9, 19): 22, (9, 21): 1, (10, 11): 1, (10, 12): 1, (10, 17): 25, (10, 19): 1, (10, 22): 1, (10, 23): 1, (10, 24): 1, (11, 16): 1, (11, 17): 1, (11, 20): 1, (11, 21): 27, (12, 13): 1, (12, 16): 1, (12, 18): 27, (12, 19): 1, (12, 21): 1, (12, 23): 1, (12, 24): 1, (13, 14): 22, (13, 15): 1, (13, 17): 1, (13, 20): 1, (13, 21): 1, (13, 23): 7, (13, 24): 1, (14, 15): 1, (14, 17): 13, (14, 20): 1, (14, 21): 1, (14, 23): 1, (15, 22): 4, (15, 23): 32, (16, 19): 1, (16, 20): 35, (16, 21): 1, (16, 24): 1, (17, 21): 1, (17, 24): 3, (18, 20): 4, (18, 22): 1, (18, 24): 1, (19, 20): 7, (19, 22): 11, (19, 23): 1, (20, 22): 1, (20, 24): 1, (21, 22): 19, (21, 23): 1, (22, 23): 14, (22, 24): 1}",5190.134048461914,767.0,75.0,2159.0
85.0,Graph with 25 nodes and 142 edges,"[[0, 1, 0, 1, 1, 0, 0, 0, 1, 0, 0, 0, 1, 0, 1, 1, 0, 0, 0, 0, 0, 1, 1, 0, 0], [1, 0, 0, 0, 1, 1, 1, 0, 1, 0, 1, 1, 1, 0, 0, 0, 1, 1, 0, 1, 1, 1, 0, 1, 0], [0, 0, 0, 1, 1, 0, 1, 0, 1, 1, 1, 0, 1, 1, 1, 0, 0, 0, 1, 0, 0, 1, 0, 1, 1], [1, 0, 1, 0, 0, 0, 0, 1, 0, 0, 0, 1, 1, 0, 1, 1, 0, 1, 1, 0, 0, 1, 0, 1, 0], [1, 1, 1, 0, 0, 0, 1, 0, 1, 1, 0, 0, 0, 0, 1, 0, 0, 0, 1, 0, 0, 0, 1, 0, 1], [0, 1, 0, 0, 0, 0, 0, 0, 1, 1, 0, 1, 0, 1, 1, 1, 1, 0, 0, 0, 0, 1, 0, 0, 1], [0, 1, 1, 0, 1, 0, 0, 1, 1, 0, 0, 1, 0, 0, 1, 0, 0, 1, 1, 0, 1, 0, 1, 1, 0], [0, 0, 0, 1, 0, 0, 1, 0, 0, 1, 0, 0, 1, 0, 1, 0, 0, 1, 1, 1, 0, 1, 0, 0, 1], [1, 1, 1, 0, 1, 1, 1, 0, 0, 1, 1, 0, 1, 0, 1, 0, 0, 1, 0, 1, 0, 0, 1, 1, 1], [0, 0, 1, 0, 1, 1, 0, 1, 1, 0, 0, 0, 1, 1, 0, 1, 0, 0, 1, 0, 0, 1, 1, 1, 1], [0, 1, 1, 0, 0, 0, 0, 0, 1, 0, 0, 0, 0, 1, 0, 0, 1, 1, 0, 0, 0, 1, 0, 1, 0], [0, 1, 0, 1, 0, 1, 1, 0, 0, 0, 0, 0, 0, 1, 1, 1, 0, 1, 1, 0, 0, 0, 1, 1, 1], [1, 1, 1, 1, 0, 0, 0, 1, 1, 1, 0, 0, 0, 1, 1, 1, 0, 1, 1, 0, 1, 0, 1, 1, 0], [0, 0, 1, 0, 0, 1, 0, 0, 0, 1, 1, 1, 1, 0, 0, 1, 0, 0, 0, 1, 1, 0, 0, 1, 0], [1, 0, 1, 1, 1, 1, 1, 1, 1, 0, 0, 1, 1, 0, 0, 1, 0, 1, 1, 0, 0, 1, 0, 0, 1], [1, 0, 0, 1, 0, 1, 0, 0, 0, 1, 0, 1, 1, 1, 1, 0, 0, 1, 0, 0, 1, 0, 0, 1, 0], [0, 1, 0, 0, 0, 1, 0, 0, 0, 0, 1, 0, 0, 0, 0, 0, 0, 1, 0, 1, 0, 0, 0, 1, 1], [0, 1, 0, 1, 0, 0, 1, 1, 1, 0, 1, 1, 1, 0, 1, 1, 1, 0, 0, 1, 0, 0, 1, 1, 0], [0, 0, 1, 1, 1, 0, 1, 1, 0, 1, 0, 1, 1, 0, 1, 0, 0, 0, 0, 0, 0, 0, 0, 1, 0], [0, 1, 0, 0, 0, 0, 0, 1, 1, 0, 0, 0, 0, 1, 0, 0, 1, 1, 0, 0, 1, 1, 0, 1, 1], [0, 1, 0, 0, 0, 0, 1, 0, 0, 0, 0, 0, 1, 1, 0, 1, 0, 0, 0, 1, 0, 0, 1, 0, 0], [1, 1, 1, 1, 0, 1, 0, 1, 0, 1, 1, 0, 0, 0, 1, 0, 0, 0, 0, 1, 0, 0, 1, 0, 1], [1, 0, 0, 0, 1, 0, 1, 0, 1, 1, 0, 1, 1, 0, 0, 0, 0, 1, 0, 0, 1, 1, 0, 0, 0], [0, 1, 1, 1, 0, 0, 1, 0, 1, 1, 1, 1, 1, 1, 0, 1, 1, 1, 1, 1, 0, 0, 0, 0, 0], [0, 0, 1, 0, 1, 1, 0, 1, 1, 1, 0, 1, 0, 0, 1, 0, 1, 0, 0, 1, 0, 1, 0, 0, 0]]",28.0,6.0,Y,"{0: 34, 1: 40, 2: 46, 3: 52, 4: 58, 5: 64, 6: 70, 7: 76, 8: 82, 9: 88, 10: 94, 11: 100, 12: 106, 13: 112, 14: 118, 15: 124, 16: 130, 17: 136, 18: 142, 19: 148, 20: 154, 21: 160, 22: 166, 23: 172, 24: 28}","{(0, 1): 26, (0, 3): 1, (0, 4): 1, (0, 8): 1, (0, 12): 1, (0, 14): 1, (0, 15): 1, (0, 21): 1, (0, 22): 1, (1, 4): 2, (1, 5): 1, (1, 6): 1, (1, 8): 1, (1, 10): 1, (1, 11): 1, (1, 12): 1, (1, 16): 1, (1, 17): 1, (1, 19): 1, (1, 20): 1, (1, 21): 1, (1, 23): 1, (2, 3): 34, (2, 4): 1, (2, 6): 1, (2, 8): 1, (2, 9): 1, (2, 10): 1, (2, 12): 1, (2, 13): 1, (2, 14): 1, (2, 18): 1, (2, 21): 1, (2, 23): 1, (2, 24): 1, (3, 7): 9, (3, 11): 1, (3, 12): 1, (3, 14): 1, (3, 15): 1, (3, 17): 1, (3, 18): 1, (3, 21): 1, (3, 23): 1, (4, 6): 48, (4, 8): 1, (4, 9): 1, (4, 14): 1, (4, 18): 1, (4, 22): 1, (4, 24): 1, (5, 8): 55, (5, 9): 1, (5, 11): 1, (5, 13): 1, (5, 14): 1, (5, 15): 1, (5, 16): 1, (5, 21): 1, (5, 24): 1, (6, 7): 12, (6, 8): 1, (6, 11): 1, (6, 14): 1, (6, 17): 1, (6, 18): 1, (6, 20): 1, (6, 22): 1, (6, 23): 1, (7, 9): 1, (7, 12): 4, (7, 14): 1, (7, 17): 1, (7, 18): 45, (7, 19): 1, (7, 21): 1, (7, 24): 1, (8, 9): 1, (8, 10): 1, (8, 12): 1, (8, 14): 1, (8, 17): 1, (8, 19): 1, (8, 22): 14, (8, 23): 1, (8, 24): 1, (9, 12): 1, (9, 13): 1, (9, 15): 1, (9, 18): 1, (9, 21): 1, (9, 22): 76, (9, 23): 1, (9, 24): 1, (10, 13): 1, (10, 16): 87, (10, 17): 1, (10, 21): 1, (10, 23): 1, (11, 13): 1, (11, 14): 1, (11, 15): 1, (11, 17): 1, (11, 18): 89, (11, 22): 1, (11, 23): 1, (11, 24): 1, (12, 13): 1, (12, 14): 1, (12, 15): 1, (12, 17): 35, (12, 18): 1, (12, 20): 46, (12, 22): 10, (12, 23): 1, (13, 15): 1, (13, 19): 1, (13, 20): 103, (13, 23): 1, (14, 15): 1, (14, 17): 30, (14, 18): 1, (14, 21): 75, (14, 24): 1, (15, 17): 1, (15, 20): 1, (15, 23): 114, (16, 17): 1, (16, 19): 21, (16, 23): 1, (16, 24): 18, (17, 19): 1, (17, 22): 60, (17, 23): 1, (18, 23): 1, (19, 20): 1, (19, 21): 75, (19, 23): 45, (19, 24): 1, (20, 22): 1, (21, 22): 1, (21, 24): 1}",4832.029342651367,767.0,75.0,2159.0
85.0,Graph with 25 nodes and 142 edges,"[[0, 1, 0, 1, 1, 0, 0, 0, 1, 0, 0, 0, 1, 0, 1, 1, 0, 0, 0, 0, 0, 1, 1, 0, 0], [1, 0, 0, 0, 1, 1, 1, 0, 1, 0, 1, 1, 1, 0, 0, 0, 1, 1, 0, 1, 1, 1, 0, 1, 0], [0, 0, 0, 1, 1, 0, 1, 0, 1, 1, 1, 0, 1, 1, 1, 0, 0, 0, 1, 0, 0, 1, 0, 1, 1], [1, 0, 1, 0, 0, 0, 0, 1, 0, 0, 0, 1, 1, 0, 1, 1, 0, 1, 1, 0, 0, 1, 0, 1, 0], [1, 1, 1, 0, 0, 0, 1, 0, 1, 1, 0, 0, 0, 0, 1, 0, 0, 0, 1, 0, 0, 0, 1, 0, 1], [0, 1, 0, 0, 0, 0, 0, 0, 1, 1, 0, 1, 0, 1, 1, 1, 1, 0, 0, 0, 0, 1, 0, 0, 1], [0, 1, 1, 0, 1, 0, 0, 1, 1, 0, 0, 1, 0, 0, 1, 0, 0, 1, 1, 0, 1, 0, 1, 1, 0], [0, 0, 0, 1, 0, 0, 1, 0, 0, 1, 0, 0, 1, 0, 1, 0, 0, 1, 1, 1, 0, 1, 0, 0, 1], [1, 1, 1, 0, 1, 1, 1, 0, 0, 1, 1, 0, 1, 0, 1, 0, 0, 1, 0, 1, 0, 0, 1, 1, 1], [0, 0, 1, 0, 1, 1, 0, 1, 1, 0, 0, 0, 1, 1, 0, 1, 0, 0, 1, 0, 0, 1, 1, 1, 1], [0, 1, 1, 0, 0, 0, 0, 0, 1, 0, 0, 0, 0, 1, 0, 0, 1, 1, 0, 0, 0, 1, 0, 1, 0], [0, 1, 0, 1, 0, 1, 1, 0, 0, 0, 0, 0, 0, 1, 1, 1, 0, 1, 1, 0, 0, 0, 1, 1, 1], [1, 1, 1, 1, 0, 0, 0, 1, 1, 1, 0, 0, 0, 1, 1, 1, 0, 1, 1, 0, 1, 0, 1, 1, 0], [0, 0, 1, 0, 0, 1, 0, 0, 0, 1, 1, 1, 1, 0, 0, 1, 0, 0, 0, 1, 1, 0, 0, 1, 0], [1, 0, 1, 1, 1, 1, 1, 1, 1, 0, 0, 1, 1, 0, 0, 1, 0, 1, 1, 0, 0, 1, 0, 0, 1], [1, 0, 0, 1, 0, 1, 0, 0, 0, 1, 0, 1, 1, 1, 1, 0, 0, 1, 0, 0, 1, 0, 0, 1, 0], [0, 1, 0, 0, 0, 1, 0, 0, 0, 0, 1, 0, 0, 0, 0, 0, 0, 1, 0, 1, 0, 0, 0, 1, 1], [0, 1, 0, 1, 0, 0, 1, 1, 1, 0, 1, 1, 1, 0, 1, 1, 1, 0, 0, 1, 0, 0, 1, 1, 0], [0, 0, 1, 1, 1, 0, 1, 1, 0, 1, 0, 1, 1, 0, 1, 0, 0, 0, 0, 0, 0, 0, 0, 1, 0], [0, 1, 0, 0, 0, 0, 0, 1, 1, 0, 0, 0, 0, 1, 0, 0, 1, 1, 0, 0, 1, 1, 0, 1, 1], [0, 1, 0, 0, 0, 0, 1, 0, 0, 0, 0, 0, 1, 1, 0, 1, 0, 0, 0, 1, 0, 0, 1, 0, 0], [1, 1, 1, 1, 0, 1, 0, 1, 0, 1, 1, 0, 0, 0, 1, 0, 0, 0, 0, 1, 0, 0, 1, 0, 1], [1, 0, 0, 0, 1, 0, 1, 0, 1, 1, 0, 1, 1, 0, 0, 0, 0, 1, 0, 0, 1, 1, 0, 0, 0], [0, 1, 1, 1, 0, 0, 1, 0, 1, 1, 1, 1, 1, 1, 0, 1, 1, 1, 1, 1, 0, 0, 0, 0, 0], [0, 0, 1, 0, 1, 1, 0, 1, 1, 1, 0, 1, 0, 0, 1, 0, 1, 0, 0, 1, 0, 1, 0, 0, 0]]",28.0,7.0,Y,"{0: 35, 1: 42, 2: 49, 3: 56, 4: 63, 5: 70, 6: 77, 7: 84, 8: 91, 9: 98, 10: 105, 11: 112, 12: 119, 13: 126, 14: 133, 15: 140, 16: 147, 17: 154, 18: 161, 19: 168, 20: 175, 21: 182, 22: 189, 23: 196, 24: 28}","{(0, 1): 27, (0, 3): 1, (0, 4): 1, (0, 8): 1, (0, 12): 1, (0, 14): 1, (0, 15): 1, (0, 21): 1, (0, 22): 1, (1, 4): 3, (1, 5): 1, (1, 6): 1, (1, 8): 1, (1, 10): 1, (1, 11): 1, (1, 12): 1, (1, 16): 1, (1, 17): 1, (1, 19): 1, (1, 20): 1, (1, 21): 1, (1, 23): 1, (2, 3): 37, (2, 4): 1, (2, 6): 1, (2, 8): 1, (2, 9): 1, (2, 10): 1, (2, 12): 1, (2, 13): 1, (2, 14): 1, (2, 18): 1, (2, 21): 1, (2, 23): 1, (2, 24): 1, (3, 7): 10, (3, 11): 1, (3, 12): 1, (3, 14): 1, (3, 15): 1, (3, 17): 1, (3, 18): 1, (3, 21): 1, (3, 23): 1, (4, 6): 52, (4, 8): 1, (4, 9): 1, (4, 14): 1, (4, 18): 1, (4, 22): 1, (4, 24): 1, (5, 8): 61, (5, 9): 1, (5, 11): 1, (5, 13): 1, (5, 14): 1, (5, 15): 1, (5, 16): 1, (5, 21): 1, (5, 24): 1, (6, 7): 15, (6, 8): 1, (6, 11): 1, (6, 14): 1, (6, 17): 1, (6, 18): 1, (6, 20): 1, (6, 22): 1, (6, 23): 1, (7, 9): 1, (7, 12): 1, (7, 14): 1, (7, 17): 1, (7, 18): 52, (7, 19): 1, (7, 21): 1, (7, 24): 1, (8, 9): 1, (8, 10): 1, (8, 12): 1, (8, 14): 1, (8, 17): 1, (8, 19): 1, (8, 22): 17, (8, 23): 1, (8, 24): 1, (9, 12): 1, (9, 13): 1, (9, 15): 14, (9, 18): 73, (9, 21): 1, (9, 22): 1, (9, 23): 1, (9, 24): 1, (10, 13): 1, (10, 16): 1, (10, 17): 1, (10, 21): 57, (10, 23): 42, (11, 13): 1, (11, 14): 89, (11, 15): 1, (11, 17): 13, (11, 18): 1, (11, 22): 1, (11, 23): 1, (11, 24): 1, (12, 13): 1, (12, 14): 1, (12, 15): 1, (12, 17): 78, (12, 18): 1, (12, 20): 28, (12, 22): 1, (12, 23): 1, (13, 15): 117, (13, 19): 1, (13, 20): 1, (13, 23): 1, (14, 15): 1, (14, 17): 3, (14, 18): 29, (14, 21): 1, (14, 24): 1, (15, 17): 1, (15, 20): 1, (15, 23): 1, (16, 17): 1, (16, 19): 1, (16, 23): 141, (16, 24): 1, (17, 19): 1, (17, 22): 50, (17, 23): 1, (18, 23): 1, (19, 20): 142, (19, 21): 1, (19, 23): 1, (19, 24): 18, (20, 22): 1, (21, 22): 115, (21, 24): 1}",4835.1287841796875,767.0,75.0,2159.0
86.0,Graph with 25 nodes and 138 edges,"[[0, 0, 0, 0, 0, 1, 0, 1, 0, 1, 0, 1, 1, 1, 1, 0, 0, 0, 1, 1, 0, 0, 1, 0, 0], [0, 0, 0, 1, 0, 0, 0, 0, 0, 1, 0, 0, 1, 1, 0, 0, 0, 1, 1, 0, 0, 0, 1, 1, 1], [0, 0, 0, 0, 1, 1, 1, 1, 1, 1, 0, 0, 1, 0, 1, 0, 1, 1, 1, 0, 1, 0, 0, 0, 1], [0, 1, 0, 0, 1, 1, 1, 0, 0, 0, 0, 0, 1, 0, 0, 1, 1, 0, 1, 1, 1, 0, 0, 1, 1], [0, 0, 1, 1, 0, 0, 1, 1, 1, 0, 1, 1, 1, 1, 1, 1, 1, 1, 1, 0, 0, 0, 0, 1, 1], [1, 0, 1, 1, 0, 0, 0, 0, 1, 0, 0, 1, 1, 1, 1, 1, 1, 0, 0, 0, 0, 0, 0, 1, 1], [0, 0, 1, 1, 1, 0, 0, 0, 0, 0, 0, 0, 1, 0, 1, 1, 1, 0, 1, 0, 0, 0, 0, 0, 1], [1, 0, 1, 0, 1, 0, 0, 0, 1, 1, 0, 0, 0, 0, 1, 0, 1, 1, 1, 0, 1, 1, 1, 0, 0], [0, 0, 1, 0, 1, 1, 0, 1, 0, 1, 1, 0, 0, 1, 1, 1, 0, 1, 0, 1, 1, 0, 1, 0, 0], [1, 1, 1, 0, 0, 0, 0, 1, 1, 0, 0, 1, 1, 0, 1, 0, 1, 1, 0, 1, 0, 0, 0, 0, 1], [0, 0, 0, 0, 1, 0, 0, 0, 1, 0, 0, 0, 0, 0, 1, 1, 0, 0, 1, 0, 0, 0, 0, 1, 0], [1, 0, 0, 0, 1, 1, 0, 0, 0, 1, 0, 0, 0, 1, 1, 1, 0, 0, 0, 0, 0, 0, 0, 1, 1], [1, 1, 1, 1, 1, 1, 1, 0, 0, 1, 0, 0, 0, 0, 1, 0, 0, 1, 1, 0, 0, 1, 1, 1, 1], [1, 1, 0, 0, 1, 1, 0, 0, 1, 0, 0, 1, 0, 0, 1, 0, 1, 0, 0, 0, 1, 1, 0, 1, 1], [1, 0, 1, 0, 1, 1, 1, 1, 1, 1, 1, 1, 1, 1, 0, 1, 0, 1, 0, 1, 1, 0, 0, 1, 0], [0, 0, 0, 1, 1, 1, 1, 0, 1, 0, 1, 1, 0, 0, 1, 0, 1, 1, 0, 0, 0, 1, 1, 0, 1], [0, 0, 1, 1, 1, 1, 1, 1, 0, 1, 0, 0, 0, 1, 0, 1, 0, 0, 0, 1, 0, 0, 0, 0, 1], [0, 1, 1, 0, 1, 0, 0, 1, 1, 1, 0, 0, 1, 0, 1, 1, 0, 0, 0, 0, 0, 0, 0, 0, 1], [1, 1, 1, 1, 1, 0, 1, 1, 0, 0, 1, 0, 1, 0, 0, 0, 0, 0, 0, 0, 0, 0, 1, 0, 0], [1, 0, 0, 1, 0, 0, 0, 0, 1, 1, 0, 0, 0, 0, 1, 0, 1, 0, 0, 0, 0, 0, 1, 0, 1], [0, 0, 1, 1, 0, 0, 0, 1, 1, 0, 0, 0, 0, 1, 1, 0, 0, 0, 0, 0, 0, 0, 1, 1, 0], [0, 0, 0, 0, 0, 0, 0, 1, 0, 0, 0, 0, 1, 1, 0, 1, 0, 0, 0, 0, 0, 0, 0, 0, 0], [1, 1, 0, 0, 0, 0, 0, 1, 1, 0, 0, 0, 1, 0, 0, 1, 0, 0, 1, 1, 1, 0, 0, 1, 0], [0, 1, 0, 1, 1, 1, 0, 0, 0, 0, 1, 1, 1, 1, 1, 0, 0, 0, 0, 0, 1, 0, 1, 0, 0], [0, 1, 1, 1, 1, 1, 1, 0, 0, 1, 0, 1, 1, 1, 0, 1, 1, 1, 0, 1, 0, 0, 0, 0, 0]]",8.0,7.0,Y,"{0: 22, 1: 29, 2: 36, 3: 43, 4: 50, 5: 57, 6: 64, 7: 71, 8: 78, 9: 85, 10: 15, 11: 92, 12: 99, 13: 106, 14: 113, 15: 120, 16: 127, 17: 134, 18: 141, 19: 148, 20: 155, 21: 8, 22: 162, 23: 169, 24: 176}","{(0, 5): 13, (0, 7): 1, (0, 9): 1, (0, 11): 1, (0, 12): 1, (0, 13): 1, (0, 14): 1, (0, 18): 1, (0, 19): 1, (0, 22): 1, (1, 3): 21, (1, 9): 1, (1, 12): 1, (1, 13): 1, (1, 17): 1, (1, 18): 1, (1, 22): 1, (1, 23): 1, (1, 24): 1, (2, 4): 24, (2, 5): 1, (2, 6): 1, (2, 7): 1, (2, 8): 1, (2, 9): 1, (2, 12): 1, (2, 14): 1, (2, 16): 1, (2, 17): 1, (2, 18): 1, (2, 20): 1, (2, 24): 1, (3, 4): 12, (3, 5): 1, (3, 6): 1, (3, 12): 1, (3, 15): 1, (3, 16): 1, (3, 18): 1, (3, 19): 1, (3, 20): 1, (3, 23): 1, (3, 24): 1, (4, 6): 1, (4, 7): 1, (4, 8): 1, (4, 10): 1, (4, 11): 1, (4, 12): 1, (4, 13): 1, (4, 14): 1, (4, 15): 1, (4, 16): 1, (4, 17): 1, (4, 18): 1, (4, 23): 1, (4, 24): 1, (5, 8): 34, (5, 11): 1, (5, 12): 1, (5, 13): 1, (5, 14): 1, (5, 15): 1, (5, 16): 1, (5, 23): 1, (5, 24): 1, (6, 12): 1, (6, 14): 1, (6, 15): 1, (6, 16): 1, (6, 18): 56, (6, 24): 1, (7, 8): 1, (7, 9): 1, (7, 14): 1, (7, 16): 1, (7, 17): 1, (7, 18): 1, (7, 20): 60, (7, 21): 1, (7, 22): 1, (8, 9): 1, (8, 10): 1, (8, 13): 1, (8, 14): 1, (8, 15): 1, (8, 17): 1, (8, 19): 1, (8, 20): 33, (8, 22): 1, (9, 11): 3, (9, 12): 1, (9, 14): 1, (9, 16): 1, (9, 17): 72, (9, 19): 1, (9, 24): 1, (10, 14): 1, (10, 15): 1, (10, 18): 1, (10, 23): 10, (11, 13): 1, (11, 14): 1, (11, 15): 1, (11, 23): 82, (11, 24): 1, (12, 14): 1, (12, 17): 1, (12, 18): 65, (12, 21): 1, (12, 22): 1, (12, 23): 21, (12, 24): 1, (13, 14): 1, (13, 16): 1, (13, 20): 52, (13, 21): 1, (13, 23): 44, (13, 24): 1, (14, 15): 97, (14, 17): 1, (14, 19): 1, (14, 20): 1, (14, 23): 1, (15, 16): 8, (15, 17): 1, (15, 21): 5, (15, 22): 1, (15, 24): 1, (16, 19): 1, (16, 24): 110, (17, 24): 54, (18, 22): 13, (19, 22): 141, (19, 24): 1, (20, 22): 1, (20, 23): 6, (22, 23): 1}",5457.162857055664,763.0,75.0,2151.0
87.0,Graph with 25 nodes and 144 edges,"[[0, 0, 1, 0, 0, 0, 1, 1, 1, 1, 1, 1, 0, 0, 0, 1, 0, 1, 0, 0, 1, 1, 0, 1, 0], [0, 0, 0, 1, 0, 0, 1, 1, 0, 0, 1, 1, 1, 0, 1, 1, 1, 1, 1, 1, 0, 1, 1, 1, 0], [1, 0, 0, 0, 1, 0, 0, 1, 1, 1, 1, 1, 0, 1, 0, 0, 1, 1, 1, 1, 1, 1, 1, 0, 0], [0, 1, 0, 0, 1, 0, 1, 1, 1, 0, 1, 0, 0, 0, 1, 0, 1, 0, 0, 1, 0, 1, 0, 0, 0], [0, 0, 1, 1, 0, 1, 1, 0, 0, 0, 0, 1, 1, 1, 0, 0, 0, 0, 0, 1, 0, 1, 0, 0, 0], [0, 0, 0, 0, 1, 0, 1, 0, 1, 1, 1, 1, 0, 1, 1, 1, 0, 0, 1, 0, 1, 1, 0, 1, 1], [1, 1, 0, 1, 1, 1, 0, 0, 0, 0, 1, 1, 0, 0, 0, 0, 0, 0, 0, 0, 1, 0, 1, 1, 1], [1, 1, 1, 1, 0, 0, 0, 0, 0, 1, 1, 1, 0, 0, 0, 1, 0, 1, 0, 1, 1, 1, 0, 0, 0], [1, 0, 1, 1, 0, 1, 0, 0, 0, 1, 0, 1, 1, 1, 0, 1, 1, 1, 0, 1, 0, 1, 1, 0, 0], [1, 0, 1, 0, 0, 1, 0, 1, 1, 0, 0, 0, 0, 1, 0, 1, 1, 0, 1, 0, 0, 1, 0, 1, 1], [1, 1, 1, 1, 0, 1, 1, 1, 0, 0, 0, 1, 1, 1, 0, 1, 1, 1, 1, 0, 1, 0, 1, 0, 0], [1, 1, 1, 0, 1, 1, 1, 1, 1, 0, 1, 0, 0, 0, 0, 1, 0, 0, 0, 1, 1, 0, 0, 0, 1], [0, 1, 0, 0, 1, 0, 0, 0, 1, 0, 1, 0, 0, 0, 1, 1, 1, 1, 0, 0, 0, 1, 0, 0, 1], [0, 0, 1, 0, 1, 1, 0, 0, 1, 1, 1, 0, 0, 0, 0, 0, 0, 0, 0, 0, 0, 1, 1, 0, 0], [0, 1, 0, 1, 0, 1, 0, 0, 0, 0, 0, 0, 1, 0, 0, 0, 1, 0, 0, 0, 1, 0, 1, 0, 1], [1, 1, 0, 0, 0, 1, 0, 1, 1, 1, 1, 1, 1, 0, 0, 0, 0, 1, 0, 0, 0, 0, 1, 0, 0], [0, 1, 1, 1, 0, 0, 0, 0, 1, 1, 1, 0, 1, 0, 1, 0, 0, 0, 1, 1, 1, 1, 1, 0, 0], [1, 1, 1, 0, 0, 0, 0, 1, 1, 0, 1, 0, 1, 0, 0, 1, 0, 0, 1, 0, 1, 1, 0, 0, 0], [0, 1, 1, 0, 0, 1, 0, 0, 0, 1, 1, 0, 0, 0, 0, 0, 1, 1, 0, 0, 0, 0, 0, 1, 0], [0, 1, 1, 1, 1, 0, 0, 1, 1, 0, 0, 1, 0, 0, 0, 0, 1, 0, 0, 0, 0, 0, 0, 1, 0], [1, 0, 1, 0, 0, 1, 1, 1, 0, 0, 1, 1, 0, 0, 1, 0, 1, 1, 0, 0, 0, 0, 1, 0, 1], [1, 1, 1, 1, 1, 1, 0, 1, 1, 1, 0, 0, 1, 1, 0, 0, 1, 1, 0, 0, 0, 0, 1, 0, 1], [0, 1, 1, 0, 0, 0, 1, 0, 1, 0, 1, 0, 0, 1, 1, 1, 1, 0, 0, 0, 1, 1, 0, 0, 1], [1, 1, 0, 0, 0, 1, 1, 0, 0, 1, 0, 0, 0, 0, 0, 0, 0, 0, 1, 1, 0, 0, 0, 0, 1], [0, 0, 0, 0, 0, 1, 1, 0, 0, 1, 0, 1, 1, 0, 1, 0, 0, 0, 0, 0, 1, 1, 1, 1, 0]]",24.0,9.0,Y,"{0: 33, 1: 42, 2: 51, 3: 60, 4: 69, 5: 78, 6: 87, 7: 96, 8: 105, 9: 114, 10: 123, 11: 132, 12: 141, 13: 150, 14: 159, 15: 168, 16: 177, 17: 186, 18: 195, 19: 204, 20: 213, 21: 222, 22: 231, 23: 240, 24: 24}","{(0, 2): 22, (0, 6): 1, (0, 7): 1, (0, 8): 1, (0, 9): 1, (0, 10): 1, (0, 11): 1, (0, 15): 1, (0, 17): 1, (0, 20): 1, (0, 21): 1, (0, 23): 1, (1, 3): 28, (1, 6): 1, (1, 7): 1, (1, 10): 1, (1, 11): 1, (1, 12): 1, (1, 14): 1, (1, 15): 1, (1, 16): 1, (1, 17): 1, (1, 18): 1, (1, 19): 1, (1, 21): 1, (1, 22): 1, (1, 23): 1, (2, 4): 16, (2, 7): 1, (2, 8): 1, (2, 9): 1, (2, 10): 1, (2, 11): 1, (2, 13): 1, (2, 16): 1, (2, 17): 1, (2, 18): 1, (2, 19): 1, (2, 20): 1, (2, 21): 1, (2, 22): 1, (3, 4): 24, (3, 6): 1, (3, 7): 1, (3, 8): 1, (3, 10): 1, (3, 14): 1, (3, 16): 1, (3, 19): 1, (3, 21): 1, (4, 5): 23, (4, 6): 1, (4, 11): 1, (4, 12): 1, (4, 13): 1, (4, 19): 1, (4, 21): 1, (5, 6): 43, (5, 8): 1, (5, 9): 1, (5, 10): 1, (5, 11): 1, (5, 13): 1, (5, 14): 1, (5, 15): 1, (5, 18): 1, (5, 20): 1, (5, 21): 1, (5, 23): 1, (5, 24): 1, (6, 10): 1, (6, 11): 1, (6, 20): 1, (6, 22): 1, (6, 23): 35, (6, 24): 1, (7, 9): 1, (7, 10): 1, (7, 11): 1, (7, 15): 1, (7, 17): 1, (7, 19): 85, (7, 20): 1, (7, 21): 1, (8, 9): 1, (8, 11): 1, (8, 12): 1, (8, 13): 20, (8, 15): 1, (8, 16): 1, (8, 17): 1, (8, 19): 73, (8, 21): 1, (8, 22): 1, (9, 13): 1, (9, 15): 1, (9, 16): 1, (9, 18): 47, (9, 21): 1, (9, 23): 57, (9, 24): 1, (10, 11): 32, (10, 12): 1, (10, 13): 1, (10, 15): 1, (10, 16): 76, (10, 17): 1, (10, 18): 1, (10, 20): 2, (10, 22): 1, (11, 15): 1, (11, 19): 40, (11, 20): 50, (11, 24): 1, (12, 14): 1, (12, 15): 118, (12, 16): 2, (12, 17): 1, (12, 21): 1, (12, 24): 14, (13, 21): 1, (13, 22): 124, (14, 16): 1, (14, 20): 152, (14, 22): 1, (14, 24): 1, (15, 17): 1, (15, 22): 41, (16, 18): 1, (16, 19): 1, (16, 20): 1, (16, 21): 33, (16, 22): 57, (17, 18): 1, (17, 20): 1, (17, 21): 176, (18, 23): 142, (19, 23): 1, (20, 22): 1, (20, 24): 1, (21, 22): 1, (21, 24): 1, (22, 24): 1, (23, 24): 2}",5000.114440917969,769.0,75.0,2163.0
89.0,Graph with 25 nodes and 155 edges,"[[0, 1, 0, 1, 1, 1, 0, 0, 1, 0, 1, 0, 0, 1, 0, 0, 0, 0, 0, 1, 0, 1, 0, 0, 1], [1, 0, 1, 1, 1, 0, 0, 0, 0, 0, 1, 1, 1, 0, 0, 0, 0, 0, 1, 1, 0, 1, 1, 1, 0], [0, 1, 0, 0, 0, 0, 0, 1, 0, 0, 0, 1, 0, 1, 1, 1, 1, 1, 1, 1, 0, 1, 0, 0, 1], [1, 1, 0, 0, 1, 1, 0, 1, 1, 0, 0, 1, 0, 1, 1, 1, 0, 0, 1, 1, 1, 0, 0, 1, 0], [1, 1, 0, 1, 0, 0, 0, 1, 1, 1, 0, 1, 1, 1, 0, 0, 0, 1, 0, 1, 0, 1, 1, 0, 0], [1, 0, 0, 1, 0, 0, 1, 0, 1, 0, 1, 0, 0, 1, 0, 0, 0, 1, 1, 1, 0, 0, 0, 1, 0], [0, 0, 0, 0, 0, 1, 0, 0, 0, 1, 1, 0, 1, 0, 1, 0, 0, 0, 1, 1, 0, 1, 0, 1, 0], [0, 0, 1, 1, 1, 0, 0, 0, 0, 0, 1, 1, 1, 0, 0, 1, 0, 1, 0, 1, 1, 1, 1, 0, 0], [1, 0, 0, 1, 1, 1, 0, 0, 0, 1, 1, 1, 1, 0, 1, 1, 1, 1, 1, 1, 1, 1, 0, 0, 0], [0, 0, 0, 0, 1, 0, 1, 0, 1, 0, 1, 1, 1, 0, 0, 0, 0, 1, 0, 1, 1, 0, 0, 1, 0], [1, 1, 0, 0, 0, 1, 1, 1, 1, 1, 0, 0, 1, 1, 0, 0, 1, 1, 0, 0, 1, 1, 0, 0, 0], [0, 1, 1, 1, 1, 0, 0, 1, 1, 1, 0, 0, 1, 1, 0, 1, 1, 1, 0, 0, 0, 0, 1, 0, 1], [0, 1, 0, 0, 1, 0, 1, 1, 1, 1, 1, 1, 0, 0, 1, 0, 1, 0, 1, 1, 1, 1, 1, 0, 1], [1, 0, 1, 1, 1, 1, 0, 0, 0, 0, 1, 1, 0, 0, 1, 0, 1, 1, 0, 1, 1, 1, 0, 1, 0], [0, 0, 1, 1, 0, 0, 1, 0, 1, 0, 0, 0, 1, 1, 0, 1, 0, 1, 1, 1, 1, 1, 0, 0, 0], [0, 0, 1, 1, 0, 0, 0, 1, 1, 0, 0, 1, 0, 0, 1, 0, 0, 0, 0, 1, 1, 1, 0, 1, 1], [0, 0, 1, 0, 0, 0, 0, 0, 1, 0, 1, 1, 1, 1, 0, 0, 0, 0, 0, 1, 1, 0, 0, 0, 0], [0, 0, 1, 0, 1, 1, 0, 1, 1, 1, 1, 1, 0, 1, 1, 0, 0, 0, 1, 0, 1, 0, 1, 1, 1], [0, 1, 1, 1, 0, 1, 1, 0, 1, 0, 0, 0, 1, 0, 1, 0, 0, 1, 0, 1, 1, 0, 0, 0, 1], [1, 1, 1, 1, 1, 1, 1, 1, 1, 1, 0, 0, 1, 1, 1, 1, 1, 0, 1, 0, 1, 0, 0, 0, 0], [0, 0, 0, 1, 0, 0, 0, 1, 1, 1, 1, 0, 1, 1, 1, 1, 1, 1, 1, 1, 0, 1, 1, 1, 1], [1, 1, 1, 0, 1, 0, 1, 1, 1, 0, 1, 0, 1, 1, 1, 1, 0, 0, 0, 0, 1, 0, 0, 0, 0], [0, 1, 0, 0, 1, 0, 0, 1, 0, 0, 0, 1, 1, 0, 0, 0, 0, 1, 0, 0, 1, 0, 0, 1, 1], [0, 1, 0, 1, 0, 1, 1, 0, 0, 1, 0, 0, 0, 1, 0, 1, 0, 1, 0, 0, 1, 0, 1, 0, 1], [1, 0, 1, 0, 0, 0, 0, 0, 0, 0, 0, 1, 1, 0, 0, 1, 0, 1, 1, 0, 1, 0, 1, 1, 0]]",12.0,8.0,Y,"{0: 20, 1: 28, 2: 36, 3: 44, 4: 52, 5: 60, 6: 68, 7: 76, 8: 84, 9: 92, 10: 100, 11: 108, 12: 116, 13: 124, 14: 132, 15: 140, 16: 148, 17: 156, 18: 164, 19: 172, 20: 180, 21: 188, 22: 196, 23: 204, 24: 12}","{(0, 1): 11, (0, 3): 1, (0, 4): 1, (0, 5): 1, (0, 8): 1, (0, 10): 1, (0, 13): 1, (0, 19): 1, (0, 21): 1, (0, 24): 1, (1, 2): 7, (1, 3): 1, (1, 4): 1, (1, 10): 1, (1, 11): 1, (1, 12): 1, (1, 18): 1, (1, 19): 1, (1, 21): 1, (1, 22): 1, (1, 23): 1, (2, 7): 19, (2, 11): 1, (2, 13): 1, (2, 14): 1, (2, 15): 1, (2, 16): 1, (2, 17): 1, (2, 18): 1, (2, 19): 1, (2, 21): 1, (2, 24): 1, (3, 4): 31, (3, 5): 1, (3, 7): 1, (3, 8): 1, (3, 11): 1, (3, 13): 1, (3, 14): 1, (3, 15): 1, (3, 18): 1, (3, 19): 1, (3, 20): 1, (3, 23): 1, (4, 7): 10, (4, 8): 1, (4, 9): 1, (4, 11): 1, (4, 12): 1, (4, 13): 1, (4, 17): 1, (4, 19): 1, (4, 21): 1, (4, 22): 1, (5, 6): 51, (5, 8): 1, (5, 10): 1, (5, 13): 1, (5, 17): 1, (5, 18): 1, (5, 19): 1, (5, 23): 1, (6, 9): 10, (6, 10): 1, (6, 12): 1, (6, 14): 1, (6, 18): 1, (6, 19): 1, (6, 21): 1, (6, 23): 1, (7, 10): 38, (7, 11): 1, (7, 12): 1, (7, 15): 1, (7, 17): 1, (7, 19): 1, (7, 20): 1, (7, 21): 1, (7, 22): 1, (8, 9): 1, (8, 10): 1, (8, 11): 1, (8, 12): 1, (8, 14): 1, (8, 15): 36, (8, 16): 1, (8, 17): 27, (8, 18): 1, (8, 19): 1, (8, 20): 5, (8, 21): 4, (9, 10): 29, (9, 11): 1, (9, 12): 25, (9, 17): 11, (9, 19): 1, (9, 20): 1, (9, 23): 12, (10, 12): 1, (10, 13): 1, (10, 16): 1, (10, 17): 1, (10, 20): 1, (10, 21): 23, (11, 12): 1, (11, 13): 1, (11, 15): 1, (11, 16): 95, (11, 17): 1, (11, 22): 1, (11, 24): 1, (12, 14): 1, (12, 16): 35, (12, 18): 5, (12, 19): 5, (12, 20): 1, (12, 21): 35, (12, 22): 1, (12, 24): 1, (13, 14): 9, (13, 16): 1, (13, 17): 1, (13, 19): 56, (13, 20): 1, (13, 21): 22, (13, 23): 27, (14, 15): 1, (14, 17): 11, (14, 18): 103, (14, 19): 1, (14, 20): 1, (14, 21): 1, (15, 19): 47, (15, 20): 10, (15, 21): 40, (15, 23): 1, (15, 24): 1, (16, 19): 13, (16, 20): 1, (17, 18): 1, (17, 20): 17, (17, 22): 78, (17, 23): 3, (17, 24): 1, (18, 19): 39, (18, 20): 9, (18, 24): 1, (19, 20): 1, (20, 21): 57, (20, 22): 13, (20, 23): 57, (20, 24): 3, (22, 23): 99, (22, 24): 1, (23, 24): 1}",5182.027816772461,780.0,75.0,2185.0
89.0,Graph with 25 nodes and 155 edges,"[[0, 1, 0, 1, 1, 1, 0, 0, 1, 0, 1, 0, 0, 1, 0, 0, 0, 0, 0, 1, 0, 1, 0, 0, 1], [1, 0, 1, 1, 1, 0, 0, 0, 0, 0, 1, 1, 1, 0, 0, 0, 0, 0, 1, 1, 0, 1, 1, 1, 0], [0, 1, 0, 0, 0, 0, 0, 1, 0, 0, 0, 1, 0, 1, 1, 1, 1, 1, 1, 1, 0, 1, 0, 0, 1], [1, 1, 0, 0, 1, 1, 0, 1, 1, 0, 0, 1, 0, 1, 1, 1, 0, 0, 1, 1, 1, 0, 0, 1, 0], [1, 1, 0, 1, 0, 0, 0, 1, 1, 1, 0, 1, 1, 1, 0, 0, 0, 1, 0, 1, 0, 1, 1, 0, 0], [1, 0, 0, 1, 0, 0, 1, 0, 1, 0, 1, 0, 0, 1, 0, 0, 0, 1, 1, 1, 0, 0, 0, 1, 0], [0, 0, 0, 0, 0, 1, 0, 0, 0, 1, 1, 0, 1, 0, 1, 0, 0, 0, 1, 1, 0, 1, 0, 1, 0], [0, 0, 1, 1, 1, 0, 0, 0, 0, 0, 1, 1, 1, 0, 0, 1, 0, 1, 0, 1, 1, 1, 1, 0, 0], [1, 0, 0, 1, 1, 1, 0, 0, 0, 1, 1, 1, 1, 0, 1, 1, 1, 1, 1, 1, 1, 1, 0, 0, 0], [0, 0, 0, 0, 1, 0, 1, 0, 1, 0, 1, 1, 1, 0, 0, 0, 0, 1, 0, 1, 1, 0, 0, 1, 0], [1, 1, 0, 0, 0, 1, 1, 1, 1, 1, 0, 0, 1, 1, 0, 0, 1, 1, 0, 0, 1, 1, 0, 0, 0], [0, 1, 1, 1, 1, 0, 0, 1, 1, 1, 0, 0, 1, 1, 0, 1, 1, 1, 0, 0, 0, 0, 1, 0, 1], [0, 1, 0, 0, 1, 0, 1, 1, 1, 1, 1, 1, 0, 0, 1, 0, 1, 0, 1, 1, 1, 1, 1, 0, 1], [1, 0, 1, 1, 1, 1, 0, 0, 0, 0, 1, 1, 0, 0, 1, 0, 1, 1, 0, 1, 1, 1, 0, 1, 0], [0, 0, 1, 1, 0, 0, 1, 0, 1, 0, 0, 0, 1, 1, 0, 1, 0, 1, 1, 1, 1, 1, 0, 0, 0], [0, 0, 1, 1, 0, 0, 0, 1, 1, 0, 0, 1, 0, 0, 1, 0, 0, 0, 0, 1, 1, 1, 0, 1, 1], [0, 0, 1, 0, 0, 0, 0, 0, 1, 0, 1, 1, 1, 1, 0, 0, 0, 0, 0, 1, 1, 0, 0, 0, 0], [0, 0, 1, 0, 1, 1, 0, 1, 1, 1, 1, 1, 0, 1, 1, 0, 0, 0, 1, 0, 1, 0, 1, 1, 1], [0, 1, 1, 1, 0, 1, 1, 0, 1, 0, 0, 0, 1, 0, 1, 0, 0, 1, 0, 1, 1, 0, 0, 0, 1], [1, 1, 1, 1, 1, 1, 1, 1, 1, 1, 0, 0, 1, 1, 1, 1, 1, 0, 1, 0, 1, 0, 0, 0, 0], [0, 0, 0, 1, 0, 0, 0, 1, 1, 1, 1, 0, 1, 1, 1, 1, 1, 1, 1, 1, 0, 1, 1, 1, 1], [1, 1, 1, 0, 1, 0, 1, 1, 1, 0, 1, 0, 1, 1, 1, 1, 0, 0, 0, 0, 1, 0, 0, 0, 0], [0, 1, 0, 0, 1, 0, 0, 1, 0, 0, 0, 1, 1, 0, 0, 0, 0, 1, 0, 0, 1, 0, 0, 1, 1], [0, 1, 0, 1, 0, 1, 1, 0, 0, 1, 0, 0, 0, 1, 0, 1, 0, 1, 0, 0, 1, 0, 1, 0, 1], [1, 0, 1, 0, 0, 0, 0, 0, 0, 0, 0, 1, 1, 0, 0, 1, 0, 1, 1, 0, 1, 0, 1, 1, 0]]",14.0,8.0,Y,"{0: 22, 1: 30, 2: 38, 3: 46, 4: 54, 5: 62, 6: 70, 7: 78, 8: 86, 9: 94, 10: 102, 11: 110, 12: 118, 13: 126, 14: 134, 15: 142, 16: 150, 17: 158, 18: 166, 19: 174, 20: 182, 21: 190, 22: 198, 23: 206, 24: 14}","{(0, 1): 13, (0, 3): 1, (0, 4): 1, (0, 5): 1, (0, 8): 1, (0, 10): 1, (0, 13): 1, (0, 19): 1, (0, 21): 1, (0, 24): 1, (1, 2): 7, (1, 3): 1, (1, 4): 1, (1, 10): 1, (1, 11): 1, (1, 12): 1, (1, 18): 1, (1, 19): 1, (1, 21): 1, (1, 22): 1, (1, 23): 1, (2, 7): 21, (2, 11): 1, (2, 13): 1, (2, 14): 1, (2, 15): 1, (2, 16): 1, (2, 17): 1, (2, 18): 1, (2, 19): 1, (2, 21): 1, (2, 24): 1, (3, 4): 33, (3, 5): 1, (3, 7): 1, (3, 8): 1, (3, 11): 1, (3, 13): 1, (3, 14): 1, (3, 15): 1, (3, 18): 1, (3, 19): 1, (3, 20): 1, (3, 23): 1, (4, 7): 10, (4, 8): 1, (4, 9): 1, (4, 11): 1, (4, 12): 1, (4, 13): 1, (4, 17): 1, (4, 19): 1, (4, 21): 1, (4, 22): 1, (5, 6): 53, (5, 8): 1, (5, 10): 1, (5, 13): 1, (5, 17): 1, (5, 18): 1, (5, 19): 1, (5, 23): 1, (6, 9): 10, (6, 10): 1, (6, 12): 1, (6, 14): 1, (6, 18): 1, (6, 19): 1, (6, 21): 1, (6, 23): 1, (7, 10): 38, (7, 11): 1, (7, 12): 1, (7, 15): 1, (7, 17): 1, (7, 19): 1, (7, 20): 1, (7, 21): 1, (7, 22): 1, (8, 9): 1, (8, 10): 29, (8, 11): 1, (8, 12): 1, (8, 14): 1, (8, 15): 1, (8, 16): 1, (8, 17): 20, (8, 18): 1, (8, 19): 1, (8, 20): 1, (8, 21): 24, (9, 10): 20, (9, 11): 29, (9, 12): 9, (9, 17): 1, (9, 19): 1, (9, 20): 1, (9, 23): 21, (10, 12): 1, (10, 13): 1, (10, 16): 1, (10, 17): 1, (10, 20): 1, (10, 21): 6, (11, 12): 1, (11, 13): 1, (11, 15): 1, (11, 16): 61, (11, 17): 9, (11, 22): 1, (11, 24): 1, (12, 14): 21, (12, 16): 1, (12, 18): 50, (12, 19): 1, (12, 20): 1, (12, 21): 26, (12, 22): 1, (12, 24): 1, (13, 14): 29, (13, 16): 29, (13, 17): 1, (13, 19): 16, (13, 20): 14, (13, 21): 29, (13, 23): 1, (14, 15): 1, (14, 17): 1, (14, 18): 22, (14, 19): 1, (14, 20): 1, (14, 21): 54, (15, 19): 61, (15, 20): 29, (15, 21): 16, (15, 23): 29, (15, 24): 1, (16, 19): 31, (16, 20): 25, (17, 18): 33, (17, 20): 21, (17, 22): 54, (17, 23): 8, (17, 24): 5, (18, 19): 53, (18, 20): 1, (18, 24): 1, (19, 20): 1, (20, 21): 29, (20, 22): 25, (20, 23): 29, (20, 24): 1, (22, 23): 113, (22, 24): 1, (23, 24): 1}",4987.001419067383,780.0,75.0,2185.0
89.0,Graph with 25 nodes and 155 edges,"[[0, 1, 0, 1, 1, 1, 0, 0, 1, 0, 1, 0, 0, 1, 0, 0, 0, 0, 0, 1, 0, 1, 0, 0, 1], [1, 0, 1, 1, 1, 0, 0, 0, 0, 0, 1, 1, 1, 0, 0, 0, 0, 0, 1, 1, 0, 1, 1, 1, 0], [0, 1, 0, 0, 0, 0, 0, 1, 0, 0, 0, 1, 0, 1, 1, 1, 1, 1, 1, 1, 0, 1, 0, 0, 1], [1, 1, 0, 0, 1, 1, 0, 1, 1, 0, 0, 1, 0, 1, 1, 1, 0, 0, 1, 1, 1, 0, 0, 1, 0], [1, 1, 0, 1, 0, 0, 0, 1, 1, 1, 0, 1, 1, 1, 0, 0, 0, 1, 0, 1, 0, 1, 1, 0, 0], [1, 0, 0, 1, 0, 0, 1, 0, 1, 0, 1, 0, 0, 1, 0, 0, 0, 1, 1, 1, 0, 0, 0, 1, 0], [0, 0, 0, 0, 0, 1, 0, 0, 0, 1, 1, 0, 1, 0, 1, 0, 0, 0, 1, 1, 0, 1, 0, 1, 0], [0, 0, 1, 1, 1, 0, 0, 0, 0, 0, 1, 1, 1, 0, 0, 1, 0, 1, 0, 1, 1, 1, 1, 0, 0], [1, 0, 0, 1, 1, 1, 0, 0, 0, 1, 1, 1, 1, 0, 1, 1, 1, 1, 1, 1, 1, 1, 0, 0, 0], [0, 0, 0, 0, 1, 0, 1, 0, 1, 0, 1, 1, 1, 0, 0, 0, 0, 1, 0, 1, 1, 0, 0, 1, 0], [1, 1, 0, 0, 0, 1, 1, 1, 1, 1, 0, 0, 1, 1, 0, 0, 1, 1, 0, 0, 1, 1, 0, 0, 0], [0, 1, 1, 1, 1, 0, 0, 1, 1, 1, 0, 0, 1, 1, 0, 1, 1, 1, 0, 0, 0, 0, 1, 0, 1], [0, 1, 0, 0, 1, 0, 1, 1, 1, 1, 1, 1, 0, 0, 1, 0, 1, 0, 1, 1, 1, 1, 1, 0, 1], [1, 0, 1, 1, 1, 1, 0, 0, 0, 0, 1, 1, 0, 0, 1, 0, 1, 1, 0, 1, 1, 1, 0, 1, 0], [0, 0, 1, 1, 0, 0, 1, 0, 1, 0, 0, 0, 1, 1, 0, 1, 0, 1, 1, 1, 1, 1, 0, 0, 0], [0, 0, 1, 1, 0, 0, 0, 1, 1, 0, 0, 1, 0, 0, 1, 0, 0, 0, 0, 1, 1, 1, 0, 1, 1], [0, 0, 1, 0, 0, 0, 0, 0, 1, 0, 1, 1, 1, 1, 0, 0, 0, 0, 0, 1, 1, 0, 0, 0, 0], [0, 0, 1, 0, 1, 1, 0, 1, 1, 1, 1, 1, 0, 1, 1, 0, 0, 0, 1, 0, 1, 0, 1, 1, 1], [0, 1, 1, 1, 0, 1, 1, 0, 1, 0, 0, 0, 1, 0, 1, 0, 0, 1, 0, 1, 1, 0, 0, 0, 1], [1, 1, 1, 1, 1, 1, 1, 1, 1, 1, 0, 0, 1, 1, 1, 1, 1, 0, 1, 0, 1, 0, 0, 0, 0], [0, 0, 0, 1, 0, 0, 0, 1, 1, 1, 1, 0, 1, 1, 1, 1, 1, 1, 1, 1, 0, 1, 1, 1, 1], [1, 1, 1, 0, 1, 0, 1, 1, 1, 0, 1, 0, 1, 1, 1, 1, 0, 0, 0, 0, 1, 0, 0, 0, 0], [0, 1, 0, 0, 1, 0, 0, 1, 0, 0, 0, 1, 1, 0, 0, 0, 0, 1, 0, 0, 1, 0, 0, 1, 1], [0, 1, 0, 1, 0, 1, 1, 0, 0, 1, 0, 0, 0, 1, 0, 1, 0, 1, 0, 0, 1, 0, 1, 0, 1], [1, 0, 1, 0, 0, 0, 0, 0, 0, 0, 0, 1, 1, 0, 0, 1, 0, 1, 1, 0, 1, 0, 1, 1, 0]]",18.0,1.0,Y,"{0: 40, 1: 20, 2: 31, 3: 30, 4: 32, 5: 27, 6: 34, 7: 25, 8: 28, 9: 38, 10: 39, 11: 18, 12: 37, 13: 42, 14: 33, 15: 22, 16: 36, 17: 23, 18: 26, 19: 41, 20: 35, 21: 24, 22: 21, 23: 29, 24: 19}","{(0, 1): 1, (0, 3): 15, (0, 4): 1, (0, 5): 1, (0, 8): 1, (0, 10): 1, (0, 13): 1, (0, 19): 17, (0, 21): 1, (0, 24): 1, (1, 2): 9, (1, 3): 1, (1, 4): 1, (1, 10): 1, (1, 11): 1, (1, 12): 1, (1, 18): 1, (1, 19): 1, (1, 21): 1, (1, 22): 1, (1, 23): 1, (2, 7): 1, (2, 11): 1, (2, 13): 1, (2, 14): 1, (2, 15): 8, (2, 16): 5, (2, 17): 1, (2, 18): 1, (2, 19): 1, (2, 21): 1, (2, 24): 1, (3, 4): 1, (3, 5): 1, (3, 7): 3, (3, 8): 1, (3, 11): 1, (3, 13): 1, (3, 14): 1, (3, 15): 1, (3, 18): 1, (3, 19): 1, (3, 20): 1, (3, 23): 1, (4, 7): 1, (4, 8): 1, (4, 9): 1, (4, 11): 1, (4, 12): 1, (4, 13): 16, (4, 17): 5, (4, 19): 1, (4, 21): 1, (4, 22): 1, (5, 6): 1, (5, 8): 1, (5, 10): 1, (5, 13): 1, (5, 17): 1, (5, 18): 1, (5, 19): 1, (5, 23): 18, (6, 9): 4, (6, 10): 1, (6, 12): 1, (6, 14): 9, (6, 18): 15, (6, 19): 1, (6, 21): 1, (6, 23): 1, (7, 10): 1, (7, 11): 1, (7, 12): 1, (7, 15): 1, (7, 17): 1, (7, 19): 1, (7, 20): 1, (7, 21): 12, (7, 22): 1, (8, 9): 1, (8, 10): 1, (8, 11): 1, (8, 12): 1, (8, 14): 1, (8, 15): 1, (8, 16): 1, (8, 17): 2, (8, 18): 1, (8, 19): 1, (8, 20): 12, (8, 21): 1, (9, 10): 1, (9, 11): 1, (9, 12): 22, (9, 17): 1, (9, 19): 5, (9, 20): 1, (9, 23): 1, (10, 12): 1, (10, 13): 1, (10, 16): 25, (10, 17): 3, (10, 20): 1, (10, 21): 1, (11, 12): 1, (11, 13): 1, (11, 15): 1, (11, 16): 1, (11, 17): 1, (11, 22): 1, (11, 24): 5, (12, 14): 1, (12, 16): 1, (12, 18): 1, (12, 19): 1, (12, 20): 1, (12, 21): 1, (12, 22): 1, (12, 24): 1, (13, 14): 14, (13, 16): 1, (13, 17): 1, (13, 19): 1, (13, 20): 1, (13, 21): 1, (13, 23): 1, (14, 15): 1, (14, 17): 1, (14, 18): 1, (14, 19): 1, (14, 20): 1, (14, 21): 1, (15, 19): 5, (15, 20): 1, (15, 21): 1, (15, 23): 1, (15, 24): 1, (16, 19): 1, (16, 20): 1, (17, 18): 1, (17, 20): 1, (17, 22): 1, (17, 23): 2, (17, 24): 1, (18, 19): 1, (18, 20): 1, (18, 24): 1, (19, 20): 1, (20, 21): 1, (20, 22): 8, (20, 23): 1, (20, 24): 1, (22, 23): 1, (22, 24): 6, (23, 24): 1}",5245.92399597168,780.0,75.0,2185.0
90.0,Graph with 25 nodes and 149 edges,"[[0, 1, 0, 1, 1, 0, 1, 1, 0, 0, 0, 0, 1, 0, 0, 0, 1, 1, 1, 0, 1, 1, 0, 1, 0], [1, 0, 0, 1, 0, 0, 0, 1, 0, 1, 0, 1, 0, 0, 0, 1, 0, 1, 1, 1, 0, 0, 1, 0, 0], [0, 0, 0, 1, 0, 0, 1, 1, 0, 0, 1, 1, 0, 0, 1, 0, 0, 1, 1, 0, 1, 0, 1, 1, 1], [1, 1, 1, 0, 1, 0, 1, 1, 1, 0, 0, 1, 1, 1, 0, 0, 0, 1, 0, 0, 1, 1, 1, 1, 0], [1, 0, 0, 1, 0, 0, 0, 0, 1, 1, 0, 1, 0, 0, 1, 1, 0, 1, 1, 1, 0, 1, 0, 1, 1], [0, 0, 0, 0, 0, 0, 1, 1, 1, 0, 0, 0, 0, 1, 0, 1, 1, 1, 0, 1, 1, 0, 0, 0, 1], [1, 0, 1, 1, 0, 1, 0, 0, 0, 0, 0, 1, 1, 0, 1, 0, 1, 1, 1, 0, 1, 0, 1, 0, 0], [1, 1, 1, 1, 0, 1, 0, 0, 1, 0, 1, 0, 0, 1, 0, 1, 0, 1, 1, 1, 0, 1, 1, 1, 1], [0, 0, 0, 1, 1, 1, 0, 1, 0, 0, 1, 1, 1, 0, 0, 0, 0, 1, 0, 0, 0, 0, 0, 0, 0], [0, 1, 0, 0, 1, 0, 0, 0, 0, 0, 0, 0, 1, 1, 1, 0, 0, 1, 1, 0, 1, 0, 0, 0, 0], [0, 0, 1, 0, 0, 0, 0, 1, 1, 0, 0, 1, 0, 1, 1, 1, 0, 1, 0, 0, 0, 1, 1, 1, 0], [0, 1, 1, 1, 1, 0, 1, 0, 1, 0, 1, 0, 0, 0, 1, 1, 1, 1, 1, 0, 1, 1, 1, 1, 1], [1, 0, 0, 1, 0, 0, 1, 0, 1, 1, 0, 0, 0, 0, 0, 1, 0, 0, 0, 0, 1, 1, 1, 1, 0], [0, 0, 0, 1, 0, 1, 0, 1, 0, 1, 1, 0, 0, 0, 0, 1, 0, 1, 1, 1, 0, 0, 0, 0, 0], [0, 0, 1, 0, 1, 0, 1, 0, 0, 1, 1, 1, 0, 0, 0, 1, 1, 1, 0, 1, 0, 1, 1, 0, 0], [0, 1, 0, 0, 1, 1, 0, 1, 0, 0, 1, 1, 1, 1, 1, 0, 0, 1, 1, 0, 1, 0, 1, 1, 1], [1, 0, 0, 0, 0, 1, 1, 0, 0, 0, 0, 1, 0, 0, 1, 0, 0, 1, 1, 1, 0, 0, 0, 1, 0], [1, 1, 1, 1, 1, 1, 1, 1, 1, 1, 1, 1, 0, 1, 1, 1, 1, 0, 1, 0, 1, 1, 0, 0, 1], [1, 1, 1, 0, 1, 0, 1, 1, 0, 1, 0, 1, 0, 1, 0, 1, 1, 1, 0, 1, 0, 1, 0, 0, 0], [0, 1, 0, 0, 1, 1, 0, 1, 0, 0, 0, 0, 0, 1, 1, 0, 1, 0, 1, 0, 1, 0, 0, 0, 0], [1, 0, 1, 1, 0, 1, 1, 0, 0, 1, 0, 1, 1, 0, 0, 1, 0, 1, 0, 1, 0, 0, 1, 1, 0], [1, 0, 0, 1, 1, 0, 0, 1, 0, 0, 1, 1, 1, 0, 1, 0, 0, 1, 1, 0, 0, 0, 0, 1, 0], [0, 1, 1, 1, 0, 0, 1, 1, 0, 0, 1, 1, 1, 0, 1, 1, 0, 0, 0, 0, 1, 0, 0, 0, 0], [1, 0, 1, 1, 1, 0, 0, 1, 0, 0, 1, 1, 1, 0, 0, 1, 1, 0, 0, 0, 1, 1, 0, 0, 1], [0, 0, 1, 0, 1, 1, 0, 1, 0, 0, 0, 1, 0, 0, 0, 1, 0, 1, 0, 0, 0, 0, 0, 1, 0]]",22.0,1.0,Y,"{0: 23, 1: 24, 2: 25, 3: 26, 4: 27, 5: 28, 6: 29, 7: 30, 8: 31, 9: 32, 10: 33, 11: 34, 12: 35, 13: 36, 14: 37, 15: 38, 16: 39, 17: 40, 18: 41, 19: 42, 20: 43, 21: 44, 22: 45, 23: 46, 24: 22}","{(0, 1): 12, (0, 3): 1, (0, 4): 1, (0, 6): 1, (0, 7): 1, (0, 12): 1, (0, 16): 1, (0, 17): 1, (0, 18): 1, (0, 20): 1, (0, 21): 1, (0, 23): 1, (1, 3): 4, (1, 7): 1, (1, 9): 1, (1, 11): 1, (1, 15): 1, (1, 17): 1, (1, 18): 1, (1, 19): 1, (1, 22): 1, (2, 3): 9, (2, 6): 6, (2, 7): 1, (2, 10): 1, (2, 11): 1, (2, 14): 1, (2, 17): 1, (2, 18): 1, (2, 20): 1, (2, 22): 1, (2, 23): 1, (2, 24): 1, (3, 4): 1, (3, 6): 1, (3, 7): 1, (3, 8): 1, (3, 11): 1, (3, 12): 1, (3, 13): 1, (3, 17): 1, (3, 20): 1, (3, 21): 1, (3, 22): 1, (3, 23): 1, (4, 8): 15, (4, 9): 1, (4, 11): 1, (4, 14): 1, (4, 15): 1, (4, 17): 1, (4, 18): 1, (4, 19): 1, (4, 21): 1, (4, 23): 1, (4, 24): 1, (5, 6): 13, (5, 7): 7, (5, 8): 1, (5, 13): 1, (5, 15): 1, (5, 16): 1, (5, 17): 1, (5, 19): 1, (5, 20): 1, (5, 24): 1, (6, 11): 1, (6, 12): 1, (6, 14): 1, (6, 16): 1, (6, 17): 1, (6, 18): 1, (6, 20): 1, (6, 22): 1, (7, 8): 1, (7, 10): 1, (7, 13): 1, (7, 15): 1, (7, 17): 1, (7, 18): 1, (7, 19): 1, (7, 21): 1, (7, 22): 1, (7, 23): 1, (7, 24): 9, (8, 10): 1, (8, 11): 1, (8, 12): 1, (8, 17): 10, (9, 12): 25, (9, 13): 1, (9, 14): 1, (9, 17): 1, (9, 18): 1, (9, 20): 1, (10, 11): 1, (10, 13): 1, (10, 14): 1, (10, 15): 1, (10, 17): 1, (10, 21): 2, (10, 22): 22, (10, 23): 1, (11, 14): 1, (11, 15): 1, (11, 16): 1, (11, 17): 1, (11, 18): 1, (11, 20): 1, (11, 21): 15, (11, 22): 4, (11, 23): 1, (11, 24): 1, (12, 15): 1, (12, 20): 1, (12, 21): 1, (12, 22): 1, (12, 23): 2, (13, 15): 1, (13, 17): 12, (13, 18): 1, (13, 19): 17, (14, 15): 24, (14, 16): 1, (14, 17): 1, (14, 19): 3, (14, 21): 1, (14, 22): 1, (15, 17): 1, (15, 18): 1, (15, 20): 1, (15, 22): 1, (15, 23): 1, (15, 24): 1, (16, 17): 1, (16, 18): 28, (16, 19): 4, (16, 23): 1, (17, 18): 1, (17, 20): 1, (17, 21): 1, (17, 24): 1, (18, 19): 1, (18, 21): 1, (19, 20): 13, (20, 22): 11, (20, 23): 9, (21, 23): 19, (23, 24): 7}",4478.931427001953,774.0,75.0,2173.0
91.0,Graph with 25 nodes and 136 edges,"[[0, 0, 1, 0, 0, 0, 0, 1, 0, 0, 0, 0, 1, 0, 0, 1, 0, 1, 1, 0, 0, 0, 1, 0, 1], [0, 0, 0, 0, 0, 0, 1, 1, 1, 0, 0, 0, 1, 1, 1, 0, 0, 1, 0, 0, 1, 1, 0, 0, 0], [1, 0, 0, 0, 1, 0, 0, 1, 1, 0, 0, 1, 0, 0, 1, 0, 1, 0, 1, 1, 0, 0, 0, 0, 1], [0, 0, 0, 0, 0, 0, 1, 1, 0, 0, 0, 0, 0, 1, 1, 0, 1, 1, 1, 0, 0, 1, 1, 1, 0], [0, 0, 1, 0, 0, 1, 0, 0, 1, 0, 0, 1, 1, 0, 1, 0, 0, 1, 0, 0, 1, 1, 1, 1, 0], [0, 0, 0, 0, 1, 0, 0, 0, 0, 0, 1, 0, 1, 1, 1, 1, 1, 0, 0, 0, 0, 0, 1, 1, 1], [0, 1, 0, 1, 0, 0, 0, 0, 0, 1, 1, 1, 0, 1, 0, 0, 0, 1, 1, 0, 0, 1, 0, 1, 1], [1, 1, 1, 1, 0, 0, 0, 0, 0, 1, 1, 0, 0, 1, 0, 0, 1, 1, 0, 0, 1, 1, 0, 0, 1], [0, 1, 1, 0, 1, 0, 0, 0, 0, 1, 1, 0, 1, 1, 0, 1, 0, 0, 0, 1, 0, 0, 1, 0, 1], [0, 0, 0, 0, 0, 0, 1, 1, 1, 0, 0, 0, 0, 0, 0, 0, 1, 0, 1, 1, 1, 0, 1, 1, 1], [0, 0, 0, 0, 0, 1, 1, 1, 1, 0, 0, 1, 0, 0, 1, 0, 0, 0, 1, 0, 1, 0, 1, 0, 0], [0, 0, 1, 0, 1, 0, 1, 0, 0, 0, 1, 0, 0, 0, 0, 0, 1, 0, 0, 1, 0, 1, 1, 0, 1], [1, 1, 0, 0, 1, 1, 0, 0, 1, 0, 0, 0, 0, 0, 0, 0, 0, 0, 0, 0, 0, 1, 1, 1, 0], [0, 1, 0, 1, 0, 1, 1, 1, 1, 0, 0, 0, 0, 0, 0, 0, 0, 0, 1, 1, 0, 1, 0, 1, 0], [0, 1, 1, 1, 1, 1, 0, 0, 0, 0, 1, 0, 0, 0, 0, 1, 1, 0, 1, 1, 1, 1, 1, 1, 0], [1, 0, 0, 0, 0, 1, 0, 0, 1, 0, 0, 0, 0, 0, 1, 0, 0, 1, 1, 0, 1, 0, 0, 0, 0], [0, 0, 1, 1, 0, 1, 0, 1, 0, 1, 0, 1, 0, 0, 1, 0, 0, 0, 0, 0, 1, 1, 1, 1, 0], [1, 1, 0, 1, 1, 0, 1, 1, 0, 0, 0, 0, 0, 0, 0, 1, 0, 0, 0, 1, 0, 0, 0, 1, 0], [1, 0, 1, 1, 0, 0, 1, 0, 0, 1, 1, 0, 0, 1, 1, 1, 0, 0, 0, 1, 1, 1, 1, 1, 1], [0, 0, 1, 0, 0, 0, 0, 0, 1, 1, 0, 1, 0, 1, 1, 0, 0, 1, 1, 0, 1, 0, 0, 1, 1], [0, 1, 0, 0, 1, 0, 0, 1, 0, 1, 1, 0, 0, 0, 1, 1, 1, 0, 1, 1, 0, 1, 1, 1, 1], [0, 1, 0, 1, 1, 0, 1, 1, 0, 0, 0, 1, 1, 1, 1, 0, 1, 0, 1, 0, 1, 0, 0, 0, 0], [1, 0, 0, 1, 1, 1, 0, 0, 1, 1, 1, 1, 1, 0, 1, 0, 1, 0, 1, 0, 1, 0, 0, 1, 1], [0, 0, 0, 1, 1, 1, 1, 0, 0, 1, 0, 0, 1, 1, 1, 0, 1, 1, 1, 1, 1, 0, 1, 0, 0], [1, 0, 1, 0, 0, 1, 1, 1, 1, 1, 0, 1, 0, 0, 0, 0, 0, 0, 1, 1, 1, 0, 1, 0, 0]]",16.0,3.0,Y,"{0: 19, 1: 22, 2: 25, 3: 28, 4: 31, 5: 34, 6: 37, 7: 40, 8: 43, 9: 46, 10: 49, 11: 52, 12: 55, 13: 58, 14: 61, 15: 64, 16: 67, 17: 70, 18: 73, 19: 76, 20: 79, 21: 82, 22: 85, 23: 88, 24: 16}","{(0, 2): 12, (0, 7): 1, (0, 12): 1, (0, 15): 1, (0, 17): 1, (0, 18): 1, (0, 22): 1, (0, 24): 1, (1, 6): 14, (1, 7): 1, (1, 8): 1, (1, 12): 1, (1, 13): 1, (1, 14): 1, (1, 17): 1, (1, 20): 1, (1, 21): 1, (2, 4): 5, (2, 7): 1, (2, 8): 1, (2, 11): 1, (2, 14): 1, (2, 16): 1, (2, 18): 1, (2, 19): 1, (2, 24): 1, (3, 6): 14, (3, 7): 6, (3, 13): 1, (3, 14): 1, (3, 16): 1, (3, 17): 1, (3, 18): 1, (3, 21): 1, (3, 22): 1, (3, 23): 1, (4, 5): 17, (4, 8): 1, (4, 11): 1, (4, 12): 1, (4, 14): 1, (4, 17): 1, (4, 20): 1, (4, 21): 1, (4, 22): 1, (4, 23): 1, (5, 10): 9, (5, 12): 1, (5, 13): 1, (5, 14): 1, (5, 15): 1, (5, 16): 1, (5, 22): 1, (5, 23): 1, (5, 24): 1, (6, 9): 1, (6, 10): 1, (6, 11): 1, (6, 13): 1, (6, 17): 1, (6, 18): 1, (6, 21): 1, (6, 23): 1, (6, 24): 1, (7, 9): 1, (7, 10): 1, (7, 13): 17, (7, 16): 1, (7, 17): 8, (7, 20): 1, (7, 21): 1, (7, 24): 1, (8, 9): 1, (8, 10): 1, (8, 12): 1, (8, 13): 33, (8, 15): 1, (8, 19): 1, (8, 22): 1, (8, 24): 1, (9, 16): 11, (9, 18): 1, (9, 19): 8, (9, 20): 1, (9, 22): 1, (9, 23): 20, (9, 24): 1, (10, 11): 33, (10, 14): 1, (10, 18): 1, (10, 20): 1, (10, 22): 1, (11, 16): 8, (11, 19): 1, (11, 21): 1, (11, 22): 1, (11, 24): 5, (12, 21): 48, (12, 22): 1, (12, 23): 1, (13, 18): 1, (13, 19): 1, (13, 21): 1, (13, 23): 1, (14, 15): 20, (14, 16): 1, (14, 18): 1, (14, 19): 1, (14, 20): 1, (14, 21): 24, (14, 22): 6, (14, 23): 1, (15, 17): 39, (15, 18): 1, (15, 20): 1, (16, 20): 1, (16, 21): 1, (16, 22): 1, (16, 23): 40, (17, 19): 1, (17, 23): 17, (18, 19): 59, (18, 20): 1, (18, 21): 1, (18, 22): 1, (18, 23): 1, (18, 24): 1, (19, 20): 1, (19, 23): 1, (19, 24): 1, (20, 21): 1, (20, 22): 66, (20, 23): 1, (20, 24): 1, (22, 23): 1, (22, 24): 1}",5208.015441894531,761.0,75.0,2147.0
91.0,Graph with 25 nodes and 136 edges,"[[0, 0, 1, 0, 0, 0, 0, 1, 0, 0, 0, 0, 1, 0, 0, 1, 0, 1, 1, 0, 0, 0, 1, 0, 1], [0, 0, 0, 0, 0, 0, 1, 1, 1, 0, 0, 0, 1, 1, 1, 0, 0, 1, 0, 0, 1, 1, 0, 0, 0], [1, 0, 0, 0, 1, 0, 0, 1, 1, 0, 0, 1, 0, 0, 1, 0, 1, 0, 1, 1, 0, 0, 0, 0, 1], [0, 0, 0, 0, 0, 0, 1, 1, 0, 0, 0, 0, 0, 1, 1, 0, 1, 1, 1, 0, 0, 1, 1, 1, 0], [0, 0, 1, 0, 0, 1, 0, 0, 1, 0, 0, 1, 1, 0, 1, 0, 0, 1, 0, 0, 1, 1, 1, 1, 0], [0, 0, 0, 0, 1, 0, 0, 0, 0, 0, 1, 0, 1, 1, 1, 1, 1, 0, 0, 0, 0, 0, 1, 1, 1], [0, 1, 0, 1, 0, 0, 0, 0, 0, 1, 1, 1, 0, 1, 0, 0, 0, 1, 1, 0, 0, 1, 0, 1, 1], [1, 1, 1, 1, 0, 0, 0, 0, 0, 1, 1, 0, 0, 1, 0, 0, 1, 1, 0, 0, 1, 1, 0, 0, 1], [0, 1, 1, 0, 1, 0, 0, 0, 0, 1, 1, 0, 1, 1, 0, 1, 0, 0, 0, 1, 0, 0, 1, 0, 1], [0, 0, 0, 0, 0, 0, 1, 1, 1, 0, 0, 0, 0, 0, 0, 0, 1, 0, 1, 1, 1, 0, 1, 1, 1], [0, 0, 0, 0, 0, 1, 1, 1, 1, 0, 0, 1, 0, 0, 1, 0, 0, 0, 1, 0, 1, 0, 1, 0, 0], [0, 0, 1, 0, 1, 0, 1, 0, 0, 0, 1, 0, 0, 0, 0, 0, 1, 0, 0, 1, 0, 1, 1, 0, 1], [1, 1, 0, 0, 1, 1, 0, 0, 1, 0, 0, 0, 0, 0, 0, 0, 0, 0, 0, 0, 0, 1, 1, 1, 0], [0, 1, 0, 1, 0, 1, 1, 1, 1, 0, 0, 0, 0, 0, 0, 0, 0, 0, 1, 1, 0, 1, 0, 1, 0], [0, 1, 1, 1, 1, 1, 0, 0, 0, 0, 1, 0, 0, 0, 0, 1, 1, 0, 1, 1, 1, 1, 1, 1, 0], [1, 0, 0, 0, 0, 1, 0, 0, 1, 0, 0, 0, 0, 0, 1, 0, 0, 1, 1, 0, 1, 0, 0, 0, 0], [0, 0, 1, 1, 0, 1, 0, 1, 0, 1, 0, 1, 0, 0, 1, 0, 0, 0, 0, 0, 1, 1, 1, 1, 0], [1, 1, 0, 1, 1, 0, 1, 1, 0, 0, 0, 0, 0, 0, 0, 1, 0, 0, 0, 1, 0, 0, 0, 1, 0], [1, 0, 1, 1, 0, 0, 1, 0, 0, 1, 1, 0, 0, 1, 1, 1, 0, 0, 0, 1, 1, 1, 1, 1, 1], [0, 0, 1, 0, 0, 0, 0, 0, 1, 1, 0, 1, 0, 1, 1, 0, 0, 1, 1, 0, 1, 0, 0, 1, 1], [0, 1, 0, 0, 1, 0, 0, 1, 0, 1, 1, 0, 0, 0, 1, 1, 1, 0, 1, 1, 0, 1, 1, 1, 1], [0, 1, 0, 1, 1, 0, 1, 1, 0, 0, 0, 1, 1, 1, 1, 0, 1, 0, 1, 0, 1, 0, 0, 0, 0], [1, 0, 0, 1, 1, 1, 0, 0, 1, 1, 1, 1, 1, 0, 1, 0, 1, 0, 1, 0, 1, 0, 0, 1, 1], [0, 0, 0, 1, 1, 1, 1, 0, 0, 1, 0, 0, 1, 1, 1, 0, 1, 1, 1, 1, 1, 0, 1, 0, 0], [1, 0, 1, 0, 0, 1, 1, 1, 1, 1, 0, 1, 0, 0, 0, 0, 0, 0, 1, 1, 1, 0, 1, 0, 0]]",28.0,5.0,Y,"{0: 33, 1: 38, 2: 43, 3: 48, 4: 53, 5: 58, 6: 63, 7: 68, 8: 73, 9: 78, 10: 83, 11: 88, 12: 93, 13: 98, 14: 103, 15: 108, 16: 113, 17: 118, 18: 123, 19: 128, 20: 133, 21: 138, 22: 143, 23: 148, 24: 28}","{(0, 2): 26, (0, 7): 1, (0, 12): 1, (0, 15): 1, (0, 17): 1, (0, 18): 1, (0, 22): 1, (0, 24): 1, (1, 6): 30, (1, 7): 1, (1, 8): 1, (1, 12): 1, (1, 13): 1, (1, 14): 1, (1, 17): 1, (1, 20): 1, (1, 21): 1, (2, 4): 9, (2, 7): 1, (2, 8): 1, (2, 11): 1, (2, 14): 1, (2, 16): 1, (2, 18): 1, (2, 19): 1, (2, 24): 1, (3, 6): 24, (3, 7): 16, (3, 13): 1, (3, 14): 1, (3, 16): 1, (3, 17): 1, (3, 18): 1, (3, 21): 1, (3, 22): 1, (3, 23): 1, (4, 5): 35, (4, 8): 1, (4, 11): 1, (4, 12): 1, (4, 14): 1, (4, 17): 1, (4, 20): 1, (4, 21): 1, (4, 22): 1, (4, 23): 1, (5, 10): 15, (5, 12): 1, (5, 13): 1, (5, 14): 1, (5, 15): 1, (5, 16): 1, (5, 22): 1, (5, 23): 1, (5, 24): 1, (6, 9): 1, (6, 10): 1, (6, 11): 1, (6, 13): 1, (6, 17): 1, (6, 18): 1, (6, 21): 1, (6, 23): 1, (6, 24): 1, (7, 9): 1, (7, 10): 1, (7, 13): 42, (7, 16): 1, (7, 17): 1, (7, 20): 1, (7, 21): 1, (7, 24): 1, (8, 9): 1, (8, 10): 1, (8, 12): 25, (8, 13): 39, (8, 15): 1, (8, 19): 1, (8, 22): 1, (8, 24): 1, (9, 16): 29, (9, 18): 1, (9, 19): 1, (9, 20): 1, (9, 22): 1, (9, 23): 41, (9, 24): 1, (10, 11): 61, (10, 14): 1, (10, 18): 1, (10, 20): 1, (10, 22): 1, (11, 16): 4, (11, 19): 1, (11, 21): 1, (11, 22): 1, (11, 24): 17, (12, 21): 62, (12, 22): 1, (12, 23): 1, (13, 18): 1, (13, 19): 10, (13, 21): 1, (13, 23): 1, (14, 15): 1, (14, 16): 1, (14, 18): 1, (14, 19): 1, (14, 20): 1, (14, 21): 66, (14, 22): 25, (14, 23): 1, (15, 17): 102, (15, 18): 1, (15, 20): 1, (16, 20): 1, (16, 21): 1, (16, 22): 1, (16, 23): 72, (17, 19): 1, (17, 23): 9, (18, 19): 109, (18, 20): 1, (18, 21): 1, (18, 22): 1, (18, 23): 1, (18, 24): 1, (19, 20): 1, (19, 23): 1, (19, 24): 1, (20, 21): 1, (20, 22): 105, (20, 23): 16, (20, 24): 1, (22, 23): 1, (22, 24): 1}",5033.969879150391,761.0,75.0,2147.0
93.0,Graph with 25 nodes and 140 edges,"[[0, 0, 0, 0, 1, 0, 1, 1, 0, 1, 0, 0, 0, 1, 0, 1, 0, 0, 0, 1, 1, 1, 0, 1, 0], [0, 0, 1, 0, 0, 0, 0, 1, 1, 1, 1, 1, 1, 1, 0, 1, 1, 0, 0, 1, 0, 1, 0, 0, 0], [0, 1, 0, 1, 1, 0, 1, 1, 0, 0, 1, 1, 0, 1, 0, 0, 0, 1, 1, 1, 0, 0, 0, 0, 0], [0, 0, 1, 0, 1, 0, 0, 0, 0, 0, 0, 0, 0, 1, 0, 1, 1, 0, 1, 0, 0, 0, 1, 1, 0], [1, 0, 1, 1, 0, 0, 0, 1, 1, 1, 0, 0, 1, 0, 1, 1, 1, 1, 0, 0, 0, 0, 0, 1, 0], [0, 0, 0, 0, 0, 0, 0, 1, 1, 1, 0, 0, 1, 0, 0, 0, 0, 0, 1, 0, 0, 1, 0, 1, 1], [1, 0, 1, 0, 0, 0, 0, 0, 0, 1, 1, 0, 0, 0, 0, 0, 1, 1, 1, 1, 0, 1, 0, 1, 1], [1, 1, 1, 0, 1, 1, 0, 0, 1, 0, 0, 0, 1, 0, 0, 0, 1, 0, 0, 0, 1, 1, 0, 1, 1], [0, 1, 0, 0, 1, 1, 0, 1, 0, 1, 0, 1, 0, 0, 0, 0, 0, 0, 1, 0, 0, 0, 0, 0, 1], [1, 1, 0, 0, 1, 1, 1, 0, 1, 0, 1, 1, 1, 0, 1, 1, 0, 1, 1, 1, 1, 0, 1, 0, 0], [0, 1, 1, 0, 0, 0, 1, 0, 0, 1, 0, 0, 0, 1, 1, 1, 1, 1, 1, 1, 1, 0, 1, 0, 0], [0, 1, 1, 0, 0, 0, 0, 0, 1, 1, 0, 0, 1, 0, 0, 0, 1, 0, 0, 0, 0, 1, 0, 0, 1], [0, 1, 0, 0, 1, 1, 0, 1, 0, 1, 0, 1, 0, 1, 0, 0, 1, 1, 1, 0, 1, 0, 1, 0, 1], [1, 1, 1, 1, 0, 0, 0, 0, 0, 0, 1, 0, 1, 0, 1, 0, 1, 1, 1, 0, 1, 1, 0, 1, 0], [0, 0, 0, 0, 1, 0, 0, 0, 0, 1, 1, 0, 0, 1, 0, 0, 1, 0, 0, 1, 0, 1, 0, 1, 1], [1, 1, 0, 1, 1, 0, 0, 0, 0, 1, 1, 0, 0, 0, 0, 0, 0, 0, 0, 0, 0, 1, 1, 0, 0], [0, 1, 0, 1, 1, 0, 1, 1, 0, 0, 1, 1, 1, 1, 1, 0, 0, 1, 1, 1, 1, 1, 0, 0, 0], [0, 0, 1, 0, 1, 0, 1, 0, 0, 1, 1, 0, 1, 1, 0, 0, 1, 0, 1, 1, 0, 1, 0, 1, 1], [0, 0, 1, 1, 0, 1, 1, 0, 1, 1, 1, 0, 1, 1, 0, 0, 1, 1, 0, 1, 0, 1, 1, 1, 0], [1, 1, 1, 0, 0, 0, 1, 0, 0, 1, 1, 0, 0, 0, 1, 0, 1, 1, 1, 0, 1, 0, 0, 0, 1], [1, 0, 0, 0, 0, 0, 0, 1, 0, 1, 1, 0, 1, 1, 0, 0, 1, 0, 0, 1, 0, 0, 0, 1, 0], [1, 1, 0, 0, 0, 1, 1, 1, 0, 0, 0, 1, 0, 1, 1, 1, 1, 1, 1, 0, 0, 0, 1, 0, 1], [0, 0, 0, 1, 0, 0, 0, 0, 0, 1, 1, 0, 1, 0, 0, 1, 0, 0, 1, 0, 0, 1, 0, 0, 1], [1, 0, 0, 1, 1, 1, 1, 1, 0, 0, 0, 0, 0, 1, 1, 0, 0, 1, 1, 0, 1, 0, 0, 0, 0], [0, 0, 0, 0, 0, 1, 1, 1, 1, 0, 0, 1, 1, 0, 1, 0, 0, 1, 0, 1, 0, 1, 1, 0, 0]]",8.0,8.0,Y,"{0: 24, 1: 32, 2: 40, 3: 16, 4: 48, 5: 56, 6: 64, 7: 72, 8: 80, 9: 88, 10: 96, 11: 104, 12: 112, 13: 120, 14: 128, 15: 136, 16: 144, 17: 152, 18: 160, 19: 168, 20: 176, 21: 184, 22: 8, 23: 192, 24: 200}","{(0, 4): 15, (0, 6): 1, (0, 7): 1, (0, 9): 1, (0, 13): 1, (0, 15): 1, (0, 19): 1, (0, 20): 1, (0, 21): 1, (0, 23): 1, (1, 2): 21, (1, 7): 1, (1, 8): 1, (1, 9): 1, (1, 10): 1, (1, 11): 1, (1, 12): 1, (1, 13): 1, (1, 15): 1, (1, 16): 1, (1, 19): 1, (1, 21): 1, (2, 3): 9, (2, 4): 2, (2, 6): 1, (2, 7): 1, (2, 10): 1, (2, 11): 1, (2, 13): 1, (2, 17): 1, (2, 18): 1, (2, 19): 1, (3, 4): 1, (3, 13): 1, (3, 15): 1, (3, 16): 1, (3, 18): 1, (3, 22): 1, (3, 23): 1, (4, 7): 22, (4, 8): 1, (4, 9): 1, (4, 12): 1, (4, 14): 1, (4, 15): 1, (4, 16): 1, (4, 17): 1, (4, 23): 1, (5, 7): 40, (5, 8): 10, (5, 9): 1, (5, 12): 1, (5, 18): 1, (5, 21): 1, (5, 23): 1, (5, 24): 1, (6, 9): 1, (6, 10): 1, (6, 16): 3, (6, 17): 3, (6, 18): 1, (6, 19): 7, (6, 21): 6, (6, 23): 39, (6, 24): 1, (7, 8): 1, (7, 12): 1, (7, 16): 1, (7, 20): 1, (7, 21): 1, (7, 23): 1, (7, 24): 1, (8, 9): 29, (8, 11): 1, (8, 18): 32, (8, 24): 5, (9, 10): 2, (9, 11): 15, (9, 12): 1, (9, 14): 1, (9, 15): 3, (9, 17): 1, (9, 18): 27, (9, 19): 2, (9, 20): 1, (9, 22): 1, (10, 13): 1, (10, 14): 1, (10, 15): 79, (10, 16): 3, (10, 17): 3, (10, 18): 1, (10, 19): 1, (10, 20): 1, (10, 22): 1, (11, 12): 1, (11, 16): 7, (11, 21): 5, (11, 24): 73, (12, 13): 3, (12, 16): 1, (12, 17): 63, (12, 18): 3, (12, 20): 3, (12, 22): 1, (12, 24): 32, (13, 14): 1, (13, 16): 10, (13, 17): 1, (13, 18): 1, (13, 20): 1, (13, 21): 3, (13, 23): 95, (14, 16): 95, (14, 19): 1, (14, 21): 3, (14, 23): 1, (14, 24): 24, (15, 21): 49, (15, 22): 1, (16, 17): 1, (16, 18): 3, (16, 19): 1, (16, 20): 15, (16, 21): 1, (17, 18): 31, (17, 19): 1, (17, 21): 5, (17, 23): 40, (17, 24): 1, (18, 19): 3, (18, 21): 49, (18, 22): 1, (18, 23): 5, (19, 20): 146, (19, 24): 3, (20, 23): 7, (21, 22): 1, (21, 24): 58, (22, 24): 1}",5459.070205688477,765.0,75.0,2155.0
96.0,Graph with 25 nodes and 153 edges,"[[0, 0, 1, 1, 1, 1, 1, 1, 1, 0, 1, 0, 1, 1, 0, 1, 0, 1, 1, 0, 1, 0, 0, 1, 1], [0, 0, 1, 0, 0, 1, 1, 0, 1, 1, 1, 0, 1, 0, 0, 0, 0, 1, 1, 0, 0, 1, 0, 0, 0], [1, 1, 0, 1, 1, 1, 1, 0, 1, 0, 1, 1, 0, 1, 1, 1, 1, 0, 0, 1, 0, 0, 0, 1, 1], [1, 0, 1, 0, 1, 1, 1, 1, 0, 0, 1, 1, 1, 0, 0, 1, 0, 1, 1, 1, 1, 0, 0, 1, 1], [1, 0, 1, 1, 0, 0, 0, 0, 0, 0, 1, 1, 0, 1, 1, 0, 1, 1, 0, 1, 0, 0, 1, 1, 1], [1, 1, 1, 1, 0, 0, 1, 0, 0, 1, 1, 1, 0, 1, 0, 1, 0, 1, 0, 1, 0, 1, 0, 1, 0], [1, 1, 1, 1, 0, 1, 0, 1, 1, 0, 1, 1, 0, 0, 0, 1, 1, 1, 1, 0, 0, 0, 0, 1, 0], [1, 0, 0, 1, 0, 0, 1, 0, 1, 0, 0, 0, 1, 0, 0, 0, 1, 0, 0, 0, 0, 0, 0, 0, 0], [1, 1, 1, 0, 0, 0, 1, 1, 0, 1, 1, 1, 0, 1, 1, 0, 1, 1, 0, 1, 0, 1, 1, 1, 0], [0, 1, 0, 0, 0, 1, 0, 0, 1, 0, 1, 0, 0, 0, 0, 1, 1, 0, 1, 1, 1, 1, 0, 1, 1], [1, 1, 1, 1, 1, 1, 1, 0, 1, 1, 0, 0, 1, 1, 0, 0, 1, 1, 1, 0, 0, 0, 1, 1, 1], [0, 0, 1, 1, 1, 1, 1, 0, 1, 0, 0, 0, 0, 0, 1, 1, 0, 1, 1, 1, 1, 0, 1, 0, 0], [1, 1, 0, 1, 0, 0, 0, 1, 0, 0, 1, 0, 0, 1, 0, 0, 0, 0, 0, 0, 1, 1, 0, 0, 1], [1, 0, 1, 0, 1, 1, 0, 0, 1, 0, 1, 0, 1, 0, 1, 0, 0, 1, 0, 0, 1, 0, 0, 0, 0], [0, 0, 1, 0, 1, 0, 0, 0, 1, 0, 0, 1, 0, 1, 0, 1, 0, 0, 1, 0, 0, 1, 1, 1, 1], [1, 0, 1, 1, 0, 1, 1, 0, 0, 1, 0, 1, 0, 0, 1, 0, 0, 1, 1, 0, 0, 1, 0, 1, 1], [0, 0, 1, 0, 1, 0, 1, 1, 1, 1, 1, 0, 0, 0, 0, 0, 0, 0, 0, 0, 1, 1, 0, 0, 1], [1, 1, 0, 1, 1, 1, 1, 0, 1, 0, 1, 1, 0, 1, 0, 1, 0, 0, 1, 1, 0, 0, 0, 0, 0], [1, 1, 0, 1, 0, 0, 1, 0, 0, 1, 1, 1, 0, 0, 1, 1, 0, 1, 0, 1, 1, 0, 1, 0, 0], [0, 0, 1, 1, 1, 1, 0, 0, 1, 1, 0, 1, 0, 0, 0, 0, 0, 1, 1, 0, 1, 0, 1, 0, 0], [1, 0, 0, 1, 0, 0, 0, 0, 0, 1, 0, 1, 1, 1, 0, 0, 1, 0, 1, 1, 0, 1, 0, 1, 1], [0, 1, 0, 0, 0, 1, 0, 0, 1, 1, 0, 0, 1, 0, 1, 1, 1, 0, 0, 0, 1, 0, 0, 0, 0], [0, 0, 0, 0, 1, 0, 0, 0, 1, 0, 1, 1, 0, 0, 1, 0, 0, 0, 1, 1, 0, 0, 0, 0, 1], [1, 0, 1, 1, 1, 1, 1, 0, 1, 1, 1, 0, 0, 0, 1, 1, 0, 0, 0, 0, 1, 0, 0, 0, 0], [1, 0, 1, 1, 1, 0, 0, 0, 0, 1, 1, 0, 1, 0, 1, 1, 1, 0, 0, 0, 1, 0, 1, 0, 0]]",14.0,7.0,Y,"{0: 175, 1: 28, 2: 168, 3: 161, 4: 77, 5: 84, 6: 14, 7: 70, 8: 154, 9: 147, 10: 182, 11: 140, 12: 63, 13: 21, 14: 133, 15: 112, 16: 91, 17: 49, 18: 42, 19: 98, 20: 105, 21: 56, 22: 126, 23: 35, 24: 119}","{(0, 2): 1, (0, 3): 1, (0, 4): 1, (0, 5): 1, (0, 6): 1, (0, 7): 1, (0, 8): 1, (0, 10): 61, (0, 12): 1, (0, 13): 1, (0, 15): 100, (0, 17): 1, (0, 18): 1, (0, 20): 1, (0, 23): 1, (0, 24): 1, (1, 2): 1, (1, 5): 1, (1, 6): 1, (1, 8): 1, (1, 9): 1, (1, 10): 19, (1, 12): 1, (1, 17): 1, (1, 18): 1, (1, 21): 1, (2, 3): 1, (2, 4): 1, (2, 5): 1, (2, 6): 1, (2, 8): 1, (2, 10): 1, (2, 11): 2, (2, 13): 1, (2, 14): 123, (2, 15): 1, (2, 16): 1, (2, 19): 30, (2, 23): 1, (2, 24): 1, (3, 4): 1, (3, 5): 1, (3, 6): 1, (3, 7): 65, (3, 10): 1, (3, 11): 1, (3, 12): 1, (3, 15): 1, (3, 17): 1, (3, 18): 1, (3, 19): 1, (3, 20): 82, (3, 23): 1, (3, 24): 1, (4, 10): 65, (4, 11): 1, (4, 13): 1, (4, 14): 1, (4, 16): 1, (4, 17): 1, (4, 19): 1, (4, 22): 1, (4, 23): 1, (4, 24): 1, (5, 6): 1, (5, 9): 1, (5, 10): 24, (5, 11): 1, (5, 13): 1, (5, 15): 1, (5, 17): 1, (5, 19): 1, (5, 21): 25, (5, 23): 24, (6, 7): 1, (6, 8): 1, (6, 10): 1, (6, 11): 1, (6, 15): 1, (6, 16): 1, (6, 17): 1, (6, 18): 1, (6, 23): 1, (7, 8): 1, (7, 12): 1, (7, 16): 1, (8, 9): 1, (8, 10): 1, (8, 11): 1, (8, 13): 1, (8, 14): 1, (8, 16): 1, (8, 17): 1, (8, 19): 1, (8, 21): 24, (8, 22): 116, (8, 23): 1, (9, 10): 1, (9, 15): 1, (9, 16): 82, (9, 18): 1, (9, 19): 1, (9, 20): 1, (9, 21): 1, (9, 23): 1, (9, 24): 55, (10, 12): 1, (10, 13): 1, (10, 16): 1, (10, 17): 1, (10, 18): 1, (10, 22): 1, (10, 23): 1, (10, 24): 1, (11, 14): 1, (11, 15): 1, (11, 17): 26, (11, 18): 30, (11, 19): 59, (11, 20): 12, (11, 22): 4, (12, 13): 1, (12, 20): 2, (12, 21): 1, (12, 24): 54, (13, 14): 1, (13, 17): 12, (13, 20): 1, (14, 15): 1, (14, 18): 1, (14, 21): 1, (14, 22): 1, (14, 23): 1, (14, 24): 1, (15, 17): 1, (15, 18): 1, (15, 21): 1, (15, 23): 1, (15, 24): 1, (16, 20): 1, (16, 21): 1, (16, 24): 1, (17, 18): 1, (17, 19): 1, (18, 19): 1, (18, 20): 1, (18, 22): 1, (19, 20): 1, (19, 22): 1, (20, 21): 1, (20, 23): 1, (20, 24): 1, (22, 24): 1}",4026.174545288086,778.0,75.0,2181.0
96.0,Graph with 25 nodes and 153 edges,"[[0, 0, 1, 1, 1, 1, 1, 1, 1, 0, 1, 0, 1, 1, 0, 1, 0, 1, 1, 0, 1, 0, 0, 1, 1], [0, 0, 1, 0, 0, 1, 1, 0, 1, 1, 1, 0, 1, 0, 0, 0, 0, 1, 1, 0, 0, 1, 0, 0, 0], [1, 1, 0, 1, 1, 1, 1, 0, 1, 0, 1, 1, 0, 1, 1, 1, 1, 0, 0, 1, 0, 0, 0, 1, 1], [1, 0, 1, 0, 1, 1, 1, 1, 0, 0, 1, 1, 1, 0, 0, 1, 0, 1, 1, 1, 1, 0, 0, 1, 1], [1, 0, 1, 1, 0, 0, 0, 0, 0, 0, 1, 1, 0, 1, 1, 0, 1, 1, 0, 1, 0, 0, 1, 1, 1], [1, 1, 1, 1, 0, 0, 1, 0, 0, 1, 1, 1, 0, 1, 0, 1, 0, 1, 0, 1, 0, 1, 0, 1, 0], [1, 1, 1, 1, 0, 1, 0, 1, 1, 0, 1, 1, 0, 0, 0, 1, 1, 1, 1, 0, 0, 0, 0, 1, 0], [1, 0, 0, 1, 0, 0, 1, 0, 1, 0, 0, 0, 1, 0, 0, 0, 1, 0, 0, 0, 0, 0, 0, 0, 0], [1, 1, 1, 0, 0, 0, 1, 1, 0, 1, 1, 1, 0, 1, 1, 0, 1, 1, 0, 1, 0, 1, 1, 1, 0], [0, 1, 0, 0, 0, 1, 0, 0, 1, 0, 1, 0, 0, 0, 0, 1, 1, 0, 1, 1, 1, 1, 0, 1, 1], [1, 1, 1, 1, 1, 1, 1, 0, 1, 1, 0, 0, 1, 1, 0, 0, 1, 1, 1, 0, 0, 0, 1, 1, 1], [0, 0, 1, 1, 1, 1, 1, 0, 1, 0, 0, 0, 0, 0, 1, 1, 0, 1, 1, 1, 1, 0, 1, 0, 0], [1, 1, 0, 1, 0, 0, 0, 1, 0, 0, 1, 0, 0, 1, 0, 0, 0, 0, 0, 0, 1, 1, 0, 0, 1], [1, 0, 1, 0, 1, 1, 0, 0, 1, 0, 1, 0, 1, 0, 1, 0, 0, 1, 0, 0, 1, 0, 0, 0, 0], [0, 0, 1, 0, 1, 0, 0, 0, 1, 0, 0, 1, 0, 1, 0, 1, 0, 0, 1, 0, 0, 1, 1, 1, 1], [1, 0, 1, 1, 0, 1, 1, 0, 0, 1, 0, 1, 0, 0, 1, 0, 0, 1, 1, 0, 0, 1, 0, 1, 1], [0, 0, 1, 0, 1, 0, 1, 1, 1, 1, 1, 0, 0, 0, 0, 0, 0, 0, 0, 0, 1, 1, 0, 0, 1], [1, 1, 0, 1, 1, 1, 1, 0, 1, 0, 1, 1, 0, 1, 0, 1, 0, 0, 1, 1, 0, 0, 0, 0, 0], [1, 1, 0, 1, 0, 0, 1, 0, 0, 1, 1, 1, 0, 0, 1, 1, 0, 1, 0, 1, 1, 0, 1, 0, 0], [0, 0, 1, 1, 1, 1, 0, 0, 1, 1, 0, 1, 0, 0, 0, 0, 0, 1, 1, 0, 1, 0, 1, 0, 0], [1, 0, 0, 1, 0, 0, 0, 0, 0, 1, 0, 1, 1, 1, 0, 0, 1, 0, 1, 1, 0, 1, 0, 1, 1], [0, 1, 0, 0, 0, 1, 0, 0, 1, 1, 0, 0, 1, 0, 1, 1, 1, 0, 0, 0, 1, 0, 0, 0, 0], [0, 0, 0, 0, 1, 0, 0, 0, 1, 0, 1, 1, 0, 0, 1, 0, 0, 0, 1, 1, 0, 0, 0, 0, 1], [1, 0, 1, 1, 1, 1, 1, 0, 1, 1, 1, 0, 0, 0, 1, 1, 0, 0, 0, 0, 1, 0, 0, 0, 0], [1, 0, 1, 1, 1, 0, 0, 0, 0, 1, 1, 0, 1, 0, 1, 1, 1, 0, 0, 0, 1, 0, 1, 0, 0]]",18.0,3.0,Y,"{0: 21, 1: 24, 2: 27, 3: 30, 4: 33, 5: 36, 6: 39, 7: 42, 8: 45, 9: 48, 10: 51, 11: 54, 12: 57, 13: 60, 14: 63, 15: 66, 16: 69, 17: 72, 18: 75, 19: 78, 20: 81, 21: 84, 22: 87, 23: 90, 24: 18}","{(0, 2): 6, (0, 3): 1, (0, 4): 1, (0, 5): 1, (0, 6): 1, (0, 7): 1, (0, 8): 1, (0, 10): 1, (0, 12): 1, (0, 13): 1, (0, 15): 1, (0, 17): 1, (0, 18): 1, (0, 20): 1, (0, 23): 1, (0, 24): 1, (1, 2): 7, (1, 5): 9, (1, 6): 1, (1, 8): 1, (1, 9): 1, (1, 10): 1, (1, 12): 1, (1, 17): 1, (1, 18): 1, (1, 21): 1, (2, 3): 1, (2, 4): 1, (2, 5): 1, (2, 6): 1, (2, 8): 1, (2, 10): 1, (2, 11): 1, (2, 13): 1, (2, 14): 1, (2, 15): 1, (2, 16): 1, (2, 19): 1, (2, 23): 1, (2, 24): 1, (3, 4): 15, (3, 5): 1, (3, 6): 1, (3, 7): 1, (3, 10): 1, (3, 11): 1, (3, 12): 1, (3, 15): 1, (3, 17): 1, (3, 18): 1, (3, 19): 1, (3, 20): 1, (3, 23): 1, (3, 24): 1, (4, 10): 7, (4, 11): 1, (4, 13): 1, (4, 14): 1, (4, 16): 1, (4, 17): 1, (4, 19): 1, (4, 22): 1, (4, 23): 1, (4, 24): 1, (5, 6): 15, (5, 9): 1, (5, 10): 1, (5, 11): 1, (5, 13): 1, (5, 15): 1, (5, 17): 1, (5, 19): 1, (5, 21): 1, (5, 23): 1, (6, 7): 12, (6, 8): 1, (6, 10): 1, (6, 11): 1, (6, 15): 1, (6, 16): 1, (6, 17): 1, (6, 18): 1, (6, 23): 1, (7, 8): 1, (7, 12): 1, (7, 16): 26, (8, 9): 1, (8, 10): 1, (8, 11): 16, (8, 13): 5, (8, 14): 1, (8, 16): 8, (8, 17): 1, (8, 19): 1, (8, 21): 1, (8, 22): 1, (8, 23): 4, (9, 10): 1, (9, 15): 9, (9, 16): 5, (9, 18): 11, (9, 19): 12, (9, 20): 1, (9, 21): 1, (9, 23): 4, (9, 24): 1, (10, 12): 1, (10, 13): 1, (10, 16): 1, (10, 17): 1, (10, 18): 15, (10, 22): 15, (10, 23): 1, (10, 24): 1, (11, 14): 1, (11, 15): 2, (11, 17): 1, (11, 18): 1, (11, 19): 12, (11, 20): 15, (11, 22): 1, (12, 13): 5, (12, 20): 1, (12, 21): 39, (12, 24): 7, (13, 14): 1, (13, 17): 43, (13, 20): 1, (14, 15): 15, (14, 18): 5, (14, 21): 1, (14, 22): 18, (14, 23): 18, (14, 24): 1, (15, 17): 13, (15, 18): 5, (15, 21): 15, (15, 23): 1, (15, 24): 1, (16, 20): 1, (16, 21): 24, (16, 24): 1, (17, 18): 6, (17, 19): 1, (18, 19): 12, (18, 20): 1, (18, 22): 15, (19, 20): 1, (19, 22): 35, (20, 21): 1, (20, 23): 56, (20, 24): 1, (22, 24): 1}",5131.959915161133,778.0,75.0,2181.0
97.0,Graph with 25 nodes and 149 edges,"[[0, 0, 1, 0, 1, 0, 0, 1, 0, 0, 1, 1, 0, 1, 1, 1, 1, 0, 0, 0, 0, 0, 1, 1, 0], [0, 0, 1, 0, 1, 0, 0, 0, 0, 1, 0, 0, 0, 0, 0, 0, 1, 0, 0, 0, 1, 1, 1, 0, 1], [1, 1, 0, 0, 0, 0, 1, 1, 1, 1, 0, 1, 0, 0, 1, 1, 0, 0, 0, 0, 0, 1, 0, 0, 0], [0, 0, 0, 0, 0, 1, 1, 1, 1, 1, 1, 1, 0, 0, 0, 1, 1, 1, 0, 1, 0, 0, 1, 1, 1], [1, 1, 0, 0, 0, 1, 1, 0, 1, 0, 0, 1, 0, 1, 0, 1, 1, 1, 0, 0, 1, 1, 0, 1, 1], [0, 0, 0, 1, 1, 0, 1, 0, 0, 0, 1, 1, 0, 1, 1, 1, 0, 0, 1, 0, 1, 0, 0, 1, 0], [0, 0, 1, 1, 1, 1, 0, 0, 1, 1, 1, 0, 0, 1, 0, 0, 0, 0, 1, 0, 1, 0, 1, 0, 1], [1, 0, 1, 1, 0, 0, 0, 0, 0, 0, 1, 0, 0, 0, 0, 0, 1, 1, 1, 0, 0, 1, 1, 1, 1], [0, 0, 1, 1, 1, 0, 1, 0, 0, 0, 1, 0, 1, 1, 0, 1, 1, 0, 1, 1, 1, 0, 0, 1, 0], [0, 1, 1, 1, 0, 0, 1, 0, 0, 0, 1, 0, 0, 0, 0, 1, 1, 1, 0, 1, 0, 0, 0, 0, 1], [1, 0, 0, 1, 0, 1, 1, 1, 1, 1, 0, 0, 1, 0, 1, 1, 0, 0, 1, 1, 1, 0, 1, 1, 1], [1, 0, 1, 1, 1, 1, 0, 0, 0, 0, 0, 0, 1, 1, 1, 1, 0, 1, 1, 0, 1, 0, 1, 1, 1], [0, 0, 0, 0, 0, 0, 0, 0, 1, 0, 1, 1, 0, 1, 0, 1, 0, 1, 1, 0, 1, 0, 1, 1, 1], [1, 0, 0, 0, 1, 1, 1, 0, 1, 0, 0, 1, 1, 0, 0, 0, 0, 0, 1, 0, 0, 0, 1, 1, 0], [1, 0, 1, 0, 0, 1, 0, 0, 0, 0, 1, 1, 0, 0, 0, 0, 0, 0, 1, 1, 0, 1, 0, 0, 0], [1, 0, 1, 1, 1, 1, 0, 0, 1, 1, 1, 1, 1, 0, 0, 0, 0, 0, 1, 0, 1, 1, 0, 1, 1], [1, 1, 0, 1, 1, 0, 0, 1, 1, 1, 0, 0, 0, 0, 0, 0, 0, 1, 0, 1, 0, 1, 1, 0, 0], [0, 0, 0, 1, 1, 0, 0, 1, 0, 1, 0, 1, 1, 0, 0, 0, 1, 0, 1, 1, 0, 0, 0, 1, 0], [0, 0, 0, 0, 0, 1, 1, 1, 1, 0, 1, 1, 1, 1, 1, 1, 0, 1, 0, 1, 0, 0, 0, 1, 1], [0, 0, 0, 1, 0, 0, 0, 0, 1, 1, 1, 0, 0, 0, 1, 0, 1, 1, 1, 0, 0, 1, 1, 0, 0], [0, 1, 0, 0, 1, 1, 1, 0, 1, 0, 1, 1, 1, 0, 0, 1, 0, 0, 0, 0, 0, 1, 0, 1, 0], [0, 1, 1, 0, 1, 0, 0, 1, 0, 0, 0, 0, 0, 0, 1, 1, 1, 0, 0, 1, 1, 0, 0, 1, 1], [1, 1, 0, 1, 0, 0, 1, 1, 0, 0, 1, 1, 1, 1, 0, 0, 1, 0, 0, 1, 0, 0, 0, 1, 1], [1, 0, 0, 1, 1, 1, 0, 1, 1, 0, 1, 1, 1, 1, 0, 1, 0, 1, 1, 0, 1, 1, 1, 0, 0], [0, 1, 0, 1, 1, 0, 1, 1, 0, 1, 1, 1, 1, 0, 0, 1, 0, 0, 1, 0, 0, 1, 1, 0, 0]]",18.0,8.0,Y,"{0: 26, 1: 34, 2: 42, 3: 50, 4: 58, 5: 66, 6: 74, 7: 82, 8: 90, 9: 98, 10: 106, 11: 114, 12: 122, 13: 130, 14: 138, 15: 146, 16: 154, 17: 162, 18: 170, 19: 178, 20: 186, 21: 194, 22: 202, 23: 210, 24: 18}","{(0, 2): 16, (0, 4): 1, (0, 7): 1, (0, 10): 1, (0, 11): 1, (0, 13): 1, (0, 14): 1, (0, 15): 1, (0, 16): 1, (0, 22): 1, (0, 23): 1, (1, 2): 18, (1, 4): 10, (1, 9): 1, (1, 16): 1, (1, 20): 1, (1, 21): 1, (1, 22): 1, (1, 24): 1, (2, 6): 1, (2, 7): 1, (2, 8): 1, (2, 9): 1, (2, 11): 1, (2, 14): 1, (2, 15): 1, (2, 21): 1, (3, 5): 37, (3, 6): 1, (3, 7): 1, (3, 8): 1, (3, 9): 1, (3, 10): 1, (3, 11): 1, (3, 15): 1, (3, 16): 1, (3, 17): 1, (3, 19): 1, (3, 22): 1, (3, 23): 1, (3, 24): 1, (4, 5): 20, (4, 6): 17, (4, 8): 1, (4, 11): 1, (4, 13): 1, (4, 15): 1, (4, 16): 1, (4, 17): 1, (4, 20): 1, (4, 21): 1, (4, 23): 1, (4, 24): 1, (5, 6): 1, (5, 10): 1, (5, 11): 1, (5, 13): 1, (5, 14): 1, (5, 15): 1, (5, 18): 1, (5, 20): 1, (5, 23): 1, (6, 8): 47, (6, 9): 1, (6, 10): 1, (6, 13): 1, (6, 18): 1, (6, 20): 1, (6, 22): 1, (6, 24): 1, (7, 10): 72, (7, 16): 1, (7, 17): 1, (7, 18): 1, (7, 21): 1, (7, 22): 1, (7, 23): 1, (7, 24): 1, (8, 10): 1, (8, 12): 1, (8, 13): 1, (8, 15): 1, (8, 16): 1, (8, 18): 1, (8, 19): 1, (8, 20): 32, (8, 23): 1, (9, 10): 1, (9, 15): 1, (9, 16): 1, (9, 17): 89, (9, 19): 1, (9, 24): 1, (10, 12): 1, (10, 14): 1, (10, 15): 1, (10, 18): 1, (10, 19): 1, (10, 20): 20, (10, 22): 1, (10, 23): 1, (10, 24): 1, (11, 12): 1, (11, 13): 60, (11, 14): 1, (11, 15): 1, (11, 17): 1, (11, 18): 1, (11, 20): 41, (11, 22): 1, (11, 23): 1, (11, 24): 1, (12, 13): 1, (12, 15): 1, (12, 17): 1, (12, 18): 1, (12, 20): 1, (12, 22): 112, (12, 23): 1, (12, 24): 1, (13, 18): 1, (13, 22): 62, (13, 23): 1, (14, 18): 1, (14, 19): 9, (14, 21): 123, (15, 18): 1, (15, 20): 30, (15, 21): 1, (15, 23): 103, (15, 24): 1, (16, 17): 1, (16, 19): 144, (16, 21): 1, (16, 22): 1, (17, 18): 65, (17, 19): 1, (17, 23): 1, (18, 19): 1, (18, 23): 93, (18, 24): 1, (19, 21): 1, (19, 22): 18, (20, 21): 57, (20, 23): 1, (21, 23): 1, (21, 24): 6, (22, 23): 1, (22, 24): 1}",4508.97216796875,774.0,75.0,2173.0
99.0,Graph with 25 nodes and 149 edges,"[[0, 1, 1, 0, 0, 1, 1, 1, 0, 1, 0, 0, 1, 1, 1, 0, 0, 1, 0, 0, 0, 1, 0, 1, 1], [1, 0, 1, 1, 0, 1, 1, 0, 0, 0, 0, 0, 0, 0, 1, 0, 0, 0, 0, 1, 0, 0, 0, 0, 1], [1, 1, 0, 0, 0, 1, 1, 0, 1, 0, 0, 1, 1, 0, 0, 0, 1, 1, 1, 1, 0, 0, 0, 1, 1], [0, 1, 0, 0, 0, 0, 1, 1, 0, 1, 1, 1, 1, 0, 0, 1, 1, 0, 0, 1, 1, 0, 1, 1, 1], [0, 0, 0, 0, 0, 0, 1, 0, 1, 0, 0, 0, 1, 0, 0, 1, 1, 1, 1, 0, 1, 0, 0, 0, 1], [1, 1, 1, 0, 0, 0, 1, 0, 1, 1, 1, 1, 0, 1, 0, 1, 1, 0, 1, 0, 0, 1, 0, 1, 1], [1, 1, 1, 1, 1, 1, 0, 1, 1, 1, 1, 0, 0, 1, 1, 1, 0, 1, 0, 0, 1, 0, 1, 1, 0], [1, 0, 0, 1, 0, 0, 1, 0, 0, 0, 1, 1, 1, 0, 1, 0, 0, 0, 0, 0, 0, 1, 1, 0, 0], [0, 0, 1, 0, 1, 1, 1, 0, 0, 1, 1, 1, 1, 1, 0, 0, 0, 1, 1, 1, 0, 0, 0, 1, 0], [1, 0, 0, 1, 0, 1, 1, 0, 1, 0, 1, 0, 0, 1, 0, 1, 0, 0, 0, 0, 1, 1, 0, 0, 1], [0, 0, 0, 1, 0, 1, 1, 1, 1, 1, 0, 0, 0, 1, 1, 0, 0, 0, 0, 1, 0, 1, 1, 1, 1], [0, 0, 1, 1, 0, 1, 0, 1, 1, 0, 0, 0, 1, 0, 1, 1, 0, 0, 1, 0, 1, 0, 0, 0, 1], [1, 0, 1, 1, 1, 0, 0, 1, 1, 0, 0, 1, 0, 0, 1, 1, 1, 0, 0, 0, 0, 0, 0, 0, 0], [1, 0, 0, 0, 0, 1, 1, 0, 1, 1, 1, 0, 0, 0, 1, 1, 1, 0, 1, 0, 0, 1, 1, 1, 1], [1, 1, 0, 0, 0, 0, 1, 1, 0, 0, 1, 1, 1, 1, 0, 1, 1, 0, 1, 0, 0, 0, 1, 0, 1], [0, 0, 0, 1, 1, 1, 1, 0, 0, 1, 0, 1, 1, 1, 1, 0, 1, 1, 0, 1, 1, 1, 1, 0, 1], [0, 0, 1, 1, 1, 1, 0, 0, 0, 0, 0, 0, 1, 1, 1, 1, 0, 1, 1, 1, 0, 0, 1, 0, 0], [1, 0, 1, 0, 1, 0, 1, 0, 1, 0, 0, 0, 0, 0, 0, 1, 1, 0, 0, 1, 0, 1, 0, 1, 1], [0, 0, 1, 0, 1, 1, 0, 0, 1, 0, 0, 1, 0, 1, 1, 0, 1, 0, 0, 1, 1, 0, 0, 0, 1], [0, 1, 1, 1, 0, 0, 0, 0, 1, 0, 1, 0, 0, 0, 0, 1, 1, 1, 1, 0, 1, 0, 1, 0, 0], [0, 0, 0, 1, 1, 0, 1, 0, 0, 1, 0, 1, 0, 0, 0, 1, 0, 0, 1, 1, 0, 0, 0, 1, 1], [1, 0, 0, 0, 0, 1, 0, 1, 0, 1, 1, 0, 0, 1, 0, 1, 0, 1, 0, 0, 0, 0, 0, 1, 0], [0, 0, 0, 1, 0, 0, 1, 1, 0, 0, 1, 0, 0, 1, 1, 1, 1, 0, 0, 1, 0, 0, 0, 0, 0], [1, 0, 1, 1, 0, 1, 1, 0, 1, 0, 1, 0, 0, 1, 0, 0, 0, 1, 0, 0, 1, 1, 0, 0, 0], [1, 1, 1, 1, 1, 1, 0, 0, 0, 1, 1, 1, 0, 1, 1, 1, 0, 1, 1, 0, 1, 0, 0, 0, 0]]",24.0,4.0,Y,"{0: 28, 1: 32, 2: 36, 3: 40, 4: 44, 5: 48, 6: 52, 7: 56, 8: 60, 9: 64, 10: 68, 11: 72, 12: 76, 13: 80, 14: 84, 15: 88, 16: 92, 17: 96, 18: 100, 19: 104, 20: 108, 21: 112, 22: 116, 23: 120, 24: 24}","{(0, 1): 16, (0, 2): 1, (0, 5): 1, (0, 6): 1, (0, 7): 1, (0, 9): 1, (0, 12): 1, (0, 13): 1, (0, 14): 1, (0, 17): 1, (0, 21): 1, (0, 23): 1, (0, 24): 1, (1, 2): 10, (1, 3): 1, (1, 5): 1, (1, 6): 1, (1, 14): 1, (1, 19): 1, (1, 24): 1, (2, 5): 15, (2, 6): 1, (2, 8): 1, (2, 11): 1, (2, 12): 1, (2, 16): 1, (2, 17): 1, (2, 18): 1, (2, 19): 1, (2, 23): 1, (2, 24): 1, (3, 6): 27, (3, 7): 1, (3, 9): 1, (3, 10): 1, (3, 11): 1, (3, 12): 1, (3, 15): 1, (3, 16): 1, (3, 19): 1, (3, 20): 1, (3, 22): 1, (3, 23): 1, (3, 24): 1, (4, 6): 10, (4, 8): 27, (4, 12): 1, (4, 15): 1, (4, 16): 1, (4, 17): 1, (4, 18): 1, (4, 20): 1, (4, 24): 1, (5, 6): 1, (5, 8): 20, (5, 9): 1, (5, 10): 1, (5, 11): 1, (5, 13): 1, (5, 15): 1, (5, 16): 1, (5, 18): 1, (5, 21): 1, (5, 23): 1, (5, 24): 1, (6, 7): 1, (6, 8): 1, (6, 9): 1, (6, 10): 1, (6, 13): 1, (6, 14): 1, (6, 15): 1, (6, 17): 1, (6, 20): 1, (6, 22): 1, (6, 23): 1, (7, 10): 1, (7, 11): 1, (7, 12): 1, (7, 14): 1, (7, 21): 4, (7, 22): 45, (8, 9): 1, (8, 10): 1, (8, 11): 1, (8, 12): 1, (8, 13): 1, (8, 17): 1, (8, 18): 1, (8, 19): 3, (8, 23): 1, (9, 10): 1, (9, 13): 1, (9, 15): 1, (9, 20): 25, (9, 21): 28, (9, 24): 3, (10, 13): 1, (10, 14): 10, (10, 19): 40, (10, 21): 2, (10, 22): 1, (10, 23): 7, (10, 24): 1, (11, 12): 52, (11, 14): 1, (11, 15): 7, (11, 18): 1, (11, 20): 5, (11, 24): 1, (12, 14): 13, (12, 15): 3, (12, 16): 2, (13, 14): 1, (13, 15): 1, (13, 16): 33, (13, 18): 32, (13, 21): 1, (13, 22): 1, (13, 23): 4, (13, 24): 1, (14, 15): 1, (14, 16): 42, (14, 18): 1, (14, 22): 8, (14, 24): 3, (15, 16): 1, (15, 17): 4, (15, 19): 1, (15, 20): 5, (15, 21): 50, (15, 22): 9, (15, 24): 1, (16, 17): 7, (16, 18): 1, (16, 19): 1, (16, 22): 1, (17, 19): 3, (17, 21): 2, (17, 23): 74, (17, 24): 1, (18, 19): 3, (18, 20): 57, (18, 24): 1, (19, 20): 1, (19, 22): 49, (20, 23): 6, (20, 24): 6, (21, 23): 23}",5561.113357543945,774.0,75.0,2173.0
