,adjacency_list,a,d,qubo_fixed,offset,formulation_time/microseconds,pegasus_embedding,pegasus_embedding_time,zephyr_embedding,zephyr_embedding_time
0,"[[0, 0, 0, 1, 1], [0, 0, 0, 0, 1], [0, 0, 0, 0, 1], [1, 0, 0, 0, 0], [1, 1, 1, 0, 0]]",2,1,"{('y00', 'y00'): -10.0, ('y00', 'y01'): 8, ('y00', 'y02'): 16, ('y00', 'y10'): 2, ('y00', 'y11'): 4, ('y00', 'y12'): 8, ('y01', 'y01'): -16.0, ('y01', 'y02'): 32, ('y01', 'y10'): 4, ('y01', 'y11'): 8, ('y01', 'y12'): 16, ('y02', 'y02'): -16.0, ('y02', 'y10'): 8, ('y02', 'y11'): 16, ('y02', 'y12'): 32, ('y10', 'y10'): -10.0, ('y10', 'y11'): 8, ('y10', 'y12'): 16, ('y11', 'y11'): -16.0, ('y11', 'y12'): 32, ('y12', 'y12'): -16.0, ('y20', 'y20'): -6.0, ('y20', 'y21'): 8, ('y20', 'y22'): 16, ('y21', 'y21'): -8.0, ('y21', 'y22'): 32, ('y22', 'y22'): 0.0, ('y30', 'y30'): -8.0, ('y30', 'y31'): 8, ('y30', 'y32'): 16, ('y31', 'y31'): -12.0, ('y31', 'y32'): 32, ('y32', 'y32'): -8.0, ('y10', 'y20'): 2, ('y10', 'y21'): 4, ('y10', 'y22'): 8, ('y10', 'y30'): 2, ('y10', 'y31'): 4, ('y10', 'y32'): 8, ('y11', 'y20'): 4, ('y11', 'y21'): 8, ('y11', 'y22'): 16, ('y11', 'y30'): 4, ('y11', 'y31'): 8, ('y11', 'y32'): 16, ('y12', 'y20'): 8, ('y12', 'y21'): 16, ('y12', 'y22'): 32, ('y12', 'y30'): 8, ('y12', 'y31'): 16, ('y12', 'y32'): 32, ('y20', 'y30'): 2, ('y20', 'y31'): 4, ('y20', 'y32'): 8, ('y21', 'y30'): 4, ('y21', 'y31'): 8, ('y21', 'y32'): 16, ('y22', 'y30'): 8, ('y22', 'y31'): 16, ('y22', 'y32'): 32}",32,541.1999999996198,"{'y00': [4462, 1522], 'y01': [4433], 'y02': [1537, 1538], 'y10': [4508, 1583], 'y11': [4418, 4419], 'y12': [4523, 1568], 'y20': [4463, 1643], 'y21': [4493, 1673], 'y22': [4448, 1628], 'y30': [4478, 1658], 'y31': [1613], 'y32': [1598]}",37176.00000000054,"{'y00': [831], 'y01': [331], 'y02': [326], 'y10': [314, 860], 'y11': [319, 848], 'y12': [242, 836], 'y20': [259], 'y21': [824], 'y22': [854, 271], 'y30': [830, 283], 'y31': [819, 818], 'y32': [254]}",40185.000000008135
1,"[[0, 0, 0, 1, 1], [0, 0, 0, 0, 1], [0, 0, 0, 0, 1], [1, 0, 0, 0, 1], [1, 1, 1, 1, 0]]",2,2,"{('y00', 'y00'): -18.0, ('y00', 'y01'): 8, ('y00', 'y02'): 16, ('y00', 'y10'): 2, ('y00', 'y11'): 4, ('y00', 'y12'): 8, ('y01', 'y01'): -32.0, ('y01', 'y02'): 32, ('y01', 'y10'): 4, ('y01', 'y11'): 8, ('y01', 'y12'): 16, ('y02', 'y02'): -48.0, ('y02', 'y10'): 8, ('y02', 'y11'): 16, ('y02', 'y12'): 32, ('y10', 'y10'): -18.0, ('y10', 'y11'): 8, ('y10', 'y12'): 16, ('y11', 'y11'): -32.0, ('y11', 'y12'): 32, ('y12', 'y12'): -48.0, ('y20', 'y20'): -12.0, ('y20', 'y21'): 8, ('y20', 'y22'): 16, ('y21', 'y21'): -20.0, ('y21', 'y22'): 32, ('y22', 'y22'): -24.0, ('y30', 'y30'): -16.0, ('y30', 'y31'): 8, ('y30', 'y32'): 16, ('y31', 'y31'): -28.0, ('y31', 'y32'): 32, ('y32', 'y32'): -40.0, ('y00', 'y40'): 2, ('y00', 'y41'): 4, ('y00', 'y42'): 8, ('y01', 'y40'): 4, ('y01', 'y41'): 8, ('y01', 'y42'): 16, ('y02', 'y40'): 8, ('y02', 'y41'): 16, ('y02', 'y42'): 32, ('y40', 'y40'): -22.0, ('y40', 'y41'): 8, ('y40', 'y42'): 16, ('y41', 'y41'): -40.0, ('y41', 'y42'): 32, ('y42', 'y42'): -64.0, ('y10', 'y20'): 2, ('y10', 'y21'): 4, ('y10', 'y22'): 8, ('y10', 'y30'): 2, ('y10', 'y31'): 4, ('y10', 'y32'): 8, ('y10', 'y40'): 2, ('y10', 'y41'): 4, ('y10', 'y42'): 8, ('y11', 'y20'): 4, ('y11', 'y21'): 8, ('y11', 'y22'): 16, ('y11', 'y30'): 4, ('y11', 'y31'): 8, ('y11', 'y32'): 16, ('y11', 'y40'): 4, ('y11', 'y41'): 8, ('y11', 'y42'): 16, ('y12', 'y20'): 8, ('y12', 'y21'): 16, ('y12', 'y22'): 32, ('y12', 'y30'): 8, ('y12', 'y31'): 16, ('y12', 'y32'): 32, ('y12', 'y40'): 8, ('y12', 'y41'): 16, ('y12', 'y42'): 32, ('y20', 'y30'): 2, ('y20', 'y31'): 4, ('y20', 'y32'): 8, ('y20', 'y40'): 2, ('y20', 'y41'): 4, ('y20', 'y42'): 8, ('y21', 'y30'): 4, ('y21', 'y31'): 8, ('y21', 'y32'): 16, ('y21', 'y40'): 4, ('y21', 'y41'): 8, ('y21', 'y42'): 16, ('y22', 'y30'): 8, ('y22', 'y31'): 16, ('y22', 'y32'): 32, ('y22', 'y40'): 8, ('y22', 'y41'): 16, ('y22', 'y42'): 32, ('y30', 'y40'): 2, ('y30', 'y41'): 4, ('y30', 'y42'): 8, ('y31', 'y40'): 4, ('y31', 'y41'): 8, ('y31', 'y42'): 16, ('y32', 'y40'): 8, ('y32', 'y41'): 16, ('y32', 'y42'): 32}",98,547.3999999995982,"{'y00': [3733], 'y01': [2613, 3719], 'y02': [3748], 'y10': [2555, 3928, 2554], 'y11': [3778, 2644], 'y12': [2584, 3763, 2583], 'y20': [2629, 3824], 'y21': [2614, 3809], 'y22': [2599, 3899], 'y30': [3869], 'y31': [3854], 'y32': [3839, 2674, 3838], 'y40': [2659, 2660], 'y41': [3704, 2689, 2598], 'y42': [2570, 2569, 3913]}",71896.00000000063,"{'y00': [720, 90], 'y01': [744, 54], 'y02': [750], 'y10': [726, 133], 'y11': [61], 'y12': [49, 780], 'y20': [786, 139], 'y21': [810], 'y22': [55, 774], 'y30': [798, 127], 'y31': [804, 805], 'y32': [738, 109], 'y40': [756, 85], 'y41': [67, 66], 'y42': [762, 97]}",34695.999999996726
2,"[[0, 0, 0, 1, 1], [0, 0, 0, 0, 1], [0, 0, 0, 0, 1], [1, 0, 0, 0, 1], [1, 1, 1, 1, 0]]",2,3,"{('y00', 'y00'): -28.0, ('y00', 'y01'): 8, ('y00', 'y02'): 16, ('y00', 'y03'): 32, ('y00', 'y10'): 2, ('y00', 'y11'): 4, ('y00', 'y12'): 8, ('y00', 'y13'): 16, ('y01', 'y01'): -52.0, ('y01', 'y02'): 32, ('y01', 'y03'): 64, ('y01', 'y10'): 4, ('y01', 'y11'): 8, ('y01', 'y12'): 16, ('y01', 'y13'): 32, ('y02', 'y02'): -88.0, ('y02', 'y03'): 128, ('y02', 'y10'): 8, ('y02', 'y11'): 16, ('y02', 'y12'): 32, ('y02', 'y13'): 64, ('y03', 'y03'): -112.0, ('y03', 'y10'): 16, ('y03', 'y11'): 32, ('y03', 'y12'): 64, ('y03', 'y13'): 128, ('y10', 'y10'): -30.0, ('y10', 'y11'): 8, ('y10', 'y12'): 16, ('y10', 'y13'): 32, ('y11', 'y11'): -56.0, ('y11', 'y12'): 32, ('y11', 'y13'): 64, ('y12', 'y12'): -96.0, ('y12', 'y13'): 128, ('y13', 'y13'): -128.0, ('y20', 'y20'): -20.0, ('y20', 'y21'): 8, ('y20', 'y22'): 16, ('y20', 'y23'): 32, ('y21', 'y21'): -36.0, ('y21', 'y22'): 32, ('y21', 'y23'): 64, ('y22', 'y22'): -56.0, ('y22', 'y23'): 128, ('y23', 'y23'): -48.0, ('y30', 'y30'): -26.0, ('y30', 'y31'): 8, ('y30', 'y32'): 16, ('y30', 'y33'): 32, ('y31', 'y31'): -48.0, ('y31', 'y32'): 32, ('y31', 'y33'): 64, ('y32', 'y32'): -80.0, ('y32', 'y33'): 128, ('y33', 'y33'): -96.0, ('y00', 'y40'): 2, ('y00', 'y41'): 4, ('y00', 'y42'): 8, ('y00', 'y43'): 16, ('y01', 'y40'): 4, ('y01', 'y41'): 8, ('y01', 'y42'): 16, ('y01', 'y43'): 32, ('y02', 'y40'): 8, ('y02', 'y41'): 16, ('y02', 'y42'): 32, ('y02', 'y43'): 64, ('y03', 'y40'): 16, ('y03', 'y41'): 32, ('y03', 'y42'): 64, ('y03', 'y43'): 128, ('y40', 'y40'): -36.0, ('y40', 'y41'): 8, ('y40', 'y42'): 16, ('y40', 'y43'): 32, ('y41', 'y41'): -68.0, ('y41', 'y42'): 32, ('y41', 'y43'): 64, ('y42', 'y42'): -120.0, ('y42', 'y43'): 128, ('y43', 'y43'): -176.0, ('y10', 'y20'): 2, ('y10', 'y21'): 4, ('y10', 'y22'): 8, ('y10', 'y23'): 16, ('y10', 'y30'): 2, ('y10', 'y31'): 4, ('y10', 'y32'): 8, ('y10', 'y33'): 16, ('y10', 'y40'): 2, ('y10', 'y41'): 4, ('y10', 'y42'): 8, ('y10', 'y43'): 16, ('y11', 'y20'): 4, ('y11', 'y21'): 8, ('y11', 'y22'): 16, ('y11', 'y23'): 32, ('y11', 'y30'): 4, ('y11', 'y31'): 8, ('y11', 'y32'): 16, ('y11', 'y33'): 32, ('y11', 'y40'): 4, ('y11', 'y41'): 8, ('y11', 'y42'): 16, ('y11', 'y43'): 32, ('y12', 'y20'): 8, ('y12', 'y21'): 16, ('y12', 'y22'): 32, ('y12', 'y23'): 64, ('y12', 'y30'): 8, ('y12', 'y31'): 16, ('y12', 'y32'): 32, ('y12', 'y33'): 64, ('y12', 'y40'): 8, ('y12', 'y41'): 16, ('y12', 'y42'): 32, ('y12', 'y43'): 64, ('y13', 'y20'): 16, ('y13', 'y21'): 32, ('y13', 'y22'): 64, ('y13', 'y23'): 128, ('y13', 'y30'): 16, ('y13', 'y31'): 32, ('y13', 'y32'): 64, ('y13', 'y33'): 128, ('y13', 'y40'): 16, ('y13', 'y41'): 32, ('y13', 'y42'): 64, ('y13', 'y43'): 128, ('y20', 'y30'): 2, ('y20', 'y31'): 4, ('y20', 'y32'): 8, ('y20', 'y33'): 16, ('y20', 'y40'): 2, ('y20', 'y41'): 4, ('y20', 'y42'): 8, ('y20', 'y43'): 16, ('y21', 'y30'): 4, ('y21', 'y31'): 8, ('y21', 'y32'): 16, ('y21', 'y33'): 32, ('y21', 'y40'): 4, ('y21', 'y41'): 8, ('y21', 'y42'): 16, ('y21', 'y43'): 32, ('y22', 'y30'): 8, ('y22', 'y31'): 16, ('y22', 'y32'): 32, ('y22', 'y33'): 64, ('y22', 'y40'): 8, ('y22', 'y41'): 16, ('y22', 'y42'): 32, ('y22', 'y43'): 64, ('y23', 'y30'): 16, ('y23', 'y31'): 32, ('y23', 'y32'): 64, ('y23', 'y33'): 128, ('y23', 'y40'): 16, ('y23', 'y41'): 32, ('y23', 'y42'): 64, ('y23', 'y43'): 128, ('y30', 'y40'): 2, ('y30', 'y41'): 4, ('y30', 'y42'): 8, ('y30', 'y43'): 16, ('y31', 'y40'): 4, ('y31', 'y41'): 8, ('y31', 'y42'): 16, ('y31', 'y43'): 32, ('y32', 'y40'): 8, ('y32', 'y41'): 16, ('y32', 'y42'): 32, ('y32', 'y43'): 64, ('y33', 'y40'): 16, ('y33', 'y41'): 32, ('y33', 'y42'): 64, ('y33', 'y43'): 128}",234,598.6000000000047,"{'y00': [4902, 4903], 'y01': [4918, 4917], 'y02': [2501, 5128, 2500], 'y03': [5007, 2590, 5008], 'y10': [2486, 2485], 'y11': [2410, 2411, 4842], 'y12': [2425, 2426, 4857], 'y13': [2455, 2456, 4888], 'y20': [5022, 2351, 5023], 'y21': [5113, 2516, 2515], 'y22': [5037, 5038, 2336], 'y23': [4978, 2531], 'y30': [5052, 5053], 'y31': [5067, 5068], 'y32': [2470, 2471], 'y33': [4948, 2396], 'y40': [4933, 2381], 'y41': [4963, 2546], 'y42': [5083, 2441, 2440], 'y43': [4993, 4992, 2576]}",251472.99999999985,"{'y00': [489, 1006], 'y01': [970], 'y02': [477, 994], 'y03': [982, 519], 'y10': [483, 482, 1001], 'y11': [495, 494], 'y12': [934, 435], 'y13': [459, 946], 'y20': [512, 941], 'y21': [916, 917], 'y22': [886, 476], 'y23': [488, 893], 'y30': [524, 869], 'y31': [440, 910], 'y32': [922], 'y33': [898, 464], 'y40': [507, 506, 977], 'y41': [500, 501], 'y42': [958, 471], 'y43': [452, 447, 874]}",78615
3,"[[0, 0, 0, 1, 1], [0, 0, 0, 1, 0], [0, 0, 0, 0, 1], [1, 1, 0, 0, 1], [1, 0, 1, 1, 0]]",2,1,"{('y00', 'y00'): -2.0, ('y00', 'y01'): 8, ('y00', 'y02'): 16, ('y00', 'y10'): 2, ('y00', 'y11'): 4, ('y00', 'y12'): 8, ('y01', 'y01'): 0.0, ('y01', 'y02'): 32, ('y01', 'y10'): 4, ('y01', 'y11'): 8, ('y01', 'y12'): 16, ('y02', 'y02'): 16.0, ('y02', 'y10'): 8, ('y02', 'y11'): 16, ('y02', 'y12'): 32, ('y10', 'y10'): -4.0, ('y10', 'y11'): 8, ('y10', 'y12'): 16, ('y11', 'y11'): -4.0, ('y11', 'y12'): 32, ('y12', 'y12'): 8.0, ('y20', 'y20'): -6.0, ('y20', 'y21'): 8, ('y20', 'y22'): 16, ('y21', 'y21'): -8.0, ('y21', 'y22'): 32, ('y22', 'y22'): 0.0, ('y30', 'y30'): -10.0, ('y30', 'y31'): 8, ('y30', 'y32'): 16, ('y31', 'y31'): -16.0, ('y31', 'y32'): 32, ('y32', 'y32'): -16.0, ('y00', 'y20'): 2, ('y00', 'y21'): 4, ('y00', 'y22'): 8, ('y00', 'y40'): 2, ('y00', 'y41'): 4, ('y00', 'y42'): 8, ('y01', 'y20'): 4, ('y01', 'y21'): 8, ('y01', 'y22'): 16, ('y01', 'y40'): 4, ('y01', 'y41'): 8, ('y01', 'y42'): 16, ('y02', 'y20'): 8, ('y02', 'y21'): 16, ('y02', 'y22'): 32, ('y02', 'y40'): 8, ('y02', 'y41'): 16, ('y02', 'y42'): 32, ('y20', 'y40'): 2, ('y20', 'y41'): 4, ('y20', 'y42'): 8, ('y21', 'y40'): 4, ('y21', 'y41'): 8, ('y21', 'y42'): 16, ('y22', 'y40'): 8, ('y22', 'y41'): 16, ('y22', 'y42'): 32, ('y40', 'y40'): -8.0, ('y40', 'y41'): 8, ('y40', 'y42'): 16, ('y41', 'y41'): -12.0, ('y41', 'y42'): 32, ('y42', 'y42'): -8.0, ('y10', 'y30'): 2, ('y10', 'y31'): 4, ('y10', 'y32'): 8, ('y10', 'y40'): 2, ('y10', 'y41'): 4, ('y10', 'y42'): 8, ('y11', 'y30'): 4, ('y11', 'y31'): 8, ('y11', 'y32'): 16, ('y11', 'y40'): 4, ('y11', 'y41'): 8, ('y11', 'y42'): 16, ('y12', 'y30'): 8, ('y12', 'y31'): 16, ('y12', 'y32'): 32, ('y12', 'y40'): 8, ('y12', 'y41'): 16, ('y12', 'y42'): 32, ('y30', 'y40'): 2, ('y30', 'y41'): 4, ('y30', 'y42'): 8, ('y31', 'y40'): 4, ('y31', 'y41'): 8, ('y31', 'y42'): 16, ('y32', 'y40'): 8, ('y32', 'y41'): 16, ('y32', 'y42'): 32}",26,351.1999999997073,"{'y00': [495], 'y01': [3122, 510], 'y02': [615, 3062], 'y10': [570, 3077, 3076], 'y11': [3002, 3001, 585], 'y12': [3047, 3046], 'y20': [480], 'y21': [3107], 'y22': [3092], 'y30': [2942, 555], 'y31': [405], 'y32': [390], 'y40': [3031, 600, 3032], 'y41': [2972, 525], 'y42': [540, 2987, 541]}",68826.99999999975,"{'y00': [873, 422], 'y01': [891, 892], 'y02': [897], 'y10': [416, 885], 'y11': [362, 363], 'y12': [903, 344], 'y20': [374, 375], 'y21': [380], 'y22': [350, 909], 'y30': [945], 'y31': [411, 921], 'y32': [368], 'y40': [927, 356], 'y41': [404, 957], 'y42': [933, 392]}",51963.99999999812
4,"[[0, 0, 0, 1, 1], [0, 0, 0, 1, 0], [0, 0, 0, 0, 1], [1, 1, 0, 0, 1], [1, 0, 1, 1, 0]]",2,2,"{('y00', 'y00'): -8.0, ('y00', 'y01'): 8, ('y00', 'y02'): 16, ('y00', 'y10'): 2, ('y00', 'y11'): 4, ('y00', 'y12'): 8, ('y01', 'y01'): -12.0, ('y01', 'y02'): 32, ('y01', 'y10'): 4, ('y01', 'y11'): 8, ('y01', 'y12'): 16, ('y02', 'y02'): -8.0, ('y02', 'y10'): 8, ('y02', 'y11'): 16, ('y02', 'y12'): 32, ('y10', 'y10'): -12.0, ('y10', 'y11'): 8, ('y10', 'y12'): 16, ('y11', 'y11'): -20.0, ('y11', 'y12'): 32, ('y12', 'y12'): -24.0, ('y20', 'y20'): -14.0, ('y20', 'y21'): 8, ('y20', 'y22'): 16, ('y21', 'y21'): -24.0, ('y21', 'y22'): 32, ('y22', 'y22'): -32.0, ('y30', 'y30'): -22.0, ('y30', 'y31'): 8, ('y30', 'y32'): 16, ('y31', 'y31'): -40.0, ('y31', 'y32'): 32, ('y32', 'y32'): -64.0, ('y00', 'y20'): 2, ('y00', 'y21'): 4, ('y00', 'y22'): 8, ('y00', 'y40'): 2, ('y00', 'y41'): 4, ('y00', 'y42'): 8, ('y01', 'y20'): 4, ('y01', 'y21'): 8, ('y01', 'y22'): 16, ('y01', 'y40'): 4, ('y01', 'y41'): 8, ('y01', 'y42'): 16, ('y02', 'y20'): 8, ('y02', 'y21'): 16, ('y02', 'y22'): 32, ('y02', 'y40'): 8, ('y02', 'y41'): 16, ('y02', 'y42'): 32, ('y20', 'y40'): 2, ('y20', 'y41'): 4, ('y20', 'y42'): 8, ('y21', 'y40'): 4, ('y21', 'y41'): 8, ('y21', 'y42'): 16, ('y22', 'y40'): 8, ('y22', 'y41'): 16, ('y22', 'y42'): 32, ('y40', 'y40'): -22.0, ('y40', 'y41'): 8, ('y40', 'y42'): 16, ('y41', 'y41'): -40.0, ('y41', 'y42'): 32, ('y42', 'y42'): -64.0, ('y10', 'y30'): 2, ('y10', 'y31'): 4, ('y10', 'y32'): 8, ('y10', 'y40'): 2, ('y10', 'y41'): 4, ('y10', 'y42'): 8, ('y11', 'y30'): 4, ('y11', 'y31'): 8, ('y11', 'y32'): 16, ('y11', 'y40'): 4, ('y11', 'y41'): 8, ('y11', 'y42'): 16, ('y12', 'y30'): 8, ('y12', 'y31'): 16, ('y12', 'y32'): 32, ('y12', 'y40'): 8, ('y12', 'y41'): 16, ('y12', 'y42'): 32, ('y30', 'y40'): 2, ('y30', 'y41'): 4, ('y30', 'y42'): 8, ('y31', 'y40'): 4, ('y31', 'y41'): 8, ('y31', 'y42'): 16, ('y32', 'y40'): 8, ('y32', 'y41'): 16, ('y32', 'y42'): 32}",108,356.00000000002296,"{'y00': [3230, 1141], 'y01': [1216, 1217], 'y02': [3365, 1112], 'y10': [1171, 3261], 'y11': [3321, 1277], 'y12': [1186, 3246], 'y20': [1156, 3380], 'y21': [3351], 'y22': [3336], 'y30': [1246], 'y31': [1231], 'y32': [3291], 'y40': [3306, 1262], 'y41': [1201, 1202, 3156], 'y42': [3276, 1127, 3275]}",64877.00000000007,"{'y00': [553, 552], 'y01': [779, 529, 528], 'y02': [719, 564], 'y10': [582, 755], 'y11': [695, 594], 'y12': [767, 606], 'y20': [677], 'y21': [701, 516], 'y22': [689, 498], 'y30': [707], 'y31': [588, 683], 'y32': [558], 'y40': [737, 570], 'y41': [761, 534], 'y42': [725, 546]}",20672.99999998795
5,"[[0, 0, 0, 1, 1], [0, 0, 0, 1, 0], [0, 0, 0, 0, 1], [1, 1, 0, 0, 1], [1, 0, 1, 1, 0]]",2,3,"{('y00', 'y00'): -14.0, ('y00', 'y01'): 8, ('y00', 'y02'): 16, ('y00', 'y03'): 32, ('y00', 'y10'): 2, ('y00', 'y11'): 4, ('y00', 'y12'): 8, ('y00', 'y13'): 16, ('y01', 'y01'): -24.0, ('y01', 'y02'): 32, ('y01', 'y03'): 64, ('y01', 'y10'): 4, ('y01', 'y11'): 8, ('y01', 'y12'): 16, ('y01', 'y13'): 32, ('y02', 'y02'): -32.0, ('y02', 'y03'): 128, ('y02', 'y10'): 8, ('y02', 'y11'): 16, ('y02', 'y12'): 32, ('y02', 'y13'): 64, ('y03', 'y03'): 0.0, ('y03', 'y10'): 16, ('y03', 'y11'): 32, ('y03', 'y12'): 64, ('y03', 'y13'): 128, ('y10', 'y10'): -20.0, ('y10', 'y11'): 8, ('y10', 'y12'): 16, ('y10', 'y13'): 32, ('y11', 'y11'): -36.0, ('y11', 'y12'): 32, ('y11', 'y13'): 64, ('y12', 'y12'): -56.0, ('y12', 'y13'): 128, ('y13', 'y13'): -48.0, ('y20', 'y20'): -22.0, ('y20', 'y21'): 8, ('y20', 'y22'): 16, ('y20', 'y23'): 32, ('y21', 'y21'): -40.0, ('y21', 'y22'): 32, ('y21', 'y23'): 64, ('y22', 'y22'): -64.0, ('y22', 'y23'): 128, ('y23', 'y23'): -64.0, ('y30', 'y30'): -34.0, ('y30', 'y31'): 8, ('y30', 'y32'): 16, ('y30', 'y33'): 32, ('y31', 'y31'): -64.0, ('y31', 'y32'): 32, ('y31', 'y33'): 64, ('y32', 'y32'): -112.0, ('y32', 'y33'): 128, ('y33', 'y33'): -160.0, ('y00', 'y20'): 2, ('y00', 'y21'): 4, ('y00', 'y22'): 8, ('y00', 'y23'): 16, ('y00', 'y40'): 2, ('y00', 'y41'): 4, ('y00', 'y42'): 8, ('y00', 'y43'): 16, ('y01', 'y20'): 4, ('y01', 'y21'): 8, ('y01', 'y22'): 16, ('y01', 'y23'): 32, ('y01', 'y40'): 4, ('y01', 'y41'): 8, ('y01', 'y42'): 16, ('y01', 'y43'): 32, ('y02', 'y20'): 8, ('y02', 'y21'): 16, ('y02', 'y22'): 32, ('y02', 'y23'): 64, ('y02', 'y40'): 8, ('y02', 'y41'): 16, ('y02', 'y42'): 32, ('y02', 'y43'): 64, ('y03', 'y20'): 16, ('y03', 'y21'): 32, ('y03', 'y22'): 64, ('y03', 'y23'): 128, ('y03', 'y40'): 16, ('y03', 'y41'): 32, ('y03', 'y42'): 64, ('y03', 'y43'): 128, ('y20', 'y40'): 2, ('y20', 'y41'): 4, ('y20', 'y42'): 8, ('y20', 'y43'): 16, ('y21', 'y40'): 4, ('y21', 'y41'): 8, ('y21', 'y42'): 16, ('y21', 'y43'): 32, ('y22', 'y40'): 8, ('y22', 'y41'): 16, ('y22', 'y42'): 32, ('y22', 'y43'): 64, ('y23', 'y40'): 16, ('y23', 'y41'): 32, ('y23', 'y42'): 64, ('y23', 'y43'): 128, ('y40', 'y40'): -36.0, ('y40', 'y41'): 8, ('y40', 'y42'): 16, ('y40', 'y43'): 32, ('y41', 'y41'): -68.0, ('y41', 'y42'): 32, ('y41', 'y43'): 64, ('y42', 'y42'): -120.0, ('y42', 'y43'): 128, ('y43', 'y43'): -176.0, ('y10', 'y30'): 2, ('y10', 'y31'): 4, ('y10', 'y32'): 8, ('y10', 'y33'): 16, ('y10', 'y40'): 2, ('y10', 'y41'): 4, ('y10', 'y42'): 8, ('y10', 'y43'): 16, ('y11', 'y30'): 4, ('y11', 'y31'): 8, ('y11', 'y32'): 16, ('y11', 'y33'): 32, ('y11', 'y40'): 4, ('y11', 'y41'): 8, ('y11', 'y42'): 16, ('y11', 'y43'): 32, ('y12', 'y30'): 8, ('y12', 'y31'): 16, ('y12', 'y32'): 32, ('y12', 'y33'): 64, ('y12', 'y40'): 8, ('y12', 'y41'): 16, ('y12', 'y42'): 32, ('y12', 'y43'): 64, ('y13', 'y30'): 16, ('y13', 'y31'): 32, ('y13', 'y32'): 64, ('y13', 'y33'): 128, ('y13', 'y40'): 16, ('y13', 'y41'): 32, ('y13', 'y42'): 64, ('y13', 'y43'): 128, ('y30', 'y40'): 2, ('y30', 'y41'): 4, ('y30', 'y42'): 8, ('y30', 'y43'): 16, ('y31', 'y40'): 4, ('y31', 'y41'): 8, ('y31', 'y42'): 16, ('y31', 'y43'): 32, ('y32', 'y40'): 8, ('y32', 'y41'): 16, ('y32', 'y42'): 32, ('y32', 'y43'): 64, ('y33', 'y40'): 16, ('y33', 'y41'): 32, ('y33', 'y42'): 64, ('y33', 'y43'): 128}",250,485.39999999981376,"{'y00': [2257, 4332, 2258], 'y01': [2317, 2318], 'y02': [2333, 2332], 'y03': [2272, 2273, 4347], 'y10': [4556, 4557, 2138], 'y11': [2198, 2199, 4437], 'y12': [4512, 4511], 'y13': [4497, 4496, 2408], 'y20': [4376, 4377], 'y21': [4407, 2348], 'y22': [2363, 4422], 'y23': [4361, 4362], 'y30': [2288], 'y31': [2214, 2213, 4587], 'y32': [4466, 2168], 'y33': [4451, 2153], 'y40': [4482, 4481, 2183], 'y41': [2243, 4572, 2242], 'y42': [4527, 2393, 4526], 'y43': [2302, 4542, 2303]}",255639.0000000004,"{'y00': [466, 1060, 467], 'y01': [418, 1089, 419], 'y02': [400, 401], 'y03': [407, 406], 'y10': [1072, 478], 'y11': [1065, 430], 'y12': [454, 1096], 'y13': [1149, 394], 'y20': [1156], 'y21': [413, 412, 1185], 'y22': [455, 1192], 'y23': [1162, 1161], 'y30': [1137, 1138, 341], 'y31': [1125, 1126], 'y32': [461, 1144], 'y33': [425, 424], 'y40': [1084, 442, 443], 'y41': [1132, 449], 'y42': [1108, 473], 'y43': [389, 1120]}",60222.000000010215
6,"[[0, 0, 0, 1, 1], [0, 0, 0, 1, 1], [0, 0, 0, 0, 1], [1, 1, 0, 0, 0], [1, 1, 1, 0, 0]]",2,1,"{('y00', 'y00'): -2.0, ('y00', 'y01'): 8, ('y00', 'y02'): 16, ('y00', 'y10'): 2, ('y00', 'y11'): 4, ('y00', 'y12'): 8, ('y01', 'y01'): 0.0, ('y01', 'y02'): 32, ('y01', 'y10'): 4, ('y01', 'y11'): 8, ('y01', 'y12'): 16, ('y02', 'y02'): 16.0, ('y02', 'y10'): 8, ('y02', 'y11'): 16, ('y02', 'y12'): 32, ('y10', 'y10'): -4.0, ('y10', 'y11'): 8, ('y10', 'y12'): 16, ('y11', 'y11'): -4.0, ('y11', 'y12'): 32, ('y12', 'y12'): 8.0, ('y20', 'y20'): -8.0, ('y20', 'y21'): 8, ('y20', 'y22'): 16, ('y20', 'y30'): 2, ('y20', 'y31'): 4, ('y20', 'y32'): 8, ('y21', 'y21'): -12.0, ('y21', 'y22'): 32, ('y21', 'y30'): 4, ('y21', 'y31'): 8, ('y21', 'y32'): 16, ('y22', 'y22'): -8.0, ('y22', 'y30'): 8, ('y22', 'y31'): 16, ('y22', 'y32'): 32, ('y30', 'y30'): -10.0, ('y30', 'y31'): 8, ('y30', 'y32'): 16, ('y31', 'y31'): -16.0, ('y31', 'y32'): 32, ('y32', 'y32'): -16.0, ('y40', 'y40'): -8.0, ('y40', 'y41'): 8, ('y40', 'y42'): 16, ('y41', 'y41'): -12.0, ('y41', 'y42'): 32, ('y42', 'y42'): -8.0, ('y00', 'y20'): 2, ('y00', 'y21'): 4, ('y00', 'y22'): 8, ('y01', 'y20'): 4, ('y01', 'y21'): 8, ('y01', 'y22'): 16, ('y02', 'y20'): 8, ('y02', 'y21'): 16, ('y02', 'y22'): 32, ('y10', 'y30'): 2, ('y10', 'y31'): 4, ('y10', 'y32'): 8, ('y10', 'y40'): 2, ('y10', 'y41'): 4, ('y10', 'y42'): 8, ('y11', 'y30'): 4, ('y11', 'y31'): 8, ('y11', 'y32'): 16, ('y11', 'y40'): 4, ('y11', 'y41'): 8, ('y11', 'y42'): 16, ('y12', 'y30'): 8, ('y12', 'y31'): 16, ('y12', 'y32'): 32, ('y12', 'y40'): 8, ('y12', 'y41'): 16, ('y12', 'y42'): 32, ('y30', 'y40'): 2, ('y30', 'y41'): 4, ('y30', 'y42'): 8, ('y31', 'y40'): 4, ('y31', 'y41'): 8, ('y31', 'y42'): 16, ('y32', 'y40'): 8, ('y32', 'y41'): 16, ('y32', 'y42'): 32}",26,307.60000000000787,"{'y00': [924, 4609], 'y01': [4564], 'y02': [4579], 'y10': [774], 'y11': [759], 'y12': [849, 848, 4653], 'y20': [818], 'y21': [788, 4473], 'y22': [833], 'y30': [4594, 803, 4593], 'y31': [4638], 'y32': [4623], 'y40': [729, 4668], 'y41': [714, 4683], 'y42': [744, 4698]}",49771.99999999993,"{'y00': [456], 'y01': [652, 468], 'y02': [700, 420], 'y10': [462, 682], 'y11': [712], 'y12': [717, 718], 'y20': [640], 'y21': [645, 646], 'y22': [396, 664], 'y30': [676, 408], 'y31': [444, 706], 'y32': [688, 384], 'y40': [474, 748], 'y41': [450, 736], 'y42': [438]}",19947.000000001935
7,"[[0, 0, 0, 1, 1], [0, 0, 0, 1, 1], [0, 0, 0, 0, 1], [1, 1, 0, 0, 1], [1, 1, 1, 1, 0]]",2,1,"{('y00', 'y00'): -2.0, ('y00', 'y01'): 8, ('y00', 'y02'): 16, ('y00', 'y10'): 2, ('y00', 'y11'): 4, ('y00', 'y12'): 8, ('y01', 'y01'): 0.0, ('y01', 'y02'): 32, ('y01', 'y10'): 4, ('y01', 'y11'): 8, ('y01', 'y12'): 16, ('y02', 'y02'): 16.0, ('y02', 'y10'): 8, ('y02', 'y11'): 16, ('y02', 'y12'): 32, ('y10', 'y10'): -2.0, ('y10', 'y11'): 8, ('y10', 'y12'): 16, ('y11', 'y11'): 0.0, ('y11', 'y12'): 32, ('y12', 'y12'): 16.0, ('y20', 'y20'): -6.0, ('y20', 'y21'): 8, ('y20', 'y22'): 16, ('y20', 'y30'): 2, ('y20', 'y31'): 4, ('y20', 'y32'): 8, ('y21', 'y21'): -8.0, ('y21', 'y22'): 32, ('y21', 'y30'): 4, ('y21', 'y31'): 8, ('y21', 'y32'): 16, ('y22', 'y22'): 0.0, ('y22', 'y30'): 8, ('y22', 'y31'): 16, ('y22', 'y32'): 32, ('y30', 'y30'): -6.0, ('y30', 'y31'): 8, ('y30', 'y32'): 16, ('y31', 'y31'): -8.0, ('y31', 'y32'): 32, ('y32', 'y32'): 0.0, ('y40', 'y40'): -6.0, ('y40', 'y41'): 8, ('y40', 'y42'): 16, ('y41', 'y41'): -8.0, ('y41', 'y42'): 32, ('y42', 'y42'): 0.0, ('y00', 'y20'): 2, ('y00', 'y21'): 4, ('y00', 'y22'): 8, ('y00', 'y50'): 2, ('y00', 'y51'): 4, ('y00', 'y52'): 8, ('y01', 'y20'): 4, ('y01', 'y21'): 8, ('y01', 'y22'): 16, ('y01', 'y50'): 4, ('y01', 'y51'): 8, ('y01', 'y52'): 16, ('y02', 'y20'): 8, ('y02', 'y21'): 16, ('y02', 'y22'): 32, ('y02', 'y50'): 8, ('y02', 'y51'): 16, ('y02', 'y52'): 32, ('y20', 'y50'): 2, ('y20', 'y51'): 4, ('y20', 'y52'): 8, ('y21', 'y50'): 4, ('y21', 'y51'): 8, ('y21', 'y52'): 16, ('y22', 'y50'): 8, ('y22', 'y51'): 16, ('y22', 'y52'): 32, ('y50', 'y50'): -6.0, ('y50', 'y51'): 8, ('y50', 'y52'): 16, ('y51', 'y51'): -8.0, ('y51', 'y52'): 32, ('y52', 'y52'): 0.0, ('y10', 'y30'): 2, ('y10', 'y31'): 4, ('y10', 'y32'): 8, ('y10', 'y40'): 2, ('y10', 'y41'): 4, ('y10', 'y42'): 8, ('y10', 'y50'): 2, ('y10', 'y51'): 4, ('y10', 'y52'): 8, ('y11', 'y30'): 4, ('y11', 'y31'): 8, ('y11', 'y32'): 16, ('y11', 'y40'): 4, ('y11', 'y41'): 8, ('y11', 'y42'): 16, ('y11', 'y50'): 4, ('y11', 'y51'): 8, ('y11', 'y52'): 16, ('y12', 'y30'): 8, ('y12', 'y31'): 16, ('y12', 'y32'): 32, ('y12', 'y40'): 8, ('y12', 'y41'): 16, ('y12', 'y42'): 32, ('y12', 'y50'): 8, ('y12', 'y51'): 16, ('y12', 'y52'): 32, ('y30', 'y40'): 2, ('y30', 'y41'): 4, ('y30', 'y42'): 8, ('y30', 'y50'): 2, ('y30', 'y51'): 4, ('y30', 'y52'): 8, ('y31', 'y40'): 4, ('y31', 'y41'): 8, ('y31', 'y42'): 16, ('y31', 'y50'): 4, ('y31', 'y51'): 8, ('y31', 'y52'): 16, ('y32', 'y40'): 8, ('y32', 'y41'): 16, ('y32', 'y42'): 32, ('y32', 'y50'): 8, ('y32', 'y51'): 16, ('y32', 'y52'): 32, ('y40', 'y50'): 2, ('y40', 'y51'): 4, ('y40', 'y52'): 8, ('y41', 'y50'): 4, ('y41', 'y51'): 8, ('y41', 'y52'): 16, ('y42', 'y50'): 8, ('y42', 'y51'): 16, ('y42', 'y52'): 32}",16,378.8000000003677,"{'y00': [3388, 3389], 'y01': [3374, 3373], 'y02': [3419, 2837, 3418], 'y10': [3359, 2642], 'y11': [2658, 3614, 2657], 'y12': [2582, 3524, 2581], 'y20': [2732, 3434], 'y21': [2777, 2822, 3404], 'y22': [2747, 3449], 'y30': [3479, 2612], 'y31': [2688, 2687, 3629], 'y32': [3464, 2627], 'y40': [3539, 2553, 2643], 'y41': [3494], 'y42': [3509], 'y50': [2702, 2703], 'y51': [2673, 3344, 2672], 'y52': [2717, 2718]}",110241.00000000026,"{'y00': [1062], 'y01': [1057, 1056], 'y02': [130, 1122], 'y10': [1086, 88], 'y11': [1140, 94], 'y12': [70], 'y20': [1116, 82], 'y21': [53, 52], 'y22': [58], 'y30': [1098], 'y31': [100, 1074], 'y32': [1093, 1092], 'y40': [64, 65], 'y41': [1110, 118], 'y42': [124, 1081, 1080], 'y50': [142, 1146], 'y51': [1134, 106], 'y52': [1069, 1068, 112]}",67833.00000000736
8,"[[0, 0, 0, 1, 1], [0, 0, 0, 1, 1], [0, 0, 0, 0, 1], [1, 1, 0, 0, 1], [1, 1, 1, 1, 0]]",2,2,"{('y00', 'y00'): -8.0, ('y00', 'y01'): 8, ('y00', 'y02'): 16, ('y00', 'y10'): 2, ('y00', 'y11'): 4, ('y00', 'y12'): 8, ('y01', 'y01'): -12.0, ('y01', 'y02'): 32, ('y01', 'y10'): 4, ('y01', 'y11'): 8, ('y01', 'y12'): 16, ('y02', 'y02'): -8.0, ('y02', 'y10'): 8, ('y02', 'y11'): 16, ('y02', 'y12'): 32, ('y10', 'y10'): -10.0, ('y10', 'y11'): 8, ('y10', 'y12'): 16, ('y11', 'y11'): -16.0, ('y11', 'y12'): 32, ('y12', 'y12'): -16.0, ('y20', 'y20'): -16.0, ('y20', 'y21'): 8, ('y20', 'y22'): 16, ('y20', 'y30'): 2, ('y20', 'y31'): 4, ('y20', 'y32'): 8, ('y21', 'y21'): -28.0, ('y21', 'y22'): 32, ('y21', 'y30'): 4, ('y21', 'y31'): 8, ('y21', 'y32'): 16, ('y22', 'y22'): -40.0, ('y22', 'y30'): 8, ('y22', 'y31'): 16, ('y22', 'y32'): 32, ('y30', 'y30'): -18.0, ('y30', 'y31'): 8, ('y30', 'y32'): 16, ('y31', 'y31'): -32.0, ('y31', 'y32'): 32, ('y32', 'y32'): -48.0, ('y40', 'y40'): -16.0, ('y40', 'y41'): 8, ('y40', 'y42'): 16, ('y41', 'y41'): -28.0, ('y41', 'y42'): 32, ('y42', 'y42'): -40.0, ('y00', 'y20'): 2, ('y00', 'y21'): 4, ('y00', 'y22'): 8, ('y00', 'y50'): 2, ('y00', 'y51'): 4, ('y00', 'y52'): 8, ('y01', 'y20'): 4, ('y01', 'y21'): 8, ('y01', 'y22'): 16, ('y01', 'y50'): 4, ('y01', 'y51'): 8, ('y01', 'y52'): 16, ('y02', 'y20'): 8, ('y02', 'y21'): 16, ('y02', 'y22'): 32, ('y02', 'y50'): 8, ('y02', 'y51'): 16, ('y02', 'y52'): 32, ('y20', 'y50'): 2, ('y20', 'y51'): 4, ('y20', 'y52'): 8, ('y21', 'y50'): 4, ('y21', 'y51'): 8, ('y21', 'y52'): 16, ('y22', 'y50'): 8, ('y22', 'y51'): 16, ('y22', 'y52'): 32, ('y50', 'y50'): -20.0, ('y50', 'y51'): 8, ('y50', 'y52'): 16, ('y51', 'y51'): -36.0, ('y51', 'y52'): 32, ('y52', 'y52'): -56.0, ('y10', 'y30'): 2, ('y10', 'y31'): 4, ('y10', 'y32'): 8, ('y10', 'y40'): 2, ('y10', 'y41'): 4, ('y10', 'y42'): 8, ('y10', 'y50'): 2, ('y10', 'y51'): 4, ('y10', 'y52'): 8, ('y11', 'y30'): 4, ('y11', 'y31'): 8, ('y11', 'y32'): 16, ('y11', 'y40'): 4, ('y11', 'y41'): 8, ('y11', 'y42'): 16, ('y11', 'y50'): 4, ('y11', 'y51'): 8, ('y11', 'y52'): 16, ('y12', 'y30'): 8, ('y12', 'y31'): 16, ('y12', 'y32'): 32, ('y12', 'y40'): 8, ('y12', 'y41'): 16, ('y12', 'y42'): 32, ('y12', 'y50'): 8, ('y12', 'y51'): 16, ('y12', 'y52'): 32, ('y30', 'y40'): 2, ('y30', 'y41'): 4, ('y30', 'y42'): 8, ('y30', 'y50'): 2, ('y30', 'y51'): 4, ('y30', 'y52'): 8, ('y31', 'y40'): 4, ('y31', 'y41'): 8, ('y31', 'y42'): 16, ('y31', 'y50'): 4, ('y31', 'y51'): 8, ('y31', 'y52'): 16, ('y32', 'y40'): 8, ('y32', 'y41'): 16, ('y32', 'y42'): 32, ('y32', 'y50'): 8, ('y32', 'y51'): 16, ('y32', 'y52'): 32, ('y40', 'y50'): 2, ('y40', 'y51'): 4, ('y40', 'y52'): 8, ('y41', 'y50'): 4, ('y41', 'y51'): 8, ('y41', 'y52'): 16, ('y42', 'y50'): 8, ('y42', 'y51'): 16, ('y42', 'y52'): 32}",86,225.3999999997092,"{'y00': [2555, 2554, 3943], 'y01': [3914, 3913, 2794], 'y02': [2659, 2660, 3974], 'y10': [2705, 3704, 2704], 'y11': [2750, 3944, 2749], 'y12': [3764, 3763], 'y20': [2614, 3884], 'y21': [2629, 3869], 'y22': [2644, 2645], 'y30': [3809, 2734, 2735], 'y31': [3824, 2764, 2763], 'y32': [2674, 2675, 3839], 'y40': [2778, 3749, 2779], 'y41': [2689, 2690], 'y42': [3734, 2824, 2825], 'y50': [3929, 3928, 2809], 'y51': [3778, 3779], 'y52': [2720, 3854, 2719]}",111118.99999999952,"{'y00': [1053, 1052], 'y01': [357, 358], 'y02': [1016, 1017, 417], 'y10': [1089, 376], 'y11': [352, 1077], 'y12': [292, 1071], 'y20': [333, 1047], 'y21': [1029, 429, 1028], 'y22': [1059, 316], 'y30': [340], 'y31': [1040, 1041], 'y32': [1065, 364], 'y40': [1035], 'y41': [309, 1023], 'y42': [345, 346], 'y50': [1095, 304], 'y51': [328, 1083], 'y52': [1011, 297]}",85232.00000001906
9,"[[0, 0, 0, 1, 1], [0, 0, 0, 1, 1], [0, 0, 0, 0, 1], [1, 1, 0, 0, 1], [1, 1, 1, 1, 0]]",2,3,"{('y00', 'y00'): -14.0, ('y00', 'y01'): 8, ('y00', 'y02'): 16, ('y00', 'y03'): 32, ('y00', 'y10'): 2, ('y00', 'y11'): 4, ('y00', 'y12'): 8, ('y00', 'y13'): 16, ('y01', 'y01'): -24.0, ('y01', 'y02'): 32, ('y01', 'y03'): 64, ('y01', 'y10'): 4, ('y01', 'y11'): 8, ('y01', 'y12'): 16, ('y01', 'y13'): 32, ('y02', 'y02'): -32.0, ('y02', 'y03'): 128, ('y02', 'y10'): 8, ('y02', 'y11'): 16, ('y02', 'y12'): 32, ('y02', 'y13'): 64, ('y03', 'y03'): 0.0, ('y03', 'y10'): 16, ('y03', 'y11'): 32, ('y03', 'y12'): 64, ('y03', 'y13'): 128, ('y10', 'y10'): -18.0, ('y10', 'y11'): 8, ('y10', 'y12'): 16, ('y10', 'y13'): 32, ('y11', 'y11'): -32.0, ('y11', 'y12'): 32, ('y11', 'y13'): 64, ('y12', 'y12'): -48.0, ('y12', 'y13'): 128, ('y13', 'y13'): -32.0, ('y20', 'y20'): -26.0, ('y20', 'y21'): 8, ('y20', 'y22'): 16, ('y20', 'y23'): 32, ('y20', 'y30'): 2, ('y20', 'y31'): 4, ('y20', 'y32'): 8, ('y20', 'y33'): 16, ('y21', 'y21'): -48.0, ('y21', 'y22'): 32, ('y21', 'y23'): 64, ('y21', 'y30'): 4, ('y21', 'y31'): 8, ('y21', 'y32'): 16, ('y21', 'y33'): 32, ('y22', 'y22'): -80.0, ('y22', 'y23'): 128, ('y22', 'y30'): 8, ('y22', 'y31'): 16, ('y22', 'y32'): 32, ('y22', 'y33'): 64, ('y23', 'y23'): -96.0, ('y23', 'y30'): 16, ('y23', 'y31'): 32, ('y23', 'y32'): 64, ('y23', 'y33'): 128, ('y30', 'y30'): -30.0, ('y30', 'y31'): 8, ('y30', 'y32'): 16, ('y30', 'y33'): 32, ('y31', 'y31'): -56.0, ('y31', 'y32'): 32, ('y31', 'y33'): 64, ('y32', 'y32'): -96.0, ('y32', 'y33'): 128, ('y33', 'y33'): -128.0, ('y40', 'y40'): -26.0, ('y40', 'y41'): 8, ('y40', 'y42'): 16, ('y40', 'y43'): 32, ('y41', 'y41'): -48.0, ('y41', 'y42'): 32, ('y41', 'y43'): 64, ('y42', 'y42'): -80.0, ('y42', 'y43'): 128, ('y43', 'y43'): -96.0, ('y00', 'y20'): 2, ('y00', 'y21'): 4, ('y00', 'y22'): 8, ('y00', 'y23'): 16, ('y00', 'y50'): 2, ('y00', 'y51'): 4, ('y00', 'y52'): 8, ('y00', 'y53'): 16, ('y01', 'y20'): 4, ('y01', 'y21'): 8, ('y01', 'y22'): 16, ('y01', 'y23'): 32, ('y01', 'y50'): 4, ('y01', 'y51'): 8, ('y01', 'y52'): 16, ('y01', 'y53'): 32, ('y02', 'y20'): 8, ('y02', 'y21'): 16, ('y02', 'y22'): 32, ('y02', 'y23'): 64, ('y02', 'y50'): 8, ('y02', 'y51'): 16, ('y02', 'y52'): 32, ('y02', 'y53'): 64, ('y03', 'y20'): 16, ('y03', 'y21'): 32, ('y03', 'y22'): 64, ('y03', 'y23'): 128, ('y03', 'y50'): 16, ('y03', 'y51'): 32, ('y03', 'y52'): 64, ('y03', 'y53'): 128, ('y20', 'y50'): 2, ('y20', 'y51'): 4, ('y20', 'y52'): 8, ('y20', 'y53'): 16, ('y21', 'y50'): 4, ('y21', 'y51'): 8, ('y21', 'y52'): 16, ('y21', 'y53'): 32, ('y22', 'y50'): 8, ('y22', 'y51'): 16, ('y22', 'y52'): 32, ('y22', 'y53'): 64, ('y23', 'y50'): 16, ('y23', 'y51'): 32, ('y23', 'y52'): 64, ('y23', 'y53'): 128, ('y50', 'y50'): -34.0, ('y50', 'y51'): 8, ('y50', 'y52'): 16, ('y50', 'y53'): 32, ('y51', 'y51'): -64.0, ('y51', 'y52'): 32, ('y51', 'y53'): 64, ('y52', 'y52'): -112.0, ('y52', 'y53'): 128, ('y53', 'y53'): -160.0, ('y10', 'y30'): 2, ('y10', 'y31'): 4, ('y10', 'y32'): 8, ('y10', 'y33'): 16, ('y10', 'y40'): 2, ('y10', 'y41'): 4, ('y10', 'y42'): 8, ('y10', 'y43'): 16, ('y10', 'y50'): 2, ('y10', 'y51'): 4, ('y10', 'y52'): 8, ('y10', 'y53'): 16, ('y11', 'y30'): 4, ('y11', 'y31'): 8, ('y11', 'y32'): 16, ('y11', 'y33'): 32, ('y11', 'y40'): 4, ('y11', 'y41'): 8, ('y11', 'y42'): 16, ('y11', 'y43'): 32, ('y11', 'y50'): 4, ('y11', 'y51'): 8, ('y11', 'y52'): 16, ('y11', 'y53'): 32, ('y12', 'y30'): 8, ('y12', 'y31'): 16, ('y12', 'y32'): 32, ('y12', 'y33'): 64, ('y12', 'y40'): 8, ('y12', 'y41'): 16, ('y12', 'y42'): 32, ('y12', 'y43'): 64, ('y12', 'y50'): 8, ('y12', 'y51'): 16, ('y12', 'y52'): 32, ('y12', 'y53'): 64, ('y13', 'y30'): 16, ('y13', 'y31'): 32, ('y13', 'y32'): 64, ('y13', 'y33'): 128, ('y13', 'y40'): 16, ('y13', 'y41'): 32, ('y13', 'y42'): 64, ('y13', 'y43'): 128, ('y13', 'y50'): 16, ('y13', 'y51'): 32, ('y13', 'y52'): 64, ('y13', 'y53'): 128, ('y30', 'y40'): 2, ('y30', 'y41'): 4, ('y30', 'y42'): 8, ('y30', 'y43'): 16, ('y30', 'y50'): 2, ('y30', 'y51'): 4, ('y30', 'y52'): 8, ('y30', 'y53'): 16, ('y31', 'y40'): 4, ('y31', 'y41'): 8, ('y31', 'y42'): 16, ('y31', 'y43'): 32, ('y31', 'y50'): 4, ('y31', 'y51'): 8, ('y31', 'y52'): 16, ('y31', 'y53'): 32, ('y32', 'y40'): 8, ('y32', 'y41'): 16, ('y32', 'y42'): 32, ('y32', 'y43'): 64, ('y32', 'y50'): 8, ('y32', 'y51'): 16, ('y32', 'y52'): 32, ('y32', 'y53'): 64, ('y33', 'y40'): 16, ('y33', 'y41'): 32, ('y33', 'y42'): 64, ('y33', 'y43'): 128, ('y33', 'y50'): 16, ('y33', 'y51'): 32, ('y33', 'y52'): 64, ('y33', 'y53'): 128, ('y40', 'y50'): 2, ('y40', 'y51'): 4, ('y40', 'y52'): 8, ('y40', 'y53'): 16, ('y41', 'y50'): 4, ('y41', 'y51'): 8, ('y41', 'y52'): 16, ('y41', 'y53'): 32, ('y42', 'y50'): 8, ('y42', 'y51'): 16, ('y42', 'y52'): 32, ('y42', 'y53'): 64, ('y43', 'y50'): 16, ('y43', 'y51'): 32, ('y43', 'y52'): 64, ('y43', 'y53'): 128}",216,317.4000000004895,"{'y00': [1852, 1853, 4179], 'y01': [1837, 4194, 1838], 'y02': [1866, 1867, 4284, 4164], 'y03': [1716, 4239, 1717], 'y10': [1732, 4448, 1731], 'y11': [1747, 4283, 1746], 'y12': [4298, 1762, 1761], 'y13': [1582, 4329, 4328], 'y20': [1791, 1792, 4209], 'y21': [4299, 1777, 1778], 'y22': [1822, 1823], 'y23': [1807, 1808], 'y30': [4358, 4359], 'y31': [4253, 4254, 1567], 'y32': [1702, 1701, 4419], 'y33': [4403, 4404, 1643], 'y40': [4343, 4344, 1537], 'y41': [1672, 4463, 1673], 'y42': [4388, 1628, 4389], 'y43': [1687, 1686], 'y50': [1597, 4269, 4268], 'y51': [1776, 4224, 1657, 1658], 'y52': [1612, 4314, 4313], 'y53': [4373, 4374]}",450438.99999999936,"{'y00': [932], 'y01': [872, 308], 'y02': [896, 296], 'y03': [927, 926], 'y10': [255, 254], 'y11': [249, 248, 908], 'y12': [915, 1004, 315], 'y13': [260, 261], 'y20': [272, 866, 273], 'y21': [278, 279], 'y22': [939, 320, 938], 'y23': [242, 243, 878], 'y30': [963, 962, 339], 'y31': [284, 902, 285], 'y32': [944, 303], 'y33': [992, 321], 'y40': [975, 381, 974], 'y41': [998, 999], 'y42': [986, 231, 987], 'y43': [968, 309], 'y50': [956, 267], 'y51': [920, 291], 'y52': [333, 884, 332], 'y53': [327, 980, 326]}",429632.9999999955
10,"[[0, 0, 0, 1, 1], [0, 0, 0, 1, 1], [0, 0, 0, 1, 1], [1, 1, 1, 0, 0], [1, 1, 1, 0, 0]]",2,1,"{('y00', 'y00'): 0.0, ('y00', 'y01'): 8, ('y00', 'y02'): 16, ('y00', 'y10'): 2, ('y00', 'y11'): 4, ('y00', 'y12'): 8, ('y01', 'y01'): 4.0, ('y01', 'y02'): 32, ('y01', 'y10'): 4, ('y01', 'y11'): 8, ('y01', 'y12'): 16, ('y02', 'y02'): 24.0, ('y02', 'y10'): 8, ('y02', 'y11'): 16, ('y02', 'y12'): 32, ('y10', 'y10'): -4.0, ('y10', 'y11'): 8, ('y10', 'y12'): 16, ('y11', 'y11'): -4.0, ('y11', 'y12'): 32, ('y12', 'y12'): 8.0, ('y20', 'y20'): -2.0, ('y20', 'y21'): 8, ('y20', 'y22'): 16, ('y20', 'y30'): 2, ('y20', 'y31'): 4, ('y20', 'y32'): 8, ('y21', 'y21'): 0.0, ('y21', 'y22'): 32, ('y21', 'y30'): 4, ('y21', 'y31'): 8, ('y21', 'y32'): 16, ('y22', 'y22'): 16.0, ('y22', 'y30'): 8, ('y22', 'y31'): 16, ('y22', 'y32'): 32, ('y30', 'y30'): -6.0, ('y30', 'y31'): 8, ('y30', 'y32'): 16, ('y31', 'y31'): -8.0, ('y31', 'y32'): 32, ('y32', 'y32'): 0.0, ('y40', 'y40'): -6.0, ('y40', 'y41'): 8, ('y40', 'y42'): 16, ('y40', 'y50'): 2, ('y40', 'y51'): 4, ('y40', 'y52'): 8, ('y41', 'y41'): -8.0, ('y41', 'y42'): 32, ('y41', 'y50'): 4, ('y41', 'y51'): 8, ('y41', 'y52'): 16, ('y42', 'y42'): 0.0, ('y42', 'y50'): 8, ('y42', 'y51'): 16, ('y42', 'y52'): 32, ('y50', 'y50'): -10.0, ('y50', 'y51'): 8, ('y50', 'y52'): 16, ('y51', 'y51'): -16.0, ('y51', 'y52'): 32, ('y52', 'y52'): -16.0, ('y00', 'y20'): 2, ('y00', 'y21'): 4, ('y00', 'y22'): 8, ('y00', 'y40'): 2, ('y00', 'y41'): 4, ('y00', 'y42'): 8, ('y01', 'y20'): 4, ('y01', 'y21'): 8, ('y01', 'y22'): 16, ('y01', 'y40'): 4, ('y01', 'y41'): 8, ('y01', 'y42'): 16, ('y02', 'y20'): 8, ('y02', 'y21'): 16, ('y02', 'y22'): 32, ('y02', 'y40'): 8, ('y02', 'y41'): 16, ('y02', 'y42'): 32, ('y20', 'y40'): 2, ('y20', 'y41'): 4, ('y20', 'y42'): 8, ('y21', 'y40'): 4, ('y21', 'y41'): 8, ('y21', 'y42'): 16, ('y22', 'y40'): 8, ('y22', 'y41'): 16, ('y22', 'y42'): 32, ('y10', 'y30'): 2, ('y10', 'y31'): 4, ('y10', 'y32'): 8, ('y10', 'y50'): 2, ('y10', 'y51'): 4, ('y10', 'y52'): 8, ('y11', 'y30'): 4, ('y11', 'y31'): 8, ('y11', 'y32'): 16, ('y11', 'y50'): 4, ('y11', 'y51'): 8, ('y11', 'y52'): 16, ('y12', 'y30'): 8, ('y12', 'y31'): 16, ('y12', 'y32'): 32, ('y12', 'y50'): 8, ('y12', 'y51'): 16, ('y12', 'y52'): 32, ('y30', 'y50'): 2, ('y30', 'y51'): 4, ('y30', 'y52'): 8, ('y31', 'y50'): 4, ('y31', 'y51'): 8, ('y31', 'y52'): 16, ('y32', 'y50'): 8, ('y32', 'y51'): 16, ('y32', 'y52'): 32}",20,206.39999999971792,"{'y00': [484, 485], 'y01': [499, 500], 'y02': [3901, 469], 'y10': [410, 409, 3931], 'y11': [3751], 'y12': [3766], 'y20': [3872, 560], 'y21': [3887, 545], 'y22': [3842], 'y30': [3781, 439], 'y31': [394, 395, 3646], 'y32': [424, 3796], 'y40': [3812, 3811, 529], 'y41': [3827, 514, 3826], 'y42': [3857, 3856], 'y50': [379, 380], 'y51': [364, 365], 'y52': [349, 3736]}",136472.00000000038,"{'y00': [907, 236], 'y01': [895, 152], 'y02': [883, 176], 'y10': [206], 'y11': [146, 835], 'y12': [902, 230], 'y20': [164, 163], 'y21': [224, 919], 'y22': [158, 159], 'y30': [865, 866], 'y31': [871], 'y32': [218, 859], 'y40': [231, 943], 'y41': [200, 931], 'y42': [955], 'y50': [212, 211], 'y51': [187, 823, 188], 'y52': [195, 194, 842]}",58606.999999994965
11,"[[0, 0, 0, 1, 1], [0, 0, 0, 1, 1], [0, 0, 0, 1, 1], [1, 1, 1, 0, 1], [1, 1, 1, 1, 0]]",2,1,"{('y00', 'y00'): 0.0, ('y00', 'y01'): 8, ('y00', 'y02'): 16, ('y00', 'y10'): 2, ('y00', 'y11'): 4, ('y00', 'y12'): 8, ('y01', 'y01'): 4.0, ('y01', 'y02'): 32, ('y01', 'y10'): 4, ('y01', 'y11'): 8, ('y01', 'y12'): 16, ('y02', 'y02'): 24.0, ('y02', 'y10'): 8, ('y02', 'y11'): 16, ('y02', 'y12'): 32, ('y10', 'y10'): -2.0, ('y10', 'y11'): 8, ('y10', 'y12'): 16, ('y11', 'y11'): 0.0, ('y11', 'y12'): 32, ('y12', 'y12'): 16.0, ('y20', 'y20'): -2.0, ('y20', 'y21'): 8, ('y20', 'y22'): 16, ('y20', 'y30'): 2, ('y20', 'y31'): 4, ('y20', 'y32'): 8, ('y21', 'y21'): 0.0, ('y21', 'y22'): 32, ('y21', 'y30'): 4, ('y21', 'y31'): 8, ('y21', 'y32'): 16, ('y22', 'y22'): 16.0, ('y22', 'y30'): 8, ('y22', 'y31'): 16, ('y22', 'y32'): 32, ('y30', 'y30'): -4.0, ('y30', 'y31'): 8, ('y30', 'y32'): 16, ('y31', 'y31'): -4.0, ('y31', 'y32'): 32, ('y32', 'y32'): 8.0, ('y40', 'y40'): -4.0, ('y40', 'y41'): 8, ('y40', 'y42'): 16, ('y40', 'y50'): 2, ('y40', 'y51'): 4, ('y40', 'y52'): 8, ('y41', 'y41'): -4.0, ('y41', 'y42'): 32, ('y41', 'y50'): 4, ('y41', 'y51'): 8, ('y41', 'y52'): 16, ('y42', 'y42'): 8.0, ('y42', 'y50'): 8, ('y42', 'y51'): 16, ('y42', 'y52'): 32, ('y50', 'y50'): -6.0, ('y50', 'y51'): 8, ('y50', 'y52'): 16, ('y51', 'y51'): -8.0, ('y51', 'y52'): 32, ('y52', 'y52'): 0.0, ('y00', 'y20'): 2, ('y00', 'y21'): 4, ('y00', 'y22'): 8, ('y00', 'y40'): 2, ('y00', 'y41'): 4, ('y00', 'y42'): 8, ('y00', 'y60'): 2, ('y00', 'y61'): 4, ('y00', 'y62'): 8, ('y01', 'y20'): 4, ('y01', 'y21'): 8, ('y01', 'y22'): 16, ('y01', 'y40'): 4, ('y01', 'y41'): 8, ('y01', 'y42'): 16, ('y01', 'y60'): 4, ('y01', 'y61'): 8, ('y01', 'y62'): 16, ('y02', 'y20'): 8, ('y02', 'y21'): 16, ('y02', 'y22'): 32, ('y02', 'y40'): 8, ('y02', 'y41'): 16, ('y02', 'y42'): 32, ('y02', 'y60'): 8, ('y02', 'y61'): 16, ('y02', 'y62'): 32, ('y20', 'y40'): 2, ('y20', 'y41'): 4, ('y20', 'y42'): 8, ('y20', 'y60'): 2, ('y20', 'y61'): 4, ('y20', 'y62'): 8, ('y21', 'y40'): 4, ('y21', 'y41'): 8, ('y21', 'y42'): 16, ('y21', 'y60'): 4, ('y21', 'y61'): 8, ('y21', 'y62'): 16, ('y22', 'y40'): 8, ('y22', 'y41'): 16, ('y22', 'y42'): 32, ('y22', 'y60'): 8, ('y22', 'y61'): 16, ('y22', 'y62'): 32, ('y40', 'y60'): 2, ('y40', 'y61'): 4, ('y40', 'y62'): 8, ('y41', 'y60'): 4, ('y41', 'y61'): 8, ('y41', 'y62'): 16, ('y42', 'y60'): 8, ('y42', 'y61'): 16, ('y42', 'y62'): 32, ('y60', 'y60'): -4.0, ('y60', 'y61'): 8, ('y60', 'y62'): 16, ('y61', 'y61'): -4.0, ('y61', 'y62'): 32, ('y62', 'y62'): 8.0, ('y10', 'y30'): 2, ('y10', 'y31'): 4, ('y10', 'y32'): 8, ('y10', 'y50'): 2, ('y10', 'y51'): 4, ('y10', 'y52'): 8, ('y10', 'y60'): 2, ('y10', 'y61'): 4, ('y10', 'y62'): 8, ('y11', 'y30'): 4, ('y11', 'y31'): 8, ('y11', 'y32'): 16, ('y11', 'y50'): 4, ('y11', 'y51'): 8, ('y11', 'y52'): 16, ('y11', 'y60'): 4, ('y11', 'y61'): 8, ('y11', 'y62'): 16, ('y12', 'y30'): 8, ('y12', 'y31'): 16, ('y12', 'y32'): 32, ('y12', 'y50'): 8, ('y12', 'y51'): 16, ('y12', 'y52'): 32, ('y12', 'y60'): 8, ('y12', 'y61'): 16, ('y12', 'y62'): 32, ('y30', 'y50'): 2, ('y30', 'y51'): 4, ('y30', 'y52'): 8, ('y30', 'y60'): 2, ('y30', 'y61'): 4, ('y30', 'y62'): 8, ('y31', 'y50'): 4, ('y31', 'y51'): 8, ('y31', 'y52'): 16, ('y31', 'y60'): 4, ('y31', 'y61'): 8, ('y31', 'y62'): 16, ('y32', 'y50'): 8, ('y32', 'y51'): 16, ('y32', 'y52'): 32, ('y32', 'y60'): 8, ('y32', 'y61'): 16, ('y32', 'y62'): 32, ('y50', 'y60'): 2, ('y50', 'y61'): 4, ('y50', 'y62'): 8, ('y51', 'y60'): 4, ('y51', 'y61'): 8, ('y51', 'y62'): 16, ('y52', 'y60'): 8, ('y52', 'y61'): 16, ('y52', 'y62'): 32}",10,257.6000000001244,"{'y00': [610, 4832, 609], 'y01': [655, 4997, 654], 'y02': [4908, 4907], 'y10': [700, 4788, 701], 'y11': [731, 4938], 'y12': [715, 4773, 716], 'y20': [4802, 535], 'y21': [4878, 4877, 460], 'y22': [4817, 520], 'y30': [685, 686], 'y31': [671, 670], 'y32': [4847, 4848, 625], 'y40': [565, 566], 'y41': [551, 550], 'y42': [596, 595, 5012], 'y50': [4968, 4967], 'y51': [4953, 4952], 'y52': [4923, 4922, 416], 'y60': [640, 639, 4982], 'y61': [746, 4892, 4893], 'y62': [5027, 581, 580]}",207379.00000000044,"{'y00': [985, 984, 177], 'y01': [973, 972], 'y02': [961, 189, 960], 'y10': [76, 75], 'y11': [1044, 52, 21], 'y12': [100, 99, 1074], 'y20': [117, 1002], 'y21': [105, 990], 'y22': [135, 966], 'y30': [81, 82], 'y31': [93, 94, 996], 'y32': [136, 1086, 1045], 'y40': [978, 129], 'y41': [1014, 57], 'y42': [64, 69], 'y50': [1026], 'y51': [1050, 124], 'y52': [1021, 1020], 'y60': [1009, 1008, 141], 'y61': [112, 1062, 111], 'y62': [88, 87, 1080]}",172606.0000000018
12,"[[0, 0, 0, 1, 1], [0, 0, 0, 1, 1], [0, 0, 0, 1, 1], [1, 1, 1, 0, 1], [1, 1, 1, 1, 0]]",2,2,"{('y00', 'y00'): -6.0, ('y00', 'y01'): 8, ('y00', 'y02'): 16, ('y00', 'y10'): 2, ('y00', 'y11'): 4, ('y00', 'y12'): 8, ('y01', 'y01'): -8.0, ('y01', 'y02'): 32, ('y01', 'y10'): 4, ('y01', 'y11'): 8, ('y01', 'y12'): 16, ('y02', 'y02'): 0.0, ('y02', 'y10'): 8, ('y02', 'y11'): 16, ('y02', 'y12'): 32, ('y10', 'y10'): -10.0, ('y10', 'y11'): 8, ('y10', 'y12'): 16, ('y11', 'y11'): -16.0, ('y11', 'y12'): 32, ('y12', 'y12'): -16.0, ('y20', 'y20'): -10.0, ('y20', 'y21'): 8, ('y20', 'y22'): 16, ('y20', 'y30'): 2, ('y20', 'y31'): 4, ('y20', 'y32'): 8, ('y21', 'y21'): -16.0, ('y21', 'y22'): 32, ('y21', 'y30'): 4, ('y21', 'y31'): 8, ('y21', 'y32'): 16, ('y22', 'y22'): -16.0, ('y22', 'y30'): 8, ('y22', 'y31'): 16, ('y22', 'y32'): 32, ('y30', 'y30'): -14.0, ('y30', 'y31'): 8, ('y30', 'y32'): 16, ('y31', 'y31'): -24.0, ('y31', 'y32'): 32, ('y32', 'y32'): -32.0, ('y40', 'y40'): -14.0, ('y40', 'y41'): 8, ('y40', 'y42'): 16, ('y40', 'y50'): 2, ('y40', 'y51'): 4, ('y40', 'y52'): 8, ('y41', 'y41'): -24.0, ('y41', 'y42'): 32, ('y41', 'y50'): 4, ('y41', 'y51'): 8, ('y41', 'y52'): 16, ('y42', 'y42'): -32.0, ('y42', 'y50'): 8, ('y42', 'y51'): 16, ('y42', 'y52'): 32, ('y50', 'y50'): -18.0, ('y50', 'y51'): 8, ('y50', 'y52'): 16, ('y51', 'y51'): -32.0, ('y51', 'y52'): 32, ('y52', 'y52'): -48.0, ('y00', 'y20'): 2, ('y00', 'y21'): 4, ('y00', 'y22'): 8, ('y00', 'y40'): 2, ('y00', 'y41'): 4, ('y00', 'y42'): 8, ('y00', 'y60'): 2, ('y00', 'y61'): 4, ('y00', 'y62'): 8, ('y01', 'y20'): 4, ('y01', 'y21'): 8, ('y01', 'y22'): 16, ('y01', 'y40'): 4, ('y01', 'y41'): 8, ('y01', 'y42'): 16, ('y01', 'y60'): 4, ('y01', 'y61'): 8, ('y01', 'y62'): 16, ('y02', 'y20'): 8, ('y02', 'y21'): 16, ('y02', 'y22'): 32, ('y02', 'y40'): 8, ('y02', 'y41'): 16, ('y02', 'y42'): 32, ('y02', 'y60'): 8, ('y02', 'y61'): 16, ('y02', 'y62'): 32, ('y20', 'y40'): 2, ('y20', 'y41'): 4, ('y20', 'y42'): 8, ('y20', 'y60'): 2, ('y20', 'y61'): 4, ('y20', 'y62'): 8, ('y21', 'y40'): 4, ('y21', 'y41'): 8, ('y21', 'y42'): 16, ('y21', 'y60'): 4, ('y21', 'y61'): 8, ('y21', 'y62'): 16, ('y22', 'y40'): 8, ('y22', 'y41'): 16, ('y22', 'y42'): 32, ('y22', 'y60'): 8, ('y22', 'y61'): 16, ('y22', 'y62'): 32, ('y40', 'y60'): 2, ('y40', 'y61'): 4, ('y40', 'y62'): 8, ('y41', 'y60'): 4, ('y41', 'y61'): 8, ('y41', 'y62'): 16, ('y42', 'y60'): 8, ('y42', 'y61'): 16, ('y42', 'y62'): 32, ('y60', 'y60'): -18.0, ('y60', 'y61'): 8, ('y60', 'y62'): 16, ('y61', 'y61'): -32.0, ('y61', 'y62'): 32, ('y62', 'y62'): -48.0, ('y10', 'y30'): 2, ('y10', 'y31'): 4, ('y10', 'y32'): 8, ('y10', 'y50'): 2, ('y10', 'y51'): 4, ('y10', 'y52'): 8, ('y10', 'y60'): 2, ('y10', 'y61'): 4, ('y10', 'y62'): 8, ('y11', 'y30'): 4, ('y11', 'y31'): 8, ('y11', 'y32'): 16, ('y11', 'y50'): 4, ('y11', 'y51'): 8, ('y11', 'y52'): 16, ('y11', 'y60'): 4, ('y11', 'y61'): 8, ('y11', 'y62'): 16, ('y12', 'y30'): 8, ('y12', 'y31'): 16, ('y12', 'y32'): 32, ('y12', 'y50'): 8, ('y12', 'y51'): 16, ('y12', 'y52'): 32, ('y12', 'y60'): 8, ('y12', 'y61'): 16, ('y12', 'y62'): 32, ('y30', 'y50'): 2, ('y30', 'y51'): 4, ('y30', 'y52'): 8, ('y30', 'y60'): 2, ('y30', 'y61'): 4, ('y30', 'y62'): 8, ('y31', 'y50'): 4, ('y31', 'y51'): 8, ('y31', 'y52'): 16, ('y31', 'y60'): 4, ('y31', 'y61'): 8, ('y31', 'y62'): 16, ('y32', 'y50'): 8, ('y32', 'y51'): 16, ('y32', 'y52'): 32, ('y32', 'y60'): 8, ('y32', 'y61'): 16, ('y32', 'y62'): 32, ('y50', 'y60'): 2, ('y50', 'y61'): 4, ('y50', 'y62'): 8, ('y51', 'y60'): 4, ('y51', 'y61'): 8, ('y51', 'y62'): 16, ('y52', 'y60'): 8, ('y52', 'y61'): 16, ('y52', 'y62'): 32}",72,242.59999999962648,"{'y00': [4116, 4117], 'y01': [1251, 4176, 4177], 'y02': [4147, 1416, 4146], 'y10': [1357, 1356], 'y11': [4207, 1401, 1402], 'y12': [4387, 1432, 1431], 'y20': [4132, 4131], 'y21': [4161, 1266, 4162], 'y22': [4192, 1521], 'y30': [1372, 1371], 'y31': [1387, 1386, 4296], 'y32': [4222, 1326, 4223], 'y40': [4312, 1477, 1476], 'y41': [1462, 1461], 'y42': [1447, 1446], 'y50': [1417, 4237], 'y51': [4252, 4253], 'y52': [4267, 4266, 1297], 'y60': [1341, 4282, 4281], 'y61': [4342, 1492, 1491], 'y62': [4327, 1507, 1506]}",197622,"{'y00': [1160, 257], 'y01': [305], 'y02': [1166, 1167, 197], 'y10': [1118, 221, 1119], 'y11': [311, 310, 1227], 'y12': [281, 1142, 1143], 'y20': [1196, 323], 'y21': [275, 1172], 'y22': [1124, 269], 'y30': [262, 263, 1076], 'y31': [293, 1148], 'y32': [251, 1064, 250], 'y40': [1136, 317], 'y41': [1112, 245], 'y42': [329, 1155], 'y50': [1106, 209, 1107], 'y51': [299, 298, 1083], 'y52': [334, 335], 'y60': [1190, 1191, 233], 'y61': [1184, 1183], 'y62': [1179, 1178]}",100393.99999999432
13,"[[0, 0, 0, 1, 1], [0, 0, 0, 1, 1], [0, 0, 0, 1, 1], [1, 1, 1, 0, 1], [1, 1, 1, 1, 0]]",2,3,"{('y00', 'y00'): -12.0, ('y00', 'y01'): 8, ('y00', 'y02'): 16, ('y00', 'y03'): 32, ('y00', 'y10'): 2, ('y00', 'y11'): 4, ('y00', 'y12'): 8, ('y00', 'y13'): 16, ('y01', 'y01'): -20.0, ('y01', 'y02'): 32, ('y01', 'y03'): 64, ('y01', 'y10'): 4, ('y01', 'y11'): 8, ('y01', 'y12'): 16, ('y01', 'y13'): 32, ('y02', 'y02'): -24.0, ('y02', 'y03'): 128, ('y02', 'y10'): 8, ('y02', 'y11'): 16, ('y02', 'y12'): 32, ('y02', 'y13'): 64, ('y03', 'y03'): 16.0, ('y03', 'y10'): 16, ('y03', 'y11'): 32, ('y03', 'y12'): 64, ('y03', 'y13'): 128, ('y10', 'y10'): -18.0, ('y10', 'y11'): 8, ('y10', 'y12'): 16, ('y10', 'y13'): 32, ('y11', 'y11'): -32.0, ('y11', 'y12'): 32, ('y11', 'y13'): 64, ('y12', 'y12'): -48.0, ('y12', 'y13'): 128, ('y13', 'y13'): -32.0, ('y20', 'y20'): -18.0, ('y20', 'y21'): 8, ('y20', 'y22'): 16, ('y20', 'y23'): 32, ('y20', 'y30'): 2, ('y20', 'y31'): 4, ('y20', 'y32'): 8, ('y20', 'y33'): 16, ('y21', 'y21'): -32.0, ('y21', 'y22'): 32, ('y21', 'y23'): 64, ('y21', 'y30'): 4, ('y21', 'y31'): 8, ('y21', 'y32'): 16, ('y21', 'y33'): 32, ('y22', 'y22'): -48.0, ('y22', 'y23'): 128, ('y22', 'y30'): 8, ('y22', 'y31'): 16, ('y22', 'y32'): 32, ('y22', 'y33'): 64, ('y23', 'y23'): -32.0, ('y23', 'y30'): 16, ('y23', 'y31'): 32, ('y23', 'y32'): 64, ('y23', 'y33'): 128, ('y30', 'y30'): -24.0, ('y30', 'y31'): 8, ('y30', 'y32'): 16, ('y30', 'y33'): 32, ('y31', 'y31'): -44.0, ('y31', 'y32'): 32, ('y31', 'y33'): 64, ('y32', 'y32'): -72.0, ('y32', 'y33'): 128, ('y33', 'y33'): -80.0, ('y40', 'y40'): -24.0, ('y40', 'y41'): 8, ('y40', 'y42'): 16, ('y40', 'y43'): 32, ('y40', 'y50'): 2, ('y40', 'y51'): 4, ('y40', 'y52'): 8, ('y40', 'y53'): 16, ('y41', 'y41'): -44.0, ('y41', 'y42'): 32, ('y41', 'y43'): 64, ('y41', 'y50'): 4, ('y41', 'y51'): 8, ('y41', 'y52'): 16, ('y41', 'y53'): 32, ('y42', 'y42'): -72.0, ('y42', 'y43'): 128, ('y42', 'y50'): 8, ('y42', 'y51'): 16, ('y42', 'y52'): 32, ('y42', 'y53'): 64, ('y43', 'y43'): -80.0, ('y43', 'y50'): 16, ('y43', 'y51'): 32, ('y43', 'y52'): 64, ('y43', 'y53'): 128, ('y50', 'y50'): -30.0, ('y50', 'y51'): 8, ('y50', 'y52'): 16, ('y50', 'y53'): 32, ('y51', 'y51'): -56.0, ('y51', 'y52'): 32, ('y51', 'y53'): 64, ('y52', 'y52'): -96.0, ('y52', 'y53'): 128, ('y53', 'y53'): -128.0, ('y00', 'y20'): 2, ('y00', 'y21'): 4, ('y00', 'y22'): 8, ('y00', 'y23'): 16, ('y00', 'y40'): 2, ('y00', 'y41'): 4, ('y00', 'y42'): 8, ('y00', 'y43'): 16, ('y00', 'y60'): 2, ('y00', 'y61'): 4, ('y00', 'y62'): 8, ('y00', 'y63'): 16, ('y01', 'y20'): 4, ('y01', 'y21'): 8, ('y01', 'y22'): 16, ('y01', 'y23'): 32, ('y01', 'y40'): 4, ('y01', 'y41'): 8, ('y01', 'y42'): 16, ('y01', 'y43'): 32, ('y01', 'y60'): 4, ('y01', 'y61'): 8, ('y01', 'y62'): 16, ('y01', 'y63'): 32, ('y02', 'y20'): 8, ('y02', 'y21'): 16, ('y02', 'y22'): 32, ('y02', 'y23'): 64, ('y02', 'y40'): 8, ('y02', 'y41'): 16, ('y02', 'y42'): 32, ('y02', 'y43'): 64, ('y02', 'y60'): 8, ('y02', 'y61'): 16, ('y02', 'y62'): 32, ('y02', 'y63'): 64, ('y03', 'y20'): 16, ('y03', 'y21'): 32, ('y03', 'y22'): 64, ('y03', 'y23'): 128, ('y03', 'y40'): 16, ('y03', 'y41'): 32, ('y03', 'y42'): 64, ('y03', 'y43'): 128, ('y03', 'y60'): 16, ('y03', 'y61'): 32, ('y03', 'y62'): 64, ('y03', 'y63'): 128, ('y20', 'y40'): 2, ('y20', 'y41'): 4, ('y20', 'y42'): 8, ('y20', 'y43'): 16, ('y20', 'y60'): 2, ('y20', 'y61'): 4, ('y20', 'y62'): 8, ('y20', 'y63'): 16, ('y21', 'y40'): 4, ('y21', 'y41'): 8, ('y21', 'y42'): 16, ('y21', 'y43'): 32, ('y21', 'y60'): 4, ('y21', 'y61'): 8, ('y21', 'y62'): 16, ('y21', 'y63'): 32, ('y22', 'y40'): 8, ('y22', 'y41'): 16, ('y22', 'y42'): 32, ('y22', 'y43'): 64, ('y22', 'y60'): 8, ('y22', 'y61'): 16, ('y22', 'y62'): 32, ('y22', 'y63'): 64, ('y23', 'y40'): 16, ('y23', 'y41'): 32, ('y23', 'y42'): 64, ('y23', 'y43'): 128, ('y23', 'y60'): 16, ('y23', 'y61'): 32, ('y23', 'y62'): 64, ('y23', 'y63'): 128, ('y40', 'y60'): 2, ('y40', 'y61'): 4, ('y40', 'y62'): 8, ('y40', 'y63'): 16, ('y41', 'y60'): 4, ('y41', 'y61'): 8, ('y41', 'y62'): 16, ('y41', 'y63'): 32, ('y42', 'y60'): 8, ('y42', 'y61'): 16, ('y42', 'y62'): 32, ('y42', 'y63'): 64, ('y43', 'y60'): 16, ('y43', 'y61'): 32, ('y43', 'y62'): 64, ('y43', 'y63'): 128, ('y60', 'y60'): -32.0, ('y60', 'y61'): 8, ('y60', 'y62'): 16, ('y60', 'y63'): 32, ('y61', 'y61'): -60.0, ('y61', 'y62'): 32, ('y61', 'y63'): 64, ('y62', 'y62'): -104.0, ('y62', 'y63'): 128, ('y63', 'y63'): -144.0, ('y10', 'y30'): 2, ('y10', 'y31'): 4, ('y10', 'y32'): 8, ('y10', 'y33'): 16, ('y10', 'y50'): 2, ('y10', 'y51'): 4, ('y10', 'y52'): 8, ('y10', 'y53'): 16, ('y10', 'y60'): 2, ('y10', 'y61'): 4, ('y10', 'y62'): 8, ('y10', 'y63'): 16, ('y11', 'y30'): 4, ('y11', 'y31'): 8, ('y11', 'y32'): 16, ('y11', 'y33'): 32, ('y11', 'y50'): 4, ('y11', 'y51'): 8, ('y11', 'y52'): 16, ('y11', 'y53'): 32, ('y11', 'y60'): 4, ('y11', 'y61'): 8, ('y11', 'y62'): 16, ('y11', 'y63'): 32, ('y12', 'y30'): 8, ('y12', 'y31'): 16, ('y12', 'y32'): 32, ('y12', 'y33'): 64, ('y12', 'y50'): 8, ('y12', 'y51'): 16, ('y12', 'y52'): 32, ('y12', 'y53'): 64, ('y12', 'y60'): 8, ('y12', 'y61'): 16, ('y12', 'y62'): 32, ('y12', 'y63'): 64, ('y13', 'y30'): 16, ('y13', 'y31'): 32, ('y13', 'y32'): 64, ('y13', 'y33'): 128, ('y13', 'y50'): 16, ('y13', 'y51'): 32, ('y13', 'y52'): 64, ('y13', 'y53'): 128, ('y13', 'y60'): 16, ('y13', 'y61'): 32, ('y13', 'y62'): 64, ('y13', 'y63'): 128, ('y30', 'y50'): 2, ('y30', 'y51'): 4, ('y30', 'y52'): 8, ('y30', 'y53'): 16, ('y30', 'y60'): 2, ('y30', 'y61'): 4, ('y30', 'y62'): 8, ('y30', 'y63'): 16, ('y31', 'y50'): 4, ('y31', 'y51'): 8, ('y31', 'y52'): 16, ('y31', 'y53'): 32, ('y31', 'y60'): 4, ('y31', 'y61'): 8, ('y31', 'y62'): 16, ('y31', 'y63'): 32, ('y32', 'y50'): 8, ('y32', 'y51'): 16, ('y32', 'y52'): 32, ('y32', 'y53'): 64, ('y32', 'y60'): 8, ('y32', 'y61'): 16, ('y32', 'y62'): 32, ('y32', 'y63'): 64, ('y33', 'y50'): 16, ('y33', 'y51'): 32, ('y33', 'y52'): 64, ('y33', 'y53'): 128, ('y33', 'y60'): 16, ('y33', 'y61'): 32, ('y33', 'y62'): 64, ('y33', 'y63'): 128, ('y50', 'y60'): 2, ('y50', 'y61'): 4, ('y50', 'y62'): 8, ('y50', 'y63'): 16, ('y51', 'y60'): 4, ('y51', 'y61'): 8, ('y51', 'y62'): 16, ('y51', 'y63'): 32, ('y52', 'y60'): 8, ('y52', 'y61'): 16, ('y52', 'y62'): 32, ('y52', 'y63'): 64, ('y53', 'y60'): 16, ('y53', 'y61'): 32, ('y53', 'y62'): 64, ('y53', 'y63'): 128}",194,354.20000000030427,"{'y00': [1076, 1075, 5120], 'y01': [1090, 4865, 1091], 'y02': [1060, 5105, 5104, 1061], 'y03': [1015, 1016, 1014], 'y10': [4925, 790, 4924], 'y11': [850, 851, 4789, 4790], 'y12': [880, 881, 4819, 4820], 'y13': [4879, 835, 4880], 'y20': [1031, 940, 4775, 1030], 'y21': [5045, 5044, 1136], 'y22': [4895, 4894, 1106], 'y23': [5060, 5059, 1121], 'y30': [4864, 865, 866], 'y31': [910, 911, 4714], 'y32': [925, 4729, 926], 'y33': [970, 971, 969], 'y40': [4940, 4941, 941, 5014], 'y41': [4999, 1195, 5000, 4911], 'y42': [1165, 5075, 1166], 'y43': [1151, 5090, 1150, 5089], 'y50': [1000, 4850, 4848, 4849], 'y51': [4955, 4954, 4956], 'y52': [985, 4835, 4833, 4834], 'y53': [896, 5074, 895, 4804], 'y60': [4970, 4971, 4969], 'y61': [4910, 4909, 820], 'y62': [4985, 4983, 4984, 956], 'y63': [1046, 1045, 5029, 5028]}",1010568,"{'y00': [303, 302], 'y01': [314, 315, 968], 'y02': [333, 332, 992], 'y03': [308, 309], 'y10': [944, 945], 'y11': [927, 255, 926], 'y12': [956, 957, 279], 'y13': [975, 291], 'y20': [879, 878], 'y21': [884, 885], 'y22': [891, 296], 'y23': [866, 867, 284], 'y30': [357, 356], 'y31': [344, 939], 'y32': [981, 338, 339], 'y33': [380, 1053, 381], 'y40': [266, 872, 873], 'y41': [902, 903, 290], 'y42': [896, 254, 897], 'y43': [908, 260, 909], 'y50': [327, 326, 987], 'y51': [932, 933, 272], 'y52': [351, 350, 1005], 'y53': [320, 951, 321], 'y60': [915, 368], 'y61': [374, 963, 375], 'y62': [362, 999, 363], 'y63': [920, 921, 248]}",409392.00000002526
14,"[[0, 0, 1, 0, 1], [0, 0, 0, 1, 1], [1, 0, 0, 0, 0], [0, 1, 0, 0, 0], [1, 1, 0, 0, 0]]",2,1,"{('y00', 'y00'): -4.0, ('y00', 'y01'): 8, ('y00', 'y02'): 16, ('y00', 'y10'): 2, ('y00', 'y11'): 4, ('y00', 'y12'): 8, ('y01', 'y01'): -4.0, ('y01', 'y02'): 32, ('y01', 'y10'): 4, ('y01', 'y11'): 8, ('y01', 'y12'): 16, ('y02', 'y02'): 8.0, ('y02', 'y10'): 8, ('y02', 'y11'): 16, ('y02', 'y12'): 32, ('y10', 'y10'): -8.0, ('y10', 'y11'): 8, ('y10', 'y12'): 16, ('y11', 'y11'): -12.0, ('y11', 'y12'): 32, ('y12', 'y12'): -8.0, ('y20', 'y20'): -10.0, ('y20', 'y21'): 8, ('y20', 'y22'): 16, ('y20', 'y30'): 2, ('y20', 'y31'): 4, ('y20', 'y32'): 8, ('y21', 'y21'): -16.0, ('y21', 'y22'): 32, ('y21', 'y30'): 4, ('y21', 'y31'): 8, ('y21', 'y32'): 16, ('y22', 'y22'): -16.0, ('y22', 'y30'): 8, ('y22', 'y31'): 16, ('y22', 'y32'): 32, ('y30', 'y30'): -12.0, ('y30', 'y31'): 8, ('y30', 'y32'): 16, ('y31', 'y31'): -20.0, ('y31', 'y32'): 32, ('y32', 'y32'): -24.0, ('y10', 'y30'): 2, ('y10', 'y31'): 4, ('y10', 'y32'): 8, ('y11', 'y30'): 4, ('y11', 'y31'): 8, ('y11', 'y32'): 16, ('y12', 'y30'): 8, ('y12', 'y31'): 16, ('y12', 'y32'): 32}",34,129.80000000020198,"{'y00': [2457], 'y01': [2533, 5308], 'y02': [2442], 'y10': [5263], 'y11': [2472, 5293, 5233], 'y12': [5278], 'y20': [5353], 'y21': [5368], 'y22': [2637, 5218], 'y30': [2607], 'y31': [5294, 2578], 'y32': [2592]}",33082.00000000028,"{'y00': [680], 'y01': [288], 'y02': [294], 'y10': [699, 306], 'y11': [330, 711], 'y12': [675], 'y20': [735], 'y21': [741], 'y22': [373], 'y30': [753, 354], 'y31': [378], 'y32': [342, 723]}",11878.999999993312
15,"[[0, 0, 1, 0, 1], [0, 0, 0, 1, 1], [1, 0, 0, 0, 1], [0, 1, 0, 0, 0], [1, 1, 1, 0, 0]]",2,1,"{('y00', 'y00'): -4.0, ('y00', 'y01'): 8, ('y00', 'y02'): 16, ('y00', 'y10'): 2, ('y00', 'y11'): 4, ('y00', 'y12'): 8, ('y01', 'y01'): -4.0, ('y01', 'y02'): 32, ('y01', 'y10'): 4, ('y01', 'y11'): 8, ('y01', 'y12'): 16, ('y02', 'y02'): 8.0, ('y02', 'y10'): 8, ('y02', 'y11'): 16, ('y02', 'y12'): 32, ('y10', 'y10'): -4.0, ('y10', 'y11'): 8, ('y10', 'y12'): 16, ('y11', 'y11'): -4.0, ('y11', 'y12'): 32, ('y12', 'y12'): 8.0, ('y20', 'y20'): -6.0, ('y20', 'y21'): 8, ('y20', 'y22'): 16, ('y20', 'y30'): 2, ('y20', 'y31'): 4, ('y20', 'y32'): 8, ('y21', 'y21'): -8.0, ('y21', 'y22'): 32, ('y21', 'y30'): 4, ('y21', 'y31'): 8, ('y21', 'y32'): 16, ('y22', 'y22'): 0.0, ('y22', 'y30'): 8, ('y22', 'y31'): 16, ('y22', 'y32'): 32, ('y30', 'y30'): -8.0, ('y30', 'y31'): 8, ('y30', 'y32'): 16, ('y31', 'y31'): -12.0, ('y31', 'y32'): 32, ('y32', 'y32'): -8.0, ('y00', 'y40'): 2, ('y00', 'y41'): 4, ('y00', 'y42'): 8, ('y01', 'y40'): 4, ('y01', 'y41'): 8, ('y01', 'y42'): 16, ('y02', 'y40'): 8, ('y02', 'y41'): 16, ('y02', 'y42'): 32, ('y40', 'y40'): -10.0, ('y40', 'y41'): 8, ('y40', 'y42'): 16, ('y41', 'y41'): -16.0, ('y41', 'y42'): 32, ('y42', 'y42'): -16.0, ('y10', 'y30'): 2, ('y10', 'y31'): 4, ('y10', 'y32'): 8, ('y10', 'y40'): 2, ('y10', 'y41'): 4, ('y10', 'y42'): 8, ('y11', 'y30'): 4, ('y11', 'y31'): 8, ('y11', 'y32'): 16, ('y11', 'y40'): 4, ('y11', 'y41'): 8, ('y11', 'y42'): 16, ('y12', 'y30'): 8, ('y12', 'y31'): 16, ('y12', 'y32'): 32, ('y12', 'y40'): 8, ('y12', 'y41'): 16, ('y12', 'y42'): 32, ('y30', 'y40'): 2, ('y30', 'y41'): 4, ('y30', 'y42'): 8, ('y31', 'y40'): 4, ('y31', 'y41'): 8, ('y31', 'y42'): 16, ('y32', 'y40'): 8, ('y32', 'y41'): 16, ('y32', 'y42'): 32}",26,157.00000000009595,"{'y00': [4431], 'y01': [4386, 1147], 'y02': [4416], 'y10': [4340, 1162, 4341], 'y11': [4295, 1177], 'y12': [1192, 4310], 'y20': [1298], 'y21': [4491, 1283], 'y22': [1313], 'y30': [4461, 4460], 'y31': [1327, 4356], 'y32': [4446, 4445], 'y40': [1268, 4401], 'y41': [1208, 1207], 'y42': [1222, 1223]}",50701.00000000011,"{'y00': [887, 602], 'y01': [542], 'y02': [530, 905], 'y10': [875, 596], 'y11': [899, 620], 'y12': [548, 935], 'y20': [531, 941], 'y21': [953], 'y22': [567], 'y30': [959], 'y31': [543, 947], 'y32': [572], 'y40': [584, 911], 'y41': [881, 536], 'y42': [893, 560]}",17081.999999987827
16,"[[0, 0, 1, 0, 1], [0, 0, 0, 1, 1], [1, 0, 0, 0, 1], [0, 1, 0, 0, 0], [1, 1, 1, 0, 0]]",2,2,"{('y00', 'y00'): -10.0, ('y00', 'y01'): 8, ('y00', 'y02'): 16, ('y00', 'y10'): 2, ('y00', 'y11'): 4, ('y00', 'y12'): 8, ('y01', 'y01'): -16.0, ('y01', 'y02'): 32, ('y01', 'y10'): 4, ('y01', 'y11'): 8, ('y01', 'y12'): 16, ('y02', 'y02'): -16.0, ('y02', 'y10'): 8, ('y02', 'y11'): 16, ('y02', 'y12'): 32, ('y10', 'y10'): -12.0, ('y10', 'y11'): 8, ('y10', 'y12'): 16, ('y11', 'y11'): -20.0, ('y11', 'y12'): 32, ('y12', 'y12'): -24.0, ('y20', 'y20'): -12.0, ('y20', 'y21'): 8, ('y20', 'y22'): 16, ('y20', 'y30'): 2, ('y20', 'y31'): 4, ('y20', 'y32'): 8, ('y21', 'y21'): -20.0, ('y21', 'y22'): 32, ('y21', 'y30'): 4, ('y21', 'y31'): 8, ('y21', 'y32'): 16, ('y22', 'y22'): -24.0, ('y22', 'y30'): 8, ('y22', 'y31'): 16, ('y22', 'y32'): 32, ('y30', 'y30'): -20.0, ('y30', 'y31'): 8, ('y30', 'y32'): 16, ('y31', 'y31'): -36.0, ('y31', 'y32'): 32, ('y32', 'y32'): -56.0, ('y00', 'y40'): 2, ('y00', 'y41'): 4, ('y00', 'y42'): 8, ('y01', 'y40'): 4, ('y01', 'y41'): 8, ('y01', 'y42'): 16, ('y02', 'y40'): 8, ('y02', 'y41'): 16, ('y02', 'y42'): 32, ('y40', 'y40'): -24.0, ('y40', 'y41'): 8, ('y40', 'y42'): 16, ('y41', 'y41'): -44.0, ('y41', 'y42'): 32, ('y42', 'y42'): -72.0, ('y10', 'y30'): 2, ('y10', 'y31'): 4, ('y10', 'y32'): 8, ('y10', 'y40'): 2, ('y10', 'y41'): 4, ('y10', 'y42'): 8, ('y11', 'y30'): 4, ('y11', 'y31'): 8, ('y11', 'y32'): 16, ('y11', 'y40'): 4, ('y11', 'y41'): 8, ('y11', 'y42'): 16, ('y12', 'y30'): 8, ('y12', 'y31'): 16, ('y12', 'y32'): 32, ('y12', 'y40'): 8, ('y12', 'y41'): 16, ('y12', 'y42'): 32, ('y30', 'y40'): 2, ('y30', 'y41'): 4, ('y30', 'y42'): 8, ('y31', 'y40'): 4, ('y31', 'y41'): 8, ('y31', 'y42'): 16, ('y32', 'y40'): 8, ('y32', 'y41'): 16, ('y32', 'y42'): 32}",110,156.59999999968477,"{'y00': [1472], 'y01': [3382, 1531], 'y02': [1487], 'y10': [3368, 1681, 3367], 'y11': [3293, 3292], 'y12': [3309, 3308, 1696], 'y20': [1592], 'y21': [1607], 'y22': [3443], 'y30': [1667, 3398], 'y31': [3428, 1652], 'y32': [3353, 1622], 'y40': [3278, 3277], 'y41': [1637, 3338], 'y42': [1577, 3397, 1576]}",66129,"{'y00': [305, 1119], 'y01': [1131], 'y02': [1136, 1137], 'y10': [1149, 365], 'y11': [377, 1191], 'y12': [1107, 353], 'y20': [431], 'y21': [425], 'y22': [1161], 'y30': [1156, 1155], 'y31': [359, 1197], 'y32': [1185, 401], 'y40': [317, 1179], 'y41': [347, 346], 'y42': [341]}",24732.000000000196
17,"[[0, 0, 1, 0, 1], [0, 0, 0, 1, 1], [1, 0, 0, 0, 1], [0, 1, 0, 0, 0], [1, 1, 1, 0, 0]]",2,3,"{('y00', 'y00'): -16.0, ('y00', 'y01'): 8, ('y00', 'y02'): 16, ('y00', 'y03'): 32, ('y00', 'y10'): 2, ('y00', 'y11'): 4, ('y00', 'y12'): 8, ('y00', 'y13'): 16, ('y01', 'y01'): -28.0, ('y01', 'y02'): 32, ('y01', 'y03'): 64, ('y01', 'y10'): 4, ('y01', 'y11'): 8, ('y01', 'y12'): 16, ('y01', 'y13'): 32, ('y02', 'y02'): -40.0, ('y02', 'y03'): 128, ('y02', 'y10'): 8, ('y02', 'y11'): 16, ('y02', 'y12'): 32, ('y02', 'y13'): 64, ('y03', 'y03'): -16.0, ('y03', 'y10'): 16, ('y03', 'y11'): 32, ('y03', 'y12'): 64, ('y03', 'y13'): 128, ('y10', 'y10'): -20.0, ('y10', 'y11'): 8, ('y10', 'y12'): 16, ('y10', 'y13'): 32, ('y11', 'y11'): -36.0, ('y11', 'y12'): 32, ('y11', 'y13'): 64, ('y12', 'y12'): -56.0, ('y12', 'y13'): 128, ('y13', 'y13'): -48.0, ('y20', 'y20'): -18.0, ('y20', 'y21'): 8, ('y20', 'y22'): 16, ('y20', 'y23'): 32, ('y20', 'y30'): 2, ('y20', 'y31'): 4, ('y20', 'y32'): 8, ('y20', 'y33'): 16, ('y21', 'y21'): -32.0, ('y21', 'y22'): 32, ('y21', 'y23'): 64, ('y21', 'y30'): 4, ('y21', 'y31'): 8, ('y21', 'y32'): 16, ('y21', 'y33'): 32, ('y22', 'y22'): -48.0, ('y22', 'y23'): 128, ('y22', 'y30'): 8, ('y22', 'y31'): 16, ('y22', 'y32'): 32, ('y22', 'y33'): 64, ('y23', 'y23'): -32.0, ('y23', 'y30'): 16, ('y23', 'y31'): 32, ('y23', 'y32'): 64, ('y23', 'y33'): 128, ('y30', 'y30'): -32.0, ('y30', 'y31'): 8, ('y30', 'y32'): 16, ('y30', 'y33'): 32, ('y31', 'y31'): -60.0, ('y31', 'y32'): 32, ('y31', 'y33'): 64, ('y32', 'y32'): -104.0, ('y32', 'y33'): 128, ('y33', 'y33'): -144.0, ('y00', 'y40'): 2, ('y00', 'y41'): 4, ('y00', 'y42'): 8, ('y00', 'y43'): 16, ('y01', 'y40'): 4, ('y01', 'y41'): 8, ('y01', 'y42'): 16, ('y01', 'y43'): 32, ('y02', 'y40'): 8, ('y02', 'y41'): 16, ('y02', 'y42'): 32, ('y02', 'y43'): 64, ('y03', 'y40'): 16, ('y03', 'y41'): 32, ('y03', 'y42'): 64, ('y03', 'y43'): 128, ('y40', 'y40'): -38.0, ('y40', 'y41'): 8, ('y40', 'y42'): 16, ('y40', 'y43'): 32, ('y41', 'y41'): -72.0, ('y41', 'y42'): 32, ('y41', 'y43'): 64, ('y42', 'y42'): -128.0, ('y42', 'y43'): 128, ('y43', 'y43'): -192.0, ('y10', 'y30'): 2, ('y10', 'y31'): 4, ('y10', 'y32'): 8, ('y10', 'y33'): 16, ('y10', 'y40'): 2, ('y10', 'y41'): 4, ('y10', 'y42'): 8, ('y10', 'y43'): 16, ('y11', 'y30'): 4, ('y11', 'y31'): 8, ('y11', 'y32'): 16, ('y11', 'y33'): 32, ('y11', 'y40'): 4, ('y11', 'y41'): 8, ('y11', 'y42'): 16, ('y11', 'y43'): 32, ('y12', 'y30'): 8, ('y12', 'y31'): 16, ('y12', 'y32'): 32, ('y12', 'y33'): 64, ('y12', 'y40'): 8, ('y12', 'y41'): 16, ('y12', 'y42'): 32, ('y12', 'y43'): 64, ('y13', 'y30'): 16, ('y13', 'y31'): 32, ('y13', 'y32'): 64, ('y13', 'y33'): 128, ('y13', 'y40'): 16, ('y13', 'y41'): 32, ('y13', 'y42'): 64, ('y13', 'y43'): 128, ('y30', 'y40'): 2, ('y30', 'y41'): 4, ('y30', 'y42'): 8, ('y30', 'y43'): 16, ('y31', 'y40'): 4, ('y31', 'y41'): 8, ('y31', 'y42'): 16, ('y31', 'y43'): 32, ('y32', 'y40'): 8, ('y32', 'y41'): 16, ('y32', 'y42'): 32, ('y32', 'y43'): 64, ('y33', 'y40'): 16, ('y33', 'y41'): 32, ('y33', 'y42'): 64, ('y33', 'y43'): 128}",254,211.0000000001833,"{'y00': [4402, 1432], 'y01': [4446, 1372], 'y02': [1387, 4296], 'y03': [4387, 1417], 'y10': [4432, 4431, 1357], 'y11': [4341, 4342], 'y12': [4311, 1402, 4310], 'y13': [1313, 1312], 'y20': [4401], 'y21': [1268], 'y22': [1283], 'y23': [4386], 'y30': [4371, 1177], 'y31': [1253, 4476, 1252], 'y32': [1192, 4356], 'y33': [1238, 4491, 1237], 'y40': [1342, 4417, 1343], 'y41': [4461, 1327], 'y42': [1298, 1297], 'y43': [4326, 4327]}",256781.9999999994,"{'y00': [455, 1198, 473], 'y01': [1126], 'y02': [1108, 449], 'y03': [1060, 454], 'y10': [1114, 509], 'y11': [461, 460, 1162], 'y12': [1138, 497], 'y13': [436, 437], 'y20': [1073], 'y21': [490], 'y22': [485, 484], 'y23': [1097, 544], 'y30': [514, 1102], 'y31': [502, 1078], 'y32': [526, 1090], 'y33': [1145, 538, 1144], 'y40': [466, 1132], 'y41': [478, 1066], 'y42': [443, 442], 'y43': [1121, 1120]}",56737.999999995736
18,"[[0, 0, 1, 0, 1], [0, 0, 0, 1, 1], [1, 0, 0, 0, 1], [0, 1, 0, 0, 1], [1, 1, 1, 1, 0]]",2,1,"{('y00', 'y00'): 0.0, ('y00', 'y01'): 8, ('y00', 'y02'): 16, ('y00', 'y10'): 2, ('y00', 'y11'): 4, ('y00', 'y12'): 8, ('y01', 'y01'): 4.0, ('y01', 'y02'): 32, ('y01', 'y10'): 4, ('y01', 'y11'): 8, ('y01', 'y12'): 16, ('y02', 'y02'): 24.0, ('y02', 'y10'): 8, ('y02', 'y11'): 16, ('y02', 'y12'): 32, ('y10', 'y10'): -2.0, ('y10', 'y11'): 8, ('y10', 'y12'): 16, ('y11', 'y11'): 0.0, ('y11', 'y12'): 32, ('y12', 'y12'): 16.0, ('y20', 'y20'): -8.0, ('y20', 'y21'): 8, ('y20', 'y22'): 16, ('y20', 'y30'): 2, ('y20', 'y31'): 4, ('y20', 'y32'): 8, ('y21', 'y21'): -12.0, ('y21', 'y22'): 32, ('y21', 'y30'): 4, ('y21', 'y31'): 8, ('y21', 'y32'): 16, ('y22', 'y22'): -8.0, ('y22', 'y30'): 8, ('y22', 'y31'): 16, ('y22', 'y32'): 32, ('y30', 'y30'): -6.0, ('y30', 'y31'): 8, ('y30', 'y32'): 16, ('y31', 'y31'): -8.0, ('y31', 'y32'): 32, ('y32', 'y32'): 0.0, ('y00', 'y40'): 2, ('y00', 'y41'): 4, ('y00', 'y42'): 8, ('y01', 'y40'): 4, ('y01', 'y41'): 8, ('y01', 'y42'): 16, ('y02', 'y40'): 8, ('y02', 'y41'): 16, ('y02', 'y42'): 32, ('y40', 'y40'): -4.0, ('y40', 'y41'): 8, ('y40', 'y42'): 16, ('y41', 'y41'): -4.0, ('y41', 'y42'): 32, ('y42', 'y42'): 8.0, ('y20', 'y50'): 2, ('y20', 'y51'): 4, ('y20', 'y52'): 8, ('y21', 'y50'): 4, ('y21', 'y51'): 8, ('y21', 'y52'): 16, ('y22', 'y50'): 8, ('y22', 'y51'): 16, ('y22', 'y52'): 32, ('y50', 'y50'): -8.0, ('y50', 'y51'): 8, ('y50', 'y52'): 16, ('y51', 'y51'): -12.0, ('y51', 'y52'): 32, ('y52', 'y52'): -8.0, ('y10', 'y30'): 2, ('y10', 'y31'): 4, ('y10', 'y32'): 8, ('y10', 'y40'): 2, ('y10', 'y41'): 4, ('y10', 'y42'): 8, ('y10', 'y50'): 2, ('y10', 'y51'): 4, ('y10', 'y52'): 8, ('y11', 'y30'): 4, ('y11', 'y31'): 8, ('y11', 'y32'): 16, ('y11', 'y40'): 4, ('y11', 'y41'): 8, ('y11', 'y42'): 16, ('y11', 'y50'): 4, ('y11', 'y51'): 8, ('y11', 'y52'): 16, ('y12', 'y30'): 8, ('y12', 'y31'): 16, ('y12', 'y32'): 32, ('y12', 'y40'): 8, ('y12', 'y41'): 16, ('y12', 'y42'): 32, ('y12', 'y50'): 8, ('y12', 'y51'): 16, ('y12', 'y52'): 32, ('y30', 'y40'): 2, ('y30', 'y41'): 4, ('y30', 'y42'): 8, ('y30', 'y50'): 2, ('y30', 'y51'): 4, ('y30', 'y52'): 8, ('y31', 'y40'): 4, ('y31', 'y41'): 8, ('y31', 'y42'): 16, ('y31', 'y50'): 4, ('y31', 'y51'): 8, ('y31', 'y52'): 16, ('y32', 'y40'): 8, ('y32', 'y41'): 16, ('y32', 'y42'): 32, ('y32', 'y50'): 8, ('y32', 'y51'): 16, ('y32', 'y52'): 32, ('y40', 'y50'): 2, ('y40', 'y51'): 4, ('y40', 'y52'): 8, ('y41', 'y50'): 4, ('y41', 'y51'): 8, ('y41', 'y52'): 16, ('y42', 'y50'): 8, ('y42', 'y51'): 16, ('y42', 'y52'): 32}",18,189.40000000000623,"{'y00': [1952], 'y01': [1967], 'y02': [1937, 3340], 'y10': [3445, 3444], 'y11': [3490, 1907], 'y12': [1877, 3505], 'y20': [3369], 'y21': [3384], 'y22': [3355, 1922], 'y30': [1833, 1832], 'y31': [1848, 1847], 'y32': [3399, 1772], 'y40': [3459, 3460, 1742], 'y41': [3474, 3475, 1757], 'y42': [3429, 3430], 'y50': [3549, 1891, 1892], 'y51': [1787, 3414], 'y52': [3520, 1862, 1861]}",193839.00000000047,"{'y00': [831, 367], 'y01': [837], 'y02': [849, 379], 'y10': [362, 855], 'y11': [861, 422], 'y12': [374, 891], 'y20': [927, 356], 'y21': [915, 368], 'y22': [416, 957], 'y30': [885], 'y31': [880, 879], 'y32': [410, 909], 'y40': [338], 'y41': [825, 386], 'y42': [350, 819], 'y50': [897, 428], 'y51': [873, 380], 'y52': [343, 344]}",68061.00000000015
19,"[[0, 0, 1, 0, 1], [0, 0, 0, 1, 1], [1, 0, 0, 0, 1], [0, 1, 0, 0, 1], [1, 1, 1, 1, 0]]",2,2,"{('y00', 'y00'): -2.0, ('y00', 'y01'): 8, ('y00', 'y02'): 16, ('y00', 'y10'): 2, ('y00', 'y11'): 4, ('y00', 'y12'): 8, ('y01', 'y01'): 0.0, ('y01', 'y02'): 32, ('y01', 'y10'): 4, ('y01', 'y11'): 8, ('y01', 'y12'): 16, ('y02', 'y02'): 16.0, ('y02', 'y10'): 8, ('y02', 'y11'): 16, ('y02', 'y12'): 32, ('y10', 'y10'): -10.0, ('y10', 'y11'): 8, ('y10', 'y12'): 16, ('y11', 'y11'): -16.0, ('y11', 'y12'): 32, ('y12', 'y12'): -16.0, ('y20', 'y20'): -18.0, ('y20', 'y21'): 8, ('y20', 'y22'): 16, ('y20', 'y30'): 2, ('y20', 'y31'): 4, ('y20', 'y32'): 8, ('y21', 'y21'): -32.0, ('y21', 'y22'): 32, ('y21', 'y30'): 4, ('y21', 'y31'): 8, ('y21', 'y32'): 16, ('y22', 'y22'): -48.0, ('y22', 'y30'): 8, ('y22', 'y31'): 16, ('y22', 'y32'): 32, ('y30', 'y30'): -18.0, ('y30', 'y31'): 8, ('y30', 'y32'): 16, ('y31', 'y31'): -32.0, ('y31', 'y32'): 32, ('y32', 'y32'): -48.0, ('y00', 'y40'): 2, ('y00', 'y41'): 4, ('y00', 'y42'): 8, ('y01', 'y40'): 4, ('y01', 'y41'): 8, ('y01', 'y42'): 16, ('y02', 'y40'): 8, ('y02', 'y41'): 16, ('y02', 'y42'): 32, ('y40', 'y40'): -14.0, ('y40', 'y41'): 8, ('y40', 'y42'): 16, ('y41', 'y41'): -24.0, ('y41', 'y42'): 32, ('y42', 'y42'): -32.0, ('y20', 'y50'): 2, ('y20', 'y51'): 4, ('y20', 'y52'): 8, ('y21', 'y50'): 4, ('y21', 'y51'): 8, ('y21', 'y52'): 16, ('y22', 'y50'): 8, ('y22', 'y51'): 16, ('y22', 'y52'): 32, ('y50', 'y50'): -22.0, ('y50', 'y51'): 8, ('y50', 'y52'): 16, ('y51', 'y51'): -40.0, ('y51', 'y52'): 32, ('y52', 'y52'): -64.0, ('y10', 'y30'): 2, ('y10', 'y31'): 4, ('y10', 'y32'): 8, ('y10', 'y40'): 2, ('y10', 'y41'): 4, ('y10', 'y42'): 8, ('y10', 'y50'): 2, ('y10', 'y51'): 4, ('y10', 'y52'): 8, ('y11', 'y30'): 4, ('y11', 'y31'): 8, ('y11', 'y32'): 16, ('y11', 'y40'): 4, ('y11', 'y41'): 8, ('y11', 'y42'): 16, ('y11', 'y50'): 4, ('y11', 'y51'): 8, ('y11', 'y52'): 16, ('y12', 'y30'): 8, ('y12', 'y31'): 16, ('y12', 'y32'): 32, ('y12', 'y40'): 8, ('y12', 'y41'): 16, ('y12', 'y42'): 32, ('y12', 'y50'): 8, ('y12', 'y51'): 16, ('y12', 'y52'): 32, ('y30', 'y40'): 2, ('y30', 'y41'): 4, ('y30', 'y42'): 8, ('y30', 'y50'): 2, ('y30', 'y51'): 4, ('y30', 'y52'): 8, ('y31', 'y40'): 4, ('y31', 'y41'): 8, ('y31', 'y42'): 16, ('y31', 'y50'): 4, ('y31', 'y51'): 8, ('y31', 'y52'): 16, ('y32', 'y40'): 8, ('y32', 'y41'): 16, ('y32', 'y42'): 32, ('y32', 'y50'): 8, ('y32', 'y51'): 16, ('y32', 'y52'): 32, ('y40', 'y50'): 2, ('y40', 'y51'): 4, ('y40', 'y52'): 8, ('y41', 'y50'): 4, ('y41', 'y51'): 8, ('y41', 'y52'): 16, ('y42', 'y50'): 8, ('y42', 'y51'): 16, ('y42', 'y52'): 32}",92,193.8,"{'y00': [4337], 'y01': [607], 'y02': [622], 'y10': [502, 4383, 4382], 'y11': [4353, 4352, 487], 'y12': [457, 4398, 4397], 'y20': [4233], 'y21': [4127, 606], 'y22': [621, 4277], 'y30': [667, 4112, 666], 'y31': [592, 4218, 593], 'y32': [651, 652], 'y40': [4322, 4323], 'y41': [4292, 517], 'y42': [532, 4307], 'y50': [682, 4262], 'y51': [4247, 4248, 712], 'y52': [636, 637]}",113693.99999999884,"{'y00': [144], 'y01': [174, 685], 'y02': [150], 'y10': [198, 703], 'y11': [679, 186], 'y12': [222, 715], 'y20': [156, 631], 'y21': [655], 'y22': [650, 649], 'y30': [667, 180], 'y31': [168, 643], 'y32': [686, 204], 'y40': [210, 691], 'y41': [709, 710], 'y42': [698, 697, 108], 'y50': [216], 'y51': [662, 192], 'y52': [228, 674]}",55103.00000000257
20,"[[0, 0, 1, 0, 1], [0, 0, 0, 1, 1], [1, 0, 0, 0, 1], [0, 1, 0, 0, 1], [1, 1, 1, 1, 0]]",2,3,"{('y00', 'y00'): -4.0, ('y00', 'y01'): 8, ('y00', 'y02'): 16, ('y00', 'y03'): 32, ('y00', 'y10'): 2, ('y00', 'y11'): 4, ('y00', 'y12'): 8, ('y00', 'y13'): 16, ('y01', 'y01'): -4.0, ('y01', 'y02'): 32, ('y01', 'y03'): 64, ('y01', 'y10'): 4, ('y01', 'y11'): 8, ('y01', 'y12'): 16, ('y01', 'y13'): 32, ('y02', 'y02'): 8.0, ('y02', 'y03'): 128, ('y02', 'y10'): 8, ('y02', 'y11'): 16, ('y02', 'y12'): 32, ('y02', 'y13'): 64, ('y03', 'y03'): 80.0, ('y03', 'y10'): 16, ('y03', 'y11'): 32, ('y03', 'y12'): 64, ('y03', 'y13'): 128, ('y10', 'y10'): -18.0, ('y10', 'y11'): 8, ('y10', 'y12'): 16, ('y10', 'y13'): 32, ('y11', 'y11'): -32.0, ('y11', 'y12'): 32, ('y11', 'y13'): 64, ('y12', 'y12'): -48.0, ('y12', 'y13'): 128, ('y13', 'y13'): -32.0, ('y20', 'y20'): -28.0, ('y20', 'y21'): 8, ('y20', 'y22'): 16, ('y20', 'y23'): 32, ('y20', 'y30'): 2, ('y20', 'y31'): 4, ('y20', 'y32'): 8, ('y20', 'y33'): 16, ('y21', 'y21'): -52.0, ('y21', 'y22'): 32, ('y21', 'y23'): 64, ('y21', 'y30'): 4, ('y21', 'y31'): 8, ('y21', 'y32'): 16, ('y21', 'y33'): 32, ('y22', 'y22'): -88.0, ('y22', 'y23'): 128, ('y22', 'y30'): 8, ('y22', 'y31'): 16, ('y22', 'y32'): 32, ('y22', 'y33'): 64, ('y23', 'y23'): -112.0, ('y23', 'y30'): 16, ('y23', 'y31'): 32, ('y23', 'y32'): 64, ('y23', 'y33'): 128, ('y30', 'y30'): -30.0, ('y30', 'y31'): 8, ('y30', 'y32'): 16, ('y30', 'y33'): 32, ('y31', 'y31'): -56.0, ('y31', 'y32'): 32, ('y31', 'y33'): 64, ('y32', 'y32'): -96.0, ('y32', 'y33'): 128, ('y33', 'y33'): -128.0, ('y00', 'y40'): 2, ('y00', 'y41'): 4, ('y00', 'y42'): 8, ('y00', 'y43'): 16, ('y01', 'y40'): 4, ('y01', 'y41'): 8, ('y01', 'y42'): 16, ('y01', 'y43'): 32, ('y02', 'y40'): 8, ('y02', 'y41'): 16, ('y02', 'y42'): 32, ('y02', 'y43'): 64, ('y03', 'y40'): 16, ('y03', 'y41'): 32, ('y03', 'y42'): 64, ('y03', 'y43'): 128, ('y40', 'y40'): -24.0, ('y40', 'y41'): 8, ('y40', 'y42'): 16, ('y40', 'y43'): 32, ('y41', 'y41'): -44.0, ('y41', 'y42'): 32, ('y41', 'y43'): 64, ('y42', 'y42'): -72.0, ('y42', 'y43'): 128, ('y43', 'y43'): -80.0, ('y20', 'y50'): 2, ('y20', 'y51'): 4, ('y20', 'y52'): 8, ('y20', 'y53'): 16, ('y21', 'y50'): 4, ('y21', 'y51'): 8, ('y21', 'y52'): 16, ('y21', 'y53'): 32, ('y22', 'y50'): 8, ('y22', 'y51'): 16, ('y22', 'y52'): 32, ('y22', 'y53'): 64, ('y23', 'y50'): 16, ('y23', 'y51'): 32, ('y23', 'y52'): 64, ('y23', 'y53'): 128, ('y50', 'y50'): -36.0, ('y50', 'y51'): 8, ('y50', 'y52'): 16, ('y50', 'y53'): 32, ('y51', 'y51'): -68.0, ('y51', 'y52'): 32, ('y51', 'y53'): 64, ('y52', 'y52'): -120.0, ('y52', 'y53'): 128, ('y53', 'y53'): -176.0, ('y10', 'y30'): 2, ('y10', 'y31'): 4, ('y10', 'y32'): 8, ('y10', 'y33'): 16, ('y10', 'y40'): 2, ('y10', 'y41'): 4, ('y10', 'y42'): 8, ('y10', 'y43'): 16, ('y10', 'y50'): 2, ('y10', 'y51'): 4, ('y10', 'y52'): 8, ('y10', 'y53'): 16, ('y11', 'y30'): 4, ('y11', 'y31'): 8, ('y11', 'y32'): 16, ('y11', 'y33'): 32, ('y11', 'y40'): 4, ('y11', 'y41'): 8, ('y11', 'y42'): 16, ('y11', 'y43'): 32, ('y11', 'y50'): 4, ('y11', 'y51'): 8, ('y11', 'y52'): 16, ('y11', 'y53'): 32, ('y12', 'y30'): 8, ('y12', 'y31'): 16, ('y12', 'y32'): 32, ('y12', 'y33'): 64, ('y12', 'y40'): 8, ('y12', 'y41'): 16, ('y12', 'y42'): 32, ('y12', 'y43'): 64, ('y12', 'y50'): 8, ('y12', 'y51'): 16, ('y12', 'y52'): 32, ('y12', 'y53'): 64, ('y13', 'y30'): 16, ('y13', 'y31'): 32, ('y13', 'y32'): 64, ('y13', 'y33'): 128, ('y13', 'y40'): 16, ('y13', 'y41'): 32, ('y13', 'y42'): 64, ('y13', 'y43'): 128, ('y13', 'y50'): 16, ('y13', 'y51'): 32, ('y13', 'y52'): 64, ('y13', 'y53'): 128, ('y30', 'y40'): 2, ('y30', 'y41'): 4, ('y30', 'y42'): 8, ('y30', 'y43'): 16, ('y30', 'y50'): 2, ('y30', 'y51'): 4, ('y30', 'y52'): 8, ('y30', 'y53'): 16, ('y31', 'y40'): 4, ('y31', 'y41'): 8, ('y31', 'y42'): 16, ('y31', 'y43'): 32, ('y31', 'y50'): 4, ('y31', 'y51'): 8, ('y31', 'y52'): 16, ('y31', 'y53'): 32, ('y32', 'y40'): 8, ('y32', 'y41'): 16, ('y32', 'y42'): 32, ('y32', 'y43'): 64, ('y32', 'y50'): 8, ('y32', 'y51'): 16, ('y32', 'y52'): 32, ('y32', 'y53'): 64, ('y33', 'y40'): 16, ('y33', 'y41'): 32, ('y33', 'y42'): 64, ('y33', 'y43'): 128, ('y33', 'y50'): 16, ('y33', 'y51'): 32, ('y33', 'y52'): 64, ('y33', 'y53'): 128, ('y40', 'y50'): 2, ('y40', 'y51'): 4, ('y40', 'y52'): 8, ('y40', 'y53'): 16, ('y41', 'y50'): 4, ('y41', 'y51'): 8, ('y41', 'y52'): 16, ('y41', 'y53'): 32, ('y42', 'y50'): 8, ('y42', 'y51'): 16, ('y42', 'y52'): 32, ('y42', 'y53'): 64, ('y43', 'y50'): 16, ('y43', 'y51'): 32, ('y43', 'y52'): 64, ('y43', 'y53'): 128}",226,249.7999999999224,"{'y00': [1764, 4673, 4719], 'y01': [4749], 'y02': [4764], 'y03': [1704, 4659, 4658], 'y10': [1779, 1778, 1780], 'y11': [1719, 1718, 4704], 'y12': [1734, 4734, 1733], 'y13': [1749, 4434, 1748], 'y20': [1628, 1629], 'y21': [1553, 4523], 'y22': [1643, 1644], 'y23': [1598, 4463], 'y30': [4569, 4568, 1824], 'y31': [4539, 4538], 'y32': [4554, 4553], 'y33': [4479, 4478, 1703], 'y40': [1674, 1675, 1673, 4599], 'y41': [1794, 1793, 4614], 'y42': [1659, 1658, 4779, 1660], 'y43': [1809, 1810, 4629, 1808], 'y50': [1763, 4524, 4448], 'y51': [1613, 4493, 4494], 'y52': [4584, 4583, 1688], 'y53': [4509, 4508, 1583]}",251965.0000000002,"{'y00': [830, 278], 'y01': [770, 283], 'y02': [247, 794], 'y03': [205, 206], 'y10': [859, 854, 230], 'y11': [787, 211], 'y12': [841, 842], 'y13': [847, 848], 'y20': [871, 212], 'y21': [895], 'y22': [907, 200], 'y23': [883, 236], 'y30': [158, 889, 157], 'y31': [194, 835], 'y32': [175, 176], 'y33': [182, 187, 853], 'y40': [235, 775], 'y41': [199, 799], 'y42': [223, 811], 'y43': [818, 817, 266], 'y50': [793, 152, 151], 'y51': [146, 829, 145], 'y52': [169, 170], 'y53': [823, 218]}",121555.00000000074
21,"[[0, 0, 1, 1, 1], [0, 0, 0, 0, 1], [1, 0, 0, 1, 1], [1, 0, 1, 0, 0], [1, 1, 1, 0, 0]]",2,1,"{('y00', 'y00'): -4.0, ('y00', 'y01'): 8, ('y00', 'y02'): 16, ('y00', 'y10'): 2, ('y00', 'y11'): 4, ('y00', 'y12'): 8, ('y00', 'y20'): 2, ('y00', 'y21'): 4, ('y00', 'y22'): 8, ('y01', 'y01'): -4.0, ('y01', 'y02'): 32, ('y01', 'y10'): 4, ('y01', 'y11'): 8, ('y01', 'y12'): 16, ('y01', 'y20'): 4, ('y01', 'y21'): 8, ('y01', 'y22'): 16, ('y02', 'y02'): 8.0, ('y02', 'y10'): 8, ('y02', 'y11'): 16, ('y02', 'y12'): 32, ('y02', 'y20'): 8, ('y02', 'y21'): 16, ('y02', 'y22'): 32, ('y10', 'y10'): -2.0, ('y10', 'y11'): 8, ('y10', 'y12'): 16, ('y10', 'y20'): 2, ('y10', 'y21'): 4, ('y10', 'y22'): 8, ('y11', 'y11'): 0.0, ('y11', 'y12'): 32, ('y11', 'y20'): 4, ('y11', 'y21'): 8, ('y11', 'y22'): 16, ('y12', 'y12'): 16.0, ('y12', 'y20'): 8, ('y12', 'y21'): 16, ('y12', 'y22'): 32, ('y20', 'y20'): -2.0, ('y20', 'y21'): 8, ('y20', 'y22'): 16, ('y21', 'y21'): 0.0, ('y21', 'y22'): 32, ('y22', 'y22'): 16.0, ('y30', 'y30'): -4.0, ('y30', 'y31'): 8, ('y30', 'y32'): 16, ('y31', 'y31'): -4.0, ('y31', 'y32'): 32, ('y32', 'y32'): 8.0, ('y00', 'y40'): 2, ('y00', 'y41'): 4, ('y00', 'y42'): 8, ('y00', 'y50'): 2, ('y00', 'y51'): 4, ('y00', 'y52'): 8, ('y01', 'y40'): 4, ('y01', 'y41'): 8, ('y01', 'y42'): 16, ('y01', 'y50'): 4, ('y01', 'y51'): 8, ('y01', 'y52'): 16, ('y02', 'y40'): 8, ('y02', 'y41'): 16, ('y02', 'y42'): 32, ('y02', 'y50'): 8, ('y02', 'y51'): 16, ('y02', 'y52'): 32, ('y40', 'y40'): -8.0, ('y40', 'y41'): 8, ('y40', 'y42'): 16, ('y40', 'y50'): 2, ('y40', 'y51'): 4, ('y40', 'y52'): 8, ('y41', 'y41'): -12.0, ('y41', 'y42'): 32, ('y41', 'y50'): 4, ('y41', 'y51'): 8, ('y41', 'y52'): 16, ('y42', 'y42'): -8.0, ('y42', 'y50'): 8, ('y42', 'y51'): 16, ('y42', 'y52'): 32, ('y50', 'y50'): -8.0, ('y50', 'y51'): 8, ('y50', 'y52'): 16, ('y51', 'y51'): -12.0, ('y51', 'y52'): 32, ('y52', 'y52'): -8.0, ('y10', 'y40'): 2, ('y10', 'y41'): 4, ('y10', 'y42'): 8, ('y11', 'y40'): 4, ('y11', 'y41'): 8, ('y11', 'y42'): 16, ('y12', 'y40'): 8, ('y12', 'y41'): 16, ('y12', 'y42'): 32, ('y20', 'y30'): 2, ('y20', 'y31'): 4, ('y20', 'y32'): 8, ('y20', 'y50'): 2, ('y20', 'y51'): 4, ('y20', 'y52'): 8, ('y21', 'y30'): 4, ('y21', 'y31'): 8, ('y21', 'y32'): 16, ('y21', 'y50'): 4, ('y21', 'y51'): 8, ('y21', 'y52'): 16, ('y22', 'y30'): 8, ('y22', 'y31'): 16, ('y22', 'y32'): 32, ('y22', 'y50'): 8, ('y22', 'y51'): 16, ('y22', 'y52'): 32, ('y30', 'y50'): 2, ('y30', 'y51'): 4, ('y30', 'y52'): 8, ('y31', 'y50'): 4, ('y31', 'y51'): 8, ('y31', 'y52'): 16, ('y32', 'y50'): 8, ('y32', 'y51'): 16, ('y32', 'y52'): 32}",18,183.19999999931724,"{'y00': [764, 5553, 5552], 'y01': [524, 5597, 5598], 'y02': [674, 673], 'y10': [5537, 5538], 'y11': [5567, 584, 5582], 'y12': [5583, 779], 'y20': [5643, 658, 659], 'y21': [734, 5478], 'y22': [5447, 5448, 599], 'y30': [5463, 628], 'y31': [718, 719], 'y32': [5508], 'y40': [5522, 5523], 'y41': [689], 'y42': [749, 5493], 'y50': [644, 5613, 643], 'y51': [5658, 614, 613], 'y52': [5628, 704, 703]}",102215.99999999852,"{'y00': [485, 1145], 'y01': [1169, 515], 'y02': [1193, 527], 'y10': [491, 1157], 'y11': [1181], 'y12': [1187, 1186], 'y20': [1127, 569], 'y21': [539, 538], 'y22': [521, 1109], 'y30': [533], 'y31': [1115, 581], 'y32': [557, 1151], 'y40': [1138, 509], 'y41': [497], 'y42': [502, 503], 'y50': [1175, 1174, 563], 'y51': [1133, 545], 'y52': [1163, 1162]}",41121.00000000396
22,"[[0, 0, 1, 1, 1], [0, 0, 0, 0, 1], [1, 0, 0, 1, 1], [1, 0, 1, 0, 0], [1, 1, 1, 0, 0]]",2,2,"{('y00', 'y00'): -14.0, ('y00', 'y01'): 8, ('y00', 'y02'): 16, ('y00', 'y10'): 2, ('y00', 'y11'): 4, ('y00', 'y12'): 8, ('y00', 'y20'): 2, ('y00', 'y21'): 4, ('y00', 'y22'): 8, ('y01', 'y01'): -24.0, ('y01', 'y02'): 32, ('y01', 'y10'): 4, ('y01', 'y11'): 8, ('y01', 'y12'): 16, ('y01', 'y20'): 4, ('y01', 'y21'): 8, ('y01', 'y22'): 16, ('y02', 'y02'): -32.0, ('y02', 'y10'): 8, ('y02', 'y11'): 16, ('y02', 'y12'): 32, ('y02', 'y20'): 8, ('y02', 'y21'): 16, ('y02', 'y22'): 32, ('y10', 'y10'): -8.0, ('y10', 'y11'): 8, ('y10', 'y12'): 16, ('y10', 'y20'): 2, ('y10', 'y21'): 4, ('y10', 'y22'): 8, ('y11', 'y11'): -12.0, ('y11', 'y12'): 32, ('y11', 'y20'): 4, ('y11', 'y21'): 8, ('y11', 'y22'): 16, ('y12', 'y12'): -8.0, ('y12', 'y20'): 8, ('y12', 'y21'): 16, ('y12', 'y22'): 32, ('y20', 'y20'): -10.0, ('y20', 'y21'): 8, ('y20', 'y22'): 16, ('y21', 'y21'): -16.0, ('y21', 'y22'): 32, ('y22', 'y22'): -16.0, ('y30', 'y30'): -10.0, ('y30', 'y31'): 8, ('y30', 'y32'): 16, ('y31', 'y31'): -16.0, ('y31', 'y32'): 32, ('y32', 'y32'): -16.0, ('y00', 'y40'): 2, ('y00', 'y41'): 4, ('y00', 'y42'): 8, ('y00', 'y50'): 2, ('y00', 'y51'): 4, ('y00', 'y52'): 8, ('y01', 'y40'): 4, ('y01', 'y41'): 8, ('y01', 'y42'): 16, ('y01', 'y50'): 4, ('y01', 'y51'): 8, ('y01', 'y52'): 16, ('y02', 'y40'): 8, ('y02', 'y41'): 16, ('y02', 'y42'): 32, ('y02', 'y50'): 8, ('y02', 'y51'): 16, ('y02', 'y52'): 32, ('y40', 'y40'): -20.0, ('y40', 'y41'): 8, ('y40', 'y42'): 16, ('y40', 'y50'): 2, ('y40', 'y51'): 4, ('y40', 'y52'): 8, ('y41', 'y41'): -36.0, ('y41', 'y42'): 32, ('y41', 'y50'): 4, ('y41', 'y51'): 8, ('y41', 'y52'): 16, ('y42', 'y42'): -56.0, ('y42', 'y50'): 8, ('y42', 'y51'): 16, ('y42', 'y52'): 32, ('y50', 'y50'): -22.0, ('y50', 'y51'): 8, ('y50', 'y52'): 16, ('y51', 'y51'): -40.0, ('y51', 'y52'): 32, ('y52', 'y52'): -64.0, ('y10', 'y40'): 2, ('y10', 'y41'): 4, ('y10', 'y42'): 8, ('y11', 'y40'): 4, ('y11', 'y41'): 8, ('y11', 'y42'): 16, ('y12', 'y40'): 8, ('y12', 'y41'): 16, ('y12', 'y42'): 32, ('y20', 'y30'): 2, ('y20', 'y31'): 4, ('y20', 'y32'): 8, ('y20', 'y50'): 2, ('y20', 'y51'): 4, ('y20', 'y52'): 8, ('y21', 'y30'): 4, ('y21', 'y31'): 8, ('y21', 'y32'): 16, ('y21', 'y50'): 4, ('y21', 'y51'): 8, ('y21', 'y52'): 16, ('y22', 'y30'): 8, ('y22', 'y31'): 16, ('y22', 'y32'): 32, ('y22', 'y50'): 8, ('y22', 'y51'): 16, ('y22', 'y52'): 32, ('y30', 'y50'): 2, ('y30', 'y51'): 4, ('y30', 'y52'): 8, ('y31', 'y50'): 4, ('y31', 'y51'): 8, ('y31', 'y52'): 16, ('y32', 'y50'): 8, ('y32', 'y51'): 16, ('y32', 'y52'): 32}",92,190.80000000002428,"{'y00': [3874, 845], 'y01': [3918, 710], 'y02': [830, 829], 'y10': [770, 3844], 'y11': [3903, 695], 'y12': [755, 3859], 'y20': [3932, 3933], 'y21': [3947, 3948], 'y22': [740, 3964, 3963], 'y30': [4008, 785], 'y31': [650], 'y32': [635], 'y40': [3888, 3889], 'y41': [860, 4009, 859], 'y42': [814, 815], 'y50': [3994, 3993, 665], 'y51': [725, 3979, 3978], 'y52': [4023, 4024, 680]}",146021.99999999854,"{'y00': [327, 992], 'y01': [261, 1004, 260], 'y02': [932, 243], 'y10': [975, 974], 'y11': [968, 333], 'y12': [980], 'y20': [291, 963], 'y21': [915, 315], 'y22': [309, 308], 'y30': [303], 'y31': [927, 320], 'y32': [939, 296], 'y40': [279], 'y41': [267, 998], 'y42': [285, 284], 'y50': [944, 272], 'y51': [956, 255], 'y52': [920]}",50727.99999999233
23,"[[0, 0, 1, 1, 1], [0, 0, 0, 0, 1], [1, 0, 0, 1, 1], [1, 0, 1, 0, 0], [1, 1, 1, 0, 0]]",2,3,"{('y00', 'y00'): -24.0, ('y00', 'y01'): 8, ('y00', 'y02'): 16, ('y00', 'y03'): 32, ('y00', 'y10'): 2, ('y00', 'y11'): 4, ('y00', 'y12'): 8, ('y00', 'y13'): 16, ('y00', 'y20'): 2, ('y00', 'y21'): 4, ('y00', 'y22'): 8, ('y00', 'y23'): 16, ('y01', 'y01'): -44.0, ('y01', 'y02'): 32, ('y01', 'y03'): 64, ('y01', 'y10'): 4, ('y01', 'y11'): 8, ('y01', 'y12'): 16, ('y01', 'y13'): 32, ('y01', 'y20'): 4, ('y01', 'y21'): 8, ('y01', 'y22'): 16, ('y01', 'y23'): 32, ('y02', 'y02'): -72.0, ('y02', 'y03'): 128, ('y02', 'y10'): 8, ('y02', 'y11'): 16, ('y02', 'y12'): 32, ('y02', 'y13'): 64, ('y02', 'y20'): 8, ('y02', 'y21'): 16, ('y02', 'y22'): 32, ('y02', 'y23'): 64, ('y03', 'y03'): -80.0, ('y03', 'y10'): 16, ('y03', 'y11'): 32, ('y03', 'y12'): 64, ('y03', 'y13'): 128, ('y03', 'y20'): 16, ('y03', 'y21'): 32, ('y03', 'y22'): 64, ('y03', 'y23'): 128, ('y10', 'y10'): -14.0, ('y10', 'y11'): 8, ('y10', 'y12'): 16, ('y10', 'y13'): 32, ('y10', 'y20'): 2, ('y10', 'y21'): 4, ('y10', 'y22'): 8, ('y10', 'y23'): 16, ('y11', 'y11'): -24.0, ('y11', 'y12'): 32, ('y11', 'y13'): 64, ('y11', 'y20'): 4, ('y11', 'y21'): 8, ('y11', 'y22'): 16, ('y11', 'y23'): 32, ('y12', 'y12'): -32.0, ('y12', 'y13'): 128, ('y12', 'y20'): 8, ('y12', 'y21'): 16, ('y12', 'y22'): 32, ('y12', 'y23'): 64, ('y13', 'y13'): 0.0, ('y13', 'y20'): 16, ('y13', 'y21'): 32, ('y13', 'y22'): 64, ('y13', 'y23'): 128, ('y20', 'y20'): -18.0, ('y20', 'y21'): 8, ('y20', 'y22'): 16, ('y20', 'y23'): 32, ('y21', 'y21'): -32.0, ('y21', 'y22'): 32, ('y21', 'y23'): 64, ('y22', 'y22'): -48.0, ('y22', 'y23'): 128, ('y23', 'y23'): -32.0, ('y30', 'y30'): -16.0, ('y30', 'y31'): 8, ('y30', 'y32'): 16, ('y30', 'y33'): 32, ('y31', 'y31'): -28.0, ('y31', 'y32'): 32, ('y31', 'y33'): 64, ('y32', 'y32'): -40.0, ('y32', 'y33'): 128, ('y33', 'y33'): -16.0, ('y00', 'y40'): 2, ('y00', 'y41'): 4, ('y00', 'y42'): 8, ('y00', 'y43'): 16, ('y00', 'y50'): 2, ('y00', 'y51'): 4, ('y00', 'y52'): 8, ('y00', 'y53'): 16, ('y01', 'y40'): 4, ('y01', 'y41'): 8, ('y01', 'y42'): 16, ('y01', 'y43'): 32, ('y01', 'y50'): 4, ('y01', 'y51'): 8, ('y01', 'y52'): 16, ('y01', 'y53'): 32, ('y02', 'y40'): 8, ('y02', 'y41'): 16, ('y02', 'y42'): 32, ('y02', 'y43'): 64, ('y02', 'y50'): 8, ('y02', 'y51'): 16, ('y02', 'y52'): 32, ('y02', 'y53'): 64, ('y03', 'y40'): 16, ('y03', 'y41'): 32, ('y03', 'y42'): 64, ('y03', 'y43'): 128, ('y03', 'y50'): 16, ('y03', 'y51'): 32, ('y03', 'y52'): 64, ('y03', 'y53'): 128, ('y40', 'y40'): -32.0, ('y40', 'y41'): 8, ('y40', 'y42'): 16, ('y40', 'y43'): 32, ('y40', 'y50'): 2, ('y40', 'y51'): 4, ('y40', 'y52'): 8, ('y40', 'y53'): 16, ('y41', 'y41'): -60.0, ('y41', 'y42'): 32, ('y41', 'y43'): 64, ('y41', 'y50'): 4, ('y41', 'y51'): 8, ('y41', 'y52'): 16, ('y41', 'y53'): 32, ('y42', 'y42'): -104.0, ('y42', 'y43'): 128, ('y42', 'y50'): 8, ('y42', 'y51'): 16, ('y42', 'y52'): 32, ('y42', 'y53'): 64, ('y43', 'y43'): -144.0, ('y43', 'y50'): 16, ('y43', 'y51'): 32, ('y43', 'y52'): 64, ('y43', 'y53'): 128, ('y50', 'y50'): -36.0, ('y50', 'y51'): 8, ('y50', 'y52'): 16, ('y50', 'y53'): 32, ('y51', 'y51'): -68.0, ('y51', 'y52'): 32, ('y51', 'y53'): 64, ('y52', 'y52'): -120.0, ('y52', 'y53'): 128, ('y53', 'y53'): -176.0, ('y10', 'y40'): 2, ('y10', 'y41'): 4, ('y10', 'y42'): 8, ('y10', 'y43'): 16, ('y11', 'y40'): 4, ('y11', 'y41'): 8, ('y11', 'y42'): 16, ('y11', 'y43'): 32, ('y12', 'y40'): 8, ('y12', 'y41'): 16, ('y12', 'y42'): 32, ('y12', 'y43'): 64, ('y13', 'y40'): 16, ('y13', 'y41'): 32, ('y13', 'y42'): 64, ('y13', 'y43'): 128, ('y20', 'y30'): 2, ('y20', 'y31'): 4, ('y20', 'y32'): 8, ('y20', 'y33'): 16, ('y20', 'y50'): 2, ('y20', 'y51'): 4, ('y20', 'y52'): 8, ('y20', 'y53'): 16, ('y21', 'y30'): 4, ('y21', 'y31'): 8, ('y21', 'y32'): 16, ('y21', 'y33'): 32, ('y21', 'y50'): 4, ('y21', 'y51'): 8, ('y21', 'y52'): 16, ('y21', 'y53'): 32, ('y22', 'y30'): 8, ('y22', 'y31'): 16, ('y22', 'y32'): 32, ('y22', 'y33'): 64, ('y22', 'y50'): 8, ('y22', 'y51'): 16, ('y22', 'y52'): 32, ('y22', 'y53'): 64, ('y23', 'y30'): 16, ('y23', 'y31'): 32, ('y23', 'y32'): 64, ('y23', 'y33'): 128, ('y23', 'y50'): 16, ('y23', 'y51'): 32, ('y23', 'y52'): 64, ('y23', 'y53'): 128, ('y30', 'y50'): 2, ('y30', 'y51'): 4, ('y30', 'y52'): 8, ('y30', 'y53'): 16, ('y31', 'y50'): 4, ('y31', 'y51'): 8, ('y31', 'y52'): 16, ('y31', 'y53'): 32, ('y32', 'y50'): 8, ('y32', 'y51'): 16, ('y32', 'y52'): 32, ('y32', 'y53'): 64, ('y33', 'y50'): 16, ('y33', 'y51'): 32, ('y33', 'y52'): 64, ('y33', 'y53'): 128}",226,252.1999999999025,"{'y00': [401, 4953, 4952], 'y01': [460, 4893, 4892], 'y02': [4923, 430, 4922], 'y03': [580, 5027, 581], 'y10': [550, 4802, 551], 'y11': [535, 536, 4772], 'y12': [4908, 4907, 4906], 'y13': [566, 565], 'y20': [671, 670, 5042, 5043], 'y21': [475, 4877, 476], 'y22': [520, 5012, 521], 'y23': [505, 4862, 506], 'y30': [5073, 461, 5072], 'y31': [5103, 5102], 'y32': [491, 5057], 'y33': [5118, 5117], 'y40': [4938, 4937, 445], 'y41': [655, 4832], 'y42': [4982, 596], 'y43': [640, 4847], 'y50': [4968, 4967, 701], 'y51': [686, 4997, 4996], 'y52': [625, 626], 'y53': [610, 611]}",203922.0000000004,"{'y00': [836, 837, 410], 'y01': [861, 860, 259], 'y02': [807, 295], 'y03': [379, 771], 'y10': [819, 290], 'y11': [313, 314], 'y12': [319, 795], 'y13': [331, 843], 'y20': [825, 386, 824], 'y21': [362, 891, 361], 'y22': [855, 422, 856], 'y23': [903, 374, 373], 'y30': [873], 'y31': [897, 344], 'y32': [868, 867], 'y33': [909, 392], 'y40': [783, 343], 'y41': [831, 307], 'y42': [849, 848], 'y43': [302, 879, 301], 'y50': [350, 349], 'y51': [337, 338, 885], 'y52': [367, 368, 813], 'y53': [356, 355]}",139174.9999999945
24,"[[0, 0, 1, 1, 1], [0, 0, 0, 0, 1], [1, 0, 0, 1, 1], [1, 0, 1, 0, 1], [1, 1, 1, 1, 0]]",2,1,"{('y00', 'y00'): 0.0, ('y00', 'y01'): 8, ('y00', 'y02'): 16, ('y00', 'y10'): 2, ('y00', 'y11'): 4, ('y00', 'y12'): 8, ('y00', 'y20'): 2, ('y00', 'y21'): 4, ('y00', 'y22'): 8, ('y01', 'y01'): 4.0, ('y01', 'y02'): 32, ('y01', 'y10'): 4, ('y01', 'y11'): 8, ('y01', 'y12'): 16, ('y01', 'y20'): 4, ('y01', 'y21'): 8, ('y01', 'y22'): 16, ('y02', 'y02'): 24.0, ('y02', 'y10'): 8, ('y02', 'y11'): 16, ('y02', 'y12'): 32, ('y02', 'y20'): 8, ('y02', 'y21'): 16, ('y02', 'y22'): 32, ('y10', 'y10'): -2.0, ('y10', 'y11'): 8, ('y10', 'y12'): 16, ('y10', 'y20'): 2, ('y10', 'y21'): 4, ('y10', 'y22'): 8, ('y11', 'y11'): 0.0, ('y11', 'y12'): 32, ('y11', 'y20'): 4, ('y11', 'y21'): 8, ('y11', 'y22'): 16, ('y12', 'y12'): 16.0, ('y12', 'y20'): 8, ('y12', 'y21'): 16, ('y12', 'y22'): 32, ('y20', 'y20'): -2.0, ('y20', 'y21'): 8, ('y20', 'y22'): 16, ('y21', 'y21'): 0.0, ('y21', 'y22'): 32, ('y22', 'y22'): 16.0, ('y30', 'y30'): -4.0, ('y30', 'y31'): 8, ('y30', 'y32'): 16, ('y31', 'y31'): -4.0, ('y31', 'y32'): 32, ('y32', 'y32'): 8.0, ('y00', 'y40'): 2, ('y00', 'y41'): 4, ('y00', 'y42'): 8, ('y00', 'y50'): 2, ('y00', 'y51'): 4, ('y00', 'y52'): 8, ('y01', 'y40'): 4, ('y01', 'y41'): 8, ('y01', 'y42'): 16, ('y01', 'y50'): 4, ('y01', 'y51'): 8, ('y01', 'y52'): 16, ('y02', 'y40'): 8, ('y02', 'y41'): 16, ('y02', 'y42'): 32, ('y02', 'y50'): 8, ('y02', 'y51'): 16, ('y02', 'y52'): 32, ('y40', 'y40'): -4.0, ('y40', 'y41'): 8, ('y40', 'y42'): 16, ('y40', 'y50'): 2, ('y40', 'y51'): 4, ('y40', 'y52'): 8, ('y41', 'y41'): -4.0, ('y41', 'y42'): 32, ('y41', 'y50'): 4, ('y41', 'y51'): 8, ('y41', 'y52'): 16, ('y42', 'y42'): 8.0, ('y42', 'y50'): 8, ('y42', 'y51'): 16, ('y42', 'y52'): 32, ('y50', 'y50'): -4.0, ('y50', 'y51'): 8, ('y50', 'y52'): 16, ('y51', 'y51'): -4.0, ('y51', 'y52'): 32, ('y52', 'y52'): 8.0, ('y10', 'y40'): 2, ('y10', 'y41'): 4, ('y10', 'y42'): 8, ('y10', 'y60'): 2, ('y10', 'y61'): 4, ('y10', 'y62'): 8, ('y11', 'y40'): 4, ('y11', 'y41'): 8, ('y11', 'y42'): 16, ('y11', 'y60'): 4, ('y11', 'y61'): 8, ('y11', 'y62'): 16, ('y12', 'y40'): 8, ('y12', 'y41'): 16, ('y12', 'y42'): 32, ('y12', 'y60'): 8, ('y12', 'y61'): 16, ('y12', 'y62'): 32, ('y40', 'y60'): 2, ('y40', 'y61'): 4, ('y40', 'y62'): 8, ('y41', 'y60'): 4, ('y41', 'y61'): 8, ('y41', 'y62'): 16, ('y42', 'y60'): 8, ('y42', 'y61'): 16, ('y42', 'y62'): 32, ('y60', 'y60'): -6.0, ('y60', 'y61'): 8, ('y60', 'y62'): 16, ('y61', 'y61'): -8.0, ('y61', 'y62'): 32, ('y62', 'y62'): 0.0, ('y20', 'y30'): 2, ('y20', 'y31'): 4, ('y20', 'y32'): 8, ('y20', 'y50'): 2, ('y20', 'y51'): 4, ('y20', 'y52'): 8, ('y20', 'y60'): 2, ('y20', 'y61'): 4, ('y20', 'y62'): 8, ('y21', 'y30'): 4, ('y21', 'y31'): 8, ('y21', 'y32'): 16, ('y21', 'y50'): 4, ('y21', 'y51'): 8, ('y21', 'y52'): 16, ('y21', 'y60'): 4, ('y21', 'y61'): 8, ('y21', 'y62'): 16, ('y22', 'y30'): 8, ('y22', 'y31'): 16, ('y22', 'y32'): 32, ('y22', 'y50'): 8, ('y22', 'y51'): 16, ('y22', 'y52'): 32, ('y22', 'y60'): 8, ('y22', 'y61'): 16, ('y22', 'y62'): 32, ('y30', 'y50'): 2, ('y30', 'y51'): 4, ('y30', 'y52'): 8, ('y30', 'y60'): 2, ('y30', 'y61'): 4, ('y30', 'y62'): 8, ('y31', 'y50'): 4, ('y31', 'y51'): 8, ('y31', 'y52'): 16, ('y31', 'y60'): 4, ('y31', 'y61'): 8, ('y31', 'y62'): 16, ('y32', 'y50'): 8, ('y32', 'y51'): 16, ('y32', 'y52'): 32, ('y32', 'y60'): 8, ('y32', 'y61'): 16, ('y32', 'y62'): 32, ('y50', 'y60'): 2, ('y50', 'y61'): 4, ('y50', 'y62'): 8, ('y51', 'y60'): 4, ('y51', 'y61'): 8, ('y51', 'y62'): 16, ('y52', 'y60'): 8, ('y52', 'y61'): 16, ('y52', 'y62'): 32}",10,219.4000000002916,"{'y00': [4026, 1205], 'y01': [1250, 3906, 1251], 'y02': [3996, 1325, 3995], 'y10': [4071, 1160], 'y11': [4085, 4086, 1190], 'y12': [3965, 3966], 'y20': [1175, 3876, 1174], 'y21': [1265, 3891, 1266], 'y22': [3936, 1085, 3935], 'y30': [1159, 3920], 'y31': [3830, 3831], 'y32': [3846, 3845, 1009], 'y40': [3950, 1100, 3951], 'y41': [3980, 3981], 'y42': [4011, 1340, 4010], 'y50': [1235, 3816, 1234, 3815], 'y51': [1145, 1144, 4056], 'y52': [3905, 1070, 1189], 'y60': [1220, 4041, 1219], 'y61': [1280, 3861, 1281], 'y62': [1115, 1116]}",251747,"{'y00': [545, 1187], 'y01': [557, 1151], 'y02': [1115, 593, 1114], 'y10': [1109], 'y11': [502, 1145], 'y12': [1121, 490], 'y20': [539, 538], 'y21': [574, 1085, 575], 'y22': [521, 1193], 'y30': [563, 1223], 'y31': [1241, 515], 'y32': [491, 1205], 'y40': [533], 'y41': [1133, 509], 'y42': [569, 1127], 'y50': [1162, 443, 1163], 'y51': [1198, 461, 1199], 'y52': [1174, 1175], 'y60': [485, 1157], 'y61': [497, 1181], 'y62': [551, 1169, 550]}",49910.00000001122
25,"[[0, 0, 1, 1, 1], [0, 0, 0, 0, 1], [1, 0, 0, 1, 1], [1, 0, 1, 0, 1], [1, 1, 1, 1, 0]]",2,2,"{('y00', 'y00'): -6.0, ('y00', 'y01'): 8, ('y00', 'y02'): 16, ('y00', 'y10'): 2, ('y00', 'y11'): 4, ('y00', 'y12'): 8, ('y00', 'y20'): 2, ('y00', 'y21'): 4, ('y00', 'y22'): 8, ('y01', 'y01'): -8.0, ('y01', 'y02'): 32, ('y01', 'y10'): 4, ('y01', 'y11'): 8, ('y01', 'y12'): 16, ('y01', 'y20'): 4, ('y01', 'y21'): 8, ('y01', 'y22'): 16, ('y02', 'y02'): 0.0, ('y02', 'y10'): 8, ('y02', 'y11'): 16, ('y02', 'y12'): 32, ('y02', 'y20'): 8, ('y02', 'y21'): 16, ('y02', 'y22'): 32, ('y10', 'y10'): -10.0, ('y10', 'y11'): 8, ('y10', 'y12'): 16, ('y10', 'y20'): 2, ('y10', 'y21'): 4, ('y10', 'y22'): 8, ('y11', 'y11'): -16.0, ('y11', 'y12'): 32, ('y11', 'y20'): 4, ('y11', 'y21'): 8, ('y11', 'y22'): 16, ('y12', 'y12'): -16.0, ('y12', 'y20'): 8, ('y12', 'y21'): 16, ('y12', 'y22'): 32, ('y20', 'y20'): -12.0, ('y20', 'y21'): 8, ('y20', 'y22'): 16, ('y21', 'y21'): -20.0, ('y21', 'y22'): 32, ('y22', 'y22'): -24.0, ('y30', 'y30'): -12.0, ('y30', 'y31'): 8, ('y30', 'y32'): 16, ('y31', 'y31'): -20.0, ('y31', 'y32'): 32, ('y32', 'y32'): -24.0, ('y00', 'y40'): 2, ('y00', 'y41'): 4, ('y00', 'y42'): 8, ('y00', 'y50'): 2, ('y00', 'y51'): 4, ('y00', 'y52'): 8, ('y01', 'y40'): 4, ('y01', 'y41'): 8, ('y01', 'y42'): 16, ('y01', 'y50'): 4, ('y01', 'y51'): 8, ('y01', 'y52'): 16, ('y02', 'y40'): 8, ('y02', 'y41'): 16, ('y02', 'y42'): 32, ('y02', 'y50'): 8, ('y02', 'y51'): 16, ('y02', 'y52'): 32, ('y40', 'y40'): -14.0, ('y40', 'y41'): 8, ('y40', 'y42'): 16, ('y40', 'y50'): 2, ('y40', 'y51'): 4, ('y40', 'y52'): 8, ('y41', 'y41'): -24.0, ('y41', 'y42'): 32, ('y41', 'y50'): 4, ('y41', 'y51'): 8, ('y41', 'y52'): 16, ('y42', 'y42'): -32.0, ('y42', 'y50'): 8, ('y42', 'y51'): 16, ('y42', 'y52'): 32, ('y50', 'y50'): -16.0, ('y50', 'y51'): 8, ('y50', 'y52'): 16, ('y51', 'y51'): -28.0, ('y51', 'y52'): 32, ('y52', 'y52'): -40.0, ('y10', 'y40'): 2, ('y10', 'y41'): 4, ('y10', 'y42'): 8, ('y10', 'y60'): 2, ('y10', 'y61'): 4, ('y10', 'y62'): 8, ('y11', 'y40'): 4, ('y11', 'y41'): 8, ('y11', 'y42'): 16, ('y11', 'y60'): 4, ('y11', 'y61'): 8, ('y11', 'y62'): 16, ('y12', 'y40'): 8, ('y12', 'y41'): 16, ('y12', 'y42'): 32, ('y12', 'y60'): 8, ('y12', 'y61'): 16, ('y12', 'y62'): 32, ('y40', 'y60'): 2, ('y40', 'y61'): 4, ('y40', 'y62'): 8, ('y41', 'y60'): 4, ('y41', 'y61'): 8, ('y41', 'y62'): 16, ('y42', 'y60'): 8, ('y42', 'y61'): 16, ('y42', 'y62'): 32, ('y60', 'y60'): -20.0, ('y60', 'y61'): 8, ('y60', 'y62'): 16, ('y61', 'y61'): -36.0, ('y61', 'y62'): 32, ('y62', 'y62'): -56.0, ('y20', 'y30'): 2, ('y20', 'y31'): 4, ('y20', 'y32'): 8, ('y20', 'y50'): 2, ('y20', 'y51'): 4, ('y20', 'y52'): 8, ('y20', 'y60'): 2, ('y20', 'y61'): 4, ('y20', 'y62'): 8, ('y21', 'y30'): 4, ('y21', 'y31'): 8, ('y21', 'y32'): 16, ('y21', 'y50'): 4, ('y21', 'y51'): 8, ('y21', 'y52'): 16, ('y21', 'y60'): 4, ('y21', 'y61'): 8, ('y21', 'y62'): 16, ('y22', 'y30'): 8, ('y22', 'y31'): 16, ('y22', 'y32'): 32, ('y22', 'y50'): 8, ('y22', 'y51'): 16, ('y22', 'y52'): 32, ('y22', 'y60'): 8, ('y22', 'y61'): 16, ('y22', 'y62'): 32, ('y30', 'y50'): 2, ('y30', 'y51'): 4, ('y30', 'y52'): 8, ('y30', 'y60'): 2, ('y30', 'y61'): 4, ('y30', 'y62'): 8, ('y31', 'y50'): 4, ('y31', 'y51'): 8, ('y31', 'y52'): 16, ('y31', 'y60'): 4, ('y31', 'y61'): 8, ('y31', 'y62'): 16, ('y32', 'y50'): 8, ('y32', 'y51'): 16, ('y32', 'y52'): 32, ('y32', 'y60'): 8, ('y32', 'y61'): 16, ('y32', 'y62'): 32, ('y50', 'y60'): 2, ('y50', 'y61'): 4, ('y50', 'y62'): 8, ('y51', 'y60'): 4, ('y51', 'y61'): 8, ('y51', 'y62'): 16, ('y52', 'y60'): 8, ('y52', 'y61'): 16, ('y52', 'y62'): 32}",72,218.80000000038527,"{'y00': [5493, 5492, 419], 'y01': [569, 5552], 'y02': [614, 613], 'y10': [5582, 554], 'y11': [5447, 599], 'y12': [584, 5597], 'y20': [433, 5478, 5477], 'y21': [5463, 5462, 448], 'y22': [463, 5432], 'y30': [5371, 5372], 'y31': [5417, 478], 'y32': [5386, 5387], 'y40': [5536, 5537], 'y41': [628, 5402, 629], 'y42': [5566, 674, 5567], 'y50': [5521, 5522, 643], 'y51': [5612, 523, 524], 'y52': [658, 5507, 5508], 'y60': [509, 508], 'y61': [5327, 539, 538], 'y62': [493, 494]}",209296.9999999994,"{'y00': [722, 241], 'y01': [800, 799], 'y02': [205, 787], 'y10': [253, 746], 'y11': [734, 277], 'y12': [259, 782], 'y20': [211, 835, 210], 'y21': [199, 198], 'y22': [194, 193], 'y30': [254, 818], 'y31': [854], 'y32': [860, 859], 'y40': [229, 230], 'y41': [794], 'y42': [265, 758], 'y50': [217, 218, 811], 'y51': [223, 222, 847], 'y52': [247, 806], 'y60': [283, 776, 842], 'y61': [770, 271], 'y62': [235, 234, 775]}",113836.99999998952
26,"[[0, 0, 1, 1, 1], [0, 0, 0, 0, 1], [1, 0, 0, 1, 1], [1, 0, 1, 0, 1], [1, 1, 1, 1, 0]]",2,3,"{('y00', 'y00'): -12.0, ('y00', 'y01'): 8, ('y00', 'y02'): 16, ('y00', 'y03'): 32, ('y00', 'y10'): 2, ('y00', 'y11'): 4, ('y00', 'y12'): 8, ('y00', 'y13'): 16, ('y00', 'y20'): 2, ('y00', 'y21'): 4, ('y00', 'y22'): 8, ('y00', 'y23'): 16, ('y01', 'y01'): -20.0, ('y01', 'y02'): 32, ('y01', 'y03'): 64, ('y01', 'y10'): 4, ('y01', 'y11'): 8, ('y01', 'y12'): 16, ('y01', 'y13'): 32, ('y01', 'y20'): 4, ('y01', 'y21'): 8, ('y01', 'y22'): 16, ('y01', 'y23'): 32, ('y02', 'y02'): -24.0, ('y02', 'y03'): 128, ('y02', 'y10'): 8, ('y02', 'y11'): 16, ('y02', 'y12'): 32, ('y02', 'y13'): 64, ('y02', 'y20'): 8, ('y02', 'y21'): 16, ('y02', 'y22'): 32, ('y02', 'y23'): 64, ('y03', 'y03'): 16.0, ('y03', 'y10'): 16, ('y03', 'y11'): 32, ('y03', 'y12'): 64, ('y03', 'y13'): 128, ('y03', 'y20'): 16, ('y03', 'y21'): 32, ('y03', 'y22'): 64, ('y03', 'y23'): 128, ('y10', 'y10'): -18.0, ('y10', 'y11'): 8, ('y10', 'y12'): 16, ('y10', 'y13'): 32, ('y10', 'y20'): 2, ('y10', 'y21'): 4, ('y10', 'y22'): 8, ('y10', 'y23'): 16, ('y11', 'y11'): -32.0, ('y11', 'y12'): 32, ('y11', 'y13'): 64, ('y11', 'y20'): 4, ('y11', 'y21'): 8, ('y11', 'y22'): 16, ('y11', 'y23'): 32, ('y12', 'y12'): -48.0, ('y12', 'y13'): 128, ('y12', 'y20'): 8, ('y12', 'y21'): 16, ('y12', 'y22'): 32, ('y12', 'y23'): 64, ('y13', 'y13'): -32.0, ('y13', 'y20'): 16, ('y13', 'y21'): 32, ('y13', 'y22'): 64, ('y13', 'y23'): 128, ('y20', 'y20'): -22.0, ('y20', 'y21'): 8, ('y20', 'y22'): 16, ('y20', 'y23'): 32, ('y21', 'y21'): -40.0, ('y21', 'y22'): 32, ('y21', 'y23'): 64, ('y22', 'y22'): -64.0, ('y22', 'y23'): 128, ('y23', 'y23'): -64.0, ('y30', 'y30'): -20.0, ('y30', 'y31'): 8, ('y30', 'y32'): 16, ('y30', 'y33'): 32, ('y31', 'y31'): -36.0, ('y31', 'y32'): 32, ('y31', 'y33'): 64, ('y32', 'y32'): -56.0, ('y32', 'y33'): 128, ('y33', 'y33'): -48.0, ('y00', 'y40'): 2, ('y00', 'y41'): 4, ('y00', 'y42'): 8, ('y00', 'y43'): 16, ('y00', 'y50'): 2, ('y00', 'y51'): 4, ('y00', 'y52'): 8, ('y00', 'y53'): 16, ('y01', 'y40'): 4, ('y01', 'y41'): 8, ('y01', 'y42'): 16, ('y01', 'y43'): 32, ('y01', 'y50'): 4, ('y01', 'y51'): 8, ('y01', 'y52'): 16, ('y01', 'y53'): 32, ('y02', 'y40'): 8, ('y02', 'y41'): 16, ('y02', 'y42'): 32, ('y02', 'y43'): 64, ('y02', 'y50'): 8, ('y02', 'y51'): 16, ('y02', 'y52'): 32, ('y02', 'y53'): 64, ('y03', 'y40'): 16, ('y03', 'y41'): 32, ('y03', 'y42'): 64, ('y03', 'y43'): 128, ('y03', 'y50'): 16, ('y03', 'y51'): 32, ('y03', 'y52'): 64, ('y03', 'y53'): 128, ('y40', 'y40'): -24.0, ('y40', 'y41'): 8, ('y40', 'y42'): 16, ('y40', 'y43'): 32, ('y40', 'y50'): 2, ('y40', 'y51'): 4, ('y40', 'y52'): 8, ('y40', 'y53'): 16, ('y41', 'y41'): -44.0, ('y41', 'y42'): 32, ('y41', 'y43'): 64, ('y41', 'y50'): 4, ('y41', 'y51'): 8, ('y41', 'y52'): 16, ('y41', 'y53'): 32, ('y42', 'y42'): -72.0, ('y42', 'y43'): 128, ('y42', 'y50'): 8, ('y42', 'y51'): 16, ('y42', 'y52'): 32, ('y42', 'y53'): 64, ('y43', 'y43'): -80.0, ('y43', 'y50'): 16, ('y43', 'y51'): 32, ('y43', 'y52'): 64, ('y43', 'y53'): 128, ('y50', 'y50'): -28.0, ('y50', 'y51'): 8, ('y50', 'y52'): 16, ('y50', 'y53'): 32, ('y51', 'y51'): -52.0, ('y51', 'y52'): 32, ('y51', 'y53'): 64, ('y52', 'y52'): -88.0, ('y52', 'y53'): 128, ('y53', 'y53'): -112.0, ('y10', 'y40'): 2, ('y10', 'y41'): 4, ('y10', 'y42'): 8, ('y10', 'y43'): 16, ('y10', 'y60'): 2, ('y10', 'y61'): 4, ('y10', 'y62'): 8, ('y10', 'y63'): 16, ('y11', 'y40'): 4, ('y11', 'y41'): 8, ('y11', 'y42'): 16, ('y11', 'y43'): 32, ('y11', 'y60'): 4, ('y11', 'y61'): 8, ('y11', 'y62'): 16, ('y11', 'y63'): 32, ('y12', 'y40'): 8, ('y12', 'y41'): 16, ('y12', 'y42'): 32, ('y12', 'y43'): 64, ('y12', 'y60'): 8, ('y12', 'y61'): 16, ('y12', 'y62'): 32, ('y12', 'y63'): 64, ('y13', 'y40'): 16, ('y13', 'y41'): 32, ('y13', 'y42'): 64, ('y13', 'y43'): 128, ('y13', 'y60'): 16, ('y13', 'y61'): 32, ('y13', 'y62'): 64, ('y13', 'y63'): 128, ('y40', 'y60'): 2, ('y40', 'y61'): 4, ('y40', 'y62'): 8, ('y40', 'y63'): 16, ('y41', 'y60'): 4, ('y41', 'y61'): 8, ('y41', 'y62'): 16, ('y41', 'y63'): 32, ('y42', 'y60'): 8, ('y42', 'y61'): 16, ('y42', 'y62'): 32, ('y42', 'y63'): 64, ('y43', 'y60'): 16, ('y43', 'y61'): 32, ('y43', 'y62'): 64, ('y43', 'y63'): 128, ('y60', 'y60'): -34.0, ('y60', 'y61'): 8, ('y60', 'y62'): 16, ('y60', 'y63'): 32, ('y61', 'y61'): -64.0, ('y61', 'y62'): 32, ('y61', 'y63'): 64, ('y62', 'y62'): -112.0, ('y62', 'y63'): 128, ('y63', 'y63'): -160.0, ('y20', 'y30'): 2, ('y20', 'y31'): 4, ('y20', 'y32'): 8, ('y20', 'y33'): 16, ('y20', 'y50'): 2, ('y20', 'y51'): 4, ('y20', 'y52'): 8, ('y20', 'y53'): 16, ('y20', 'y60'): 2, ('y20', 'y61'): 4, ('y20', 'y62'): 8, ('y20', 'y63'): 16, ('y21', 'y30'): 4, ('y21', 'y31'): 8, ('y21', 'y32'): 16, ('y21', 'y33'): 32, ('y21', 'y50'): 4, ('y21', 'y51'): 8, ('y21', 'y52'): 16, ('y21', 'y53'): 32, ('y21', 'y60'): 4, ('y21', 'y61'): 8, ('y21', 'y62'): 16, ('y21', 'y63'): 32, ('y22', 'y30'): 8, ('y22', 'y31'): 16, ('y22', 'y32'): 32, ('y22', 'y33'): 64, ('y22', 'y50'): 8, ('y22', 'y51'): 16, ('y22', 'y52'): 32, ('y22', 'y53'): 64, ('y22', 'y60'): 8, ('y22', 'y61'): 16, ('y22', 'y62'): 32, ('y22', 'y63'): 64, ('y23', 'y30'): 16, ('y23', 'y31'): 32, ('y23', 'y32'): 64, ('y23', 'y33'): 128, ('y23', 'y50'): 16, ('y23', 'y51'): 32, ('y23', 'y52'): 64, ('y23', 'y53'): 128, ('y23', 'y60'): 16, ('y23', 'y61'): 32, ('y23', 'y62'): 64, ('y23', 'y63'): 128, ('y30', 'y50'): 2, ('y30', 'y51'): 4, ('y30', 'y52'): 8, ('y30', 'y53'): 16, ('y30', 'y60'): 2, ('y30', 'y61'): 4, ('y30', 'y62'): 8, ('y30', 'y63'): 16, ('y31', 'y50'): 4, ('y31', 'y51'): 8, ('y31', 'y52'): 16, ('y31', 'y53'): 32, ('y31', 'y60'): 4, ('y31', 'y61'): 8, ('y31', 'y62'): 16, ('y31', 'y63'): 32, ('y32', 'y50'): 8, ('y32', 'y51'): 16, ('y32', 'y52'): 32, ('y32', 'y53'): 64, ('y32', 'y60'): 8, ('y32', 'y61'): 16, ('y32', 'y62'): 32, ('y32', 'y63'): 64, ('y33', 'y50'): 16, ('y33', 'y51'): 32, ('y33', 'y52'): 64, ('y33', 'y53'): 128, ('y33', 'y60'): 16, ('y33', 'y61'): 32, ('y33', 'y62'): 64, ('y33', 'y63'): 128, ('y50', 'y60'): 2, ('y50', 'y61'): 4, ('y50', 'y62'): 8, ('y50', 'y63'): 16, ('y51', 'y60'): 4, ('y51', 'y61'): 8, ('y51', 'y62'): 16, ('y51', 'y63'): 32, ('y52', 'y60'): 8, ('y52', 'y61'): 16, ('y52', 'y62'): 32, ('y52', 'y63'): 64, ('y53', 'y60'): 16, ('y53', 'y61'): 32, ('y53', 'y62'): 64, ('y53', 'y63'): 128}",194,306.4000000001954,"{'y00': [462, 463, 461], 'y01': [5371, 372, 433, 373], 'y02': [5072, 626, 627, 5071], 'y03': [5161, 342, 5162], 'y10': [5192, 5191, 612], 'y11': [417, 418, 5147, 5416], 'y12': [582, 5087, 5086, 583], 'y13': [5251, 5252], 'y20': [523, 5462, 522, 521], 'y21': [492, 491, 493, 5447], 'y22': [477, 478, 476], 'y23': [388, 387, 5386, 5387], 'y30': [5357, 5356], 'y31': [5326, 5327, 358], 'y32': [5341, 5342], 'y33': [5312, 5313, 673], 'y40': [5298, 5297, 327, 5296], 'y41': [5176, 5177, 357], 'y42': [5221, 5222, 297], 'y43': [5266, 5267], 'y50': [402, 403, 5102], 'y51': [507, 5042, 508, 506], 'y52': [568, 5281, 5283, 5282], 'y53': [597, 5402, 5401, 598], 'y60': [536, 5132, 538, 537], 'y61': [5236, 5237, 312, 432], 'y62': [552, 5117, 553], 'y63': [5206, 447, 448, 446]}",515254.9999999998,"{'y00': [1075, 1076, 190], 'y01': [1070, 262], 'y02': [1058, 280, 281], 'y03': [1118, 286], 'y10': [268, 269, 1022], 'y11': [226, 225, 227], 'y12': [273, 274, 1034], 'y13': [221, 220], 'y20': [1142, 178, 1141], 'y21': [1166, 233, 232], 'y22': [1105, 1106], 'y23': [1123, 1124, 161], 'y30': [1159, 149], 'y31': [185, 1195, 184], 'y32': [1171, 173], 'y33': [1183, 257, 1178], 'y40': [1082, 1081, 256], 'y41': [1099, 1100], 'y42': [1094, 1093], 'y43': [250, 1130], 'y50': [214, 215], 'y51': [1087, 154, 155, 1088], 'y52': [209, 208], 'y53': [202, 1063, 203], 'y60': [1135, 166, 1136], 'y61': [244, 245, 1154, 239], 'y62': [197, 1190, 196], 'y63': [1111, 1112, 238]}",434876.0000000027
27,"[[0, 0, 1, 1, 0], [0, 0, 0, 1, 1], [1, 0, 0, 0, 1], [1, 1, 0, 0, 0], [0, 1, 1, 0, 0]]",2,1,"{('y00', 'y00'): -4.0, ('y00', 'y01'): 8, ('y00', 'y02'): 16, ('y00', 'y10'): 2, ('y00', 'y11'): 4, ('y00', 'y12'): 8, ('y01', 'y01'): -4.0, ('y01', 'y02'): 32, ('y01', 'y10'): 4, ('y01', 'y11'): 8, ('y01', 'y12'): 16, ('y02', 'y02'): 8.0, ('y02', 'y10'): 8, ('y02', 'y11'): 16, ('y02', 'y12'): 32, ('y10', 'y10'): 0.0, ('y10', 'y11'): 8, ('y10', 'y12'): 16, ('y11', 'y11'): 4.0, ('y11', 'y12'): 32, ('y12', 'y12'): 24.0, ('y20', 'y20'): -4.0, ('y20', 'y21'): 8, ('y20', 'y22'): 16, ('y20', 'y30'): 2, ('y20', 'y31'): 4, ('y20', 'y32'): 8, ('y21', 'y21'): -4.0, ('y21', 'y22'): 32, ('y21', 'y30'): 4, ('y21', 'y31'): 8, ('y21', 'y32'): 16, ('y22', 'y22'): 8.0, ('y22', 'y30'): 8, ('y22', 'y31'): 16, ('y22', 'y32'): 32, ('y30', 'y30'): -10.0, ('y30', 'y31'): 8, ('y30', 'y32'): 16, ('y31', 'y31'): -16.0, ('y31', 'y32'): 32, ('y32', 'y32'): -16.0, ('y00', 'y40'): 2, ('y00', 'y41'): 4, ('y00', 'y42'): 8, ('y01', 'y40'): 4, ('y01', 'y41'): 8, ('y01', 'y42'): 16, ('y02', 'y40'): 8, ('y02', 'y41'): 16, ('y02', 'y42'): 32, ('y40', 'y40'): -12.0, ('y40', 'y41'): 8, ('y40', 'y42'): 16, ('y41', 'y41'): -20.0, ('y41', 'y42'): 32, ('y42', 'y42'): -24.0, ('y10', 'y20'): 2, ('y10', 'y21'): 4, ('y10', 'y22'): 8, ('y11', 'y20'): 4, ('y11', 'y21'): 8, ('y11', 'y22'): 16, ('y12', 'y20'): 8, ('y12', 'y21'): 16, ('y12', 'y22'): 32, ('y30', 'y40'): 2, ('y30', 'y41'): 4, ('y30', 'y42'): 8, ('y31', 'y40'): 4, ('y31', 'y41'): 8, ('y31', 'y42'): 16, ('y32', 'y40'): 8, ('y32', 'y41'): 16, ('y32', 'y42'): 32}",30,140.60000000064576,"{'y00': [5116, 237], 'y01': [192, 5160], 'y02': [207, 5175], 'y10': [5085], 'y11': [5115, 101], 'y12': [5070], 'y20': [161], 'y21': [266, 5055], 'y22': [176], 'y30': [5025], 'y31': [5010], 'y32': [5040, 5041, 191], 'y40': [296], 'y41': [281], 'y42': [251, 5101]}",51733.99999999972,"{'y00': [833, 518], 'y01': [857], 'y02': [863, 535], 'y10': [553, 554], 'y11': [839, 571], 'y12': [559], 'y20': [821], 'y21': [827, 826], 'y22': [809, 487], 'y30': [506, 505], 'y31': [838, 494], 'y32': [511], 'y40': [862], 'y41': [797, 523], 'y42': [845, 482]}",27028.000000001382
28,"[[0, 0, 1, 1, 0], [0, 0, 0, 1, 1], [1, 0, 0, 0, 1], [1, 1, 0, 0, 0], [0, 1, 1, 0, 0]]",2,2,"{('y00', 'y00'): -10.0, ('y00', 'y01'): 8, ('y00', 'y02'): 16, ('y00', 'y10'): 2, ('y00', 'y11'): 4, ('y00', 'y12'): 8, ('y01', 'y01'): -16.0, ('y01', 'y02'): 32, ('y01', 'y10'): 4, ('y01', 'y11'): 8, ('y01', 'y12'): 16, ('y02', 'y02'): -16.0, ('y02', 'y10'): 8, ('y02', 'y11'): 16, ('y02', 'y12'): 32, ('y10', 'y10'): -2.0, ('y10', 'y11'): 8, ('y10', 'y12'): 16, ('y11', 'y11'): 0.0, ('y11', 'y12'): 32, ('y12', 'y12'): 16.0, ('y20', 'y20'): -10.0, ('y20', 'y21'): 8, ('y20', 'y22'): 16, ('y20', 'y30'): 2, ('y20', 'y31'): 4, ('y20', 'y32'): 8, ('y21', 'y21'): -16.0, ('y21', 'y22'): 32, ('y21', 'y30'): 4, ('y21', 'y31'): 8, ('y21', 'y32'): 16, ('y22', 'y22'): -16.0, ('y22', 'y30'): 8, ('y22', 'y31'): 16, ('y22', 'y32'): 32, ('y30', 'y30'): -22.0, ('y30', 'y31'): 8, ('y30', 'y32'): 16, ('y31', 'y31'): -40.0, ('y31', 'y32'): 32, ('y32', 'y32'): -64.0, ('y00', 'y40'): 2, ('y00', 'y41'): 4, ('y00', 'y42'): 8, ('y01', 'y40'): 4, ('y01', 'y41'): 8, ('y01', 'y42'): 16, ('y02', 'y40'): 8, ('y02', 'y41'): 16, ('y02', 'y42'): 32, ('y40', 'y40'): -26.0, ('y40', 'y41'): 8, ('y40', 'y42'): 16, ('y41', 'y41'): -48.0, ('y41', 'y42'): 32, ('y42', 'y42'): -80.0, ('y10', 'y20'): 2, ('y10', 'y21'): 4, ('y10', 'y22'): 8, ('y11', 'y20'): 4, ('y11', 'y21'): 8, ('y11', 'y22'): 16, ('y12', 'y20'): 8, ('y12', 'y21'): 16, ('y12', 'y22'): 32, ('y30', 'y40'): 2, ('y30', 'y41'): 4, ('y30', 'y42'): 8, ('y31', 'y40'): 4, ('y31', 'y41'): 8, ('y31', 'y42'): 16, ('y32', 'y40'): 8, ('y32', 'y41'): 16, ('y32', 'y42'): 32}",120,137.6000000000488,"{'y00': [3694, 919], 'y01': [3799], 'y02': [3784], 'y10': [814, 813], 'y11': [3753, 859], 'y12': [3859, 844], 'y20': [829], 'y21': [3768, 784], 'y22': [799, 3889], 'y30': [3814, 3813], 'y31': [3844, 3845, 920], 'y32': [3829, 3828], 'y40': [889], 'y41': [3769, 979], 'y42': [874]}",57291.00000000109,"{'y00': [680], 'y01': [674, 675], 'y02': [704, 270], 'y10': [300], 'y11': [306], 'y12': [711, 318], 'y20': [692], 'y21': [324, 699], 'y22': [687], 'y30': [294, 716], 'y31': [312, 644], 'y32': [288, 656], 'y40': [240], 'y41': [710, 276], 'y42': [668, 264]}",25397.99999999559
29,"[[0, 0, 1, 1, 0], [0, 0, 0, 1, 1], [1, 0, 0, 0, 1], [1, 1, 0, 0, 0], [0, 1, 1, 0, 0]]",2,3,"{('y00', 'y00'): -16.0, ('y00', 'y01'): 8, ('y00', 'y02'): 16, ('y00', 'y03'): 32, ('y00', 'y10'): 2, ('y00', 'y11'): 4, ('y00', 'y12'): 8, ('y00', 'y13'): 16, ('y01', 'y01'): -28.0, ('y01', 'y02'): 32, ('y01', 'y03'): 64, ('y01', 'y10'): 4, ('y01', 'y11'): 8, ('y01', 'y12'): 16, ('y01', 'y13'): 32, ('y02', 'y02'): -40.0, ('y02', 'y03'): 128, ('y02', 'y10'): 8, ('y02', 'y11'): 16, ('y02', 'y12'): 32, ('y02', 'y13'): 64, ('y03', 'y03'): -16.0, ('y03', 'y10'): 16, ('y03', 'y11'): 32, ('y03', 'y12'): 64, ('y03', 'y13'): 128, ('y10', 'y10'): -4.0, ('y10', 'y11'): 8, ('y10', 'y12'): 16, ('y10', 'y13'): 32, ('y11', 'y11'): -4.0, ('y11', 'y12'): 32, ('y11', 'y13'): 64, ('y12', 'y12'): 8.0, ('y12', 'y13'): 128, ('y13', 'y13'): 80.0, ('y20', 'y20'): -16.0, ('y20', 'y21'): 8, ('y20', 'y22'): 16, ('y20', 'y23'): 32, ('y20', 'y30'): 2, ('y20', 'y31'): 4, ('y20', 'y32'): 8, ('y20', 'y33'): 16, ('y21', 'y21'): -28.0, ('y21', 'y22'): 32, ('y21', 'y23'): 64, ('y21', 'y30'): 4, ('y21', 'y31'): 8, ('y21', 'y32'): 16, ('y21', 'y33'): 32, ('y22', 'y22'): -40.0, ('y22', 'y23'): 128, ('y22', 'y30'): 8, ('y22', 'y31'): 16, ('y22', 'y32'): 32, ('y22', 'y33'): 64, ('y23', 'y23'): -16.0, ('y23', 'y30'): 16, ('y23', 'y31'): 32, ('y23', 'y32'): 64, ('y23', 'y33'): 128, ('y30', 'y30'): -34.0, ('y30', 'y31'): 8, ('y30', 'y32'): 16, ('y30', 'y33'): 32, ('y31', 'y31'): -64.0, ('y31', 'y32'): 32, ('y31', 'y33'): 64, ('y32', 'y32'): -112.0, ('y32', 'y33'): 128, ('y33', 'y33'): -160.0, ('y00', 'y40'): 2, ('y00', 'y41'): 4, ('y00', 'y42'): 8, ('y00', 'y43'): 16, ('y01', 'y40'): 4, ('y01', 'y41'): 8, ('y01', 'y42'): 16, ('y01', 'y43'): 32, ('y02', 'y40'): 8, ('y02', 'y41'): 16, ('y02', 'y42'): 32, ('y02', 'y43'): 64, ('y03', 'y40'): 16, ('y03', 'y41'): 32, ('y03', 'y42'): 64, ('y03', 'y43'): 128, ('y40', 'y40'): -40.0, ('y40', 'y41'): 8, ('y40', 'y42'): 16, ('y40', 'y43'): 32, ('y41', 'y41'): -76.0, ('y41', 'y42'): 32, ('y41', 'y43'): 64, ('y42', 'y42'): -136.0, ('y42', 'y43'): 128, ('y43', 'y43'): -208.0, ('y10', 'y20'): 2, ('y10', 'y21'): 4, ('y10', 'y22'): 8, ('y10', 'y23'): 16, ('y11', 'y20'): 4, ('y11', 'y21'): 8, ('y11', 'y22'): 16, ('y11', 'y23'): 32, ('y12', 'y20'): 8, ('y12', 'y21'): 16, ('y12', 'y22'): 32, ('y12', 'y23'): 64, ('y13', 'y20'): 16, ('y13', 'y21'): 32, ('y13', 'y22'): 64, ('y13', 'y23'): 128, ('y30', 'y40'): 2, ('y30', 'y41'): 4, ('y30', 'y42'): 8, ('y30', 'y43'): 16, ('y31', 'y40'): 4, ('y31', 'y41'): 8, ('y31', 'y42'): 16, ('y31', 'y43'): 32, ('y32', 'y40'): 8, ('y32', 'y41'): 16, ('y32', 'y42'): 32, ('y32', 'y43'): 64, ('y33', 'y40'): 16, ('y33', 'y41'): 32, ('y33', 'y42'): 64, ('y33', 'y43'): 128}",270,183.3999999998781,"{'y00': [2560, 2561], 'y01': [2589, 4903, 2590], 'y02': [2605, 4918, 2604], 'y03': [2576, 2575], 'y10': [2741, 4994, 4993], 'y11': [4934, 2726], 'y12': [2620, 4979], 'y13': [4964, 2711], 'y20': [2650, 2651, 4799], 'y21': [4904], 'y22': [4919], 'y23': [2695, 2696], 'y30': [4889, 2635], 'y31': [2665, 4784], 'y32': [2680, 4814], 'y33': [4844, 4843, 2785], 'y40': [2710, 4754], 'y41': [4769, 2725], 'y42': [2530, 2634, 4813], 'y43': [4874, 4873]}",96692.00000000087,"{'y00': [534, 695], 'y01': [546, 540], 'y02': [683, 570], 'y03': [558, 701], 'y10': [725, 553], 'y11': [761], 'y12': [737, 505], 'y13': [766, 767], 'y20': [706, 486], 'y21': [677, 498], 'y22': [522], 'y23': [689, 510], 'y30': [504, 694], 'y31': [718, 492], 'y32': [682, 480], 'y33': [516], 'y40': [713], 'y41': [665, 528], 'y42': [641, 552], 'y43': [629, 564]}",44558.000000023414
30,"[[0, 0, 1, 1, 1], [0, 0, 0, 1, 1], [1, 0, 0, 0, 1], [1, 1, 0, 0, 0], [1, 1, 1, 0, 0]]",2,1,"{('y00', 'y00'): 2.0, ('y00', 'y01'): 8, ('y00', 'y02'): 16, ('y00', 'y10'): 2, ('y00', 'y11'): 4, ('y00', 'y12'): 8, ('y00', 'y20'): 2, ('y00', 'y21'): 4, ('y00', 'y22'): 8, ('y01', 'y01'): 8.0, ('y01', 'y02'): 32, ('y01', 'y10'): 4, ('y01', 'y11'): 8, ('y01', 'y12'): 16, ('y01', 'y20'): 4, ('y01', 'y21'): 8, ('y01', 'y22'): 16, ('y02', 'y02'): 32.0, ('y02', 'y10'): 8, ('y02', 'y11'): 16, ('y02', 'y12'): 32, ('y02', 'y20'): 8, ('y02', 'y21'): 16, ('y02', 'y22'): 32, ('y10', 'y10'): -2.0, ('y10', 'y11'): 8, ('y10', 'y12'): 16, ('y10', 'y20'): 2, ('y10', 'y21'): 4, ('y10', 'y22'): 8, ('y11', 'y11'): 0.0, ('y11', 'y12'): 32, ('y11', 'y20'): 4, ('y11', 'y21'): 8, ('y11', 'y22'): 16, ('y12', 'y12'): 16.0, ('y12', 'y20'): 8, ('y12', 'y21'): 16, ('y12', 'y22'): 32, ('y20', 'y20'): -2.0, ('y20', 'y21'): 8, ('y20', 'y22'): 16, ('y21', 'y21'): 0.0, ('y21', 'y22'): 32, ('y22', 'y22'): 16.0, ('y30', 'y30'): -10.0, ('y30', 'y31'): 8, ('y30', 'y32'): 16, ('y30', 'y40'): 2, ('y30', 'y41'): 4, ('y30', 'y42'): 8, ('y31', 'y31'): -16.0, ('y31', 'y32'): 32, ('y31', 'y40'): 4, ('y31', 'y41'): 8, ('y31', 'y42'): 16, ('y32', 'y32'): -16.0, ('y32', 'y40'): 8, ('y32', 'y41'): 16, ('y32', 'y42'): 32, ('y40', 'y40'): -10.0, ('y40', 'y41'): 8, ('y40', 'y42'): 16, ('y41', 'y41'): -16.0, ('y41', 'y42'): 32, ('y42', 'y42'): -16.0, ('y00', 'y50'): 2, ('y00', 'y51'): 4, ('y00', 'y52'): 8, ('y01', 'y50'): 4, ('y01', 'y51'): 8, ('y01', 'y52'): 16, ('y02', 'y50'): 8, ('y02', 'y51'): 16, ('y02', 'y52'): 32, ('y50', 'y50'): -2.0, ('y50', 'y51'): 8, ('y50', 'y52'): 16, ('y51', 'y51'): 0.0, ('y51', 'y52'): 32, ('y52', 'y52'): 16.0, ('y10', 'y30'): 2, ('y10', 'y31'): 4, ('y10', 'y32'): 8, ('y11', 'y30'): 4, ('y11', 'y31'): 8, ('y11', 'y32'): 16, ('y12', 'y30'): 8, ('y12', 'y31'): 16, ('y12', 'y32'): 32, ('y20', 'y40'): 2, ('y20', 'y41'): 4, ('y20', 'y42'): 8, ('y20', 'y50'): 2, ('y20', 'y51'): 4, ('y20', 'y52'): 8, ('y21', 'y40'): 4, ('y21', 'y41'): 8, ('y21', 'y42'): 16, ('y21', 'y50'): 4, ('y21', 'y51'): 8, ('y21', 'y52'): 16, ('y22', 'y40'): 8, ('y22', 'y41'): 16, ('y22', 'y42'): 32, ('y22', 'y50'): 8, ('y22', 'y51'): 16, ('y22', 'y52'): 32, ('y40', 'y50'): 2, ('y40', 'y51'): 4, ('y40', 'y52'): 8, ('y41', 'y50'): 4, ('y41', 'y51'): 8, ('y41', 'y52'): 16, ('y42', 'y50'): 8, ('y42', 'y51'): 16, ('y42', 'y52'): 32}",24,215.59999999922752,"{'y00': [5116, 281], 'y01': [5085, 266], 'y02': [296, 5131], 'y10': [341, 5101, 5026], 'y11': [327, 5146, 326], 'y12': [5025, 236], 'y20': [221, 222, 5055], 'y21': [5190, 237], 'y22': [252, 5205, 251], 'y30': [4965, 4966], 'y31': [4951, 4950], 'y32': [4980, 311], 'y40': [206, 5040, 207], 'y41': [161, 162], 'y42': [177, 176], 'y50': [5175], 'y51': [5160], 'y52': [191, 5010, 192]}",86040.00000000057,"{'y00': [519, 922], 'y01': [989, 988], 'y02': [994, 995], 'y10': [976, 447], 'y11': [435], 'y12': [459, 940], 'y20': [495, 982], 'y21': [524, 525, 958], 'y22': [483, 946], 'y30': [934, 489, 488], 'y31': [501, 1006], 'y32': [970], 'y40': [965], 'y41': [507], 'y42': [513, 512], 'y50': [917, 555], 'y51': [941, 531], 'y52': [953, 567]}",56205.00000000561
31,"[[0, 0, 1, 1, 1], [0, 0, 0, 1, 1], [1, 0, 0, 0, 1], [1, 1, 0, 0, 0], [1, 1, 1, 0, 0]]",2,2,"{('y00', 'y00'): 0.0, ('y00', 'y01'): 8, ('y00', 'y02'): 16, ('y00', 'y10'): 2, ('y00', 'y11'): 4, ('y00', 'y12'): 8, ('y00', 'y20'): 2, ('y00', 'y21'): 4, ('y00', 'y22'): 8, ('y01', 'y01'): 4.0, ('y01', 'y02'): 32, ('y01', 'y10'): 4, ('y01', 'y11'): 8, ('y01', 'y12'): 16, ('y01', 'y20'): 4, ('y01', 'y21'): 8, ('y01', 'y22'): 16, ('y02', 'y02'): 24.0, ('y02', 'y10'): 8, ('y02', 'y11'): 16, ('y02', 'y12'): 32, ('y02', 'y20'): 8, ('y02', 'y21'): 16, ('y02', 'y22'): 32, ('y10', 'y10'): -8.0, ('y10', 'y11'): 8, ('y10', 'y12'): 16, ('y10', 'y20'): 2, ('y10', 'y21'): 4, ('y10', 'y22'): 8, ('y11', 'y11'): -12.0, ('y11', 'y12'): 32, ('y11', 'y20'): 4, ('y11', 'y21'): 8, ('y11', 'y22'): 16, ('y12', 'y12'): -8.0, ('y12', 'y20'): 8, ('y12', 'y21'): 16, ('y12', 'y22'): 32, ('y20', 'y20'): -10.0, ('y20', 'y21'): 8, ('y20', 'y22'): 16, ('y21', 'y21'): -16.0, ('y21', 'y22'): 32, ('y22', 'y22'): -16.0, ('y30', 'y30'): -22.0, ('y30', 'y31'): 8, ('y30', 'y32'): 16, ('y30', 'y40'): 2, ('y30', 'y41'): 4, ('y30', 'y42'): 8, ('y31', 'y31'): -40.0, ('y31', 'y32'): 32, ('y31', 'y40'): 4, ('y31', 'y41'): 8, ('y31', 'y42'): 16, ('y32', 'y32'): -64.0, ('y32', 'y40'): 8, ('y32', 'y41'): 16, ('y32', 'y42'): 32, ('y40', 'y40'): -24.0, ('y40', 'y41'): 8, ('y40', 'y42'): 16, ('y41', 'y41'): -44.0, ('y41', 'y42'): 32, ('y42', 'y42'): -72.0, ('y00', 'y50'): 2, ('y00', 'y51'): 4, ('y00', 'y52'): 8, ('y01', 'y50'): 4, ('y01', 'y51'): 8, ('y01', 'y52'): 16, ('y02', 'y50'): 8, ('y02', 'y51'): 16, ('y02', 'y52'): 32, ('y50', 'y50'): -8.0, ('y50', 'y51'): 8, ('y50', 'y52'): 16, ('y51', 'y51'): -12.0, ('y51', 'y52'): 32, ('y52', 'y52'): -8.0, ('y10', 'y30'): 2, ('y10', 'y31'): 4, ('y10', 'y32'): 8, ('y11', 'y30'): 4, ('y11', 'y31'): 8, ('y11', 'y32'): 16, ('y12', 'y30'): 8, ('y12', 'y31'): 16, ('y12', 'y32'): 32, ('y20', 'y40'): 2, ('y20', 'y41'): 4, ('y20', 'y42'): 8, ('y20', 'y50'): 2, ('y20', 'y51'): 4, ('y20', 'y52'): 8, ('y21', 'y40'): 4, ('y21', 'y41'): 8, ('y21', 'y42'): 16, ('y21', 'y50'): 4, ('y21', 'y51'): 8, ('y21', 'y52'): 16, ('y22', 'y40'): 8, ('y22', 'y41'): 16, ('y22', 'y42'): 32, ('y22', 'y50'): 8, ('y22', 'y51'): 16, ('y22', 'y52'): 32, ('y40', 'y50'): 2, ('y40', 'y51'): 4, ('y40', 'y52'): 8, ('y41', 'y50'): 4, ('y41', 'y51'): 8, ('y41', 'y52'): 16, ('y42', 'y50'): 8, ('y42', 'y51'): 16, ('y42', 'y52'): 32}",106,212.4,"{'y00': [345], 'y01': [480, 3046], 'y02': [330], 'y10': [495, 3001], 'y11': [2971, 510, 2972], 'y12': [2987, 2986, 525], 'y20': [3122, 3121], 'y21': [406, 3106, 405], 'y22': [390, 391, 3076], 'y30': [3107, 600], 'y31': [3077], 'y32': [3062], 'y40': [3181, 450], 'y41': [465, 3152], 'y42': [541, 3167, 540], 'y50': [420, 3061], 'y51': [435, 3031], 'y52': [3136, 3137]}",68540,"{'y00': [1113, 413], 'y01': [401, 1137], 'y02': [1144, 454], 'y10': [1126, 1125], 'y11': [1132, 473], 'y12': [1120], 'y20': [418, 1149], 'y21': [442, 1108], 'y22': [394, 1065], 'y30': [461, 460], 'y31': [466], 'y32': [478, 1078], 'y40': [1060, 388], 'y41': [1096], 'y42': [1102, 1101], 'y50': [430], 'y51': [424, 425], 'y52': [406, 1084]}",45035.00000001281
32,"[[0, 0, 1, 1, 1], [0, 0, 0, 1, 1], [1, 0, 0, 0, 1], [1, 1, 0, 0, 0], [1, 1, 1, 0, 0]]",2,3,"{('y00', 'y00'): -2.0, ('y00', 'y01'): 8, ('y00', 'y02'): 16, ('y00', 'y03'): 32, ('y00', 'y10'): 2, ('y00', 'y11'): 4, ('y00', 'y12'): 8, ('y00', 'y13'): 16, ('y00', 'y20'): 2, ('y00', 'y21'): 4, ('y00', 'y22'): 8, ('y00', 'y23'): 16, ('y01', 'y01'): 0.0, ('y01', 'y02'): 32, ('y01', 'y03'): 64, ('y01', 'y10'): 4, ('y01', 'y11'): 8, ('y01', 'y12'): 16, ('y01', 'y13'): 32, ('y01', 'y20'): 4, ('y01', 'y21'): 8, ('y01', 'y22'): 16, ('y01', 'y23'): 32, ('y02', 'y02'): 16.0, ('y02', 'y03'): 128, ('y02', 'y10'): 8, ('y02', 'y11'): 16, ('y02', 'y12'): 32, ('y02', 'y13'): 64, ('y02', 'y20'): 8, ('y02', 'y21'): 16, ('y02', 'y22'): 32, ('y02', 'y23'): 64, ('y03', 'y03'): 96.0, ('y03', 'y10'): 16, ('y03', 'y11'): 32, ('y03', 'y12'): 64, ('y03', 'y13'): 128, ('y03', 'y20'): 16, ('y03', 'y21'): 32, ('y03', 'y22'): 64, ('y03', 'y23'): 128, ('y10', 'y10'): -14.0, ('y10', 'y11'): 8, ('y10', 'y12'): 16, ('y10', 'y13'): 32, ('y10', 'y20'): 2, ('y10', 'y21'): 4, ('y10', 'y22'): 8, ('y10', 'y23'): 16, ('y11', 'y11'): -24.0, ('y11', 'y12'): 32, ('y11', 'y13'): 64, ('y11', 'y20'): 4, ('y11', 'y21'): 8, ('y11', 'y22'): 16, ('y11', 'y23'): 32, ('y12', 'y12'): -32.0, ('y12', 'y13'): 128, ('y12', 'y20'): 8, ('y12', 'y21'): 16, ('y12', 'y22'): 32, ('y12', 'y23'): 64, ('y13', 'y13'): 0.0, ('y13', 'y20'): 16, ('y13', 'y21'): 32, ('y13', 'y22'): 64, ('y13', 'y23'): 128, ('y20', 'y20'): -18.0, ('y20', 'y21'): 8, ('y20', 'y22'): 16, ('y20', 'y23'): 32, ('y21', 'y21'): -32.0, ('y21', 'y22'): 32, ('y21', 'y23'): 64, ('y22', 'y22'): -48.0, ('y22', 'y23'): 128, ('y23', 'y23'): -32.0, ('y30', 'y30'): -34.0, ('y30', 'y31'): 8, ('y30', 'y32'): 16, ('y30', 'y33'): 32, ('y30', 'y40'): 2, ('y30', 'y41'): 4, ('y30', 'y42'): 8, ('y30', 'y43'): 16, ('y31', 'y31'): -64.0, ('y31', 'y32'): 32, ('y31', 'y33'): 64, ('y31', 'y40'): 4, ('y31', 'y41'): 8, ('y31', 'y42'): 16, ('y31', 'y43'): 32, ('y32', 'y32'): -112.0, ('y32', 'y33'): 128, ('y32', 'y40'): 8, ('y32', 'y41'): 16, ('y32', 'y42'): 32, ('y32', 'y43'): 64, ('y33', 'y33'): -160.0, ('y33', 'y40'): 16, ('y33', 'y41'): 32, ('y33', 'y42'): 64, ('y33', 'y43'): 128, ('y40', 'y40'): -38.0, ('y40', 'y41'): 8, ('y40', 'y42'): 16, ('y40', 'y43'): 32, ('y41', 'y41'): -72.0, ('y41', 'y42'): 32, ('y41', 'y43'): 64, ('y42', 'y42'): -128.0, ('y42', 'y43'): 128, ('y43', 'y43'): -192.0, ('y00', 'y50'): 2, ('y00', 'y51'): 4, ('y00', 'y52'): 8, ('y00', 'y53'): 16, ('y01', 'y50'): 4, ('y01', 'y51'): 8, ('y01', 'y52'): 16, ('y01', 'y53'): 32, ('y02', 'y50'): 8, ('y02', 'y51'): 16, ('y02', 'y52'): 32, ('y02', 'y53'): 64, ('y03', 'y50'): 16, ('y03', 'y51'): 32, ('y03', 'y52'): 64, ('y03', 'y53'): 128, ('y50', 'y50'): -14.0, ('y50', 'y51'): 8, ('y50', 'y52'): 16, ('y50', 'y53'): 32, ('y51', 'y51'): -24.0, ('y51', 'y52'): 32, ('y51', 'y53'): 64, ('y52', 'y52'): -32.0, ('y52', 'y53'): 128, ('y53', 'y53'): 0.0, ('y10', 'y30'): 2, ('y10', 'y31'): 4, ('y10', 'y32'): 8, ('y10', 'y33'): 16, ('y11', 'y30'): 4, ('y11', 'y31'): 8, ('y11', 'y32'): 16, ('y11', 'y33'): 32, ('y12', 'y30'): 8, ('y12', 'y31'): 16, ('y12', 'y32'): 32, ('y12', 'y33'): 64, ('y13', 'y30'): 16, ('y13', 'y31'): 32, ('y13', 'y32'): 64, ('y13', 'y33'): 128, ('y20', 'y40'): 2, ('y20', 'y41'): 4, ('y20', 'y42'): 8, ('y20', 'y43'): 16, ('y20', 'y50'): 2, ('y20', 'y51'): 4, ('y20', 'y52'): 8, ('y20', 'y53'): 16, ('y21', 'y40'): 4, ('y21', 'y41'): 8, ('y21', 'y42'): 16, ('y21', 'y43'): 32, ('y21', 'y50'): 4, ('y21', 'y51'): 8, ('y21', 'y52'): 16, ('y21', 'y53'): 32, ('y22', 'y40'): 8, ('y22', 'y41'): 16, ('y22', 'y42'): 32, ('y22', 'y43'): 64, ('y22', 'y50'): 8, ('y22', 'y51'): 16, ('y22', 'y52'): 32, ('y22', 'y53'): 64, ('y23', 'y40'): 16, ('y23', 'y41'): 32, ('y23', 'y42'): 64, ('y23', 'y43'): 128, ('y23', 'y50'): 16, ('y23', 'y51'): 32, ('y23', 'y52'): 64, ('y23', 'y53'): 128, ('y40', 'y50'): 2, ('y40', 'y51'): 4, ('y40', 'y52'): 8, ('y40', 'y53'): 16, ('y41', 'y50'): 4, ('y41', 'y51'): 8, ('y41', 'y52'): 16, ('y41', 'y53'): 32, ('y42', 'y50'): 8, ('y42', 'y51'): 16, ('y42', 'y52'): 32, ('y42', 'y53'): 64, ('y43', 'y50'): 16, ('y43', 'y51'): 32, ('y43', 'y52'): 64, ('y43', 'y53'): 128}",248,288.4000000001664,"{'y00': [3442, 1382, 3441], 'y01': [3411, 3410], 'y02': [3396, 3456, 1232], 'y03': [1307, 3426], 'y10': [1351, 1352, 3322], 'y11': [1366, 1367, 3352], 'y12': [1336, 1337], 'y13': [1321, 1322], 'y20': [3366, 1292, 3365], 'y21': [3306, 3307, 1277], 'y22': [1216, 3291, 1217, 3292], 'y23': [3380, 1082, 3381], 'y30': [3245, 3246, 3247], 'y31': [3261, 3262, 3260], 'y32': [3230, 3231, 1111], 'y33': [3096, 1276, 3216], 'y40': [3215, 1156], 'y41': [1185, 1186], 'y42': [3276, 3275, 1246], 'y43': [1171, 1170], 'y50': [1112, 3336, 3337], 'y51': [1262, 3321], 'y52': [1202, 3185, 1201], 'y53': [3351, 1247]}",278874.9999999993,"{'y00': [498, 730], 'y01': [694, 510], 'y02': [766, 486], 'y03': [522, 754], 'y10': [760, 438], 'y11': [724, 450], 'y12': [676, 474], 'y13': [712, 713], 'y20': [463, 462, 784], 'y21': [682, 681, 492], 'y22': [432, 433, 796], 'y23': [457, 456], 'y30': [390, 693], 'y31': [402, 741], 'y32': [414, 753], 'y33': [409, 408], 'y40': [420, 664, 421], 'y41': [688, 384], 'y42': [718, 480, 717], 'y43': [700, 396], 'y50': [445, 444, 814], 'y51': [736, 737, 426], 'y52': [469, 808, 468], 'y53': [706, 705]}",150798.00000000888
33,"[[0, 0, 1, 1, 1], [0, 0, 0, 1, 1], [1, 0, 0, 0, 1], [1, 1, 0, 0, 1], [1, 1, 1, 1, 0]]",2,1,"{('y00', 'y00'): 2.0, ('y00', 'y01'): 8, ('y00', 'y02'): 16, ('y00', 'y10'): 2, ('y00', 'y11'): 4, ('y00', 'y12'): 8, ('y00', 'y20'): 2, ('y00', 'y21'): 4, ('y00', 'y22'): 8, ('y01', 'y01'): 8.0, ('y01', 'y02'): 32, ('y01', 'y10'): 4, ('y01', 'y11'): 8, ('y01', 'y12'): 16, ('y01', 'y20'): 4, ('y01', 'y21'): 8, ('y01', 'y22'): 16, ('y02', 'y02'): 32.0, ('y02', 'y10'): 8, ('y02', 'y11'): 16, ('y02', 'y12'): 32, ('y02', 'y20'): 8, ('y02', 'y21'): 16, ('y02', 'y22'): 32, ('y10', 'y10'): -2.0, ('y10', 'y11'): 8, ('y10', 'y12'): 16, ('y10', 'y20'): 2, ('y10', 'y21'): 4, ('y10', 'y22'): 8, ('y11', 'y11'): 0.0, ('y11', 'y12'): 32, ('y11', 'y20'): 4, ('y11', 'y21'): 8, ('y11', 'y22'): 16, ('y12', 'y12'): 16.0, ('y12', 'y20'): 8, ('y12', 'y21'): 16, ('y12', 'y22'): 32, ('y20', 'y20'): -2.0, ('y20', 'y21'): 8, ('y20', 'y22'): 16, ('y21', 'y21'): 0.0, ('y21', 'y22'): 32, ('y22', 'y22'): 16.0, ('y30', 'y30'): -6.0, ('y30', 'y31'): 8, ('y30', 'y32'): 16, ('y30', 'y40'): 2, ('y30', 'y41'): 4, ('y30', 'y42'): 8, ('y31', 'y31'): -8.0, ('y31', 'y32'): 32, ('y31', 'y40'): 4, ('y31', 'y41'): 8, ('y31', 'y42'): 16, ('y32', 'y32'): 0.0, ('y32', 'y40'): 8, ('y32', 'y41'): 16, ('y32', 'y42'): 32, ('y40', 'y40'): -6.0, ('y40', 'y41'): 8, ('y40', 'y42'): 16, ('y41', 'y41'): -8.0, ('y41', 'y42'): 32, ('y42', 'y42'): 0.0, ('y00', 'y50'): 2, ('y00', 'y51'): 4, ('y00', 'y52'): 8, ('y01', 'y50'): 4, ('y01', 'y51'): 8, ('y01', 'y52'): 16, ('y02', 'y50'): 8, ('y02', 'y51'): 16, ('y02', 'y52'): 32, ('y50', 'y50'): -2.0, ('y50', 'y51'): 8, ('y50', 'y52'): 16, ('y51', 'y51'): 0.0, ('y51', 'y52'): 32, ('y52', 'y52'): 16.0, ('y10', 'y30'): 2, ('y10', 'y31'): 4, ('y10', 'y32'): 8, ('y10', 'y60'): 2, ('y10', 'y61'): 4, ('y10', 'y62'): 8, ('y11', 'y30'): 4, ('y11', 'y31'): 8, ('y11', 'y32'): 16, ('y11', 'y60'): 4, ('y11', 'y61'): 8, ('y11', 'y62'): 16, ('y12', 'y30'): 8, ('y12', 'y31'): 16, ('y12', 'y32'): 32, ('y12', 'y60'): 8, ('y12', 'y61'): 16, ('y12', 'y62'): 32, ('y30', 'y60'): 2, ('y30', 'y61'): 4, ('y30', 'y62'): 8, ('y31', 'y60'): 4, ('y31', 'y61'): 8, ('y31', 'y62'): 16, ('y32', 'y60'): 8, ('y32', 'y61'): 16, ('y32', 'y62'): 32, ('y60', 'y60'): -6.0, ('y60', 'y61'): 8, ('y60', 'y62'): 16, ('y61', 'y61'): -8.0, ('y61', 'y62'): 32, ('y62', 'y62'): 0.0, ('y20', 'y40'): 2, ('y20', 'y41'): 4, ('y20', 'y42'): 8, ('y20', 'y50'): 2, ('y20', 'y51'): 4, ('y20', 'y52'): 8, ('y20', 'y60'): 2, ('y20', 'y61'): 4, ('y20', 'y62'): 8, ('y21', 'y40'): 4, ('y21', 'y41'): 8, ('y21', 'y42'): 16, ('y21', 'y50'): 4, ('y21', 'y51'): 8, ('y21', 'y52'): 16, ('y21', 'y60'): 4, ('y21', 'y61'): 8, ('y21', 'y62'): 16, ('y22', 'y40'): 8, ('y22', 'y41'): 16, ('y22', 'y42'): 32, ('y22', 'y50'): 8, ('y22', 'y51'): 16, ('y22', 'y52'): 32, ('y22', 'y60'): 8, ('y22', 'y61'): 16, ('y22', 'y62'): 32, ('y40', 'y50'): 2, ('y40', 'y51'): 4, ('y40', 'y52'): 8, ('y40', 'y60'): 2, ('y40', 'y61'): 4, ('y40', 'y62'): 8, ('y41', 'y50'): 4, ('y41', 'y51'): 8, ('y41', 'y52'): 16, ('y41', 'y60'): 4, ('y41', 'y61'): 8, ('y41', 'y62'): 16, ('y42', 'y50'): 8, ('y42', 'y51'): 16, ('y42', 'y52'): 32, ('y42', 'y60'): 8, ('y42', 'y61'): 16, ('y42', 'y62'): 32, ('y50', 'y60'): 2, ('y50', 'y61'): 4, ('y50', 'y62'): 8, ('y51', 'y60'): 4, ('y51', 'y61'): 8, ('y51', 'y62'): 16, ('y52', 'y60'): 8, ('y52', 'y61'): 16, ('y52', 'y62'): 32}",12,230.6,"{'y00': [4719, 1539, 4718], 'y01': [4749, 4748], 'y02': [4764, 4763], 'y10': [1614, 1613], 'y11': [1599, 1598], 'y12': [1645, 4733, 1644], 'y20': [4703, 4704, 1764], 'y21': [4598, 1794, 4599], 'y22': [4613, 1584, 4614], 'y30': [4553, 1688], 'y31': [4643, 4644], 'y32': [4538, 4539, 1854], 'y40': [1824, 4584], 'y41': [4569, 1809], 'y42': [1659, 4673], 'y50': [4493, 1703, 1704], 'y51': [1734, 4734, 1733], 'y52': [1749, 1748], 'y60': [1629, 4659, 4658], 'y61': [1718, 4628], 'y62': [1674, 4689, 4688]}",161027.99999999994,"{'y00': [101], 'y01': [113, 1146], 'y02': [1158, 125], 'y10': [1135, 1134], 'y11': [1153, 137], 'y12': [1130, 1129], 'y20': [233, 1111, 1110], 'y21': [1123, 197, 1122], 'y22': [1105, 185], 'y30': [161, 1141], 'y31': [1159, 221], 'y32': [149, 1117], 'y40': [209, 1183], 'y41': [1171], 'y42': [1195, 227], 'y50': [1190, 167, 1189], 'y51': [1177, 191, 190], 'y52': [1165, 1166], 'y60': [173, 172], 'y61': [154, 1069, 155], 'y62': [178, 179]}",105615.99999999772
34,"[[0, 0, 1, 1, 1], [0, 0, 0, 1, 1], [1, 0, 0, 0, 1], [1, 1, 0, 0, 1], [1, 1, 1, 1, 0]]",2,2,"{('y00', 'y00'): 0.0, ('y00', 'y01'): 8, ('y00', 'y02'): 16, ('y00', 'y10'): 2, ('y00', 'y11'): 4, ('y00', 'y12'): 8, ('y00', 'y20'): 2, ('y00', 'y21'): 4, ('y00', 'y22'): 8, ('y01', 'y01'): 4.0, ('y01', 'y02'): 32, ('y01', 'y10'): 4, ('y01', 'y11'): 8, ('y01', 'y12'): 16, ('y01', 'y20'): 4, ('y01', 'y21'): 8, ('y01', 'y22'): 16, ('y02', 'y02'): 24.0, ('y02', 'y10'): 8, ('y02', 'y11'): 16, ('y02', 'y12'): 32, ('y02', 'y20'): 8, ('y02', 'y21'): 16, ('y02', 'y22'): 32, ('y10', 'y10'): -10.0, ('y10', 'y11'): 8, ('y10', 'y12'): 16, ('y10', 'y20'): 2, ('y10', 'y21'): 4, ('y10', 'y22'): 8, ('y11', 'y11'): -16.0, ('y11', 'y12'): 32, ('y11', 'y20'): 4, ('y11', 'y21'): 8, ('y11', 'y22'): 16, ('y12', 'y12'): -16.0, ('y12', 'y20'): 8, ('y12', 'y21'): 16, ('y12', 'y22'): 32, ('y20', 'y20'): -12.0, ('y20', 'y21'): 8, ('y20', 'y22'): 16, ('y21', 'y21'): -20.0, ('y21', 'y22'): 32, ('y22', 'y22'): -24.0, ('y30', 'y30'): -16.0, ('y30', 'y31'): 8, ('y30', 'y32'): 16, ('y30', 'y40'): 2, ('y30', 'y41'): 4, ('y30', 'y42'): 8, ('y31', 'y31'): -28.0, ('y31', 'y32'): 32, ('y31', 'y40'): 4, ('y31', 'y41'): 8, ('y31', 'y42'): 16, ('y32', 'y32'): -40.0, ('y32', 'y40'): 8, ('y32', 'y41'): 16, ('y32', 'y42'): 32, ('y40', 'y40'): -18.0, ('y40', 'y41'): 8, ('y40', 'y42'): 16, ('y41', 'y41'): -32.0, ('y41', 'y42'): 32, ('y42', 'y42'): -48.0, ('y00', 'y50'): 2, ('y00', 'y51'): 4, ('y00', 'y52'): 8, ('y01', 'y50'): 4, ('y01', 'y51'): 8, ('y01', 'y52'): 16, ('y02', 'y50'): 8, ('y02', 'y51'): 16, ('y02', 'y52'): 32, ('y50', 'y50'): -10.0, ('y50', 'y51'): 8, ('y50', 'y52'): 16, ('y51', 'y51'): -16.0, ('y51', 'y52'): 32, ('y52', 'y52'): -16.0, ('y10', 'y30'): 2, ('y10', 'y31'): 4, ('y10', 'y32'): 8, ('y10', 'y60'): 2, ('y10', 'y61'): 4, ('y10', 'y62'): 8, ('y11', 'y30'): 4, ('y11', 'y31'): 8, ('y11', 'y32'): 16, ('y11', 'y60'): 4, ('y11', 'y61'): 8, ('y11', 'y62'): 16, ('y12', 'y30'): 8, ('y12', 'y31'): 16, ('y12', 'y32'): 32, ('y12', 'y60'): 8, ('y12', 'y61'): 16, ('y12', 'y62'): 32, ('y30', 'y60'): 2, ('y30', 'y61'): 4, ('y30', 'y62'): 8, ('y31', 'y60'): 4, ('y31', 'y61'): 8, ('y31', 'y62'): 16, ('y32', 'y60'): 8, ('y32', 'y61'): 16, ('y32', 'y62'): 32, ('y60', 'y60'): -20.0, ('y60', 'y61'): 8, ('y60', 'y62'): 16, ('y61', 'y61'): -36.0, ('y61', 'y62'): 32, ('y62', 'y62'): -56.0, ('y20', 'y40'): 2, ('y20', 'y41'): 4, ('y20', 'y42'): 8, ('y20', 'y50'): 2, ('y20', 'y51'): 4, ('y20', 'y52'): 8, ('y20', 'y60'): 2, ('y20', 'y61'): 4, ('y20', 'y62'): 8, ('y21', 'y40'): 4, ('y21', 'y41'): 8, ('y21', 'y42'): 16, ('y21', 'y50'): 4, ('y21', 'y51'): 8, ('y21', 'y52'): 16, ('y21', 'y60'): 4, ('y21', 'y61'): 8, ('y21', 'y62'): 16, ('y22', 'y40'): 8, ('y22', 'y41'): 16, ('y22', 'y42'): 32, ('y22', 'y50'): 8, ('y22', 'y51'): 16, ('y22', 'y52'): 32, ('y22', 'y60'): 8, ('y22', 'y61'): 16, ('y22', 'y62'): 32, ('y40', 'y50'): 2, ('y40', 'y51'): 4, ('y40', 'y52'): 8, ('y40', 'y60'): 2, ('y40', 'y61'): 4, ('y40', 'y62'): 8, ('y41', 'y50'): 4, ('y41', 'y51'): 8, ('y41', 'y52'): 16, ('y41', 'y60'): 4, ('y41', 'y61'): 8, ('y41', 'y62'): 16, ('y42', 'y50'): 8, ('y42', 'y51'): 16, ('y42', 'y52'): 32, ('y42', 'y60'): 8, ('y42', 'y61'): 16, ('y42', 'y62'): 32, ('y50', 'y60'): 2, ('y50', 'y61'): 4, ('y50', 'y62'): 8, ('y51', 'y60'): 4, ('y51', 'y61'): 8, ('y51', 'y62'): 16, ('y52', 'y60'): 8, ('y52', 'y61'): 16, ('y52', 'y62'): 32}",78,233.8000000001728,"{'y00': [5457, 5458], 'y01': [2384, 5473, 5592], 'y02': [2459, 2458], 'y10': [5443, 2564, 5442], 'y11': [5593, 2549], 'y12': [5428, 2533, 2534], 'y20': [2369, 5532, 5533], 'y21': [2399, 5488], 'y22': [2473, 5413, 2474], 'y30': [2519, 2518], 'y31': [2503, 2504], 'y32': [2488, 5638, 2489], 'y40': [5503, 5502], 'y41': [5562, 2324, 5563], 'y42': [5518, 5517], 'y50': [2428, 2429, 5397], 'y51': [2413, 5382, 2414], 'y52': [2444, 2443], 'y60': [2294, 5607, 5608], 'y61': [5547, 5548, 2339], 'y62': [5577, 2354, 5578]}",123649.9999999996,"{'y00': [66], 'y01': [60, 61], 'y02': [684, 90], 'y10': [721, 720], 'y11': [697, 696, 174], 'y12': [726, 727], 'y20': [78, 738], 'y21': [702, 54], 'y22': [102, 678], 'y30': [673, 186], 'y31': [150, 685], 'y32': [745, 181], 'y40': [757, 756], 'y41': [138, 709], 'y42': [114], 'y50': [49, 714, 48], 'y51': [690, 126], 'y52': [97, 750], 'y60': [733, 732, 145], 'y61': [763, 762, 133], 'y62': [108, 109]}",102223.99999997833
35,"[[0, 0, 1, 1, 1], [0, 0, 0, 1, 1], [1, 0, 0, 0, 1], [1, 1, 0, 0, 1], [1, 1, 1, 1, 0]]",2,3,"{('y00', 'y00'): -2.0, ('y00', 'y01'): 8, ('y00', 'y02'): 16, ('y00', 'y03'): 32, ('y00', 'y10'): 2, ('y00', 'y11'): 4, ('y00', 'y12'): 8, ('y00', 'y13'): 16, ('y00', 'y20'): 2, ('y00', 'y21'): 4, ('y00', 'y22'): 8, ('y00', 'y23'): 16, ('y01', 'y01'): 0.0, ('y01', 'y02'): 32, ('y01', 'y03'): 64, ('y01', 'y10'): 4, ('y01', 'y11'): 8, ('y01', 'y12'): 16, ('y01', 'y13'): 32, ('y01', 'y20'): 4, ('y01', 'y21'): 8, ('y01', 'y22'): 16, ('y01', 'y23'): 32, ('y02', 'y02'): 16.0, ('y02', 'y03'): 128, ('y02', 'y10'): 8, ('y02', 'y11'): 16, ('y02', 'y12'): 32, ('y02', 'y13'): 64, ('y02', 'y20'): 8, ('y02', 'y21'): 16, ('y02', 'y22'): 32, ('y02', 'y23'): 64, ('y03', 'y03'): 96.0, ('y03', 'y10'): 16, ('y03', 'y11'): 32, ('y03', 'y12'): 64, ('y03', 'y13'): 128, ('y03', 'y20'): 16, ('y03', 'y21'): 32, ('y03', 'y22'): 64, ('y03', 'y23'): 128, ('y10', 'y10'): -18.0, ('y10', 'y11'): 8, ('y10', 'y12'): 16, ('y10', 'y13'): 32, ('y10', 'y20'): 2, ('y10', 'y21'): 4, ('y10', 'y22'): 8, ('y10', 'y23'): 16, ('y11', 'y11'): -32.0, ('y11', 'y12'): 32, ('y11', 'y13'): 64, ('y11', 'y20'): 4, ('y11', 'y21'): 8, ('y11', 'y22'): 16, ('y11', 'y23'): 32, ('y12', 'y12'): -48.0, ('y12', 'y13'): 128, ('y12', 'y20'): 8, ('y12', 'y21'): 16, ('y12', 'y22'): 32, ('y12', 'y23'): 64, ('y13', 'y13'): -32.0, ('y13', 'y20'): 16, ('y13', 'y21'): 32, ('y13', 'y22'): 64, ('y13', 'y23'): 128, ('y20', 'y20'): -22.0, ('y20', 'y21'): 8, ('y20', 'y22'): 16, ('y20', 'y23'): 32, ('y21', 'y21'): -40.0, ('y21', 'y22'): 32, ('y21', 'y23'): 64, ('y22', 'y22'): -64.0, ('y22', 'y23'): 128, ('y23', 'y23'): -64.0, ('y30', 'y30'): -26.0, ('y30', 'y31'): 8, ('y30', 'y32'): 16, ('y30', 'y33'): 32, ('y30', 'y40'): 2, ('y30', 'y41'): 4, ('y30', 'y42'): 8, ('y30', 'y43'): 16, ('y31', 'y31'): -48.0, ('y31', 'y32'): 32, ('y31', 'y33'): 64, ('y31', 'y40'): 4, ('y31', 'y41'): 8, ('y31', 'y42'): 16, ('y31', 'y43'): 32, ('y32', 'y32'): -80.0, ('y32', 'y33'): 128, ('y32', 'y40'): 8, ('y32', 'y41'): 16, ('y32', 'y42'): 32, ('y32', 'y43'): 64, ('y33', 'y33'): -96.0, ('y33', 'y40'): 16, ('y33', 'y41'): 32, ('y33', 'y42'): 64, ('y33', 'y43'): 128, ('y40', 'y40'): -30.0, ('y40', 'y41'): 8, ('y40', 'y42'): 16, ('y40', 'y43'): 32, ('y41', 'y41'): -56.0, ('y41', 'y42'): 32, ('y41', 'y43'): 64, ('y42', 'y42'): -96.0, ('y42', 'y43'): 128, ('y43', 'y43'): -128.0, ('y00', 'y50'): 2, ('y00', 'y51'): 4, ('y00', 'y52'): 8, ('y00', 'y53'): 16, ('y01', 'y50'): 4, ('y01', 'y51'): 8, ('y01', 'y52'): 16, ('y01', 'y53'): 32, ('y02', 'y50'): 8, ('y02', 'y51'): 16, ('y02', 'y52'): 32, ('y02', 'y53'): 64, ('y03', 'y50'): 16, ('y03', 'y51'): 32, ('y03', 'y52'): 64, ('y03', 'y53'): 128, ('y50', 'y50'): -18.0, ('y50', 'y51'): 8, ('y50', 'y52'): 16, ('y50', 'y53'): 32, ('y51', 'y51'): -32.0, ('y51', 'y52'): 32, ('y51', 'y53'): 64, ('y52', 'y52'): -48.0, ('y52', 'y53'): 128, ('y53', 'y53'): -32.0, ('y10', 'y30'): 2, ('y10', 'y31'): 4, ('y10', 'y32'): 8, ('y10', 'y33'): 16, ('y10', 'y60'): 2, ('y10', 'y61'): 4, ('y10', 'y62'): 8, ('y10', 'y63'): 16, ('y11', 'y30'): 4, ('y11', 'y31'): 8, ('y11', 'y32'): 16, ('y11', 'y33'): 32, ('y11', 'y60'): 4, ('y11', 'y61'): 8, ('y11', 'y62'): 16, ('y11', 'y63'): 32, ('y12', 'y30'): 8, ('y12', 'y31'): 16, ('y12', 'y32'): 32, ('y12', 'y33'): 64, ('y12', 'y60'): 8, ('y12', 'y61'): 16, ('y12', 'y62'): 32, ('y12', 'y63'): 64, ('y13', 'y30'): 16, ('y13', 'y31'): 32, ('y13', 'y32'): 64, ('y13', 'y33'): 128, ('y13', 'y60'): 16, ('y13', 'y61'): 32, ('y13', 'y62'): 64, ('y13', 'y63'): 128, ('y30', 'y60'): 2, ('y30', 'y61'): 4, ('y30', 'y62'): 8, ('y30', 'y63'): 16, ('y31', 'y60'): 4, ('y31', 'y61'): 8, ('y31', 'y62'): 16, ('y31', 'y63'): 32, ('y32', 'y60'): 8, ('y32', 'y61'): 16, ('y32', 'y62'): 32, ('y32', 'y63'): 64, ('y33', 'y60'): 16, ('y33', 'y61'): 32, ('y33', 'y62'): 64, ('y33', 'y63'): 128, ('y60', 'y60'): -34.0, ('y60', 'y61'): 8, ('y60', 'y62'): 16, ('y60', 'y63'): 32, ('y61', 'y61'): -64.0, ('y61', 'y62'): 32, ('y61', 'y63'): 64, ('y62', 'y62'): -112.0, ('y62', 'y63'): 128, ('y63', 'y63'): -160.0, ('y20', 'y40'): 2, ('y20', 'y41'): 4, ('y20', 'y42'): 8, ('y20', 'y43'): 16, ('y20', 'y50'): 2, ('y20', 'y51'): 4, ('y20', 'y52'): 8, ('y20', 'y53'): 16, ('y20', 'y60'): 2, ('y20', 'y61'): 4, ('y20', 'y62'): 8, ('y20', 'y63'): 16, ('y21', 'y40'): 4, ('y21', 'y41'): 8, ('y21', 'y42'): 16, ('y21', 'y43'): 32, ('y21', 'y50'): 4, ('y21', 'y51'): 8, ('y21', 'y52'): 16, ('y21', 'y53'): 32, ('y21', 'y60'): 4, ('y21', 'y61'): 8, ('y21', 'y62'): 16, ('y21', 'y63'): 32, ('y22', 'y40'): 8, ('y22', 'y41'): 16, ('y22', 'y42'): 32, ('y22', 'y43'): 64, ('y22', 'y50'): 8, ('y22', 'y51'): 16, ('y22', 'y52'): 32, ('y22', 'y53'): 64, ('y22', 'y60'): 8, ('y22', 'y61'): 16, ('y22', 'y62'): 32, ('y22', 'y63'): 64, ('y23', 'y40'): 16, ('y23', 'y41'): 32, ('y23', 'y42'): 64, ('y23', 'y43'): 128, ('y23', 'y50'): 16, ('y23', 'y51'): 32, ('y23', 'y52'): 64, ('y23', 'y53'): 128, ('y23', 'y60'): 16, ('y23', 'y61'): 32, ('y23', 'y62'): 64, ('y23', 'y63'): 128, ('y40', 'y50'): 2, ('y40', 'y51'): 4, ('y40', 'y52'): 8, ('y40', 'y53'): 16, ('y40', 'y60'): 2, ('y40', 'y61'): 4, ('y40', 'y62'): 8, ('y40', 'y63'): 16, ('y41', 'y50'): 4, ('y41', 'y51'): 8, ('y41', 'y52'): 16, ('y41', 'y53'): 32, ('y41', 'y60'): 4, ('y41', 'y61'): 8, ('y41', 'y62'): 16, ('y41', 'y63'): 32, ('y42', 'y50'): 8, ('y42', 'y51'): 16, ('y42', 'y52'): 32, ('y42', 'y53'): 64, ('y42', 'y60'): 8, ('y42', 'y61'): 16, ('y42', 'y62'): 32, ('y42', 'y63'): 64, ('y43', 'y50'): 16, ('y43', 'y51'): 32, ('y43', 'y52'): 64, ('y43', 'y53'): 128, ('y43', 'y60'): 16, ('y43', 'y61'): 32, ('y43', 'y62'): 64, ('y43', 'y63'): 128, ('y50', 'y60'): 2, ('y50', 'y61'): 4, ('y50', 'y62'): 8, ('y50', 'y63'): 16, ('y51', 'y60'): 4, ('y51', 'y61'): 8, ('y51', 'y62'): 16, ('y51', 'y63'): 32, ('y52', 'y60'): 8, ('y52', 'y61'): 16, ('y52', 'y62'): 32, ('y52', 'y63'): 64, ('y53', 'y60'): 16, ('y53', 'y61'): 32, ('y53', 'y62'): 64, ('y53', 'y63'): 128}",204,359.79999999966594,"{'y00': [1861, 1860, 3369], 'y01': [3384, 1876, 1875], 'y02': [1817, 1816], 'y03': [1531, 1530, 3294, 3293], 'y10': [3159, 3158, 1695, 3160], 'y11': [3143, 1785, 3145, 3144], 'y12': [3098, 3099], 'y13': [3113, 3114], 'y20': [1847, 1846, 3249], 'y21': [1771, 3309, 1770, 1772], 'y22': [3324, 1756, 1755, 3325], 'y23': [1787, 3339, 1652, 3414, 1651], 'y30': [1621, 3173, 1620], 'y31': [1605, 1606], 'y32': [1590, 1591], 'y33': [1636, 3203], 'y40': [3264, 3263, 3265, 1891], 'y41': [3218, 3219], 'y42': [1831, 1832, 3188, 3189], 'y43': [1710, 1711, 3038], 'y50': [1561, 3278, 3279, 3217], 'y51': [3175, 1786, 3174], 'y52': [3233, 3234, 1696], 'y53': [1681, 1680, 3355, 3354], 'y60': [1667, 3248, 1666, 3383], 'y61': [1726, 1725, 3053], 'y62': [1740, 1741, 1742, 3023], 'y63': [1801, 3129, 1802, 3128]}",395599.0000000007,"{'y00': [776, 259, 775], 'y01': [265, 800], 'y02': [241, 764], 'y03': [301, 300, 656], 'y10': [771, 349, 770], 'y11': [807, 806], 'y12': [794, 795, 379], 'y13': [783, 782, 373], 'y20': [739, 740, 193], 'y21': [752, 246, 247], 'y22': [270, 271, 716], 'y23': [288, 289], 'y30': [354, 729, 355], 'y31': [361, 753, 360], 'y32': [337, 336], 'y33': [343, 342], 'y40': [722, 723], 'y41': [312, 313, 675], 'y42': [680, 681, 258], 'y43': [378, 735, 734], 'y50': [306, 307, 704], 'y51': [277, 758, 788], 'y52': [253, 812], 'y53': [325, 728], 'y60': [295, 294, 759], 'y61': [746, 747, 229], 'y62': [319, 687, 318], 'y63': [331, 711, 330]}",241534.99999999895
36,"[[0, 0, 1, 1, 1], [0, 0, 0, 1, 1], [1, 0, 0, 1, 1], [1, 1, 1, 0, 1], [1, 1, 1, 1, 0]]",2,1,"{('y00', 'y00'): 0.0, ('y00', 'y01'): 8, ('y00', 'y02'): 16, ('y00', 'y10'): 2, ('y00', 'y11'): 4, ('y00', 'y12'): 8, ('y00', 'y20'): 2, ('y00', 'y21'): 4, ('y00', 'y22'): 8, ('y01', 'y01'): 4.0, ('y01', 'y02'): 32, ('y01', 'y10'): 4, ('y01', 'y11'): 8, ('y01', 'y12'): 16, ('y01', 'y20'): 4, ('y01', 'y21'): 8, ('y01', 'y22'): 16, ('y02', 'y02'): 24.0, ('y02', 'y10'): 8, ('y02', 'y11'): 16, ('y02', 'y12'): 32, ('y02', 'y20'): 8, ('y02', 'y21'): 16, ('y02', 'y22'): 32, ('y10', 'y10'): 0.0, ('y10', 'y11'): 8, ('y10', 'y12'): 16, ('y10', 'y20'): 2, ('y10', 'y21'): 4, ('y10', 'y22'): 8, ('y11', 'y11'): 4.0, ('y11', 'y12'): 32, ('y11', 'y20'): 4, ('y11', 'y21'): 8, ('y11', 'y22'): 16, ('y12', 'y12'): 24.0, ('y12', 'y20'): 8, ('y12', 'y21'): 16, ('y12', 'y22'): 32, ('y20', 'y20'): -2.0, ('y20', 'y21'): 8, ('y20', 'y22'): 16, ('y21', 'y21'): 0.0, ('y21', 'y22'): 32, ('y22', 'y22'): 16.0, ('y30', 'y30'): 0.0, ('y30', 'y31'): 8, ('y30', 'y32'): 16, ('y30', 'y40'): 2, ('y30', 'y41'): 4, ('y30', 'y42'): 8, ('y31', 'y31'): 4.0, ('y31', 'y32'): 32, ('y31', 'y40'): 4, ('y31', 'y41'): 8, ('y31', 'y42'): 16, ('y32', 'y32'): 24.0, ('y32', 'y40'): 8, ('y32', 'y41'): 16, ('y32', 'y42'): 32, ('y40', 'y40'): -2.0, ('y40', 'y41'): 8, ('y40', 'y42'): 16, ('y41', 'y41'): 0.0, ('y41', 'y42'): 32, ('y42', 'y42'): 16.0, ('y00', 'y50'): 2, ('y00', 'y51'): 4, ('y00', 'y52'): 8, ('y00', 'y60'): 2, ('y00', 'y61'): 4, ('y00', 'y62'): 8, ('y01', 'y50'): 4, ('y01', 'y51'): 8, ('y01', 'y52'): 16, ('y01', 'y60'): 4, ('y01', 'y61'): 8, ('y01', 'y62'): 16, ('y02', 'y50'): 8, ('y02', 'y51'): 16, ('y02', 'y52'): 32, ('y02', 'y60'): 8, ('y02', 'y61'): 16, ('y02', 'y62'): 32, ('y50', 'y50'): -2.0, ('y50', 'y51'): 8, ('y50', 'y52'): 16, ('y50', 'y60'): 2, ('y50', 'y61'): 4, ('y50', 'y62'): 8, ('y51', 'y51'): 0.0, ('y51', 'y52'): 32, ('y51', 'y60'): 4, ('y51', 'y61'): 8, ('y51', 'y62'): 16, ('y52', 'y52'): 16.0, ('y52', 'y60'): 8, ('y52', 'y61'): 16, ('y52', 'y62'): 32, ('y60', 'y60'): -4.0, ('y60', 'y61'): 8, ('y60', 'y62'): 16, ('y61', 'y61'): -4.0, ('y61', 'y62'): 32, ('y62', 'y62'): 8.0, ('y10', 'y30'): 2, ('y10', 'y31'): 4, ('y10', 'y32'): 8, ('y10', 'y50'): 2, ('y10', 'y51'): 4, ('y10', 'y52'): 8, ('y10', 'y70'): 2, ('y10', 'y71'): 4, ('y10', 'y72'): 8, ('y11', 'y30'): 4, ('y11', 'y31'): 8, ('y11', 'y32'): 16, ('y11', 'y50'): 4, ('y11', 'y51'): 8, ('y11', 'y52'): 16, ('y11', 'y70'): 4, ('y11', 'y71'): 8, ('y11', 'y72'): 16, ('y12', 'y30'): 8, ('y12', 'y31'): 16, ('y12', 'y32'): 32, ('y12', 'y50'): 8, ('y12', 'y51'): 16, ('y12', 'y52'): 32, ('y12', 'y70'): 8, ('y12', 'y71'): 16, ('y12', 'y72'): 32, ('y30', 'y50'): 2, ('y30', 'y51'): 4, ('y30', 'y52'): 8, ('y30', 'y70'): 2, ('y30', 'y71'): 4, ('y30', 'y72'): 8, ('y31', 'y50'): 4, ('y31', 'y51'): 8, ('y31', 'y52'): 16, ('y31', 'y70'): 4, ('y31', 'y71'): 8, ('y31', 'y72'): 16, ('y32', 'y50'): 8, ('y32', 'y51'): 16, ('y32', 'y52'): 32, ('y32', 'y70'): 8, ('y32', 'y71'): 16, ('y32', 'y72'): 32, ('y50', 'y70'): 2, ('y50', 'y71'): 4, ('y50', 'y72'): 8, ('y51', 'y70'): 4, ('y51', 'y71'): 8, ('y51', 'y72'): 16, ('y52', 'y70'): 8, ('y52', 'y71'): 16, ('y52', 'y72'): 32, ('y70', 'y70'): -4.0, ('y70', 'y71'): 8, ('y70', 'y72'): 16, ('y71', 'y71'): -4.0, ('y71', 'y72'): 32, ('y72', 'y72'): 8.0, ('y20', 'y40'): 2, ('y20', 'y41'): 4, ('y20', 'y42'): 8, ('y20', 'y60'): 2, ('y20', 'y61'): 4, ('y20', 'y62'): 8, ('y20', 'y70'): 2, ('y20', 'y71'): 4, ('y20', 'y72'): 8, ('y21', 'y40'): 4, ('y21', 'y41'): 8, ('y21', 'y42'): 16, ('y21', 'y60'): 4, ('y21', 'y61'): 8, ('y21', 'y62'): 16, ('y21', 'y70'): 4, ('y21', 'y71'): 8, ('y21', 'y72'): 16, ('y22', 'y40'): 8, ('y22', 'y41'): 16, ('y22', 'y42'): 32, ('y22', 'y60'): 8, ('y22', 'y61'): 16, ('y22', 'y62'): 32, ('y22', 'y70'): 8, ('y22', 'y71'): 16, ('y22', 'y72'): 32, ('y40', 'y60'): 2, ('y40', 'y61'): 4, ('y40', 'y62'): 8, ('y40', 'y70'): 2, ('y40', 'y71'): 4, ('y40', 'y72'): 8, ('y41', 'y60'): 4, ('y41', 'y61'): 8, ('y41', 'y62'): 16, ('y41', 'y70'): 4, ('y41', 'y71'): 8, ('y41', 'y72'): 16, ('y42', 'y60'): 8, ('y42', 'y61'): 16, ('y42', 'y62'): 32, ('y42', 'y70'): 8, ('y42', 'y71'): 16, ('y42', 'y72'): 32, ('y60', 'y70'): 2, ('y60', 'y71'): 4, ('y60', 'y72'): 8, ('y61', 'y70'): 4, ('y61', 'y71'): 8, ('y61', 'y72'): 16, ('y62', 'y70'): 8, ('y62', 'y71'): 16, ('y62', 'y72'): 32}",6,274.0000000002851,"{'y00': [1056, 1055], 'y01': [1040, 3965, 1041], 'y02': [4010, 1116], 'y10': [1131, 4085, 4084], 'y11': [4100, 1086, 4099, 4101], 'y12': [1146, 4190, 1145], 'y20': [4145, 4146], 'y21': [1101, 4040, 4130, 4131], 'y22': [4160, 4161], 'y30': [1206, 4206, 1205], 'y31': [1190, 3935, 3936, 1130], 'y32': [1220, 4011, 1221, 4221], 'y40': [1235, 1236, 4086], 'y41': [1175, 1176, 3966], 'y42': [1266, 1265, 1267], 'y50': [3949, 980, 3950, 1025], 'y51': [4055, 4056, 1160], 'y52': [3980, 3981, 1010], 'y60': [4026, 4025, 1281], 'y61': [4071, 1026, 4070], 'y62': [996, 995, 4175, 4176], 'y70': [1250, 4041, 1251, 3951], 'y71': [3995, 3996, 4072, 1296], 'y72': [1071, 4115, 4116, 1070]}",279384.0000000003,"{'y00': [489, 1025], 'y01': [514, 513, 1102], 'y02': [1055, 1054], 'y10': [519, 520, 1090], 'y11': [483, 484, 958], 'y12': [496, 495], 'y20': [544, 1061, 1067], 'y21': [1073, 1079, 508], 'y22': [568, 1097, 1103], 'y30': [1006, 1007, 591], 'y31': [983, 982], 'y32': [567, 965], 'y40': [531, 532], 'y41': [971, 597, 598], 'y42': [1013, 549], 'y50': [1001, 561], 'y51': [989, 501], 'y52': [977, 525], 'y60': [1031, 1030, 616], 'y61': [1037, 585, 1043], 'y62': [1018, 1019, 592], 'y70': [995, 994, 621, 622], 'y71': [573, 1049], 'y72': [555, 556, 941]}",128890.0000000126
37,"[[0, 0, 1, 1, 1], [0, 0, 0, 1, 1], [1, 0, 0, 1, 1], [1, 1, 1, 0, 1], [1, 1, 1, 1, 0]]",2,2,"{('y00', 'y00'): -6.0, ('y00', 'y01'): 8, ('y00', 'y02'): 16, ('y00', 'y10'): 2, ('y00', 'y11'): 4, ('y00', 'y12'): 8, ('y00', 'y20'): 2, ('y00', 'y21'): 4, ('y00', 'y22'): 8, ('y01', 'y01'): -8.0, ('y01', 'y02'): 32, ('y01', 'y10'): 4, ('y01', 'y11'): 8, ('y01', 'y12'): 16, ('y01', 'y20'): 4, ('y01', 'y21'): 8, ('y01', 'y22'): 16, ('y02', 'y02'): 0.0, ('y02', 'y10'): 8, ('y02', 'y11'): 16, ('y02', 'y12'): 32, ('y02', 'y20'): 8, ('y02', 'y21'): 16, ('y02', 'y22'): 32, ('y10', 'y10'): -8.0, ('y10', 'y11'): 8, ('y10', 'y12'): 16, ('y10', 'y20'): 2, ('y10', 'y21'): 4, ('y10', 'y22'): 8, ('y11', 'y11'): -12.0, ('y11', 'y12'): 32, ('y11', 'y20'): 4, ('y11', 'y21'): 8, ('y11', 'y22'): 16, ('y12', 'y12'): -8.0, ('y12', 'y20'): 8, ('y12', 'y21'): 16, ('y12', 'y22'): 32, ('y20', 'y20'): -12.0, ('y20', 'y21'): 8, ('y20', 'y22'): 16, ('y21', 'y21'): -20.0, ('y21', 'y22'): 32, ('y22', 'y22'): -24.0, ('y30', 'y30'): -6.0, ('y30', 'y31'): 8, ('y30', 'y32'): 16, ('y30', 'y40'): 2, ('y30', 'y41'): 4, ('y30', 'y42'): 8, ('y31', 'y31'): -8.0, ('y31', 'y32'): 32, ('y31', 'y40'): 4, ('y31', 'y41'): 8, ('y31', 'y42'): 16, ('y32', 'y32'): 0.0, ('y32', 'y40'): 8, ('y32', 'y41'): 16, ('y32', 'y42'): 32, ('y40', 'y40'): -10.0, ('y40', 'y41'): 8, ('y40', 'y42'): 16, ('y41', 'y41'): -16.0, ('y41', 'y42'): 32, ('y42', 'y42'): -16.0, ('y00', 'y50'): 2, ('y00', 'y51'): 4, ('y00', 'y52'): 8, ('y00', 'y60'): 2, ('y00', 'y61'): 4, ('y00', 'y62'): 8, ('y01', 'y50'): 4, ('y01', 'y51'): 8, ('y01', 'y52'): 16, ('y01', 'y60'): 4, ('y01', 'y61'): 8, ('y01', 'y62'): 16, ('y02', 'y50'): 8, ('y02', 'y51'): 16, ('y02', 'y52'): 32, ('y02', 'y60'): 8, ('y02', 'y61'): 16, ('y02', 'y62'): 32, ('y50', 'y50'): -12.0, ('y50', 'y51'): 8, ('y50', 'y52'): 16, ('y50', 'y60'): 2, ('y50', 'y61'): 4, ('y50', 'y62'): 8, ('y51', 'y51'): -20.0, ('y51', 'y52'): 32, ('y51', 'y60'): 4, ('y51', 'y61'): 8, ('y51', 'y62'): 16, ('y52', 'y52'): -24.0, ('y52', 'y60'): 8, ('y52', 'y61'): 16, ('y52', 'y62'): 32, ('y60', 'y60'): -16.0, ('y60', 'y61'): 8, ('y60', 'y62'): 16, ('y61', 'y61'): -28.0, ('y61', 'y62'): 32, ('y62', 'y62'): -40.0, ('y10', 'y30'): 2, ('y10', 'y31'): 4, ('y10', 'y32'): 8, ('y10', 'y50'): 2, ('y10', 'y51'): 4, ('y10', 'y52'): 8, ('y10', 'y70'): 2, ('y10', 'y71'): 4, ('y10', 'y72'): 8, ('y11', 'y30'): 4, ('y11', 'y31'): 8, ('y11', 'y32'): 16, ('y11', 'y50'): 4, ('y11', 'y51'): 8, ('y11', 'y52'): 16, ('y11', 'y70'): 4, ('y11', 'y71'): 8, ('y11', 'y72'): 16, ('y12', 'y30'): 8, ('y12', 'y31'): 16, ('y12', 'y32'): 32, ('y12', 'y50'): 8, ('y12', 'y51'): 16, ('y12', 'y52'): 32, ('y12', 'y70'): 8, ('y12', 'y71'): 16, ('y12', 'y72'): 32, ('y30', 'y50'): 2, ('y30', 'y51'): 4, ('y30', 'y52'): 8, ('y30', 'y70'): 2, ('y30', 'y71'): 4, ('y30', 'y72'): 8, ('y31', 'y50'): 4, ('y31', 'y51'): 8, ('y31', 'y52'): 16, ('y31', 'y70'): 4, ('y31', 'y71'): 8, ('y31', 'y72'): 16, ('y32', 'y50'): 8, ('y32', 'y51'): 16, ('y32', 'y52'): 32, ('y32', 'y70'): 8, ('y32', 'y71'): 16, ('y32', 'y72'): 32, ('y50', 'y70'): 2, ('y50', 'y71'): 4, ('y50', 'y72'): 8, ('y51', 'y70'): 4, ('y51', 'y71'): 8, ('y51', 'y72'): 16, ('y52', 'y70'): 8, ('y52', 'y71'): 16, ('y52', 'y72'): 32, ('y70', 'y70'): -18.0, ('y70', 'y71'): 8, ('y70', 'y72'): 16, ('y71', 'y71'): -32.0, ('y71', 'y72'): 32, ('y72', 'y72'): -48.0, ('y20', 'y40'): 2, ('y20', 'y41'): 4, ('y20', 'y42'): 8, ('y20', 'y60'): 2, ('y20', 'y61'): 4, ('y20', 'y62'): 8, ('y20', 'y70'): 2, ('y20', 'y71'): 4, ('y20', 'y72'): 8, ('y21', 'y40'): 4, ('y21', 'y41'): 8, ('y21', 'y42'): 16, ('y21', 'y60'): 4, ('y21', 'y61'): 8, ('y21', 'y62'): 16, ('y21', 'y70'): 4, ('y21', 'y71'): 8, ('y21', 'y72'): 16, ('y22', 'y40'): 8, ('y22', 'y41'): 16, ('y22', 'y42'): 32, ('y22', 'y60'): 8, ('y22', 'y61'): 16, ('y22', 'y62'): 32, ('y22', 'y70'): 8, ('y22', 'y71'): 16, ('y22', 'y72'): 32, ('y40', 'y60'): 2, ('y40', 'y61'): 4, ('y40', 'y62'): 8, ('y40', 'y70'): 2, ('y40', 'y71'): 4, ('y40', 'y72'): 8, ('y41', 'y60'): 4, ('y41', 'y61'): 8, ('y41', 'y62'): 16, ('y41', 'y70'): 4, ('y41', 'y71'): 8, ('y41', 'y72'): 16, ('y42', 'y60'): 8, ('y42', 'y61'): 16, ('y42', 'y62'): 32, ('y42', 'y70'): 8, ('y42', 'y71'): 16, ('y42', 'y72'): 32, ('y60', 'y70'): 2, ('y60', 'y71'): 4, ('y60', 'y72'): 8, ('y61', 'y70'): 4, ('y61', 'y71'): 8, ('y61', 'y72'): 16, ('y62', 'y70'): 8, ('y62', 'y71'): 16, ('y62', 'y72'): 32}",62,271.2,"{'y00': [3478, 2568], 'y01': [2493, 2492], 'y02': [2552, 3388, 3433, 2553], 'y10': [2432, 3448, 2537, 2433], 'y11': [2538, 2539, 3553], 'y12': [3462, 2597, 3463], 'y20': [2508, 2507, 3358], 'y21': [2523, 3493, 2522], 'y22': [2582, 3403, 3402, 2583], 'y30': [3627, 2358, 3628], 'y31': [3673, 2598, 3674], 'y32': [3703, 2403, 2402], 'y40': [3642, 3643, 2524, 2283], 'y41': [3612, 3613, 2298], 'y42': [2389, 2388, 2387], 'y50': [3567, 2643, 3568], 'y51': [2463, 3688, 2462], 'y52': [2448, 2447, 3658], 'y60': [2477, 3343, 2478], 'y61': [3524, 3522, 3523], 'y62': [3582, 2328, 3583], 'y70': [2373, 2372, 2374, 3552], 'y71': [3539, 2658, 3537, 3538], 'y72': [2417, 3508, 2418]}",345788.9999999999,"{'y00': [438, 439], 'y01': [772, 475], 'y02': [433, 434], 'y10': [832, 470, 831], 'y11': [362, 825, 826], 'y12': [789, 790, 379], 'y20': [850, 374, 849], 'y21': [736, 386, 385], 'y22': [451, 784], 'y30': [409, 410], 'y31': [843, 844], 'y32': [415, 414], 'y40': [796, 463], 'y41': [397, 765, 403], 'y42': [422, 729, 421], 'y50': [813, 355, 814], 'y51': [801, 367, 802], 'y52': [855, 331, 856], 'y60': [808, 427], 'y61': [457, 458, 724], 'y62': [861, 862], 'y70': [837, 343, 838], 'y71': [390, 391, 777], 'y72': [819, 820, 338]}",165955.9999999942
38,"[[0, 0, 1, 1, 1], [0, 0, 0, 1, 1], [1, 0, 0, 1, 1], [1, 1, 1, 0, 1], [1, 1, 1, 1, 0]]",2,3,"{('y00', 'y00'): -12.0, ('y00', 'y01'): 8, ('y00', 'y02'): 16, ('y00', 'y03'): 32, ('y00', 'y10'): 2, ('y00', 'y11'): 4, ('y00', 'y12'): 8, ('y00', 'y13'): 16, ('y00', 'y20'): 2, ('y00', 'y21'): 4, ('y00', 'y22'): 8, ('y00', 'y23'): 16, ('y01', 'y01'): -20.0, ('y01', 'y02'): 32, ('y01', 'y03'): 64, ('y01', 'y10'): 4, ('y01', 'y11'): 8, ('y01', 'y12'): 16, ('y01', 'y13'): 32, ('y01', 'y20'): 4, ('y01', 'y21'): 8, ('y01', 'y22'): 16, ('y01', 'y23'): 32, ('y02', 'y02'): -24.0, ('y02', 'y03'): 128, ('y02', 'y10'): 8, ('y02', 'y11'): 16, ('y02', 'y12'): 32, ('y02', 'y13'): 64, ('y02', 'y20'): 8, ('y02', 'y21'): 16, ('y02', 'y22'): 32, ('y02', 'y23'): 64, ('y03', 'y03'): 16.0, ('y03', 'y10'): 16, ('y03', 'y11'): 32, ('y03', 'y12'): 64, ('y03', 'y13'): 128, ('y03', 'y20'): 16, ('y03', 'y21'): 32, ('y03', 'y22'): 64, ('y03', 'y23'): 128, ('y10', 'y10'): -16.0, ('y10', 'y11'): 8, ('y10', 'y12'): 16, ('y10', 'y13'): 32, ('y10', 'y20'): 2, ('y10', 'y21'): 4, ('y10', 'y22'): 8, ('y10', 'y23'): 16, ('y11', 'y11'): -28.0, ('y11', 'y12'): 32, ('y11', 'y13'): 64, ('y11', 'y20'): 4, ('y11', 'y21'): 8, ('y11', 'y22'): 16, ('y11', 'y23'): 32, ('y12', 'y12'): -40.0, ('y12', 'y13'): 128, ('y12', 'y20'): 8, ('y12', 'y21'): 16, ('y12', 'y22'): 32, ('y12', 'y23'): 64, ('y13', 'y13'): -16.0, ('y13', 'y20'): 16, ('y13', 'y21'): 32, ('y13', 'y22'): 64, ('y13', 'y23'): 128, ('y20', 'y20'): -22.0, ('y20', 'y21'): 8, ('y20', 'y22'): 16, ('y20', 'y23'): 32, ('y21', 'y21'): -40.0, ('y21', 'y22'): 32, ('y21', 'y23'): 64, ('y22', 'y22'): -64.0, ('y22', 'y23'): 128, ('y23', 'y23'): -64.0, ('y30', 'y30'): -12.0, ('y30', 'y31'): 8, ('y30', 'y32'): 16, ('y30', 'y33'): 32, ('y30', 'y40'): 2, ('y30', 'y41'): 4, ('y30', 'y42'): 8, ('y30', 'y43'): 16, ('y31', 'y31'): -20.0, ('y31', 'y32'): 32, ('y31', 'y33'): 64, ('y31', 'y40'): 4, ('y31', 'y41'): 8, ('y31', 'y42'): 16, ('y31', 'y43'): 32, ('y32', 'y32'): -24.0, ('y32', 'y33'): 128, ('y32', 'y40'): 8, ('y32', 'y41'): 16, ('y32', 'y42'): 32, ('y32', 'y43'): 64, ('y33', 'y33'): 16.0, ('y33', 'y40'): 16, ('y33', 'y41'): 32, ('y33', 'y42'): 64, ('y33', 'y43'): 128, ('y40', 'y40'): -18.0, ('y40', 'y41'): 8, ('y40', 'y42'): 16, ('y40', 'y43'): 32, ('y41', 'y41'): -32.0, ('y41', 'y42'): 32, ('y41', 'y43'): 64, ('y42', 'y42'): -48.0, ('y42', 'y43'): 128, ('y43', 'y43'): -32.0, ('y00', 'y50'): 2, ('y00', 'y51'): 4, ('y00', 'y52'): 8, ('y00', 'y53'): 16, ('y00', 'y60'): 2, ('y00', 'y61'): 4, ('y00', 'y62'): 8, ('y00', 'y63'): 16, ('y01', 'y50'): 4, ('y01', 'y51'): 8, ('y01', 'y52'): 16, ('y01', 'y53'): 32, ('y01', 'y60'): 4, ('y01', 'y61'): 8, ('y01', 'y62'): 16, ('y01', 'y63'): 32, ('y02', 'y50'): 8, ('y02', 'y51'): 16, ('y02', 'y52'): 32, ('y02', 'y53'): 64, ('y02', 'y60'): 8, ('y02', 'y61'): 16, ('y02', 'y62'): 32, ('y02', 'y63'): 64, ('y03', 'y50'): 16, ('y03', 'y51'): 32, ('y03', 'y52'): 64, ('y03', 'y53'): 128, ('y03', 'y60'): 16, ('y03', 'y61'): 32, ('y03', 'y62'): 64, ('y03', 'y63'): 128, ('y50', 'y50'): -22.0, ('y50', 'y51'): 8, ('y50', 'y52'): 16, ('y50', 'y53'): 32, ('y50', 'y60'): 2, ('y50', 'y61'): 4, ('y50', 'y62'): 8, ('y50', 'y63'): 16, ('y51', 'y51'): -40.0, ('y51', 'y52'): 32, ('y51', 'y53'): 64, ('y51', 'y60'): 4, ('y51', 'y61'): 8, ('y51', 'y62'): 16, ('y51', 'y63'): 32, ('y52', 'y52'): -64.0, ('y52', 'y53'): 128, ('y52', 'y60'): 8, ('y52', 'y61'): 16, ('y52', 'y62'): 32, ('y52', 'y63'): 64, ('y53', 'y53'): -64.0, ('y53', 'y60'): 16, ('y53', 'y61'): 32, ('y53', 'y62'): 64, ('y53', 'y63'): 128, ('y60', 'y60'): -28.0, ('y60', 'y61'): 8, ('y60', 'y62'): 16, ('y60', 'y63'): 32, ('y61', 'y61'): -52.0, ('y61', 'y62'): 32, ('y61', 'y63'): 64, ('y62', 'y62'): -88.0, ('y62', 'y63'): 128, ('y63', 'y63'): -112.0, ('y10', 'y30'): 2, ('y10', 'y31'): 4, ('y10', 'y32'): 8, ('y10', 'y33'): 16, ('y10', 'y50'): 2, ('y10', 'y51'): 4, ('y10', 'y52'): 8, ('y10', 'y53'): 16, ('y10', 'y70'): 2, ('y10', 'y71'): 4, ('y10', 'y72'): 8, ('y10', 'y73'): 16, ('y11', 'y30'): 4, ('y11', 'y31'): 8, ('y11', 'y32'): 16, ('y11', 'y33'): 32, ('y11', 'y50'): 4, ('y11', 'y51'): 8, ('y11', 'y52'): 16, ('y11', 'y53'): 32, ('y11', 'y70'): 4, ('y11', 'y71'): 8, ('y11', 'y72'): 16, ('y11', 'y73'): 32, ('y12', 'y30'): 8, ('y12', 'y31'): 16, ('y12', 'y32'): 32, ('y12', 'y33'): 64, ('y12', 'y50'): 8, ('y12', 'y51'): 16, ('y12', 'y52'): 32, ('y12', 'y53'): 64, ('y12', 'y70'): 8, ('y12', 'y71'): 16, ('y12', 'y72'): 32, ('y12', 'y73'): 64, ('y13', 'y30'): 16, ('y13', 'y31'): 32, ('y13', 'y32'): 64, ('y13', 'y33'): 128, ('y13', 'y50'): 16, ('y13', 'y51'): 32, ('y13', 'y52'): 64, ('y13', 'y53'): 128, ('y13', 'y70'): 16, ('y13', 'y71'): 32, ('y13', 'y72'): 64, ('y13', 'y73'): 128, ('y30', 'y50'): 2, ('y30', 'y51'): 4, ('y30', 'y52'): 8, ('y30', 'y53'): 16, ('y30', 'y70'): 2, ('y30', 'y71'): 4, ('y30', 'y72'): 8, ('y30', 'y73'): 16, ('y31', 'y50'): 4, ('y31', 'y51'): 8, ('y31', 'y52'): 16, ('y31', 'y53'): 32, ('y31', 'y70'): 4, ('y31', 'y71'): 8, ('y31', 'y72'): 16, ('y31', 'y73'): 32, ('y32', 'y50'): 8, ('y32', 'y51'): 16, ('y32', 'y52'): 32, ('y32', 'y53'): 64, ('y32', 'y70'): 8, ('y32', 'y71'): 16, ('y32', 'y72'): 32, ('y32', 'y73'): 64, ('y33', 'y50'): 16, ('y33', 'y51'): 32, ('y33', 'y52'): 64, ('y33', 'y53'): 128, ('y33', 'y70'): 16, ('y33', 'y71'): 32, ('y33', 'y72'): 64, ('y33', 'y73'): 128, ('y50', 'y70'): 2, ('y50', 'y71'): 4, ('y50', 'y72'): 8, ('y50', 'y73'): 16, ('y51', 'y70'): 4, ('y51', 'y71'): 8, ('y51', 'y72'): 16, ('y51', 'y73'): 32, ('y52', 'y70'): 8, ('y52', 'y71'): 16, ('y52', 'y72'): 32, ('y52', 'y73'): 64, ('y53', 'y70'): 16, ('y53', 'y71'): 32, ('y53', 'y72'): 64, ('y53', 'y73'): 128, ('y70', 'y70'): -32.0, ('y70', 'y71'): 8, ('y70', 'y72'): 16, ('y70', 'y73'): 32, ('y71', 'y71'): -60.0, ('y71', 'y72'): 32, ('y71', 'y73'): 64, ('y72', 'y72'): -104.0, ('y72', 'y73'): 128, ('y73', 'y73'): -144.0, ('y20', 'y40'): 2, ('y20', 'y41'): 4, ('y20', 'y42'): 8, ('y20', 'y43'): 16, ('y20', 'y60'): 2, ('y20', 'y61'): 4, ('y20', 'y62'): 8, ('y20', 'y63'): 16, ('y20', 'y70'): 2, ('y20', 'y71'): 4, ('y20', 'y72'): 8, ('y20', 'y73'): 16, ('y21', 'y40'): 4, ('y21', 'y41'): 8, ('y21', 'y42'): 16, ('y21', 'y43'): 32, ('y21', 'y60'): 4, ('y21', 'y61'): 8, ('y21', 'y62'): 16, ('y21', 'y63'): 32, ('y21', 'y70'): 4, ('y21', 'y71'): 8, ('y21', 'y72'): 16, ('y21', 'y73'): 32, ('y22', 'y40'): 8, ('y22', 'y41'): 16, ('y22', 'y42'): 32, ('y22', 'y43'): 64, ('y22', 'y60'): 8, ('y22', 'y61'): 16, ('y22', 'y62'): 32, ('y22', 'y63'): 64, ('y22', 'y70'): 8, ('y22', 'y71'): 16, ('y22', 'y72'): 32, ('y22', 'y73'): 64, ('y23', 'y40'): 16, ('y23', 'y41'): 32, ('y23', 'y42'): 64, ('y23', 'y43'): 128, ('y23', 'y60'): 16, ('y23', 'y61'): 32, ('y23', 'y62'): 64, ('y23', 'y63'): 128, ('y23', 'y70'): 16, ('y23', 'y71'): 32, ('y23', 'y72'): 64, ('y23', 'y73'): 128, ('y40', 'y60'): 2, ('y40', 'y61'): 4, ('y40', 'y62'): 8, ('y40', 'y63'): 16, ('y40', 'y70'): 2, ('y40', 'y71'): 4, ('y40', 'y72'): 8, ('y40', 'y73'): 16, ('y41', 'y60'): 4, ('y41', 'y61'): 8, ('y41', 'y62'): 16, ('y41', 'y63'): 32, ('y41', 'y70'): 4, ('y41', 'y71'): 8, ('y41', 'y72'): 16, ('y41', 'y73'): 32, ('y42', 'y60'): 8, ('y42', 'y61'): 16, ('y42', 'y62'): 32, ('y42', 'y63'): 64, ('y42', 'y70'): 8, ('y42', 'y71'): 16, ('y42', 'y72'): 32, ('y42', 'y73'): 64, ('y43', 'y60'): 16, ('y43', 'y61'): 32, ('y43', 'y62'): 64, ('y43', 'y63'): 128, ('y43', 'y70'): 16, ('y43', 'y71'): 32, ('y43', 'y72'): 64, ('y43', 'y73'): 128, ('y60', 'y70'): 2, ('y60', 'y71'): 4, ('y60', 'y72'): 8, ('y60', 'y73'): 16, ('y61', 'y70'): 4, ('y61', 'y71'): 8, ('y61', 'y72'): 16, ('y61', 'y73'): 32, ('y62', 'y70'): 8, ('y62', 'y71'): 16, ('y62', 'y72'): 32, ('y62', 'y73'): 64, ('y63', 'y70'): 16, ('y63', 'y71'): 32, ('y63', 'y72'): 64, ('y63', 'y73'): 128}",178,390.99999999976376,"{'y00': [5215, 5214, 2067], 'y01': [5229, 5230], 'y02': [5200, 5199, 2052], 'y03': [1872, 5335, 5334], 'y10': [1797, 1796, 5184, 1798], 'y11': [5110, 2008, 1901, 2007], 'y12': [5274, 1767, 5275, 1766], 'y13': [1858, 1857, 5394, 1856], 'y20': [5155, 5154, 1977, 1978], 'y21': [1842, 5243, 5244], 'y22': [1812, 1813, 5109], 'y23': [5259, 5258, 1752, 5260], 'y30': [5019, 5020, 5018, 1781], 'y31': [5093, 5094, 5095], 'y32': [5050, 5048, 5049, 1871], 'y33': [5064, 1751, 5065, 5063], 'y40': [1691, 5273, 1692], 'y41': [1721, 1722, 5183], 'y42': [1737, 1736, 5348], 'y43': [1662, 1661, 1663], 'y50': [1932, 1931, 1933, 5379], 'y51': [5079, 1827, 1828, 5080, 5078], 'y52': [1947, 1946, 1948], 'y53': [1917, 5349, 1916], 'y60': [5305, 5304, 1782], 'y61': [1843, 5289, 1962, 5290], 'y62': [1902, 5364, 5363, 5245, 2037], 'y63': [1887, 5320, 1886, 5319], 'y70': [1992, 5125, 1993, 5124], 'y71': [5034, 1706, 1707, 5033], 'y72': [5170, 5168, 5169, 2051], 'y73': [5140, 5139, 5141, 2066]}",1149314.9999999995,"{'y00': [500, 1049, 501], 'y01': [922, 471, 923], 'y02': [512, 886, 513, 1001], 'y03': [507, 953], 'y10': [536, 989, 531], 'y11': [947, 946, 615], 'y12': [970, 971, 603], 'y13': [934, 447, 935], 'y20': [495, 496, 494, 1006], 'y21': [488, 489], 'y22': [525, 1013, 524], 'y23': [482, 484, 483], 'y30': [585, 875, 584], 'y31': [591, 959, 592], 'y32': [620, 911, 621], 'y33': [596, 887, 597], 'y40': [1042, 460, 1043], 'y41': [1031, 1030, 568], 'y42': [1054, 1055, 448], 'y43': [1018, 1019], 'y50': [549, 548], 'y51': [566, 567, 869], 'y52': [995, 994, 435], 'y53': [982, 983, 579], 'y60': [964, 965, 465, 464], 'y61': [543, 544, 542, 929], 'y62': [476, 916, 917, 477], 'y63': [519, 977, 520, 518], 'y70': [555, 941, 556, 554], 'y71': [608, 609, 899, 898], 'y72': [572, 573, 881], 'y73': [561, 560, 1037]}",603557.9999999924
39,"[[0, 0, 1, 1, 1], [0, 0, 1, 1, 1], [1, 1, 0, 0, 1], [1, 1, 0, 0, 0], [1, 1, 1, 0, 0]]",2,1,"{('y00', 'y00'): -2.0, ('y00', 'y01'): 8, ('y00', 'y02'): 16, ('y00', 'y10'): 2, ('y00', 'y11'): 4, ('y00', 'y12'): 8, ('y00', 'y20'): 2, ('y00', 'y21'): 4, ('y00', 'y22'): 8, ('y01', 'y01'): 0.0, ('y01', 'y02'): 32, ('y01', 'y10'): 4, ('y01', 'y11'): 8, ('y01', 'y12'): 16, ('y01', 'y20'): 4, ('y01', 'y21'): 8, ('y01', 'y22'): 16, ('y02', 'y02'): 16.0, ('y02', 'y10'): 8, ('y02', 'y11'): 16, ('y02', 'y12'): 32, ('y02', 'y20'): 8, ('y02', 'y21'): 16, ('y02', 'y22'): 32, ('y10', 'y10'): 2.0, ('y10', 'y11'): 8, ('y10', 'y12'): 16, ('y10', 'y20'): 2, ('y10', 'y21'): 4, ('y10', 'y22'): 8, ('y11', 'y11'): 8.0, ('y11', 'y12'): 32, ('y11', 'y20'): 4, ('y11', 'y21'): 8, ('y11', 'y22'): 16, ('y12', 'y12'): 32.0, ('y12', 'y20'): 8, ('y12', 'y21'): 16, ('y12', 'y22'): 32, ('y20', 'y20'): -4.0, ('y20', 'y21'): 8, ('y20', 'y22'): 16, ('y21', 'y21'): -4.0, ('y21', 'y22'): 32, ('y22', 'y22'): 8.0, ('y30', 'y30'): -4.0, ('y30', 'y31'): 8, ('y30', 'y32'): 16, ('y30', 'y40'): 2, ('y30', 'y41'): 4, ('y30', 'y42'): 8, ('y30', 'y50'): 2, ('y30', 'y51'): 4, ('y30', 'y52'): 8, ('y31', 'y31'): -4.0, ('y31', 'y32'): 32, ('y31', 'y40'): 4, ('y31', 'y41'): 8, ('y31', 'y42'): 16, ('y31', 'y50'): 4, ('y31', 'y51'): 8, ('y31', 'y52'): 16, ('y32', 'y32'): 8.0, ('y32', 'y40'): 8, ('y32', 'y41'): 16, ('y32', 'y42'): 32, ('y32', 'y50'): 8, ('y32', 'y51'): 16, ('y32', 'y52'): 32, ('y40', 'y40'): 0.0, ('y40', 'y41'): 8, ('y40', 'y42'): 16, ('y40', 'y50'): 2, ('y40', 'y51'): 4, ('y40', 'y52'): 8, ('y41', 'y41'): 4.0, ('y41', 'y42'): 32, ('y41', 'y50'): 4, ('y41', 'y51'): 8, ('y41', 'y52'): 16, ('y42', 'y42'): 24.0, ('y42', 'y50'): 8, ('y42', 'y51'): 16, ('y42', 'y52'): 32, ('y50', 'y50'): -6.0, ('y50', 'y51'): 8, ('y50', 'y52'): 16, ('y51', 'y51'): -8.0, ('y51', 'y52'): 32, ('y52', 'y52'): 0.0, ('y00', 'y30'): 2, ('y00', 'y31'): 4, ('y00', 'y32'): 8, ('y00', 'y60'): 2, ('y00', 'y61'): 4, ('y00', 'y62'): 8, ('y01', 'y30'): 4, ('y01', 'y31'): 8, ('y01', 'y32'): 16, ('y01', 'y60'): 4, ('y01', 'y61'): 8, ('y01', 'y62'): 16, ('y02', 'y30'): 8, ('y02', 'y31'): 16, ('y02', 'y32'): 32, ('y02', 'y60'): 8, ('y02', 'y61'): 16, ('y02', 'y62'): 32, ('y30', 'y60'): 2, ('y30', 'y61'): 4, ('y30', 'y62'): 8, ('y31', 'y60'): 4, ('y31', 'y61'): 8, ('y31', 'y62'): 16, ('y32', 'y60'): 8, ('y32', 'y61'): 16, ('y32', 'y62'): 32, ('y60', 'y60'): -8.0, ('y60', 'y61'): 8, ('y60', 'y62'): 16, ('y61', 'y61'): -12.0, ('y61', 'y62'): 32, ('y62', 'y62'): -8.0, ('y10', 'y40'): 2, ('y10', 'y41'): 4, ('y10', 'y42'): 8, ('y11', 'y40'): 4, ('y11', 'y41'): 8, ('y11', 'y42'): 16, ('y12', 'y40'): 8, ('y12', 'y41'): 16, ('y12', 'y42'): 32, ('y20', 'y50'): 2, ('y20', 'y51'): 4, ('y20', 'y52'): 8, ('y20', 'y60'): 2, ('y20', 'y61'): 4, ('y20', 'y62'): 8, ('y21', 'y50'): 4, ('y21', 'y51'): 8, ('y21', 'y52'): 16, ('y21', 'y60'): 4, ('y21', 'y61'): 8, ('y21', 'y62'): 16, ('y22', 'y50'): 8, ('y22', 'y51'): 16, ('y22', 'y52'): 32, ('y22', 'y60'): 8, ('y22', 'y61'): 16, ('y22', 'y62'): 32, ('y50', 'y60'): 2, ('y50', 'y61'): 4, ('y50', 'y62'): 8, ('y51', 'y60'): 4, ('y51', 'y61'): 8, ('y51', 'y62'): 16, ('y52', 'y60'): 8, ('y52', 'y61'): 16, ('y52', 'y62'): 32}",14,210.20000000007144,"{'y00': [5151, 5152], 'y01': [5165, 5166, 1122], 'y02': [1137, 5180, 5181], 'y10': [1391, 1392], 'y11': [1407, 1406], 'y12': [5137, 1317, 1316], 'y20': [5226, 1287, 5227], 'y21': [5196, 1272], 'y22': [5242, 5241, 1212], 'y30': [1196, 5046], 'y31': [5121, 1467, 5122], 'y32': [1361, 5031, 5030], 'y40': [1346, 5016], 'y41': [5061, 5062, 1211], 'y42': [5076, 5077], 'y50': [1256, 1257], 'y51': [1331, 5271, 1332], 'y52': [1302, 5091, 1301], 'y60': [5106, 1226, 1227], 'y61': [1242, 1241, 5211], 'y62': [5136, 1181, 1182]}",176762.0000000001,"{'y00': [329, 1124], 'y01': [1184, 269], 'y02': [262, 263], 'y10': [1131, 1130], 'y11': [1107, 233, 1106], 'y12': [1136, 1135], 'y20': [1166, 257], 'y21': [1196, 293], 'y22': [1160, 317], 'y30': [1112, 298], 'y31': [1119, 1172, 305], 'y32': [1148], 'y40': [310, 1100], 'y41': [322, 1088], 'y42': [1076, 334], 'y50': [1142, 1143], 'y51': [274, 275, 1094], 'y52': [287, 286], 'y60': [245, 1178], 'y61': [251, 1190, 250], 'y62': [281, 1154]}",119817.99999998088
40,"[[0, 0, 1, 1, 1], [0, 0, 1, 1, 1], [1, 1, 0, 0, 1], [1, 1, 0, 0, 0], [1, 1, 1, 0, 0]]",2,2,"{('y00', 'y00'): -10.0, ('y00', 'y01'): 8, ('y00', 'y02'): 16, ('y00', 'y10'): 2, ('y00', 'y11'): 4, ('y00', 'y12'): 8, ('y00', 'y20'): 2, ('y00', 'y21'): 4, ('y00', 'y22'): 8, ('y01', 'y01'): -16.0, ('y01', 'y02'): 32, ('y01', 'y10'): 4, ('y01', 'y11'): 8, ('y01', 'y12'): 16, ('y01', 'y20'): 4, ('y01', 'y21'): 8, ('y01', 'y22'): 16, ('y02', 'y02'): -16.0, ('y02', 'y10'): 8, ('y02', 'y11'): 16, ('y02', 'y12'): 32, ('y02', 'y20'): 8, ('y02', 'y21'): 16, ('y02', 'y22'): 32, ('y10', 'y10'): 0.0, ('y10', 'y11'): 8, ('y10', 'y12'): 16, ('y10', 'y20'): 2, ('y10', 'y21'): 4, ('y10', 'y22'): 8, ('y11', 'y11'): 4.0, ('y11', 'y12'): 32, ('y11', 'y20'): 4, ('y11', 'y21'): 8, ('y11', 'y22'): 16, ('y12', 'y12'): 24.0, ('y12', 'y20'): 8, ('y12', 'y21'): 16, ('y12', 'y22'): 32, ('y20', 'y20'): -14.0, ('y20', 'y21'): 8, ('y20', 'y22'): 16, ('y21', 'y21'): -24.0, ('y21', 'y22'): 32, ('y22', 'y22'): -32.0, ('y30', 'y30'): -14.0, ('y30', 'y31'): 8, ('y30', 'y32'): 16, ('y30', 'y40'): 2, ('y30', 'y41'): 4, ('y30', 'y42'): 8, ('y30', 'y50'): 2, ('y30', 'y51'): 4, ('y30', 'y52'): 8, ('y31', 'y31'): -24.0, ('y31', 'y32'): 32, ('y31', 'y40'): 4, ('y31', 'y41'): 8, ('y31', 'y42'): 16, ('y31', 'y50'): 4, ('y31', 'y51'): 8, ('y31', 'y52'): 16, ('y32', 'y32'): -32.0, ('y32', 'y40'): 8, ('y32', 'y41'): 16, ('y32', 'y42'): 32, ('y32', 'y50'): 8, ('y32', 'y51'): 16, ('y32', 'y52'): 32, ('y40', 'y40'): -4.0, ('y40', 'y41'): 8, ('y40', 'y42'): 16, ('y40', 'y50'): 2, ('y40', 'y51'): 4, ('y40', 'y52'): 8, ('y41', 'y41'): -4.0, ('y41', 'y42'): 32, ('y41', 'y50'): 4, ('y41', 'y51'): 8, ('y41', 'y52'): 16, ('y42', 'y42'): 8.0, ('y42', 'y50'): 8, ('y42', 'y51'): 16, ('y42', 'y52'): 32, ('y50', 'y50'): -18.0, ('y50', 'y51'): 8, ('y50', 'y52'): 16, ('y51', 'y51'): -32.0, ('y51', 'y52'): 32, ('y52', 'y52'): -48.0, ('y00', 'y30'): 2, ('y00', 'y31'): 4, ('y00', 'y32'): 8, ('y00', 'y60'): 2, ('y00', 'y61'): 4, ('y00', 'y62'): 8, ('y01', 'y30'): 4, ('y01', 'y31'): 8, ('y01', 'y32'): 16, ('y01', 'y60'): 4, ('y01', 'y61'): 8, ('y01', 'y62'): 16, ('y02', 'y30'): 8, ('y02', 'y31'): 16, ('y02', 'y32'): 32, ('y02', 'y60'): 8, ('y02', 'y61'): 16, ('y02', 'y62'): 32, ('y30', 'y60'): 2, ('y30', 'y61'): 4, ('y30', 'y62'): 8, ('y31', 'y60'): 4, ('y31', 'y61'): 8, ('y31', 'y62'): 16, ('y32', 'y60'): 8, ('y32', 'y61'): 16, ('y32', 'y62'): 32, ('y60', 'y60'): -22.0, ('y60', 'y61'): 8, ('y60', 'y62'): 16, ('y61', 'y61'): -40.0, ('y61', 'y62'): 32, ('y62', 'y62'): -64.0, ('y10', 'y40'): 2, ('y10', 'y41'): 4, ('y10', 'y42'): 8, ('y11', 'y40'): 4, ('y11', 'y41'): 8, ('y11', 'y42'): 16, ('y12', 'y40'): 8, ('y12', 'y41'): 16, ('y12', 'y42'): 32, ('y20', 'y50'): 2, ('y20', 'y51'): 4, ('y20', 'y52'): 8, ('y20', 'y60'): 2, ('y20', 'y61'): 4, ('y20', 'y62'): 8, ('y21', 'y50'): 4, ('y21', 'y51'): 8, ('y21', 'y52'): 16, ('y21', 'y60'): 4, ('y21', 'y61'): 8, ('y21', 'y62'): 16, ('y22', 'y50'): 8, ('y22', 'y51'): 16, ('y22', 'y52'): 32, ('y22', 'y60'): 8, ('y22', 'y61'): 16, ('y22', 'y62'): 32, ('y50', 'y60'): 2, ('y50', 'y61'): 4, ('y50', 'y62'): 8, ('y51', 'y60'): 4, ('y51', 'y61'): 8, ('y51', 'y62'): 16, ('y52', 'y60'): 8, ('y52', 'y61'): 16, ('y52', 'y62'): 32}",84,210.0000000002211,"{'y00': [3451, 437, 438], 'y01': [3512, 498, 499], 'y02': [408, 409], 'y10': [3526, 303, 3527], 'y11': [3616, 3617], 'y12': [3602, 3601], 'y20': [3662, 513], 'y21': [544, 543, 3707], 'y22': [3541, 483, 484], 'y30': [3632, 3631], 'y31': [3721, 3720, 364], 'y32': [3661, 333, 3586], 'y40': [272, 273], 'y41': [3585, 288], 'y42': [379, 378, 3691], 'y50': [3676, 318, 3677], 'y51': [468, 3570, 3571], 'y52': [3646, 3647], 'y60': [3736, 453], 'y61': [3692, 423], 'y62': [394, 393]}",175159.99999999997,"{'y00': [419, 1221, 418], 'y01': [407, 1209, 406], 'y02': [1125, 353], 'y10': [1167, 359], 'y11': [383, 382], 'y12': [1179, 347, 293], 'y20': [371, 1185], 'y21': [1197, 431], 'y22': [1161], 'y30': [1113, 1112], 'y31': [425, 1137], 'y32': [1107, 1108], 'y40': [377], 'y41': [1143, 358], 'y42': [341, 1191], 'y50': [413, 1149], 'y51': [1155, 1156, 329], 'y52': [1173, 365], 'y60': [395, 394], 'y61': [1144, 389], 'y62': [401, 1192]}",73575.00000000527
41,"[[0, 0, 1, 1, 1], [0, 0, 1, 1, 1], [1, 1, 0, 0, 1], [1, 1, 0, 0, 0], [1, 1, 1, 0, 0]]",2,3,"{('y00', 'y00'): -18.0, ('y00', 'y01'): 8, ('y00', 'y02'): 16, ('y00', 'y03'): 32, ('y00', 'y10'): 2, ('y00', 'y11'): 4, ('y00', 'y12'): 8, ('y00', 'y13'): 16, ('y00', 'y20'): 2, ('y00', 'y21'): 4, ('y00', 'y22'): 8, ('y00', 'y23'): 16, ('y01', 'y01'): -32.0, ('y01', 'y02'): 32, ('y01', 'y03'): 64, ('y01', 'y10'): 4, ('y01', 'y11'): 8, ('y01', 'y12'): 16, ('y01', 'y13'): 32, ('y01', 'y20'): 4, ('y01', 'y21'): 8, ('y01', 'y22'): 16, ('y01', 'y23'): 32, ('y02', 'y02'): -48.0, ('y02', 'y03'): 128, ('y02', 'y10'): 8, ('y02', 'y11'): 16, ('y02', 'y12'): 32, ('y02', 'y13'): 64, ('y02', 'y20'): 8, ('y02', 'y21'): 16, ('y02', 'y22'): 32, ('y02', 'y23'): 64, ('y03', 'y03'): -32.0, ('y03', 'y10'): 16, ('y03', 'y11'): 32, ('y03', 'y12'): 64, ('y03', 'y13'): 128, ('y03', 'y20'): 16, ('y03', 'y21'): 32, ('y03', 'y22'): 64, ('y03', 'y23'): 128, ('y10', 'y10'): -2.0, ('y10', 'y11'): 8, ('y10', 'y12'): 16, ('y10', 'y13'): 32, ('y10', 'y20'): 2, ('y10', 'y21'): 4, ('y10', 'y22'): 8, ('y10', 'y23'): 16, ('y11', 'y11'): 0.0, ('y11', 'y12'): 32, ('y11', 'y13'): 64, ('y11', 'y20'): 4, ('y11', 'y21'): 8, ('y11', 'y22'): 16, ('y11', 'y23'): 32, ('y12', 'y12'): 16.0, ('y12', 'y13'): 128, ('y12', 'y20'): 8, ('y12', 'y21'): 16, ('y12', 'y22'): 32, ('y12', 'y23'): 64, ('y13', 'y13'): 96.0, ('y13', 'y20'): 16, ('y13', 'y21'): 32, ('y13', 'y22'): 64, ('y13', 'y23'): 128, ('y20', 'y20'): -24.0, ('y20', 'y21'): 8, ('y20', 'y22'): 16, ('y20', 'y23'): 32, ('y21', 'y21'): -44.0, ('y21', 'y22'): 32, ('y21', 'y23'): 64, ('y22', 'y22'): -72.0, ('y22', 'y23'): 128, ('y23', 'y23'): -80.0, ('y30', 'y30'): -24.0, ('y30', 'y31'): 8, ('y30', 'y32'): 16, ('y30', 'y33'): 32, ('y30', 'y40'): 2, ('y30', 'y41'): 4, ('y30', 'y42'): 8, ('y30', 'y43'): 16, ('y30', 'y50'): 2, ('y30', 'y51'): 4, ('y30', 'y52'): 8, ('y30', 'y53'): 16, ('y31', 'y31'): -44.0, ('y31', 'y32'): 32, ('y31', 'y33'): 64, ('y31', 'y40'): 4, ('y31', 'y41'): 8, ('y31', 'y42'): 16, ('y31', 'y43'): 32, ('y31', 'y50'): 4, ('y31', 'y51'): 8, ('y31', 'y52'): 16, ('y31', 'y53'): 32, ('y32', 'y32'): -72.0, ('y32', 'y33'): 128, ('y32', 'y40'): 8, ('y32', 'y41'): 16, ('y32', 'y42'): 32, ('y32', 'y43'): 64, ('y32', 'y50'): 8, ('y32', 'y51'): 16, ('y32', 'y52'): 32, ('y32', 'y53'): 64, ('y33', 'y33'): -80.0, ('y33', 'y40'): 16, ('y33', 'y41'): 32, ('y33', 'y42'): 64, ('y33', 'y43'): 128, ('y33', 'y50'): 16, ('y33', 'y51'): 32, ('y33', 'y52'): 64, ('y33', 'y53'): 128, ('y40', 'y40'): -8.0, ('y40', 'y41'): 8, ('y40', 'y42'): 16, ('y40', 'y43'): 32, ('y40', 'y50'): 2, ('y40', 'y51'): 4, ('y40', 'y52'): 8, ('y40', 'y53'): 16, ('y41', 'y41'): -12.0, ('y41', 'y42'): 32, ('y41', 'y43'): 64, ('y41', 'y50'): 4, ('y41', 'y51'): 8, ('y41', 'y52'): 16, ('y41', 'y53'): 32, ('y42', 'y42'): -8.0, ('y42', 'y43'): 128, ('y42', 'y50'): 8, ('y42', 'y51'): 16, ('y42', 'y52'): 32, ('y42', 'y53'): 64, ('y43', 'y43'): 48.0, ('y43', 'y50'): 16, ('y43', 'y51'): 32, ('y43', 'y52'): 64, ('y43', 'y53'): 128, ('y50', 'y50'): -30.0, ('y50', 'y51'): 8, ('y50', 'y52'): 16, ('y50', 'y53'): 32, ('y51', 'y51'): -56.0, ('y51', 'y52'): 32, ('y51', 'y53'): 64, ('y52', 'y52'): -96.0, ('y52', 'y53'): 128, ('y53', 'y53'): -128.0, ('y00', 'y30'): 2, ('y00', 'y31'): 4, ('y00', 'y32'): 8, ('y00', 'y33'): 16, ('y00', 'y60'): 2, ('y00', 'y61'): 4, ('y00', 'y62'): 8, ('y00', 'y63'): 16, ('y01', 'y30'): 4, ('y01', 'y31'): 8, ('y01', 'y32'): 16, ('y01', 'y33'): 32, ('y01', 'y60'): 4, ('y01', 'y61'): 8, ('y01', 'y62'): 16, ('y01', 'y63'): 32, ('y02', 'y30'): 8, ('y02', 'y31'): 16, ('y02', 'y32'): 32, ('y02', 'y33'): 64, ('y02', 'y60'): 8, ('y02', 'y61'): 16, ('y02', 'y62'): 32, ('y02', 'y63'): 64, ('y03', 'y30'): 16, ('y03', 'y31'): 32, ('y03', 'y32'): 64, ('y03', 'y33'): 128, ('y03', 'y60'): 16, ('y03', 'y61'): 32, ('y03', 'y62'): 64, ('y03', 'y63'): 128, ('y30', 'y60'): 2, ('y30', 'y61'): 4, ('y30', 'y62'): 8, ('y30', 'y63'): 16, ('y31', 'y60'): 4, ('y31', 'y61'): 8, ('y31', 'y62'): 16, ('y31', 'y63'): 32, ('y32', 'y60'): 8, ('y32', 'y61'): 16, ('y32', 'y62'): 32, ('y32', 'y63'): 64, ('y33', 'y60'): 16, ('y33', 'y61'): 32, ('y33', 'y62'): 64, ('y33', 'y63'): 128, ('y60', 'y60'): -36.0, ('y60', 'y61'): 8, ('y60', 'y62'): 16, ('y60', 'y63'): 32, ('y61', 'y61'): -68.0, ('y61', 'y62'): 32, ('y61', 'y63'): 64, ('y62', 'y62'): -120.0, ('y62', 'y63'): 128, ('y63', 'y63'): -176.0, ('y10', 'y40'): 2, ('y10', 'y41'): 4, ('y10', 'y42'): 8, ('y10', 'y43'): 16, ('y11', 'y40'): 4, ('y11', 'y41'): 8, ('y11', 'y42'): 16, ('y11', 'y43'): 32, ('y12', 'y40'): 8, ('y12', 'y41'): 16, ('y12', 'y42'): 32, ('y12', 'y43'): 64, ('y13', 'y40'): 16, ('y13', 'y41'): 32, ('y13', 'y42'): 64, ('y13', 'y43'): 128, ('y20', 'y50'): 2, ('y20', 'y51'): 4, ('y20', 'y52'): 8, ('y20', 'y53'): 16, ('y20', 'y60'): 2, ('y20', 'y61'): 4, ('y20', 'y62'): 8, ('y20', 'y63'): 16, ('y21', 'y50'): 4, ('y21', 'y51'): 8, ('y21', 'y52'): 16, ('y21', 'y53'): 32, ('y21', 'y60'): 4, ('y21', 'y61'): 8, ('y21', 'y62'): 16, ('y21', 'y63'): 32, ('y22', 'y50'): 8, ('y22', 'y51'): 16, ('y22', 'y52'): 32, ('y22', 'y53'): 64, ('y22', 'y60'): 8, ('y22', 'y61'): 16, ('y22', 'y62'): 32, ('y22', 'y63'): 64, ('y23', 'y50'): 16, ('y23', 'y51'): 32, ('y23', 'y52'): 64, ('y23', 'y53'): 128, ('y23', 'y60'): 16, ('y23', 'y61'): 32, ('y23', 'y62'): 64, ('y23', 'y63'): 128, ('y50', 'y60'): 2, ('y50', 'y61'): 4, ('y50', 'y62'): 8, ('y50', 'y63'): 16, ('y51', 'y60'): 4, ('y51', 'y61'): 8, ('y51', 'y62'): 16, ('y51', 'y63'): 32, ('y52', 'y60'): 8, ('y52', 'y61'): 16, ('y52', 'y62'): 32, ('y52', 'y63'): 64, ('y53', 'y60'): 16, ('y53', 'y61'): 32, ('y53', 'y62'): 64, ('y53', 'y63'): 128}",214,292.5999999998652,"{'y00': [3091, 420, 421], 'y01': [345, 3016, 346], 'y02': [315, 3136, 316], 'y03': [3167, 3166, 465, 406], 'y10': [3151, 270], 'y11': [3031, 3030], 'y12': [3045, 3046], 'y13': [3060, 435, 3061], 'y20': [331, 332, 3181, 330], 'y21': [361, 362, 360], 'y22': [376, 375, 377], 'y23': [301, 3256, 300], 'y30': [3211, 3210, 451], 'y31': [3195, 496, 3196, 497], 'y32': [3271, 3270, 407, 3272], 'y33': [3226, 466, 3225], 'y40': [256, 255, 3255], 'y41': [241, 240, 3285], 'y42': [211, 212, 210], 'y43': [226, 227, 225], 'y50': [3376, 3375, 436], 'y51': [3347, 3346, 557, 302], 'y52': [3332, 271, 3331], 'y53': [3316, 3317], 'y60': [3241, 391, 392], 'y61': [285, 286, 3106], 'y62': [3302, 3301, 481], 'y63': [3286, 526, 3287]}",386186.9999999996,"{'y00': [474, 475], 'y01': [439, 438, 712], 'y02': [450, 748, 451], 'y03': [736, 457, 456], 'y10': [791, 790], 'y11': [785, 784], 'y12': [797, 796, 511], 'y13': [505, 773, 802], 'y20': [814, 463, 481], 'y21': [516, 718, 517], 'y22': [469, 468], 'y23': [432, 760, 433], 'y30': [766, 761, 498], 'y31': [701, 534, 700], 'y32': [689, 546, 688], 'y33': [677, 682, 570], 'y40': [552, 553], 'y41': [565, 809, 564], 'y42': [755, 541], 'y43': [558, 559], 'y50': [725, 724], 'y51': [731, 730], 'y52': [742, 493, 737], 'y53': [510, 713, 754], 'y60': [480, 522, 706], 'y61': [445, 444, 808], 'y62': [462, 676], 'y63': [694, 486]}",260648.00000000332